3.19854 0.00099 0.00000 168 168 168
3.19846 -0.00324 0.12567 172 172 172
3.19293 0.00464 0.25129 174 174 174
3.17611 0.00262 0.37592 167 167 167
3.15322 -0.00145 0.49942 172 172 172
3.13686 0.00291 0.62396 171 171 171
3.11677 -0.00046 0.74827 170 170 170
3.07796 0.00032 0.86807 180 180 180
3.04302 -0.00115 0.98874 180 180 180
3.00567 -0.00196 1.10885 176 176 176
2.95641 -0.00352 1.22459 179 179 179
2.90308 0.00296 1.33834 190 190 190
2.85224 -0.00001 1.45329 180 180 180
2.79369 0.00186 1.56454 177 177 177
2.72864 0.00142 1.67211 179 179 179
2.65932 -0.00244 1.77690 183 183 183
2.58452 -0.00520 1.87776 182 182 182
2.51377 0.00200 1.98170 188 188 188
2.43266 0.00265 2.07769 183 183 183
2.34835 -0.00157 2.17079 185 185 185
2.26093 0.00421 2.26093 189 189 189
2.17111 0.00257 2.34869 191 191 191
2.08019 -0.00248 2.43558 193 193 193
1.97965 0.00212 2.51117 188 188 188
1.88101 -0.00016 2.58899 186 186 186
1.77622 0.00230 2.65829 193 193 193
1.67099 0.00375 2.72680 194 194 194
1.56588 0.00080 2.79609 192 192 192
1.45117 -0.00034 2.84808 193 193 193
1.34034 0.00059 2.90742 188 188 188
1.22531 0.00275 2.95816 193 193 193
1.10747 0.00203 3.00192 191 191 191
0.98856 0.00020 3.04248 196 196 196
0.86841 -0.00137 3.07915 195 195 195
0.74692 -0.00307 3.11117 189 189 189
0.62635 0.00042 3.14889 198 198 198
0.50130 -0.00094 3.16508 196 196 196
0.37616 0.00118 3.17815 196 196 196
0.25121 0.00102 3.19191 193 193 193
0.12550 0.00186 3.19418 198 198 198
0.00000 0.00062 3.20401 200 200 200
-0.12561 0.00158 3.19699 201 201 201
-0.25134 0.00369 3.19358 198 198 198
-0.37703 -0.00420 3.18553 198 198 198
-0.49977 0.00028 3.15541 191 191 191
-0.62674 0.00165 3.15081 203 203 203
-0.74573 0.00158 3.10620 193 193 193
-0.86865 -0.00112 3.08000 190 190 190
-0.98961 -0.00161 3.04569 193 193 193
-1.10650 0.00031 2.99930 199 199 199
-1.22652 0.00580 2.96108 197 197 197
-1.33690 -0.00130 2.89996 186 186 186
-1.45196 0.00229 2.84963 195 195 195
-1.56232 0.00120 2.78972 190 190 190
-1.67448 0.00103 2.73250 188 188 188
-1.77780 0.00229 2.66066 189 189 189
-1.88226 0.00066 2.59071 186 186 186
-1.98256 0.00249 2.51487 195 195 195
-2.08057 0.00378 2.43603 185 185 185
-2.17125 -0.00036 2.34884 189 189 189
-2.25709 0.00655 2.25709 192 192 192
-2.35351 -0.00047 2.17556 180 180 180
-2.43640 0.00172 2.08088 190 190 190
-2.51491 -0.00346 1.98260 185 185 185
-2.59314 0.00011 1.88403 182 182 182
-2.65379 -0.00355 1.77320 180 180 180
-2.72782 -0.00003 1.67161 184 184 184
-2.79444 -0.00004 1.56496 183 183 183
-2.85339 -0.00357 1.45388 183 183 183
-2.90817 -0.00445 1.34069 186 186 186
-2.95224 -0.00367 1.22286 181 181 181
-3.00089 -0.00528 1.10709 183 183 183
-3.04274 0.00107 0.98865 174 174 174
-3.07778 0.00395 0.86803 176 176 176
-3.10762 -0.00205 0.74607 174 174 174
-3.14202 -0.00098 0.62499 173 173 173
-3.16339 -0.00052 0.50103 168 168 168
-3.17419 -0.00422 0.37569 172 172 172
-3.19283 -0.00022 0.25128 167 167 167
-3.19658 0.00189 0.12559 172 172 172
-3.20105 -0.00337 0.00000 172 172 172
-3.19562 -0.00002 -0.12556 172 172 172
-3.18815 0.00467 -0.25091 172 172 172
-3.17930 0.00413 -0.37630 168 168 168
-3.16231 0.00091 -0.50086 165 165 165
-3.13436 0.00035 -0.62346 164 164 164
-3.11185 -0.00599 -0.74709 161 161 161
-3.08117 0.00402 -0.86898 158 158 158
-3.04583 0.00417 -0.98965 167 167 167
-3.00559 0.00143 -1.10882 162 162 162
-2.96044 -0.00233 -1.22626 161 161 161
-2.90225 0.00238 -1.33795 162 162 162
-2.84845 0.00217 -1.45136 157 157 157
-2.78995 -0.00123 -1.56244 159 159 159
-2.72718 -0.00448 -1.67122 151 151 151
-2.66053 -0.00010 -1.77771 147 147 147
-2.58769 0.00401 -1.88007 154 154 154
-2.51446 -0.00265 -1.98224 144 144 144
-2.43243 0.00050 -2.07749 152 152 152
-2.34817 0.00020 -2.17063 149 149 149
-2.25867 0.00273 -2.25867 150 150 150
-2.17199 0.00162 -2.34964 154 154 154
-2.07632 0.00188 -2.43106 149 149 149
-1.98122 0.00196 -2.51316 150 150 150
-1.88058 0.00105 -2.58839 145 145 145
-1.77759 0.00020 -2.66034 150 150 150
-1.67426 -0.00056 -2.73214 141 141 141
-1.56527 -0.00167 -2.79499 145 145 145
-1.45125 0.00028 -2.84824 142 142 142
-1.33795 -0.00509 -2.90223 144 144 144
-1.22576 -0.00024 -2.95924 136 136 136
-1.10831 0.00019 -3.00421 141 141 141
-0.98580 -0.00040 -3.03398 137 137 137
-0.86856 0.00070 -3.07967 138 138 138
-0.74736 -0.00607 -3.11299 135 135 135
-0.62408 -0.00348 -3.13746 141 141 141
-0.50134 0.00425 -3.16532 141 141 141
-0.37636 0.00013 -3.17983 140 140 140
-0.25104 -0.00075 -3.18981 138 138 138
-0.12544 0.00280 -3.19264 139 139 139
-0.00000 0.00079 -3.19973 141 141 141
0.12550 0.00136 -3.19429 139 139 139
0.25142 0.00060 -3.19460 140 140 140
0.37673 -0.00133 -3.18300 141 141 141
0.50094 0.00171 -3.16281 137 137 137
0.62397 -0.00440 -3.13691 141 141 141
0.74692 -0.00246 -3.11116 129 129 129
0.86919 -0.00386 -3.08193 144 144 144
0.99093 -0.00076 -3.04977 142 142 142
1.10581 0.00561 -2.99744 138 138 138
1.22523 0.00228 -2.95797 140 140 140
1.34071 0.00227 -2.90823 139 139 139
1.44993 0.00098 -2.84565 140 140 140
1.56122 -0.00012 -2.78775 147 147 147
1.67343 -0.00540 -2.73079 138 138 138
1.77658 -0.00386 -2.65885 146 146 146
1.88379 0.00214 -2.59281 143 143 143
1.98018 0.00216 -2.51185 149 149 149
2.07875 -0.00068 -2.43391 151 151 151
2.17274 0.00313 -2.35046 150 150 150
2.26252 -0.00375 -2.26252 145 145 145
2.35094 -0.00351 -2.17318 153 153 153
2.43530 -0.00164 -2.07994 150 150 150
2.51082 0.00831 -1.97937 148 148 148
2.58804 0.00217 -1.88032 153 153 153
2.66535 -0.00058 -1.78093 156 156 156
2.72886 0.00145 -1.67225 157 157 157
2.78857 0.00025 -1.56167 156 156 156
2.84609 -0.00201 -1.45016 159 159 159
2.90867 -0.00018 -1.34091 158 158 158
2.95677 -0.00060 -1.22473 161 161 161
2.99984 -0.00351 -1.10670 157 157 157
3.04730 -0.00382 -0.99013 156 156 156
3.07375 -0.00198 -0.86689 156 156 156
3.11884 0.00143 -0.74877 161 161 161
3.14690 -0.00087 -0.62596 160 160 160
3.16169 -0.00508 -0.50076 169 169 169
3.17815 -0.00023 -0.37616 160 160 160
3.18537 0.00003 -0.25069 167 167 167
3.19860 0.00287 -0.12567 158 158 158
3.20804 0.39801 0.00063 169 169 169
3.20873 0.39618 0.12632 171 171 171
3.19775 0.39806 0.25155 166 166 166
3.18917 0.40277 0.37697 172 172 172
3.17098 0.39981 0.50136 173 173 173
3.14540 0.40135 0.62440 173 173 173
3.12505 0.39706 0.74861 161 161 161
3.08792 0.40153 0.86883 173 173 173
3.04599 0.40018 0.98725 172 172 172
3.00767 0.40450 1.10672 173 173 173
2.96422 0.40343 1.22452 176 176 176
2.91169 0.39822 1.33856 184 184 184
2.86215 0.39961 1.45413 176 176 176
2.80164 0.39972 1.56431 188 188 188
2.73295 0.40114 1.66957 183 183 183
2.67007 0.39781 1.77837 179 179 179
2.59414 0.40174 1.87849 184 184 184
2.51792 0.40064 1.97812 189 189 189
2.44328 0.40111 2.07928 177 177 177
2.36130 0.39628 2.17462 188 188 188
2.27286 0.39876 2.26400 191 191 191
2.18291 0.40150 2.35183 190 190 190
2.08667 0.39965 2.43269 191 191 191
1.98797 0.39839 2.51033 192 192 192
1.89048 0.40289 2.58960 192 192 192
1.78771 0.39881 2.66193 184 184 184
1.68277 0.40327 2.73118 189 189 189
1.57004 0.39695 2.78721 196 196 196
1.46398 0.40214 2.85524 194 194 194
1.35127 0.40375 2.91119 190 190 190
1.23292 0.40255 2.95426 200 200 200
1.11624 0.40623 3.00063 187 187 187
0.99896 0.40116 3.04591 203 203 203
0.87729 0.39808 3.07765 192 192 192
0.75618 0.39801 3.11086 198 198 198
0.63459 0.40223 3.14325 198 198 198
0.51010 0.39922 3.16141 192 192 192
0.38565 0.39748 3.17886 194 194 194
0.26103 0.39499 3.19685 195 195 195
0.13517 0.40280 3.19958 195 195 195
0.00948 0.40288 3.20254 200 200 200
-0.11623 0.39993 3.20020 199 199 199
-0.24127 0.39863 3.18679 196 196 196
-0.36700 0.39890 3.18151 198 198 198
-0.49104 0.40580 3.16079 197 197 197
-0.61443 0.40351 3.13726 192 192 192
-0.73626 0.39835 3.10689 192 192 192
-0.85932 0.40065 3.08118 185 185 185
-0.97889 0.39872 3.04253 188 188 188
-1.09681 0.40233 2.99937 193 193 193
-1.21546 0.39646 2.95790 187 187 187
-1.32889 0.39631 2.90378 195 195 195
-1.44169 0.39531 2.84872 184 184 184
-1.55729 0.40157 2.79831 191 191 191
-1.66103 0.40158 2.72666 195 195 195
-1.76942 0.39911 2.66294 187 187 187
-1.86756 0.40203 2.58415 190 190 190
-1.97319 0.40142 2.51564 187 187 187
-2.06727 0.39852 2.43219 188 188 188
-2.16357 0.40055 2.35142 182 182 182
-2.25020 0.39631 2.26031 185 185 185
-2.34080 0.40043 2.17321 184 184 184
-2.42447 0.40000 2.07941 181 181 181
-2.50308 0.40173 1.98137 185 185 185
-2.58462 0.40239 1.88535 183 183 183
-2.64987 0.39640 1.77755 181 181 181
-2.72057 0.39685 1.67360 182 182 182
-2.78221 0.39653 1.56405 170 170 170
-2.83605 0.40281 1.45050 181 181 181
-2.89305 0.40167 1.33871 177 177 177
-2.94773 0.40150 1.22554 178 178 178
-2.98544 0.39600 1.10551 176 176 176
-3.03305 0.39398 0.98920 174 174 174
-3.07140 0.40059 0.86952 175 175 175
-3.09888 0.40034 0.74688 169 169 169
-3.12552 0.40026 0.62422 169 169 169
-3.14570 0.39900 0.50036 168 168 168
-3.16661 0.40268 0.37654 169 169 169
-3.18069 0.40156 0.25170 170 170 170
-3.19095 0.39831 0.12637 168 168 168
-3.18982 0.40021 0.00063 166 166 166
-3.19119 0.40117 -0.12513 163 163 163
-3.18391 0.40320 -0.25070 168 168 168
-3.16954 0.40119 -0.37564 168 168 168
-3.15102 0.40046 -0.49995 165 165 165
-3.13071 0.40019 -0.62400 161 161 161
-3.10118 0.40402 -0.74618 162 162 162
-3.07418 0.40386 -0.86906 163 163 163
-3.03222 0.40142 -0.98769 161 161 161
-2.99536 0.40482 -1.10792 157 157 157
-2.94770 0.40001 -1.22428 153 153 153
-2.89723 0.40016 -1.33939 153 153 153
-2.84568 0.40094 -1.45415 158 158 158
-2.78473 0.40078 -1.56421 157 157 157
-2.71676 0.39984 -1.67002 152 152 152
-2.65202 0.40217 -1.77773 152 152 152
-2.58020 0.40182 -1.88089 148 148 148
-2.50555 0.39685 -1.98207 153 153 153
-2.42746 0.39932 -2.08072 146 146 146
-2.33779 0.39969 -2.16917 144 144 144
-2.24950 0.40339 -2.25836 151 151 151
-2.16489 0.40164 -2.35160 145 145 145
-2.06228 0.39527 -2.42510 144 144 144
-1.97162 0.39752 -2.51240 144 144 144
-1.87222 0.40555 -2.58931 143 143 143
-1.76886 0.40091 -2.66086 137 137 137
-1.66008 0.40133 -2.72386 140 140 140
-1.55343 0.40164 -2.79016 142 142 142
-1.44687 0.39857 -2.85762 146 146 146
-1.32866 0.39896 -2.90202 135 135 135
-1.21277 0.40397 -2.95016 138 138 138
-1.09699 0.39861 -2.99860 142 142 142
-0.97756 0.39870 -3.03718 139 139 139
-0.85864 0.39800 -3.07749 142 142 142
-0.73708 0.39655 -3.10902 138 138 138
-0.61486 0.39844 -3.13816 139 139 139
-0.49096 0.40359 -3.15903 139 139 139
-0.36660 0.40205 -3.17684 138 138 138
-0.24113 0.40259 -3.18375 144 144 144
-0.11596 0.40144 -3.19199 134 134 134
0.00948 0.40093 -3.19062 141 141 141
0.13526 0.39881 -3.20073 142 142 142
0.26077 0.40044 -3.19227 141 141 141
0.38581 0.39740 -3.17892 142 142 142
0.51046 0.40399 -3.16242 146 146 146
0.63293 0.40137 -3.13366 127 127 127
0.75759 0.39706 -3.11545 141 141 141
0.87879 0.39566 -3.08171 138 138 138
1.00073 0.39820 -3.05011 141 141 141
1.11681 0.39944 -3.00091 142 142 142
1.23568 0.40890 -2.95968 142 142 142
1.35205 0.39937 -2.91162 142 142 142
1.45908 0.39880 -2.84437 142 142 142
1.57239 0.40017 -2.79015 153 153 153
1.68168 0.40384 -2.72816 143 143 143
1.78695 0.40056 -2.65954 148 148 148
1.88982 0.39970 -2.58744 143 143 143
1.99224 0.39986 -2.51449 145 145 145
2.08339 0.40016 -2.42760 148 148 148
2.18380 0.39840 -2.35153 150 150 150
2.27001 0.39926 -2.25990 151 151 151
2.36317 0.40312 -2.17510 156 156 156
2.44497 0.40235 -2.07947 151 151 151
2.52524 0.40039 -1.98264 153 153 153
2.60136 0.40036 -1.88248 161 161 161
2.66618 0.40001 -1.77453 159 159 159
2.73739 0.40135 -1.67104 150 150 150
2.80072 0.40057 -1.56254 150 150 150
2.86643 0.39992 -1.45506 153 153 153
2.91387 0.39696 -1.33832 158 158 158
2.96815 0.39745 -1.22490 155 155 155
3.01425 0.39352 -1.10789 153 153 153
3.05425 0.40081 -0.98868 164 164 164
3.08806 0.39824 -0.86762 157 157 157
3.12308 0.40152 -0.74688 153 153 153
3.14988 0.40002 -0.62404 161 161 161
3.16642 0.40196 -0.49938 161 161 161
3.18766 0.40100 -0.37554 164 164 164
3.20158 0.40347 -0.25060 161 161 161
3.20935 0.40432 -0.12510 169 169 169
3.21141 0.79671 0.00125 174 174 174
3.21406 0.80122 0.12679 169 169 169
3.21037 0.79798 0.25242 170 170 170
3.20047 0.80249 0.37781 177 177 177
3.18122 0.79993 0.50210 176 176 176
3.16142 0.79813 0.62632 174 174 174
3.13075 0.79869 0.74832 178 178 178
3.10043 0.79840 0.87031 167 167 167
3.06165 0.79632 0.98988 180 180 180
3.01531 0.79837 1.10666 176 176 176
2.97341 0.79744 1.22502 171 171 171
2.92501 0.80072 1.34096 174 174 174
2.86185 0.79947 1.44978 181 181 181
2.81307 0.80155 1.56602 182 182 182
2.74652 0.79776 1.67270 181 181 181
2.68074 0.80131 1.77980 184 184 184
2.61023 0.79713 1.88391 188 188 188
2.53612 0.80068 1.98562 176 176 176
2.45396 0.80054 2.08093 186 186 186
2.36652 0.80153 2.17131 180 180 180
2.28323 0.79852 2.26552 188 188 188
2.19122 0.80024 2.35118 186 186 186
2.09754 0.79743 2.43496 180 180 180
1.99666 0.79787 2.50995 184 184 184
1.90180 0.80262 2.59276 188 188 188
1.79666 0.79956 2.66176 194 194 194
1.69368 0.80189 2.73415 185 185 185
1.58414 0.80157 2.79608 191 191 191
1.46927 0.80446 2.84765 193 193 193
1.35719 0.79969 2.90409 192 192 192
1.24331 0.80407 2.95710 194 194 194
1.12518 0.79990 2.99978 199 199 199
1.00930 0.80158 3.04919 199 199 199
0.88785 0.79739 3.08210 197 197 197
0.76670 0.79827 3.11580 200 200 200
0.64318 0.79808 3.13941 196 196 196
0.51849 0.79733 3.15518 196 196 196
0.39523 0.79388 3.18030 192 192 192
0.27047 0.80469 3.19692 195 195 195
0.14462 0.80136 3.19943 193 193 193
0.01896 0.79712 3.19516 192 192 192
-0.10643 0.79348 3.19265 194 194 194
-0.23195 0.79829 3.18943 195 195 195
-0.35703 0.79531 3.17802 190 190 190
-0.48192 0.80442 3.16372 193 193 193
-0.60459 0.80045 3.13606 191 191 191
-0.72865 0.79718 3.11526 195 195 195
-0.85027 0.80048 3.08333 187 187 187
-0.96811 0.80241 3.03914 186 186 186
-1.08861 0.80005 3.00347 198 198 198
-1.20676 0.79597 2.96039 196 196 196
-1.31913 0.79779 2.90380 196 196 196
-1.43441 0.80269 2.85366 192 192 192
-1.54512 0.79973 2.79413 196 196 196
-1.65302 0.80187 2.72968 196 196 196
-1.76042 0.80024 2.66427 197 197 197
-1.86195 0.79995 2.59010 182 182 182
-1.96433 0.80446 2.51704 189 189 189
-2.05716 0.80048 2.43208 183 183 183
-2.15425 0.79755 2.35222 191 191 191
-2.24147 0.79627 2.26168 193 193 193
-2.33431 0.79664 2.17659 187 187 187
-2.41361 0.80151 2.07886 176 176 176
-2.49311 0.79906 1.98160 183 183 183
-2.57109 0.79783 1.88303 180 180 180
-2.63735 0.79680 1.77614 179 179 179
-2.70728 0.79863 1.67189 180 180 180
-2.77146 0.80378 1.56396 179 179 179
-2.83068 0.79933 1.45322 177 177 177
-2.88853 0.79956 1.34162 177 177 177
-2.93544 0.79828 1.22500 182 182 182
-2.98587 0.80136 1.10979 175 175 175
-3.02362 0.80366 0.98984 173 173 173
-3.05817 0.79999 0.86909 171 171 171
-3.09073 0.80478 0.74782 169 169 169
-3.12278 0.80338 0.62618 169 169 169
-3.14612 0.79742 0.50255 174 174 174
-3.16321 0.79856 0.37789 171 171 171
-3.16954 0.79531 0.25219 174 174 174
-3.18056 0.80188 0.12696 170 170 170
-3.17912 0.79832 0.00125 168 168 168
-3.17555 0.80339 -0.12426 166 166 166
-3.17114 0.79899 -0.24982 169 169 169
-3.15883 0.80277 -0.37487 160 160 160
-3.14417 0.79429 -0.49974 159 159 159
-3.12362 0.79681 -0.62385 163 163 163
-3.09182 0.80269 -0.74558 161 161 161
-3.06571 0.79715 -0.86872 162 162 162
-3.02992 0.79870 -0.98939 158 158 158
-2.97792 0.80194 -1.10436 160 160 160
-2.93518 0.79695 -1.22239 153 153 153
-2.89119 0.80377 -1.34035 155 155 155
-2.83136 0.79646 -1.45106 161 161 161
-2.76913 0.79836 -1.56016 151 151 151
-2.70299 0.80101 -1.66676 163 163 163
-2.64610 0.80025 -1.77948 156 156 156
-2.57483 0.80208 -1.88325 147 147 147
-2.49113 0.80103 -1.97755 146 146 146
-2.41042 0.79860 -2.07363 149 149 149
-2.33067 0.79842 -2.17072 153 153 153
-2.24448 0.80455 -2.26219 151 151 151
-2.14992 0.79859 -2.34503 150 150 150
-2.06129 0.79723 -2.43442 154 154 154
-1.96198 0.80117 -2.51156 148 148 148
-1.86271 0.80117 -2.58865 143 143 143
-1.76141 0.79755 -2.66326 149 149 149
-1.65283 0.79987 -2.72686 143 143 143
-1.54431 0.80216 -2.79017 139 139 139
-1.43489 0.79966 -2.85208 138 138 138
-1.32356 0.79557 -2.91089 137 137 137
-1.20302 0.79857 -2.94887 138 138 138
-1.08718 0.79739 -2.99709 133 133 133
-0.96954 0.80096 -3.04105 147 147 147
-0.85026 0.80144 -3.08076 143 143 143
-0.72878 0.79800 -3.11330 145 145 145
-0.60567 0.79605 -3.13899 144 144 144
-0.48116 0.79641 -3.15639 142 142 142
-0.35762 0.79915 -3.18045 148 148 148
-0.23243 0.79934 -3.19296 138 138 138
-0.10689 0.80373 -3.20176 140 140 140
0.01896 0.80128 -3.20225 139 139 139
0.14438 0.79829 -3.19093 144 144 144
0.26993 0.80217 -3.18768 138 138 138
0.39494 0.80421 -3.17542 135 135 135
0.51934 0.80165 -3.15803 138 138 138
0.64284 0.79957 -3.13520 139 139 139
0.76585 0.79497 -3.10977 142 142 142
0.88695 0.79870 -3.07640 140 140 140
1.00700 0.80078 -3.03961 139 139 139
1.12723 0.80387 -3.00284 142 142 142
1.24218 0.79657 -2.95186 136 136 136
1.35850 0.79815 -2.90444 142 142 142
1.47058 0.79940 -2.84771 150 150 150
1.58347 0.79589 -2.79238 146 146 146
1.68930 0.79681 -2.72450 143 143 143
1.79833 0.79920 -2.66177 144 144 144
1.90017 0.80119 -2.58801 145 145 145
1.99714 0.80202 -2.50806 143 143 143
2.09411 0.80112 -2.42844 146 146 146
2.19220 0.80624 -2.34974 147 147 147
2.28110 0.79616 -2.26088 152 152 152
2.36901 0.79957 -2.17111 149 149 149
2.45100 0.79603 -2.07591 150 150 150
2.52940 0.80598 -1.97782 149 149 149
2.60853 0.80051 -1.88019 154 154 154
2.67669 0.79769 -1.77459 153 153 153
2.75182 0.80043 -1.67345 141 141 141
2.80823 0.80046 -1.56082 152 152 152
2.87078 0.79743 -1.45183 159 159 159
2.91822 0.80050 -1.33533 151 151 151
2.97442 0.79726 -1.22294 153 153 153
3.02390 0.80321 -1.10733 154 154 154
3.06138 0.79933 -0.98729 155 155 155
3.10095 0.79959 -0.86796 158 158 158
3.13078 0.79391 -0.74583 162 162 162
3.15103 0.80554 -0.62176 158 158 158
3.17341 0.80098 -0.49837 164 164 164
3.18998 0.79938 -0.37407 172 172 172
3.20870 0.80334 -0.24979 167 167 167
3.21949 0.80194 -0.12450 163 163 163
3.22559 1.19847 0.00187 172 172 172
3.22771 1.20013 0.12758 169 169 169
3.22105 1.20031 0.25314 170 170 170
3.20924 1.19655 0.37835 176 176 176
3.18863 1.20014 0.50240 172 172 172
3.16810 1.20069 0.62639 176 176 176
3.14023 1.19867 0.74895 173 173 173
3.10653 1.20016 0.86999 173 173 173
3.06667 1.20376 0.98906 168 168 168
3.02821 1.20426 1.10855 173 173 173
2.98279 1.19951 1.22561 180 180 180
2.94080 1.19837 1.34450 182 182 182
2.88191 1.19934 1.45580 180 180 180
2.82146 1.20100 1.56605 188 188 188
2.75506 1.19826 1.67275 183 183 183
2.69364 1.20055 1.78271 182 182 182
2.61984 1.19976 1.88465 179 179 179
2.53782 1.20115 1.98012 192 192 192
2.46128 1.20045 2.07972 187 187 187
2.37777 1.19891 2.17358 184 184 184
2.28739 1.19762 2.26083 191 191 191
2.20184 1.19636 2.35306 197 197 197
2.10669 1.19950 2.43521 187 187 187
2.01063 1.19964 2.51628 188 188 188
1.91060 1.19795 2.59246 197 197 197
1.81013 1.20028 2.66839 191 191 191
1.70240 1.19775 2.73355 184 184 184
1.59155 1.19906 2.79302 194 194 194
1.48417 1.20277 2.85892 192 192 192
1.36656 1.19895 2.90450 194 194 194
1.25327 1.20310 2.95890 196 196 196
1.13517 1.19704 3.00184 192 192 192
1.01610 1.19981 3.04163 192 192 192
0.89731 1.19914 3.08270 197 197 197
0.77648 1.19957 3.11773 187 187 187
0.65239 1.20531 3.13876 189 189 189
0.52890 1.20166 3.16174 193 193 193
0.40439 1.19976 3.17839 202 202 202
0.27928 1.19992 3.18930 199 199 199
0.15393 1.19999 3.19619 204 204 204
0.02843 1.19749 3.19965 195 195 195
-0.09705 1.19647 3.19558 194 194 194
-0.22280 1.20104 3.19403 198 198 198
-0.34842 1.19838 3.18588 201 201 201
-0.47294 1.20089 3.16740 193 193 193
-0.59597 1.19805 3.14095 194 194 194
-0.71857 1.19900 3.11336 194 194 194
-0.84062 1.19953 3.08330 190 190 190
-0.96276 1.19625 3.05243 194 194 194
-1.08000 1.19832 3.00641 193 193 193
-1.19747 1.19913 2.96145 187 187 187
-1.31202 1.20057 2.90954 189 189 189
-1.42549 1.19613 2.85536 191 191 191
-1.53648 1.20035 2.79622 192 192 192
-1.64567 1.19979 2.73376 190 190 190
-1.74626 1.20042 2.65788 187 187 187
-1.85257 1.19781 2.59085 191 191 191
-1.95615 1.19795 2.51930 189 189 189
-2.05448 1.20098 2.44065 191 191 191
-2.14558 1.20257 2.35370 186 186 186
-2.23755 1.19883 2.26785 181 181 181
-2.32240 1.19660 2.17496 186 186 186
-2.40293 1.20088 2.07845 178 178 178
-2.48638 1.20219 1.98439 187 187 187
-2.55473 1.19414 1.87865 184 184 184
-2.63159 1.19403 1.77924 175 175 175
-2.70211 1.19853 1.67515 190 190 190
-2.76160 1.20426 1.56437 179 179 179
-2.81685 1.19951 1.45162 178 178 178
-2.87650 1.19849 1.34106 180 180 180
-2.92723 1.19846 1.22615 167 167 167
-2.97071 1.20038 1.10832 182 182 182
-3.01315 1.19920 0.99014 178 178 178
-3.05455 1.20460 0.87137 177 177 177
-3.07836 1.19973 0.74775 177 177 177
-3.10949 1.19506 0.62605 168 168 168
-3.12665 1.19912 0.50159 178 178 178
-3.15240 1.20140 0.37835 181 181 181
-3.15243 1.20037 0.25221 175 175 175
-3.17208 1.19841 0.12762 166 166 166
-3.17016 1.20011 0.00188 162 162 162
-3.17149 1.19812 -0.12385 166 166 166
-3.16177 1.20209 -0.24920 163 163 163
-3.14711 1.19988 -0.37397 160 160 160
-3.13003 1.19879 -0.49838 159 159 159
-3.11466 1.20254 -0.62332 162 162 162
-3.08010 1.19523 -0.74442 165 165 165
-3.05120 1.20296 -0.86667 159 159 159
-3.01043 1.19826 -0.98551 159 159 159
-2.97028 1.20216 -1.10441 157 157 157
-2.92563 1.20234 -1.22174 153 153 153
-2.87591 1.20112 -1.33705 147 147 147
-2.82091 1.20285 -1.44994 159 159 159
-2.76764 1.20083 -1.56400 145 145 145
-2.69382 1.20225 -1.66632 149 149 149
-2.63382 1.20344 -1.77698 157 157 157
-2.56615 1.20346 -1.88320 148 148 148
-2.48537 1.20164 -1.97984 155 155 155
-2.40164 1.20476 -2.07360 151 151 151
-2.32098 1.19795 -2.16990 146 146 146
-2.23162 1.20269 -2.25817 144 144 144
-2.14276 1.20424 -2.34691 149 149 149
-2.04752 1.19706 -2.42875 149 149 149
-1.95153 1.19580 -2.50969 147 147 147
-1.85262 1.19706 -2.58717 146 146 146
-1.75021 1.20208 -2.66004 150 150 150
-1.64360 1.19862 -2.72663 150 150 150
-1.53293 1.20187 -2.78613 141 141 141
-1.42270 1.20642 -2.84612 139 139 139
-1.31004 1.20215 -2.90149 135 135 135
-1.19552 1.20078 -2.95301 147 147 147
-1.07988 1.20092 -3.00233 137 137 137
-0.96141 1.20086 -3.04453 142 142 142
-0.83987 1.20204 -3.07687 133 133 133
-0.71797 1.20286 -3.10709 137 137 137
-0.59480 1.19942 -3.13129 134 134 134
-0.47240 1.20037 -3.16025 139 139 139
-0.34765 1.20014 -3.17562 136 136 136
-0.22243 1.19752 -3.18561 135 135 135
-0.09705 1.20098 -3.19166 140 140 140
0.02843 1.19815 -3.20300 134 134 134
0.15404 1.20186 -3.19522 139 139 139
0.27934 1.19928 -3.18627 143 143 143
0.40400 1.20126 -3.17132 136 136 136
0.52927 1.20041 -3.16030 136 136 136
0.65225 1.19650 -3.13427 139 139 139
0.77531 1.19842 -3.10910 140 140 140
0.89729 1.19902 -3.07886 141 141 141
1.01881 1.20082 -3.04620 140 140 140
1.13588 1.20423 -3.00001 148 148 148
1.25576 1.20297 -2.96116 149 149 149
1.36765 1.20430 -2.90312 140 140 140
1.48270 1.20123 -2.85230 147 147 147
1.59172 1.19984 -2.78958 148 148 148
1.70013 1.19944 -2.72609 138 138 138
1.80730 1.20052 -2.66040 145 145 145
1.91032 1.20185 -2.58833 144 144 144
2.00958 1.20186 -2.51120 148 148 148
2.10582 1.19878 -2.43043 146 146 146
2.20130 1.19702 -2.34872 145 145 145
2.29113 1.19912 -2.26082 144 144 144
2.37901 1.20143 -2.17098 148 148 148
2.45900 1.19886 -2.07403 140 140 140
2.54046 1.20000 -1.97845 152 152 152
2.61648 1.20181 -1.87845 148 148 148
2.69138 1.20083 -1.77745 142 142 142
2.75296 1.20284 -1.66772 153 153 153
2.82087 1.20065 -1.56197 158 158 158
2.87818 1.20261 -1.45014 149 149 149
2.93464 1.20162 -1.33791 155 155 155
2.97984 1.19597 -1.22064 153 153 153
3.02956 1.19679 -1.10530 159 159 159
3.07610 1.19813 -0.98837 156 156 156
3.10910 1.20191 -0.86696 167 167 167
3.13852 1.20041 -0.74479 157 157 157
3.17197 1.20464 -0.62341 158 158 158
3.18542 1.19637 -0.49814 169 169 169
3.20497 1.20316 -0.37409 165 165 165
3.21823 1.19909 -0.24917 171 171 171
3.23111 1.20682 -0.12396 164 164 164
3.24114 1.60011 0.00250 169 169 169
3.22924 1.59949 0.12789 164 164 164
3.22607 1.60037 0.25342 169 169 169
3.21784 1.59936 0.37887 180 180 180
3.20305 1.59988 0.50381 167 167 167
3.17631 1.60265 0.62677 178 178 178
3.15133 1.60174 0.74997 175 175 175
3.12352 1.59936 0.87274 173 173 173
3.08023 1.60008 0.99102 175 175 175
3.04177 1.59916 1.11069 177 177 177
2.99508 1.59958 1.22741 177 177 177
2.94345 1.59888 1.34198 186 186 186
2.88309 1.59925 1.45221 177 177 177
2.82897 1.59952 1.56559 179 179 179
2.76651 1.59912 1.67460 180 180 180
2.70239 1.59758 1.78287 181 181 181
2.62208 1.59788 1.88003 178 178 178
2.55634 1.60494 1.98789 184 184 184
2.46863 1.59774 2.07856 184 184 184
2.38873 1.59932 2.17560 192 192 192
2.29783 1.59852 2.26245 185 185 185
2.20234 1.59927 2.34400 192 192 192
2.12162 1.59361 2.44224 184 184 184
2.01930 1.59858 2.51591 190 190 190
1.91848 1.60090 2.59092 191 191 191
1.81978 1.59869 2.66930 185 185 185
1.71050 1.60277 2.73196 195 195 195
1.60010 1.59924 2.79204 193 193 193
1.48959 1.59741 2.85164 189 189 189
1.37598 1.59998 2.90505 191 191 191
1.26345 1.59981 2.96128 192 192 192
1.14418 1.59716 3.00124 198 198 198
1.02838 1.60026 3.05094 195 195 195
0.90650 1.59735 3.08238 191 191 191
0.78622 1.59792 3.11953 190 190 190
0.66091 1.59999 3.13464 191 191 191
0.53893 1.60181 3.16596 195 195 195
0.41387 1.60111 3.17919 193 193 193
0.28931 1.59902 3.19721 195 195 195
0.16341 1.60036 3.19731 190 190 190
0.03788 1.60096 3.20371 195 195 195
-0.08794 1.59822 3.20484 196 196 196
-0.21321 1.60065 3.19292 189 189 189
-0.33828 1.60013 3.18065 189 189 189
-0.46326 1.60078 3.16658 191 191 191
-0.58645 1.59924 3.14124 190 190 190
-0.70749 1.59936 3.10720 202 202 202
-0.83071 1.60108 3.08228 189 189 189
-0.95201 1.59979 3.04909 199 199 199
-1.07185 1.59729 3.01056 199 199 199
-1.18515 1.59890 2.95516 188 188 188
-1.30172 1.59934 2.90832 196 196 196
-1.41544 1.60124 2.85480 199 199 199
-1.52723 1.59689 2.79721 187 187 187
-1.63269 1.60155 2.72864 191 191 191
-1.74128 1.59844 2.66521 190 190 190
-1.84066 1.60140 2.58810 187 187 187
-1.94393 1.59946 2.51642 196 196 196
-2.03966 1.59837 2.43499 194 194 194
-2.13123 1.59853 2.34904 180 180 180
-2.22161 1.59967 2.26200 186 186 186
-2.31433 1.60200 2.17687 190 190 190
-2.39517 1.59815 2.08052 187 187 187
-2.47717 1.60363 1.98521 180 180 180
-2.54830 1.60437 1.88147 185 185 185
-2.62478 1.60154 1.78163 181 181 181
-2.69247 1.60000 1.67566 190 190 190
-2.75809 1.59612 1.56832 180 180 180
-2.81924 1.59410 1.45828 177 177 177
-2.86440 1.59469 1.34047 182 182 182
-2.91206 1.59686 1.22441 177 177 177
-2.96616 1.59850 1.11075 173 173 173
-3.00700 1.59935 0.99184 176 176 176
-3.03887 1.60150 0.87023 173 173 173
-3.07136 1.59854 0.74896 175 175 175
-3.10493 1.59484 0.62764 171 171 171
-3.12157 1.59987 0.50291 170 170 170
-3.13895 1.60185 0.37850 168 168 168
-3.15455 1.60025 0.25375 173 173 173
-3.16292 1.59539 0.12826 172 172 172
-3.16994 1.60073 0.00250 165 165 165
-3.16798 1.59960 -0.12346 160 160 160
-3.15139 1.60068 -0.24850 168 168 168
-3.14137 1.60032 -0.37379 163 163 163
-3.12352 1.60300 -0.49822 165 165 165
-3.10689 1.60042 -0.62303 156 156 156
-3.07485 1.60229 -0.74480 164 164 164
-3.04800 1.59692 -0.86781 154 154 154
-3.00527 1.59922 -0.98628 159 159 159
-2.96192 1.59773 -1.10419 162 162 162
-2.92158 1.59952 -1.22335 150 150 150
-2.86571 1.60381 -1.33608 160 160 160
-2.81258 1.60222 -1.44988 146 146 146
-2.75801 1.60023 -1.56327 154 154 154
-2.68928 1.59981 -1.66871 150 150 150
-2.62188 1.59836 -1.77470 150 150 150
-2.55317 1.59962 -1.88001 148 148 148
-2.47494 1.60137 -1.97845 146 146 146
-2.39531 1.59706 -2.07565 150 150 150
-2.31151 1.60482 -2.16926 142 142 142
-2.21955 1.59764 -2.25494 146 146 146
-2.12917 1.59952 -2.34180 154 154 154
-2.03900 1.59610 -2.42922 145 145 145
-1.94103 1.59944 -2.50773 139 139 139
-1.84364 1.59732 -2.58720 147 147 147
-1.73672 1.60548 -2.65338 145 145 145
-1.63483 1.59979 -2.72712 134 134 134
-1.52656 1.59660 -2.79102 147 147 147
-1.41560 1.60154 -2.85012 144 144 144
-1.29822 1.60298 -2.89574 139 139 139
-1.18973 1.59848 -2.96123 143 143 143
-1.06975 1.59587 -2.99987 145 145 145
-0.95225 1.59952 -3.04480 141 141 141
-0.82966 1.60060 -3.07358 141 141 141
-0.70817 1.60021 -3.10505 140 140 140
-0.58702 1.60126 -3.13911 134 134 134
-0.46283 1.59727 -3.15886 142 142 142
-0.33834 1.60042 -3.17619 137 137 137
-0.21325 1.59964 -3.18850 140 140 140
-0.08754 1.59665 -3.18980 132 132 132
0.03788 1.59682 -3.19605 140 140 140
0.16346 1.60083 -3.19364 140 140 140
0.28947 1.59933 -3.19418 142 142 142
0.41463 1.60352 -3.18061 138 138 138
0.53801 1.59896 -3.15520 138 138 138
0.66193 1.59791 -3.13481 133 133 133
0.78573 1.59739 -3.11251 145 145 145
0.90712 1.59866 -3.07957 134 134 134
1.02560 1.59896 -3.03739 149 149 149
1.14694 1.59970 -3.00374 143 143 143
1.26125 1.60241 -2.95098 141 141 141
1.37942 1.60185 -2.90751 150 150 150
1.48975 1.60174 -2.84695 138 138 138
1.60299 1.59797 -2.79219 148 148 148
1.71111 1.60033 -2.72796 146 146 146
1.81715 1.60329 -2.66036 148 148 148
1.91796 1.60331 -2.58520 146 146 146
2.01936 1.59834 -2.51099 150 150 150
2.10977 1.60026 -2.42337 145 145 145
2.20837 1.59683 -2.34551 139 139 139
2.30146 1.60030 -2.26108 149 149 149
2.38960 1.60599 -2.17140 151 151 151
2.47526 1.60140 -2.07922 151 151 151
2.55067 1.59803 -1.97842 148 148 148
2.62641 1.59595 -1.87818 146 146 146
2.69498 1.60131 -1.77292 149 149 149
2.76718 1.60304 -1.67002 146 146 146
2.83601 1.60146 -1.56453 156 156 156
2.88618 1.60003 -1.44878 161 161 161
2.94237 1.60156 -1.33649 153 153 153
2.99040 1.59888 -1.22047 156 156 156
3.04037 1.59613 -1.10517 153 153 153
3.08417 1.60284 -0.98730 159 159 159
3.12765 1.59935 -0.86890 158 158 158
3.15022 1.60044 -0.74471 158 158 158
3.17506 1.59387 -0.62152 163 163 163
3.19517 1.59642 -0.49756 171 171 171
3.21658 1.59617 -0.37372 165 165 165
3.23236 1.59937 -0.24891 168 168 168
3.23543 1.59767 -0.12313 169 169 169
3.24094 1.99701 0.00313 166 166 166
3.24280 1.99966 0.12868 158 158 158
3.24181 2.00104 0.25454 170 170 170
3.22761 1.99791 0.37954 174 174 174
3.21255 2.00031 0.50445 173 173 173
3.18508 2.00198 0.62727 173 173 173
3.15833 2.00142 0.75001 169 169 169
3.12960 2.00342 0.87242 175 175 175
3.09336 2.00038 0.99284 180 180 180
3.05343 2.00109 1.11214 180 180 180
3.00939 1.99976 1.23005 180 180 180
2.94958 2.00064 1.34108 179 179 179
2.89831 1.99895 1.45578 179 179 179
2.83795 2.00233 1.56596 179 179 179
2.77769 2.00009 1.67630 183 183 183
2.71367 1.99579 1.78472 176 176 176
2.63248 2.00198 1.88136 183 183 183
2.56234 2.00070 1.98581 189 189 189
2.48478 1.99881 2.08492 184 184 184
2.39617 1.99870 2.17438 189 189 189
2.31332 2.00407 2.26912 192 192 192
2.21910 1.99634 2.35255 194 194 194
2.12788 2.00124 2.43915 188 188 188
2.02833 1.99923 2.51602 197 197 197
1.92765 2.00613 2.59118 185 185 185
1.82204 1.99767 2.65918 196 196 196
1.72007 2.00130 2.73281 193 193 193
1.61259 2.00037 2.79812 191 191 191
1.49946 1.99597 2.85312 193 193 193
1.38584 2.00186 2.90661 191 191 191
1.27354 2.00131 2.96348 198 198 198
1.15550 1.99979 3.00700 200 200 200
1.03605 1.99697 3.04614 198 198 198
0.91571 1.99705 3.08223 198 198 198
0.79434 2.00482 3.11470 201 201 201
0.67189 1.99921 3.14305 193 193 193
0.54763 2.00439 3.16198 191 191 191
0.42396 1.99909 3.18540 190 190 190
0.29863 2.00187 3.19631 196 196 196
0.17275 2.00074 3.19565 199 199 199
0.04732 1.99756 3.20882 197 197 197
-0.07815 1.99962 3.19659 195 195 195
-0.20425 2.00103 3.19954 200 200 200
-0.32872 1.99887 3.18023 193 193 193
-0.45334 2.00465 3.16416 195 195 195
-0.57830 2.00123 3.14830 199 199 199
-0.69947 2.00277 3.11372 197 197 197
-0.82143 1.99773 3.08348 192 192 192
-0.94165 2.00135 3.04687 197 197 197
-1.06125 1.99793 3.00802 201 201 201
-1.17859 1.99779 2.96273 188 188 188
-1.29060 1.99778 2.90529 189 189 189
-1.40658 1.99986 2.85656 196 196 196
-1.51979 1.99697 2.80139 194 194 194
-1.62574 1.99955 2.73331 190 190 190
-1.73110 2.00456 2.66471 183 183 183
-1.83199 2.00174 2.58977 188 188 188
-1.93395 1.99971 2.51636 188 188 188
-2.03144 2.00469 2.43703 182 182 182
-2.12847 1.99932 2.35688 181 181 181
-2.21629 2.00207 2.26673 194 194 194
-2.30634 1.99803 2.17882 183 183 183
-2.38868 1.99535 2.08367 184 184 184
-2.47041 2.00726 1.98794 182 182 182
-2.53898 2.00234 1.88218 182 182 182
-2.61559 1.99879 1.78242 179 179 179
-2.68053 2.00004 1.67475 182 182 182
-2.74748 1.99969 1.56829 180 180 180
-2.80363 1.99944 1.45575 179 179 179
-2.85992 1.99929 1.34338 186 186 186
-2.90915 1.99901 1.22773 180 180 180
-2.95494 2.00249 1.11072 173 173 173
-2.99657 1.99798 0.99215 178 178 178
-3.03088 2.00374 0.87127 177 177 177
-3.06546 1.99945 0.75044 176 176 176
-3.08760 2.00337 0.62670 178 178 178
-3.11481 1.99907 0.50396 169 169 169
-3.13554 1.99632 0.37984 171 171 171
-3.13850 1.99966 0.25385 170 170 170
-3.14453 1.99713 0.12853 173 173 173
-3.15498 2.00305 0.00313 166 166 166
-3.15476 2.00065 -0.12269 161 161 161
-3.14673 2.00442 -0.24825 164 164 164
-3.12719 1.99902 -0.37260 162 162 162
-3.11932 2.00039 -0.49842 157 157 157
-3.08600 1.99753 -0.62013 165 165 165
-3.06779 2.00236 -0.74475 161 161 161
-3.03205 2.00040 -0.86535 156 156 156
-2.99357 2.00527 -0.98492 158 158 158
-2.95467 1.99284 -1.10437 152 152 152
-2.90959 2.00017 -1.22167 155 155 155
-2.85975 1.99629 -1.33705 149 149 149
-2.80452 2.00162 -1.44996 163 163 163
-2.74202 2.00139 -1.55898 164 164 164
-2.68155 1.99911 -1.66913 157 157 157
-2.61054 1.99710 -1.77280 149 149 149
-2.54086 2.00186 -1.87729 156 156 156
-2.46678 1.99960 -1.97883 146 146 146
-2.38540 1.99929 -2.07462 150 150 150
-2.30089 2.00094 -2.16753 146 146 146
-2.21658 2.00109 -2.26077 148 148 148
-2.12804 1.99873 -2.35016 152 152 152
-2.02863 2.00279 -2.42750 151 151 151
-1.93435 1.99933 -2.51060 147 147 147
-1.83714 1.99718 -2.59061 146 146 146
-1.72854 1.99935 -2.65464 142 142 142
-1.62361 2.00027 -2.72357 148 148 148
-1.51587 2.00257 -2.78815 141 141 141
-1.40864 1.99686 -2.85436 139 139 139
-1.29094 1.99912 -2.89979 134 134 134
-1.17758 2.00284 -2.95405 147 147 147
-1.05923 2.00031 -2.99630 140 140 140
-0.94263 2.00193 -3.04361 146 146 146
-0.82152 2.00231 -3.07755 143 143 143
-0.69938 1.99745 -3.10709 135 135 135
-0.57595 1.99982 -3.13023 143 143 143
-0.45318 1.99952 -3.15690 145 145 145
-0.32858 2.00106 -3.17285 139 139 139
-0.20346 1.99750 -3.18325 137 137 137
-0.07821 2.00347 -3.19170 138 138 138
0.04732 2.00417 -3.19920 140 140 140
0.17285 2.00071 -3.19181 144 144 144
0.29808 2.00185 -3.18316 134 134 134
0.42387 1.99844 -3.17832 143 143 143
0.54749 2.00249 -3.15482 135 135 135
0.67173 2.00186 -3.13603 145 145 145
0.79398 1.99958 -3.10696 136 136 136
0.91709 2.00148 -3.08086 144 144 144
1.03641 2.00144 -3.04098 144 144 144
1.15499 1.99998 -2.99934 140 140 140
1.27221 2.00129 -2.95402 145 145 145
1.38646 2.00228 -2.90170 143 143 143
1.50303 2.00096 -2.85387 147 147 147
1.60926 1.99645 -2.78593 144 144 144
1.72082 1.99741 -2.72778 144 144 144
1.82751 1.99799 -2.66113 146 146 146
1.92816 2.00029 -2.58563 149 149 149
2.02870 1.99897 -2.51025 145 145 145
2.12660 2.00174 -2.43141 139 139 139
2.21983 1.99789 -2.34709 147 147 147
2.30754 2.00373 -2.25710 145 145 145
2.39397 1.99898 -2.16609 144 144 144
2.47831 2.00065 -2.07314 152 152 152
2.56075 2.00225 -1.97831 154 154 154
2.63287 2.00048 -1.87539 155 155 155
2.71097 2.00142 -1.77667 155 155 155
2.77767 1.99845 -1.67004 150 150 150
2.83653 1.99638 -1.55891 159 159 159
2.89988 1.99801 -1.45033 158 158 158
2.95045 1.99812 -1.33524 157 157 157
3.00651 1.99820 -1.22261 156 156 156
3.05057 2.00026 -1.10483 157 157 157
3.08622 2.00124 -0.98427 155 155 155
3.12852 1.99902 -0.86586 153 153 153
3.15910 2.00041 -0.74395 163 163 163
3.19067 1.99906 -0.62213 165 165 165
3.20699 2.00333 -0.49732 160 160 160
3.22858 1.99678 -0.37340 162 162 162
3.23454 2.00210 -0.24771 167 167 167
3.23983 2.00108 -0.12231 168 168 168
3.25543 2.39731 0.00375 168 168 168
3.25294 2.40327 0.12933 165 165 165
3.24592 2.40111 0.25474 173 173 173
3.23437 2.40214 0.37985 160 160 160
3.21842 2.39851 0.50451 172 172 172
3.18818 2.39966 0.62663 172 172 172
3.16638 2.40400 0.75031 173 173 173
3.13512 2.39935 0.87195 171 171 171
3.10315 2.40333 0.99359 179 179 179
3.05895 2.40305 1.11133 180 180 180
3.00680 2.40000 1.22571 179 179 179
2.96295 2.39897 1.34354 176 176 176
2.91231 2.39890 1.45874 181 181 181
2.85253 2.40397 1.56948 187 187 187
2.78462 2.39808 1.67540 179 179 179
2.71680 2.39755 1.78115 180 180 180
2.64408 2.39859 1.88357 183 183 183
2.56856 2.40258 1.98392 184 184 184
2.49429 2.40007 2.08562 179 179 179
2.40887 2.40017 2.17805 188 188 188
2.31659 2.39930 2.26361 185 185 185
2.22755 2.39893 2.35213 193 193 193
2.13709 2.40374 2.43954 191 191 191
2.04145 2.40482 2.52135 180 180 180
1.93606 2.40543 2.59043 190 190 190
1.83199 2.39886 2.66061 195 195 195
1.73041 2.39943 2.73494 195 195 195
1.61868 2.39583 2.79282 194 194 194
1.50997 2.40215 2.85590 188 188 188
1.39586 2.39980 2.90854 196 196 196
1.28290 2.39982 2.96399 195 195 195
1.16325 2.40214 3.00311 202 202 202
1.04695 2.39355 3.05134 197 197 197
0.92495 2.40045 3.08224 191 191 191
0.80315 2.40038 3.11282 193 193 193
0.68014 2.39999 3.13785 192 192 192
0.55772 2.39952 3.16688 190 190 190
0.43312 2.40066 3.18386 183 183 183
0.30790 2.40124 3.19515 186 186 186
0.18228 2.40090 3.19927 194 194 194
0.05673 2.39622 3.20216 201 201 201
-0.06899 2.40016 3.20337 193 193 193
-0.19422 2.40096 3.19233 189 189 189
-0.32016 2.40032 3.18805 195 195 195
-0.44364 2.40088 3.16292 192 192 192
-0.56726 2.39861 3.14076 197 197 197
-0.69047 2.39985 3.11607 196 196 196
-0.81181 2.39591 3.08337 190 190 190
-0.93215 2.39839 3.04719 191 191 191
-1.05088 2.39757 3.00607 193 193 193
-1.16654 2.40058 2.95699 194 194 194
-1.28241 2.40496 2.90856 191 191 191
-1.39817 2.40093 2.85914 197 197 197
-1.50685 2.39923 2.79572 194 194 194
-1.61474 2.39996 2.73133 192 192 192
-1.72337 2.40105 2.66785 194 194 194
-1.82323 2.40399 2.59129 195 195 195
-1.92859 2.40173 2.52212 188 188 188
-2.02531 2.39753 2.44150 189 189 189
-2.10916 2.40027 2.34680 194 194 194
-2.20347 2.39582 2.26395 188 188 188
-2.29368 2.40075 2.17645 189 189 189
-2.38258 2.39472 2.08712 191 191 191
-2.46262 2.39916 1.98984 183 183 183
-2.52729 2.39744 1.88115 181 181 181
-2.60457 2.39498 1.78197 177 177 177
-2.67291 2.39935 1.67648 176 176 176
-2.73819 2.39644 1.56898 185 185 185
-2.79638 2.40133 1.45748 175 175 175
-2.84173 2.39564 1.33996 172 172 172
-2.89716 2.40696 1.22729 171 171 171
-2.94629 2.40330 1.11162 180 180 180
-2.98942 2.39708 0.99350 176 176 176
-3.01871 2.39727 0.87111 177 177 177
-3.05904 2.39972 0.75178 176 176 176
-3.08028 2.40306 0.62774 171 171 171
-3.10574 2.40157 0.50464 173 173 173
-3.12370 2.40029 0.38018 164 164 164
-3.13206 2.40168 0.25471 165 165 165
-3.14710 2.39650 0.12963 168 168 168
-3.14991 2.39939 0.00375 168 168 168
-3.14002 2.39480 -0.12185 162 162 162
-3.13805 2.39778 -0.24768 168 168 168
-3.12413 2.39529 -0.37273 161 161 161
-3.10509 2.40007 -0.49703 163 163 163
-3.07913 2.39935 -0.62001 161 161 161
-3.05246 2.40223 -0.74270 159 159 159
-3.02539 2.39956 -0.86550 160 160 160
-2.99141 2.40311 -0.98665 159 159 159
-2.94637 2.40209 -1.10415 155 155 155
-2.89668 2.40206 -1.21959 159 159 159
-2.85317 2.40018 -1.33773 152 152 152
-2.78782 2.40146 -1.44562 155 155 155
-2.73428 2.39672 -1.55929 154 154 154
-2.67043 2.39926 -1.66746 154 154 154
-2.60613 2.40366 -1.77551 154 154 154
-2.53226 2.40179 -1.87726 156 156 156
-2.45804 2.40078 -1.97874 144 144 144
-2.37660 2.40555 -2.07451 152 152 152
-2.29331 2.39602 -2.16860 155 155 155
-2.20255 2.39581 -2.25552 141 141 141
-2.11607 2.39912 -2.34677 150 150 150
-2.02258 2.39823 -2.43081 143 143 143
-1.92350 2.39849 -2.50816 144 144 144
-1.82273 2.39666 -2.58310 143 143 143
-1.72096 2.40249 -2.65675 140 140 140
-1.61326 2.39991 -2.72143 139 139 139
-1.50626 2.40585 -2.78717 141 141 141
-1.39495 2.40050 -2.84533 145 145 145
-1.28219 2.40095 -2.90059 137 137 137
-1.16611 2.39689 -2.94845 140 140 140
-1.04986 2.39872 -2.99580 147 147 147
-0.93172 2.40392 -3.03839 139 139 139
-0.81112 2.39776 -3.07341 134 134 134
-0.69050 2.39882 -3.10867 138 138 138
-0.56671 2.40082 -3.13047 142 142 142
-0.44374 2.40155 -3.15610 142 142 142
-0.31873 2.39862 -3.16849 134 134 134
-0.19432 2.40126 -3.18609 143 143 143
-0.06909 2.40051 -3.19848 145 145 145
0.05673 2.39675 -3.19812 137 137 137
0.18241 2.40235 -3.19501 141 141 141
0.30784 2.40384 -3.18687 138 138 138
0.43259 2.40166 -3.17193 142 142 142
0.55769 2.40438 -3.15922 133 133 133
0.68237 2.40064 -3.14156 135 135 135
0.80168 2.39892 -3.09920 137 137 137
0.92476 2.40074 -3.07405 134 134 134
1.04512 2.40112 -3.03821 137 137 137
1.16396 2.40036 -2.99753 141 141 141
1.28301 2.39969 -2.95676 147 147 147
1.39653 2.40209 -2.90250 141 141 141
1.50965 2.40361 -2.84777 148 148 148
1.61900 2.40187 -2.78588 146 146 146
1.72597 2.40122 -2.72021 139 139 139
1.83088 2.39987 -2.65146 142 142 142
1.93820 2.40366 -2.58587 144 144 144
2.03644 2.40035 -2.50751 152 152 152
2.13978 2.39868 -2.43519 154 154 154
2.22875 2.39989 -2.34593 156 156 156
2.32044 2.39880 -2.25996 143 143 143
2.40202 2.40090 -2.16421 146 146 146
2.49253 2.40361 -2.07662 144 144 144
2.57339 2.39997 -1.98023 146 146 146
2.64616 2.39964 -1.87758 149 149 149
2.71568 2.39807 -1.77291 153 153 153
2.78363 2.40070 -1.66730 160 160 160
2.84902 2.40190 -1.56001 159 159 159
2.90549 2.39858 -1.44776 154 154 154
2.96621 2.40438 -1.33754 151 151 151
3.01740 2.39800 -1.22260 159 159 159
3.05407 2.40153 -1.10203 159 159 159
3.09818 2.40149 -0.98448 161 161 161
3.14061 2.39889 -0.86599 163 163 163
3.17250 2.40072 -0.74428 164 164 164
3.19205 2.40074 -0.61990 166 166 166
3.22021 2.40549 -0.49730 158 158 158
3.23354 2.39637 -0.37225 164 164 164
3.25078 2.39745 -0.24763 168 168 168
3.25763 2.40323 -0.12201 164 164 164
3.26684 2.80511 0.00437 174 174 174
3.25681 2.79643 0.12974 174 174 174
3.25320 2.79918 0.25520 166 166 166
3.24167 2.80146 0.38023 170 170 170
3.22192 2.79714 0.50421 177 177 177
3.20597 2.79881 0.62893 170 170 170
3.17436 2.79751 0.75060 174 174 174
3.14628 2.80152 0.87307 178 178 178
3.11403 2.80025 0.99471 177 177 177
3.06719 2.79911 1.11153 177 177 177
3.02464 2.80139 1.22984 185 185 185
2.97233 2.80021 1.34416 181 181 181
2.91926 2.80090 1.45813 181 181 181
2.85867 2.80140 1.56828 179 179 179
2.79284 2.79842 1.67532 188 188 188
2.72790 2.80359 1.78293 188 188 188
2.65165 2.80366 1.88288 183 183 183
2.57667 2.79611 1.98354 195 195 195
2.50219 2.79998 2.08499 186 186 186
2.41269 2.79756 2.17353 181 181 181
2.32702 2.79922 2.26528 184 184 184
2.23585 2.80441 2.35159 190 190 190
2.14876 2.80124 2.44284 197 197 197
2.05065 2.80431 2.52175 184 184 184
1.94699 2.79711 2.59318 192 192 192
1.84760 2.80067 2.67056 187 187 187
1.73266 2.79847 2.72394 188 188 188
1.62831 2.79702 2.79389 195 195 195
1.51854 2.79615 2.85493 199 199 199
1.40601 2.79563 2.91084 190 190 190
1.29370 2.80232 2.96804 195 195 195
1.17486 2.79610 3.00978 191 191 191
1.05432 2.80400 3.04577 190 190 190
0.93500 2.80332 3.08521 188 188 188
0.81241 2.79850 3.11292 192 192 192
0.69076 2.79643 3.14469 199 199 199
0.56643 2.79877 3.16330 184 184 184
0.44191 2.79747 3.17950 191 191 191
0.31725 2.80132 3.19539 196 196 196
0.19178 2.80086 3.20280 198 198 198
0.06611 2.80239 3.20932 192 192 192
-0.05957 2.79975 3.20304 191 191 191
-0.18468 2.80283 3.19101 201 201 201
-0.30972 2.80206 3.17978 195 195 195
-0.43459 2.80023 3.16564 195 195 195
-0.55859 2.79528 3.14494 194 194 194
-0.68152 2.79880 3.11847 198 198 198
-0.80240 2.80060 3.08388 196 196 196
-0.92383 2.79939 3.05111 192 192 192
-1.04140 2.79976 3.00641 202 202 202
-1.15985 2.80350 2.96410 191 191 191
-1.27650 2.79589 2.91672 188 188 188
-1.38585 2.79582 2.85400 191 191 191
-1.49835 2.80083 2.79792 190 190 190
-1.60702 2.80393 2.73467 197 197 197
-1.71003 2.80276 2.66256 185 185 185
-1.81217 2.79856 2.58960 193 193 193
-1.91853 2.79804 2.52187 187 187 187
-2.01274 2.80213 2.43839 190 190 190
-2.10678 2.80301 2.35500 184 184 184
-2.19361 2.79995 2.26410 195 195 195
-2.28466 2.79836 2.17741 183 183 183
-2.36787 2.79831 2.08319 185 185 185
-2.44572 2.80167 1.98454 179 179 179
-2.52275 2.79999 1.88529 188 188 188
-2.59489 2.80231 1.78240 184 184 184
-2.66743 2.79728 1.67949 182 182 182
-2.72663 2.79623 1.56838 178 178 178
-2.78656 2.79990 1.45788 187 187 187
-2.83880 2.79895 1.34356 184 184 184
-2.88771 2.80190 1.22789 172 172 172
-2.93212 2.79856 1.11048 186 186 186
-2.97785 2.79880 0.99342 182 182 182
-3.00880 2.79756 0.87159 170 170 170
-3.04861 2.80193 0.75215 177 177 177
-3.07107 2.79922 0.62840 168 168 168
-3.09936 2.80287 0.50574 175 175 175
-3.11103 2.79589 0.38041 171 171 171
-3.12080 2.80034 0.25519 177 177 177
-3.12811 2.80142 0.12988 169 169 169
-3.13460 2.79912 0.00438 172 172 172
-3.14062 2.80385 -0.12162 173 173 173
-3.12479 2.80535 -0.24675 160 160 160
-3.11299 2.79734 -0.37190 169 169 169
-3.09439 2.79818 -0.49620 167 167 167
-3.07448 2.79704 -0.62033 160 160 160
-3.04829 2.79768 -0.74333 160 160 160
-3.01365 2.80506 -0.86421 152 152 152
-2.97166 2.79855 -0.98265 161 161 161
-2.93567 2.79622 -1.10304 161 161 161
-2.89071 2.80558 -1.22038 152 152 152
-2.84178 2.79857 -1.33618 154 154 154
-2.78661 2.79791 -1.44916 155 155 155
-2.71937 2.80184 -1.55557 155 155 155
-2.66130 2.80327 -1.66698 152 152 152
-2.59285 2.79915 -1.77229 150 150 150
-2.52803 2.80152 -1.88038 154 154 154
-2.44727 2.80065 -1.97701 148 148 148
-2.36884 2.80335 -2.07527 149 149 149
-2.28139 2.79770 -2.16563 145 145 145
-2.19653 2.80221 -2.25826 148 148 148
-2.10784 2.79815 -2.34739 147 147 147
-2.01609 2.80102 -2.43357 143 143 143
-1.91337 2.80151 -2.50658 140 140 140
-1.81534 2.80026 -2.58521 150 150 150
-1.70954 2.80056 -2.65308 148 148 148
-1.60601 2.79862 -2.72428 146 146 146
-1.49622 2.79998 -2.78537 145 145 145
-1.38836 2.80109 -2.85018 142 142 142
-1.27555 2.80187 -2.90590 146 146 146
-1.15682 2.80084 -2.94803 136 136 136
-1.04073 2.79548 -2.99586 138 138 138
-0.92267 2.80214 -3.03877 142 142 142
-0.80303 2.80104 -3.07736 140 140 140
-0.68100 2.79771 -3.10754 143 143 143
-0.55846 2.80003 -3.13557 140 140 140
-0.43454 2.80160 -3.15663 143 143 143
-0.30990 2.80324 -3.17253 143 143 143
-0.18464 2.80330 -3.18172 131 131 131
-0.05943 2.80015 -3.19087 138 138 138
0.06611 2.79966 -3.19246 133 133 133
0.19155 2.80461 -3.18827 139 139 139
0.31692 2.80034 -3.18246 142 142 142
0.44211 2.80098 -3.17242 146 146 146
0.56758 2.80199 -3.16181 139 139 139
0.69038 2.80041 -3.13406 137 137 137
0.81198 2.80092 -3.10240 140 140 140
0.93527 2.79886 -3.07744 141 141 141
1.05600 2.80487 -3.04220 137 137 137
1.17315 2.80089 -2.99639 139 139 139
1.29121 2.79906 -2.95327 146 146 146
1.40463 2.79970 -2.89909 148 148 148
1.51962 2.79858 -2.84830 133 133 133
1.62861 2.80253 -2.78567 140 140 140
1.73867 2.80203 -2.72499 142 142 142
1.84680 2.80552 -2.66061 144 144 144
1.94829 2.79968 -2.58622 144 144 144
2.04825 2.79948 -2.50995 148 148 148
2.14316 2.79941 -2.42754 144 144 144
2.23869 2.80265 -2.34591 152 152 152
2.32964 2.79987 -2.25916 142 142 142
2.41826 2.79463 -2.16993 151 151 151
2.49873 2.79851 -2.07328 147 147 147
2.57584 2.80250 -1.97414 148 148 148
2.65670 2.80161 -1.87780 149 149 149
2.72935 2.79974 -1.77514 148 148 148
2.79409 2.79744 -1.66733 149 149 149
2.85701 2.79848 -1.55860 154 154 154
2.91764 2.79973 -1.44855 157 157 157
2.97584 2.79863 -1.33703 148 148 148
3.02339 2.80069 -1.22057 158 158 158
3.06706 2.80120 -1.10273 158 158 158
3.10668 2.80246 -0.98357 154 154 154
3.14596 2.80308 -0.86423 154 154 154
3.17945 2.79253 -0.74307 152 152 152
3.20670 2.79834 -0.62033 163 163 163
3.23044 2.79664 -0.49681 163 163 163
3.23662 2.79997 -0.37088 167 167 167
3.24712 2.79866 -0.24598 162 162 162
3.26736 2.80180 -0.12140 165 165 165
3.27648 3.19973 0.00500 165 165 165
3.27607 3.20360 0.13075 164 164 164
3.27114 3.20057 0.25651 172 172 172
3.25347 3.19861 0.38114 172 172 172
3.23641 3.20038 0.50565 169 169 169
3.21450 3.20324 0.62939 167 167 167
3.18299 3.20089 0.75105 169 169 169
3.15212 3.19540 0.87271 179 179 179
3.11669 3.20144 0.99316 180 180 180
3.07969 3.20027 1.11332 175 175 175
3.03279 3.19759 1.22997 179 179 179
2.97998 3.19861 1.34400 171 171 171
2.92417 3.20117 1.45649 184 184 184
2.86966 3.19927 1.56983 187 187 187
2.80533 3.19974 1.67787 180 180 180
2.73362 3.20323 1.78113 180 180 180
2.66345 3.19959 1.88529 179 179 179
2.58605 3.20277 1.98419 182 182 182
2.50898 3.19889 2.08343 188 188 188
2.42120 3.20286 2.17338 188 188 188
2.33883 3.20067 2.26837 190 190 190
2.25320 3.19748 2.36087 185 185 185
2.15317 3.19961 2.43768 192 192 192
2.05778 3.19425 2.51957 191 191 191
1.95492 3.20047 2.59185 189 189 189
1.84926 3.19955 2.65968 187 187 187
1.74976 3.19885 2.73722 193 193 193
1.64054 3.19836 2.79966 196 196 196
1.52862 3.20041 2.85700 189 189 189
1.41692 3.20046 2.91485 195 195 195
1.30011 3.20256 2.96156 200 200 200
1.18299 3.19612 3.00709 193 193 193
1.06443 3.20408 3.04874 192 192 192
0.94348 3.20279 3.08277 196 196 196
0.82361 3.19911 3.12126 199 199 199
0.70011 3.19907 3.14533 190 190 190
0.57563 3.20237 3.16297 199 199 199
0.45143 3.20089 3.18161 200 200 200
0.32657 3.19825 3.19563 191 191 191
0.20103 3.19834 3.20106 199 199 199
0.07546 3.19577 3.20223 194 194 194
-0.05002 3.19823 3.19863 200 200 200
-0.17559 3.20001 3.19483 196 196 196
-0.30067 3.19550 3.18291 190 190 190
-0.42702 3.19900 3.17750 196 196 196
-0.55009 3.20384 3.14985 197 197 197
-0.67185 3.20274 3.11774 191 191 191
-0.79188 3.19765 3.08035 200 200 200
-0.91311 3.19631 3.04751 193 193 193
-1.03281 3.20060 3.00910 186 186 186
-1.14726 3.19909 2.95690 193 193 193
-1.26563 3.20241 2.91404 196 196 196
-1.37882 3.19881 2.85919 191 191 191
-1.48757 3.19808 2.79598 192 192 192
-1.59550 3.20111 2.73175 196 196 196
-1.70453 3.19996 2.66893 194 194 194
-1.80406 3.20230 2.59194 188 188 188
-1.90679 3.20021 2.51946 189 189 189
-1.99830 3.19945 2.43306 185 185 185
-2.09597 3.19991 2.35404 185 185 185
-2.18812 3.19660 2.26858 186 186 186
-2.27827 3.19921 2.18076 182 182 182
-2.35749 3.20378 2.08293 181 181 181
-2.43560 3.19899 1.98456 185 185 185
-2.51481 3.20135 1.88694 188 188 188
-2.58707 3.20083 1.78404 187 187 187
-2.65331 3.19614 1.67719 182 182 182
-2.71481 3.20041 1.56763 192 192 192
-2.77618 3.20034 1.45798 184 184 184
-2.82786 3.20444 1.34345 175 175 175
-2.87823 3.19328 1.22846 177 177 177
-2.92674 3.19942 1.11257 176 176 176
-2.96757 3.19874 0.99374 177 177 177
-3.00668 3.19972 0.87425 178 178 178
-3.03546 3.19817 0.75186 173 173 173
-3.05990 3.19574 0.62866 182 182 182
-3.08318 3.20217 0.50528 173 173 173
-3.10007 3.19862 0.38085 170 170 170
-3.11137 3.20146 0.25581 166 166 166
-3.12330 3.19953 0.13068 174 174 174
-3.12592 3.19773 0.00500 163 163 163
-3.11780 3.20249 -0.12046 171 171 171
-3.10847 3.19812 -0.24558 169 169 169
-3.09968 3.20410 -0.37080 167 167 167
-3.08615 3.20359 -0.49575 161 161 161
-3.06240 3.20018 -0.61916 160 160 160
-3.03876 3.20259 -0.74266 161 161 161
-3.00609 3.19648 -0.86409 158 158 158
-2.97670 3.20323 -0.98671 155 155 155
-2.92565 3.20037 -1.10217 152 152 152
-2.88068 3.20585 -1.21947 159 159 159
-2.83000 3.20119 -1.33443 163 163 163
-2.78066 3.20152 -1.45027 155 155 155
-2.72318 3.20115 -1.56231 152 152 152
-2.65734 3.20043 -1.66966 153 153 153
-2.58762 3.20064 -1.77441 150 150 150
-2.51459 3.19797 -1.87678 156 156 156
-2.44157 3.19876 -1.97926 151 151 151
-2.35893 3.19777 -2.07417 148 148 148
-2.27635 3.20307 -2.16899 152 152 152
-2.19063 3.20264 -2.26109 158 158 158
-2.09580 3.19856 -2.34386 152 152 152
-2.00261 3.19965 -2.42811 147 147 147
-1.90253 3.20144 -2.50407 153 153 153
-1.80496 3.20017 -2.58317 145 145 145
-1.70566 3.20212 -2.66063 147 147 147
-1.59525 3.19607 -2.72135 152 152 152
-1.48742 3.20040 -2.78573 141 141 141
-1.37773 3.19865 -2.84703 141 141 141
-1.26339 3.19378 -2.89919 146 146 146
-1.14836 3.20089 -2.94956 141 141 141
-1.03013 3.19805 -2.99182 137 137 137
-0.91295 3.19883 -3.03701 138 138 138
-0.79378 3.20206 -3.07707 145 145 145
-0.67170 3.19900 -3.10711 143 143 143
-0.54905 3.19888 -3.13460 139 139 139
-0.42515 3.20078 -3.15569 133 133 133
-0.30113 3.19805 -3.17675 134 134 134
-0.17599 3.20392 -3.18991 136 136 136
-0.04972 3.20132 -3.18105 137 137 137
0.07546 3.20111 -3.19674 134 134 134
0.20103 3.19558 -3.19104 141 141 141
0.32665 3.20369 -3.18668 142 142 142
0.45187 3.20051 -3.17532 147 147 147
0.57574 3.20120 -3.15365 145 145 145
0.70046 3.19984 -3.13711 140 140 140
0.82135 3.20688 -3.10186 143 143 143
0.94269 3.20568 -3.06997 142 142 142
1.06430 3.19850 -3.03835 133 133 133
1.18308 3.19752 -2.99734 137 137 137
1.29692 3.20308 -2.94387 140 140 140
1.41394 3.19879 -2.89839 137 137 137
1.52931 3.20196 -2.84835 143 143 143
1.63853 3.19955 -2.78607 141 141 141
1.74618 3.19877 -2.72138 149 149 149
1.84774 3.19759 -2.64741 146 146 146
1.95699 3.20046 -2.58470 150 150 150
2.05307 3.20142 -2.50359 142 142 142
2.15624 3.19569 -2.43129 150 150 150
2.24838 3.19966 -2.34565 145 145 145
2.33896 3.19682 -2.25850 150 150 150
2.42624 3.20008 -2.16805 149 149 149
2.50751 3.19768 -2.07217 149 149 149
2.58513 3.20260 -1.97347 152 152 152
2.67005 3.20305 -1.88008 148 148 148
2.73495 3.20338 -1.77201 156 156 156
2.80001 3.20151 -1.66461 154 154 154
2.86283 3.20476 -1.55600 153 153 153
2.92284 3.20035 -1.44582 156 156 156
2.98246 3.20250 -1.33515 165 165 165
3.02909 3.20072 -1.21843 150 150 150
3.07425 3.20354 -1.10131 155 155 155
3.12795 3.19992 -0.98681 167 167 167
3.15709 3.20263 -0.86411 156 156 156
3.18588 3.20071 -0.74175 158 158 158
3.21286 3.20426 -0.61907 163 163 163
3.23251 3.19879 -0.49503 161 161 161
3.25387 3.20560 -0.37119 172 172 172
3.26523 3.19832 -0.24604 163 163 163
3.27570 3.20295 -0.12074 169 169 169
3.28563 3.60110 0.00563 164 164 164
3.28517 3.60372 0.13137 168 168 168
3.26629 3.60386 0.25602 172 172 172
3.26212 3.59971 0.38169 171 171 171
3.24929 3.60058 0.50684 176 176 176
3.21738 3.60246 0.62874 168 168 168
3.19283 3.60309 0.75180 172 172 172
3.16474 3.60334 0.87427 173 173 173
3.13214 3.59736 0.99578 171 171 171
3.09333 3.60074 1.11554 180 180 180
3.03683 3.60019 1.22841 169 169 169
2.99404 3.59935 1.34682 179 179 179
2.93733 3.59770 1.45908 184 184 184
2.87037 3.60128 1.56564 181 181 181
2.81930 3.59445 1.68135 184 184 184
2.74657 3.60040 1.78419 178 178 178
2.67301 3.59818 1.88609 183 183 183
2.59805 3.60047 1.98694 190 190 190
2.52159 3.59728 2.08687 187 187 187
2.43425 3.59697 2.17746 188 188 188
2.34433 3.59930 2.26519 184 184 184
2.25707 3.59647 2.35560 186 186 186
2.16229 3.60603 2.43810 188 188 188
2.06860 3.59555 2.52210 184 184 184
1.96421 3.59889 2.59246 187 187 187
1.85880 3.59910 2.66066 191 191 191
1.75392 3.59998 2.72944 193 193 193
1.64717 3.59993 2.79549 190 190 190
1.53776 3.59731 2.85728 196 196 196
1.42360 3.59824 2.90979 198 198 198
1.31037 3.59994 2.96450 193 193 193
1.19238 3.60060 3.00795 193 193 193
1.07192 3.60258 3.04378 189 189 189
0.95091 3.60196 3.07673 199 199 199
0.83095 3.60263 3.11372 195 195 195
0.71051 3.59815 3.15144 206 206 206
0.58604 3.60229 3.17055 203 203 203
0.46095 3.59994 3.18399 193 193 193
0.33591 3.59653 3.19671 200 200 200
0.21039 3.59766 3.20301 190 190 190
0.08477 3.59804 3.20281 193 193 193
-0.04101 3.59493 3.20685 196 196 196
-0.16617 3.60058 3.19404 195 195 195
-0.29113 3.59714 3.18152 189 189 189
-0.41549 3.59544 3.16412 192 192 192
-0.54018 3.60181 3.14747 187 187 187
-0.66234 3.60422 3.11756 188 188 188
-0.78468 3.60109 3.08846 198 198 198
-0.90263 3.60092 3.04451 201 201 201
-1.02334 3.59906 3.00928 199 199 199
-1.13925 3.60086 2.96067 199 199 199
-1.25610 3.60146 2.91419 194 194 194
-1.36770 3.59762 2.85624 189 189 189
-1.47878 3.59588 2.79753 186 186 186
-1.58939 3.60071 2.73760 188 188 188
-1.69382 3.59849 2.66747 197 197 197
-1.79594 3.60111 2.59419 183 183 183
-1.89618 3.60175 2.51844 194 194 194
-1.99669 3.59578 2.44270 192 192 192
-2.08772 3.60176 2.35581 182 182 182
-2.17879 3.59827 2.26918 187 187 187
-2.26451 3.59762 2.17727 196 196 196
-2.34969 3.60418 2.08485 182 182 182
-2.42877 3.59846 1.98713 181 181 181
-2.50490 3.59954 1.88712 188 188 188
-2.57923 3.60468 1.78565 185 185 185
-2.64021 3.60086 1.67549 176 176 176
-2.70516 3.60016 1.56806 186 186 186
-2.76597 3.60080 1.45815 185 185 185
-2.81511 3.59736 1.34249 183 183 183
-2.86938 3.59824 1.22927 181 181 181
-2.91971 3.60006 1.11404 179 179 179
-2.96051 3.60386 0.99510 179 179 179
-2.99675 3.60181 0.87470 164 164 164
-3.02299 3.59875 0.75173 169 169 169
-3.05124 3.59914 0.62942 173 173 173
-3.08070 3.60119 0.50699 169 169 169
-3.09212 3.59760 0.38163 177 177 177
-3.10448 3.60168 0.25662 170 170 170
-3.11455 3.60032 0.13133 177 177 177
-3.11749 3.60061 0.00563 173 173 173
-3.10943 3.59983 -0.11988 165 165 165
-3.10825 3.59943 -0.24567 166 166 166
-3.09389 3.59916 -0.37059 161 161 161
-3.07612 3.60058 -0.49501 162 162 162
-3.05421 3.59907 -0.61876 167 167 167
-3.02129 3.60185 -0.74007 160 160 160
-2.99443 3.59544 -0.86280 157 157 157
-2.95833 3.60191 -0.98314 160 160 160
-2.91678 3.60216 -1.10170 172 172 172
-2.87432 3.59766 -1.22007 160 160 160
-2.81432 3.60012 -1.33087 158 158 158
-2.76960 3.60035 -1.44875 155 155 155
-2.70826 3.60146 -1.55854 161 161 161
-2.64347 3.60222 -1.66624 150 150 150
-2.57711 3.59963 -1.77298 150 150 150
-2.49477 3.60036 -1.86852 153 153 153
-2.42758 3.60242 -1.97495 148 148 148
-2.34805 3.60388 -2.07219 151 151 151
-2.25977 3.59818 -2.16165 138 138 138
-2.17893 3.60185 -2.25807 145 145 145
-2.08471 3.60465 -2.34130 149 149 149
-1.99325 3.60101 -2.42742 137 137 137
-1.89372 3.59300 -2.50407 148 148 148
-1.79450 3.59854 -2.58096 153 153 153
-1.69036 3.60207 -2.65105 141 141 141
-1.58778 3.60194 -2.72373 146 146 146
-1.47912 3.60150 -2.78690 145 145 145
-1.36800 3.60073 -2.84559 130 130 130
-1.25473 3.60235 -2.89997 138 138 138
-1.13988 3.60090 -2.95094 140 140 140
-1.02289 3.60165 -2.99680 141 141 141
-0.90259 3.60230 -3.03314 138 138 138
-0.78608 3.60302 -3.08216 142 142 142
-0.66170 3.60087 -3.10365 139 139 139
-0.53923 3.59621 -3.13143 137 137 137
-0.41594 3.60080 -3.15569 147 147 147
-0.29094 3.60100 -3.16871 142 142 142
-0.16628 3.59780 -3.18426 139 139 139
-0.04069 3.59937 -3.18748 143 143 143
0.08477 3.60218 -3.19795 136 136 136
0.21056 3.59657 -3.19601 140 140 140
0.33585 3.60018 -3.18468 140 140 140
0.46077 3.59981 -3.17117 140 140 140
0.58440 3.59889 -3.14893 137 137 137
0.70824 3.59827 -3.12881 137 137 137
0.83125 3.60087 -3.10370 139 139 139
0.95275 3.59839 -3.07201 147 147 147
1.07290 3.59836 -3.03554 140 140 140
1.19182 3.60340 -2.99516 138 138 138
1.30769 3.59974 -2.94677 140 140 140
1.42671 3.60327 -2.90527 139 139 139
1.53957 3.60318 -2.84958 142 142 142
1.64771 3.59911 -2.78522 145 145 145
1.75734 3.60225 -2.72377 142 142 142
1.86270 3.60014 -2.65525 147 147 147
1.96942 3.59954 -2.58838 151 151 151
2.06536 3.59586 -2.50675 150 150 150
2.16363 3.59411 -2.42841 146 146 146
2.25949 3.60222 -2.34698 148 148 148
2.34374 3.60072 -2.25335 152 152 152
2.43026 3.60074 -2.16253 150 150 150
2.51994 3.60030 -2.07421 148 148 148
2.59752 3.59582 -1.97527 152 152 152
2.67547 3.60021 -1.87663 152 152 152
2.74914 3.59576 -1.77465 158 158 158
2.81286 3.59769 -1.66615 150 150 150
2.87891 3.60128 -1.55917 155 155 155
2.93400 3.60052 -1.44613 159 159 159
2.98615 3.60089 -1.33193 157 157 157
3.04204 3.60131 -1.21932 148 148 148
3.08442 3.59703 -1.10100 152 152 152
3.13581 3.60082 -0.98572 154 154 154
3.16298 3.60055 -0.86252 160 160 160
3.19890 3.60045 -0.74201 165 165 165
3.22835 3.59878 -0.61967 155 155 155
3.25242 3.59649 -0.49608 157 157 157
3.26259 3.60212 -0.37050 166 166 166
3.27406 3.60608 -0.24538 164 164 164
3.28345 3.59832 -0.12005 163 163 163
3.29658 4.00443 0.00625 162 162 162
3.29021 3.99703 0.13183 168 168 168
3.28665 3.99668 0.25751 176 176 176
3.27205 4.00164 0.38239 175 175 175
3.25688 4.00019 0.50720 175 175 175
3.23656 3.99573 0.63134 172 172 172
3.20681 4.00201 0.75356 173 173 173
3.17923 3.99820 0.87636 171 171 171
3.13418 3.99871 0.99406 181 181 181
3.09455 4.00234 1.11320 177 177 177
3.05421 4.00452 1.23239 180 180 180
3.00025 3.99717 1.34603 180 180 180
2.94551 4.00416 1.45915 184 184 184
2.88786 4.00040 1.57087 184 184 184
2.82052 4.00000 1.67704 184 184 184
2.75170 3.99847 1.78204 187 187 187
2.68590 4.00221 1.88935 184 184 184
2.61105 3.99605 1.99051 182 182 182
2.52469 3.99983 2.08223 181 181 181
2.44460 3.99939 2.17909 183 183 183
2.35916 3.99726 2.27138 187 187 187
2.26729 3.99733 2.35727 180 180 180
2.16964 3.99978 2.43648 187 187 187
2.07354 4.00076 2.51724 184 184 184
1.97593 3.99712 2.59646 193 193 193
1.87192 4.00170 2.66704 190 190 190
1.76349 4.00266 2.73055 191 191 191
1.66048 3.99889 2.80334 196 196 196
1.54819 4.00006 2.86020 189 189 189
1.43570 3.99961 2.91656 189 189 189
1.32031 3.99058 2.96675 195 195 195
1.20094 3.99929 3.00665 190 190 190
1.08299 4.00209 3.04996 196 196 196
0.96127 3.99980 3.08125 193 193 193
0.84153 4.00070 3.11980 198 198 198
0.71838 3.99770 3.14504 196 196 196
0.59473 4.00389 3.16750 198 198 198
0.47041 3.99972 3.18627 189 189 189
0.34487 4.00174 3.19347 193 193 193
0.21976 4.00360 3.20618 194 194 194
0.09403 3.99961 3.21223 194 194 194
-0.03167 3.99902 3.20555 196 196 196
-0.15721 3.99886 3.19861 195 195 195
-0.28162 4.00101 3.18016 196 196 196
-0.40666 4.00147 3.16748 201 201 201
-0.52970 3.99943 3.14194 191 191 191
-0.65211 3.99649 3.11414 188 188 188
-0.77372 3.99642 3.08306 196 196 196
-0.89455 4.00163 3.04881 194 194 194
-1.01364 3.99808 3.00873 192 192 192
-1.13071 3.99572 2.96304 188 188 188
-1.24600 4.00026 2.91300 192 192 192
-1.35969 3.99854 2.85934 192 192 192
-1.47449 4.00059 2.80704 198 198 198
-1.57733 4.00263 2.73367 192 192 192
-1.68017 4.00133 2.66153 194 194 194
-1.78542 3.99384 2.59309 182 182 182
-1.88463 4.00061 2.51617 185 185 185
-1.98754 3.99974 2.44346 197 197 197
-2.08003 4.00375 2.35814 188 188 188
-2.16756 3.99769 2.26784 181 181 181
-2.25440 3.99988 2.17712 181 181 181
-2.34165 4.00241 2.08652 188 188 188
-2.41966 3.99775 1.98789 187 187 187
-2.49801 3.99873 1.88948 186 186 186
-2.56374 3.99812 1.78212 177 177 177
-2.63093 3.99924 1.67611 179 179 179
-2.69888 4.00121 1.57036 179 179 179
-2.75742 3.99821 1.45914 181 181 181
-2.81264 3.99987 1.34624 179 179 179
-2.86115 4.00041 1.23033 181 181 181
-2.90819 3.99790 1.11383 177 177 177
-2.94950 4.00178 0.99515 174 174 174
-2.98233 4.00014 0.87387 170 170 170
-3.01808 4.00486 0.75340 179 179 179
-3.04212 3.99567 0.63007 181 181 181
-3.06652 4.00365 0.50683 176 176 176
-3.07872 3.99838 0.38177 171 171 171
-3.10147 3.99627 0.25774 168 168 168
-3.10071 3.99598 0.13177 172 172 172
-3.11030 4.00076 0.00625 161 161 161
-3.10259 4.00082 -0.11935 165 165 165
-3.09721 3.99942 -0.24491 166 166 166
-3.08273 3.99655 -0.36974 161 161 161
-3.07079 3.99984 -0.49501 168 168 168
-3.04446 4.00456 -0.61804 163 163 163
-3.01514 3.99816 -0.74020 161 161 161
-2.98608 4.00399 -0.86243 161 161 161
-2.94890 4.00172 -0.98246 156 156 156
-2.91152 3.99649 -1.10256 163 163 163
-2.86073 3.99878 -1.21765 158 158 158
-2.81296 3.99939 -1.33389 155 155 155
-2.75685 3.99828 -1.44635 164 164 164
-2.70050 4.00293 -1.55876 150 150 150
-2.63155 4.00326 -1.66399 151 151 151
-2.56560 3.99832 -1.77086 149 149 149
-2.49835 4.00289 -1.87722 151 151 151
-2.42131 3.99966 -1.97669 144 144 144
-2.33843 3.99974 -2.07127 156 156 156
-2.25684 3.99945 -2.16688 155 155 155
-2.16801 3.99887 -2.25579 152 152 152
-2.07997 4.00242 -2.34557 147 147 147
-1.98723 3.99865 -2.43060 147 147 147
-1.89084 4.00553 -2.51154 147 147 147
-1.78484 4.00088 -2.57979 146 146 146
-1.68230 4.00120 -2.65222 140 140 140
-1.57806 3.99623 -2.72237 142 142 142
-1.46824 3.99949 -2.78338 144 144 144
-1.35772 4.00302 -2.84298 142 142 142
-1.24469 4.00154 -2.89767 143 143 143
-1.12901 4.00029 -2.94645 143 143 143
-1.01146 3.99790 -2.99032 133 133 133
-0.89269 3.99737 -3.03056 138 138 138
-0.77505 4.00173 -3.07527 137 137 137
-0.65231 3.99754 -3.10251 141 141 141
-0.52977 4.00537 -3.12983 146 146 146
-0.40645 4.00267 -3.15367 142 142 142
-0.28183 4.00217 -3.16936 143 143 143
-0.15700 4.00159 -3.18348 142 142 142
-0.03153 4.00069 -3.18947 137 137 137
0.09403 4.00299 -3.19359 137 137 137
0.21974 4.00137 -3.19327 141 141 141
0.34499 4.00313 -3.18240 142 142 142
0.46958 3.99367 -3.16673 139 139 139
0.59536 3.99787 -3.15898 137 137 137
0.71862 4.00171 -3.13377 141 141 141
0.84109 3.99842 -3.10548 137 137 137
0.96186 3.99948 -3.07082 142 142 142
1.08285 4.00388 -3.03702 139 139 139
1.20271 3.99505 -2.99895 138 138 138
1.31829 4.00011 -2.94937 142 142 142
1.43248 4.00188 -2.89707 142 142 142
1.54456 3.99691 -2.84057 148 148 148
1.65751 4.00154 -2.78554 148 148 148
1.76496 3.99476 -2.72045 142 142 142
1.87315 3.99964 -2.65639 148 148 148
1.97482 3.99899 -2.58243 146 146 146
2.07740 4.00321 -2.50964 144 144 144
2.17389 4.00445 -2.42895 146 146 146
2.26665 3.99952 -2.34407 145 145 145
2.35761 4.00210 -2.25733 150 150 150
2.44055 3.99608 -2.16285 148 148 148
2.52703 4.00041 -2.07173 149 149 149
2.60632 3.99594 -1.97428 155 155 155
2.68217 3.99945 -1.87414 150 150 150
2.75726 4.00416 -1.77326 151 151 151
2.82260 3.99753 -1.66582 159 159 159
2.88640 3.99951 -1.55755 146 146 146
2.94417 4.00095 -1.44597 155 155 155
3.00293 3.99767 -1.33477 155 155 155
3.05465 3.99663 -1.22008 158 158 158
3.09226 3.99860 -1.09985 156 156 156
3.13147 4.00078 -0.98067 161 161 161
3.17389 4.00063 -0.86236 164 164 164
3.20818 3.99650 -0.74139 155 155 155
3.23105 3.99835 -0.61774 168 168 168
3.25097 4.00123 -0.49376 166 166 166
3.27279 4.00406 -0.36998 167 167 167
3.28225 3.99946 -0.24467 170 170 170
3.29785 4.00277 -0.11963 169 169 169
3.29786 4.40350 0.00688 170 170 170
3.29870 4.39918 0.13242 166 166 166
3.29349 4.40049 0.25795 167 167 167
3.27643 4.39860 0.38244 170 170 170
3.26301 4.40213 0.50733 170 170 170
3.24201 4.40083 0.63121 175 175 175
3.21270 4.40697 0.75339 181 181 181
3.18421 4.39782 0.87580 179 179 179
3.14517 4.40428 0.99525 173 173 173
3.10972 4.39579 1.11602 182 182 182
3.06037 4.39787 1.23175 183 183 183
3.01095 4.39522 1.34734 180 180 180
2.95214 4.39997 1.45846 183 183 183
2.90307 4.39923 1.57485 180 180 180
2.83308 4.40138 1.67971 183 183 183
2.76067 4.39807 1.78250 182 182 182
2.68958 4.40461 1.88596 189 189 189
2.62226 4.39703 1.99270 182 182 182
2.54160 4.39849 2.08942 186 186 186
2.45218 4.39993 2.17820 186 186 186
2.36571 4.40137 2.26934 194 194 194
2.27288 4.39884 2.35396 188 188 188
2.18216 4.40443 2.44096 187 187 187
2.08660 4.39794 2.52274 190 190 190
1.98398 4.40011 2.59547 193 193 193
1.88098 4.40110 2.66743 194 194 194
1.77467 4.39992 2.73438 186 186 186
1.66617 4.39959 2.79767 189 189 189
1.55709 4.39781 2.86019 188 188 188
1.44131 4.39830 2.90935 187 187 187
1.32548 4.39948 2.95760 188 188 188
1.21324 4.39515 3.01562 193 193 193
1.09155 4.40076 3.04856 185 185 185
0.97193 4.39920 3.08697 189 189 189
0.85024 4.40313 3.11829 199 199 199
0.72598 4.40239 3.13756 194 194 194
0.60323 4.40792 3.16363 192 192 192
0.47934 4.40062 3.18441 198 198 198
0.35438 4.40344 3.19778 193 193 193
0.22895 4.40223 3.20604 195 195 195
0.10325 4.39505 3.20665 200 200 200
-0.02235 4.39975 3.20370 196 196 196
-0.14763 4.40034 3.19461 194 194 194
-0.27249 4.39963 3.18149 196 196 196
-0.39647 4.40195 3.16198 198 198 198
-0.52100 4.39718 3.14521 201 201 201
-0.64462 4.39722 3.12200 196 196 196
-0.76648 4.40311 3.09071 193 193 193
-0.88623 4.40311 3.05217 202 202 202
-1.00453 4.39736 3.00965 197 197 197
-1.11829 4.39597 2.95593 186 186 186
-1.23664 4.40059 2.91332 186 186 186
-1.34975 4.40516 2.85855 192 192 192
-1.45993 4.40045 2.79813 189 189 189
-1.56552 4.39906 2.73007 194 194 194
-1.67359 4.39880 2.66611 198 198 198
-1.78052 4.39603 2.59967 185 185 185
-1.87623 4.40496 2.51783 182 182 182
-1.97321 4.39756 2.43810 195 195 195
-2.07176 4.39660 2.35979 187 187 187
-2.15915 4.40076 2.26928 193 193 193
-2.24468 4.39408 2.17728 186 186 186
-2.32829 4.39910 2.08360 184 184 184
-2.41274 4.40140 1.99032 177 177 177
-2.48796 4.39878 1.88950 183 183 183
-2.55911 4.40208 1.78581 182 182 182
-2.62135 4.39686 1.67651 180 180 180
-2.68402 4.40041 1.56782 183 183 183
-2.74322 4.40022 1.45723 188 188 188
-2.80249 4.39758 1.34644 182 182 182
-2.85278 4.39905 1.23130 177 177 177
-2.90287 4.40239 1.11589 179 179 179
-2.93274 4.39518 0.99333 174 174 174
-2.98301 4.40355 0.87729 171 171 171
-3.00982 4.39814 0.75426 174 174 174
-3.03030 4.40175 0.63018 172 172 172
-3.05628 4.39952 0.50730 174 174 174
-3.07555 4.39740 0.38311 170 170 170
-3.08739 4.40312 0.25798 171 171 171
-3.09312 4.40239 0.13246 173 173 173
-3.09593 4.40232 0.00688 171 171 171
-3.09630 4.39790 -0.11884 165 165 165
-3.08423 4.40187 -0.24398 161 161 161
-3.07489 4.40129 -0.36928 169 169 169
-3.06009 4.40133 -0.49415 162 162 162
-3.03633 4.40105 -0.61763 160 160 160
-3.00910 4.39744 -0.74034 163 163 163
-2.97694 4.39789 -0.86183 162 162 162
-2.94220 4.39984 -0.98265 154 154 154
-2.90099 4.39988 -1.10145 151 151 151
-2.85458 4.40299 -1.21830 158 158 158
-2.80267 4.39641 -1.33277 158 158 158
-2.75310 4.40316 -1.44851 154 154 154
-2.68463 4.40408 -1.55441 160 160 160
-2.62691 4.39868 -1.66617 149 149 149
-2.55930 4.39925 -1.77219 158 158 158
-2.48446 4.39913 -1.87321 151 151 151
-2.41201 4.39853 -1.97600 150 150 150
-2.33352 4.39981 -2.07433 155 155 155
-2.24485 4.39384 -2.16368 145 145 145
-2.16190 4.40170 -2.25828 140 140 140
-2.06887 4.39927 -2.34291 150 150 150
-1.97939 4.40113 -2.43158 152 152 152
-1.87518 4.40563 -2.50275 146 146 146
-1.77774 4.40309 -2.58208 141 141 141
-1.67015 4.39765 -2.64721 140 140 140
-1.56797 4.39960 -2.72031 144 144 144
-1.46003 4.40328 -2.78457 143 143 143
-1.35108 4.39752 -2.84742 151 151 151
-1.23896 4.40240 -2.90461 141 141 141
-1.12302 4.40106 -2.95360 141 141 141
-1.00266 4.39926 -2.99083 143 143 143
-0.88502 4.40106 -3.03470 131 131 131
-0.76512 4.40347 -3.07215 134 134 134
-0.64411 4.39879 -3.10611 137 137 137
-0.52056 4.39640 -3.12926 132 132 132
-0.39709 4.39770 -3.15218 139 139 139
-0.27293 4.40036 -3.17150 140 140 140
-0.14764 4.40274 -3.18103 137 137 137
-0.02238 4.39831 -3.19067 140 140 140
0.10325 4.40139 -3.19649 142 142 142
0.22864 4.39696 -3.18443 142 142 142
0.35426 4.39807 -3.18245 137 137 137
0.47916 4.39917 -3.16917 136 136 136
0.60457 4.39754 -3.15830 143 143 143
0.72662 4.39675 -3.12700 142 142 142
0.84939 4.40001 -3.10100 144 144 144
0.97141 4.39925 -3.07139 139 139 139
1.09182 4.40236 -3.03563 144 144 144
1.21277 4.40144 -3.00060 138 138 138
1.32655 4.40125 -2.94643 141 141 141
1.44291 4.40079 -2.89907 148 148 148
1.55836 4.39759 -2.84893 145 145 145
1.66536 4.39989 -2.78247 142 142 142
1.77552 4.39966 -2.72202 143 143 143
1.87929 4.40395 -2.65116 147 147 147
1.98506 4.39462 -2.58321 141 141 141
2.08219 4.40060 -2.50340 149 149 149
2.18696 4.39965 -2.43284 147 147 147
2.27474 4.39672 -2.34222 141 141 141
2.36511 4.39526 -2.25498 149 149 149
2.45548 4.40200 -2.16750 141 141 141
2.53893 4.40215 -2.07339 148 148 148
2.61827 4.40067 -1.97580 150 150 150
2.69341 4.40049 -1.87499 154 154 154
2.76057 4.39886 -1.76869 148 148 148
2.83146 4.40199 -1.66497 153 153 153
2.90024 4.40252 -1.55951 163 163 163
2.95692 4.39827 -1.44714 152 152 152
3.00859 4.39942 -1.33250 161 161 161
3.05916 4.39902 -1.21750 157 157 157
3.10948 4.40182 -1.10218 159 159 159
3.14976 4.40004 -0.98300 155 155 155
3.18295 4.39898 -0.86169 156 156 156
3.21495 4.39915 -0.74018 164 164 164
3.24348 4.40033 -0.61776 168 168 168
3.26575 4.39636 -0.49402 162 162 162
3.27893 4.39802 -0.36899 165 165 165
3.29262 4.40148 -0.24413 173 173 173
3.29804 4.39837 -0.11865 168 168 168
3.31186 4.79907 0.00750 169 169 169
3.31260 4.80033 0.13324 166 166 166
3.30056 4.80090 0.25841 176 176 176
3.29011 4.79450 0.38360 169 169 169
3.26873 4.79852 0.50741 172 172 172
3.24666 4.79930 0.63094 174 174 174
3.22676 4.80130 0.75519 180 180 180
3.18981 4.80322 0.87541 172 172 172
3.15060 4.79681 0.99467 174 174 174
3.11666 4.80007 1.11582 177 177 177
3.06687 4.79923 1.23127 177 177 177
3.02218 4.80776 1.34892 183 183 183
2.96302 4.79902 1.45995 170 170 170
2.90669 4.80305 1.57237 185 185 185
2.84233 4.79703 1.68039 179 179 179
2.77396 4.79816 1.78589 183 183 183
2.70060 4.80074 1.88792 191 191 191
2.62599 4.80284 1.98904 186 186 186
2.54719 4.80291 2.08699 193 193 193
2.46357 4.80067 2.18089 189 189 189
2.37642 4.79994 2.27150 188 188 188
2.28467 4.80092 2.35743 193 193 193
2.19312 4.80091 2.44369 184 184 184
2.09666 4.80277 2.52450 181 181 181
1.99233 4.79808 2.59497 182 182 182
1.89078 4.79968 2.66900 195 195 195
1.78262 4.79725 2.73303 193 193 193
1.67581 4.80329 2.79914 188 188 188
1.56621 4.80202 2.86073 193 193 193
1.45154 4.79955 2.91228 187 187 187
1.33453 4.79926 2.95795 198 198 198
1.21922 4.79545 3.00762 184 184 184
1.09960 4.80541 3.04575 201 201 201
0.98039 4.80106 3.08511 197 197 197
0.85801 4.79714 3.11313 193 193 193
0.73639 4.80097 3.14443 199 199 199
0.61288 4.79670 3.16729 192 192 192
0.48837 4.80169 3.18395 197 197 197
0.36334 4.79992 3.19575 195 195 195
0.23820 4.80093 3.20883 193 193 193
0.11242 4.79582 3.20816 197 197 197
-0.01346 4.79993 3.21138 198 198 198
-0.13891 4.80615 3.20095 205 205 205
-0.26307 4.79879 3.17994 201 201 201
-0.38856 4.79908 3.17051 192 192 192
-0.51227 4.79860 3.14803 194 194 194
-0.63431 4.79969 3.11783 197 197 197
-0.75502 4.79811 3.08319 190 190 190
-0.87720 4.79864 3.05322 198 198 198
-0.99387 4.80038 3.00622 197 197 197
-1.11293 4.79933 2.96576 200 200 200
-1.22841 4.79818 2.91597 197 197 197
-1.34101 4.79754 2.86001 192 192 192
-1.44846 4.80069 2.79465 191 191 191
-1.55540 4.80165 2.72912 194 194 194
-1.66708 4.80011 2.67071 195 195 195
-1.76659 4.80567 2.59373 189 189 189
-1.87182 4.80308 2.52450 191 191 191
-1.96675 4.79936 2.44190 186 186 186
-2.05819 4.80031 2.35565 190 190 190
-2.14944 4.79999 2.26936 185 185 185
-2.24063 4.80017 2.18264 183 183 183
-2.31721 4.79985 2.08260 184 184 184
-2.40325 4.79638 1.99069 184 184 184
-2.47951 4.80004 1.89065 183 183 183
-2.54791 4.79962 1.78507 186 186 186
-2.61697 4.80469 1.68007 187 187 187
-2.67189 4.80235 1.56678 186 186 186
-2.73328 4.79882 1.45746 175 175 175
-2.79320 4.79712 1.34701 182 182 182
-2.84694 4.80102 1.23331 178 178 178
-2.88899 4.80117 1.11478 170 170 170
-2.93030 4.79896 0.99614 171 171 171
-2.96672 4.80018 0.87591 183 183 183
-3.00350 4.79820 0.75557 179 179 179
-3.03105 4.79634 0.63277 171 171 171
-3.05248 4.79676 0.50877 174 174 174
-3.07076 4.80439 0.38425 170 170 170
-3.08321 4.79969 0.25900 170 170 170
-3.08258 4.80042 0.13303 174 174 174
-3.09098 4.80054 0.00750 172 172 172
-3.08684 4.80094 -0.11820 159 159 159
-3.07336 4.79882 -0.24323 169 169 169
-3.06855 4.79877 -0.36899 160 160 160
-3.04967 4.79529 -0.49333 168 168 168
-3.03046 4.80114 -0.61766 160 160 160
-2.99729 4.80113 -0.73907 158 158 158
-2.96164 4.80071 -0.85947 159 159 159
-2.93188 4.79640 -0.98165 164 164 164
-2.89249 4.80034 -1.10107 158 158 158
-2.84432 4.80155 -1.21722 158 158 158
-2.79012 4.80110 -1.33059 156 156 156
-2.73519 4.80020 -1.44343 156 156 156
-2.67842 4.80221 -1.55544 153 153 153
-2.61630 4.79906 -1.66466 150 150 150
-2.55117 4.80561 -1.77225 149 149 149
-2.47650 4.80176 -1.87346 153 153 153
-2.39873 4.79916 -1.97213 147 147 147
-2.31772 4.80428 -2.06804 145 145 145
-2.23797 4.80158 -2.16517 153 153 153
-2.15246 4.80064 -2.25737 143 143 143
-2.05639 4.80020 -2.33870 151 151 151
-1.96693 4.80128 -2.42710 144 144 144
-1.86835 4.80010 -2.50509 144 144 144
-1.76506 4.80006 -2.57662 148 148 148
-1.66688 4.79860 -2.65541 143 143 143
-1.55891 4.80033 -2.71987 145 145 145
-1.45551 4.79814 -2.79224 147 147 147
-1.33966 4.79727 -2.84237 138 138 138
-1.22440 4.80376 -2.89227 142 142 142
-1.11113 4.80185 -2.94640 140 140 140
-0.99448 4.80304 -2.99288 139 139 139
-0.87621 4.79661 -3.03518 145 145 145
-0.75703 4.80370 -3.07533 146 146 146
-0.63581 4.79587 -3.10908 140 140 140
-0.51185 4.79686 -3.13091 139 139 139
-0.38793 4.80073 -3.15154 135 135 135
-0.26416 4.79993 -3.17417 140 140 140
-0.13828 4.79554 -3.17788 135 135 135
-0.01321 4.79881 -3.19001 144 144 144
0.11242 4.80472 -3.19693 141 141 141
0.23805 4.80076 -3.19003 140 140 140
0.36327 4.79997 -3.17995 140 140 140
0.48753 4.80077 -3.16181 140 140 140
0.61298 4.80227 -3.15292 141 141 141
0.73603 4.79959 -3.12760 141 141 141
0.86076 4.80176 -3.10956 137 137 137
0.98274 4.80002 -3.07844 134 134 134
1.09934 4.79927 -3.02993 143 143 143
1.21816 4.79986 -2.98974 137 137 137
1.33624 4.80359 -2.94707 140 140 140
1.44969 4.79543 -2.89327 139 139 139
1.56361 4.80070 -2.84063 145 145 145
1.67433 4.80375 -2.78150 137 137 137
1.78645 4.79931 -2.72427 149 149 149
1.88812 4.80486 -2.65002 146 146 146
1.99188 4.80105 -2.57936 144 144 144
2.08996 4.79979 -2.50100 146 146 146
2.19382 4.80353 -2.42951 156 156 156
2.28440 4.80072 -2.34214 156 156 156
2.37352 4.80030 -2.25360 147 147 147
2.46131 4.79886 -2.16379 148 148 148
2.54495 4.80094 -2.07008 140 140 140
2.62284 4.79946 -1.97156 152 152 152
2.69827 4.79953 -1.87123 148 148 148
2.77275 4.79944 -1.77008 144 144 144
2.84063 4.79915 -1.66435 153 153 153
2.90891 4.80074 -1.55861 157 157 157
2.96827 4.79529 -1.44763 159 159 159
3.01776 4.79956 -1.33188 162 162 162
3.07063 4.80171 -1.21783 159 159 159
3.11250 4.79836 -1.09929 154 154 154
3.15660 4.80275 -0.98162 153 153 153
3.19401 4.79605 -0.86160 162 162 162
3.22813 4.80084 -0.74052 162 162 162
3.24868 4.79413 -0.61634 166 166 166
3.27445 4.79876 -0.49332 162 162 162
3.29270 4.80114 -0.36891 170 170 170
3.30305 4.80764 -0.24361 164 164 164
3.31194 4.79756 -0.11821 168 168 168
3.32038 5.19775 0.00813 172 172 172
3.32045 5.19799 0.13381 167 167 167
3.31033 5.19572 0.25909 172 172 172
3.29757 5.19911 0.38403 162 162 162
3.28477 5.20242 0.50913 175 175 175
3.26497 5.20231 0.63340 172 172 172
3.23189 5.19929 0.75486 167 167 167
3.20122 5.20232 0.87669 172 172 172
3.15915 5.19808 0.99511 171 171 171
3.12529 5.19712 1.11627 180 180 180
3.07974 5.20254 1.23346 175 175 175
3.02969 5.20020 1.34881 179 179 179
2.97299 5.20447 1.46102 192 192 192
2.91386 5.20165 1.57191 186 186 186
2.85163 5.19783 1.68114 187 187 187
2.77964 5.19977 1.78422 180 180 180
2.70705 5.19803 1.88662 187 187 187
2.62941 5.20112 1.98518 178 178 178
2.55772 5.19759 2.08883 180 180 180
2.46957 5.19636 2.17863 184 184 184
2.38314 5.20189 2.26974 187 187 187
2.29523 5.19566 2.35962 187 187 187
2.20132 5.19884 2.44326 189 189 189
2.10592 5.20034 2.52532 184 184 184
2.00463 5.20301 2.60000 189 189 189
1.89803 5.19823 2.66685 192 192 192
1.79546 5.20226 2.73974 189 189 189
1.68307 5.19799 2.79647 184 184 184
1.57374 5.19446 2.85826 193 193 193
1.45849 5.19752 2.90822 193 193 193
1.34533 5.20115 2.96266 198 198 198
1.22869 5.20078 3.00922 201 201 201
1.10836 5.20228 3.04529 196 196 196
0.99069 5.20261 3.08995 194 194 194
0.86843 5.19929 3.11921 199 199 199
0.74508 5.19780 3.14294 196 196 196
0.62195 5.20413 3.16769 189 189 189
0.49747 5.19791 3.18445 200 200 200
0.37268 5.20414 3.19941 194 194 194
0.24719 5.20276 3.20650 197 197 197
0.12152 5.19936 3.21872 191 191 191
-0.00385 5.19969 3.19907 193 193 193
-0.12972 5.20161 3.20049 194 194 194
-0.25473 5.20091 3.18709 196 196 196
-0.37897 5.20196 3.16809 200 200 200
-0.50422 5.19881 3.15396 186 186 186
-0.62421 5.20120 3.11434 196 196 196
-0.74630 5.20221 3.08519 192 192 192
-0.86620 5.19797 3.04801 192 192 192
-0.98630 5.20465 3.01102 190 190 190
-1.10384 5.20138 2.96642 191 191 191
-1.21793 5.20072 2.91362 191 191 191
-1.32887 5.19993 2.85469 189 189 189
-1.44253 5.20135 2.80094 191 191 191
-1.55021 5.20293 2.73614 189 189 189
-1.65754 5.19380 2.67068 191 191 191
-1.75996 5.19855 2.59777 187 187 187
-1.85645 5.19929 2.51718 185 185 185
-1.95995 5.19892 2.44522 192 192 192
-2.04845 5.20371 2.35559 189 189 189
-2.14046 5.20071 2.27011 192 192 192
-2.22899 5.20235 2.18092 178 178 178
-2.31002 5.19798 2.08486 192 192 192
-2.39154 5.20137 1.98926 186 186 186
-2.46551 5.20150 1.88771 180 180 180
-2.53654 5.19631 1.78418 184 184 184
-2.60519 5.19741 1.67906 183 183 183
-2.66687 5.19938 1.56970 180 180 180
-2.73013 5.19779 1.46111 174 174 174
-2.78258 5.20416 1.34694 182 182 182
-2.83424 5.20321 1.23244 175 175 175
-2.88253 5.20126 1.11638 174 174 174
-2.92168 5.20326 0.99692 175 175 175
-2.95323 5.19736 0.87530 178 178 178
-2.99170 5.19939 0.75554 178 178 178
-3.01801 5.19733 0.63262 168 168 168
-3.03336 5.20116 0.50781 163 163 163
-3.05686 5.20248 0.38431 164 164 164
-3.06742 5.20322 0.25910 168 168 168
-3.07394 5.20376 0.13368 159 159 159
-3.08122 5.20087 0.00813 171 171 171
-3.07883 5.19976 -0.11762 168 168 168
-3.06744 5.20240 -0.24285 175 175 175
-3.05760 5.19950 -0.36815 163 163 163
-3.04033 5.19937 -0.49266 156 156 156
-3.01597 5.19694 -0.61596 165 165 165
-2.98648 5.20398 -0.73804 164 164 164
-2.96253 5.20092 -0.86167 159 159 159
-2.92113 5.19857 -0.98050 156 156 156
-2.88214 5.19667 -1.09999 160 160 160
-2.83858 5.19841 -1.21799 152 152 152
-2.78566 5.20115 -1.33211 165 165 165
-2.73309 5.20425 -1.44637 153 153 153
-2.66739 5.20191 -1.55374 153 153 153
-2.60751 5.20307 -1.66423 148 148 148
-2.53947 5.20102 -1.76990 146 146 146
-2.46681 5.19919 -1.87241 153 153 153
-2.39239 5.19971 -1.97368 149 149 149
-2.30611 5.19965 -2.06527 154 154 154
-2.22672 5.19537 -2.16257 150 150 150
-2.13266 5.19731 -2.24606 144 144 144
-2.04860 5.20225 -2.33950 148 148 148
-1.95621 5.20171 -2.42459 150 150 150
-1.85471 5.20070 -2.49872 150 150 150
-1.75778 5.19970 -2.57852 145 145 145
-1.65668 5.20054 -2.65315 146 146 146
-1.55201 5.20057 -2.72283 143 143 143
-1.44335 5.19810 -2.78617 143 143 143
-1.33105 5.20245 -2.84272 142 142 142
-1.21801 5.20047 -2.89755 143 143 143
-1.10270 5.19997 -2.94740 144 144 144
-0.98752 5.20024 -2.99807 136 136 136
-0.86608 5.19686 -3.03140 143 143 143
-0.74837 5.20118 -3.07627 139 139 139
-0.62552 5.20053 -3.10356 139 139 139
-0.50252 5.20324 -3.12917 142 142 142
-0.37866 5.20366 -3.14991 139 139 139
-0.25451 5.20279 -3.16901 133 133 133
-0.12955 5.19977 -3.18212 137 137 137
-0.00406 5.19970 -3.18827 146 146 146
0.12152 5.19894 -3.18867 138 138 138
0.24696 5.20599 -3.18448 141 141 141
0.37261 5.20118 -3.18217 144 144 144
0.49751 5.20040 -3.16854 137 137 137
0.62128 5.19679 -3.14719 146 146 146
0.74558 5.19938 -3.12920 134 134 134
0.86696 5.20016 -3.09684 150 150 150
0.99002 5.20409 -3.07133 140 140 140
1.10874 5.20236 -3.03020 143 143 143
1.22943 5.20580 -2.99500 140 140 140
1.34472 5.20042 -2.94493 141 141 141
1.46123 5.20040 -2.89792 141 141 141
1.57492 5.19683 -2.84432 143 143 143
1.68430 5.19772 -2.78241 147 147 147
1.79159 5.19861 -2.71717 140 140 140
1.90042 5.19775 -2.65418 142 142 142
2.00233 5.19527 -2.58059 141 141 141
2.10377 5.19362 -2.50634 143 143 143
2.19787 5.19925 -2.42296 146 146 146
2.29403 5.20205 -2.34208 143 143 143
2.38508 5.19825 -2.25543 153 153 153
2.47278 5.20176 -2.16535 147 147 147
2.55435 5.19861 -2.06970 156 156 156
2.63201 5.20046 -1.97098 146 146 146
2.70859 5.19869 -1.87149 149 149 149
2.77957 5.19883 -1.76792 154 154 154
2.85265 5.20384 -1.66551 155 155 155
2.91268 5.20070 -1.55500 157 157 157
2.97297 5.19569 -1.44476 154 154 154
3.02814 5.20138 -1.33184 159 159 159
3.07766 5.20079 -1.21635 150 150 150
3.11921 5.20384 -1.09778 156 156 156
3.16729 5.19819 -0.98150 162 162 162
3.20077 5.19839 -0.86031 161 161 161
3.23478 5.19964 -0.73930 160 160 160
3.25780 5.20118 -0.61572 167 167 167
3.27608 5.19996 -0.49151 163 163 163
3.29815 5.20040 -0.36785 164 164 164
3.31104 5.20065 -0.24289 162 162 162
3.31718 5.20552 -0.11743 169 169 169
3.33146 5.60106 0.00875 170 170 170
3.33070 5.59822 0.13448 169 169 169
3.31685 5.59778 0.25952 170 170 170
3.29980 5.60305 0.38385 164 164 164
3.29197 5.59773 0.50947 174 174 174
3.26876 5.60646 0.63298 173 173 173
3.24978 5.59691 0.75760 170 170 170
3.21227 5.59784 0.87788 172 172 172
3.17722 5.60027 0.99867 172 172 172
3.13078 5.59688 1.11558 176 176 176
3.08743 5.60277 1.23352 177 177 177
3.03614 5.59615 1.34824 188 188 188
2.98577 5.59670 1.46354 178 178 178
2.91927 5.59968 1.57050 181 181 181
2.85382 5.59923 1.67756 177 177 177
2.79011 5.60454 1.78579 189 189 189
2.71651 5.59997 1.88755 184 184 184
2.64689 5.59729 1.99246 177 177 177
2.56620 5.59644 2.08897 185 185 185
2.48400 5.60218 2.18423 187 187 187
2.39242 5.60078 2.27060 179 179 179
2.30368 5.59663 2.35961 187 187 187
2.20703 5.60070 2.43997 185 185 185
2.11232 5.59516 2.52259 190 190 190
2.01173 5.59802 2.59794 189 189 189
1.90719 5.59980 2.66766 191 191 191
1.80298 5.59965 2.73787 192 192 192
1.69356 5.59904 2.79968 188 188 188
1.58648 5.59402 2.86614 189 189 189
1.47183 5.59813 2.91816 187 187 187
1.35383 5.60040 2.96196 196 196 196
1.23770 5.60136 3.00977 193 193 193
1.11930 5.60240 3.05175 190 190 190
0.99843 5.60348 3.08595 200 200 200
0.87881 5.59737 3.12537 194 194 194
0.75481 5.60035 3.14700 192 192 192
0.63141 5.60224 3.17090 203 203 203
0.50621 5.59679 3.18253 195 195 195
0.38160 5.60080 3.19832 200 200 200
0.25654 5.59522 3.21488 195 195 195
0.13057 5.60253 3.20410 190 190 190
0.00501 5.59639 3.20454 193 193 193
-0.12049 5.60135 3.19880 193 193 193
-0.24562 5.59830 3.18716 194 194 194
-0.36993 5.59821 3.16877 197 197 197
-0.49350 5.60441 3.14615 195 195 195
-0.61676 5.60095 3.12159 198 198 198
-0.73877 5.59971 3.09120 191 191 191
-0.85791 5.60238 3.05098 193 193 193
-0.97757 5.59851 3.01250 191 191 191
-1.09411 5.59774 2.96539 201 201 201
-1.20853 5.59945 2.91349 192 192 192
-1.32108 5.60347 2.85778 192 192 192
-1.43326 5.59576 2.80118 189 189 189
-1.53734 5.60192 2.73053 197 197 197
-1.64992 5.59541 2.67345 191 191 191
-1.74720 5.59916 2.59328 194 194 194
-1.85182 5.60046 2.52340 184 184 184
-1.94515 5.60259 2.43911 196 196 196
-2.04355 5.59932 2.36070 193 193 193
-2.13509 5.59807 2.27441 190 190 190
-2.21947 5.59906 2.18110 187 187 187
-2.30491 5.60256 2.08884 185 185 185
-2.37675 5.60084 1.98536 185 185 185
-2.45499 5.59783 1.88727 181 181 181
-2.53203 5.59663 1.78784 183 183 183
-2.60034 5.60271 1.68225 182 182 182
-2.66125 5.59851 1.57224 184 184 184
-2.72044 5.60168 1.46141 179 179 179
-2.77832 5.59893 1.34977 169 169 169
-2.82877 5.60055 1.23455 178 178 178
-2.87009 5.60131 1.11575 176 176 176
-2.91507 5.59988 0.99834 168 168 168
-2.95292 5.60590 0.87839 182 182 182
-2.97821 5.59930 0.75510 175 175 175
-3.00713 5.59834 0.63288 178 178 178
-3.02971 5.60185 0.50929 175 175 175
-3.04779 5.59511 0.38493 173 173 173
-3.05523 5.59959 0.25948 167 167 167
-3.06664 5.59864 0.13437 166 166 166
-3.06948 5.60318 0.00875 170 170 170
-3.07241 5.59944 -0.11710 163 163 163
-3.05984 5.59653 -0.24234 167 167 167
-3.05018 5.59696 -0.36772 161 161 161
-3.02838 5.60479 -0.49158 165 165 165
-3.00598 5.59704 -0.61515 170 170 170
-2.97717 5.60286 -0.73735 160 160 160
-2.94899 5.59862 -0.85978 162 162 162
-2.91504 5.60048 -0.98083 163 163 163
-2.87188 5.59746 -1.09891 156 156 156
-2.82569 5.60295 -1.21577 156 156 156
-2.77327 5.59715 -1.32994 162 162 162
-2.72293 5.59802 -1.44518 154 154 154
-2.66032 5.59708 -1.55422 154 154 154
-2.59693 5.59417 -1.66267 148 148 148
-2.53119 5.60248 -1.76978 146 146 146
-2.45842 5.59607 -1.87226 152 152 152
-2.38046 5.59946 -1.97079 157 157 157
-2.30235 5.60063 -2.06916 151 151 151
-2.21836 5.60169 -2.16258 145 145 145
-2.13448 5.60266 -2.25630 141 141 141
-2.03799 5.60087 -2.33719 145 145 145
-1.94844 5.59956 -2.42545 153 153 153
-1.84948 5.59854 -2.50294 144 144 144
-1.75013 5.59987 -2.57982 145 145 145
-1.64520 5.59787 -2.64887 142 142 142
-1.54054 5.59757 -2.71825 150 150 150
-1.43180 5.59972 -2.78106 147 147 147
-1.32155 5.59547 -2.84119 146 146 146
-1.21160 5.59955 -2.90265 140 140 140
-1.09439 5.60086 -2.94857 143 143 143
-0.97821 5.60025 -2.99673 141 141 141
-0.85911 5.59994 -3.03717 138 138 138
-0.73707 5.60209 -3.06769 139 139 139
-0.61566 5.59762 -3.09953 143 143 143
-0.49351 5.59851 -3.12871 147 147 147
-0.37068 5.60113 -3.15605 147 147 147
-0.24579 5.60314 -3.17114 141 141 141
-0.12026 5.60298 -3.17833 145 145 145
0.00491 5.59859 -3.18946 140 140 140
0.13057 5.60025 -3.19150 140 140 140
0.25601 5.60127 -3.18378 139 139 139
0.38162 5.60089 -3.18115 136 136 136
0.50692 5.60125 -3.17104 137 137 137
0.63018 5.59687 -3.14566 142 142 142
0.75489 5.60115 -3.12992 143 143 143
0.87778 5.59862 -3.10358 134 134 134
0.99750 5.60164 -3.06513 140 140 140
1.11888 5.59748 -3.03295 140 140 140
1.23835 5.60036 -2.99403 139 139 139
1.35420 5.60161 -2.94535 140 140 140
1.46965 5.59629 -2.89594 138 138 138
1.58498 5.59889 -2.84568 146 146 146
1.69462 5.60088 -2.78406 137 137 137
1.79840 5.60275 -2.71290 140 140 140
1.90746 5.60217 -2.65056 147 147 147
2.01042 5.59844 -2.57864 150 150 150
2.10919 5.60182 -2.50112 146 146 146
2.20556 5.60558 -2.42075 146 146 146
2.30396 5.60297 -2.34241 148 148 148
2.39297 5.60433 -2.25365 145 145 145
2.47600 5.59921 -2.15934 149 149 149
2.56496 5.60066 -2.07041 150 150 150
2.64284 5.59725 -1.97177 148 148 148
2.71970 5.59871 -1.87236 150 150 150
2.79028 5.60313 -1.76841 157 157 157
2.86205 5.60059 -1.66510 147 147 147
2.91938 5.59814 -1.55306 154 154 154
2.98416 5.60234 -1.44523 159 159 159
3.03932 5.60146 -1.33220 160 160 160
3.08344 5.60092 -1.21437 155 155 155
3.13450 5.59745 -1.09946 161 161 161
3.16987 5.60055 -0.97878 152 152 152
3.21588 5.60419 -0.86140 161 161 161
3.24511 5.60302 -0.73898 161 161 161
3.27255 5.59781 -0.61623 165 165 165
3.29355 5.59969 -0.49222 162 162 162
3.30620 5.59606 -0.36711 160 160 160
3.32509 5.59915 -0.24266 162 162 162
3.32573 5.59750 -0.11679 166 166 166
3.34195 5.99642 0.00938 168 168 168
3.33077 5.99750 0.13476 169 169 169
3.33465 6.00206 0.26084 165 165 165
3.31417 6.00326 0.38512 172 172 172
3.29153 5.99909 0.50860 173 173 173
3.27103 6.00014 0.63227 172 172 172
3.25074 6.00335 0.75631 176 176 176
3.22120 6.00030 0.87849 175 175 175
3.18454 6.00059 0.99875 172 172 172
3.14149 6.00405 1.11685 169 169 169
3.09154 6.00308 1.23213 175 175 175
3.05167 6.00108 1.35188 180 180 180
2.98795 6.00219 1.46070 183 183 183
2.93509 6.00055 1.57495 180 180 180
2.87184 6.00035 1.68372 186 186 186
2.80022 6.00557 1.78717 185 185 185
2.72607 6.00079 1.88859 183 183 183
2.65150 5.99795 1.98963 182 182 182
2.57402 6.00449 2.08860 195 195 195
2.48909 5.99905 2.18126 186 186 186
2.39908 6.00184 2.26891 183 183 183
2.30602 5.99834 2.35305 204 204 204
2.22044 5.99894 2.44578 192 192 192
2.12216 6.00339 2.52431 186 186 186
2.02183 5.99434 2.60011 196 196 196
1.91814 5.99896 2.67123 188 188 188
1.80779 5.99609 2.73169 187 187 187
1.70351 6.00040 2.80202 192 192 192
1.59499 6.00399 2.86583 197 197 197
1.47882 6.00289 2.91448 195 195 195
1.36436 6.00113 2.96634 197 197 197
1.24718 5.99853 3.01173 190 190 190
1.12662 6.00097 3.04725 197 197 197
1.00899 5.99960 3.09216 198 198 198
0.88672 5.99867 3.12155 196 196 196
0.76291 5.99741 3.14319 193 193 193
0.63972 6.00016 3.16734 186 186 186
0.51515 6.00174 3.18276 198 198 198
0.39015 6.00467 3.19351 195 195 195
0.26496 6.00788 3.20127 195 195 195
0.13955 6.00085 3.20997 194 194 194
0.01378 5.99704 3.21044 197 197 197
-0.11162 6.00108 3.20083 197 197 197
-0.23653 6.00126 3.18690 196 196 196
-0.36136 6.00007 3.17199 199 199 199
-0.48429 6.00229 3.14565 192 192 192
-0.60797 6.00293 3.12304 193 193 193
-0.72814 6.00236 3.08598 197 197 197
-0.85003 5.99988 3.05498 188 188 188
-0.96885 5.99781 3.01384 199 199 199
-1.08599 5.99855 2.96809 196 196 196
-1.20086 5.99712 2.91696 189 189 189
-1.31373 6.00220 2.86161 192 192 192
-1.42226 5.99838 2.79819 193 193 193
-1.52832 6.00183 2.73109 193 193 193
-1.63761 5.99756 2.66908 189 189 189
-1.74122 6.00021 2.59803 199 199 199
-1.84395 6.00233 2.52544 193 193 193
-1.94480 6.00367 2.44984 182 182 182
-2.02945 6.00157 2.35579 184 184 184
-2.12225 5.99843 2.27117 185 185 185
-2.20965 5.99916 2.18095 186 186 186
-2.29291 6.00194 2.08689 191 191 191
-2.36700 6.00268 1.98538 193 193 193
-2.44760 6.00311 1.88905 190 190 190
-2.52343 5.99891 1.78872 182 182 182
-2.59032 6.00175 1.68224 173 173 173
-2.65227 5.99974 1.57287 179 179 179
-2.71049 5.99689 1.46154 183 183 183
-2.77052 5.99761 1.35093 186 186 186
-2.81217 5.99894 1.23202 185 185 185
-2.86330 6.00330 1.11719 176 176 176
-2.90417 6.00484 0.99834 177 177 177
-2.93875 6.00193 0.87755 179 179 179
-2.96884 6.00382 0.75563 171 171 171
-2.99849 5.99760 0.63357 178 178 178
-3.01966 6.00016 0.50974 172 172 172
-3.03936 5.99608 0.38562 166 166 166
-3.05188 6.00195 0.26055 173 173 173
-3.05973 5.99197 0.13508 165 165 165
-3.06136 6.00062 0.00938 167 167 167
-3.05662 6.00309 -0.11620 174 174 174
-3.04938 5.99899 -0.24160 168 168 168
-3.03706 5.99911 -0.36660 166 166 166
-3.02345 6.00144 -0.49159 168 168 168
-3.00302 6.00398 -0.61572 158 158 158
-2.96414 5.99957 -0.73575 164 164 164
-2.93726 6.00099 -0.85838 161 161 161
-2.90493 5.99833 -0.97984 161 161 161
-2.86019 5.99886 -1.09729 157 157 157
-2.81777 6.00067 -1.21559 159 159 159
-2.76496 5.99952 -1.32962 158 158 158
-2.71050 6.00027 -1.44280 157 157 157
-2.65369 6.00200 -1.55491 159 159 159
-2.59167 5.99800 -1.66432 157 157 157
-2.51733 5.99519 -1.76590 151 151 151
-2.44756 5.99862 -1.87027 152 152 152
-2.37087 5.99478 -1.96968 149 149 149
-2.29590 5.99887 -2.07070 143 143 143
-2.21040 5.99951 -2.16290 138 138 138
-2.12306 5.99695 -2.25323 149 149 149
-2.03764 6.00153 -2.34589 149 149 149
-1.93681 6.00264 -2.42173 152 152 152
-1.84149 6.00168 -2.50357 148 148 148
-1.74076 5.99714 -2.57865 142 142 142
-1.63997 5.99900 -2.65387 148 148 148
-1.53282 6.00307 -2.71969 143 143 143
-1.42435 6.00418 -2.78317 142 142 142
-1.31257 5.99678 -2.84057 144 144 144
-1.19797 5.99608 -2.89194 143 143 143
-1.08589 6.00003 -2.94910 133 133 133
-0.96865 6.00376 -2.99453 135 135 135
-0.84752 5.99846 -3.02853 144 144 144
-0.72944 5.99634 -3.07184 141 141 141
-0.60755 6.00375 -3.10253 141 141 141
-0.48499 6.00166 -3.13042 138 138 138
-0.36124 6.00101 -3.15250 147 147 147
-0.23658 5.99893 -3.16854 139 139 139
-0.11130 6.00107 -3.17801 138 138 138
0.01399 6.00127 -3.18643 137 137 137
0.13955 6.00275 -3.19532 138 138 138
0.26525 5.99633 -3.18985 142 142 142
0.39059 6.00296 -3.18039 137 137 137
0.51590 6.00419 -3.17040 144 144 144
0.64036 6.00282 -3.15264 136 136 136
0.76396 5.99988 -3.12973 146 146 146
0.88622 5.99949 -3.10072 138 138 138
1.00705 6.00319 -3.06654 142 142 142
1.12858 5.99811 -3.03456 140 140 140
1.24695 5.99959 -2.99236 145 145 145
1.36650 5.99793 -2.95274 144 144 144
1.48089 5.99924 -2.90022 143 143 143
1.59281 5.99720 -2.84281 146 146 146
1.70287 6.00128 -2.78214 141 141 141
1.81407 5.99482 -2.72319 144 144 144
1.92143 6.00310 -2.65740 145 145 145
2.01846 5.99981 -2.57672 141 141 141
2.12357 6.00211 -2.50734 145 145 145
2.21995 6.00114 -2.42646 140 140 140
2.30968 6.00230 -2.33826 148 148 148
2.40490 6.00170 -2.25597 146 146 146
2.48660 5.99664 -2.16022 150 150 150
2.57273 5.99435 -2.06875 146 146 146
2.65011 5.99717 -1.96979 151 151 151
2.73079 6.00085 -1.87327 150 150 150
2.80021 6.00302 -1.76842 144 144 144
2.87120 6.00026 -1.66458 147 147 147
2.93524 6.00128 -1.55629 149 149 149
2.98842 5.99909 -1.44220 153 153 153
3.04654 5.99809 -1.33077 152 152 152
3.09715 6.00304 -1.21570 158 158 158
3.13656 6.00108 -1.09628 161 161 161
3.17943 5.99925 -0.97834 163 163 163
3.21874 5.99699 -0.85905 161 161 161
3.24596 6.00298 -0.73641 159 159 159
3.27577 6.00092 -0.61446 166 166 166
3.29625 5.99718 -0.49060 164 164 164
3.31138 6.00190 -0.36604 162 162 162
3.33006 6.00036 -0.24172 170 170 170
3.33313 5.99441 -0.11610 173 173 173
3.35299 6.39676 0.01000 161 161 161
3.35116 6.40001 0.13583 166 166 166
3.34374 6.39947 0.26147 166 166 166
3.32599 6.40063 0.38609 164 164 164
3.30999 6.39897 0.51074 173 173 173
3.28241 6.40211 0.63338 169 169 169
3.25705 6.39966 0.75631 176 176 176
3.22948 6.40217 0.87894 173 173 173
3.19606 6.39652 1.00023 174 174 174
3.15078 6.39962 1.11762 176 176 176
3.10497 6.40521 1.23463 175 175 175
3.05533 6.40310 1.35009 184 184 184
2.99563 6.39807 1.46070 172 172 172
2.94679 6.39824 1.57714 175 175 175
2.87748 6.39589 1.68235 189 189 189
2.80589 6.40357 1.78564 178 178 178
2.73388 6.40090 1.88842 187 187 187
2.66749 6.40203 1.99584 180 180 180
2.58156 6.40404 2.08806 179 179 179
2.49532 6.39606 2.17942 186 186 186
2.41410 6.40318 2.27564 188 188 188
2.31646 6.40090 2.35533 188 188 188
2.22438 6.39368 2.44059 189 189 189
2.12878 6.39971 2.52202 188 188 188
2.02990 6.39652 2.59958 197 197 197
1.92488 6.39989 2.66860 194 194 194
1.81826 6.40395 2.73487 185 185 185
1.71016 6.40082 2.79861 184 184 184
1.59931 6.39694 2.85745 199 199 199
1.49085 6.39731 2.92187 193 193 193
1.37301 6.39757 2.96634 196 196 196
1.25419 6.40547 3.00722 189 189 189
1.13717 6.40487 3.05294 197 197 197
1.01819 6.40207 3.09382 195 195 195
0.89711 6.40357 3.12834 193 193 193
0.77355 6.39874 3.15254 198 198 198
0.64789 6.40033 3.16327 185 185 185
0.52407 6.39644 3.18353 194 194 194
0.39951 6.40073 3.19992 196 196 196
0.27412 6.40159 3.20822 197 197 197
0.14846 6.39962 3.20671 199 199 199
0.02261 6.40004 3.21317 197 197 197
-0.10218 6.40036 3.19468 194 194 194
-0.22713 6.39690 3.18334 192 192 192
-0.35241 6.40521 3.17240 200 200 200
-0.47619 6.40015 3.15034 199 199 199
-0.60033 6.40084 3.12893 185 185 185
-0.72017 6.40029 3.08994 189 189 189
-0.84004 6.40224 3.05229 199 199 199
-0.95788 6.39902 3.00887 194 194 194
-1.07439 6.40301 2.96222 193 193 193
-1.19004 6.40108 2.91342 193 193 193
-1.30324 6.39974 2.85912 181 181 181
-1.41577 6.40009 2.80313 192 192 192
-1.52445 6.39994 2.73994 193 193 193
-1.63009 6.40277 2.67178 189 189 189
-1.73095 6.40104 2.59679 191 191 191
-1.83387 6.39879 2.52458 191 191 191
-1.92731 6.40158 2.44041 196 196 196
-2.02577 6.40303 2.36206 188 188 188
-2.11362 6.39863 2.27208 187 187 187
-2.20012 6.39938 2.18100 189 189 189
-2.28077 6.40271 2.08476 189 189 189
-2.36433 6.40332 1.99092 191 191 191
-2.44262 6.39523 1.89253 182 182 182
-2.51828 6.40490 1.79186 182 182 182
-2.57946 6.40152 1.68167 181 181 181
-2.64196 6.39853 1.57271 189 189 189
-2.70949 6.39768 1.46620 189 189 189
-2.75265 6.39832 1.34743 183 183 183
-2.80961 6.40041 1.23527 176 176 176
-2.84657 6.40570 1.11493 177 177 177
-2.89779 6.40082 0.99979 184 184 184
-2.93530 6.39676 0.87971 166 166 166
-2.95888 6.40020 0.75601 178 178 178
-2.98970 6.40225 0.63422 174 174 174
-3.01152 6.39862 0.51049 177 177 177
-3.03097 6.40301 0.38631 168 168 168
-3.03844 6.40724 0.26081 165 165 165
-3.04220 6.40325 0.13536 169 169 169
-3.04825 6.39988 0.01000 173 173 173
-3.04966 6.40053 -0.11565 161 161 161
-3.04184 6.39790 -0.24108 166 166 166
-3.02634 6.39831 -0.36576 172 172 172
-3.01294 6.39978 -0.49072 166 166 166
-2.99326 6.40129 -0.61493 158 158 158
-2.96131 6.39682 -0.73659 164 164 164
-2.93288 6.39909 -0.85903 164 164 164
-2.89301 6.39895 -0.97823 155 155 155
-2.85609 6.39857 -1.09844 154 154 154
-2.80984 6.39804 -1.21537 162 162 162
-2.76015 6.40458 -1.33089 151 151 151
-2.70279 6.39820 -1.44278 153 153 153
-2.64728 6.40137 -1.55569 158 158 158
-2.57845 6.40085 -1.66105 153 153 153
-2.51265 6.39999 -1.76810 146 146 146
-2.43403 6.40280 -1.86629 146 146 146
-2.36421 6.39604 -1.97083 147 147 147
-2.28228 6.40024 -2.06604 152 152 152
-2.20285 6.39988 -2.16352 151 151 151
-2.11306 6.39525 -2.25152 143 143 143
-2.02085 6.39803 -2.33675 147 147 147
-1.93147 6.39657 -2.42529 151 151 151
-1.83451 6.40514 -2.50539 146 146 146
-1.73289 6.39510 -2.57946 142 142 142
-1.62971 6.40046 -2.65121 143 143 143
-1.52538 6.39962 -2.72146 148 148 148
-1.41418 6.40023 -2.78030 141 141 141
-1.30655 6.39902 -2.84562 141 141 141
-1.19083 6.40072 -2.89515 139 139 139
-1.07540 6.40254 -2.94466 146 146 146
-0.95689 6.40100 -2.98619 146 146 146
-0.83946 6.39930 -3.03051 147 147 147
-0.71886 6.40230 -3.06528 139 139 139
-0.59805 6.40063 -3.09943 143 143 143
-0.47591 6.39848 -3.12894 140 140 140
-0.35243 6.40123 -3.15251 137 137 137
-0.22754 6.40319 -3.16682 139 139 139
-0.10262 6.39787 -3.18023 142 142 142
0.02282 6.40236 -3.18775 137 137 137
0.14846 6.39659 -3.19394 139 139 139
0.27408 6.39627 -3.18717 138 138 138
0.39945 6.40000 -3.17916 144 144 144
0.52439 6.40068 -3.16625 136 136 136
0.64909 6.39702 -3.15087 143 143 143
0.77269 6.40288 -3.12820 144 144 144
0.89529 6.40069 -3.10076 139 139 139
1.01749 6.40262 -3.07135 130 130 130
1.13787 6.39671 -3.03509 145 145 145
1.25689 6.40226 -2.99452 140 140 140
1.37268 6.40380 -2.94553 142 142 142
1.48717 6.40322 -2.89388 139 139 139
1.60200 6.40393 -2.84273 139 139 139
1.71544 6.39942 -2.78805 138 138 138
1.81905 6.39811 -2.71616 149 149 149
1.93037 6.39791 -2.65682 144 144 144
2.02811 6.40090 -2.57712 137 137 137
2.13261 6.39552 -2.50688 146 146 146
2.22555 6.39897 -2.42196 143 143 143
2.31666 6.39879 -2.33555 149 149 149
2.41076 6.40020 -2.25230 152 152 152
2.50044 6.40041 -2.16415 153 153 153
2.57999 6.39881 -2.06672 148 148 148
2.66332 6.40307 -1.97256 151 151 151
2.74073 6.40027 -1.87340 147 147 147
2.80750 6.39815 -1.76672 145 145 145
2.87733 6.39878 -1.66225 153 153 153
2.93483 6.40176 -1.55045 153 153 153
3.00021 6.39771 -1.44304 155 155 155
3.04967 6.39982 -1.32747 150 150 150
3.10278 6.39930 -1.21372 154 154 154
3.15498 6.39830 -1.09916 154 154 154
3.20205 6.39728 -0.98217 154 154 154
3.23300 6.39773 -0.85993 154 154 154
3.26480 6.39509 -0.73817 164 164 164
3.28751 6.40274 -0.61440 159 159 159
3.30593 6.40163 -0.49009 157 157 157
3.32915 6.40519 -0.36646 166 166 166
3.34144 6.40149 -0.24129 164 164 164
3.34735 6.40380 -0.11568 171 171 171
3.35440 6.79956 0.01063 173 173 173
3.35479 6.80171 0.13626 165 165 165
3.34410 6.79920 0.26143 169 169 169
3.33047 6.80023 0.38620 169 169 169
3.32298 6.79948 0.51202 170 170 170
3.29130 6.79709 0.63402 178 178 178
3.26997 6.79868 0.75791 174 174 174
3.23440 6.79790 0.87846 174 174 174
3.20088 6.79880 0.99955 171 171 171
3.15727 6.80272 1.11738 181 181 181
3.11400 6.80009 1.23533 179 179 179
3.06175 6.79881 1.34960 177 177 177
3.00477 6.80120 1.46149 184 184 184
2.95455 6.79924 1.57716 183 183 183
2.88383 6.80052 1.68145 181 181 181
2.82118 6.80006 1.79058 187 187 187
2.74728 6.79596 1.89236 187 187 187
2.67206 6.80187 1.99310 186 186 186
2.59248 6.79935 2.09047 185 185 185
2.50319 6.79829 2.17915 182 182 182
2.41877 6.80171 2.27210 186 186 186
2.33445 6.80110 2.36586 190 190 190
2.23503 6.80045 2.44334 183 183 183
2.13902 6.80471 2.52444 188 188 188
2.03663 6.80034 2.59731 189 189 189
1.93725 6.80279 2.67452 190 190 190
1.83003 6.80086 2.74028 193 193 193
1.72294 6.79689 2.80629 194 194 194
1.61160 6.79859 2.86487 185 185 185
1.49667 6.79967 2.91596 191 191 191
1.38219 6.79671 2.96779 194 194 194
1.26596 6.80285 3.01581 202 202 202
1.14563 6.80136 3.05242 193 193 193
1.02655 6.79659 3.09278 193 193 193
0.90327 6.80121 3.11784 198 198 198
0.78116 6.80194 3.14701 191 191 191
0.65849 6.79656 3.17508 199 199 199
0.53341 6.79874 3.18841 194 194 194
0.40867 6.80110 3.20465 195 195 195
0.28304 6.79805 3.21100 194 194 194
0.15729 6.80008 3.20950 195 195 195
0.03178 6.79788 3.20500 197 197 197
-0.09388 6.80390 3.20207 198 198 198
-0.21814 6.80089 3.18261 198 198 198
-0.34219 6.79813 3.16426 192 192 192
-0.46636 6.79474 3.14592 194 194 194
-0.59106 6.80114 3.12774 191 191 191
-0.71060 6.80154 3.08792 193 193 193
-0.83128 6.79550 3.05313 199 199 199
-0.95032 6.80220 3.01294 193 193 193
-1.06646 6.79841 2.96503 191 191 191
-1.18268 6.80122 2.91726 191 191 191
-1.29267 6.80337 2.85634 198 198 198
-1.40340 6.80059 2.79744 187 187 187
-1.51775 6.79991 2.74405 193 193 193
-1.61764 6.80272 2.66700 190 190 190
-1.72308 6.80353 2.59873 192 192 192
-1.82079 6.79651 2.51980 187 187 187
-1.92816 6.80063 2.45238 193 193 193
-2.01580 6.79911 2.36147 194 194 194
-2.10544 6.79861 2.27335 184 184 184
-2.19270 6.79953 2.18293 187 187 187
-2.27457 6.79906 2.08763 192 192 192
-2.35938 6.79986 1.99461 186 186 186
-2.42477 6.80034 1.88660 183 183 183
-2.50134 6.79865 1.78706 181 181 181
-2.57350 6.80217 1.68406 185 185 185
-2.62855 6.79645 1.57077 182 182 182
-2.68634 6.80178 1.45953 178 178 178
-2.74834 6.80588 1.35014 184 184 184
-2.80255 6.80262 1.23663 181 181 181
-2.84481 6.80233 1.11816 184 184 184
-2.88770 6.79927 1.00000 179 179 179
-2.92384 6.79781 0.87959 177 177 177
-2.94951 6.80516 0.75650 170 170 170
-2.97941 6.80069 0.63455 171 171 171
-2.99792 6.79730 0.51036 175 175 175
-3.01982 6.80253 0.38666 168 168 168
-3.02853 6.79726 0.26135 169 169 169
-3.05129 6.80078 0.13669 170 170 170
-3.04192 6.79857 0.01063 173 173 173
-3.04036 6.80131 -0.11501 162 162 162
-3.03194 6.80121 -0.24037 169 169 169
-3.02220 6.79632 -0.36569 158 158 158
-3.00028 6.80454 -0.48949 160 160 160
-2.97883 6.79971 -0.61319 163 163 163
-2.96245 6.80055 -0.73836 158 158 158
-2.92287 6.79355 -0.85807 164 164 164
-2.88249 6.80013 -0.97706 152 152 152
-2.84646 6.80189 -1.09752 159 159 159
-2.80044 6.79430 -1.21451 160 160 160
-2.75095 6.79729 -1.33009 146 146 146
-2.69021 6.80069 -1.44025 157 157 157
-2.63838 6.79932 -1.55503 153 153 153
-2.57395 6.80128 -1.66308 158 158 158
-2.50396 6.79862 -1.76757 149 149 149
-2.43194 6.80014 -1.87057 148 148 148
-2.34976 6.80153 -1.96577 142 142 142
-2.27669 6.80196 -2.06819 154 154 154
-2.18694 6.79759 -2.15636 150 150 150
-2.10638 6.80110 -2.25305 153 153 153
-2.01012 6.79865 -2.33406 147 147 147
-1.92051 6.80155 -2.42217 141 141 141
-1.82421 6.80250 -2.50289 143 143 143
-1.72518 6.79895 -2.58037 148 148 148
-1.61891 6.79928 -2.64764 143 143 143
-1.51529 6.79632 -2.71878 146 146 146
-1.40838 6.80108 -2.78508 139 139 139
-1.29563 6.79727 -2.84089 142 142 142
-1.18056 6.79731 -2.89140 134 134 134
-1.06646 6.79848 -2.94377 140 140 140
-0.95246 6.79915 -2.99749 141 141 141
-0.83190 6.80208 -3.03379 141 141 141
-0.70959 6.79653 -3.06311 149 149 149
-0.58860 6.79861 -3.09623 145 145 145
-0.46730 6.79725 -3.12944 136 136 136
-0.34241 6.80139 -3.14436 144 144 144
-0.21885 6.80045 -3.16739 134 134 134
-0.09376 6.80174 -3.17927 142 142 142
0.03138 6.80308 -3.19403 146 146 146
0.15729 6.80403 -3.18873 139 139 139
0.28325 6.79762 -3.19512 135 135 135
0.40853 6.80048 -3.18164 148 148 148
0.53338 6.80164 -3.16694 140 140 140
0.65796 6.80456 -3.15047 141 141 141
0.78288 6.79946 -3.13441 141 141 141
0.90344 6.79998 -3.09731 141 141 141
1.02663 6.79858 -3.07183 146 146 146
1.14765 6.79913 -3.03739 150 150 150
1.26335 6.79864 -2.98747 137 137 137
1.38379 6.80003 -2.95040 141 141 141
1.49783 6.79946 -2.89722 141 141 141
1.60870 6.80371 -2.83793 144 144 144
1.72032 6.79799 -2.78036 144 144 144
1.82707 6.79914 -2.71421 146 146 146
1.93399 6.80232 -2.64840 146 146 146
2.03646 6.79976 -2.57582 147 147 147
2.13760 6.80332 -2.50139 144 144 144
2.23593 6.80159 -2.42315 148 148 148
2.32667 6.80113 -2.33620 153 153 153
2.42183 6.80184 -2.25392 145 145 145
2.50740 6.79934 -2.16179 151 151 151
2.58823 6.80377 -2.06559 155 155 155
2.66995 6.80108 -1.97019 148 148 148
2.74438 6.80038 -1.86900 151 151 151
2.81376 6.79713 -1.76437 147 147 147
2.88648 6.79948 -1.66182 155 155 155
2.95204 6.79839 -1.55451 153 153 153
3.00645 6.79848 -1.44109 147 147 147
3.06310 6.80084 -1.32897 155 155 155
3.11281 6.80040 -1.21359 159 159 159
3.15902 6.79829 -1.09677 162 162 162
3.19989 6.79973 -0.97798 152 152 152
3.23509 6.80218 -0.85740 151 151 151
3.27318 6.79938 -0.73743 160 160 160
3.29002 6.80322 -0.61251 161 161 161
3.31671 6.79804 -0.48978 161 161 161
3.33909 6.80058 -0.36597 163 163 163
3.34137 6.80404 -0.23997 166 166 166
3.35631 6.79833 -0.11506 169 169 169
3.36174 7.20344 0.01125 167 167 167
3.35967 7.20166 0.13673 174 174 174
3.35487 7.20101 0.26222 174 174 174
3.34425 7.20149 0.38742 169 169 169
3.32937 7.20075 0.51227 163 163 163
3.30283 7.19836 0.63520 179 179 179
3.27547 7.20262 0.75776 175 175 175
3.24366 7.20000 0.87923 178 178 178
3.21012 7.19953 1.00033 173 173 173
3.16732 7.20134 1.11848 176 176 176
3.11950 7.19698 1.23461 170 170 170
3.07258 7.20097 1.35118 182 182 182
3.01522 7.20295 1.46297 179 179 179
2.95701 7.19765 1.57427 181 181 181
2.89578 7.20206 1.68403 178 178 178
2.82398 7.20126 1.78722 187 187 187
2.75443 7.20092 1.89182 179 179 179
2.67787 7.20340 1.99141 183 183 183
2.60387 7.20060 2.09335 185 185 185
2.51663 7.19672 2.18411 188 188 188
2.42635 7.20040 2.27156 186 186 186
2.34142 7.19946 2.36456 185 185 185
2.24610 7.19304 2.44668 181 181 181
2.14854 7.20067 2.52603 185 185 185
2.04729 7.20051 2.60056 190 190 190
1.94274 7.19909 2.67026 192 192 192
1.83707 7.20374 2.73811 195 195 195
1.72779 7.20197 2.79995 191 191 191
1.61763 7.19732 2.86015 187 187 187
1.50638 7.19875 2.91866 192 192 192
1.39053 7.20103 2.96741 194 194 194
1.27578 7.20131 3.01931 197 197 197
1.15541 7.19683 3.05621 193 193 193
1.03472 7.19655 3.09133 201 201 201
0.91316 7.20306 3.12321 195 195 195
0.78974 7.19597 3.14680 191 191 191
0.66621 7.20059 3.16915 194 194 194
0.54151 7.20154 3.18350 193 193 193
0.41718 7.20349 3.20224 196 196 196
0.29181 7.19898 3.21231 200 200 200
0.16604 7.20226 3.20328 198 198 198
0.04070 7.19787 3.20146 200 200 200
-0.08469 7.19543 3.19716 190 190 190
-0.21073 7.19704 3.19457 200 200 200
-0.33449 7.20161 3.17149 199 199 199
-0.45668 7.19816 3.14189 195 195 195
-0.58188 7.20153 3.12660 194 194 194
-0.70349 7.20039 3.09439 191 191 191
-0.82258 7.20211 3.05392 198 198 198
-0.94198 7.19897 3.01468 196 196 196
-1.05888 7.20187 2.96849 196 196 196
-1.17205 7.20523 2.91379 191 191 191
-1.28738 7.20017 2.86376 194 194 194
-1.39704 7.20239 2.80234 193 193 193
-1.50532 7.20024 2.73868 187 187 187
-1.61452 7.19950 2.67605 190 190 190
-1.71654 7.20412 2.60240 194 194 194
-1.81134 7.19919 2.51955 191 191 191
-1.91293 7.19722 2.44542 193 193 193
-2.00169 7.20008 2.35629 188 188 188
-2.09977 7.20162 2.27707 188 188 188
-2.17993 7.20027 2.17985 187 187 187
-2.26951 7.20183 2.09141 189 189 189
-2.34203 7.19993 1.98846 187 187 187
-2.42376 7.19835 1.89286 181 181 181
-2.49257 7.20549 1.78768 188 188 188
-2.56909 7.20234 1.68734 187 187 187
-2.62627 7.20404 1.57502 176 176 176
-2.68065 7.20293 1.46171 179 179 179
-2.73637 7.19946 1.34928 185 185 185
-2.78695 7.20225 1.23442 179 179 179
-2.83769 7.20399 1.11939 181 181 181
-2.87807 7.20043 1.00034 178 178 178
-2.91219 7.20305 0.87940 176 176 176
-2.94914 7.19880 0.75914 175 175 175
-2.96871 7.19719 0.63479 175 175 175
-2.99831 7.19940 0.51243 174 174 174
-3.00795 7.20149 0.38692 173 173 173
-3.02244 7.19533 0.26219 179 179 179
-3.02875 7.20289 0.13677 163 163 163
-3.04581 7.19798 0.01125 163 163 163
-3.02440 7.20359 -0.11410 169 169 169
-3.02545 7.19844 -0.23993 161 161 161
-3.00691 7.20128 -0.36429 166 166 166
-3.00321 7.19933 -0.49071 165 165 165
-2.97215 7.20304 -0.61298 162 162 162
-2.94830 7.19462 -0.73644 158 158 158
-2.90976 7.20195 -0.85622 159 159 159
-2.88063 7.20629 -0.97868 158 158 158
-2.83198 7.20277 -1.09478 154 154 154
-2.79152 7.19872 -1.21381 159 159 159
-2.73325 7.19537 -1.32534 161 161 161
-2.68707 7.19893 -1.44249 150 150 150
-2.62728 7.19875 -1.55308 160 160 160
-2.56181 7.20271 -1.66038 150 150 150
-2.49371 7.19804 -1.76594 152 152 152
-2.41469 7.19545 -1.86377 150 150 150
-2.34486 7.19859 -1.96819 153 153 153
-2.26624 7.20052 -2.06612 156 156 156
-2.18554 7.20233 -2.16253 146 146 146
-2.09785 7.19978 -2.25265 149 149 149
-2.00851 7.19414 -2.34117 147 147 147
-1.91018 7.19692 -2.41969 140 140 140
-1.81599 7.20329 -2.50295 140 140 140
-1.71105 7.19957 -2.57235 147 147 147
-1.61363 7.20242 -2.65223 146 146 146
-1.50604 7.20093 -2.71734 146 146 146
-1.39652 7.20525 -2.77890 140 140 140
-1.28760 7.20347 -2.84169 145 145 145
-1.17453 7.19988 -2.89669 142 142 142
-1.05913 7.20191 -2.94659 140 140 140
-0.94343 7.19535 -2.99612 142 142 142
-0.82306 7.19529 -3.03289 136 136 136
-0.70256 7.19937 -3.06858 146 146 146
-0.58061 7.19860 -3.09877 138 138 138
-0.45799 7.19620 -3.12599 140 140 140
-0.33498 7.20038 -3.15212 147 147 147
-0.21026 7.19778 -3.16814 139 139 139
-0.08539 7.20003 -3.18348 135 135 135
0.04032 7.20306 -3.18877 136 136 136
0.16604 7.19607 -3.19152 140 140 140
0.29151 7.20010 -3.18192 136 136 136
0.41697 7.20340 -3.17703 141 141 141
0.54245 7.19370 -3.16898 140 140 140
0.66775 7.19863 -3.15637 142 142 142
0.79037 7.19969 -3.12746 143 143 143
0.91234 7.20430 -3.09728 138 138 138
1.03444 7.19732 -3.06785 134 134 134
1.15499 7.19683 -3.03240 135 135 135
1.27383 7.20136 -2.99153 141 141 141
1.38801 7.20323 -2.93883 142 142 142
1.50578 7.20054 -2.89486 140 140 140
1.61848 7.19817 -2.83931 141 141 141
1.73159 7.19739 -2.78424 146 146 146
1.83737 7.19815 -2.71611 139 139 139
1.94394 7.20330 -2.64956 146 146 146
2.04705 7.19896 -2.57774 152 152 152
2.14694 7.19899 -2.50151 146 146 146
2.24209 7.19959 -2.41949 149 149 149
2.34034 7.19902 -2.34089 153 153 153
2.43096 7.20209 -2.25366 146 146 146
2.51792 7.20085 -2.16280 150 150 150
2.60081 7.20303 -2.06824 151 151 151
2.67803 7.20363 -1.96904 152 152 152
2.75856 7.20236 -1.87232 163 163 163
2.82187 7.20315 -1.76331 151 151 151
2.89795 7.19981 -1.66286 156 156 156
2.95742 7.20208 -1.55199 150 150 150
3.01636 7.20153 -1.44106 156 156 156
3.07304 7.19743 -1.32889 153 153 153
3.11844 7.20276 -1.21167 158 158 158
3.16745 7.20024 -1.09603 152 152 152
3.21095 7.19674 -0.97810 159 159 159
3.23988 7.20293 -0.85566 159 159 159
3.27641 7.20063 -0.73548 161 161 161
3.30577 7.19877 -0.61328 160 160 160
3.33005 7.20228 -0.48988 165 165 165
3.34567 7.19843 -0.36508 163 163 163
3.35576 7.20173 -0.23979 167 167 167
3.36041 7.20066 -0.11426 163 163 163
3.37272 7.59894 0.01188 174 174 174
3.36662 7.59523 0.13729 168 168 168
3.36365 7.60306 0.26285 168 168 168
3.34739 7.60233 0.38739 164 164 164
3.33329 7.59999 0.51215 168 168 168
3.31264 7.59872 0.63605 176 176 176
3.28430 7.59810 0.75842 170 170 170
3.24952 7.60060 0.87906 183 183 183
3.22318 7.59601 1.00238 182 182 182
3.18214 7.60632 1.12137 181 181 181
3.13350 7.59775 1.23744 173 173 173
3.08840 7.59795 1.35510 183 183 183
3.02919 7.59962 1.46630 175 175 175
2.97358 7.59871 1.57931 176 176 176
2.90206 7.60266 1.68320 181 181 181
2.83373 7.60019 1.78857 187 187 187
2.76628 7.59849 1.89476 189 189 189
2.68943 7.60012 1.99432 189 189 189
2.60636 7.59705 2.08869 187 187 187
2.52081 7.60033 2.18058 188 188 188
2.43698 7.60102 2.27415 185 185 185
2.35061 7.59883 2.36575 192 192 192
2.25217 7.60216 2.44427 191 191 191
2.15605 7.59948 2.52519 194 194 194
2.05446 7.60123 2.59912 183 183 183
1.95070 7.60428 2.66982 190 190 190
1.84799 7.59736 2.74242 190 190 190
1.73937 7.60482 2.80578 191 191 191
1.62682 7.60217 2.86179 195 195 195
1.51217 7.60248 2.91304 184 184 184
1.39779 7.60109 2.96465 198 198 198
1.28176 7.59834 3.01265 192 192 192
1.16347 7.60200 3.05496 198 198 198
1.04260 7.59597 3.08916 196 196 196
0.92182 7.60519 3.12380 195 195 195
0.79868 7.59713 3.14876 196 196 196
0.67481 7.59542 3.16937 205 205 205
0.55046 7.60583 3.18653 201 201 201
0.42570 7.60214 3.20096 199 199 199
0.30044 7.59863 3.21181 191 191 191
0.17471 7.60111 3.21600 194 194 194
0.04926 7.60122 3.20488 197 197 197
-0.07624 7.60025 3.20051 193 193 193
-0.20246 7.59646 3.19858 196 196 196
-0.32496 7.59763 3.16666 195 195 195
-0.44826 7.59783 3.14380 199 199 199
-0.57320 7.60589 3.12716 190 190 190
-0.69398 7.60322 3.09204 190 190 190
-0.81601 7.60054 3.06102 190 190 190
-0.93218 7.60446 3.01224 186 186 186
-1.05169 7.59599 2.97268 193 193 193
-1.16795 7.60472 2.92433 191 191 191
-1.27947 7.59926 2.86586 195 195 195
-1.39506 7.60191 2.81491 196 196 196
-1.49460 7.60570 2.73594 194 194 194
-1.60540 7.59603 2.67600 192 192 192
-1.70713 7.60518 2.60201 190 190 190
-1.80805 7.60157 2.52700 195 195 195
-1.90487 7.59763 2.44675 193 193 193
-1.99696 7.59443 2.36118 188 188 188
-2.08851 7.60167 2.27510 185 185 185
-2.17613 7.60221 2.18497 187 187 187
-2.25644 7.60139 2.08827 184 184 184
-2.33452 7.60129 1.99000 192 192 192
-2.41602 7.60224 1.89415 183 183 183
-2.48592 7.59820 1.78965 180 180 180
-2.55634 7.60084 1.68547 179 179 179
-2.61115 7.59965 1.57203 174 174 174
-2.67651 7.60035 1.46465 183 183 183
-2.73360 7.60088 1.35263 181 181 181
-2.78476 7.59895 1.23773 175 175 175
-2.82630 7.60133 1.11901 176 176 176
-2.86576 7.59635 0.99978 181 181 181
-2.90235 7.59943 0.87970 179 179 179
-2.93609 7.59883 0.75871 175 175 175
-2.96060 7.60136 0.63553 169 169 169
-2.98792 7.59960 0.51279 175 175 175
-2.99975 7.60036 0.38760 169 169 169
-3.01813 7.60234 0.26316 171 171 171
-3.02747 7.60106 0.13769 175 175 175
-3.02267 7.60346 0.01188 168 168 168
-3.03207 7.60271 -0.11412 171 171 171
-3.01690 7.60096 -0.23931 164 164 164
-3.00025 7.59992 -0.36391 160 160 160
-2.98603 7.59920 -0.48874 164 164 164
-2.97135 7.60172 -0.61392 159 159 159
-2.94043 7.59984 -0.73601 155 155 155
-2.90375 7.60265 -0.85634 160 160 160
-2.87316 7.60166 -0.97844 158 158 158
-2.82869 7.59696 -1.09614 162 162 162
-2.78304 7.59885 -1.21327 155 155 155
-2.72568 7.59843 -1.32522 151 151 151
-2.67502 7.59766 -1.44014 151 151 151
-2.62272 7.60144 -1.55476 156 156 156
-2.55290 7.60443 -1.65961 153 153 153
-2.48320 7.60084 -1.76408 148 148 148
-2.42099 7.59838 -1.87402 150 150 150
-2.34124 7.59858 -1.97154 156 156 156
-2.25842 7.60400 -2.06622 156 156 156
-2.17626 7.59947 -2.16134 152 152 152
-2.08653 7.59685 -2.24936 155 155 155
-1.99739 7.59868 -2.33789 144 144 144
-1.90451 7.59870 -2.42259 150 150 150
-1.80682 7.60079 -2.50169 142 142 142
-1.70602 7.60375 -2.57673 137 137 137
-1.60256 7.60364 -2.64800 142 142 142
-1.49819 7.60049 -2.71806 149 149 149
-1.39003 7.60456 -2.78218 144 144 144
-1.28061 7.59942 -2.84435 140 140 140
-1.16373 7.59963 -2.89144 141 141 141
-1.05121 7.60188 -2.94776 145 145 145
-0.93118 7.59405 -2.98578 145 145 145
-0.81431 7.60201 -3.03202 142 142 142
-0.69301 7.60057 -3.06484 145 145 145
-0.57319 7.59949 -3.10338 145 145 145
-0.45045 7.60299 -3.13103 135 135 135
-0.32653 7.60132 -3.15283 134 134 134
-0.20149 7.60271 -3.16667 145 145 145
-0.07623 7.59807 -3.17662 145 145 145
0.04906 7.60103 -3.18622 143 143 143
0.17471 7.60662 -3.18900 133 133 133
0.30054 7.60085 -3.19073 138 138 138
0.42565 7.60452 -3.17663 142 142 142
0.55022 7.59982 -3.16080 145 145 145
0.67504 7.60083 -3.14707 142 142 142
0.79908 7.60137 -3.12703 142 142 142
0.92063 7.60078 -3.09509 136 136 136
1.04439 7.59812 -3.07176 141 141 141
1.16237 7.60275 -3.02783 139 139 139
1.28447 7.59975 -2.99625 140 140 140
1.40105 7.60006 -2.94875 148 148 148
1.51654 7.59398 -2.89877 137 137 137
1.62910 7.60017 -2.84251 140 140 140
1.73955 7.59805 -2.78235 150 150 150
1.84850 7.60005 -2.71950 149 149 149
1.94914 7.60118 -2.64374 147 147 147
2.05568 7.59587 -2.57706 147 147 147
2.15776 7.60414 -2.50361 148 148 148
2.25287 7.60090 -2.42134 142 142 142
2.34810 7.59738 -2.33928 148 148 148
2.43970 7.60054 -2.25311 148 148 148
2.52224 7.59438 -2.15816 143 143 143
2.60567 7.59773 -2.06436 153 153 153
2.68656 7.60265 -1.96830 153 153 153
2.76567 7.59974 -1.87057 147 147 147
2.83203 7.59968 -1.76369 158 158 158
2.89922 7.60271 -1.65771 148 148 148
2.96581 7.59851 -1.55121 148 148 148
3.02498 7.59711 -1.44041 152 152 152
3.08533 7.60197 -1.32994 154 154 154
3.13180 7.60021 -1.21299 158 158 158
3.17995 7.59906 -1.09682 159 159 159
3.21861 7.59898 -0.97715 160 160 160
3.25438 7.59939 -0.85668 156 156 156
3.28694 7.60350 -0.73531 161 161 161
3.31357 7.59757 -0.61248 160 160 160
3.32947 7.59808 -0.48779 167 167 167
3.35543 7.59809 -0.36459 167 167 167
3.36046 7.59722 -0.23885 163 163 163
3.36939 7.60262 -0.11364 164 164 164
3.38597 7.99961 0.01250 170 170 170
3.37896 8.00437 0.13806 161 161 161
3.37633 7.99821 0.26380 170 170 170
3.36178 8.00184 0.38870 166 166 166
3.34219 7.99996 0.51282 163 163 163
3.32494 8.00086 0.63741 172 172 172
3.29083 7.99995 0.75855 167 167 167
3.27040 8.00142 0.88315 174 174 174
3.22556 7.99906 1.00099 185 185 185
3.18922 7.99603 1.12144 175 175 175
3.14271 7.99983 1.23833 186 186 186
3.07622 7.99705 1.34616 175 175 175
3.03044 7.99703 1.46319 188 188 188
2.97971 7.99941 1.57857 180 180 180
2.91232 7.99751 1.68485 183 183 183
2.84458 7.99955 1.79072 184 184 184
2.77248 8.00165 1.89365 180 180 180
2.69394 7.99783 1.99174 181 181 181
2.61401 8.00542 2.08853 177 177 177
2.53291 8.00247 2.18446 181 181 181
2.44758 8.00100 2.27679 185 185 185
2.36104 8.00107 2.36838 190 190 190
2.25895 7.99876 2.44278 188 188 188
2.16554 8.00034 2.52697 188 188 188
2.06120 7.99716 2.59721 190 190 190
1.96143 8.00023 2.67367 196 196 196
1.85409 8.00166 2.73899 195 195 195
1.74444 7.99921 2.80013 192 192 192
1.63723 8.00090 2.86602 191 191 191
1.52178 8.00146 2.91591 198 198 198
1.40902 7.99834 2.97167 194 194 194
1.29079 7.99600 3.01452 196 196 196
1.17563 7.99884 3.06661 189 189 189
1.05316 7.99870 3.09681 200 200 200
0.93027 8.00475 3.12389 194 194 194
0.80708 8.00090 3.14851 194 194 194
0.68321 7.99580 3.16883 201 201 201
0.55842 7.99843 3.18195 200 200 200
0.43435 7.99586 3.20254 198 198 198
0.30915 7.99719 3.21583 196 196 196
0.18329 7.99986 3.22583 201 201 201
0.05758 7.99727 3.21218 195 195 195
-0.06770 8.00311 3.20167 202 202 202
-0.19280 8.00080 3.19006 194 194 194
-0.31772 8.00196 3.17579 193 193 193
-0.44166 8.00094 3.15432 195 195 195
-0.56420 8.00126 3.12603 201 201 201
-0.68629 7.99623 3.09580 191 191 191
-0.80510 7.99880 3.05445 195 195 195
-0.92244 8.00143 3.00971 193 193 193
-1.04054 8.00164 2.96709 188 188 188
-1.15509 8.00202 2.91567 189 189 189
-1.27149 7.99775 2.86767 199 199 199
-1.38206 7.99788 2.80765 197 197 197
-1.48954 8.00086 2.74232 182 182 182
-1.59053 8.00199 2.66721 189 189 189
-1.69948 7.99984 2.60391 196 196 196
-1.79797 7.99836 2.52571 193 193 193
-1.89425 7.99936 2.44498 189 189 189
-1.98865 8.00048 2.36210 186 186 186
-2.08191 8.00076 2.27771 189 189 189
-2.16784 8.00013 2.18586 182 182 182
-2.25278 7.99968 2.09310 194 194 194
-2.33087 8.00221 1.99450 185 185 185
-2.40260 7.99528 1.89126 181 181 181
-2.48040 8.00003 1.79232 189 189 189
-2.54815 7.99940 1.68633 176 176 176
-2.60901 8.00053 1.57627 181 181 181
-2.66490 8.00508 1.46373 178 178 178
-2.72149 8.00035 1.35162 175 175 175
-2.77640 8.00484 1.23844 180 180 180
-2.81975 8.00036 1.12038 177 177 177
-2.85954 7.99906 1.00118 176 176 176
-2.89675 7.99649 0.88116 174 174 174
-2.92673 7.99670 0.75915 173 173 173
-2.95911 8.00044 0.63756 170 170 170
-2.97738 8.00114 0.51310 180 180 180
-2.99517 8.00563 0.38870 171 171 171
-3.00234 8.00649 0.26322 168 168 168
-3.01043 7.99902 0.13798 163 163 163
-3.01778 7.99904 0.01250 167 167 167
-3.00964 7.99967 -0.11295 162 162 162
-3.01316 8.00120 -0.23907 166 166 166
-2.99269 7.99785 -0.36340 163 163 163
-2.98249 7.99573 -0.48891 162 162 162
-2.95465 7.99612 -0.61168 169 169 169
-2.93137 8.00205 -0.73527 162 162 162
-2.89353 8.00334 -0.85525 165 165 165
-2.86232 7.99723 -0.97708 158 158 158
-2.82350 8.00092 -1.09676 159 159 159
-2.76642 8.00125 -1.20931 150 150 150
-2.72352 7.99671 -1.32756 158 158 158
-2.66966 7.99906 -1.44115 160 160 160
-2.60300 8.00079 -1.54790 156 156 156
-2.54363 8.00010 -1.65856 150 150 150
-2.47854 8.00198 -1.76608 148 148 148
-2.40585 8.00120 -1.86862 149 149 149
-2.32944 8.00109 -1.96838 148 148 148
-2.24957 8.00476 -2.06536 152 152 152
-2.16959 8.00422 -2.16249 148 148 148
-2.08369 8.00305 -2.25448 141 141 141
-1.99159 8.00382 -2.34028 147 147 147
-1.89395 8.00130 -2.41964 152 152 152
-1.79827 7.99967 -2.50110 140 140 140
-1.69884 7.99813 -2.57803 145 145 145
-1.59885 7.99706 -2.65466 141 141 141
-1.49165 7.99988 -2.72076 143 143 143
-1.38292 8.00006 -2.78418 143 143 143
-1.26931 8.00148 -2.83839 139 139 139
-1.15839 7.99993 -2.89782 142 142 142
-1.04219 7.99946 -2.94608 139 139 139
-0.92477 7.99748 -2.99104 135 135 135
-0.80424 8.00194 -3.02682 150 150 150
-0.68582 8.00159 -3.06914 141 141 141
-0.56287 7.99948 -3.09548 138 138 138
-0.44175 8.00034 -3.12981 140 140 140
-0.31800 7.99903 -3.15252 139 139 139
-0.19298 7.99917 -3.16662 135 135 135
-0.06796 7.99967 -3.17993 138 138 138
0.05741 7.99921 -3.19133 146 146 146
0.18329 8.00131 -3.19334 134 134 134
0.30913 7.99993 -3.19028 148 148 148
0.43447 8.00023 -3.17901 139 139 139
0.56003 7.99931 -3.17053 140 140 140
0.68409 7.99833 -3.14943 141 141 141
0.80730 7.99896 -3.12462 140 140 140
0.93171 7.99610 -3.10488 137 137 137
1.05175 7.99817 -3.06682 138 138 138
1.17281 8.00478 -3.03294 137 137 137
1.29164 8.00301 -2.99180 137 137 137
1.40924 7.99632 -2.94719 144 144 144
1.52362 8.00029 -2.89489 145 145 145
1.63781 7.99930 -2.84215 145 145 145
1.74580 8.00268 -2.77756 141 141 141
1.85507 7.99974 -2.71559 145 145 145
1.96202 8.00046 -2.64956 142 142 142
2.06103 7.99818 -2.57199 139 139 139
2.16626 7.99856 -2.50288 149 149 149
2.26226 7.99674 -2.42166 148 148 148
2.35406 7.99613 -2.33582 149 149 149
2.44447 7.99757 -2.24867 142 142 142
2.53977 8.00050 -2.16580 144 144 144
2.61772 7.99443 -2.06670 144 144 144
2.69791 8.00255 -1.96987 148 148 148
2.77581 7.99920 -1.87107 148 148 148
2.84423 8.00245 -1.76548 153 153 153
2.90847 8.00153 -1.65749 149 149 149
2.97408 8.00007 -1.55042 159 159 159
3.02801 7.99512 -1.43696 155 155 155
3.08953 7.99468 -1.32730 155 155 155
3.14164 7.99870 -1.21289 156 156 156
3.19194 7.99992 -1.09745 157 157 157
3.23406 7.99617 -0.97876 160 160 160
3.26313 8.00446 -0.85610 166 166 166
3.29846 7.99790 -0.73539 158 158 158
3.32590 8.00086 -0.61260 170 170 170
3.34287 7.99938 -0.48793 163 163 163
3.36705 8.00444 -0.36432 165 165 165
3.37927 7.99676 -0.23903 167 167 167
3.38343 8.00010 -0.11323 159 159 159
3.39267 8.40003 0.01313 165 165 165
3.39283 8.40149 0.13889 162 162 162
3.38750 8.39922 0.26463 168 168 168
3.37190 8.40548 0.38952 173 173 173
3.35455 8.40711 0.51406 176 176 176
3.33003 8.40032 0.63736 166 166 166
3.30835 8.39806 0.76135 174 174 174
3.27169 8.40602 0.88175 180 180 180
3.23451 8.40171 1.00177 174 174 174
3.19618 8.39617 1.12151 175 175 175
3.14509 8.39802 1.23643 176 176 176
3.09724 8.39394 1.35256 183 183 183
3.04392 8.39964 1.46636 174 174 174
2.98126 8.39577 1.57531 183 183 183
2.91856 8.39705 1.68410 179 179 179
2.85158 8.40141 1.79035 189 189 189
2.78165 8.39851 1.89478 185 185 185
2.70611 8.40102 1.99526 187 187 187
2.62094 8.40364 2.08782 190 190 190
2.54218 8.39923 2.18582 183 183 183
2.45365 8.39580 2.27500 188 188 188
2.36222 8.39450 2.36109 191 191 191
2.27337 8.39686 2.45036 186 186 186
2.17394 8.39926 2.52749 183 183 183
2.07122 8.40155 2.59995 193 193 193
1.97136 8.40055 2.67645 202 202 202
1.86208 8.40377 2.73881 186 186 186
1.75362 8.39742 2.80199 193 193 193
1.64624 8.39977 2.86767 200 200 200
1.53271 8.39576 2.92184 185 185 185
1.41558 8.39924 2.96766 188 188 188
1.29778 8.40218 3.01107 193 193 193
1.18106 8.40180 3.05783 195 195 195
1.05914 8.39587 3.08856 202 202 202
0.93938 8.39929 3.12710 194 194 194
0.81438 8.40004 3.14318 200 200 200
0.69281 8.40664 3.17652 191 191 191
0.56767 8.40159 3.18899 198 198 198
0.44282 8.39899 3.20295 194 194 194
0.31728 8.40235 3.20739 202 202 202
0.19178 8.40288 3.21142 198 198 198
0.06622 8.40364 3.20888 198 198 198
-0.05914 8.40322 3.20131 195 195 195
-0.18405 8.40034 3.18848 187 187 187
-0.30873 8.40126 3.17319 195 195 195
-0.43271 8.40078 3.15265 199 199 199
-0.55455 8.39782 3.12179 196 196 196
-0.67712 8.39911 3.09399 207 207 207
-0.79737 8.40056 3.05740 190 190 190
-0.91509 8.39850 3.01343 193 193 193
-1.03268 8.40008 2.96922 189 189 189
-1.14713 8.39403 2.91743 187 187 187
-1.26259 8.39653 2.86748 188 188 188
-1.37103 8.39574 2.80373 194 194 194
-1.47684 8.40061 2.73606 194 194 194
-1.58432 8.39833 2.67125 186 186 186
-1.68982 8.39461 2.60292 192 192 192
-1.79047 8.39946 2.52760 190 190 190
-1.88750 8.40181 2.44765 191 191 191
-1.98115 8.39834 2.36378 184 184 184
-2.07111 8.40225 2.27601 183 183 183
-2.15970 8.40006 2.18681 182 182 182
-2.24078 8.39733 2.09073 188 188 188
-2.32246 8.39439 1.99519 184 184 184
-2.39831 8.39907 1.89493 179 179 179
-2.47048 8.40077 1.79199 181 181 181
-2.53669 8.39972 1.68513 179 179 179
-2.60326 8.40287 1.57842 181 181 181
-2.65832 8.39787 1.46532 177 177 177
-2.71916 8.40326 1.35509 180 180 180
-2.76314 8.40177 1.23709 178 178 178
-2.80921 8.40022 1.12025 179 179 179
-2.84872 8.40188 1.00104 176 176 176
-2.88619 8.39909 0.88120 175 175 175
-2.92169 8.40344 0.76060 173 173 173
-2.95088 8.40017 0.63824 177 177 177
-2.97143 8.40132 0.51413 165 165 165
-2.98224 8.40004 0.38879 175 175 175
-2.99691 8.40352 0.26408 168 168 168
-3.00299 8.40122 0.13865 168 168 168
-3.01508 8.39927 0.01313 171 171 171
-3.00747 8.40144 -0.11257 171 171 171
-2.99729 8.40248 -0.23786 165 165 165
-2.98351 8.39978 -0.36269 168 168 168
-2.97352 8.39656 -0.48821 164 164 164
-2.94823 8.39954 -0.61146 159 159 159
-2.91847 8.39653 -0.73358 166 166 166
-2.88779 8.40020 -0.85540 155 155 155
-2.85046 8.40196 -0.97536 164 164 164
-2.81070 8.39928 -1.09455 154 154 154
-2.76221 8.39803 -1.21046 153 153 153
-2.70911 8.40064 -1.32420 161 161 161
-2.66010 8.39983 -1.43998 157 157 157
-2.60273 8.39678 -1.55187 150 150 150
-2.54134 8.40091 -1.66173 152 152 152
-2.47025 8.39637 -1.76559 147 147 147
-2.39808 8.40532 -1.86851 153 153 153
-2.31698 8.39467 -1.96462 147 147 147
-2.24382 8.40522 -2.06707 146 146 146
-2.15858 8.39515 -2.15952 153 153 153
-2.07466 8.40139 -2.25331 149 149 149
-1.97914 8.39919 -2.33536 155 155 155
-1.88558 8.39654 -2.41915 142 142 142
-1.78794 8.39628 -2.49814 148 148 148
-1.69120 8.39977 -2.57858 140 140 140
-1.58590 8.40302 -2.64735 148 148 148
-1.48201 8.39784 -2.71825 145 145 145
-1.37252 8.39901 -2.78012 148 148 148
-1.26039 8.40179 -2.83691 143 143 143
-1.14507 8.39745 -2.88672 139 139 139
-1.03286 8.40140 -2.94342 143 143 143
-0.91775 8.40407 -2.99437 138 138 138
-0.79635 8.39887 -3.02803 138 138 138
-0.67649 8.40034 -3.06552 148 148 148
-0.55421 8.39991 -3.09412 140 140 140
-0.43215 8.40282 -3.12359 136 136 136
-0.30883 8.40023 -3.14761 136 136 136
-0.18514 8.39713 -3.17141 150 150 150
-0.05931 8.39604 -3.17726 130 130 130
0.06637 8.39884 -3.17867 139 139 139
0.19178 8.39973 -3.18765 137 137 137
0.31757 8.40096 -3.18856 139 139 139
0.44255 8.40149 -3.17318 143 143 143
0.56740 8.39813 -3.16048 143 143 143
0.69218 8.39657 -3.14632 137 137 137
0.81612 8.39938 -3.12566 133 133 133
0.93905 8.39937 -3.09949 137 137 137
1.05992 8.40022 -3.06507 143 143 143
1.18142 8.39668 -3.03267 143 143 143
1.29803 8.40634 -2.98549 149 149 149
1.41691 8.39622 -2.94462 143 143 143
1.53116 8.39747 -2.89222 145 145 145
1.64329 8.39899 -2.83562 147 147 147
1.75207 8.40198 -2.77298 147 147 147
1.86158 8.39779 -2.71175 147 147 147
1.97114 8.40033 -2.64989 141 141 141
2.07480 8.39895 -2.57863 146 146 146
2.17177 8.40164 -2.49849 141 141 141
2.26973 8.39789 -2.41984 147 147 147
2.36459 8.40339 -2.33742 150 150 150
2.45020 8.40195 -2.24529 147 147 147
2.54186 8.40292 -2.15927 142 142 142
2.62433 8.40158 -2.06447 152 152 152
2.70462 8.39880 -1.96784 152 152 152
2.78121 8.39871 -1.86821 150 150 150
2.85590 8.40151 -1.76698 154 154 154
2.92531 8.39840 -1.66199 163 163 163
2.98036 8.40668 -1.54856 153 153 153
3.04147 8.39931 -1.43887 152 152 152
3.09606 8.40211 -1.32577 159 159 159
3.15054 8.39467 -1.21244 156 156 156
3.19479 8.40278 -1.09475 157 157 157
3.23391 8.40024 -0.97533 149 149 149
3.26926 8.40179 -0.85481 160 160 160
3.30334 8.40248 -0.73389 157 157 157
3.32698 8.39804 -0.61051 163 163 163
3.35256 8.39524 -0.48749 160 160 160
3.36770 8.40030 -0.36277 164 164 164
3.38643 8.40212 -0.23830 156 156 156
3.38441 8.39788 -0.11231 169 169 169
3.40228 8.80084 0.01375 167 167 167
3.39496 8.80010 0.13927 169 169 169
3.38596 8.80112 0.26448 169 169 169
3.37477 8.79839 0.38949 166 166 166
3.36334 8.80226 0.51475 175 175 175
3.33934 8.79517 0.63817 173 173 173
3.32041 8.80082 0.76285 176 176 176
3.28321 8.79959 0.88326 177 177 177
3.23734 8.80208 1.00059 175 175 175
3.19802 8.80168 1.11972 173 173 173
3.15143 8.80807 1.23620 180 180 180
3.10478 8.79879 1.35280 176 176 176
3.05421 8.79926 1.46796 183 183 183
2.99019 8.80116 1.57624 180 180 180
2.92742 8.79871 1.68501 182 182 182
2.85924 8.80147 1.79049 180 180 180
2.78693 8.80134 1.89315 187 187 187
2.71204 8.79974 1.99395 188 188 188
2.63440 8.80348 2.09278 182 182 182
2.55180 8.80287 2.18758 192 192 192
2.46737 8.79801 2.28096 180 180 180
2.37232 8.80322 2.36358 188 188 188
2.27723 8.79957 2.44568 193 193 193
2.17835 8.79718 2.52306 194 194 194
2.07960 8.79980 2.60057 189 189 189
1.97968 8.79941 2.67698 190 190 190
1.86991 8.80240 2.73853 185 185 185
1.76380 8.80061 2.80581 189 189 189
1.65113 8.80088 2.86143 190 190 190
1.53888 8.79901 2.91765 196 196 196
1.42466 8.80068 2.96995 199 199 199
1.30616 8.80327 3.01168 182 182 182
1.18822 8.79963 3.05466 194 194 194
1.06762 8.80210 3.08950 205 205 205
0.94883 8.80070 3.13217 190 190 190
0.82546 8.80225 3.15733 192 192 192
0.70092 8.80153 3.17537 196 196 196
0.57622 8.79957 3.19106 200 200 200
0.45154 8.80009 3.20775 191 191 191
0.32581 8.79857 3.21153 201 201 201
0.20017 8.80021 3.21195 199 199 199
0.07473 8.79643 3.20635 203 203 203
-0.05093 8.79946 3.20427 191 191 191
-0.17615 8.80414 3.19320 195 195 195
-0.30005 8.80243 3.17199 196 196 196
-0.42344 8.80158 3.14881 192 192 192
-0.54759 8.79984 3.12838 201 201 201
-0.66912 8.80263 3.09600 197 197 197
-0.78760 8.79951 3.05378 193 193 193
-0.90858 8.80064 3.01913 199 199 199
-1.02476 8.80114 2.97099 194 194 194
-1.13990 8.79707 2.92057 190 190 190
-1.25269 8.80372 2.86513 187 187 187
-1.36580 8.79958 2.80999 190 190 190
-1.47130 8.79820 2.74133 188 188 188
-1.57631 8.79814 2.67244 187 187 187
-1.67898 8.79827 2.60017 197 197 197
-1.77857 8.79947 2.52376 194 194 194
-1.88039 8.79708 2.44977 196 196 196
-1.96752 8.79929 2.35873 188 188 188
-2.06325 8.79960 2.27716 191 191 191
-2.14855 8.80103 2.18488 189 189 189
-2.23377 8.79999 2.09252 192 192 192
-2.31444 8.80291 1.99610 185 185 185
-2.39027 8.80280 1.89581 187 187 187
-2.46276 8.80044 1.79306 184 184 184
-2.53114 8.79695 1.68749 185 185 185
-2.59450 8.80393 1.57884 183 183 183
-2.64722 8.80013 1.46456 183 183 183
-2.71090 8.80327 1.35577 179 179 179
-2.75867 8.80072 1.23934 179 179 179
-2.80501 8.79857 1.12242 172 172 172
-2.84248 8.79883 1.00236 176 176 176
-2.87846 8.79733 0.88201 178 178 178
-2.91315 8.80127 0.76119 177 177 177
-2.93359 8.80168 0.63709 172 172 172
-2.96181 8.80256 0.51456 172 172 172
-2.97983 8.79936 0.39013 179 179 179
-2.98809 8.80156 0.26467 170 170 170
-3.00186 8.79800 0.13956 169 169 169
-2.99835 8.80244 0.01375 176 176 176
-2.99562 8.79470 -0.11181 166 166 166
-2.99068 8.80318 -0.23737 165 165 165
-2.98263 8.79557 -0.36296 165 165 165
-2.96291 8.80528 -0.48723 159 159 159
-2.93663 8.79593 -0.61020 158 158 158
-2.90401 8.80198 -0.73150 162 162 162
-2.87972 8.79752 -0.85487 155 155 155
-2.84771 8.79785 -0.97656 166 166 166
-2.80672 8.80055 -1.09555 160 160 160
-2.75772 8.80065 -1.21145 150 150 150
-2.70652 8.79908 -1.32625 150 150 150
-2.64483 8.80121 -1.43585 148 148 148
-2.59264 8.80065 -1.55030 154 154 154
-2.53016 8.80242 -1.65940 162 162 162
-2.45796 8.79889 -1.76235 153 153 153
-2.38815 8.79993 -1.86677 152 152 152
-2.31463 8.80145 -1.96876 146 146 146
-2.22977 8.79777 -2.06161 148 148 148
-2.14620 8.79744 -2.15521 147 147 147
-2.06300 8.80301 -2.24941 151 151 151
-1.96743 8.80002 -2.33114 146 146 146
-1.87702 8.79974 -2.41833 135 135 135
-1.78069 8.80105 -2.49895 151 151 151
-1.68088 8.80127 -2.57528 144 144 144
-1.57953 8.79813 -2.64976 139 139 139
-1.47215 8.79368 -2.71523 143 143 143
-1.36463 8.80179 -2.78038 141 141 141
-1.25469 8.79861 -2.84157 142 142 142
-1.14030 8.79863 -2.89394 142 142 142
-1.02281 8.80278 -2.93877 136 136 136
-0.90604 8.79950 -2.98475 139 139 139
-0.78732 8.79853 -3.02541 138 138 138
-0.66761 8.80033 -3.06316 145 145 145
-0.54778 8.80284 -3.10166 146 146 146
-0.42317 8.79659 -3.11996 136 136 136
-0.30122 8.79729 -3.15189 139 139 139
-0.17590 8.79425 -3.16359 138 138 138
-0.05094 8.80091 -3.17690 140 140 140
0.07463 8.80284 -3.18128 139 139 139
0.20017 8.79919 -3.18156 142 142 142
0.32574 8.80462 -3.18245 134 134 134
0.45115 8.80135 -3.17535 135 135 135
0.57668 8.80014 -3.16744 134 134 134
0.70105 8.79785 -3.14870 141 141 141
0.82493 8.79963 -3.12714 144 144 144
0.94762 8.79703 -3.09963 146 146 146
1.06801 8.79732 -3.06340 138 138 138
1.18706 8.79746 -3.02359 144 144 144
1.30744 8.79776 -2.98764 143 143 143
1.42631 8.79906 -2.94641 137 137 137
1.54015 8.80106 -2.89290 140 140 140
1.65374 8.79714 -2.83905 143 143 143
1.76515 8.79402 -2.78073 147 147 147
1.87406 8.79794 -2.71780 146 146 146
1.97754 8.80090 -2.64628 137 137 137
2.08587 8.79866 -2.58170 145 145 145
2.18291 8.80132 -2.50135 143 143 143
2.27977 8.80076 -2.42116 143 143 143
2.37343 8.80303 -2.33727 150 150 150
2.46300 8.79725 -2.24909 146 146 146
2.55522 8.80041 -2.16324 152 152 152
2.62887 8.79669 -2.06056 152 152 152
2.71616 8.80022 -1.96970 153 153 153
2.78896 8.79673 -1.86712 153 153 153
2.86032 8.79975 -1.76371 147 147 147
2.92659 8.79641 -1.65701 151 151 151
2.99044 8.79843 -1.54888 151 151 151
3.04947 8.80236 -1.43804 151 151 151
3.10548 8.79772 -1.32562 153 153 153
3.15727 8.79851 -1.21112 157 157 157
3.19711 8.80370 -1.09188 159 159 159
3.24566 8.80089 -0.97579 156 156 156
3.27297 8.80293 -0.85287 160 160 160
3.31226 8.79983 -0.73340 164 164 164
3.34063 8.79980 -0.61093 160 160 160
3.37166 8.80078 -0.48857 165 165 165
3.37510 8.80116 -0.36203 168 168 168
3.39125 8.79957 -0.23739 172 172 172
3.39424 8.79767 -0.11175 164 164 164
3.41247 9.20432 0.01437 166 166 166
3.40282 9.20277 0.13988 170 170 170
3.39284 9.20006 0.26499 172 172 172
3.39143 9.20152 0.39111 172 172 172
3.36767 9.19799 0.51475 171 171 171
3.34396 9.20023 0.63807 170 170 170
3.31334 9.19926 0.75979 181 181 181
3.29106 9.19720 0.88376 178 178 178
3.24890 9.20139 1.00228 178 178 178
3.21397 9.20054 1.12317 178 178 178
3.17156 9.20041 1.24174 178 178 178
3.11039 9.19509 1.35219 175 175 175
3.05097 9.19928 1.46271 177 177 177
3.00356 9.20221 1.57971 179 179 179
2.93545 9.20367 1.68548 181 181 181
2.86811 9.19512 1.79151 185 185 185
2.79831 9.20249 1.89602 191 191 191
2.72208 9.19867 1.99596 181 181 181
2.64243 9.20292 2.09319 182 182 182
2.55709 9.20265 2.18543 177 177 177
2.47075 9.20021 2.27668 191 191 191
2.37895 9.19540 2.36241 188 188 188
2.28713 9.20165 2.44819 188 188 188
2.18846 9.19991 2.52601 190 190 190
2.08732 9.19523 2.60042 194 194 194
1.98709 9.19973 2.67630 193 193 193
1.87723 9.19849 2.73758 192 192 192
1.77062 9.19889 2.80382 194 194 194
1.66477 9.19677 2.87257 191 191 191
1.54722 9.20241 2.91840 193 193 193
1.43380 9.19724 2.97262 187 187 187
1.31477 9.19927 3.01318 195 195 195
1.19654 9.20114 3.05539 191 191 191
1.07879 9.20407 3.10035 197 197 197
0.95606 9.19555 3.12840 194 194 194
0.83230 9.20135 3.15069 198 198 198
0.70857 9.19876 3.17201 198 198 198
0.58346 9.20252 3.18278 191 191 191
0.45954 9.19950 3.20473 191 191 191
0.33416 9.20088 3.21383 193 193 193
0.20845 9.19921 3.21236 198 198 198
0.08283 9.19969 3.21152 203 203 203
-0.04213 9.19973 3.19835 202 202 202
-0.16741 9.19531 3.18998 190 190 190
-0.29305 9.20296 3.18073 197 197 197
-0.41598 9.20075 3.15361 199 199 199
-0.53897 9.20160 3.12759 199 199 199
-0.65954 9.19613 3.09204 192 192 192
-0.78130 9.19899 3.06051 189 189 189
-0.90116 9.20203 3.02211 186 186 186
-1.01496 9.19563 2.96795 187 187 187
-1.13040 9.20018 2.91857 196 196 196
-1.24564 9.19793 2.86819 192 192 192
-1.35539 9.19770 2.80682 191 191 191
-1.46502 9.19888 2.74523 189 189 189
-1.56980 9.19921 2.67572 190 190 190
-1.67146 9.20307 2.60185 186 186 186
-1.77363 9.19759 2.52863 189 189 189
-1.86980 9.20198 2.44769 192 192 192
-1.96392 9.20248 2.36444 187 187 187
-2.05059 9.19948 2.27342 185 185 185
-2.14136 9.19905 2.18652 191 191 191
-2.22764 9.20378 2.09499 184 184 184
-2.30493 9.20386 1.99577 189 189 189
-2.38182 9.20199 1.89632 175 175 175
-2.45562 9.19697 1.79445 183 183 183
-2.52035 9.19566 1.68659 179 179 179
-2.58514 9.20411 1.57886 178 178 178
-2.64315 9.19721 1.46734 176 176 176
-2.69690 9.19457 1.35376 171 171 171
-2.75202 9.20196 1.24064 180 180 180
-2.78802 9.19690 1.11983 181 181 181
-2.82988 9.19973 1.00159 181 181 181
-2.86915 9.19951 0.88235 173 173 173
-2.89495 9.20002 0.75944 170 170 170
-2.93633 9.19813 0.63991 174 174 174
-2.95586 9.20083 0.51555 171 171 171
-2.96813 9.19943 0.39035 166 166 166
-2.97524 9.19796 0.26494 163 163 163
-2.99112 9.20354 0.14009 173 173 173
-2.99255 9.19779 0.01438 163 163 163
-2.99030 9.19959 -0.11130 170 170 170
-2.98504 9.19815 -0.23696 166 166 166
-2.96797 9.20154 -0.36158 162 162 162
-2.95421 9.19529 -0.48654 154 154 154
-2.93195 9.19922 -0.61029 160 160 160
-2.90680 9.20214 -0.73353 168 168 168
-2.87334 9.20005 -0.85478 158 158 158
-2.83508 9.19974 -0.97453 161 161 161
-2.79530 9.19845 -1.09377 162 162 162
-2.74994 9.19765 -1.21103 155 155 155
-2.69852 9.20380 -1.32576 153 153 153
-2.64155 9.19995 -1.43777 159 159 159
-2.58766 9.19958 -1.55152 156 156 156
-2.52066 9.19986 -1.65802 155 155 155
-2.45491 9.19584 -1.76523 149 149 149
-2.37804 9.20221 -1.86482 153 153 153
-2.30423 9.19891 -1.96646 154 154 154
-2.23079 9.20221 -2.06893 151 151 151
-2.14465 9.20286 -2.16081 149 149 149
-2.05460 9.20159 -2.24868 150 150 150
-1.96021 9.19333 -2.33167 149 149 149
-1.87287 9.19568 -2.42254 147 147 147
-1.76920 9.20386 -2.49427 140 140 140
-1.67121 9.19704 -2.57276 148 148 148
-1.56965 9.20023 -2.64674 143 143 143
-1.46392 9.19805 -2.71469 148 148 148
-1.35406 9.20158 -2.77569 147 147 147
-1.24615 9.20098 -2.84043 141 141 141
-1.12900 9.19878 -2.88678 142 142 142
-1.01878 9.19734 -2.94842 141 141 141
-0.89864 9.20055 -2.98654 146 146 146
-0.78072 9.19910 -3.02998 140 140 140
-0.65949 9.20195 -3.06309 141 141 141
-0.53739 9.19907 -3.09229 141 141 141
-0.41556 9.19992 -3.12275 134 134 134
-0.29233 9.19973 -3.14742 141 141 141
-0.16770 9.20053 -3.16370 142 142 142
-0.04263 9.20008 -3.17594 145 145 145
0.08259 9.20457 -3.18890 144 144 144
0.20845 9.20459 -3.18206 137 137 137
0.33371 9.20047 -3.17358 140 140 140
0.45961 9.20108 -3.17691 134 134 134
0.58486 9.20381 -3.16588 135 135 135
0.70851 9.20049 -3.14286 141 141 141
0.83189 9.20265 -3.11984 143 143 143
0.95500 9.20059 -3.09523 140 140 140
1.07548 9.19826 -3.05987 146 146 146
1.19729 9.20356 -3.02895 138 138 138
1.31573 9.19814 -2.98704 139 139 139
1.43391 9.20550 -2.94415 139 139 139
1.54970 9.19679 -2.89502 142 142 142
1.66119 9.20338 -2.83678 137 137 137
1.77197 9.20063 -2.77750 136 136 136
1.87970 9.20189 -2.71286 145 145 145
1.98838 9.20227 -2.64948 145 145 145
2.09091 9.20072 -2.57661 152 152 152
2.18963 9.19778 -2.49874 147 147 147
2.28834 9.19835 -2.42086 151 151 151
2.38128 9.19780 -2.33618 151 151 151
2.46835 9.20048 -2.24553 149 149 149
2.55724 9.20479 -2.15682 152 152 152
2.63820 9.20077 -2.06082 148 148 148
2.72184 9.20444 -1.96702 146 146 146
2.79360 9.20623 -1.86384 151 151 151
2.86438 9.19743 -1.76026 154 154 154
2.93209 9.19635 -1.65467 157 157 157
3.00008 9.20137 -1.54901 156 156 156
3.06440 9.20392 -1.44080 151 151 151
3.11753 9.19426 -1.32673 151 151 151
3.16416 9.19777 -1.20992 152 152 152
3.21208 9.20551 -1.09372 155 155 155
3.25572 9.20222 -0.97574 149 149 149
3.29093 9.20255 -0.85497 157 157 157
3.31920 9.20135 -0.73245 162 162 162
3.34969 9.19989 -0.61046 159 159 159
3.36521 9.20025 -0.48561 161 161 161
3.38468 9.20038 -0.36156 162 162 162
3.39431 9.19936 -0.23636 167 167 167
3.40376 9.19714 -0.11117 168 168 168
3.41515 9.59848 0.01500 168 168 168
3.41070 9.59837 0.14050 165 165 165
3.40412 9.60218 0.26586 164 164 164
3.39648 9.59920 0.39136 174 174 174
3.38027 9.59609 0.51607 175 175 175
3.35629 9.60208 0.63952 175 175 175
3.32717 9.59762 0.76177 166 166 166
3.30230 9.60133 0.88525 172 172 172
3.25909 9.59952 1.00356 171 171 171
3.22502 9.59850 1.12485 167 167 167
3.17783 9.59935 1.24157 181 181 181
3.12265 9.60172 1.35469 183 183 183
3.07024 9.60121 1.46899 177 177 177
3.00737 9.59940 1.57789 178 178 178
2.94766 9.60427 1.68858 190 190 190
2.87525 9.59821 1.79144 191 191 191
2.80266 9.59678 1.89386 183 183 183
2.72751 9.59949 1.99442 180 180 180
2.64695 9.59958 2.09069 178 178 178
2.56830 9.59634 2.18886 188 188 188
2.48163 9.59746 2.28000 185 185 185
2.38585 9.60239 2.36164 185 185 185
2.29704 9.60120 2.45084 184 184 184
2.19338 9.60279 2.52249 194 194 194
2.09698 9.60095 2.60308 190 190 190
1.99315 9.59830 2.67375 197 197 197
1.88773 9.59926 2.74198 187 187 187
1.78234 9.60287 2.81077 185 185 185
1.67082 9.59510 2.86901 194 194 194
1.55809 9.59696 2.92485 190 190 190
1.44281 9.59932 2.97525 201 201 201
1.32512 9.60613 3.01970 196 196 196
1.20598 9.59858 3.05990 199 199 199
1.08528 9.60099 3.09499 198 198 198
0.96406 9.59967 3.12827 192 192 192
0.83966 9.59906 3.14716 201 201 201
0.71728 9.60397 3.17600 198 198 198
0.59358 9.60400 3.19983 200 200 200
0.46736 9.60576 3.20082 196 196 196
0.34233 9.60289 3.21418 198 198 198
0.21663 9.60716 3.21313 203 203 203
0.09093 9.59830 3.21438 193 193 193
-0.03481 9.59472 3.20985 186 186 186
-0.16006 9.60301 3.19767 199 199 199
-0.28405 9.59753 3.17614 193 193 193
-0.40840 9.59809 3.15724 197 197 197
-0.53032 9.59816 3.12627 195 195 195
-0.65098 9.60486 3.09131 193 193 193
-0.77226 9.59575 3.05849 191 191 191
-0.88890 9.60219 3.01167 195 195 195
-1.00867 9.60009 2.97313 197 197 197
-1.12355 9.60156 2.92207 188 188 188
-1.23545 9.60074 2.86488 190 190 190
-1.34698 9.60085 2.80702 190 190 190
-1.45402 9.59802 2.74126 189 189 189
-1.56049 9.59852 2.67465 190 190 190
-1.66292 9.60141 2.60197 184 184 184
-1.76241 9.60436 2.52539 189 189 189
-1.86016 9.60261 2.44661 189 189 189
-1.95622 9.59840 2.36558 190 190 190
-2.04848 9.59920 2.28011 182 182 182
-2.13196 9.60048 2.18602 190 190 190
-2.21561 9.60083 2.09233 188 188 188
-2.29602 9.59897 1.99581 183 183 183
-2.37362 9.60131 1.89693 185 185 185
-2.44449 9.60052 1.79310 181 181 181
-2.50664 9.59917 1.68382 184 184 184
-2.57515 9.60391 1.57847 175 175 175
-2.63992 9.60269 1.47048 180 180 180
-2.69188 9.59891 1.35584 186 186 186
-2.74393 9.59811 1.24130 186 186 186
-2.78579 9.60343 1.12265 176 176 176
-2.83118 9.59994 1.00529 179 179 179
-2.86594 9.60275 0.88437 174 174 174
-2.89794 9.60027 0.76274 179 179 179
-2.92359 9.60116 0.63963 172 172 172
-2.94018 9.60199 0.51499 165 165 165
-2.96418 9.59472 0.39147 167 167 167
-2.96810 9.59442 0.26564 173 173 173
-2.97691 9.59770 0.14047 175 175 175
-2.98115 9.59975 0.01500 172 172 172
-2.98429 9.60092 -0.11076 167 167 167
-2.97129 9.60118 -0.23590 161 161 161
-2.95731 9.59796 -0.36066 166 166 166
-2.94145 9.59640 -0.48519 165 165 165
-2.92606 9.60009 -0.61012 161 161 161
-2.89522 9.59985 -0.73209 164 164 164
-2.86555 9.60132 -0.85427 165 165 165
-2.82508 9.59858 -0.97331 162 162 162
-2.78829 9.59822 -1.09357 160 160 160
-2.73469 9.59827 -1.20747 154 154 154
-2.69213 9.60124 -1.32595 154 154 154
-2.63144 9.60129 -1.43616 149 149 149
-2.58107 9.59810 -1.55179 149 149 149
-2.51726 9.60068 -1.66033 158 158 158
-2.44917 9.59961 -1.76623 155 155 155
-2.37246 9.60074 -1.86609 155 155 155
-2.29693 9.60314 -1.96653 150 150 150
-2.22009 9.59930 -2.06615 154 154 154
-2.13736 9.59960 -2.16101 145 145 145
-2.04490 9.60007 -2.24653 150 150 150
-1.95687 9.60051 -2.33628 147 147 147
-1.86274 9.60269 -2.41963 142 142 142
-1.76182 9.60230 -2.49465 150 150 150
-1.66497 9.59696 -2.57480 148 148 148
-1.55870 9.60173 -2.64197 151 151 151
-1.45624 9.59937 -2.71487 145 145 145
-1.34535 9.60051 -2.77411 144 144 144
-1.23985 9.59902 -2.84351 142 142 142
-1.12070 9.60022 -2.88589 147 147 147
-1.00945 9.59369 -2.94502 134 134 134
-0.89173 9.59932 -2.98934 145 145 145
-0.77243 9.60187 -3.02900 150 150 150
-0.65269 9.60199 -3.06738 137 137 137
-0.53140 9.59666 -3.10075 133 133 133
-0.40686 9.60101 -3.11949 141 141 141
-0.28423 9.59584 -3.14730 134 134 134
-0.15925 9.59840 -3.16078 135 135 135
-0.03431 9.60263 -3.17354 141 141 141
0.09108 9.60128 -3.18035 136 136 136
0.21663 9.60129 -3.18297 138 138 138
0.34233 9.59557 -3.18438 136 136 136
0.46834 9.60016 -3.18330 145 145 145
0.59233 9.59819 -3.15931 134 134 134
0.71701 9.60558 -3.14430 138 138 138
0.84141 9.60103 -3.12597 141 141 141
0.96424 9.59806 -3.09904 145 145 145
1.08570 9.60015 -3.06650 138 138 138
1.20625 9.59772 -3.03073 136 136 136
1.32517 9.59943 -2.98983 145 145 145
1.44125 9.59678 -2.94150 151 151 151
1.55755 9.59843 -2.89368 146 146 146
1.66909 9.60236 -2.83561 134 134 134
1.78191 9.60339 -2.78001 141 141 141
1.88830 9.60240 -2.71292 141 141 141
1.99092 9.60117 -2.64041 148 148 148
2.09569 9.60218 -2.57131 142 142 142
2.19811 9.60192 -2.49850 146 146 146
2.28975 9.60034 -2.41231 141 141 141
2.38940 9.59912 -2.33548 147 147 147
2.47529 9.60032 -2.24366 147 147 147
2.56910 9.60088 -2.15960 151 151 151
2.65076 9.60238 -2.06395 152 152 152
2.72685 9.60108 -1.96390 155 155 155
2.80965 9.59869 -1.86894 156 156 156
2.87361 9.60273 -1.76034 146 146 146
2.94962 9.60235 -1.65978 157 157 157
3.00685 9.60109 -1.54760 149 149 149
3.06589 9.59906 -1.43677 154 154 154
3.12210 9.60101 -1.32444 155 155 155
3.17345 9.59833 -1.20976 160 160 160
3.21771 9.59851 -1.09216 156 156 156
3.25696 9.59836 -0.97286 157 157 157
3.29346 9.59979 -0.85276 163 163 163
3.32175 9.59568 -0.73047 155 155 155
3.35223 9.60183 -0.60871 156 156 156
3.37592 9.60036 -0.48538 162 162 162
3.39708 9.60483 -0.36143 170 170 170
3.40991 9.60310 -0.23632 170 170 170
3.41268 9.59972 -0.11057 169 169 169
3.42752 9.99969 0.01562 168 168 168
3.41855 9.99757 0.14111 168 168 168
3.41185 10.00051 0.26646 169 169 169
3.40596 9.99770 0.39215 173 173 173
3.38215 9.99715 0.51572 174 174 174
3.36698 10.00063 0.64066 168 168 168
3.32885 10.00258 0.76087 175 175 175
3.30473 9.99836 0.88428 176 176 176
3.26699 9.99964 1.00413 173 173 173
3.23813 10.00359 1.12734 182 182 182
3.18165 9.99989 1.24043 180 180 180
3.13079 10.00002 1.35535 179 179 179
3.07723 9.99900 1.46906 182 182 182
3.01531 9.99629 1.57844 181 181 181
2.95671 10.00071 1.68980 185 185 185
2.88773 10.00365 1.79501 189 189 189
2.81443 10.00092 1.89717 176 176 176
2.73740 10.00091 1.99648 186 186 186
2.65615 9.99916 2.09228 179 179 179
2.57664 10.00083 2.18973 196 196 196
2.48504 9.99935 2.27597 183 183 183
2.39870 10.00244 2.36745 186 186 186
2.30336 10.00064 2.44943 190 190 190
2.19920 9.99972 2.52026 188 188 188
2.10442 10.00049 2.60283 183 183 183
2.00193 9.99819 2.67544 187 187 187
1.89560 9.99993 2.74229 188 188 188
1.78857 10.00132 2.80811 187 187 187
1.67633 10.00277 2.86461 188 188 188
1.56662 10.00087 2.92647 197 197 197
1.45076 9.99736 2.97561 197 197 197
1.33151 9.99763 3.01578 186 186 186
1.21360 10.00037 3.05916 191 191 191
1.09405 9.99904 3.09812 201 201 201
0.97063 10.00175 3.12266 192 192 192
0.84884 10.00205 3.15339 194 194 194
0.72510 10.00236 3.17506 196 196 196
0.60079 10.00292 3.19324 200 200 200
0.47545 9.99762 3.20176 189 189 189
0.35037 10.00080 3.21410 196 196 196
0.22470 9.99984 3.21406 193 193 193
0.09925 9.99832 3.20863 192 192 192
-0.02599 9.99847 3.20093 196 196 196
-0.15070 10.00222 3.18738 197 197 197
-0.27564 10.00119 3.17462 191 191 191
-0.39883 9.99935 3.15031 196 196 196
-0.52115 9.99920 3.12232 194 194 194
-0.64506 10.00335 3.09957 194 194 194
-0.76259 10.00386 3.05417 204 204 204
-0.88360 9.99874 3.01979 194 194 194
-0.99911 10.00033 2.97015 188 188 188
-1.11389 9.99548 2.91925 189 189 189
-1.22783 10.00100 2.86637 191 191 191
-1.33666 10.00228 2.80363 197 197 197
-1.44546 9.99720 2.74108 188 188 188
-1.55236 9.99979 2.67518 197 197 197
-1.65485 10.00241 2.60261 190 190 190
-1.75640 10.00085 2.52864 184 184 184
-1.85379 9.99760 2.44922 189 189 189
-1.95344 10.00193 2.37192 186 186 186
-2.03553 10.00193 2.27586 184 184 184
-2.12513 9.99666 2.18779 185 185 185
-2.20677 10.00252 2.09230 184 184 184
-2.28919 10.00240 1.99742 180 180 180
-2.36491 9.99930 1.89708 178 178 178
-2.43986 10.00159 1.79603 186 186 186
-2.50961 9.99892 1.69121 180 180 180
-2.57200 9.99991 1.58185 186 186 186
-2.62289 9.99691 1.46654 177 177 177
-2.68286 10.00321 1.35603 181 181 181
-2.72505 9.99959 1.23745 174 174 174
-2.77831 9.99899 1.12349 178 178 178
-2.81444 10.00312 1.00310 175 175 175
-2.85818 10.00181 0.88509 176 176 176
-2.88501 10.00174 0.76220 178 178 178
-2.91012 9.99466 0.63918 175 175 175
-2.93423 10.00125 0.51595 172 172 172
-2.95370 10.00338 0.39181 172 172 172
-2.96497 10.00309 0.26666 161 161 161
-2.97314 10.00211 0.14127 163 163 163
-2.97072 9.99855 0.01563 170 170 170
-2.97243 10.00044 -0.10999 167 167 167
-2.96647 10.00091 -0.23553 164 164 164
-2.95958 9.99940 -0.36126 167 167 167
-2.93173 9.99681 -0.48430 161 161 161
-2.91132 10.00083 -0.60817 160 160 160
-2.89044 10.00079 -0.73225 160 160 160
-2.85905 9.99706 -0.85408 165 165 165
-2.81593 10.00096 -0.97234 157 157 157
-2.77937 9.99136 -1.09264 154 154 154
-2.73261 10.00103 -1.20933 159 159 159
-2.68004 9.99810 -1.32348 156 156 156
-2.62719 10.00038 -1.43749 149 149 149
-2.56937 10.00054 -1.54913 157 157 157
-2.50334 10.00018 -1.65612 158 158 158
-2.43356 9.99496 -1.76057 157 157 157
-2.36234 10.00653 -1.86397 145 145 145
-2.28630 9.99864 -1.96388 150 150 150
-2.20938 9.99699 -2.06328 149 149 149
-2.12204 10.00132 -2.15368 148 148 148
-2.03911 9.99691 -2.24818 145 145 145
-1.94777 9.99582 -2.33454 150 150 150
-1.85565 9.99934 -2.42016 146 146 146
-1.75400 10.00220 -2.49435 144 144 144
-1.65421 10.00066 -2.57047 154 154 154
-1.55297 9.99962 -2.64485 142 142 142
-1.44577 10.00050 -2.71033 145 145 145
-1.33623 9.99960 -2.77161 142 142 142
-1.22531 9.99978 -2.83017 138 138 138
-1.11730 9.99332 -2.89541 140 140 140
-1.00026 9.99987 -2.94168 146 146 146
-0.88035 10.00245 -2.97974 128 128 128
-0.76472 9.99868 -3.02949 140 140 140
-0.64421 9.99967 -3.06528 143 143 143
-0.52122 10.00058 -3.09136 145 145 145
-0.39831 10.00434 -3.11644 138 138 138
-0.27547 10.00612 -3.14233 137 137 137
-0.15136 10.00144 -3.16171 147 147 147
-0.02679 9.99509 -3.17989 134 134 134
0.09910 9.99567 -3.18112 141 141 141
0.22470 9.99969 -3.18372 138 138 138
0.35043 9.99687 -3.18454 135 135 135
0.47610 9.99805 -3.17874 144 144 144
0.60114 10.00191 -3.16491 141 141 141
0.72429 9.99500 -3.13866 137 137 137
0.84777 10.00006 -3.11679 139 139 139
0.97201 10.00329 -3.09713 144 144 144
1.09278 10.00247 -3.06234 136 136 136
1.21357 9.99887 -3.02781 138 138 138
1.33235 10.00056 -2.98681 136 136 136
1.44828 10.00259 -2.93835 150 150 150
1.56507 9.99937 -2.89186 142 142 142
1.67540 9.99806 -2.83154 140 140 140
1.78703 10.00029 -2.77412 136 136 136
1.89546 10.00222 -2.71080 143 143 143
2.00278 10.00226 -2.64546 145 145 145
2.10465 9.99665 -2.57191 149 149 149
2.20482 10.00051 -2.49614 140 140 140
2.30109 10.00343 -2.41552 141 141 141
2.39976 9.99804 -2.33734 142 142 142
2.48569 9.99592 -2.24536 149 149 149
2.57559 10.00433 -2.15752 150 150 150
2.65884 10.00001 -2.06333 151 151 151
2.73808 10.00268 -1.96576 150 150 150
2.81051 9.99685 -1.86308 151 151 151
2.88400 9.99949 -1.76126 153 153 153
2.95265 9.99921 -1.65607 154 154 154
3.02261 10.00023 -1.55128 154 154 154
3.07363 9.99570 -1.43598 156 156 156
3.12523 9.99792 -1.32154 156 156 156
3.17798 10.00231 -1.20766 156 156 156
3.22654 9.99761 -1.09181 162 162 162
3.26959 10.00040 -0.97372 153 153 153
3.29810 9.99905 -0.85116 163 163 163
3.33350 10.00031 -0.73073 163 163 163
3.36157 10.00132 -0.60834 167 167 167
3.38758 10.00267 -0.48533 160 160 160
3.40591 10.00225 -0.36090 168 168 168
3.41579 10.00049 -0.23552 159 159 159
3.42395 10.00068 -0.11007 170 170 170
3.43881 10.39915 0.01625 172 172 172
3.42284 10.39783 0.14159 164 164 164
3.42453 10.39886 0.26746 168 168 168
3.41131 10.39819 0.39247 167 167 167
3.39539 10.40013 0.51718 170 170 170
3.36700 10.40242 0.63971 163 163 163
3.34199 10.40150 0.76274 172 172 172
3.31934 10.40171 0.88679 174 174 174
3.27876 10.39984 1.00599 173 173 173
3.23541 10.40192 1.12403 183 183 183
3.19178 10.39985 1.24196 182 182 182
3.14026 10.40275 1.35668 177 177 177
3.08745 10.40225 1.47084 172 172 172
3.02505 10.39772 1.58007 181 181 181
2.95444 10.39594 1.68416 180 180 180
2.89574 10.39370 1.79567 180 180 180
2.82053 10.40352 1.89645 182 182 182
2.74656 10.40221 1.99806 188 188 188
2.66331 10.40348 2.09222 189 189 189
2.58421 10.40117 2.19001 178 178 178
2.49850 10.39994 2.28210 184 184 184
2.40354 10.39875 2.36470 184 184 184
2.31171 10.39953 2.45052 187 187 187
2.20949 10.40099 2.52385 190 190 190
2.11380 10.40142 2.60542 191 191 191
2.00996 10.39496 2.67618 192 192 192
1.90336 10.40251 2.74259 191 191 191
1.79398 10.40019 2.80420 192 192 192
1.68609 10.39864 2.86879 190 190 190
1.57138 10.40249 2.92017 196 196 196
1.45677 10.39798 2.97154 194 194 194
1.34172 10.39816 3.02252 194 194 194
1.22131 10.39991 3.05903 188 188 188
1.10066 10.39849 3.09399 196 196 196
0.98000 10.39543 3.12919 198 198 198
0.85615 10.40173 3.15076 192 192 192
0.73392 10.40424 3.18113 193 193 193
0.60871 10.40450 3.19350 193 193 193
0.48411 10.40022 3.21126 193 193 193
0.35833 10.40081 3.21503 196 196 196
0.23265 10.40400 3.21669 194 194 194
0.10696 10.39850 3.21531 192 192 192
-0.01851 10.40264 3.20759 203 203 203
-0.14389 10.39961 3.19767 195 195 195
-0.26852 10.39677 3.18052 189 189 189
-0.39265 10.39589 3.15984 197 197 197
-0.51424 10.39777 3.12729 189 189 189
-0.63523 10.39742 3.09354 193 193 193
-0.75638 10.40018 3.06018 187 187 187
-0.87279 10.39985 3.01269 195 195 195
-0.99115 10.40279 2.97078 192 192 192
-1.10686 10.40058 2.92189 194 194 194
-1.22403 10.39190 2.87516 197 197 197
-1.32888 10.40153 2.80457 192 192 192
-1.43907 10.40013 2.74425 190 190 190
-1.54336 10.40019 2.67424 183 183 183
-1.65082 10.40023 2.60863 185 185 185
-1.74641 10.39611 2.52669 188 188 188
-1.84696 10.40222 2.45116 187 187 187
-1.94500 10.39998 2.37202 186 186 186
-2.02961 10.40016 2.27852 183 183 183
-2.11955 10.39794 2.19060 184 184 184
-2.20094 10.39621 2.09474 190 190 190
-2.28144 10.39576 1.99821 181 181 181
-2.36125 10.39958 1.90083 191 191 191
-2.42935 10.40040 1.79494 180 180 180
-2.49547 10.39756 1.68805 183 183 183
-2.56160 10.39611 1.58110 174 174 174
-2.61202 10.40410 1.46568 184 184 184
-2.67435 10.39895 1.35639 182 182 182
-2.72242 10.39765 1.24028 180 180 180
-2.77087 10.40349 1.12431 179 179 179
-2.81116 10.39890 1.00524 171 171 171
-2.85165 10.39730 0.88611 179 179 179
-2.87664 10.40256 0.76272 173 173 173
-2.90852 10.40428 0.64107 174 174 174
-2.92828 10.40323 0.51689 168 168 168
-2.94623 10.39639 0.39250 173 173 173
-2.95956 10.39894 0.26748 173 173 173
-2.97052 10.39633 0.14210 169 169 169
-2.96675 10.40029 0.01625 172 172 172
-2.96293 10.39956 -0.10930 175 175 175
-2.96639 10.40143 -0.23552 165 165 165
-2.94542 10.40409 -0.35990 159 159 159
-2.92823 10.40163 -0.48438 167 167 167
-2.90225 10.39949 -0.60732 164 164 164
-2.87789 10.40423 -0.73053 159 159 159
-2.84710 10.39996 -0.85233 161 161 161
-2.81639 10.39826 -0.97445 157 157 157
-2.76743 10.39775 -1.09054 155 155 155
-2.72701 10.40147 -1.20968 164 164 164
-2.67345 10.40220 -1.32348 151 151 151
-2.61817 10.40001 -1.43632 153 153 153
-2.55874 10.39677 -1.54700 157 157 157
-2.49199 10.39882 -1.65341 151 151 151
-2.42936 10.40641 -1.76245 153 153 153
-2.35675 10.40091 -1.86506 145 145 145
-2.27810 10.39918 -1.96307 154 154 154
-2.20285 10.40008 -2.06387 144 144 144
-2.11568 10.40209 -2.15452 154 154 154
-2.02716 10.39831 -2.24357 149 149 149
-1.93915 10.39660 -2.33319 147 147 147
-1.84638 10.40064 -2.41799 150 150 150
-1.74822 10.39826 -2.49648 149 149 149
-1.64391 10.40183 -2.56662 144 144 144
-1.54718 10.40159 -2.64746 143 143 143
-1.44208 10.39765 -2.71667 147 147 147
-1.33091 10.40442 -2.77570 139 139 139
-1.22192 10.40457 -2.83852 146 146 146
-1.10500 10.40454 -2.88534 142 142 142
-0.99351 10.40090 -2.94397 146 146 146
-0.87541 10.40267 -2.98728 143 143 143
-0.75527 10.40165 -3.02426 134 134 134
-0.63635 10.39840 -3.06501 139 139 139
-0.51530 10.39977 -3.09919 144 144 144
-0.39154 10.40356 -3.12178 143 143 143
-0.26737 10.39867 -3.14080 142 142 142
-0.14347 10.40418 -3.16163 134 134 134
-0.01764 10.40229 -3.16408 144 144 144
0.10722 10.39860 -3.17617 144 144 144
0.23265 10.40047 -3.17660 140 140 140
0.35798 10.39984 -3.17356 141 141 141
0.48360 10.39810 -3.17238 144 144 144
0.60779 10.40433 -3.15328 139 139 139
0.73296 10.39625 -3.14259 141 141 141
0.85654 10.40128 -3.12026 139 139 139
0.97983 10.39926 -3.09598 142 142 142
1.10183 10.39858 -3.06562 140 140 140
1.22277 10.40245 -3.03102 138 138 138
1.34066 10.40187 -2.98714 141 141 141
1.45922 10.39356 -2.94493 144 144 144
1.57379 10.40475 -2.89290 143 143 143
1.68511 10.40110 -2.83435 142 142 142
1.79592 10.39597 -2.77516 138 138 138
1.90467 10.39756 -2.71224 152 152 152
2.01074 10.39886 -2.64485 152 152 152
2.11234 10.40096 -2.57091 145 145 145
2.21509 10.39875 -2.49846 143 143 143
2.31213 10.39891 -2.41851 154 154 154
2.40820 10.39719 -2.33724 145 145 145
2.49218 10.40198 -2.24327 149 149 149
2.58293 10.39897 -2.15633 146 146 146
2.66436 10.40397 -2.06063 145 145 145
2.74639 10.40283 -1.96542 150 150 150
2.82608 10.39717 -1.86799 144 144 144
2.89429 10.39892 -1.76220 148 148 148
2.96012 10.39891 -1.65514 151 151 151
3.02316 10.40043 -1.54651 151 151 151
3.08452 10.39956 -1.43685 150 150 150
3.13622 10.39867 -1.32231 159 159 159
3.18674 10.39825 -1.20737 156 156 156
3.23301 10.40015 -1.09064 161 161 161
3.26872 10.39627 -0.97023 165 165 165
3.30887 10.39665 -0.85133 161 161 161
3.33808 10.40457 -0.72930 161 161 161
3.36812 10.40215 -0.60743 163 163 163
3.39518 10.40159 -0.48464 159 159 159
3.40710 10.39963 -0.35947 167 167 167
3.42210 10.40176 -0.23477 165 165 165
3.42830 10.39629 -0.10931 167 167 167
3.44172 10.79702 0.01688 168 168 168
3.43315 10.80187 0.14232 167 167 167
3.42773 10.80123 0.26772 164 164 164
3.42232 10.79643 0.39347 172 172 172
3.39970 10.80016 0.51724 173 173 173
3.37394 10.80310 0.64016 174 174 174
3.35351 10.80079 0.76424 175 175 175
3.31492 10.80211 0.88395 174 174 174
3.28181 10.80038 1.00506 181 181 181
3.23947 10.79840 1.12326 184 184 184
3.20174 10.79797 1.24346 176 176 176
3.14378 10.80497 1.35531 183 183 183
3.09430 10.79390 1.47096 184 184 184
3.03378 10.79819 1.58119 184 184 184
2.96929 10.80159 1.68909 179 179 179
2.90337 10.79358 1.79616 180 180 180
2.83124 10.80089 1.89917 184 184 184
2.75318 10.80352 1.99772 186 186 186
2.66950 10.80073 2.09144 193 193 193
2.58307 10.79892 2.18234 189 189 189
2.50244 10.80121 2.27883 186 186 186
2.41387 10.80074 2.36803 183 183 183
2.32063 10.79989 2.45240 189 189 189
2.22259 10.79996 2.53115 189 189 189
2.12330 10.79889 2.60834 182 182 182
2.01809 10.79794 2.67725 186 186 186
1.91330 10.79789 2.74665 186 186 186
1.80284 10.79416 2.80665 195 195 195
1.69222 10.79920 2.86606 187 187 187
1.57940 10.79539 2.92119 193 193 193
1.46425 10.80035 2.97130 192 192 192
1.34767 10.80074 3.01803 191 191 191
1.23046 10.80335 3.06370 198 198 198
1.10857 10.80344 3.09485 192 192 192
0.98736 10.79965 3.12782 194 194 194
0.86582 10.80128 3.16065 196 196 196
0.74045 10.80180 3.17350 193 193 193
0.61726 10.79838 3.20019 193 193 193
0.49185 10.79886 3.21077 193 193 193
0.36607 10.80072 3.21323 198 198 198
0.24049 10.80024 3.20877 193 193 193
0.11488 10.79911 3.21390 192 192 192
-0.01039 10.79752 3.20455 196 196 196
-0.13565 10.80503 3.19489 195 195 195
-0.26061 10.80118 3.18069 194 194 194
-0.38296 10.80234 3.15119 195 195 195
-0.50495 10.80123 3.12187 189 189 189
-0.62821 10.80332 3.09706 195 195 195
-0.75026 10.80358 3.06610 200 200 200
-0.86741 10.79617 3.01998 198 198 198
-0.98498 10.80035 2.97541 193 193 193
-1.09873 10.80326 2.92188 195 195 195
-1.21476 10.80050 2.87295 191 191 191
-1.32203 10.79957 2.80695 193 193 193
-1.43390 10.79818 2.74922 198 198 198
-1.53355 10.79999 2.67191 194 194 194
-1.64122 10.80177 2.60682 194 194 194
-1.73849 10.80354 2.52720 197 197 197
-1.84190 10.79735 2.45504 183 183 183
-1.93235 10.80224 2.36744 188 188 188
-2.01939 10.80147 2.27675 187 187 187
-2.10837 10.79884 2.18813 184 184 184
-2.19152 10.80139 2.09401 180 180 180
-2.27216 10.79924 1.99769 183 183 183
-2.34030 10.80059 1.89193 184 184 184
-2.42483 10.79890 1.79778 182 182 182
-2.49119 10.80381 1.69085 178 178 178
-2.54826 10.79918 1.57865 183 183 183
-2.60537 10.79556 1.46691 179 179 179
-2.66312 10.80001 1.35546 186 186 186
-2.72048 10.80260 1.24335 176 176 176
-2.76166 10.80266 1.12443 175 175 175
-2.80165 10.80457 1.00533 175 175 175
-2.84148 10.79927 0.88608 170 170 170
-2.87050 10.80261 0.76376 180 180 180
-2.90258 10.79731 0.64207 176 176 176
-2.91751 10.80160 0.51705 174 174 174
-2.93649 10.79841 0.39290 169 169 169
-2.94906 10.79629 0.26790 171 171 171
-2.95893 10.79898 0.14258 173 173 173
-2.96173 10.79679 0.01688 169 169 169
-2.96470 10.80176 -0.10906 165 165 165
-2.95182 10.79692 -0.23436 161 161 161
-2.94320 10.80033 -0.35994 166 166 166
-2.91594 10.80297 -0.48305 165 165 165
-2.89690 10.79493 -0.60719 162 162 162
-2.87086 10.79793 -0.73009 165 165 165
-2.83893 10.80344 -0.85161 155 155 155
-2.80354 10.80234 -0.97219 158 158 158
-2.75481 10.79843 -1.08815 157 157 157
-2.71615 10.80288 -1.20781 157 157 157
-2.65980 10.80263 -1.32018 152 152 152
-2.61274 10.80003 -1.43692 156 156 156
-2.55424 10.80255 -1.54825 147 147 147
-2.48346 10.80140 -1.65236 157 157 157
-2.42324 10.79624 -1.76297 155 155 155
-2.34701 10.79960 -1.86305 156 156 156
-2.27261 10.79888 -1.96429 151 151 151
-2.18714 10.80559 -2.05652 150 150 150
-2.10882 10.79912 -2.15480 149 149 149
-2.02602 10.80062 -2.24963 149 149 149
-1.92797 10.80401 -2.32895 145 145 145
-1.83930 10.80093 -2.41825 153 153 153
-1.74036 10.79620 -2.49582 151 151 151
-1.63922 10.80168 -2.57033 152 152 152
-1.53752 10.80138 -2.64411 139 139 139
-1.43124 10.80004 -2.71114 144 144 144
-1.32249 10.80401 -2.77403 141 141 141
-1.21305 10.79957 -2.83585 147 147 147
-1.09822 10.80130 -2.88701 145 145 145
-0.98391 10.79996 -2.93908 138 138 138
-0.86917 10.79933 -2.99098 146 146 146
-0.74968 10.79966 -3.03054 143 143 143
-0.62771 10.79879 -3.06153 141 141 141
-0.50756 10.79979 -3.09897 139 139 139
-0.38461 10.79858 -3.12569 137 137 137
-0.26023 10.79941 -3.14456 145 145 145
-0.13455 10.80035 -3.15184 138 138 138
-0.01034 10.80158 -3.17027 135 135 135
0.11481 10.79403 -3.18180 137 137 137
0.24049 10.79968 -3.18398 137 137 137
0.36599 10.80080 -3.17728 139 139 139
0.49152 10.80442 -3.17278 143 143 143
0.61666 10.80053 -3.16138 134 134 134
0.74190 10.80046 -3.14891 144 144 144
0.86409 10.79517 -3.11815 138 138 138
0.98808 10.79826 -3.09709 140 140 140
1.10938 10.79946 -3.06398 130 130 130
1.23133 10.79454 -3.03261 148 148 148
1.34897 10.79707 -2.98780 145 145 145
1.46723 10.80016 -2.94474 147 147 147
1.58027 10.79618 -2.88934 143 143 143
1.69443 10.79820 -2.83664 147 147 147
1.80626 10.79903 -2.77901 145 145 145
1.91240 10.79419 -2.71143 140 140 140
2.01947 10.79950 -2.64556 142 142 142
2.12033 10.79666 -2.57050 143 143 143
2.21864 10.79736 -2.49240 142 142 142
2.32124 10.80612 -2.41937 136 136 136
2.41079 10.79692 -2.33094 150 150 150
2.50029 10.80030 -2.24292 148 148 148
2.58933 10.80057 -2.15437 151 151 151
2.67618 10.80113 -2.06340 152 152 152
2.75225 10.79946 -1.96323 150 150 150
2.83319 10.80082 -1.86683 148 148 148
2.89788 10.80095 -1.75873 150 150 150
2.97227 10.79749 -1.65716 151 151 151
3.03197 10.80017 -1.54643 153 153 153
3.09558 10.79955 -1.43787 160 160 160
3.14248 10.80299 -1.32096 158 158 158
3.19899 10.79930 -1.20858 155 155 155
3.24169 10.80492 -1.09033 156 156 156
3.28351 10.79666 -0.97186 150 150 150
3.31997 10.79751 -0.85163 157 157 157
3.35597 10.80370 -0.73109 156 156 156
3.38050 10.79859 -0.60771 160 160 160
3.40412 10.80258 -0.48420 171 171 171
3.41560 10.80047 -0.35892 163 163 163
3.42499 10.79757 -0.23375 169 169 169
3.43895 10.79359 -0.10879 164 164 164
3.44090 11.19889 0.01750 172 172 172
3.44657 11.20091 0.14316 164 164 164
3.43669 11.20442 0.26844 180 180 180
3.42355 11.19925 0.39333 172 172 172
3.40995 11.19833 0.51827 163 163 163
3.38646 11.19896 0.64174 168 168 168
3.36243 11.20124 0.76516 170 170 170
3.32580 11.20145 0.88547 176 176 176
3.29664 11.19868 1.00800 179 179 179
3.24709 11.20057 1.12385 180 180 180
3.19734 11.20142 1.23907 184 184 184
3.15406 11.20378 1.35712 181 181 181
3.09927 11.20031 1.47019 185 185 185
3.04486 11.19773 1.58370 176 176 176
2.97652 11.19602 1.68941 182 182 182
2.90909 11.20227 1.79545 184 184 184
2.83622 11.19767 1.89780 178 178 178
2.76135 11.20341 1.99870 187 187 187
2.67734 11.20139 2.09218 185 185 185
2.59704 11.20050 2.18874 187 187 187
2.51392 11.20027 2.28322 185 185 185
2.41939 11.19805 2.36627 193 193 193
2.32792 11.20395 2.45254 192 192 192
2.22863 11.20598 2.52966 188 188 188
2.13054 11.20112 2.60832 192 192 192
2.02554 11.19753 2.67748 190 190 190
1.91672 11.20243 2.74027 193 193 193
1.81048 11.19886 2.80715 192 192 192
1.69881 11.19949 2.86449 186 186 186
1.58817 11.20139 2.92410 195 195 195
1.47153 11.20221 2.97088 196 196 196
1.35615 11.20043 3.02074 195 195 195
1.23674 11.19782 3.05991 192 192 192
1.11632 11.20476 3.09562 202 202 202
0.99477 11.19927 3.12719 194 194 194
0.87250 11.20048 3.15606 199 199 199
0.74804 11.19841 3.17335 197 197 197
0.62417 11.20343 3.19400 204 204 204
0.49907 11.20127 3.20505 197 197 197
0.37399 11.20047 3.21902 189 189 189
0.24820 11.20051 3.20946 192 192 192
0.12234 11.19795 3.22090 201 201 201
-0.00279 11.20289 3.20668 197 197 197
-0.12816 11.20045 3.19738 193 193 193
-0.25253 11.20443 3.17899 192 192 192
-0.37681 11.20290 3.15965 194 194 194
-0.49847 11.20163 3.12761 201 201 201
-0.61997 11.20260 3.09581 196 196 196
-0.74128 11.20019 3.06281 197 197 197
-0.85813 11.19912 3.01634 186 186 186
-0.97661 11.20336 2.97446 197 197 197
-1.09023 11.19760 2.92077 197 197 197
-1.20508 11.20082 2.86973 194 194 194
-1.31688 11.20276 2.81216 194 194 194
-1.42374 11.19580 2.74586 192 192 192
-1.52748 11.19856 2.67500 195 195 195
-1.63049 11.19736 2.60329 192 192 192
-1.73020 11.19951 2.52710 192 192 192
-1.83009 11.20082 2.45087 198 198 198
-1.92304 11.20065 2.36634 189 189 189
-2.01340 11.20058 2.27910 187 187 187
-2.09804 11.19819 2.18635 187 187 187
-2.18590 11.20043 2.09642 187 187 187
-2.26812 11.20044 2.00121 188 188 188
-2.34012 11.20022 1.89803 189 189 189
-2.41310 11.19922 1.79573 183 183 183
-2.47883 11.19511 1.68863 186 186 186
-2.54588 11.20161 1.58226 184 184 184
-2.59919 11.19919 1.46832 179 179 179
-2.66082 11.19855 1.35858 181 181 181
-2.70516 11.20061 1.24082 183 183 183
-2.74687 11.19873 1.12244 179 179 179
-2.79596 11.20035 1.00661 181 181 181
-2.83327 11.19843 0.88656 179 179 179
-2.86047 11.20128 0.76383 176 176 176
-2.89198 11.19587 0.64212 173 173 173
-2.91174 11.19822 0.51799 171 171 171
-2.93021 11.20216 0.39369 174 174 174
-2.94343 11.20265 0.26869 168 168 168
-2.94146 11.20187 0.14282 171 171 171
-2.95321 11.19652 0.01750 165 165 165
-2.94967 11.19918 -0.10814 165 165 165
-2.94079 11.20081 -0.23348 173 173 173
-2.92805 11.20428 -0.35843 170 170 170
-2.91439 11.19895 -0.48341 168 168 168
-2.89248 11.19412 -0.60722 160 160 160
-2.86627 11.20067 -0.73022 164 164 164
-2.82862 11.20109 -0.85025 158 158 158
-2.79755 11.20306 -0.97212 155 155 155
-2.75346 11.20023 -1.08987 156 156 156
-2.70503 11.19938 -1.20577 149 149 149
-2.65698 11.20241 -1.32181 159 159 159
-2.60267 11.20149 -1.43509 157 157 157
-2.54596 11.19673 -1.54731 149 149 149
-2.48034 11.20097 -1.65455 155 155 155
-2.40410 11.20022 -1.75471 150 150 150
-2.33927 11.19676 -1.86241 148 148 148
-2.26739 11.20126 -1.96564 144 144 144
-2.18343 11.19585 -2.05931 148 148 148
-2.10256 11.20497 -2.15552 150 150 150
-2.01697 11.20035 -2.24767 147 147 147
-1.92567 11.19950 -2.33418 149 149 149
-1.83329 11.20022 -2.41961 153 153 153
-1.73178 11.20530 -2.49409 148 148 148
-1.63157 11.19812 -2.56978 151 151 151
-1.52526 11.19667 -2.63667 142 142 142
-1.42707 11.19858 -2.71630 144 144 144
-1.31557 11.20283 -2.77482 137 137 137
-1.20463 11.20265 -2.83384 138 138 138
-1.09211 11.19705 -2.88986 145 145 145
-0.97572 11.19349 -2.93731 145 145 145
-0.86013 11.20419 -2.98676 146 146 146
-0.74034 11.20557 -3.02491 142 142 142
-0.62019 11.19915 -3.06157 136 136 136
-0.49836 11.20060 -3.09216 140 140 140
-0.37727 11.20405 -3.12698 140 140 140
-0.25235 11.19618 -3.14288 141 141 141
-0.12846 11.20407 -3.16487 137 137 137
-0.00308 11.20502 -3.17532 147 147 147
0.12240 11.19831 -3.18441 139 139 139
0.24820 11.20313 -3.18456 144 144 144
0.37365 11.19940 -3.17544 137 137 137
0.49913 11.20421 -3.17090 141 141 141
0.62379 11.19851 -3.15583 137 137 137
0.74832 11.20033 -3.14011 138 138 138
0.87256 11.19855 -3.12134 137 137 137
0.99468 11.19817 -3.09180 140 140 140
1.11599 11.20375 -3.05943 135 135 135
1.23729 11.20091 -3.02661 137 137 137
1.35717 11.20370 -2.98849 141 141 141
1.47241 11.19647 -2.93800 138 138 138
1.58935 11.19640 -2.89168 142 142 142
1.69885 11.19974 -2.82956 145 145 145
1.81017 11.20128 -2.77159 136 136 136
1.91981 11.19660 -2.71032 141 141 141
2.02474 11.19996 -2.64128 148 148 148
2.13007 11.20054 -2.57267 140 140 140
2.22988 11.19938 -2.49624 138 138 138
2.32827 11.19947 -2.41795 151 151 151
2.42312 11.20077 -2.33531 143 143 143
2.51400 11.20485 -2.24830 146 146 146
2.60096 11.19777 -2.15736 147 147 147
2.67821 11.19885 -2.05792 151 151 151
2.76076 11.19902 -1.96324 147 147 147
2.83693 11.19720 -1.86332 149 149 149
2.90605 11.19984 -1.75842 153 153 153
2.97565 11.19928 -1.65388 154 154 154
3.03986 11.19888 -1.54590 153 153 153
3.09989 11.19866 -1.43551 163 163 163
3.15416 11.20085 -1.32217 157 157 157
3.20574 11.20105 -1.20755 155 155 155
3.25304 11.19767 -1.09104 161 161 161
3.29146 11.20058 -0.97131 156 156 156
3.32428 11.20125 -0.85004 162 162 162
3.35864 11.19848 -0.72925 160 160 160
3.38550 11.19895 -0.60655 161 161 161
3.40671 11.19956 -0.48276 166 166 166
3.42522 11.19677 -0.35852 167 167 167
3.44028 11.20324 -0.23372 169 169 169
3.44816 11.19997 -0.10823 163 163 163
3.45376 11.59593 0.01812 175 175 175
3.45275 11.60066 0.14373 169 169 169
3.44964 11.60353 0.26949 175 175 175
3.44309 11.59869 0.39537 171 171 171
3.40804 11.60137 0.51739 164 164 164
3.39302 11.60038 0.64216 172 172 172
3.36920 11.60172 0.76559 179 179 179
3.33659 11.59823 0.88700 172 172 172
3.29998 11.59937 1.00724 178 178 178
3.25339 11.59848 1.12400 178 178 178
3.21212 11.60208 1.24268 182 182 182
3.15763 11.59680 1.35589 182 182 182
3.10887 11.59783 1.47184 178 178 178
3.04845 11.59840 1.58209 178 178 178
2.98558 11.60189 1.69095 189 189 189
2.91301 11.60210 1.79362 187 187 187
2.84256 11.59878 1.89753 184 184 184
2.76619 11.60118 1.99717 178 178 178
2.69263 11.59985 2.09939 182 182 182
2.60614 11.59864 2.19077 189 189 189
2.51645 11.60159 2.27878 197 197 197
2.42594 11.60103 2.36578 190 190 190
2.33493 11.60164 2.45248 194 194 194
2.23572 11.60013 2.52965 188 188 188
2.13581 11.60210 2.60575 196 196 196
2.03461 11.60084 2.68032 195 195 195
1.92733 11.59783 2.74583 190 190 190
1.81675 11.59681 2.80542 198 198 198
1.70592 11.59436 2.86416 192 192 192
1.59756 11.59677 2.92866 190 190 190
1.47822 11.60086 2.96933 190 190 190
1.36307 11.60171 3.01953 192 192 192
1.24389 11.60184 3.05920 192 192 192
1.12368 11.59683 3.09543 195 195 195
1.00303 11.59627 3.13062 201 201 201
0.88098 11.59874 3.16117 199 199 199
0.75636 11.60060 3.17858 192 192 192
0.63150 11.59713 3.19253 193 193 193
0.50700 11.59503 3.21005 193 193 193
0.38136 11.60078 3.21419 195 195 195
0.25579 11.59680 3.22411 194 194 194
0.13000 11.59853 3.21960 198 198 198
0.00460 11.59916 3.20981 193 193 193
-0.12049 11.59744 3.19731 194 194 194
-0.24467 11.59962 3.17790 189 189 189
-0.36722 11.59899 3.15018 197 197 197
-0.49120 11.60379 3.12957 194 194 194
-0.61284 11.59397 3.09805 205 205 205
-0.73224 11.60597 3.05898 193 193 193
-0.85284 11.60290 3.02319 195 195 195
-0.96908 11.60401 2.97522 192 192 192
-1.08451 11.59894 2.92545 192 192 192
-1.19836 11.60138 2.87205 195 195 195
-1.30638 11.60070 2.80757 191 191 191
-1.41663 11.59553 2.74726 191 191 191
-1.51909 11.60190 2.67442 200 200 200
-1.62452 11.59663 2.60615 190 190 190
-1.72758 11.59695 2.53401 190 190 190
-1.82366 11.59650 2.45285 190 190 190
-1.91574 11.59963 2.36727 183 183 183
-2.00425 11.59866 2.27816 186 186 186
-2.09473 11.60247 2.19092 181 181 181
-2.17562 11.59882 2.09474 188 188 188
-2.25599 11.60052 1.99825 182 182 182
-2.32918 11.60137 1.89622 177 177 177
-2.40696 11.59804 1.79731 178 178 178
-2.47109 11.59962 1.68916 190 190 190
-2.53790 11.60372 1.58267 184 184 184
-2.59379 11.59919 1.47006 186 186 186
-2.65392 11.59766 1.35952 184 184 184
-2.70191 11.59981 1.24325 179 179 179
-2.74982 11.60134 1.12695 171 171 171
-2.78860 11.59947 1.00731 179 179 179
-2.82234 11.59529 0.88625 172 172 172
-2.85522 11.59553 0.76501 180 180 180
-2.87808 11.59907 0.64149 175 175 175
-2.90434 11.60284 0.51864 173 173 173
-2.92606 11.60631 0.39472 173 173 173
-2.92930 11.59854 0.26880 173 173 173
-2.94207 11.60352 0.14377 167 167 167
-2.94220 11.60457 0.01813 172 172 172
-2.94385 11.59894 -0.10759 170 170 170
-2.93511 11.59764 -0.23300 167 167 167
-2.91569 11.60376 -0.35724 159 159 159
-2.90552 11.59915 -0.48258 163 163 163
-2.87350 11.59732 -0.60433 164 164 164
-2.85830 11.59900 -0.72950 170 170 170
-2.82473 11.59955 -0.85067 158 158 158
-2.79171 11.59996 -0.97207 168 168 168
-2.74473 11.60244 -1.08882 158 158 158
-2.70751 11.59760 -1.20931 162 162 162
-2.64769 11.59851 -1.32040 152 152 152
-2.60047 11.60080 -1.43721 157 157 157
-2.53792 11.59624 -1.54643 151 151 151
-2.47244 11.59771 -1.65373 155 155 155
-2.40601 11.59664 -1.76043 149 149 149
-2.33224 11.60344 -1.86219 148 148 148
-2.26039 11.60502 -1.96547 145 145 145
-2.17777 11.59907 -2.06033 156 156 156
-2.09252 11.59846 -2.15263 141 141 141
-2.00999 11.59858 -2.24765 157 157 157
-1.91795 11.60364 -2.33342 150 150 150
-1.82429 11.59738 -2.41733 149 149 149
-1.72718 11.59860 -2.49726 150 150 150
-1.62768 11.60282 -2.57425 144 144 144
-1.51956 11.59563 -2.63888 139 139 139
-1.41735 11.60332 -2.71219 142 142 142
-1.30612 11.60584 -2.77086 143 143 143
-1.19628 11.60310 -2.83172 144 144 144
-1.08351 11.59806 -2.88705 151 151 151
-0.96964 11.60108 -2.94031 146 146 146
-0.85183 11.60155 -2.98419 140 140 140
-0.73521 11.59881 -3.03185 152 152 152
-0.61130 11.59871 -3.05634 146 146 146
-0.49181 11.59920 -3.09585 135 135 135
-0.36831 11.60214 -3.11945 140 140 140
-0.24538 11.60061 -3.14612 147 147 147
-0.12013 11.59975 -3.15801 144 144 144
0.00450 11.60260 -3.17484 141 141 141
0.12994 11.59714 -3.18497 141 141 141
0.25579 11.59903 -3.18179 140 140 140
0.38121 11.59777 -3.17395 133 133 133
0.50684 11.60104 -3.17181 145 145 145
0.63179 11.59795 -3.15870 137 137 137
0.75649 11.59865 -3.14318 143 143 143
0.87996 11.60209 -3.11980 134 134 134
1.00175 11.60272 -3.08901 141 141 141
1.12407 11.60149 -3.06055 134 134 134
1.24486 11.59759 -3.02592 130 130 130
1.36453 11.60170 -2.98724 142 142 142
1.47946 11.60053 -2.93608 147 147 147
1.59552 11.60283 -2.88798 142 142 142
1.70942 11.59993 -2.83478 135 135 135
1.81909 11.59866 -2.77335 140 140 140
1.92677 11.60420 -2.70866 149 149 149
2.02934 11.60061 -2.63618 156 156 156
2.13708 11.59738 -2.57125 151 151 151
2.23969 11.59930 -2.49844 143 143 143
2.33265 11.59806 -2.41357 142 142 142
2.42556 11.59975 -2.32912 150 150 150
2.51771 11.60107 -2.24380 143 143 143
2.60613 11.60107 -2.15451 146 146 146
2.68594 11.59267 -2.05742 150 150 150
2.77073 11.59870 -1.96450 154 154 154
2.84144 11.60268 -1.86046 146 146 146
2.91459 11.60294 -1.75843 156 156 156
2.98841 11.60428 -1.65643 149 149 149
3.04674 11.59778 -1.54488 164 164 164
3.11034 11.59710 -1.43634 157 157 157
3.16240 11.59681 -1.32184 153 153 153
3.20998 11.60010 -1.20554 160 160 160
3.25496 11.59663 -1.08833 159 159 159
3.29447 11.60146 -0.96920 158 158 158
3.33998 11.60147 -0.85171 164 164 164
3.36852 11.59948 -0.72918 160 160 160
3.39079 11.60045 -0.60547 157 157 157
3.42185 11.60331 -0.48333 164 164 164
3.42940 11.60632 -0.35750 159 159 159
3.44379 11.59887 -0.23278 166 166 166
3.45270 11.59899 -0.10748 169 169 169
3.46547 11.99786 0.01875 170 170 170
3.46484 12.00176 0.14454 166 166 166
3.45778 11.99941 0.27017 170 170 170
3.44211 11.99838 0.39499 174 174 174
3.41807 12.00326 0.51843 171 171 171
3.41308 12.00198 0.64529 173 173 173
3.37289 11.99680 0.76531 178 178 178
3.34097 11.99994 0.88676 169 169 169
3.30496 11.99770 1.00706 174 174 174
3.26761 12.00112 1.12712 179 179 179
3.21899 11.99915 1.24306 178 178 178
3.17231 11.99802 1.35985 180 180 180
3.11474 12.00116 1.47166 170 170 170
3.05651 12.00830 1.58305 180 180 180
2.98907 11.99953 1.68914 181 181 181
2.92543 11.99766 1.79756 180 180 180
2.85334 11.99680 1.90056 186 186 186
2.77474 12.00391 1.99865 183 183 183
2.70117 11.99983 2.10094 187 187 187
2.61488 12.00081 2.19257 183 183 183
2.52329 11.99978 2.27880 193 193 193
2.43485 11.99879 2.36798 189 189 189
2.34346 12.00526 2.45437 189 189 189
2.24739 11.99781 2.53563 186 186 186
2.14513 12.00439 2.60895 189 189 189
2.03875 12.00517 2.67598 191 191 191
1.93482 12.00024 2.74652 183 183 183
1.82598 12.00451 2.80921 191 191 191
1.71194 12.00238 2.86198 191 191 191
1.60350 11.99965 2.92599 190 190 190
1.49093 12.00480 2.98265 190 190 190
1.37137 11.99980 3.02244 198 198 198
1.25112 11.99749 3.05912 198 198 198
1.13360 12.00336 3.10481 196 196 196
1.01129 12.00096 3.13458 191 191 191
0.88699 12.00068 3.15453 196 196 196
0.76436 12.00077 3.18264 199 199 199
0.63947 11.99950 3.19743 207 207 207
0.51439 11.99962 3.20987 200 200 200
0.38862 11.99739 3.20970 195 195 195
0.26325 12.00364 3.22071 194 194 194
0.13763 12.00278 3.21587 193 193 193
0.01172 11.99872 3.21466 200 200 200
-0.11207 11.99955 3.18979 195 195 195
-0.23686 11.99942 3.17631 187 187 187
-0.36158 11.99685 3.15997 199 199 199
-0.48052 11.99934 3.11676 179 179 179
-0.60453 11.99916 3.09566 196 196 196
-0.72630 12.00007 3.06426 192 192 192
-0.84321 12.00020 3.01793 198 198 198
-0.96262 11.99832 2.97825 194 194 194
-1.07597 12.00402 2.92373 198 198 198
-1.18689 12.00366 2.86480 193 193 193
-1.30146 11.99918 2.81274 192 192 192
-1.40913 11.99902 2.74782 188 188 188
-1.51697 12.00179 2.68303 194 194 194
-1.61927 12.00025 2.60981 195 195 195
-1.71875 11.99908 2.53290 186 186 186
-1.81135 12.00218 2.44778 185 185 185
-1.90605 12.00107 2.36548 192 192 192
-1.99835 11.99848 2.28034 192 192 192
-2.08973 11.99986 2.19382 185 185 185
-2.17198 11.99836 2.09863 185 185 185
-2.24941 12.00086 1.99957 186 186 186
-2.32321 12.00079 1.89792 186 186 186
-2.40013 11.99689 1.79836 178 178 178
-2.46893 11.99888 1.69303 186 186 186
-2.52960 12.00112 1.58282 178 178 178
-2.58517 12.00381 1.47009 185 185 185
-2.63959 11.99705 1.35698 177 177 177
-2.68662 11.99835 1.24063 180 180 180
-2.73778 12.00280 1.12589 173 173 173
-2.77386 12.00112 1.00557 173 173 173
-2.81124 12.00033 0.88584 174 174 174
-2.84984 12.00495 0.76613 176 176 176
-2.88154 12.00039 0.64429 180 180 180
-2.89584 11.99601 0.51910 168 168 168
-2.90542 11.99719 0.39379 173 173 173
-2.92982 11.99812 0.27005 165 165 165
-2.94169 12.00165 0.14467 169 169 169
-2.93434 12.00011 0.01875 173 173 173
-2.93392 12.00028 -0.10687 164 164 164
-2.92966 11.99825 -0.23254 172 172 172
-2.91088 12.00147 -0.35693 163 163 163
-2.90437 11.99730 -0.48295 163 163 163
-2.87709 12.00053 -0.60590 164 164 164
-2.84242 12.00199 -0.72685 164 164 164
-2.81744 11.99895 -0.85009 166 166 166
-2.77817 11.99960 -0.96946 159 159 159
-2.73842 11.99580 -1.08862 161 161 161
-2.69291 12.00084 -1.20573 153 153 153
-2.63934 12.00009 -1.31936 156 156 156
-2.58537 11.99986 -1.43269 150 150 150
-2.53371 11.99668 -1.54762 146 146 146
-2.46566 11.99956 -1.65352 154 154 154
-2.39679 12.00198 -1.75863 153 153 153
-2.32486 11.99651 -1.86162 152 152 152
-2.25197 12.00487 -1.96408 148 148 148
-2.17292 11.99944 -2.06193 145 145 145
-2.08320 11.99671 -2.15028 142 142 142
-1.99715 11.99905 -2.24164 151 151 151
-1.90529 12.00047 -2.32716 147 147 147
-1.81101 12.00092 -2.40989 143 143 143
-1.72108 11.99576 -2.49836 152 152 152
-1.61713 12.00418 -2.56936 150 150 150
-1.51711 11.99895 -2.64573 150 150 150
-1.40891 11.99764 -2.70996 147 147 147
-1.30186 11.99975 -2.77594 141 141 141
-1.19142 11.99703 -2.83620 139 139 139
-1.07558 12.00323 -2.88538 140 140 140
-0.96302 11.99996 -2.94171 144 144 144
-0.84455 11.99852 -2.98406 139 139 139
-0.72597 11.99633 -3.02575 142 142 142
-0.60554 12.00541 -3.06174 145 145 145
-0.48342 11.99854 -3.09134 136 136 136
-0.36076 12.00001 -3.11832 136 136 136
-0.23731 12.00027 -3.14163 139 139 139
-0.11321 11.99931 -3.16189 137 137 137
0.01205 11.99842 -3.17298 136 136 136
0.13770 12.00414 -3.17650 139 139 139
0.26325 12.00404 -3.18083 144 144 144
0.38887 12.00063 -3.17861 142 142 142
0.51438 12.00047 -3.17224 138 138 138
0.63951 11.99791 -3.16029 139 139 139
0.76393 11.99967 -3.14244 143 143 143
0.88754 11.99447 -3.11977 146 146 146
1.01080 12.00144 -3.09503 142 142 142
1.12921 12.00198 -3.05174 142 142 142
1.25182 11.99822 -3.02377 140 140 140
1.37139 12.00011 -2.98502 141 141 141
1.48808 12.00004 -2.93826 146 146 146
1.60337 12.00118 -2.88821 140 140 140
1.71656 11.99603 -2.83354 140 140 140
1.82712 12.00155 -2.77376 144 144 144
1.93753 12.00414 -2.71343 149 149 149
2.03879 11.99989 -2.63854 145 145 145
2.14387 12.00022 -2.56971 141 141 141
2.24145 12.00279 -2.49060 146 146 146
2.34254 11.99892 -2.41579 140 140 140
2.43583 11.99872 -2.33153 147 147 147
2.52936 11.99901 -2.24737 145 145 145
2.61677 11.99843 -2.15682 150 150 150
2.70228 12.00045 -2.06438 148 148 148
2.77420 12.00236 -1.96072 154 154 154
2.85262 12.00360 -1.86254 150 150 150
2.92456 12.00371 -1.75948 157 157 157
2.99538 11.99853 -1.65551 154 154 154
3.05499 11.99833 -1.54470 151 151 151
3.10985 11.99985 -1.43167 160 160 160
3.16990 11.99787 -1.32123 151 151 151
3.21695 11.99837 -1.20471 157 157 157
3.26509 12.00672 -1.08869 157 157 157
3.30059 11.99555 -0.96814 155 155 155
3.33621 11.99868 -0.84792 166 166 166
3.37179 12.00030 -0.72754 157 157 157
3.40420 11.99649 -0.60603 167 167 167
3.42726 12.00025 -0.48238 163 163 163
3.44032 11.99715 -0.35728 169 169 169
3.45309 12.00081 -0.23230 168 168 168
3.46098 11.99851 -0.10689 166 166 166
3.47145 12.40135 0.01938 165 165 165
3.47021 12.40196 0.14509 168 168 168
3.45405 12.40210 0.26992 162 162 162
3.44438 12.39557 0.39502 181 181 181
3.43092 12.40110 0.51993 169 169 169
3.41334 12.40199 0.64451 171 171 171
3.37917 12.40235 0.76568 169 169 169
3.34953 12.40131 0.88773 178 178 178
3.31189 12.39823 1.00756 169 169 169
3.27231 12.40029 1.12678 179 179 179
3.22831 12.40067 1.24451 179 179 179
3.17141 12.39410 1.35668 179 179 179
3.12363 12.39767 1.47308 183 183 183
3.05562 12.40079 1.57908 172 172 172
3.00553 12.40234 1.69536 179 179 179
2.93028 12.40226 1.79654 186 186 186
2.85390 12.39616 1.89628 186 186 186
2.78661 12.39804 2.00287 184 184 184
2.70903 12.39920 2.10202 190 190 190
2.61797 12.39956 2.18929 185 185 185
2.53773 12.39917 2.28654 187 187 187
2.44549 12.40035 2.37220 180 180 180
2.34877 12.40213 2.45263 188 188 188
2.25118 12.40022 2.53176 195 195 195
2.15055 12.40157 2.60695 193 193 193
2.05134 12.40060 2.68448 194 194 194
1.94409 12.39737 2.75032 195 195 195
1.83239 12.39640 2.80821 197 197 197
1.72156 12.39995 2.86711 196 196 196
1.60906 12.40279 2.92278 197 197 197
1.49631 12.40008 2.97859 194 194 194
1.37721 12.40133 3.01906 197 197 197
1.25954 12.40833 3.06312 191 191 191
1.13902 12.40207 3.09867 190 190 190
1.01749 12.40270 3.13054 197 197 197
0.89466 12.39925 3.15691 202 202 202
0.77075 12.39784 3.17743 195 195 195
0.64621 12.39863 3.19316 198 198 198
0.52175 12.39707 3.21091 194 194 194
0.39648 12.39567 3.22405 201 201 201
0.27057 12.40413 3.21684 195 195 195
0.14472 12.40011 3.22241 195 195 195
0.01933 12.39747 3.21169 192 192 192
-0.10551 12.39850 3.19683 196 196 196
-0.22940 12.39947 3.17603 194 194 194
-0.35357 12.40008 3.15710 196 196 196
-0.47637 12.39576 3.13057 204 204 204
-0.59847 12.39586 3.10076 188 188 188
-0.71755 12.39540 3.06048 189 189 189
-0.83730 12.40014 3.02238 186 186 186
-0.95246 12.40158 2.97202 197 197 197
-1.06866 12.39906 2.92439 190 190 190
-1.18128 12.40677 2.86878 195 195 195
-1.29323 12.40287 2.81173 196 196 196
-1.39770 12.39647 2.74174 189 189 189
-1.50610 12.39947 2.67835 191 191 191
-1.61261 12.40100 2.61134 183 183 183
-1.71362 12.39982 2.53630 193 193 193
-1.81143 12.39716 2.45707 188 188 188
-1.89948 12.40085 2.36692 192 192 192
-1.99210 12.39641 2.28204 193 193 193
-2.07995 12.39749 2.19217 183 183 183
-2.15938 12.40172 2.09474 182 182 182
-2.24204 12.40133 2.00016 188 188 188
-2.32336 12.39655 1.90398 182 182 182
-2.39471 12.39918 1.80026 182 182 182
-2.45578 12.39846 1.69008 174 174 174
-2.52368 12.40419 1.58423 179 179 179
-2.57904 12.39728 1.47132 185 185 185
-2.63923 12.40231 1.36081 176 176 176
-2.68576 12.40385 1.24392 180 180 180
-2.73041 12.40208 1.12649 174 174 174
-2.77544 12.39751 1.00908 182 182 182
-2.80361 12.40140 0.88638 177 177 177
-2.84448 12.39944 0.76723 181 181 181
-2.86364 12.39788 0.64281 167 167 167
-2.88849 12.40442 0.51972 171 171 171
-2.91078 12.39964 0.39591 168 168 168
-2.92060 12.39651 0.27053 168 168 168
-2.92371 12.39850 0.14488 167 167 167
-2.93329 12.40434 0.01938 171 171 171
-2.92415 12.40077 -0.10615 160 160 160
-2.92021 12.39835 -0.23174 167 167 167
-2.90454 12.39839 -0.35642 164 164 164
-2.88995 12.39542 -0.48120 164 164 164
-2.86338 12.39932 -0.60401 164 164 164
-2.83817 12.39996 -0.72697 154 154 154
-2.81516 12.39871 -0.85089 163 163 163
-2.77440 12.40031 -0.97000 162 162 162
-2.72849 12.40400 -1.08704 156 156 156
-2.68308 12.40020 -1.20407 161 161 161
-2.63854 12.39951 -1.32174 157 157 157
-2.57885 12.39885 -1.43248 151 151 151
-2.52457 12.40284 -1.54598 152 152 152
-2.46466 12.40159 -1.65677 156 156 156
-2.39052 12.39917 -1.75871 154 154 154
-2.31991 12.39811 -1.86272 147 147 147
-2.24185 12.40223 -1.96125 152 152 152
-2.16416 12.40308 -2.06008 158 158 158
-2.07858 12.40191 -2.15216 144 144 144
-1.99180 12.39991 -2.24299 151 151 151
-1.89942 12.39985 -2.32810 143 143 143
-1.80409 12.39814 -2.40973 150 150 150
-1.71013 12.40109 -2.49312 133 133 133
-1.61057 12.39681 -2.56979 145 145 145
-1.50680 12.39859 -2.64065 149 149 149
-1.39922 12.39785 -2.70547 152 152 152
-1.29190 12.39802 -2.77061 148 148 148
-1.18448 12.39449 -2.83631 139 139 139
-1.06901 12.39587 -2.88639 135 135 135
-0.95309 12.39958 -2.93480 140 140 140
-0.83510 12.40190 -2.97766 141 141 141
-0.71954 12.39291 -3.02787 141 141 141
-0.59649 12.40333 -3.05496 147 147 147
-0.47646 12.40091 -3.09223 143 143 143
-0.35474 12.40022 -3.12424 140 140 140
-0.23002 12.39721 -3.14118 139 139 139
-0.10515 12.40921 -3.15501 135 135 135
0.01912 12.39616 -3.17558 135 135 135
0.14494 12.39973 -3.17812 142 142 142
0.27057 12.39661 -3.17883 136 136 136
0.39637 12.40432 -3.18257 145 145 145
0.52147 12.39812 -3.16865 144 144 144
0.64700 12.40067 -3.16105 140 140 140
0.77081 12.39998 -3.13903 141 141 141
0.89389 12.39650 -3.11426 131 131 131
1.01774 12.39608 -3.09281 144 144 144
1.13990 12.40061 -3.06305 147 147 147
1.25949 12.39565 -3.02422 137 137 137
1.37998 12.39979 -2.98783 146 146 146
1.49383 12.39671 -2.93383 142 142 142
1.61280 12.40282 -2.89214 141 141 141
1.72220 12.40119 -2.82962 140 140 140
1.83471 12.39794 -2.77359 147 147 147
1.94158 12.39836 -2.70748 142 142 142
2.04920 12.39876 -2.64254 149 149 149
2.15167 12.40189 -2.56974 150 150 150
2.25287 12.40375 -2.49516 148 148 148
2.35038 12.40116 -2.41577 152 152 152
2.44207 12.39780 -2.32974 150 150 150
2.52650 12.40067 -2.23655 152 152 152
2.61794 12.40019 -2.15051 141 141 141
2.70348 12.40261 -2.05853 151 151 151
2.78640 12.40284 -1.96395 159 159 159
2.86302 12.39947 -1.86415 156 156 156
2.93157 12.39812 -1.75865 157 157 157
2.99595 12.40481 -1.65074 152 152 152
3.06396 12.40138 -1.54500 155 155 155
3.12299 12.40061 -1.43401 153 153 153
3.17457 12.40222 -1.31939 153 153 153
3.23385 12.39985 -1.20806 148 148 148
3.27475 12.40063 -1.08893 163 163 163
3.31570 12.39910 -0.97005 161 161 161
3.35187 12.40146 -0.84964 157 157 157
3.38553 12.39795 -0.72846 170 170 170
3.41456 12.39773 -0.60600 170 170 170
3.42897 12.39943 -0.48087 167 167 167
3.45054 12.40186 -0.35700 172 172 172
3.46058 12.40340 -0.23168 165 165 165
3.47240 12.39623 -0.10643 160 160 160
3.47620 12.79567 0.02000 161 161 161
3.47829 12.79834 0.14575 171 171 171
3.46520 12.79904 0.27086 166 166 166
3.45506 12.79816 0.39606 172 172 172
3.44340 12.80225 0.52139 173 173 173
3.42073 12.80165 0.64518 168 168 168
3.39748 12.79527 0.76898 176 176 176
3.35821 12.80178 0.88878 177 177 177
3.31961 12.79725 1.00836 183 183 183
3.27987 12.80116 1.12754 184 184 184
3.23564 12.80398 1.24520 181 181 181
3.17947 12.79964 1.35771 183 183 183
3.13124 12.80133 1.47393 180 180 180
3.06902 12.80035 1.58319 179 179 179
3.00909 12.79743 1.69377 186 186 186
2.93640 12.79861 1.79645 184 184 184
2.86622 12.79792 1.90063 184 184 184
2.79011 12.80082 2.00059 172 172 172
2.70582 12.80238 2.09377 194 194 194
2.62497 12.79649 2.18975 190 190 190
2.54315 12.80327 2.28539 191 191 191
2.45100 12.79551 2.37101 192 192 192
2.35166 12.80171 2.44823 187 187 187
2.25668 12.80396 2.53026 184 184 184
2.15919 12.80108 2.60958 189 189 189
2.05377 12.80013 2.67800 186 186 186
1.94814 12.80082 2.74582 181 181 181
1.84190 12.80126 2.81299 196 196 196
1.73073 12.79471 2.87163 191 191 191
1.61820 12.79860 2.92765 190 190 190
1.50121 12.80171 2.97369 206 206 206
1.38697 12.80217 3.02666 197 197 197
1.26641 12.79539 3.06279 189 189 189
1.14753 12.79740 3.10401 190 190 190
1.02368 12.80050 3.12702 192 192 192
0.90175 12.79409 3.15707 189 189 189
0.77869 12.79441 3.18281 192 192 192
0.65407 12.79914 3.19953 198 198 198
0.52871 12.80084 3.20873 202 202 202
0.40346 12.80250 3.21960 198 198 198
0.27775 12.80178 3.21718 198 198 198
0.15217 12.79975 3.21634 196 196 196
0.02629 12.79784 3.21507 193 193 193
-0.09818 12.80022 3.19622 195 195 195
-0.22227 12.80146 3.17702 194 194 194
-0.34668 12.79734 3.15924 195 195 195
-0.46901 12.80064 3.13049 189 189 189
-0.58893 12.80380 3.09301 197 197 197
-0.71306 12.80144 3.06939 198 198 198
-0.82931 12.79764 3.02083 195 195 195
-0.94833 12.80034 2.98001 193 193 193
-1.06319 12.79805 2.92874 185 185 185
-1.17351 12.80069 2.86827 189 189 189
-1.28394 12.80129 2.80861 195 195 195
-1.39443 12.80079 2.74876 185 185 185
-1.50098 12.80192 2.68207 189 189 189
-1.60564 12.80300 2.61227 187 187 187
-1.70435 12.80360 2.53429 187 187 187
-1.79448 12.80305 2.44627 190 190 190
-1.89389 12.80332 2.36927 188 188 188
-1.98813 12.79579 2.28588 188 188 188
-2.07019 12.80246 2.19041 187 187 187
-2.15349 12.80214 2.09647 189 189 189
-2.23455 12.79893 2.00054 187 187 187
-2.31411 12.79721 1.90310 188 188 188
-2.38082 12.80256 1.79640 187 187 187
-2.45402 12.80136 1.69403 175 175 175
-2.51520 12.79837 1.58413 182 182 182
-2.57067 12.80122 1.47135 178 178 178
-2.62549 12.79894 1.35841 181 181 181
-2.67184 12.79647 1.24176 180 180 180
-2.72389 12.80289 1.12736 178 178 178
-2.76459 12.79988 1.00852 178 178 178
-2.80784 12.79577 0.89023 181 181 181
-2.83152 12.79695 0.76647 170 170 170
-2.86199 12.80392 0.64453 171 171 171
-2.88112 12.80048 0.52032 171 171 171
-2.90696 12.79897 0.39694 172 172 172
-2.91007 12.80223 0.27089 178 178 178
-2.91727 12.80090 0.14553 174 174 174
-2.92444 12.79885 0.02000 164 164 164
-2.92032 12.79921 -0.10565 167 167 167
-2.90934 12.79945 -0.23083 161 161 161
-2.89501 12.79954 -0.35552 159 159 159
-2.87917 12.79961 -0.48001 164 164 164
-2.86220 12.80087 -0.60458 168 168 168
-2.83460 12.79702 -0.72721 156 156 156
-2.80491 12.80005 -0.84940 160 160 160
-2.76962 12.80611 -0.97015 152 152 152
-2.72163 12.79771 -1.08653 154 154 154
-2.67904 12.79901 -1.20474 156 156 156
-2.63024 12.79865 -1.32060 158 158 158
-2.57226 12.79719 -1.43216 153 153 153
-2.51715 12.79963 -1.54522 153 153 153
-2.45064 12.80426 -1.65196 154 154 154
-2.38200 12.80447 -1.75719 147 147 147
-2.31252 12.80370 -1.86194 153 153 153
-2.23226 12.80351 -1.95874 155 155 155
-2.15633 12.80058 -2.05891 148 148 148
-2.06915 12.79877 -2.14946 141 141 141
-1.98958 12.80016 -2.24733 153 153 153
-1.89601 12.79877 -2.33156 148 148 148
-1.79769 12.80143 -2.41003 144 144 144
-1.70538 12.79731 -2.49559 152 152 152
-1.60716 12.80154 -2.57436 149 149 149
-1.50013 12.80204 -2.64079 144 144 144
-1.39563 12.80109 -2.71072 142 142 142
-1.28461 12.80093 -2.76979 144 144 144
-1.17504 12.80248 -2.83126 150 150 150
-1.06053 12.79879 -2.88295 146 146 146
-0.94649 12.80283 -2.93559 142 142 142
-0.82939 12.80057 -2.98104 140 140 140
-0.71291 12.80080 -3.02894 146 146 146
-0.59103 12.79719 -3.06046 141 141 141
-0.47134 12.79692 -3.10018 140 140 140
-0.34628 12.80260 -3.11721 137 137 137
-0.22276 12.80145 -3.14007 140 140 140
-0.09822 12.79908 -3.15657 140 140 140
0.02709 12.79914 -3.16495 141 141 141
0.15247 12.80304 -3.16874 135 135 135
0.27775 12.80340 -3.18109 142 142 142
0.40353 12.80117 -3.18118 142 142 142
0.52880 12.80330 -3.16989 140 140 140
0.65391 12.79432 -3.15817 141 141 141
0.77848 12.79865 -3.14146 143 143 143
0.90273 12.79540 -3.12197 138 138 138
1.02442 12.80231 -3.09012 138 138 138
1.14534 12.79773 -3.05626 139 139 139
1.26712 12.79821 -3.02497 143 143 143
1.38483 12.80128 -2.98086 144 144 144
1.49991 12.79843 -2.93056 142 142 142
1.61663 12.79844 -2.88426 138 138 138
1.73161 12.80135 -2.83337 145 145 145
1.84232 12.79572 -2.77373 137 137 137
1.94736 12.80074 -2.70455 146 146 146
2.05646 12.80002 -2.64202 140 140 140
2.15866 12.80152 -2.56885 151 151 151
2.25908 12.79987 -2.49331 150 150 150
2.35401 12.79926 -2.41098 139 139 139
2.44705 12.80097 -2.32673 145 145 145
2.54016 12.80183 -2.24241 149 149 149
2.62508 12.79357 -2.14985 149 149 149
2.70951 12.80238 -2.05692 153 153 153
2.78883 12.79740 -1.95958 150 150 150
2.86516 12.80231 -1.85986 148 148 148
2.93955 12.80059 -1.75856 154 154 154
3.00571 12.80456 -1.65170 155 155 155
3.06637 12.80398 -1.54170 151 151 151
3.12711 12.79806 -1.43182 148 148 148
3.18412 12.80088 -1.31985 161 161 161
3.23908 12.79676 -1.20662 152 152 152
3.28180 12.80162 -1.08825 161 161 161
3.31733 12.80247 -0.96762 166 166 166
3.35912 12.80272 -0.84904 164 164 164
3.38920 12.79803 -0.72699 157 157 157
3.41672 12.79756 -0.60438 154 154 154
3.43579 12.79727 -0.48018 163 163 163
3.45657 12.79583 -0.35624 160 160 160
3.46800 12.79978 -0.23108 172 172 172
3.47656 12.79809 -0.10568 170 170 170
3.48316 13.20059 0.02063 163 163 163
3.48287 13.20365 0.14628 171 171 171
3.47929 13.19604 0.27204 170 170 170
3.46398 13.20201 0.39691 176 176 176
3.44568 13.19790 0.52126 176 176 176
3.42096 13.20152 0.64445 174 174 174
3.39728 13.19764 0.76787 182 182 182
3.36426 13.19562 0.88912 170 170 170
3.33577 13.20001 1.01195 178 178 178
3.28528 13.19902 1.12756 176 176 176
3.24207 13.20364 1.24557 177 177 177
3.19032 13.20076 1.36009 185 185 185
3.13430 13.19706 1.47252 181 181 181
3.07856 13.19560 1.58521 179 179 179
3.01330 13.19793 1.69265 180 180 180
2.94432 13.19861 1.79766 181 181 181
2.87461 13.19944 1.90223 178 178 178
2.80432 13.19771 2.00686 184 184 184
2.71763 13.19553 2.09846 180 180 180
2.63182 13.20122 2.19020 188 188 188
2.54680 13.20283 2.28263 189 189 189
2.45549 13.19989 2.36887 182 182 182
2.36599 13.20304 2.45739 187 187 187
2.26454 13.19762 2.53192 193 193 193
2.16686 13.20155 2.61106 191 191 191
2.05971 13.19989 2.67697 187 187 187
1.95752 13.19424 2.75026 193 193 193
1.85161 13.20108 2.81837 196 196 196
1.73901 13.19621 2.87468 192 192 192
1.62275 13.19987 2.92288 184 184 184
1.51036 13.19990 2.97940 188 188 188
1.39289 13.19728 3.02426 192 192 192
1.27329 13.20069 3.06291 195 195 195
1.15519 13.20171 3.10682 200 200 200
1.03174 13.19958 3.13186 197 197 197
0.90851 13.20045 3.15626 191 191 191
0.78476 13.19913 3.17730 190 190 190
0.66052 13.19780 3.19512 200 200 200
0.53560 13.19947 3.20745 198 198 198
0.41024 13.20089 3.21333 204 204 204
0.28479 13.20043 3.21669 192 192 192
0.15917 13.19969 3.21805 195 195 195
0.03365 13.19808 3.21174 190 190 190
-0.09142 13.19991 3.19920 203 203 203
-0.21608 13.20188 3.18300 196 196 196
-0.33895 13.19908 3.15642 188 188 188
-0.46290 13.20198 3.13499 196 196 196
-0.58507 13.19840 3.10492 197 197 197
-0.70442 13.20050 3.06512 193 193 193
-0.82191 13.19965 3.02047 192 192 192
-0.93907 13.20001 2.97529 191 191 191
-1.05722 13.19830 2.93167 184 184 184
-1.16905 13.20255 2.87396 188 188 188
-1.27631 13.19832 2.80817 193 193 193
-1.38596 13.20378 2.74704 187 187 187
-1.49424 13.19897 2.68313 190 190 190
-1.59476 13.19965 2.60761 196 196 196
-1.69132 13.20009 2.52732 190 190 190
-1.79517 13.19889 2.45595 190 190 190
-1.88959 13.20312 2.37286 194 194 194
-1.97546 13.19845 2.28088 185 185 185
-2.06836 13.19743 2.19586 190 190 190
-2.14916 13.19830 2.09942 181 181 181
-2.22957 13.19827 2.00279 181 181 181
-2.30819 13.20404 1.90454 183 183 183
-2.37634 13.19520 1.79874 184 184 184
-2.44058 13.19805 1.69073 186 186 186
-2.51217 13.20404 1.58700 181 181 181
-2.56334 13.20172 1.47182 182 182 182
-2.61964 13.19838 1.35959 186 186 186
-2.66698 13.20317 1.24329 174 174 174
-2.71861 13.20186 1.12864 180 180 180
-2.75528 13.20110 1.00841 174 174 174
-2.79705 13.20106 0.88980 180 180 180
-2.82915 13.19479 0.76822 176 176 176
-2.85622 13.20225 0.64541 173 173 173
-2.87960 13.19958 0.52182 165 165 165
-2.89022 13.19981 0.39641 169 169 169
-2.91030 13.20104 0.27208 163 163 163
-2.91350 13.20235 0.14629 171 171 171
-2.90967 13.18939 0.02063 167 167 167
-2.91762 13.19980 -0.10520 163 163 163
-2.90513 13.19931 -0.23043 166 166 166
-2.88972 13.20395 -0.35510 169 169 169
-2.87810 13.19671 -0.48033 163 163 163
-2.85745 13.19882 -0.60441 164 164 164
-2.82670 13.20015 -0.72638 154 154 154
-2.79502 13.20145 -0.84797 154 154 154
-2.75966 13.19851 -0.96858 161 161 161
-2.72210 13.20341 -1.08868 154 154 154
-2.66531 13.20198 -1.20135 156 156 156
-2.61716 13.19723 -1.31719 162 162 162
-2.56956 13.19714 -1.43374 150 150 150
-2.50703 13.20120 -1.54287 159 159 159
-2.44361 13.20098 -1.65134 154 154 154
-2.37440 13.20259 -1.75619 160 160 160
-2.29789 13.20269 -1.85580 154 154 154
-2.23136 13.20355 -1.96295 147 147 147
-2.15003 13.19941 -2.05891 148 148 148
-2.06061 13.20175 -2.14745 148 148 148
-1.97665 13.20228 -2.24082 147 147 147
-1.89010 13.19594 -2.33216 150 150 150
-1.79453 13.20130 -2.41394 147 147 147
-1.70048 13.20233 -2.49768 144 144 144
-1.59333 13.19909 -2.56439 152 152 152
-1.49148 13.20165 -2.63775 138 138 138
-1.38790 13.19811 -2.70896 144 144 144
-1.28154 13.19501 -2.77627 144 144 144
-1.16719 13.20289 -2.82904 147 147 147
-1.05285 13.19787 -2.88095 143 143 143
-0.93972 13.20370 -2.93561 143 143 143
-0.82096 13.19424 -2.97666 137 137 137
-0.70531 13.20281 -3.02661 140 140 140
-0.58506 13.19710 -3.06365 133 133 133
-0.46318 13.19946 -3.09490 138 138 138
-0.33920 13.19718 -3.11642 145 145 145
-0.21597 13.20042 -3.14108 137 137 137
-0.09128 13.19866 -3.15684 137 137 137
0.03360 13.19776 -3.17108 135 135 135
0.15925 13.19621 -3.17458 146 146 146
0.28479 13.19789 -3.18249 139 139 139
0.41055 13.19987 -3.18004 136 136 136
0.53525 13.19886 -3.16170 137 137 137
0.66066 13.19595 -3.15509 144 144 144
0.78524 13.19885 -3.13908 142 142 142
0.90935 13.19901 -3.11924 149 149 149
1.03172 13.19948 -3.09053 135 135 135
1.15346 13.20421 -3.05942 144 144 144
1.27107 13.19679 -3.01483 136 136 136
1.39454 13.20149 -2.98748 137 137 137
1.50944 13.20324 -2.93594 144 144 144
1.62533 13.20245 -2.88722 140 140 140
1.73687 13.20001 -2.82924 140 140 140
1.84743 13.19793 -2.76967 142 142 142
1.95522 13.20386 -2.70526 142 142 142
2.06047 13.19868 -2.63686 148 148 148
2.16644 13.20700 -2.56924 145 145 145
2.26255 13.19751 -2.48815 148 148 148
2.35897 13.19225 -2.40792 151 151 151
2.45744 13.19773 -2.32973 151 151 151
2.54662 13.19983 -2.24120 142 142 142
2.63480 13.19952 -2.15170 149 149 149
2.71620 13.19982 -2.05599 146 146 146
2.79754 13.19876 -1.96026 153 153 153
2.86958 13.20083 -1.85733 155 155 155
2.93757 13.19726 -1.75190 156 156 156
3.01017 13.19680 -1.64949 146 146 146
3.07410 13.20084 -1.54146 160 160 160
3.13591 13.19477 -1.43209 157 157 157
3.19133 13.19583 -1.31931 153 153 153
3.24050 13.19677 -1.20367 157 157 157
3.28799 13.20323 -1.08731 162 162 162
3.32756 13.19744 -0.96803 165 165 165
3.35933 13.19749 -0.84649 167 167 167
3.39461 13.20031 -0.72598 160 160 160
3.41317 13.19922 -0.60165 166 166 166
3.44304 13.20057 -0.47959 166 166 166
3.46429 13.19857 -0.35569 167 167 167
3.46953 13.20169 -0.23002 170 170 170
3.47445 13.20553 -0.10470 164 164 164
3.48440 13.59975 0.02125 172 172 172
3.48458 13.60418 0.14670 166 166 166
3.47959 13.60232 0.27214 169 169 169
3.47486 13.60363 0.39800 177 177 177
3.45393 13.59742 0.52210 169 169 169
3.43133 13.60077 0.64576 173 173 173
3.40419 13.59743 0.76849 176 176 176
3.37037 13.60046 0.88953 175 175 175
3.33593 13.59985 1.01038 172 172 172
3.29722 13.60198 1.13005 182 182 182
3.24682 13.59991 1.24530 175 175 175
3.19854 13.59900 1.36133 176 176 176
3.14295 13.60277 1.47404 181 181 181
3.08038 13.60074 1.58299 179 179 179
3.01653 13.59604 1.69103 181 181 181
2.95605 13.60003 1.80152 185 185 185
2.88008 13.60013 1.90183 179 179 179
2.80259 13.60278 2.00068 185 185 185
2.72396 13.60107 2.09861 185 185 185
2.64319 13.59911 2.19495 192 192 192
2.55284 13.60153 2.28240 183 183 183
2.46402 13.60038 2.37126 186 186 186
2.36994 13.59571 2.45457 199 199 199
2.27669 13.60068 2.53921 189 189 189
2.17547 13.59896 2.61405 191 191 191
2.06933 13.60207 2.68167 193 193 193
1.96472 13.60213 2.75139 190 190 190
1.85273 13.59948 2.80869 190 190 190
1.74440 13.59822 2.87235 198 198 198
1.62894 13.59933 2.92197 187 187 187
1.51622 13.60114 2.97752 193 193 193
1.39924 13.59797 3.02341 187 187 187
1.28017 13.59856 3.06347 190 190 190
1.15884 13.59217 3.09592 193 193 193
1.03916 13.59706 3.13469 190 190 190
0.91548 13.60193 3.15725 196 196 196
0.79262 13.59913 3.18400 203 203 203
0.66828 13.59719 3.20307 200 200 200
0.54276 13.59581 3.21139 192 192 192
0.41725 13.59785 3.21685 199 199 199
0.29169 13.59831 3.22006 196 196 196
0.16603 13.60387 3.21952 202 202 202
0.04029 13.59661 3.21563 191 191 191
-0.08514 13.59584 3.20506 201 201 201
-0.20936 13.60246 3.18478 198 198 198
-0.33214 13.59719 3.15747 188 188 188
-0.45522 13.60082 3.13236 198 198 198
-0.57717 13.60264 3.10200 196 196 196
-0.69837 13.59580 3.06835 197 197 197
-0.81610 13.60197 3.02404 189 189 189
-0.93027 13.59803 2.97132 193 193 193
-1.04932 13.60357 2.93012 194 194 194
-1.15842 13.59678 2.86725 192 192 192
-1.27365 13.59914 2.81637 190 190 190
-1.37875 13.59578 2.74717 187 187 187
-1.48803 13.60052 2.68479 200 200 200
-1.59028 13.59605 2.61156 190 190 190
-1.68810 13.59889 2.53261 184 184 184
-1.78506 13.60020 2.45282 188 188 188
-1.87997 13.60338 2.37054 190 190 190
-1.97143 13.60202 2.28437 183 183 183
-2.05722 13.59851 2.19256 185 185 185
-2.13892 13.60015 2.09719 192 192 192
-2.22322 13.60307 2.00385 191 191 191
-2.29859 13.59656 1.90320 186 186 186
-2.36111 13.60035 1.79379 180 180 180
-2.43457 13.59637 1.69191 179 179 179
-2.49708 13.59826 1.58304 184 184 184
-2.55854 13.59913 1.47352 173 173 173
-2.61143 13.60110 1.35961 185 185 185
-2.66267 13.59222 1.24499 183 183 183
-2.70898 13.59686 1.12826 183 183 183
-2.74950 13.60075 1.00939 170 170 170
-2.79749 13.59947 0.89249 173 173 173
-2.81870 13.60156 0.76799 175 175 175
-2.85094 13.60290 0.64636 169 169 169
-2.86633 13.59452 0.52143 174 174 174
-2.88117 13.59960 0.39678 168 168 168
-2.89575 13.60418 0.27211 171 171 171
-2.90903 13.59859 0.14701 168 168 168
-2.90711 13.60486 0.02125 172 172 172
-2.90374 13.60360 -0.10430 163 163 163
-2.89154 13.60128 -0.22928 165 165 165
-2.88861 13.60083 -0.35516 168 168 168
-2.87374 13.60014 -0.48010 165 165 165
-2.85141 13.60113 -0.60395 167 167 167
-2.82127 13.60300 -0.72610 165 165 165
-2.78580 13.59873 -0.84669 165 165 165
-2.75489 13.59899 -0.96865 161 161 161
-2.70991 13.60483 -1.08610 158 158 158
-2.66648 13.59948 -1.20407 154 154 154
-2.61527 13.59685 -1.31888 156 156 156
-2.55851 13.59652 -1.43100 153 153 153
-2.50393 13.59901 -1.54437 161 161 161
-2.43744 13.60162 -1.65116 147 147 147
-2.37325 13.59899 -1.75940 146 146 146
-2.29368 13.59945 -1.85713 151 151 151
-2.21907 13.60246 -1.95807 159 159 159
-2.14314 13.60197 -2.05830 142 142 142
-2.05815 13.60180 -2.15092 151 151 151
-1.97252 13.59990 -2.24296 145 145 145
-1.88177 13.59829 -2.32999 145 145 145
-1.78183 13.60011 -2.40653 150 150 150
-1.69110 13.59984 -2.49391 142 142 142
-1.59075 13.60114 -2.56971 144 144 144
-1.48563 13.59608 -2.63871 142 142 142
-1.37799 13.59896 -2.70342 138 138 138
-1.26934 13.60151 -2.76618 143 143 143
-1.16350 13.59962 -2.83472 144 144 144
-1.05042 13.59618 -2.89002 139 139 139
-0.93352 13.59746 -2.93667 151 151 151
-0.81495 13.60110 -2.97843 144 144 144
-0.69849 13.59828 -3.02622 137 137 137
-0.57670 13.60147 -3.05785 144 144 144
-0.45588 13.60588 -3.09259 142 142 142
-0.33301 13.60301 -3.11934 139 139 139
-0.20827 13.59740 -3.13538 137 137 137
-0.08460 13.59971 -3.15804 136 136 136
0.04097 13.60513 -3.16446 138 138 138
0.16586 13.59802 -3.18133 140 140 140
0.29169 13.59370 -3.17910 141 141 141
0.41722 13.59896 -3.17363 145 145 145
0.54257 13.59632 -3.16644 140 140 140
0.66800 13.59945 -3.15817 140 140 140
0.79144 13.59908 -3.13404 135 135 135
0.91637 13.59990 -3.11921 144 144 144
1.03883 13.60103 -3.09082 138 138 138
1.16104 13.60277 -3.06123 140 140 140
1.27980 13.59092 -3.01984 138 138 138
1.39890 13.60141 -2.97998 135 135 135
1.51753 13.59689 -2.93819 138 138 138
1.63092 13.59878 -2.88375 137 137 137
1.74506 13.59848 -2.83115 143 143 143
1.85692 13.60477 -2.77367 142 142 142
1.96745 13.59994 -2.71333 143 143 143
2.06847 13.60135 -2.63789 147 147 147
2.17492 13.60015 -2.57080 143 143 143
2.27030 13.60065 -2.48861 143 143 143
2.37112 13.59862 -2.41345 143 143 143
2.46927 13.59896 -2.33444 149 149 149
2.55504 13.60026 -2.24210 145 145 145
2.64524 13.60020 -2.15435 148 148 148
2.72580 13.60084 -2.05767 139 139 139
2.80085 13.60659 -1.95681 143 143 143
2.88072 13.59625 -1.85979 150 150 150
2.95249 13.60102 -1.75664 146 146 146
3.02201 13.60199 -1.65189 148 148 148
3.08224 13.59996 -1.54153 151 151 151
3.14356 13.60024 -1.43185 152 152 152
3.19375 13.60251 -1.31662 154 154 154
3.24657 13.59801 -1.20270 155 155 155
3.29787 13.59670 -1.08779 158 158 158
3.33398 13.60142 -0.96725 152 152 152
3.36951 13.59604 -0.84679 157 157 157
3.40615 13.59924 -0.72647 163 163 163
3.43950 13.60090 -0.60489 162 162 162
3.45216 13.59902 -0.47932 173 173 173
3.46934 13.59855 -0.35485 162 162 162
3.48303 13.59615 -0.22991 164 164 164
3.49228 13.60795 -0.10450 174 174 174
3.49578 14.00426 0.02188 172 172 172
3.49841 13.99839 0.14760 169 169 169
3.48538 13.99760 0.27269 169 169 169
3.47641 14.00117 0.39801 172 172 172
3.45605 14.00217 0.52199 169 169 169
3.43309 13.99834 0.64540 175 175 175
3.41196 13.99799 0.76936 179 179 179
3.37711 13.99977 0.89015 170 170 170
3.33959 13.99729 1.01001 182 182 182
3.29929 13.99492 1.12895 177 177 177
3.25476 13.99828 1.24642 182 182 182
3.20585 13.99864 1.36221 176 176 176
3.14608 14.00362 1.47282 184 184 184
3.08842 13.99772 1.58434 182 182 182
3.03269 13.99931 1.69743 179 179 179
2.96476 13.99595 1.80345 188 188 188
2.89002 14.00045 1.90477 187 187 187
2.80758 14.00316 1.99992 190 190 190
2.73529 13.99976 2.10314 189 189 189
2.64941 14.00085 2.19509 187 187 187
2.55687 13.99682 2.28030 184 184 184
2.46845 13.99258 2.36938 185 185 185
2.37740 13.99833 2.45602 192 192 192
2.27761 13.99777 2.53244 192 192 192
2.17712 14.00271 2.60766 184 184 184
2.07715 13.99939 2.68390 201 201 201
1.97126 14.00052 2.75167 187 187 187
1.86238 13.99767 2.81449 188 188 188
1.75074 13.99889 2.87218 195 195 195
1.63859 14.00127 2.92890 187 187 187
1.52033 14.00002 2.97179 192 192 192
1.40817 14.00342 3.02994 189 189 189
1.28693 13.99816 3.06414 188 188 188
1.16673 14.00068 3.10062 190 190 190
1.04707 13.99447 3.14014 196 196 196
0.92224 13.99855 3.15794 194 194 194
0.79955 14.00235 3.18576 191 191 191
0.67390 13.99851 3.19411 189 189 189
0.54945 13.99914 3.21133 201 201 201
0.42409 14.00080 3.21985 198 198 198
0.29844 14.00142 3.22070 194 194 194
0.17273 14.00105 3.22140 197 197 197
0.04739 14.00121 3.21177 192 192 192
-0.07847 13.99817 3.20636 198 198 198
-0.20131 13.99963 3.17719 204 204 204
-0.32566 14.00272 3.15942 195 195 195
-0.44834 13.99815 3.13245 207 207 207
-0.57141 14.00093 3.10612 196 196 196
-0.69257 13.99690 3.07188 195 195 195
-0.80880 13.99945 3.02318 198 198 198
-0.92594 14.00463 2.97778 196 196 196
-1.03987 14.00137 2.92489 190 190 190
-1.15327 14.00137 2.87101 200 200 200
-1.26549 13.99823 2.81447 196 196 196
-1.37225 14.00167 2.74819 198 198 198
-1.48132 14.00172 2.68547 194 194 194
-1.57859 14.00127 2.60538 191 191 191
-1.68091 13.99971 2.53267 194 194 194
-1.77933 13.99952 2.45463 191 191 191
-1.87256 13.99860 2.37044 189 189 189
-1.96110 13.99590 2.28141 189 189 189
-2.05324 13.99918 2.19574 190 190 190
-2.13327 13.99981 2.09875 183 183 183
-2.21395 13.99514 2.00248 186 186 186
-2.29221 14.00193 1.90409 184 184 184
-2.36757 14.00183 1.80324 187 187 187
-2.42919 14.00132 1.69337 177 177 177
-2.49276 13.99815 1.58502 183 183 183
-2.55438 14.00025 1.47546 180 180 180
-2.60710 13.99903 1.36135 176 176 176
-2.65154 14.00072 1.24380 188 188 188
-2.70549 13.99579 1.13008 174 174 174
-2.74603 14.00220 1.01108 178 178 178
-2.78407 14.00053 0.89123 177 177 177
-2.81245 14.00304 0.76873 175 175 175
-2.83728 14.00048 0.64561 173 173 173
-2.86092 13.99884 0.52227 167 167 167
-2.87834 13.99770 0.39787 176 176 176
-2.88736 14.00348 0.27260 173 173 173
-2.90298 13.99734 0.14766 171 171 171
-2.90913 14.00077 0.02188 158 158 158
-2.89366 13.99589 -0.10354 165 165 165
-2.89078 14.00143 -0.22912 165 165 165
-2.88214 14.00002 -0.35457 160 160 160
-2.86230 13.99958 -0.47874 163 163 163
-2.83681 13.99652 -0.60177 158 158 158
-2.81743 13.99717 -0.72618 164 164 164
-2.78405 13.99980 -0.84748 166 166 166
-2.73927 13.99882 -0.96514 158 158 158
-2.70409 13.99487 -1.08582 156 156 156
-2.65301 13.99945 -1.20066 158 158 158
-2.61215 14.00319 -1.31993 154 154 154
-2.55274 14.00062 -1.43088 157 157 157
-2.49553 13.99910 -1.54282 144 144 144
-2.42514 14.00023 -1.64714 159 159 159
-2.36110 13.99822 -1.75517 154 154 154
-2.28772 13.99950 -1.85708 151 151 151
-2.21369 14.00241 -1.95852 150 150 150
-2.13575 14.00266 -2.05712 151 151 151
-2.04373 14.00364 -2.14320 150 150 150
-1.96592 14.00220 -2.24248 149 149 149
-1.87329 13.99778 -2.32749 149 149 149
-1.78065 13.99424 -2.41243 150 150 150
-1.68171 13.99869 -2.48993 147 147 147
-1.58434 14.00246 -2.56955 151 151 151
-1.48229 13.99946 -2.64317 150 150 150
-1.37328 14.00068 -2.70612 147 147 147
-1.26858 13.99711 -2.77623 146 146 146
-1.15434 14.00197 -2.82936 135 135 135
-1.04008 14.00092 -2.88159 150 150 150
-0.92459 13.99876 -2.93079 142 142 142
-0.80916 13.99772 -2.98041 138 138 138
-0.69141 14.00308 -3.02455 137 137 137
-0.57005 14.00596 -3.05756 136 136 136
-0.44934 13.99708 -3.09284 143 143 143
-0.32596 13.99792 -3.11721 140 140 140
-0.20268 14.00245 -3.14209 143 143 143
-0.07755 14.00121 -3.15488 132 132 132
0.04710 13.99703 -3.17168 134 134 134
0.17274 13.99442 -3.17732 146 146 146
0.29844 13.99807 -3.17269 136 136 136
0.42433 13.99949 -3.18232 143 143 143
0.54922 14.00180 -3.16465 144 144 144
0.67427 13.99635 -3.15351 137 137 137
0.79911 14.00066 -3.13924 140 140 140
0.92279 14.00149 -3.11696 142 142 142
1.04544 13.99691 -3.08962 135 135 135
1.16708 14.00025 -3.05809 138 138 138
1.28915 13.99885 -3.02721 143 143 143
1.40553 14.00057 -2.97904 140 140 140
1.52068 14.00010 -2.92887 145 145 145
1.63646 13.99991 -2.88051 137 137 137
1.75273 14.00267 -2.83233 152 152 152
1.85969 13.99781 -2.76595 149 149 149
1.96945 14.00025 -2.70497 139 139 139
2.07481 13.99984 -2.63665 143 143 143
2.17759 13.99860 -2.56455 145 145 145
2.27878 14.00010 -2.49017 143 143 143
2.37521 14.00180 -2.40971 146 146 146
2.47237 14.00252 -2.32987 152 152 152
2.56369 13.99625 -2.24337 149 149 149
2.64979 14.00683 -2.15169 151 151 151
2.73296 14.00206 -2.05740 151 151 151
2.81195 13.99765 -1.95962 153 153 153
2.88838 14.00126 -1.85982 153 153 153
2.95983 14.00279 -1.75641 159 159 159
3.02873 14.00259 -1.65125 151 151 151
3.09305 14.00189 -1.54318 149 149 149
3.14595 13.99587 -1.42900 158 158 158
3.20238 14.00511 -1.31686 149 149 149
3.26106 13.99572 -1.20528 155 155 155
3.29441 13.99612 -1.08340 162 162 162
3.34677 14.00227 -0.96859 164 164 164
3.38498 14.00229 -0.84862 166 166 166
3.41212 13.99976 -0.72565 162 162 162
3.43729 14.00032 -0.60248 164 164 164
3.45244 13.99842 -0.47767 167 167 167
3.47366 14.00391 -0.35394 166 166 166
3.48567 13.99941 -0.22897 163 163 163
3.49086 13.99554 -0.10356 161 161 161
3.51301 14.39875 0.02250 167 167 167
3.50070 14.40238 0.14806 168 168 168
3.49228 14.39976 0.27334 168 168 168
3.48215 14.40336 0.39854 166 166 166
3.47077 14.40108 0.52390 169 169 169
3.44687 14.39732 0.64745 171 171 171
3.41982 14.40144 0.77029 173 173 173
3.39117 14.40077 0.89288 176 176 176
3.35108 14.39683 1.01222 172 172 172
3.30686 14.39866 1.12993 174 174 174
3.26014 14.39560 1.24654 170 170 170
3.20769 14.39938 1.36064 186 186 186
3.15897 14.39843 1.47665 188 188 188
3.09238 14.39990 1.58349 186 186 186
3.03368 14.40223 1.69461 191 191 191
2.96639 14.40069 1.80076 175 175 175
2.89711 14.39965 1.90575 187 187 187
2.81817 14.40201 2.00370 188 188 188
2.73682 14.39692 2.09944 187 187 187
2.65479 14.40087 2.19459 182 182 182
2.56032 14.39751 2.27779 180 180 180
2.47788 14.40683 2.37307 184 184 184
2.38347 14.40051 2.45603 186 186 186
2.28265 14.40407 2.53109 187 187 187
2.18760 14.40284 2.61363 193 193 193
2.08004 14.39729 2.67899 183 183 183
1.97765 14.39901 2.75196 189 189 189
1.86970 14.40239 2.81641 197 197 197
1.75703 14.39895 2.87221 200 200 200
1.64640 14.40149 2.93214 197 197 197
1.52863 14.40182 2.97651 190 190 190
1.41487 14.40247 3.03083 193 193 193
1.29445 14.39934 3.06761 193 193 193
1.17370 14.39531 3.10254 191 191 191
1.05077 14.39744 3.12871 195 195 195
0.92860 14.40012 3.15736 199 199 199
0.80583 14.40271 3.18438 196 196 196
0.68133 14.39500 3.20184 196 196 196
0.55578 14.40495 3.20855 191 191 191
0.43075 14.39578 3.22206 203 203 203
0.30504 14.39907 3.22528 187 187 187
0.17921 14.39572 3.22508 201 201 201
0.05425 14.40330 3.20903 203 203 203
-0.07156 14.40059 3.20437 201 201 201
-0.19526 14.40175 3.18121 192 192 192
-0.31840 14.40093 3.15671 194 194 194
-0.44049 14.40049 3.12786 200 200 200
-0.56376 14.40315 3.10301 189 189 189
-0.68384 14.39925 3.06594 190 190 190
-0.80486 14.39548 3.03100 195 195 195
-0.91885 14.39759 2.97722 186 186 186
-1.03294 14.39629 2.92480 192 192 192
-1.14742 14.40101 2.87310 192 192 192
-1.25872 14.40126 2.81479 196 196 196
-1.36686 14.40085 2.75079 189 189 189
-1.47602 14.39909 2.68803 198 198 198
-1.57065 14.40259 2.60415 188 188 188
-1.67800 14.39724 2.53796 191 191 191
-1.77355 14.39987 2.45621 193 193 193
-1.86783 14.40046 2.37309 189 189 189
-1.95321 14.40253 2.28075 187 187 187
-2.04089 14.40105 2.19105 182 182 182
-2.12772 14.39805 2.10027 185 185 185
-2.20806 14.40052 2.00367 187 187 187
-2.28655 14.39980 1.90540 193 193 193
-2.35827 14.40722 1.80206 187 187 187
-2.42362 14.39850 1.69462 180 180 180
-2.48359 14.39971 1.58421 180 180 180
-2.54792 14.40122 1.47615 182 182 182
-2.60277 14.39947 1.36302 183 183 183
-2.65014 14.40419 1.24657 179 179 179
-2.69724 14.40154 1.13010 176 176 176
-2.73533 14.39829 1.01037 171 171 171
-2.77311 14.40146 0.89063 172 172 172
-2.80518 14.40128 0.76920 177 177 177
-2.83663 14.40136 0.64742 168 168 168
-2.85124 14.39933 0.52241 172 172 172
-2.87336 14.40153 0.39869 171 171 171
-2.88507 14.40216 0.27357 169 169 169
-2.89263 14.40269 0.14814 170 170 170
-2.89715 14.40060 0.02250 164 164 164
-2.88892 14.39894 -0.10299 160 160 160
-2.88345 14.39882 -0.22844 164 164 164
-2.86858 14.40079 -0.35312 164 164 164
-2.85532 14.40497 -0.47805 164 164 164
-2.83673 14.39918 -0.60244 161 161 161
-2.80839 14.40109 -0.72497 166 166 166
-2.77474 14.40338 -0.84609 163 163 163
-2.74525 14.39818 -0.96860 159 159 159
-2.69590 14.39886 -1.08460 165 165 165
-2.65091 14.39762 -1.20189 154 154 154
-2.59974 14.40175 -1.31662 158 158 158
-2.54689 14.39595 -1.43063 159 159 159
-2.48761 14.40042 -1.54146 154 154 154
-2.41492 14.39580 -1.64429 155 155 155
-2.35697 14.40200 -1.75620 157 157 157
-2.28092 14.40012 -1.85631 150 150 150
-2.20660 14.40033 -1.95751 152 152 152
-2.13314 14.40128 -2.05990 148 148 148
-2.04787 14.40159 -2.15250 147 147 147
-1.95729 14.39503 -2.23983 153 153 153
-1.86208 14.40030 -2.32188 147 147 147
-1.77379 14.40332 -2.41149 145 145 145
-1.67121 14.40292 -2.48436 146 146 146
-1.57606 14.39817 -2.56661 141 141 141
-1.47142 14.39878 -2.63616 143 143 143
-1.36489 14.39952 -2.70257 143 143 143
-1.25761 14.40250 -2.76781 136 136 136
-1.14874 14.40231 -2.83069 143 143 143
-1.03380 14.39762 -2.88166 137 137 137
-0.92002 14.40041 -2.93505 139 139 139
-0.80163 14.39904 -2.97726 143 143 143
-0.68344 14.39886 -3.01971 144 144 144
-0.56429 14.39962 -3.05988 142 142 142
-0.44099 14.39853 -3.08493 138 138 138
-0.31957 14.40152 -3.11762 137 137 137
-0.19533 14.39740 -3.13668 138 138 138
-0.07106 14.40150 -3.15513 140 140 140
0.05416 14.39842 -3.16522 137 137 137
0.17952 14.39931 -3.17200 141 141 141
0.30504 14.40154 -3.17690 145 145 145
0.43074 14.40395 -3.17687 138 138 138
0.55593 14.39850 -3.16538 137 137 137
0.68134 14.40159 -3.15689 130 130 130
0.80560 14.39966 -3.13791 139 139 139
0.92947 14.40328 -3.11673 139 139 139
1.05186 14.40017 -3.08825 131 131 131
1.17302 14.39853 -3.05516 143 143 143
1.29606 14.39691 -3.02756 143 143 143
1.41354 14.40062 -2.98224 148 148 148
1.52967 14.39950 -2.93404 146 146 146
1.64731 14.39915 -2.88912 138 138 138
1.75884 14.40036 -2.83075 143 143 143
1.86498 14.40373 -2.76298 143 143 143
1.97979 14.39949 -2.71045 147 147 147
2.08250 14.40114 -2.63766 142 142 142
2.18357 14.40016 -2.56308 150 150 150
2.28456 14.40104 -2.48851 154 154 154
2.38136 14.39851 -2.40857 149 149 149
2.47486 14.40487 -2.32480 144 144 144
2.56805 14.40213 -2.24051 144 144 144
2.65803 14.40362 -2.15259 139 139 139
2.73753 14.40226 -2.05505 153 153 153
2.82547 14.40086 -1.96445 156 156 156
2.89550 14.39755 -1.85959 153 153 153
2.96860 14.39414 -1.75724 152 152 152
3.03392 14.39856 -1.64976 155 155 155
3.09834 14.40140 -1.54183 153 153 153
3.15497 14.39628 -1.42962 154 154 154
3.21282 14.40117 -1.31801 160 160 160
3.25826 14.40458 -1.20077 157 157 157
3.30254 14.39759 -1.08334 161 161 161
3.34887 14.40052 -0.96650 154 154 154
3.38029 14.39747 -0.84481 158 158 158
3.41924 14.40193 -0.72516 157 157 157
3.44152 14.40348 -0.60139 168 168 168
3.46576 14.39509 -0.47811 167 167 167
3.48260 14.40086 -0.35359 163 163 163
3.49017 14.39713 -0.22818 169 169 169
3.50810 14.40203 -0.10335 166 166 166
3.51541 14.79849 0.02313 173 173 173
3.50979 14.80267 0.14879 172 172 172
3.49631 14.79905 0.27378 173 173 173
3.49337 14.80600 0.39973 174 174 174
3.46987 14.80296 0.52337 174 174 174
3.44784 14.79965 0.64699 179 179 179
3.42722 14.79961 0.77115 175 175 175
3.39309 14.79635 0.89223 177 177 177
3.35837 14.79871 1.01312 187 187 187
3.31444 14.79821 1.13098 181 181 181
3.26884 14.79290 1.24810 180 180 180
3.21765 14.80298 1.36289 180 180 180
3.16323 14.79737 1.47616 182 182 182
3.10300 14.80354 1.58645 183 183 183
3.03855 14.79799 1.69428 184 184 184
2.96273 14.80020 1.79463 187 187 187
2.89587 14.79669 1.90080 188 188 188
2.82301 14.79717 2.00306 187 187 187
2.75040 14.80603 2.10616 190 190 190
2.65884 14.80120 2.19301 187 187 187
2.57621 14.80097 2.28786 186 186 186
2.48661 14.80051 2.37617 193 193 193
2.39159 14.80222 2.45862 186 186 186
2.29171 14.80400 2.53504 187 187 187
2.19353 14.80028 2.61356 191 191 191
2.09004 14.79941 2.68493 193 193 193
1.98291 14.80376 2.75066 186 186 186
1.87592 14.80016 2.81664 190 190 190
1.76378 14.79701 2.87343 189 189 189
1.65063 14.80506 2.92798 191 191 191
1.53549 14.80080 2.97816 193 193 193
1.41975 14.80145 3.02723 189 189 189
1.30178 14.80426 3.07097 196 196 196
1.17990 14.79765 3.10233 202 202 202
1.05740 14.80331 3.13014 193 193 193
0.93552 14.79619 3.16040 202 202 202
0.81214 14.79917 3.18420 195 195 195
0.68755 14.80292 3.20052 202 202 202
0.56242 14.80008 3.21164 202 202 202
0.43734 14.80108 3.22663 191 191 191
0.31148 14.79869 3.22303 197 197 197
0.18581 14.79442 3.22159 204 204 204
0.06008 14.80072 3.21741 194 194 194
-0.06504 14.80331 3.20431 194 194 194
-0.18939 14.80337 3.18547 196 196 196
-0.31283 14.79717 3.16170 200 200 200
-0.43573 14.80287 3.13548 195 195 195
-0.55592 14.80229 3.09870 193 193 193
-0.67557 14.79951 3.06095 198 198 198
-0.79557 14.80199 3.02391 199 199 199
-0.91340 14.80422 2.98025 200 200 200
-1.02910 14.80134 2.93105 187 187 187
-1.14008 14.79690 2.87197 193 193 193
-1.25167 14.80124 2.81432 195 195 195
-1.36156 14.79866 2.75327 190 190 190
-1.46436 14.79516 2.68085 196 196 196
-1.56828 14.80163 2.61039 196 196 196
-1.66828 14.80286 2.53444 191 191 191
-1.76440 14.80350 2.45366 185 185 185
-1.86264 14.79781 2.37507 194 194 194
-1.94673 14.80186 2.28133 187 187 187
-2.03518 14.80016 2.19235 185 185 185
-2.11940 14.79756 2.09929 181 181 181
-2.20270 14.79956 2.00514 187 187 187
-2.27701 14.79974 1.90377 191 191 191
-2.35116 14.79894 1.80224 183 183 183
-2.42229 14.79957 1.69838 193 193 193
-2.47603 14.80165 1.58421 184 184 184
-2.53704 14.79994 1.47452 183 183 183
-2.59287 14.79888 1.36205 181 181 181
-2.64593 14.80077 1.24812 179 179 179
-2.69101 14.80145 1.13080 177 177 177
-2.73206 14.79785 1.01203 176 176 176
-2.77620 14.79687 0.89394 164 164 164
-2.80071 14.80159 0.77030 174 174 174
-2.83103 14.80039 0.64821 172 172 172
-2.85473 14.79923 0.52460 168 168 168
-2.85902 14.80010 0.39838 167 167 167
-2.88303 14.80025 0.27454 171 171 171
-2.88409 14.80156 0.14868 160 160 160
-2.88657 14.79968 0.02313 173 173 173
-2.88054 14.79893 -0.10229 170 170 170
-2.88357 14.80159 -0.22833 168 168 168
-2.86051 14.80149 -0.35230 169 169 169
-2.85059 14.79922 -0.47770 165 165 165
-2.82803 14.80231 -0.60136 162 162 162
-2.80472 14.79785 -0.72501 161 161 161
-2.76267 14.80230 -0.84387 157 157 157
-2.73203 14.79886 -0.96577 157 157 157
-2.69675 14.79975 -1.08667 161 161 161
-2.64844 14.80022 -1.20291 155 155 155
-2.59338 14.80023 -1.31603 156 156 156
-2.54104 14.80109 -1.43030 156 156 156
-2.47668 14.79580 -1.53832 155 155 155
-2.41622 14.80310 -1.64841 150 150 150
-2.34374 14.79924 -1.75103 151 151 151
-2.27961 14.79788 -1.85941 144 144 144
-2.20326 14.79875 -1.95933 144 144 144
-2.12013 14.80174 -2.05366 153 153 153
-2.04089 14.80193 -2.15138 146 146 146
-1.95505 14.80223 -2.24340 142 142 142
-1.85874 14.79895 -2.32460 151 151 151
-1.76797 14.80531 -2.41159 146 146 146
-1.66882 14.80214 -2.48886 148 148 148
-1.56958 14.80143 -2.56593 146 146 146
-1.46620 14.79596 -2.63736 148 148 148
-1.36091 14.79954 -2.70596 139 139 139
-1.25213 14.79759 -2.76890 136 136 136
-1.14315 14.80505 -2.83174 139 139 139
-1.02772 14.80058 -2.88182 148 148 148
-0.91471 14.80176 -2.93715 144 144 144
-0.79517 14.80193 -2.97656 141 141 141
-0.67839 14.80192 -3.02338 143 143 143
-0.55744 14.80004 -3.05783 140 140 140
-0.43470 14.79862 -3.08494 140 140 140
-0.31226 14.79580 -3.11262 142 142 142
-0.19005 14.80049 -3.14340 138 138 138
-0.06374 14.79690 -3.14703 135 135 135
0.05994 14.80257 -3.17293 142 142 142
0.18597 14.80141 -3.17115 144 144 144
0.31148 14.79926 -3.17650 146 146 146
0.43705 14.80079 -3.17298 135 135 135
0.56263 14.79298 -3.16810 139 139 139
0.68700 14.80301 -3.14964 133 133 133
0.81194 14.80239 -3.13670 140 140 140
0.93573 14.80454 -3.11523 131 131 131
1.05787 14.80223 -3.08582 145 145 145
1.18055 14.79694 -3.05837 141 141 141
1.30083 14.80001 -3.02178 139 139 139
1.41861 14.80328 -2.97788 140 140 140
1.53845 14.80235 -2.93905 139 139 139
1.65346 14.79888 -2.88787 145 145 145
1.76702 14.79886 -2.83354 144 144 144
1.87561 14.79892 -2.76984 144 144 144
1.98416 14.79782 -2.70645 145 145 145
2.08994 14.79895 -2.63854 146 146 146
2.18849 14.80043 -2.56037 146 146 146
2.29326 14.80513 -2.49075 146 146 146
2.38832 14.79982 -2.40855 146 146 146
2.48237 14.80047 -2.32533 147 147 147
2.57612 14.80104 -2.24152 150 150 150
2.65919 14.80156 -2.14708 145 145 145
2.74171 14.79886 -2.05249 157 157 157
2.82318 14.79776 -1.95694 144 144 144
2.90413 14.79731 -1.86055 158 158 158
2.97013 14.80038 -1.75333 144 144 144
3.04268 14.79948 -1.65056 147 147 147
3.10058 14.79742 -1.53885 155 155 155
3.16467 14.79798 -1.43065 155 155 155
3.21977 14.79818 -1.31762 160 160 160
3.27041 14.80091 -1.20251 152 152 152
3.31363 14.80409 -1.08443 157 157 157
3.35788 14.79181 -0.96671 154 154 154
3.39446 14.80414 -0.84637 168 168 168
3.42182 14.79843 -0.72360 164 164 164
3.44858 14.80161 -0.60088 156 156 156
3.47389 14.80137 -0.47775 163 163 163
3.48666 14.80133 -0.35268 165 165 165
3.50525 14.79855 -0.22823 171 171 171
3.51095 14.80326 -0.10258 167 167 167
3.51123 15.20004 0.02375 168 168 168
3.51578 15.19910 0.14940 165 165 165
3.50491 15.19536 0.27458 172 172 172
3.49531 15.19794 0.39984 169 169 169
3.47995 15.19684 0.52459 179 179 179
3.46001 15.20190 0.64878 170 170 170
3.42791 15.20135 0.77043 169 169 169
3.39432 15.19754 0.89143 171 171 171
3.35817 15.20226 1.01164 184 184 184
3.32427 15.20242 1.13291 173 173 173
3.27016 15.20058 1.24667 176 176 176
3.22375 15.20142 1.36343 184 184 184
3.16723 15.20104 1.47563 169 169 169
3.11105 15.20276 1.58807 176 176 176
3.04644 15.20111 1.69589 180 180 180
2.97317 15.19541 1.79804 182 182 182
2.90512 15.20095 1.90358 177 177 177
2.83067 15.19869 2.00477 179 179 179
2.74865 15.20149 2.09992 179 179 179
2.66542 15.20105 2.19391 187 187 187
2.58308 15.20054 2.28907 187 187 187
2.49109 15.19870 2.37485 183 183 183
2.39339 15.20198 2.45401 188 188 188
2.29759 15.20033 2.53515 186 186 186
2.19883 15.20195 2.61282 187 187 187
2.09632 15.19913 2.68556 195 195 195
1.99069 15.20382 2.75372 191 191 191
1.88018 15.20016 2.81365 194 194 194
1.77122 15.20172 2.87632 195 195 195
1.65893 15.20408 2.93298 189 189 189
1.54292 15.20561 2.98154 192 192 192
1.42568 15.19997 3.02689 194 194 194
1.30726 15.19891 3.06911 189 189 189
1.18549 15.19768 3.10051 193 193 193
1.06548 15.20054 3.13821 199 199 199
0.94065 15.19768 3.15523 196 196 196
0.81890 15.19932 3.18782 193 193 193
0.69340 15.19934 3.19752 188 188 188
0.56869 15.19713 3.21212 194 194 194
0.44347 15.19872 3.22343 200 200 200
0.31776 15.20178 3.22001 189 189 189
0.19199 15.20053 3.22480 190 190 190
0.06667 15.19939 3.21408 193 193 193
-0.05833 15.20139 3.20130 197 197 197
-0.18324 15.20084 3.18693 198 198 198
-0.30685 15.20564 3.16387 201 201 201
-0.42985 15.20237 3.13774 188 188 188
-0.55094 15.19477 3.10391 195 195 195
-0.67235 15.20011 3.07100 198 198 198
-0.78783 15.19452 3.02057 194 194 194
-0.90913 15.20453 2.98572 195 195 195
-1.02078 15.19901 2.92725 190 190 190
-1.13476 15.20087 2.87447 198 198 198
-1.24467 15.20236 2.81366 194 194 194
-1.35427 15.19811 2.75225 190 190 190
-1.45938 15.20179 2.68343 192 192 192
-1.55889 15.19883 2.60673 192 192 192
-1.66533 15.19930 2.53929 183 183 183
-1.75898 15.20163 2.45530 196 196 196
-1.85485 15.20046 2.37406 190 190 190
-1.94555 15.20277 2.28706 184 184 184
-2.03048 15.20005 2.19444 187 187 187
-2.11146 15.20005 2.09850 189 189 189
-2.19328 15.19751 2.00330 181 181 181
-2.27150 15.20007 1.90496 177 177 177
-2.34204 15.19830 1.80097 184 184 184
-2.40938 15.20057 1.69494 176 176 176
-2.47345 15.19815 1.58690 183 183 183
-2.53174 15.19652 1.47564 191 191 191
-2.59317 15.19950 1.36571 182 182 182
-2.63305 15.20034 1.24601 179 179 179
-2.68093 15.19741 1.13002 189 189 189
-2.72544 15.20334 1.01254 168 168 168
-2.76418 15.19705 0.89295 175 175 175
-2.79405 15.20128 0.77083 169 169 169
-2.81810 15.19795 0.64751 172 172 172
-2.84874 15.19933 0.52527 179 179 179
-2.86461 15.19830 0.40041 169 169 169
-2.87935 15.20132 0.27537 163 163 163
-2.87648 15.20257 0.14925 171 171 171
-2.87928 15.19887 0.02375 168 168 168
-2.88069 15.20139 -0.10192 165 165 165
-2.86857 15.19832 -0.22702 161 161 161
-2.85544 15.19591 -0.35182 165 165 165
-2.84360 15.19501 -0.47696 166 166 166
-2.82330 15.20002 -0.60104 160 160 160
-2.79137 15.20013 -0.72269 161 161 161
-2.75733 15.19787 -0.84352 161 161 161
-2.72549 15.19981 -0.96506 154 154 154
-2.68032 15.20064 -1.08230 159 159 159
-2.63926 15.19946 -1.20109 157 157 157
-2.58433 15.20374 -1.31413 160 160 160
-2.52817 15.19679 -1.42632 155 155 155
-2.47564 15.20056 -1.54063 150 150 150
-2.41312 15.20185 -1.64973 158 158 158
-2.34441 15.20245 -1.75505 149 149 149
-2.26787 15.19782 -1.85482 152 152 152
-2.19394 15.19592 -1.95631 157 157 157
-2.11616 15.19854 -2.05501 151 151 151
-2.03057 15.19738 -2.14702 146 146 146
-1.94635 15.19515 -2.24035 143 143 143
-1.85329 15.19504 -2.32487 151 151 151
-1.76132 15.20436 -2.41053 144 144 144
-1.66120 15.20057 -2.48654 145 145 145
-1.56085 15.19676 -2.56193 144 144 144
-1.45708 15.20265 -2.63249 139 139 139
-1.35137 15.20038 -2.70002 143 143 143
-1.24942 15.19951 -2.77464 142 142 142
-1.13139 15.19956 -2.82036 137 137 137
-1.02246 15.19872 -2.88340 141 141 141
-0.90650 15.20058 -2.93186 140 140 140
-0.78988 15.19870 -2.97862 136 136 136
-0.67054 15.20169 -3.01792 144 144 144
-0.55241 15.20009 -3.06163 137 137 137
-0.43098 15.19842 -3.09496 137 137 137
-0.30514 15.20107 -3.10779 140 140 140
-0.18356 15.20054 -3.14146 143 143 143
-0.05813 15.20146 -3.15207 144 144 144
0.06653 15.20162 -3.16840 136 136 136
0.19180 15.19976 -3.18217 142 142 142
0.31776 15.20128 -3.17407 140 140 140
0.44355 15.19815 -3.17795 139 139 139
0.56862 15.19804 -3.16372 145 145 145
0.69404 15.20052 -3.15540 138 138 138
0.81834 15.20267 -3.13682 137 137 137
0.94250 15.20325 -3.11706 150 150 150
1.06350 15.19940 -3.08249 139 139 139
1.18905 15.19470 -3.06560 139 139 139
1.30546 15.19998 -3.01607 135 135 135
1.42469 15.20225 -2.97673 148 148 148
1.54391 15.20106 -2.93645 140 140 140
1.65599 15.19824 -2.87909 134 134 134
1.76913 15.20292 -2.82473 144 144 144
1.88091 15.19491 -2.76747 137 137 137
1.98685 15.19604 -2.69996 147 147 147
2.09339 15.20047 -2.63368 151 151 151
2.20046 15.19932 -2.56756 154 154 154
2.29556 15.19752 -2.48508 142 142 142
2.39726 15.20025 -2.41103 147 147 147
2.49086 15.20017 -2.32710 154 154 154
2.58299 15.20099 -2.24148 148 148 148
2.66857 15.19891 -2.14932 147 147 147
2.75514 15.20342 -2.05797 142 142 142
2.82870 15.20133 -1.95571 156 156 156
2.91146 15.20158 -1.86068 158 158 158
2.97709 15.19902 -1.75316 153 153 153
3.04900 15.19997 -1.64995 146 146 146
3.11047 15.19879 -1.54024 155 155 155
3.17275 15.19877 -1.43094 153 153 153
3.22163 15.20329 -1.31495 162 162 162
3.27263 15.20085 -1.20020 152 152 152
3.31916 15.20119 -1.08353 160 160 160
3.35753 15.20027 -0.96393 159 159 159
3.39147 15.20218 -0.84313 168 168 168
3.43554 15.20221 -0.72476 146 146 146
3.45621 15.19644 -0.60053 162 162 162
3.47812 15.20445 -0.47680 164 164 164
3.49423 15.19763 -0.35221 159 159 159
3.50909 15.19858 -0.22741 170 170 170
3.51406 15.20316 -0.10183 162 162 162
3.52653 15.60000 0.02438 163 163 163
3.52530 15.59964 0.15016 167 167 167
3.51438 15.59702 0.27547 171 171 171
3.50078 15.60456 0.40039 175 175 175
3.48944 15.60218 0.52575 170 170 170
3.46384 15.60216 0.64895 168 168 168
3.43459 15.59972 0.77119 174 174 174
3.40883 15.59911 0.89442 171 171 171
3.37588 15.59680 1.01603 182 182 182
3.32225 15.59900 1.13053 173 173 173
3.27696 15.60151 1.24758 174 174 174
3.23364 15.59962 1.36579 182 182 182
3.17011 15.60049 1.47460 179 179 179
3.11108 15.59948 1.58528 180 180 180
3.05516 15.60123 1.69811 188 188 188
2.98587 15.59906 1.80306 180 180 180
2.91058 15.59844 1.90373 189 189 189
2.83811 15.60404 2.00643 179 179 179
2.75610 15.59733 2.10169 184 184 184
2.67322 15.60244 2.19608 191 191 191
2.58662 15.60355 2.28711 187 187 187
2.49237 15.59976 2.37024 185 185 185
2.40231 15.59714 2.45790 187 187 187
2.30278 15.60230 2.53460 187 187 187
2.20398 15.59493 2.61211 191 191 191
2.10281 15.60018 2.68673 188 188 188
1.99476 15.60328 2.75100 189 189 189
1.88787 15.60367 2.81708 192 192 192
1.77415 15.60612 2.87070 200 200 200
1.66602 15.59879 2.93570 193 193 193
1.54520 15.59822 2.97290 190 190 190
1.43048 15.60062 3.02394 191 191 191
1.31494 15.60001 3.07456 186 186 186
1.19224 15.59840 3.10337 194 194 194
1.07169 15.60062 3.13923 195 195 195
0.94856 15.59800 3.16487 193 193 193
0.82410 15.60118 3.18267 200 200 200
0.70062 15.59890 3.20748 197 197 197
0.57505 15.60284 3.21580 194 194 194
0.44962 15.60253 3.22484 198 198 198
0.32388 15.60365 3.22511 192 192 192
0.19839 15.59741 3.21818 197 197 197
0.07265 15.60352 3.21653 189 189 189
-0.05201 15.59691 3.20025 197 197 197
-0.17754 15.59638 3.19018 192 192 192
-0.30127 15.60102 3.16722 201 201 201
-0.42344 15.59664 3.13718 191 191 191
-0.54510 15.60092 3.10555 188 188 188
-0.66464 15.60254 3.06672 186 186 186
-0.78153 15.59934 3.02072 200 200 200
-0.90293 15.60072 2.98616 190 190 190
-1.01664 15.60005 2.93219 191 191 191
-1.13217 15.60349 2.88204 193 193 193
-1.23931 15.59983 2.81565 194 194 194
-1.35008 15.59947 2.75602 197 197 197
-1.45415 15.60191 2.68538 186 186 186
-1.55706 15.60137 2.61326 193 193 193
-1.65660 15.59927 2.53659 185 185 185
-1.75258 15.60204 2.45559 191 191 191
-1.85022 15.60156 2.37630 186 186 186
-1.93961 15.60054 2.28786 185 185 185
-2.02335 15.59948 2.19413 188 188 188
-2.11109 15.60702 2.10404 185 185 185
-2.18848 15.59763 2.00495 190 190 190
-2.26528 15.60456 1.90551 181 181 181
-2.33846 15.59709 1.80329 184 184 184
-2.40901 15.59512 1.69909 181 181 181
-2.46647 15.59999 1.58705 180 180 180
-2.52548 15.60229 1.47619 185 185 185
-2.58950 15.60123 1.36746 183 183 183
-2.62398 15.59742 1.24542 179 179 179
-2.67356 15.59676 1.13019 170 170 170
-2.72145 15.60001 1.01386 182 182 182
-2.76136 15.59763 0.89450 174 174 174
-2.78610 15.59918 0.77102 172 172 172
-2.81541 15.60168 0.64882 170 170 170
-2.83247 15.60255 0.52429 171 171 171
-2.85173 15.60195 0.40023 171 171 171
-2.86263 15.60055 0.27516 174 174 174
-2.87197 15.59840 0.14994 169 169 169
-2.87768 15.60003 0.02438 163 163 163
-2.87349 15.60174 -0.10125 174 174 174
-2.86023 15.59687 -0.22622 163 163 163
-2.85348 15.60152 -0.35169 173 173 173
-2.83314 15.59929 -0.47565 166 166 166
-2.81743 15.59974 -0.60047 165 165 165
-2.78332 15.60012 -0.72160 160 160 160
-2.75574 15.59922 -0.84417 166 166 166
-2.71569 15.60164 -0.96324 165 165 165
-2.68310 15.59909 -1.08496 163 163 163
-2.63843 15.60229 -1.20265 160 160 160
-2.58419 15.59873 -1.31626 160 160 160
-2.52680 15.59533 -1.42812 158 158 158
-2.46542 15.59980 -1.53771 152 152 152
-2.40355 15.60404 -1.64700 153 153 153
-2.34050 15.59837 -1.75591 144 144 144
-2.26358 15.60183 -1.85552 155 155 155
-2.18818 15.60107 -1.95598 151 151 151
-2.10716 15.60126 -2.05193 149 149 149
-2.02660 15.60219 -2.14839 150 150 150
-1.93689 15.60218 -2.23640 144 144 144
-1.85063 15.60348 -2.32799 149 149 149
-1.75678 15.59766 -2.41177 149 149 149
-1.65544 15.60110 -2.48638 140 140 140
-1.55670 15.60074 -2.56402 142 142 142
-1.45650 15.59862 -2.64014 145 145 145
-1.34986 15.59873 -2.70692 142 142 142
-1.23870 15.59867 -2.76581 146 146 146
-1.12939 15.59893 -2.82782 146 146 146
-1.01852 15.60570 -2.88752 137 137 137
-0.90245 15.60070 -2.93625 142 142 142
-0.78380 15.59977 -2.97813 149 149 149
-0.66410 15.60017 -3.01632 139 139 139
-0.54396 15.59849 -3.05275 142 142 142
-0.42251 15.59743 -3.08456 144 144 144
-0.30095 15.60124 -3.11686 135 135 135
-0.17718 15.59975 -3.13916 134 134 134
-0.05203 15.60268 -3.15164 139 139 139
0.07278 15.60383 -3.16615 135 135 135
0.19834 15.59700 -3.17068 140 140 140
0.32388 15.59985 -3.17183 140 140 140
0.44935 15.60434 -3.16901 142 142 142
0.57476 15.60265 -3.16332 135 135 135
0.69999 15.59904 -3.15335 135 135 135
0.82513 15.60016 -3.14039 140 140 140
0.94977 15.60541 -3.12218 136 136 136
1.07130 15.60229 -3.08887 141 141 141
1.19129 15.59786 -3.05124 132 132 132
1.31429 15.60154 -3.02380 135 135 135
1.43171 15.60055 -2.97854 135 135 135
1.54931 15.59679 -2.93408 141 141 141
1.66446 15.59639 -2.88356 138 138 138
1.77769 15.60231 -2.82889 135 135 135
1.88819 15.60142 -2.76890 142 142 142
1.99605 15.60137 -2.70437 150 150 150
2.09740 15.59994 -2.62989 148 148 148
2.20217 15.60201 -2.56087 139 139 139
2.30616 15.59943 -2.49013 147 147 147
2.40296 15.60052 -2.40992 152 152 152
2.49593 15.60072 -2.32534 148 148 148
2.58467 15.59716 -2.23642 134 134 134
2.67331 15.60119 -2.14741 150 150 150
2.76185 15.59673 -2.05785 142 142 142
2.83669 15.59609 -1.95657 146 146 146
2.90654 15.59283 -1.85204 152 152 152
2.98948 15.59922 -1.75672 150 150 150
3.05296 15.59760 -1.64801 146 146 146
3.11419 15.59934 -1.53827 156 156 156
3.18105 15.60111 -1.43143 150 150 150
3.23167 15.60142 -1.31614 158 158 158
3.27698 15.59785 -1.19884 144 144 144
3.32789 15.60200 -1.08386 157 157 157
3.37135 15.60008 -0.96581 156 156 156
3.40979 15.60065 -0.84594 161 161 161
3.43314 15.59841 -0.72209 159 159 159
3.46502 15.60347 -0.60044 155 155 155
3.48842 15.59668 -0.47684 166 166 166
3.50177 15.59750 -0.35175 165 165 165
3.51451 15.59921 -0.22673 158 158 158
3.51531 15.59941 -0.10102 161 161 161
3.52105 16.00051 0.02500 167 167 167
3.53141 16.00019 0.15079 168 168 168
3.52598 15.99954 0.27654 170 170 170
3.51535 16.00025 0.40203 168 168 168
3.49035 16.00118 0.52558 175 175 175
3.46715 16.00166 0.64905 168 168 168
3.44586 15.99837 0.77309 173 173 173
3.41016 16.00505 0.89374 177 177 177
3.37566 16.00048 1.01465 175 175 175
3.33538 16.00078 1.13380 179 179 179
3.28349 16.00216 1.24845 179 179 179
3.24033 15.99594 1.36676 183 183 183
3.18403 16.00137 1.47928 182 182 182
3.12644 16.00606 1.59117 177 177 177
3.05814 16.00030 1.69691 186 186 186
2.99577 16.00210 1.80632 179 179 179
2.91752 16.00042 1.90506 183 183 183
2.84069 16.00321 2.00440 181 181 181
2.76281 16.00033 2.10296 185 185 185
2.68220 16.00121 2.19950 182 182 182
2.59071 16.00064 2.28587 180 180 180
2.50376 15.99876 2.37674 188 188 188
2.40736 16.00239 2.45747 194 194 194
2.31000 15.99677 2.53684 186 186 186
2.21274 15.99858 2.61660 189 189 189
2.10717 16.00071 2.68497 190 190 190
2.00278 16.00027 2.75500 194 194 194
1.89529 16.00371 2.82032 194 194 194
1.78430 15.99827 2.87954 187 187 187
1.66948 15.99786 2.93092 192 192 192
1.55421 16.00130 2.98091 188 188 188
1.43691 15.99890 3.02585 190 190 190
1.31773 15.99933 3.06543 197 197 197
1.19716 16.00328 3.10029 194 194 194
1.07778 16.00206 3.14041 194 194 194
0.95409 16.00080 3.16334 198 198 198
0.82979 16.00164 3.18160 197 197 197
0.70578 16.00415 3.20132 196 196 196
0.58083 16.00411 3.21418 198 198 198
0.45558 15.99984 3.22545 195 195 195
0.32983 15.99681 3.22606 200 200 200
0.20419 15.99737 3.22274 198 198 198
0.07869 15.99738 3.21612 195 195 195
-0.04559 15.99808 3.19689 193 193 193
-0.17180 16.00238 3.19221 192 192 192
-0.29380 16.00156 3.16020 192 192 192
-0.41718 15.99833 3.13655 196 196 196
-0.53872 16.00196 3.10465 197 197 197
-0.65866 15.99990 3.06726 190 190 190
-0.77938 16.00022 3.03165 198 198 198
-0.89716 15.99935 2.98722 191 191 191
-1.00953 16.00281 2.93029 195 195 195
-1.12231 16.00001 2.87500 186 186 186
-1.23187 16.00422 2.81362 191 191 191
-1.34073 16.00124 2.75112 182 182 182
-1.45017 15.99945 2.68897 190 190 190
-1.55367 15.99978 2.61743 193 193 193
-1.65210 16.00002 2.53907 195 195 195
-1.74946 15.99887 2.45954 188 188 188
-1.84011 16.00037 2.37243 182 182 182
-1.92698 15.99516 2.28181 193 193 193
-2.01919 16.00054 2.19641 180 180 180
-2.10312 16.00046 2.10294 183 183 183
-2.18232 16.00221 2.00542 183 183 183
-2.25946 15.99801 1.90623 191 191 191
-2.32937 16.00275 1.80182 182 182 182
-2.40176 16.00432 1.69892 175 175 175
-2.46057 15.99895 1.58770 179 179 179
-2.52151 16.00326 1.47783 177 177 177
-2.57509 15.99895 1.36419 178 178 178
-2.62282 16.00051 1.24803 177 177 177
-2.66994 15.99774 1.13167 169 169 169
-2.71341 16.00442 1.01381 176 176 176
-2.74901 15.99676 0.89332 175 175 175
-2.77935 15.99630 0.77145 175 175 175
-2.81262 15.99941 0.65007 177 177 177
-2.82982 15.99915 0.52544 173 173 173
-2.84637 16.00003 0.40093 173 173 173
-2.86502 15.99858 0.27644 166 166 166
-2.87028 15.99899 0.15073 169 169 169
-2.86719 15.99918 0.02500 163 163 163
-2.86571 16.00068 -0.10055 163 163 163
-2.85966 16.00014 -0.22602 160 160 160
-2.84475 16.00160 -0.35074 166 166 166
-2.83246 15.99786 -0.47586 171 171 171
-2.81096 15.99973 -0.59974 158 158 158
-2.77858 16.00110 -0.72126 160 160 160
-2.74814 15.99726 -0.84308 160 160 160
-2.71387 15.99931 -0.96396 161 161 161
-2.67166 16.00452 -1.08231 162 162 162
-2.62831 16.00321 -1.20030 160 160 160
-2.57911 16.00114 -1.31604 159 159 159
-2.51830 15.99798 -1.42620 158 158 158
-2.45686 16.00159 -1.53562 158 158 158
-2.39298 16.00218 -1.64354 156 156 156
-2.33169 15.99773 -1.75337 150 150 150
-2.25988 16.00390 -1.85653 153 153 153
-2.18283 16.00006 -1.95583 151 151 151
-2.09950 16.00045 -2.04984 149 149 149
-2.02126 16.00404 -2.14833 147 147 147
-1.93478 16.00120 -2.23961 148 148 148
-1.83909 15.99389 -2.32132 150 150 150
-1.75442 15.99472 -2.41535 139 139 139
-1.65190 16.00127 -2.48882 141 141 141
-1.55281 15.99724 -2.56624 140 140 140
-1.44812 15.99900 -2.63590 140 140 140
-1.34205 16.00053 -2.70327 141 141 141
-1.23372 15.99922 -2.76693 152 152 152
-1.12089 16.00367 -2.82221 138 138 138
-1.00867 15.99677 -2.87844 146 146 146
-0.89710 15.99716 -2.93708 136 136 136
-0.77974 16.00654 -2.98264 138 138 138
-0.66068 16.00053 -3.02349 140 140 140
-0.53982 15.99881 -3.05856 146 146 146
-0.41744 16.00152 -3.08760 141 141 141
-0.29309 15.99723 -3.10665 144 144 144
-0.17034 16.00154 -3.13299 138 138 138
-0.04600 16.00324 -3.15042 140 140 140
0.07884 15.99962 -3.16412 143 143 143
0.20413 16.00140 -3.17430 139 139 139
0.32983 15.99934 -3.17616 142 142 142
0.45547 16.00072 -3.17279 138 138 138
0.58101 15.99715 -3.16649 137 137 137
0.70581 16.00268 -3.15158 145 145 145
0.82988 16.00189 -3.13219 142 142 142
0.95379 15.99577 -3.11186 137 137 137
1.07592 16.00322 -3.08267 136 136 136
1.19890 16.00316 -3.05649 140 140 140
1.31839 15.99996 -3.01747 141 141 141
1.43896 15.99726 -2.98142 141 141 141
1.55590 16.00209 -2.93498 139 139 139
1.66859 15.99753 -2.87899 141 141 141
1.78271 15.99890 -2.82643 146 146 146
1.89534 15.99799 -2.77042 145 145 145
2.00115 16.00190 -2.70235 145 145 145
2.10650 15.99840 -2.63396 141 141 141
2.20961 15.99465 -2.56229 152 152 152
2.30875 15.99896 -2.48525 145 145 145
2.41171 16.00317 -2.41257 143 143 143
2.50157 16.00066 -2.32437 147 147 147
2.58858 15.99981 -2.23375 152 152 152
2.67650 15.99780 -2.14424 155 155 155
2.76036 15.99787 -2.05087 146 146 146
2.84199 16.00403 -1.95543 153 153 153
2.92063 15.99749 -1.85732 154 154 154
2.98629 16.00443 -1.74999 151 151 151
3.05748 16.00112 -1.64650 151 151 151
3.12227 15.99855 -1.53884 161 161 161
3.17956 16.00049 -1.42701 154 154 154
3.23939 15.99644 -1.31633 156 156 156
3.28918 15.99911 -1.20080 160 160 160
3.33475 15.99417 -1.08357 156 156 156
3.37848 16.00083 -0.96556 157 157 157
3.41448 15.99654 -0.84496 156 156 156
3.44298 16.00170 -0.72240 158 158 158
3.46830 15.99589 -0.59928 160 160 160
3.49425 16.00389 -0.47619 164 164 164
3.51146 15.99903 -0.35157 162 162 162
3.52161 16.00151 -0.22620 169 169 169
3.52927 15.99855 -0.10071 171 171 171
3.53520 16.39869 0.02562 163 163 163
3.53791 16.39963 0.15144 171 171 171
3.52875 16.39913 0.27693 176 176 176
3.51138 16.39888 0.40150 165 165 165
3.49465 16.39788 0.52597 169 169 169
3.47222 16.40204 0.64953 174 174 174
3.44296 16.39914 0.77163 181 181 181
3.41606 16.40160 0.89440 181 181 181
3.37515 16.39668 1.01323 177 177 177
3.33666 16.40418 1.13277 177 177 177
3.29373 16.39337 1.25091 179 179 179
3.24304 16.40329 1.36596 178 178 178
3.18211 16.40238 1.47598 179 179 179
3.12509 16.40049 1.58780 177 177 177
3.06578 16.39767 1.69867 187 187 187
2.99301 16.39925 1.80124 175 175 175
2.92066 16.40226 1.90376 179 179 179
2.85144 16.40552 2.00894 186 186 186
2.76751 16.40135 2.10266 186 186 186
2.68634 16.40181 2.19861 197 197 197
2.59924 16.40289 2.28924 197 197 197
2.51073 16.39823 2.37864 187 187 187
2.41363 16.40384 2.45866 190 190 190
2.31553 16.39749 2.53713 189 189 189
2.21583 16.40224 2.61352 189 189 189
2.11367 16.40222 2.68666 187 187 187
2.00987 16.39749 2.75775 195 195 195
1.89683 16.40009 2.81337 192 192 192
1.78834 16.39675 2.87674 194 194 194
1.67599 16.39993 2.93311 192 192 192
1.56043 16.39955 2.98258 195 195 195
1.44309 16.40051 3.02756 195 195 195
1.32358 16.39939 3.06625 194 194 194
1.20328 16.40231 3.10210 197 197 197
1.08250 16.39738 3.13661 191 191 191
0.96022 16.39947 3.16571 192 192 192
0.83600 16.39997 3.18489 194 194 194
0.71209 16.40117 3.20638 189 189 189
0.58666 16.39742 3.21545 195 195 195
0.46116 16.40186 3.22079 200 200 200
0.33562 16.39971 3.22412 192 192 192
0.21005 16.40088 3.22156 194 194 194
0.08397 16.39893 3.22317 197 197 197
-0.04061 16.39999 3.20440 200 200 200
-0.16516 16.39780 3.18745 196 196 196
-0.28967 16.39985 3.16919 187 187 187
-0.41016 16.39849 3.13202 191 191 191
-0.53424 16.40359 3.10991 196 196 196
-0.65242 16.39933 3.06649 194 194 194
-0.77261 16.40321 3.02960 196 196 196
-0.88956 16.40012 2.98347 189 189 189
-1.00254 16.39939 2.92831 191 191 191
-1.11721 16.40346 2.87697 183 183 183
-1.22668 16.40145 2.81531 193 193 193
-1.33849 16.40099 2.75753 187 187 187
-1.44245 16.40155 2.68669 192 192 192
-1.54298 16.40161 2.61130 186 186 186
-1.64509 16.39808 2.53815 191 191 191
-1.74365 16.40045 2.46014 193 193 193
-1.83602 16.40061 2.37490 193 193 193
-1.92703 16.40010 2.28828 186 186 186
-2.01599 16.39714 2.19943 189 189 189
-2.10309 16.40114 2.10848 190 190 190
-2.18159 16.39872 2.01003 185 185 185
-2.25642 16.39946 1.90885 184 184 184
-2.32854 16.40075 1.80576 179 179 179
-2.39382 16.39847 1.69823 184 184 184
-2.45746 16.40073 1.58982 189 189 189
-2.51395 16.39946 1.47755 183 183 183
-2.56937 16.39710 1.36484 173 173 173
-2.61618 16.40526 1.24830 172 172 172
-2.66547 16.39911 1.13279 174 174 174
-2.70329 16.40005 1.01303 178 178 178
-2.74148 16.40063 0.89346 170 170 170
-2.77898 16.40325 0.77337 178 178 178
-2.79900 16.40048 0.64914 172 172 172
-2.83267 16.39957 0.52743 168 168 168
-2.83692 16.40249 0.40112 173 173 173
-2.85221 16.39928 0.27651 168 168 168
-2.86162 16.40003 0.15124 170 170 170
-2.86120 16.40461 0.02563 167 167 167
-2.85671 16.40075 -0.09980 160 160 160
-2.85916 16.39863 -0.22581 166 166 166
-2.83688 16.39711 -0.34986 164 164 164
-2.82686 16.39982 -0.47526 161 161 161
-2.79795 16.39589 -0.59768 158 158 158
-2.78086 16.40304 -0.72258 164 164 164
-2.74681 16.39899 -0.84371 151 151 151
-2.70381 16.40132 -0.96194 162 162 162
-2.66835 16.39691 -1.08260 157 157 157
-2.62367 16.39776 -1.20015 161 161 161
-2.57242 16.39822 -1.31500 157 157 157
-2.51868 16.40162 -1.42871 156 156 156
-2.45740 16.40338 -1.53854 155 155 155
-2.39424 16.40061 -1.64724 156 156 156
-2.32442 16.40277 -1.75176 157 157 157
-2.25360 16.40086 -1.85555 152 152 152
-2.17837 16.39988 -1.95624 147 147 147
-2.09135 16.40296 -2.04721 150 150 150
-2.01669 16.40036 -2.14883 150 150 150
-1.92425 16.40144 -2.23424 154 154 154
-1.83857 16.40366 -2.32640 148 148 148
-1.74208 16.39794 -2.40705 136 136 136
-1.64757 16.40235 -2.49003 147 147 147
-1.54470 16.39847 -2.56241 145 145 145
-1.44236 16.40421 -2.63530 143 143 143
-1.33633 16.40400 -2.70274 145 145 145
-1.22741 16.40078 -2.76536 144 144 144
-1.11864 16.40275 -2.82852 135 135 135
-1.00407 16.40581 -2.88039 135 135 135
-0.88784 16.40200 -2.92807 142 142 142
-0.77291 16.39821 -2.97918 144 144 144
-0.65340 16.39837 -3.01827 137 137 137
-0.53248 16.39923 -3.05244 147 147 147
-0.41088 16.39698 -3.08379 137 137 137
-0.28718 16.39363 -3.10539 136 136 136
-0.16488 16.39974 -3.13439 140 140 140
-0.04036 16.40218 -3.15097 138 138 138
0.08466 16.39716 -3.16316 139 139 139
0.21009 16.40498 -3.16941 136 136 136
0.33562 16.40115 -3.18024 133 133 133
0.46120 16.40197 -3.17060 134 134 134
0.58655 16.39939 -3.16269 135 135 135
0.71185 16.39989 -3.15313 136 136 136
0.83609 16.40214 -3.13424 137 137 137
0.95911 16.40570 -3.10889 140 140 140
1.08260 16.40012 -3.08577 140 140 140
1.20360 16.40037 -3.05202 137 137 137
1.32630 16.39574 -3.02338 144 144 144
1.44531 16.40166 -2.98233 145 145 145
1.56085 16.39694 -2.93233 152 152 152
1.67601 16.40284 -2.88190 142 142 142
1.78737 16.39872 -2.82360 139 139 139
1.89765 16.40303 -2.76358 147 147 147
2.00498 16.39899 -2.69853 138 138 138
2.11219 16.39982 -2.63320 145 145 145
2.21762 16.40264 -2.56473 149 149 149
2.31578 16.39807 -2.48620 142 142 142
2.41049 16.39956 -2.40374 145 145 145
2.50832 16.39555 -2.32479 148 148 148
2.59576 16.40665 -2.23451 148 148 148
2.68560 16.40146 -2.14667 152 152 152
2.76645 16.40480 -2.05050 149 149 149
2.84808 16.39973 -1.95504 146 146 146
2.92387 16.39795 -1.85485 146 146 146
2.99719 16.39405 -1.75278 145 145 145
3.06799 16.40253 -1.64877 152 152 152
3.12810 16.40102 -1.53824 153 153 153
3.19012 16.40145 -1.42881 159 159 159
3.24247 16.40273 -1.31445 157 157 157
3.28904 16.40109 -1.19772 162 162 162
3.33199 16.40239 -1.07979 161 161 161
3.38186 16.39866 -0.96416 162 162 162
3.41465 16.40062 -0.84275 159 159 159
3.45423 16.40114 -0.72309 161 161 161
3.47105 16.39893 -0.59805 161 161 161
3.49459 16.39894 -0.47471 162 162 162
3.50703 16.39270 -0.34974 167 167 167
3.52480 16.40419 -0.22537 166 166 166
3.53050 16.40069 -0.09990 163 163 163
3.54435 16.80156 0.02625 165 165 165
3.53971 16.80110 0.15192 169 169 169
3.53185 16.80581 0.27736 174 174 174
3.51544 16.80265 0.40194 173 173 173
3.50101 16.80066 0.52671 169 169 169
3.47691 16.79474 0.64997 173 173 173
3.45578 16.79616 0.77399 171 171 171
3.42251 16.80371 0.89526 172 172 172
3.38518 16.79654 1.01529 178 178 178
3.34626 16.80221 1.13486 181 181 181
3.29806 16.80124 1.25101 174 174 174
3.24486 16.79927 1.36484 183 183 183
3.19290 16.80385 1.47925 179 179 179
3.13295 16.80170 1.58969 174 174 174
3.06817 16.80229 1.69732 180 180 180
2.99967 16.79809 1.80256 187 187 187
2.92996 16.80083 1.90707 182 182 182
2.85115 16.79481 2.00491 187 187 187
2.77396 16.80119 2.10399 184 184 184
2.68754 16.79932 2.19515 182 182 182
2.60227 16.80211 2.28728 187 187 187
2.51473 16.80146 2.37752 190 190 190
2.41697 16.79895 2.45663 189 189 189
2.32326 16.79915 2.54044 189 189 189
2.22373 16.79968 2.61729 199 199 199
2.11959 16.80301 2.68774 194 194 194
2.01049 16.80385 2.75023 192 192 192
1.90608 16.79919 2.82048 196 196 196
1.79263 16.80010 2.87477 195 195 195
1.68168 16.80080 2.93390 191 191 191
1.56785 16.80337 2.98755 192 192 192
1.44757 16.80490 3.02511 198 198 198
1.33064 16.80578 3.07132 196 196 196
1.21047 16.79889 3.10831 198 198 198
1.08771 16.79752 3.13556 196 196 196
0.96648 16.79865 3.16956 196 196 196
0.84338 16.80117 3.19666 200 200 200
0.71723 16.80033 3.20303 196 196 196
0.59234 16.80028 3.21678 197 197 197
0.46716 16.79888 3.23136 197 197 197
0.34124 16.79678 3.21932 196 196 196
0.21554 16.80510 3.22530 194 194 194
0.09054 16.80258 3.21167 200 200 200
-0.03532 16.80233 3.20779 192 192 192
-0.15911 16.80269 3.18529 194 194 194
-0.28341 16.80081 3.16658 194 194 194
-0.40425 16.79945 3.13143 201 201 201
-0.52798 16.80320 3.10824 198 198 198
-0.64755 16.80420 3.06943 193 193 193
-0.76448 16.80273 3.02341 192 192 192
-0.88441 16.80149 2.98522 194 194 194
-0.99747 16.79723 2.93013 191 191 191
-1.11103 16.79950 2.87649 193 193 193
-1.22256 16.79725 2.81861 189 189 189
-1.32767 16.80039 2.74965 193 193 193
-1.43736 16.80101 2.68811 191 191 191
-1.54223 16.79906 2.61862 191 191 191
-1.63762 16.79710 2.53642 191 191 191
-1.73303 16.80092 2.45490 189 189 189
-1.83098 16.79903 2.37614 183 183 183
-1.92100 16.80191 2.28848 187 187 187
-2.00646 16.79767 2.19644 193 193 193
-2.09151 16.80177 2.10401 180 180 180
-2.17419 16.80433 2.00925 191 191 191
-2.24491 16.80172 1.90519 185 185 185
-2.31683 16.79392 1.80231 182 182 182
-2.38465 16.79869 1.69668 187 187 187
-2.45278 16.79874 1.59097 186 186 186
-2.51110 16.79985 1.47959 176 176 176
-2.56887 16.79958 1.36783 173 173 173
-2.61450 16.80028 1.25055 176 176 176
-2.65724 16.79658 1.13244 179 179 179
-2.69862 16.80131 1.01396 176 176 176
-2.73580 16.80385 0.89406 174 174 174
-2.77030 16.79980 0.77326 179 179 179
-2.79936 16.79881 0.65095 167 167 167
-2.81600 16.79972 0.52631 174 174 174
-2.83844 16.80187 0.40259 174 174 174
-2.85017 16.80445 0.27742 171 171 171
-2.85803 16.79804 0.15195 167 167 167
-2.85729 16.80019 0.02625 176 176 176
-2.85550 16.80089 -0.09935 169 169 169
-2.84378 16.80080 -0.22442 166 166 166
-2.83075 16.80047 -0.34918 160 160 160
-2.82215 16.79589 -0.47478 171 171 171
-2.80388 16.80240 -0.59935 166 166 166
-2.77051 16.79568 -0.72081 158 158 158
-2.73403 16.79776 -0.84107 161 161 161
-2.70121 16.80183 -0.96230 161 161 161
-2.66273 16.80233 -1.08197 159 159 159
-2.61416 16.79818 -1.19791 154 154 154
-2.57008 16.80035 -1.31589 158 158 158
-2.50892 16.80236 -1.42598 156 156 156
-2.45453 16.80049 -1.53945 153 153 153
-2.38473 16.80074 -1.64422 153 153 153
-2.31818 16.79883 -1.75071 147 147 147
-2.24615 16.79929 -1.85359 155 155 155
-2.16871 16.80228 -1.95243 148 148 148
-2.09029 16.79956 -2.05047 143 143 143
-2.00946 16.79855 -2.14671 153 153 153
-1.91690 16.79689 -2.23189 144 144 144
-1.82584 16.79858 -2.31808 150 150 150
-1.73788 16.80177 -2.40809 142 142 142
-1.63800 16.80250 -2.48440 139 139 139
-1.53483 16.79796 -2.55593 150 150 150
-1.43619 16.80150 -2.63386 147 147 147
-1.32953 16.79934 -2.70019 148 148 148
-1.21812 16.80059 -2.75818 136 136 136
-1.11028 16.79561 -2.82251 146 146 146
-1.00074 16.80309 -2.88472 141 141 141
-0.88348 16.80090 -2.93048 143 143 143
-0.76503 16.79989 -2.97240 138 138 138
-0.64788 16.79934 -3.01792 135 135 135
-0.52760 16.79760 -3.05440 144 144 144
-0.40511 16.79990 -3.08250 145 145 145
-0.28355 16.79849 -3.11477 137 137 137
-0.15987 16.79863 -3.13759 138 138 138
-0.03427 16.79934 -3.14634 142 142 142
0.09028 16.80124 -3.16239 138 138 138
0.21566 16.79805 -3.16977 143 143 143
0.34124 16.80041 -3.17838 137 137 137
0.46697 16.80360 -3.17384 137 137 137
0.59215 16.79567 -3.16193 143 143 143
0.71702 16.79789 -3.14875 135 135 135
0.84141 16.79706 -3.13175 142 142 142
0.96423 16.80016 -3.10574 141 141 141
1.08891 16.80220 -3.08802 131 131 131
1.21109 16.80175 -3.05803 137 137 137
1.33073 16.80534 -3.01910 138 138 138
1.45090 16.79964 -2.98162 142 142 142
1.56523 16.80162 -2.92874 141 141 141
1.68115 16.79803 -2.88024 137 137 137
1.79308 16.80171 -2.82315 148 148 148
1.90448 16.79770 -2.76513 149 149 149
2.01165 16.79776 -2.69961 153 153 153
2.12131 16.79981 -2.63783 143 143 143
2.22021 16.79700 -2.55994 149 149 149
2.32123 16.80475 -2.48536 145 145 145
2.41439 16.80101 -2.40110 151 151 151
2.51417 16.79930 -2.32441 148 148 148
2.60738 16.80042 -2.23989 147 147 147
2.69026 16.79756 -2.14517 149 149 149
2.78039 16.79650 -2.05699 144 144 144
2.85355 16.80085 -1.95430 147 147 147
2.93239 16.80525 -1.85633 152 152 152
3.00330 16.80365 -1.75248 155 155 155
3.06542 16.80745 -1.64313 148 148 148
3.13414 16.79938 -1.53785 144 144 144
3.19842 16.79614 -1.42956 152 152 152
3.24746 16.80322 -1.31354 156 156 156
3.29885 16.80298 -1.19883 156 156 156
3.34368 16.79940 -1.08141 160 160 160
3.38187 16.80074 -0.96171 158 158 158
3.41981 16.80044 -0.84200 158 158 158
3.45198 16.79795 -0.72057 163 163 163
3.48567 16.79827 -0.59922 162 162 162
3.50457 16.79894 -0.47477 158 158 158
3.52349 16.79612 -0.35040 166 166 166
3.53833 16.79873 -0.22537 162 162 162
3.54073 16.79744 -0.09946 164 164 164
3.54437 17.19973 0.02687 170 170 170
3.54676 17.20445 0.15261 170 170 170
3.53868 17.19662 0.27809 163 163 163
3.52605 17.20131 0.40318 173 173 173
3.50929 17.20047 0.52778 170 170 170
3.49083 17.20539 0.65229 170 170 170
3.45811 17.19759 0.77386 174 174 174
3.42583 17.20206 0.89529 180 180 180
3.39445 17.20158 1.01716 175 175 175
3.34762 17.20022 1.13398 183 183 183
3.29821 17.20554 1.24944 177 177 177
3.25020 17.19978 1.36542 179 179 179
3.19990 17.20313 1.48066 178 178 178
3.13925 17.20172 1.59079 174 174 174
3.07498 17.19679 1.69878 180 180 180
3.00345 17.20520 1.80207 178 178 178
2.92789 17.20005 1.90224 180 180 180
2.86049 17.19650 2.00860 187 187 187
2.78164 17.20054 2.10653 193 193 193
2.69584 17.20067 2.19842 188 188 188
2.60960 17.20035 2.28979 186 186 186
2.52167 17.19688 2.37977 191 191 191
2.42247 17.20214 2.45732 193 193 193
2.32679 17.20225 2.53864 191 191 191
2.22540 17.20145 2.61271 193 193 193
2.12721 17.20217 2.69162 190 190 190
2.02150 17.20620 2.75994 195 195 195
1.90967 17.19908 2.81780 194 194 194
1.80022 17.19843 2.87961 203 203 203
1.68755 17.19969 2.93546 195 195 195
1.57198 17.20026 2.98501 195 195 195
1.45539 17.19766 3.03217 195 195 195
1.33424 17.19668 3.06628 191 191 191
1.21441 17.20143 3.10361 196 196 196
1.09207 17.20003 3.13165 197 197 197
0.97062 17.19964 3.16364 195 195 195
0.84706 17.19382 3.18616 201 201 201
0.72278 17.20040 3.20456 187 187 187
0.59744 17.19954 3.21313 191 191 191
0.47262 17.20403 3.23223 193 193 193
0.34668 17.20048 3.22585 198 198 198
0.22130 17.19651 3.21792 192 192 192
0.09557 17.20201 3.21749 198 198 198
-0.02988 17.20146 3.20840 201 201 201
-0.15393 17.20032 3.18756 187 187 187
-0.27662 17.19728 3.16040 195 195 195
-0.39895 17.20133 3.13262 195 195 195
-0.52365 17.19322 3.11281 193 193 193
-0.64365 17.20421 3.07480 190 190 190
-0.76080 17.19616 3.02884 201 201 201
-0.87684 17.19877 2.98071 191 191 191
-0.99115 17.20081 2.92886 190 190 190
-1.10631 17.19880 2.87852 196 196 196
-1.21543 17.19950 2.81621 196 196 196
-1.32516 17.19879 2.75507 194 194 194
-1.43139 17.19675 2.68795 187 187 187
-1.54042 17.20061 2.62424 190 190 190
-1.63133 17.20328 2.53597 191 191 191
-1.73046 17.19866 2.45889 189 189 189
-1.82216 17.20014 2.37311 198 198 198
-1.90947 17.20145 2.28302 180 180 180
-2.00060 17.20070 2.19667 180 180 180
-2.08428 17.19311 2.10311 187 187 187
-2.16903 17.19962 2.01010 186 186 186
-2.23779 17.19945 1.90460 174 174 174
-2.31487 17.20700 1.80526 176 176 176
-2.38152 17.19971 1.69871 188 188 188
-2.44684 17.19927 1.59132 183 183 183
-2.50207 17.19895 1.47838 173 173 173
-2.55371 17.19730 1.36397 179 179 179
-2.61202 17.20056 1.25241 175 175 175
-2.65737 17.19892 1.13513 173 173 173
-2.69601 17.19936 1.01550 169 169 169
-2.73108 17.19976 0.89489 178 178 178
-2.76542 17.20199 0.77402 177 177 177
-2.79691 17.19800 0.65217 178 178 178
-2.81024 17.20025 0.52688 167 167 167
-2.83361 17.19632 0.40329 172 172 172
-2.84868 17.20224 0.27836 171 171 171
-2.84752 17.19943 0.15238 164 164 164
-2.85371 17.19683 0.02688 169 169 169
-2.84656 17.19470 -0.09859 171 171 171
-2.84123 17.19934 -0.22402 161 161 161
-2.83143 17.20027 -0.34928 163 163 163
-2.80806 17.19996 -0.47279 155 155 155
-2.79148 17.19785 -0.59734 161 161 161
-2.76104 17.19874 -0.71922 165 165 165
-2.73173 17.20170 -0.84133 152 152 152
-2.69608 17.20040 -0.96178 160 160 160
-2.65463 17.19882 -1.08037 158 158 158
-2.61159 17.19923 -1.19848 156 156 156
-2.55665 17.20643 -1.31158 156 156 156
-2.50341 17.20236 -1.42532 156 156 156
-2.44156 17.19627 -1.53461 150 150 150
-2.38117 17.19912 -1.64475 150 150 150
-2.31651 17.19905 -1.75261 147 147 147
-2.23607 17.19660 -1.84960 148 148 148
-2.16921 17.19419 -1.95649 146 146 146
-2.08639 17.20047 -2.05116 146 146 146
-2.00246 17.19678 -2.14465 153 153 153
-1.91710 17.19826 -2.23690 150 150 150
-1.82336 17.19706 -2.32066 152 152 152
-1.72749 17.20073 -2.40166 142 142 142
-1.63506 17.20425 -2.48695 144 144 144
-1.53673 17.19873 -2.56541 137 137 137
-1.43149 17.19876 -2.63434 152 152 152
-1.32650 17.20180 -2.70350 146 146 146
-1.21224 17.19684 -2.75678 146 146 146
-1.10564 17.19823 -2.82346 134 134 134
-0.99010 17.20073 -2.87282 148 148 148
-0.87930 17.19965 -2.93291 137 137 137
-0.76138 17.20049 -2.97664 137 137 137
-0.64175 17.19816 -3.01519 146 146 146
-0.52291 17.20097 -3.05645 138 138 138
-0.39948 17.20203 -3.08109 143 143 143
-0.27718 17.20155 -3.10947 130 130 130
-0.15332 17.19599 -3.13001 133 133 133
-0.02915 17.20289 -3.14850 138 138 138
0.09503 17.19811 -3.17061 142 142 142
0.22103 17.19969 -3.17116 138 138 138
0.34668 17.19801 -3.16741 138 138 138
0.47221 17.19911 -3.16817 143 143 143
0.59776 17.20430 -3.16349 141 141 141
0.72311 17.19943 -3.15357 138 138 138
0.84745 17.19958 -3.13489 141 141 141
0.97093 17.19959 -3.11144 142 142 142
1.09358 17.19607 -3.08419 138 138 138
1.21603 17.19998 -3.05561 145 145 145
1.33567 17.19859 -3.01692 142 142 142
1.45458 17.20225 -2.97622 139 139 139
1.57161 17.20016 -2.93038 149 149 149
1.68674 17.19525 -2.87994 140 140 140
1.79624 17.20016 -2.81805 136 136 136
1.91221 17.20306 -2.76859 144 144 144
2.01816 17.19740 -2.70073 146 146 146
2.12848 17.19665 -2.63978 140 140 140
2.22862 17.20062 -2.56340 138 138 138
2.32783 17.20314 -2.48621 148 148 148
2.42432 17.19923 -2.40573 150 150 150
2.52109 17.19991 -2.32539 154 154 154
2.61200 17.20117 -2.23845 146 146 146
2.69359 17.20148 -2.14259 152 152 152
2.77901 17.20417 -2.05054 152 152 152
2.85375 17.20023 -1.94954 155 155 155
2.93725 17.19534 -1.85529 146 146 146
3.00776 17.20255 -1.75120 150 150 150
3.07682 17.19991 -1.64616 154 154 154
3.13627 17.20137 -1.53537 155 155 155
3.19797 17.20035 -1.42593 159 159 159
3.25143 17.20312 -1.31223 149 149 149
3.30462 17.20121 -1.19834 156 156 156
3.34853 17.19639 -1.08057 156 156 156
3.39140 17.19910 -0.96242 159 159 159
3.43018 17.19755 -0.84276 161 161 161
3.46135 17.20017 -0.72089 155 155 155
3.48696 17.19754 -0.59777 160 160 160
3.51153 17.19476 -0.47439 168 168 168
3.52609 17.20460 -0.34943 155 155 155
3.53540 17.20050 -0.22408 172 172 172
3.54603 17.20156 -0.09883 161 161 161
3.55222 17.59690 0.02750 169 169 169
3.55323 17.60061 0.15328 168 168 168
3.54156 17.59794 0.27853 170 170 170
3.52568 17.60339 0.40314 162 162 162
3.51044 17.59633 0.52776 169 169 169
3.48696 17.60125 0.65109 168 168 168
3.46630 17.59938 0.77519 169 169 169
3.43297 17.60093 0.89644 178 178 178
3.39617 17.59442 1.01663 178 178 178
3.35898 17.59802 1.13685 184 184 184
3.31340 17.59524 1.25418 176 176 176
3.25861 17.60290 1.36749 179 179 179
3.20190 17.60322 1.47963 180 180 180
3.13938 17.60147 1.58854 182 182 182
3.08349 17.59787 1.70140 180 180 180
3.01536 17.60483 1.80714 189 189 189
2.94039 17.60256 1.90812 186 186 186
2.86472 17.60170 2.00841 180 180 180
2.78976 17.59969 2.10959 188 188 188
2.70143 17.60217 2.19935 187 187 187
2.61313 17.60129 2.28869 182 182 182
2.52079 17.59914 2.37375 188 188 188
2.43184 17.59996 2.46275 192 192 192
2.33191 17.59961 2.53908 189 189 189
2.23359 17.59955 2.61736 190 190 190
2.13102 17.60007 2.69008 185 185 185
2.02347 17.60029 2.75519 186 186 186
1.91788 17.60033 2.82368 191 191 191
1.80550 17.60224 2.88026 194 194 194
1.69497 17.59833 2.94075 190 190 190
1.57676 17.59906 2.98447 194 194 194
1.45877 17.60058 3.02769 197 197 197
1.34122 17.59724 3.07217 188 188 188
1.22112 17.60295 3.10939 198 198 198
1.09977 17.60266 3.14243 201 201 201
0.97585 17.59769 3.16411 193 193 193
0.85237 17.60337 3.18705 198 198 198
0.72887 17.59788 3.21215 190 190 190
0.60269 17.59785 3.21351 191 191 191
0.47743 17.60098 3.22139 197 197 197
0.35194 17.60136 3.23100 195 195 195
0.22630 17.60249 3.22538 192 192 192
0.10093 17.59989 3.21694 199 199 199
-0.02430 17.59900 3.20638 191 191 191
-0.14876 17.60334 3.18882 201 201 201
-0.27105 17.59926 3.15951 199 199 199
-0.39567 17.59534 3.14151 198 198 198
-0.51874 17.60268 3.11469 192 192 192
-0.63717 17.60173 3.07168 197 197 197
-0.75601 17.60197 3.03072 201 201 201
-0.87385 17.59509 2.98682 192 192 192
-0.98837 17.59954 2.93486 200 200 200
-1.10253 17.60451 2.88206 194 194 194
-1.21301 17.60654 2.82191 191 191 191
-1.31895 17.60128 2.75415 197 197 197
-1.42826 17.60094 2.69176 193 193 193
-1.53077 17.60057 2.61883 185 185 185
-1.62813 17.60024 2.53921 195 195 195
-1.72720 17.59973 2.46186 187 187 187
-1.81946 17.59555 2.37651 188 188 188
-1.91321 17.59899 2.29265 188 188 188
-1.99901 17.59820 2.20070 188 188 188
-2.08218 17.60168 2.10643 192 192 192
-2.15995 17.59811 2.00772 184 184 184
-2.23436 17.60164 1.90656 186 186 186
-2.30863 17.60426 1.80523 182 182 182
-2.37549 17.60333 1.69888 180 180 180
-2.44196 17.60117 1.59216 186 186 186
-2.49867 17.60062 1.47996 183 183 183
-2.55772 17.60166 1.36887 184 184 184
-2.60928 17.59914 1.25408 186 186 186
-2.65166 17.60107 1.13559 176 176 176
-2.68933 17.60070 1.01567 171 171 171
-2.72925 17.59876 0.89649 171 171 171
-2.75932 17.60179 0.77445 171 171 171
-2.78813 17.59701 0.65210 169 169 169
-2.81178 17.60517 0.52858 169 169 169
-2.82990 17.59942 0.40410 177 177 177
-2.83995 17.60215 0.27871 164 164 164
-2.84059 17.59838 0.15293 168 168 168
-2.84663 17.59896 0.02750 170 170 170
-2.84673 17.60140 -0.09818 164 164 164
-2.83468 17.59704 -0.22329 165 165 165
-2.82886 17.59665 -0.34897 167 167 167
-2.80341 17.60157 -0.47226 162 162 162
-2.78406 17.60038 -0.59629 163 163 163
-2.76446 17.60295 -0.72068 162 162 162
-2.72281 17.60594 -0.83967 162 162 162
-2.68809 17.59741 -0.96027 162 162 162
-2.64877 17.60176 -1.07952 155 155 155
-2.60571 17.60350 -1.19760 159 159 159
-2.55119 17.59954 -1.31086 157 157 157
-2.49747 17.60048 -1.42435 156 156 156
-2.43523 17.59886 -1.53339 152 152 152
-2.37675 17.59992 -1.64464 150 150 150
-2.30718 17.60028 -1.74927 150 150 150
-2.23545 17.59927 -1.85235 151 151 151
-2.16141 17.60184 -1.95387 151 151 151
-2.08042 17.59817 -2.04993 146 146 146
-1.99461 17.59870 -2.14163 148 148 148
-1.91335 17.59312 -2.23779 145 145 145
-1.82080 17.59881 -2.32296 150 150 150
-1.72880 17.59858 -2.40873 145 145 145
-1.62856 17.60044 -2.48475 149 149 149
-1.52700 17.59856 -2.55865 147 147 147
-1.42768 17.60512 -2.63589 146 146 146
-1.32205 17.60169 -2.70420 146 146 146
-1.21215 17.59783 -2.76540 143 143 143
-1.10053 17.60158 -2.82314 144 144 144
-0.98957 17.59807 -2.88247 146 146 146
-0.87276 17.59702 -2.92920 140 140 140
-0.75537 17.59916 -2.97400 147 147 147
-0.63537 17.60063 -3.01114 145 145 145
-0.51599 17.60082 -3.04997 141 141 141
-0.39628 17.59781 -3.08905 145 145 145
-0.27191 17.59887 -3.10880 137 137 137
-0.14889 17.59986 -3.13462 134 134 134
-0.02408 17.60212 -3.14952 141 141 141
0.10105 17.59694 -3.16043 138 138 138
0.22641 17.59687 -3.16760 135 135 135
0.35194 17.60199 -3.17977 150 150 150
0.47742 17.60142 -3.16604 134 134 134
0.60313 17.60012 -3.16415 137 137 137
0.72801 17.60246 -3.14986 139 139 139
0.85264 17.59835 -3.13379 136 136 136
0.97630 17.59846 -3.11134 148 148 148
1.09911 17.59879 -3.08466 140 140 140
1.22023 17.59917 -3.05123 132 132 132
1.33952 17.59651 -3.01194 142 142 142
1.46024 17.59658 -2.97667 143 143 143
1.57682 17.60079 -2.92961 143 143 143
1.68997 17.60102 -2.87492 147 147 147
1.80792 17.59850 -2.83002 143 143 143
1.91539 17.60189 -2.76424 145 145 145
2.02363 17.60000 -2.70044 146 146 146
2.12975 17.60519 -2.63317 151 151 151
2.23491 17.60041 -2.56419 140 140 140
2.33147 17.59650 -2.48352 148 148 148
2.42847 17.59917 -2.40380 149 149 149
2.52313 17.60000 -2.32128 147 147 147
2.61641 17.60073 -2.23697 149 149 149
2.70132 17.59163 -2.14425 152 152 152
2.78167 17.59773 -2.04768 148 148 148
2.86387 17.60179 -1.95274 154 154 154
2.93631 17.59921 -1.85016 150 150 150
3.01280 17.60324 -1.75043 147 147 147
3.07877 17.59905 -1.64350 154 154 154
3.14596 17.60035 -1.53722 152 152 152
3.20430 17.59753 -1.42585 164 164 164
3.25552 17.59927 -1.31107 157 157 157
3.30855 17.60021 -1.19717 150 150 150
3.35381 17.59935 -1.07995 159 159 159
3.39644 17.59867 -0.96172 154 154 154
3.42902 17.59626 -0.84033 158 158 158
3.46608 17.60118 -0.72014 165 165 165
3.49169 17.59666 -0.59703 163 163 163
3.51621 17.60323 -0.47367 167 167 167
3.53321 17.60153 -0.34903 162 162 162
3.54549 17.60210 -0.22384 163 163 163
3.55071 17.59574 -0.09818 165 165 165
3.55455 17.99980 0.02813 168 168 168
3.55751 18.00069 0.15387 159 159 159
3.54548 17.99863 0.27906 165 165 165
3.54277 17.99823 0.40518 174 174 174
3.52130 17.99848 0.52930 175 175 175
3.49405 17.99615 0.65212 172 172 172
3.47063 17.99842 0.77564 168 168 168
3.43746 17.99833 0.89690 175 175 175
3.40429 17.99707 1.01824 172 172 172
3.35252 17.99899 1.13322 181 181 181
3.31522 18.00185 1.25345 179 179 179
3.26187 18.00503 1.36728 180 180 180
3.21099 18.00183 1.48229 177 177 177
3.15051 18.00312 1.59255 188 188 188
3.08634 17.99985 1.70065 177 177 177
3.02230 18.00306 1.80900 179 179 179
2.94991 18.00287 1.91197 188 188 188
2.86913 18.00146 2.00851 183 183 183
2.79110 17.99537 2.10702 192 192 192
2.70824 18.00422 2.20156 192 192 192
2.61532 18.00384 2.28641 185 185 185
2.52753 17.99857 2.37616 185 185 185
2.43525 17.99887 2.46141 194 194 194
2.33725 18.00124 2.54003 190 190 190
2.23583 18.00301 2.61407 193 193 193
2.13699 17.99830 2.69203 192 192 192
2.03152 17.99693 2.76065 189 189 189
1.91946 18.00117 2.81806 194 194 194
1.80754 17.99870 2.87492 194 194 194
1.69744 18.00010 2.93571 189 189 189
1.58058 18.00025 2.98204 197 197 197
1.46358 17.99777 3.02757 197 197 197
1.34865 18.00121 3.08003 189 189 189
1.22610 18.00227 3.10963 190 190 190
1.10431 18.00034 3.14079 197 197 197
0.98109 17.99931 3.16549 195 195 195
0.85801 18.00329 3.19118 192 192 192
0.73386 18.00242 3.21200 192 192 192
0.60811 18.00236 3.21846 196 196 196
0.48274 18.00357 3.22768 199 199 199
0.35703 17.99670 3.22839 198 198 198
0.23147 18.00107 3.22374 198 198 198
0.10586 18.00182 3.21948 196 196 196
-0.01923 17.99606 3.20710 199 199 199
-0.14410 18.00175 3.19212 201 201 201
-0.26695 18.00193 3.16509 199 199 199
-0.39106 18.00213 3.14412 199 199 199
-0.51112 17.99782 3.10634 198 198 198
-0.63321 17.99462 3.07575 194 194 194
-0.74912 18.00386 3.02648 200 200 200
-0.86671 17.99990 2.98249 190 190 190
-0.98233 17.99978 2.93341 198 198 198
-1.09664 18.00082 2.88111 188 188 188
-1.20830 17.99521 2.82322 199 199 199
-1.31586 18.00082 2.75803 189 189 189
-1.42094 17.99872 2.68904 195 195 195
-1.52754 18.00012 2.62201 189 189 189
-1.62349 17.99759 2.54040 192 192 192
-1.72126 17.99852 2.46149 188 188 188
-1.81557 18.00550 2.37842 194 194 194
-1.90291 18.00357 2.28806 189 189 189
-1.98917 18.00119 2.19693 186 186 186
-2.07655 17.99732 2.10659 188 188 188
-2.15576 18.00282 2.00905 188 188 188
-2.23031 18.00018 1.90794 184 184 184
-2.30387 17.99628 1.80608 185 185 185
-2.36848 18.00091 1.69832 181 181 181
-2.43492 17.99825 1.59169 183 183 183
-2.49499 17.99716 1.48130 182 182 182
-2.54783 17.99914 1.36728 175 175 175
-2.60482 18.00055 1.25496 176 176 176
-2.64313 17.99954 1.13494 171 171 171
-2.68448 18.00177 1.01637 178 178 178
-2.72161 18.00158 0.89639 171 171 171
-2.75876 17.99969 0.77616 172 172 172
-2.77858 18.00293 0.65184 168 168 168
-2.80520 18.00197 0.52897 166 166 166
-2.82038 17.99727 0.40420 172 172 172
-2.83592 18.00269 0.27942 164 164 164
-2.83859 18.00261 0.15368 168 168 168
-2.84486 18.00160 0.02813 166 166 166
-2.83702 18.00333 -0.09737 162 162 162
-2.83421 18.00070 -0.22303 163 163 163
-2.81805 18.00066 -0.34767 166 166 166
-2.80356 17.99789 -0.47246 164 164 164
-2.78249 17.99412 -0.59636 161 161 161
-2.75483 18.00015 -0.71897 167 167 167
-2.71852 17.99902 -0.83927 161 161 161
-2.69245 17.99798 -0.96271 160 160 160
-2.65154 17.99640 -1.08179 159 159 159
-2.60363 17.99601 -1.19822 163 163 163
-2.54907 17.99566 -1.31161 155 155 155
-2.49479 18.00581 -1.42495 151 151 151
-2.43416 17.99961 -1.53502 144 144 144
-2.36584 17.99644 -1.64045 152 152 152
-2.30596 17.99760 -1.75123 151 151 151
-2.23504 17.99873 -1.85512 147 147 147
-2.15681 18.00160 -1.95362 149 149 149
-2.07689 18.00182 -2.05063 149 149 149
-1.99440 18.00045 -2.14551 147 147 147
-1.90901 18.00338 -2.23791 151 151 151
-1.81760 18.00257 -2.32437 147 147 147
-1.72404 17.99923 -2.40849 145 145 145
-1.62608 17.99836 -2.48744 146 146 146
-1.52686 18.00014 -2.56482 141 141 141
-1.42118 18.00400 -2.63316 147 147 147
-1.31635 17.99689 -2.70258 142 142 142
-1.20768 17.99892 -2.76586 144 144 144
-1.09440 17.99859 -2.82046 145 145 145
-0.98313 17.99986 -2.87890 144 144 144
-0.86829 18.00008 -2.93006 144 144 144
-0.75034 18.00421 -2.97354 135 135 135
-0.63339 17.99694 -3.02007 138 138 138
-0.51140 18.00444 -3.05107 142 142 142
-0.39000 18.00107 -3.08349 143 143 143
-0.26707 17.99970 -3.10943 134 134 134
-0.14298 17.99637 -3.12882 136 136 136
-0.01931 18.00287 -3.15152 142 142 142
0.10573 17.99995 -3.16491 142 142 142
0.23139 18.00116 -3.16944 139 139 139
0.35703 17.99752 -3.16934 137 137 137
0.48267 17.99996 -3.16969 137 137 137
0.60821 17.99748 -3.16348 136 136 136
0.73336 18.00284 -3.15147 143 143 143
0.85735 17.99556 -3.13076 142 142 142
0.98242 18.00014 -3.11595 143 143 143
1.10128 18.00362 -3.07193 141 141 141
1.22432 17.99946 -3.04708 139 139 139
1.34713 17.99491 -3.01910 144 144 144
1.46285 17.99487 -2.96933 143 143 143
1.58172 17.99753 -2.92854 140 140 140
1.69835 17.99945 -2.88143 139 139 139
1.81109 18.00097 -2.82563 142 142 142
1.91743 18.00082 -2.75817 144 144 144
2.03204 18.00311 -2.70524 144 144 144
2.13402 18.00372 -2.63133 152 152 152
2.23896 18.00330 -2.56213 145 145 145
2.33941 17.99924 -2.48652 146 146 146
2.43472 17.99656 -2.40454 143 143 143
2.52435 18.00277 -2.31648 144 144 144
2.62075 17.99763 -2.23560 147 147 147
2.70965 17.99978 -2.14662 150 150 150
2.78853 18.00104 -2.04857 150 150 150
2.87359 17.99802 -1.95577 150 150 150
2.94702 18.00122 -1.85362 147 147 147
3.02252 17.99374 -1.75290 155 155 155
3.08983 17.99772 -1.64654 156 156 156
3.14618 18.00201 -1.53387 158 158 158
3.20799 17.99534 -1.42451 164 164 164
3.26315 17.99960 -1.31161 146 146 146
3.31181 18.00125 -1.19579 158 158 158
3.35798 18.00102 -1.07899 152 152 152
3.39029 18.00343 -0.95744 151 151 151
3.43364 17.99778 -0.83957 158 158 158
3.46782 17.99995 -0.71871 153 153 153
3.49181 17.99678 -0.59542 164 164 164
3.52275 18.00051 -0.47328 169 169 169
3.53832 17.99910 -0.34841 161 161 161
3.54951 18.00282 -0.22313 157 157 157
3.56277 18.00156 -0.09783 162 162 162
3.55969 18.40071 0.02875 167 167 167
3.55920 18.40451 0.15437 168 168 168
3.55297 18.40272 0.27989 172 172 172
3.53366 18.40407 0.40415 173 173 173
3.52535 18.39889 0.52979 168 168 168
3.49922 18.39997 0.65279 179 179 179
3.47175 18.39735 0.77535 172 172 172
3.44163 18.40442 0.89732 169 169 169
3.40521 18.40072 1.01757 184 184 184
3.35949 18.40234 1.13461 174 174 174
3.32110 18.39542 1.25448 170 170 170
3.26661 18.39911 1.36782 179 179 179
3.21641 18.40065 1.48318 183 183 183
3.15231 18.40275 1.59144 176 176 176
3.08915 18.40144 1.69999 182 182 182
3.02236 18.39863 1.80639 181 181 181
2.95238 18.39841 1.91082 177 177 177
2.87184 18.40242 2.00740 189 189 189
2.79302 18.40515 2.10509 180 180 180
2.71280 18.40190 2.20187 182 182 182
2.62629 18.39682 2.29311 189 189 189
2.53648 18.40027 2.38116 192 192 192
2.43864 18.39837 2.46026 191 191 191
2.33935 18.40342 2.53710 193 193 193
2.24321 18.39890 2.61811 191 191 191
2.14014 18.39728 2.69002 183 183 183
2.03129 18.39391 2.75290 187 187 187
1.92505 18.40288 2.81989 191 191 191
1.81413 18.40106 2.87885 190 190 190
1.70009 18.39563 2.93145 193 193 193
1.58728 18.40157 2.98699 203 203 203
1.46705 18.40231 3.02430 200 200 200
1.35069 18.39539 3.07185 192 192 192
1.23282 18.40358 3.11669 200 200 200
1.10941 18.40208 3.14221 199 199 199
0.98509 18.39970 3.16160 193 193 193
0.86269 18.39923 3.19043 201 201 201
0.73730 18.40346 3.20025 198 198 198
0.61231 18.40242 3.21012 197 197 197
0.48744 18.39600 3.22318 185 185 185
0.36193 18.40184 3.22809 193 193 193
0.23638 18.39781 3.22417 195 195 195
0.11039 18.39951 3.22482 189 189 189
-0.01411 18.39985 3.20592 195 195 195
-0.13859 18.40015 3.18893 202 202 202
-0.26294 18.39706 3.17017 201 201 201
-0.38460 18.39943 3.13828 196 196 196
-0.50638 18.39780 3.10754 189 189 189
-0.62712 18.39567 3.07274 188 188 188
-0.74632 18.39722 3.03279 191 191 191
-0.86274 18.40769 2.98538 191 191 191
-0.98020 18.40869 2.94005 197 197 197
-1.09287 18.39869 2.88396 187 187 187
-1.20048 18.39681 2.81864 195 195 195
-1.30979 18.39986 2.75675 181 181 181
-1.41490 18.39327 2.68797 196 196 196
-1.51711 18.39469 2.61503 189 189 189
-1.61822 18.40313 2.54055 193 193 193
-1.71597 18.39864 2.46165 188 188 188
-1.80720 18.39791 2.37530 185 185 185
-1.90176 18.39968 2.29244 189 189 189
-1.98521 18.39837 2.19842 183 183 183
-2.06884 18.39824 2.10483 181 181 181
-2.15098 18.40021 2.00977 177 177 177
-2.22650 18.39726 1.90935 186 186 186
-2.29793 18.40183 1.80602 182 182 182
-2.36416 18.40212 1.69930 189 189 189
-2.43019 18.39730 1.59241 188 188 188
-2.48658 18.39977 1.48014 181 181 181
-2.54106 18.40590 1.36705 177 177 177
-2.59639 18.39992 1.25413 174 174 174
-2.63944 18.40181 1.13601 175 175 175
-2.68479 18.39828 1.01869 181 181 181
-2.71841 18.40072 0.89750 170 170 170
-2.74629 18.40045 0.77497 174 174 174
-2.77800 18.39810 0.65332 172 172 172
-2.79560 18.39993 0.52885 171 171 171
-2.81209 18.39743 0.40442 170 170 170
-2.82386 18.39806 0.27948 167 167 167
-2.83015 18.40364 0.15417 170 170 170
-2.83710 18.39635 0.02875 168 168 168
-2.83578 18.39684 -0.09689 168 168 168
-2.82780 18.39552 -0.22229 165 165 165
-2.82094 18.39764 -0.34797 166 166 166
-2.80004 18.39499 -0.47206 164 164 164
-2.77194 18.40406 -0.59462 161 161 161
-2.75178 18.40084 -0.71878 158 158 158
-2.72203 18.40177 -0.84102 157 157 157
-2.67532 18.40276 -0.95811 162 162 162
-2.64330 18.40024 -1.07994 160 160 160
-2.59532 18.39981 -1.19618 152 152 152
-2.54200 18.39771 -1.30998 159 159 159
-2.48661 18.39816 -1.42265 159 159 159
-2.43275 18.40166 -1.53634 154 154 154
-2.36781 18.40125 -1.64404 154 154 154
-2.29725 18.39742 -1.74806 149 149 149
-2.22693 18.39805 -1.85217 150 150 150
-2.15092 18.39786 -1.95222 152 152 152
-2.06816 18.40299 -2.04674 155 155 155
-1.98933 18.40329 -2.14474 150 150 150
-1.90307 18.40279 -2.23625 147 147 147
-1.81246 18.39736 -2.32350 147 147 147
-1.71595 18.40267 -2.40414 150 150 150
-1.61685 18.40083 -2.48132 134 134 134
-1.51743 18.40022 -2.55797 147 147 147
-1.41445 18.40113 -2.62979 144 144 144
-1.30837 18.39894 -2.69693 147 147 147
-1.20479 18.40297 -2.76883 142 142 142
-1.08978 18.40463 -2.82039 142 142 142
-0.97886 18.40286 -2.87966 142 142 142
-0.86267 18.40058 -2.92769 139 139 139
-0.74505 18.39976 -2.97186 143 143 143
-0.62692 18.40377 -3.01463 142 142 142
-0.50856 18.39513 -3.05777 132 132 132
-0.38455 18.40388 -3.08056 142 142 142
-0.26285 18.40294 -3.11223 145 145 145
-0.13859 18.40131 -3.13140 142 142 142
-0.01448 18.39894 -3.15156 139 139 139
0.11110 18.40479 -3.15832 138 138 138
0.23627 18.39791 -3.16943 149 149 149
0.36193 18.40327 -3.16842 136 136 136
0.48752 18.40121 -3.16780 138 138 138
0.61346 18.39899 -3.16718 135 135 135
0.73767 18.40141 -3.14589 143 143 143
0.86274 18.39934 -3.13323 143 143 143
0.98626 18.39974 -3.10996 143 143 143
1.10781 18.39644 -3.07807 140 140 140
1.23234 18.40605 -3.05747 140 140 140
1.34978 18.39864 -3.01153 143 143 143
1.46917 18.39714 -2.97254 140 140 140
1.58513 18.40480 -2.92431 146 146 146
1.70273 18.40178 -2.87967 145 145 145
1.81307 18.40085 -2.81928 142 142 142
1.92381 18.40094 -2.76018 141 141 141
2.03381 18.39657 -2.69952 144 144 144
2.14156 18.40105 -2.63465 141 141 141
2.24359 18.39904 -2.56113 147 147 147
2.34386 18.40182 -2.48532 143 143 143
2.43998 18.40041 -2.40433 143 143 143
2.53615 18.40358 -2.32331 148 148 148
2.62405 18.39869 -2.23337 147 147 147
2.71311 18.39517 -2.14466 150 150 150
2.79254 18.39805 -2.04719 138 138 138
2.87269 18.40142 -1.95057 150 150 150
2.95024 18.40083 -1.85177 144 144 144
3.01963 18.40329 -1.74707 150 150 150
3.08846 18.39577 -1.64207 152 152 152
3.15577 18.40327 -1.53587 154 154 154
3.21479 18.40000 -1.42486 143 143 143
3.26857 18.39633 -1.31123 160 160 160
3.31611 18.40263 -1.19491 156 156 156
3.36361 18.39921 -1.07863 158 158 158
3.40584 18.40273 -0.96027 161 161 161
3.44210 18.39980 -0.83995 161 161 161
3.46541 18.40130 -0.71633 159 159 159
3.49810 18.40450 -0.59507 152 152 152
3.52369 18.39658 -0.47202 168 168 168
3.53983 18.40465 -0.34738 170 170 170
3.55179 18.39849 -0.22230 162 162 162
3.56051 18.40349 -0.09692 165 165 165
3.56596 18.80080 0.02938 168 168 168
3.56277 18.80647 0.15495 171 171 171
3.55474 18.79958 0.28028 173 173 173
3.53980 18.79839 0.40494 170 170 170
3.52020 18.80386 0.52885 176 176 176
3.50892 18.79949 0.65441 173 173 173
3.47874 18.80075 0.77652 180 180 180
3.44795 18.80037 0.89839 174 174 174
3.41537 18.80507 1.01996 171 171 171
3.37013 18.79952 1.13742 179 179 179
3.32182 18.79944 1.25345 183 183 183
3.27507 18.80061 1.37017 177 177 177
3.21459 18.79783 1.48047 177 177 177
3.15700 18.80044 1.59205 178 178 178
3.09678 18.79747 1.70240 182 182 182
3.02963 18.79659 1.80872 189 189 189
2.95481 18.79965 1.90978 185 185 185
2.87777 18.80533 2.00899 185 185 185
2.79781 18.80197 2.10578 186 186 186
2.71666 18.80173 2.20170 187 187 187
2.62935 18.79900 2.29208 185 185 185
2.54275 18.79833 2.38346 181 181 181
2.43895 18.79910 2.45573 188 188 188
2.35129 18.80387 2.54688 190 190 190
2.25052 18.79538 2.62230 187 187 187
2.14699 18.79911 2.69384 181 181 181
2.03828 18.79798 2.75723 193 193 193
1.92691 18.79961 2.81541 185 185 185
1.82002 18.80064 2.88177 193 193 193
1.70568 18.79688 2.93395 186 186 186
1.59142 18.79906 2.98624 200 200 200
1.47597 18.79721 3.03632 203 203 203
1.35600 18.79844 3.07427 191 191 191
1.23532 18.79630 3.10946 190 190 190
1.11327 18.80185 3.13927 198 198 198
0.99107 18.79858 3.16853 203 203 203
0.86721 18.79915 3.18978 192 192 192
0.74335 18.79891 3.21210 196 196 196
0.61789 18.79754 3.22166 196 196 196
0.49198 18.80399 3.21917 194 194 194
0.36665 18.80007 3.22426 196 196 196
0.24093 18.79986 3.22927 187 187 187
0.11533 18.80256 3.22265 204 204 204
-0.01016 18.80019 3.21303 201 201 201
-0.13418 18.80077 3.19148 191 191 191
-0.25690 18.80102 3.16419 189 189 189
-0.38005 18.80041 3.13961 194 194 194
-0.49983 18.79876 3.10169 188 188 188
-0.62061 18.80129 3.06784 193 193 193
-0.74193 18.79747 3.03431 197 197 197
-0.85910 18.79901 2.98859 184 184 184
-0.97077 18.80114 2.93046 196 196 196
-1.08480 18.80100 2.87800 184 184 184
-1.19822 18.80075 2.82365 190 190 190
-1.30500 18.80095 2.75727 192 192 192
-1.40946 18.80046 2.68752 191 191 191
-1.51704 18.80509 2.62205 187 187 187
-1.61524 18.79857 2.54339 190 190 190
-1.70889 18.80409 2.45951 196 196 196
-1.80778 18.80092 2.38166 186 186 186
-1.89845 18.79706 2.29448 184 184 184
-1.98570 18.79739 2.20387 181 181 181
-2.06804 18.80443 2.10879 185 185 185
-2.14944 18.79594 2.01290 190 190 190
-2.22625 18.80187 1.91323 187 187 187
-2.29537 18.79963 1.80808 179 179 179
-2.36190 18.80078 1.70143 181 181 181
-2.42578 18.79579 1.59321 177 177 177
-2.48279 18.79694 1.48124 179 179 179
-2.54550 18.79720 1.37189 180 180 180
-2.58897 18.80296 1.25363 181 181 181
-2.63498 18.80031 1.13673 181 181 181
-2.67471 18.80228 1.01757 175 175 175
-2.71031 18.79836 0.89717 177 177 177
-2.74007 18.80304 0.77523 174 174 174
-2.77214 18.79753 0.65372 169 169 169
-2.78868 18.79817 0.52913 170 170 170
-2.81461 18.79983 0.40590 176 176 176
-2.82543 18.79983 0.28060 178 178 178
-2.82822 18.79911 0.15490 169 169 169
-2.83054 18.80284 0.02938 164 164 164
-2.83895 18.79972 -0.09657 167 167 167
-2.82249 18.79787 -0.22162 164 164 164
-2.80930 18.79948 -0.34652 158 158 158
-2.79513 18.80576 -0.47140 164 164 164
-2.77163 18.79925 -0.59487 160 160 160
-2.74539 18.79937 -0.71776 159 159 159
-2.71063 18.79931 -0.83851 166 166 166
-2.67516 18.80038 -0.95897 160 160 160
-2.63526 18.79717 -1.07809 158 158 158
-2.59392 18.79790 -1.19694 154 154 154
-2.54111 18.79725 -1.31112 160 160 160
-2.48000 18.79678 -1.42107 149 149 149
-2.42494 18.79750 -1.53399 153 153 153
-2.36673 18.80113 -1.64564 151 151 151
-2.29070 18.79764 -1.74621 154 154 154
-2.21851 18.79442 -1.84886 147 147 147
-2.14675 18.79967 -1.95203 145 145 145
-2.06873 18.80042 -2.05063 144 144 144
-1.98388 18.80012 -2.14344 149 149 149
-1.89623 18.79989 -2.23350 146 146 146
-1.80452 18.80269 -2.31938 151 151 151
-1.71156 18.80176 -2.40389 145 145 145
-1.61311 18.79872 -2.48194 143 143 143
-1.51200 18.79756 -2.55637 150 150 150
-1.41371 18.79928 -2.63512 144 144 144
-1.30546 18.80239 -2.69926 142 142 142
-1.20104 18.79627 -2.76994 148 148 148
-1.08764 18.80359 -2.82483 138 138 138
-0.97275 18.80075 -2.87601 138 138 138
-0.85800 18.79608 -2.92719 147 147 147
-0.74104 18.79669 -2.97314 137 137 137
-0.62204 18.79529 -3.01350 138 138 138
-0.50135 18.79868 -3.04832 138 138 138
-0.38122 18.79914 -3.08571 140 140 140
-0.25599 18.79813 -3.10084 138 138 138
-0.13421 18.80070 -3.13292 138 138 138
-0.00893 18.80061 -3.14387 142 142 142
0.11554 18.80086 -3.16130 138 138 138
0.24104 18.80344 -3.16762 142 142 142
0.36665 18.80197 -3.17648 141 141 141
0.49215 18.79721 -3.16472 142 142 142
0.61791 18.79654 -3.16322 138 138 138
0.74240 18.80261 -3.14535 145 145 145
0.86768 18.79753 -3.13400 144 144 144
0.99006 18.79489 -3.10472 138 138 138
1.11386 18.80059 -3.08300 145 145 145
1.23511 18.79945 -3.04996 142 142 142
1.35545 18.80164 -3.01383 136 136 136
1.47266 18.80201 -2.96859 140 140 140
1.59025 18.79897 -2.92466 137 137 137
1.70734 18.79547 -2.87880 142 142 142
1.82262 18.80040 -2.82814 144 144 144
1.93223 18.79985 -2.76617 147 147 147
2.03934 18.79742 -2.70021 140 140 140
2.14494 18.80212 -2.63203 148 148 148
2.24886 18.80007 -2.56127 147 147 147
2.34695 18.80323 -2.48262 152 152 152
2.44787 18.79935 -2.40742 146 146 146
2.53772 18.79966 -2.31928 149 149 149
2.62908 18.79479 -2.23306 147 147 147
2.72036 18.80416 -2.14637 151 151 151
2.80230 18.79978 -2.05087 147 147 147
2.88016 18.79949 -1.95211 154 154 154
2.95639 18.79700 -1.85218 155 155 155
3.02873 18.79825 -1.74937 149 149 149
3.09621 18.79975 -1.64330 150 150 150
3.15689 18.80087 -1.53323 152 152 152
3.21743 18.80166 -1.42317 157 157 157
3.27020 18.79841 -1.30918 157 157 157
3.32225 18.79631 -1.19488 157 157 157
3.36718 18.79801 -1.07758 159 159 159
3.40973 18.80114 -0.95938 157 157 157
3.45001 18.79667 -0.84022 164 164 164
3.47371 18.79518 -0.71657 162 162 162
3.50633 18.80161 -0.59515 160 160 160
3.52525 18.80195 -0.47090 164 164 164
3.53927 18.80713 -0.34613 165 165 165
3.56197 18.79606 -0.22210 163 163 163
3.56115 18.79934 -0.09614 164 164 164
3.57191 19.19762 0.03000 167 167 167
3.57483 19.19803 0.15587 174 174 174
3.56463 19.19967 0.28133 175 175 175
3.54897 19.19829 0.40612 167 167 167
3.53171 19.20028 0.53058 176 176 176
3.50278 19.20407 0.65291 175 175 175
3.47937 19.19865 0.77621 178 178 178
3.45328 19.20153 0.89924 169 169 169
3.41899 19.19526 1.02029 166 166 166
3.37950 19.20135 1.13983 182 182 182
3.32315 19.19784 1.25275 179 179 179
3.27584 19.19879 1.36907 174 174 174
3.22104 19.20442 1.48208 187 187 187
3.16267 19.20531 1.59331 185 185 185
3.09878 19.20041 1.70148 177 177 177
3.03060 19.20052 1.80697 180 180 180
2.96463 19.20025 1.91425 191 191 191
2.88143 19.20129 2.00892 185 185 185
2.80215 19.20284 2.10625 187 187 187
2.72230 19.20298 2.20336 184 184 184
2.63484 19.20021 2.29366 193 193 193
2.53970 19.19476 2.37589 198 198 198
2.44780 19.19899 2.46141 188 188 188
2.35152 19.19922 2.54205 190 190 190
2.24744 19.20157 2.61245 197 197 197
2.14798 19.19983 2.68917 192 192 192
2.04283 19.19960 2.75788 189 189 189
1.93721 19.20090 2.82634 194 194 194
1.82221 19.20204 2.87780 192 192 192
1.71198 19.20157 2.93842 195 195 195
1.59507 19.19525 2.98473 189 189 189
1.47973 19.19787 3.03484 193 193 193
1.35889 19.19874 3.06985 188 188 188
1.23961 19.20180 3.10921 193 193 193
1.11801 19.20128 3.14078 203 203 203
0.99459 19.20134 3.16407 196 196 196
0.87311 19.20440 3.19908 202 202 202
0.74665 19.19789 3.20233 192 192 192
0.62247 19.19973 3.22288 189 189 189
0.49694 19.19976 3.23065 196 196 196
0.37118 19.20107 3.22483 196 196 196
0.24584 19.20084 3.22004 190 190 190
0.12001 19.19886 3.22140 190 190 190
-0.00481 19.20617 3.20671 190 190 190
-0.13004 19.19805 3.19456 202 202 202
-0.25306 19.19873 3.16826 197 197 197
-0.37599 19.19932 3.14217 194 194 194
-0.49815 19.20709 3.11241 194 194 194
-0.61596 19.20124 3.06811 189 189 189
-0.73548 19.19601 3.02975 194 194 194
-0.85113 19.19803 2.98091 197 197 197
-0.96731 19.19922 2.93342 192 192 192
-1.08311 19.19872 2.88420 197 197 197
-1.19270 19.19866 2.82250 196 196 196
-1.29868 19.19984 2.75497 202 202 202
-1.40556 19.19966 2.68908 191 191 191
-1.50801 19.20203 2.61648 187 187 187
-1.61377 19.20163 2.54790 192 192 192
-1.70320 19.20233 2.45879 191 191 191
-1.80278 19.20190 2.38178 186 186 186
-1.89318 19.20121 2.29436 194 194 194
-1.98066 19.19985 2.20402 190 190 190
-2.06190 19.19707 2.10805 188 188 188
-2.14201 19.20060 2.01124 184 184 184
-2.21695 19.19603 1.91039 186 186 186
-2.28838 19.20076 1.80706 186 186 186
-2.35770 19.19611 1.70226 187 187 187
-2.42833 19.20043 1.59780 179 179 179
-2.48017 19.19840 1.48283 174 174 174
-2.54260 19.19768 1.37327 181 181 181
-2.58273 19.19965 1.25355 174 174 174
-2.63223 19.19874 1.13802 183 183 183
-2.67105 19.20034 1.01848 175 175 175
-2.71144 19.19893 0.89939 171 171 171
-2.73958 19.19997 0.77683 177 177 177
-2.76462 19.20182 0.65375 171 171 171
-2.78523 19.20151 0.52993 162 162 162
-2.81011 19.19967 0.40653 174 174 174
-2.82138 19.19886 0.28126 162 162 162
-2.82830 19.19655 0.15571 171 171 171
-2.82889 19.20115 0.03000 167 167 167
-2.82655 19.20123 -0.09564 176 176 176
-2.82243 19.20223 -0.22134 160 160 160
-2.79940 19.19889 -0.34526 159 159 159
-2.79461 19.20140 -0.47141 170 170 170
-2.76567 19.20218 -0.59396 168 168 168
-2.74084 19.20205 -0.71713 158 158 158
-2.71601 19.19965 -0.84068 157 157 157
-2.66603 19.20344 -0.95685 161 161 161
-2.63015 19.19916 -1.07725 154 154 154
-2.58787 19.19409 -1.19568 158 158 158
-2.54293 19.20178 -1.31342 155 155 155
-2.47685 19.19624 -1.42115 150 150 150
-2.42654 19.20315 -1.53680 152 152 152
-2.35424 19.20158 -1.64014 147 147 147
-2.28953 19.19914 -1.74783 150 150 150
-2.21577 19.20050 -1.84953 156 156 156
-2.14288 19.19835 -1.95193 157 157 157
-2.05788 19.20325 -2.04461 151 151 151
-1.97667 19.19705 -2.14033 152 152 152
-1.88964 19.20083 -2.23082 155 155 155
-1.80400 19.19926 -2.32310 144 144 144
-1.70665 19.20042 -2.40283 146 146 146
-1.60699 19.20011 -2.47930 148 148 148
-1.51231 19.20537 -2.56240 141 141 141
-1.40519 19.19994 -2.62853 148 148 148
-1.29888 19.19990 -2.69530 148 148 148
-1.19312 19.20147 -2.76326 146 146 146
-1.08071 19.20052 -2.81950 143 143 143
-0.96528 19.20041 -2.86901 136 136 136
-0.85167 19.20180 -2.92223 137 137 137
-0.73689 19.20154 -2.97356 138 138 138
-0.61764 19.20065 -3.01327 138 138 138
-0.49769 19.19365 -3.05079 148 148 148
-0.37740 19.20312 -3.08807 148 148 148
-0.25305 19.19904 -3.10825 142 142 142
-0.12933 19.19970 -3.13011 148 148 148
-0.00454 19.20581 -3.14446 139 139 139
0.11993 19.20057 -3.16241 135 135 135
0.24550 19.20091 -3.16869 140 140 140
0.37118 19.19419 -3.16697 138 138 138
0.49685 19.19901 -3.16836 140 140 140
0.62203 19.20033 -3.15730 136 136 136
0.74677 19.20479 -3.14336 138 138 138
0.87240 19.19997 -3.13459 138 138 138
0.99522 19.20031 -3.10723 139 139 139
1.11757 19.19697 -3.07895 136 136 136
1.24064 19.19716 -3.05287 135 135 135
1.36032 19.20031 -3.01424 143 143 143
1.47791 19.20281 -2.96991 141 141 141
1.59627 19.20072 -2.92763 138 138 138
1.71209 19.20230 -2.87865 146 146 146
1.82590 19.20338 -2.82505 150 150 150
1.93138 19.19913 -2.75594 143 143 143
2.04396 19.20124 -2.69972 141 141 141
2.15042 19.20109 -2.63281 146 146 146
2.25170 19.20125 -2.55832 147 147 147
2.35274 19.20111 -2.48360 147 147 147
2.44789 19.20099 -2.40152 146 146 146
2.54381 19.19505 -2.32034 154 154 154
2.63347 19.19891 -2.23229 144 144 144
2.72494 19.19801 -2.14579 149 149 149
2.80526 19.19512 -2.04890 153 153 153
2.88229 19.20051 -1.94960 146 146 146
2.96275 19.20182 -1.85289 155 155 155
3.03392 19.19620 -1.74918 153 153 153
3.09758 19.20030 -1.64074 148 148 148
3.16465 19.19585 -1.53442 153 153 153
3.21873 19.20554 -1.42090 154 154 154
3.27257 19.19904 -1.30756 158 158 158
3.33347 19.20150 -1.19702 147 147 147
3.37913 19.19837 -1.07969 160 160 160
3.41729 19.19939 -0.95974 160 160 160
3.45547 19.20231 -0.83986 155 155 155
3.48281 19.19846 -0.71704 162 162 162
3.50832 19.20482 -0.59402 157 157 157
3.53223 19.19459 -0.47066 161 161 161
3.54062 19.19431 -0.34513 157 157 157
3.55690 19.19735 -0.22072 162 162 162
3.57147 19.20024 -0.09574 160 160 160
3.57608 19.59862 0.03063 170 170 170
3.56760 19.60369 0.15604 170 170 170
3.56693 19.59724 0.28179 170 170 170
3.55107 19.59919 0.40648 176 176 176
3.52992 19.59956 0.53023 169 169 169
3.50874 19.60049 0.65386 175 175 175
3.48796 19.60226 0.77785 178 178 178
3.44857 19.59943 0.89731 176 176 176
3.42353 19.59731 1.02098 177 177 177
3.37283 19.60013 1.13639 177 177 177
3.33433 19.59914 1.25620 174 174 174
3.27774 19.59441 1.36857 181 181 181
3.22896 19.59842 1.48452 180 180 180
3.16211 19.59903 1.59119 183 183 183
3.09767 19.60306 1.69876 179 179 179
3.03459 19.59759 1.80735 183 183 183
2.96416 19.60464 1.91138 186 186 186
2.88876 19.59948 2.01190 185 185 185
2.81599 19.59782 2.11498 180 180 180
2.72823 19.60071 2.20545 180 180 180
2.64130 19.60091 2.29640 193 193 193
2.54793 19.59871 2.38073 186 186 186
2.45587 19.59583 2.46639 193 193 193
2.35695 19.60099 2.54405 189 189 189
2.25780 19.60081 2.62135 190 190 190
2.15101 19.59539 2.68782 185 185 185
2.05008 19.60006 2.76325 197 197 197
1.93619 19.59769 2.81739 191 191 191
1.82653 19.60331 2.87839 190 190 190
1.71623 19.60656 2.93884 196 196 196
1.60099 19.59827 2.98916 199 199 199
1.48222 19.60225 3.03044 200 200 200
1.36286 19.60178 3.06933 196 196 196
1.24329 19.60096 3.10747 187 187 187
1.12057 19.59894 3.13395 195 195 195
1.00068 19.60276 3.17351 196 196 196
0.87613 19.59837 3.19130 194 194 194
0.75181 19.59875 3.20989 191 191 191
0.62707 19.60022 3.22676 191 191 191
0.50154 19.59982 3.23792 194 194 194
0.37552 19.60042 3.23334 198 198 198
0.24992 19.60132 3.22734 206 206 206
0.12493 19.59934 3.21472 201 201 201
-0.00052 19.59394 3.20783 192 192 192
-0.12602 19.59925 3.19726 194 194 194
-0.24858 19.59277 3.16819 190 190 190
-0.37168 19.60108 3.14296 200 200 200
-0.49258 19.59794 3.10870 197 197 197
-0.61239 19.60225 3.07111 194 194 194
-0.73229 19.60132 3.03348 198 198 198
-0.84988 19.59893 2.98901 192 192 192
-0.96374 19.59901 2.93571 194 194 194
-1.07532 19.59560 2.87806 198 198 198
-1.18975 19.59695 2.82563 195 195 195
-1.29311 19.60032 2.75360 188 188 188
-1.40238 19.60135 2.69145 194 194 194
-1.50424 19.60138 2.61790 190 190 190
-1.60683 19.60013 2.54523 187 187 187
-1.70417 19.60324 2.46564 181 181 181
-1.79650 19.60138 2.38031 188 188 188
-1.88582 19.60125 2.29197 189 189 189
-1.97391 19.59839 2.20242 180 180 180
-2.05741 19.60530 2.10855 181 181 181
-2.14075 19.59819 2.01430 180 180 180
-2.20820 19.60191 1.90781 183 183 183
-2.28504 19.60513 1.80836 183 183 183
-2.35187 19.60052 1.70197 180 180 180
-2.41822 19.59958 1.59520 181 181 181
-2.47448 19.59665 1.48277 182 182 182
-2.53215 19.60061 1.37108 183 183 183
-2.57747 19.59716 1.25379 177 177 177
-2.62700 19.60162 1.13832 170 170 170
-2.66424 19.59936 1.01830 176 176 176
-2.70070 19.60152 0.89821 175 175 175
-2.73720 19.59358 0.77792 170 170 170
-2.76069 19.60079 0.65446 178 178 178
-2.78675 19.59781 0.53148 171 171 171
-2.79983 19.60046 0.40645 169 169 169
-2.81340 19.60472 0.28160 172 172 172
-2.82319 19.59702 0.15630 166 166 166
-2.82615 19.59914 0.03063 170 170 170
-2.81884 19.59713 -0.09488 166 166 166
-2.81532 19.60226 -0.22050 163 163 163
-2.80081 19.59747 -0.34532 163 163 163
-2.78628 19.59669 -0.47016 164 164 164
-2.76105 19.59881 -0.59328 163 163 163
-2.73621 19.60183 -0.71644 167 167 167
-2.70637 19.60053 -0.83856 161 161 161
-2.66831 19.60125 -0.95838 163 163 163
-2.63035 19.60070 -1.07830 164 164 164
-2.58168 19.59799 -1.19429 157 157 157
-2.53493 19.59798 -1.31111 149 149 149
-2.47657 19.60201 -1.42259 151 151 151
-2.41463 19.60165 -1.53193 152 152 152
-2.35199 19.59700 -1.64080 158 158 158
-2.28055 19.60039 -1.74411 151 151 151
-2.21314 19.60060 -1.85015 161 161 161
-2.13731 19.59823 -1.95034 149 149 149
-2.05409 19.60226 -2.04446 147 147 147
-1.97501 19.59597 -2.14219 154 154 154
-1.88745 19.59693 -2.23235 151 151 151
-1.79700 19.59720 -2.31960 152 152 152
-1.70136 19.60132 -2.40110 150 150 150
-1.60897 19.59750 -2.48669 143 143 143
-1.50354 19.59954 -2.55569 143 143 143
-1.40072 19.60120 -2.62771 146 146 146
-1.29737 19.60224 -2.69929 139 139 139
-1.18904 19.59938 -2.76310 139 139 139
-1.07497 19.60470 -2.81613 149 149 149
-0.96635 19.60471 -2.88012 141 141 141
-0.84831 19.60114 -2.92398 138 138 138
-0.73022 19.60094 -2.96663 143 143 143
-0.61344 19.59985 -3.01310 141 141 141
-0.49335 19.60159 -3.05018 141 141 141
-0.37333 19.60232 -3.08857 140 140 140
-0.24910 19.60469 -3.10959 139 139 139
-0.12525 19.60252 -3.13113 141 141 141
-0.00030 19.60720 -3.14467 137 137 137
0.12421 19.59720 -3.16267 146 146 146
0.24997 19.60005 -3.16496 130 130 130
0.37552 19.60155 -3.16660 141 141 141
0.50131 19.59845 -3.17090 137 137 137
0.62686 19.59896 -3.16289 133 133 133
0.75117 19.59735 -3.14316 144 144 144
0.87537 19.60321 -3.12525 137 137 137
0.99952 19.60032 -3.10640 142 142 142
1.12136 19.59749 -3.07600 140 140 140
1.24519 19.59908 -3.05297 135 135 135
1.36370 19.60276 -3.01068 138 138 138
1.48341 19.60352 -2.97243 135 135 135
1.60070 19.59705 -2.92722 139 139 139
1.71162 19.59679 -2.86760 146 146 146
1.82601 19.60016 -2.81612 147 147 147
1.94171 19.60345 -2.76600 134 134 134
2.04978 19.59805 -2.70151 142 142 142
2.15116 19.59888 -2.62680 142 142 142
2.25414 19.60251 -2.55507 139 139 139
2.35452 19.60155 -2.47971 142 142 142
2.45389 19.59662 -2.40283 145 145 145
2.54317 19.60299 -2.31433 142 142 142
2.64683 19.60049 -2.24068 156 156 156
2.72291 19.59961 -2.13928 148 148 148
2.81526 19.59837 -2.05311 153 153 153
2.89027 19.59816 -1.95184 145 145 145
2.96466 19.60125 -1.85049 154 154 154
3.03008 19.59696 -1.74309 163 163 163
3.10372 19.60117 -1.64121 146 146 146
3.16854 19.60048 -1.53354 153 153 153
3.23117 19.59508 -1.42440 159 159 159
3.28228 19.60020 -1.30941 155 155 155
3.33146 19.59522 -1.19377 157 157 157
3.37772 19.59855 -1.07694 153 153 153
3.41887 19.60137 -0.95822 158 158 158
3.45679 19.60263 -0.83838 162 162 162
3.48871 19.60219 -0.71678 161 161 161
3.51196 19.59864 -0.59325 157 157 157
3.53477 19.59870 -0.46975 169 169 169
3.54840 19.60491 -0.34491 166 166 166
3.56501 19.59965 -0.22039 154 154 154
3.57380 19.59770 -0.09504 161 161 161
3.57568 19.99880 0.03125 170 170 170
3.57598 19.99821 0.15683 167 167 167
3.57183 19.99768 0.28248 174 174 174
3.55933 19.99981 0.40759 177 177 177
3.53902 19.99984 0.53164 174 174 174
3.51838 19.99806 0.65558 166 166 166
3.48653 20.00333 0.77714 170 170 170
3.46156 20.00181 0.90043 174 174 174
3.41951 20.00206 1.01895 183 183 183
3.37617 20.00144 1.13671 176 176 176
3.33359 19.99882 1.25480 177 177 177
3.28051 19.99387 1.36855 180 180 180
3.22757 19.99965 1.48232 179 179 179
3.17104 19.99878 1.59449 181 181 181
3.10523 19.99757 1.70147 183 183 183
3.04294 19.99853 1.81078 181 181 181
2.96773 19.99974 1.91158 182 182 182
2.88920 20.00399 2.00960 185 185 185
2.81486 20.00023 2.11109 194 194 194
2.73454 20.00108 2.20807 183 183 183
2.64297 20.00247 2.29454 182 182 182
2.54730 19.99689 2.37617 192 192 192
2.45953 19.99923 2.46645 189 189 189
2.36047 20.00048 2.54388 181 181 181
2.25834 20.00035 2.61700 191 191 191
2.15839 20.00265 2.69328 187 187 187
2.05349 19.99867 2.76267 184 184 184
1.94473 20.00067 2.82585 189 189 189
1.83263 19.99566 2.88283 189 189 189
1.71860 20.00416 2.93560 194 194 194
1.60588 20.00219 2.99156 189 189 189
1.48790 19.99618 3.03524 196 196 196
1.36865 20.00061 3.07500 189 189 189
1.24692 19.99784 3.10628 194 194 194
1.12635 20.00181 3.14135 198 198 198
1.00380 19.99927 3.16892 194 194 194
0.88047 19.99897 3.19315 194 194 194
0.75610 19.99944 3.21169 200 200 200
0.63091 20.00006 3.22354 194 194 194
0.50511 19.99884 3.22370 189 189 189
0.37968 19.99841 3.23619 199 199 199
0.25398 19.99601 3.23047 197 197 197
0.12857 19.99854 3.22184 194 194 194
0.00368 20.00091 3.20806 195 195 195
-0.12187 20.00068 3.19791 196 196 196
-0.24396 20.00009 3.16648 194 194 194
-0.36751 20.00066 3.14350 190 190 190
-0.48961 19.99862 3.11350 192 192 192
-0.61135 20.00062 3.08132 191 191 191
-0.72685 20.00051 3.03061 191 191 191
-0.84421 20.00184 2.98596 195 195 195
-0.95999 20.00084 2.93721 183 183 183
-1.07089 19.99559 2.87814 201 201 201
-1.18293 19.99758 2.82149 195 195 195
-1.29218 20.00021 2.75947 191 191 191
-1.39636 19.99894 2.68928 185 185 185
-1.49953 20.00041 2.61775 189 189 189
-1.60083 20.00389 2.54351 194 194 194
-1.69934 19.99805 2.46546 189 189 189
-1.79100 19.99765 2.37947 192 192 192
-1.88040 20.00578 2.29133 192 192 192
-1.96913 19.99615 2.20246 177 177 177
-2.05367 20.00013 2.10952 189 189 189
-2.13331 19.99882 2.01233 189 189 189
-2.21223 19.99911 1.91438 184 184 184
-2.28238 20.00450 1.80998 185 185 185
-2.34643 20.00169 1.70181 182 182 182
-2.41376 20.00154 1.59565 174 174 174
-2.47582 20.00161 1.48620 175 175 175
-2.52577 19.99848 1.37068 175 175 175
-2.57917 20.00052 1.25685 174 174 174
-2.62063 19.99795 1.13812 178 178 178
-2.66007 19.99978 1.01892 175 175 175
-2.70053 19.99547 0.89996 173 173 173
-2.72689 19.99919 0.77707 179 179 179
-2.75951 20.00606 0.65567 172 172 172
-2.77846 19.99778 0.53145 174 174 174
-2.79921 19.99925 0.40750 163 163 163
-2.80716 19.99818 0.28206 169 169 169
-2.82186 19.99781 0.15704 166 166 166
-2.81929 19.99745 0.03125 175 175 175
-2.81395 20.00124 -0.09423 170 170 170
-2.81200 19.99981 -0.21994 171 171 171
-2.80576 19.99831 -0.34577 165 165 165
-2.78677 20.00177 -0.47027 167 167 167
-2.75221 19.99997 -0.59172 164 164 164
-2.73297 20.00078 -0.71603 164 164 164
-2.70493 20.00419 -0.83870 159 159 159
-2.66316 19.99735 -0.95743 159 159 159
-2.61988 19.99951 -1.07535 162 162 162
-2.57818 20.00188 -1.19393 165 165 165
-2.53025 20.00182 -1.31024 156 156 156
-2.47146 19.99802 -1.42147 156 156 156
-2.41392 19.99985 -1.53324 158 158 158
-2.35035 20.00142 -1.64171 153 153 153
-2.28064 20.00000 -1.74632 149 149 149
-2.20848 20.00499 -1.84915 153 153 153
-2.13602 19.99993 -1.95196 150 150 150
-2.05897 20.00157 -2.05155 149 149 149
-1.97356 19.99792 -2.14406 150 150 150
-1.88305 20.00172 -2.23147 152 152 152
-1.79174 20.00438 -2.31778 149 149 149
-1.69364 20.00247 -2.39629 146 146 146
-1.59894 19.99956 -2.47861 137 137 137
-1.49959 20.00076 -2.55534 142 142 142
-1.40050 19.99850 -2.63297 139 139 139
-1.29370 19.99886 -2.69945 149 149 149
-1.18721 19.99627 -2.76662 144 144 144
-1.07338 20.00268 -2.82054 138 138 138
-0.96220 19.99911 -2.87951 137 137 137
-0.84470 19.99812 -2.92465 141 141 141
-0.72792 20.00188 -2.97103 149 149 149
-0.60776 19.99941 -3.00777 134 134 134
-0.48907 20.00084 -3.04909 139 139 139
-0.36646 19.99403 -3.07663 134 134 134
-0.24429 20.00374 -3.10562 144 144 144
-0.12003 20.00375 -3.12379 138 138 138
0.00320 19.99849 -3.14954 142 142 142
0.12906 19.99765 -3.15306 145 145 145
0.25434 19.99910 -3.15875 139 139 139
0.37968 19.99924 -3.16817 145 145 145
0.50537 20.00058 -3.16792 134 134 134
0.63059 19.99751 -3.15690 142 142 142
0.75537 20.00257 -3.14297 138 138 138
0.88048 19.99881 -3.13072 136 136 136
1.00468 20.00409 -3.11085 136 136 136
1.12759 20.00270 -3.08403 138 138 138
1.24685 20.00006 -3.04353 134 134 134
1.36819 20.00349 -3.01108 140 140 140
1.48786 20.00025 -2.97263 136 136 136
1.60399 19.99967 -2.92450 139 139 139
1.72156 19.99889 -2.87953 136 136 136
1.83233 20.00070 -2.81974 145 145 145
1.94176 19.99898 -2.75806 146 146 146
2.05230 19.99620 -2.69823 143 143 143
2.15805 19.99725 -2.63027 147 147 147
2.26295 20.00428 -2.56086 145 145 145
2.36130 20.00095 -2.48243 144 144 144
2.45497 20.00197 -2.39861 150 150 150
2.54947 19.99714 -2.31603 143 143 143
2.64442 19.99941 -2.23350 150 150 150
2.73556 19.99679 -2.14651 149 149 149
2.81656 20.00235 -2.05005 152 152 152
2.88747 20.00021 -1.94574 156 156 156
2.96861 19.99891 -1.84972 159 159 159
3.04410 20.00132 -1.74906 150 150 150
3.11053 19.99920 -1.64222 153 153 153
3.17339 19.99652 -1.53331 153 153 153
3.23268 20.00430 -1.42243 158 158 158
3.28976 20.00188 -1.31032 153 153 153
3.33443 20.00229 -1.19265 152 152 152
3.38497 20.00202 -1.07746 155 155 155
3.42066 19.99130 -0.95682 163 163 163
3.45703 19.99597 -0.83665 160 160 160
3.49271 20.00097 -0.71612 160 160 160
3.52038 19.99794 -0.59347 170 170 170
3.53277 19.99876 -0.46815 165 165 165
3.55349 20.00041 -0.34440 164 164 164
3.56762 19.99873 -0.21965 166 166 166
3.57556 19.99787 -0.09432 174 174 174
3.58176 20.40469 0.03188 170 170 170
3.58232 20.40017 0.15755 172 172 172
3.56996 20.39895 0.28264 172 172 172
3.55968 20.39648 0.40779 171 171 171
3.55124 20.40222 0.53357 168 168 168
3.52076 20.39986 0.65589 171 171 171
3.49660 20.40085 0.77923 176 176 176
3.46118 20.40190 0.89983 175 175 175
3.42601 20.39995 1.02040 169 169 169
3.38630 20.39925 1.13962 178 178 178
3.33881 20.40135 1.25595 178 178 178
3.29122 20.40077 1.37229 182 182 182
3.23025 20.39921 1.48230 181 181 181
3.17393 20.39966 1.59451 177 177 177
3.11945 20.40257 1.70838 178 178 178
3.04760 20.40158 1.81188 190 190 190
2.97177 20.39956 1.91226 178 178 178
2.89223 20.40404 2.00949 181 181 181
2.81860 20.40296 2.11153 185 185 185
2.73303 20.39846 2.20364 190 190 190
2.64825 20.40127 2.29649 189 189 189
2.55211 20.40232 2.37772 197 197 197
2.46338 20.39738 2.46694 187 187 187
2.36463 20.40124 2.54476 194 194 194
2.26240 20.40167 2.61777 183 183 183
2.15955 20.39821 2.68973 198 198 198
2.05512 20.39972 2.75949 200 200 200
1.94491 20.39844 2.81973 193 193 193
1.83758 20.39824 2.88540 192 192 192
1.72329 20.40018 2.93781 197 197 197
1.60898 20.39777 2.99012 195 195 195
1.49050 20.40142 3.03216 198 198 198
1.37303 20.40303 3.07694 189 189 189
1.25193 20.39993 3.11063 197 197 197
1.13085 20.40619 3.14425 197 197 197
1.00828 20.39670 3.17220 205 205 205
0.88358 20.39902 3.18842 193 193 193
0.76011 20.39945 3.21269 195 195 195
0.63470 20.39708 3.22194 182 182 182
0.50928 20.40340 3.22976 199 199 199
0.38363 20.39771 3.23451 189 189 189
0.25787 20.39953 3.23271 190 190 190
0.13204 20.39693 3.22867 196 196 196
0.00751 20.40095 3.20970 196 196 196
-0.11678 20.39731 3.19134 193 193 193
-0.24107 20.39968 3.17247 191 191 191
-0.36329 20.40020 3.14302 193 193 193
-0.48294 20.39949 3.10450 192 192 192
-0.60594 20.40204 3.07748 198 198 198
-0.72175 20.39929 3.02816 193 193 193
-0.84129 20.40176 2.98909 195 195 195
-0.95759 20.40020 2.94122 192 192 192
-1.06964 20.40047 2.88409 198 198 198
-1.18000 20.39761 2.82394 190 190 190
-1.28549 20.39952 2.75564 186 186 186
-1.39494 20.40656 2.69370 187 187 187
-1.49462 20.40266 2.61707 194 194 194
-1.59645 20.39956 2.54360 188 188 188
-1.68905 20.40222 2.45868 186 186 186
-1.78999 20.40044 2.38329 191 191 191
-1.87785 20.40106 2.29336 188 188 188
-1.96746 20.40096 2.20521 180 180 180
-2.04694 20.39843 2.10778 183 183 183
-2.13150 20.40675 2.01464 186 186 186
-2.20596 20.39816 1.91333 181 181 181
-2.27335 20.39906 1.80721 174 174 174
-2.34311 20.39637 1.70283 173 173 173
-2.40529 20.40352 1.59375 177 177 177
-2.46845 20.40544 1.48508 182 182 182
-2.52423 20.39623 1.37242 178 178 178
-2.56778 20.40288 1.25439 179 179 179
-2.62002 20.39895 1.13998 177 177 177
-2.66036 20.40298 1.02093 177 177 177
-2.69715 20.39722 0.90074 181 181 181
-2.72064 20.40239 0.77715 176 176 176
-2.75136 20.40218 0.65546 177 177 177
-2.78290 20.40125 0.53340 165 165 165
-2.79628 20.40138 0.40824 172 172 172
-2.80386 20.40457 0.28274 166 166 166
-2.80918 20.39644 0.15732 172 172 172
-2.80933 20.39677 0.03188 168 168 168
-2.80543 20.39751 -0.09342 166 166 166
-2.80322 20.39681 -0.21894 162 162 162
-2.79641 20.40116 -0.34451 173 173 173
-2.77682 20.39989 -0.46869 163 163 163
-2.74591 20.39617 -0.59063 154 154 154
-2.72140 20.39862 -0.71358 156 156 156
-2.69511 20.39889 -0.83642 161 161 161
-2.66110 20.39937 -0.95742 156 156 156
-2.61765 20.39542 -1.07536 155 155 155
-2.57074 20.40109 -1.19187 161 161 161
-2.52187 20.40022 -1.30758 153 153 153
-2.46449 20.39759 -1.41932 158 158 158
-2.40487 20.40375 -1.52976 152 152 152
-2.34490 20.39744 -1.64018 154 154 154
-2.27917 20.39543 -1.74736 152 152 152
-2.20959 20.39810 -1.85221 154 154 154
-2.13197 20.40204 -1.95127 145 145 145
-2.04865 20.39896 -2.04549 153 153 153
-1.96275 20.39996 -2.13710 144 144 144
-1.88105 20.40257 -2.23281 149 149 149
-1.79171 20.40293 -2.32140 143 143 143
-1.69595 20.40032 -2.40301 142 142 142
-1.59947 20.40042 -2.48368 151 151 151
-1.49203 20.40273 -2.54975 149 149 149
-1.39078 20.39630 -2.62372 142 142 142
-1.28850 20.40311 -2.69680 139 139 139
-1.17988 20.39900 -2.75998 140 140 140
-1.06884 20.40261 -2.81877 144 144 144
-0.95661 20.39488 -2.87534 144 144 144
-0.84293 20.39911 -2.92932 139 139 139
-0.72619 20.39964 -2.97643 144 144 144
-0.60521 20.40031 -3.01148 139 139 139
-0.48318 20.40034 -3.04161 142 142 142
-0.36406 20.39895 -3.08248 140 140 140
-0.24035 20.39896 -3.10512 153 153 153
-0.11660 20.39646 -3.12647 144 144 144
0.00754 20.40101 -3.14570 141 141 141
0.13231 20.40204 -3.16152 148 148 148
0.25792 20.39941 -3.16783 142 142 142
0.38363 20.40245 -3.17617 136 136 136
0.50899 20.40192 -3.15879 137 137 137
0.63496 20.40260 -3.16160 137 137 137
0.76003 20.39958 -3.14828 136 136 136
0.88326 20.40216 -3.12263 146 146 146
1.00787 20.39938 -3.10635 144 144 144
1.12969 20.40505 -3.07567 132 132 132
1.25159 20.40439 -3.04567 135 135 135
1.37386 20.40081 -3.01572 135 135 135
1.49148 20.40051 -2.97107 136 136 136
1.60644 20.39536 -2.92023 142 142 142
1.72553 20.40049 -2.87892 141 141 141
1.83546 20.40046 -2.81750 144 144 144
1.94902 20.40132 -2.76332 145 145 145
2.05955 20.39765 -2.70297 142 142 142
2.16196 20.39935 -2.62958 141 141 141
2.26180 20.39857 -2.55320 140 140 140
2.36248 20.40030 -2.47828 150 150 150
2.46014 20.39572 -2.39941 141 141 141
2.55625 20.39933 -2.31845 142 142 142
2.64398 20.40289 -2.22847 149 149 149
2.73105 20.40225 -2.13805 148 148 148
2.81779 20.40000 -2.04709 149 149 149
2.89741 20.40508 -1.94983 153 153 153
2.97494 20.40305 -1.85082 149 149 149
3.04572 20.40085 -1.74687 155 155 155
3.10912 20.40060 -1.63830 149 149 149
3.17711 20.39957 -1.53255 151 151 151
3.24021 20.40044 -1.42362 156 156 156
3.28543 20.39962 -1.30587 155 155 155
3.33585 20.39942 -1.19097 156 156 156
3.38914 20.40165 -1.07692 155 155 155
3.42965 20.40102 -0.95784 160 160 160
3.46441 20.39864 -0.83699 155 155 155
3.49437 20.40111 -0.71495 166 166 166
3.51813 20.40390 -0.59162 156 156 156
3.54857 20.39626 -0.46940 167 167 167
3.56219 20.39902 -0.34433 156 156 156
3.57383 20.40352 -0.21920 162 162 162
3.58451 20.39892 -0.09389 168 168 168
3.58648 20.79893 0.03250 182 182 182
3.58119 20.80290 0.15798 177 177 177
3.57722 20.80327 0.28354 176 176 176
3.56003 20.79983 0.40801 167 167 167
3.54665 20.80345 0.53288 172 172 172
3.52511 20.79848 0.65663 176 176 176
3.50374 20.79757 0.78067 170 170 170
3.46906 20.79787 0.90162 177 177 177
3.44049 20.79975 1.02451 173 173 173
3.39191 20.80404 1.14093 179 179 179
3.34457 20.80033 1.25740 183 183 183
3.29179 20.79816 1.37145 179 179 179
3.23929 20.79577 1.48561 183 183 183
3.18060 20.80037 1.59677 171 171 171
3.11897 20.80259 1.70641 176 176 176
3.04828 20.80112 1.81045 185 185 185
2.97734 20.80290 1.91421 187 187 187
2.89918 20.79679 2.01263 182 182 182
2.82246 20.79783 2.11224 188 188 188
2.74098 20.80145 2.20813 193 193 193
2.65022 20.80039 2.29532 181 181 181
2.56102 20.80102 2.38392 193 193 193
2.46983 20.79857 2.47072 186 186 186
2.36596 20.80262 2.54229 193 193 193
2.26749 20.79989 2.62023 188 188 188
2.16922 20.79928 2.69919 185 185 185
2.06083 20.79542 2.76330 197 197 197
1.95179 20.80031 2.82593 190 190 190
1.83982 20.79972 2.88305 200 200 200
1.72848 20.79802 2.94154 193 193 193
1.61180 20.80364 2.98847 193 193 193
1.49546 20.79868 3.03605 189 189 189
1.37691 20.79838 3.07792 194 194 194
1.25466 20.79705 3.10758 196 196 196
1.13538 20.79777 3.14806 190 190 190
1.01236 20.80420 3.17441 195 195 195
0.88757 20.80366 3.19048 191 191 191
0.76484 20.79806 3.22154 199 199 199
0.63877 20.80149 3.22646 194 194 194
0.51304 20.79951 3.23049 189 189 189
0.38740 20.79973 3.23838 199 199 199
0.26191 20.79810 3.22631 197 197 197
0.13587 20.79918 3.22837 194 194 194
0.01160 20.79752 3.20759 197 197 197
-0.11395 20.80198 3.19787 201 201 201
-0.23844 20.79730 3.17879 190 190 190
-0.36040 20.80061 3.14729 196 196 196
-0.48180 20.80049 3.11444 195 195 195
-0.60111 20.80163 3.07479 193 193 193
-0.71969 20.80102 3.03338 197 197 197
-0.83766 20.80431 2.99005 195 195 195
-0.95144 20.80113 2.93667 196 196 196
-1.06437 20.79966 2.88175 195 195 195
-1.17559 20.79716 2.82341 189 189 189
-1.28289 20.79929 2.75815 194 194 194
-1.38848 20.80089 2.69029 197 197 197
-1.49254 20.79887 2.62001 186 186 186
-1.59133 20.79929 2.54250 190 190 190
-1.69319 20.80347 2.46855 185 185 185
-1.78791 20.79636 2.38573 188 188 188
-1.87691 20.79899 2.29681 195 195 195
-1.95953 20.80001 2.20198 185 185 185
-2.04198 20.79907 2.10738 189 189 189
-2.12373 20.80482 2.01211 191 191 191
-2.19923 20.79894 1.91179 185 185 185
-2.26634 20.80222 1.80567 182 182 182
-2.34330 20.79972 1.70587 180 180 180
-2.40809 20.80311 1.59805 182 182 182
-2.46083 20.80177 1.48375 180 180 180
-2.51346 20.80192 1.36981 181 181 181
-2.56929 20.80255 1.25720 182 182 182
-2.60865 20.80136 1.13780 190 190 190
-2.65208 20.79679 1.02009 172 172 172
-2.69172 20.79908 0.90090 180 180 180
-2.72599 20.80120 0.77996 178 178 178
-2.75787 20.79994 0.65813 176 176 176
-2.77594 20.80340 0.53352 167 167 167
-2.79164 20.79914 0.40876 173 173 173
-2.80639 20.79980 0.28386 168 168 168
-2.81256 20.80227 0.15823 166 166 166
-2.81117 20.80101 0.03250 171 171 171
-2.80857 20.80127 -0.09307 160 160 160
-2.80270 20.80044 -0.21857 163 163 163
-2.79493 20.80000 -0.34415 167 167 167
-2.78070 20.80283 -0.46928 164 164 164
-2.75399 20.80019 -0.59236 158 158 158
-2.72028 20.79577 -0.71359 165 165 165
-2.68627 20.79713 -0.83436 160 160 160
-2.65599 20.80088 -0.95636 157 157 157
-2.61458 20.79893 -1.07499 159 159 159
-2.57473 20.80098 -1.19445 155 155 155
-2.51395 20.80214 -1.30504 158 158 158
-2.45895 20.80242 -1.41779 157 157 157
-2.40491 20.79951 -1.53126 158 158 158
-2.34691 20.80073 -1.64308 145 145 145
-2.27502 20.79942 -1.74647 149 149 149
-2.20182 20.79569 -1.84867 150 150 150
-2.12249 20.80145 -1.94613 147 147 147
-2.04558 20.80071 -2.04545 147 147 147
-1.96000 20.80189 -2.13741 150 150 150
-1.87526 20.80071 -2.23015 140 140 140
-1.77982 20.79725 -2.31198 147 147 147
-1.69043 20.80026 -2.40032 148 148 148
-1.59441 20.79278 -2.48140 149 149 149
-1.49367 20.80336 -2.55657 148 148 148
-1.38896 20.79684 -2.62600 148 148 148
-1.28285 20.80206 -2.69310 141 141 141
-1.17574 20.79918 -2.75867 138 138 138
-1.06683 20.80212 -2.82158 146 146 146
-0.95276 20.79789 -2.87453 145 145 145
-0.83758 20.80150 -2.92485 136 136 136
-0.71739 20.80054 -2.96216 137 137 137
-0.59871 20.79790 -3.00243 140 140 140
-0.48131 20.80238 -3.04768 142 142 142
-0.35936 20.80108 -3.07795 144 144 144
-0.23744 20.79890 -3.10875 139 139 139
-0.11273 20.80248 -3.12515 140 140 140
0.01108 20.79684 -3.14695 139 139 139
0.13641 20.79782 -3.15662 137 137 137
0.26169 20.80440 -3.16683 141 141 141
0.38740 20.79681 -3.17108 142 142 142
0.51311 20.80297 -3.16704 137 137 137
0.63832 20.79989 -3.15577 131 131 131
0.76371 20.79952 -3.14699 137 137 137
0.88876 20.80215 -3.13297 141 141 141
1.01067 20.80070 -3.10090 135 135 135
1.13391 20.80028 -3.07696 141 141 141
1.25695 20.79860 -3.05070 142 142 142
1.37745 20.79811 -3.01459 141 141 141
1.49474 20.79815 -2.96909 139 139 139
1.61265 20.80052 -2.92554 138 138 138
1.72634 20.80100 -2.87190 143 143 143
1.84286 20.80176 -2.82401 146 146 146
1.95108 20.79650 -2.75966 143 143 143
2.06036 20.80026 -2.69753 147 147 147
2.16466 20.79686 -2.62737 143 143 143
2.26490 20.79527 -2.55166 147 147 147
2.36800 20.80357 -2.47988 144 144 144
2.46275 20.79969 -2.39743 149 149 149
2.56045 20.80172 -2.31830 148 148 148
2.64996 20.79927 -2.23007 154 154 154
2.73881 20.80233 -2.14113 156 156 156
2.82360 20.80091 -2.04821 155 155 155
2.89742 20.80083 -1.94624 159 159 159
2.97600 20.80195 -1.84823 159 159 159
3.05329 20.79793 -1.74880 147 147 147
3.11967 20.80082 -1.64184 156 156 156
3.18150 20.79855 -1.53227 160 160 160
3.24120 20.80077 -1.42159 151 151 151
3.29066 20.80305 -1.30592 161 161 161
3.34677 20.80222 -1.19331 159 159 159
3.38753 20.79763 -1.07431 160 160 160
3.42935 20.80312 -0.95589 161 161 161
3.47465 20.80256 -0.83819 159 159 159
3.49969 20.80137 -0.71470 161 161 161
3.52658 20.80269 -0.59192 162 162 162
3.54891 20.79786 -0.46823 161 161 161
3.56495 20.79859 -0.34359 163 163 163
3.57799 20.79772 -0.21861 161 161 161
3.58447 20.79663 -0.09311 161 161 161
3.58942 21.20307 0.03313 168 168 168
3.58953 21.20598 0.15880 179 179 179
3.58380 21.20157 0.28441 173 173 173
3.57012 21.19898 0.40940 165 165 165
3.55407 21.19574 0.53411 173 173 173
3.52906 21.19889 0.65733 173 173 173
3.50156 21.20386 0.77991 172 172 172
3.47111 21.20458 0.90182 181 181 181
3.43368 21.20110 1.02176 173 173 173
3.39304 21.20097 1.14065 180 180 180
3.34401 21.20361 1.25632 187 187 187
3.29897 21.20151 1.37373 174 174 174
3.24146 21.19965 1.48553 179 179 179
3.18701 21.19882 1.59899 183 183 183
3.11753 21.19905 1.70397 177 177 177
3.05261 21.20079 1.81158 179 179 179
2.97832 21.19789 1.91295 187 187 187
2.90284 21.20014 2.01334 190 190 190
2.82233 21.20165 2.10971 184 184 184
2.74012 21.20117 2.20467 185 185 185
2.64956 21.20060 2.29172 191 191 191
2.56315 21.20329 2.38299 180 180 180
2.46904 21.20398 2.46625 197 197 197
2.37251 21.20149 2.54671 189 189 189
2.27385 21.19766 2.62471 191 191 191
2.16764 21.19986 2.69212 193 193 193
2.06113 21.20041 2.75860 191 191 191
1.95368 21.20063 2.82356 189 189 189
1.84435 21.20049 2.88556 192 192 192
1.73150 21.20151 2.94098 194 194 194
1.61310 21.20102 2.98363 200 200 200
1.49673 21.20216 3.03046 192 192 192
1.37840 21.19862 3.07216 196 196 196
1.25916 21.19916 3.11153 189 189 189
1.13628 21.20338 3.13762 194 194 194
1.01615 21.19671 3.17615 192 192 192
0.89106 21.19838 3.19063 192 192 192
0.76647 21.19565 3.20582 194 194 194
0.64211 21.20263 3.22428 199 199 199
0.51683 21.19954 3.23667 190 190 190
0.39096 21.20350 3.23002 190 190 190
0.26535 21.19947 3.23020 197 197 197
0.13976 21.19767 3.22492 195 195 195
0.01537 21.19947 3.20646 200 200 200
-0.10953 21.19942 3.19312 194 194 194
-0.23469 21.20303 3.17847 197 197 197
-0.35510 21.19451 3.14068 186 186 186
-0.47625 21.19736 3.10802 193 193 193
-0.60070 21.19163 3.08514 197 197 197
-0.71788 21.19986 3.03876 188 188 188
-0.83668 21.19865 2.99691 205 205 205
-0.94815 21.19742 2.93787 190 190 190
-1.06366 21.20445 2.88798 191 191 191
-1.17364 21.20338 2.82691 195 195 195
-1.28118 21.19898 2.76182 194 194 194
-1.38696 21.19824 2.69397 187 187 187
-1.48721 21.20461 2.61820 196 196 196
-1.59071 21.19341 2.54686 191 191 191
-1.68707 21.20081 2.46619 191 191 191
-1.78191 21.19853 2.38372 180 180 180
-1.87346 21.20041 2.29755 184 184 184
-1.96064 21.20156 2.20692 189 189 189
-2.04363 21.19856 2.11246 184 184 184
-2.12399 21.20087 2.01575 188 188 188
-2.19949 21.19787 1.91520 179 179 179
-2.26853 21.20246 1.81014 186 186 186
-2.34103 21.19975 1.70729 177 177 177
-2.39953 21.19762 1.59587 179 179 179
-2.45867 21.19647 1.48509 182 182 182
-2.51638 21.19884 1.37342 186 186 186
-2.56109 21.19702 1.25590 176 176 176
-2.61722 21.20061 1.14290 181 181 181
-2.65502 21.19536 1.02283 176 176 176
-2.68491 21.19635 0.90061 178 178 178
-2.72770 21.20110 0.78185 164 164 164
-2.74331 21.19548 0.65657 171 171 171
-2.76846 21.19570 0.53353 168 168 168
-2.79146 21.19927 0.40979 167 167 167
-2.79934 21.20031 0.28421 167 167 167
-2.80685 21.19752 0.15877 166 166 166
-2.81201 21.19937 0.03313 170 170 170
-2.80819 21.19540 -0.09257 160 160 160
-2.79687 21.20164 -0.21776 162 162 162
-2.78889 21.19880 -0.34324 160 160 160
-2.76409 21.20380 -0.46659 168 168 168
-2.74868 21.20308 -0.59139 157 157 157
-2.72212 21.19947 -0.71426 158 158 158
-2.69137 21.19977 -0.83618 155 155 155
-2.65724 21.20193 -0.95730 154 154 154
-2.61008 21.19688 -1.07402 167 167 167
-2.57131 21.19619 -1.19389 157 157 157
-2.51106 21.20209 -1.30473 154 154 154
-2.45924 21.19839 -1.41912 151 151 151
-2.40095 21.20242 -1.53042 152 152 152
-2.33741 21.19781 -1.63882 154 154 154
-2.27205 21.19751 -1.74624 151 151 151
-2.19255 21.20174 -1.84391 154 154 154
-2.12263 21.19781 -1.94843 154 154 154
-2.03807 21.19717 -2.04146 146 146 146
-1.96063 21.19845 -2.14066 147 147 147
-1.87270 21.20317 -2.23054 148 148 148
-1.78092 21.19992 -2.31640 141 141 141
-1.68534 21.20358 -2.39791 141 141 141
-1.59074 21.19714 -2.48064 141 141 141
-1.48917 21.19791 -2.55465 146 146 146
-1.38521 21.19851 -2.62510 133 133 133
-1.28291 21.20244 -2.69839 141 141 141
-1.17310 21.19608 -2.75970 145 145 145
-1.06214 21.19915 -2.81874 142 142 142
-0.94758 21.19991 -2.87038 137 137 137
-0.83474 21.20133 -2.92598 152 152 152
-0.71588 21.19960 -2.96710 142 142 142
-0.59767 21.20039 -3.00957 142 142 142
-0.47756 21.19917 -3.04643 143 143 143
-0.35485 21.19623 -3.07341 142 142 142
-0.23381 21.19995 -3.10779 137 137 137
-0.10922 21.20090 -3.12490 130 130 130
0.01508 21.19680 -3.14267 135 135 135
0.14010 21.19980 -3.15432 137 137 137
0.26536 21.20456 -3.16356 143 143 143
0.39096 21.20003 -3.16968 139 139 139
0.51662 21.19916 -3.16503 141 141 141
0.64212 21.20359 -3.15811 142 142 142
0.76708 21.19999 -3.14468 136 136 136
0.89215 21.19834 -3.13126 136 136 136
1.01651 21.20083 -3.11174 150 150 150
1.13852 21.19615 -3.08070 146 146 146
1.25993 21.19845 -3.04801 144 144 144
1.37934 21.20172 -3.00880 144 144 144
1.49681 21.20382 -2.96440 138 138 138
1.61512 21.20244 -2.92226 141 141 141
1.73172 21.19830 -2.87520 146 146 146
1.84216 21.20162 -2.81501 144 144 144
1.95689 21.20297 -2.76304 139 139 139
2.06275 21.20095 -2.69498 142 142 142
2.17268 21.20211 -2.63341 138 138 138
2.26903 21.20006 -2.55182 150 150 150
2.37699 21.19695 -2.48614 146 146 146
2.46805 21.19913 -2.39884 153 153 153
2.56388 21.19569 -2.31753 146 146 146
2.65569 21.20009 -2.23161 152 152 152
2.73557 21.19761 -2.13421 141 141 141
2.82503 21.19557 -2.04577 146 146 146
2.90665 21.20103 -1.95008 145 145 145
2.98300 21.19652 -1.85011 151 151 151
3.05001 21.20056 -1.74360 152 152 152
3.11911 21.20064 -1.63869 148 148 148
3.18638 21.20651 -1.53238 152 152 152
3.24076 21.19403 -1.41892 151 151 151
3.29422 21.19852 -1.30530 166 166 166
3.34269 21.20161 -1.18952 166 166 166
3.38764 21.20072 -1.07241 156 156 156
3.43303 21.19674 -0.95530 158 158 158
3.47289 21.20318 -0.83607 159 159 159
3.49911 21.20036 -0.71308 157 157 157
3.53010 21.19958 -0.59129 165 165 165
3.54674 21.20414 -0.46670 154 154 154
3.56498 21.19876 -0.34254 162 162 162
3.58657 21.20152 -0.21837 163 163 163
3.59042 21.20025 -0.09258 166 166 166
3.59427 21.59998 0.03375 163 163 163
3.59142 21.60073 0.15936 163 163 163
3.58474 21.59692 0.28484 170 170 170
3.57122 21.59946 0.40976 177 177 177
3.55245 21.60031 0.53395 171 171 171
3.53442 21.60286 0.65835 177 177 177
3.51246 21.60417 0.78235 172 172 172
3.47605 21.60433 0.90289 173 173 173
3.43576 21.60119 1.02197 179 179 179
3.40016 21.59512 1.14266 178 178 178
3.35019 21.60304 1.25811 176 176 176
3.30572 21.60089 1.37592 184 184 184
3.24156 21.59688 1.48449 177 177 177
3.18592 21.60415 1.59712 180 180 180
3.12030 21.60253 1.70423 181 181 181
3.05385 21.60425 1.81079 187 187 187
2.98146 21.60205 1.91342 187 187 187
2.90460 21.59757 2.01269 182 182 182
2.83077 21.60135 2.11467 193 193 193
2.74212 21.59843 2.20403 190 190 190
2.65088 21.60025 2.29031 188 188 188
2.56731 21.60035 2.38448 186 186 186
2.47613 21.60531 2.47124 186 186 186
2.37795 21.59641 2.54996 192 192 192
2.27519 21.60150 2.62253 186 186 186
2.17143 21.60046 2.69338 187 187 187
2.06447 21.59972 2.75917 195 195 195
1.96066 21.59591 2.83064 189 189 189
1.84951 21.59553 2.88972 191 191 191
1.73444 21.60451 2.94069 182 182 182
1.61682 21.60471 2.98510 193 193 193
1.50387 21.60328 3.04131 194 194 194
1.38360 21.60485 3.07842 196 196 196
1.26244 21.59739 3.11187 196 196 196
1.14213 21.60186 3.14859 194 194 194
1.01825 21.60003 3.17042 204 204 204
0.89505 21.59683 3.19519 201 201 201
0.77072 21.59845 3.21386 197 197 197
0.64555 21.60079 3.22585 195 195 195
0.52011 21.60327 3.23509 192 192 192
0.39433 21.59830 3.23950 190 190 190
0.26882 21.59639 3.22812 195 195 195
0.14344 21.60259 3.22154 194 194 194
0.01824 21.60136 3.21129 191 191 191
-0.10621 21.59929 3.19402 189 189 189
-0.22929 21.60008 3.16886 195 195 195
-0.35282 21.59941 3.14584 190 190 190
-0.47450 21.60429 3.11436 193 193 193
-0.59549 21.59960 3.08009 195 195 195
-0.71311 21.59709 3.03558 198 198 198
-0.83060 21.59971 2.99099 195 195 195
-0.94413 21.60310 2.93708 193 193 193
-1.05890 21.59764 2.88586 201 201 201
-1.17090 21.60117 2.82867 195 195 195
-1.27588 21.59818 2.75927 195 195 195
-1.38557 21.59851 2.69755 185 185 185
-1.49032 21.59961 2.62773 198 198 198
-1.58934 21.59747 2.55001 189 189 189
-1.68046 21.60000 2.46301 183 183 183
-1.77953 21.59591 2.38541 191 191 191
-1.86881 21.60089 2.29688 185 185 185
-1.95615 21.59952 2.20651 186 186 186
-2.03248 21.59755 2.10643 184 184 184
-2.12011 21.59931 2.01597 188 188 188
-2.19500 21.60337 1.91500 180 180 180
-2.26491 21.59948 1.81060 183 183 183
-2.33008 21.60205 1.70327 179 179 179
-2.40311 21.60436 1.60039 186 186 186
-2.46075 21.60353 1.48848 186 186 186
-2.50614 21.60304 1.37088 181 181 181
-2.56409 21.59957 1.25917 178 178 178
-2.60905 21.59868 1.14175 177 177 177
-2.64713 21.60179 1.02198 186 186 186
-2.68235 21.60224 0.90146 176 176 176
-2.72057 21.59875 0.78157 171 171 171
-2.73727 21.60139 0.65666 170 170 170
-2.76857 21.60068 0.53470 173 173 173
-2.78450 21.60593 0.40999 168 168 168
-2.80378 21.59771 0.28545 174 174 174
-2.80390 21.59596 0.15941 178 178 178
-2.80795 21.59943 0.03375 170 170 170
-2.80337 21.60215 -0.09189 162 162 162
-2.79503 21.59962 -0.21726 159 159 159
-2.78394 21.59701 -0.34242 165 165 165
-2.76886 21.60179 -0.46725 159 159 159
-2.74407 21.60174 -0.59052 162 162 162
-2.71501 21.59987 -0.71273 160 160 160
-2.68807 21.59758 -0.83557 164 164 164
-2.64875 21.59882 -0.95500 162 162 162
-2.60763 21.60424 -1.07373 168 168 168
-2.56378 21.59451 -1.19154 157 157 157
-2.50897 21.59820 -1.30469 159 159 159
-2.45610 21.60015 -1.41861 156 156 156
-2.39828 21.59626 -1.53018 149 149 149
-2.33285 21.59693 -1.63747 159 159 159
-2.26924 21.59885 -1.74599 152 152 152
-2.19634 21.60196 -1.84848 153 153 153
-2.11855 21.60164 -1.94724 151 151 151
-2.03710 21.59963 -2.04288 142 142 142
-1.95636 21.60155 -2.13920 139 139 139
-1.86887 21.59973 -2.22944 145 145 145
-1.78437 21.60118 -2.32315 143 143 143
-1.68822 21.60078 -2.40459 144 144 144
-1.58424 21.59857 -2.47605 150 150 150
-1.48590 21.60233 -2.55416 138 138 138
-1.38654 21.60190 -2.63150 147 147 147
-1.27728 21.60025 -2.69406 147 147 147
-1.16866 21.60509 -2.75716 146 146 146
-1.05841 21.59760 -2.81740 140 140 140
-0.94466 21.60236 -2.87072 147 147 147
-0.83128 21.60372 -2.92512 143 143 143
-0.71276 21.59648 -2.96713 140 140 140
-0.59296 21.60038 -3.00480 152 152 152
-0.47298 21.60079 -3.04148 145 145 145
-0.35268 21.60438 -3.07773 136 136 136
-0.22998 21.59643 -3.10484 131 131 131
-0.10554 21.59737 -3.12230 137 137 137
0.01805 21.59838 -3.14542 140 140 140
0.14330 21.60021 -3.15587 142 142 142
0.26863 21.59984 -3.16531 141 141 141
0.39433 21.59741 -3.16294 147 147 147
0.51997 21.59983 -3.16420 145 145 145
0.64550 21.60105 -3.15779 138 138 138
0.77039 21.59559 -3.14364 138 138 138
0.89516 21.59859 -3.12838 137 137 137
1.01870 21.59748 -3.10520 144 144 144
1.14165 21.60052 -3.07907 149 149 149
1.26452 21.59800 -3.05172 132 132 132
1.38258 21.59678 -3.00778 135 135 135
1.50005 21.59811 -2.96346 138 138 138
1.61592 21.60066 -2.91543 143 143 143
1.73505 21.59904 -2.87450 137 137 137
1.84690 21.60202 -2.81710 142 142 142
1.96051 21.60172 -2.76288 142 142 142
2.06687 21.59601 -2.69560 143 143 143
2.16972 21.60059 -2.62332 147 147 147
2.27286 21.59830 -2.55184 144 144 144
2.37474 21.60090 -2.47840 147 147 147
2.46696 21.59960 -2.39300 141 141 141
2.56291 21.59658 -2.31222 148 148 148
2.65863 21.59860 -2.23055 153 153 153
2.74869 21.60158 -2.14260 153 153 153
2.82792 21.60185 -2.04474 157 157 157
2.90931 21.60011 -1.94890 154 154 154
2.98069 21.59793 -1.84535 150 150 150
3.05135 21.59921 -1.74161 152 152 152
3.12302 21.59902 -1.63840 153 153 153
3.19262 21.60261 -1.53337 156 156 156
3.24410 21.60272 -1.41829 157 157 157
3.30230 21.60137 -1.30684 150 150 150
3.35227 21.60402 -1.19147 160 160 160
3.39356 21.60011 -1.07273 161 161 161
3.43762 21.59988 -0.95508 160 160 160
3.47034 21.59671 -0.83377 162 162 162
3.50075 21.59700 -0.71204 160 160 160
3.53288 21.59924 -0.59055 159 159 159
3.55420 21.60284 -0.46672 158 158 158
3.56950 21.59595 -0.34206 160 160 160
3.58518 21.59871 -0.21738 166 166 166
3.59041 21.59899 -0.09182 169 169 169
3.59624 21.99913 0.03438 174 174 174
3.60165 21.99822 0.16027 172 172 172
3.59144 22.00210 0.28574 162 162 162
3.58225 21.99797 0.41132 170 170 170
3.56661 21.99642 0.53631 168 168 168
3.53515 22.00031 0.65849 176 176 176
3.51532 21.99909 0.78290 173 173 173
3.48059 22.00011 0.90390 172 172 172
3.44677 21.99606 1.02515 187 187 187
3.39590 22.00176 1.14055 179 179 179
3.35787 22.00010 1.26061 179 179 179
3.30158 21.99962 1.37318 183 183 183
3.24865 21.99856 1.48712 184 184 184
3.19055 22.00016 1.59856 188 188 188
3.12173 21.99870 1.70379 179 179 179
3.05700 22.00549 1.81140 183 183 183
2.98987 21.99811 1.91785 179 179 179
2.91437 21.99965 2.01853 183 183 183
2.82845 21.99906 2.11061 186 186 186
2.74454 21.99882 2.20397 189 189 189
2.65559 21.99920 2.29247 188 188 188
2.56982 21.99942 2.38439 187 187 187
2.47802 22.00219 2.47037 186 186 186
2.38092 21.99683 2.55035 190 190 190
2.27821 22.00009 2.62296 193 193 193
2.17333 21.99760 2.69211 192 192 192
2.07192 21.99969 2.76680 195 195 195
1.96452 21.99885 2.83250 194 194 194
1.85074 22.00056 2.88654 195 195 195
1.73470 21.99837 2.93500 199 199 199
1.62284 22.00168 2.99262 201 201 201
1.50196 22.00187 3.02817 197 197 197
1.38510 21.99857 3.07394 193 193 193
1.26519 22.00128 3.11099 189 189 189
1.14504 22.00033 3.14817 197 197 197
1.02282 22.00009 3.17815 195 195 195
0.89770 21.99861 3.19261 194 194 194
0.77411 22.00032 3.21641 192 192 192
0.64833 21.99716 3.22157 199 199 199
0.52342 22.00226 3.23955 200 200 200
0.39749 21.99948 3.23583 200 200 200
0.27186 22.00022 3.23192 199 199 199
0.14587 22.00328 3.23156 195 195 195
0.02129 21.99766 3.21291 206 206 206
-0.10298 22.00347 3.19419 189 189 189
-0.22702 22.00014 3.17397 198 198 198
-0.34912 22.00027 3.14421 198 198 198
-0.47100 21.99918 3.11379 193 193 193
-0.59248 22.00155 3.08118 200 200 200
-0.71025 22.00056 3.03702 188 188 188
-0.82590 22.00365 2.98789 194 194 194
-0.94356 21.99891 2.94335 195 195 195
-1.05806 22.00099 2.89105 193 193 193
-1.16431 22.00096 2.82316 193 193 193
-1.27456 21.99812 2.76290 196 196 196
-1.38296 22.00666 2.69900 190 190 190
-1.48207 22.00343 2.62137 187 187 187
-1.58438 22.00180 2.54837 192 192 192
-1.68003 21.99968 2.46684 188 188 188
-1.77505 21.99799 2.38461 186 186 186
-1.86662 21.99860 2.29848 183 183 183
-1.95102 21.99542 2.20531 184 184 184
-2.03546 21.99986 2.11231 183 183 183
-2.11015 22.00497 2.01124 184 184 184
-2.19334 21.99926 1.91672 180 180 180
-2.26510 22.00132 1.81346 187 187 187
-2.33415 22.00487 1.70833 183 183 183
-2.39788 21.99866 1.59986 182 182 182
-2.45555 21.99475 1.48807 179 179 179
-2.50689 22.00170 1.37331 180 180 180
-2.55943 22.00323 1.25917 179 179 179
-2.60596 22.00076 1.14241 177 177 177
-2.64003 21.99964 1.02133 170 170 170
-2.68435 22.00088 0.90354 169 169 169
-2.70952 21.99908 0.78030 173 173 173
-2.74459 21.99934 0.65937 173 173 173
-2.76461 21.99605 0.53520 168 168 168
-2.78063 21.99703 0.41053 171 171 171
-2.79178 21.99941 0.28538 176 176 176
-2.80159 22.00037 0.16007 168 168 168
-2.80334 22.00330 0.03438 173 173 173
-2.80272 21.99675 -0.09136 165 165 165
-2.79251 22.00049 -0.21668 169 169 169
-2.77851 22.00048 -0.34153 170 170 170
-2.76026 22.00017 -0.46576 158 158 158
-2.74592 21.99675 -0.59089 170 170 170
-2.71279 22.00077 -0.71234 161 161 161
-2.68161 22.00151 -0.83402 164 164 164
-2.64305 21.99993 -0.95356 164 164 164
-2.59961 22.00110 -1.07131 156 156 156
-2.55665 22.00038 -1.18927 150 150 150
-2.51340 22.00067 -1.30756 159 159 159
-2.45418 21.99885 -1.41862 153 153 153
-2.39467 22.00500 -1.52931 157 157 157
-2.32931 22.00061 -1.63661 158 158 158
-2.26283 22.00388 -1.74320 155 155 155
-2.19047 21.99786 -1.84589 149 149 149
-2.10743 21.99453 -1.94035 144 144 144
-2.03439 21.99577 -2.04265 151 151 151
-1.95550 22.00011 -2.14071 152 152 152
-1.86546 22.00156 -2.22858 147 147 147
-1.77142 22.00024 -2.31193 146 146 146
-1.67738 22.00197 -2.39498 157 157 157
-1.58344 21.99931 -2.47843 140 140 140
-1.48321 22.00362 -2.55419 152 152 152
-1.38249 22.00366 -2.62955 139 139 139
-1.27436 21.99663 -2.69384 146 146 146
-1.16531 21.99753 -2.75620 149 149 149
-1.05524 22.00491 -2.81677 133 133 133
-0.94447 21.99614 -2.87656 137 137 137
-0.82641 22.00176 -2.92038 141 141 141
-0.71121 21.99953 -2.97088 141 141 141
-0.59050 21.99852 -3.00633 133 133 133
-0.47267 22.00215 -3.05098 136 136 136
-0.34985 21.99750 -3.07853 135 135 135
-0.22702 22.00124 -3.10526 142 142 142
-0.10255 22.00114 -3.12274 139 139 139
0.02139 21.99966 -3.14325 144 144 144
0.14631 22.00276 -3.15715 138 138 138
0.27186 21.99893 -3.16316 140 140 140
0.39749 22.00025 -3.17218 135 135 135
0.52286 22.00402 -3.15653 138 138 138
0.64854 22.00404 -3.15555 140 140 140
0.77399 22.00307 -3.14663 141 141 141
0.89830 21.99824 -3.12764 135 135 135
1.02198 22.00252 -3.10514 139 139 139
1.14461 21.99747 -3.07759 139 139 139
1.26538 22.00300 -3.04294 140 140 140
1.38665 22.00092 -3.00994 138 138 138
1.50414 22.00221 -2.96534 140 140 140
1.62132 22.00228 -2.92021 147 147 147
1.73606 21.99646 -2.86920 138 138 138
1.85094 22.00099 -2.81818 146 146 146
1.96057 22.00184 -2.75670 150 150 150
2.06733 21.99612 -2.69055 146 146 146
2.17840 22.00186 -2.63095 144 144 144
2.27716 22.00243 -2.55277 146 146 146
2.37940 22.00118 -2.47967 146 146 146
2.47357 21.99731 -2.39641 142 142 142
2.56879 22.00392 -2.31452 147 147 147
2.65952 22.00378 -2.22765 161 161 161
2.74572 21.99976 -2.13630 153 153 153
2.83310 21.99855 -2.04584 153 153 153
2.91138 22.00328 -1.94741 161 161 161
2.98468 21.99918 -1.84533 143 143 143
3.05949 21.99651 -1.74432 153 153 153
3.12644 21.99869 -1.63793 155 155 155
3.19245 22.00142 -1.53088 154 154 154
3.24878 21.99985 -1.41843 153 153 153
3.30438 21.99845 -1.30572 146 146 146
3.35936 21.99777 -1.19247 152 152 152
3.39646 22.00142 -1.07200 157 157 157
3.44238 22.00067 -0.95497 155 155 155
3.47429 22.00149 -0.83337 160 160 160
3.51526 21.99659 -0.71413 161 161 161
3.54069 22.00042 -0.59085 157 157 157
3.55952 22.00070 -0.46644 163 163 163
3.57537 22.00054 -0.34175 157 157 157
3.58690 22.00078 -0.21664 165 165 165
3.59791 21.99935 -0.09137 165 165 165
3.59702 22.39676 0.03500 157 157 157
3.60659 22.40258 0.16097 176 176 176
3.59069 22.40064 0.28608 167 167 167
3.57680 22.40047 0.41095 168 168 168
3.56597 22.40286 0.53637 175 175 175
3.53496 22.39801 0.65849 173 173 173
3.51517 22.40453 0.78278 168 168 168
3.47919 22.40213 0.90329 178 178 178
3.44237 22.39815 1.02338 176 176 176
3.40773 22.39929 1.14444 179 179 179
3.35609 22.40257 1.25927 184 184 184
3.30392 22.40434 1.37352 179 179 179
3.24743 22.40143 1.48561 184 184 184
3.19316 22.39934 1.59899 181 181 181
3.13415 22.40105 1.71021 183 183 183
3.06212 22.39895 1.81347 193 193 193
2.99259 22.39920 1.91830 185 185 185
2.91105 22.40116 2.01419 190 190 190
2.83439 22.39890 2.11378 180 180 180
2.75300 22.40285 2.20967 196 196 196
2.66773 22.40243 2.30228 191 191 191
2.57109 22.39666 2.38319 183 183 183
2.47938 22.39894 2.46912 189 189 189
2.38267 22.39974 2.54943 193 193 193
2.27891 22.40534 2.62047 186 186 186
2.17845 22.39659 2.69597 192 192 192
2.07007 22.39772 2.75957 195 195 195
1.96459 22.40041 2.82798 193 193 193
1.85317 22.39970 2.88613 189 189 189
1.74445 22.39831 2.95036 196 196 196
1.62570 22.39893 2.99301 190 190 190
1.50737 22.40382 3.03545 194 194 194
1.38933 22.40198 3.07845 195 195 195
1.26851 22.39952 3.11290 193 193 193
1.14735 22.39910 3.14605 191 191 191
1.02535 22.40041 3.17659 191 191 191
0.90081 22.39690 3.19417 203 203 203
0.77667 22.39955 3.21365 199 199 199
0.65130 22.39316 3.22240 196 196 196
0.52587 22.40128 3.22725 193 193 193
0.40045 22.39926 3.23402 194 194 194
0.27465 22.39959 3.23681 203 203 203
0.14920 22.39785 3.22751 194 194 194
0.02500 22.39744 3.20715 193 193 193
-0.10050 22.40076 3.19791 202 202 202
-0.22265 22.40160 3.16755 192 192 192
-0.34637 22.40054 3.14572 200 200 200
-0.46975 22.40204 3.12049 195 195 195
-0.58814 22.39976 3.07758 192 192 192
-0.70790 22.40051 3.03933 196 196 196
-0.82193 22.40544 2.98609 199 199 199
-0.93927 22.39946 2.94107 197 197 197
-1.05369 22.39771 2.88892 198 198 198
-1.16407 22.39980 2.82864 190 190 190
-1.26875 22.39884 2.75889 187 187 187
-1.37644 22.40311 2.69431 191 191 191
-1.48459 22.39922 2.62953 190 190 190
-1.58115 22.39933 2.54865 195 195 195
-1.67462 22.40134 2.46459 182 182 182
-1.76823 22.40056 2.38107 197 197 197
-1.86122 22.39396 2.29667 188 188 188
-1.95017 22.40218 2.20789 184 184 184
-2.03235 22.40067 2.11280 180 180 180
-2.11027 22.40133 2.01429 187 187 187
-2.18609 22.39589 1.91424 177 177 177
-2.26195 22.40078 1.81396 177 177 177
-2.32850 22.39998 1.70730 180 180 180
-2.39108 22.40039 1.59833 182 182 182
-2.45234 22.39789 1.48857 183 183 183
-2.50578 22.39937 1.37479 178 178 178
-2.55327 22.39629 1.25847 174 174 174
-2.60335 22.39527 1.14316 174 174 174
-2.64248 22.40132 1.02371 176 176 176
-2.68690 22.39944 0.90572 178 178 178
-2.70519 22.39997 0.78060 178 178 178
-2.73806 22.39712 0.65929 170 170 170
-2.75795 22.39852 0.53524 173 173 173
-2.77745 22.40294 0.41113 180 180 180
-2.78745 22.40280 0.28589 164 164 164
-2.80001 22.39530 0.16075 174 174 174
-2.79953 22.40374 0.03500 165 165 165
-2.79683 22.40272 -0.09062 164 164 164
-2.79215 22.39979 -0.21626 169 169 169
-2.78135 22.40151 -0.34159 160 160 160
-2.76154 22.39834 -0.46581 164 164 164
-2.73229 22.40119 -0.58814 159 159 159
-2.71274 22.39948 -0.71241 157 157 157
-2.68713 22.39421 -0.83579 160 160 160
-2.64122 22.39923 -0.95330 163 163 163
-2.60073 22.40352 -1.07219 161 161 161
-2.54895 22.39793 -1.18668 159 159 159
-2.50626 22.40127 -1.30501 156 156 156
-2.44765 22.39814 -1.41618 153 153 153
-2.39236 22.40279 -1.52905 154 154 154
-2.33229 22.40313 -1.63962 158 158 158
-2.26075 22.39580 -1.74316 147 147 147
-2.18448 22.40445 -1.84306 151 151 151
-2.10843 22.39964 -1.94284 153 153 153
-2.02690 22.39936 -2.03815 149 149 149
-1.94955 22.39952 -2.13732 151 151 151
-1.86352 22.40332 -2.22897 147 147 147
-1.76818 22.39827 -2.31101 151 151 151
-1.67943 22.40164 -2.40023 152 152 152
-1.57701 22.40044 -2.47339 146 146 146
-1.48152 22.40629 -2.55531 143 143 143
-1.37761 22.39948 -2.62605 139 139 139
-1.26851 22.40008 -2.68850 149 149 149
-1.16415 22.39949 -2.75880 143 143 143
-1.05050 22.40324 -2.81266 142 142 142
-0.93724 22.39998 -2.86668 141 141 141
-0.82497 22.39999 -2.92343 141 141 141
-0.70615 22.40073 -2.96457 139 139 139
-0.58929 22.40106 -3.01110 133 133 133
-0.47060 22.40002 -3.05350 131 131 131
-0.34732 22.40132 -3.07970 135 135 135
-0.22491 22.40352 -3.10891 142 142 142
-0.10065 22.39896 -3.12884 138 138 138
0.02441 22.40124 -3.14214 135 135 135
0.14962 22.40214 -3.15216 143 143 143
0.27475 22.39933 -3.16433 134 134 134
0.40045 22.40130 -3.16898 136 136 136
0.52627 22.40005 -3.16719 142 142 142
0.65109 22.39841 -3.14961 137 137 137
0.77667 22.39778 -3.14369 137 137 137
0.90092 22.39933 -3.12485 141 141 141
1.02466 22.39865 -3.10314 140 140 140
1.14707 22.39953 -3.07487 142 142 142
1.26961 22.39910 -3.04682 133 133 133
1.38861 22.40152 -3.00625 142 142 142
1.50864 22.40040 -2.96888 137 137 137
1.62534 22.40184 -2.92215 139 139 139
1.74161 22.40078 -2.87420 141 141 141
1.85486 22.39753 -2.81945 139 139 139
1.96010 22.39818 -2.74996 137 137 137
2.07562 22.39831 -2.69863 146 146 146
2.18056 22.39525 -2.62912 143 143 143
2.27805 22.39964 -2.54929 148 148 148
2.38048 22.40182 -2.47665 144 144 144
2.48029 22.40066 -2.40018 149 149 149
2.57018 22.40132 -2.31220 143 143 143
2.66064 22.39923 -2.22519 152 152 152
2.74811 22.40145 -2.13515 149 149 149
2.83058 22.40632 -2.04053 146 146 146
2.91307 22.39696 -1.94579 149 149 149
2.99165 22.39610 -1.84762 151 151 151
3.06075 22.39613 -1.74255 157 157 157
3.13177 22.40320 -1.63876 150 150 150
3.19388 22.39925 -1.52939 157 157 157
3.25154 22.39965 -1.41770 150 150 150
3.30452 22.39612 -1.30379 156 156 156
3.35971 22.39674 -1.19077 153 153 153
3.40281 22.39841 -1.07263 155 155 155
3.44808 22.40252 -0.95523 152 152 152
3.48582 22.39663 -0.83517 163 163 163
3.51312 22.39940 -0.71229 158 158 158
3.53632 22.39992 -0.58876 156 156 156
3.56380 22.39782 -0.46603 171 171 171
3.58146 22.40475 -0.34150 165 165 165
3.58748 22.40029 -0.21582 167 167 167
3.60134 22.40013 -0.09076 162 162 162
3.59875 22.80205 0.03563 169 169 169
3.60601 22.79839 0.16146 174 174 174
3.59526 22.79875 0.28685 174 174 174
3.58035 22.79803 0.41166 178 178 178
3.55662 22.80065 0.53508 175 175 175
3.54230 22.79669 0.66003 176 176 176
3.51850 22.79816 0.78354 177 177 177
3.48292 22.79993 0.90419 176 176 176
3.44888 22.80045 1.02522 180 180 180
3.40109 22.79815 1.14160 178 178 178
3.36057 22.79662 1.26060 176 176 176
3.30725 22.80374 1.37441 177 177 177
3.25625 22.79767 1.48932 179 179 179
3.19248 22.80159 1.59769 181 181 181
3.13600 22.80151 1.71028 181 181 181
3.06573 22.79997 1.81466 186 186 186
2.98733 22.80262 1.91310 176 176 176
2.91440 22.79738 2.01529 186 186 186
2.83788 22.79580 2.11503 191 191 191
2.75128 22.79863 2.20616 185 185 185
2.66562 22.79853 2.29803 190 190 190
2.57769 22.80312 2.38797 190 190 190
2.48346 22.79965 2.47129 182 182 182
2.38549 22.80136 2.55014 197 197 197
2.28448 22.79969 2.62497 187 187 187
2.18345 22.80436 2.69995 199 199 199
2.07769 22.80227 2.76813 190 190 190
1.97120 22.80209 2.83548 193 193 193
1.85411 22.80125 2.88317 194 194 194
1.74168 22.80035 2.93899 194 194 194
1.62626 22.79793 2.98833 190 190 190
1.50823 22.79869 3.03093 194 194 194
1.39188 22.79969 3.07845 196 196 196
1.27061 22.79490 3.11121 200 200 200
1.15070 22.80230 3.14914 199 199 199
1.02805 22.80221 3.17693 196 196 196
0.90347 22.80327 3.19413 195 195 195
0.78010 22.79826 3.21997 189 189 189
0.65388 22.80125 3.22068 195 195 195
0.52898 22.80112 3.23678 200 200 200
0.40321 22.79907 3.23735 191 191 191
0.27769 22.80293 3.23033 197 197 197
0.15197 22.80040 3.22796 195 195 195
0.02717 22.80029 3.21273 192 192 192
-0.09754 22.79980 3.19724 200 200 200
-0.22099 22.80287 3.17369 192 192 192
-0.34301 22.80590 3.14384 191 191 191
-0.46438 22.79761 3.11187 192 192 192
-0.58402 22.80246 3.07401 195 195 195
-0.70398 22.79886 3.03680 193 193 193
-0.82217 22.80519 2.99395 189 189 189
-0.93564 22.80441 2.93980 191 191 191
-1.05037 22.79620 2.88842 187 187 187
-1.15836 22.79872 2.82400 193 193 193
-1.26828 22.79919 2.76324 197 197 197
-1.37651 22.80271 2.69916 193 193 193
-1.47441 22.80089 2.61995 191 191 191
-1.57936 22.79966 2.55050 187 187 187
-1.67416 22.79986 2.46791 186 186 186
-1.76775 22.79800 2.38415 190 190 190
-1.85736 22.80154 2.29619 179 179 179
-1.94450 22.80000 2.20582 187 187 187
-2.02860 22.80322 2.11258 188 188 188
-2.10838 22.79817 2.01560 185 185 185
-2.19073 22.79973 1.92023 187 187 187
-2.25917 22.80232 1.81457 184 184 184
-2.32166 22.80129 1.70543 185 185 185
-2.38927 22.80257 1.59949 184 184 184
-2.44823 22.79912 1.48851 178 178 178
-2.49961 22.80172 1.37384 179 179 179
-2.54449 22.80122 1.25660 179 179 179
-2.60109 22.79918 1.14397 179 179 179
-2.63914 22.79554 1.02414 175 175 175
-2.67167 22.80191 0.90283 179 179 179
-2.70281 22.79859 0.78132 168 168 168
-2.73295 22.79566 0.65945 169 169 169
-2.75519 22.80238 0.53587 173 173 173
-2.77412 22.80287 0.41169 175 175 175
-2.78432 22.79917 0.28649 174 174 174
-2.79436 22.79736 0.16126 167 167 167
-2.79577 22.80308 0.03563 161 161 161
-2.79253 22.80373 -0.08994 166 166 166
-2.79523 22.79783 -0.21610 170 170 170
-2.77280 22.80183 -0.34028 166 166 166
-2.75520 22.80226 -0.46462 161 161 161
-2.73605 22.80436 -0.58881 167 167 167
-2.70555 22.80026 -0.71072 165 165 165
-2.67615 22.79810 -0.83284 155 155 155
-2.63770 22.80377 -0.95243 159 159 159
-2.60335 22.80150 -1.07355 154 154 154
-2.54931 22.80274 -1.18735 155 155 155
-2.50041 22.80024 -1.30296 145 145 145
-2.45263 22.79699 -1.41950 155 155 155
-2.39492 22.80014 -1.53140 150 150 150
-2.32122 22.79625 -1.63391 166 166 166
-2.25665 22.79837 -1.74164 157 157 157
-2.18498 22.80055 -1.84481 148 148 148
-2.10552 22.79959 -1.94210 156 156 156
-2.03161 22.79764 -2.04390 147 147 147
-1.95091 22.80183 -2.14050 149 149 149
-1.85733 22.79961 -2.22492 148 148 148
-1.76874 22.80039 -2.31397 151 151 151
-1.67444 22.80363 -2.39699 147 147 147
-1.57756 22.79777 -2.47696 144 144 144
-1.47736 22.80271 -2.55276 150 150 150
-1.37363 22.80008 -2.62361 140 140 140
-1.27055 22.79614 -2.69570 141 141 141
-1.16245 22.79543 -2.76007 139 139 139
-1.05100 22.79890 -2.81843 147 147 147
-0.93664 22.80126 -2.87073 145 145 145
-0.82169 22.79615 -2.92153 146 146 146
-0.70494 22.80150 -2.96814 138 138 138
-0.58579 22.79764 -3.00819 138 138 138
-0.46736 22.79871 -3.05116 136 136 136
-0.34407 22.80019 -3.07701 133 133 133
-0.22202 22.79807 -3.10761 142 142 142
-0.09838 22.79680 -3.13130 137 137 137
0.02746 22.80263 -3.13903 144 144 144
0.15197 22.79764 -3.15668 132 132 132
0.27743 22.79906 -3.16556 136 136 136
0.40321 22.80049 -3.16475 138 138 138
0.52917 22.80076 -3.17019 143 143 143
0.65378 22.79708 -3.14819 125 125 125
0.77982 22.80081 -3.14634 142 142 142
0.90342 22.79761 -3.12256 137 137 137
1.02813 22.80158 -3.10609 138 138 138
1.15071 22.79747 -3.07794 143 143 143
1.27158 22.80383 -3.04338 143 143 143
1.39105 22.79980 -3.00465 137 137 137
1.51087 22.80015 -2.96682 149 149 149
1.62862 22.80225 -2.92279 144 144 144
1.74192 22.79760 -2.86828 139 139 139
1.85666 22.80381 -2.81693 144 144 144
1.96534 22.79565 -2.75376 143 143 143
2.07458 22.79775 -2.69181 144 144 144
2.18035 22.80757 -2.62406 149 149 149
2.28266 22.80196 -2.55122 139 139 139
2.38624 22.79880 -2.47984 149 149 149
2.48217 22.80010 -2.39853 146 146 146
2.57382 22.80043 -2.31253 148 148 148
2.66677 22.79790 -2.22794 143 143 143
2.75334 22.80196 -2.13682 155 155 155
2.84057 22.79990 -2.04608 145 145 145
2.91009 22.79970 -1.94064 146 146 146
2.99301 22.79647 -1.84597 147 147 147
3.06332 22.79795 -1.74180 145 145 145
3.13533 22.80268 -1.63862 153 153 153
3.19242 22.79702 -1.52641 152 152 152
3.25198 22.79845 -1.41590 156 156 156
3.31073 22.79935 -1.30476 157 157 157
3.36488 22.79617 -1.19114 152 152 152
3.40000 22.79910 -1.06995 158 158 158
3.44781 22.80124 -0.95363 155 155 155
3.48102 22.79929 -0.83241 160 160 160
3.51238 22.79713 -0.71082 163 163 163
3.54040 22.79752 -0.58840 162 162 162
3.56445 22.80216 -0.46507 159 159 159
3.58829 22.79771 -0.34135 163 163 163
3.60026 22.79709 -0.21599 169 169 169
3.60228 22.79816 -0.09007 160 160 160
3.60858 23.20273 0.03625 169 169 169
3.60440 23.20083 0.16192 171 171 171
3.59780 23.20265 0.28747 163 163 163
3.58911 23.19642 0.41302 168 168 168
3.56679 23.19701 0.53691 171 171 171
3.54248 23.20802 0.66018 175 175 175
3.52001 23.19647 0.78391 173 173 173
3.48394 23.20127 0.90439 173 173 173
3.45503 23.20087 1.02702 169 169 169
3.40527 23.19848 1.14283 179 179 179
3.36057 23.20118 1.26017 179 179 179
3.31315 23.19994 1.37658 182 182 182
3.25111 23.20066 1.48603 184 184 184
3.19918 23.19841 1.60064 181 181 181
3.13268 23.19778 1.70731 189 189 189
3.06768 23.20168 1.81489 176 176 176
2.99514 23.19424 1.91754 183 183 183
2.92024 23.20178 2.01850 188 188 188
2.84004 23.20135 2.11532 186 186 186
2.75511 23.20122 2.20797 185 185 185
2.66761 23.20235 2.29810 184 184 184
2.57932 23.20205 2.38759 188 188 188
2.48690 23.20070 2.47295 187 187 187
2.39138 23.20103 2.55499 187 187 187
2.28734 23.20105 2.62602 185 185 185
2.18516 23.20500 2.69931 189 189 189
2.07494 23.19995 2.76011 187 187 187
1.96927 23.19940 2.82810 195 195 195
1.85823 23.20138 2.88688 188 188 188
1.74447 23.19697 2.94013 193 193 193
1.63045 23.19905 2.99291 192 192 192
1.51365 23.20175 3.03931 196 196 196
1.39403 23.19717 3.07782 189 189 189
1.27319 23.20154 3.11194 202 202 202
1.15296 23.19793 3.14855 197 197 197
1.02902 23.20075 3.16958 198 198 198
0.90607 23.20145 3.19511 196 196 196
0.78258 23.19924 3.21995 194 194 194
0.65667 23.19732 3.22431 189 189 189
0.53139 23.19932 3.23368 195 195 195
0.40576 23.19589 3.23382 192 192 192
0.28002 23.20158 3.23649 196 196 196
0.15479 23.20048 3.22515 194 194 194
0.02933 23.19883 3.21666 202 202 202
-0.09520 23.20047 3.19919 192 192 192
-0.21907 23.20042 3.17746 192 192 192
-0.34073 23.20091 3.14561 183 183 183
-0.46237 23.19850 3.11440 201 201 201
-0.58246 23.19931 3.07769 195 195 195
-0.70242 23.19827 3.04010 194 194 194
-0.82079 23.20073 2.99741 193 193 193
-0.93327 23.20457 2.94083 199 199 199
-1.04769 23.19972 2.88882 189 189 189
-1.15764 23.19608 2.82789 184 184 184
-1.27022 23.19974 2.77120 196 196 196
-1.37359 23.19331 2.69923 201 201 201
-1.47590 23.19743 2.62614 188 188 188
-1.57879 23.20329 2.55364 194 194 194
-1.67328 23.19908 2.47049 195 195 195
-1.76603 23.19930 2.38568 184 184 184
-1.85765 23.19829 2.29966 192 192 192
-1.94404 23.19543 2.20839 185 185 185
-2.03144 23.20709 2.11782 177 177 177
-2.10748 23.20181 2.01753 182 182 182
-2.18373 23.20043 1.91763 188 188 188
-2.25640 23.20020 1.81505 181 181 181
-2.32711 23.20247 1.71095 184 184 184
-2.38794 23.19933 1.60080 180 180 180
-2.44841 23.19907 1.49052 175 175 175
-2.50053 23.20147 1.37607 180 180 180
-2.54904 23.20263 1.26017 184 184 184
-2.59740 23.19640 1.14417 167 167 167
-2.63775 23.19853 1.02515 178 178 178
-2.67152 23.19985 0.90413 180 180 180
-2.70442 23.19854 0.78294 170 170 170
-2.73358 23.20239 0.66070 170 170 170
-2.75598 23.20097 0.53702 179 179 179
-2.76987 23.20297 0.41211 162 162 162
-2.78759 23.19785 0.28757 175 175 175
-2.79317 23.20242 0.16194 169 169 169
-2.79732 23.19632 0.03625 163 163 163
-2.79001 23.19849 -0.08931 165 165 165
-2.78416 23.20353 -0.21480 156 156 156
-2.77280 23.19871 -0.33996 168 168 168
-2.75732 23.19801 -0.46473 169 169 169
-2.73508 23.19883 -0.58850 165 165 165
-2.70578 23.20114 -0.71076 159 159 159
-2.66824 23.20082 -0.83071 158 158 158
-2.63967 23.20010 -0.95327 156 156 156
-2.59370 23.19881 -1.07031 155 155 155
-2.55401 23.19867 -1.18973 154 154 154
-2.50208 23.20028 -1.30428 157 157 157
-2.43966 23.19945 -1.41356 151 151 151
-2.38562 23.19672 -1.52700 153 153 153
-2.32257 23.19971 -1.63567 149 149 149
-2.25678 23.19519 -1.74280 149 149 149
-2.19015 23.20134 -1.84979 155 155 155
-2.10778 23.20157 -1.94526 156 156 156
-2.02972 23.19951 -2.04385 143 143 143
-1.94288 23.20330 -2.13481 151 151 151
-1.85698 23.20553 -2.22649 144 144 144
-1.76804 23.20009 -2.31536 145 145 145
-1.67245 23.20299 -2.39702 141 141 141
-1.57381 23.19772 -2.47482 147 147 147
-1.47452 23.20692 -2.55173 147 147 147
-1.37487 23.20382 -2.62866 145 145 145
-1.26856 23.19956 -2.69599 144 144 144
-1.15564 23.19876 -2.75184 145 145 145
-1.04713 23.19881 -2.81521 144 144 144
-0.93383 23.20453 -2.86955 144 144 144
-0.81930 23.19856 -2.92131 142 142 142
-0.70309 23.19708 -2.96942 138 138 138
-0.58350 23.20454 -3.00839 142 142 142
-0.46196 23.19984 -3.04044 150 150 150
-0.34101 23.19528 -3.07427 139 139 139
-0.21784 23.19658 -3.09881 139 139 139
-0.09416 23.19878 -3.12011 138 138 138
0.03011 23.20482 -3.13759 142 142 142
0.15505 23.20524 -3.14936 139 139 139
0.28003 23.20207 -3.16369 140 140 140
0.40576 23.19929 -3.16335 143 143 143
0.53123 23.19722 -3.15716 138 138 138
0.65662 23.19923 -3.15117 142 142 142
0.78205 23.19920 -3.14304 137 137 137
0.90602 23.19904 -3.12230 141 141 141
1.03046 23.20005 -3.10433 142 142 142
1.15142 23.19927 -3.06966 142 142 142
1.27459 23.20222 -3.04438 143 143 143
1.39356 23.19991 -3.00388 149 149 149
1.51115 23.20092 -2.96005 141 141 141
1.63153 23.20216 -2.92302 141 141 141
1.74467 23.20094 -2.86808 142 142 142
1.85653 23.20164 -2.81105 145 145 145
1.97095 23.20252 -2.75860 139 139 139
2.07836 23.20334 -2.69318 146 146 146
2.18476 23.20015 -2.62621 143 143 143
2.28715 23.20128 -2.55327 137 137 137
2.38705 23.19680 -2.47700 148 148 148
2.48260 23.19650 -2.39542 143 143 143
2.58097 23.19658 -2.31688 146 146 146
2.67068 23.20306 -2.22867 149 149 149
2.75449 23.19998 -2.13489 151 151 151
2.84258 23.19993 -2.04499 153 153 153
2.92204 23.20151 -1.94742 146 146 146
2.98951 23.19724 -1.84095 154 154 154
3.06917 23.19981 -1.74338 150 150 150
3.13621 23.20297 -1.63697 152 152 152
3.20074 23.19744 -1.52902 154 154 154
3.25736 23.19994 -1.41671 151 151 151
3.31525 23.20200 -1.30504 154 154 154
3.36432 23.19525 -1.18923 152 152 152
3.41212 23.19785 -1.07286 160 160 160
3.45028 23.19514 -0.95297 161 161 161
3.48100 23.20016 -0.83106 160 160 160
3.51364 23.19806 -0.70989 164 164 164
3.54911 23.19646 -0.58900 167 167 167
3.56975 23.19690 -0.46488 157 157 157
3.58358 23.20017 -0.33987 164 164 164
3.59414 23.20116 -0.21468 162 162 162
3.60885 23.20200 -0.08960 162 162 162
3.60482 23.60118 0.03688 166 166 166
3.60735 23.60045 0.16257 164 164 164
3.59770 23.59725 0.28790 171 171 171
3.59080 23.60498 0.41357 167 167 167
3.57103 23.60559 0.53783 168 168 168
3.54861 23.59752 0.66156 165 165 165
3.51056 23.60273 0.78171 174 174 174
3.48915 23.59861 0.90582 177 177 177
3.45026 23.59765 1.02533 178 178 178
3.41258 23.59963 1.14528 182 182 182
3.36754 23.60013 1.26271 180 180 180
3.30928 23.60213 1.37433 183 183 183
3.25438 23.60203 1.48712 184 184 184
3.19867 23.59845 1.59967 179 179 179
3.13719 23.59756 1.70926 185 185 185
3.06928 23.60069 1.81501 182 182 182
2.99847 23.60089 1.91889 189 189 189
2.92432 23.60231 2.02050 182 182 182
2.83902 23.60109 2.11307 183 183 183
2.75810 23.59909 2.20919 194 194 194
2.66659 23.60232 2.29536 188 188 188
2.58260 23.60413 2.38923 190 190 190
2.48798 23.60213 2.47210 188 188 188
2.38738 23.60173 2.54758 187 187 187
2.29003 23.60561 2.62713 192 192 192
2.18540 23.60444 2.69678 184 184 184
2.07893 23.60346 2.76341 188 188 188
1.96982 23.60036 2.82551 189 189 189
1.86072 23.60317 2.88779 191 191 191
1.74779 23.60393 2.94288 194 194 194
1.63300 23.59853 2.99403 193 193 193
1.51628 23.60290 3.04071 197 197 197
1.39524 23.60660 3.07496 195 195 195
1.27640 23.60271 3.11563 188 188 188
1.15514 23.60134 3.14849 204 204 204
1.03224 23.60087 3.17462 193 193 193
0.90921 23.60122 3.20071 191 191 191
0.78390 23.59410 3.21198 190 190 190
0.65973 23.59957 3.23412 199 199 199
0.53375 23.59788 3.23483 198 198 198
0.40810 23.59610 3.23434 202 202 202
0.28247 23.59792 3.23437 194 194 194
0.15705 23.60299 3.22679 195 195 195
0.03213 23.60252 3.21347 194 194 194
-0.09306 23.59767 3.20108 199 199 199
-0.21662 23.59888 3.17757 189 189 189
-0.33996 23.59955 3.15280 193 193 193
-0.46002 23.60090 3.11503 197 197 197
-0.58119 23.59666 3.08161 201 201 201
-0.69958 23.59598 3.03940 196 196 196
-0.81685 23.60316 2.99417 203 203 203
-0.93185 23.60342 2.94347 196 196 196
-1.04633 23.59776 2.89136 190 190 190
-1.15685 23.59752 2.83130 196 196 196
-1.26321 23.60260 2.76422 193 193 193
-1.37234 23.60282 2.70150 198 198 198
-1.47558 23.60380 2.62955 190 190 190
-1.57202 23.60109 2.54865 194 194 194
-1.66701 23.60350 2.46652 180 180 180
-1.76360 23.60520 2.38621 188 188 188
-1.85400 23.59894 2.29898 185 185 185
-1.94263 23.59531 2.20988 187 187 187
-2.02850 23.60302 2.11794 181 181 181
-2.10454 23.60184 2.01768 187 187 187
-2.18039 23.60184 1.91752 175 175 175
-2.25527 23.59917 1.81649 182 182 182
-2.31555 23.60146 1.70593 187 187 187
-2.38187 23.59818 1.59934 177 177 177
-2.44414 23.59686 1.49017 179 179 179
-2.49674 23.60195 1.37603 179 179 179
-2.54633 23.60412 1.26064 175 175 175
-2.58899 23.59659 1.14256 169 169 169
-2.63430 23.60190 1.02541 177 177 177
-2.66984 23.60167 0.90494 180 180 180
-2.70400 23.60147 0.78402 172 172 172
-2.72369 23.59938 0.65983 172 172 172
-2.75389 23.60585 0.53769 177 177 177
-2.76509 23.60178 0.41245 176 176 176
-2.78121 23.60198 0.28788 178 178 178
-2.79033 23.60341 0.16254 162 162 162
-2.79022 23.59959 0.03688 162 162 162
-2.79264 23.59520 -0.08888 169 169 169
-2.77655 23.60451 -0.21376 167 167 167
-2.76637 23.59653 -0.33885 166 166 166
-2.75218 23.60296 -0.46367 164 164 164
-2.73283 23.59938 -0.58790 165 165 165
-2.70316 23.59932 -0.71007 164 164 164
-2.67302 23.60000 -0.83209 164 164 164
-2.64163 23.59813 -0.95404 164 164 164
-2.59238 23.60013 -1.07006 155 155 155
-2.54393 23.60018 -1.18590 167 167 167
-2.49634 23.60169 -1.30209 156 156 156
-2.43930 23.59884 -1.41395 159 159 159
-2.38140 23.59576 -1.52532 153 153 153
-2.31794 23.59891 -1.63365 152 152 152
-2.25327 23.60069 -1.74140 153 153 153
-2.18354 23.59904 -1.84607 157 157 157
-2.10537 23.59846 -1.94459 153 153 153
-2.02789 23.60212 -2.04366 152 152 152
-1.93888 23.60567 -2.13265 149 149 149
-1.85862 23.60225 -2.22985 140 140 140
-1.76201 23.60201 -2.31074 144 144 144
-1.66875 23.59837 -2.39481 148 148 148
-1.57165 23.59844 -2.47443 147 147 147
-1.47137 23.59528 -2.55000 143 143 143
-1.37237 23.60063 -2.62780 145 145 145
-1.26326 23.60351 -2.69054 142 142 142
-1.15328 23.60029 -2.75118 139 139 139
-1.04526 23.60303 -2.81552 140 140 140
-0.92998 23.59992 -2.86566 148 148 148
-0.81428 23.59992 -2.91423 142 142 142
-0.70220 23.59762 -2.97273 140 140 140
-0.58215 23.60116 -3.01082 145 145 145
-0.46022 23.59990 -3.04196 144 144 144
-0.33908 23.59995 -3.07536 141 141 141
-0.21789 23.60079 -3.11019 141 141 141
-0.09253 23.59979 -3.12404 145 145 145
0.03195 23.60088 -3.14128 135 135 135
0.15704 23.59909 -3.15317 133 133 133
0.28254 23.59810 -3.15902 137 137 137
0.40810 23.59329 -3.16176 143 143 143
0.53381 23.60101 -3.16256 140 140 140
0.65973 23.59392 -3.16029 137 137 137
0.78380 23.60266 -3.13737 135 135 135
0.90842 23.60263 -3.12202 142 142 142
1.03261 23.60376 -3.10272 143 143 143
1.15593 23.59955 -3.07803 144 144 144
1.27625 23.60264 -3.04135 142 142 142
1.39894 23.60297 -3.01261 143 143 143
1.51651 23.59808 -2.96759 142 142 142
1.63228 23.60021 -2.91854 140 140 140
1.74488 23.59737 -2.86282 143 143 143
1.85983 23.60143 -2.81230 139 139 139
1.97223 23.59969 -2.75607 147 147 147
2.07872 23.60482 -2.68933 144 144 144
2.18891 23.60162 -2.62829 143 143 143
2.28954 23.60322 -2.55270 144 144 144
2.39059 23.59871 -2.47789 144 144 144
2.48800 23.59488 -2.39837 144 144 144
2.58344 23.60130 -2.31639 140 140 140
2.67024 23.60157 -2.22526 150 150 150
2.75786 23.59879 -2.13522 151 151 151
2.84249 23.60278 -2.04229 149 149 149
2.91458 23.59900 -1.93907 148 148 148
2.99668 23.60351 -1.84384 157 157 157
3.06760 23.60033 -1.74014 152 152 152
3.14364 23.59770 -1.63946 158 158 158
3.20462 23.59621 -1.52925 149 149 149
3.25987 23.60311 -1.41617 162 162 162
3.31253 23.60095 -1.30208 159 159 159
3.36742 23.60370 -1.18891 154 154 154
3.40764 23.59735 -1.06971 155 155 155
3.45337 23.59910 -0.95259 155 155 155
3.49016 23.59948 -0.83235 162 162 162
3.52091 23.59959 -0.71044 155 155 155
3.54858 23.59658 -0.58780 156 156 156
3.56810 23.60472 -0.46362 163 163 163
3.58651 23.59999 -0.33931 165 165 165
3.59570 23.59722 -0.21399 162 162 162
3.60915 23.59897 -0.08889 156 156 156
3.61928 24.00143 0.03750 173 173 173
3.60724 23.99968 0.16311 176 176 176
3.60492 23.99833 0.28893 163 163 163
3.58515 24.00380 0.41328 167 167 167
3.57074 23.99820 0.53807 175 175 175
3.55004 23.99764 0.66204 171 171 171
3.51953 24.00045 0.78397 172 172 172
3.49237 23.99972 0.90675 177 177 177
3.45343 23.99975 1.02629 182 182 182
3.40954 24.00520 1.14400 170 170 170
3.36823 24.00502 1.26274 173 173 173
3.31656 23.99991 1.37733 177 177 177
3.26220 24.00479 1.49065 185 185 185
3.20473 24.00248 1.60249 182 182 182
3.14079 23.99846 1.71078 189 189 189
3.07324 23.99902 1.81686 184 184 184
3.00186 23.99361 1.92042 185 185 185
2.92351 24.00113 2.01880 184 184 184
2.84571 23.99806 2.11759 180 180 180
2.75843 23.99693 2.20814 177 177 177
2.67268 23.99729 2.29994 184 184 184
2.58415 23.99810 2.38922 175 175 175
2.49152 24.00224 2.47437 185 185 185
2.39050 23.99832 2.54945 183 183 183
2.29057 23.99708 2.62555 188 188 188
2.18562 23.99976 2.69453 196 196 196
2.08011 23.99747 2.76247 188 188 188
1.97476 23.99600 2.83114 192 192 192
1.86006 23.99872 2.88293 194 194 194
1.74877 23.99628 2.94100 188 188 188
1.63560 23.99707 2.99579 193 193 193
1.51826 23.99922 3.04091 196 196 196
1.40055 23.99671 3.08535 203 203 203
1.27840 24.00044 3.11577 183 183 183
1.15638 24.00072 3.14538 193 193 193
1.03525 24.00062 3.17965 195 195 195
0.91033 24.00155 3.19496 198 198 198
0.78657 23.99945 3.21711 198 198 198
0.66154 23.99870 3.23061 195 195 195
0.53580 23.99738 3.23327 195 195 195
0.41024 23.99889 3.23298 196 196 196
0.28490 23.99954 3.22760 199 199 199
0.15881 23.99772 3.23220 197 197 197
0.03347 23.99905 3.22082 200 200 200
-0.09094 24.00150 3.20187 196 196 196
-0.21458 24.00404 3.17870 196 196 196
-0.33730 23.99889 3.15122 203 203 203
-0.45810 24.00327 3.11642 196 196 196
-0.57900 23.99869 3.08207 190 190 190
-0.69586 23.99961 3.03571 198 198 198
-0.81486 23.99895 2.99516 195 195 195
-0.92993 24.00309 2.94456 190 190 190
-1.04477 24.00539 2.89311 194 194 194
-1.15575 24.00058 2.83378 191 191 191
-1.26232 23.99445 2.76687 189 189 189
-1.36739 24.00469 2.69791 188 188 188
-1.46837 23.99852 2.62319 188 188 188
-1.56981 24.00133 2.54919 191 191 191
-1.66855 24.00355 2.47145 183 183 183
-1.76215 23.99997 2.38758 189 189 189
-1.85319 23.99968 2.30093 183 183 183
-1.94022 24.00014 2.21025 191 191 191
-2.02209 24.00401 2.11491 181 181 181
-2.10222 23.99902 2.01817 185 185 185
-2.17583 24.00206 1.91639 176 176 176
-2.24759 24.00299 1.81340 187 187 187
-2.31893 24.00139 1.70994 180 180 180
-2.38289 24.00242 1.60173 189 189 189
-2.43885 24.00003 1.48919 181 181 181
-2.49181 24.00041 1.37537 177 177 177
-2.54179 24.00243 1.26027 179 179 179
-2.59626 23.99821 1.14666 175 175 175
-2.63490 23.99784 1.02693 181 181 181
-2.66638 24.00356 0.90520 175 175 175
-2.70152 24.00482 0.78457 177 177 177
-2.72821 24.00068 0.66178 172 172 172
-2.74772 24.00037 0.53767 174 174 174
-2.76845 23.99785 0.41372 175 175 175
-2.77693 23.99642 0.28834 173 173 173
-2.78974 23.99811 0.16323 166 166 166
-2.79006 24.00262 0.03750 162 162 162
-2.78457 23.99662 -0.08802 164 164 164
-2.78368 23.99772 -0.21387 162 162 162
-2.76032 23.99760 -0.33776 161 161 161
-2.74786 24.00108 -0.46269 169 169 169
-2.72894 23.99935 -0.58692 167 167 167
-2.70588 23.99920 -0.71061 163 163 163
-2.66591 23.99853 -0.83006 164 164 164
-2.63564 23.99882 -0.95217 162 162 162
-2.59213 23.99937 -1.07013 155 155 155
-2.54773 23.99616 -1.18773 149 149 149
-2.49208 24.00136 -1.30049 159 159 159
-2.44442 24.00162 -1.41702 148 148 148
-2.37893 24.00304 -1.52451 149 149 149
-2.31468 23.99997 -1.63233 164 164 164
-2.24811 24.00408 -1.73876 148 148 148
-2.18114 24.00459 -1.84525 149 149 149
-2.10677 24.00038 -1.94675 151 151 151
-2.02027 23.99847 -2.03835 155 155 155
-1.94163 23.99946 -2.13655 145 145 145
-1.85487 24.00426 -2.22761 146 146 146
-1.76286 24.00091 -2.31335 146 146 146
-1.67105 23.99981 -2.39938 150 150 150
-1.56763 24.00103 -2.47142 148 148 148
-1.47057 23.99920 -2.55122 154 154 154
-1.37054 24.00068 -2.62763 141 141 141
-1.26319 23.99467 -2.69329 148 148 148
-1.15392 23.99761 -2.75552 144 144 144
-1.04304 24.00236 -2.81472 143 143 143
-0.92945 23.99668 -2.86851 145 145 145
-0.81421 24.00192 -2.91859 137 137 137
-0.69662 23.99936 -2.96279 137 137 137
-0.58038 23.99919 -3.01132 139 139 139
-0.45946 23.99821 -3.04624 137 137 137
-0.33705 23.99942 -3.07521 139 139 139
-0.21441 24.00103 -3.10283 142 142 142
-0.09068 24.00338 -3.12521 139 139 139
0.03327 23.99851 -3.14756 137 137 137
0.15964 23.99927 -3.14671 134 134 134
0.28444 24.00310 -3.16441 143 143 143
0.41024 23.99687 -3.16329 141 141 141
0.53595 23.99748 -3.16196 144 144 144
0.66134 24.00252 -3.15306 137 137 137
0.78693 24.00021 -3.14514 131 131 131
0.91083 23.99949 -3.12311 131 131 131
1.03373 24.00321 -3.09701 144 144 144
1.15607 23.99787 -3.06911 135 135 135
1.27967 24.00005 -3.04525 135 135 135
1.39972 24.00166 -3.00780 143 143 143
1.51745 24.00088 -2.96371 138 138 138
1.63440 23.99863 -2.91787 137 137 137
1.74937 24.00078 -2.86730 137 137 137
1.86236 23.99974 -2.81243 142 142 142
1.97442 24.00175 -2.75553 140 140 140
2.08041 24.00090 -2.68796 148 148 148
2.19050 23.99659 -2.62684 141 141 141
2.28926 24.00570 -2.54875 144 144 144
2.38958 23.99915 -2.47328 138 138 138
2.48763 23.99803 -2.39480 141 141 141
2.58170 24.00145 -2.31158 142 142 142
2.66796 23.99489 -2.22021 151 151 151
2.75642 23.99748 -2.13129 150 150 150
2.84501 23.99796 -2.04199 152 152 152
2.92616 23.99927 -1.94589 152 152 152
2.99498 24.00247 -1.84042 141 141 141
3.06581 24.00461 -1.73689 147 147 147
3.13982 24.00440 -1.63519 151 151 151
3.19760 24.00039 -1.52349 151 151 151
3.26583 23.99927 -1.41749 147 147 147
3.31798 23.99703 -1.30298 156 156 156
3.36442 23.99905 -1.18616 154 154 154
3.41153 23.99624 -1.06973 152 152 152
3.45431 23.99804 -0.95158 157 157 157
3.48621 24.00133 -0.83001 162 162 162
3.52194 23.99677 -0.70955 159 159 159
3.55071 24.00053 -0.58718 166 166 166
3.57587 24.00177 -0.46389 168 168 168
3.58277 24.00403 -0.33799 166 166 166
3.59782 23.99985 -0.21337 169 169 169
3.60851 24.00037 -0.08816 163 163 163
3.61402 24.39621 0.03812 176 176 176
3.61007 24.40112 0.16377 167 167 167
3.60337 24.40162 0.28928 171 171 171
3.59404 24.40179 0.41472 176 176 176
3.56912 24.40236 0.53814 166 166 166
3.54597 24.39933 0.66148 173 173 173
3.53002 24.39917 0.78665 173 173 173
3.49101 24.39901 0.90645 170 170 170
3.45684 24.39971 1.02740 170 170 170
3.41349 24.39952 1.14537 173 173 173
3.36997 24.39986 1.26329 167 167 167
3.31503 24.39934 1.37636 184 184 184
3.25515 24.39495 1.48670 180 180 180
3.20080 24.40178 1.59983 178 178 178
3.14354 24.40282 1.71191 182 182 182
3.07553 24.40132 1.81773 187 187 187
3.00349 24.40241 1.92083 185 185 185
2.92642 24.40002 2.02020 195 195 195
2.83672 24.39996 2.10889 183 183 183
2.76332 24.40237 2.21150 190 190 190
2.67359 24.39460 2.29955 194 194 194
2.59007 24.39993 2.39416 186 186 186
2.49008 24.40501 2.47105 193 193 193
2.39564 24.39699 2.55414 189 189 189
2.29267 24.39354 2.62641 179 179 179
2.19171 24.40007 2.70139 189 189 189
2.08226 24.40183 2.76347 197 197 197
1.97557 24.40098 2.82977 195 195 195
1.86699 24.40474 2.89337 191 191 191
1.75283 24.40128 2.94625 189 189 189
1.63860 24.39625 2.99900 190 190 190
1.51964 24.40053 3.04006 197 197 197
1.40000 24.39905 3.07836 196 196 196
1.28125 24.39555 3.11964 199 199 199
1.16090 24.40246 3.15682 187 187 187
1.03711 24.39953 3.17989 190 190 190
0.91352 24.39902 3.20354 186 186 186
0.78864 24.39912 3.21889 195 195 195
0.66339 24.40267 3.23020 192 192 192
0.53792 24.40041 3.23874 192 192 192
0.41217 24.40334 3.23326 195 195 195
0.28652 24.39694 3.23619 199 199 199
0.16132 24.39856 3.22543 187 187 187
0.03604 24.40450 3.21600 200 200 200
-0.08787 24.40186 3.19522 193 193 193
-0.21202 24.39818 3.17612 195 195 195
-0.33435 24.40083 3.14760 199 199 199
-0.45671 24.39844 3.11893 190 190 190
-0.57893 24.40758 3.08842 189 189 189
-0.69606 24.40264 3.04210 198 198 198
-0.81472 24.39431 3.00009 191 191 191
-0.92750 24.40015 2.94409 192 192 192
-1.04165 24.40176 2.89141 196 196 196
-1.15045 24.40136 2.82839 186 186 186
-1.25899 24.39826 2.76520 193 193 193
-1.36740 24.40132 2.70144 191 191 191
-1.46604 24.40010 2.62326 191 191 191
-1.56732 24.40279 2.54909 189 189 189
-1.66478 24.39919 2.46991 188 188 188
-1.75844 24.40211 2.38627 197 197 197
-1.85130 24.40161 2.30160 187 187 187
-1.93810 24.40601 2.21069 188 188 188
-2.02016 24.40144 2.11553 188 188 188
-2.09933 24.40149 2.01803 182 182 182
-2.17376 24.40310 1.91691 191 191 191
-2.25039 24.40024 1.81719 180 180 180
-2.31489 24.40187 1.70927 181 181 181
-2.38188 24.39712 1.60287 181 181 181
-2.43558 24.40153 1.48913 179 179 179
-2.48934 24.39823 1.37574 182 182 182
-2.54524 24.39871 1.26312 183 183 183
-2.58912 24.40374 1.14536 179 179 179
-2.63294 24.40313 1.02754 176 176 176
-2.66487 24.40053 0.90594 176 176 176
-2.69864 24.40141 0.78496 173 173 173
-2.73290 24.40043 0.66372 175 175 175
-2.74258 24.40507 0.53779 174 174 174
-2.76895 24.39602 0.41464 168 168 168
-2.77381 24.40100 0.28887 167 167 167
-2.79016 24.39954 0.16394 175 175 175
-2.78835 24.39970 0.03813 169 169 169
-2.78434 24.39509 -0.08747 162 162 162
-2.77601 24.39887 -0.21279 168 168 168
-2.76872 24.40071 -0.33836 171 171 171
-2.75037 24.39702 -0.46277 166 166 166
-2.72736 24.40126 -0.58637 163 163 163
-2.70127 24.39692 -0.70935 163 163 163
-2.67575 24.39672 -0.83276 159 159 159
-2.63311 24.39792 -0.95134 152 152 152
-2.59125 24.39807 -1.06990 160 160 160
-2.54729 24.39900 -1.18773 155 155 155
-2.49295 24.40201 -1.30115 156 156 156
-2.43488 24.40330 -1.41252 155 155 155
-2.37753 24.40054 -1.52418 148 148 148
-2.31619 24.39709 -1.63382 150 150 150
-2.24949 24.39845 -1.74034 143 143 143
-2.17316 24.40291 -1.84022 150 150 150
-2.10518 24.39871 -1.94640 156 156 156
-2.02076 24.39906 -2.03979 153 153 153
-1.93583 24.40376 -2.13234 150 150 150
-1.85339 24.40417 -2.22743 141 141 141
-1.75944 24.40032 -2.31111 151 151 151
-1.66807 24.40267 -2.39752 147 147 147
-1.57133 24.40640 -2.47793 144 144 144
-1.47297 24.39962 -2.55655 140 140 140
-1.36514 24.40031 -2.62180 146 146 146
-1.25905 24.40150 -2.68905 144 144 144
-1.15222 24.40435 -2.75529 145 145 145
-1.04020 24.39847 -2.81232 139 139 139
-0.92691 24.40567 -2.86657 134 134 134
-0.81087 24.39557 -2.91455 143 143 143
-0.69594 24.39569 -2.96553 140 140 140
-0.57523 24.40238 -3.00078 137 137 137
-0.45481 24.40087 -3.03594 144 144 144
-0.33555 24.40517 -3.07636 144 144 144
-0.21245 24.40084 -3.10206 135 135 135
-0.08826 24.40004 -3.12145 141 141 141
0.03570 24.39708 -3.14261 145 145 145
0.16115 24.39736 -3.15143 143 143 143
0.28667 24.40197 -3.15608 143 143 143
0.41217 24.39942 -3.16051 145 145 145
0.53788 24.39835 -3.16142 138 138 138
0.66349 24.39742 -3.15526 140 140 140
0.78864 24.39978 -3.14263 143 143 143
0.91222 24.40020 -3.11908 133 133 133
1.03624 24.40439 -3.09927 141 141 141
1.16008 24.39927 -3.07717 137 137 137
1.27963 24.40135 -3.03767 141 141 141
1.40229 24.40450 -3.00916 142 142 142
1.52268 24.40193 -2.97204 141 141 141
1.63633 24.39757 -2.91727 137 137 137
1.75160 24.40086 -2.86732 136 136 136
1.86444 24.40284 -2.81213 142 142 142
1.97551 24.39740 -2.75342 146 146 146
2.08761 24.40247 -2.69595 138 138 138
2.19117 24.40217 -2.62434 142 142 142
2.29401 24.40288 -2.55200 146 146 146
2.39493 24.39780 -2.47700 148 148 148
2.49047 24.39899 -2.39526 143 143 143
2.58663 24.39977 -2.31419 140 140 140
2.67500 24.39738 -2.22470 146 146 146
2.76262 24.39922 -2.13461 152 152 152
2.84765 24.40181 -2.04198 145 145 145
2.92823 24.40222 -1.94538 157 157 157
2.99845 24.40224 -1.84092 150 150 150
3.07180 24.39958 -1.73898 145 145 145
3.13300 24.39991 -1.62920 157 157 157
3.20135 24.40249 -1.52389 155 155 155
3.26580 24.39810 -1.41587 159 159 159
3.31904 24.40631 -1.30196 149 149 149
3.36808 24.40205 -1.18625 157 157 157
3.41763 24.40359 -1.07065 149 149 149
3.45152 24.39912 -0.94942 161 161 161
3.49222 24.39916 -0.83054 159 159 159
3.52306 24.40442 -0.70873 166 166 166
3.55307 24.40383 -0.58664 164 164 164
3.57147 24.39876 -0.46226 171 171 171
3.58475 24.39941 -0.33737 165 165 165
3.60021 24.39749 -0.21278 166 166 166
3.60580 24.39708 -0.08735 169 169 169
3.61625 24.79643 0.03875 160 160 160
3.60718 24.79799 0.16421 174 174 174
3.60805 24.80558 0.29014 168 168 168
3.58976 24.80053 0.41464 164 164 164
3.57782 24.79688 0.53987 180 180 180
3.55535 24.79754 0.66363 179 179 179
3.53009 24.79977 0.78688 175 175 175
3.49647 24.80193 0.90813 180 180 180
3.45158 24.80115 1.02576 179 179 179
3.41970 24.80301 1.14765 184 184 184
3.37120 24.79473 1.26371 179 179 179
3.32274 24.79693 1.37975 185 185 185
3.27043 24.79685 1.49423 180 180 180
3.20901 24.80243 1.60409 180 180 180
3.14534 24.80207 1.71259 186 186 186
3.07369 24.80625 1.81597 179 179 179
3.00184 24.80141 1.91901 184 184 184
2.92523 24.80010 2.01853 183 183 183
2.85153 24.79889 2.12069 185 185 185
2.76297 24.79856 2.21022 189 189 189
2.67320 24.80166 2.29807 183 183 183
2.58277 24.79949 2.38503 196 196 196
2.49173 24.80241 2.47159 188 188 188
2.39685 24.79763 2.55413 190 190 190
2.29839 24.80102 2.63255 184 184 184
2.19235 24.79773 2.70040 191 191 191
2.08655 24.80248 2.76829 187 187 187
1.97842 24.80079 2.83242 192 192 192
1.86619 24.80035 2.88905 191 191 191
1.75405 24.79852 2.94580 197 197 197
1.64067 24.80074 3.00046 191 191 191
1.52165 24.80130 3.04149 189 189 189
1.40425 24.79981 3.08676 196 196 196
1.28211 24.79562 3.11724 186 186 186
1.16206 24.79754 3.15512 195 195 195
1.03838 24.80051 3.17831 205 205 205
0.91503 24.79898 3.20284 200 200 200
0.79008 24.80086 3.21718 196 196 196
0.66509 24.79886 3.23053 195 195 195
0.53928 24.79759 3.23011 195 195 195
0.41389 24.79950 3.24085 188 188 188
0.28811 24.79718 3.24000 192 192 192
0.16261 24.79745 3.23148 196 196 196
0.03771 24.79826 3.21707 194 194 194
-0.08745 24.79857 3.20408 189 189 189
-0.21054 24.79842 3.17796 202 202 202
-0.33327 24.79856 3.15090 193 193 193
-0.45623 24.79722 3.12396 198 198 198
-0.57487 24.79833 3.08182 191 191 191
-0.69338 24.80116 3.04014 191 191 191
-0.81046 24.80077 2.99459 194 194 194
-0.92558 24.79913 2.94427 196 196 196
-1.04123 24.80173 2.89458 196 196 196
-1.14941 24.80049 2.83022 196 196 196
-1.25893 24.79751 2.76853 191 191 191
-1.36238 24.79513 2.69712 196 196 196
-1.46711 24.79859 2.62773 193 193 193
-1.56642 24.79875 2.55076 189 189 189
-1.66126 24.79748 2.46844 191 191 191
-1.75515 24.80403 2.38520 187 187 187
-1.85136 24.80342 2.30400 184 184 184
-1.93811 24.79938 2.21291 186 186 186
-2.02153 24.80228 2.11879 188 188 188
-2.10319 24.80490 2.02305 179 179 179
-2.17824 24.79495 1.92204 187 187 187
-2.25103 24.79818 1.81939 181 181 181
-2.30918 24.79946 1.70745 183 183 183
-2.37628 24.80125 1.60132 184 184 184
-2.43759 24.79957 1.49165 174 174 174
-2.48432 24.80350 1.37484 176 176 176
-2.54704 24.79626 1.26521 185 185 185
-2.58951 24.79810 1.14676 181 181 181
-2.62968 24.79888 1.02767 176 176 176
-2.66555 24.79931 0.90724 176 176 176
-2.70001 24.79949 0.78633 171 171 171
-2.72503 24.80367 0.66312 174 174 174
-2.74580 24.80004 0.53920 180 180 180
-2.76680 24.80031 0.41521 170 170 170
-2.77381 24.79819 0.28963 169 169 169
-2.78245 24.79892 0.16433 171 171 171
-2.78747 24.79976 0.03875 164 164 164
-2.78937 24.80227 -0.08711 166 166 166
-2.77515 24.79931 -0.21223 168 168 168
-2.76166 24.79944 -0.33710 166 166 166
-2.74504 24.79965 -0.46157 167 167 167
-2.72174 24.80499 -0.58497 158 158 158
-2.69929 24.80216 -0.70866 171 171 171
-2.66222 24.80185 -0.82880 161 161 161
-2.62470 24.79753 -0.94855 163 163 163
-2.58952 24.79755 -1.06927 156 156 156
-2.54490 24.80066 -1.18682 147 147 147
-2.49485 24.79766 -1.30219 158 158 158
-2.44424 24.80130 -1.41754 157 157 157
-2.38322 24.79989 -1.52770 153 153 153
-2.31496 24.79616 -1.63349 157 157 157
-2.24723 24.80321 -1.73935 147 147 147
-2.17383 24.79735 -1.84134 148 148 148
-2.09489 24.80224 -1.93901 148 148 148
-2.01787 24.79982 -2.03816 148 148 148
-1.93505 24.80353 -2.13258 154 154 154
-1.85371 24.80253 -2.22885 152 152 152
-1.75420 24.79844 -2.30667 145 145 145
-1.66430 24.79673 -2.39449 146 146 146
-1.57159 24.80025 -2.47982 141 141 141
-1.46689 24.79822 -2.54992 147 147 147
-1.36285 24.79805 -2.62033 148 148 148
-1.25724 24.80199 -2.68828 151 151 151
-1.14966 24.79671 -2.75316 143 143 143
-1.03800 24.79841 -2.81075 137 137 137
-0.92773 24.79893 -2.87144 143 143 143
-0.81123 24.80087 -2.91894 139 139 139
-0.69458 24.80160 -2.96588 141 141 141
-0.57376 24.79872 -3.00092 141 141 141
-0.45629 24.79773 -3.04665 136 136 136
-0.33313 24.79684 -3.07280 142 142 142
-0.21023 24.79651 -3.09889 143 143 143
-0.08716 24.79818 -3.12474 137 137 137
0.03791 24.80009 -3.13785 143 143 143
0.16259 24.79940 -3.15429 132 132 132
0.28853 24.80385 -3.15175 140 140 140
0.41389 24.79939 -3.16402 135 135 135
0.53970 24.79960 -3.16353 135 135 135
0.66493 24.80226 -3.15105 136 136 136
0.79030 24.79706 -3.14157 141 141 141
0.91392 24.80131 -3.11830 143 143 143
1.03787 24.79927 -3.09823 134 134 134
1.16092 24.80182 -3.07288 135 135 135
1.28030 24.79916 -3.03334 140 140 140
1.40396 24.79822 -3.00838 144 144 144
1.52234 24.80414 -2.96585 136 136 136
1.63884 24.79885 -2.91856 142 142 142
1.75357 24.80482 -2.86724 146 146 146
1.86734 24.79644 -2.81381 147 147 147
1.97958 24.79381 -2.75700 140 140 140
2.08517 24.79740 -2.68854 144 144 144
2.19436 24.79908 -2.62592 142 142 142
2.29576 24.79719 -2.55143 145 145 145
2.39646 24.80230 -2.47613 146 146 146
2.49438 24.80007 -2.39719 141 141 141
2.58769 24.79983 -2.31286 145 145 145
2.67385 24.80114 -2.22122 149 149 149
2.76202 24.79573 -2.13184 145 145 145
2.84761 24.80432 -2.03984 147 147 147
2.92538 24.80253 -1.94115 142 142 142
3.00003 24.80390 -1.84019 153 153 153
3.07568 24.80149 -1.73980 149 149 149
3.14856 24.80056 -1.63706 152 152 152
3.20331 24.80334 -1.52340 153 153 153
3.26978 24.79770 -1.41640 157 157 157
3.31953 24.79782 -1.30077 151 151 151
3.37455 24.79893 -1.18760 155 155 155
3.41447 24.80087 -1.06822 153 153 153
3.45665 24.80266 -0.94990 167 167 167
3.49771 24.80189 -0.83098 160 160 160
3.52307 24.79711 -0.70770 168 168 168
3.55075 24.79937 -0.58521 156 156 156
3.57827 24.79712 -0.46244 160 160 160
3.58864 24.79930 -0.33701 165 165 165
3.60138 24.79991 -0.21211 157 157 157
3.61559 24.79884 -0.08705 165 165 165
3.61579 25.20133 0.03938 162 162 162
3.60500 25.19751 0.16470 170 170 170
3.60989 25.19975 0.29079 164 164 164
3.59654 25.19829 0.41589 166 166 166
3.57787 25.19727 0.54026 172 172 172
3.55645 25.20537 0.66417 177 177 177
3.52120 25.19866 0.78501 183 183 183
3.49769 25.19921 0.90867 176 176 176
3.46191 25.20050 1.02925 181 181 181
3.42132 25.19580 1.14832 177 177 177
3.37633 25.20129 1.26584 190 190 190
3.32959 25.19855 1.38284 173 173 173
3.26390 25.20036 1.49076 180 180 180
3.20517 25.20070 1.60172 188 188 188
3.14420 25.19695 1.71159 186 186 186
3.07795 25.20180 1.81844 182 182 182
3.00211 25.19722 1.91873 186 186 186
2.93068 25.19762 2.02226 178 178 178
2.84698 25.19981 2.11614 184 184 184
2.76687 25.20021 2.21306 185 185 185
2.67765 25.20436 2.30163 188 188 188
2.58345 25.20009 2.38477 187 187 187
2.49181 25.20256 2.47054 184 184 184
2.39372 25.20488 2.54887 190 190 190
2.29669 25.19732 2.62876 190 190 190
2.19186 25.19776 2.69805 199 199 199
2.08701 25.19821 2.76721 195 195 195
1.97864 25.19784 2.83075 194 194 194
1.86616 25.19949 2.88666 194 194 194
1.75760 25.19537 2.95085 193 193 193
1.63954 25.19885 2.99473 194 194 194
1.52237 25.20393 3.03997 194 194 194
1.40382 25.20025 3.08144 193 193 193
1.28453 25.19912 3.12109 192 192 192
1.16103 25.19748 3.14517 201 201 201
1.03999 25.19849 3.17942 193 193 193
0.91617 25.19907 3.20117 198 198 198
0.79146 25.20388 3.21675 204 204 204
0.66662 25.20076 3.23148 203 203 203
0.54106 25.19814 3.23792 193 193 193
0.41539 25.19723 3.24178 198 198 198
0.28965 25.20261 3.23967 194 194 194
0.16481 25.19736 3.22328 195 195 195
0.03913 25.20211 3.21839 194 194 194
-0.08584 25.20102 3.20406 201 201 201
-0.20801 25.19703 3.17343 201 201 201
-0.33357 25.20239 3.15903 191 191 191
-0.45359 25.19910 3.12057 198 198 198
-0.57487 25.19933 3.08710 193 193 193
-0.69231 25.19618 3.04193 194 194 194
-0.80749 25.19916 2.99169 189 189 189
-0.92438 25.19896 2.94556 192 192 192
-1.04071 25.19918 2.89714 196 196 196
-1.14774 25.20509 2.83055 194 194 194
-1.25799 25.19927 2.77008 194 194 194
-1.36276 25.20158 2.70056 187 187 187
-1.46459 25.20303 2.62695 184 184 184
-1.56463 25.19828 2.55103 190 190 190
-1.65893 25.19679 2.46809 189 189 189
-1.75756 25.20335 2.39007 190 190 190
-1.85041 25.19625 2.30518 186 186 186
-1.93630 25.20161 2.21326 186 186 186
-2.01888 25.19764 2.11844 180 180 180
-2.09500 25.19887 2.01841 184 184 184
-2.17710 25.20095 1.92293 183 183 183
-2.24217 25.19844 1.81510 181 181 181
-2.31319 25.20365 1.71145 177 177 177
-2.37674 25.19702 1.60304 178 178 178
-2.43208 25.19897 1.49023 174 174 174
-2.48877 25.20110 1.37821 179 179 179
-2.54573 25.20148 1.26591 184 184 184
-2.59479 25.20176 1.14989 178 178 178
-2.62850 25.19406 1.02840 181 181 181
-2.66453 25.20178 0.90800 178 178 178
-2.69685 25.19941 0.78656 174 174 174
-2.72073 25.19216 0.66319 175 175 175
-2.74982 25.20178 0.54070 182 182 182
-2.75863 25.19978 0.41505 162 162 162
-2.77860 25.20112 0.29075 173 173 173
-2.77908 25.20234 0.16489 169 169 169
-2.78441 25.20234 0.03938 169 169 169
-2.78109 25.19816 -0.08622 167 167 167
-2.77218 25.20040 -0.21149 171 171 171
-2.75603 25.20072 -0.33599 166 166 166
-2.74605 25.19832 -0.46135 168 168 168
-2.71803 25.19819 -0.58390 151 151 151
-2.69653 25.20314 -0.70773 165 165 165
-2.66558 25.19611 -0.82955 160 160 160
-2.62567 25.20073 -0.94873 159 159 159
-2.58748 25.19957 -1.06844 158 158 158
-2.54415 25.19816 -1.18651 161 161 161
-2.48890 25.20302 -1.29952 154 154 154
-2.44102 25.20183 -1.41604 156 156 156
-2.37667 25.19955 -1.52426 154 154 154
-2.31241 25.19787 -1.63223 159 159 159
-2.24633 25.20174 -1.73913 157 157 157
-2.17062 25.19556 -1.83947 148 148 148
-2.09815 25.20219 -1.94214 156 156 156
-2.01523 25.19831 -2.03658 148 148 148
-1.93821 25.20293 -2.13627 153 153 153
-1.84424 25.19779 -2.22025 154 154 154
-1.75715 25.19895 -2.31087 146 146 146
-1.66108 25.19988 -2.39186 145 145 145
-1.56492 25.20148 -2.47264 147 147 147
-1.46997 25.20006 -2.55560 145 145 145
-1.36494 25.20529 -2.62508 147 147 147
-1.25506 25.19996 -2.68656 145 145 145
-1.14645 25.20251 -2.74949 149 149 149
-1.03590 25.19858 -2.80894 147 147 147
-0.92648 25.20330 -2.87138 139 139 139
-0.81075 25.20152 -2.92080 144 144 144
-0.69172 25.20010 -2.96158 139 139 139
-0.57512 25.20045 -3.00911 139 139 139
-0.45334 25.20203 -3.04092 136 136 136
-0.33181 25.20334 -3.07295 143 143 143
-0.21057 25.20233 -3.10753 137 137 137
-0.08567 25.20175 -3.12419 145 145 145
0.03932 25.20148 -3.13807 141 141 141
0.16416 25.19994 -3.15289 139 139 139
0.28956 25.20146 -3.16320 137 137 137
0.41539 25.19881 -3.15792 133 133 133
0.54118 25.19832 -3.16216 139 139 139
0.66678 25.19980 -3.15480 140 140 140
0.79099 25.19975 -3.13405 146 146 146
0.91568 25.20107 -3.11933 137 137 137
1.03972 25.20100 -3.09933 147 147 147
1.16276 25.20129 -3.07362 133 133 133
1.28257 25.20139 -3.03542 138 138 138
1.40332 25.20094 -3.00114 142 142 142
1.52329 25.19902 -2.96372 142 142 142
1.63916 25.19758 -2.91507 141 141 141
1.75749 25.20020 -2.87186 143 143 143
1.86763 25.19835 -2.81080 147 147 147
1.97868 25.20067 -2.75207 142 142 142
2.08398 25.19757 -2.68352 145 145 145
2.19202 25.20276 -2.61954 141 141 141
2.29835 25.19935 -2.55229 145 145 145
2.39395 25.20269 -2.47041 144 144 144
2.49146 25.19382 -2.39138 145 145 145
2.58553 25.20105 -2.30827 136 136 136
2.68090 25.20071 -2.22613 143 143 143
2.76669 25.19892 -2.13414 147 147 147
2.84948 25.19911 -2.03953 146 146 146
2.92690 25.19950 -1.94054 148 148 148
3.00042 25.20070 -1.83875 150 150 150
3.08150 25.20024 -1.74206 151 151 151
3.14531 25.20208 -1.63352 152 152 152
3.21127 25.19697 -1.52639 154 154 154
3.26620 25.19882 -1.41318 159 159 159
3.32046 25.20149 -1.29988 159 159 159
3.37624 25.20360 -1.18705 161 161 161
3.41834 25.20180 -1.06847 165 165 165
3.46370 25.19961 -0.95108 151 151 151
3.49782 25.19842 -0.82996 162 162 162
3.51749 25.20123 -0.70537 159 159 159
3.55688 25.20143 -0.58551 158 158 158
3.58134 25.20135 -0.46206 163 163 163
3.58935 25.19771 -0.33629 157 157 157
3.60301 25.19923 -0.21150 161 161 161
3.61033 25.19748 -0.08615 164 164 164
3.61315 25.59892 0.04000 167 167 167
3.61614 25.60234 0.16571 170 170 170
3.60648 25.59911 0.29104 180 180 180
3.59636 25.60031 0.41634 172 172 172
3.57814 25.60024 0.54072 171 171 171
3.55611 25.60036 0.66447 181 181 181
3.52826 25.60176 0.78702 172 172 172
3.49429 25.60384 0.90797 175 175 175
3.46006 25.60433 1.02885 178 178 178
3.41684 25.59969 1.14681 172 172 172
3.37439 25.59920 1.26512 171 171 171
3.32431 25.60459 1.38043 178 178 178
3.26996 25.59972 1.49382 178 178 178
3.21307 25.59851 1.60605 181 181 181
3.14287 25.60050 1.71061 183 183 183
3.07809 25.59728 1.81829 174 174 174
3.00665 25.60244 1.92171 186 186 186
2.93275 25.59948 2.02350 184 184 184
2.84699 25.59315 2.11568 187 187 187
2.76438 25.59870 2.21018 189 189 189
2.67839 25.60160 2.30170 181 181 181
2.59054 25.60034 2.39166 189 189 189
2.49767 25.60049 2.47651 192 192 192
2.39828 25.60599 2.55363 197 197 197
2.29664 25.59773 2.62753 191 191 191
2.19537 25.59292 2.70198 193 193 193
2.08882 25.60467 2.76868 189 189 189
1.98189 25.60257 2.83487 191 191 191
1.86968 25.60253 2.89165 185 185 185
1.75625 25.60276 2.94574 197 197 197
1.64102 25.59940 2.99581 195 195 195
1.52506 25.59901 3.04438 193 193 193
1.40429 25.60319 3.07951 203 203 203
1.28497 25.59873 3.11871 202 202 202
1.16365 25.60575 3.15133 196 196 196
1.04161 25.60192 3.18168 193 193 193
0.91621 25.60120 3.19383 195 195 195
0.79251 25.60287 3.21531 192 192 192
0.66742 25.59981 3.22584 196 196 196
0.54253 25.60489 3.24283 197 197 197
0.41669 25.60106 3.23106 198 198 198
0.29098 25.59710 3.23948 189 189 189
0.16520 25.59711 3.23547 192 192 192
0.04133 25.60206 3.21135 199 199 199
-0.08266 25.60413 3.19278 197 197 197
-0.20848 25.59841 3.18292 198 198 198
-0.33024 25.59630 3.15118 187 187 187
-0.45097 25.60122 3.11650 201 201 201
-0.57240 25.60529 3.08411 199 199 199
-0.69251 25.60597 3.04660 194 194 194
-0.80675 25.59776 2.99363 197 197 197
-0.92171 25.60233 2.94321 189 189 189
-1.03588 25.60206 2.89082 193 193 193
-1.14730 25.59913 2.83271 192 192 192
-1.25604 25.59981 2.76964 195 195 195
-1.36109 25.59754 2.70063 185 185 185
-1.46124 25.60117 2.62475 186 186 186
-1.56316 25.60080 2.55143 189 189 189
-1.66267 25.60082 2.47462 188 188 188
-1.75806 25.60307 2.39263 189 189 189
-1.84595 25.59847 2.30264 182 182 182
-1.93172 25.59978 2.21084 187 187 187
-2.01865 25.59903 2.11998 190 190 190
-2.09772 25.59760 2.02220 187 187 187
-2.17085 25.59746 1.91996 184 184 184
-2.23945 25.59777 1.81477 188 188 188
-2.31335 25.59665 1.71297 177 177 177
-2.36933 25.59883 1.60024 176 176 176
-2.43332 25.59941 1.49215 177 177 177
-2.48841 25.60175 1.37927 177 177 177
-2.53600 25.60193 1.26305 176 176 176
-2.58584 25.60111 1.14769 172 172 172
-2.62586 25.60290 1.02858 174 174 174
-2.66180 25.60124 0.90822 181 181 181
-2.68987 25.60310 0.78582 173 173 173
-2.72243 25.59817 0.66441 167 167 167
-2.74386 25.60114 0.54058 168 168 168
-2.76610 25.59326 0.41671 167 167 167
-2.77951 25.60568 0.29155 170 170 170
-2.79164 25.60107 0.16606 166 166 166
-2.78273 25.60114 0.04000 172 172 172
-2.77942 25.60186 -0.08558 157 157 157
-2.77603 25.60367 -0.21127 161 161 161
-2.76107 25.60137 -0.33611 171 171 171
-2.74408 25.60034 -0.46062 166 166 166
-2.72073 25.60317 -0.58407 164 164 164
-2.69961 25.59794 -0.70816 161 161 161
-2.65978 25.60145 -0.82765 162 162 162
-2.62727 25.59503 -0.94904 161 161 161
-2.58060 25.60311 -1.06576 157 157 157
-2.54353 25.59997 -1.18616 153 153 153
-2.48625 25.60383 -1.29827 159 159 159
-2.43325 25.60513 -1.41211 152 152 152
-2.37963 25.59948 -1.52601 153 153 153
-2.30861 25.60332 -1.63007 152 152 152
-2.23600 25.60107 -1.73247 149 149 149
-2.17315 25.59611 -1.84163 151 151 151
-2.09522 25.59779 -1.94023 149 149 149
-2.01453 25.59218 -2.03646 152 152 152
-1.93457 25.60044 -2.13348 143 143 143
-1.84321 25.60316 -2.21990 150 150 150
-1.75177 25.59731 -2.30582 147 147 147
-1.66015 25.59841 -2.39166 147 147 147
-1.56388 25.59924 -2.47234 148 148 148
-1.46495 25.59911 -2.54986 142 142 142
-1.36380 25.60148 -2.62469 147 147 147
-1.25606 25.59921 -2.68968 148 148 148
-1.14667 25.59835 -2.75157 149 149 149
-1.03509 25.59590 -2.80928 145 145 145
-0.92305 25.59723 -2.86611 142 142 142
-0.80770 25.59644 -2.91592 140 140 140
-0.69208 25.60059 -2.96545 138 138 138
-0.57104 25.60385 -2.99991 137 137 137
-0.45194 25.60110 -3.03992 141 141 141
-0.33128 25.60396 -3.07552 138 138 138
-0.20792 25.60096 -3.10010 137 137 137
-0.08447 25.60209 -3.12421 140 140 140
0.04012 25.60118 -3.14160 136 136 136
0.16547 25.60285 -3.15209 140 140 140
0.29110 25.60169 -3.15640 147 147 147
0.41669 25.59941 -3.16222 136 136 136
0.54230 25.60324 -3.15716 139 139 139
0.66760 25.60363 -3.14815 138 138 138
0.79268 25.59765 -3.13673 138 138 138
0.91716 25.60113 -3.11986 134 134 134
1.04240 25.59994 -3.10564 137 137 137
1.16362 25.60010 -3.07121 136 136 136
1.28557 25.59847 -3.04082 141 141 141
1.40576 25.60415 -3.00405 143 143 143
1.52325 25.59950 -2.95946 144 144 144
1.63961 25.60022 -2.91240 144 144 144
1.75440 25.60223 -2.86173 142 142 142
1.86731 25.59843 -2.80701 142 142 142
1.97972 25.60163 -2.75100 140 140 140
2.08787 25.59796 -2.68712 143 143 143
2.19113 25.60264 -2.61565 139 139 139
2.29633 25.60377 -2.54710 145 145 145
2.39749 25.59970 -2.47263 148 148 148
2.49176 25.60022 -2.38960 142 142 142
2.58810 25.59861 -2.30902 149 149 149
2.67960 25.59958 -2.22291 151 151 151
2.77304 25.60209 -2.13819 145 145 145
2.84857 25.60092 -2.03702 151 151 151
2.93391 25.60158 -1.94442 152 152 152
3.00207 25.60074 -1.83839 155 155 155
3.07667 25.59601 -1.73734 150 150 150
3.14705 25.60241 -1.63317 158 158 158
3.20548 25.59958 -1.52180 153 153 153
3.26707 25.60364 -1.41234 158 158 158
3.32119 25.59810 -1.29899 154 154 154
3.37719 25.60081 -1.18628 156 156 156
3.42038 25.60018 -1.06812 158 158 158
3.45715 25.60093 -0.94791 151 151 151
3.49944 25.60006 -0.82943 156 156 156
3.52872 25.60101 -0.70713 162 162 162
3.55559 25.60179 -0.58437 163 163 163
3.58270 25.60273 -0.46145 168 168 168
3.59669 25.60012 -0.33638 160 160 160
3.60700 25.59982 -0.21108 169 169 169
3.61744 25.60215 -0.08576 167 167 167
3.61737 26.00863 0.04063 169 169 169
3.61388 26.00354 0.16620 166 166 166
3.60561 25.99812 0.29151 170 170 170
3.59496 25.99676 0.41667 172 172 172
3.58005 26.00299 0.54148 169 169 169
3.55728 26.00054 0.66511 166 166 166
3.53181 25.99964 0.78824 188 188 188
3.50296 25.99882 0.91074 176 176 176
3.45208 25.99773 1.02653 186 186 186
3.41588 25.99908 1.14669 190 190 190
3.37370 26.00064 1.26501 181 181 181
3.32310 25.99855 1.38000 179 179 179
3.27175 25.99983 1.49480 182 182 182
3.20967 26.00523 1.60416 187 187 187
3.14690 25.99861 1.71304 183 183 183
3.08513 25.99893 1.82290 181 181 181
3.00512 25.99890 1.92045 183 183 183
2.93345 26.00145 2.02383 182 182 182
2.85389 25.99867 2.12127 185 185 185
2.76798 25.99795 2.21314 187 187 187
2.67906 25.99757 2.30191 188 188 188
2.58704 25.99879 2.38733 184 184 184
2.49026 25.99678 2.46720 188 188 188
2.39466 25.99951 2.54829 193 193 193
2.29754 25.99413 2.62791 195 195 195
2.19469 26.00185 2.69997 186 186 186
2.09164 25.99994 2.77212 194 194 194
1.98127 25.99947 2.83245 194 194 194
1.87033 26.00167 2.89143 193 193 193
1.75738 26.00061 2.94647 193 193 193
1.64247 26.00027 2.99732 194 194 194
1.52315 26.00027 3.03688 198 198 198
1.40637 25.99925 3.08321 190 190 190
1.28511 25.99571 3.11597 191 191 191
1.16653 25.99865 3.15941 196 196 196
1.04255 26.00136 3.18162 205 205 205
0.91762 25.99299 3.19658 193 193 193
0.79349 25.99865 3.21507 186 186 186
0.66829 26.00047 3.22377 194 194 194
0.54336 26.00650 3.23702 191 191 191
0.41777 26.00030 3.24174 197 197 197
0.29205 25.99803 3.24043 202 202 202
0.16689 25.99727 3.22841 193 193 193
0.04090 25.99857 3.22477 196 196 196
-0.08264 25.99796 3.20007 195 195 195
-0.20570 26.00123 3.17502 197 197 197
-0.32888 25.99773 3.15067 197 197 197
-0.44921 26.00071 3.11472 197 197 197
-0.57088 26.00178 3.08339 189 189 189
-0.68980 26.00278 3.04282 193 193 193
-0.80660 25.99883 2.99651 184 184 184
-0.91979 26.00041 2.94203 187 187 187
-1.03496 25.99907 2.89178 189 189 189
-1.14696 25.99879 2.83465 191 191 191
-1.25270 26.00200 2.76658 193 193 193
-1.36227 26.00025 2.70465 190 190 190
-1.46179 26.00099 2.62761 183 183 183
-1.56703 26.00032 2.55833 188 188 188
-1.66351 25.99984 2.47749 188 188 188
-1.75385 26.00085 2.38987 183 183 183
-1.84504 26.00259 2.30344 186 186 186
-1.93062 25.99727 2.21146 185 185 185
-2.01643 26.00298 2.11963 183 183 183
-2.09919 25.99693 2.02484 182 182 182
-2.17143 26.00010 1.92179 181 181 181
-2.24695 25.99822 1.82114 181 181 181
-2.31410 26.00273 1.71472 180 180 180
-2.37897 26.00121 1.60687 185 185 185
-2.42777 25.99719 1.49050 180 180 180
-2.48204 26.00056 1.37746 177 177 177
-2.53882 26.00195 1.26529 179 179 179
-2.58572 25.99704 1.14867 172 172 172
-2.62761 25.99937 1.03013 179 179 179
-2.65991 26.00241 0.90862 179 179 179
-2.69278 26.00462 0.78740 177 177 177
-2.72563 25.99749 0.66589 179 179 179
-2.74360 26.00031 0.54134 176 176 176
-2.76117 25.99706 0.41688 167 167 167
-2.77134 26.00158 0.29161 168 168 168
-2.78097 26.00197 0.16630 168 168 168
-2.78912 25.99983 0.04063 169 169 169
-2.77835 25.99975 -0.08495 166 166 166
-2.77736 25.99852 -0.21084 168 168 168
-2.76694 26.00009 -0.33631 158 158 158
-2.74230 25.99771 -0.45988 163 163 163
-2.71994 26.00037 -0.58350 162 162 162
-2.69839 26.00108 -0.70750 156 156 156
-2.66054 25.99829 -0.82755 163 163 163
-2.62688 25.99820 -0.94864 158 158 158
-2.58821 26.00480 -1.06834 157 157 157
-2.54144 25.99599 -1.18512 168 168 168
-2.49402 25.99641 -1.30173 158 158 158
-2.43428 25.99748 -1.41257 159 159 159
-2.37544 25.99770 -1.52365 154 154 154
-2.30713 26.00448 -1.62919 159 159 159
-2.24035 25.99569 -1.73548 149 149 149
-2.16905 26.00389 -1.83881 145 145 145
-2.09222 26.00060 -1.93809 152 152 152
-2.01715 25.99911 -2.03900 150 150 150
-1.93288 26.00125 -2.13230 156 156 156
-1.84182 26.00641 -2.21896 145 145 145
-1.75029 26.00032 -2.30477 150 150 150
-1.66179 25.99832 -2.39423 143 143 143
-1.56323 26.00224 -2.47227 141 141 141
-1.46266 26.00162 -2.54757 149 149 149
-1.35912 25.99988 -2.61868 143 143 143
-1.25525 25.99895 -2.68950 147 147 147
-1.14443 26.00152 -2.74888 139 139 139
-1.03488 26.00087 -2.81037 137 137 137
-0.92030 25.99716 -2.86188 144 144 144
-0.80800 26.00100 -2.91865 141 141 141
-0.68861 25.99996 -2.95835 139 139 139
-0.57305 25.99828 -3.00879 141 141 141
-0.45095 26.00174 -3.03962 143 143 143
-0.33013 26.00192 -3.07460 147 147 147
-0.20674 25.99925 -3.09898 145 145 145
-0.08227 25.99790 -3.11653 140 140 140
0.04157 26.00185 -3.13784 139 139 139
0.16687 26.00303 -3.14733 142 142 142
0.29232 25.99488 -3.15230 143 143 143
0.41777 25.99874 -3.15718 139 139 139
0.54365 26.00126 -3.16313 143 143 143
0.66921 26.00032 -3.15425 143 143 143
0.79379 26.00101 -3.13638 139 139 139
0.91907 26.00177 -3.12443 147 147 147
1.04202 26.00299 -3.09769 137 137 137
1.16468 25.99683 -3.07049 133 133 133
1.28682 25.99987 -3.04080 143 143 143
1.40533 25.99558 -2.99877 143 143 143
1.52318 25.99828 -2.95572 138 138 138
1.64456 26.00019 -2.92110 136 136 136
1.75634 25.99926 -2.86296 138 138 138
1.87121 25.99927 -2.81192 144 144 144
1.98354 25.99990 -2.75525 139 139 139
2.09015 26.00226 -2.68845 141 141 141
2.20013 25.99877 -2.62687 140 140 140
2.30301 25.99501 -2.55419 150 150 150
2.39522 25.99965 -2.46776 148 148 148
2.49982 26.00022 -2.39714 145 145 145
2.59203 25.99937 -2.31148 147 147 147
2.68076 25.99714 -2.22236 146 146 146
2.77463 25.99971 -2.13803 150 150 150
2.84833 26.00255 -2.03527 154 154 154
2.93022 26.00184 -1.94003 147 147 147
3.00863 25.99855 -1.84175 146 146 146
3.07774 26.00209 -1.73671 152 152 152
3.14645 25.99970 -1.63151 147 147 147
3.20661 25.99465 -1.52120 155 155 155
3.27102 25.99958 -1.41318 157 157 157
3.32258 25.99834 -1.29851 158 158 158
3.37534 26.00233 -1.18444 154 154 154
3.42317 26.00050 -1.06813 152 152 152
3.45585 26.00194 -0.94651 159 159 159
3.49685 25.99621 -0.82776 166 166 166
3.53011 25.99973 -0.70658 170 170 170
3.55290 25.99615 -0.58299 160 160 160
3.57480 26.00281 -0.45940 166 166 166
3.59844 25.99851 -0.33583 163 163 163
3.60931 25.99986 -0.21055 168 168 168
3.61643 26.00427 -0.08505 163 163 163
3.61225 26.39891 0.04125 163 163 163
3.61357 26.39921 0.16678 169 169 169
3.60837 26.40217 0.29229 161 161 161
3.59229 26.39910 0.41688 179 179 179
3.58131 26.39995 0.54217 174 174 174
3.55749 26.40212 0.66561 177 177 177
3.53208 26.40266 0.78872 179 179 179
3.49471 26.39831 0.90879 180 180 180
3.45787 26.40315 1.02876 182 182 182
3.41955 26.40458 1.14835 182 182 182
3.37332 26.39914 1.26512 185 185 185
3.32123 26.39744 1.37936 173 173 173
3.26848 26.39893 1.49332 185 185 185
3.21289 26.39958 1.60611 186 186 186
3.15375 26.39939 1.71733 178 178 178
3.07937 26.39863 1.81909 188 188 188
3.01114 26.40190 1.92481 186 186 186
2.92899 26.40033 2.02025 184 184 184
2.85244 26.39944 2.11991 182 182 182
2.76860 26.40010 2.21353 178 178 178
2.68240 26.39786 2.30501 195 195 195
2.58989 26.39938 2.39010 186 186 186
2.49512 26.39957 2.47249 189 189 189
2.39534 26.40093 2.54868 188 188 188
2.29815 26.40058 2.62817 191 191 191
2.19605 26.40270 2.70133 186 186 186
2.08736 26.40262 2.76436 192 192 192
1.98509 26.39949 2.83836 185 185 185
1.87126 26.39909 2.89218 195 195 195
1.75995 26.40059 2.95077 196 196 196
1.64365 26.39939 2.99869 192 192 192
1.52729 26.39839 3.04637 195 195 195
1.40765 26.39993 3.08510 194 194 194
1.28713 26.40022 3.12069 195 195 195
1.16673 26.39970 3.15728 190 190 190
1.04277 26.40003 3.17896 194 194 194
0.91952 26.40410 3.20368 191 191 191
0.79455 26.39887 3.21734 195 195 195
0.66975 26.40238 3.23196 198 198 198
0.54425 26.40116 3.23831 194 194 194
0.41864 26.39876 3.24442 192 192 192
0.29292 26.39352 3.24114 195 195 195
0.16743 26.40001 3.23318 199 199 199
0.04316 26.40204 3.21369 197 197 197
-0.08225 26.39870 3.20375 188 188 188
-0.20628 26.39917 3.18292 189 189 189
-0.32826 26.39637 3.15231 196 196 196
-0.45003 26.40247 3.12133 201 201 201
-0.57262 26.40022 3.09202 192 192 192
-0.68806 26.40202 3.04109 193 193 193
-0.80528 26.39860 2.99604 199 199 199
-0.92052 26.39820 2.94610 189 189 189
-1.03676 26.39844 2.89764 193 193 193
-1.14528 26.39408 2.83383 195 195 195
-1.25099 26.39574 2.76584 190 190 190
-1.35652 26.40244 2.69796 189 189 189
-1.46515 26.40413 2.63406 199 199 199
-1.56551 26.40452 2.55814 189 189 189
-1.65814 26.40020 2.47285 192 192 192
-1.75103 26.39996 2.38838 191 191 191
-1.83965 26.39812 2.29954 189 189 189
-1.93186 26.40044 2.21403 192 192 192
-2.01673 26.39859 2.12125 182 182 182
-2.10347 26.40164 2.02952 195 195 195
-2.17141 26.39902 1.92303 190 190 190
-2.24774 26.39747 1.82287 186 186 186
-2.31485 26.39871 1.71634 182 182 182
-2.37353 26.39932 1.60494 180 180 180
-2.43245 26.39988 1.49395 177 177 177
-2.48544 26.40091 1.38005 179 179 179
-2.53892 26.40263 1.26631 184 184 184
-2.58325 26.40006 1.14871 175 175 175
-2.62181 26.39591 1.02915 173 173 173
-2.66729 26.40079 0.91157 179 179 179
-2.69205 26.40171 0.78806 178 178 178
-2.71772 26.39997 0.66511 174 174 174
-2.74339 26.40127 0.54207 170 170 170
-2.75722 26.39940 0.41714 168 168 168
-2.77752 26.40087 0.29279 171 171 171
-2.78466 26.39878 0.16711 167 167 167
-2.78063 26.40234 0.04125 166 166 166
-2.77372 26.39695 -0.08418 166 166 166
-2.76804 26.39764 -0.20955 168 168 168
-2.75441 26.39737 -0.33431 176 176 176
-2.74409 26.39754 -0.45968 156 156 156
-2.71870 26.40033 -0.58280 160 160 160
-2.69214 26.40201 -0.70558 160 160 160
-2.66035 26.40031 -0.82711 155 155 155
-2.62268 26.39941 -0.94693 160 160 160
-2.58166 26.39765 -1.06562 156 156 156
-2.53372 26.39611 -1.18166 157 157 157
-2.48943 26.39772 -1.29939 159 159 159
-2.43642 26.39824 -1.41348 151 151 151
-2.38086 26.40122 -1.52654 147 147 147
-2.30684 26.39866 -1.62893 151 151 151
-2.24791 26.40252 -1.74048 155 155 155
-2.16911 26.39838 -1.83886 156 156 156
-2.09951 26.39731 -1.94390 155 155 155
-2.01615 26.40266 -2.03826 152 152 152
-1.93338 26.40151 -2.13293 147 147 147
-1.84253 26.40129 -2.21992 146 146 146
-1.75551 26.40292 -2.31073 146 146 146
-1.65676 26.40136 -2.38873 143 143 143
-1.56426 26.39943 -2.47405 148 148 148
-1.46002 26.39843 -2.54451 137 137 137
-1.35709 26.40172 -2.61632 147 147 147
-1.25201 26.40388 -2.68500 135 135 135
-1.14670 26.40252 -2.75386 146 146 146
-1.03558 26.40136 -2.81281 141 141 141
-0.92135 26.40592 -2.86542 147 147 147
-0.80588 26.40015 -2.91501 143 143 143
-0.68821 26.40243 -2.95899 145 145 145
-0.56895 26.39465 -2.99823 140 140 140
-0.44980 26.39961 -3.03801 144 144 144
-0.32828 26.40434 -3.06991 137 137 137
-0.20614 26.40119 -3.09971 146 146 146
-0.08149 26.40159 -3.11644 142 142 142
0.04232 26.39390 -3.13829 136 136 136
0.16801 26.39580 -3.14335 134 134 134
0.29314 26.39671 -3.15304 140 140 140
0.41864 26.39511 -3.15610 139 139 139
0.54438 26.39955 -3.15914 140 140 140
0.66996 26.40473 -3.15204 146 146 146
0.79455 26.40238 -3.13477 137 137 137
0.91948 26.40250 -3.12094 138 138 138
1.04206 26.40095 -3.09290 144 144 144
1.16556 26.40261 -3.06988 146 146 146
1.28753 26.39948 -3.03962 137 137 137
1.40588 26.39879 -2.99718 141 141 141
1.52512 26.39849 -2.95799 144 144 144
1.64367 26.40395 -2.91623 138 138 138
1.75614 26.39988 -2.86002 141 141 141
1.87236 26.40086 -2.81184 144 144 144
1.98082 26.40042 -2.74822 145 145 145
2.08796 26.40075 -2.68283 143 143 143
2.19359 26.40208 -2.61515 140 140 140
2.30210 26.39841 -2.55111 145 145 145
2.40074 26.39908 -2.47303 138 138 138
2.49661 26.40028 -2.39174 146 146 146
2.59278 26.39772 -2.31072 140 140 140
2.68408 26.39772 -2.22419 148 148 148
2.76853 26.39678 -2.13097 153 153 153
2.85409 26.40237 -2.03882 152 152 152
2.93228 26.40241 -1.94035 155 155 155
3.00860 26.39613 -1.84047 154 154 154
3.08066 26.40492 -1.73746 154 154 154
3.15071 26.40322 -1.63297 146 146 146
3.21155 26.40138 -1.52285 158 158 158
3.27299 26.40155 -1.41312 157 157 157
3.32655 26.39954 -1.29931 157 157 157
3.37211 26.39536 -1.18212 164 164 164
3.41789 26.40053 -1.06523 158 158 158
3.46178 26.39964 -0.94753 158 158 158
3.50078 26.39972 -0.82800 158 158 158
3.52939 26.39632 -0.70557 159 159 159
3.56216 26.40058 -0.58403 162 162 162
3.57944 26.39638 -0.45937 165 165 165
3.60136 26.40130 -0.33545 162 162 162
3.61292 26.40047 -0.21014 167 167 167
3.61182 26.39783 -0.08421 166 166 166
3.61616 26.79690 0.04188 164 164 164
3.61619 26.79758 0.16748 171 171 171
3.61905 26.79951 0.29370 176 176 176
3.60032 26.79734 0.41837 168 168 168
3.58610 26.79883 0.54345 177 177 177
3.56281 26.80056 0.66716 169 169 169
3.53111 26.80338 0.78896 176 176 176
3.50070 26.79513 0.91092 175 175 175
3.45984 26.80031 1.02981 177 177 177
3.41966 26.80153 1.14877 181 181 181
3.37609 26.79661 1.26662 181 181 181
3.32094 26.80170 1.37955 174 174 174
3.27090 26.79929 1.49484 180 180 180
3.21205 26.80501 1.60589 181 181 181
3.14276 26.79352 1.71082 179 179 179
3.07720 26.79822 1.81783 188 188 188
3.00660 26.79887 1.92166 182 182 182
2.93500 26.79788 2.02510 179 179 179
2.84907 26.80019 2.11710 186 186 186
2.77333 26.79600 2.21792 189 189 189
2.68097 26.80178 2.30354 187 187 187
2.59089 26.79716 2.39109 185 185 185
2.49760 26.80136 2.47526 193 193 193
2.40009 26.80049 2.55451 188 188 188
2.30002 26.79991 2.63047 191 191 191
2.19331 26.79811 2.69687 193 193 193
2.09087 26.80271 2.76963 192 192 192
1.98355 26.79965 2.83504 195 195 195
1.87428 26.79943 2.89745 191 191 191
1.75777 26.80359 2.94525 199 199 199
1.64304 26.80330 2.99626 193 193 193
1.52552 26.80044 3.04042 192 192 192
1.40719 26.79858 3.08231 202 202 202
1.28797 26.80152 3.12195 198 198 198
1.16673 26.79846 3.15514 201 201 201
1.04456 26.79983 3.18528 202 202 202
0.91950 26.79814 3.20007 197 197 197
0.79547 26.79958 3.22012 196 196 196
0.67035 26.80238 3.23179 191 191 191
0.54500 26.79796 3.24129 203 203 203
0.41930 26.79698 3.23552 193 193 193
0.29361 26.79739 3.24071 199 199 199
0.16836 26.80037 3.23026 197 197 197
0.04250 26.79960 3.22537 192 192 192
-0.08100 26.80056 3.20063 193 193 193
-0.20577 26.80000 3.18431 196 196 196
-0.32741 26.80143 3.15211 196 196 196
-0.45037 26.79858 3.12549 191 191 191
-0.56916 26.80084 3.08403 185 185 185
-0.68913 26.79839 3.04639 196 196 196
-0.80513 26.79943 2.99789 192 192 192
-0.92159 26.80019 2.95047 195 195 195
-1.03163 26.79793 2.88947 186 186 186
-1.14346 26.79945 2.83238 194 194 194
-1.25327 26.79728 2.77126 188 188 188
-1.35887 26.80096 2.70309 192 192 192
-1.46422 26.80195 2.63431 193 193 193
-1.56073 26.80164 2.55353 190 190 190
-1.65934 26.80051 2.47564 187 187 187
-1.75152 26.79651 2.39025 188 188 188
-1.84324 26.80407 2.30441 192 192 192
-1.93310 26.80030 2.21641 183 183 183
-2.01501 26.79947 2.12097 181 181 181
-2.09016 26.80076 2.02017 183 183 183
-2.16512 26.80053 1.91957 181 181 181
-2.24536 26.79622 1.82234 183 183 183
-2.31153 26.80088 1.71532 186 186 186
-2.37835 26.80201 1.60863 180 180 180
-2.43506 26.80186 1.49624 191 191 191
-2.48656 26.79919 1.38149 180 180 180
-2.53595 26.80103 1.26598 180 180 180
-2.58313 26.80106 1.14953 169 169 169
-2.62793 26.80265 1.03198 181 181 181
-2.66044 26.79979 0.91045 172 172 172
-2.69235 26.80089 0.78891 175 175 175
-2.71737 26.79765 0.66580 176 176 176
-2.73539 26.79929 0.54153 174 174 174
-2.75536 26.80295 0.41762 170 170 170
-2.76898 26.79865 0.29280 171 171 171
-2.78349 26.80239 0.16771 167 167 167
-2.77767 26.79934 0.04188 166 166 166
-2.78016 26.80356 -0.08383 163 163 163
-2.76958 26.79995 -0.20909 166 166 166
-2.75298 26.80045 -0.33359 165 165 165
-2.74355 26.79809 -0.45907 160 160 160
-2.72054 26.80224 -0.58268 162 162 162
-2.69144 26.79843 -0.70495 156 156 156
-2.66003 26.79563 -0.82659 155 155 155
-2.62937 26.79688 -0.94870 160 160 160
-2.58703 26.79880 -1.06722 155 155 155
-2.54003 26.79935 -1.18392 154 154 154
-2.49085 26.79932 -1.29972 150 150 150
-2.43102 26.80160 -1.41043 163 163 163
-2.37381 26.80399 -1.52234 156 156 156
-2.31085 26.80173 -1.63116 158 158 158
-2.24887 26.80115 -1.74093 156 156 156
-2.17097 26.80138 -1.84007 152 152 152
-2.09352 26.80126 -1.93907 155 155 155
-2.01477 26.79965 -2.03701 149 149 149
-1.93111 26.80019 -2.13082 148 148 148
-1.84240 26.80245 -2.21982 160 160 160
-1.75219 26.80550 -2.30723 147 147 147
-1.65945 26.80239 -2.39203 148 148 148
-1.56020 26.80175 -2.46911 146 146 146
-1.45782 26.79570 -2.54175 142 142 142
-1.35725 26.80130 -2.61692 142 142 142
-1.24863 26.80056 -2.67993 147 147 147
-1.14349 26.79931 -2.74868 151 151 151
-1.03724 26.79960 -2.81674 140 140 140
-0.92186 26.80065 -2.86731 137 137 137
-0.80379 26.79426 -2.91091 145 145 145
-0.68702 26.79688 -2.95691 143 143 143
-0.56932 26.80221 -3.00078 148 148 148
-0.44935 26.80080 -3.03812 132 132 132
-0.32697 26.79756 -3.06655 143 143 143
-0.20492 26.80134 -3.09625 138 138 138
-0.08072 26.79746 -3.11513 134 134 134
0.04286 26.80318 -3.13862 138 138 138
0.16782 26.79681 -3.15342 139 139 139
0.29357 26.79809 -3.15798 140 140 140
0.41930 26.79679 -3.16251 140 140 140
0.54489 26.80386 -3.15465 137 137 137
0.67062 26.80098 -3.15156 133 133 133
0.79542 26.79989 -3.13596 137 137 137
0.91915 26.80044 -3.11410 144 144 144
1.04341 26.79993 -3.09577 139 139 139
1.16733 26.79765 -3.07392 137 137 137
1.28824 26.79979 -3.03916 137 137 137
1.40978 26.79841 -3.00654 140 140 140
1.52727 26.80159 -2.96141 141 141 141
1.64596 26.80026 -2.91955 144 144 144
1.75796 26.79777 -2.86192 146 146 146
1.86845 26.79940 -2.80224 143 143 143
1.98114 26.80373 -2.74700 147 147 147
2.08977 26.80140 -2.68409 144 144 144
2.20002 26.79694 -2.62317 141 141 141
2.29913 26.80379 -2.54550 148 148 148
2.39932 26.79746 -2.46977 151 151 151
2.49673 26.80113 -2.39049 140 140 140
2.58961 26.80431 -2.30595 147 147 147
2.68307 26.80020 -2.22190 141 141 141
2.77010 26.80058 -2.13118 155 155 155
2.85285 26.80125 -2.03657 155 155 155
2.93365 26.80156 -1.94028 151 151 151
3.01262 26.80126 -1.84229 153 153 153
3.08013 26.80106 -1.73604 153 153 153
3.15199 26.80092 -1.63272 155 155 155
3.21374 26.79926 -1.52309 162 162 162
3.27761 26.79810 -1.41451 149 149 149
3.32186 26.79823 -1.29622 151 151 151
3.38154 26.79992 -1.18513 158 158 158
3.42127 26.79382 -1.06561 158 158 158
3.46640 26.80100 -0.94819 161 161 161
3.49755 26.80011 -0.82628 157 157 157
3.52978 26.79985 -0.70489 158 158 158
3.56046 26.80050 -0.58294 164 164 164
3.57722 26.80335 -0.45829 166 166 166
3.59752 26.80554 -0.33429 162 162 162
3.61049 26.79801 -0.20928 165 165 165
3.61176 26.79624 -0.08356 165 165 165
3.61195 27.20275 0.04250 165 165 165
3.61838 27.19899 0.16818 170 170 170
3.61505 27.19820 0.29398 162 162 162
3.59867 27.19829 0.41875 171 171 171
3.57815 27.20095 0.54274 178 178 178
3.55651 27.19923 0.66644 168 168 168
3.52912 27.19841 0.78900 177 177 177
3.49965 27.20040 0.91112 175 175 175
3.46588 27.19577 1.03225 175 175 175
3.42167 27.19343 1.14997 183 183 183
3.37565 27.20103 1.26688 178 178 178
3.32095 27.20052 1.37998 180 180 180
3.27219 27.20141 1.49590 189 189 189
3.20715 27.19495 1.60353 184 184 184
3.14812 27.20078 1.71445 177 177 177
3.08463 27.20160 1.82312 182 182 182
3.01014 27.19762 1.92454 184 184 184
2.93419 27.19905 2.02473 189 189 189
2.85451 27.19728 2.12199 184 184 184
2.76768 27.20025 2.21292 182 182 182
2.68278 27.20270 2.30554 183 183 183
2.59521 27.19954 2.39591 190 190 190
2.50019 27.19590 2.47839 187 187 187
2.40124 27.20084 2.55603 181 181 181
2.30028 27.19764 2.63085 196 196 196
2.19855 27.19998 2.70469 190 190 190
2.09010 27.20292 2.76829 191 191 191
1.98367 27.19413 2.83510 193 193 193
1.87142 27.19850 2.89158 190 190 190
1.76099 27.19471 2.95190 194 194 194
1.64453 27.20145 2.99941 188 188 188
1.52697 27.20099 3.04379 193 193 193
1.40835 27.20199 3.08513 199 199 199
1.28662 27.20016 3.11625 199 199 199
1.16681 27.20144 3.15430 193 193 193
1.04447 27.19952 3.18322 190 190 190
0.91970 27.20195 3.19914 200 200 200
0.79539 27.19686 3.21641 191 191 191
0.67072 27.19695 3.23152 189 189 189
0.54543 27.20240 3.24148 198 198 198
0.41974 27.20250 3.24208 189 189 189
0.29398 27.20115 3.24331 201 201 201
0.16831 27.20069 3.23719 200 200 200
0.04311 27.19983 3.22459 189 189 189
-0.08156 27.20196 3.20756 194 194 194
-0.20270 27.20011 3.17171 188 188 188
-0.32661 27.20166 3.15125 198 198 198
-0.44929 27.20115 3.12386 194 194 194
-0.56936 27.20026 3.08662 194 194 194
-0.68637 27.19770 3.04073 188 188 188
-0.80496 27.19478 2.99919 191 191 191
-0.92018 27.19505 2.94900 189 189 189
-1.03364 27.19870 2.89492 196 196 196
-1.14555 27.19704 2.83753 197 197 197
-1.25275 27.19857 2.77176 193 193 193
-1.35685 27.20162 2.70135 191 191 191
-1.46190 27.20356 2.63235 189 189 189
-1.55830 27.19582 2.55163 182 182 182
-1.66194 27.20150 2.47984 189 189 189
-1.75051 27.19879 2.39026 186 186 186
-1.84422 27.20004 2.30646 186 186 186
-1.92770 27.19841 2.21245 191 191 191
-2.01243 27.20229 2.11977 186 186 186
-2.09537 27.20176 2.02525 185 185 185
-2.16728 27.19822 1.92208 189 189 189
-2.23888 27.19913 1.81893 186 186 186
-2.31212 27.19968 1.71658 179 179 179
-2.37081 27.20041 1.60528 178 178 178
-2.43050 27.19896 1.49477 182 182 182
-2.48575 27.20051 1.38195 178 178 178
-2.53357 27.20621 1.26580 174 174 174
-2.58929 27.19913 1.15259 179 179 179
-2.63231 27.20407 1.03417 179 179 179
-2.66673 27.20081 0.91297 174 174 174
-2.69504 27.19667 0.79029 172 172 172
-2.72352 27.19547 0.66773 166 166 166
-2.74350 27.20147 0.54351 161 161 161
-2.76039 27.20103 0.41889 170 170 170
-2.76447 27.19952 0.29310 164 164 164
-2.77625 27.20069 0.16807 163 163 163
-2.77873 27.19552 0.04250 172 172 172
-2.78055 27.20487 -0.08324 168 168 168
-2.77306 27.20008 -0.20878 172 172 172
-2.76256 27.19971 -0.33415 160 160 160
-2.73579 27.19416 -0.45729 163 163 163
-2.72094 27.19548 -0.58222 152 152 152
-2.69227 27.19995 -0.70463 159 159 159
-2.66083 27.20007 -0.82631 166 166 166
-2.62074 27.20144 -0.94541 157 157 157
-2.58009 27.19716 -1.06419 157 157 157
-2.53559 27.20189 -1.18164 153 153 153
-2.48702 27.19791 -1.29753 161 161 161
-2.43034 27.19740 -1.40969 154 154 154
-2.37462 27.19832 -1.52241 150 150 150
-2.30643 27.19703 -1.62810 151 151 151
-2.24269 27.19598 -1.73647 153 153 153
-2.16904 27.19840 -1.83835 153 153 153
-2.09156 27.20173 -1.93724 151 151 151
-2.01153 27.20363 -2.03400 150 150 150
-1.92868 27.19656 -2.12835 152 152 152
-1.84120 27.19783 -2.21843 142 142 142
-1.75214 27.20087 -2.30702 153 153 153
-1.65835 27.19950 -2.39063 148 148 148
-1.56280 27.19976 -2.47234 142 142 142
-1.46107 27.20142 -2.54621 143 143 143
-1.35710 27.19963 -2.61673 146 146 146
-1.24942 27.20102 -2.68131 148 148 148
-1.14308 27.20070 -2.74811 138 138 138
-1.03480 27.19991 -2.81219 142 142 142
-0.91925 27.19914 -2.86199 151 151 151
-0.80469 27.20477 -2.91354 145 145 145
-0.68644 27.19917 -2.95592 142 142 142
-0.56953 27.19957 -3.00216 140 140 140
-0.44874 27.19599 -3.03689 129 129 129
-0.32756 27.20023 -3.07022 143 143 143
-0.20485 27.19981 -3.09752 140 140 140
-0.08108 27.19963 -3.11952 142 142 142
0.04340 27.20088 -3.13714 140 140 140
0.16843 27.19818 -3.15066 151 151 151
0.29399 27.20225 -3.15809 137 137 137
0.41974 27.20157 -3.16144 139 139 139
0.54546 27.20305 -3.15728 148 148 148
0.67035 27.20063 -3.14177 130 130 130
0.79532 27.19568 -3.13077 137 137 137
0.92017 27.19357 -3.11713 137 137 137
1.04425 27.20307 -3.09713 140 140 140
1.16514 27.19603 -3.06233 134 134 134
1.28744 27.20032 -3.03415 138 138 138
1.40752 27.19948 -2.99758 139 139 139
1.53016 27.19737 -2.96743 139 139 139
1.64059 27.20286 -2.90489 141 141 141
1.75820 27.20069 -2.86085 143 143 143
1.87266 27.19735 -2.80903 141 141 141
1.98418 27.20238 -2.75101 147 147 147
2.09367 27.20055 -2.68910 148 148 148
2.19732 27.20024 -2.61784 148 148 148
2.29996 27.20166 -2.54540 143 143 143
2.40000 27.20253 -2.46945 148 148 148
2.50219 27.19835 -2.39574 139 139 139
2.59043 27.19901 -2.30574 154 154 154
2.68264 27.20271 -2.22040 149 149 149
2.77112 27.20140 -2.13109 146 146 146
2.85401 27.19550 -2.03657 148 148 148
2.93310 27.20627 -1.93888 145 145 145
3.01022 27.19703 -1.83959 156 156 156
3.07753 27.19602 -1.73338 156 156 156
3.14814 27.20008 -1.62947 157 157 157
3.21089 27.19992 -1.52062 153 153 153
3.27474 27.20336 -1.41220 152 152 152
3.32353 27.20116 -1.29617 158 158 158
3.37142 27.19439 -1.18012 150 150 150
3.42692 27.20270 -1.06691 159 159 159
3.45584 27.19936 -0.94399 155 155 155
3.49903 27.20392 -0.82595 154 154 154
3.53451 27.20050 -0.70529 167 167 167
3.55637 27.19981 -0.58141 160 160 160
3.58117 27.20170 -0.45822 166 166 166
3.59553 27.19897 -0.33338 159 159 159
3.61283 27.19748 -0.20880 170 170 170
3.61710 27.19899 -0.08312 164 164 164
3.62102 27.60049 0.04313 167 167 167
3.61162 27.60523 0.16853 165 165 165
3.61069 27.60364 0.29424 162 162 162
3.59724 27.60121 0.41918 173 173 173
3.58579 27.59731 0.54454 177 177 177
3.56056 27.60389 0.66783 161 161 161
3.53078 27.60273 0.78996 172 172 172
3.49802 27.60018 0.91122 175 175 175
3.46101 27.60220 1.03122 175 175 175
3.42060 27.59958 1.15012 185 185 185
3.37146 27.60042 1.26568 167 167 167
3.32067 27.59937 1.38037 184 184 184
3.27422 27.60070 1.49744 186 186 186
3.21258 27.60012 1.60707 186 186 186
3.14847 27.60112 1.71515 185 185 185
3.07855 27.60446 1.81953 179 179 179
3.00950 27.59992 1.92453 188 188 188
2.93166 27.60020 2.02318 190 190 190
2.85446 27.60193 2.12238 179 179 179
2.76851 27.60016 2.21410 190 190 190
2.68686 27.60146 2.31002 193 193 193
2.58796 27.59926 2.38845 191 191 191
2.50278 27.59709 2.48179 189 189 189
2.40032 27.60154 2.55519 190 190 190
2.29999 27.60544 2.63076 189 189 189
2.20280 27.60170 2.71132 195 195 195
2.09168 27.60486 2.77111 193 193 193
1.98644 27.60200 2.84027 188 188 188
1.87444 27.59941 2.89768 195 195 195
1.75888 27.59915 2.94745 195 195 195
1.64194 27.59859 2.99323 190 190 190
1.52720 27.59633 3.04442 187 187 187
1.40921 27.60493 3.08769 204 204 204
1.28995 27.60218 3.12787 196 196 196
1.16758 27.59937 3.15718 196 196 196
1.04389 27.60310 3.17978 199 199 199
0.92111 27.60227 3.20720 193 193 193
0.79617 27.59563 3.22164 189 189 189
0.67083 27.60054 3.23069 200 200 200
0.54560 27.59936 3.24060 194 194 194
0.41997 27.60082 3.23840 198 198 198
0.29397 27.59259 3.24987 190 190 190
0.16832 27.60254 3.24064 203 203 203
0.04399 27.59907 3.21976 191 191 191
-0.08021 27.60225 3.20113 199 199 199
-0.20457 27.60278 3.18286 192 192 192
-0.32743 27.60301 3.15625 194 194 194
-0.45018 27.60204 3.12843 197 197 197
-0.56962 27.60345 3.08876 189 189 189
-0.68831 27.60085 3.04723 196 196 196
-0.80615 27.60134 3.00324 197 197 197
-0.91929 27.59771 2.94820 194 194 194
-1.03348 27.59902 2.89567 193 193 193
-1.14357 27.59820 2.83502 191 191 191
-1.25074 27.59899 2.76947 187 187 187
-1.35995 27.60192 2.70695 191 191 191
-1.46149 27.59898 2.63272 193 193 193
-1.56373 27.60039 2.55943 194 194 194
-1.65772 27.59753 2.47578 186 186 186
-1.75633 27.59914 2.39743 185 185 185
-1.84349 27.60348 2.30658 183 183 183
-1.93019 27.59272 2.21558 184 184 184
-2.00990 27.59708 2.11842 186 186 186
-2.09715 27.60111 2.02746 189 189 189
-2.17150 27.59601 1.92594 185 185 185
-2.24035 27.59844 1.82069 179 179 179
-2.30995 27.59868 1.71602 183 183 183
-2.38247 27.59520 1.61257 180 180 180
-2.43065 27.59626 1.49558 176 176 176
-2.48361 27.59728 1.38169 176 176 176
-2.53866 27.59986 1.26863 174 174 174
-2.57926 27.59801 1.14960 181 181 181
-2.62542 27.59923 1.03263 174 174 174
-2.65749 27.59741 0.91106 182 182 182
-2.69245 27.59931 0.79035 182 182 182
-2.71654 27.60365 0.66702 166 166 166
-2.74307 27.59993 0.54410 172 172 172
-2.75970 27.60136 0.41946 169 169 169
-2.77513 27.59654 0.29458 174 174 174
-2.77863 27.60104 0.16880 178 178 178
-2.78256 27.60046 0.04313 171 171 171
-2.77471 27.59733 -0.08239 163 163 163
-2.77039 27.59956 -0.20796 161 161 161
-2.75677 27.60171 -0.33287 165 165 165
-2.74073 27.60106 -0.45748 166 166 166
-2.72544 27.60145 -0.58254 157 157 157
-2.69832 27.60200 -0.70551 161 161 161
-2.66838 27.60280 -0.82788 161 161 161
-2.62889 27.60153 -0.94751 161 161 161
-2.58429 27.59899 -1.06520 159 159 159
-2.54016 27.60331 -1.18300 157 157 157
-2.48723 27.60348 -1.29711 150 150 150
-2.43024 27.60092 -1.40913 158 158 158
-2.37266 27.60063 -1.52082 152 152 152
-2.30639 27.59927 -1.62759 161 161 161
-2.24001 27.59979 -1.73422 153 153 153
-2.17184 27.60172 -1.83993 150 150 150
-2.09192 27.59711 -1.93709 156 156 156
-2.01223 27.59741 -2.03416 156 156 156
-1.92690 27.60357 -2.12630 144 144 144
-1.84343 27.60193 -2.22027 156 156 156
-1.75291 27.59811 -2.30748 147 147 147
-1.65843 27.60184 -2.39037 153 153 153
-1.56007 27.59698 -2.46853 140 140 140
-1.46229 27.60328 -2.54758 135 135 135
-1.35738 27.60132 -2.61687 144 144 144
-1.25268 27.60270 -2.68639 147 147 147
-1.14567 27.59981 -2.75253 148 148 148
-1.03283 27.59654 -2.80814 140 140 140
-0.92012 27.60013 -2.86375 148 148 148
-0.80363 27.60033 -2.91090 140 140 140
-0.68867 27.59987 -2.96196 140 140 140
-0.56888 27.59846 -3.00022 144 144 144
-0.44933 27.59682 -3.03915 139 139 139
-0.32725 27.59785 -3.06926 142 142 142
-0.20451 27.60045 -3.09634 137 137 137
-0.08009 27.59419 -3.11408 142 142 142
0.04407 27.60061 -3.13280 144 144 144
0.16865 27.59696 -3.15015 135 135 135
0.29432 27.59941 -3.15481 146 146 146
0.41997 27.60047 -3.15925 141 141 141
0.54552 27.60500 -3.15233 139 139 139
0.67097 27.59643 -3.14617 142 142 142
0.79653 27.60114 -3.13849 141 141 141
0.91995 27.59745 -3.11363 134 134 134
1.04425 27.59668 -3.09538 143 143 143
1.16675 27.59994 -3.06745 146 146 146
1.28794 27.60380 -3.03449 136 136 136
1.40863 27.60162 -2.99968 150 150 150
1.52723 27.59695 -2.95824 134 134 134
1.64487 27.60058 -2.91406 145 145 145
1.75863 27.59840 -2.86067 137 137 137
1.87196 27.60244 -2.80657 138 138 138
1.98157 27.59803 -2.74531 154 154 154
2.09280 27.60094 -2.68669 147 147 147
2.19842 27.59923 -2.61852 136 136 136
2.30256 27.59915 -2.54805 141 141 141
2.40224 27.59651 -2.47138 143 143 143
2.49915 27.60000 -2.39129 140 140 140
2.58586 27.60122 -2.29993 148 148 148
2.68326 27.59706 -2.22017 155 155 155
2.77133 27.60489 -2.13045 152 152 152
2.85702 27.60096 -2.03831 143 143 143
2.93391 27.59774 -1.93871 141 141 141
3.00745 27.60365 -1.83679 152 152 152
3.08355 27.60491 -1.73662 159 159 159
3.14975 27.60568 -1.62969 151 151 151
3.21514 27.60141 -1.52225 157 157 157
3.26650 27.60232 -1.40726 155 155 155
3.32731 27.60094 -1.29718 158 158 158
3.37299 27.60604 -1.18006 156 156 156
3.41958 27.59932 -1.06349 151 151 151
3.46382 27.60011 -0.94588 158 158 158
3.50189 27.59842 -0.82607 162 162 162
3.53077 27.59815 -0.70371 159 159 159
3.56024 27.60241 -0.58151 163 163 163
3.58267 27.59663 -0.45780 161 161 161
3.59795 27.59860 -0.33301 165 165 165
3.60922 27.59970 -0.20787 163 163 163
3.61789 27.59811 -0.08252 167 167 167
3.61492 28.00228 0.04375 170 170 170
3.61873 27.99509 0.16943 171 171 171
3.61134 28.00098 0.29492 170 170 170
3.59572 28.00037 0.41962 171 171 171
3.58057 27.99955 0.54434 171 171 171
3.55458 28.00511 0.66726 174 174 174
3.53158 27.99735 0.79078 177 177 177
3.50291 28.00032 0.91323 167 167 167
3.46488 27.99946 1.03310 167 167 167
3.42358 27.99666 1.15184 173 173 173
3.37157 27.99823 1.26634 181 181 181
3.32355 28.00139 1.38231 177 177 177
3.26695 27.99918 1.49435 181 181 181
3.21199 27.99999 1.60735 183 183 183
3.14267 28.00334 1.71222 181 181 181
3.08163 28.00202 1.82221 183 183 183
3.00790 28.00081 1.92398 175 175 175
2.93464 28.00079 2.02615 181 181 181
2.85652 28.00345 2.12475 185 185 185
2.76988 28.00116 2.21597 182 182 182
2.68382 27.99538 2.30759 185 185 185
2.59251 28.00188 2.39398 190 190 190
2.49802 28.00015 2.47682 190 190 190
2.40050 28.00387 2.55603 188 188 188
2.30209 27.99863 2.63425 182 182 182
2.19658 28.00082 2.70263 182 182 182
2.08933 28.00282 2.76788 194 194 194
1.98227 28.00389 2.83342 183 183 183
1.87454 27.99888 2.89849 189 189 189
1.75953 28.00034 2.94945 195 195 195
1.64416 27.99828 2.99919 195 195 195
1.52955 27.99948 3.05138 189 189 189
1.41054 28.00196 3.09239 199 199 199
1.28907 28.00215 3.12531 194 194 194
1.16746 27.99994 3.15724 192 192 192
1.04499 27.99554 3.18591 195 195 195
0.92104 28.00181 3.20732 194 194 194
0.79670 28.00215 3.22667 196 196 196
0.67150 28.00089 3.23966 189 189 189
0.54554 28.00373 3.23941 195 195 195
0.41998 27.99934 3.24716 196 196 196
0.29424 27.99945 3.24404 192 192 192
0.16841 28.00360 3.24022 182 182 182
0.04369 28.00046 3.22302 196 196 196
-0.08067 28.00098 3.20473 196 196 196
-0.20479 27.99768 3.18469 192 192 192
-0.32700 28.00438 3.15516 195 195 195
-0.44892 28.00230 3.12464 195 195 195
-0.56916 27.99964 3.08801 196 196 196
-0.68935 28.00046 3.05073 190 190 190
-0.80424 27.99588 2.99928 192 192 192
-0.92093 27.99861 2.95240 198 198 198
-1.03602 28.00077 2.90131 190 190 190
-1.14174 28.00295 2.83239 190 190 190
-1.24848 27.99744 2.76643 195 195 195
-1.35831 27.99679 2.70515 192 192 192
-1.46119 28.00055 2.63296 192 192 192
-1.56071 27.99392 2.55625 194 194 194
-1.65805 27.99281 2.47681 199 199 199
-1.75229 27.99642 2.39370 188 188 188
-1.84435 28.00093 2.30808 186 186 186
-1.92529 28.00007 2.21170 187 187 187
-2.01238 27.99897 2.12119 181 181 181
-2.09679 27.99985 2.02781 188 188 188
-2.16774 28.00335 1.92384 180 180 180
-2.23956 28.00201 1.82080 184 184 184
-2.31160 27.99982 1.71767 176 176 176
-2.37113 27.99770 1.60685 181 181 181
-2.43867 28.00217 1.50030 184 184 184
-2.48437 28.00053 1.38268 180 180 180
-2.53871 28.00326 1.26928 175 175 175
-2.58721 28.00195 1.15316 178 178 178
-2.63023 28.00186 1.03482 177 177 177
-2.66106 27.99434 0.91269 177 177 177
-2.69526 28.00237 0.79165 168 168 168
-2.72413 28.00314 0.66915 172 172 172
-2.74273 27.99781 0.54467 172 172 172
-2.75636 27.99828 0.41970 165 165 165
-2.77076 27.99891 0.29487 163 163 163
-2.77279 28.00416 0.16919 168 168 168
-2.77899 27.99829 0.04375 166 166 166
-2.77427 27.99896 -0.08175 164 164 164
-2.77278 28.00180 -0.20753 166 166 166
-2.76193 27.99801 -0.33285 161 161 161
-2.74161 27.99784 -0.45700 163 163 163
-2.71761 27.99949 -0.58036 160 160 160
-2.68961 28.00167 -0.70280 165 165 165
-2.65425 27.99775 -0.82327 159 159 159
-2.61943 27.99916 -0.94382 160 160 160
-2.58356 27.99906 -1.06431 150 150 150
-2.53655 27.99822 -1.18088 151 151 151
-2.48510 28.00452 -1.29551 159 159 159
-2.43536 27.99912 -1.41112 154 154 154
-2.37619 27.99987 -1.52218 152 152 152
-2.30820 27.99808 -1.62808 153 153 153
-2.23977 27.99884 -1.73344 158 158 158
-2.16969 27.99995 -1.83775 144 144 144
-2.09693 28.00008 -1.94042 155 155 155
-2.01457 28.00306 -2.03556 149 149 149
-1.93326 28.00453 -2.13157 155 155 155
-1.84111 27.99712 -2.21734 147 147 147
-1.75035 28.00285 -2.30410 142 142 142
-1.65950 27.99464 -2.39101 150 150 150
-1.56103 28.00188 -2.46916 145 145 145
-1.46316 28.00030 -2.54818 146 146 146
-1.35931 27.99730 -2.61914 134 134 134
-1.25281 27.99911 -2.68600 140 140 140
-1.14484 28.00223 -2.75044 143 143 143
-1.03511 28.00102 -2.81202 146 146 146
-0.92147 28.00262 -2.86609 147 147 147
-0.80560 27.99996 -2.91505 148 148 148
-0.68705 27.99905 -2.95697 138 138 138
-0.56992 28.00017 -3.00285 141 141 141
-0.44965 27.99928 -3.03973 136 136 136
-0.32708 27.99998 -3.06799 144 144 144
-0.20510 27.99637 -3.09874 133 133 133
-0.08119 28.00325 -3.12051 136 136 136
0.04395 27.99853 -3.13335 141 141 141
0.16890 27.99827 -3.14657 144 144 144
0.29440 28.00198 -3.15252 139 139 139
0.41998 27.99967 -3.15689 138 138 138
0.54541 28.00014 -3.14865 141 141 141
0.67076 28.00280 -3.14270 141 141 141
0.79632 27.99723 -3.13590 139 139 139
0.92006 28.00054 -3.11365 135 135 135
1.04441 27.99920 -3.09550 142 142 142
1.16672 27.99960 -3.06666 141 141 141
1.28731 27.99913 -3.03156 140 140 140
1.40939 27.99996 -3.00133 142 142 142
1.53091 27.99945 -2.96757 141 141 141
1.64426 27.99848 -2.91191 142 142 142
1.75796 28.00420 -2.85855 144 144 144
1.87451 28.00266 -2.81093 143 143 143
1.98730 27.99867 -2.75491 138 138 138
2.09128 27.99985 -2.68356 146 146 146
2.19937 27.99703 -2.61930 150 150 150
2.30060 27.99693 -2.54470 148 148 148
2.39940 27.99601 -2.46713 144 144 144
2.49882 27.99745 -2.39026 152 152 152
2.59434 28.00355 -2.30846 149 149 149
2.67949 27.99835 -2.21576 153 153 153
2.76751 28.00100 -2.12628 148 148 148
2.85051 28.00146 -2.03212 144 144 144
2.93005 28.00309 -1.93503 153 153 153
3.01534 28.00477 -1.84189 150 150 150
3.08144 28.00068 -1.73458 153 153 153
3.15173 28.00029 -1.63027 154 154 154
3.21217 27.99780 -1.51995 153 153 153
3.27311 27.99755 -1.40999 152 152 152
3.32797 28.00082 -1.29685 160 160 160
3.37857 28.00162 -1.18174 158 158 158
3.41827 27.99797 -1.06238 162 162 162
3.46581 28.00010 -0.94590 158 158 158
3.49827 27.99689 -0.82442 157 157 157
3.52546 28.00601 -0.70181 158 158 158
3.55908 28.00056 -0.58065 163 163 163
3.58067 27.99620 -0.45685 161 161 161
3.59963 27.99936 -0.33259 164 164 164
3.61303 28.00133 -0.20755 162 162 162
3.61296 28.00051 -0.08170 168 168 168
3.61502 28.39740 0.04437 164 164 164
3.61343 28.39730 0.16985 165 165 165
3.60429 28.39887 0.29500 163 163 163
3.59715 28.39605 0.42044 174 174 174
3.57643 28.39522 0.54434 169 169 169
3.55533 28.40059 0.66807 171 171 171
3.53488 28.39918 0.79224 180 180 180
3.49820 28.40305 0.91258 179 179 179
3.47090 28.40463 1.03574 170 170 170
3.42224 28.39738 1.15204 184 184 184
3.37455 28.40199 1.26828 173 173 173
3.32715 28.39936 1.38469 169 169 169
3.26699 28.39906 1.49510 188 188 188
3.20781 28.39994 1.60575 182 182 182
3.14642 28.40033 1.71526 183 183 183
3.08069 28.40203 1.82234 177 177 177
3.00565 28.40530 1.92312 187 187 187
2.93004 28.40091 2.02331 179 179 179
2.85771 28.39982 2.12656 188 188 188
2.76790 28.39892 2.21496 192 192 192
2.68362 28.39727 2.30821 187 187 187
2.59381 28.39569 2.39622 184 184 184
2.49531 28.40023 2.47451 187 187 187
2.39770 28.40101 2.55335 181 181 181
2.29991 28.39863 2.63215 198 198 198
2.19916 28.40240 2.70741 189 189 189
2.08907 28.39715 2.76841 187 187 187
1.98366 28.40031 2.83688 194 194 194
1.87186 28.40244 2.89425 185 185 185
1.76082 28.40530 2.95331 192 192 192
1.64449 28.39769 3.00109 193 193 193
1.52732 28.40041 3.04650 196 196 196
1.40886 28.39882 3.08844 193 193 193
1.28770 28.40239 3.12180 202 202 202
1.16638 28.39985 3.15421 199 199 199
1.04403 28.39912 3.18268 189 189 189
0.92025 28.40115 3.20425 189 189 189
0.79634 28.39732 3.22591 197 197 197
0.67087 28.40137 3.23479 195 195 195
0.54529 28.39994 3.23876 200 200 200
0.41978 28.40128 3.24150 188 188 188
0.29414 28.40276 3.24222 196 196 196
0.16865 28.39821 3.23524 190 190 190
0.04393 28.40297 3.21995 189 189 189
-0.08133 28.40054 3.20823 199 199 199
-0.20368 28.40131 3.17870 185 185 185
-0.32806 28.40486 3.15934 193 193 193
-0.44710 28.40063 3.11808 197 197 197
-0.56894 28.39859 3.08735 196 196 196
-0.68660 28.39963 3.04336 191 191 191
-0.80626 28.40399 3.00430 199 199 199
-0.91672 28.40128 2.94346 195 195 195
-1.03151 28.40019 2.89268 185 185 185
-1.14758 28.40024 2.84310 194 194 194
-1.25258 28.40091 2.77342 198 198 198
-1.35993 28.39828 2.70790 193 193 193
-1.45686 28.40058 2.62735 195 195 195
-1.56616 28.40150 2.56353 190 190 190
-1.65889 28.39771 2.47819 181 181 181
-1.74817 28.40364 2.38965 178 178 178
-1.84227 28.40048 2.30643 191 191 191
-1.93090 28.40096 2.21732 186 186 186
-2.01638 28.39772 2.12505 187 187 187
-2.09067 28.39878 2.02345 181 181 181
-2.17354 28.40386 1.92853 189 189 189
-2.24517 28.39755 1.82504 179 179 179
-2.30818 28.40160 1.71607 183 183 183
-2.37468 28.40094 1.60935 186 186 186
-2.43167 28.40230 1.49726 181 181 181
-2.48680 28.39532 1.38432 178 178 178
-2.53839 28.39521 1.26969 180 180 180
-2.58258 28.39824 1.15200 176 176 176
-2.62699 28.39926 1.03433 179 179 179
-2.66257 28.40156 0.91369 178 178 178
-2.69384 28.39924 0.79189 168 168 168
-2.72073 28.40331 0.66906 172 172 172
-2.74364 28.40188 0.54541 177 177 177
-2.75598 28.40075 0.42025 172 172 172
-2.77312 28.39901 0.29566 164 164 164
-2.78705 28.40143 0.17037 172 172 172
-2.77659 28.40473 0.04438 168 168 168
-2.77628 28.40006 -0.08120 171 171 171
-2.76609 28.40510 -0.20636 170 170 170
-2.76214 28.40167 -0.33223 159 159 159
-2.74327 28.40249 -0.45660 159 159 159
-2.72012 28.39901 -0.58019 172 172 172
-2.68643 28.39784 -0.70136 165 165 165
-2.66876 28.40345 -0.82668 162 162 162
-2.63029 28.40146 -0.94665 152 152 152
-2.58453 28.40225 -1.06397 157 157 157
-2.53129 28.39679 -1.17800 153 153 153
-2.48502 28.39938 -1.29476 148 148 148
-2.42802 28.40176 -1.40665 163 163 163
-2.37481 28.39817 -1.52067 152 152 152
-2.30656 28.40130 -1.62633 154 154 154
-2.24049 28.40256 -1.73316 156 156 156
-2.16832 28.39861 -1.83599 153 153 153
-2.09553 28.39759 -1.93853 155 155 155
-2.01454 28.40247 -2.03473 150 150 150
-1.92943 28.39978 -2.12721 152 152 152
-1.84098 28.39904 -2.21638 146 146 146
-1.74839 28.40274 -2.30114 150 150 150
-1.66035 28.39809 -2.39114 149 149 149
-1.55955 28.40259 -2.46639 145 145 145
-1.46098 28.39876 -2.54426 141 141 141
-1.35774 28.39795 -2.61587 142 142 142
-1.24986 28.39842 -2.68023 138 138 138
-1.14518 28.40377 -2.75006 141 141 141
-1.03286 28.39952 -2.80660 134 134 134
-0.91899 28.39978 -2.85963 149 149 149
-0.80546 28.40337 -2.91362 144 144 144
-0.68886 28.39523 -2.96073 143 143 143
-0.56803 28.39539 -2.99580 136 136 136
-0.44891 28.40104 -3.03576 141 141 141
-0.32663 28.39691 -3.06462 137 137 137
-0.20464 28.40429 -3.09477 142 142 142
-0.08139 28.39905 -3.11990 144 144 144
0.04356 28.40332 -3.13427 141 141 141
0.16878 28.39781 -3.14482 135 135 135
0.29419 28.40345 -3.15198 141 141 141
0.41978 28.39974 -3.15464 142 142 142
0.54527 28.40224 -3.14966 144 144 144
0.67043 28.40290 -3.14047 138 138 138
0.79566 28.40494 -3.13144 140 140 140
0.92090 28.39896 -3.11957 142 142 142
1.04375 28.40214 -3.09253 143 143 143
1.16635 28.40000 -3.06532 141 141 141
1.28860 28.39783 -3.03623 140 140 140
1.40927 28.39888 -3.00098 139 139 139
1.52540 28.39839 -2.95253 142 142 142
1.64478 28.40158 -2.91305 141 141 141
1.75909 28.39927 -2.86081 136 136 136
1.87004 28.40293 -2.80192 144 144 144
1.98269 28.39810 -2.74639 144 144 144
2.09267 28.40007 -2.68554 147 147 147
2.19858 28.39899 -2.61779 142 142 142
2.30161 28.39760 -2.54575 154 154 154
2.40187 28.40308 -2.46989 142 142 142
2.49418 28.39923 -2.38443 146 146 146
2.59386 28.39678 -2.30753 142 142 142
2.68451 28.40171 -2.22036 148 148 148
2.77261 28.39689 -2.13056 153 153 153
2.85346 28.40108 -2.03419 152 152 152
2.92915 28.40088 -1.93386 150 150 150
3.01078 28.39759 -1.83810 151 151 151
3.07682 28.40264 -1.73100 151 151 151
3.14983 28.40066 -1.62860 145 145 145
3.21165 28.39922 -1.51915 150 150 150
3.26939 28.39828 -1.40758 149 149 149
3.32352 28.40343 -1.29427 150 150 150
3.36744 28.40140 -1.17659 157 157 157
3.41956 28.40016 -1.06230 156 156 156
3.46332 28.40116 -0.94453 160 160 160
3.49479 28.39776 -0.82287 160 160 160
3.53698 28.40058 -0.70400 163 163 163
3.55949 28.40038 -0.58015 157 157 157
3.58186 28.39558 -0.45645 165 165 165
3.60442 28.39986 -0.33255 161 161 161
3.60081 28.40348 -0.20598 163 163 163
3.61757 28.40010 -0.08127 173 173 173
3.61983 28.80073 0.04500 169 169 169
3.61553 28.79834 0.17058 166 166 166
3.61725 28.80267 0.29668 177 177 177
3.59517 28.79899 0.42088 175 175 175
3.58134 28.80279 0.54581 173 173 173
3.55739 28.80020 0.66919 173 173 173
3.52683 28.80217 0.79104 170 170 170
3.49178 28.80057 0.91151 176 176 176
3.46027 28.80123 1.03305 173 173 173
3.41771 28.80257 1.15115 175 175 175
3.37784 28.79904 1.27044 179 179 179
3.32418 28.79895 1.38414 181 181 181
3.26964 28.80175 1.49729 186 186 186
3.21003 28.80403 1.60785 179 179 179
3.14949 28.80156 1.71802 183 183 183
3.08324 28.80281 1.82495 183 183 183
3.00688 28.79766 1.92494 187 187 187
2.92581 28.79542 2.02092 183 183 183
2.85224 28.80213 2.12287 191 191 191
2.76698 28.79986 2.21511 186 186 186
2.68521 28.80170 2.31084 183 183 183
2.59432 28.79943 2.39786 182 182 182
2.49345 28.80074 2.47344 190 190 190
2.39621 28.79670 2.55262 192 192 192
2.30273 28.79748 2.63724 187 187 187
2.19694 28.79908 2.70532 190 190 190
2.09049 28.80353 2.77203 185 185 185
1.98180 28.80069 2.83493 196 196 196
1.87466 28.79659 2.90118 191 191 191
1.75624 28.79894 2.94491 191 191 191
1.64531 28.80131 3.00469 190 190 190
1.52995 28.79926 3.05536 195 195 195
1.40942 28.79601 3.09207 189 189 189
1.28799 28.79894 3.12490 203 203 203
1.16511 28.79999 3.15126 199 199 199
1.04297 28.79901 3.18005 199 199 199
0.92001 28.80070 3.20592 194 194 194
0.79599 28.79957 3.22707 196 196 196
0.67064 28.79986 3.23774 199 199 199
0.54482 28.80098 3.23808 200 200 200
0.41937 28.80066 3.24552 199 199 199
0.29360 28.80167 3.24585 198 198 198
0.16836 28.79990 3.23432 200 200 200
0.04287 28.79735 3.22599 199 199 199
-0.08050 28.79761 3.20105 195 195 195
-0.20559 28.80029 3.18688 199 199 199
-0.32576 28.80063 3.14866 198 198 198
-0.44753 28.79984 3.11877 204 204 204
-0.57129 28.80016 3.09391 193 193 193
-0.68993 28.79706 3.05188 198 198 198
-0.80550 28.80153 3.00209 198 198 198
-0.92077 28.79977 2.95199 190 190 190
-1.03610 28.80040 2.90152 196 196 196
-1.14522 28.79819 2.83877 192 192 192
-1.25106 28.80218 2.77088 197 197 197
-1.35701 28.79994 2.70353 196 196 196
-1.45972 28.80144 2.63134 185 185 185
-1.56152 28.80015 2.55775 190 190 190
-1.65780 28.79878 2.47705 189 189 189
-1.75043 28.80186 2.39227 183 183 183
-1.84695 28.80260 2.31131 178 178 178
-1.92882 28.80123 2.21564 186 186 186
-2.01018 28.80159 2.12003 181 181 181
-2.09597 28.79751 2.02793 189 189 189
-2.17203 28.79913 1.92776 184 184 184
-2.24662 28.79690 1.82635 185 185 185
-2.30572 28.80213 1.71494 184 184 184
-2.37518 28.79698 1.61002 177 177 177
-2.42984 28.80061 1.49674 184 184 184
-2.48221 28.79812 1.38264 180 180 180
-2.53011 28.80262 1.26671 180 180 180
-2.58682 28.80051 1.15404 182 182 182
-2.61883 28.79770 1.03217 173 173 173
-2.65959 28.80173 0.91336 174 174 174
-2.69713 28.80522 0.79320 177 177 177
-2.71289 28.79666 0.66804 177 177 177
-2.74332 28.79921 0.54592 170 170 170
-2.75800 28.80029 0.42107 172 172 172
-2.77181 28.79954 0.29615 166 166 166
-2.77537 28.79879 0.17052 174 174 174
-2.77836 28.79791 0.04500 170 170 170
-2.77807 28.80318 -0.08063 166 166 166
-2.76792 28.79731 -0.20584 165 165 165
-2.75949 28.79419 -0.33124 163 163 163
-2.74472 28.79827 -0.45614 160 160 160
-2.71741 28.80122 -0.57894 164 164 164
-2.69110 28.79978 -0.70176 154 154 154
-2.66340 28.79781 -0.82443 154 154 154
-2.61779 28.80284 -0.94183 161 161 161
-2.58192 28.80614 -1.06223 158 158 158
-2.53352 28.79721 -1.17813 161 161 161
-2.48827 28.80216 -1.29544 157 157 157
-2.43103 28.79910 -1.40735 159 159 159
-2.37609 28.79952 -1.52053 154 154 154
-2.30716 28.80235 -1.62582 156 156 156
-2.23960 28.80370 -1.73166 154 154 154
-2.16868 28.79439 -1.83532 149 149 149
-2.09693 28.80029 -1.93869 155 155 155
-2.01860 28.80497 -2.03722 150 150 150
-1.92920 28.80264 -2.12599 153 153 153
-1.84184 28.79802 -2.21620 144 144 144
-1.75264 28.79948 -2.30467 145 145 145
-1.65780 28.79792 -2.38705 141 141 141
-1.56364 28.79759 -2.47043 147 147 147
-1.45957 28.80078 -2.54113 143 143 143
-1.35920 28.80037 -2.61681 141 141 141
-1.24904 28.80052 -2.67760 136 136 136
-1.14349 28.79515 -2.74567 137 137 137
-1.03053 28.79834 -2.80057 144 144 144
-0.92076 28.79680 -2.86195 140 140 140
-0.80747 28.79881 -2.91683 144 144 144
-0.68583 28.79996 -2.95076 146 146 146
-0.56677 28.80335 -2.99002 142 142 142
-0.44935 28.79329 -3.03522 147 147 147
-0.32760 28.79946 -3.06634 142 142 142
-0.20390 28.80176 -3.08834 136 136 136
-0.08193 28.80135 -3.12003 141 141 141
0.04321 28.79766 -3.13313 144 144 144
0.16860 28.80230 -3.14122 134 134 134
0.29370 28.79922 -3.15332 140 140 140
0.41937 28.79742 -3.15001 143 143 143
0.54484 28.79939 -3.14848 147 147 147
0.67068 28.80133 -3.14819 141 141 141
0.79577 28.80189 -3.13519 136 136 136
0.92105 28.80024 -3.12253 139 139 139
1.04505 28.79738 -3.10052 137 137 137
1.16732 28.80008 -3.07047 132 132 132
1.28828 28.79979 -3.03593 143 143 143
1.40935 28.79654 -3.00184 140 140 140
1.52697 28.80013 -2.95729 140 140 140
1.64311 28.80061 -2.90939 136 136 136
1.75810 28.80149 -2.85894 146 146 146
1.87161 28.80322 -2.80519 141 141 141
1.98216 28.80233 -2.74558 140 140 140
2.08947 28.80227 -2.68036 140 140 140
2.19894 28.79727 -2.61833 147 147 147
2.29987 28.79496 -2.54330 142 142 142
2.40233 28.80197 -2.47038 145 145 145
2.49619 28.79739 -2.38664 146 146 146
2.59193 28.80151 -2.30527 150 150 150
2.68063 28.79852 -2.21627 146 146 146
2.76871 28.80170 -2.12671 151 151 151
2.85567 28.79614 -2.03580 150 150 150
2.93340 28.79805 -1.93690 155 155 155
3.00281 28.79416 -1.83198 156 156 156
3.08287 28.79595 -1.73469 155 155 155
3.14945 28.79863 -1.62800 149 149 149
3.21352 28.79870 -1.51980 151 151 151
3.27086 28.80052 -1.40791 158 158 158
3.32550 28.80047 -1.29475 160 160 160
3.37682 28.80277 -1.18002 162 162 162
3.42715 28.79838 -1.06463 163 163 163
3.46089 28.79975 -0.94325 157 157 157
3.49578 28.80122 -0.82264 157 157 157
3.53206 28.79940 -0.70229 160 160 160
3.55739 28.79773 -0.57919 160 160 160
3.57071 28.79699 -0.45412 162 162 162
3.59970 28.80411 -0.33142 163 163 163
3.60704 28.80164 -0.20588 168 168 168
3.60805 28.80128 -0.08028 163 163 163
3.61025 29.20236 0.04562 168 168 168
3.61046 29.20391 0.17103 171 171 171
3.60776 29.20083 0.29661 171 171 171
3.59656 29.19990 0.42174 163 163 163
3.57489 29.20426 0.54551 167 167 167
3.55906 29.20275 0.67027 177 177 177
3.52895 29.19900 0.79232 177 177 177
3.49877 29.20048 0.91428 173 173 173
3.45979 29.20022 1.03372 175 175 175
3.41512 29.19975 1.15105 169 169 169
3.37625 29.19980 1.27067 176 176 176
3.32366 29.20131 1.38481 174 174 174
3.27429 29.19746 1.50060 181 181 181
3.20879 29.20151 1.60813 185 185 185
3.15346 29.20136 1.72147 180 180 180
3.07969 29.19562 1.82361 183 183 183
3.00841 29.20150 1.92713 183 183 183
2.93280 29.20288 2.02755 186 186 186
2.85115 29.20072 2.12310 188 188 188
2.76840 29.19853 2.21763 188 188 188
2.68046 29.20005 2.30735 184 184 184
2.59431 29.19753 2.39915 192 192 192
2.49778 29.20055 2.47987 190 190 190
2.40102 29.19817 2.56014 189 189 189
2.29750 29.19692 2.63153 192 192 192
2.19445 29.19516 2.70317 184 184 184
2.08833 29.20212 2.77016 195 195 195
1.98305 29.19946 2.83890 192 192 192
1.87111 29.19792 2.89606 186 186 186
1.76071 29.19856 2.95660 195 195 195
1.64420 29.20297 3.00415 189 189 189
1.52618 29.20025 3.04747 197 197 197
1.40781 29.19791 3.08968 190 190 190
1.28780 29.20150 3.12710 196 196 196
1.16588 29.20320 3.15772 195 195 195
1.04309 29.20273 3.18444 195 195 195
0.91943 29.19634 3.20686 194 194 194
0.79453 29.19541 3.22068 192 192 192
0.66932 29.19464 3.22957 197 197 197
0.54415 29.20080 3.23767 191 191 191
0.41874 29.20091 3.23888 195 195 195
0.29286 29.19789 3.24947 197 197 197
0.16783 29.19747 3.23367 188 188 188
0.04216 29.19926 3.22729 205 205 205
-0.08263 29.20009 3.21114 182 182 182
-0.20510 29.20061 3.18187 193 193 193
-0.32995 29.19939 3.16411 201 201 201
-0.44965 29.20320 3.12470 195 195 195
-0.57057 29.19805 3.09039 192 192 192
-0.68916 29.19987 3.04871 193 193 193
-0.80597 29.20367 3.00232 195 195 195
-0.92201 29.19905 2.95394 187 187 187
-1.03339 29.20048 2.89558 193 193 193
-1.14438 29.19891 2.83677 190 190 190
-1.25224 29.20045 2.77240 186 186 186
-1.36363 29.19881 2.71313 197 197 197
-1.46168 29.20043 2.63380 188 188 188
-1.56433 29.19756 2.56114 193 193 193
-1.66256 29.20175 2.48251 185 185 185
-1.75593 29.19833 2.39817 185 185 185
-1.84617 29.20068 2.31054 185 185 185
-1.92759 29.20088 2.21455 174 174 174
-2.01381 29.19872 2.12322 181 181 181
-2.09433 29.20039 2.02676 183 183 183
-2.16921 29.20120 1.92588 183 183 183
-2.24097 29.20269 1.82278 187 187 187
-2.30944 29.20518 1.71746 180 180 180
-2.37817 29.20048 1.61197 187 187 187
-2.43372 29.20006 1.49903 178 178 178
-2.49340 29.19889 1.38814 185 185 185
-2.53972 29.20108 1.27106 178 178 178
-2.58035 29.20236 1.15205 180 180 180
-2.62630 29.19884 1.03502 175 175 175
-2.65604 29.20011 0.91280 175 175 175
-2.68762 29.20115 0.79139 180 180 180
-2.71500 29.19396 0.66896 167 167 167
-2.74587 29.19838 0.54685 172 172 172
-2.76456 29.20015 0.42239 169 169 169
-2.77207 29.20587 0.29675 179 179 179
-2.77224 29.20499 0.17100 171 171 171
-2.78343 29.19848 0.04563 169 169 169
-2.77644 29.20238 -0.07991 163 163 163
-2.77251 29.20138 -0.20553 162 162 162
-2.75797 29.20001 -0.33036 162 162 162
-2.74030 29.20060 -0.45472 161 161 161
-2.72482 29.20147 -0.57967 163 163 163
-2.69115 29.19743 -0.70099 159 159 159
-2.65880 29.19911 -0.82233 150 150 150
-2.62947 29.20108 -0.94480 159 159 159
-2.58549 29.20353 -1.06269 158 158 158
-2.53693 29.19957 -1.17865 161 161 161
-2.48751 29.19821 -1.29417 160 160 160
-2.43179 29.19926 -1.40679 158 158 158
-2.37416 29.19976 -1.51847 149 149 149
-2.31275 29.20376 -1.62823 160 160 160
-2.24414 29.20133 -1.73365 151 151 151
-2.16980 29.19582 -1.83506 154 154 154
-2.09712 29.20359 -1.93771 153 153 153
-2.01685 29.20036 -2.03456 148 148 148
-1.92725 29.19754 -2.12299 144 144 144
-1.84582 29.20309 -2.21893 150 150 150
-1.75383 29.20575 -2.30464 152 152 152
-1.66130 29.19626 -2.38979 142 142 142
-1.55987 29.19862 -2.46422 142 142 142
-1.46205 29.19915 -2.54305 143 143 143
-1.35490 29.19736 -2.60881 148 148 148
-1.25586 29.20146 -2.68706 149 149 149
-1.14291 29.19841 -2.74290 150 150 150
-1.03415 29.20189 -2.80583 146 146 146
-0.92086 29.19914 -2.86019 138 138 138
-0.80667 29.20161 -2.91277 146 146 146
-0.69044 29.20143 -2.96093 140 140 140
-0.56919 29.19895 -2.99489 142 142 142
-0.45024 29.19591 -3.03552 137 137 137
-0.32676 29.19970 -3.05961 149 149 149
-0.20521 29.20154 -3.09116 141 141 141
-0.08284 29.20590 -3.12120 148 148 148
0.04187 29.20286 -3.13853 141 141 141
0.16763 29.20006 -3.14499 141 141 141
0.29308 29.20114 -3.15263 143 143 143
0.41874 29.20206 -3.15851 142 142 142
0.54433 29.19386 -3.15098 134 134 134
0.66975 29.20004 -3.14380 143 143 143
0.79467 29.19895 -3.13059 138 138 138
0.91937 29.20046 -3.11527 144 144 144
1.04420 29.20128 -3.09878 141 141 141
1.16487 29.19846 -3.06225 146 146 146
1.28863 29.19957 -3.03877 139 139 139
1.40722 29.19798 -2.99661 136 136 136
1.52676 29.20056 -2.95780 139 139 139
1.64277 29.19618 -2.90944 151 151 151
1.76019 29.20180 -2.86421 147 147 147
1.86878 29.20216 -2.80024 138 138 138
1.98314 29.19871 -2.74782 147 147 147
2.09307 29.19977 -2.68663 144 144 144
2.19880 29.20157 -2.61842 149 149 149
2.30226 29.20101 -2.54682 147 147 147
2.39945 29.19886 -2.46689 146 146 146
2.49738 29.19986 -2.38815 143 143 143
2.59243 29.20030 -2.30586 143 143 143
2.68093 29.20074 -2.21657 151 151 151
2.76661 29.19779 -2.12473 147 147 147
2.84628 29.19691 -2.02769 151 151 151
2.93383 29.20002 -1.93711 155 155 155
3.00542 29.19912 -1.83371 148 148 148
3.07798 29.20422 -1.73122 153 153 153
3.14531 29.20485 -1.62522 144 144 144
3.21035 29.20308 -1.51776 149 149 149
3.27107 29.19604 -1.40771 158 158 158
3.33047 29.20229 -1.29670 162 162 162
3.38108 29.20110 -1.18142 155 155 155
3.42474 29.20152 -1.06335 160 160 160
3.46268 29.19686 -0.94341 159 159 159
3.49900 29.20122 -0.82310 152 152 152
3.53593 29.20106 -0.70275 156 156 156
3.55753 29.20033 -0.57872 168 168 168
3.58496 29.20172 -0.45586 167 167 167
3.59972 29.20066 -0.33087 160 160 160
3.60895 29.20178 -0.20545 171 171 171
3.62199 29.19941 -0.08023 179 179 179
3.61636 29.59769 0.04625 163 163 163
3.61679 29.60151 0.17193 170 170 170
3.60869 29.60071 0.29737 175 175 175
3.59705 29.60318 0.42253 165 165 165
3.57953 29.59981 0.54700 179 179 179
3.55585 29.60381 0.67043 172 172 172
3.53207 29.60486 0.79390 181 181 181
3.49770 29.59479 0.91485 174 174 174
3.45952 29.60315 1.03453 174 174 174
3.41855 29.59912 1.15325 172 172 172
3.38212 29.60462 1.27407 186 186 186
3.31967 29.60005 1.38398 176 176 176
3.26751 29.59898 1.49820 181 181 181
3.20884 29.60045 1.60925 177 177 177
3.14441 29.59880 1.71706 182 182 182
3.07767 29.59955 1.82345 188 188 188
3.00761 29.60002 1.92779 187 187 187
2.93014 29.59685 2.02674 186 186 186
2.84774 29.59995 2.12153 181 181 181
2.77291 29.59956 2.22320 190 190 190
2.68114 29.60100 2.30949 194 194 194
2.59116 29.59922 2.39728 190 190 190
2.49820 29.60047 2.48197 199 199 199
2.39766 29.59519 2.55757 183 183 183
2.29965 29.60200 2.63626 185 185 185
2.19430 29.60319 2.70482 192 192 192
2.08577 29.59571 2.76797 188 188 188
1.98353 29.59945 2.84190 199 199 199
1.86905 29.60162 2.89431 204 204 204
1.75566 29.59839 2.94809 196 196 196
1.64470 29.59918 3.00802 190 190 190
1.52413 29.60246 3.04484 194 194 194
1.40675 29.60206 3.08963 195 195 195
1.28698 29.59985 3.12778 199 199 199
1.16570 29.60143 3.16107 197 197 197
1.04172 29.60005 3.18244 193 193 193
0.91809 29.59659 3.20433 198 198 198
0.79455 29.59882 3.22857 199 199 199
0.66899 29.59630 3.23674 194 194 194
0.54355 29.59768 3.24437 191 191 191
0.41790 29.60455 3.24503 195 195 195
0.29224 29.59834 3.24440 196 196 196
0.16712 29.59613 3.23265 192 192 192
0.04219 29.60110 3.22061 193 193 193
-0.08173 29.59968 3.20079 198 198 198
-0.20613 29.60183 3.18346 194 194 194
-0.32866 29.59986 3.15590 195 195 195
-0.45108 29.59920 3.12742 192 192 192
-0.56962 29.60312 3.08552 190 190 190
-0.68950 29.59756 3.04797 193 193 193
-0.80740 29.60164 3.00437 194 194 194
-0.92419 29.60250 2.95745 194 194 194
-1.03578 29.60122 2.89925 190 190 190
-1.14557 29.59988 2.83802 198 198 198
-1.25475 29.60302 2.77576 195 195 195
-1.35869 29.60471 2.70510 197 197 197
-1.46108 29.59671 2.63243 195 195 195
-1.56570 29.59730 2.56243 179 179 179
-1.65724 29.60012 2.47592 194 194 194
-1.75257 29.59854 2.39424 192 192 192
-1.84264 29.60374 2.30679 186 186 186
-1.93265 29.59829 2.21907 182 182 182
-2.01306 29.59686 2.12248 183 183 183
-2.09211 29.60023 2.02498 183 183 183
-2.17190 29.60104 1.92785 184 184 184
-2.24026 29.59829 1.82238 182 182 182
-2.31259 29.60043 1.71949 187 187 187
-2.37682 29.59870 1.61137 179 179 179
-2.43704 29.60250 1.50091 176 176 176
-2.48604 29.59765 1.38498 184 184 184
-2.53596 29.60261 1.26978 179 179 179
-2.58613 29.59933 1.15449 177 177 177
-2.62405 29.60492 1.03464 171 171 171
-2.66048 29.60146 0.91444 174 174 174
-2.68961 29.60266 0.79230 168 168 168
-2.72147 29.59812 0.67071 177 177 177
-2.74075 29.59818 0.54653 179 179 179
-2.75507 29.59932 0.42179 163 163 163
-2.77074 29.60240 0.29720 165 165 165
-2.77941 29.60702 0.17187 172 172 172
-2.78331 29.60366 0.04625 175 175 175
-2.78154 29.60419 -0.07946 161 161 161
-2.77184 29.60485 -0.20479 160 160 160
-2.75892 29.59823 -0.32975 164 164 164
-2.73976 29.59607 -0.45387 161 161 161
-2.72223 29.60242 -0.57836 166 166 166
-2.70013 29.60521 -0.70232 160 160 160
-2.66128 29.59843 -0.82217 160 160 160
-2.61607 29.60117 -0.93955 158 158 158
-2.58545 29.60270 -1.06174 158 158 158
-2.53776 29.60552 -1.17802 161 161 161
-2.48638 29.59931 -1.29264 154 154 154
-2.43355 29.59991 -1.40664 158 158 158
-2.37675 29.59899 -1.51883 161 161 161
-2.31814 29.60491 -1.63040 147 147 147
-2.24352 29.60032 -1.73205 150 150 150
-2.17222 29.59858 -1.83558 155 155 155
-2.09600 29.59818 -1.93554 151 151 151
-2.01480 29.59927 -2.03147 152 152 152
-1.93286 29.60007 -2.12677 148 148 148
-1.84822 29.59626 -2.21987 150 150 150
-1.74825 29.59718 -2.29707 141 141 141
-1.66013 29.60279 -2.38681 145 145 145
-1.56987 29.59955 -2.47522 143 143 143
-1.46246 29.60039 -2.54184 146 146 146
-1.35926 29.59690 -2.61345 145 145 145
-1.25647 29.60116 -2.68607 143 143 143
-1.14481 29.60221 -2.74416 141 141 141
-1.03372 29.60019 -2.80270 146 146 146
-0.92352 29.60021 -2.86351 140 140 140
-0.80608 29.59904 -2.90869 151 151 151
-0.69275 29.59996 -2.96428 141 141 141
-0.57257 29.60286 -3.00208 144 144 144
-0.45214 29.60276 -3.03866 143 143 143
-0.32848 29.60392 -3.06264 143 143 143
-0.20618 29.59768 -3.09117 138 138 138
-0.08200 29.60227 -3.10999 140 140 140
0.04211 29.60204 -3.12876 143 143 143
0.16685 29.59848 -3.14356 142 142 142
0.29245 29.60226 -3.14660 141 141 141
0.41790 29.59902 -3.14801 140 140 140
0.54368 29.60492 -3.15508 135 135 135
0.66923 29.60100 -3.14724 143 143 143
0.79440 29.60530 -3.13483 141 141 141
0.91861 29.60320 -3.11511 137 137 137
1.04326 29.60145 -3.09765 137 137 137
1.16541 29.60016 -3.06739 132 132 132
1.28702 29.60111 -3.03542 143 143 143
1.40571 29.60056 -2.99393 137 137 137
1.52393 29.60192 -2.95179 147 147 147
1.64355 29.59686 -2.91275 144 144 144
1.75688 29.60390 -2.85824 143 143 143
1.87075 29.60312 -2.80513 135 135 135
1.98143 29.60127 -2.74564 143 143 143
2.08931 29.59563 -2.68124 140 140 140
2.19877 29.59964 -2.61902 146 146 146
2.29792 29.59745 -2.54139 146 146 146
2.40236 29.60264 -2.47103 149 149 149
2.49776 29.59926 -2.38896 148 148 148
2.59052 29.59646 -2.30408 144 144 144
2.68202 29.60350 -2.21787 142 142 142
2.76993 29.60099 -2.12795 154 154 154
2.85219 29.59769 -2.03283 153 153 153
2.93030 29.59718 -1.93437 156 156 156
3.00854 29.60310 -1.83596 154 154 154
3.08264 29.60122 -1.73428 151 151 151
3.14433 29.59740 -1.62451 157 157 157
3.20784 29.59930 -1.51619 155 155 155
3.27188 29.59947 -1.40793 159 159 159
3.32268 29.60185 -1.29288 160 160 160
3.37930 29.60046 -1.18040 156 156 156
3.42276 29.59853 -1.06230 165 165 165
3.46166 29.60036 -0.94273 160 160 160
3.49989 29.60561 -0.82296 155 155 155
3.52974 29.60026 -0.70084 163 163 163
3.55451 29.59721 -0.57766 167 167 167
3.57665 29.60126 -0.45405 165 165 165
3.59439 29.59786 -0.32971 161 161 161
3.61104 29.60139 -0.20506 169 169 169
3.61875 29.59955 -0.07951 165 165 165
3.61645 29.99985 0.04688 164 164 164
3.61399 30.00411 0.17249 168 168 168
3.60942 29.99381 0.29814 174 174 174
3.59712 29.99602 0.42329 168 168 168
3.58414 30.00032 0.54853 172 172 172
3.55860 30.00308 0.67181 176 176 176
3.53054 29.99858 0.79441 176 176 176
3.50214 30.00067 0.91702 185 185 185
3.46105 29.99816 1.03600 176 176 176
3.41862 30.00361 1.15429 181 181 181
3.36565 29.99974 1.26831 185 185 185
3.32250 29.99964 1.38640 181 181 181
3.27021 30.00418 1.50074 180 180 180
3.20577 29.99650 1.60875 182 182 182
3.15009 30.00130 1.72181 182 182 182
3.08181 30.00086 1.82755 182 182 182
3.00859 30.00111 1.92989 189 189 189
2.93333 30.00392 2.03072 188 188 188
2.85348 30.00301 2.12796 183 183 183
2.76442 29.99894 2.21695 183 183 183
2.68471 30.00130 2.31474 189 189 189
2.59173 30.00072 2.39966 187 187 187
2.49507 30.00054 2.48017 187 187 187
2.39995 30.00122 2.56243 195 195 195
2.29748 29.99837 2.63535 190 190 190
2.19333 29.99777 2.70558 190 190 190
2.08596 29.99867 2.77063 187 187 187
1.98103 30.00068 2.83993 190 190 190
1.86741 29.99952 2.89377 186 186 186
1.75300 30.00203 2.94522 192 192 192
1.64031 30.00113 3.00060 188 188 188
1.52327 29.99888 3.04599 194 194 194
1.40460 30.00439 3.08689 201 201 201
1.28644 30.00243 3.13024 197 197 197
1.16390 30.00058 3.15858 191 191 191
1.04134 29.99524 3.18644 193 193 193
0.91725 30.00186 3.20630 203 203 203
0.79284 30.00330 3.22371 194 194 194
0.66831 30.00147 3.24208 198 198 198
0.54230 29.99518 3.23997 192 192 192
0.41684 29.99957 3.24977 192 192 192
0.29103 30.00097 3.24899 191 191 191
0.16605 30.00347 3.23347 201 201 201
0.04011 29.99803 3.22986 195 195 195
-0.08434 30.00383 3.21123 190 190 190
-0.20863 30.00273 3.19133 206 206 206
-0.32970 29.99671 3.15643 190 190 190
-0.45286 30.00358 3.13059 192 192 192
-0.57409 29.99929 3.09664 198 198 198
-0.69257 30.00328 3.05406 193 193 193
-0.80847 30.00122 3.00503 193 193 193
-0.92383 30.00240 2.95501 186 186 186
-1.03524 29.99982 2.89675 195 195 195
-1.14932 29.99877 2.84345 192 192 192
-1.25652 30.00211 2.77755 189 189 189
-1.35949 29.99736 2.70534 187 187 187
-1.46698 30.00569 2.63974 190 190 190
-1.57075 29.99603 2.56813 188 188 188
-1.66016 30.00139 2.47873 190 190 190
-1.75293 30.00222 2.39412 194 194 194
-1.84585 29.99875 2.30957 189 189 189
-1.93348 29.99829 2.21949 184 184 184
-2.01604 29.99727 2.12476 190 190 190
-2.09903 29.99825 2.03022 184 184 184
-2.17589 29.99899 1.93061 181 181 181
-2.23937 30.00228 1.82170 183 183 183
-2.31605 30.00099 1.72159 176 176 176
-2.37326 29.99799 1.60941 179 179 179
-2.42943 30.00122 1.49712 179 179 179
-2.49400 30.00244 1.38879 176 176 176
-2.53053 30.00156 1.26772 178 178 178
-2.58349 30.00197 1.15376 179 179 179
-2.62753 30.00134 1.03605 178 178 178
-2.66628 29.99947 0.91641 179 179 179
-2.69420 29.99514 0.79377 177 177 177
-2.72343 29.99788 0.67151 170 170 170
-2.74030 30.00213 0.54692 171 171 171
-2.76357 30.00018 0.42330 172 172 172
-2.77162 29.99704 0.29781 174 174 174
-2.77824 29.99979 0.17241 165 165 165
-2.78826 30.00203 0.04688 167 167 167
-2.78785 30.00059 -0.07904 168 168 168
-2.77008 30.00230 -0.20394 164 164 164
-2.75703 30.00148 -0.32878 166 166 166
-2.74608 29.99717 -0.45408 162 162 162
-2.72402 30.00456 -0.57788 168 168 168
-2.70032 29.99802 -0.70149 156 156 156
-2.66405 29.99982 -0.82203 159 159 159
-2.62583 29.99584 -0.94175 154 154 154
-2.58761 30.00198 -1.06153 158 158 158
-2.54001 30.00353 -1.17789 157 157 157
-2.49237 29.99877 -1.29429 158 158 158
-2.43455 29.99673 -1.40598 156 156 156
-2.37406 30.00339 -1.51610 155 155 155
-2.31437 30.00044 -1.62681 149 149 149
-2.24536 30.00520 -1.73195 155 155 155
-2.17709 30.00150 -1.83773 153 153 153
-2.09931 30.00093 -1.93670 156 156 156
-2.02100 29.99543 -2.03524 150 150 150
-1.93229 29.99922 -2.12464 143 143 143
-1.84545 29.99935 -2.21542 142 142 142
-1.75305 29.99802 -2.30050 146 146 146
-1.66507 29.99473 -2.39073 146 146 146
-1.56410 30.00063 -2.46594 150 150 150
-1.46378 29.99291 -2.54158 149 149 149
-1.35848 29.99751 -2.61008 150 150 150
-1.25760 30.00007 -2.68557 140 140 140
-1.14668 30.00027 -2.74499 141 141 141
-1.03800 30.00076 -2.80842 145 145 145
-0.92468 30.00185 -2.86311 145 145 145
-0.80894 29.99424 -2.91243 136 136 136
-0.69032 30.00279 -2.95421 131 131 131
-0.57123 29.99535 -2.99409 138 138 138
-0.45095 29.99910 -3.03009 135 135 135
-0.33106 29.99479 -3.06837 147 147 147
-0.20734 29.99664 -3.09108 142 142 142
-0.08483 30.00381 -3.12056 139 139 139
0.04103 29.99865 -3.12834 139 139 139
0.16572 29.99903 -3.14390 139 139 139
0.29161 30.00069 -3.14057 137 137 137
0.41684 29.99806 -3.15284 137 137 137
0.54248 29.99668 -3.15090 133 133 133
0.66786 29.99962 -3.14258 142 142 142
0.79272 30.00081 -3.12889 139 139 139
0.91768 30.00108 -3.11530 138 138 138
1.04066 30.00280 -3.08930 139 139 139
1.16361 29.99865 -3.06363 141 141 141
1.28584 30.00180 -3.03435 138 138 138
1.40539 29.99793 -2.99557 144 144 144
1.52424 29.99709 -2.95485 148 148 148
1.64234 30.00227 -2.91173 148 148 148
1.75924 30.00639 -2.86501 142 142 142
1.86851 30.00275 -2.80218 140 140 140
1.97999 29.99609 -2.74432 140 140 140
2.09235 29.99471 -2.68731 146 146 146
2.19064 30.00076 -2.60780 144 144 144
2.29582 30.00087 -2.53932 138 138 138
2.39887 30.00238 -2.46732 146 146 146
2.49373 30.00499 -2.38485 140 140 140
2.58607 30.00061 -2.29978 147 147 147
2.67417 29.99986 -2.21045 150 150 150
2.76583 29.99873 -2.12451 149 149 149
2.85806 30.00028 -2.03812 148 148 148
2.93035 29.99667 -1.93462 146 146 146
3.00520 30.00237 -1.83368 150 150 150
3.07300 30.00216 -1.72791 147 147 147
3.14572 30.00299 -1.62538 154 154 154
3.21109 30.00034 -1.51798 156 156 156
3.26510 29.99864 -1.40439 153 153 153
3.32235 30.00162 -1.29258 152 152 152
3.37065 30.00113 -1.17663 162 162 162
3.41501 29.99823 -1.05921 162 162 162
3.45875 29.99960 -0.94150 155 155 155
3.49178 29.99925 -0.82035 161 161 161
3.52609 30.00282 -0.69959 169 169 169
3.55713 30.00217 -0.57777 165 165 165
3.58579 29.99936 -0.45504 161 161 161
3.59551 30.00191 -0.32935 156 156 156
3.60151 30.00376 -0.20376 165 165 165
3.61072 30.00081 -0.07861 167 167 167
3.61747 30.40279 0.04750 167 167 167
3.61631 30.40255 0.17326 166 166 166
3.60630 30.39639 0.29862 172 172 172
3.59303 30.40150 0.42358 170 170 170
3.57209 30.39815 0.54744 165 165 165
3.56021 30.40130 0.67301 168 168 168
3.52760 30.39484 0.79463 177 177 177
3.49641 30.40022 0.91638 178 178 178
3.45869 30.40176 1.03627 177 177 177
3.42315 30.40165 1.15705 181 181 181
3.37173 30.40011 1.27198 172 172 172
3.31696 30.40246 1.38506 186 186 186
3.26582 30.40089 1.49977 187 187 187
3.21204 30.40220 1.61360 187 187 187
3.14650 30.39999 1.72102 181 181 181
3.07363 30.39892 1.82355 178 178 178
3.00705 30.39900 1.93032 180 180 180
2.92839 30.40408 2.02844 181 181 181
2.84775 30.40024 2.12478 186 186 186
2.76456 30.40168 2.21888 187 187 187
2.67547 30.39726 2.30740 185 185 185
2.58891 30.40004 2.39860 184 184 184
2.49400 30.39891 2.48102 178 178 178
2.39771 30.39777 2.56183 194 194 194
2.29869 30.40298 2.63939 193 193 193
2.19154 30.39826 2.70542 196 196 196
2.08771 30.40255 2.77617 186 186 186
1.98080 30.39797 2.84240 185 185 185
1.86723 30.39885 2.89654 190 190 190
1.75581 30.39997 2.95470 190 190 190
1.64011 30.40025 3.00378 189 189 189
1.52235 30.40070 3.04754 205 205 205
1.40482 30.39879 3.09208 194 194 194
1.28442 30.40138 3.12819 195 195 195
1.16286 30.40415 3.16017 191 191 191
1.03925 30.40132 3.18293 187 187 187
0.91665 30.39813 3.21119 201 201 201
0.79181 30.40077 3.22628 193 193 193
0.66705 30.39927 3.24283 194 194 194
0.54132 30.40381 3.24791 186 186 186
0.41557 30.40080 3.24942 195 195 195
0.28988 30.40046 3.24654 197 197 197
0.16459 30.40097 3.23652 187 187 187
0.03916 30.39580 3.22783 194 194 194
-0.08521 30.39656 3.20932 189 189 189
-0.20963 30.39830 3.19061 199 199 199
-0.33174 30.40060 3.16027 200 200 200
-0.45394 30.40102 3.13058 193 193 193
-0.57308 30.39666 3.09026 198 198 198
-0.69163 30.39909 3.04872 202 202 202
-0.80816 30.39743 3.00186 190 190 190
-0.92391 30.40278 2.95306 187 187 187
-1.03829 30.39948 2.90086 201 201 201
-1.14250 30.39521 2.82964 192 192 192
-1.25646 30.40132 2.77601 196 196 196
-1.36378 30.39411 2.71049 192 192 192
-1.46533 30.40254 2.63635 186 186 186
-1.57174 30.40310 2.56839 188 188 188
-1.66652 30.39936 2.48532 188 188 188
-1.75671 30.39980 2.39746 190 190 190
-1.84165 30.39574 2.30472 179 179 179
-1.93313 30.39871 2.21862 184 184 184
-2.01755 30.39871 2.12559 186 186 186
-2.09521 30.40012 2.02685 192 192 192
-2.17183 30.39811 1.92736 187 187 187
-2.24332 30.39769 1.82412 185 185 185
-2.31345 30.39961 1.71985 186 186 186
-2.37867 30.39941 1.61235 183 183 183
-2.43242 30.40462 1.49862 180 180 180
-2.49967 30.40531 1.39145 184 184 184
-2.54633 30.40118 1.27436 179 179 179
-2.58230 30.40177 1.15347 177 177 177
-2.62943 30.40413 1.03688 176 176 176
-2.66128 30.39889 0.91526 179 179 179
-2.69933 30.40143 0.79532 167 167 167
-2.72416 30.39813 0.67203 172 172 172
-2.74186 30.40158 0.54759 168 168 168
-2.76375 30.39990 0.42380 176 176 176
-2.77611 30.40241 0.29869 170 170 170
-2.78316 30.40056 0.17318 164 164 164
-2.78832 30.40239 0.04750 167 167 167
-2.77882 30.40028 -0.07801 168 168 168
-2.77158 30.40099 -0.20333 166 166 166
-2.76891 30.40223 -0.32941 164 164 164
-2.75053 30.40130 -0.45396 166 166 166
-2.71633 30.39916 -0.57547 164 164 164
-2.69451 30.40364 -0.69916 166 166 166
-2.65992 30.39820 -0.81988 164 164 164
-2.63048 30.39737 -0.94222 157 157 157
-2.58808 30.40296 -1.06061 163 163 163
-2.54091 30.39798 -1.17712 155 155 155
-2.48507 30.39364 -1.28972 163 163 163
-2.43853 30.39772 -1.40674 158 158 158
-2.37841 30.39472 -1.51721 152 152 152
-2.30919 30.39815 -1.62224 156 156 156
-2.24307 30.39921 -1.72895 152 152 152
-2.17750 30.39783 -1.83648 151 151 151
-2.09760 30.39847 -1.93373 150 150 150
-2.01656 30.40240 -2.02974 146 146 146
-1.93596 30.40044 -2.12623 144 144 144
-1.84391 30.39912 -2.21199 142 142 142
-1.75526 30.40361 -2.30089 142 142 142
-1.66460 30.40043 -2.38808 142 142 142
-1.56632 30.40316 -2.46652 141 141 141
-1.46621 30.40165 -2.54255 148 148 148
-1.36276 30.40129 -2.61397 146 146 146
-1.25662 30.40496 -2.68127 150 150 150
-1.14765 30.39964 -2.74384 146 146 146
-1.03712 30.40078 -2.80356 146 146 146
-0.92387 30.40052 -2.85797 143 143 143
-0.81033 30.39731 -2.91210 136 136 136
-0.69266 30.40001 -2.95649 149 149 149
-0.57378 30.39698 -2.99741 134 134 134
-0.45380 30.39872 -3.03508 139 139 139
-0.33185 30.40090 -3.06576 136 136 136
-0.20819 30.40028 -3.08839 139 139 139
-0.08490 30.39858 -3.11239 141 141 141
0.03961 30.40175 -3.12903 141 141 141
0.16477 30.40087 -3.13922 145 145 145
0.28976 30.39694 -3.15468 139 139 139
0.41557 30.40250 -3.14873 138 138 138
0.54127 30.39801 -3.15177 139 139 139
0.66601 30.39641 -3.13457 140 140 140
0.79239 30.40070 -3.13622 140 140 140
0.91707 30.40314 -3.11881 133 133 133
1.03970 30.39917 -3.09017 138 138 138
1.16202 30.39991 -3.06167 138 138 138
1.28558 30.39908 -3.03731 144 144 144
1.40372 30.39806 -2.99370 137 137 137
1.52194 30.40157 -2.95144 140 140 140
1.64023 30.40084 -2.90907 134 134 134
1.75400 30.39775 -2.85576 143 143 143
1.86663 30.39972 -2.80036 147 147 147
1.97939 30.40378 -2.74490 147 147 147
2.08768 30.39889 -2.68113 151 151 151
2.19430 30.40046 -2.61456 145 145 145
2.29263 30.40396 -2.53605 142 142 142
2.39318 30.40090 -2.46108 144 144 144
2.49135 30.40501 -2.38293 151 151 151
2.58619 30.40500 -2.30066 151 151 151
2.67838 30.39838 -2.21530 145 145 145
2.76495 30.40326 -2.12424 152 152 152
2.85369 30.40062 -2.03484 146 146 146
2.92690 30.40272 -1.93227 156 156 156
3.00499 30.40137 -1.83382 149 149 149
3.07556 30.39156 -1.72985 160 160 160
3.14766 30.39895 -1.62672 152 152 152
3.21173 30.39612 -1.51842 154 154 154
3.26921 30.40657 -1.40650 153 153 153
3.32384 30.40021 -1.29323 154 154 154
3.36732 30.40086 -1.17515 162 162 162
3.40891 30.39935 -1.05680 163 163 163
3.45706 30.40102 -0.94074 160 160 160
3.49981 30.39892 -0.82234 164 164 164
3.52456 30.40199 -0.69890 162 162 162
3.55414 30.39605 -0.57680 157 157 157
3.57303 30.39971 -0.45259 169 169 169
3.59459 30.39898 -0.32876 165 165 165
3.60339 30.40927 -0.20339 157 157 157
3.61378 30.40110 -0.07816 164 164 164
3.61776 30.80277 0.04813 170 170 170
3.61573 30.79819 0.17392 165 165 165
3.60354 30.79898 0.29914 167 167 167
3.59274 30.80105 0.42434 174 174 174
3.57436 30.80449 0.54866 170 170 170
3.54837 30.80261 0.67157 177 177 177
3.52461 30.80127 0.79489 173 173 173
3.49869 30.80131 0.91807 173 173 173
3.45063 30.80023 1.03475 177 177 177
3.41989 30.79967 1.15702 175 175 175
3.37039 30.80458 1.27266 178 178 178
3.31668 30.80111 1.38623 183 183 183
3.26690 30.79976 1.50170 180 180 180
3.20883 30.79771 1.61325 173 173 173
3.14421 30.79795 1.72114 179 179 179
3.07614 30.79849 1.82685 190 190 190
2.99887 30.79922 1.92608 186 186 186
2.92761 30.80235 2.02962 185 185 185
2.84444 30.79941 2.12383 184 184 184
2.76007 30.80213 2.21672 191 191 191
2.67701 30.79823 2.31104 186 186 186
2.58664 30.80056 2.39837 181 181 181
2.48904 30.79624 2.47758 193 193 193
2.39671 30.79737 2.56306 191 191 191
2.29791 30.80039 2.64098 187 187 187
2.19243 30.79997 2.70959 186 186 186
2.08531 30.79961 2.77530 192 192 192
1.97854 30.80032 2.84165 194 194 194
1.86501 30.79927 2.89570 192 192 192
1.75492 30.80379 2.95659 200 200 200
1.63711 30.80019 3.00073 201 201 201
1.52115 30.80293 3.04893 190 190 190
1.40131 30.80017 3.08645 199 199 199
1.28194 30.80155 3.12527 189 189 189
1.16126 30.79890 3.16029 192 192 192
1.03909 30.80150 3.19019 201 201 201
0.91504 30.79957 3.21098 190 190 190
0.79021 30.79960 3.22593 194 194 194
0.66555 30.80471 3.24319 203 203 203
0.53984 30.80192 3.24849 198 198 198
0.41410 30.79870 3.24625 192 192 192
0.28870 30.79768 3.23961 198 198 198
0.16259 30.80268 3.24379 198 198 198
0.03839 30.80188 3.22245 193 193 193
-0.08716 30.80106 3.21293 195 195 195
-0.21049 30.80251 3.18814 193 193 193
-0.33244 30.80284 3.15765 193 193 193
-0.45172 30.79384 3.11809 194 194 194
-0.57420 30.80149 3.08977 191 191 191
-0.69400 30.79562 3.05175 201 201 201
-0.80937 30.80707 3.00182 195 195 195
-0.92518 30.79843 2.95324 197 197 197
-1.03934 30.79832 2.90065 183 183 183
-1.14712 30.80169 2.83587 196 196 196
-1.25716 30.80420 2.77537 191 191 191
-1.36616 30.80016 2.71247 199 199 199
-1.46872 30.79925 2.63959 189 189 189
-1.56759 30.79972 2.56189 191 191 191
-1.66132 30.80170 2.47813 187 187 187
-1.75793 30.80438 2.39781 186 186 186
-1.84681 30.80430 2.30903 184 184 184
-1.93838 30.80131 2.22273 183 183 183
-2.01837 30.79716 2.12565 184 184 184
-2.10369 30.80300 2.03299 180 180 180
-2.17318 30.79840 1.92789 185 185 185
-2.24360 30.80045 1.82394 186 186 186
-2.31650 30.80077 1.72144 187 187 187
-2.37794 30.79857 1.61174 184 184 184
-2.43924 30.80609 1.50197 178 178 178
-2.49316 30.79983 1.38839 186 186 186
-2.54683 30.79509 1.27458 171 171 171
-2.58048 30.80141 1.15288 175 175 175
-2.63468 30.80135 1.03873 170 170 170
-2.66143 30.80129 0.91551 177 177 177
-2.70159 30.80554 0.79614 176 176 176
-2.71995 30.79777 0.67153 171 171 171
-2.74717 30.79812 0.54882 169 169 169
-2.77228 30.80031 0.42526 173 173 173
-2.77662 30.80150 0.29924 167 167 167
-2.78678 30.79990 0.17389 162 162 162
-2.79046 30.79741 0.04813 166 166 166
-2.78000 30.79837 -0.07737 157 157 157
-2.77471 30.80243 -0.20284 164 164 164
-2.76445 30.79972 -0.32808 160 160 160
-2.74814 30.80520 -0.45272 162 162 162
-2.72487 30.80273 -0.57625 161 161 161
-2.70128 30.79871 -0.69981 157 157 157
-2.66585 30.80439 -0.82051 163 163 163
-2.62975 30.79716 -0.94088 154 154 154
-2.58954 30.79981 -1.05997 158 158 158
-2.54026 30.79966 -1.17561 159 159 159
-2.49784 30.79608 -1.29430 158 158 158
-2.43440 30.79861 -1.40326 157 157 157
-2.37655 30.79620 -1.51471 163 163 163
-2.31732 30.80039 -1.62569 149 149 149
-2.24789 30.80122 -1.73055 153 153 153
-2.17633 30.79807 -1.83393 149 149 149
-2.09616 30.79898 -1.93080 148 148 148
-2.01999 30.79929 -2.03078 153 153 153
-1.93292 30.80194 -2.12144 148 148 148
-1.84961 30.79783 -2.21558 147 147 147
-1.75528 30.79539 -2.29870 152 152 152
-1.66599 30.80251 -2.38735 147 147 147
-1.56686 30.79810 -2.46471 147 147 147
-1.46478 30.79977 -2.53793 141 141 141
-1.36313 30.79942 -2.61168 141 141 141
-1.25701 30.80274 -2.67887 143 143 143
-1.15020 30.79925 -2.74512 147 147 147
-1.03696 30.79691 -2.79974 147 147 147
-0.92436 30.79832 -2.85520 141 141 141
-0.81124 30.80165 -2.91009 143 143 143
-0.69539 30.79760 -2.95927 137 137 137
-0.57661 30.79860 -3.00096 141 141 141
-0.45561 30.79661 -3.03563 144 144 144
-0.33199 30.80101 -3.05954 136 136 136
-0.21062 30.79875 -3.09253 138 138 138
-0.08670 30.79790 -3.11376 139 139 139
0.03861 30.79721 -3.12434 139 139 139
0.16300 30.79704 -3.14231 145 145 145
0.28852 30.79932 -3.14801 145 145 145
0.41410 30.80591 -3.14843 142 142 142
0.53959 30.79726 -3.14591 138 138 138
0.66523 30.79978 -3.14278 137 137 137
0.79015 30.80295 -3.12914 142 142 142
0.91547 30.79981 -3.11743 141 141 141
1.03809 30.80040 -3.08890 140 140 140
1.16186 30.79605 -3.06654 143 143 143
1.28122 30.80174 -3.02648 148 148 148
1.40388 30.80284 -2.99812 132 132 132
1.52145 30.80290 -2.95350 147 147 147
1.63921 30.79725 -2.90956 145 145 145
1.75413 30.79900 -2.85863 149 149 149
1.86608 30.80331 -2.80155 140 140 140
1.97766 30.80411 -2.74381 142 142 142
2.08700 30.80411 -2.68181 138 138 138
2.19266 30.80096 -2.61369 138 138 138
2.29528 30.79758 -2.54110 147 147 147
2.39810 30.80036 -2.46857 142 142 142
2.49201 30.80147 -2.38480 150 150 150
2.58665 30.80206 -2.30213 150 150 150
2.67568 30.79671 -2.21346 142 142 142
2.76393 30.80118 -2.12404 145 145 145
2.84803 30.79968 -2.03065 152 152 152
2.92416 30.80066 -1.93065 151 151 151
2.99622 30.79961 -1.82790 153 153 153
3.07268 30.80512 -1.72828 158 158 158
3.13950 30.79957 -1.62200 146 146 146
3.19989 30.80188 -1.51199 154 154 154
3.26198 30.80180 -1.40295 151 151 151
3.32865 30.79467 -1.29550 159 159 159
3.37058 30.80160 -1.17649 151 151 151
3.41631 30.79713 -1.05945 158 158 158
3.45098 30.79754 -0.93862 165 165 165
3.49577 30.79725 -0.82100 158 158 158
3.52479 30.80019 -0.69869 162 162 162
3.55325 30.80099 -0.57629 160 160 160
3.57497 30.79700 -0.45251 165 165 165
3.58738 30.79962 -0.32746 159 159 159
3.59612 30.80313 -0.20231 168 168 168
3.61177 30.79641 -0.07751 167 167 167
3.61092 31.19915 0.04875 173 173 173
3.61711 31.20492 0.17466 157 157 157
3.60010 31.20476 0.29963 169 169 169
3.58569 31.20593 0.42433 176 176 176
3.57274 31.20068 0.54930 167 167 167
3.55476 31.19785 0.67380 172 172 172
3.52412 31.20311 0.79581 180 180 180
3.49993 31.20207 0.91952 173 173 173
3.45523 31.19802 1.03742 179 179 179
3.41740 31.19637 1.15735 173 173 173
3.37382 31.20132 1.27541 180 180 180
3.32040 31.19851 1.38935 176 176 176
3.26663 31.19954 1.50305 176 176 176
3.20513 31.19890 1.61275 178 178 178
3.14192 31.20059 1.72140 189 189 189
3.07193 31.19773 1.82579 183 183 183
2.99660 31.19661 1.92628 183 183 183
2.92686 31.19907 2.03099 184 184 184
2.84659 31.19723 2.12774 186 186 186
2.76436 31.20020 2.22287 181 181 181
2.67571 31.20765 2.31206 184 184 184
2.58164 31.19895 2.39541 190 190 190
2.49137 31.19895 2.48291 185 185 185
2.39443 31.20344 2.56294 193 193 193
2.29297 31.19926 2.63713 191 191 191
2.18926 31.19707 2.70800 193 193 193
2.08502 31.20148 2.77821 199 199 199
1.97703 31.20026 2.84259 188 188 188
1.86668 31.20059 2.90293 196 196 196
1.75264 31.19832 2.95594 189 189 189
1.63672 31.20083 3.00450 198 198 198
1.51849 31.19613 3.04693 187 187 187
1.40201 31.19544 3.09444 197 197 197
1.28152 31.20182 3.13039 189 189 189
1.15844 31.20391 3.15621 199 199 199
1.03554 31.19816 3.18148 197 197 197
0.91217 31.20035 3.20416 193 193 193
0.78868 31.19905 3.22786 201 201 201
0.66316 31.19808 3.23493 200 200 200
0.53798 31.20180 3.24490 196 196 196
0.41241 31.19842 3.24536 188 188 188
0.28659 31.19690 3.25093 204 204 204
0.16185 31.19967 3.23233 199 199 199
0.03624 31.20073 3.22693 195 195 195
-0.08824 31.20079 3.20968 189 189 189
-0.21251 31.20211 3.19041 196 196 196
-0.33424 31.19929 3.15874 203 203 203
-0.45696 31.20104 3.13128 194 194 194
-0.57500 31.20060 3.08768 196 196 196
-0.69389 31.20071 3.04748 188 188 188
-0.81339 31.20194 3.00807 196 196 196
-0.92463 31.19851 2.94901 190 190 190
-1.03955 31.20028 2.89837 191 191 191
-1.15273 31.20053 2.84350 194 194 194
-1.26215 31.20193 2.78137 193 193 193
-1.36306 31.20305 2.70592 187 187 187
-1.46925 31.19808 2.63863 195 195 195
-1.57057 31.19955 2.56414 191 191 191
-1.66488 31.20384 2.48093 189 189 189
-1.75804 31.19995 2.39672 181 181 181
-1.85482 31.19980 2.31597 192 192 192
-1.93856 31.19738 2.22196 190 190 190
-2.02433 31.19705 2.12992 182 182 182
-2.09785 31.19872 2.02768 180 180 180
-2.17387 31.20041 1.92779 186 186 186
-2.24753 31.20091 1.82606 179 179 179
-2.31494 31.20445 1.72007 183 183 183
-2.38179 31.20250 1.61358 178 178 178
-2.43817 31.20105 1.50119 175 175 175
-2.49012 31.19706 1.38683 182 182 182
-2.54512 31.20114 1.27380 178 178 178
-2.58758 31.19809 1.15550 178 178 178
-2.63336 31.19649 1.03838 174 174 174
-2.66976 31.20245 0.91801 169 169 169
-2.69560 31.20181 0.79492 170 170 170
-2.72674 31.20054 0.67317 175 175 175
-2.74725 31.19941 0.54919 179 179 179
-2.76203 31.20136 0.42447 176 176 176
-2.77903 31.20031 0.29992 171 171 171
-2.78360 31.20148 0.17432 166 166 166
-2.79481 31.19818 0.04875 166 166 166
-2.78243 31.19586 -0.07678 167 167 167
-2.77942 31.19893 -0.20245 173 173 173
-2.75978 31.19930 -0.32670 161 161 161
-2.74305 31.20162 -0.45103 159 159 159
-2.72993 31.20278 -0.57630 162 162 162
-2.69487 31.19701 -0.69724 159 159 159
-2.66959 31.19818 -0.82046 169 169 169
-2.63219 31.19725 -0.94050 156 156 156
-2.59360 31.20295 -1.06022 153 153 153
-2.54267 31.19542 -1.17528 165 165 165
-2.49324 31.19883 -1.29077 160 160 160
-2.43840 31.20118 -1.40381 155 155 155
-2.37644 31.20370 -1.51308 156 156 156
-2.31348 31.20499 -1.62167 156 156 156
-2.24792 31.19908 -1.72882 150 150 150
-2.17944 31.20018 -1.83434 151 151 151
-2.10048 31.20130 -1.93225 150 150 150
-2.02391 31.19874 -2.03206 150 150 150
-1.93908 31.19995 -2.12494 147 147 147
-1.84507 31.19776 -2.20872 152 152 152
-1.76156 31.19840 -2.30303 154 154 154
-1.66756 31.20034 -2.38657 146 146 146
-1.56938 31.19969 -2.46513 144 144 144
-1.46917 31.20207 -2.54102 145 145 145
-1.36398 31.19806 -2.60980 146 146 146
-1.25840 31.20423 -2.67776 148 148 148
-1.15230 31.19498 -2.74524 145 145 145
-1.04114 31.20116 -2.80399 144 144 144
-0.92822 31.20129 -2.85929 149 149 149
-0.81249 31.19724 -2.90841 142 142 142
-0.69568 31.19999 -2.95485 145 145 145
-0.57475 31.19786 -2.98942 135 135 135
-0.45520 31.20041 -3.02755 139 139 139
-0.33466 31.19284 -3.06299 137 137 137
-0.21071 31.19625 -3.08387 139 139 139
-0.08875 31.20639 -3.11543 140 140 140
0.03731 31.20060 -3.12040 144 144 144
0.16159 31.20393 -3.13815 140 140 140
0.28693 31.19833 -3.14483 135 135 135
0.41241 31.19997 -3.15383 138 138 138
0.53816 31.20100 -3.15194 140 140 140
0.66325 31.19766 -3.13857 142 142 142
0.78809 31.20268 -3.12539 148 148 148
0.91327 31.20002 -3.11358 149 149 149
1.03626 31.19723 -3.08758 143 143 143
1.15904 31.20058 -3.06119 140 140 140
1.28276 31.19823 -3.03730 135 135 135
1.40115 31.20365 -2.99430 148 148 148
1.52198 31.19976 -2.95889 143 143 143
1.63793 31.19722 -2.90992 137 137 137
1.75339 31.19950 -2.86007 136 136 136
1.86603 31.19723 -2.80416 145 145 145
1.97877 31.19647 -2.74820 143 143 143
2.08332 31.20163 -2.67793 147 147 147
2.19067 31.20032 -2.61261 144 144 144
2.29062 31.20042 -2.53640 146 146 146
2.39657 31.20242 -2.46815 147 147 147
2.48895 31.19736 -2.38257 148 148 148
2.58286 31.20167 -2.29923 142 142 142
2.67914 31.19544 -2.21798 155 155 155
2.76077 31.20036 -2.12206 152 152 152
2.84519 31.20261 -2.02905 151 151 151
2.92924 31.19947 -1.93536 150 150 150
3.00417 31.20049 -1.83428 161 161 161
3.07125 31.20075 -1.72783 152 152 152
3.14511 31.19792 -1.62586 155 155 155
3.20905 31.20115 -1.51745 158 158 158
3.26161 31.19775 -1.40299 159 159 159
3.32470 31.20010 -1.29384 158 158 158
3.37321 31.20175 -1.17766 156 156 156
3.41036 31.19708 -1.05725 155 155 155
3.45365 31.20027 -0.93941 161 161 161
3.49328 31.20010 -0.82015 159 159 159
3.52037 31.20351 -0.69741 157 157 157
3.55423 31.20268 -0.57620 166 166 166
3.57591 31.19746 -0.45230 163 163 163
3.59058 31.20512 -0.32741 169 169 169
3.59860 31.19905 -0.20201 167 167 167
3.60615 31.19824 -0.07673 167 167 167
3.61191 31.60204 0.04938 164 164 164
3.59865 31.59954 0.17464 166 166 166
3.60289 31.60105 0.30062 166 166 166
3.58636 31.59914 0.42526 169 169 169
3.57097 31.59854 0.54994 181 181 181
3.53806 31.59612 0.67149 169 169 169
3.52398 31.59973 0.79685 179 179 179
3.49577 31.60205 0.91951 177 177 177
3.45139 31.59893 1.03742 181 181 181
3.41450 31.59496 1.15761 182 182 182
3.36828 31.59880 1.27452 176 176 176
3.31537 31.59911 1.38853 183 183 183
3.26213 31.60259 1.50235 179 179 179
3.20143 31.59701 1.61237 182 182 182
3.14251 31.60210 1.72355 179 179 179
3.06643 31.59642 1.82401 182 182 182
3.00080 31.59574 1.93133 180 180 180
2.92216 31.59586 2.02941 184 184 184
2.84136 31.59517 2.12552 183 183 183
2.76040 31.60216 2.22159 188 188 188
2.67280 31.60662 2.31167 190 190 190
2.58371 31.59788 2.40033 188 188 188
2.49246 31.59991 2.48703 189 189 189
2.39362 31.59802 2.56494 194 194 194
2.28744 31.59764 2.63275 187 187 187
2.19149 31.60213 2.71481 193 193 193
2.08263 31.59905 2.77803 186 186 186
1.97435 31.59581 2.84182 196 196 196
1.86500 31.59721 2.90399 201 201 201
1.74985 31.60034 2.95465 194 194 194
1.63607 31.60135 3.00815 190 190 190
1.52047 31.59448 3.05807 195 195 195
1.39760 31.60116 3.08733 194 194 194
1.28004 31.60435 3.13251 193 193 193
1.15658 31.60221 3.15702 194 194 194
1.03447 31.59783 3.18624 198 198 198
0.91052 31.60091 3.20635 190 190 190
0.78669 31.60302 3.22774 194 194 194
0.66140 31.59884 3.23725 199 199 199
0.53601 31.59778 3.24369 194 194 194
0.41050 31.59816 3.24935 192 192 192
0.28493 31.60316 3.24558 193 193 193
0.15943 31.60250 3.23962 191 191 191
0.03430 31.60300 3.22789 198 198 198
-0.09021 31.59872 3.21073 194 194 194
-0.21361 31.60193 3.18702 194 194 194
-0.33567 31.59937 3.15740 196 196 196
-0.45748 31.60009 3.12700 201 201 201
-0.57764 31.59974 3.09058 191 191 191
-0.69792 31.60390 3.05390 196 196 196
-0.81258 31.60135 3.00216 191 191 191
-0.93116 31.59890 2.95967 196 196 196
-1.04114 31.59473 2.89839 193 193 193
-1.15183 31.59693 2.83913 187 187 187
-1.26252 31.59761 2.77950 198 198 198
-1.36754 31.60064 2.71041 181 181 181
-1.47103 31.59846 2.63909 189 189 189
-1.56886 31.59914 2.56019 194 194 194
-1.66690 31.60073 2.48171 186 186 186
-1.76190 31.60229 2.39947 185 185 185
-1.85631 31.60156 2.31619 182 182 182
-1.94111 31.59623 2.22318 180 180 180
-2.02220 31.59949 2.12710 185 185 185
-2.10644 31.60176 2.03358 188 188 188
-2.18430 31.59642 1.93461 191 191 191
-2.25174 31.59297 1.82823 181 181 181
-2.31794 31.60052 1.72137 185 185 185
-2.38153 31.59871 1.61299 180 180 180
-2.43842 31.59891 1.50097 181 181 181
-2.49582 31.59977 1.38921 177 177 177
-2.54675 31.59985 1.27431 174 174 174
-2.59111 31.60295 1.15673 177 177 177
-2.62848 31.59743 1.03680 172 172 172
-2.66841 31.60284 0.91772 175 175 175
-2.69714 31.59580 0.79546 175 175 175
-2.72281 31.59991 0.67263 169 169 169
-2.75363 31.59550 0.55052 170 170 170
-2.76968 31.60610 0.42578 168 168 168
-2.78071 31.59815 0.30053 171 171 171
-2.78876 31.59517 0.17507 168 168 168
-2.79251 31.60330 0.04938 162 162 162
-2.78393 31.59770 -0.07613 165 165 165
-2.78034 31.60471 -0.20175 158 158 158
-2.76896 31.59940 -0.32694 164 164 164
-2.75401 31.60343 -0.45184 159 159 159
-2.73161 31.60068 -0.57563 165 165 165
-2.70511 31.59826 -0.69862 162 162 162
-2.67216 31.60001 -0.82003 158 158 158
-2.63881 31.60361 -0.94141 158 158 158
-2.59247 31.59963 -1.05848 154 154 154
-2.54918 31.60104 -1.17657 151 151 151
-2.49673 31.59959 -1.29088 158 158 158
-2.44205 31.59652 -1.40407 148 148 148
-2.38594 31.59727 -1.51671 148 148 148
-2.31329 31.60020 -1.61977 150 150 150
-2.25020 31.60607 -1.72845 142 142 142
-2.17642 31.59792 -1.83013 153 153 153
-2.10178 31.60386 -1.93115 143 143 143
-2.02571 31.59972 -2.03135 150 150 150
-1.93608 31.60140 -2.11978 150 150 150
-1.85368 31.59962 -2.21481 148 148 148
-1.76423 31.59848 -2.30324 148 148 148
-1.67125 31.60308 -2.38804 140 140 140
-1.57204 31.59863 -2.46547 141 141 141
-1.47230 31.59622 -2.54208 139 139 139
-1.36840 31.60003 -2.61294 147 147 147
-1.26284 31.60072 -2.68128 137 137 137
-1.15299 31.60330 -2.74244 149 149 149
-1.04319 31.59866 -2.80367 145 145 145
-0.92943 31.59924 -2.85717 145 145 145
-0.81728 31.60225 -2.91476 134 134 134
-0.69617 31.60309 -2.95039 142 142 142
-0.57841 31.60210 -2.99418 147 147 147
-0.45809 31.59770 -3.03043 138 138 138
-0.33661 31.60166 -3.06257 141 141 141
-0.21499 31.59542 -3.09522 141 141 141
-0.09009 31.59875 -3.11123 139 139 139
0.03429 31.60001 -3.12924 141 141 141
0.15957 31.59773 -3.13901 145 145 145
0.28489 31.59958 -3.14770 140 140 140
0.41050 31.60089 -3.15221 143 143 143
0.53626 31.59944 -3.15134 140 140 140
0.66162 31.59790 -3.14135 143 143 143
0.78553 31.59797 -3.11921 134 134 134
0.91022 31.59868 -3.10569 140 140 140
1.03627 31.59854 -3.09654 132 132 132
1.15747 31.60155 -3.06198 134 134 134
1.28037 31.60203 -3.03494 133 133 133
1.39786 31.60096 -2.98938 133 133 133
1.51697 31.59859 -2.94982 151 151 151
1.63480 31.60391 -2.90634 145 145 145
1.75236 31.59935 -2.86134 143 143 143
1.86566 31.60023 -2.80653 145 145 145
1.97315 31.59587 -2.74093 138 138 138
2.08223 31.60535 -2.67863 142 142 142
2.18808 31.60053 -2.61095 143 143 143
2.28921 31.59645 -2.53644 143 143 143
2.39097 31.59883 -2.46283 152 152 152
2.48937 31.59738 -2.38467 147 147 147
2.58223 31.60142 -2.29999 150 150 150
2.67374 31.59825 -2.21386 148 148 148
2.76046 31.59777 -2.12290 149 149 149
2.84704 31.59917 -2.03163 149 149 149
2.92467 31.60245 -1.93263 149 149 149
3.00241 31.59915 -1.83376 145 145 145
3.06642 31.59981 -1.72525 155 155 155
3.13946 31.59810 -1.62293 147 147 147
3.20595 31.59787 -1.51615 150 150 150
3.26073 31.60154 -1.40289 156 156 156
3.32336 31.60129 -1.29347 159 159 159
3.36327 31.59934 -1.17370 154 154 154
3.41660 31.60128 -1.05963 164 164 164
3.45684 31.59944 -0.94044 162 162 162
3.48951 31.59666 -0.81899 164 164 164
3.51930 31.60006 -0.69698 158 158 158
3.54769 31.59303 -0.57465 167 167 167
3.57133 31.60559 -0.45125 159 159 159
3.58633 31.60045 -0.32651 164 164 164
3.60020 31.60134 -0.20166 168 168 168
3.61032 31.60389 -0.07635 159 159 159
3.61196 32.00103 0.05000 168 168 168
3.60984 31.99749 0.17579 165 165 165
3.60323 31.99846 0.30144 177 177 177
3.58690 31.99929 0.42620 169 169 169
3.56096 31.99812 0.54932 166 166 166
3.54889 31.99826 0.67468 163 163 163
3.51650 32.00287 0.79619 185 185 185
3.49086 31.99848 0.91934 172 172 172
3.45083 31.99803 1.03855 179 179 179
3.41173 31.99872 1.15799 180 180 180
3.36439 31.99945 1.27441 184 184 184
3.31312 32.00133 1.38909 181 181 181
3.26505 32.00386 1.50554 185 185 185
3.20141 32.00097 1.61416 186 186 186
3.13587 31.99790 1.72140 179 179 179
3.06843 32.00311 1.82738 180 180 180
2.99478 32.00185 1.92912 183 183 183
2.92045 31.99986 2.03034 177 177 177
2.84236 31.99911 2.12880 187 187 187
2.75733 31.99846 2.22133 181 181 181
2.67055 31.99909 2.31215 188 188 188
2.57785 32.00058 2.39690 189 189 189
2.48749 31.99651 2.48431 184 184 184
2.38993 32.00173 2.56357 188 188 188
2.28714 31.99975 2.63587 188 188 188
2.18531 31.99798 2.70935 190 190 190
2.07543 31.99956 2.77036 187 187 187
1.97093 32.00259 2.84010 187 187 187
1.86035 32.00083 2.89963 192 192 192
1.74748 31.99838 2.95470 188 188 188
1.63332 32.00196 3.00724 193 193 193
1.51862 32.00031 3.05940 197 197 197
1.39551 31.99886 3.08802 195 195 195
1.27589 32.00156 3.12592 199 199 199
1.15518 32.00359 3.16058 192 192 192
1.03217 32.00378 3.18595 190 190 190
0.90925 32.00035 3.21226 194 194 194
0.78428 32.00517 3.22579 196 196 196
0.65918 32.00395 3.23655 196 196 196
0.53399 32.00528 3.24659 196 196 196
0.40840 31.99952 3.24797 192 192 192
0.28265 31.99684 3.25034 199 199 199
0.15703 31.99881 3.24393 194 194 194
0.03214 32.00397 3.22893 200 200 200
-0.09208 32.00235 3.20987 192 192 192
-0.21536 32.00136 3.18585 194 194 194
-0.33826 31.99829 3.16006 193 193 193
-0.45968 31.99989 3.12795 191 191 191
-0.58163 32.00429 3.09700 192 192 192
-0.69927 31.99674 3.05246 199 199 199
-0.81711 32.00003 3.00864 195 195 195
-0.93360 32.00402 2.96100 189 189 189
-1.04507 32.00006 2.90259 193 193 193
-1.15504 31.99962 2.84171 195 195 195
-1.26362 31.99733 2.77847 189 189 189
-1.36938 31.99884 2.71063 190 190 190
-1.47247 32.00063 2.63879 195 195 195
-1.57559 31.99965 2.56667 188 188 188
-1.66946 31.99711 2.48285 191 191 191
-1.76440 31.99759 2.40052 176 176 176
-1.85829 32.00381 2.31669 188 188 188
-1.94321 31.99861 2.22380 188 188 188
-2.01961 31.99889 2.12371 192 192 192
-2.10978 32.00130 2.03517 186 186 186
-2.18374 31.99681 1.93330 189 189 189
-2.25814 32.00000 1.83172 182 182 182
-2.31256 31.99998 1.71740 187 187 187
-2.38071 31.99867 1.61198 175 175 175
-2.44254 32.00139 1.50262 181 181 181
-2.49669 31.99725 1.38926 179 179 179
-2.55474 31.99782 1.27737 180 180 180
-2.59386 31.99841 1.15759 182 182 182
-2.63790 31.99671 1.03980 179 179 179
-2.66964 32.00098 0.91809 181 181 181
-2.70308 31.99753 0.79700 176 176 176
-2.73493 31.99949 0.67525 175 175 175
-2.75412 32.00103 0.55089 174 174 174
-2.77082 32.00225 0.42629 170 170 170
-2.78481 31.99810 0.30131 168 168 168
-2.78578 32.00050 0.17550 173 173 173
-2.79539 32.00048 0.05000 175 175 175
-2.78738 31.99826 -0.07556 167 167 167
-2.78322 31.99798 -0.20119 169 169 169
-2.76576 32.00135 -0.32569 159 159 159
-2.74328 32.00011 -0.44918 161 161 161
-2.72891 32.00173 -0.57405 157 157 157
-2.69954 32.00109 -0.69615 170 170 170
-2.67274 31.99702 -0.81897 156 156 156
-2.62906 31.99924 -0.93693 166 166 166
-2.59420 31.99924 -1.05771 156 156 156
-2.55051 31.99916 -1.17562 157 157 157
-2.49396 32.00346 -1.28801 148 148 148
-2.44441 31.99616 -1.40358 161 161 161
-2.37928 31.99894 -1.51117 154 154 154
-2.31926 31.99992 -1.62151 155 155 155
-2.24582 31.99758 -1.72349 154 154 154
-2.17926 32.00203 -1.83004 150 150 150
-2.10406 32.00116 -1.93066 150 150 150
-2.02160 31.99511 -2.02541 147 147 147
-1.93909 31.99605 -2.12000 151 151 151
-1.85147 32.00052 -2.20987 144 144 144
-1.75882 32.00136 -2.29448 153 153 153
-1.67482 31.99658 -2.38913 145 145 145
-1.57320 31.99773 -2.46365 145 145 145
-1.47156 31.99911 -2.53754 150 150 150
-1.37246 32.00419 -2.61524 143 143 143
-1.26384 32.00126 -2.67884 135 135 135
-1.15469 32.00497 -2.74109 154 154 154
-1.04493 31.99713 -2.80231 133 133 133
-0.93212 32.00077 -2.85781 145 145 145
-0.81925 32.00274 -2.91379 147 147 147
-0.70180 32.00084 -2.95931 139 139 139
-0.58134 31.99995 -2.99608 130 130 130
-0.46181 31.99817 -3.03551 147 147 147
-0.33919 32.00020 -3.06391 138 138 138
-0.21572 31.99850 -3.08762 139 139 139
-0.09217 32.00421 -3.11045 142 142 142
0.03225 31.99566 -3.12800 138 138 138
0.15710 31.99682 -3.14306 130 130 130
0.28280 31.99819 -3.14655 138 138 138
0.40840 32.00054 -3.14993 142 142 142
0.53396 31.99957 -3.14572 138 138 138
0.65885 32.00142 -3.13229 139 139 139
0.78363 32.00291 -3.12032 139 139 139
0.90889 31.99495 -3.10997 144 144 144
1.03219 32.00517 -3.08600 143 143 143
1.15614 31.99531 -3.06459 143 143 143
1.27699 31.99761 -3.02981 145 145 145
1.39696 32.00184 -2.99249 136 136 136
1.51763 32.00238 -2.95671 135 135 135
1.63023 31.99940 -2.89978 139 139 139
1.74961 31.99534 -2.85932 140 140 140
1.86305 32.00327 -2.80493 145 145 145
1.97403 31.99740 -2.74565 147 147 147
2.07871 31.99904 -2.67570 140 140 140
2.18484 32.00065 -2.60864 149 149 149
2.28696 31.99754 -2.53562 144 144 144
2.38473 31.99828 -2.45697 149 149 149
2.48440 31.99763 -2.38069 137 137 137
2.57944 31.99767 -2.29862 144 144 144
2.67261 32.00076 -2.21421 150 150 150
2.75837 31.99960 -2.12229 145 145 145
2.83950 32.00383 -2.02636 145 145 145
2.92267 32.00121 -1.93210 151 151 151
2.99744 32.00291 -1.83105 148 148 148
3.07091 32.00084 -1.72904 155 155 155
3.13268 32.00024 -1.61944 159 159 159
3.19805 31.99873 -1.51228 153 153 153
3.25671 31.99778 -1.40129 157 157 157
3.31858 32.00002 -1.29161 151 151 151
3.35864 31.99856 -1.17203 166 166 166
3.41285 31.99948 -1.05840 160 160 160
3.44924 32.00088 -0.93803 152 152 152
3.48642 32.00213 -0.81809 153 153 153
3.51574 32.00152 -0.69601 160 160 160
3.54447 32.00135 -0.57380 169 169 169
3.56257 32.00394 -0.44957 165 165 165
3.58447 32.00302 -0.32591 167 167 167
3.59944 31.99671 -0.20114 157 157 157
3.60457 31.99871 -0.07558 169 169 169
3.60096 32.40057 0.05063 170 170 170
3.60294 32.40127 0.17623 177 177 177
3.59518 32.39940 0.30161 166 166 166
3.58299 32.39976 0.42664 168 168 168
3.56379 32.39995 0.55076 171 171 171
3.54479 32.40400 0.67495 175 175 175
3.51108 32.39960 0.79607 176 176 176
3.48929 32.40183 0.92018 174 174 174
3.43956 32.40318 1.03626 174 174 174
3.40726 32.40056 1.15782 175 175 175
3.36095 32.39822 1.27457 178 178 178
3.31409 32.39789 1.39124 181 181 181
3.25583 32.39707 1.50265 182 182 182
3.20378 32.40060 1.61741 179 179 179
3.12922 32.39756 1.71937 180 180 180
3.06314 32.39830 1.82602 185 185 185
2.99654 32.39907 1.93270 182 182 182
2.91487 32.39742 2.02840 182 182 182
2.83636 32.40349 2.12628 181 181 181
2.75959 32.40495 2.22619 185 185 185
2.66616 32.40707 2.31071 180 180 180
2.57437 32.39990 2.39627 193 193 193
2.48222 32.39914 2.48147 183 183 183
2.38761 32.39759 2.56419 182 182 182
2.28781 32.39783 2.64061 191 191 191
2.18965 32.40130 2.71993 192 192 192
2.08024 32.39901 2.78261 189 189 189
1.97086 32.40133 2.84475 186 186 186
1.85918 32.40121 2.90251 180 180 180
1.74381 32.40292 2.95239 192 192 192
1.62893 32.40183 3.00285 184 184 184
1.51429 32.39783 3.05458 193 193 193
1.39507 32.40083 3.09442 186 186 186
1.27594 32.40404 3.13492 193 193 193
1.15359 32.39971 3.16424 201 201 201
1.03018 32.39826 3.18818 198 198 198
0.90666 32.40425 3.21116 194 194 194
0.78247 32.40315 3.23076 197 197 197
0.65719 32.39991 3.24126 201 201 201
0.53179 32.39957 3.25010 205 205 205
0.40608 32.40290 3.24803 202 202 202
0.28032 32.39990 3.25142 196 196 196
0.15501 32.39968 3.24074 191 191 191
0.02946 32.40379 3.23264 201 201 201
-0.09445 32.40284 3.21085 197 197 197
-0.21834 32.39971 3.18978 190 190 190
-0.33927 32.40093 3.15524 198 198 198
-0.46118 32.40283 3.12569 186 186 186
-0.58349 32.39979 3.09619 196 196 196
-0.70096 32.39779 3.05139 197 197 197
-0.81996 32.39471 3.01055 195 195 195
-0.93343 32.39977 2.95624 197 197 197
-1.04588 32.39709 2.90025 196 196 196
-1.16157 32.39773 2.84987 190 190 190
-1.26485 32.39934 2.77734 187 187 187
-1.37011 32.40120 2.70887 185 185 185
-1.47421 32.40337 2.63862 193 193 193
-1.57626 32.40379 2.56521 185 185 185
-1.67431 32.39930 2.48644 186 186 186
-1.76957 32.39979 2.40423 181 181 181
-1.85754 32.39663 2.31424 183 183 183
-1.94020 32.39983 2.21951 191 191 191
-2.02540 32.39915 2.12730 181 181 181
-2.10749 32.39972 2.03216 186 186 186
-2.18250 32.40299 1.93134 185 185 185
-2.25207 32.39747 1.82675 184 184 184
-2.31823 32.40093 1.72008 177 177 177
-2.38406 32.40308 1.61318 177 177 177
-2.43847 32.39869 1.49999 173 173 173
-2.50060 32.40384 1.39062 174 174 174
-2.54776 32.40654 1.27414 180 180 180
-2.59049 32.39998 1.15612 177 177 177
-2.63683 32.40039 1.03933 168 168 168
-2.67396 32.40225 0.91929 178 178 178
-2.70755 32.40070 0.79814 181 181 181
-2.73496 32.40085 0.67542 181 181 181
-2.75297 32.40154 0.55097 173 173 173
-2.77175 32.39987 0.42675 171 171 171
-2.78576 32.39847 0.30183 163 163 163
-2.79235 32.40017 0.17629 173 173 173
-2.79544 32.40170 0.05063 164 164 164
-2.78505 32.40392 -0.07475 166 166 166
-2.78151 32.40225 -0.20024 164 164 164
-2.77175 32.39551 -0.32550 169 169 169
-2.75361 32.40239 -0.44982 162 162 162
-2.73756 32.39817 -0.57468 165 165 165
-2.70588 32.39973 -0.69649 160 160 160
-2.66955 32.39900 -0.81679 158 158 158
-2.63379 32.40059 -0.93709 156 156 156
-2.59126 32.40001 -1.05515 160 160 160
-2.55026 32.40135 -1.17393 158 158 158
-2.49672 32.40047 -1.28758 151 151 151
-2.44673 32.40306 -1.40295 147 147 147
-2.38875 32.40139 -1.51455 146 146 146
-2.32513 32.40361 -1.62306 145 145 145
-2.25452 32.39880 -1.72713 152 152 152
-2.18367 32.40283 -1.83094 159 159 159
-2.10600 32.40247 -1.92973 154 154 154
-2.02619 32.40219 -2.02673 152 152 152
-1.94690 32.39888 -2.12445 154 154 154
-1.85691 32.39940 -2.21236 147 147 147
-1.76497 32.40016 -2.29800 147 147 147
-1.67302 32.40218 -2.38369 146 146 146
-1.57349 32.40017 -2.46044 146 146 146
-1.47529 32.40289 -2.53885 140 140 140
-1.36961 32.40007 -2.60689 144 144 144
-1.26441 32.39788 -2.67536 148 148 148
-1.15800 32.39990 -2.74224 142 142 142
-1.04593 32.40074 -2.79910 144 144 144
-0.93288 32.39804 -2.85380 139 139 139
-0.81806 32.40193 -2.90470 142 142 142
-0.70134 32.39869 -2.95117 142 142 142
-0.58134 32.40222 -2.98834 141 141 141
-0.46325 32.40069 -3.03179 136 136 136
-0.34142 32.39924 -3.06295 131 131 131
-0.21823 32.40172 -3.08796 145 145 145
-0.09469 32.39660 -3.11107 135 135 135
0.02974 32.39943 -3.12906 137 137 137
0.15504 32.39860 -3.13908 139 139 139
0.28039 32.40549 -3.14835 136 136 136
0.40608 32.40247 -3.14573 142 142 142
0.53164 32.39761 -3.14511 145 145 145
0.65737 32.39626 -3.14239 151 151 151
0.78180 32.39666 -3.12382 140 140 140
0.90642 32.40322 -3.10839 144 144 144
1.03038 32.39792 -3.08793 142 142 142
1.15294 32.40049 -3.06029 143 143 143
1.27639 32.39781 -3.03529 136 136 136
1.39440 32.40328 -2.99111 140 140 140
1.51445 32.39876 -2.95375 142 142 142
1.62964 32.39871 -2.90331 134 134 134
1.74310 32.39843 -2.84959 144 144 144
1.86046 32.39767 -2.80375 143 143 143
1.96838 32.40304 -2.73906 144 144 144
2.07956 32.39552 -2.68024 144 144 144
2.18468 32.40041 -2.61124 144 144 144
2.28694 32.39635 -2.53816 148 148 148
2.38542 32.40106 -2.46016 151 151 151
2.47985 32.39615 -2.37745 141 141 141
2.57858 32.40122 -2.29957 153 153 153
2.66592 32.39678 -2.20921 146 146 146
2.76111 32.40102 -2.12634 151 151 151
2.84352 32.39928 -2.03115 149 149 149
2.92022 32.40381 -1.93136 153 153 153
2.99416 32.40040 -1.82973 150 150 150
3.06867 32.40272 -1.72846 150 150 150
3.13338 32.40210 -1.62067 148 148 148
3.20175 32.39724 -1.51503 153 153 153
3.25883 32.40267 -1.40292 156 156 156
3.31318 32.40139 -1.28957 156 156 156
3.36796 32.39663 -1.17623 159 159 159
3.41160 32.39801 -1.05817 159 159 159
3.45278 32.39838 -0.93931 162 162 162
3.48622 32.40437 -0.81807 162 162 162
3.51246 32.40213 -0.69515 162 162 162
3.54306 32.40074 -0.57336 170 170 170
3.56650 32.39715 -0.44994 163 163 163
3.58238 32.39557 -0.32532 161 161 161
3.60566 32.39816 -0.20119 169 169 169
3.59870 32.39972 -0.07481 167 167 167
3.60533 32.79912 0.05125 170 170 170
3.59674 32.79817 0.17671 173 173 173
3.59952 32.80427 0.30278 178 178 178
3.58448 32.80136 0.42774 175 175 175
3.56723 32.80099 0.55233 175 175 175
3.54054 32.79865 0.67524 178 178 178
3.51365 32.80098 0.79792 181 181 181
3.48184 32.80004 0.91942 182 182 182
3.44776 32.80046 1.04037 175 175 175
3.40598 32.80186 1.15890 176 176 176
3.35455 32.80025 1.27359 175 175 175
3.30836 32.79621 1.39039 181 181 181
3.25968 32.80107 1.50652 179 179 179
3.19147 32.80084 1.61256 181 181 181
3.13116 32.79681 1.72273 183 183 183
3.06439 32.80082 1.82917 187 187 187
2.99762 32.79778 1.93595 186 186 186
2.91906 32.79792 2.03431 194 194 194
2.83606 32.79921 2.12881 189 189 189
2.75486 32.79520 2.22478 194 194 194
2.66776 32.80249 2.31546 193 193 193
2.57352 32.79680 2.39870 189 189 189
2.48094 32.80310 2.48356 195 195 195
2.38276 32.80039 2.56186 185 185 185
2.28098 32.80397 2.63531 190 190 190
2.17693 32.80066 2.70530 191 191 191
2.07444 32.79609 2.77789 184 184 184
1.96856 32.80537 2.84577 192 192 192
1.85616 32.80266 2.90215 192 192 192
1.74133 32.79624 2.95311 197 197 197
1.62658 32.80248 3.00389 188 188 188
1.51127 32.79799 3.05384 195 195 195
1.39500 32.80076 3.10262 191 191 191
1.27057 32.80029 3.12546 196 196 196
1.15069 32.79645 3.16328 195 195 195
1.02751 32.79831 3.18810 192 192 192
0.90508 32.79516 3.21775 198 198 198
0.77990 32.79963 3.23099 201 201 201
0.65465 32.79445 3.24173 196 196 196
0.52924 32.79883 3.25011 191 191 191
0.40355 32.79847 3.25063 197 197 197
0.27799 32.80044 3.24709 191 191 191
0.15216 32.80559 3.24552 194 194 194
0.02824 32.80268 3.22226 189 189 189
-0.09682 32.80007 3.21050 200 200 200
-0.21988 32.80070 3.18545 199 199 199
-0.34236 32.80050 3.15818 200 200 200
-0.46449 32.80227 3.12909 192 192 192
-0.58548 32.80014 3.09517 193 193 193
-0.70448 32.79985 3.05469 199 199 199
-0.82020 32.80199 3.00565 194 194 194
-0.93732 32.79945 2.95983 196 196 196
-1.05268 32.80112 2.90926 188 188 188
-1.15922 32.79832 2.84179 194 194 194
-1.26775 32.79711 2.77857 192 192 192
-1.37090 32.80050 2.70691 196 196 196
-1.47759 32.79788 2.64042 187 187 187
-1.57700 32.79731 2.56357 186 186 186
-1.67334 32.80030 2.48298 186 186 186
-1.77201 32.80205 2.40476 186 186 186
-1.86563 32.79939 2.32043 192 192 192
-1.94964 32.79890 2.22652 186 186 186
-2.02992 32.80152 2.12964 188 188 188
-2.10614 32.79667 2.02973 183 183 183
-2.18791 32.80299 1.93406 187 187 187
-2.25051 32.79754 1.82464 180 180 180
-2.32183 32.80393 1.72137 181 181 181
-2.38449 32.79990 1.61263 176 176 176
-2.44882 32.79883 1.50461 180 180 180
-2.50311 32.80023 1.39124 172 172 172
-2.55855 32.79554 1.27819 181 181 181
-2.60359 32.79836 1.16064 180 180 180
-2.63916 32.79809 1.03989 180 180 180
-2.67734 32.79720 0.92015 168 168 168
-2.71026 32.80191 0.79881 170 170 170
-2.73794 32.79951 0.67613 171 171 171
-2.75843 32.79692 0.55206 170 170 170
-2.76734 32.80364 0.42655 169 169 169
-2.79039 32.79929 0.30262 169 169 169
-2.80015 32.80696 0.17712 175 175 175
-2.79009 32.79967 0.05125 167 167 167
-2.79332 32.79903 -0.07436 167 167 167
-2.78428 32.80291 -0.19964 164 164 164
-2.77067 32.79627 -0.32444 165 165 165
-2.75777 32.79851 -0.44945 158 158 158
-2.72890 32.79826 -0.57183 162 162 162
-2.70951 32.79781 -0.69613 162 162 162
-2.67426 32.79510 -0.81678 158 158 158
-2.64016 32.79608 -0.93771 161 161 161
-2.59931 32.79919 -1.05656 163 163 163
-2.55290 32.80463 -1.17335 155 155 155
-2.50348 32.79958 -1.28891 153 153 153
-2.45125 32.80251 -1.40334 147 147 147
-2.38902 32.80092 -1.51267 146 146 146
-2.32511 32.80281 -1.62088 149 149 149
-2.25641 32.79917 -1.72608 148 148 148
-2.18781 32.79719 -1.83148 155 155 155
-2.10765 32.79965 -1.92842 145 145 145
-2.03089 32.80412 -2.02796 152 152 152
-1.94780 32.79775 -2.12232 149 149 149
-1.85750 32.79958 -2.20980 155 155 155
-1.76760 32.80206 -2.29749 143 143 143
-1.67770 32.80142 -2.38559 143 143 143
-1.57787 32.79439 -2.46218 145 145 145
-1.47729 32.79753 -2.53751 143 143 143
-1.37767 32.80185 -2.61454 143 143 143
-1.26699 32.79845 -2.67483 147 147 147
-1.16107 32.79742 -2.74258 138 138 138
-1.04961 32.79654 -2.80074 142 142 142
-0.93854 32.79706 -2.85998 143 143 143
-0.82018 32.79660 -2.90311 144 144 144
-0.70447 32.80764 -2.95219 141 141 141
-0.58508 32.79960 -2.99144 141 141 141
-0.46452 32.80077 -3.02671 142 142 142
-0.34430 32.79748 -3.06378 141 141 141
-0.22059 32.80063 -3.08653 138 138 138
-0.09605 32.80073 -3.10312 134 134 134
0.02709 32.80072 -3.12946 138 138 138
0.15236 32.80027 -3.14046 134 134 134
0.27815 32.80381 -3.14046 141 141 141
0.40355 32.79764 -3.14685 130 130 130
0.52933 32.80360 -3.14999 136 136 136
0.65422 32.79878 -3.13378 135 135 135
0.77944 32.80589 -3.12458 144 144 144
0.90432 32.80140 -3.11045 149 149 149
1.02775 32.80325 -3.08680 136 136 136
1.15138 32.79527 -3.06367 142 142 142
1.27106 32.80146 -3.02469 141 141 141
1.39179 32.79631 -2.99025 134 134 134
1.51215 32.80097 -2.95374 143 143 143
1.62903 32.80015 -2.90732 139 139 139
1.74268 32.80109 -2.85355 135 135 135
1.85674 32.80263 -2.80080 138 138 138
1.96873 32.80753 -2.74357 137 137 137
2.07608 32.80340 -2.67807 141 141 141
2.17845 32.79972 -2.60507 143 143 143
2.28691 32.80001 -2.54097 139 139 139
2.38521 32.80299 -2.46247 149 149 149
2.48151 32.79768 -2.38173 151 151 151
2.57348 32.79774 -2.29616 150 150 150
2.66621 32.79792 -2.21140 148 148 148
2.75828 32.80263 -2.12544 145 145 145
2.83457 32.80271 -2.02503 154 154 154
2.91113 32.80254 -1.92557 148 148 148
2.98914 32.79785 -1.82729 151 151 151
3.06074 32.80135 -1.72423 151 151 151
3.13555 32.80508 -1.62292 152 152 152
3.19470 32.80167 -1.51187 161 161 161
3.25516 32.80148 -1.40172 157 157 157
3.30778 32.80040 -1.28762 149 149 149
3.35943 32.79841 -1.17311 158 158 158
3.39927 32.79629 -1.05393 158 158 158
3.44210 32.79906 -0.93603 159 159 159
3.48264 32.79758 -0.81714 155 155 155
3.51261 32.80036 -0.69517 156 156 156
3.54615 32.79531 -0.57385 161 161 161
3.56368 32.80295 -0.44926 159 159 159
3.58670 32.79926 -0.32550 163 163 163
3.59875 32.80180 -0.20022 171 171 171
3.60330 32.79957 -0.07447 168 168 168
3.60152 33.19787 0.05188 168 168 168
3.59379 33.19777 0.17733 170 170 170
3.59275 33.20229 0.30309 174 174 174
3.57950 33.19978 0.42810 172 172 172
3.56566 33.20464 0.55314 171 171 171
3.54311 33.19888 0.67691 167 167 167
3.50979 33.20500 0.79827 183 183 183
3.48349 33.19798 0.92128 178 178 178
3.44401 33.19684 1.04067 174 174 174
3.40310 33.19964 1.15947 179 179 179
3.35416 33.20268 1.27519 173 173 173
3.30599 33.19824 1.39117 179 179 179
3.25765 33.19783 1.50750 182 182 182
3.19282 33.19949 1.61547 179 179 179
3.13005 33.19937 1.72435 184 184 184
3.06207 33.20067 1.83006 183 183 183
2.99204 33.19791 1.93450 181 181 181
2.91474 33.20198 2.03369 182 182 182
2.83221 33.20024 2.12848 186 186 186
2.75280 33.19654 2.22602 193 193 193
2.66220 33.19778 2.31326 187 187 187
2.57045 33.19679 2.39897 186 186 186
2.47788 33.20371 2.48380 185 185 185
2.38355 33.19642 2.56695 192 192 192
2.28021 33.20055 2.63863 195 195 195
2.18114 33.20239 2.71630 195 195 195
2.07411 33.20485 2.78242 191 191 191
1.96158 33.20031 2.83881 195 195 195
1.85612 33.20197 2.90805 191 191 191
1.73970 33.19619 2.95612 185 185 185
1.62584 33.19746 3.00933 190 190 190
1.50664 33.19666 3.04933 197 197 197
1.38867 33.19531 3.09216 193 193 193
1.26993 33.19799 3.13349 198 198 198
1.14759 33.20090 3.16237 196 196 196
1.02422 33.19875 3.18590 191 191 191
0.90177 33.20124 3.21474 195 195 195
0.77657 33.19700 3.22656 196 196 196
0.65190 33.19718 3.24210 201 201 201
0.52640 33.20191 3.24817 196 196 196
0.40082 33.20413 3.25177 192 192 192
0.27522 33.20139 3.24864 198 198 198
0.14921 33.20087 3.24891 192 192 192
0.02427 33.19823 3.23335 191 191 191
-0.10001 33.20072 3.21399 195 195 195
-0.22342 33.19814 3.19013 197 197 197
-0.34638 33.20330 3.16419 195 195 195
-0.46788 33.20158 3.13205 189 189 189
-0.58693 33.20100 3.09186 190 190 190
-0.70859 33.19475 3.05906 195 195 195
-0.82476 33.19739 3.01069 202 202 202
-0.94058 33.19916 2.96161 188 188 188
-1.05310 33.20122 2.90535 188 188 188
-1.16371 33.19835 2.84555 188 188 188
-1.27304 33.20060 2.78337 190 190 190
-1.37830 33.20180 2.71452 192 192 192
-1.48083 33.20382 2.64174 190 190 190
-1.58113 33.20228 2.56597 188 188 188
-1.67609 33.19768 2.48363 184 184 184
-1.77358 33.20478 2.40413 190 190 190
-1.86147 33.20086 2.31417 187 187 187
-1.95014 33.20020 2.22508 179 179 179
-2.03092 33.19654 2.12878 187 187 187
-2.11653 33.19760 2.03639 185 185 185
-2.19618 33.20174 1.93871 184 184 184
-2.25655 33.19961 1.82747 179 179 179
-2.33062 33.20234 1.72570 174 174 174
-2.39422 33.19774 1.61717 188 188 188
-2.44905 33.19768 1.50396 180 180 180
-2.49782 33.20443 1.38817 178 178 178
-2.55907 33.20234 1.27790 180 180 180
-2.60345 33.20373 1.16021 175 175 175
-2.63947 33.19902 1.03973 185 185 185
-2.67535 33.19890 0.91945 174 174 174
-2.71409 33.20322 0.79970 170 170 170
-2.73739 33.20209 0.67610 176 176 176
-2.75569 33.19885 0.55182 168 168 168
-2.77577 33.20206 0.42785 180 180 180
-2.78427 33.20196 0.30255 165 165 165
-2.79460 33.19882 0.17742 161 161 161
-2.79613 33.19933 0.05188 170 170 170
-2.79649 33.19832 -0.07375 168 168 168
-2.78779 33.19926 -0.19907 165 165 165
-2.77748 33.19757 -0.32430 173 173 173
-2.76298 33.19819 -0.44922 163 163 163
-2.73775 33.20039 -0.57243 167 167 167
-2.70922 33.19894 -0.69478 159 159 159
-2.67688 33.19844 -0.81613 157 157 157
-2.64796 33.20271 -0.93874 162 162 162
-2.60076 33.19761 -1.05547 151 151 151
-2.55409 33.20253 -1.17209 155 155 155
-2.50733 33.20029 -1.28880 153 153 153
-2.45294 33.19844 -1.40219 148 148 148
-2.39352 33.20300 -1.51303 147 147 147
-2.32919 33.20040 -1.62108 148 148 148
-2.26615 33.20258 -1.73014 152 152 152
-2.18945 33.19738 -1.83006 144 144 144
-2.11261 33.19979 -1.92956 147 147 147
-2.03254 33.20395 -2.02642 153 153 153
-1.94677 33.19992 -2.11822 149 149 149
-1.86128 33.19795 -2.21023 143 143 143
-1.77047 33.20411 -2.29702 150 150 150
-1.67738 33.19846 -2.38139 151 151 151
-1.58033 33.19822 -2.46121 146 146 146
-1.48174 33.19800 -2.53925 142 142 142
-1.37884 33.19660 -2.61158 151 151 151
-1.27290 33.20325 -2.67939 144 144 144
-1.16538 33.20080 -2.74479 143 143 143
-1.05365 33.19791 -2.80268 139 139 139
-0.93922 33.19691 -2.85489 136 136 136
-0.82516 33.20153 -2.90790 138 138 138
-0.70625 33.19869 -2.94897 135 135 135
-0.58935 33.20002 -2.99556 150 150 150
-0.46844 33.19878 -3.03028 137 137 137
-0.34581 33.20150 -3.05806 140 140 140
-0.22244 33.19850 -3.08146 146 146 146
-0.09946 33.19990 -3.10680 138 138 138
0.02508 33.19704 -3.12272 134 134 134
0.14973 33.19891 -3.13856 139 139 139
0.27515 33.20142 -3.14674 139 139 139
0.40082 33.20091 -3.15037 147 147 147
0.52629 33.19980 -3.14149 143 143 143
0.65183 33.19756 -3.13753 134 134 134
0.77711 33.19953 -3.12734 137 137 137
0.90062 33.20055 -3.10373 143 143 143
1.02555 33.19743 -3.08883 137 137 137
1.14968 33.20067 -3.06734 141 141 141
1.26867 33.20062 -3.02528 138 138 138
1.38892 33.20466 -2.98919 148 148 148
1.50718 33.19671 -2.94703 145 145 145
1.62588 33.20120 -2.90567 145 145 145
1.74259 33.19961 -2.85864 137 137 137
1.85750 33.20155 -2.80701 136 136 136
1.96569 33.19586 -2.74240 138 138 138
2.07569 33.20212 -2.68126 143 143 143
2.17774 33.20262 -2.60747 148 148 148
2.28050 33.19906 -2.53528 141 141 141
2.38142 33.20526 -2.46050 141 141 141
2.47918 33.19911 -2.38157 141 141 141
2.57193 33.19882 -2.29681 143 143 143
2.66322 33.20243 -2.21052 146 146 146
2.75260 33.20188 -2.12208 153 153 153
2.83512 33.20113 -2.02721 149 149 149
2.91469 33.19849 -1.92990 147 147 147
2.99023 33.19734 -1.82944 144 144 144
3.06087 33.19969 -1.72551 155 155 155
3.12575 33.20046 -1.61796 154 154 154
3.19461 33.19830 -1.51272 153 153 153
3.24702 33.19806 -1.39833 150 150 150
3.30858 33.20202 -1.28862 154 154 154
3.36297 33.20311 -1.17508 154 154 154
3.40077 33.20191 -1.05486 157 157 157
3.44479 33.19872 -0.93717 160 160 160
3.48045 33.19710 -0.81667 167 167 167
3.50783 33.20148 -0.69405 151 151 151
3.54098 33.19961 -0.57274 161 161 161
3.56224 33.20141 -0.44885 163 163 163
3.58051 33.19621 -0.32447 170 170 170
3.58832 33.20667 -0.19899 166 166 166
3.60181 33.19696 -0.07389 168 168 168
3.59575 33.59928 0.05250 164 164 164
3.59774 33.60310 0.17822 170 170 170
3.59063 33.59931 0.30377 168 168 168
3.57779 33.59997 0.42887 173 173 173
3.56042 33.60125 0.55340 171 171 171
3.53550 33.59379 0.67661 171 171 171
3.50864 33.60204 0.79933 172 172 172
3.47689 33.60285 0.92087 175 175 175
3.44238 33.60436 1.04172 173 173 173
3.39397 33.60307 1.15781 168 168 168
3.35426 33.59983 1.27707 181 181 181
3.30644 33.60079 1.39336 175 175 175
3.24820 33.59978 1.50481 177 177 177
3.18993 33.60415 1.61612 181 181 181
3.12827 33.60025 1.72568 185 185 185
3.05767 33.59678 1.82971 186 186 186
2.98856 33.60476 1.93474 182 182 182
2.91109 33.59882 2.03375 184 184 184
2.83269 33.60580 2.13202 184 184 184
2.74932 33.60227 2.22615 182 182 182
2.66108 33.59726 2.31569 192 192 192
2.56876 33.60024 2.40093 187 187 187
2.47706 33.60237 2.48690 187 187 187
2.37802 33.59721 2.56429 191 191 191
2.27731 33.60033 2.63930 196 196 196
2.17579 33.59671 2.71332 187 187 187
2.06735 33.59612 2.77682 192 192 192
1.96047 33.60195 2.84269 195 195 195
1.85206 33.60282 2.90648 196 196 196
1.73855 33.60064 2.96063 188 188 188
1.62224 33.60046 3.00834 186 186 186
1.50538 33.60050 3.05448 196 196 196
1.38653 33.60641 3.09523 186 186 186
1.26672 33.60054 3.13314 198 198 198
1.14420 33.59898 3.16114 195 195 195
1.02271 33.59987 3.19370 186 186 186
0.89822 33.59618 3.21145 191 191 191
0.77373 33.59947 3.22801 196 196 196
0.64927 33.59769 3.24665 197 197 197
0.52338 33.59665 3.24647 188 188 188
0.39789 33.59754 3.25294 198 198 198
0.27230 33.60327 3.24896 202 202 202
0.14675 33.60047 3.24354 196 196 196
0.02134 33.60072 3.23394 196 196 196
-0.10263 33.60237 3.21263 198 198 198
-0.22519 33.60206 3.18492 197 197 197
-0.34943 33.60138 3.16531 195 195 195
-0.46978 33.59797 3.12901 196 196 196
-0.59104 33.60050 3.09609 193 193 193
-0.70794 33.60057 3.04998 198 198 198
-0.82842 33.60226 3.01306 196 196 196
-0.94093 33.59536 2.95662 198 198 198
-1.05724 33.59720 2.90835 195 195 195
-1.16575 33.60690 2.84458 190 190 190
-1.27550 33.59895 2.78322 195 195 195
-1.37735 33.60173 2.70933 200 200 200
-1.48490 33.59790 2.64393 187 187 187
-1.57927 33.60018 2.56051 193 193 193
-1.67596 33.59994 2.48066 194 194 194
-1.77836 33.59853 2.40675 185 185 185
-1.86422 33.60331 2.31461 183 183 183
-1.94492 33.60396 2.21817 191 191 191
-2.03124 33.59875 2.12717 182 182 182
-2.11479 33.60254 2.03333 193 193 193
-2.18862 33.60125 1.93171 189 189 189
-2.26231 33.59686 1.82999 187 187 187
-2.33005 33.60235 1.72418 188 188 188
-2.39636 33.59713 1.61735 176 176 176
-2.45163 33.59790 1.50440 179 179 179
-2.51055 33.59633 1.39331 176 176 176
-2.55414 33.60090 1.27527 178 178 178
-2.60327 33.59828 1.15969 180 180 180
-2.64394 33.60127 1.04085 172 172 172
-2.67945 33.59998 0.92040 172 172 172
-2.71254 33.60076 0.79925 167 167 167
-2.74011 33.60174 0.67669 176 176 176
-2.75986 33.60434 0.55264 178 178 178
-2.77944 33.59788 0.42856 158 158 158
-2.79244 33.59985 0.30358 159 159 159
-2.79634 33.59671 0.17800 168 168 168
-2.80506 33.60300 0.05250 166 166 166
-2.80284 33.60329 -0.07326 170 170 170
-2.79017 33.59991 -0.19841 166 166 166
-2.78057 33.60370 -0.32370 171 171 171
-2.76251 33.59948 -0.44806 161 161 161
-2.73513 33.60174 -0.57070 160 160 160
-2.71267 33.59917 -0.69428 164 164 164
-2.67873 33.59887 -0.81520 159 159 159
-2.63991 33.59848 -0.93454 154 154 154
-2.60356 33.60141 -1.05479 158 158 158
-2.55744 33.59723 -1.17164 155 155 155
-2.50988 33.60121 -1.28800 156 156 156
-2.45488 33.60254 -1.40106 151 151 151
-2.38974 33.60144 -1.50865 155 155 155
-2.32943 33.59703 -1.61880 151 151 151
-2.26178 33.60062 -1.72464 153 153 153
-2.18990 33.59953 -1.82763 152 152 152
-2.11976 33.60341 -1.93225 156 156 156
-2.03864 33.60026 -2.02849 150 150 150
-1.95162 33.60354 -2.11936 152 152 152
-1.86678 33.60344 -2.21216 147 147 147
-1.78145 33.59879 -2.30509 157 157 157
-1.68216 33.59772 -2.38292 146 146 146
-1.58341 33.59876 -2.46076 145 145 145
-1.48264 33.60162 -2.53582 144 144 144
-1.38145 33.60127 -2.61046 143 143 143
-1.27243 33.60077 -2.67320 141 141 141
-1.16551 33.59647 -2.73915 145 145 145
-1.05483 33.60086 -2.79861 141 141 141
-0.94365 33.60081 -2.85752 143 143 143
-0.82645 33.59811 -2.90331 143 143 143
-0.70924 33.59820 -2.94850 133 133 133
-0.59247 33.59902 -2.99551 143 143 143
-0.47085 33.59876 -3.02780 140 140 140
-0.34907 33.60028 -3.05878 144 144 144
-0.22628 33.60110 -3.08541 136 136 136
-0.10224 33.60023 -3.10515 141 141 141
0.02254 33.60105 -3.11879 143 143 143
0.14748 33.59951 -3.12921 140 140 140
0.27192 33.59812 -3.15348 134 134 134
0.39789 33.59723 -3.15092 141 141 141
0.52357 33.59740 -3.14632 139 139 139
0.64915 33.60093 -3.14013 142 142 142
0.77459 33.60317 -3.13028 139 139 139
0.89829 33.60276 -3.10692 141 141 141
1.02263 33.60119 -3.08829 142 142 142
1.14689 33.60040 -3.06733 140 140 140
1.26601 33.60310 -3.02565 144 144 144
1.38651 33.60067 -2.99017 141 141 141
1.50534 33.59910 -2.94938 138 138 138
1.62262 33.59610 -2.90427 142 142 142
1.73694 33.60078 -2.85213 147 147 147
1.84994 33.59676 -2.79732 139 139 139
1.96373 33.60050 -2.74352 142 142 142
2.06843 33.59804 -2.67358 147 147 147
2.17776 33.59831 -2.61127 147 147 147
2.27431 33.60259 -2.53018 149 149 149
2.37675 33.60275 -2.45767 135 135 135
2.47091 33.59859 -2.37470 149 149 149
2.57501 33.59746 -2.30270 147 147 147
2.66464 33.59784 -2.21425 146 146 146
2.74635 33.60199 -2.11839 153 153 153
2.83410 33.60174 -2.02822 158 158 158
2.91085 33.59822 -1.92856 159 159 159
2.98996 33.60592 -1.83075 154 154 154
3.05944 33.59922 -1.72589 144 144 144
3.12972 33.60198 -1.62157 159 159 159
3.19319 33.59827 -1.51294 158 158 158
3.24927 33.59680 -1.40035 156 156 156
3.30773 33.59887 -1.28896 155 155 155
3.35258 33.60090 -1.17137 158 158 158
3.39311 33.59909 -1.05250 158 158 158
3.43944 33.59826 -0.93576 159 159 159
3.47272 33.60218 -0.81469 154 154 154
3.50877 33.60226 -0.69436 160 160 160
3.53171 33.59910 -0.57086 162 162 162
3.55970 33.60215 -0.44828 167 167 167
3.57662 33.60120 -0.32373 168 168 168
3.58074 33.59806 -0.19800 159 159 159
3.59332 33.60011 -0.07305 171 171 171
3.59118 33.99711 0.05313 169 169 169
3.59291 33.99663 0.17878 168 168 168
3.58295 34.00035 0.30404 173 173 173
3.57118 33.99827 0.42908 177 177 177
3.55687 33.99621 0.55396 169 169 169
3.53274 34.00134 0.67731 176 176 176
3.50970 34.00038 0.80096 179 179 179
3.47396 33.99883 0.92155 175 175 175
3.43331 34.00093 1.04041 177 177 177
3.39592 34.00302 1.16032 181 181 181
3.34880 33.99771 1.27673 177 177 177
3.29883 33.99538 1.39193 178 178 178
3.24487 33.99881 1.50533 175 175 175
3.18738 33.99702 1.61707 187 187 187
3.12610 34.00275 1.72690 184 184 184
3.05410 33.99758 1.83005 193 193 193
2.98272 34.00158 1.93339 182 182 182
2.90470 34.00124 2.03181 188 188 188
2.82591 33.99964 2.12953 186 186 186
2.74084 33.99472 2.22183 184 184 184
2.65668 34.00268 2.31506 186 186 186
2.57234 33.99772 2.40883 186 186 186
2.47209 34.00081 2.48538 194 194 194
2.37427 33.99790 2.56414 187 187 187
2.27472 34.00273 2.64069 189 189 189
2.17111 33.99995 2.71163 191 191 191
2.06492 34.00565 2.77859 191 191 191
1.95903 34.00123 2.84636 196 196 196
1.85005 33.99850 2.90932 195 195 195
1.73581 34.00063 2.96212 188 188 188
1.61859 34.00477 3.00774 196 196 196
1.50109 34.00035 3.05199 190 190 190
1.38548 33.99741 3.10229 194 194 194
1.26275 34.00044 3.13084 191 191 191
1.14359 34.00000 3.17225 200 200 200
1.01935 33.99958 3.19321 189 189 189
0.89547 34.00315 3.21455 198 198 198
0.77097 34.00224 3.23180 195 195 195
0.64580 33.99991 3.24306 192 192 192
0.52032 34.00191 3.24901 197 197 197
0.39475 34.00131 3.25380 192 192 192
0.26909 33.99769 3.25143 197 197 197
0.14420 34.00216 3.23661 188 188 188
0.01941 34.00245 3.22436 186 186 186
-0.10564 34.00108 3.21248 194 194 194
-0.22885 34.00327 3.18816 189 189 189
-0.35358 33.99826 3.17013 200 200 200
-0.47375 33.99463 3.13258 197 197 197
-0.59329 34.00255 3.09400 197 197 197
-0.71201 33.99913 3.05313 196 196 196
-0.83015 34.00092 3.01029 194 194 194
-0.94601 34.00120 2.96146 190 190 190
-1.06068 33.99790 2.90956 187 187 187
-1.16894 34.00315 2.84529 190 190 190
-1.28145 33.99566 2.78843 183 183 183
-1.38466 33.99601 2.71621 195 195 195
-1.48696 34.00203 2.64308 184 184 184
-1.58440 34.00526 2.56367 190 190 190
-1.68182 33.99893 2.48447 186 186 186
-1.77673 34.00088 2.40222 187 187 187
-1.86829 33.99279 2.31616 179 179 179
-1.95148 33.99928 2.22196 180 180 180
-2.03969 34.00253 2.13233 184 184 184
-2.11628 33.99853 2.03266 179 179 179
-2.19940 33.99856 1.93788 184 184 184
-2.26216 34.00129 1.82841 186 186 186
-2.33201 33.99852 1.72409 180 180 180
-2.39674 33.99845 1.61643 182 182 182
-2.46180 33.99867 1.50861 184 184 184
-2.51723 34.00254 1.39557 177 177 177
-2.56565 33.99728 1.27936 181 181 181
-2.60282 33.99836 1.15899 173 173 173
-2.64865 33.99897 1.04198 184 184 184
-2.69297 34.00050 0.92395 178 178 178
-2.71368 34.00434 0.79939 171 171 171
-2.74083 34.00220 0.67683 176 176 176
-2.76720 33.99743 0.55393 167 167 167
-2.77967 34.00231 0.42884 162 162 162
-2.79442 33.99838 0.30412 170 170 170
-2.80092 34.00029 0.17868 172 172 172
-2.80670 33.99831 0.05313 162 162 162
-2.80328 33.99985 -0.07253 169 169 169
-2.78432 34.00071 -0.19707 167 167 167
-2.77796 33.99696 -0.32239 163 163 163
-2.77057 33.99813 -0.44821 166 166 166
-2.74414 33.99845 -0.57124 162 162 162
-2.71647 34.00188 -0.69381 155 155 155
-2.68170 34.00090 -0.81452 158 158 158
-2.64868 33.99986 -0.93574 150 150 150
-2.60807 33.99963 -1.05468 158 158 158
-2.55446 34.00029 -1.16848 157 157 157
-2.51452 33.99826 -1.28807 149 149 149
-2.45011 34.00357 -1.39640 166 166 166
-2.39514 33.99848 -1.50929 147 147 147
-2.33755 33.99748 -1.62123 151 151 151
-2.26125 34.00137 -1.72156 154 154 154
-2.19312 33.99934 -1.82707 149 149 149
-2.12237 33.99525 -1.93121 155 155 155
-2.03940 34.00114 -2.02583 156 156 156
-1.95305 34.00075 -2.11716 155 155 155
-1.86863 33.99903 -2.21025 147 147 147
-1.78221 33.99737 -2.30190 145 145 145
-1.68607 33.99807 -2.38320 148 148 148
-1.58796 34.00120 -2.46193 144 144 144
-1.48676 33.99601 -2.53655 142 142 142
-1.38443 34.00603 -2.60960 141 141 141
-1.28177 33.99612 -2.68271 145 145 145
-1.17271 34.00082 -2.74577 145 145 145
-1.05479 34.00180 -2.79176 143 143 143
-0.94473 33.99930 -2.85243 142 142 142
-0.83011 34.00670 -2.90395 143 143 143
-0.71490 33.99486 -2.95472 138 138 138
-0.59261 34.00041 -2.98567 141 141 141
-0.47356 34.00402 -3.02566 141 141 141
-0.35321 33.99570 -3.06236 142 142 142
-0.23112 34.00436 -3.09331 137 137 137
-0.10482 33.99804 -3.10101 138 138 138
0.01827 34.00004 -3.12771 134 134 134
0.14394 34.00311 -3.13375 139 139 139
0.26905 33.99993 -3.14620 139 139 139
0.39475 34.00052 -3.14647 144 144 144
0.52036 34.00073 -3.14377 139 139 139
0.64589 34.00174 -3.13793 142 142 142
0.76993 34.00080 -3.11676 145 145 145
0.89463 34.00175 -3.10302 143 143 143
1.01988 34.00123 -3.08960 144 144 144
1.14179 34.00044 -3.05853 143 143 143
1.26223 33.99895 -3.02273 144 144 144
1.38387 34.00307 -2.99107 137 137 137
1.50263 34.00199 -2.94991 147 147 147
1.62024 34.00253 -2.90547 142 142 142
1.73359 34.00293 -2.85105 139 139 139
1.84699 34.00156 -2.79705 146 146 146
1.95839 34.00176 -2.73896 145 145 145
2.06586 33.99833 -2.67388 146 146 146
2.17399 34.00112 -2.60969 151 151 151
2.27752 33.99804 -2.53829 147 147 147
2.37826 34.00095 -2.46295 143 143 143
2.47360 33.99972 -2.38089 142 142 142
2.56688 33.99759 -2.29667 147 147 147
2.66229 33.99803 -2.21442 148 148 148
2.74175 33.99988 -2.11642 147 147 147
2.83266 33.99851 -2.02904 141 141 141
2.90931 33.99680 -1.92920 154 154 154
2.98610 33.99648 -1.82960 150 150 150
3.04954 33.99744 -1.72075 148 148 148
3.12021 34.00482 -1.61704 151 151 151
3.18707 33.99917 -1.51065 151 151 151
3.24282 34.00393 -1.39804 150 150 150
3.29761 34.00501 -1.28511 153 153 153
3.35673 34.00213 -1.17377 158 158 158
3.39560 33.99744 -1.05395 153 153 153
3.43689 33.99750 -0.93533 161 161 161
3.47227 33.99726 -0.81482 163 163 163
3.50712 34.00034 -0.69409 162 162 162
3.53377 34.00172 -0.57127 162 162 162
3.55381 34.00039 -0.44722 167 167 167
3.57427 34.00110 -0.32320 157 157 157
3.58796 34.00040 -0.19819 172 172 172
3.59087 33.99810 -0.07245 162 162 162
3.58978 34.39716 0.05375 171 171 171
3.59523 34.40036 0.17963 168 168 168
3.58165 34.40477 0.30483 170 170 170
3.56427 34.40108 0.42928 171 171 171
3.55420 34.39768 0.55469 171 171 171
3.52939 34.40076 0.67793 179 179 179
3.50064 34.40271 0.80021 177 177 177
3.47162 34.40294 0.92246 177 177 177
3.43621 34.40074 1.04307 178 178 178
3.39654 34.39882 1.16240 182 182 182
3.34107 34.39978 1.27554 176 176 176
3.29970 34.39603 1.39449 177 177 177
3.24292 34.39857 1.50667 178 178 178
3.18539 34.40441 1.61846 180 180 180
3.12242 34.40264 1.72731 181 181 181
3.05660 34.40306 1.83458 180 180 180
2.98112 34.39990 1.93528 186 186 186
2.90321 34.39918 2.03389 180 180 180
2.82669 34.39758 2.13367 189 189 189
2.74306 34.39597 2.22760 188 188 188
2.65369 34.39978 2.31603 186 186 186
2.56479 34.39998 2.40490 189 189 189
2.46937 34.39857 2.48673 195 195 195
2.37408 34.40147 2.56876 191 191 191
2.27383 34.40118 2.64467 188 188 188
2.16887 34.39654 2.71391 193 193 193
2.06426 34.39760 2.78360 190 190 190
1.95767 34.39680 2.85051 194 194 194
1.84280 34.39809 2.90226 198 198 198
1.73263 34.39971 2.96308 191 191 191
1.61679 34.39806 3.01208 192 192 192
1.49680 34.40495 3.05004 195 195 195
1.37897 34.40214 3.09314 192 192 192
1.26164 34.39990 3.13934 195 195 195
1.13812 34.40070 3.16402 186 186 186
1.01604 34.40133 3.19398 192 192 192
0.89221 34.39786 3.21565 194 194 194
0.76761 34.39665 3.23226 205 205 205
0.64314 34.40256 3.25225 197 197 197
0.51684 34.39893 3.24614 197 197 197
0.39141 34.39903 3.25140 196 196 196
0.26585 34.40067 3.24950 198 198 198
0.13989 34.39736 3.24960 189 189 189
0.01506 34.39875 3.23354 197 197 197
-0.10918 34.39960 3.21433 195 195 195
-0.23344 34.39910 3.19510 199 199 199
-0.35579 34.40268 3.16606 194 194 194
-0.47708 34.39992 3.13320 184 184 184
-0.59700 34.39601 3.09578 193 193 193
-0.71730 34.40211 3.05904 202 202 202
-0.83357 34.40048 3.01112 196 196 196
-0.95126 34.39825 2.96622 196 196 196
-1.06238 34.40422 2.90697 187 187 187
-1.17258 34.40395 2.84646 193 193 193
-1.28030 34.40045 2.78174 191 191 191
-1.38534 34.39941 2.71284 194 194 194
-1.48919 34.39436 2.64217 188 188 188
-1.58984 34.39776 2.56696 190 190 190
-1.67962 34.40120 2.47861 182 182 182
-1.77913 34.39838 2.40182 190 190 190
-1.86590 34.39847 2.31107 192 192 192
-1.96013 34.39965 2.22749 185 185 185
-2.04029 34.39791 2.13062 184 184 184
-2.12075 34.40356 2.03417 182 182 182
-2.19645 34.40261 1.93394 185 185 185
-2.27106 34.40193 1.83276 180 180 180
-2.33411 34.39759 1.72395 187 187 187
-2.39803 34.39837 1.61591 185 185 185
-2.46040 34.40109 1.50682 178 178 178
-2.51313 34.39526 1.39276 179 179 179
-2.56837 34.39730 1.27973 173 173 173
-2.61351 34.39897 1.16232 174 174 174
-2.64748 34.40031 1.04115 175 175 175
-2.69035 34.40103 0.92290 170 170 170
-2.72186 34.39783 0.80118 179 179 179
-2.74519 34.39846 0.67766 170 170 170
-2.76611 34.39876 0.55385 178 178 178
-2.79221 34.40297 0.43056 167 167 167
-2.79640 34.40145 0.30464 177 177 177
-2.80983 34.40348 0.17953 169 169 169
-2.80974 34.40434 0.05375 167 167 167
-2.80696 34.40069 -0.07191 165 165 165
-2.80130 34.40311 -0.19752 164 164 164
-2.78191 34.39888 -0.32184 168 168 168
-2.76178 34.39827 -0.44567 159 159 159
-2.74793 34.39948 -0.57070 166 166 166
-2.71967 34.39504 -0.69316 156 156 156
-2.69069 34.39175 -0.81549 161 161 161
-2.65275 34.40025 -0.93536 155 155 155
-2.61266 34.40225 -1.05451 165 165 165
-2.56709 34.39747 -1.17170 154 154 154
-2.51785 34.39861 -1.28744 161 161 161
-2.45844 34.39825 -1.39832 157 157 157
-2.40229 34.39631 -1.51080 153 153 153
-2.33933 34.40102 -1.61965 155 155 155
-2.27080 34.39107 -1.72508 159 159 159
-2.19525 34.39793 -1.82557 151 151 151
-2.12144 34.40416 -1.92722 143 143 143
-2.04105 34.40166 -2.02376 152 152 152
-1.96144 34.39799 -2.12120 156 156 156
-1.87129 34.39547 -2.20895 150 150 150
-1.78024 34.39826 -2.29553 149 149 149
-1.68949 34.39633 -2.38267 152 152 152
-1.59267 34.40256 -2.46304 143 143 143
-1.49253 34.39980 -2.53926 143 143 143
-1.38469 34.40062 -2.60437 139 139 139
-1.28175 34.39892 -2.67661 145 145 145
-1.17375 34.39773 -2.74104 145 145 145
-1.06071 34.39905 -2.79620 141 141 141
-0.94729 34.39899 -2.85012 137 137 137
-0.83310 34.39685 -2.90248 144 144 144
-0.71524 34.40316 -2.94597 137 137 137
-0.59804 34.39933 -2.99146 139 139 139
-0.47605 34.39998 -3.02202 140 140 140
-0.35628 34.39776 -3.06061 138 138 138
-0.23273 34.40192 -3.08402 141 141 141
-0.10921 34.39778 -3.10702 143 143 143
0.01505 34.40256 -3.12612 143 143 143
0.14023 34.39765 -3.13774 141 141 141
0.26571 34.40222 -3.14562 140 140 140
0.39141 34.40148 -3.14597 142 142 142
0.51703 34.39516 -3.14359 138 138 138
0.64185 34.40199 -3.12835 141 141 141
0.76765 34.40113 -3.12511 144 144 144
0.89257 34.39886 -3.11043 139 139 139
1.01535 34.39939 -3.08302 136 136 136
1.13742 34.40087 -3.05360 136 136 136
1.26102 34.39987 -3.02966 139 139 139
1.38109 34.40110 -2.99218 139 139 139
1.49771 34.40120 -2.94499 144 144 144
1.61371 34.39917 -2.89715 147 147 147
1.73078 34.39330 -2.85157 142 142 142
1.84565 34.39946 -2.80036 147 147 147
1.95492 34.40014 -2.73809 143 143 143
2.06406 34.39597 -2.67576 147 147 147
2.17232 34.40347 -2.61157 144 144 144
2.27323 34.40023 -2.53636 151 151 151
2.37385 34.40109 -2.46097 146 146 146
2.47171 34.39905 -2.38197 138 138 138
2.56090 34.39910 -2.29319 150 150 150
2.65859 34.40055 -2.21343 146 146 146
2.74045 34.40187 -2.11768 145 145 145
2.82475 34.40363 -2.02452 151 151 151
2.90805 34.39762 -1.93021 158 158 158
2.97870 34.39769 -1.82602 160 160 160
3.05516 34.40055 -1.72611 151 151 151
3.12260 34.39915 -1.61992 147 147 147
3.18436 34.40393 -1.51038 156 156 156
3.24253 34.40134 -1.39897 157 157 157
3.29720 34.40161 -1.28584 157 157 157
3.34568 34.40408 -1.16995 154 154 154
3.39174 34.40316 -1.05313 158 158 158
3.43350 34.40191 -0.93468 157 157 157
3.46979 34.39871 -0.81444 156 156 156
3.50237 34.40274 -0.69313 163 163 163
3.52744 34.39793 -0.57005 165 165 165
3.54661 34.39824 -0.44599 160 160 160
3.56722 34.39731 -0.32213 161 161 161
3.58633 34.40165 -0.19770 173 173 173
3.59126 34.39934 -0.07197 168 168 168
3.58526 34.80094 0.05437 166 166 166
3.58942 34.80131 0.18016 167 167 167
3.58025 34.80223 0.30562 173 173 173
3.56593 34.80090 0.43052 162 162 162
3.54923 34.79781 0.55508 170 170 170
3.52224 34.79593 0.67784 170 170 170
3.50286 34.80112 0.80222 175 175 175
3.46677 34.79981 0.92272 172 172 172
3.43175 34.79992 1.04339 173 173 173
3.38845 34.79846 1.16135 182 182 182
3.35058 34.79886 1.28157 180 180 180
3.29394 34.79639 1.39409 186 186 186
3.23874 34.80024 1.50697 183 183 183
3.17323 34.80055 1.61425 184 184 184
3.12038 34.79667 1.72886 178 178 178
3.04859 34.79938 1.83221 180 180 180
2.97788 34.79863 1.93612 181 181 181
2.90394 34.79910 2.03788 187 187 187
2.82076 34.79305 2.13226 185 185 185
2.74021 34.80266 2.22885 191 191 191
2.64645 34.79880 2.31295 192 192 192
2.55646 34.80079 2.40034 189 189 189
2.46524 34.80187 2.48667 191 191 191
2.36928 34.79810 2.56778 190 190 190
2.26879 34.80357 2.64324 185 185 185
2.16354 34.79910 2.71185 193 193 193
2.06053 34.80014 2.78390 191 191 191
1.95079 34.79759 2.84517 193 193 193
1.83890 34.79954 2.90218 190 190 190
1.72728 34.79536 2.95978 194 194 194
1.61507 34.80044 3.01710 194 194 194
1.49570 34.80247 3.05729 201 201 201
1.37694 34.80282 3.09840 191 191 191
1.25678 34.79515 3.13528 197 197 197
1.13489 34.79715 3.16595 190 190 190
1.01174 34.80391 3.19079 192 192 192
0.88812 34.80083 3.21284 197 197 197
0.76427 34.79920 3.23459 198 198 198
0.63889 34.79905 3.24383 187 187 187
0.51337 34.80075 3.24855 203 203 203
0.38787 34.79503 3.25391 195 195 195
0.26227 34.80384 3.25103 194 194 194
0.13674 34.80090 3.24533 196 196 196
0.01178 34.80382 3.23199 201 201 201
-0.11274 34.79972 3.21508 196 196 196
-0.23656 34.80202 3.19363 201 201 201
-0.35867 34.80044 3.16393 197 197 197
-0.48014 34.80150 3.13211 192 192 192
-0.60145 34.79739 3.09918 187 187 187
-0.71983 34.79706 3.05693 188 188 188
-0.83789 34.79970 3.01363 189 189 189
-0.95363 34.80206 2.96432 191 191 191
-1.06385 34.79666 2.90355 191 191 191
-1.17876 34.80082 2.85180 199 199 199
-1.28172 34.79705 2.77890 191 191 191
-1.38826 34.80093 2.71255 184 184 184
-1.49341 34.79899 2.64374 189 189 189
-1.59237 34.80173 2.56630 186 186 186
-1.68767 34.79723 2.48453 192 192 192
-1.78591 34.80368 2.40596 182 182 182
-1.87425 34.79866 2.31650 197 197 197
-1.96408 34.80249 2.22849 187 187 187
-2.04507 34.80045 2.13230 189 189 189
-2.12515 34.79920 2.03548 179 179 179
-2.20052 34.79960 1.93495 184 184 184
-2.26988 34.79422 1.83023 178 178 178
-2.33936 34.79879 1.72562 185 185 185
-2.40498 34.79490 1.61845 185 185 185
-2.45487 34.79506 1.50282 177 177 177
-2.52221 34.80049 1.39594 174 174 174
-2.56713 34.80524 1.27838 180 180 180
-2.61168 34.79915 1.16097 181 181 181
-2.65308 34.79754 1.04244 174 174 174
-2.69211 34.79707 0.92302 177 177 177
-2.72331 34.79911 0.80130 168 168 168
-2.75022 34.80297 0.67858 174 174 174
-2.76897 34.79912 0.55437 171 171 171
-2.78787 34.80048 0.43025 176 176 176
-2.79828 34.80523 0.30513 165 165 165
-2.81044 34.79838 0.18004 163 163 163
-2.81008 34.79962 0.05438 171 171 171
-2.81075 34.80118 -0.07130 158 158 158
-2.80517 34.79951 -0.19692 163 163 163
-2.78698 34.79449 -0.32139 168 168 168
-2.77017 34.80017 -0.44581 163 163 163
-2.74899 34.80191 -0.56959 163 163 163
-2.72518 34.80052 -0.69300 157 157 157
-2.68789 34.79667 -0.81308 171 171 171
-2.65174 34.79720 -0.93326 163 163 163
-2.61755 34.79947 -1.05438 159 159 159
-2.56696 34.79510 -1.16955 160 160 160
-2.52242 34.80150 -1.28729 159 159 159
-2.46446 34.79863 -1.39896 157 157 157
-2.40549 34.79863 -1.50998 151 151 151
-2.33895 34.79939 -1.61662 156 156 156
-2.27571 34.80009 -1.72537 149 149 149
-2.20050 34.79516 -1.82619 151 151 151
-2.12238 34.80307 -1.92455 153 153 153
-2.04760 34.79986 -2.02572 146 146 146
-1.96558 34.79437 -2.12113 146 146 146
-1.87457 34.80020 -2.20807 149 149 149
-1.78680 34.79885 -2.29817 150 150 150
-1.68794 34.80325 -2.37609 144 144 144
-1.59250 34.80073 -2.45771 151 151 151
-1.49010 34.80173 -2.53043 144 144 144
-1.38758 34.80313 -2.60278 145 145 145
-1.28387 34.80123 -2.67367 141 141 141
-1.17566 34.80362 -2.73752 141 141 141
-1.06450 34.80148 -2.79607 137 137 137
-0.95264 34.79778 -2.85342 141 141 141
-0.83756 34.80192 -2.90407 138 138 138
-0.71911 34.79893 -2.94624 138 138 138
-0.60062 34.79899 -2.98788 143 143 143
-0.48123 34.79843 -3.02723 143 143 143
-0.35922 34.79949 -3.05750 141 141 141
-0.23572 34.80216 -3.08063 141 141 141
-0.11237 34.79717 -3.10406 138 138 138
0.01105 34.80283 -3.12939 143 143 143
0.13696 34.80197 -3.13372 142 142 142
0.26234 34.79766 -3.14071 143 143 143
0.38787 34.80248 -3.14598 135 135 135
0.51354 34.80256 -3.14398 138 138 138
0.63837 34.79747 -3.12847 142 142 142
0.76372 34.79612 -3.12112 136 136 136
0.88806 34.80059 -3.10366 144 144 144
1.01168 34.79960 -3.08170 143 143 143
1.13470 34.79276 -3.05640 142 142 142
1.25570 34.79992 -3.02270 140 140 140
1.37662 34.79679 -2.98867 140 140 140
1.49580 34.79772 -2.94880 136 136 136
1.61326 34.80086 -2.90398 137 137 137
1.72837 34.79747 -2.85338 137 137 137
1.83913 34.80457 -2.79388 138 138 138
1.95109 34.80325 -2.73696 144 144 144
2.06262 34.80297 -2.67857 141 141 141
2.16355 34.80225 -2.60311 147 147 147
2.27070 34.79870 -2.53712 146 146 146
2.36610 34.80075 -2.45499 150 150 150
2.46619 34.80042 -2.37903 147 147 147
2.55555 34.79725 -2.29061 150 150 150
2.65173 34.79895 -2.20948 150 150 150
2.73516 34.79790 -2.11544 151 151 151
2.82248 34.80032 -2.02497 146 146 146
2.90548 34.80042 -1.93035 150 150 150
2.97326 34.80158 -1.82402 156 156 156
3.04617 34.79699 -1.72184 150 150 150
3.11070 34.80037 -1.61418 151 151 151
3.17796 34.80117 -1.50815 152 152 152
3.23769 34.80022 -1.39768 155 155 155
3.29386 34.79863 -1.28530 155 155 155
3.34129 34.80179 -1.16897 157 157 157
3.38999 34.79684 -1.05317 160 160 160
3.43665 34.79956 -0.93623 155 155 155
3.46253 34.79979 -0.81277 155 155 155
3.50335 34.80223 -0.69358 157 157 157
3.52874 34.80328 -0.57038 170 170 170
3.54343 34.80008 -0.44542 165 165 165
3.56226 34.80352 -0.32134 166 166 166
3.57171 34.79599 -0.19620 166 166 166
3.57754 34.80083 -0.07095 166 166 166
3.58634 35.20226 0.05500 166 166 166
3.58838 35.20055 0.18090 164 164 164
3.57878 35.20183 0.30642 169 169 169
3.56119 35.19372 0.43103 168 168 168
3.54936 35.19996 0.55632 175 175 175
3.52168 35.20343 0.67910 177 177 177
3.49348 35.19913 0.80149 178 178 178
3.46574 35.19748 0.92410 181 181 181
3.42662 35.19870 1.04356 186 186 186
3.38717 35.20454 1.16288 177 177 177
3.34318 35.19660 1.28068 183 183 183
3.29122 35.19803 1.39518 179 179 179
3.23481 35.20048 1.50749 181 181 181
3.17984 35.19857 1.62067 173 173 173
3.11515 35.19663 1.72857 183 183 183
3.04649 35.19931 1.83393 180 180 180
2.97368 35.19867 1.93642 187 187 187
2.89667 35.20002 2.03572 184 184 184
2.81713 35.19994 2.13297 188 188 188
2.73736 35.20247 2.23030 186 186 186
2.64649 35.19501 2.31736 188 188 188
2.55608 35.20144 2.40460 183 183 183
2.46076 35.20008 2.48641 180 180 180
2.36780 35.20087 2.57127 182 182 182
2.26734 35.20177 2.64701 189 189 189
2.16301 35.20091 2.71728 192 192 192
2.05800 35.19513 2.78649 190 190 190
1.95021 35.19977 2.85142 191 191 191
1.83494 35.19524 2.90236 192 192 192
1.72449 35.20094 2.96246 187 187 187
1.60799 35.19888 3.00965 190 190 190
1.49291 35.20138 3.06048 192 192 192
1.37188 35.20099 3.09496 199 199 199
1.25412 35.19763 3.13974 191 191 191
1.13084 35.20641 3.16526 203 203 203
1.01051 35.19970 3.20398 202 202 202
0.88467 35.19908 3.21526 189 189 189
0.76006 35.20677 3.23122 195 195 195
0.63492 35.20103 3.24158 183 183 183
0.50956 35.20527 3.24718 198 198 198
0.38414 35.20216 3.25449 194 194 194
0.25838 35.19992 3.25571 196 196 196
0.13261 35.20367 3.25086 197 197 197
0.00827 35.19937 3.23065 200 200 200
-0.11463 35.20037 3.20407 198 198 198
-0.24123 35.19657 3.19892 193 193 193
-0.36254 35.19955 3.16514 196 196 196
-0.48503 35.20252 3.13684 186 186 186
-0.60675 35.20129 3.10462 196 196 196
-0.72326 35.20098 3.05673 191 191 191
-0.83978 35.19988 3.00978 202 202 202
-0.95661 35.20026 2.96331 195 195 195
-1.06784 35.19987 2.90465 189 189 189
-1.18260 35.20150 2.85261 194 194 194
-1.29127 35.19870 2.78902 187 187 187
-1.39519 35.20244 2.71795 189 189 189
-1.49666 35.20035 2.64369 186 186 186
-1.59644 35.20093 2.56735 189 189 189
-1.69081 35.19916 2.48444 182 182 182
-1.78656 35.20000 2.40325 185 185 185
-1.88029 35.19799 2.31943 190 190 190
-1.96821 35.20084 2.22949 182 182 182
-2.04994 35.19968 2.13389 187 187 187
-2.12733 35.20147 2.03488 189 189 189
-2.20344 35.19891 1.93499 185 185 185
-2.27800 35.20082 1.83378 188 188 188
-2.34611 35.19872 1.72810 182 182 182
-2.40684 35.20185 1.61802 177 177 177
-2.46772 35.20052 1.50809 181 181 181
-2.52308 35.19564 1.39525 182 182 182
-2.57753 35.20184 1.28176 177 177 177
-2.61788 35.19856 1.16250 180 180 180
-2.65781 35.20137 1.04339 173 173 173
-2.70073 35.20020 0.92502 173 173 173
-2.73103 35.20012 0.80288 173 173 173
-2.74886 35.20152 0.67819 174 174 174
-2.77648 35.20050 0.55559 169 169 169
-2.79739 35.20373 0.43156 170 170 170
-2.80137 35.20109 0.30570 170 170 170
-2.81669 35.20270 0.18076 174 174 174
-2.81270 35.19616 0.05500 171 171 171
-2.81364 35.20385 -0.07064 167 167 167
-2.81309 35.19892 -0.19663 160 160 160
-2.79720 35.19700 -0.32154 168 168 168
-2.77874 35.20350 -0.44595 164 164 164
-2.74920 35.20292 -0.56826 158 158 158
-2.72590 35.19983 -0.69165 167 167 167
-2.69237 35.20234 -0.81266 161 161 161
-2.65588 35.20246 -0.93276 161 161 161
-2.61506 35.19699 -1.05146 157 157 157
-2.56889 35.20164 -1.16818 158 158 158
-2.51933 35.19624 -1.28352 156 156 156
-2.46203 35.20180 -1.39519 151 151 151
-2.40731 35.19959 -1.50828 158 158 158
-2.34692 35.19973 -1.61859 157 157 157
-2.27743 35.20142 -1.72340 151 151 151
-2.20203 35.19641 -1.82396 147 147 147
-2.13289 35.19841 -1.92926 156 156 156
-2.04529 35.20533 -2.01993 150 150 150
-1.96033 35.19775 -2.11220 151 151 151
-1.87597 35.20147 -2.20511 145 145 145
-1.78896 35.19928 -2.29584 158 158 158
-1.69098 35.19595 -2.37464 144 144 144
-1.59220 35.20125 -2.45198 149 149 149
-1.49652 35.20482 -2.53350 143 143 143
-1.39601 35.19419 -2.60917 143 143 143
-1.29165 35.19920 -2.67964 139 139 139
-1.18205 35.20097 -2.74163 136 136 136
-1.06700 35.19902 -2.79302 145 145 145
-0.95471 35.20334 -2.84918 139 139 139
-0.83736 35.20235 -2.89395 148 148 148
-0.72499 35.19945 -2.95142 141 141 141
-0.60294 35.20337 -2.98292 146 146 146
-0.48644 35.20250 -3.03182 138 138 138
-0.36326 35.19617 -3.05811 138 138 138
-0.24043 35.19988 -3.08492 135 135 135
-0.11609 35.19587 -3.10332 139 139 139
0.00778 35.19681 -3.12479 140 140 140
0.13391 35.20050 -3.12443 138 138 138
0.25823 35.19870 -3.14949 136 136 136
0.38414 35.20038 -3.14614 141 141 141
0.50982 35.20139 -3.14384 141 141 141
0.63513 35.20075 -3.13422 141 141 141
0.76001 35.19595 -3.12074 137 137 137
0.88438 35.19729 -3.10343 139 139 139
1.00848 35.19518 -3.08380 136 136 136
1.13258 35.20041 -3.06248 140 140 140
1.25388 35.19990 -3.02889 142 142 142
1.37459 35.19792 -2.99332 144 144 144
1.49149 35.19805 -2.94662 144 144 144
1.60779 35.20179 -2.89916 147 147 147
1.72342 35.19855 -2.85013 140 140 140
1.83809 35.20129 -2.79855 145 145 145
1.94933 35.20000 -2.73986 153 153 153
2.05738 35.19926 -2.67549 142 142 142
2.16473 35.20322 -2.60985 150 150 150
2.26396 35.19619 -2.53236 144 144 144
2.36753 35.19503 -2.46093 141 141 141
2.46026 35.20303 -2.37583 145 145 145
2.55518 35.20072 -2.29363 147 147 147
2.64615 35.19787 -2.20702 143 143 143
2.73197 35.20022 -2.11532 141 141 141
2.82036 35.19848 -2.02573 150 150 150
2.90211 35.20328 -1.93001 145 145 145
2.97180 35.19864 -1.82505 146 146 146
3.04198 35.20328 -1.72091 153 153 153
3.11102 35.19808 -1.61604 155 155 155
3.17930 35.19698 -1.51037 157 157 157
3.23411 35.19829 -1.39713 157 157 157
3.29050 35.20088 -1.28485 155 155 155
3.33888 35.20184 -1.16889 155 155 155
3.38984 35.19635 -1.05386 160 160 160
3.42419 35.19934 -0.93277 156 156 156
3.46394 35.20367 -0.81359 160 160 160
3.49378 35.19844 -0.69156 165 165 165
3.52837 35.19333 -0.57043 161 161 161
3.54355 35.20076 -0.44540 161 161 161
3.56368 35.20410 -0.32132 160 160 160
3.57936 35.20036 -0.19647 163 163 163
3.57832 35.19724 -0.07050 166 166 166
3.57841 35.59849 0.05563 175 175 175
3.57138 35.59577 0.18101 160 160 160
3.57843 35.59819 0.30733 169 169 169
3.55836 35.60036 0.43179 169 169 169
3.54123 35.60192 0.55628 168 168 168
3.51538 35.59918 0.67925 171 171 171
3.49418 35.59997 0.80323 172 172 172
3.45814 35.59995 0.92369 176 176 176
3.42307 35.59639 1.04431 180 180 180
3.39036 35.60526 1.16613 169 169 169
3.33673 35.60199 1.28026 185 185 185
3.28536 35.60142 1.39492 187 187 187
3.23535 35.59957 1.51039 187 187 187
3.17314 35.59838 1.61975 182 182 182
3.10367 35.60193 1.72457 186 186 186
3.04270 35.59648 1.83465 186 186 186
2.96701 35.60011 1.93505 184 184 184
2.88875 35.59886 2.03320 178 178 178
2.81032 35.59814 2.13114 183 183 183
2.72878 35.59797 2.22663 188 188 188
2.64219 35.59687 2.31761 183 183 183
2.55240 35.60206 2.40549 188 188 188
2.45492 35.59693 2.48480 183 183 183
2.36297 35.59967 2.57075 197 197 197
2.26107 35.60251 2.64442 185 185 185
2.15641 35.59811 2.71391 196 196 196
2.05071 35.60258 2.78165 199 199 199
1.94345 35.59644 2.84700 196 196 196
1.83422 35.60057 2.90929 190 190 190
1.72240 35.59943 2.96707 189 189 189
1.60371 35.59811 3.00943 194 194 194
1.48768 35.59662 3.05757 195 195 195
1.37041 35.59817 3.10318 198 198 198
1.24791 35.60251 3.13227 198 198 198
1.12768 35.59588 3.16910 194 194 194
1.00527 35.60114 3.19806 197 197 197
0.88070 35.60418 3.21561 191 191 191
0.75550 35.60141 3.22651 191 191 191
0.63166 35.60021 3.25072 200 200 200
0.50577 35.59973 3.25162 200 200 200
0.38020 35.60271 3.25914 197 197 197
0.25464 35.60099 3.25145 190 190 190
0.12926 35.59885 3.24420 196 196 196
0.00422 35.60441 3.23227 194 194 194
-0.12048 35.60196 3.21679 186 186 186
-0.24480 35.59641 3.19770 194 194 194
-0.36753 35.59700 3.17014 197 197 197
-0.48786 35.59867 3.13354 191 191 191
-0.61059 35.59979 3.10499 198 198 198
-0.72843 35.59835 3.06070 194 194 194
-0.84419 35.59766 3.01157 194 194 194
-0.95932 35.59868 2.96127 188 188 188
-1.07050 35.59725 2.90280 190 190 190
-1.18363 35.60231 2.84805 192 192 192
-1.29208 35.60080 2.78455 192 192 192
-1.40176 35.60232 2.72252 193 193 193
-1.49570 35.59722 2.63759 188 188 188
-1.59956 35.60415 2.56694 196 196 196
-1.69913 35.60098 2.49021 192 192 192
-1.78929 35.60063 2.40257 192 192 192
-1.88276 35.59852 2.31859 190 190 190
-1.96947 35.59806 2.22764 180 180 180
-2.04808 35.59684 2.12958 184 184 184
-2.13348 35.60018 2.03726 183 183 183
-2.21384 35.60164 1.94031 182 182 182
-2.28230 35.60299 1.83465 188 188 188
-2.35042 35.60122 1.72895 175 175 175
-2.41641 35.60161 1.62181 185 185 185
-2.46227 35.60243 1.50394 174 174 174
-2.52676 35.60129 1.39575 183 183 183
-2.58188 35.59490 1.28256 184 184 184
-2.61955 35.60051 1.16229 169 169 169
-2.66114 35.60169 1.04382 174 174 174
-2.69621 35.60072 0.92326 173 173 173
-2.73056 35.60023 0.80245 175 175 175
-2.75904 35.60286 0.68006 179 179 179
-2.78032 35.60446 0.55620 168 168 168
-2.80008 35.59583 0.43204 175 175 175
-2.81638 35.59907 0.30720 171 171 171
-2.80957 35.59971 0.18095 170 170 170
-2.81410 35.60340 0.05563 170 170 170
-2.81614 35.59937 -0.06996 169 169 169
-2.80874 35.59851 -0.19535 164 164 164
-2.79303 35.59818 -0.31995 166 166 166
-2.77450 35.60171 -0.44403 174 174 174
-2.76072 35.60159 -0.56914 165 165 165
-2.72725 35.60399 -0.69041 160 160 160
-2.70340 35.60398 -0.81404 167 167 167
-2.66093 35.60396 -0.93250 163 163 163
-2.61956 35.60012 -1.05105 161 161 161
-2.57409 35.59872 -1.16808 160 160 160
-2.52052 35.60226 -1.28162 154 154 154
-2.47113 35.59982 -1.39720 165 165 165
-2.41395 35.59954 -1.50918 154 154 154
-2.34703 35.59532 -1.61563 162 162 162
-2.27658 35.59845 -1.71958 157 157 157
-2.21458 35.59656 -1.82959 147 147 147
-2.13808 35.59710 -1.92963 142 142 142
-2.05260 35.59951 -2.02218 153 153 153
-1.96759 35.59553 -2.11465 145 145 145
-1.88233 35.60114 -2.20691 152 152 152
-1.79119 35.59815 -2.29338 144 144 144
-1.69998 35.60342 -2.37996 145 145 145
-1.60146 35.60031 -2.45810 143 143 143
-1.49686 35.60152 -2.52793 146 146 146
-1.39601 35.60170 -2.60267 144 144 144
-1.29197 35.60216 -2.67311 140 140 140
-1.18002 35.60164 -2.73035 149 149 149
-1.07268 35.59537 -2.79581 150 150 150
-0.95993 35.59982 -2.85134 139 139 139
-0.84393 35.59790 -2.89969 149 149 149
-0.72835 35.59961 -2.94923 141 141 141
-0.60918 35.60026 -2.98937 137 137 137
-0.48944 35.59798 -3.02789 142 142 142
-0.36756 35.59832 -3.05904 137 137 137
-0.24376 35.59570 -3.08123 143 143 143
-0.12039 35.60274 -3.10501 144 144 144
0.00325 35.59678 -3.12921 139 139 139
0.12889 35.60064 -3.13763 145 145 145
0.25458 35.59939 -3.14161 131 131 131
0.38020 35.60031 -3.14137 136 136 136
0.50553 35.60192 -3.13428 142 142 142
0.63131 35.60044 -3.13495 139 139 139
0.75571 35.59928 -3.11703 129 129 129
0.88034 35.60000 -3.10210 140 140 140
1.00380 35.59666 -3.07941 142 142 142
1.12766 35.60287 -3.05775 140 140 140
1.24822 35.60297 -3.02211 146 146 146
1.36944 35.60218 -2.98895 137 137 137
1.48597 35.59342 -2.94168 142 142 142
1.60695 35.59839 -2.90601 138 138 138
1.71754 35.59679 -2.84528 145 145 145
1.83151 35.60022 -2.79272 148 148 148
1.94535 35.60331 -2.73914 144 144 144
2.05398 35.59520 -2.67572 150 150 150
2.15753 35.60393 -2.60434 144 144 144
2.26308 35.60688 -2.53593 141 141 141
2.36007 35.60127 -2.45582 138 138 138
2.46054 35.60669 -2.38013 146 146 146
2.55444 35.59972 -2.29646 150 150 150
2.64453 35.59692 -2.20870 146 146 146
2.72641 35.59773 -2.11319 154 154 154
2.81814 35.60077 -2.02657 146 146 146
2.89570 35.59917 -1.92744 153 153 153
2.96705 35.60012 -1.82383 149 149 149
3.04517 35.60614 -1.72505 145 145 145
3.11028 35.60261 -1.61737 148 148 148
3.16946 35.60054 -1.50644 154 154 154
3.23071 35.60210 -1.39678 151 151 151
3.28853 35.60524 -1.28513 162 162 162
3.33221 35.60217 -1.16714 155 155 155
3.37920 35.59768 -1.05077 150 150 150
3.41905 35.59850 -0.93176 162 162 162
3.45984 35.60278 -0.81292 152 152 152
3.49437 35.60253 -0.69202 160 160 160
3.52196 35.60190 -0.56931 161 161 161
3.54188 35.59937 -0.44514 165 165 165
3.55658 35.60032 -0.32032 173 173 173
3.57647 35.59917 -0.19593 167 167 167
3.57673 35.60374 -0.06997 168 168 168
3.58273 35.99893 0.05625 166 166 166
3.57381 35.99825 0.18189 178 178 178
3.56745 36.00025 0.30742 171 171 171
3.55736 35.99768 0.43278 171 171 171
3.53864 36.00110 0.55715 174 174 174
3.51669 36.00092 0.68096 177 177 177
3.48921 35.99430 0.80365 172 172 172
3.45375 35.99922 0.92424 169 169 169
3.42568 36.00173 1.04713 180 180 180
3.37595 36.00392 1.16296 175 175 175
3.32932 36.00165 1.27953 181 181 181
3.27555 36.00041 1.39293 182 182 182
3.22048 36.00317 1.50555 183 183 183
3.16995 36.00054 1.62089 178 178 178
3.10241 35.99871 1.72695 178 178 178
3.03179 35.99825 1.83074 186 186 186
2.96523 36.00015 1.93738 178 178 178
2.88638 35.99830 2.03522 184 184 184
2.80900 35.99955 2.13416 192 192 192
2.72425 36.00252 2.22688 190 190 190
2.64082 36.00345 2.32099 181 181 181
2.54662 36.00302 2.40433 193 193 193
2.45343 36.00201 2.48852 185 185 185
2.35964 35.99822 2.57239 189 189 189
2.25351 36.00007 2.64031 184 184 184
2.15215 36.00141 2.71433 192 192 192
2.04812 35.99778 2.78478 191 191 191
1.93970 36.00184 2.84830 190 190 190
1.82811 35.99777 2.90602 193 193 193
1.71324 36.00273 2.95677 196 196 196
1.60024 35.99870 3.01165 201 201 201
1.48486 35.99506 3.06175 196 196 196
1.36558 36.00016 3.10164 198 198 198
1.24350 35.99885 3.13189 193 193 193
1.12315 35.99657 3.16805 181 181 181
0.99935 36.00251 3.18966 196 196 196
0.87686 36.00084 3.21809 200 200 200
0.75156 35.99885 3.22873 203 203 203
0.62700 36.00169 3.24456 192 192 192
0.50188 35.99816 3.25828 196 196 196
0.37608 35.99972 3.25549 192 192 192
0.25033 36.00424 3.25662 194 194 194
0.12477 35.99934 3.24941 192 192 192
0.00072 35.99588 3.22766 193 193 193
-0.12477 36.00334 3.21847 192 192 192
-0.24857 36.00178 3.19656 188 188 188
-0.37048 36.00209 3.16590 194 194 194
-0.49122 35.99994 3.13144 192 192 192
-0.61252 36.00048 3.09884 197 197 197
-0.73208 35.99970 3.06005 190 190 190
-0.84923 36.00318 3.01440 196 196 196
-0.96412 36.00118 2.96337 188 188 188
-1.07558 35.99989 2.90528 192 192 192
-1.19110 36.00135 2.85465 192 192 192
-1.29583 36.00102 2.78456 194 194 194
-1.40162 36.00179 2.71676 192 192 192
-1.50271 36.00268 2.64217 189 189 189
-1.60525 35.99686 2.56955 200 200 200
-1.69978 35.99472 2.48676 186 186 186
-1.79748 35.99887 2.40760 189 189 189
-1.88641 36.00300 2.31874 182 182 182
-1.97302 35.99582 2.22773 186 186 186
-2.06413 36.00000 2.14038 182 182 182
-2.13290 36.00301 2.03417 182 182 182
-2.21776 35.99786 1.94078 186 186 186
-2.28235 36.00044 1.83256 182 182 182
-2.35033 36.00327 1.72700 186 186 186
-2.42053 35.99646 1.62243 184 184 184
-2.46842 35.99757 1.50560 177 177 177
-2.53203 36.00121 1.39690 177 177 177
-2.58223 35.99565 1.28162 181 181 181
-2.62774 35.99815 1.16442 176 176 176
-2.66835 36.00538 1.04544 175 175 175
-2.70350 36.00046 0.92478 175 175 175
-2.73564 36.00206 0.80331 176 176 176
-2.75828 35.99834 0.67971 181 181 181
-2.78870 35.99479 0.55750 169 169 169
-2.80064 35.99885 0.43224 173 173 173
-2.81269 35.99896 0.30721 164 164 164
-2.82047 36.00121 0.18184 171 171 171
-2.82605 35.99937 0.05625 165 165 165
-2.82613 35.99897 -0.06957 170 170 170
-2.81815 36.00000 -0.19514 165 165 165
-2.79883 36.00063 -0.31953 166 166 166
-2.78918 36.00077 -0.44508 169 169 169
-2.76289 36.00054 -0.56813 161 161 161
-2.73379 35.99952 -0.69036 156 156 156
-2.70382 36.00416 -0.81237 160 160 160
-2.66818 36.00101 -0.93289 155 155 155
-2.62683 35.99770 -1.05158 149 149 149
-2.57042 36.00275 -1.16423 156 156 156
-2.52956 36.00480 -1.28327 159 159 159
-2.47491 36.00072 -1.39640 158 158 158
-2.41490 35.99770 -1.50677 150 150 150
-2.35585 35.99939 -1.61788 151 151 151
-2.28117 35.99817 -1.71926 152 152 152
-2.21058 36.00115 -1.82306 145 145 145
-2.14118 35.99734 -1.92820 152 152 152
-2.06035 35.99898 -2.02466 144 144 144
-1.97366 36.00053 -2.11582 142 142 142
-1.89065 36.00095 -2.21048 148 148 148
-1.79930 35.99894 -2.29706 150 150 150
-1.70636 36.00232 -2.38197 151 151 151
-1.60392 35.99510 -2.45536 146 146 146
-1.49873 35.99789 -2.52419 145 145 145
-1.40113 35.99833 -2.60352 142 142 142
-1.29460 36.00066 -2.67005 147 147 147
-1.18585 36.00239 -2.73277 139 139 139
-1.07516 36.00131 -2.79196 141 141 141
-0.96253 35.99919 -2.84742 139 139 139
-0.84719 35.99749 -2.89699 140 140 140
-0.72961 35.99694 -2.94085 141 141 141
-0.61243 36.00387 -2.98607 146 146 146
-0.49200 35.99949 -3.02170 142 142 142
-0.37100 35.99921 -3.05553 138 138 138
-0.24850 35.99905 -3.08373 138 138 138
-0.12468 35.99890 -3.10542 138 138 138
0.00010 35.99421 -3.12037 141 141 141
0.12524 36.00067 -3.13093 142 142 142
0.25038 35.99869 -3.14292 137 137 137
0.37608 36.00355 -3.14105 140 140 140
0.50162 35.99748 -3.13903 135 135 135
0.62720 35.99865 -3.13451 140 140 140
0.75222 36.00017 -3.12179 144 144 144
0.87613 36.00666 -3.10096 138 138 138
1.00206 36.00010 -3.09078 137 137 137
1.12370 35.99920 -3.05782 140 140 140
1.24547 35.99918 -3.02640 142 142 142
1.36547 35.99957 -2.98878 136 136 136
1.48112 35.99791 -2.93911 139 139 139
1.60138 36.00345 -2.90190 139 139 139
1.71786 36.00021 -2.85430 145 145 145
1.83003 36.00081 -2.79729 148 148 148
1.93395 35.99633 -2.72553 134 134 134
2.04702 35.99950 -2.67048 144 144 144
2.15289 35.99806 -2.60294 149 149 149
2.25560 35.99971 -2.53069 140 140 140
2.36145 35.99918 -2.46219 144 144 144
2.45787 36.00232 -2.38122 151 151 151
2.55128 35.99829 -2.29687 149 149 149
2.63745 36.00213 -2.20512 148 148 148
2.72563 35.99797 -2.11565 147 147 147
2.81138 36.00346 -2.02370 145 145 145
2.89139 36.00401 -1.92667 146 146 146
2.96610 36.00080 -1.82551 153 153 153
3.03524 35.99901 -1.72055 152 152 152
3.10536 35.99377 -1.61626 152 152 152
3.16695 35.99975 -1.50671 154 154 154
3.22525 35.99752 -1.39548 156 156 156
3.28697 35.99752 -1.28569 153 153 153
3.32848 36.00069 -1.16668 158 158 158
3.37742 35.99917 -1.05100 164 164 164
3.42009 35.99786 -0.93281 159 159 159
3.45704 36.00167 -0.81267 163 163 163
3.48769 36.00001 -0.69078 162 162 162
3.51417 35.99677 -0.56796 156 156 156
3.53043 36.00272 -0.44335 162 162 162
3.55629 36.00033 -0.32015 158 158 158
3.56364 35.99637 -0.19462 165 165 165
3.56971 35.99822 -0.06923 166 166 166
3.57333 36.40227 0.05688 166 166 166
3.57533 36.40249 0.18274 172 172 172
3.55822 36.39913 0.30765 172 172 172
3.54150 36.39889 0.43204 169 169 169
3.53240 36.39552 0.55747 170 170 170
3.50931 36.39711 0.68097 175 175 175
3.48442 36.39886 0.80416 176 176 176
3.45441 36.40021 0.92627 172 172 172
3.41798 36.40156 1.04665 173 173 173
3.37375 36.39839 1.16437 176 176 176
3.32516 36.40169 1.28021 179 179 179
3.27725 36.39868 1.39632 182 182 182
3.22289 36.39839 1.50960 176 176 176
3.16012 36.40124 1.61843 177 177 177
3.09823 36.40137 1.72766 180 180 180
3.03327 36.39714 1.83524 189 189 189
2.96221 36.40011 1.93895 189 189 189
2.88894 36.40152 2.04126 183 183 183
2.80746 36.40094 2.13716 184 184 184
2.71944 36.40046 2.22705 189 189 189
2.63656 36.39764 2.32168 191 191 191
2.54626 36.39341 2.40924 185 185 185
2.45247 36.39881 2.49307 189 189 189
2.35144 36.40279 2.56808 186 186 186
2.25355 36.40388 2.64694 188 188 188
2.14551 36.39673 2.71148 194 194 194
2.04136 36.39908 2.78142 191 191 191
1.93762 36.39414 2.85293 193 193 193
1.82512 36.40109 2.90926 187 187 187
1.71051 36.39822 2.96085 189 189 189
1.59549 36.39731 3.01122 190 190 190
1.48086 36.39497 3.06323 193 193 193
1.36098 36.40100 3.10138 191 191 191
1.24078 36.39883 3.13820 192 192 192
1.11937 36.39665 3.17092 201 201 201
0.99632 36.39846 3.19678 196 196 196
0.87176 36.40147 3.21376 189 189 189
0.74754 36.40223 3.23185 194 194 194
0.62243 36.39924 3.24197 202 202 202
0.49744 36.39675 3.25572 198 198 198
0.37176 36.40137 3.25613 193 193 193
0.24606 36.39543 3.25614 199 199 199
0.12075 36.40054 3.24623 198 198 198
-0.00426 36.39578 3.23386 195 195 195
-0.12850 36.39879 3.21537 195 195 195
-0.25168 36.39947 3.19111 192 192 192
-0.37602 36.39831 3.17159 201 201 201
-0.49622 36.40118 3.13449 195 195 195
-0.61785 36.39968 3.10259 199 199 199
-0.73678 36.40357 3.06169 192 192 192
-0.85278 36.40122 3.01318 194 194 194
-0.96699 36.40416 2.96085 194 194 194
-1.08037 36.40253 2.90684 198 198 198
-1.19005 36.40167 2.84569 193 193 193
-1.29872 36.40152 2.78285 189 189 189
-1.40715 36.40086 2.71920 189 189 189
-1.51038 36.40260 2.64741 185 185 185
-1.60718 36.39595 2.56715 188 188 188
-1.70683 36.39868 2.49059 181 181 181
-1.79630 36.40088 2.40227 185 185 185
-1.88902 36.40122 2.31765 185 185 185
-1.97290 36.40164 2.22426 196 196 196
-2.06272 36.40318 2.13612 186 186 186
-2.14104 36.40098 2.03780 178 178 178
-2.21666 36.39808 1.93747 186 186 186
-2.28848 36.39808 1.83439 181 181 181
-2.35687 36.40082 1.72898 181 181 181
-2.41314 36.40168 1.61649 175 175 175
-2.48224 36.39808 1.51106 183 183 183
-2.52966 36.39943 1.39445 188 188 188
-2.58429 36.40234 1.28131 178 178 178
-2.63114 36.39865 1.16470 181 181 181
-2.66728 36.40262 1.04432 176 176 176
-2.71276 36.40014 0.92680 177 177 177
-2.74008 36.40088 0.80396 179 179 179
-2.76889 36.39719 0.68159 172 172 172
-2.78975 36.39985 0.55761 168 168 168
-2.80396 36.39570 0.43275 169 169 169
-2.81952 36.39572 0.30803 168 168 168
-2.82458 36.40623 0.18246 175 175 175
-2.82201 36.40204 0.05688 166 166 166
-2.82489 36.40238 -0.06872 168 168 168
-2.82355 36.39552 -0.19460 166 166 166
-2.80664 36.40025 -0.31931 170 170 170
-2.78495 36.39798 -0.44310 160 160 160
-2.76609 36.39740 -0.56728 167 167 167
-2.74071 36.40242 -0.69036 159 159 159
-2.71642 36.40060 -0.81408 160 160 160
-2.67484 36.40051 -0.93302 160 160 160
-2.62655 36.40248 -1.04926 160 160 160
-2.58360 36.40059 -1.16728 159 159 159
-2.53364 36.39840 -1.28253 152 152 152
-2.48357 36.39733 -1.39799 159 159 159
-2.42360 36.39676 -1.50860 153 153 153
-2.35329 36.39948 -1.61304 153 153 153
-2.29106 36.39645 -1.72236 153 153 153
-2.22106 36.39585 -1.82692 153 153 153
-2.14117 36.39982 -1.92416 151 151 151
-2.06471 36.39987 -2.02407 155 155 155
-1.97996 36.39985 -2.11704 151 151 151
-1.89195 36.40168 -2.20683 151 151 151
-1.79676 36.39777 -2.28901 146 146 146
-1.70705 36.39692 -2.37710 154 154 154
-1.60662 36.40290 -2.45269 145 145 145
-1.50943 36.39904 -2.53236 138 138 138
-1.40447 36.40054 -2.60144 136 136 136
-1.30058 36.39941 -2.67213 148 148 148
-1.19036 36.39785 -2.73249 140 140 140
-1.08191 36.39523 -2.79611 147 147 147
-0.96913 36.39652 -2.85173 146 146 146
-0.85486 36.39962 -2.90445 135 135 135
-0.73557 36.40350 -2.94467 139 139 139
-0.61854 36.39934 -2.99095 140 140 140
-0.49617 36.39769 -3.02056 138 138 138
-0.37533 36.40256 -3.05496 137 137 137
-0.25287 36.40338 -3.08337 139 139 139
-0.12802 36.40153 -3.09859 138 138 138
-0.00414 36.40088 -3.11904 142 142 142
0.12030 36.40124 -3.13824 140 140 140
0.24621 36.40086 -3.13851 147 147 147
0.37176 36.39960 -3.13536 144 144 144
0.49761 36.40083 -3.14633 138 138 138
0.62285 36.40125 -3.13360 142 142 142
0.74815 36.40236 -3.12321 132 132 132
0.87163 36.39997 -3.09919 147 147 147
0.99622 36.39959 -3.08250 144 144 144
1.11798 36.39850 -3.05136 145 145 145
1.24008 36.40660 -3.02194 143 143 143
1.36117 36.39718 -2.98821 142 142 142
1.47882 36.40289 -2.94396 144 144 144
1.59536 36.40556 -2.89717 138 138 138
1.71210 36.40249 -2.85055 150 150 150
1.82604 36.40145 -2.79731 148 148 148
1.93684 36.39942 -2.73779 147 147 147
2.04305 36.39828 -2.67042 145 145 145
2.15151 36.40152 -2.60671 150 150 150
2.24894 36.39688 -2.52684 147 147 147
2.35432 36.40170 -2.45800 147 147 147
2.44644 36.39656 -2.37226 140 140 140
2.53963 36.39652 -2.28831 148 148 148
2.63589 36.40327 -2.20726 144 144 144
2.72222 36.39689 -2.11587 139 139 139
2.80425 36.40087 -2.02067 142 142 142
2.88772 36.40054 -1.92655 151 151 151
2.95624 36.40220 -1.82086 146 146 146
3.03249 36.40309 -1.72097 148 148 148
3.09858 36.39839 -1.61412 148 148 148
3.16232 36.39780 -1.50591 151 151 151
3.22213 36.40418 -1.39546 160 160 160
3.27560 36.39838 -1.28181 157 157 157
3.32760 36.39677 -1.16747 154 154 154
3.36883 36.40104 -1.04880 157 157 157
3.41780 36.39409 -0.93284 155 155 155
3.45291 36.40248 -0.81210 159 159 159
3.48483 36.40294 -0.69051 164 164 164
3.51174 36.40277 -0.56771 162 162 162
3.53525 36.39813 -0.44417 162 162 162
3.55430 36.39702 -0.31980 167 167 167
3.56200 36.39984 -0.19420 166 166 166
3.57153 36.39820 -0.06884 165 165 165
3.57107 36.80319 0.05750 171 171 171
3.56506 36.79848 0.18314 165 165 165
3.55515 36.80023 0.30839 171 171 171
3.54606 36.79901 0.43374 172 172 172
3.52314 36.79894 0.55734 172 172 172
3.50123 36.79683 0.68089 180 180 180
3.47906 36.79988 0.80458 177 177 177
3.44570 36.80031 0.92571 173 173 173
3.41393 36.80051 1.04743 170 170 170
3.37344 36.80518 1.16654 184 184 184
3.32241 36.80247 1.28157 176 176 176
3.27087 36.79517 1.39609 174 174 174
3.22002 36.80163 1.51106 186 186 186
3.15871 36.79690 1.62079 181 181 181
3.09799 36.79723 1.73090 175 175 175
3.03009 36.79791 1.83675 185 185 185
2.95622 36.79838 1.93849 190 190 190
2.88295 36.80011 2.04072 192 192 192
2.80592 36.80320 2.14032 188 188 188
2.71851 36.80094 2.23098 181 181 181
2.63370 36.79850 2.32395 188 188 188
2.54094 36.79960 2.40898 191 191 191
2.44598 36.80494 2.49138 189 189 189
2.34993 36.80283 2.57251 185 185 185
2.24764 36.80131 2.64564 193 193 193
2.14666 36.80294 2.72057 185 185 185
2.03845 36.80135 2.78465 195 195 195
1.92976 36.79732 2.84755 196 196 196
1.82046 36.79909 2.90959 196 196 196
1.70890 36.80408 2.96775 193 193 193
1.59060 36.79871 3.01092 184 184 184
1.47594 36.79674 3.06274 187 187 187
1.35769 36.79553 3.10574 196 196 196
1.23599 36.80164 3.13783 201 201 201
1.11562 36.79821 3.17470 194 194 194
0.99275 36.79822 3.20208 197 197 197
0.86818 36.80242 3.22023 194 194 194
0.74383 36.80442 3.23920 199 199 199
0.61788 36.79473 3.24200 193 193 193
0.49317 36.80130 3.26232 200 200 200
0.36725 36.79743 3.25611 198 198 198
0.24158 36.80026 3.25615 198 198 198
0.11613 36.80300 3.24831 186 186 186
-0.00894 36.80598 3.23595 195 195 195
-0.13292 36.80228 3.21544 192 192 192
-0.25745 36.80217 3.19808 197 197 197
-0.38044 36.79809 3.17187 198 198 198
-0.49991 36.79416 3.13222 196 196 196
-0.62182 36.80090 3.10156 195 195 195
-0.73843 36.79946 3.05458 193 193 193
-0.85709 36.80255 3.01331 195 195 195
-0.97169 36.80378 2.96189 190 190 190
-1.08278 36.80086 2.90334 191 191 191
-1.19302 36.80062 2.84356 192 192 192
-1.30543 36.80117 2.78706 188 188 188
-1.41094 36.80530 2.71875 191 191 191
-1.51504 36.79646 2.64826 196 196 196
-1.61000 36.80536 2.56563 187 187 187
-1.71125 36.80089 2.49111 181 181 181
-1.80680 36.79654 2.40937 183 183 183
-1.89653 36.80408 2.32129 189 189 189
-1.98067 36.80235 2.22790 191 191 191
-2.06915 36.79841 2.13838 186 186 186
-2.14354 36.80024 2.03685 182 182 182
-2.22328 36.80006 1.93963 186 186 186
-2.29503 36.80121 1.83638 177 177 177
-2.36075 36.79717 1.72922 189 189 189
-2.42492 36.80241 1.62119 183 183 183
-2.48654 36.79978 1.51158 184 184 184
-2.53801 36.80147 1.39684 185 185 185
-2.58475 36.79890 1.28026 174 174 174
-2.63561 36.79942 1.16531 176 176 176
-2.67215 36.79687 1.04506 169 169 169
-2.71314 36.80367 0.92626 170 170 170
-2.74899 36.80503 0.80564 177 177 177
-2.77107 36.80156 0.68175 171 171 171
-2.79444 36.80386 0.55826 166 166 166
-2.80996 36.79863 0.43355 173 173 173
-2.82469 36.79835 0.30871 174 174 174
-2.83135 36.80081 0.18317 157 157 157
-2.82816 36.79793 0.05750 167 167 167
-2.82544 36.79884 -0.06794 165 165 165
-2.82477 36.80268 -0.19372 167 167 167
-2.80971 36.80022 -0.31852 171 171 171
-2.78969 36.79870 -0.44251 159 159 159
-2.77384 36.80050 -0.56730 170 170 170
-2.74693 36.79712 -0.69015 164 164 164
-2.71488 36.80000 -0.81175 167 167 167
-2.67686 36.79876 -0.93159 161 161 161
-2.63639 36.80260 -1.05060 159 159 159
-2.58803 36.80202 -1.16662 160 160 160
-2.53765 36.79525 -1.28168 154 154 154
-2.48404 36.80025 -1.39531 160 160 160
-2.42217 36.80108 -1.50465 149 149 149
-2.36136 36.79837 -1.61459 151 151 151
-2.29587 36.80130 -1.72194 153 153 153
-2.22152 36.80270 -1.82335 155 155 155
-2.14703 36.80022 -1.92460 154 154 154
-2.06487 36.80240 -2.01973 149 149 149
-1.98081 36.79742 -2.11303 150 150 150
-1.89955 36.79757 -2.20930 145 145 145
-1.80468 36.80218 -2.29208 150 150 150
-1.71360 36.80144 -2.37886 143 143 143
-1.61136 36.80107 -2.45236 140 140 140
-1.51525 36.80031 -2.53354 143 143 143
-1.40803 36.80104 -2.59940 150 150 150
-1.30656 36.80223 -2.67391 150 150 150
-1.19803 36.80087 -2.73751 149 149 149
-1.08532 36.80484 -2.79333 143 143 143
-0.97362 36.79059 -2.85107 150 150 150
-0.85838 36.80180 -2.90145 139 139 139
-0.73755 36.80038 -2.93719 140 140 140
-0.62104 36.79546 -2.98416 139 139 139
-0.50045 36.79755 -3.01915 141 141 141
-0.37879 36.80026 -3.04998 143 143 143
-0.25823 36.80070 -3.08700 140 140 140
-0.13285 36.80239 -3.10003 142 142 142
-0.00903 36.79681 -3.12167 143 143 143
0.11578 36.79652 -3.13771 135 135 135
0.24187 36.79730 -3.13363 136 136 136
0.36725 36.79865 -3.14325 137 137 137
0.49290 36.80129 -3.14039 146 146 146
0.61837 36.79916 -3.13323 137 137 137
0.74340 36.80131 -3.12059 139 139 139
0.86738 36.80000 -3.10021 136 136 136
0.99172 36.79647 -3.08192 136 136 136
1.11457 36.80112 -3.05532 139 139 139
1.23602 36.79656 -3.02294 143 143 143
1.35783 36.79926 -2.99118 143 143 143
1.47559 36.80141 -2.94679 141 141 141
1.59084 36.80146 -2.89651 150 150 150
1.70621 36.79656 -2.84692 141 141 141
1.81864 36.80378 -2.79100 140 140 140
1.93094 36.80156 -2.73467 143 143 143
2.03877 36.80267 -2.67016 150 150 150
2.14303 36.80062 -2.60015 144 144 144
2.25074 36.80373 -2.53490 149 149 149
2.34650 36.79765 -2.45316 150 150 150
2.44350 36.80025 -2.37347 146 146 146
2.54028 36.80140 -2.29326 148 148 148
2.62940 36.79603 -2.20465 150 150 150
2.71454 36.80117 -2.11231 149 149 149
2.80008 36.80076 -2.02033 153 153 153
2.87994 36.79723 -1.92334 156 156 156
2.95752 36.79975 -1.82444 155 155 155
3.02867 36.79417 -1.72081 156 156 156
3.09280 36.80070 -1.61272 151 151 151
3.16184 36.80099 -1.50755 160 160 160
3.22033 36.80078 -1.39622 157 157 157
3.26783 36.79383 -1.27968 151 151 151
3.32475 36.79657 -1.16754 161 161 161
3.37051 36.80050 -1.05046 153 153 153
3.41841 36.79559 -0.93388 158 158 158
3.44490 36.80360 -0.81049 162 162 162
3.48121 36.80362 -0.69010 164 164 164
3.50128 36.80041 -0.56590 159 159 159
3.53329 36.80311 -0.44395 158 158 158
3.54756 36.80199 -0.31891 166 166 166
3.55868 36.79999 -0.19367 170 170 170
3.56941 36.79947 -0.06831 162 162 162
3.56452 37.20006 0.05813 169 169 169
3.56523 37.20542 0.18396 174 174 174
3.55444 37.20723 0.30933 171 171 171
3.54414 37.20019 0.43469 171 171 171
3.51963 37.20370 0.55816 170 170 170
3.50004 37.20053 0.68221 170 170 170
3.47742 37.20318 0.80594 174 174 174
3.44776 37.20089 0.92824 182 182 182
3.40711 37.19942 1.04736 181 181 181
3.36007 37.20340 1.16397 179 179 179
3.32114 37.20145 1.28361 182 182 182
3.26743 37.19930 1.39729 180 180 180
3.21487 37.19877 1.51145 181 181 181
3.14960 37.20482 1.61895 181 181 181
3.09368 37.20503 1.73176 185 185 185
3.02162 37.20177 1.83486 177 177 177
2.95083 37.19942 1.93862 184 184 184
2.87691 37.20296 2.04028 177 177 177
2.79779 37.20088 2.13801 182 182 182
2.71068 37.19570 2.22871 189 189 189
2.62212 37.20000 2.31768 188 188 188
2.53327 37.19996 2.40639 186 186 186
2.44317 37.20263 2.49421 188 188 188
2.34195 37.20157 2.56897 187 187 187
2.24347 37.20062 2.64697 189 189 189
2.14362 37.20209 2.72367 194 194 194
2.03194 37.20036 2.78230 194 194 194
1.92574 37.19722 2.84939 188 188 188
1.81749 37.19919 2.91358 195 195 195
1.70289 37.20300 2.96554 193 193 193
1.58820 37.20131 3.01709 194 194 194
1.47040 37.20462 3.06106 196 196 196
1.35112 37.19688 3.10061 194 194 194
1.23170 37.20158 3.13986 200 200 200
1.10918 37.19928 3.16802 195 195 195
0.98726 37.20524 3.19872 193 193 193
0.86286 37.20279 3.21691 190 190 190
0.73937 37.19954 3.24182 203 203 203
0.61340 37.20425 3.24535 195 195 195
0.48833 37.19885 3.25935 199 199 199
0.36256 37.19852 3.25367 202 202 202
0.23698 37.20511 3.25438 192 192 192
0.11157 37.19699 3.24721 194 194 194
-0.01339 37.19831 3.23448 193 193 193
-0.13781 37.19933 3.21735 187 187 187
-0.26130 37.20540 3.19448 191 191 191
-0.38572 37.20067 3.17494 202 202 202
-0.50441 37.20271 3.13214 196 196 196
-0.62431 37.19689 3.09540 197 197 197
-0.74431 37.19870 3.05842 195 195 195
-0.86084 37.19762 3.01167 197 197 197
-0.97776 37.20058 2.96549 196 196 196
-1.09248 37.20375 2.91380 192 192 192
-1.20238 37.20244 2.85252 198 198 198
-1.30931 37.20024 2.78637 194 194 194
-1.41708 37.19683 2.72154 200 200 200
-1.51741 37.20268 2.64568 186 186 186
-1.62201 37.20217 2.57554 190 190 190
-1.71022 37.19963 2.48503 190 190 190
-1.80806 37.19808 2.40629 195 195 195
-1.90205 37.19699 2.32273 196 196 196
-1.98499 37.20076 2.22818 188 188 188
-2.07268 37.20058 2.13802 187 187 187
-2.14848 37.20204 2.03767 191 191 191
-2.22533 37.19998 1.93834 188 188 188
-2.29510 37.20468 1.83391 188 188 188
-2.36544 37.20014 1.72985 183 183 183
-2.42975 37.20041 1.62189 184 184 184
-2.49335 37.19598 1.51328 181 181 181
-2.54506 37.19813 1.39855 179 179 179
-2.59638 37.20211 1.28376 171 171 171
-2.64210 37.19883 1.16660 179 179 179
-2.68575 37.19807 1.04858 174 174 174
-2.71725 37.19988 0.92672 175 175 175
-2.74553 37.19805 0.80431 175 175 175
-2.77990 37.19447 0.68320 176 176 176
-2.79371 37.19857 0.55803 175 175 175
-2.81332 37.19996 0.43402 166 166 166
-2.82394 37.20192 0.30891 175 175 175
-2.83587 37.19885 0.18379 170 170 170
-2.83647 37.19945 0.05813 167 167 167
-2.83245 37.20190 -0.06741 164 164 164
-2.82387 37.19762 -0.19265 167 167 167
-2.81812 37.20520 -0.31833 160 160 160
-2.80559 37.20181 -0.44366 161 161 161
-2.77634 37.20469 -0.56624 156 156 156
-2.74746 37.19983 -0.68852 158 158 158
-2.71787 37.20300 -0.81064 163 163 163
-2.68335 37.19515 -0.93155 162 162 162
-2.63906 37.19647 -1.04923 167 167 167
-2.59307 37.19615 -1.16614 154 154 154
-2.54327 37.20067 -1.28148 150 150 150
-2.48724 37.19861 -1.39392 161 161 161
-2.43201 37.20222 -1.50691 146 146 146
-2.36409 37.20199 -1.61277 152 152 152
-2.29645 37.19727 -1.71857 147 147 147
-2.22444 37.20161 -1.82144 157 157 157
-2.15207 37.20133 -1.92424 158 158 158
-2.07744 37.19793 -2.02583 159 159 159
-1.98792 37.19784 -2.11463 150 150 150
-1.89930 37.20121 -2.20373 155 155 155
-1.81050 37.19948 -2.29268 145 145 145
-1.71715 37.19645 -2.37690 148 148 148
-1.61781 37.19934 -2.45395 149 149 149
-1.52157 37.20101 -2.53516 144 144 144
-1.41411 37.19946 -2.60085 140 140 140
-1.31129 37.19853 -2.67334 149 149 149
-1.20009 37.20254 -2.73217 136 136 136
-1.09160 37.20130 -2.79581 140 140 140
-0.97806 37.20184 -2.84990 138 138 138
-0.86160 37.19886 -2.89726 139 139 139
-0.74394 37.19914 -2.94117 147 147 147
-0.62645 37.19881 -2.98571 145 145 145
-0.50500 37.20324 -3.01798 140 140 140
-0.38318 37.20214 -3.04811 146 146 146
-0.26161 37.19921 -3.07977 141 141 141
-0.13832 37.20021 -3.10430 144 144 144
-0.01327 37.19711 -3.11721 145 145 145
0.11141 37.20050 -3.13302 140 140 140
0.23694 37.20006 -3.13892 143 143 143
0.36256 37.19820 -3.14292 137 137 137
0.48822 37.19284 -3.14023 141 141 141
0.61333 37.20097 -3.12828 144 144 144
0.73831 37.20118 -3.11662 140 140 140
0.86360 37.20260 -3.10532 142 142 142
0.98631 37.19686 -3.07768 140 140 140
1.10803 37.20142 -3.04701 141 141 141
1.23106 37.20210 -3.02137 141 141 141
1.35123 37.19836 -2.98469 144 144 144
1.46924 37.20200 -2.94167 146 146 146
1.58758 37.19971 -2.89934 137 137 137
1.70335 37.19923 -2.85027 139 139 139
1.81563 37.19698 -2.79369 140 140 140
1.92456 37.19849 -2.73103 140 140 140
2.03522 37.19961 -2.67142 147 147 147
2.14096 37.19642 -2.60345 150 150 150
2.24167 37.20197 -2.52826 143 143 143
2.34593 37.20088 -2.45777 148 148 148
2.43785 37.20079 -2.37173 142 142 142
2.53541 37.20158 -2.29245 143 143 143
2.62484 37.19763 -2.20416 142 142 142
2.71322 37.19712 -2.11481 143 143 143
2.79172 37.19828 -2.01657 146 146 146
2.87206 37.20380 -1.92021 145 145 145
2.94790 37.20178 -1.82024 155 155 155
3.01964 37.20424 -1.71728 149 149 149
3.09563 37.20457 -1.61670 147 147 147
3.15358 37.20022 -1.50492 158 158 158
3.21035 37.19818 -1.39290 159 159 159
3.26382 37.20318 -1.27937 158 158 158
3.32190 37.20248 -1.16768 160 160 160
3.36295 37.19711 -1.04878 158 158 158
3.40778 37.20012 -0.93133 159 159 159
3.44409 37.20080 -0.81096 163 163 163
3.46755 37.20004 -0.68732 166 166 166
3.50281 37.19883 -0.56651 162 162 162
3.51889 37.20127 -0.44179 162 162 162
3.53319 37.19917 -0.31714 166 166 166
3.55424 37.20267 -0.19307 160 160 160
3.56053 37.19870 -0.06752 166 166 166
3.55939 37.60283 0.05875 168 168 168
3.55064 37.59977 0.18420 167 167 167
3.54508 37.59630 0.30960 175 175 175
3.53356 37.60137 0.43464 165 165 165
3.51638 37.59953 0.55904 170 170 170
3.49571 37.59878 0.68294 167 167 167
3.47402 37.59852 0.80692 179 179 179
3.43695 37.60021 0.92719 177 177 177
3.39855 37.60310 1.04679 177 177 177
3.36143 37.59854 1.16689 174 174 174
3.31513 37.59867 1.28377 174 174 174
3.26451 37.60093 1.39882 180 180 180
3.20526 37.59968 1.50966 182 182 182
3.14986 37.59871 1.62245 178 178 178
3.08740 37.60295 1.73153 184 184 184
3.02112 37.59927 1.83841 183 183 183
2.94612 37.59691 1.93936 185 185 185
2.86909 37.60220 2.03859 182 182 182
2.79711 37.60300 2.14223 187 187 187
2.71021 37.59573 2.23341 185 185 185
2.62339 37.59899 2.32446 186 186 186
2.52806 37.60130 2.40666 188 188 188
2.43576 37.60164 2.49187 190 190 190
2.33971 37.60198 2.57294 187 187 187
2.23847 37.60331 2.64744 180 180 180
2.13631 37.59388 2.72066 188 188 188
2.03060 37.60119 2.78871 188 188 188
1.92102 37.60304 2.85031 193 193 193
1.80822 37.60419 2.90560 192 192 192
1.69709 37.59702 2.96416 187 187 187
1.58279 37.59837 3.01643 202 202 202
1.46460 37.59916 3.05919 196 196 196
1.34603 37.60523 3.10059 195 195 195
1.22568 37.59559 3.13644 196 196 196
1.10533 37.60134 3.17293 192 192 192
0.98278 37.59770 3.20134 197 197 197
0.85844 37.60129 3.22042 191 191 191
0.73415 37.60349 3.23951 194 194 194
0.60867 37.60262 3.24796 196 196 196
0.48327 37.59824 3.25535 189 189 189
0.35768 37.60151 3.26223 191 191 191
0.23197 37.59788 3.25828 199 199 199
0.10677 37.59624 3.24686 193 193 193
-0.01834 37.60273 3.23567 191 191 191
-0.14177 37.59734 3.21216 196 196 196
-0.26620 37.60207 3.19519 199 199 199
-0.38810 37.60153 3.16513 193 193 193
-0.51212 37.60112 3.14282 194 194 194
-0.62923 37.60404 3.09613 203 203 203
-0.75151 37.60064 3.06534 192 192 192
-0.86922 37.60201 3.02074 189 189 189
-0.98419 37.60167 2.96948 198 198 198
-1.09530 37.60182 2.91038 194 194 194
-1.20742 37.59793 2.85344 191 191 191
-1.31459 37.60071 2.78764 191 191 191
-1.41882 37.59760 2.71746 185 185 185
-1.51935 37.60477 2.64226 189 189 189
-1.62433 37.60109 2.57291 196 196 196
-1.72288 37.60122 2.49477 187 187 187
-1.81530 37.60367 2.40946 196 196 196
-1.90346 37.59933 2.31989 184 184 184
-1.98920 37.60173 2.22818 183 183 183
-2.07971 37.59903 2.14048 186 186 186
-2.15688 37.60093 2.04107 186 186 186
-2.23094 37.60002 1.93949 181 181 181
-2.30708 37.59751 1.83929 175 175 175
-2.37046 37.60153 1.73056 180 180 180
-2.43097 37.59874 1.62047 185 185 185
-2.49714 37.59846 1.51335 177 177 177
-2.54798 37.60418 1.39828 184 184 184
-2.60199 37.60546 1.28468 178 178 178
-2.64122 37.60073 1.16510 172 172 172
-2.68757 37.60324 1.04821 173 173 173
-2.71789 37.60030 0.92615 182 182 182
-2.75457 37.59943 0.80593 186 186 186
-2.77952 37.60520 0.68278 176 176 176
-2.80214 37.60130 0.55922 174 174 174
-2.82159 37.60037 0.43504 164 164 164
-2.82589 37.59953 0.30930 171 171 171
-2.83939 37.59917 0.18436 168 168 168
-2.84293 37.59553 0.05875 166 166 166
-2.83489 37.60248 -0.06669 170 170 170
-2.83406 37.59949 -0.19245 166 166 166
-2.81800 37.60243 -0.31712 164 164 164
-2.80427 37.59820 -0.44205 166 166 166
-2.77886 37.60356 -0.56515 166 166 166
-2.75214 37.59447 -0.68785 153 153 153
-2.71380 37.59676 -0.80750 167 167 167
-2.68329 37.60008 -0.92932 160 160 160
-2.64270 37.60025 -1.04815 158 158 158
-2.59890 37.60168 -1.16591 157 157 157
-2.54427 37.59955 -1.27906 160 160 160
-2.49017 37.59838 -1.39230 156 156 156
-2.43574 37.60114 -1.50564 151 151 151
-2.37025 37.60042 -1.61292 155 155 155
-2.30371 37.60234 -1.71953 154 154 154
-2.22608 37.59898 -1.81846 147 147 147
-2.15481 37.60182 -1.92193 157 157 157
-2.07605 37.59924 -2.01985 144 144 144
-1.99080 37.60104 -2.11216 153 153 153
-1.90619 37.60489 -2.20511 142 142 142
-1.80837 37.60358 -2.28446 150 150 150
-1.71931 37.60077 -2.37309 143 143 143
-1.62099 37.59774 -2.45118 143 143 143
-1.52540 37.59818 -2.53308 147 147 147
-1.41888 37.60370 -2.60005 144 144 144
-1.31222 37.60192 -2.66627 136 136 136
-1.20424 37.60045 -2.73026 146 146 146
-1.09760 37.60201 -2.79740 142 142 142
-0.98563 37.60395 -2.85511 137 137 137
-0.86696 37.59880 -2.89779 133 133 133
-0.74873 37.60372 -2.94029 141 141 141
-0.63127 37.59748 -2.98493 139 139 139
-0.50956 37.60308 -3.01624 135 135 135
-0.38844 37.59990 -3.04904 137 137 137
-0.26832 37.60007 -3.08833 139 139 139
-0.14293 37.59954 -3.10194 134 134 134
-0.01832 37.59551 -3.11804 137 137 137
0.10638 37.59740 -3.13434 136 136 136
0.23217 37.59757 -3.13571 135 135 135
0.35768 37.60424 -3.13876 137 137 137
0.48335 37.59825 -3.13976 135 135 135
0.60865 37.60322 -3.13010 144 144 144
0.73448 37.60185 -3.12486 137 137 137
0.85767 37.59911 -3.09808 130 130 130
0.98128 37.60232 -3.07631 136 136 136
1.10564 37.59736 -3.05675 145 145 145
1.22629 37.60298 -3.02110 139 139 139
1.34673 37.59866 -2.98523 147 147 147
1.46407 37.60007 -2.94025 143 143 143
1.58150 37.60304 -2.89581 139 139 139
1.69628 37.60357 -2.84491 142 142 142
1.81032 37.59913 -2.79223 148 148 148
1.92050 37.59929 -2.73188 139 139 139
2.02736 37.59844 -2.66592 141 141 141
2.13724 37.59899 -2.60455 150 150 150
2.23816 37.60263 -2.52952 145 145 145
2.33841 37.60072 -2.45380 150 150 150
2.43536 37.60103 -2.37390 151 151 151
2.53282 37.60148 -2.29430 134 134 134
2.62156 37.60139 -2.20513 150 150 150
2.70490 37.59972 -2.11100 146 146 146
2.78810 37.60245 -2.01703 148 148 148
2.86946 37.59756 -1.92138 144 144 144
2.94315 37.59887 -1.81971 143 143 143
3.02366 37.60261 -1.72261 158 158 158
3.08601 37.59871 -1.61317 149 149 149
3.15162 37.60049 -1.50593 158 158 158
3.21052 37.59815 -1.39484 158 158 158
3.26007 37.60011 -1.27927 157 157 157
3.31460 37.60019 -1.16605 160 160 160
3.36462 37.59693 -1.05057 158 158 158
3.40165 37.60182 -0.93030 155 155 155
3.43878 37.59980 -0.81021 160 160 160
3.47117 37.60198 -0.68873 161 161 161
3.49657 37.59982 -0.56562 167 167 167
3.52042 37.60192 -0.44218 165 165 165
3.53427 37.59432 -0.31722 163 163 163
3.54368 37.59974 -0.19199 173 173 173
3.55714 37.59828 -0.06696 164 164 164
3.54869 38.00112 0.05938 157 157 157
3.55621 38.00231 0.18524 168 168 168
3.53869 38.00120 0.31012 170 170 170
3.52877 37.99988 0.43530 176 176 176
3.51858 37.99811 0.56081 169 169 169
3.48992 38.00121 0.68342 172 172 172
3.46560 38.00003 0.80674 172 172 172
3.43025 37.99978 0.92736 170 170 170
3.39666 38.00194 1.04844 175 175 175
3.35441 37.99655 1.16679 175 175 175
3.30490 37.99722 1.28225 179 179 179
3.26348 37.99730 1.40130 185 185 185
3.19720 38.00142 1.50876 177 177 177
3.14417 37.99655 1.62272 179 179 179
3.08116 37.99989 1.73143 181 181 181
3.00885 37.99581 1.83421 186 186 186
2.93394 38.00430 1.93482 177 177 177
2.86749 38.00265 2.04194 182 182 182
2.78066 38.00219 2.13312 190 190 190
2.70181 38.00231 2.23094 186 186 186
2.61424 38.00013 2.32100 188 188 188
2.52271 38.00360 2.40697 192 192 192
2.43210 38.00462 2.49413 185 185 185
2.33402 38.00067 2.57278 186 186 186
2.23455 37.99999 2.64964 192 192 192
2.13290 37.99895 2.72376 187 187 187
2.02586 37.99888 2.78986 186 186 186
1.91627 37.99342 2.85149 193 193 193
1.80687 37.99833 2.91352 189 189 189
1.69243 37.99728 2.96566 193 193 193
1.57910 37.99957 3.02038 194 194 194
1.46015 37.99755 3.06147 191 191 191
1.34255 37.99728 3.10609 189 189 189
1.22222 38.00386 3.14275 192 192 192
1.10106 38.00370 3.17688 187 187 187
0.97734 38.00275 3.20007 199 199 199
0.85344 37.99860 3.22147 194 194 194
0.72833 37.99762 3.23378 195 195 195
0.60364 37.99745 3.24891 196 196 196
0.47795 37.99941 3.24930 193 193 193
0.35262 38.00340 3.26148 192 192 192
0.22654 37.99672 3.26815 188 188 188
0.10153 37.99635 3.24966 197 197 197
-0.02391 37.99776 3.24062 198 198 198
-0.14767 38.00663 3.21808 198 198 198
-0.27087 37.99868 3.19385 195 195 195
-0.39470 37.99972 3.17217 204 204 204
-0.51555 37.99921 3.13765 194 194 194
-0.63712 38.00183 3.10547 193 193 193
-0.75546 37.99906 3.06296 198 198 198
-0.87055 38.00066 3.01236 194 194 194
-0.98942 38.00065 2.97047 183 183 183
-1.09963 37.99809 2.90956 193 193 193
-1.20985 37.99787 2.84935 184 184 184
-1.31866 37.99894 2.78665 198 198 198
-1.42436 37.99668 2.71881 185 185 185
-1.52836 37.99972 2.64832 185 185 185
-1.63239 38.00261 2.57734 187 187 187
-1.72577 37.99590 2.49286 186 186 186
-1.81574 37.99712 2.40509 191 191 191
-1.91021 37.99764 2.32220 188 188 188
-1.99403 37.99871 2.22859 187 187 187
-2.08596 38.00598 2.14212 186 186 186
-2.15493 37.99576 2.03617 181 181 181
-2.23598 37.99507 1.94010 184 184 184
-2.31116 37.99922 1.83925 175 175 175
-2.37215 37.99472 1.72911 190 190 190
-2.43441 37.99920 1.62018 180 180 180
-2.49501 38.00171 1.51031 184 184 184
-2.55086 37.99877 1.39789 180 180 180
-2.60303 38.00262 1.28364 173 173 173
-2.64633 38.00688 1.16574 175 175 175
-2.69594 37.99693 1.04991 172 172 172
-2.72771 37.99914 0.92812 176 176 176
-2.76639 37.99818 0.80818 175 175 175
-2.78106 37.99855 0.68270 177 177 177
-2.80312 37.99953 0.55919 167 167 167
-2.82583 38.00092 0.43557 174 174 174
-2.83476 37.99850 0.31023 167 167 167
-2.85654 37.99971 0.18546 168 168 168
-2.84643 38.00182 0.05938 164 164 164
-2.84519 37.99958 -0.06627 171 171 171
-2.84469 37.99619 -0.19226 162 162 162
-2.83265 37.99810 -0.31763 170 170 170
-2.80672 37.99792 -0.44102 161 161 161
-2.78531 37.99891 -0.56480 161 161 161
-2.75888 37.99937 -0.68763 164 164 164
-2.72403 37.99822 -0.80833 159 159 159
-2.69492 38.00783 -0.93083 161 161 161
-2.64578 38.00151 -1.04679 160 160 160
-2.60342 37.99924 -1.16506 153 153 153
-2.55696 37.99855 -1.28196 152 152 152
-2.50169 37.99886 -1.39497 158 158 158
-2.43633 37.99612 -1.50251 157 157 157
-2.37911 37.99958 -1.61463 151 151 151
-2.30903 37.99851 -1.71908 145 145 145
-2.23168 38.00397 -1.81823 143 143 143
-2.16111 37.99989 -1.92229 152 152 152
-2.08365 38.00271 -2.02139 144 144 144
-1.99628 38.00190 -2.11192 146 146 146
-1.91106 38.00262 -2.20430 147 147 147
-1.82201 38.00397 -2.29312 155 155 155
-1.72699 38.00278 -2.37552 142 142 142
-1.62892 38.00077 -2.45418 144 144 144
-1.52855 37.99925 -2.52983 141 141 141
-1.42348 38.00262 -2.59874 145 145 145
-1.32304 37.99892 -2.67504 145 145 145
-1.21361 37.99922 -2.73732 140 140 140
-1.10072 38.00398 -2.79295 138 138 138
-0.98668 38.00172 -2.84579 145 145 145
-0.87063 37.99667 -2.89381 144 144 144
-0.75593 38.00428 -2.94548 138 138 138
-0.63812 38.00412 -2.98979 139 139 139
-0.51570 37.99928 -3.01945 133 133 133
-0.39495 38.00073 -3.05444 141 141 141
-0.27256 37.99938 -3.08358 143 143 143
-0.14831 38.00032 -3.10334 140 140 140
-0.02345 37.99843 -3.11800 131 131 131
0.10172 38.00100 -3.12862 145 145 145
0.22689 38.00431 -3.14043 139 139 139
0.35262 37.99789 -3.14172 138 138 138
0.47803 38.00215 -3.13274 144 144 144
0.60392 38.00292 -3.13379 138 138 138
0.72883 37.99997 -3.11928 144 144 144
0.85321 38.00043 -3.10126 142 142 142
0.97662 37.99703 -3.07773 143 143 143
1.09916 37.99703 -3.05019 132 132 132
1.22060 38.00038 -3.01825 132 132 132
1.34202 38.00029 -2.98571 138 138 138
1.46035 38.00235 -2.94328 135 135 135
1.57810 38.00379 -2.89920 137 137 137
1.69160 38.00057 -2.84510 141 141 141
1.80440 37.99968 -2.78991 143 143 143
1.91365 37.99744 -2.72804 138 138 138
2.02630 38.00174 -2.67182 142 142 142
2.12845 37.99920 -2.59835 148 148 148
2.23508 38.00060 -2.53161 149 149 149
2.33715 38.00065 -2.45799 142 142 142
2.43020 37.99690 -2.37316 143 143 143
2.52337 37.99990 -2.28893 144 144 144
2.61794 37.99512 -2.20594 144 144 144
2.69818 38.00121 -2.10885 145 145 145
2.78612 38.00277 -2.01904 147 147 147
2.86936 38.00132 -1.92466 153 153 153
2.94526 37.99629 -1.82429 149 149 149
3.01352 38.00098 -1.71859 151 151 151
3.07762 38.00268 -1.61051 153 153 153
3.14352 37.99977 -1.50361 146 146 146
3.20658 38.00373 -1.39479 152 152 152
3.25699 38.00416 -1.27956 149 149 149
3.30751 37.99771 -1.16458 161 161 161
3.35598 38.00148 -1.04863 161 161 161
3.39238 38.00105 -0.92830 162 162 162
3.42541 38.00110 -0.80724 163 163 163
3.46411 37.99850 -0.68763 162 162 162
3.49575 38.00446 -0.56583 157 157 157
3.51332 38.00289 -0.44123 168 168 168
3.53286 38.00679 -0.31703 160 160 160
3.54346 37.99832 -0.19175 163 163 163
3.55368 37.99714 -0.06639 166 166 166
3.55406 38.39694 0.06000 171 171 171
3.54698 38.40087 0.18571 171 171 171
3.53626 38.40066 0.31097 173 173 173
3.52284 38.40290 0.43584 170 170 170
3.50557 38.40415 0.56021 173 173 173
3.48881 38.39889 0.68487 171 171 171
3.46456 38.40326 0.80837 177 177 177
3.42883 38.39729 0.92906 172 172 172
3.39314 38.39940 1.04963 177 177 177
3.35828 38.39831 1.17078 178 178 178
3.30174 38.40070 1.28374 170 170 170
3.25598 38.39917 1.40089 183 183 183
3.19878 38.40188 1.51286 181 181 181
3.13911 38.39597 1.62345 186 186 186
3.07485 38.39824 1.73140 186 186 186
3.00916 38.40253 1.83855 180 180 180
2.93445 38.40307 1.93962 182 182 182
2.86366 38.39454 2.04368 180 180 180
2.77827 38.39907 2.13618 191 191 191
2.70371 38.40312 2.23817 189 189 189
2.60885 38.40044 2.32148 184 184 184
2.51907 38.39847 2.40932 188 188 188
2.42352 38.40555 2.49085 184 184 184
2.32762 38.40053 2.57193 197 197 197
2.22707 38.40088 2.64718 185 185 185
2.12538 38.39728 2.72097 191 191 191
2.01742 38.40000 2.78528 191 191 191
1.91356 38.39873 2.85663 193 193 193
1.79827 38.40252 2.90754 200 200 200
1.68542 38.39737 2.96245 190 190 190
1.57491 38.39585 3.02353 196 196 196
1.45371 38.39598 3.05885 195 195 195
1.33568 38.39969 3.10169 192 192 192
1.21715 38.40268 3.14400 189 189 189
1.09458 38.40154 3.17235 197 197 197
0.97112 38.40309 3.19580 200 200 200
0.84817 38.41072 3.22189 198 198 198
0.72351 38.39781 3.23795 193 193 193
0.59822 38.40109 3.24726 198 198 198
0.47316 38.39762 3.26151 198 198 198
0.34737 38.39631 3.26265 199 199 199
0.22175 38.40132 3.25725 203 203 203
0.09650 38.39953 3.24765 203 203 203
-0.02872 38.39862 3.23756 186 186 186
-0.15387 38.39712 3.22471 191 191 191
-0.27732 38.40029 3.20056 196 196 196
-0.39941 38.40192 3.17058 194 194 194
-0.52135 38.39496 3.14026 191 191 191
-0.64062 38.40119 3.10072 191 191 191
-0.76216 38.40115 3.06751 191 191 191
-0.87825 38.40214 3.01893 191 191 191
-0.99265 38.40681 2.96673 188 188 188
-1.10461 38.40107 2.90967 196 196 196
-1.21760 38.39788 2.85446 193 193 193
-1.32359 38.40083 2.78677 198 198 198
-1.42871 38.40006 2.71810 191 191 191
-1.53283 38.40337 2.64788 178 178 178
-1.63656 38.40267 2.57661 186 186 186
-1.72903 38.39731 2.49116 186 186 186
-1.82649 38.40169 2.41167 189 189 189
-1.91519 38.40111 2.32257 191 191 191
-2.00409 38.39997 2.23367 191 191 191
-2.08468 38.40055 2.13717 189 189 189
-2.16551 38.39855 2.04099 184 184 184
-2.24266 38.39884 1.94177 187 187 187
-2.31661 38.39888 1.84002 180 180 180
-2.37758 38.39548 1.72986 188 188 188
-2.44127 38.40231 1.62171 178 178 178
-2.50271 38.40409 1.51219 184 184 184
-2.56355 38.40381 1.40196 177 177 177
-2.60871 38.40175 1.28445 173 173 173
-2.65675 38.39287 1.16828 178 178 178
-2.69899 38.39743 1.04982 186 186 186
-2.73058 38.40029 0.92807 180 180 180
-2.76928 38.39710 0.80824 175 175 175
-2.78840 38.39811 0.68374 171 171 171
-2.81144 38.40120 0.56031 172 172 172
-2.82723 38.39820 0.43574 172 172 172
-2.83608 38.40130 0.31054 169 169 169
-2.85138 38.39831 0.18568 174 174 174
-2.85662 38.39860 0.06000 160 160 160
-2.85469 38.40324 -0.06581 172 172 172
-2.84301 38.39952 -0.19109 166 166 166
-2.83643 38.39849 -0.31683 169 169 169
-2.81465 38.39952 -0.44082 168 168 168
-2.78790 38.39583 -0.56364 157 157 157
-2.76566 38.39862 -0.68737 160 160 160
-2.72844 38.40083 -0.80747 167 167 167
-2.69614 38.40292 -0.92890 154 154 154
-2.65859 38.39993 -1.04896 160 160 160
-2.61327 38.40330 -1.16634 150 150 150
-2.55475 38.40209 -1.27790 151 151 151
-2.50536 38.40366 -1.39354 162 162 162
-2.44955 38.40168 -1.50635 156 156 156
-2.37945 38.39732 -1.61100 144 144 144
-2.31590 38.40191 -1.71954 151 151 151
-2.23938 38.39944 -1.81939 148 148 148
-2.16719 38.40123 -1.92233 154 154 154
-2.08973 38.39663 -2.02149 149 149 149
-2.00389 38.40385 -2.11349 144 144 144
-1.91831 38.39929 -2.20568 148 148 148
-1.82630 38.40146 -2.29147 151 151 151
-1.72967 38.39614 -2.37190 147 147 147
-1.63493 38.40169 -2.45454 149 149 149
-1.53118 38.39745 -2.52560 157 157 157
-1.42950 38.40279 -2.59928 142 142 142
-1.32451 38.39950 -2.66826 148 148 148
-1.21350 38.40268 -2.72713 136 136 136
-1.10519 38.39626 -2.79082 138 138 138
-0.99375 38.39728 -2.84913 143 143 143
-0.87606 38.40093 -2.89364 141 141 141
-0.76116 38.40212 -2.94480 142 142 142
-0.63994 38.40036 -2.97863 141 141 141
-0.52124 38.40222 -3.01986 143 143 143
-0.39946 38.39725 -3.05077 137 137 137
-0.27624 38.40395 -3.07511 144 144 144
-0.15347 38.39811 -3.10220 142 142 142
-0.02886 38.39832 -3.11878 139 139 139
0.09622 38.40283 -3.13116 142 142 142
0.22171 38.39689 -3.13834 142 142 142
0.34737 38.40164 -3.14304 137 137 137
0.47296 38.39941 -3.13636 140 140 140
0.59822 38.40045 -3.12733 134 134 134
0.72407 38.40197 -3.12268 140 140 140
0.84763 38.39906 -3.09852 140 140 140
0.97265 38.40602 -3.08348 143 143 143
1.09293 38.39846 -3.04545 139 139 139
1.21577 38.39987 -3.01910 143 143 143
1.33603 38.40037 -2.98277 141 141 141
1.45642 38.40194 -2.94619 134 134 134
1.57089 38.40470 -2.89382 140 140 140
1.68662 38.39700 -2.84506 145 145 145
1.79965 38.40164 -2.79024 142 142 142
1.91110 38.40376 -2.73223 143 143 143
2.01799 38.39718 -2.66620 145 145 145
2.12595 38.39987 -2.60182 145 145 145
2.22611 38.40085 -2.52586 144 144 144
2.33409 38.40121 -2.46013 148 148 148
2.42079 38.39954 -2.36766 146 146 146
2.51673 38.40170 -2.28679 147 147 147
2.60939 38.39827 -2.20202 155 155 155
2.69938 38.40119 -2.11418 145 145 145
2.78151 38.39762 -2.01895 147 147 147
2.85553 38.39567 -1.91727 155 155 155
2.93595 38.39976 -1.82071 156 156 156
3.00534 38.40512 -1.71599 155 155 155
3.07291 38.39950 -1.61021 159 159 159
3.13992 38.39849 -1.50390 156 156 156
3.18965 38.40051 -1.38821 150 150 150
3.25103 38.40192 -1.27860 153 153 153
3.30372 38.39997 -1.16456 157 157 157
3.34730 38.39606 -1.04673 156 156 156
3.39218 38.40083 -0.92932 165 165 165
3.42971 38.40476 -0.80931 159 159 159
3.45840 38.40437 -0.68689 163 163 163
3.49204 38.40048 -0.56551 157 157 157
3.50768 38.39954 -0.44054 156 156 156
3.52857 38.40020 -0.31652 157 157 157
3.53785 38.39786 -0.19110 167 167 167
3.55358 38.39944 -0.06597 170 170 170
3.54080 38.79865 0.06062 163 163 163
3.53474 38.80072 0.18607 172 172 172
3.52639 38.79962 0.31125 173 173 173
3.51927 38.80012 0.43669 168 168 168
3.50409 38.80047 0.56146 175 175 175
3.47791 38.80283 0.68441 173 173 173
3.45582 38.79781 0.80820 179 179 179
3.42282 38.80203 0.92952 168 168 168
3.38883 38.79698 1.05061 174 174 174
3.34458 38.79867 1.16835 176 176 176
3.29733 38.80054 1.28478 178 178 178
3.24552 38.80305 1.39919 182 182 182
3.19347 38.80033 1.51355 175 175 175
3.13402 38.80386 1.62426 181 181 181
3.06723 38.80455 1.73067 184 184 184
3.00207 38.79734 1.83806 174 174 174
2.93235 38.80101 1.94266 180 180 180
2.85028 38.79843 2.03803 184 184 184
2.77609 38.79481 2.13957 182 182 182
2.69381 38.80446 2.23466 190 190 190
2.60388 38.79958 2.32255 188 188 188
2.51563 38.79964 2.41209 184 184 184
2.41726 38.80052 2.49050 192 192 192
2.32479 38.80128 2.57584 191 191 191
2.22559 38.79976 2.65322 191 191 191
2.12059 38.79809 2.72254 184 184 184
2.01294 38.79752 2.78743 198 198 198
1.90278 38.79793 2.84767 197 197 197
1.79664 38.80232 2.91560 191 191 191
1.67998 38.79987 2.96301 193 193 193
1.56586 38.79615 3.01540 195 195 195
1.44955 38.80151 3.06289 193 193 193
1.33012 38.79679 3.10187 198 198 198
1.21003 38.79791 3.13859 199 199 199
1.08907 38.79671 3.17260 190 190 190
0.96642 38.80417 3.20004 198 198 198
0.84235 38.80446 3.22001 201 201 201
0.71766 38.79742 3.23491 199 199 199
0.59338 38.80248 3.25529 204 204 204
0.46743 38.80262 3.25407 193 193 193
0.34196 38.80047 3.25844 198 198 198
0.21628 38.79822 3.25940 200 200 200
0.09092 38.80094 3.25039 192 192 192
-0.03419 38.80422 3.23867 194 194 194
-0.15915 38.80283 3.22448 193 193 193
-0.28249 38.79959 3.19993 192 192 192
-0.40466 38.79931 3.17050 190 190 190
-0.52599 38.79905 3.13811 192 192 192
-0.64792 38.79980 3.10716 193 193 193
-0.76509 38.79988 3.06141 197 197 197
-0.88264 38.79881 3.01706 198 198 198
-0.99755 38.79988 2.96623 197 197 197
-1.11052 38.80544 2.91127 190 190 190
-1.22273 38.80332 2.85458 195 195 195
-1.33388 38.80026 2.79533 189 189 189
-1.43477 38.79889 2.71969 190 190 190
-1.53823 38.79734 2.64848 182 182 182
-1.64192 38.79720 2.57715 188 188 188
-1.73352 38.80099 2.49069 186 186 186
-1.82922 38.79991 2.40939 188 188 188
-1.92139 38.79957 2.32397 188 188 188
-2.00839 38.80007 2.23326 188 188 188
-2.09331 38.79922 2.14054 186 186 186
-2.16977 38.80125 2.04071 187 187 187
-2.24995 38.79898 1.94375 191 191 191
-2.31632 38.80021 1.83683 180 180 180
-2.38366 38.80085 1.73088 182 182 182
-2.45139 38.79811 1.62497 180 180 180
-2.51472 38.79807 1.51617 174 174 174
-2.55858 38.79770 1.39779 170 170 170
-2.61473 38.79677 1.28532 175 175 175
-2.66074 38.80093 1.16838 175 175 175
-2.70393 38.80580 1.05029 175 175 175
-2.73942 38.80177 0.92966 175 175 175
-2.77160 38.80277 0.80812 175 175 175
-2.79949 38.79602 0.68550 171 171 171
-2.81628 38.79895 0.56084 167 167 167
-2.84140 38.80030 0.43740 169 169 169
-2.85035 38.80030 0.31187 172 172 172
-2.85098 38.80265 0.18608 168 168 168
-2.86150 38.79967 0.06063 169 169 169
-2.85720 38.79696 -0.06507 171 171 171
-2.85107 38.80003 -0.19067 165 165 165
-2.83893 38.80444 -0.31586 161 161 161
-2.82200 38.80227 -0.44050 163 163 163
-2.79474 38.80010 -0.56330 165 165 165
-2.77076 38.79834 -0.68667 162 162 162
-2.73646 38.80017 -0.80758 165 165 165
-2.70223 38.80034 -0.92849 158 158 158
-2.65932 38.79976 -1.04661 164 164 164
-2.61003 38.79597 -1.16213 153 153 153
-2.55865 38.79947 -1.27657 158 158 158
-2.50821 38.79849 -1.39161 152 152 152
-2.45581 38.79703 -1.50620 150 150 150
-2.39057 38.79736 -1.61387 159 159 159
-2.31806 38.79825 -1.71674 153 153 153
-2.24428 38.79968 -1.81839 155 155 155
-2.16996 38.79658 -1.91961 150 150 150
-2.08841 38.80247 -2.01510 145 145 145
-2.00984 38.79521 -2.11335 151 151 151
-1.91968 38.80085 -2.20101 141 141 141
-1.82792 38.79866 -2.28673 150 150 150
-1.73891 38.79662 -2.37576 150 150 150
-1.63626 38.80033 -2.44872 147 147 147
-1.53841 38.80043 -2.52747 148 148 148
-1.43499 38.80460 -2.59876 147 147 147
-1.33130 38.80222 -2.66987 142 142 142
-1.22503 38.79985 -2.73743 140 140 140
-1.10842 38.80405 -2.78590 145 145 145
-0.99867 38.80255 -2.84741 143 143 143
-0.88043 38.80105 -2.89048 130 130 130
-0.76604 38.79415 -2.94272 143 143 143
-0.64697 38.79817 -2.98298 146 146 146
-0.52662 38.80262 -3.01910 136 136 136
-0.40435 38.80073 -3.04794 140 140 140
-0.28168 38.80068 -3.07462 146 146 146
-0.15882 38.79986 -3.10114 134 134 134
-0.03466 38.80438 -3.12135 145 145 145
0.09076 38.79923 -3.13108 137 137 137
0.21605 38.79468 -3.14386 133 133 133
0.34196 38.79940 -3.13815 140 140 140
0.46742 38.80082 -3.13276 140 140 140
0.59287 38.79999 -3.12751 136 136 136
0.71852 38.80290 -3.12091 140 140 140
0.84174 38.80161 -3.09489 140 140 140
0.96728 38.79907 -3.08312 144 144 144
1.08847 38.79865 -3.04884 134 134 134
1.21049 38.79787 -3.01896 145 145 145
1.33044 38.79898 -2.98162 140 140 140
1.44944 38.79544 -2.94135 140 140 140
1.56682 38.79728 -2.89645 144 144 144
1.68115 38.80434 -2.84431 139 139 139
1.79413 38.79892 -2.78943 137 137 137
1.90378 38.80248 -2.72822 144 144 144
2.01400 38.80160 -2.66791 146 146 146
2.11674 38.80170 -2.59552 153 153 153
2.22753 38.79995 -2.53464 138 138 138
2.32510 38.80158 -2.45498 142 142 142
2.41990 38.79986 -2.37234 139 139 139
2.51346 38.79749 -2.28850 148 148 148
2.59983 38.80410 -2.19725 143 143 143
2.69640 38.79783 -2.11580 146 146 146
2.77704 38.80382 -2.01914 147 147 147
2.85825 38.79781 -1.92306 153 153 153
2.92644 38.80063 -1.81711 160 160 160
3.00406 38.80309 -1.71813 153 153 153
3.07022 38.79219 -1.61125 157 157 157
3.13170 38.80087 -1.50171 150 150 150
3.19500 38.80151 -1.39307 152 152 152
3.24538 38.79864 -1.27787 161 161 161
3.29718 38.79859 -1.16347 157 157 157
3.33946 38.79788 -1.04521 159 159 159
3.38305 38.80576 -0.92749 158 158 158
3.42348 38.79749 -0.80845 161 161 161
3.45067 38.79901 -0.68571 160 160 160
3.48040 38.80196 -0.56365 161 161 161
3.50580 38.79966 -0.44048 166 166 166
3.51810 38.79712 -0.31530 165 165 165
3.52753 38.80523 -0.19009 165 165 165
3.53697 38.80119 -0.06491 163 163 163
3.53845 39.20342 0.06125 170 170 170
3.53179 39.20051 0.18680 167 167 167
3.52602 39.19760 0.31228 168 168 168
3.51336 39.20170 0.43727 161 161 161
3.50006 39.19720 0.56233 171 171 171
3.47356 39.20047 0.68528 171 171 171
3.45285 39.20226 0.80945 168 168 168
3.41394 39.20502 0.92922 176 176 176
3.38889 39.19785 1.05308 175 175 175
3.33906 39.20162 1.16900 180 180 180
3.29009 39.19726 1.28473 178 178 178
3.24095 39.20124 1.40028 179 179 179
3.18977 39.20040 1.51513 178 178 178
3.12273 39.19825 1.62169 184 184 184
3.06609 39.20102 1.73403 180 180 180
2.99753 39.20324 1.83939 179 179 179
2.92169 39.19839 1.93960 184 184 184
2.85458 39.20086 2.04645 186 186 186
2.77009 39.20029 2.13985 186 186 186
2.68090 39.19672 2.22852 185 185 185
2.60016 39.19870 2.32505 191 191 191
2.50898 39.19851 2.41158 185 185 185
2.41954 39.20797 2.50034 190 190 190
2.32001 39.20063 2.57750 194 194 194
2.21958 39.19792 2.65328 187 187 187
2.11402 39.19847 2.72171 186 186 186
2.01097 39.19934 2.79396 191 191 191
1.89907 39.19534 2.85167 192 192 192
1.78818 39.19893 2.91060 186 186 186
1.67932 39.19958 2.97435 189 189 189
1.55975 39.20654 3.01478 189 189 189
1.44385 39.20400 3.06322 198 198 198
1.32304 39.19902 3.09792 195 195 195
1.20490 39.19902 3.14085 198 198 198
1.08385 39.19594 3.17475 195 195 195
0.96073 39.19851 3.20017 190 190 190
0.83684 39.20013 3.22117 194 194 194
0.71292 39.19317 3.24278 194 194 194
0.58683 39.20267 3.24379 197 197 197
0.46208 39.19763 3.26088 194 194 194
0.33636 39.19941 3.25809 200 200 200
0.21092 39.20103 3.25403 193 193 193
0.08523 39.19296 3.25219 200 200 200
-0.03985 39.20351 3.23982 189 189 189
-0.16457 39.19301 3.22400 199 199 199
-0.28704 39.19797 3.19533 197 197 197
-0.41093 39.19583 3.17394 191 191 191
-0.53415 39.19800 3.14786 191 191 191
-0.65275 39.20092 3.10543 200 200 200
-0.77016 39.19507 3.06062 189 189 189
-0.88962 39.20160 3.02102 193 193 193
-1.00454 39.19857 2.96989 188 188 188
-1.11715 39.19776 2.91393 190 190 190
-1.22851 39.20157 2.85553 200 200 200
-1.33338 39.20185 2.78601 196 196 196
-1.44357 39.19743 2.72511 190 190 190
-1.54520 39.19735 2.65100 190 190 190
-1.64109 39.20299 2.56964 188 188 188
-1.74027 39.19873 2.49268 188 188 188
-1.83579 39.20021 2.41108 189 189 189
-1.92685 39.20181 2.32446 186 186 186
-2.01395 39.20467 2.23386 192 192 192
-2.09156 39.20132 2.13489 188 188 188
-2.17243 39.19186 2.03902 184 184 184
-2.25000 39.19919 1.94035 184 184 184
-2.32792 39.19821 1.84147 184 184 184
-2.39489 39.19902 1.73496 182 182 182
-2.45627 39.19770 1.62520 184 184 184
-2.51296 39.19962 1.51305 180 180 180
-2.56838 39.19805 1.40035 178 178 178
-2.62338 39.20238 1.28721 178 178 178
-2.66497 39.19869 1.16850 173 173 173
-2.70606 39.19932 1.04979 182 182 182
-2.75034 39.20110 0.93179 176 176 176
-2.77469 39.19730 0.80815 176 176 176
-2.80239 39.20156 0.68559 176 176 176
-2.82479 39.20514 0.56193 168 168 168
-2.84210 39.20324 0.43745 173 173 173
-2.85679 39.20145 0.31256 173 173 173
-2.85927 39.19995 0.18681 170 170 170
-2.86200 39.20348 0.06125 167 167 167
-2.86530 39.19851 -0.06454 159 159 159
-2.85302 39.19697 -0.18976 163 163 163
-2.83654 39.20160 -0.31429 170 170 170
-2.82444 39.19993 -0.43937 165 165 165
-2.80394 39.19975 -0.56339 159 159 159
-2.77116 39.19856 -0.68480 161 161 161
-2.74602 39.19863 -0.80807 161 161 161
-2.71049 39.19990 -0.92873 158 158 158
-2.66970 39.20102 -1.04774 164 164 164
-2.61737 39.20239 -1.16222 162 162 162
-2.57244 39.19775 -1.27973 159 159 159
-2.51225 39.19997 -1.39019 151 151 151
-2.45621 39.19529 -1.50267 154 154 154
-2.39419 39.20436 -1.61203 151 151 151
-2.32053 39.19989 -1.71403 155 155 155
-2.25437 39.19964 -1.82102 151 151 151
-2.17720 39.20280 -1.92028 145 145 145
-2.09722 39.20173 -2.01723 149 149 149
-2.01213 39.19532 -2.10968 153 153 153
-1.93033 39.19768 -2.20544 147 147 147
-1.83633 39.20060 -2.28916 155 155 155
-1.73827 39.19632 -2.36783 143 143 143
-1.64435 39.20164 -2.45127 141 141 141
-1.54557 39.20448 -2.52901 143 143 143
-1.44242 39.19691 -2.60089 141 141 141
-1.33486 39.19660 -2.66593 146 146 146
-1.22616 39.19764 -2.72883 143 143 143
-1.11682 39.19954 -2.79078 148 148 148
-1.00507 39.19741 -2.84854 145 145 145
-0.89018 39.19952 -2.89989 139 139 139
-0.77294 39.19772 -2.94564 143 143 143
-0.65232 39.19977 -2.98160 140 140 140
-0.53174 39.20576 -3.01681 141 141 141
-0.40987 39.19745 -3.04701 143 143 143
-0.28669 39.20017 -3.07106 144 144 144
-0.16475 39.20001 -3.10268 136 136 136
-0.04036 39.20004 -3.12162 140 140 140
0.08551 39.20131 -3.12614 139 139 139
0.21070 39.20287 -3.13719 141 141 141
0.33636 39.20309 -3.13773 143 143 143
0.46198 39.19810 -3.13602 134 134 134
0.58747 39.19797 -3.12941 139 139 139
0.71176 39.19969 -3.11048 139 139 139
0.83635 39.20042 -3.09553 142 142 142
0.96099 39.20415 -3.07897 145 145 145
1.08315 39.19933 -3.04937 146 146 146
1.20526 39.19822 -3.01964 140 140 140
1.32699 39.19809 -2.98760 141 141 141
1.44324 39.20130 -2.93908 143 143 143
1.56318 39.20585 -2.90055 141 141 141
1.67636 39.20086 -2.84543 144 144 144
1.78724 39.20306 -2.78625 140 140 140
1.89821 39.19948 -2.72762 138 138 138
2.00947 39.20357 -2.66902 143 143 143
2.11455 39.19872 -2.60000 144 144 144
2.21423 39.19985 -2.52341 133 133 133
2.31924 39.20176 -2.45401 145 145 145
2.41423 39.19836 -2.37162 148 148 148
2.50779 39.20445 -2.28779 145 145 145
2.60094 39.19829 -2.20333 149 149 149
2.68646 39.19958 -2.11116 151 151 151
2.77072 39.19985 -2.01789 149 149 149
2.84705 39.20265 -1.91802 157 157 157
2.92667 39.19802 -1.82072 151 151 151
2.99563 39.19893 -1.71562 150 150 150
3.06279 39.19629 -1.60951 164 164 164
3.12945 39.19856 -1.50296 156 156 156
3.18478 39.19518 -1.39009 153 153 153
3.24437 39.20090 -1.27936 156 156 156
3.29018 39.19563 -1.16226 159 159 159
3.33237 39.20264 -1.04404 155 155 155
3.37915 39.19970 -0.92741 162 162 162
3.41500 39.20059 -0.80701 162 162 162
3.44406 39.19802 -0.68484 160 160 160
3.47479 39.19752 -0.56302 162 162 162
3.49772 39.19756 -0.43946 155 155 155
3.51467 39.19917 -0.31493 165 165 165
3.52994 39.19878 -0.19009 164 164 164
3.53417 39.20018 -0.06439 166 166 166
3.52607 39.59890 0.06188 166 166 166
3.52928 39.59896 0.18755 168 168 168
3.52049 39.59925 0.31293 168 168 168
3.51123 39.60003 0.43833 165 165 165
3.49573 39.60195 0.56318 177 177 177
3.47166 39.59708 0.68667 178 178 178
3.44621 39.59957 0.80987 171 171 171
3.40683 39.60087 0.92946 176 176 176
3.37364 39.60255 1.05062 170 170 170
3.32999 39.60149 1.16841 175 175 175
3.28587 39.59426 1.28599 172 172 172
3.23341 39.59735 1.40009 181 181 181
3.17693 39.60264 1.51215 175 175 175
3.11927 39.60404 1.62361 186 186 186
3.05920 39.59694 1.73396 181 181 181
2.99649 39.59966 1.84317 188 188 188
2.91680 39.59765 1.94086 179 179 179
2.84611 39.59841 2.04494 187 187 187
2.76238 39.59557 2.13882 190 190 190
2.67986 39.60131 2.23351 186 186 186
2.59088 39.59867 2.32216 184 184 184
2.50416 39.59851 2.41322 185 185 185
2.41133 39.59594 2.49810 185 185 185
2.31004 39.60095 2.57278 186 186 186
2.21090 39.60189 2.64989 193 193 193
2.10883 39.60042 2.72318 186 186 186
2.00102 39.59909 2.78776 194 194 194
1.89278 39.60024 2.85135 191 191 191
1.78144 39.60344 2.90931 197 197 197
1.66830 39.59838 2.96358 193 193 193
1.55708 39.59964 3.02287 188 188 188
1.44064 39.60223 3.07077 197 197 197
1.31888 39.59941 3.10348 200 200 200
1.19825 39.59855 3.13835 199 199 199
1.07793 39.59692 3.17473 195 195 195
0.95397 39.59837 3.19579 199 199 199
0.83132 39.59844 3.22333 196 196 196
0.70727 39.60118 3.24439 198 198 198
0.58173 39.60177 3.25282 195 195 195
0.45620 39.60170 3.25869 197 197 197
0.33060 39.59625 3.25735 192 192 192
0.20500 39.60495 3.25854 198 198 198
0.07920 39.59603 3.25613 193 193 193
-0.04524 39.60152 3.23728 196 196 196
-0.16946 39.60220 3.21914 192 192 192
-0.29376 39.59581 3.20072 197 197 197
-0.41593 39.60290 3.17140 194 194 194
-0.53679 39.60122 3.13741 185 185 185
-0.66051 39.60067 3.11218 190 190 190
-0.77813 39.59468 3.06721 194 194 194
-0.89227 39.59561 3.01413 194 194 194
-1.00937 39.60036 2.96849 188 188 188
-1.12333 39.59923 2.91537 185 185 185
-1.23417 39.60083 2.85596 197 197 197
-1.34149 39.59888 2.79047 197 197 197
-1.44554 39.60478 2.72005 188 188 188
-1.55113 39.60320 2.65185 184 184 184
-1.65413 39.60102 2.57949 190 190 190
-1.75328 39.59866 2.50179 188 188 188
-1.84182 39.60344 2.41198 180 180 180
-1.93527 39.60052 2.32775 188 188 188
-2.01936 39.59943 2.23415 185 185 185
-2.09905 39.60193 2.13699 187 187 187
-2.17858 39.60141 2.03995 186 186 186
-2.25620 39.59894 1.94130 190 190 190
-2.33382 39.59803 1.84218 182 182 182
-2.39676 39.59861 1.73320 186 186 186
-2.46574 39.59799 1.62790 189 189 189
-2.51567 39.59843 1.51212 179 179 179
-2.57388 39.60187 1.40086 181 181 181
-2.62730 39.60168 1.28708 183 183 183
-2.67529 39.59699 1.17081 168 168 168
-2.71225 39.59747 1.05056 176 176 176
-2.74558 39.60073 0.92945 172 172 172
-2.78122 39.60568 0.80896 173 173 173
-2.80410 39.59956 0.68540 170 170 170
-2.83123 39.59888 0.56266 171 171 171
-2.84438 39.60183 0.43766 174 174 174
-2.86352 39.60112 0.31326 171 171 171
-2.86301 39.59702 0.18735 161 161 161
-2.87228 39.59986 0.06188 165 165 165
-2.86560 39.60050 -0.06370 163 163 163
-2.86016 39.60301 -0.18924 161 161 161
-2.84830 39.60175 -0.31437 168 168 168
-2.82807 39.59782 -0.43841 157 157 157
-2.80177 39.59754 -0.56119 161 161 161
-2.78059 39.59614 -0.68506 160 160 160
-2.74648 39.60438 -0.80595 167 167 167
-2.70851 39.60377 -0.92559 147 147 147
-2.67061 39.59849 -1.04533 153 153 153
-2.62329 39.60516 -1.16167 151 151 151
-2.57238 39.59876 -1.27642 158 158 158
-2.51504 39.59810 -1.38805 154 154 154
-2.46806 39.60118 -1.50545 155 155 155
-2.39955 39.59765 -1.61116 152 152 152
-2.32412 39.60135 -1.71195 154 154 154
-2.26070 39.60480 -1.82081 152 152 152
-2.17885 39.59994 -1.91641 151 151 151
-2.10292 39.60102 -2.01654 151 151 151
-2.01772 39.60075 -2.10889 156 156 156
-1.93873 39.60036 -2.20745 152 152 152
-1.84347 39.60151 -2.29002 149 149 149
-1.74863 39.60233 -2.37259 147 147 147
-1.64992 39.59635 -2.45040 151 151 151
-1.54681 39.60347 -2.52215 143 143 143
-1.45119 39.59963 -2.60476 136 136 136
-1.33880 39.60147 -2.66234 139 139 139
-1.23132 39.59592 -2.72714 142 142 142
-1.12228 39.60008 -2.78956 149 149 149
-1.00816 39.59903 -2.84212 139 139 139
-0.89325 39.59926 -2.89274 142 142 142
-0.77662 39.60347 -2.93936 143 143 143
-0.65901 39.60195 -2.98381 139 139 139
-0.53757 39.60112 -3.01643 146 146 146
-0.41645 39.59999 -3.04981 135 135 135
-0.29350 39.60165 -3.07567 137 137 137
-0.17088 39.59857 -3.10430 137 137 137
-0.04632 39.59747 -3.12266 134 134 134
0.07920 39.60086 -3.13245 137 137 137
0.20486 39.59884 -3.13836 135 135 135
0.33060 39.60279 -3.14296 138 138 138
0.45601 39.59835 -3.13010 145 145 145
0.58147 39.59925 -3.12573 139 139 139
0.70662 39.60272 -3.11516 141 141 141
0.83117 39.59407 -3.09861 143 143 143
0.95606 39.60045 -3.08253 141 141 141
1.07739 39.60073 -3.04874 144 144 144
1.19886 39.60527 -3.01677 143 143 143
1.31813 39.60380 -2.97743 142 142 142
1.43868 39.60162 -2.94171 144 144 144
1.55542 39.59990 -2.89510 137 137 137
1.67082 39.60180 -2.84529 137 137 137
1.78357 39.59941 -2.78975 148 148 148
1.89406 39.59939 -2.72988 144 144 144
2.00637 39.60116 -2.67273 142 142 142
2.10708 39.59487 -2.59682 143 143 143
2.21300 39.60471 -2.52903 145 145 145
2.31072 39.59436 -2.44990 139 139 139
2.40853 39.60233 -2.37107 158 158 158
2.50574 39.59818 -2.29118 143 143 143
2.59335 39.59985 -2.20088 155 155 155
2.67795 39.60006 -2.10799 156 156 156
2.76550 39.59726 -2.01773 150 150 150
2.84144 39.59912 -1.91751 153 153 153
2.91907 39.59915 -1.81876 149 149 149
2.99220 39.60157 -1.71655 148 148 148
3.05700 39.59991 -1.60887 154 154 154
3.12155 39.59905 -1.50114 152 152 152
3.17534 39.59779 -1.38759 151 151 151
3.24107 39.59643 -1.27987 151 151 151
3.28631 39.59791 -1.16242 159 159 159
3.33377 39.60237 -1.04605 160 160 160
3.37618 39.60134 -0.92770 156 156 156
3.41217 39.59951 -0.80722 164 164 164
3.44820 39.60087 -0.68660 162 162 162
3.45986 39.59923 -0.56057 154 154 154
3.49083 39.59989 -0.43866 165 165 165
3.50452 39.60290 -0.31378 164 164 164
3.52160 39.59781 -0.18926 163 163 163
3.52740 39.60049 -0.06373 161 161 161
3.52269 39.99396 0.06250 177 177 177
3.52396 39.99610 0.18820 175 175 175
3.51477 39.99663 0.31357 166 166 166
3.50390 39.99881 0.43879 166 166 166
3.48424 40.00229 0.56293 171 171 171
3.46338 39.99469 0.68683 169 169 169
3.44456 40.00087 0.81152 173 173 173
3.40177 40.00210 0.93033 174 174 174
3.36642 39.99707 1.05083 176 176 176
3.32637 40.00440 1.16989 176 176 176
3.28343 40.00172 1.28806 173 173 173
3.23597 40.00213 1.40463 179 179 179
3.17551 39.99824 1.51508 183 183 183
3.11515 39.99840 1.62525 186 186 186
3.05233 40.00395 1.73402 179 179 179
2.98592 39.99428 1.84069 186 186 186
2.91501 39.99773 1.94449 175 175 175
2.84248 39.99623 2.04739 183 183 183
2.76169 40.00031 2.14391 189 189 189
2.66933 40.00333 2.22989 194 194 194
2.58509 40.00314 2.32292 190 190 190
2.49941 39.99443 2.41513 188 188 188
2.40925 40.00213 2.50324 191 191 191
2.30454 40.00289 2.57396 188 188 188
2.20730 39.99861 2.65373 196 196 196
2.10182 39.99843 2.72220 190 190 190
1.99427 39.99780 2.78706 186 186 186
1.88944 39.99508 2.85662 186 186 186
1.77761 40.00078 2.91407 186 186 186
1.66381 40.00193 2.96733 196 196 196
1.55355 40.00039 3.02930 198 198 198
1.43093 40.00135 3.06117 197 197 197
1.31203 40.00123 3.10131 195 195 195
1.19328 39.99983 3.14238 193 193 193
1.07041 39.99598 3.16874 192 192 192
0.94936 40.00139 3.20305 197 197 197
0.82543 40.00255 3.22422 195 195 195
0.70113 40.00000 3.24322 189 189 189
0.57602 40.00295 3.25627 199 199 199
0.45022 40.00107 3.25810 194 194 194
0.32466 40.00088 3.26301 200 200 200
0.19902 39.99938 3.26031 192 192 192
0.07344 39.99915 3.25466 194 194 194
-0.05145 40.00123 3.24029 190 190 190
-0.17675 39.99837 3.22830 193 193 193
-0.29822 39.99942 3.19394 197 197 197
-0.42373 39.99568 3.17978 195 195 195
-0.54477 40.00049 3.14528 189 189 189
-0.66527 40.00397 3.10921 184 184 184
-0.78367 40.00308 3.06677 193 193 193
-0.89909 40.00121 3.01690 190 190 190
-1.01481 40.00150 2.96805 193 193 193
-1.12858 40.00118 2.91465 192 192 192
-1.24033 40.00295 2.85701 191 191 191
-1.34716 40.00146 2.79067 189 189 189
-1.45614 39.99853 2.72766 189 189 189
-1.55521 39.99735 2.64992 192 192 192
-1.65775 40.00227 2.57718 192 192 192
-1.75254 39.99781 2.49459 189 189 189
-1.84875 39.99859 2.41368 188 188 188
-1.93751 39.99913 2.32467 185 185 185
-2.02498 40.00072 2.23449 189 189 189
-2.11128 39.99725 2.14299 176 176 176
-2.17832 40.00165 2.03569 183 183 183
-2.26175 39.99965 1.94164 188 188 188
-2.33218 40.00275 1.83775 176 176 176
-2.39975 39.99844 1.73202 183 183 183
-2.46940 39.99625 1.62725 178 178 178
-2.52423 39.99614 1.51408 180 180 180
-2.57891 39.99992 1.40107 181 181 181
-2.63740 40.00285 1.28943 184 184 184
-2.67919 40.00040 1.17068 177 177 177
-2.71506 39.99665 1.05017 179 179 179
-2.75507 39.99659 0.93107 178 178 178
-2.78703 39.99794 0.80955 168 168 168
-2.81611 40.00420 0.68724 175 175 175
-2.83325 40.00024 0.56266 176 176 176
-2.84949 40.00080 0.43819 176 176 176
-2.86395 40.00112 0.31345 175 175 175
-2.87369 40.00300 0.18816 173 173 173
-2.87244 40.00613 0.06250 162 162 162
-2.86629 39.99836 -0.06287 165 165 165
-2.86714 39.99908 -0.18870 162 162 162
-2.85275 39.99972 -0.31357 169 169 169
-2.83439 40.00175 -0.43785 163 163 163
-2.81158 39.99817 -0.56134 166 166 166
-2.78733 40.00139 -0.68462 160 160 160
-2.74891 40.00284 -0.80434 152 152 152
-2.71927 39.99982 -0.92653 160 160 160
-2.68163 39.99693 -1.04658 153 153 153
-2.62651 40.00261 -1.15992 146 146 146
-2.58085 40.00080 -1.27696 157 157 157
-2.52250 40.00173 -1.38820 151 151 151
-2.47268 39.99890 -1.50409 156 156 156
-2.40762 40.00188 -1.61184 152 152 152
-2.33693 39.99771 -1.71592 153 153 153
-2.27024 40.00051 -1.82281 146 146 146
-2.18940 39.99834 -1.91943 148 148 148
-2.11254 40.00238 -2.01907 153 153 153
-2.02540 40.00360 -2.10988 155 155 155
-1.93574 39.99796 -2.19790 147 147 147
-1.85120 39.99929 -2.29133 152 152 152
-1.75584 40.00283 -2.37346 144 144 144
-1.65756 40.00246 -2.45194 148 148 148
-1.55885 39.99654 -2.52994 143 143 143
-1.45645 40.00120 -2.60313 149 149 149
-1.35135 40.00199 -2.67250 141 141 141
-1.23531 40.00241 -2.72304 145 145 145
-1.12991 39.99931 -2.79226 143 143 143
-1.01583 39.99763 -2.84525 140 140 140
-0.89954 40.00245 -2.89298 142 142 142
-0.78407 40.00183 -2.94286 148 148 148
-0.66547 40.00101 -2.98484 138 138 138
-0.54391 40.00046 -3.01724 146 146 146
-0.42426 40.00352 -3.05699 148 148 148
-0.29897 40.00088 -3.07271 142 142 142
-0.17660 40.00322 -3.10238 139 139 139
-0.05157 40.00322 -3.11632 134 134 134
0.07393 39.99663 -3.12342 137 137 137
0.19900 39.99919 -3.13580 141 141 141
0.32466 39.99943 -3.13318 146 146 146
0.45027 39.99902 -3.13427 138 138 138
0.57550 40.00473 -3.12468 134 134 134
0.70093 40.00068 -3.11655 137 137 137
0.82530 39.99638 -3.09840 138 138 138
0.94913 39.99795 -3.07690 139 139 139
1.07179 40.00067 -3.04950 144 144 144
1.19273 40.00562 -3.01543 140 140 140
1.31279 39.99926 -2.97865 141 141 141
1.43098 39.99742 -2.93630 145 145 145
1.54799 40.00046 -2.89087 141 141 141
1.66097 39.99749 -2.83617 140 140 140
1.77695 40.00333 -2.78776 142 142 142
1.88741 39.99793 -2.72797 146 146 146
1.99826 40.00110 -2.66856 145 145 145
2.10019 40.00243 -2.59477 145 145 145
2.20405 40.00318 -2.52425 139 139 139
2.30453 40.00381 -2.44895 146 146 146
2.40345 40.00104 -2.37145 152 152 152
2.49850 40.00178 -2.28914 154 154 154
2.58915 40.00138 -2.20199 147 147 147
2.67688 39.99797 -2.11187 154 154 154
2.75926 40.00420 -2.01684 151 151 151
2.83747 39.99798 -1.91843 153 153 153
2.91188 40.00186 -1.81722 153 153 153
2.98501 40.00259 -1.71509 158 158 158
3.05488 39.99550 -1.61058 151 151 151
3.11252 40.00149 -1.49878 151 151 151
3.17959 39.99629 -1.39216 152 152 152
3.22954 39.99978 -1.27666 160 160 160
3.28656 40.00230 -1.16436 162 162 162
3.32387 40.00066 -1.04397 158 158 158
3.36850 39.99941 -0.92650 155 155 155
3.40624 40.00378 -0.80659 161 161 161
3.43277 39.99985 -0.68369 160 160 160
3.45938 40.00162 -0.56103 167 167 167
3.48469 40.00333 -0.43800 161 161 161
3.50240 39.99611 -0.31361 165 165 165
3.51550 39.99733 -0.18862 169 169 169
3.51937 39.99810 -0.06302 158 158 158
3.51223 40.39695 0.06313 175 175 175
3.51756 40.40294 0.18881 169 169 169
3.51200 40.40319 0.31445 160 160 160
3.49952 40.39938 0.43962 174 174 174
3.47754 40.39933 0.56346 177 177 177
3.45503 40.40153 0.68701 177 177 177
3.43953 40.39954 0.81240 182 182 182
3.39438 40.39838 0.93059 172 172 172
3.36087 40.39902 1.05163 172 172 172
3.31892 40.40354 1.17002 175 175 175
3.27293 40.40135 1.28686 178 178 178
3.21815 40.40460 1.39985 181 181 181
3.17162 40.39752 1.51683 178 178 178
3.10718 40.39832 1.62483 175 175 175
3.04614 40.40257 1.73458 183 183 183
2.97994 40.39596 1.84140 181 181 181
2.90565 40.39968 1.94275 184 184 184
2.83072 40.39797 2.04355 182 182 182
2.75548 40.40415 2.14445 186 186 186
2.66546 40.39957 2.23257 184 184 184
2.58434 40.39867 2.32890 193 193 193
2.49062 40.39861 2.41284 187 187 187
2.39428 40.40214 2.49348 193 193 193
2.30496 40.39729 2.58285 194 194 194
2.19798 40.39712 2.64991 192 192 192
2.09764 40.40291 2.72570 191 191 191
1.99126 40.40004 2.79272 198 198 198
1.87873 40.39921 2.84900 192 192 192
1.76864 40.39787 2.90905 199 199 199
1.65696 40.39892 2.96632 194 194 194
1.54369 40.40000 3.02084 191 191 191
1.42819 40.39881 3.07090 197 197 197
1.30913 40.39693 3.11177 197 197 197
1.18824 40.39907 3.14677 195 195 195
1.06457 40.39875 3.17046 194 194 194
0.94253 40.40032 3.20002 192 192 192
0.81947 40.39686 3.22569 205 205 205
0.69429 40.39914 3.23764 198 198 198
0.56927 40.40038 3.24865 190 190 190
0.44409 40.40102 3.25787 204 204 204
0.31857 40.39985 3.26492 196 196 196
0.19270 40.40251 3.26654 188 188 188
0.06729 40.39842 3.25584 197 197 197
-0.05808 40.39968 3.24542 204 204 204
-0.18167 40.39727 3.22149 198 198 198
-0.30505 40.40112 3.19825 191 191 191
-0.42942 40.40220 3.17869 193 193 193
-0.55125 40.39859 3.14726 200 200 200
-0.66934 40.40188 3.10360 190 190 190
-0.78837 40.39756 3.06360 195 195 195
-0.90629 40.39840 3.02019 202 202 202
-1.02273 40.39896 2.97262 197 197 197
-1.13500 40.40485 2.91592 189 189 189
-1.24432 40.40372 2.85385 188 188 188
-1.35440 40.39718 2.79315 197 197 197
-1.46073 40.40116 2.72603 189 189 189
-1.56246 40.39717 2.65214 189 189 189
-1.66396 40.39932 2.57795 191 191 191
-1.75704 40.39855 2.49335 194 194 194
-1.85392 40.40199 2.41331 186 186 186
-1.94707 40.40254 2.32876 186 186 186
-2.02662 40.39850 2.23099 183 183 183
-2.11454 40.39986 2.14119 186 186 186
-2.19961 40.39727 2.04829 182 182 182
-2.27297 40.40449 1.94598 184 184 184
-2.34606 40.39799 1.84357 178 178 178
-2.40757 40.39857 1.73370 176 176 176
-2.47497 40.39864 1.62758 180 180 180
-2.53125 40.39754 1.51518 180 180 180
-2.59050 40.39868 1.40422 179 179 179
-2.63454 40.40386 1.28634 177 177 177
-2.68002 40.40347 1.16936 181 181 181
-2.72557 40.40090 1.05222 176 176 176
-2.76312 40.40342 0.93225 175 175 175
-2.79969 40.39671 0.81175 177 177 177
-2.81957 40.40143 0.68734 171 171 171
-2.84155 40.40197 0.56364 174 174 174
-2.86437 40.40217 0.43985 175 175 175
-2.87181 40.39827 0.31421 165 165 165
-2.88556 40.39988 0.18902 174 174 174
-2.88486 40.40548 0.06313 176 176 176
-2.87679 40.39835 -0.06242 172 172 172
-2.87212 40.39989 -0.18799 161 161 161
-2.84925 40.40106 -0.31181 169 169 169
-2.84282 40.39963 -0.43759 159 159 159
-2.81517 40.39662 -0.56021 161 161 161
-2.78572 40.39912 -0.68215 164 164 164
-2.75904 40.39922 -0.80485 164 164 164
-2.72866 40.40437 -0.92698 165 165 165
-2.67825 40.40258 -1.04246 165 165 165
-2.63804 40.39886 -1.16154 157 157 157
-2.58823 40.39722 -1.27692 160 160 160
-2.53200 40.40008 -1.38931 153 153 153
-2.47185 40.40083 -1.49958 161 161 161
-2.40683 40.39884 -1.60700 151 151 151
-2.34189 40.39988 -1.71454 150 150 150
-2.27043 40.40195 -1.81789 145 145 145
-2.19507 40.39669 -1.91846 145 145 145
-2.11800 40.39823 -2.01790 145 145 145
-2.03083 40.40084 -2.10864 144 144 144
-1.94777 40.39969 -2.20322 144 144 144
-1.85345 40.39736 -2.28654 144 144 144
-1.75853 40.40020 -2.36884 141 141 141
-1.66367 40.39453 -2.45133 145 145 145
-1.56466 40.40017 -2.52892 146 146 146
-1.45875 40.39875 -2.59681 143 143 143
-1.35500 40.39909 -2.66788 146 146 146
-1.24245 40.40290 -2.72426 137 137 137
-1.13277 40.39522 -2.78528 133 133 133
-1.02226 40.40225 -2.84535 145 145 145
-0.90958 40.39942 -2.90188 133 133 133
-0.78951 40.39864 -2.94045 142 142 142
-0.67018 40.39984 -2.97994 136 136 136
-0.54962 40.39600 -3.01524 137 137 137
-0.42888 40.39922 -3.05021 142 142 142
-0.30735 40.40211 -3.08357 140 140 140
-0.18174 40.39506 -3.09567 138 138 138
-0.05752 40.40042 -3.11438 138 138 138
0.06724 40.40123 -3.13025 140 140 140
0.19315 40.40111 -3.12901 146 146 146
0.31857 40.40414 -3.13633 141 141 141
0.44410 40.40028 -3.13183 135 135 135
0.56926 40.40044 -3.12224 141 141 141
0.69498 40.40080 -3.11722 137 137 137
0.82017 40.40243 -3.10390 134 134 134
0.94360 40.40425 -3.07915 144 144 144
1.06632 40.39836 -3.05149 137 137 137
1.18778 40.39868 -3.01887 137 137 137
1.30788 40.39620 -2.98168 138 138 138
1.42692 40.40356 -2.94120 138 138 138
1.54328 40.40014 -2.89361 143 143 143
1.65675 40.40279 -2.83961 144 144 144
1.77161 40.39849 -2.78863 140 140 140
1.88150 40.40077 -2.72769 140 140 140
1.99083 40.40006 -2.66577 142 142 142
2.09460 40.40002 -2.59490 147 147 147
2.19890 40.40337 -2.52494 139 139 139
2.29696 40.39953 -2.44646 147 147 147
2.39479 40.40279 -2.36783 150 150 150
2.48811 40.39877 -2.28388 151 151 151
2.57750 40.40275 -2.19581 144 144 144
2.66635 40.40195 -2.10714 154 154 154
2.75259 40.39616 -2.01573 145 145 145
2.82935 40.39812 -1.91621 150 150 150
2.91218 40.39778 -1.82125 154 154 154
2.97830 40.39940 -1.71405 154 154 154
3.04492 40.39752 -1.60759 146 146 146
3.10999 40.40154 -1.50015 160 160 160
3.16198 40.39792 -1.38567 148 148 148
3.22321 40.40370 -1.27593 154 154 154
3.27900 40.39566 -1.16313 154 154 154
3.32287 40.39924 -1.04522 162 162 162
3.35923 40.40467 -0.92485 161 161 161
3.39145 40.39799 -0.80352 160 160 160
3.42927 40.40324 -0.68369 156 156 156
3.44693 40.39860 -0.55914 156 156 156
3.48164 40.40122 -0.43786 165 165 165
3.49962 40.39898 -0.31338 165 165 165
3.50790 40.39745 -0.18788 169 169 169
3.51602 40.39886 -0.06250 174 174 174
3.51115 40.79932 0.06375 168 168 168
3.51171 40.80019 0.18945 176 176 176
3.49982 40.79858 0.31461 167 167 167
3.49336 40.80091 0.44025 171 171 171
3.47420 40.79701 0.56455 169 169 169
3.45074 40.79777 0.68802 172 172 172
3.42232 40.79938 0.81040 176 176 176
3.38858 40.80019 0.93135 177 177 177
3.35981 40.80071 1.05394 176 176 176
3.31305 40.79884 1.17078 167 167 167
3.27269 40.79818 1.28998 179 179 179
3.21778 40.79891 1.40319 178 178 178
3.16392 40.79633 1.51672 178 178 178
3.10552 40.79917 1.62803 184 184 184
3.04220 40.80175 1.73663 180 180 180
2.97125 40.79996 1.84040 188 188 188
2.90046 40.79898 1.94416 187 187 187
2.82659 40.80132 2.04585 179 179 179
2.74414 40.80166 2.14073 183 183 183
2.66031 40.80201 2.23423 182 182 182
2.57446 40.80332 2.32591 186 186 186
2.48199 40.80208 2.41090 191 191 191
2.39327 40.79994 2.50025 188 188 188
2.29199 40.80164 2.57497 184 184 184
2.19438 40.80342 2.65421 195 195 195
2.08789 40.80211 2.72109 193 193 193
1.98602 40.79787 2.79500 191 191 191
1.87549 40.79995 2.85501 196 196 196
1.76502 40.79866 2.91486 190 190 190
1.65168 40.80188 2.96907 196 196 196
1.53747 40.80039 3.02157 196 196 196
1.42064 40.79860 3.06802 196 196 196
1.29995 40.80204 3.10342 198 198 198
1.17969 40.79656 3.13927 193 193 193
1.05958 40.80070 3.17637 193 193 193
0.93578 40.80072 3.19819 195 195 195
0.81243 40.79972 3.22144 188 188 188
0.68760 40.79823 3.23464 199 199 199
0.56322 40.80009 3.25199 194 194 194
0.43770 40.79276 3.25521 199 199 199
0.31230 40.79950 3.26930 195 195 195
0.18689 40.80062 3.25574 195 195 195
0.06105 40.79834 3.25627 195 195 195
-0.06377 40.80663 3.24117 188 188 188
-0.18787 40.79582 3.22173 196 196 196
-0.31189 40.80214 3.20181 206 206 206
-0.43482 40.80412 3.17574 194 194 194
-0.55654 40.79801 3.14444 195 195 195
-0.67536 40.80288 3.10348 191 191 191
-0.79357 40.79926 3.06136 197 197 197
-0.91250 40.80122 3.02068 197 197 197
-1.02648 40.79656 2.96779 189 189 189
-1.14203 40.80059 2.91804 190 190 190
-1.25194 40.80159 2.85690 193 193 193
-1.35938 40.79696 2.79168 194 194 194
-1.46327 40.80522 2.72108 190 190 190
-1.56767 40.79924 2.65131 187 187 187
-1.67038 40.80444 2.57878 191 191 191
-1.76645 40.79913 2.49766 185 185 185
-1.86337 40.79856 2.41738 187 187 187
-1.95051 40.80349 2.32656 194 194 194
-2.03541 40.79816 2.23395 183 183 183
-2.11620 40.79597 2.13789 182 182 182
-2.20442 40.80161 2.04778 187 187 187
-2.27332 40.79999 1.94232 186 186 186
-2.34923 40.80106 1.84213 181 181 181
-2.42020 40.79889 1.73823 184 184 184
-2.47877 40.80035 1.62683 181 181 181
-2.54376 40.79969 1.51899 178 178 178
-2.59820 40.80160 1.40551 186 186 186
-2.64426 40.79952 1.28840 175 175 175
-2.69195 40.79836 1.17208 178 178 178
-2.73409 40.79837 1.05358 178 178 178
-2.76973 40.80236 0.93297 177 177 177
-2.80148 40.79995 0.81130 178 178 178
-2.82535 40.80025 0.68787 171 171 171
-2.85247 40.80232 0.56500 173 173 173
-2.86096 40.80192 0.43933 170 170 170
-2.87891 40.79977 0.31490 174 174 174
-2.87961 40.80031 0.18916 168 168 168
-2.88137 40.79818 0.06375 162 162 162
-2.87737 40.79839 -0.06157 172 172 172
-2.88071 40.80067 -0.18755 161 161 161
-2.86268 40.80035 -0.31203 167 167 167
-2.84149 40.79837 -0.43576 166 166 166
-2.82425 40.80074 -0.56015 164 164 164
-2.79949 40.79867 -0.68333 166 166 166
-2.76568 40.79634 -0.80433 161 161 161
-2.73180 40.79850 -0.92534 155 155 155
-2.69357 40.79909 -1.04517 160 160 160
-2.64303 40.80101 -1.16039 158 158 158
-2.60149 40.79617 -1.27953 148 148 148
-2.53405 40.80264 -1.38654 155 155 155
-2.48011 40.79949 -1.50008 160 160 160
-2.41337 40.79644 -1.60654 157 157 157
-2.34562 40.79607 -1.71222 158 158 158
-2.28093 40.79983 -1.82035 146 146 146
-2.20420 40.79856 -1.92010 151 151 151
-2.12534 40.79839 -2.01819 150 150 150
-2.03574 40.79841 -2.10676 148 148 148
-1.94980 40.80023 -2.19835 152 152 152
-1.85949 40.80288 -2.28568 147 147 147
-1.76607 40.79781 -2.36971 146 146 146
-1.66941 40.79826 -2.45005 141 141 141
-1.56658 40.80044 -2.52232 145 145 145
-1.46380 40.80441 -2.59438 142 142 142
-1.35561 40.79865 -2.65804 141 141 141
-1.25197 40.79785 -2.72946 144 144 144
-1.14017 40.79922 -2.78690 142 142 142
-1.02712 40.79813 -2.84170 144 144 144
-0.91084 40.79605 -2.88918 141 141 141
-0.79522 40.79866 -2.93834 144 144 144
-0.67752 40.80187 -2.98262 141 141 141
-0.55776 40.79775 -3.02126 134 134 134
-0.43445 40.79819 -3.04670 140 140 140
-0.31132 40.79960 -3.07141 138 138 138
-0.18870 40.80249 -3.09947 129 129 129
-0.06296 40.80001 -3.10689 144 144 144
0.06129 40.80112 -3.12565 147 147 147
0.18655 40.80227 -3.13698 140 140 140
0.31230 40.79654 -3.13631 141 141 141
0.43789 40.80137 -3.13252 138 138 138
0.56342 40.79411 -3.12702 141 141 141
0.68824 40.79992 -3.11254 140 140 140
0.81327 40.79924 -3.09921 146 146 146
0.93681 40.79933 -3.07587 146 146 146
1.05953 40.79893 -3.04867 143 143 143
1.18249 40.79938 -3.02171 138 138 138
1.30135 40.80203 -2.98023 139 139 139
1.41944 40.79965 -2.93726 140 140 140
1.53766 40.79986 -2.89453 139 139 139
1.65313 40.79514 -2.84472 144 144 144
1.76241 40.80193 -2.78223 137 137 137
1.87460 40.79923 -2.72593 140 140 140
1.98534 40.79610 -2.66639 145 145 145
2.08844 40.80005 -2.59442 149 149 149
2.19028 40.79629 -2.52106 144 144 144
2.29536 40.80044 -2.45175 147 147 147
2.38913 40.79794 -2.36790 147 147 147
2.48346 40.79533 -2.28499 144 144 144
2.57220 40.79951 -2.19615 148 148 148
2.66208 40.79869 -2.10836 150 150 150
2.74880 40.79759 -2.01721 148 148 148
2.82674 40.80081 -1.91847 149 149 149
2.90157 40.80033 -1.81746 152 152 152
2.97211 40.80055 -1.71348 151 151 151
3.04263 40.79927 -1.60940 159 159 159
3.09866 40.80027 -1.49669 154 154 154
3.16399 40.79521 -1.38926 155 155 155
3.21530 40.80129 -1.27455 153 153 153
3.26747 40.79747 -1.16032 155 155 155
3.31100 40.80056 -1.04253 156 156 156
3.36087 40.79942 -0.92679 157 157 157
3.38784 40.80125 -0.80364 154 154 154
3.42403 40.80330 -0.68331 159 159 159
3.44929 40.80535 -0.56024 163 163 163
3.47369 40.80153 -0.43696 168 168 168
3.48756 40.80264 -0.31207 163 163 163
3.49778 40.80084 -0.18695 167 167 167
3.50529 40.80144 -0.06170 163 163 163
3.50634 41.20181 0.06438 169 169 169
3.50560 41.19961 0.19009 168 168 168
3.49670 41.20011 0.31550 167 167 167
3.48276 41.19800 0.44038 171 171 171
3.47219 41.19952 0.56587 175 175 175
3.44704 41.20478 0.68919 173 173 173
3.41404 41.20020 0.81058 170 170 170
3.38210 41.19915 0.93196 175 175 175
3.34990 41.19971 1.05343 170 170 170
3.30737 41.20376 1.17168 173 173 173
3.26181 41.19555 1.28876 176 176 176
3.21533 41.19811 1.40565 182 182 182
3.16058 41.19498 1.51891 183 183 183
3.09618 41.19629 1.62701 176 176 176
3.03585 41.20043 1.73730 184 184 184
2.96417 41.19867 1.84059 184 184 184
2.89801 41.19415 1.94767 188 188 188
2.82286 41.20079 2.04860 187 187 187
2.73582 41.20131 2.13973 190 190 190
2.65458 41.19604 2.23549 187 187 187
2.56560 41.19980 2.32409 188 188 188
2.47538 41.20091 2.41132 189 189 189
2.38328 41.19672 2.49669 180 180 180
2.28607 41.20275 2.57623 194 194 194
2.18616 41.19723 2.65235 192 192 192
2.08553 41.19833 2.72781 192 192 192
1.97811 41.20262 2.79319 186 186 186
1.87369 41.19949 2.86389 190 190 190
1.75896 41.19784 2.91620 181 181 181
1.64729 41.20081 2.97411 187 187 187
1.53078 41.20209 3.02153 198 198 198
1.41211 41.19776 3.06294 194 194 194
1.29357 41.20122 3.10415 195 195 195
1.17424 41.19948 3.14332 196 196 196
1.05237 41.19898 3.17371 196 196 196
0.92948 41.20453 3.19942 201 201 201
0.80616 41.19901 3.22297 199 199 199
0.68244 41.20166 3.24592 193 193 193
0.55662 41.19953 3.25027 191 191 191
0.43139 41.19772 3.25876 195 195 195
0.30588 41.20093 3.27013 186 186 186
0.18021 41.19989 3.26305 197 197 197
0.05533 41.20180 3.24800 194 194 194
-0.06917 41.20248 3.23323 196 196 196
-0.19437 41.20353 3.22283 201 201 201
-0.31851 41.19879 3.20340 200 200 200
-0.44092 41.19967 3.17502 193 193 193
-0.56179 41.20004 3.14091 196 196 196
-0.68492 41.20166 3.11375 198 198 198
-0.80143 41.19774 3.06589 199 199 199
-0.91757 41.19539 3.01807 193 193 193
-1.03483 41.20199 2.97261 190 190 190
-1.14718 41.19724 2.91617 185 185 185
-1.25663 41.19950 2.85444 197 197 197
-1.36614 41.20391 2.79287 191 191 191
-1.47221 41.19701 2.72547 189 189 189
-1.57391 41.20077 2.65169 189 189 189
-1.67324 41.19886 2.57488 188 188 188
-1.77445 41.19941 2.50013 191 191 191
-1.86343 41.19901 2.41112 185 185 185
-1.95757 41.20173 2.32782 178 178 178
-2.04548 41.20101 2.23796 180 180 180
-2.12532 41.20025 2.14082 185 185 185
-2.20889 41.19925 2.04686 185 185 185
-2.28374 41.20159 1.94585 192 192 192
-2.35442 41.20376 1.84194 182 182 182
-2.42706 41.19824 1.73912 185 185 185
-2.48989 41.19647 1.63008 181 181 181
-2.54213 41.20411 1.51551 181 181 181
-2.59718 41.19653 1.40271 175 175 175
-2.65045 41.20161 1.28893 176 176 176
-2.69847 41.19730 1.17274 187 187 187
-2.73541 41.19948 1.05255 177 177 177
-2.77887 41.19885 0.93437 178 178 178
-2.80936 41.19629 0.81228 177 177 177
-2.82943 41.19516 0.68803 176 176 176
-2.84929 41.19846 0.56411 182 182 182
-2.87259 41.19557 0.44057 171 171 171
-2.88046 41.20198 0.31515 177 177 177
-2.88642 41.19965 0.18980 175 175 175
-2.89186 41.19960 0.06438 177 177 177
-2.89151 41.20287 -0.06125 164 164 164
-2.88870 41.19872 -0.18704 168 168 168
-2.87756 41.20079 -0.31241 165 165 165
-2.85496 41.20111 -0.43625 166 166 166
-2.83778 41.19996 -0.56094 165 165 165
-2.81065 41.19660 -0.68384 158 158 158
-2.77518 41.20101 -0.80458 162 162 162
-2.73871 41.20201 -0.92487 158 158 158
-2.69565 41.20285 -1.04295 159 159 159
-2.64726 41.20239 -1.15886 154 154 154
-2.59221 41.19690 -1.27167 162 162 162
-2.54575 41.20527 -1.38861 154 154 154
-2.48413 41.19890 -1.49811 156 156 156
-2.42323 41.20128 -1.60803 151 151 151
-2.35404 41.20266 -1.71293 148 148 148
-2.28170 41.20359 -1.81562 155 155 155
-2.20372 41.20082 -1.91404 155 155 155
-2.13019 41.19822 -2.01623 146 146 146
-2.04490 41.20042 -2.10867 149 149 149
-1.95436 41.19903 -2.19587 144 144 144
-1.86710 41.19854 -2.28634 144 144 144
-1.77199 41.19957 -2.36850 149 149 149
-1.67603 41.19692 -2.44967 141 141 141
-1.57417 41.19754 -2.52330 141 141 141
-1.47253 41.19966 -2.59722 140 140 140
-1.36844 41.20120 -2.66788 144 144 144
-1.25768 41.20061 -2.72757 147 147 147
-1.14446 41.20198 -2.78208 141 141 141
-1.03080 41.20077 -2.83512 146 146 146
-0.91918 41.19658 -2.89320 136 136 136
-0.80117 41.19844 -2.93643 145 145 145
-0.68404 41.19439 -2.98230 143 143 143
-0.56241 41.19942 -3.01436 140 140 140
-0.44087 41.19831 -3.04607 132 132 132
-0.31868 41.20096 -3.07550 141 141 141
-0.19401 41.20316 -3.09181 137 137 137
-0.07062 41.20090 -3.11671 141 141 141
0.05522 41.19942 -3.12065 143 143 143
0.18023 41.20398 -3.13372 135 135 135
0.30588 41.20224 -3.13441 141 141 141
0.43172 41.19874 -3.13842 136 136 136
0.55677 41.19932 -3.12346 139 139 139
0.68150 41.19974 -3.10921 140 140 140
0.80689 41.20083 -3.09886 140 140 140
0.93021 41.20097 -3.07433 144 144 144
1.05122 41.19922 -3.04017 136 136 136
1.17543 41.19956 -3.01879 137 137 137
1.29466 41.20140 -2.97875 133 133 133
1.41242 41.19944 -2.93502 141 141 141
1.52791 41.20255 -2.88586 141 141 141
1.64400 41.19397 -2.83823 149 149 149
1.75957 41.20478 -2.78864 148 148 148
1.87186 41.19869 -2.73187 146 146 146
1.97790 41.20203 -2.66410 141 141 141
2.08109 41.19935 -2.59241 136 136 136
2.18684 41.20366 -2.52454 140 140 140
2.28570 41.19609 -2.44701 146 146 146
2.38320 41.20032 -2.36785 145 145 145
2.47841 41.19923 -2.28585 145 145 145
2.56748 41.19804 -2.19722 147 147 147
2.65424 41.20333 -2.10642 148 148 148
2.74254 41.20154 -2.01673 146 146 146
2.81766 41.19539 -1.91575 143 143 143
2.89226 41.19864 -1.81474 148 148 148
2.96784 41.20011 -1.71428 156 156 156
3.03686 41.19745 -1.60917 154 154 154
3.09883 41.19874 -1.49975 155 155 155
3.15809 41.20247 -1.38890 149 149 149
3.20999 41.20082 -1.27444 154 154 154
3.25917 41.20237 -1.15892 161 161 161
3.31027 41.20024 -1.04400 155 155 155
3.35235 41.20080 -0.92548 153 153 153
3.38942 41.20701 -0.80527 161 161 161
3.41604 41.20469 -0.68231 162 162 162
3.44344 41.19877 -0.55972 158 158 158
3.47026 41.20005 -0.43681 166 166 166
3.48969 41.19974 -0.31245 163 163 163
3.51013 41.20110 -0.18780 161 161 161
3.49852 41.20052 -0.06106 165 165 165
3.50092 41.59573 0.06500 172 172 172
3.50182 41.59854 0.19083 172 172 172
3.49434 41.60121 0.31645 175 175 175
3.47595 41.59973 0.44098 175 175 175
3.46497 41.59760 0.56639 178 178 178
3.44126 41.60067 0.68997 166 166 166
3.41570 41.59993 0.81318 174 174 174
3.37886 41.59945 0.93352 176 176 176
3.34093 41.60119 1.05328 175 175 175
3.30374 41.60115 1.17340 173 173 173
3.25911 41.60235 1.29099 175 175 175
3.20377 41.60199 1.40398 173 173 173
3.15249 41.60336 1.51877 180 180 180
3.09027 41.59630 1.62801 180 180 180
3.03196 41.60160 1.73957 180 180 180
2.96615 41.59851 1.84693 186 186 186
2.88723 41.60012 1.94524 183 183 183
2.80881 41.59950 2.04333 177 177 177
2.73795 41.60044 2.14779 182 182 182
2.64706 41.60209 2.23524 184 184 184
2.56412 41.60262 2.32982 184 184 184
2.47509 41.59995 2.41875 183 183 183
2.38179 41.60152 2.50327 191 191 191
2.27934 41.59766 2.57666 195 195 195
2.17833 41.59746 2.65125 194 194 194
2.07661 41.59533 2.72492 195 195 195
1.96998 41.60061 2.79130 189 189 189
1.86404 41.59658 2.85902 189 189 189
1.75219 41.60143 2.91644 190 190 190
1.64082 41.60134 2.97496 193 193 193
1.52542 41.60169 3.02510 200 200 200
1.40792 41.60114 3.07003 190 190 190
1.28916 41.59890 3.11144 198 198 198
1.16799 41.59978 3.14512 197 197 197
1.04632 41.59897 3.17652 188 188 188
0.92405 41.59939 3.20577 194 194 194
0.80068 41.60194 3.23056 189 189 189
0.67534 41.59982 3.24204 196 196 196
0.55140 41.59668 3.26814 200 200 200
0.42524 41.59439 3.27023 193 193 193
0.29931 41.59794 3.26457 190 190 190
0.17365 41.60081 3.26318 198 198 198
0.04880 41.59952 3.24799 192 192 192
-0.07756 41.60130 3.24917 192 192 192
-0.20099 41.60138 3.22376 195 195 195
-0.32656 41.59763 3.21146 196 196 196
-0.44753 41.59795 3.17580 194 194 194
-0.57027 41.59739 3.14829 201 201 201
-0.68990 41.59641 3.10946 206 206 206
-0.80972 41.59871 3.07116 188 188 188
-0.92742 41.60123 3.02657 191 191 191
-1.04133 41.59771 2.97308 197 197 197
-1.15028 41.59954 2.90998 195 195 195
-1.26668 41.59743 2.86127 182 182 182
-1.37498 41.60129 2.79719 190 190 190
-1.47704 41.59676 2.72349 188 188 188
-1.58241 41.59973 2.65497 184 184 184
-1.68239 41.60088 2.57878 186 186 186
-1.77708 41.60079 2.49614 186 186 186
-1.87411 41.59876 2.41619 186 186 186
-1.96638 41.59999 2.33069 186 186 186
-2.04804 41.59912 2.23487 184 184 184
-2.13116 41.59808 2.14082 179 179 179
-2.21653 41.60156 2.04832 180 180 180
-2.29183 41.60308 1.94757 179 179 179
-2.36174 41.59994 1.84306 184 184 184
-2.42791 41.60305 1.73624 190 190 190
-2.49348 41.59733 1.62904 177 177 177
-2.55558 41.60147 1.51964 179 179 179
-2.60974 41.60049 1.40609 185 185 185
-2.65789 41.59697 1.28991 177 177 177
-2.70623 41.59848 1.17380 172 172 172
-2.74210 41.59989 1.05321 176 176 176
-2.78929 41.60036 0.93608 176 176 176
-2.81357 41.60437 0.81234 179 179 179
-2.83852 41.60143 0.68915 172 172 172
-2.86905 41.59857 0.56682 169 169 169
-2.88109 41.59774 0.44142 176 176 176
-2.89378 41.60009 0.31630 170 170 170
-2.89573 41.59880 0.19053 175 175 175
-2.90773 41.60252 0.06500 170 170 170
-2.89971 41.59751 -0.06069 163 163 163
-2.89317 41.59834 -0.18625 171 171 171
-2.87511 41.59986 -0.31072 169 169 169
-2.86082 41.60382 -0.43551 161 161 161
-2.83308 41.60145 -0.55807 163 163 163
-2.81302 41.59580 -0.68220 160 160 160
-2.78210 41.59959 -0.80405 159 159 159
-2.74799 41.60435 -0.92513 163 163 163
-2.69953 41.60407 -1.04133 161 161 161
-2.65954 41.59881 -1.16059 161 161 161
-2.60331 41.59469 -1.27312 153 153 153
-2.54886 41.59916 -1.38621 159 159 159
-2.49589 41.60189 -1.50039 152 152 152
-2.42751 41.60016 -1.60599 151 151 151
-2.36394 41.60058 -1.71452 143 143 143
-2.28384 41.59903 -1.81177 147 147 147
-2.21348 41.59588 -1.91592 150 150 150
-2.13871 41.59725 -2.01727 155 155 155
-2.05162 41.59358 -2.10818 158 158 158
-1.96344 41.59961 -2.19775 149 149 149
-1.87504 41.59865 -2.28719 150 150 150
-1.77799 41.60020 -2.36720 149 149 149
-1.68292 41.59958 -2.44945 145 145 145
-1.58042 41.59903 -2.52223 143 143 143
-1.47793 41.60035 -2.59483 138 138 138
-1.37534 41.60058 -2.66777 143 143 143
-1.26680 41.59958 -2.73149 145 145 145
-1.15573 41.59754 -2.79067 137 137 137
-1.03967 41.59833 -2.83948 139 139 139
-0.92453 41.60278 -2.88960 148 148 148
-0.80953 41.60388 -2.94064 141 141 141
-0.69096 41.59744 -2.98273 143 143 143
-0.57036 41.60229 -3.01863 139 139 139
-0.44607 41.59992 -3.03974 148 148 148
-0.32504 41.59895 -3.07383 141 141 141
-0.20074 41.60253 -3.09217 142 142 142
-0.07684 41.60105 -3.11304 138 138 138
0.04778 41.60064 -3.13096 135 135 135
0.17361 41.60101 -3.13418 144 144 144
0.29931 41.59923 -3.14025 135 135 135
0.42501 41.59947 -3.13426 139 139 139
0.55058 41.59747 -3.12770 145 145 145
0.67528 41.59955 -3.11153 134 134 134
0.79972 41.60003 -3.09447 139 139 139
0.92379 41.59933 -3.07447 145 145 145
1.04732 41.59971 -3.05070 129 129 129
1.16903 41.60016 -3.01881 140 140 140
1.28648 41.59735 -2.97319 140 140 140
1.40776 41.60136 -2.93958 138 138 138
1.52382 41.60056 -2.89124 136 136 136
1.63807 41.60032 -2.83901 138 138 138
1.75409 41.60249 -2.79018 138 138 138
1.86457 41.59949 -2.72997 147 147 147
1.97405 41.59998 -2.66794 136 136 136
2.07656 41.59933 -2.59485 138 138 138
2.18137 41.60681 -2.52544 139 139 139
2.27938 41.60083 -2.44670 142 142 142
2.37837 41.59779 -2.36927 145 145 145
2.47600 41.59785 -2.28973 150 150 150
2.56748 41.59741 -2.20318 155 155 155
2.65004 41.60307 -2.10799 146 146 146
2.73467 41.60171 -2.01500 149 149 149
2.81163 41.60152 -1.91555 149 149 149
2.88756 41.59939 -1.81547 141 141 141
2.95882 41.59916 -1.71203 156 156 156
3.02717 41.60137 -1.60663 146 146 146
3.09470 41.59481 -1.50049 155 155 155
3.14455 41.60533 -1.38472 156 156 156
3.20411 41.60190 -1.27413 160 160 160
3.25501 41.59938 -1.15929 155 155 155
3.29481 41.59856 -1.04010 161 161 161
3.34345 41.59981 -0.92410 156 156 156
3.37886 41.59974 -0.80352 164 164 164
3.41033 41.59866 -0.68189 164 164 164
3.44031 41.59659 -0.55978 159 159 159
3.46334 41.59873 -0.43613 168 168 168
3.47653 41.59990 -0.31105 171 171 171
3.48704 41.59836 -0.18588 168 168 168
3.49513 41.60413 -0.06056 165 165 165
3.49118 42.00022 0.06563 171 171 171
3.49143 41.99683 0.19131 166 166 166
3.48698 42.00186 0.31703 175 175 175
3.47232 42.00022 0.44197 177 177 177
3.45678 41.99988 0.56679 169 169 169
3.43448 42.00400 0.69059 173 173 173
3.40122 42.00123 0.81194 173 173 173
3.37386 42.00342 0.93464 171 171 171
3.32701 41.99881 1.05157 179 179 179
3.29736 41.99945 1.17415 179 179 179
3.25163 41.99895 1.29130 176 176 176
3.19742 41.99690 1.40477 178 178 178
3.14162 42.00223 1.51728 182 182 182
3.08792 42.00024 1.63109 182 182 182
3.01972 42.00211 1.73682 190 190 190
2.95553 41.99925 1.84495 187 187 187
2.88256 42.00300 1.94736 185 185 185
2.80465 42.00078 2.04598 185 185 185
2.72327 41.99753 2.14163 189 189 189
2.64474 42.00032 2.23994 177 177 177
2.55696 42.00201 2.33001 190 190 190
2.46054 41.99952 2.41091 190 190 190
2.37550 41.99902 2.50441 186 186 186
2.27576 41.99895 2.58127 186 186 186
2.17694 41.99866 2.65923 190 190 190
2.06940 42.00460 2.72483 200 200 200
1.96570 41.99533 2.79592 190 190 190
1.86110 42.00023 2.86643 203 203 203
1.74379 41.99802 2.91378 195 195 195
1.63378 41.99686 2.97492 190 190 190
1.51935 41.99699 3.02731 191 191 191
1.40022 42.00078 3.06801 190 190 190
1.28128 41.99578 3.10852 196 196 196
1.16108 41.99876 3.14509 191 191 191
1.03933 42.00338 3.17605 196 196 196
0.91567 42.00280 3.19811 193 193 193
0.79326 41.99908 3.22681 185 185 185
0.66889 41.99587 3.24503 200 200 200
0.54368 42.00191 3.25618 196 196 196
0.41828 41.99842 3.26485 198 198 198
0.29258 42.00032 3.26898 197 197 197
0.16706 42.00090 3.26033 197 197 197
0.04113 42.00221 3.26058 192 192 192
-0.08302 42.00091 3.23902 199 199 199
-0.20936 42.00142 3.23477 193 193 193
-0.33198 42.00114 3.20550 201 201 201
-0.45468 42.00169 3.17819 197 197 197
-0.57724 42.00221 3.14978 190 190 190
-0.69677 41.99881 3.11052 191 191 191
-0.81415 41.99745 3.06554 190 190 190
-0.93129 41.99947 3.02031 198 198 198
-1.04874 41.99907 2.97517 191 191 191
-1.15998 41.99972 2.91644 194 194 194
-1.26989 42.00090 2.85561 193 193 193
-1.37988 42.00014 2.79483 192 192 192
-1.48510 42.00249 2.72610 187 187 187
-1.58736 41.99752 2.65314 196 196 196
-1.68610 42.00197 2.57556 188 188 188
-1.79227 41.99835 2.50667 193 193 193
-1.87750 41.99757 2.41321 188 188 188
-1.96447 42.00417 2.32267 185 185 185
-2.05813 41.99662 2.23860 189 189 189
-2.14165 42.00008 2.14465 186 186 186
-2.21905 41.99756 2.04564 192 192 192
-2.29977 42.00090 1.94908 177 177 177
-2.36405 42.00173 1.84072 179 179 179
-2.43263 42.00112 1.73564 177 177 177
-2.49791 42.00024 1.62837 172 172 172
-2.55969 41.99810 1.51893 185 185 185
-2.61664 42.00035 1.40679 172 172 172
-2.66357 41.99442 1.29010 179 179 179
-2.71000 42.00367 1.17334 177 177 177
-2.74361 42.00173 1.05214 183 183 183
-2.78453 42.00180 0.93346 169 169 169
-2.82943 41.99780 0.81515 168 168 168
-2.84691 41.99854 0.69011 171 171 171
-2.87257 41.99991 0.56694 173 173 173
-2.89194 41.99934 0.44254 175 175 175
-2.90128 41.99501 0.31699 169 169 169
-2.90782 42.00540 0.19137 159 159 159
-2.90790 41.99813 0.06563 172 172 172
-2.90926 41.99928 -0.06018 164 164 164
-2.89431 42.00346 -0.18519 163 163 163
-2.88845 42.00142 -0.31087 165 165 165
-2.86640 41.99576 -0.43471 160 160 160
-2.85154 42.00023 -0.55978 160 160 160
-2.81693 42.00067 -0.68090 161 161 161
-2.78775 41.99942 -0.80312 157 157 157
-2.75166 42.00033 -0.92351 156 156 156
-2.70691 41.99684 -1.04094 158 158 158
-2.66660 42.00094 -1.16011 150 150 150
-2.61299 41.99930 -1.27386 153 153 153
-2.55956 41.99663 -1.38761 156 156 156
-2.50323 41.99894 -1.50010 154 154 154
-2.43854 41.99703 -1.60801 146 146 146
-2.36976 42.00254 -1.71330 148 148 148
-2.29513 41.99522 -1.81446 155 155 155
-2.21756 42.00077 -1.91321 149 149 149
-2.14129 41.99977 -2.01309 154 154 154
-2.05502 42.00196 -2.10447 148 148 148
-1.96793 42.00010 -2.19488 141 141 141
-1.87377 42.00038 -2.27792 151 151 151
-1.78628 41.99741 -2.36841 140 140 140
-1.68828 41.99786 -2.44708 146 146 146
-1.58956 41.99858 -2.52491 150 150 150
-1.48423 41.99899 -2.59356 146 146 146
-1.37775 41.99683 -2.66011 143 143 143
-1.27456 41.99874 -2.73270 151 151 151
-1.15876 42.00027 -2.78279 145 145 145
-1.04897 41.99551 -2.84442 139 139 139
-0.93179 42.00195 -2.89027 141 141 141
-0.81461 41.99861 -2.93554 137 137 137
-0.69753 42.00213 -2.98162 147 147 147
-0.57692 41.99931 -3.01737 147 147 147
-0.45294 41.99885 -3.03970 140 140 140
-0.33119 41.99820 -3.07028 129 129 129
-0.20816 42.00043 -3.09592 134 134 134
-0.08391 41.99368 -3.11534 143 143 143
0.04197 41.99634 -3.11871 137 137 137
0.16697 42.00161 -3.13133 132 132 132
0.29258 41.99862 -3.12881 139 139 139
0.41823 42.00344 -3.13243 145 145 145
0.54376 41.99849 -3.12599 143 143 143
0.66820 42.00285 -3.10799 141 141 141
0.79365 41.99929 -3.09802 148 148 148
0.91866 41.99723 -3.08188 137 137 137
1.03978 42.00218 -3.04669 140 140 140
1.16002 42.00281 -3.01009 139 139 139
1.28203 42.00014 -2.97959 139 139 139
1.40039 42.00051 -2.93722 148 148 148
1.51691 41.99964 -2.89018 139 139 139
1.63239 41.99753 -2.84065 138 138 138
1.74510 42.00179 -2.78511 140 140 140
1.85687 41.99971 -2.72762 146 146 146
1.96550 42.00188 -2.66434 141 141 141
2.07435 41.99820 -2.60098 152 152 152
2.17428 42.00316 -2.52432 141 141 141
2.27446 41.99495 -2.44837 143 143 143
2.37080 42.00002 -2.36766 151 151 151
2.46477 41.99961 -2.28424 151 151 151
2.55385 42.00158 -2.19565 149 149 149
2.64263 41.99965 -2.10674 148 148 148
2.72698 41.99954 -2.01355 152 152 152
2.80803 42.00334 -1.91740 148 148 148
2.88319 42.00219 -1.81656 146 146 146
2.95469 42.00023 -1.71314 150 150 150
3.01549 41.99882 -1.60298 151 151 151
3.08651 42.00225 -1.49905 158 158 158
3.14459 41.99406 -1.38755 162 162 162
3.19895 41.99769 -1.27423 158 158 158
3.25153 41.99849 -1.16001 154 154 154
3.29660 42.00511 -1.04262 151 151 151
3.34195 41.99824 -0.92517 165 165 165
3.36978 42.00035 -0.80223 152 152 152
3.40769 41.99552 -0.68225 164 164 164
3.43196 41.99851 -0.55884 156 156 156
3.44831 42.00064 -0.43419 167 167 167
3.46639 41.99765 -0.31002 158 158 158
3.48022 42.00252 -0.18525 164 164 164
3.49332 41.99828 -0.06013 167 167 167
3.48587 42.40187 0.06625 170 170 170
3.48039 42.39753 0.19177 176 176 176
3.47674 42.39780 0.31739 164 164 164
3.46842 42.40422 0.44295 173 173 173
3.45239 42.39788 0.56780 170 170 170
3.42693 42.40264 0.69108 172 172 172
3.39273 42.40117 0.81218 165 165 165
3.36481 42.40173 0.93465 173 173 173
3.32813 42.39734 1.05479 166 166 166
3.28855 42.40139 1.17406 180 180 180
3.24436 42.39812 1.29177 176 176 176
3.19342 42.39880 1.40673 181 181 181
3.14034 42.40705 1.52076 177 177 177
3.07614 42.40057 1.62897 186 186 186
3.01715 42.39677 1.74008 184 184 184
2.94995 42.39834 1.84645 191 191 191
2.87515 42.39807 1.94760 190 190 190
2.80269 42.39969 2.05048 187 187 187
2.72314 42.39970 2.14802 188 188 188
2.63690 42.40263 2.23967 185 185 185
2.54976 42.39782 2.33031 181 181 181
2.45704 42.39997 2.41519 188 188 188
2.36512 42.40107 2.50093 197 197 197
2.26715 42.39756 2.57970 191 191 191
2.16408 42.40110 2.65162 183 183 183
2.06177 42.39859 2.72432 190 190 190
1.95554 42.40096 2.79118 192 192 192
1.85032 42.40130 2.86007 193 193 193
1.73908 42.39527 2.91867 191 191 191
1.62538 42.39987 2.97223 195 195 195
1.50905 42.39585 3.01967 190 190 190
1.39367 42.39908 3.06952 200 200 200
1.27653 42.39450 3.11569 192 192 192
1.15460 42.39676 3.14713 203 203 203
1.03271 42.40077 3.17776 193 193 193
0.91021 42.40172 3.20586 203 203 203
0.78594 42.39920 3.22463 197 197 197
0.66208 42.40234 3.24622 193 193 193
0.53692 42.40060 3.25831 196 196 196
0.41133 42.39654 3.26370 196 196 196
0.28570 42.39645 3.26773 194 194 194
0.16039 42.40073 3.25559 191 191 191
0.03432 42.40021 3.26036 192 192 192
-0.08907 42.40118 3.23268 199 199 199
-0.21487 42.40250 3.22676 201 201 201
-0.33802 42.39715 3.20193 203 203 203
-0.46145 42.40307 3.17837 194 194 194
-0.58289 42.40049 3.14606 191 191 191
-0.70387 42.39848 3.11185 191 191 191
-0.82153 42.40328 3.06753 195 195 195
-0.94057 42.40032 3.02674 189 189 189
-1.05267 42.40394 2.96941 190 190 190
-1.16578 42.40110 2.91495 196 196 196
-1.27508 42.40213 2.85323 200 200 200
-1.38771 42.39845 2.79701 199 199 199
-1.49385 42.39922 2.72953 189 189 189
-1.59858 42.40504 2.65973 199 199 199
-1.69731 42.40005 2.58169 189 189 189
-1.78886 42.39490 2.49525 188 188 188
-1.88324 42.39629 2.41260 187 187 187
-1.97882 42.40342 2.33077 186 186 186
-2.06290 42.39913 2.23727 193 193 193
-2.15068 42.40113 2.14712 185 185 185
-2.22505 42.39672 2.04557 195 195 195
-2.29684 42.40054 1.94258 182 182 182
-2.37816 42.40236 1.84618 180 180 180
-2.44256 42.40179 1.73813 183 183 183
-2.50949 42.40133 1.63163 186 186 186
-2.56152 42.39885 1.51698 186 186 186
-2.62200 42.39855 1.40672 175 175 175
-2.66853 42.39872 1.28993 172 172 172
-2.71329 42.40284 1.17263 180 180 180
-2.75953 42.39913 1.05571 174 174 174
-2.79410 42.40033 0.93484 176 176 176
-2.83031 42.39994 0.81434 175 175 175
-2.85107 42.39886 0.69019 173 173 173
-2.87316 42.39866 0.56657 174 174 174
-2.88974 42.40051 0.44209 166 166 166
-2.91219 42.39886 0.31793 172 172 172
-2.91400 42.40276 0.19197 166 166 166
-2.91472 42.40055 0.06625 168 168 168
-2.91363 42.39879 -0.05945 168 168 168
-2.90622 42.39808 -0.18496 168 168 168
-2.89478 42.40502 -0.31019 167 167 167
-2.87351 42.40359 -0.43412 160 160 160
-2.84580 42.39858 -0.55664 160 160 160
-2.83329 42.39891 -0.68255 156 156 156
-2.78823 42.40084 -0.80069 157 157 157
-2.75643 42.40225 -0.92220 164 164 164
-2.71387 42.39953 -1.04035 164 164 164
-2.67121 42.40065 -1.15854 150 150 150
-2.61693 42.40116 -1.27188 156 156 156
-2.56215 42.39993 -1.38480 154 154 154
-2.51050 42.40021 -1.49970 153 153 153
-2.44357 42.40066 -1.60625 157 157 157
-2.37603 42.40191 -1.71226 150 150 150
-2.29879 42.39980 -1.81149 152 152 152
-2.22588 42.40176 -1.91372 150 150 150
-2.14265 42.39661 -2.00776 147 147 147
-2.06120 42.39880 -2.10320 151 151 151
-1.97784 42.39939 -2.19729 156 156 156
-1.88793 42.40079 -2.28517 150 150 150
-1.79082 42.39981 -2.36505 145 145 145
-1.69738 42.39944 -2.44928 149 149 149
-1.59488 42.39972 -2.52215 141 141 141
-1.49240 42.40665 -2.59487 141 141 141
-1.38630 42.40249 -2.66220 145 145 145
-1.27799 42.40276 -2.72591 142 142 142
-1.16585 42.40288 -2.78258 140 140 140
-1.05521 42.39957 -2.84242 143 143 143
-0.93900 42.40164 -2.89045 139 139 139
-0.82032 42.40109 -2.93174 141 141 141
-0.70301 42.39837 -2.97670 142 142 142
-0.58337 42.39794 -3.01526 141 141 141
-0.46123 42.39997 -3.04493 136 136 136
-0.33834 42.39828 -3.07100 141 141 141
-0.21450 42.40133 -3.09191 144 144 144
-0.09055 42.40384 -3.11269 140 140 140
0.03460 42.39776 -3.12432 138 138 138
0.16004 42.39539 -3.13207 143 143 143
0.28570 42.39938 -3.12906 141 141 141
0.41140 42.39734 -3.13312 141 141 141
0.53671 42.40064 -3.12315 135 135 135
0.66165 42.40139 -3.11010 142 142 142
0.78477 42.40006 -3.08477 137 137 137
0.90922 42.39778 -3.06841 142 142 142
1.03378 42.40130 -3.04973 133 133 133
1.15327 42.39673 -3.00992 138 138 138
1.27396 42.39543 -2.97531 141 141 141
1.39258 42.39775 -2.93407 133 133 133
1.50839 42.39724 -2.88557 142 142 142
1.62378 42.40175 -2.83626 138 138 138
1.73966 42.39938 -2.78731 143 143 143
1.84975 42.40092 -2.72657 140 140 140
1.95858 42.40101 -2.66364 147 147 147
2.06130 42.39907 -2.59112 146 146 146
2.16589 42.40035 -2.52160 133 133 133
2.26581 42.39966 -2.44550 147 147 147
2.35830 42.40140 -2.36045 141 141 141
2.45609 42.39921 -2.28167 145 145 145
2.54863 42.40052 -2.19667 145 145 145
2.63580 42.40005 -2.10616 151 151 151
2.72003 42.39658 -2.01286 151 151 151
2.80096 42.40286 -1.91662 146 146 146
2.87930 42.39787 -1.81811 152 152 152
2.94863 42.39720 -1.71306 143 143 143
3.01916 42.40084 -1.60881 144 144 144
3.07374 42.39936 -1.49513 156 156 156
3.13949 42.39976 -1.38783 154 154 154
3.19104 42.39533 -1.27313 163 163 163
3.24179 42.40159 -1.15820 165 165 165
3.28880 42.39899 -1.04165 156 156 156
3.32632 42.39911 -0.92171 156 156 156
3.36601 42.39866 -0.80249 169 169 169
3.39905 42.40268 -0.68120 159 159 159
3.42421 42.39867 -0.55804 159 159 159
3.44813 42.39969 -0.43463 162 162 162
3.46378 42.39901 -0.30990 170 170 170
3.48334 42.39720 -0.18541 165 165 165
3.48515 42.39513 -0.05946 177 177 177
3.48305 42.79959 0.06688 162 162 162
3.47634 42.79918 0.19251 166 166 166
3.47087 42.80009 0.31811 170 170 170
3.45407 42.80125 0.44271 178 178 178
3.43150 42.80313 0.56623 173 173 173
3.41469 42.79841 0.69067 176 176 176
3.39027 42.80299 0.81390 173 173 173
3.35891 42.79807 0.93559 180 180 180
3.32618 42.80050 1.05707 173 173 173
3.28270 42.80073 1.17512 178 178 178
3.23229 42.79829 1.29030 178 178 178
3.18414 42.80366 1.40631 185 185 185
3.13167 42.80290 1.52055 180 180 180
3.06888 42.80384 1.62946 174 174 174
3.00698 42.79839 1.73878 185 185 185
2.93929 42.80223 1.84464 178 178 178
2.86806 42.79480 1.94817 185 185 185
2.79253 42.79770 2.04864 186 186 186
2.71257 42.79639 2.14561 182 182 182
2.62513 42.80668 2.23591 187 187 187
2.54417 42.79834 2.33236 189 189 189
2.44579 42.79994 2.41125 180 180 180
2.35887 42.79957 2.50247 190 190 190
2.25936 42.79994 2.57936 202 202 202
2.15786 42.79990 2.65335 188 188 188
2.05465 42.79957 2.72480 193 193 193
1.94961 42.80416 2.79359 184 184 184
1.84176 42.80335 2.85797 193 193 193
1.72773 42.79808 2.91080 192 192 192
1.61889 42.80316 2.97402 193 193 193
1.50499 42.79958 3.02746 187 187 187
1.38490 42.79985 3.06542 196 196 196
1.26895 42.80152 3.11462 197 197 197
1.14554 42.80050 3.14055 196 196 196
1.02490 42.79848 3.17510 195 195 195
0.90248 42.79978 3.20295 192 192 192
0.77845 42.79963 3.22231 201 201 201
0.65474 42.79832 3.24421 199 199 199
0.52998 42.80262 3.26002 194 194 194
0.40453 42.79950 3.27000 191 191 191
0.27868 42.79699 3.27301 191 191 191
0.15285 42.80128 3.26950 193 193 193
0.02748 42.79788 3.25862 192 192 192
-0.09634 42.79982 3.23538 199 199 199
-0.22142 42.79880 3.22436 193 193 193
-0.34478 42.80204 3.20123 195 195 195
-0.46823 42.80099 3.17795 194 194 194
-0.58875 42.79785 3.14253 195 195 195
-0.71298 42.79741 3.11887 201 201 201
-0.82885 42.79677 3.06896 191 191 191
-0.94550 42.79884 3.02229 195 195 195
-1.06079 42.80576 2.97241 197 197 197
-1.17632 42.79848 2.92248 195 195 195
-1.28366 42.80054 2.85664 193 193 193
-1.39481 42.80036 2.79776 191 191 191
-1.49947 42.79886 2.72807 183 183 183
-1.60337 42.80088 2.65730 190 190 190
-1.70367 42.79538 2.58147 180 180 180
-1.79500 42.79581 2.49484 192 192 192
-1.90269 42.79963 2.42667 188 188 188
-1.98370 42.79735 2.32925 192 192 192
-2.07305 42.80274 2.24079 183 183 183
-2.15176 42.79893 2.14267 177 177 177
-2.23199 42.80218 2.04612 180 180 180
-2.31482 42.80012 1.95116 181 181 181
-2.37982 42.79915 1.84323 189 189 189
-2.45209 42.80268 1.74029 185 185 185
-2.50942 42.80031 1.62829 182 182 182
-2.57671 42.79654 1.52177 176 176 176
-2.62208 42.79887 1.40414 178 178 178
-2.67814 42.80427 1.29163 178 178 178
-2.72121 42.80127 1.17359 175 175 175
-2.76107 42.79949 1.05455 174 174 174
-2.80273 42.79863 0.93592 181 181 181
-2.83480 42.80098 0.81436 173 173 173
-2.87028 42.79976 0.69324 175 175 175
-2.88431 42.80203 0.56784 177 177 177
-2.90201 42.80101 0.44333 167 167 167
-2.90971 42.79906 0.31781 169 169 169
-2.92235 42.80130 0.19264 170 170 170
-2.91813 42.80254 0.06688 165 165 165
-2.92011 42.79529 -0.05881 168 168 168
-2.90524 42.79680 -0.18370 164 164 164
-2.90075 42.80032 -0.30943 162 162 162
-2.88362 42.79971 -0.43398 166 166 166
-2.86101 42.79482 -0.55765 166 166 166
-2.83172 42.79937 -0.67987 162 162 162
-2.79521 42.79810 -0.80005 161 161 161
-2.76725 42.79749 -0.92281 159 159 159
-2.72329 42.80028 -1.04061 165 165 165
-2.67888 42.80280 -1.15818 160 160 160
-2.62361 42.80082 -1.27110 157 157 157
-2.57253 42.79963 -1.38589 153 153 153
-2.51295 42.80190 -1.49651 141 141 141
-2.45287 42.79832 -1.60702 147 147 147
-2.37893 42.79887 -1.70888 146 146 146
-2.31516 42.80098 -1.81766 152 152 152
-2.23412 42.80088 -1.91405 154 154 154
-2.15738 42.79639 -2.01372 149 149 149
-2.07145 42.80259 -2.10556 153 153 153
-1.98585 42.80064 -2.19766 150 150 150
-1.89525 42.79944 -2.28487 146 146 146
-1.80044 42.79997 -2.36746 144 144 144
-1.70357 42.80072 -2.44760 150 150 150
-1.60244 42.80488 -2.52226 141 141 141
-1.50003 42.80006 -2.59514 145 145 145
-1.39378 42.79812 -2.66233 140 140 140
-1.28437 42.79856 -2.72415 140 140 140
-1.17519 42.79588 -2.78649 145 145 145
-1.06424 42.79930 -2.84614 148 148 148
-0.94755 42.79565 -2.89350 148 148 148
-0.82976 42.79901 -2.93769 142 142 142
-0.70982 42.79942 -2.97541 132 132 132
-0.59060 42.79944 -3.01535 140 140 140
-0.46828 42.79554 -3.04441 146 146 146
-0.34538 42.80064 -3.07047 144 144 144
-0.22186 42.80502 -3.09338 139 139 139
-0.09826 42.79594 -3.11783 137 137 137
0.02746 42.80554 -3.12512 141 141 141
0.15285 42.79990 -3.13569 140 140 140
0.27868 42.79637 -3.13459 139 139 139
0.40453 42.80152 -3.13628 142 142 142
0.52976 42.80021 -3.12344 141 141 141
0.65529 42.80627 -3.11508 138 138 138
0.77959 42.80006 -3.09578 140 140 140
0.90236 42.80185 -3.06860 138 138 138
1.02570 42.80133 -3.04470 139 139 139
1.14743 42.79726 -3.01348 137 137 137
1.26730 42.80271 -2.97578 137 137 137
1.38653 42.80004 -2.93608 144 144 144
1.50362 42.79889 -2.89039 143 143 143
1.61664 42.80246 -2.83538 143 143 143
1.72862 42.80233 -2.77879 146 146 146
1.84134 42.79946 -2.72346 149 149 149
1.94931 42.80540 -2.65936 143 143 143
2.05601 42.79770 -2.59309 145 145 145
2.15790 42.80180 -2.51965 139 139 139
2.25984 42.80186 -2.44622 151 151 151
2.36091 42.79646 -2.37111 146 146 146
2.45379 42.80195 -2.28615 141 141 141
2.53635 42.79981 -2.19080 144 144 144
2.62857 42.80441 -2.10535 145 145 145
2.71203 42.80125 -2.01141 149 149 149
2.79191 42.80124 -1.91439 153 153 153
2.86674 42.80397 -1.81346 156 156 156
2.93720 42.80690 -1.70949 149 149 149
3.00665 42.79975 -1.60483 157 157 157
3.07206 42.79829 -1.49749 150 150 150
3.13315 42.79863 -1.38755 152 152 152
3.18350 42.80086 -1.27227 149 149 149
3.23492 42.79789 -1.15764 161 161 161
3.27821 42.79889 -1.03971 157 157 157
3.32511 42.79989 -0.92297 156 156 156
3.36010 42.80127 -0.80218 155 155 155
3.39177 42.79939 -0.68051 154 154 154
3.41066 42.80442 -0.55612 165 165 165
3.43813 42.80130 -0.43353 158 158 158
3.46092 42.79709 -0.30977 158 158 158
3.46742 42.79406 -0.18408 167 167 167
3.47451 42.79977 -0.05869 171 171 171
3.46528 43.20603 0.06750 165 165 165
3.46934 43.20002 0.19314 165 165 165
3.46351 43.19679 0.31872 158 158 158
3.44527 43.20018 0.44314 166 166 166
3.43453 43.19824 0.56847 172 172 172
3.41204 43.19538 0.69219 171 171 171
3.38410 43.20008 0.81477 177 177 177
3.35953 43.19744 0.93841 177 177 177
3.31463 43.20400 1.05627 180 180 180
3.26968 43.19941 1.17358 181 181 181
3.22418 43.20123 1.29053 181 181 181
3.17433 43.20097 1.40572 180 180 180
3.12499 43.19680 1.52142 178 178 178
3.06023 43.19899 1.62925 180 180 180
2.99837 43.20377 1.73852 177 177 177
2.93423 43.20115 1.84667 179 179 179
2.86261 43.20512 1.95004 190 190 190
2.78066 43.20100 2.04555 187 187 187
2.71075 43.20030 2.15080 185 185 185
2.62594 43.19993 2.24391 191 191 191
2.53638 43.20033 2.33237 185 185 185
2.44768 43.19971 2.42166 191 191 191
2.35076 43.19951 2.50199 189 189 189
2.24899 43.19686 2.57592 190 190 190
2.15245 43.19846 2.65640 194 194 194
2.04900 43.19910 2.72770 183 183 183
1.94309 43.20302 2.79526 196 196 196
1.83708 43.19859 2.86302 192 192 192
1.72365 43.20080 2.91747 189 189 189
1.61050 43.19639 2.97199 204 204 204
1.49845 43.19957 3.02959 194 194 194
1.38083 43.20266 3.07445 193 193 193
1.26021 43.20301 3.11039 193 193 193
1.14066 43.19787 3.14926 195 195 195
1.01843 43.19599 3.17862 199 199 199
0.89564 43.20160 3.20522 194 194 194
0.77269 43.20077 3.23183 190 190 190
0.64772 43.19809 3.24609 192 192 192
0.52212 43.19915 3.25176 193 193 193
0.39714 43.19654 3.26490 199 199 199
0.27151 43.20276 3.26377 194 194 194
0.14578 43.20300 3.26752 193 193 193
0.01995 43.19835 3.26390 196 196 196
-0.10493 43.20133 3.24807 202 202 202
-0.22929 43.19735 3.22944 197 197 197
-0.35254 43.19989 3.20481 189 189 189
-0.47560 43.20137 3.17943 196 196 196
-0.59594 43.20194 3.14324 190 190 190
-0.71942 43.20074 3.11728 197 197 197
-0.83440 43.20277 3.06521 199 199 199
-0.95585 43.19488 3.03062 191 191 191
-1.06781 43.20006 2.97272 189 189 189
-1.18449 43.20043 2.92507 188 188 188
-1.29598 43.20143 2.86646 179 179 179
-1.40250 43.20226 2.79925 195 195 195
-1.50590 43.19882 2.72759 186 186 186
-1.60665 43.19812 2.65256 188 188 188
-1.70686 43.19986 2.57705 185 185 185
-1.80851 43.19874 2.50289 193 193 193
-1.89884 43.19843 2.41537 192 192 192
-1.99139 43.19988 2.33040 187 187 187
-2.08263 43.19889 2.24365 182 182 182
-2.16048 43.20160 2.14461 188 188 188
-2.24438 43.19695 2.05087 185 185 185
-2.31534 43.20549 1.94696 185 185 185
-2.38551 43.20336 1.84287 183 183 183
-2.45664 43.19863 1.73931 176 176 176
-2.51765 43.20155 1.62951 177 177 177
-2.57975 43.19926 1.52029 178 178 178
-2.63147 43.19857 1.40579 184 184 184
-2.68400 43.19907 1.29171 177 177 177
-2.73142 43.19851 1.17534 180 180 180
-2.77590 43.19402 1.05766 174 174 174
-2.80746 43.19815 0.93586 175 175 175
-2.83010 43.20132 0.81213 177 177 177
-2.86146 43.19862 0.69069 171 171 171
-2.89304 43.19849 0.56872 165 165 165
-2.90726 43.19759 0.44373 171 171 171
-2.91569 43.20063 0.31834 173 173 173
-2.92700 43.19993 0.19317 170 170 170
-2.92981 43.19928 0.06750 161 161 161
-2.92270 43.20228 -0.05800 169 169 169
-2.91638 43.19746 -0.18339 166 166 166
-2.90684 43.20001 -0.30868 162 162 162
-2.88759 43.20077 -0.43285 160 160 160
-2.86284 43.19964 -0.55596 166 166 166
-2.84336 43.19761 -0.68032 159 159 159
-2.80082 43.20134 -0.79899 159 159 159
-2.77015 43.20323 -0.92079 158 158 158
-2.73331 43.19972 -1.04104 155 155 155
-2.67929 43.19771 -1.15476 151 151 151
-2.63489 43.20230 -1.27237 159 159 159
-2.58136 43.19997 -1.38611 159 159 159
-2.51971 43.20269 -1.49566 152 152 152
-2.45908 43.19890 -1.60581 148 148 148
-2.38670 43.19640 -1.70866 156 156 156
-2.31519 43.19606 -1.81185 149 149 149
-2.23993 43.20022 -1.91236 151 151 151
-2.16205 43.19725 -2.01096 149 149 149
-2.07722 43.20192 -2.10364 154 154 154
-1.98812 43.19928 -2.19213 151 151 151
-1.90366 43.20190 -2.28559 143 143 143
-1.80808 43.20183 -2.36739 148 148 148
-1.71201 43.19822 -2.44859 144 144 144
-1.60939 43.19978 -2.52134 145 145 145
-1.50801 43.19846 -2.59575 141 141 141
-1.39468 43.20303 -2.65148 137 137 137
-1.29135 43.19969 -2.72318 144 144 144
-1.18171 43.19620 -2.78461 139 139 139
-1.06647 43.20122 -2.83480 141 141 141
-0.95499 43.19757 -2.89355 142 142 142
-0.83787 43.20021 -2.93962 146 146 146
-0.71720 43.19769 -2.97545 145 145 145
-0.59686 43.20307 -3.01152 140 140 140
-0.47442 43.19747 -3.03954 143 143 143
-0.35360 43.20158 -3.07515 142 142 142
-0.22988 43.19868 -3.09813 138 138 138
-0.10567 43.19611 -3.11933 140 140 140
0.02070 43.19825 -3.11943 138 138 138
0.14590 43.19930 -3.12953 142 142 142
0.27151 43.20397 -3.13460 136 136 136
0.39693 43.19930 -3.12451 144 144 144
0.52246 43.19938 -3.12105 140 140 140
0.64765 43.19695 -3.11044 142 142 142
0.77234 43.20033 -3.09462 135 135 135
0.89623 43.20120 -3.07319 137 137 137
1.01869 43.19887 -3.04472 143 143 143
1.13984 43.19550 -3.01136 136 136 136
1.25906 43.20097 -2.97187 145 145 145
1.38028 43.19819 -2.93795 147 147 147
1.49830 43.20137 -2.89423 141 141 141
1.61070 43.19577 -2.83743 141 141 141
1.72262 43.20102 -2.78046 135 135 135
1.83720 43.19524 -2.72825 142 142 142
1.94357 43.20039 -2.66105 148 148 148
2.05224 43.20129 -2.59755 152 152 152
2.15170 43.19971 -2.52036 151 151 151
2.25184 43.20134 -2.44454 142 142 142
2.34864 43.20208 -2.36451 145 145 145
2.44410 43.20105 -2.28279 144 144 144
2.53239 43.19620 -2.19338 143 143 143
2.62096 43.19736 -2.10431 159 159 159
2.70345 43.20017 -2.00957 155 155 155
2.78593 43.20056 -1.91471 148 148 148
2.85912 43.19790 -1.81251 149 149 149
2.92994 43.20324 -1.70880 154 154 154
2.99810 43.20029 -1.60336 154 154 154
3.06165 43.19884 -1.49505 159 159 159
3.12299 43.20088 -1.38540 157 157 157
3.17740 43.19908 -1.27213 153 153 153
3.22589 43.20180 -1.15624 160 160 160
3.27091 43.20324 -1.03904 163 163 163
3.30978 43.19728 -0.91969 157 157 157
3.34952 43.19889 -0.80059 159 159 159
3.38014 43.19967 -0.67882 159 159 159
3.40997 43.19624 -0.55678 160 160 160
3.43661 43.19949 -0.43380 160 160 160
3.44467 43.19686 -0.30807 165 165 165
3.45877 43.20024 -0.18334 170 170 170
3.47184 43.20272 -0.05824 169 169 169
3.46640 43.59886 0.06813 171 171 171
3.45931 43.60216 0.19366 159 159 159
3.45159 43.59895 0.31898 168 168 168
3.42998 43.59723 0.44282 167 167 167
3.42465 43.59654 0.56869 172 172 172
3.39757 43.59714 0.69139 176 176 176
3.37024 43.60328 0.81382 172 172 172
3.34897 43.60199 0.93812 173 173 173
3.30869 43.60112 1.05734 178 178 178
3.26818 43.60053 1.17635 172 172 172
3.22797 43.59754 1.29575 178 178 178
3.16748 43.60240 1.40655 178 178 178
3.11201 43.60031 1.51915 182 182 182
3.05403 43.60206 1.63050 182 182 182
2.99389 43.59593 1.74088 179 179 179
2.92445 43.59643 1.84564 183 183 183
2.84826 43.59814 1.94555 188 188 188
2.77918 43.59764 2.05077 191 191 191
2.69997 43.59368 2.14847 190 190 190
2.61346 43.60091 2.23976 191 191 191
2.53011 43.59452 2.33403 189 189 189
2.43684 43.59751 2.41846 191 191 191
2.34217 43.59825 2.50111 184 184 184
2.24533 43.60236 2.58117 190 190 190
2.14039 43.60251 2.65047 185 185 185
2.04307 43.59560 2.73039 187 187 187
1.93839 43.59987 2.80014 195 195 195
1.82738 43.60171 2.85937 193 193 193
1.71464 43.59987 2.91477 181 181 181
1.60167 43.60183 2.96930 192 192 192
1.48572 43.60053 3.01711 202 202 202
1.37432 43.60246 3.07723 192 192 192
1.25318 43.60426 3.11187 200 200 200
1.13400 43.60188 3.15219 196 196 196
1.01217 43.60176 3.18363 194 194 194
0.88814 43.59904 3.20484 194 194 194
0.76489 43.60084 3.22934 194 194 194
0.64091 43.60097 3.25087 192 192 192
0.51491 43.60552 3.25355 192 192 192
0.38984 43.59781 3.26581 199 199 199
0.26421 43.60320 3.26895 195 195 195
0.13833 43.59929 3.27199 192 192 192
0.01351 43.59837 3.25350 199 199 199
-0.11198 43.59794 3.24651 196 196 196
-0.23597 43.59839 3.22611 195 195 195
-0.36065 43.59892 3.20947 197 197 197
-0.48234 43.59726 3.17772 192 192 192
-0.60464 43.59973 3.14884 193 193 193
-0.72348 43.60030 3.10793 188 188 188
-0.84164 43.59906 3.06566 198 198 198
-0.95738 43.59851 3.01729 198 198 198
-1.07350 43.59791 2.96983 202 202 202
-1.18767 43.60208 2.91759 196 196 196
-1.30242 43.60222 2.86555 200 200 200
-1.40621 43.59749 2.79401 190 190 190
-1.51315 43.59919 2.72813 186 186 186
-1.61880 43.60303 2.65986 193 193 193
-1.71952 43.59855 2.58447 187 187 187
-1.81655 43.60184 2.50438 186 186 186
-1.90945 43.60019 2.41958 187 187 187
-1.99971 43.60172 2.33205 183 183 183
-2.08334 43.59678 2.23817 184 184 184
-2.16544 43.59736 2.14324 183 183 183
-2.24822 43.59862 2.04877 187 187 187
-2.32166 43.59857 1.94687 177 177 177
-2.39761 43.60309 1.84669 184 184 184
-2.45797 43.60214 1.73628 190 190 190
-2.53296 43.60259 1.63461 187 187 187
-2.58962 43.59833 1.52222 176 176 176
-2.64050 43.60126 1.40721 181 181 181
-2.69279 43.59921 1.29296 178 178 178
-2.74170 43.60219 1.17706 173 173 173
-2.77738 43.59989 1.05640 177 177 177
-2.81710 43.60460 0.93714 170 170 170
-2.84856 43.60205 0.81543 178 178 178
-2.87391 43.59829 0.69233 173 173 173
-2.89763 43.59834 0.56891 177 177 177
-2.91799 43.60099 0.44476 171 171 171
-2.92766 43.59469 0.31933 168 168 168
-2.92554 43.60148 0.19345 166 166 166
-2.93172 43.60135 0.06813 169 169 169
-2.92860 43.60025 -0.05732 174 174 174
-2.93257 43.60019 -0.18347 166 166 166
-2.91187 43.59590 -0.30779 165 165 165
-2.90175 43.59763 -0.43331 166 166 166
-2.87374 43.59885 -0.55605 162 162 162
-2.84841 43.59975 -0.67915 163 163 163
-2.80659 43.59782 -0.79793 157 157 157
-2.78004 43.60511 -0.92101 156 156 156
-2.74029 43.60024 -1.04029 156 156 156
-2.69600 43.59667 -1.15803 162 162 162
-2.64038 43.60091 -1.27091 155 155 155
-2.58491 43.59619 -1.38357 162 162 162
-2.52097 43.59963 -1.49165 155 155 155
-2.46152 43.60303 -1.60220 147 147 147
-2.39568 43.60148 -1.70915 153 153 153
-2.32355 43.59917 -1.81199 156 156 156
-2.24513 43.59351 -1.91008 142 142 142
-2.16828 43.59585 -2.00941 155 155 155
-2.07968 43.59632 -2.09854 147 147 147
-1.99858 43.59933 -2.19466 150 150 150
-1.90507 43.60007 -2.27858 146 146 146
-1.81447 43.59932 -2.36570 146 146 146
-1.71930 43.59944 -2.44795 148 148 148
-1.61842 43.59959 -2.52309 140 140 140
-1.51237 43.60243 -2.59071 144 144 144
-1.40567 43.59715 -2.65688 144 144 144
-1.30043 43.59919 -2.72574 142 142 142
-1.18875 43.60076 -2.78346 148 148 148
-1.07485 43.60260 -2.83652 141 141 141
-0.95910 43.60293 -2.88521 144 144 144
-0.84298 43.60370 -2.93304 142 142 142
-0.72456 43.59724 -2.97500 140 140 140
-0.60401 43.60093 -3.01035 135 135 135
-0.48232 43.60103 -3.04140 137 137 137
-0.35983 43.59766 -3.06911 138 138 138
-0.23768 43.59870 -3.10068 135 135 135
-0.11220 43.60020 -3.11216 139 139 139
0.01280 43.59743 -3.12635 139 139 139
0.13847 43.60033 -3.13201 149 149 149
0.26421 43.60138 -3.12642 133 133 133
0.38987 43.60145 -3.13027 144 144 144
0.51518 43.59756 -3.12077 141 141 141
0.64017 43.59746 -3.10835 137 137 137
0.76459 43.59990 -3.09113 146 146 146
0.88863 43.59950 -3.07104 136 136 136
1.01197 43.60012 -3.04651 136 136 136
1.13477 43.59731 -3.01867 144 144 144
1.25157 43.60000 -2.97065 139 139 139
1.37193 43.60241 -2.93449 142 142 142
1.48498 43.59654 -2.87907 140 140 140
1.60380 43.59608 -2.83768 146 146 146
1.71814 43.59884 -2.78538 138 138 138
1.82749 43.60527 -2.72332 144 144 144
1.93292 43.59984 -2.65496 135 135 135
2.04074 43.59742 -2.59064 139 139 139
2.14310 43.60014 -2.51795 144 144 144
2.24528 43.59966 -2.44485 146 146 146
2.34123 43.60149 -2.36375 145 145 145
2.43805 43.60122 -2.28353 147 147 147
2.52633 43.60086 -2.19399 138 138 138
2.61712 43.60080 -2.10688 143 143 143
2.70079 43.59769 -2.01291 150 150 150
2.78083 43.60124 -1.91582 150 150 150
2.85232 43.59803 -1.81225 157 157 157
2.92973 43.60013 -1.71292 151 151 151
2.99607 43.60047 -1.60596 155 155 155
3.05919 43.59969 -1.49714 151 151 151
3.11916 43.59763 -1.38655 151 151 151
3.16880 43.60445 -1.27091 153 153 153
3.21674 43.59926 -1.15485 161 161 161
3.26566 43.59876 -1.03917 153 153 153
3.30589 43.59886 -0.92018 164 164 164
3.33988 43.60291 -0.79931 160 160 160
3.37646 43.60049 -0.67906 159 159 159
3.40184 43.59737 -0.55599 161 161 161
3.42314 43.59607 -0.43220 165 165 165
3.44148 43.60061 -0.30793 162 162 162
3.46252 43.59820 -0.18359 176 176 176
3.46550 43.59854 -0.05765 160 160 160
3.45653 43.99952 0.06875 168 168 168
3.45178 43.99462 0.19428 178 178 178
3.44557 43.99939 0.31971 171 171 171
3.43552 44.00183 0.44498 170 170 170
3.42272 44.00010 0.57019 169 169 169
3.39824 44.00273 0.69363 181 181 181
3.36713 44.00075 0.81548 178 178 178
3.33421 44.00250 0.93668 173 173 173
3.29704 43.99749 1.05659 182 182 182
3.25987 43.99865 1.17665 185 185 185
3.21107 43.99867 1.29246 178 178 178
3.16069 44.00244 1.40748 179 179 179
3.10298 44.00251 1.51897 183 183 183
3.04335 44.00313 1.62931 178 178 178
2.98547 43.99749 1.74090 182 182 182
2.91920 43.99877 1.84773 182 182 182
2.84107 43.99727 1.94636 182 182 182
2.77106 44.00152 2.05085 182 182 182
2.69311 43.99767 2.14958 190 190 190
2.60533 44.00097 2.23974 191 191 191
2.51979 43.99839 2.33177 189 189 189
2.43236 44.00037 2.42229 187 187 187
2.33603 44.00182 2.50326 188 188 188
2.23859 43.99601 2.58268 188 188 188
2.13402 44.00222 2.65256 185 185 185
2.03274 43.99787 2.72668 198 198 198
1.92746 44.00126 2.79507 198 198 198
1.82453 44.00220 2.86818 196 196 196
1.70825 43.99795 2.91744 189 189 189
1.59740 44.00360 2.97681 190 190 190
1.48113 43.99862 3.02463 197 197 197
1.36429 43.99975 3.07081 194 194 194
1.24515 43.99799 3.11068 191 191 191
1.12648 44.00062 3.15252 189 189 189
1.00337 44.00612 3.17856 198 198 198
0.88104 43.99876 3.20715 187 187 187
0.75784 44.00085 3.23237 191 191 191
0.63329 43.99644 3.24995 190 190 190
0.50742 43.99681 3.25357 197 197 197
0.38238 44.00385 3.26585 197 197 197
0.25677 43.99796 3.27046 201 201 201
0.13144 43.99653 3.25860 195 195 195
0.00612 44.00105 3.25359 194 194 194
-0.11870 43.99995 3.24109 190 190 190
-0.24413 44.00126 3.23127 195 195 195
-0.36768 43.99687 3.20806 190 190 190
-0.49051 43.99482 3.18138 202 202 202
-0.61067 43.99782 3.14447 198 198 198
-0.73258 43.99770 3.11365 192 192 192
-0.85038 44.00195 3.06981 191 191 191
-0.96860 44.00403 3.02706 194 194 194
-1.08340 43.99803 2.97579 193 193 193
-1.19797 43.99706 2.92384 196 196 196
-1.30693 43.99797 2.86094 194 194 194
-1.41421 44.00077 2.79555 199 199 199
-1.51867 44.00303 2.72588 190 190 190
-1.62356 44.00028 2.65680 202 202 202
-1.72629 43.99631 2.58425 187 187 187
-1.82354 43.99528 2.50448 186 186 186
-1.91787 43.99998 2.42126 187 187 187
-2.01244 44.00495 2.33796 190 190 190
-2.08942 43.99875 2.23755 185 185 185
-2.17748 43.99799 2.14780 186 186 186
-2.25753 44.00357 2.05087 180 180 180
-2.32799 43.99834 1.94669 180 180 180
-2.40151 43.99704 1.84496 186 186 186
-2.47294 44.00092 1.74152 179 179 179
-2.53168 43.99634 1.63035 182 182 182
-2.59115 43.99865 1.51984 182 182 182
-2.65439 44.00142 1.41081 179 179 179
-2.70022 43.99666 1.29357 181 181 181
-2.74522 44.00187 1.17624 179 179 179
-2.78879 43.99719 1.05831 175 175 175
-2.82355 43.99877 0.93749 179 179 179
-2.85891 43.99598 0.81676 172 172 172
-2.87884 44.00387 0.69246 171 171 171
-2.90233 43.99631 0.56910 173 173 173
-2.91677 44.00343 0.44436 169 169 169
-2.93374 43.99856 0.31985 161 161 161
-2.93631 44.00022 0.19421 170 170 170
-2.94678 44.00568 0.06875 165 165 165
-2.94253 43.99797 -0.05695 162 162 162
-2.94224 43.99721 -0.18302 168 168 168
-2.91880 44.00083 -0.30710 168 168 168
-2.90236 44.00545 -0.43161 164 164 164
-2.87858 44.00302 -0.55491 155 155 155
-2.85561 44.00323 -0.67847 152 152 152
-2.82205 43.99853 -0.79957 164 164 164
-2.78468 43.99775 -0.91948 161 161 161
-2.74614 44.00214 -1.03908 161 161 161
-2.69593 44.00026 -1.15430 155 155 155
-2.65159 44.00094 -1.27202 160 160 160
-2.59583 44.00082 -1.38472 150 150 150
-2.53662 44.00119 -1.49562 150 150 150
-2.46975 44.00038 -1.60206 155 155 155
-2.39716 44.00132 -1.70455 149 149 149
-2.33003 43.99924 -1.81067 148 148 148
-2.25545 44.00358 -1.91172 156 156 156
-2.17496 44.00103 -2.00814 154 154 154
-2.09250 44.00002 -2.10290 149 149 149
-2.00418 44.00159 -2.19220 144 144 144
-1.91757 43.99830 -2.28343 147 147 147
-1.82002 44.00028 -2.36285 144 144 144
-1.72729 43.99385 -2.44801 145 145 145
-1.62559 43.99913 -2.52210 149 149 149
-1.52081 44.00275 -2.59158 142 142 142
-1.41497 43.99969 -2.65928 145 145 145
-1.30679 44.00076 -2.72318 142 142 142
-1.19732 43.99750 -2.78505 142 142 142
-1.08131 44.00225 -2.83376 149 149 149
-0.96864 43.99535 -2.88966 148 148 148
-0.84995 44.00398 -2.93114 136 136 136
-0.73153 43.99932 -2.97291 139 139 139
-0.61015 44.00325 -3.00511 147 147 147
-0.48979 43.99781 -3.04088 142 142 142
-0.36663 44.00212 -3.06528 141 141 141
-0.24333 44.00221 -3.08872 138 138 138
-0.12032 44.00070 -3.11729 139 139 139
0.00526 44.00331 -3.12698 144 144 144
0.13130 43.99655 -3.12475 144 144 144
0.25677 43.99911 -3.13355 144 144 144
0.38253 43.99940 -3.13202 135 135 135
0.50821 43.99778 -3.12610 140 140 140
0.63274 43.99820 -3.10785 139 139 139
0.75822 43.99993 -3.09729 137 137 137
0.88125 44.00074 -3.07070 140 140 140
1.00413 44.00323 -3.04425 139 139 139
1.12627 44.00110 -3.01428 137 137 137
1.24560 44.00100 -2.97456 137 137 137
1.36465 43.99919 -2.93430 139 139 139
1.48117 44.00006 -2.88722 142 142 142
1.59708 43.99538 -2.83860 141 141 141
1.71125 43.99757 -2.78583 144 144 144
1.82155 43.99832 -2.72536 146 146 146
1.92808 44.00116 -2.65858 149 149 149
2.03600 44.00112 -2.59406 147 147 147
2.13991 43.99918 -2.52317 143 143 143
2.23996 44.00342 -2.44692 147 147 147
2.33904 44.00342 -2.36928 137 137 137
2.42794 44.00127 -2.28001 149 149 149
2.52052 43.99722 -2.19500 143 143 143
2.60567 44.00186 -2.10255 156 156 156
2.68887 43.99661 -2.00846 154 154 154
2.77223 43.99814 -1.91428 154 154 154
2.84731 43.99849 -1.81339 153 153 153
2.91674 43.99461 -1.70859 154 154 154
2.98439 43.99942 -1.60274 150 150 150
3.05279 43.99895 -1.49710 148 148 148
3.11150 43.99852 -1.38581 155 155 155
3.15850 43.99885 -1.26897 156 156 156
3.21237 43.99778 -1.15550 162 162 162
3.24972 43.99932 -1.03541 161 161 161
3.29930 44.00082 -0.91983 160 160 160
3.33089 43.99777 -0.79824 162 162 162
3.36705 43.99804 -0.67796 165 165 165
3.39465 44.00133 -0.55541 163 163 163
3.41684 44.00164 -0.43176 158 158 158
3.42734 43.99979 -0.30651 160 160 160
3.44292 44.00150 -0.18201 156 156 156
3.45183 43.99824 -0.05678 163 163 163
3.44739 44.39848 0.06938 168 168 168
3.44914 44.40075 0.19510 169 169 169
3.42918 44.40186 0.31964 180 180 180
3.42818 44.40008 0.44563 172 172 172
3.41186 44.40018 0.57029 174 174 174
3.39129 44.40122 0.69438 174 174 174
3.35594 44.39867 0.81524 175 175 175
3.33080 44.39891 0.93848 175 175 175
3.29663 44.39910 1.05954 172 172 172
3.24618 44.39808 1.17502 178 178 178
3.20808 44.39796 1.29499 182 182 182
3.15504 44.39924 1.40899 174 174 174
3.10137 44.39575 1.52263 182 182 182
3.04159 44.39873 1.63319 182 182 182
2.97879 44.39651 1.74207 179 179 179
2.91519 44.39723 1.85074 175 175 175
2.83941 44.39799 1.95127 184 184 184
2.76113 44.40372 2.04962 189 189 189
2.68292 44.39943 2.14797 186 186 186
2.60289 44.39866 2.24511 188 188 188
2.51451 44.40108 2.33468 192 192 192
2.41660 44.40247 2.41405 192 192 192
2.32770 44.39989 2.50299 190 190 190
2.23288 44.39457 2.58566 190 190 190
2.13054 44.40208 2.65882 187 187 187
2.02609 44.40032 2.72868 184 184 184
1.91740 44.40135 2.79163 191 191 191
1.81081 44.40066 2.85783 190 190 190
1.70259 44.39902 2.92182 193 193 193
1.58956 44.39848 2.97684 197 197 197
1.47333 44.40433 3.02469 194 194 194
1.35630 44.40001 3.07030 194 194 194
1.23785 44.39737 3.11212 192 192 192
1.11609 44.40542 3.14315 195 195 195
0.99537 44.39578 3.17741 195 195 195
0.87308 44.40381 3.20586 197 197 197
0.75064 44.40237 3.23537 193 193 193
0.62439 44.40412 3.23933 196 196 196
0.50051 44.40014 3.26257 190 190 190
0.37480 44.40143 3.26608 186 186 186
0.24920 44.40144 3.26995 194 194 194
0.12345 44.40338 3.26999 195 195 195
-0.00155 44.39913 3.25546 198 198 198
-0.12721 44.39971 3.24967 199 199 199
-0.25201 44.40108 3.23386 197 197 197
-0.37573 44.40179 3.21110 199 199 199
-0.49939 44.40328 3.18749 196 196 196
-0.62094 44.39924 3.15464 196 196 196
-0.74122 44.39951 3.11756 195 195 195
-0.86132 44.39843 3.07957 200 200 200
-0.97426 44.39969 3.02306 188 188 188
-1.08928 44.39908 2.97276 197 197 197
-1.20299 44.40219 2.91945 186 186 186
-1.31694 44.39887 2.86592 195 195 195
-1.42068 44.40232 2.79437 192 192 192
-1.52951 44.40112 2.73141 195 195 195
-1.63057 44.40000 2.65665 187 187 187
-1.72979 44.39901 2.57971 179 179 179
-1.82710 44.40037 2.50041 194 194 194
-1.92332 44.40103 2.41959 191 191 191
-2.01116 44.40373 2.32973 188 188 188
-2.09452 44.40201 2.23589 194 194 194
-2.18720 44.39988 2.15025 184 184 184
-2.26250 44.40222 2.04944 192 192 192
-2.34177 44.39927 1.95182 192 192 192
-2.41561 44.40078 1.84994 186 186 186
-2.47980 44.39775 1.74171 177 177 177
-2.54031 44.39987 1.63157 177 177 177
-2.60434 44.40348 1.52333 181 181 181
-2.65697 44.39549 1.40914 177 177 177
-2.70377 44.40114 1.29254 181 181 181
-2.75335 44.40024 1.17707 169 169 169
-2.79952 44.39683 1.05996 182 182 182
-2.82585 44.39889 0.93663 180 180 180
-2.85998 44.39985 0.81582 172 172 172
-2.87973 44.39774 0.69176 166 166 166
-2.90473 44.39978 0.56891 175 175 175
-2.93268 44.39730 0.44598 170 170 170
-2.93858 44.40112 0.32026 172 172 172
-2.95043 44.40061 0.19509 167 167 167
-2.95512 44.40237 0.06938 172 172 172
-2.94765 44.40352 -0.05623 165 165 165
-2.94052 44.40071 -0.18166 168 168 168
-2.92853 44.40054 -0.30673 163 163 163
-2.90712 44.39869 -0.43054 164 164 164
-2.88843 44.39929 -0.55474 168 168 168
-2.85877 44.39982 -0.67678 164 164 164
-2.82385 44.39960 -0.79732 168 168 168
-2.79422 44.39806 -0.91949 158 158 158
-2.75266 44.40126 -1.03807 156 156 156
-2.70726 44.39983 -1.15523 164 164 164
-2.65939 44.39665 -1.27150 156 156 156
-2.60315 44.39917 -1.38397 158 158 158
-2.54210 44.39813 -1.49382 156 156 156
-2.47711 44.39974 -1.60131 151 151 151
-2.41271 44.39914 -1.70925 152 152 152
-2.33830 44.40222 -1.81055 148 148 148
-2.26188 44.40405 -1.91020 149 149 149
-2.18386 44.40165 -2.00865 147 147 147
-2.09789 44.40240 -2.10025 148 148 148
-2.01646 44.40137 -2.19628 153 153 153
-1.92339 44.40354 -2.28092 153 153 153
-1.82661 44.40295 -2.36109 149 149 149
-1.73292 44.39781 -2.44493 146 146 146
-1.63494 44.40111 -2.52392 140 140 140
-1.53105 44.40199 -2.59496 147 147 147
-1.42047 44.39990 -2.65527 144 144 144
-1.31349 44.39921 -2.72101 147 147 147
-1.20236 44.40128 -2.77948 148 148 148
-1.08974 44.39973 -2.83502 142 142 142
-0.97369 44.39890 -2.88293 143 143 143
-0.85604 44.39909 -2.92650 135 135 135
-0.73823 44.39974 -2.96961 139 139 139
-0.61983 44.39765 -3.01196 141 141 141
-0.49948 44.40044 -3.04911 150 150 150
-0.37539 44.39869 -3.07066 139 139 139
-0.25150 44.39764 -3.09189 135 135 135
-0.12689 44.39894 -3.10816 146 146 146
-0.00203 44.39868 -3.12279 147 147 147
0.12315 44.39672 -3.13877 147 147 147
0.24920 44.39627 -3.12631 142 142 142
0.37481 44.39999 -3.12753 138 138 138
0.50054 44.40183 -3.12422 143 143 143
0.62466 44.39629 -3.10284 140 140 140
0.74954 44.40220 -3.08965 137 137 137
0.87354 44.39896 -3.06939 144 144 144
0.99586 44.39708 -3.04068 144 144 144
1.11681 44.40241 -3.00695 142 142 142
1.23845 44.39974 -2.97522 137 137 137
1.35600 44.39604 -2.93074 145 145 145
1.47249 44.40120 -2.88391 145 145 145
1.59176 44.39781 -2.84287 146 146 146
1.70347 44.40166 -2.78479 145 145 145
1.81416 44.39908 -2.72507 149 149 149
1.92251 44.39916 -2.66123 141 141 141
2.02881 44.39671 -2.59400 148 148 148
2.13297 44.39789 -2.52341 143 143 143
2.22756 44.40109 -2.44017 144 144 144
2.33024 44.40055 -2.36721 144 144 144
2.41915 44.40468 -2.27806 154 154 154
2.51591 44.40084 -2.19734 142 142 142
2.60251 44.39892 -2.10601 151 151 151
2.68231 44.40436 -2.00870 153 153 153
2.75747 44.40104 -1.90799 150 150 150
2.84161 44.39579 -1.81412 150 150 150
2.91014 44.39980 -1.70861 150 150 150
2.97820 44.39832 -1.60296 153 153 153
3.04344 44.40172 -1.49547 156 156 156
3.09945 44.40216 -1.38290 158 158 158
3.15786 44.40153 -1.27153 153 153 153
3.20651 44.39985 -1.15558 163 163 163
3.24933 44.39856 -1.03743 154 154 154
3.29592 44.40048 -0.92056 158 158 158
3.32838 44.40038 -0.79904 162 162 162
3.36249 44.40144 -0.67806 163 163 163
3.38317 44.39950 -0.55401 160 160 160
3.41028 44.40280 -0.43129 159 159 159
3.42503 44.40233 -0.30651 163 163 163
3.43817 44.40465 -0.18160 165 165 165
3.44937 44.40100 -0.05636 166 166 166
3.43877 44.80167 0.07000 162 162 162
3.44677 44.80434 0.19594 170 170 170
3.43316 44.80157 0.32119 177 177 177
3.41421 44.79930 0.44551 167 167 167
3.40353 44.80278 0.57082 170 170 170
3.37879 44.80369 0.69405 171 171 171
3.35369 44.80030 0.81717 177 177 177
3.31808 44.80071 0.93769 170 170 170
3.28414 44.79683 1.05861 178 178 178
3.24757 44.79849 1.17900 181 181 181
3.20080 44.80392 1.29578 178 178 178
3.14845 44.79803 1.41012 185 185 185
3.09460 44.79851 1.52373 179 179 179
3.02988 44.79863 1.63157 180 180 180
2.97021 44.80071 1.74215 186 186 186
2.90570 44.79967 1.85016 183 183 183
2.83060 44.80340 1.95109 187 187 187
2.75594 44.79976 2.05223 183 183 183
2.67712 44.80251 2.15021 186 186 186
2.58977 44.80193 2.24072 183 183 183
2.50726 44.79976 2.33576 187 187 187
2.41183 44.79893 2.41785 187 187 187
2.31636 44.80144 2.49935 188 188 188
2.22490 44.79883 2.58593 192 192 192
2.12365 44.79555 2.66056 194 194 194
2.01769 44.79951 2.72826 190 190 190
1.91230 44.80043 2.79649 190 190 190
1.80711 44.80052 2.86559 189 189 189
1.69407 44.79947 2.92082 193 193 193
1.57864 44.80305 2.97048 196 196 196
1.46717 44.80279 3.02901 192 192 192
1.34822 44.80164 3.06990 203 203 203
1.23073 44.79718 3.11452 195 195 195
1.10961 44.79917 3.14807 190 190 190
0.98727 44.79975 3.17636 193 193 193
0.86548 44.79944 3.20696 200 200 200
0.74190 44.79716 3.22940 200 200 200
0.61741 44.80278 3.24602 199 199 199
0.49239 44.80098 3.25785 196 196 196
0.36732 44.79903 3.27218 191 191 191
0.24150 44.80212 3.26879 195 195 195
0.11583 44.79835 3.26864 194 194 194
-0.00980 44.79698 3.26309 196 196 196
-0.13484 44.79902 3.24969 194 194 194
-0.25804 44.79534 3.22401 195 195 195
-0.38285 44.80442 3.20882 198 198 198
-0.50455 44.80279 3.17754 193 193 193
-0.62750 44.80287 3.15124 195 195 195
-0.74737 44.80128 3.11344 196 196 196
-0.86692 44.79869 3.07451 188 188 188
-0.98260 44.80136 3.02525 197 197 197
-1.09906 44.79850 2.97791 197 197 197
-1.20836 44.79581 2.91551 191 191 191
-1.32100 44.79813 2.86005 193 193 193
-1.43262 44.80293 2.80192 188 188 188
-1.53525 44.79941 2.72910 187 187 187
-1.63752 44.79946 2.65626 187 187 187
-1.74070 44.80000 2.58441 197 197 197
-1.83738 44.79992 2.50406 185 185 185
-1.92908 44.79804 2.41812 183 183 183
-2.02404 44.80143 2.33554 191 191 191
-2.10659 44.80219 2.24056 187 187 187
-2.19301 44.79985 2.14927 187 187 187
-2.27149 44.80238 2.05109 183 183 183
-2.34763 44.80103 1.95111 184 184 184
-2.41882 44.79703 1.84757 177 177 177
-2.48124 44.80180 1.73850 183 183 183
-2.54447 44.79962 1.63022 180 180 180
-2.60595 44.79928 1.52085 179 179 179
-2.66732 44.80029 1.41099 177 177 177
-2.71423 44.79976 1.29431 173 173 173
-2.75988 44.80082 1.17727 181 181 181
-2.79654 44.80152 1.05712 172 172 172
-2.83585 44.80115 0.93790 177 177 177
-2.86728 44.80184 0.81635 176 176 176
-2.89870 44.80155 0.69462 170 170 170
-2.91661 44.80070 0.57020 159 159 159
-2.93466 44.79917 0.44592 177 177 177
-2.95233 44.80026 0.32136 166 166 166
-2.95260 44.80162 0.19550 171 171 171
-2.95462 44.80143 0.07000 174 174 174
-2.94757 44.79886 -0.05530 167 167 167
-2.95250 44.80052 -0.18137 165 165 165
-2.93499 44.80130 -0.30596 166 166 166
-2.92429 44.80204 -0.43141 168 168 168
-2.90445 44.79747 -0.55577 157 157 157
-2.86590 44.79735 -0.67602 160 160 160
-2.83141 44.79832 -0.79665 158 158 158
-2.80274 44.79924 -0.91913 148 148 148
-2.76385 44.80091 -1.03873 163 163 163
-2.71215 44.79977 -1.15344 161 161 161
-2.66913 44.80108 -1.27182 154 154 154
-2.61092 44.79940 -1.38338 159 159 159
-2.55011 44.79522 -1.49338 158 158 158
-2.48703 44.80028 -1.60205 158 158 158
-2.42124 44.79710 -1.70919 146 146 146
-2.34240 44.79659 -1.80732 151 151 151
-2.27331 44.80174 -1.91252 155 155 155
-2.19345 44.79982 -2.00965 148 148 148
-2.10659 44.80258 -2.10056 140 140 140
-2.02364 44.80118 -2.19514 145 145 145
-1.93154 44.80182 -2.28078 146 146 146
-1.83391 44.80337 -2.36000 148 148 148
-1.74059 44.79696 -2.44427 143 143 143
-1.63982 44.79808 -2.51942 150 150 150
-1.53442 44.80015 -2.58786 147 147 147
-1.43003 44.79334 -2.65770 146 146 146
-1.32205 44.79947 -2.72193 140 140 140
-1.21359 44.79591 -2.78578 143 143 143
-1.09826 44.79749 -2.83617 143 143 143
-0.98363 44.80315 -2.88774 140 140 140
-0.86629 44.79921 -2.93279 140 140 140
-0.74791 44.79989 -2.97509 141 141 141
-0.62839 44.79688 -3.01442 148 148 148
-0.50434 44.80075 -3.03667 141 141 141
-0.38272 44.80096 -3.06816 141 141 141
-0.25783 44.80100 -3.08265 140 140 140
-0.13509 44.79823 -3.11184 139 139 139
-0.00941 44.80102 -3.11810 135 135 135
0.11591 44.79790 -3.12652 141 141 141
0.24150 44.79811 -3.13251 137 137 137
0.36709 44.80286 -3.12645 142 142 142
0.49237 44.79384 -3.11764 139 139 139
0.61725 44.79859 -3.10471 131 131 131
0.74253 44.80151 -3.09335 140 140 140
0.86645 44.80016 -3.07181 139 139 139
0.98796 44.80180 -3.03921 145 145 145
1.10846 44.79966 -3.00402 134 134 134
1.22948 44.79980 -2.97067 141 141 141
1.34918 44.80181 -2.93249 140 140 140
1.46797 44.79994 -2.89096 140 140 140
1.58026 44.79625 -2.83400 140 140 140
1.69555 44.79543 -2.78372 140 140 140
1.80431 44.79839 -2.72060 138 138 138
1.91399 44.80179 -2.65925 150 150 150
2.01939 44.79944 -2.59079 147 147 147
2.12401 44.79790 -2.52105 141 141 141
2.22152 44.79966 -2.44164 143 143 143
2.31972 44.79831 -2.36328 146 146 146
2.41540 44.79682 -2.28171 142 142 142
2.50146 44.79970 -2.18996 149 149 149
2.59019 44.80058 -2.10110 147 147 147
2.67353 44.79631 -2.00715 146 146 146
2.75310 44.80067 -1.90998 152 152 152
2.82947 44.79893 -1.81027 154 154 154
2.89781 44.79995 -1.70489 152 152 152
2.97341 44.79477 -1.60411 150 150 150
3.03131 44.79579 -1.49237 153 153 153
3.09168 44.79811 -1.38224 159 159 159
3.14871 44.80281 -1.27024 157 157 157
3.20013 44.80326 -1.15551 154 154 154
3.24249 44.79834 -1.03712 159 159 159
3.28512 44.80057 -0.91893 157 157 157
3.32031 44.79814 -0.79831 160 160 160
3.35212 44.80197 -0.67679 162 162 162
3.37741 44.80044 -0.55377 159 159 159
3.39999 44.79816 -0.43025 162 162 162
3.41720 44.79925 -0.30587 163 163 163
3.43025 44.80039 -0.18096 164 164 164
3.43954 44.80368 -0.05565 173 173 173
3.42897 45.20104 0.07063 164 164 164
3.42986 45.19942 0.19620 172 172 172
3.42229 45.20360 0.32157 171 171 171
3.41518 45.19927 0.44718 169 169 169
3.39756 45.20225 0.57173 173 173 173
3.37666 45.19688 0.69580 176 176 176
3.34760 45.19897 0.81821 170 170 170
3.31451 45.19722 0.93951 172 172 172
3.27593 45.19201 1.05911 179 179 179
3.23235 45.20440 1.17689 176 176 176
3.19218 45.19950 1.29608 169 169 169
3.14015 45.20251 1.41052 171 171 171
3.08555 45.20301 1.52372 179 179 179
3.02472 45.19989 1.63368 182 182 182
2.96377 45.19972 1.74363 178 178 178
2.89503 45.20369 1.84888 181 181 181
2.81949 45.20237 1.94933 188 188 188
2.74507 45.20069 2.05044 181 181 181
2.67092 45.19811 2.15223 186 186 186
2.57940 45.20379 2.23898 190 190 190
2.49787 45.20410 2.33481 190 190 190
2.40603 45.19930 2.42066 190 190 190
2.31239 45.19989 2.50448 191 191 191
2.21625 45.19837 2.58551 190 190 190
2.11500 45.19954 2.66004 186 186 186
2.01101 45.19820 2.73059 193 193 193
1.90866 45.19876 2.80394 191 191 191
1.79788 45.19991 2.86370 191 191 191
1.68417 45.20062 2.91738 189 189 189
1.57398 45.20216 2.97795 188 188 188
1.45806 45.19907 3.02655 188 188 188
1.34142 45.19831 3.07327 190 190 190
1.22324 45.19927 3.11616 197 197 197
1.10300 45.19940 3.15300 198 198 198
0.98110 45.20625 3.18384 192 192 192
0.85939 45.20102 3.21625 199 199 199
0.73317 45.20315 3.22425 192 192 192
0.61005 45.20240 3.25054 196 196 196
0.48472 45.20178 3.26031 197 197 197
0.35915 45.20253 3.26392 193 193 193
0.23368 45.20071 3.27183 199 199 199
0.10797 45.19734 3.27013 190 190 190
-0.01728 45.19996 3.25941 194 194 194
-0.14211 45.19987 3.24569 197 197 197
-0.26779 45.20176 3.23682 200 200 200
-0.39051 45.20349 3.20863 204 204 204
-0.51431 45.19936 3.18625 198 198 198
-0.63363 45.19876 3.14588 192 192 192
-0.75719 45.20103 3.12022 191 191 191
-0.87436 45.19912 3.07411 193 193 193
-0.99215 45.20608 3.03004 189 189 189
-1.10596 45.19924 2.97654 189 189 189
-1.22265 45.20058 2.92884 196 196 196
-1.33175 45.19883 2.86590 192 192 192
-1.43813 45.20361 2.79878 190 190 190
-1.54224 45.19661 2.72848 198 198 198
-1.64836 45.19614 2.66103 189 189 189
-1.74819 45.19779 2.58462 193 193 193
-1.84027 45.20402 2.49892 185 185 185
-1.94044 45.19899 2.42258 200 200 200
-2.02987 45.20061 2.33418 186 186 186
-2.11483 45.19900 2.24156 187 187 187
-2.19928 45.20287 2.14857 186 186 186
-2.27948 45.19962 2.05184 187 187 187
-2.35399 45.20025 1.95068 183 183 183
-2.42797 45.20347 1.84908 182 182 182
-2.49453 45.20035 1.74247 180 180 180
-2.56465 45.19788 1.63777 182 182 182
-2.61941 45.20235 1.52435 175 175 175
-2.67344 45.20146 1.41082 177 177 177
-2.72209 45.19985 1.29495 178 178 178
-2.76969 45.19571 1.17863 179 179 179
-2.80374 45.19772 1.05754 178 178 178
-2.84672 45.20205 0.93939 183 183 183
-2.87737 45.19988 0.81752 172 172 172
-2.90711 45.20217 0.69537 170 170 170
-2.92758 45.19580 0.57132 172 172 172
-2.94595 45.19770 0.44696 171 171 171
-2.95595 45.20063 0.32165 172 172 172
-2.96096 45.20049 0.19614 167 167 167
-2.96790 45.20426 0.07063 167 167 167
-2.96093 45.20217 -0.05489 169 169 169
-2.95449 45.20037 -0.18029 173 173 173
-2.94855 45.20085 -0.30602 164 164 164
-2.92953 45.20341 -0.43038 162 162 162
-2.90584 45.20194 -0.55386 161 161 161
-2.87852 45.19474 -0.67655 170 170 170
-2.85008 45.20040 -0.79908 148 148 148
-2.80376 45.19988 -0.91630 156 156 156
-2.76912 45.19870 -1.03717 158 158 158
-2.71929 45.20160 -1.15253 158 158 158
-2.66741 45.20003 -1.26680 152 152 152
-2.61518 45.19858 -1.38094 152 152 152
-2.55660 45.20190 -1.49201 156 156 156
-2.49284 45.19880 -1.60019 152 152 152
-2.42514 45.20433 -1.70594 148 148 148
-2.35587 45.20011 -1.81079 147 147 147
-2.28016 45.20161 -1.91113 154 154 154
-2.19818 45.19845 -2.00638 150 150 150
-2.11811 45.20207 -2.10335 143 143 143
-2.03138 45.19779 -2.19444 155 155 155
-1.94076 45.20058 -2.28167 144 144 144
-1.84592 45.20109 -2.36428 144 144 144
-1.74723 45.20124 -2.44215 148 148 148
-1.64650 45.20327 -2.51722 146 146 146
-1.54680 45.19392 -2.59406 148 148 148
-1.43718 45.20131 -2.65598 150 150 150
-1.33030 45.20179 -2.72206 139 139 139
-1.21679 45.19960 -2.77608 139 139 139
-1.10768 45.20042 -2.83903 142 142 142
-0.99067 45.19711 -2.88523 147 147 147
-0.87419 45.19994 -2.93240 147 147 147
-0.75403 45.20007 -2.96923 138 138 138
-0.63591 45.20180 -3.01272 141 141 141
-0.51239 45.20074 -3.03699 139 139 139
-0.39071 45.19597 -3.06843 139 139 139
-0.26755 45.20371 -3.09403 138 138 138
-0.14209 45.19398 -3.10425 138 138 138
-0.01724 45.19901 -3.11763 132 132 132
0.10804 45.20097 -3.12723 140 140 140
0.23368 45.20082 -3.13235 136 136 136
0.35920 45.20136 -3.12390 142 142 142
0.48450 45.20009 -3.11635 137 137 137
0.61037 45.20262 -3.11202 140 140 140
0.73360 45.19578 -3.08573 136 136 136
0.85683 45.20514 -3.06216 139 139 139
0.97915 45.19846 -3.03447 135 135 135
1.10064 45.20152 -3.00338 142 142 142
1.22184 45.19892 -2.97061 144 144 144
1.34220 45.20275 -2.93415 137 137 137
1.45719 45.19803 -2.88319 137 137 137
1.57291 45.19901 -2.83439 147 147 147
1.68470 45.20073 -2.77715 152 152 152
1.80162 45.19628 -2.72913 143 143 143
1.90816 45.19822 -2.66188 145 145 145
2.01541 45.20283 -2.59591 139 139 139
2.11607 45.20372 -2.52026 143 143 143
2.21358 45.19694 -2.44086 142 142 142
2.31142 45.19975 -2.36209 148 148 148
2.40415 45.19843 -2.27738 147 147 147
2.49865 45.20415 -2.19434 145 145 145
2.58217 45.20523 -2.10029 154 154 154
2.66650 45.19820 -2.00720 153 153 153
2.75294 45.19559 -1.91540 150 150 150
2.82025 45.20066 -1.80862 153 153 153
2.89243 45.19907 -1.70589 147 147 147
2.96168 45.20314 -1.60110 149 149 149
3.02616 45.20491 -1.49324 152 152 152
3.08023 45.19841 -1.37976 157 157 157
3.14054 45.19589 -1.26945 154 154 154
3.18998 45.19840 -1.15392 160 160 160
3.23351 45.20387 -1.03607 153 153 153
3.27856 45.20102 -0.91872 163 163 163
3.31430 45.19697 -0.79820 159 159 159
3.34672 45.19752 -0.67675 160 160 160
3.37493 45.19616 -0.55421 164 164 164
3.39082 45.20544 -0.42942 160 160 160
3.40515 45.19730 -0.30474 168 168 168
3.42286 45.20051 -0.18037 169 169 169
3.42591 45.19688 -0.05480 163 163 163
3.41994 45.60183 0.07125 168 168 168
3.42684 45.59677 0.19702 167 167 167
3.41578 45.59949 0.32231 171 171 171
3.40010 45.60343 0.44696 165 165 165
3.38980 45.59915 0.57239 171 171 171
3.35846 45.59744 0.69439 179 179 179
3.33722 45.59914 0.81825 167 167 167
3.30515 45.59942 0.93973 170 170 170
3.27214 45.59679 1.06108 167 167 167
3.22776 45.60086 1.17875 181 181 181
3.18212 45.59833 1.29582 183 183 183
3.13393 45.60110 1.41194 181 181 181
3.07933 45.60232 1.52523 175 175 175
3.01447 45.60147 1.63301 188 188 188
2.95559 45.59873 1.74411 181 181 181
2.88386 45.60050 1.84735 187 187 187
2.81406 45.59944 1.95177 181 181 181
2.74255 45.59978 2.05534 190 190 190
2.65428 45.59834 2.14541 188 188 188
2.57327 45.60372 2.24128 187 187 187
2.48846 45.59661 2.33397 189 189 189
2.39571 45.59904 2.41870 188 188 188
2.30530 45.60416 2.50609 189 189 189
2.20642 45.59820 2.58373 186 186 186
2.10448 45.60111 2.65711 199 199 199
2.00313 45.59865 2.73130 186 186 186
1.89599 45.59969 2.79685 187 187 187
1.78954 45.59717 2.86362 193 193 193
1.67922 45.59904 2.92386 190 190 190
1.56696 45.59953 2.98057 196 196 196
1.44824 45.60580 3.02261 202 202 202
1.33286 45.59789 3.07222 186 186 186
1.21663 45.59855 3.12088 193 193 193
1.09302 45.60116 3.14638 198 198 198
0.97278 45.59709 3.18288 192 192 192
0.84902 45.60305 3.20468 193 193 193
0.72638 45.60108 3.23217 190 190 190
0.60163 45.59717 3.24710 198 198 198
0.47665 45.59855 3.25934 200 200 200
0.35135 45.60464 3.26816 197 197 197
0.22574 45.60514 3.26951 189 189 189
0.09997 45.59972 3.27240 201 201 201
-0.02535 45.59974 3.26168 196 196 196
-0.15078 45.60163 3.25251 194 194 194
-0.27529 45.60437 3.23465 193 193 193
-0.39884 45.59963 3.21124 197 197 197
-0.52041 45.59640 3.17918 196 196 196
-0.64129 45.60434 3.14550 199 199 199
-0.76334 45.59865 3.11532 192 192 192
-0.88200 45.60101 3.07392 192 192 192
-1.00060 45.60007 3.03191 200 200 200
-1.11333 45.59880 2.97592 184 184 184
-1.22804 45.60028 2.92446 196 196 196
-1.33712 45.60023 2.86194 199 199 199
-1.44629 45.60005 2.79976 185 185 185
-1.54928 45.60199 2.72776 185 185 185
-1.65595 45.60202 2.66118 190 190 190
-1.75675 45.60004 2.58604 187 187 187
-1.85221 45.59402 2.50422 187 187 187
-1.94349 45.60204 2.41791 190 190 190
-2.03691 45.60061 2.33390 183 183 183
-2.12288 45.59868 2.24229 193 193 193
-2.20670 45.60248 2.14875 190 190 190
-2.28484 45.60249 2.05044 186 186 186
-2.36175 45.60370 1.95117 187 187 187
-2.43442 45.60151 1.84871 184 184 184
-2.49981 45.60053 1.74147 183 183 183
-2.56606 45.60217 1.63474 175 175 175
-2.61841 45.60268 1.52042 179 179 179
-2.67655 45.59997 1.40923 181 181 181
-2.72597 45.59868 1.29389 181 181 181
-2.77566 45.60053 1.17853 174 174 174
-2.81848 45.60247 1.06038 174 174 174
-2.85546 45.59799 0.94024 177 177 177
-2.88871 45.59728 0.81896 173 173 173
-2.91717 45.60113 0.69641 180 180 180
-2.93675 45.59821 0.57214 184 184 184
-2.95199 45.60065 0.44736 171 171 171
-2.96370 45.60419 0.32226 163 163 163
-2.97427 45.60071 0.19698 169 169 169
-2.97279 45.60300 0.07125 164 164 164
-2.97301 45.60060 -0.05443 167 167 167
-2.96614 45.60152 -0.17996 168 168 168
-2.95184 45.59967 -0.30484 168 168 168
-2.93592 45.60117 -0.42951 173 173 173
-2.91233 45.60004 -0.55295 161 161 161
-2.88162 45.59789 -0.67476 148 148 148
-2.85261 45.60005 -0.79693 152 152 152
-2.81509 45.59839 -0.91678 156 156 156
-2.77212 45.59354 -1.03472 161 161 161
-2.73451 45.60023 -1.15493 158 158 158
-2.68962 45.59867 -1.27275 158 158 158
-2.62642 45.60101 -1.38200 154 154 154
-2.56715 45.60402 -1.49284 154 154 154
-2.50184 45.60121 -1.60021 151 151 151
-2.43612 45.60426 -1.70735 149 149 149
-2.36264 45.59961 -1.80932 151 151 151
-2.28857 45.60282 -1.91087 153 153 153
-2.20806 45.59807 -2.00742 142 142 142
-2.12381 45.60132 -2.10065 148 148 148
-2.04030 45.59818 -2.19480 148 148 148
-1.94409 45.60364 -2.27606 145 145 145
-1.85038 45.60191 -2.35958 146 146 146
-1.75406 45.59859 -2.44012 144 144 144
-1.65111 45.60172 -2.51202 140 140 140
-1.55137 45.59973 -2.58839 149 149 149
-1.44478 45.60042 -2.65480 143 143 143
-1.33681 45.60148 -2.71889 144 144 144
-1.22698 45.59859 -2.77988 143 143 143
-1.11377 45.59921 -2.83437 143 143 143
-1.00091 45.59593 -2.89016 140 140 140
-0.87943 45.59890 -2.92445 142 142 142
-0.76367 45.59982 -2.97384 147 147 147
-0.64230 45.59894 -3.00659 141 141 141
-0.52298 45.60038 -3.04740 138 138 138
-0.39892 45.59797 -3.06916 145 145 145
-0.27495 45.59805 -3.08999 136 136 136
-0.15043 45.59782 -3.10703 135 135 135
-0.02556 45.60549 -3.12181 138 138 138
0.10034 45.60493 -3.12045 144 144 144
0.22574 45.60041 -3.13196 139 139 139
0.35127 45.59805 -3.12353 138 138 138
0.47664 45.59799 -3.11675 141 141 141
0.60106 45.60140 -3.09980 142 142 142
0.72679 45.59884 -3.09221 137 137 137
0.85045 45.59579 -3.06936 148 148 148
0.97305 45.59698 -3.04151 138 138 138
1.09348 45.59847 -3.00551 143 143 143
1.21352 45.59674 -2.96882 141 141 141
1.33299 45.60421 -2.93008 141 141 141
1.44987 45.59872 -2.88405 150 150 150
1.56477 45.59380 -2.83332 136 136 136
1.67531 45.59812 -2.77369 147 147 147
1.78786 45.59818 -2.71811 140 140 140
1.89687 45.59987 -2.65579 151 151 151
2.00509 45.59916 -2.59173 142 142 142
2.10472 45.59758 -2.51494 142 142 142
2.20626 45.59968 -2.44103 146 146 146
2.30578 45.59901 -2.36416 150 150 150
2.40397 45.60255 -2.28515 149 149 149
2.48633 45.60112 -2.18934 149 149 149
2.57813 45.60001 -2.10327 149 149 149
2.65761 45.59981 -2.00576 152 152 152
2.73545 45.59719 -1.90725 147 147 147
2.81655 45.60142 -1.81108 151 151 151
2.88804 45.59777 -1.70764 149 149 149
2.95542 45.60209 -1.60150 157 157 157
3.02075 45.59865 -1.49403 156 156 156
3.07642 45.60003 -1.38124 161 161 161
3.13350 45.59973 -1.26924 157 157 157
3.18016 45.60193 -1.15251 156 156 156
3.22794 45.60117 -1.03632 152 152 152
3.26977 45.59941 -0.91781 154 154 154
3.30296 45.60106 -0.79662 160 160 160
3.33435 45.60035 -0.67506 162 162 162
3.36353 45.60410 -0.55290 157 157 157
3.38738 45.59941 -0.42950 170 170 170
3.40491 45.59371 -0.30503 162 162 162
3.41917 45.60051 -0.18008 165 165 165
3.42020 45.60094 -0.05426 167 167 167
3.41798 46.00092 0.07188 163 163 163
3.42110 45.99481 0.19774 173 173 173
3.40568 46.00465 0.32278 169 169 169
3.39511 45.99969 0.44795 170 170 170
3.37761 46.00262 0.57236 168 168 168
3.35556 45.99640 0.69604 172 172 172
3.33658 46.00169 0.82065 173 173 173
3.29056 45.99928 0.93851 182 182 182
3.26208 46.00359 1.06106 181 181 181
3.21832 46.00029 1.17887 179 179 179
3.17582 46.00151 1.29717 176 176 176
3.12415 45.99559 1.41177 180 180 180
3.06631 46.00178 1.52332 174 174 174
3.00446 45.99511 1.63254 187 187 187
2.94712 46.00290 1.74447 186 186 186
2.87642 46.00397 1.84838 179 179 179
2.81106 46.00345 1.95607 184 184 184
2.73009 45.99702 2.05249 185 185 185
2.65157 46.00059 2.15061 189 189 189
2.56954 45.99919 2.24591 192 192 192
2.48349 45.99993 2.33768 192 192 192
2.39022 45.99719 2.42210 194 194 194
2.29508 45.99735 2.50419 183 183 183
2.19640 46.00257 2.58186 197 197 197
2.10290 45.99715 2.66665 188 188 188
1.99779 45.99569 2.73598 192 192 192
1.88959 46.00195 2.80018 188 188 188
1.77915 45.99851 2.86007 186 186 186
1.67147 45.99936 2.92508 193 193 193
1.55615 45.99911 2.97523 193 193 193
1.44148 46.00060 3.02637 184 184 184
1.32410 45.99733 3.07093 183 183 183
1.20547 45.99367 3.11194 198 198 198
1.08732 45.99915 3.15535 197 197 197
0.96410 46.00084 3.18088 195 195 195
0.84109 45.99995 3.20595 201 201 201
0.71862 46.00005 3.23462 191 191 191
0.59387 45.99887 3.25022 203 203 203
0.46869 45.99695 3.26109 201 201 201
0.34339 46.00211 3.27129 189 189 189
0.21769 46.00115 3.27504 200 200 200
0.09185 45.99702 3.27458 189 189 189
-0.03313 45.99796 3.25878 197 197 197
-0.15819 45.99758 3.24769 191 191 191
-0.28295 45.99629 3.23279 197 197 197
-0.40699 46.00269 3.21233 193 193 193
-0.52891 46.00093 3.18167 192 192 192
-0.65145 45.99748 3.15362 196 196 196
-0.77035 45.99882 3.11275 195 195 195
-0.88815 46.00040 3.06938 193 193 193
-1.00814 45.99498 3.03129 197 197 197
-1.12203 46.00112 2.97796 193 193 193
-1.23277 46.00657 2.91856 192 192 192
-1.34480 45.99635 2.86190 191 191 191
-1.45504 46.00154 2.80152 191 191 191
-1.55995 46.00124 2.73229 195 195 195
-1.66146 46.00374 2.65830 187 187 187
-1.76270 46.00442 2.58399 192 192 192
-1.85798 45.99939 2.50217 186 186 186
-1.95252 46.00183 2.41959 181 181 181
-2.04287 45.99930 2.33244 183 183 183
-2.13092 46.00051 2.24291 188 188 188
-2.21610 45.99955 2.15053 186 186 186
-2.29580 46.00054 2.05335 188 188 188
-2.37162 45.99159 1.95312 189 189 189
-2.44809 46.00124 1.85309 183 183 183
-2.51427 45.99924 1.74602 183 183 183
-2.57438 45.99706 1.63551 173 173 173
-2.62500 45.99947 1.52029 178 178 178
-2.68580 46.00203 1.41040 184 184 184
-2.74080 46.00138 1.29732 177 177 177
-2.78808 46.00182 1.18076 181 181 181
-2.82778 45.99810 1.06141 180 180 180
-2.86740 45.99726 0.94196 173 173 173
-2.89690 45.99774 0.81962 174 174 174
-2.91841 45.99490 0.69568 174 174 174
-2.94714 46.00100 0.57313 171 171 171
-2.95935 45.99683 0.44790 170 170 170
-2.97488 45.99977 0.32314 174 174 174
-2.98304 45.99935 0.19763 167 167 167
-2.98577 45.99868 0.07188 165 165 165
-2.98184 45.99712 -0.05383 163 163 163
-2.96786 46.00377 -0.17883 172 172 172
-2.96099 46.00228 -0.30435 158 158 158
-2.94196 45.99839 -0.42856 159 159 159
-2.92594 45.99944 -0.55343 170 170 170
-2.90000 45.99901 -0.67662 157 157 157
-2.85928 45.99757 -0.79592 166 166 166
-2.82757 45.99791 -0.91759 161 161 161
-2.78715 46.00573 -1.03667 166 166 166
-2.73607 46.00084 -1.15161 158 158 158
-2.68697 45.99779 -1.26719 153 153 153
-2.63011 45.99810 -1.37915 155 155 155
-2.57095 46.00357 -1.48984 151 151 151
-2.51241 45.99635 -1.60113 151 151 151
-2.44213 46.00116 -1.70536 150 150 150
-2.37175 45.99813 -1.80946 150 150 150
-2.29748 46.00060 -1.91092 150 150 150
-2.21765 45.99747 -2.00810 148 148 148
-2.13425 46.00072 -2.10224 150 150 150
-2.04713 46.00077 -2.19294 149 149 149
-1.95326 45.99698 -2.27665 139 139 139
-1.85920 46.00110 -2.35985 147 147 147
-1.76029 46.00088 -2.43719 142 142 142
-1.66459 45.99973 -2.51886 150 150 150
-1.56152 45.99826 -2.59090 141 141 141
-1.45280 45.99715 -2.65412 144 144 144
-1.34479 45.99899 -2.71813 143 143 143
-1.23483 45.99750 -2.77886 137 137 137
-1.12337 45.99951 -2.83711 138 138 138
-1.00768 45.99874 -2.88643 143 143 143
-0.88880 45.99969 -2.92741 140 140 140
-0.77149 46.00028 -2.97251 139 139 139
-0.64916 46.00111 -3.00175 144 144 144
-0.53016 45.99825 -3.04315 141 141 141
-0.40655 46.00322 -3.06638 141 141 141
-0.28344 46.00267 -3.09210 146 146 146
-0.15898 45.99726 -3.11060 142 142 142
-0.03278 46.00164 -3.11063 138 138 138
0.09220 46.00007 -3.12191 145 145 145
0.21769 45.99550 -3.13186 148 148 148
0.34319 45.99954 -3.12230 151 151 151
0.46812 46.00480 -3.11017 146 146 146
0.59355 46.00266 -3.10378 144 144 144
0.71880 45.99783 -3.09200 137 137 137
0.84258 45.99883 -3.06965 142 142 142
0.96520 46.00438 -3.04172 145 145 145
1.08622 46.00206 -3.00769 141 141 141
1.20635 46.00158 -2.97093 140 140 140
1.32550 46.00066 -2.93099 141 141 141
1.44289 46.00121 -2.88603 135 135 135
1.55991 46.00086 -2.83962 140 140 140
1.67171 45.99921 -2.78181 142 142 142
1.77981 45.99968 -2.71750 142 142 142
1.89021 45.99886 -2.65744 143 143 143
1.99700 46.00225 -2.59106 134 134 134
2.10025 45.99841 -2.51925 148 148 148
2.20060 45.99715 -2.44344 144 144 144
2.29590 46.00312 -2.36139 145 145 145
2.38893 46.00001 -2.27696 146 146 146
2.48457 46.00131 -2.19501 143 143 143
2.56423 46.00067 -2.09725 143 143 143
2.65561 46.00003 -2.01030 145 145 145
2.72806 46.00095 -1.90714 148 148 148
2.80747 45.99869 -1.80971 150 150 150
2.88172 45.99864 -1.70817 151 151 151
2.94245 45.99698 -1.59786 155 155 155
3.00688 45.99637 -1.49015 156 156 156
3.07175 45.99870 -1.38234 160 160 160
3.12265 46.00766 -1.26733 151 151 151
3.17481 46.00418 -1.15301 163 163 163
3.21911 46.00555 -1.03541 156 156 156
3.25984 46.00224 -0.91658 153 153 153
3.29822 46.00480 -0.79692 161 161 161
3.32620 45.99691 -0.67441 165 165 165
3.34964 45.99756 -0.55111 161 161 161
3.37632 45.99986 -0.42840 165 165 165
3.39393 46.00643 -0.30406 161 161 161
3.40822 45.99648 -0.17923 163 163 163
3.42189 45.99876 -0.05402 169 169 169
3.40696 46.40534 0.07250 174 174 174
3.41203 46.40646 0.19833 165 165 165
3.39651 46.39978 0.32332 170 170 170
3.38147 46.39951 0.44793 173 173 173
3.37151 46.39959 0.57331 176 176 176
3.34766 46.40607 0.69671 171 171 171
3.32828 46.39999 0.82125 179 179 179
3.28843 46.39822 0.94084 170 170 170
3.25105 46.40206 1.06075 175 175 175
3.21667 46.39934 1.18189 181 181 181
3.16192 46.39597 1.29542 180 180 180
3.11742 46.39517 1.41306 178 178 178
3.06334 46.39982 1.52659 175 175 175
3.00174 46.39922 1.63622 175 175 175
2.93427 46.40708 1.74223 182 182 182
2.87042 46.40095 1.85045 182 182 182
2.79463 46.40350 1.95069 187 187 187
2.72239 46.40243 2.05348 180 180 180
2.64565 46.40035 2.15314 183 183 183
2.55524 46.39734 2.24086 191 191 191
2.47103 46.39829 2.33401 185 185 185
2.37817 46.39353 2.41853 189 189 189
2.29027 46.40299 2.50875 188 188 188
2.19266 46.39957 2.58810 186 186 186
2.08949 46.40095 2.66006 192 192 192
1.98702 46.40033 2.73271 186 186 186
1.88068 46.40027 2.79958 190 190 190
1.77512 46.39965 2.86807 189 189 189
1.66401 46.40134 2.92708 198 198 198
1.55043 46.40063 2.98116 187 187 187
1.43448 46.40524 3.02980 193 193 193
1.31581 46.39849 3.07121 191 191 191
1.19890 46.39911 3.11750 192 192 192
1.07805 46.40089 3.15205 191 191 191
0.95645 46.40150 3.18367 194 194 194
0.83450 46.40031 3.21446 196 196 196
0.70954 46.40001 3.22949 200 200 200
0.58577 46.40338 3.25140 198 198 198
0.46095 46.39907 3.26724 196 196 196
0.33511 46.39869 3.26881 197 197 197
0.20952 46.39933 3.27197 187 187 187
0.08386 46.39545 3.27080 194 194 194
-0.04185 46.40275 3.26646 197 197 197
-0.16642 46.39714 3.24881 199 199 199
-0.29025 46.40309 3.22797 198 198 198
-0.41336 46.39900 3.20394 199 199 199
-0.53654 46.40345 3.18007 193 193 193
-0.65860 46.40368 3.15062 197 197 197
-0.77706 46.40102 3.10890 189 189 189
-0.89750 46.40413 3.07323 201 201 201
-1.01667 46.40428 3.03279 190 190 190
-1.12844 46.40263 2.97478 194 194 194
-1.24535 46.40095 2.92786 183 183 183
-1.35199 46.39544 2.86078 192 192 192
-1.46319 46.39679 2.80213 191 191 191
-1.57291 46.40400 2.74010 186 186 186
-1.67491 46.39893 2.66620 193 193 193
-1.77300 46.40161 2.58732 183 183 183
-1.86781 46.40250 2.50474 190 190 190
-1.96621 46.40182 2.42620 182 182 182
-2.05334 46.39944 2.33536 180 180 180
-2.14005 46.39861 2.24442 188 188 188
-2.22525 46.39783 2.15200 192 192 192
-2.30564 46.40577 2.05530 194 194 194
-2.37616 46.40255 1.95111 188 188 188
-2.45586 46.40097 1.85345 179 179 179
-2.52132 46.40035 1.74596 184 184 184
-2.58310 46.39909 1.63645 183 183 183
-2.64305 46.39880 1.52596 182 182 182
-2.70167 46.40329 1.41458 179 179 179
-2.74883 46.39967 1.29789 176 176 176
-2.79231 46.40188 1.17994 174 174 174
-2.83487 46.40191 1.06168 173 173 173
-2.87020 46.40013 0.94107 179 179 179
-2.90024 46.40288 0.81909 171 171 171
-2.92710 46.40332 0.69641 179 179 179
-2.95545 46.39822 0.57378 177 177 177
-2.96667 46.39856 0.44843 170 170 170
-2.98192 46.39796 0.32367 172 172 172
-2.98159 46.39967 0.19788 167 167 167
-2.98959 46.39834 0.07250 168 168 168
-2.99325 46.40103 -0.05334 160 160 160
-2.98369 46.39670 -0.17881 171 171 171
-2.97002 46.40373 -0.30382 165 165 165
-2.95166 46.39768 -0.42818 167 167 167
-2.93283 46.39768 -0.55255 162 162 162
-2.90259 46.40588 -0.67465 160 160 160
-2.86735 46.40093 -0.79527 157 157 157
-2.83121 46.39973 -0.91549 157 157 157
-2.79265 46.39457 -1.03506 151 151 151
-2.74553 46.40136 -1.15152 156 156 156
-2.70261 46.39613 -1.27001 148 148 148
-2.63487 46.39911 -1.37679 153 153 153
-2.58406 46.40044 -1.49198 153 153 153
-2.52275 46.39895 -1.60184 157 157 157
-2.45067 46.40257 -1.70499 152 152 152
-2.37847 46.39939 -1.80778 150 150 150
-2.29801 46.39713 -1.90428 153 153 153
-2.22579 46.39715 -2.00745 156 156 156
-2.14213 46.39644 -2.10135 150 150 150
-2.05265 46.39981 -2.18967 153 153 153
-1.96250 46.39952 -2.27718 140 140 140
-1.86758 46.39575 -2.35948 149 149 149
-1.76963 46.40107 -2.43804 143 143 143
-1.67352 46.39865 -2.51929 147 147 147
-1.56745 46.40133 -2.58692 145 145 145
-1.46293 46.39964 -2.65669 142 142 142
-1.35137 46.40207 -2.71468 146 146 146
-1.24007 46.39737 -2.77249 138 138 138
-1.13019 46.40241 -2.83355 143 143 143
-1.01585 46.39986 -2.88582 139 139 139
-0.89912 46.39563 -2.93262 134 134 134
-0.77894 46.39937 -2.96966 144 144 144
-0.65777 46.39428 -3.00269 139 139 139
-0.53846 46.40261 -3.04306 147 147 147
-0.41542 46.40024 -3.06932 143 143 143
-0.29099 46.39432 -3.08760 133 133 133
-0.16650 46.39610 -3.10449 147 147 147
-0.04080 46.40259 -3.10817 137 137 137
0.08373 46.40365 -3.12910 141 141 141
0.20952 46.39965 -3.12551 140 140 140
0.33506 46.39811 -3.12267 141 141 141
0.46063 46.40212 -3.11816 140 140 140
0.58559 46.40092 -3.10490 137 137 137
0.70921 46.39871 -3.08237 139 139 139
0.83352 46.40401 -3.06456 149 149 149
0.95648 46.39958 -3.03881 146 146 146
1.07935 46.40178 -3.01168 150 150 150
1.19777 46.39835 -2.96902 137 137 137
1.31695 46.39497 -2.92931 142 142 142
1.43215 46.39992 -2.87919 135 135 135
1.54968 46.40304 -2.83452 148 148 148
1.66369 46.40282 -2.78147 144 144 144
1.77532 46.40056 -2.72344 136 136 136
1.88090 46.40042 -2.65494 144 144 144
1.98908 46.40118 -2.59079 141 141 141
2.09041 46.39713 -2.51632 147 147 147
2.19350 46.40261 -2.44416 154 154 154
2.28848 46.40130 -2.36165 140 140 140
2.38392 46.40032 -2.27975 144 144 144
2.47112 46.39798 -2.18909 150 150 150
2.56149 46.39968 -2.10163 144 144 144
2.64325 46.40246 -2.00610 147 147 147
2.71985 46.39568 -1.90648 156 156 156
2.80161 46.39861 -1.81076 153 153 153
2.87367 46.39549 -1.70763 151 151 151
2.93878 46.39770 -1.59999 152 152 152
3.00342 46.40029 -1.49216 152 152 152
3.05763 46.40232 -1.37868 150 150 150
3.11413 46.39787 -1.26654 157 157 157
3.16754 46.40344 -1.15275 148 148 148
3.20497 46.39879 -1.03258 156 156 156
3.25126 46.40128 -0.91582 154 154 154
3.29522 46.40303 -0.79776 159 159 159
3.32466 46.40410 -0.67538 167 167 167
3.35090 46.40204 -0.55236 167 167 167
3.36881 46.39858 -0.42788 162 162 162
3.39174 46.39820 -0.30414 161 161 161
3.39811 46.40233 -0.17845 172 172 172
3.40996 46.40028 -0.05325 166 166 166
3.40294 46.80111 0.07312 169 169 169
3.39670 46.80208 0.19867 171 171 171
3.38923 46.80160 0.32402 173 173 173
3.37975 46.80571 0.44933 169 169 169
3.36321 46.80256 0.57393 175 175 175
3.34116 46.79862 0.69769 170 170 170
3.31666 46.80236 0.82107 175 175 175
3.28159 46.79908 0.94187 171 171 171
3.24521 46.80088 1.06217 175 175 175
3.19859 46.79934 1.17890 181 181 181
3.15555 46.80085 1.29683 186 186 186
3.10739 46.79993 1.41287 182 182 182
3.05040 46.80053 1.52484 178 178 178
2.99203 46.79737 1.63603 178 178 178
2.92530 46.79534 1.74242 184 184 184
2.85832 46.79974 1.84852 192 192 192
2.78947 46.80049 1.95358 179 179 179
2.71203 46.79770 2.05246 186 186 186
2.63321 46.79399 2.15022 190 190 190
2.54935 46.80131 2.24368 183 183 183
2.46951 46.79718 2.34138 183 183 183
2.37043 46.80010 2.41973 192 192 192
2.28111 46.79890 2.50833 188 188 188
2.18277 46.79535 2.58667 191 191 191
2.08097 46.79593 2.66034 190 190 190
1.97799 46.79960 2.73220 186 186 186
1.87215 46.80100 2.79978 194 194 194
1.76468 46.80027 2.86482 193 193 193
1.65427 46.79773 2.92483 192 192 192
1.54252 46.80071 2.98256 197 197 197
1.42714 46.80140 3.03268 196 196 196
1.30669 46.79730 3.06954 202 202 202
1.18944 46.80312 3.11444 199 199 199
1.07008 46.79868 3.15377 189 189 189
0.94825 46.79334 3.18461 199 199 199
0.82616 46.80074 3.21473 189 189 189
0.70173 46.80147 3.23302 192 192 192
0.57701 46.80204 3.24792 196 196 196
0.45232 46.80019 3.26320 193 193 193
0.32707 46.80116 3.27530 196 196 196
0.20125 46.80261 3.27230 198 198 198
0.07537 46.80000 3.27691 196 196 196
-0.04991 46.80072 3.26444 193 193 193
-0.17496 46.80816 3.25168 192 192 192
-0.30030 46.79995 3.23978 192 192 192
-0.42271 46.79756 3.20998 201 201 201
-0.54605 46.80363 3.18588 198 198 198
-0.66847 46.80028 3.15693 202 202 202
-0.78839 46.79813 3.11892 190 190 190
-0.90711 46.79854 3.07748 194 194 194
-1.02232 46.80018 3.02708 191 191 191
-1.13819 46.79805 2.97859 185 185 185
-1.25214 46.80065 2.92557 190 190 190
-1.36275 46.80117 2.86586 195 195 195
-1.47033 46.79944 2.80090 189 189 189
-1.57522 46.80146 2.73181 196 196 196
-1.68123 46.79953 2.66414 192 192 192
-1.77688 46.79720 2.58237 190 190 190
-1.87907 46.79820 2.50887 195 195 195
-1.97189 46.79955 2.42402 194 194 194
-2.05956 46.80239 2.33394 180 180 180
-2.14678 46.79523 2.24362 190 190 190
-2.23197 46.80043 2.15130 180 180 180
-2.30977 46.79615 2.05266 184 184 184
-2.38842 46.80050 1.95463 189 189 189
-2.46423 46.79639 1.85414 187 187 187
-2.52596 46.80179 1.74436 187 187 187
-2.58954 46.79960 1.63604 184 184 184
-2.64915 46.79865 1.52548 184 184 184
-2.70398 46.79672 1.41246 175 175 175
-2.75967 46.79530 1.29958 183 183 183
-2.79776 46.80384 1.17952 180 180 180
-2.84712 46.79515 1.06360 177 177 177
-2.87324 46.80320 0.94022 174 174 174
-2.91256 46.79960 0.82068 178 178 178
-2.93469 46.79879 0.69690 173 173 173
-2.95730 46.80033 0.57339 171 171 171
-2.97223 46.79998 0.44873 171 171 171
-2.98514 46.80080 0.32390 168 168 168
-2.99562 46.79764 0.19873 183 183 183
-3.00086 46.79986 0.07313 159 159 159
-2.99998 46.79798 -0.05265 166 166 166
-2.99207 46.80125 -0.17819 167 167 167
-2.97539 46.79887 -0.30286 163 163 163
-2.95819 46.80174 -0.42728 165 165 165
-2.92908 46.79920 -0.54954 153 153 153
-2.91241 46.79706 -0.67440 158 158 158
-2.87874 46.80262 -0.79552 156 156 156
-2.84944 46.80259 -0.91810 163 163 163
-2.79932 46.80296 -1.03384 156 156 156
-2.74946 46.79823 -1.14910 153 153 153
-2.70798 46.79914 -1.26805 152 152 152
-2.65060 46.80185 -1.37996 149 149 149
-2.58774 46.80097 -1.48879 155 155 155
-2.52741 46.79800 -1.59900 154 154 154
-2.46071 46.79870 -1.70554 148 148 148
-2.38595 46.80219 -1.80659 155 155 155
-2.31177 46.79926 -1.90798 149 149 149
-2.23371 46.79856 -2.00653 151 151 151
-2.14544 46.79581 -2.09613 152 152 152
-2.06325 46.79933 -2.19138 146 146 146
-1.97200 46.80067 -2.27788 148 148 148
-1.87567 46.79343 -2.35864 142 142 142
-1.77790 46.79895 -2.43742 140 140 140
-1.67875 46.79866 -2.51448 153 153 153
-1.57758 46.80613 -2.58908 152 152 152
-1.47035 46.80022 -2.65468 147 147 147
-1.36351 46.79712 -2.72095 145 145 145
-1.25036 46.79826 -2.77581 148 148 148
-1.13802 46.79995 -2.83198 146 146 146
-1.02274 46.79827 -2.88185 146 146 146
-0.90618 46.80313 -2.92869 144 144 144
-0.78687 46.80074 -2.96799 144 144 144
-0.66759 46.79806 -3.00757 132 132 132
-0.54526 46.79702 -3.03631 135 135 135
-0.42338 46.79689 -3.06712 139 139 139
-0.30032 46.79899 -3.09368 138 138 138
-0.17497 46.80144 -3.10560 142 142 142
-0.04960 46.80106 -3.11426 151 151 151
0.07565 46.80158 -3.12376 142 142 142
0.20125 46.79920 -3.13190 142 142 142
0.32677 46.79949 -3.12165 135 135 135
0.45229 46.80039 -3.11657 138 138 138
0.57809 46.80019 -3.11076 146 146 146
0.70118 46.79879 -3.08328 134 134 134
0.82667 46.80317 -3.07107 139 139 139
0.94816 46.80395 -3.03796 147 147 147
1.06967 46.79991 -3.00606 137 137 137
1.18899 46.80040 -2.96681 142 142 142
1.30714 46.79687 -2.92453 137 137 137
1.42462 46.80249 -2.88034 132 132 132
1.53857 46.79693 -2.82775 140 140 140
1.65335 46.79694 -2.77677 144 144 144
1.76319 46.79633 -2.71592 142 142 142
1.87100 46.80424 -2.65166 139 139 139
1.97940 46.80054 -2.58806 148 148 148
2.08398 46.80009 -2.51823 149 149 149
2.18334 46.80302 -2.44114 150 150 150
2.27893 46.79926 -2.35952 142 142 142
2.37295 46.79922 -2.27620 148 148 148
2.46581 46.80148 -2.19143 148 148 148
2.54811 46.80314 -2.09629 150 150 150
2.63433 46.79615 -2.00492 156 156 156
2.71133 46.80281 -1.90566 145 145 145
2.79255 46.80444 -1.80956 161 161 161
2.86255 46.79570 -1.70510 154 154 154
2.93489 46.80096 -1.60205 152 152 152
2.99163 46.79815 -1.48956 155 155 155
3.05017 46.80362 -1.37847 154 154 154
3.10724 46.80035 -1.26655 154 154 154
3.16380 46.80099 -1.15400 155 155 155
3.20811 46.80310 -1.03616 161 161 161
3.24421 46.79979 -0.91559 154 154 154
3.29057 46.80174 -0.79815 154 154 154
3.31609 46.80113 -0.67468 162 162 162
3.33187 46.80226 -0.54959 167 167 167
3.36656 46.80015 -0.42821 159 159 159
3.37778 46.79525 -0.30284 173 173 173
3.39077 46.79872 -0.17790 167 167 167
3.39801 46.80359 -0.05248 167 167 167
3.40142 47.19585 0.07375 165 165 165
3.38306 47.19836 0.19909 177 177 177
3.38014 47.20107 0.32459 168 168 168
3.36662 47.19858 0.44939 171 171 171
3.35075 47.20006 0.57391 168 168 168
3.33142 47.19155 0.69805 176 176 176
3.30483 47.20565 0.82086 177 177 177
3.27217 47.19570 0.94220 171 171 171
3.23443 47.20303 1.06201 178 178 178
3.20057 47.20292 1.18335 174 174 174
3.14714 47.19635 1.29745 178 178 178
3.09692 47.20299 1.41253 183 183 183
3.05132 47.19902 1.53020 176 176 176
2.98285 47.19984 1.63621 186 186 186
2.91902 47.19974 1.74433 182 182 182
2.85267 47.20327 1.85096 185 185 185
2.78288 47.19991 1.95550 188 188 188
2.70910 47.20338 2.05738 182 182 182
2.62745 47.20394 2.15307 183 183 183
2.54417 47.20110 2.24726 185 185 185
2.45647 47.20185 2.33735 193 193 193
2.36583 47.19928 2.42444 196 196 196
2.27115 47.19878 2.50710 188 188 188
2.17483 47.19706 2.58785 191 191 191
2.07347 47.20094 2.66216 184 184 184
1.96788 47.20142 2.73023 190 190 190
1.86340 47.20523 2.79979 185 185 185
1.75742 47.20016 2.86745 201 201 201
1.64486 47.20325 2.92342 206 206 206
1.53201 47.19912 2.97855 194 194 194
1.42019 47.19991 3.03674 198 198 198
1.30207 47.19840 3.08034 202 202 202
1.18353 47.20237 3.12266 190 190 190
1.06062 47.20059 3.15054 195 195 195
0.93956 47.20682 3.18389 196 196 196
0.81611 47.20166 3.20696 191 191 191
0.69408 47.19331 3.23824 190 190 190
0.56927 47.19823 3.25390 196 196 196
0.44362 47.19984 3.25977 193 193 193
0.31854 47.19893 3.27196 198 198 198
0.19288 47.20188 3.27478 196 196 196
0.06718 47.19813 3.27284 199 199 199
-0.05807 47.19793 3.26231 200 200 200
-0.18282 47.19702 3.24803 197 197 197
-0.30843 47.20084 3.23886 194 194 194
-0.43216 47.19863 3.21603 189 189 189
-0.55438 47.19660 3.18631 196 196 196
-0.67361 47.19855 3.14607 194 194 194
-0.79653 47.20185 3.11883 192 192 192
-0.91643 47.20051 3.08065 195 195 195
-1.03228 47.19550 3.03154 192 192 192
-1.14657 47.20274 2.97924 189 189 189
-1.26052 47.19845 2.92620 196 196 196
-1.37138 47.20123 2.86693 189 189 189
-1.47958 47.20184 2.80296 189 189 189
-1.58447 47.19956 2.73374 194 194 194
-1.68781 47.19993 2.66229 190 190 190
-1.78601 47.20221 2.58396 192 192 192
-1.88664 47.20169 2.50856 185 185 185
-1.97890 47.19668 2.42317 189 189 189
-2.06469 47.20110 2.33132 189 189 189
-2.15698 47.19942 2.24594 190 190 190
-2.24195 47.20131 2.15329 180 180 180
-2.31661 47.19860 2.05207 195 195 195
-2.39713 47.19594 1.95550 186 186 186
-2.46681 47.20373 1.85090 179 179 179
-2.53892 47.19687 1.74780 188 188 188
-2.59662 47.19472 1.63594 179 179 179
-2.66287 47.20422 1.52883 178 178 178
-2.72062 47.19844 1.41689 178 178 178
-2.76710 47.19506 1.29981 186 186 186
-2.80969 47.20063 1.18145 171 171 171
-2.85174 47.19914 1.06301 171 171 171
-2.88742 47.20137 0.94248 180 180 180
-2.92281 47.20004 0.82176 174 174 174
-2.95319 47.20315 0.69954 176 176 176
-2.97048 47.19976 0.57478 169 169 169
-2.98238 47.19668 0.44957 162 162 162
-2.99547 47.20532 0.32468 175 175 175
-3.00714 47.19830 0.19948 169 169 169
-3.00527 47.19718 0.07375 176 176 176
-3.00500 47.20193 -0.05189 164 164 164
-2.99366 47.19899 -0.17704 168 168 168
-2.98160 47.19793 -0.30197 168 168 168
-2.96384 47.20006 -0.42623 159 159 159
-2.94007 47.20171 -0.54943 157 157 157
-2.91417 47.20157 -0.67219 156 156 156
-2.88802 47.20107 -0.79515 166 166 166
-2.84545 47.19774 -0.91346 161 161 161
-2.81513 47.20387 -1.03596 158 158 158
-2.76254 47.20073 -1.15043 160 160 160
-2.71181 47.20013 -1.26533 146 146 146
-2.65928 47.19925 -1.37950 151 151 151
-2.60023 47.20142 -1.49047 153 153 153
-2.53962 47.20146 -1.60072 161 161 161
-2.46511 47.20150 -1.70226 150 150 150
-2.40292 47.20333 -1.81220 143 143 143
-2.31906 47.20115 -1.90650 148 148 148
-2.23992 47.20143 -2.00405 142 142 142
-2.15944 47.19721 -2.10071 152 152 152
-2.06983 47.20077 -2.18896 143 143 143
-1.98075 47.20097 -2.27767 150 150 150
-1.88127 47.20070 -2.35477 142 142 142
-1.78920 47.19483 -2.44050 148 148 148
-1.68831 47.20109 -2.51548 146 146 146
-1.58230 47.19954 -2.58300 141 141 141
-1.47900 47.20235 -2.65451 142 142 142
-1.37127 47.19778 -2.71923 144 144 144
-1.25908 47.20020 -2.77587 145 145 145
-1.14694 47.20173 -2.83255 137 137 137
-1.03167 47.19386 -2.88257 142 142 142
-0.91433 47.20102 -2.92747 143 143 143
-0.79457 47.19882 -2.96530 138 138 138
-0.67702 47.19866 -3.01067 144 144 144
-0.55359 47.19756 -3.03549 142 142 142
-0.43118 47.19783 -3.06358 145 145 145
-0.30881 47.20270 -3.09375 133 133 133
-0.18331 47.20052 -3.10463 137 137 137
-0.05803 47.20106 -3.11433 140 140 140
0.06737 47.19828 -3.12062 143 143 143
0.19288 47.20401 -3.11974 140 140 140
0.31863 47.20190 -3.12677 142 142 142
0.44409 47.19708 -3.11822 139 139 139
0.56845 47.19826 -3.09945 139 139 139
0.69391 47.20202 -3.08962 140 140 140
0.81627 47.19530 -3.06026 140 140 140
0.94091 47.19837 -3.04204 140 140 140
1.06261 47.20052 -3.01010 149 149 149
1.18067 47.19578 -2.96637 141 141 141
1.30263 47.20285 -2.93438 138 138 138
1.41761 47.20402 -2.88302 139 139 139
1.53193 47.19921 -2.83087 140 140 140
1.64462 47.20338 -2.77546 143 143 143
1.75834 47.19673 -2.72158 137 137 137
1.86448 47.19951 -2.65405 139 139 139
1.96821 47.19707 -2.58322 145 145 145
2.07579 47.20045 -2.51785 148 148 148
2.17595 47.20317 -2.44176 145 145 145
2.27406 47.19937 -2.36301 146 146 146
2.36571 47.19738 -2.27680 144 144 144
2.45277 47.19882 -2.18614 154 154 154
2.54168 47.20146 -2.09746 149 149 149
2.62412 47.20017 -2.00273 145 145 145
2.70306 47.20076 -1.90512 149 149 149
2.78572 47.19820 -1.81006 157 157 157
2.85332 47.20257 -1.70390 148 148 148
2.92184 47.19996 -1.59856 159 159 159
2.98533 47.20526 -1.49010 161 161 161
3.04014 47.19846 -1.37700 157 157 157
3.10150 47.20315 -1.26714 158 158 158
3.14550 47.19866 -1.14926 152 152 152
3.19496 47.19999 -1.03378 161 161 161
3.23302 47.20122 -0.91405 156 156 156
3.26837 47.20200 -0.79363 165 165 165
3.30446 47.19747 -0.67328 163 163 163
3.32766 47.20019 -0.54980 161 161 161
3.35079 47.20317 -0.42641 159 159 159
3.37443 47.19800 -0.30281 165 165 165
3.38366 47.20160 -0.17737 163 163 163
3.39430 47.20100 -0.05203 167 167 167
3.38765 47.60096 0.07438 170 170 170
3.38428 47.60124 0.20010 173 173 173
3.37222 47.60223 0.32526 170 170 170
3.35980 47.60185 0.45021 171 171 171
3.34618 47.59888 0.57515 175 175 175
3.31982 47.60261 0.69805 174 174 174
3.29942 47.60033 0.82222 168 168 168
3.26569 47.59798 0.94339 176 176 176
3.23041 47.59954 1.06408 170 170 170
3.19115 47.59753 1.18362 178 178 178
3.13653 47.59857 1.29719 175 175 175
3.09110 47.59944 1.41438 182 182 182
3.03381 47.59990 1.52622 183 183 183
2.97760 47.59820 1.63864 184 184 184
2.91316 47.59659 1.74656 182 182 182
2.84507 47.59730 1.85218 183 183 183
2.77004 47.59839 1.95295 184 184 184
2.69824 47.59833 2.05613 180 180 180
2.61290 47.59864 2.14851 177 177 177
2.54096 47.59579 2.25275 189 189 189
2.45339 47.59520 2.34336 190 190 190
2.35520 47.60032 2.42273 189 189 189
2.26510 47.59968 2.51056 194 194 194
2.16572 47.60254 2.58767 184 184 184
2.06478 47.59950 2.66249 195 195 195
1.96098 47.59774 2.73321 195 195 195
1.85820 47.59954 2.80576 197 197 197
1.74612 47.59692 2.86302 196 196 196
1.63629 47.59991 2.92386 192 192 192
1.52549 47.60015 2.98342 195 195 195
1.41006 47.59917 3.03337 193 193 193
1.29035 47.60326 3.07218 198 198 198
1.17158 47.59597 3.11259 193 193 193
1.05349 47.59877 3.15593 198 198 198
0.93354 47.60262 3.19474 195 195 195
0.80817 47.59921 3.21024 199 199 199
0.68436 47.59936 3.23099 202 202 202
0.55998 47.60164 3.24761 201 201 201
0.43579 47.60259 3.26858 197 197 197
0.31012 47.59797 3.27413 197 197 197
0.18440 47.60067 3.27159 187 187 187
0.05876 47.59696 3.27220 193 193 193
-0.06682 47.60616 3.26649 193 193 193
-0.19132 47.60006 3.24884 192 192 192
-0.31564 47.59842 3.23150 199 199 199
-0.43962 47.60468 3.21156 200 200 200
-0.56225 47.59985 3.18442 191 191 191
-0.68454 47.59976 3.15544 196 196 196
-0.80420 47.59832 3.11698 196 196 196
-0.92373 47.60043 3.07810 195 195 195
-1.04057 47.60482 3.03173 192 192 192
-1.15321 47.59878 2.97588 190 190 190
-1.26899 47.59882 2.92683 191 191 191
-1.37800 47.59905 2.86424 194 194 194
-1.48831 47.60019 2.80400 186 186 186
-1.59224 47.60138 2.73331 189 189 189
-1.69308 47.60323 2.65851 189 189 189
-1.79395 47.60409 2.58390 185 185 185
-1.89603 47.59970 2.51026 187 187 187
-1.99029 47.60647 2.42694 192 192 192
-2.07599 47.59753 2.33477 176 176 176
-2.16556 47.60134 2.24666 183 183 183
-2.25166 47.60372 2.15497 187 187 187
-2.33117 47.60412 2.05749 185 185 185
-2.40554 47.60122 1.95608 184 184 184
-2.48118 47.59803 1.85546 182 182 182
-2.53982 47.59903 1.74378 183 183 183
-2.60655 47.60394 1.63739 182 182 182
-2.66371 47.59961 1.52556 185 185 185
-2.72291 47.59987 1.41466 183 183 183
-2.77336 47.59990 1.29952 180 180 180
-2.81305 47.59724 1.18019 186 186 186
-2.85631 47.60171 1.06236 177 177 177
-2.89589 47.59996 0.94311 169 169 169
-2.92288 47.60059 0.82037 173 173 173
-2.94829 47.60105 0.69751 168 168 168
-2.97988 47.60188 0.57555 172 172 172
-2.99702 47.60003 0.45092 172 172 172
-3.01070 47.59974 0.32584 167 167 167
-3.01011 47.59861 0.19989 168 168 168
-3.01848 47.59930 0.07438 164 164 164
-3.01308 47.59820 -0.05125 169 169 169
-3.00376 47.60147 -0.17654 166 166 166
-2.99282 47.60115 -0.30167 161 161 161
-2.97531 47.60169 -0.42608 164 164 164
-2.95775 47.60428 -0.55064 162 162 162
-2.92639 47.59744 -0.67246 162 162 162
-2.90112 47.59654 -0.79583 157 157 157
-2.86095 47.60089 -0.91512 160 160 160
-2.81481 47.60040 -1.03209 150 150 150
-2.77639 47.59558 -1.15203 156 156 156
-2.72762 47.60219 -1.26809 160 160 160
-2.66534 47.60232 -1.37764 155 155 155
-2.60578 47.60076 -1.48821 151 151 151
-2.54444 47.59630 -1.59786 149 149 149
-2.47588 47.60080 -1.70317 161 161 161
-2.40336 47.60307 -1.80575 154 154 154
-2.32774 47.60163 -1.90604 147 147 147
-2.25243 47.59514 -2.00688 155 155 155
-2.16919 47.60172 -2.10126 140 140 140
-2.07995 47.60105 -2.18998 147 147 147
-1.98769 47.59618 -2.27538 152 152 152
-1.89229 47.60004 -2.35712 143 143 143
-1.79968 47.59911 -2.44242 142 142 142
-1.69169 47.60216 -2.50785 140 140 140
-1.59635 47.60249 -2.59072 142 142 142
-1.48808 47.60416 -2.65488 145 145 145
-1.37812 47.60315 -2.71571 142 142 142
-1.26925 47.59410 -2.77859 145 145 145
-1.15740 47.59897 -2.83621 135 135 135
-1.03919 47.60263 -2.87963 138 138 138
-0.92347 47.60386 -2.92865 143 143 143
-0.80404 47.59676 -2.96774 138 138 138
-0.68373 47.60459 -3.00379 144 144 144
-0.56325 47.59643 -3.03985 143 143 143
-0.44120 47.59641 -3.07073 143 143 143
-0.31560 47.59745 -3.08251 148 148 148
-0.19146 47.60040 -3.10125 141 141 141
-0.06681 47.60466 -3.11759 138 138 138
0.05881 47.60220 -3.12222 134 134 134
0.18440 47.59955 -3.12036 141 141 141
0.31013 47.59921 -3.12552 141 141 141
0.43513 47.59826 -3.11145 138 138 138
0.56050 47.60305 -3.10321 146 146 146
0.68450 47.60557 -3.08313 143 143 143
0.81046 47.60290 -3.07304 144 144 144
0.93203 47.59905 -3.03970 144 144 144
1.05282 47.59984 -3.00478 147 147 147
1.17395 47.60065 -2.97114 136 136 136
1.29226 47.60048 -2.92861 143 143 143
1.40804 47.59681 -2.87974 142 142 142
1.52538 47.59451 -2.83443 152 152 152
1.63771 47.59898 -2.77789 144 144 144
1.74483 47.59663 -2.71196 145 145 145
1.85870 47.59940 -2.65782 143 143 143
1.96259 47.59920 -2.58687 141 141 141
2.06481 47.60019 -2.51379 143 143 143
2.16466 47.60078 -2.43756 139 139 139
2.25885 47.60256 -2.35449 148 148 148
2.36296 47.60119 -2.28238 147 147 147
2.44662 47.59965 -2.18784 148 148 148
2.53620 47.60391 -2.09960 152 152 152
2.61947 47.59719 -2.00537 151 151 151
2.69924 47.60091 -1.90816 152 152 152
2.77262 47.60347 -1.80608 150 150 150
2.84551 47.59880 -1.70372 159 159 159
2.91348 47.59590 -1.59800 156 156 156
2.97854 47.59683 -1.49041 150 150 150
3.03109 47.59861 -1.37609 156 156 156
3.09183 47.60028 -1.26597 151 151 151
3.14115 47.59814 -1.15035 149 149 149
3.18774 47.59667 -1.03361 161 161 161
3.22723 47.59998 -0.91430 157 157 157
3.26597 47.60048 -0.79472 157 157 157
3.29860 47.59827 -0.67328 165 165 165
3.31884 47.59941 -0.54910 157 157 157
3.34592 47.60372 -0.42636 164 164 164
3.36465 47.60349 -0.30203 166 166 166
3.37427 47.60099 -0.17667 162 162 162
3.38308 47.60634 -0.05130 168 168 168
3.37263 47.99796 0.07500 165 165 165
3.37211 48.00370 0.20058 166 166 166
3.36680 47.99951 0.32613 165 165 165
3.35167 47.99862 0.45088 174 174 174
3.33349 48.00035 0.57512 172 172 172
3.31780 48.00305 0.69998 172 172 172
3.29032 47.99886 0.82272 171 171 171
3.25922 48.00306 0.94460 179 179 179
3.21626 48.00026 1.06289 177 177 177
3.17719 47.99884 1.18226 175 175 175
3.13186 47.99962 1.29943 177 177 177
3.07737 47.99668 1.41263 174 174 174
3.01918 47.99935 1.52376 180 180 180
2.97229 47.99674 1.64109 177 177 177
2.90432 48.00321 1.74702 178 178 178
2.83688 47.99742 1.85305 184 184 184
2.76484 48.00072 1.95602 187 187 187
2.68525 48.00258 2.05326 189 189 189
2.60719 47.99870 2.15157 190 190 190
2.52707 48.00337 2.24845 183 183 183
2.43718 47.99518 2.33635 184 184 184
2.34448 48.00130 2.42103 189 189 189
2.25227 48.00135 2.50619 192 192 192
2.15906 48.00221 2.59070 194 194 194
2.05933 47.99887 2.66740 191 191 191
1.95215 48.00138 2.73345 178 178 178
1.84699 47.99482 2.80208 199 199 199
1.73911 48.00324 2.86642 191 191 191
1.62781 48.00102 2.92465 185 185 185
1.51552 47.99878 2.98100 189 189 189
1.40014 48.00107 3.03074 195 195 195
1.28480 48.00061 3.08097 196 196 196
1.16708 48.00153 3.12572 193 193 193
1.04404 47.99595 3.15340 195 195 195
0.92179 47.99944 3.18213 194 194 194
0.79982 47.99840 3.21196 195 195 195
0.67635 48.00468 3.23511 191 191 191
0.55220 47.99563 3.25485 196 196 196
0.42739 47.99922 3.27134 200 200 200
0.30150 48.00100 3.27345 194 194 194
0.17584 48.00091 3.27420 200 200 200
0.05044 48.00029 3.26652 194 194 194
-0.07525 47.99967 3.26530 198 198 198
-0.19969 48.00068 3.24778 198 198 198
-0.32440 47.99826 3.23336 198 198 198
-0.44889 48.00208 3.21573 201 201 201
-0.57163 48.00029 3.18841 192 192 192
-0.69279 47.99734 3.15493 190 190 190
-0.81479 47.99659 3.12383 191 191 191
-0.93231 47.99926 3.07876 191 191 191
-1.04914 48.00014 3.03236 194 194 194
-1.16176 47.99758 2.97647 196 196 196
-1.27445 48.00041 2.92134 191 191 191
-1.38682 47.99786 2.86533 194 194 194
-1.49639 47.99574 2.80383 189 189 189
-1.60212 48.00008 2.73590 187 187 187
-1.70492 47.99750 2.66365 193 193 193
-1.80805 48.00109 2.59155 191 191 191
-1.90215 48.00341 2.50801 184 184 184
-1.99590 48.00424 2.42437 187 187 187
-2.08583 48.00323 2.33666 189 189 189
-2.17222 47.99865 2.24552 186 186 186
-2.25808 47.99526 2.15376 189 189 189
-2.33691 47.99876 2.05589 187 187 187
-2.41448 47.99875 1.95697 181 181 181
-2.47960 47.99642 1.84931 187 187 187
-2.54966 47.99774 1.74519 184 184 184
-2.61727 47.99929 1.63921 185 185 185
-2.67874 47.99728 1.52948 187 187 187
-2.73484 48.00105 1.41684 180 180 180
-2.78049 47.99955 1.29955 173 173 173
-2.83039 47.99783 1.18406 179 179 179
-2.85730 48.00150 1.06053 175 175 175
-2.90512 47.99738 0.94392 174 174 174
-2.93922 48.00192 0.82286 172 172 172
-2.97020 48.00029 0.70079 161 161 161
-2.98682 47.99473 0.57592 171 171 171
-3.00338 48.00267 0.45129 170 170 170
-3.01124 47.99930 0.32583 165 165 165
-3.02236 47.99500 0.20066 167 167 167
-3.02562 47.99747 0.07500 167 167 167
-3.02600 48.00586 -0.05080 164 164 164
-3.00896 47.99544 -0.17565 167 167 167
-2.99720 47.99942 -0.30055 163 163 163
-2.98159 48.00303 -0.42509 160 160 160
-2.95713 48.00072 -0.54819 161 161 161
-2.93797 47.99953 -0.67256 162 162 162
-2.90426 48.00282 -0.79368 159 159 159
-2.86703 48.00035 -0.91369 158 158 158
-2.82954 47.99664 -1.03374 157 157 157
-2.77454 48.00560 -1.14709 160 160 160
-2.72590 47.99666 -1.26272 160 160 160
-2.67009 47.99900 -1.37507 163 163 163
-2.61516 47.99574 -1.48803 155 155 155
-2.54729 47.99994 -1.59374 149 149 149
-2.48529 48.00038 -1.70311 151 151 151
-2.41272 48.00140 -1.80569 158 158 158
-2.33704 48.00482 -1.90599 155 155 155
-2.25703 47.99773 -2.00287 143 143 143
-2.17348 47.99981 -2.09669 144 144 144
-2.08908 47.99927 -2.18992 144 144 144
-1.99565 48.00327 -2.27411 140 140 140
-1.89773 47.99979 -2.35283 145 145 145
-1.80399 47.99734 -2.43640 149 149 149
-1.70378 48.00073 -2.51207 140 140 140
-1.60384 48.00047 -2.58848 138 138 138
-1.49648 47.99826 -2.65397 139 139 139
-1.39116 48.00341 -2.72308 142 142 142
-1.27639 47.99818 -2.77516 141 141 141
-1.16272 48.00355 -2.82855 150 150 150
-1.04800 47.99967 -2.87959 148 148 148
-0.93250 48.00014 -2.92927 145 145 145
-0.81462 47.99943 -2.97332 135 135 135
-0.69462 48.00115 -3.01142 144 144 144
-0.57200 48.00287 -3.03997 141 141 141
-0.44888 48.00367 -3.06569 142 142 142
-0.32451 48.00313 -3.08404 139 139 139
-0.20039 48.00189 -3.10370 142 142 142
-0.07580 48.00554 -3.12239 142 142 142
0.05015 48.00306 -3.12397 144 144 144
0.17584 48.00127 -3.12010 141 141 141
0.30165 48.00432 -3.12721 143 143 143
0.42728 47.99939 -3.11992 136 136 136
0.55159 48.00029 -3.09969 142 142 142
0.67589 48.00077 -3.08219 138 138 138
0.80032 48.00247 -3.06451 143 143 143
0.92386 48.00424 -3.04075 145 145 145
1.04550 47.99822 -3.00861 139 139 139
1.16557 47.99949 -2.97108 140 140 140
1.28286 47.99586 -2.92572 138 138 138
1.40099 48.00022 -2.88278 145 145 145
1.51699 48.00062 -2.83418 138 138 138
1.62547 48.00327 -2.77007 134 134 134
1.73869 47.99761 -2.71567 142 142 142
1.84801 47.99832 -2.65374 140 140 140
1.95187 48.00025 -2.58302 148 148 148
2.05298 48.00354 -2.50866 150 150 150
2.15317 47.99986 -2.43323 138 138 138
2.25017 48.00183 -2.35373 151 151 151
2.34830 48.00237 -2.27515 151 151 151
2.43668 47.99886 -2.18585 140 140 140
2.52525 48.00160 -2.09678 156 156 156
2.60788 48.00042 -2.00216 157 157 157
2.68886 48.00198 -1.90611 145 145 145
2.76383 48.00428 -1.80529 154 154 154
2.83844 48.00315 -1.70409 146 146 146
2.90393 48.00026 -1.59678 152 152 152
2.96448 47.99768 -1.48671 151 151 151
3.02463 48.00161 -1.37653 150 150 150
3.08023 48.00081 -1.26395 158 158 158
3.13278 48.00306 -1.14981 154 154 154
3.17656 48.00505 -1.03203 150 150 150
3.22018 48.00155 -0.91417 159 159 159
3.25456 47.99924 -0.79329 156 156 156
3.28610 48.00055 -0.67171 160 160 160
3.31483 48.00180 -0.54938 160 160 160
3.33809 47.99916 -0.42585 156 156 156
3.35599 47.99824 -0.30140 168 168 168
3.36652 48.00123 -0.17611 166 166 166
3.37133 48.00040 -0.05055 165 165 165
3.36915 48.39833 0.07562 173 173 173
3.36892 48.39852 0.20142 174 174 174
3.36424 48.39765 0.32724 170 170 170
3.34481 48.39992 0.45172 173 173 173
3.32912 48.39983 0.57643 173 173 173
3.31149 48.40280 0.70107 168 168 168
3.28004 48.39838 0.82296 174 174 174
3.24849 48.39878 0.94464 173 173 173
3.20422 48.39756 1.06242 174 174 174
3.17194 48.40423 1.18414 174 174 174
3.12058 48.40457 1.29896 183 183 183
3.07380 48.40047 1.41560 177 177 177
3.01375 48.40277 1.52602 176 176 176
2.96122 48.40326 1.64036 175 175 175
2.89910 48.39798 1.74975 179 179 179
2.82826 48.39716 1.85370 179 179 179
2.75711 48.39943 1.95732 181 181 181
2.67859 48.40129 2.05546 180 180 180
2.59924 48.39883 2.15280 188 188 188
2.51692 48.39232 2.24770 180 180 180
2.42529 48.39898 2.33373 191 191 191
2.34002 48.40106 2.42619 183 183 183
2.24296 48.39955 2.50605 196 196 196
2.14717 48.40150 2.58723 197 197 197
2.04882 48.39893 2.66548 192 192 192
1.94205 48.39667 2.73191 197 197 197
1.83944 48.39968 2.80450 195 195 195
1.72786 48.39958 2.86241 195 195 195
1.62065 48.40575 2.92823 189 189 189
1.50614 48.39944 2.98005 193 193 193
1.38890 48.39614 3.02511 197 197 197
1.27546 48.40055 3.07976 191 191 191
1.15566 48.39857 3.11786 199 199 199
1.03805 48.40217 3.16350 195 195 195
0.91413 48.40109 3.18689 197 197 197
0.79223 48.40159 3.21796 189 189 189
0.66837 48.40046 3.24004 193 193 193
0.54343 48.40277 3.25456 205 205 205
0.41817 48.39946 3.26480 201 201 201
0.29259 48.40231 3.26749 195 195 195
0.16718 48.40163 3.27734 201 201 201
0.04165 48.40132 3.27049 197 197 197
-0.08342 48.40480 3.25983 197 197 197
-0.20870 48.39792 3.25146 191 191 191
-0.33338 48.40562 3.23604 193 193 193
-0.45652 48.39726 3.21117 191 191 191
-0.57973 48.39855 3.18675 194 194 194
-0.70179 48.40041 3.15675 193 193 193
-0.82182 48.40596 3.11944 201 201 201
-0.93767 48.39828 3.07045 192 192 192
-1.05660 48.40224 3.03009 189 189 189
-1.17357 48.39802 2.98394 198 198 198
-1.28480 48.40295 2.92530 186 186 186
-1.39521 48.39927 2.86548 193 193 193
-1.50364 48.40091 2.80216 193 193 193
-1.60768 48.40355 2.73190 192 192 192
-1.71390 48.39799 2.66471 199 199 199
-1.81341 48.40031 2.58799 195 195 195
-1.90944 48.40136 2.50704 193 193 193
-2.00462 48.40034 2.42507 186 186 186
-2.09556 48.39959 2.33836 189 189 189
-2.18228 48.40146 2.24745 191 191 191
-2.26475 48.40082 2.15269 188 188 188
-2.35037 48.39706 2.06030 180 180 180
-2.42288 48.40290 1.95741 181 181 181
-2.49417 48.40040 1.85388 186 186 186
-2.55874 48.39779 1.74607 178 178 178
-2.62192 48.40177 1.63760 182 182 182
-2.68094 48.40066 1.52682 180 180 180
-2.74339 48.39831 1.41742 174 174 174
-2.78637 48.40071 1.29902 173 173 173
-2.83614 48.39792 1.18361 181 181 181
-2.87063 48.40409 1.06267 177 177 177
-2.91709 48.40231 0.94548 173 173 173
-2.94246 48.40127 0.82218 176 176 176
-2.97117 48.39884 0.69988 167 167 167
-2.98580 48.39905 0.57501 172 172 172
-3.01029 48.40067 0.45170 174 174 174
-3.02095 48.40067 0.32654 169 169 169
-3.03024 48.40091 0.20125 162 162 162
-3.03258 48.40307 0.07563 164 164 164
-3.02806 48.40255 -0.04992 162 162 162
-3.02731 48.40050 -0.17579 161 161 161
-3.01626 48.40131 -0.30116 162 162 162
-2.99380 48.40383 -0.42503 165 165 165
-2.96821 48.39811 -0.54804 158 158 158
-2.94313 48.39485 -0.67110 157 157 157
-2.91370 48.40690 -0.79327 167 167 167
-2.87812 48.39825 -0.91385 157 157 157
-2.83503 48.39920 -1.03195 155 155 155
-2.79041 48.39920 -1.14945 154 154 154
-2.73842 48.39878 -1.26388 155 155 155
-2.68590 48.39851 -1.37809 149 149 149
-2.62505 48.40301 -1.48810 151 151 151
-2.56013 48.40105 -1.59567 153 153 153
-2.49414 48.39883 -1.70262 147 147 147
-2.42370 48.40127 -1.80676 148 148 148
-2.34350 48.40128 -1.90364 149 149 149
-2.26790 48.39997 -2.00413 153 153 153
-2.18357 48.39442 -2.09739 149 149 149
-2.09603 48.39985 -2.18758 151 151 151
-2.00671 48.40001 -2.27607 145 145 145
-1.90832 48.39794 -2.35447 144 144 144
-1.81127 48.39877 -2.43403 140 140 140
-1.71769 48.40040 -2.51868 146 146 146
-1.61168 48.39751 -2.58663 149 149 149
-1.50682 48.40280 -2.65609 152 152 152
-1.39310 48.39444 -2.71045 140 140 140
-1.28340 48.40025 -2.77131 138 138 138
-1.17209 48.40120 -2.82948 145 145 145
-1.05897 48.40165 -2.88456 134 134 134
-0.94029 48.40122 -2.92631 139 139 139
-0.81990 48.39451 -2.96231 136 136 136
-0.70114 48.40445 -3.00321 140 140 140
-0.58148 48.39855 -3.04277 137 137 137
-0.45658 48.40272 -3.06025 140 140 140
-0.33301 48.40213 -3.08247 136 136 136
-0.20891 48.39834 -3.10195 145 145 145
-0.08372 48.39836 -3.11235 141 141 141
0.04153 48.40173 -3.12235 141 141 141
0.16718 48.40106 -3.12257 134 134 134
0.29298 48.39860 -3.12617 142 142 142
0.41797 48.39898 -3.11096 140 140 140
0.54374 48.39853 -3.10594 149 149 149
0.66902 48.39730 -3.09286 137 137 137
0.79136 48.39846 -3.06232 138 138 138
0.91451 48.39682 -3.03722 145 145 145
1.03449 48.39987 -2.99964 139 139 139
1.15769 48.39858 -2.97285 137 137 137
1.27539 48.40286 -2.92830 144 144 144
1.39341 48.39706 -2.88475 143 143 143
1.50417 48.39941 -2.82452 149 149 149
1.61994 48.39489 -2.77558 136 136 136
1.73180 48.40060 -2.71821 138 138 138
1.83945 48.39761 -2.65328 138 138 138
1.94366 48.40087 -2.58307 142 142 142
2.05237 48.40298 -2.51912 149 149 149
2.14623 48.40367 -2.43479 139 139 139
2.24181 48.39787 -2.35345 139 139 139
2.33940 48.40706 -2.27427 138 138 138
2.43257 48.40111 -2.18976 142 142 142
2.52079 48.39963 -2.10003 153 153 153
2.59433 48.39796 -1.99736 149 149 149
2.68400 48.39999 -1.90847 149 149 149
2.75717 48.39594 -1.80611 145 145 145
2.83010 48.39787 -1.70368 150 150 150
2.89716 48.40184 -1.59731 151 151 151
2.96138 48.39684 -1.48920 149 149 149
3.01575 48.40021 -1.37579 151 151 151
3.07076 48.39921 -1.26295 155 155 155
3.11938 48.39355 -1.14722 156 156 156
3.17260 48.40327 -1.03313 150 150 150
3.20747 48.39897 -0.91223 161 161 161
3.24698 48.40123 -0.79297 161 161 161
3.27788 48.39792 -0.67119 158 158 158
3.31041 48.40105 -0.54960 168 168 168
3.32487 48.39782 -0.42450 168 168 168
3.34237 48.40094 -0.30018 168 168 168
3.34880 48.39758 -0.17477 170 170 170
3.36403 48.39684 -0.04998 170 170 170
3.35808 48.80147 0.07625 165 165 165
3.35524 48.79850 0.20185 173 173 173
3.34799 48.80384 0.32727 168 168 168
3.33448 48.79847 0.45216 174 174 174
3.32091 48.79919 0.57714 172 172 172
3.30173 48.79937 0.70149 182 182 182
3.26356 48.80042 0.82172 173 173 173
3.23887 48.80191 0.94502 178 178 178
3.20269 48.80250 1.06539 177 177 177
3.15707 48.79984 1.18250 182 182 182
3.11065 48.79912 1.29910 183 183 183
3.06719 48.80762 1.41720 183 183 183
3.00924 48.80356 1.52881 184 184 184
2.94846 48.79914 1.63874 178 178 178
2.87950 48.79835 1.74372 178 178 178
2.82154 48.79840 1.85568 175 175 175
2.74597 48.80430 1.95620 180 180 180
2.67185 48.80036 2.05766 182 182 182
2.58854 48.79656 2.15176 192 192 192
2.50723 48.79807 2.24745 189 189 189
2.42019 48.80301 2.33800 185 185 185
2.32825 48.80366 2.42353 190 190 190
2.23871 48.80091 2.51194 190 190 190
2.13862 48.80102 2.58810 188 188 188
2.03807 48.79713 2.66335 188 188 188
1.93213 48.79856 2.73076 190 190 190
1.82951 48.79943 2.80319 187 187 187
1.72044 48.80068 2.86540 187 187 187
1.60986 48.79404 2.92482 196 196 196
1.49843 48.80136 2.98292 191 191 191
1.38089 48.79934 3.02751 196 196 196
1.26685 48.80219 3.08073 189 189 189
1.14729 48.79701 3.11962 198 198 198
1.02686 48.80266 3.15545 194 194 194
0.90470 48.79686 3.18466 192 192 192
0.78145 48.79960 3.20832 197 197 197
0.65893 48.79546 3.23622 190 190 190
0.53424 48.80428 3.25135 192 192 192
0.40930 48.79686 3.26378 195 195 195
0.28419 48.80229 3.27695 191 191 191
0.15844 48.79793 3.27642 193 193 193
0.03285 48.79767 3.27266 196 196 196
-0.09258 48.80144 3.26572 189 189 189
-0.21759 48.80005 3.25327 201 201 201
-0.34194 48.80142 3.23550 189 189 189
-0.46555 48.79995 3.21326 193 193 193
-0.58694 48.80724 3.18099 195 195 195
-0.71020 48.80116 3.15621 193 193 193
-0.83048 48.80216 3.11984 193 193 193
-0.94931 48.80183 3.07894 191 191 191
-1.06708 48.80063 3.03491 200 200 200
-1.18378 48.80038 2.98774 193 193 193
-1.29274 48.80080 2.92435 193 193 193
-1.40631 48.79756 2.87031 189 189 189
-1.51309 48.79639 2.80393 185 185 185
-1.61946 48.79981 2.73707 190 190 190
-1.72245 48.79940 2.66506 185 185 185
-1.82399 48.79988 2.59094 194 194 194
-1.92105 48.79945 2.51102 189 189 189
-2.01086 48.79639 2.42298 182 182 182
-2.10487 48.79893 2.33956 194 194 194
-2.19531 48.79953 2.25204 178 178 178
-2.26671 48.80461 2.14752 187 187 187
-2.35719 48.79500 2.05941 183 183 183
-2.43148 48.80125 1.95794 179 179 179
-2.50296 48.80170 1.85454 185 185 185
-2.56693 48.79842 1.74636 183 183 183
-2.63446 48.79852 1.64035 183 183 183
-2.68921 48.79999 1.52720 187 187 187
-2.74897 48.79978 1.41658 178 178 178
-2.79638 48.80374 1.30018 170 170 170
-2.84080 48.79319 1.18273 178 178 178
-2.88571 48.80505 1.06535 174 174 174
-2.92441 48.80014 0.94570 180 180 180
-2.95160 48.79613 0.82290 168 168 168
-2.97932 48.80024 0.70039 170 170 170
-3.00093 48.79556 0.57664 175 175 175
-3.01723 48.79670 0.45211 165 165 165
-3.03348 48.80680 0.32746 169 169 169
-3.03776 48.79824 0.20183 167 167 167
-3.04147 48.79981 0.07625 158 158 158
-3.03781 48.79690 -0.04933 161 161 161
-3.02996 48.80339 -0.17468 171 171 171
-3.01789 48.79323 -0.29969 166 166 166
-3.00947 48.79771 -0.42550 161 161 161
-2.97945 48.79857 -0.54792 164 164 164
-2.94842 48.79893 -0.66964 164 164 164
-2.91794 48.80474 -0.79138 162 162 162
-2.88214 48.80052 -0.91169 160 160 160
-2.84821 48.79962 -1.03296 158 158 158
-2.80011 48.80163 -1.14922 160 160 160
-2.75099 48.80055 -1.26501 152 152 152
-2.69408 48.79871 -1.37718 154 154 154
-2.63365 48.79754 -1.48740 159 159 159
-2.57168 48.80094 -1.59677 152 152 152
-2.50200 48.80066 -1.70140 153 153 153
-2.42763 48.80114 -1.80264 143 143 143
-2.35765 48.79735 -1.90728 145 145 145
-2.27540 48.79970 -2.00244 150 150 150
-2.18823 48.79442 -2.09299 147 147 147
-2.10323 48.79780 -2.18542 146 146 146
-2.01481 48.79637 -2.27475 146 146 146
-1.92222 48.79796 -2.35988 147 147 147
-1.82304 48.80139 -2.43725 145 145 145
-1.72670 48.79601 -2.51842 146 146 146
-1.61821 48.79904 -2.58269 144 144 144
-1.51682 48.80071 -2.65753 147 147 147
-1.40879 48.80269 -2.72224 143 143 143
-1.29294 48.80140 -2.77225 133 133 133
-1.18133 48.80299 -2.82993 138 138 138
-1.06472 48.80365 -2.87671 138 138 138
-0.94682 48.80365 -2.91968 133 133 133
-0.82964 48.79753 -2.96473 134 134 134
-0.71180 48.79944 -3.00937 134 134 134
-0.58825 48.80345 -3.03395 144 144 144
-0.46611 48.79978 -3.06358 136 136 136
-0.34085 48.80052 -3.07615 141 141 141
-0.21740 48.79587 -3.09918 138 138 138
-0.09299 48.80349 -3.11851 141 141 141
0.03287 48.80140 -3.11972 134 134 134
0.15844 48.79862 -3.12722 146 146 146
0.28429 48.80194 -3.12695 133 133 133
0.40915 48.80093 -3.10930 145 145 145
0.53380 48.80291 -3.09515 142 142 142
0.65906 48.79984 -3.08453 143 143 143
0.78257 48.80011 -3.06145 133 133 133
0.90469 48.79739 -3.03209 145 145 145
1.02769 48.80385 -3.00587 147 147 147
1.15047 48.80047 -2.97690 142 142 142
1.26651 48.79893 -2.92730 134 134 134
1.38251 48.79985 -2.87893 154 154 154
1.50131 48.79850 -2.83667 142 142 142
1.60968 48.79688 -2.77197 137 137 137
1.71953 48.80151 -2.71127 144 144 144
1.82663 48.80209 -2.64599 139 139 139
1.93756 48.79827 -2.58639 144 144 144
2.03966 48.79907 -2.51303 152 152 152
2.13952 48.79929 -2.43675 146 146 146
2.23646 48.79963 -2.35680 148 148 148
2.33018 48.79826 -2.27312 145 145 145
2.41881 48.79562 -2.18412 145 145 145
2.50550 48.80035 -2.09335 150 150 150
2.59468 48.80182 -2.00450 154 154 154
2.67514 48.80074 -1.90776 150 150 150
2.74630 48.79989 -1.80394 152 152 152
2.82043 48.80074 -1.70244 154 154 154
2.89031 48.79896 -1.59784 149 149 149
2.95606 48.80133 -1.49049 151 151 151
3.00997 48.80450 -1.37668 153 153 153
3.06344 48.80175 -1.26297 155 155 155
3.11969 48.80186 -1.15034 162 162 162
3.16221 48.79918 -1.03190 153 153 153
3.20436 48.80041 -0.91343 154 154 154
3.23992 48.79910 -0.79282 161 161 161
3.26938 48.80076 -0.67062 163 163 163
3.30095 48.80094 -0.54883 161 161 161
3.31874 48.79962 -0.42429 167 167 167
3.33748 48.80217 -0.30001 162 162 162
3.34806 48.80145 -0.17478 166 166 166
3.36367 48.80464 -0.04968 168 168 168
3.34746 49.20186 0.07688 172 172 172
3.35003 49.19909 0.20262 163 163 163
3.33632 49.20056 0.32767 165 165 165
3.32172 49.20307 0.45232 171 171 171
3.31016 49.20422 0.57746 167 167 167
3.28938 49.19366 0.70141 177 177 177
3.25967 49.20113 0.82353 172 172 172
3.22758 49.19994 0.94495 176 176 176
3.19100 49.20190 1.06508 182 182 182
3.15249 49.20011 1.18470 180 180 180
3.10810 49.19963 1.30232 176 176 176
3.05437 49.20203 1.41599 179 179 179
3.00446 49.19941 1.53149 178 178 178
2.94501 49.19892 1.64237 173 173 173
2.87746 49.19896 1.74850 184 184 184
2.80956 49.19783 1.85419 186 186 186
2.74343 49.20143 1.96139 181 181 181
2.66266 49.19868 2.05800 187 187 187
2.58216 49.19951 2.15447 180 180 180
2.50056 49.20371 2.25006 184 184 184
2.41208 49.19950 2.33934 193 193 193
2.32311 49.20026 2.42815 184 184 184
2.22620 49.20176 2.50824 191 191 191
2.13195 49.20160 2.59145 194 194 194
2.03196 49.19876 2.66769 189 189 189
1.92557 49.19986 2.73477 190 190 190
1.82286 49.19959 2.80736 196 196 196
1.71069 49.20357 2.86437 192 192 192
1.60272 49.20715 2.92875 190 190 190
1.48803 49.19909 2.98013 185 185 185
1.37407 49.20221 3.03297 194 194 194
1.25691 49.19948 3.07834 195 195 195
1.13877 49.19825 3.12119 191 191 191
1.01757 49.19940 3.15440 190 190 190
0.89704 49.20259 3.19011 187 187 187
0.77466 49.20387 3.21916 188 188 188
0.64986 49.19926 3.23530 198 198 198
0.52519 49.19906 3.25011 192 192 192
0.40060 49.20076 3.26593 198 198 198
0.27529 49.19932 3.27554 207 207 207
0.14962 49.20052 3.27599 194 194 194
0.02400 49.20025 3.27408 192 192 192
-0.10148 49.20444 3.26735 196 196 196
-0.22630 49.20344 3.25293 198 198 198
-0.35105 49.19963 3.23794 195 195 195
-0.47420 49.20039 3.21299 205 205 205
-0.59787 49.20015 3.19039 191 191 191
-0.71761 49.20369 3.15183 193 193 193
-0.84182 49.19711 3.12819 191 191 191
-0.95920 49.20157 3.08244 193 193 193
-1.07648 49.20311 3.03694 190 190 190
-1.19264 49.20530 2.98846 184 184 184
-1.30485 49.19874 2.93142 191 191 191
-1.41270 49.19982 2.86659 197 197 197
-1.52130 49.20023 2.80356 191 191 191
-1.62896 49.19828 2.73870 193 193 193
-1.72689 49.20091 2.65966 187 187 187
-1.83423 49.19703 2.59337 190 190 190
-1.92390 49.19791 2.50465 190 190 190
-2.02006 49.19810 2.42402 186 186 186
-2.11190 49.19765 2.33839 188 188 188
-2.20274 49.19524 2.25137 178 178 178
-2.28357 49.19582 2.15501 182 182 182
-2.36436 49.19858 2.05874 181 181 181
-2.43831 49.20222 1.95711 186 186 186
-2.50972 49.20047 1.85379 182 182 182
-2.57945 49.20030 1.74925 177 177 177
-2.64033 49.19517 1.63932 179 179 179
-2.70241 49.20237 1.53005 177 177 177
-2.75541 49.20070 1.41611 174 174 174
-2.79967 49.20040 1.29851 171 171 171
-2.84837 49.19696 1.18289 173 173 173
-2.89358 49.19757 1.06567 173 173 173
-2.93010 49.19803 0.94545 174 174 174
-2.96388 49.20288 0.82436 176 176 176
-2.98750 49.20172 0.70089 168 168 168
-3.00979 49.20014 0.57728 172 172 172
-3.02590 49.19675 0.45272 169 169 169
-3.04051 49.20061 0.32794 163 163 163
-3.05269 49.19388 0.20269 168 168 168
-3.05030 49.20091 0.07688 161 161 161
-3.04535 49.20194 -0.04866 165 165 165
-3.03325 49.20231 -0.17362 162 162 162
-3.03091 49.19980 -0.29957 165 165 165
-3.00633 49.19645 -0.42298 156 156 156
-2.98813 49.20066 -0.54726 157 157 157
-2.96602 49.19858 -0.67112 161 161 161
-2.92979 49.20496 -0.79161 157 157 157
-2.89273 49.20029 -0.91164 160 160 160
-2.84843 49.20098 -1.02916 154 154 154
-2.81033 49.19543 -1.14917 156 156 156
-2.74547 49.19846 -1.25778 153 153 153
-2.70107 49.20036 -1.37562 156 156 156
-2.64276 49.19827 -1.48693 159 159 159
-2.58611 49.20203 -1.59958 152 152 152
-2.50936 49.20210 -1.69980 151 151 151
-2.44159 49.19867 -1.80575 152 152 152
-2.36687 49.20298 -1.90696 150 150 150
-2.28467 49.20176 -2.00220 146 146 146
-2.19776 49.20009 -2.09302 150 150 150
-2.11669 49.20096 -2.18943 145 145 145
-2.02203 49.20260 -2.27239 150 150 150
-1.93080 49.19772 -2.35898 145 145 145
-1.83090 49.20312 -2.43540 147 147 147
-1.72769 49.20204 -2.50701 143 143 143
-1.63225 49.20228 -2.58988 154 154 154
-1.52135 49.20050 -2.64989 140 140 140
-1.41219 49.20103 -2.71193 139 139 139
-1.30233 49.20389 -2.77274 141 141 141
-1.19018 49.19954 -2.82937 147 147 147
-1.07620 49.19765 -2.88251 141 141 141
-0.95687 49.19955 -2.92238 139 139 139
-0.83877 49.20142 -2.96507 142 142 142
-0.71844 49.19972 -3.00103 139 139 139
-0.59939 49.19987 -3.04298 145 145 145
-0.47497 49.20166 -3.06315 135 135 135
-0.35058 49.19717 -3.08121 136 136 136
-0.22690 49.19877 -3.10430 145 145 145
-0.10076 49.20112 -3.10449 134 134 134
0.02395 49.20104 -3.12155 139 139 139
0.14962 49.20240 -3.12848 136 136 136
0.27524 49.20477 -3.12053 147 147 147
0.40109 49.19896 -3.11837 135 135 135
0.52544 49.19711 -3.09846 146 146 146
0.64955 49.19864 -3.07960 132 132 132
0.77324 49.20037 -3.05830 138 138 138
0.89632 49.20106 -3.03339 143 143 143
1.01746 49.19744 -3.00027 147 147 147
1.13997 49.20002 -2.97111 139 139 139
1.25672 49.20169 -2.92405 137 137 137
1.37311 49.20194 -2.87690 148 148 148
1.48834 49.19552 -2.82704 141 141 141
1.60107 49.19964 -2.77176 148 148 148
1.71174 49.19957 -2.71250 140 140 140
1.81857 49.20078 -2.64661 143 143 143
1.92662 49.19938 -2.58260 141 141 141
2.03026 49.19993 -2.51161 146 146 146
2.12757 49.19830 -2.43215 147 147 147
2.22996 49.20117 -2.35889 149 149 149
2.32643 49.20175 -2.27799 152 152 152
2.40940 49.20000 -2.18291 151 151 151
2.49818 49.19540 -2.09412 156 156 156
2.58156 49.19656 -2.00020 150 150 150
2.66285 49.20042 -1.90440 151 151 151
2.74485 49.19922 -1.80867 156 156 156
2.81062 49.20111 -1.70115 150 150 150
2.87421 49.20164 -1.59276 155 155 155
2.94491 49.20014 -1.48856 155 155 155
3.00127 49.20019 -1.37612 156 156 156
3.05514 49.20104 -1.26259 160 160 160
3.10384 49.20180 -1.14680 154 154 154
3.15206 49.19947 -1.03078 160 160 160
3.19456 49.20144 -0.91249 161 161 161
3.23294 49.20043 -0.79271 157 157 157
3.26397 49.20190 -0.67082 168 168 168
3.29153 49.20094 -0.54809 153 153 153
3.31294 49.20017 -0.42415 163 163 163
3.32839 49.20009 -0.29936 163 163 163
3.34960 49.19795 -0.17497 166 166 166
3.34768 49.19900 -0.04878 169 169 169
3.34174 49.59335 0.07750 170 170 170
3.34095 49.60377 0.20324 160 160 160
3.33264 49.59729 0.32871 170 170 170
3.31553 49.60633 0.45326 168 168 168
3.29954 49.59753 0.57781 174 174 174
3.28103 49.60028 0.70215 175 175 175
3.25260 49.60062 0.82460 183 183 183
3.22906 49.60075 0.94850 175 175 175
3.17977 49.60303 1.06495 176 176 176
3.14185 49.60259 1.18468 175 175 175
3.09836 49.59563 1.30259 179 179 179
3.04811 49.59631 1.41783 176 176 176
2.98690 49.60119 1.52770 180 180 180
2.92975 49.59557 1.63943 187 187 187
2.87028 49.60253 1.75018 188 188 188
2.79872 49.60231 1.85352 181 181 181
2.72698 49.60360 1.95653 179 179 179
2.64715 49.59615 2.05341 184 184 184
2.57229 49.59996 2.15426 180 180 180
2.48942 49.60391 2.24862 179 179 179
2.40780 49.60118 2.34458 195 195 195
2.31115 49.59565 2.42547 182 182 182
2.21919 49.60434 2.51108 193 193 193
2.12175 49.59596 2.59043 186 186 186
2.02346 49.60113 2.66888 196 196 196
1.91538 49.59824 2.73348 189 189 189
1.81174 49.60048 2.80435 185 185 185
1.70542 49.60115 2.87149 193 193 193
1.59141 49.60179 2.92465 182 182 182
1.47908 49.60036 2.98063 189 189 189
1.36757 49.59979 3.03938 197 197 197
1.24886 49.60060 3.08124 191 191 191
1.12905 49.60227 3.11926 195 195 195
1.01051 49.59864 3.16156 201 201 201
0.88754 49.60019 3.18824 196 196 196
0.76616 49.60323 3.22179 194 194 194
0.64076 49.60383 3.23462 196 196 196
0.51649 49.59716 3.25239 188 188 188
0.39133 49.60174 3.26183 187 187 187
0.26625 49.59930 3.27264 200 200 200
0.14072 49.60397 3.27842 200 200 200
0.01531 49.60183 3.26924 199 199 199
-0.11054 49.60010 3.27008 197 197 197
-0.23553 49.59721 3.25637 204 204 204
-0.35947 49.60046 3.23555 186 186 186
-0.48347 49.60172 3.21552 194 194 194
-0.60654 49.60138 3.19005 193 193 193
-0.72848 49.59731 3.15946 195 195 195
-0.84850 49.60125 3.12198 196 196 196
-0.96716 49.60168 3.08052 189 189 189
-1.08386 49.60243 3.03390 191 191 191
-1.19678 49.59948 2.97876 189 189 189
-1.31144 49.59485 2.92752 197 197 197
-1.42138 49.60018 2.86683 193 193 193
-1.53084 49.59865 2.80523 196 196 196
-1.64133 49.59544 2.74452 191 191 191
-1.73953 49.60186 2.66544 188 188 188
-1.83947 49.59626 2.58935 190 190 190
-1.93706 49.60071 2.51026 187 187 187
-2.03048 49.60053 2.42629 191 191 191
-2.11771 49.59667 2.33592 191 191 191
-2.21298 49.59983 2.25324 194 194 194
-2.29603 49.60095 2.15868 185 185 185
-2.36558 49.59848 2.05330 184 184 184
-2.44586 49.60439 1.95676 183 183 183
-2.52152 49.59945 1.85635 181 181 181
-2.58944 49.59731 1.75054 182 182 182
-2.65023 49.60384 1.64050 184 184 184
-2.71046 49.60092 1.53025 185 185 185
-2.76706 49.59716 1.41800 181 181 181
-2.81587 49.60690 1.30216 179 179 179
-2.85685 49.60278 1.18336 178 178 178
-2.90409 49.60091 1.06682 176 176 176
-2.94529 49.59924 0.94784 182 182 182
-2.96942 49.59311 0.82418 171 171 171
-2.99932 49.60044 0.70209 169 169 169
-3.02345 49.59744 0.57865 171 171 171
-3.04470 49.60062 0.45452 172 172 172
-3.05064 49.60110 0.32867 174 174 174
-3.05247 49.59932 0.20296 168 168 168
-3.05954 49.60221 0.07750 166 166 166
-3.05184 49.59993 -0.04794 162 162 162
-3.04747 49.59410 -0.17342 168 168 168
-3.03476 49.60263 -0.29834 165 165 165
-3.01843 49.60248 -0.42286 162 162 162
-3.00262 49.59876 -0.54775 161 161 161
-2.98106 49.59658 -0.67197 164 164 164
-2.94132 49.60326 -0.79172 164 164 164
-2.90271 49.59665 -0.91137 157 157 157
-2.86175 49.59943 -1.03017 154 154 154
-2.81264 49.59818 -1.14582 160 160 160
-2.77019 49.59991 -1.26445 158 158 158
-2.71475 49.59592 -1.37743 151 151 151
-2.65031 49.60324 -1.48555 153 153 153
-2.58826 49.60419 -1.59482 153 153 153
-2.52018 49.60534 -1.70046 149 149 149
-2.45012 49.60212 -1.80485 154 154 154
-2.37181 49.59922 -1.90321 152 152 152
-2.29176 49.59801 -2.00004 158 158 158
-2.20788 49.59466 -2.09352 146 146 146
-2.12318 49.59981 -2.18640 145 145 145
-2.03261 49.60120 -2.27359 149 149 149
-1.93765 49.60152 -2.35596 146 146 146
-1.84069 49.59986 -2.43590 138 138 138
-1.74236 49.60134 -2.51433 146 146 146
-1.63590 49.60530 -2.58139 145 145 145
-1.53164 49.60099 -2.65154 148 148 148
-1.42183 49.59867 -2.71263 156 156 156
-1.31035 49.60103 -2.77037 138 138 138
-1.20099 49.59880 -2.83289 147 147 147
-1.08328 49.60018 -2.87750 147 147 147
-0.96648 49.60124 -2.92370 143 143 143
-0.84794 49.60259 -2.96526 138 138 138
-0.72879 49.59973 -3.00555 144 144 144
-0.60549 49.59802 -3.03067 137 137 137
-0.48313 49.60018 -3.05878 141 141 141
-0.36025 49.60332 -3.08548 138 138 138
-0.23546 49.59990 -3.10076 142 142 142
-0.11085 49.59940 -3.11895 136 136 136
0.01496 49.60138 -3.12317 137 137 137
0.14072 49.59833 -3.12078 132 132 132
0.26655 49.59915 -3.12515 134 134 134
0.39225 49.60930 -3.11858 145 145 145
0.51720 49.60325 -3.10335 139 139 139
0.64060 49.59855 -3.07864 146 146 146
0.76539 49.60138 -3.06296 143 143 143
0.88836 49.60020 -3.03667 132 132 132
1.01097 49.60203 -3.00818 146 146 146
1.12977 49.60233 -2.96648 145 145 145
1.24891 49.59353 -2.92638 145 145 145
1.36544 49.59872 -2.87924 146 146 146
1.47993 49.59828 -2.82749 139 139 139
1.59431 49.59832 -2.77535 141 141 141
1.70347 49.60113 -2.71300 137 137 137
1.81070 49.60067 -2.64766 149 149 149
1.91751 49.59648 -2.58166 142 142 142
2.02228 49.59641 -2.51225 139 139 139
2.12625 49.59856 -2.44113 150 150 150
2.21874 49.60234 -2.35556 151 151 151
2.31290 49.59995 -2.27236 150 150 150
2.40187 49.59896 -2.18365 138 138 138
2.49108 49.59993 -2.09515 144 144 144
2.57311 49.60187 -1.99996 149 149 149
2.65206 49.60073 -1.90228 151 151 151
2.73157 49.59694 -1.80486 145 145 145
2.80201 49.59781 -1.70072 149 149 149
2.87312 49.60362 -1.59692 151 151 151
2.93253 49.60156 -1.48599 153 153 153
2.99504 49.59830 -1.37685 158 158 158
3.04818 49.59963 -1.26286 156 156 156
3.09066 49.59856 -1.14440 163 163 163
3.14186 49.59751 -1.02968 158 158 158
3.18306 49.59930 -0.91102 154 154 154
3.22014 49.60288 -0.79099 160 160 160
3.25123 49.59993 -0.66927 168 168 168
3.28581 49.59897 -0.54810 154 154 154
3.30327 49.60399 -0.42340 159 159 159
3.31748 49.59598 -0.29849 164 164 164
3.32207 49.60156 -0.17288 165 165 165
3.34312 49.59723 -0.04832 170 170 170
3.32881 50.00255 0.07812 165 165 165
3.33087 50.00160 0.20382 168 168 168
3.32498 50.00029 0.32944 168 168 168
3.30769 49.99928 0.45402 174 174 174
3.28532 49.99360 0.57760 174 174 174
3.26713 49.99759 0.70179 172 172 172
3.24165 50.00276 0.82475 176 176 176
3.20840 50.00070 0.94583 172 172 172
3.17033 49.99879 1.06542 174 174 174
3.12684 49.99975 1.18307 180 180 180
3.08904 49.99782 1.30308 178 178 178
3.03491 50.00227 1.41650 187 187 187
2.98801 50.00269 1.53346 185 185 185
2.92567 49.99802 1.64280 183 183 183
2.86233 49.99969 1.75143 182 182 182
2.79291 50.00159 1.85626 184 184 184
2.72229 50.00082 1.96027 187 187 187
2.64523 49.99893 2.05960 184 184 184
2.56250 50.00140 2.15418 186 186 186
2.48071 50.00302 2.24949 185 185 185
2.39434 50.00025 2.34072 185 185 185
2.30842 49.99615 2.43284 188 188 188
2.21011 50.00119 2.51157 188 188 188
2.11110 50.00276 2.58892 187 187 187
2.01229 50.00096 2.66648 191 191 191
1.90967 50.00167 2.73898 186 186 186
1.80950 49.99870 2.81597 191 191 191
1.69295 49.99999 2.86585 184 184 184
1.58557 50.00487 2.93141 201 201 201
1.47276 50.00348 2.98700 194 194 194
1.35696 49.99887 3.03605 190 190 190
1.23824 50.00165 3.07741 193 193 193
1.11930 49.99996 3.11749 190 190 190
1.00033 49.99960 3.15789 197 197 197
0.87785 50.00613 3.18589 191 191 191
0.75544 50.00179 3.21365 202 202 202
0.63151 49.99973 3.23353 201 201 201
0.50762 49.99888 3.25385 197 197 197
0.38346 49.99941 3.27641 202 202 202
0.25731 50.00261 3.27392 190 190 190
0.13175 49.99894 3.27432 203 203 203
0.00619 50.00398 3.27378 192 192 192
-0.11915 50.00127 3.26604 193 193 193
-0.24506 49.99667 3.26172 193 193 193
-0.36931 50.00226 3.24164 200 200 200
-0.49272 49.99939 3.21752 194 194 194
-0.61572 50.00027 3.19153 198 198 198
-0.73731 49.99690 3.15956 199 199 199
-0.85568 49.99794 3.11711 193 193 193
-0.97566 49.99502 3.07989 198 198 198
-1.09503 49.99845 3.03984 202 202 202
-1.20855 50.00428 2.98546 195 195 195
-1.32071 50.00371 2.92874 194 194 194
-1.43221 50.00080 2.87077 193 193 193
-1.53900 50.00177 2.80453 182 182 182
-1.64730 50.00099 2.74065 193 193 193
-1.75001 50.00159 2.66814 194 194 194
-1.84949 50.00047 2.59131 192 192 192
-1.94790 50.00260 2.51308 188 188 188
-2.04020 50.00351 2.42773 186 186 186
-2.12987 50.00244 2.33974 193 193 193
-2.21641 49.99991 2.24874 187 187 187
-2.30196 50.00169 2.15671 187 187 187
-2.37878 50.00144 2.05727 186 186 186
-2.45364 50.00207 1.95652 181 181 181
-2.52743 50.00295 1.85493 182 182 182
-2.59813 50.00136 1.75099 194 194 194
-2.66066 50.00182 1.64195 179 179 179
-2.71503 50.00104 1.52863 173 173 173
-2.77407 49.99397 1.41772 184 184 184
-2.82194 49.99953 1.30158 179 179 179
-2.87526 50.00276 1.18747 179 179 179
-2.90825 50.00322 1.06588 178 178 178
-2.95521 50.00069 0.94874 178 178 178
-2.97918 50.00055 0.82499 182 182 182
-3.01317 49.99773 0.70369 172 172 172
-3.02835 49.99988 0.57864 177 177 177
-3.04849 50.00176 0.45453 175 175 175
-3.05536 50.00552 0.32896 169 169 169
-3.06825 50.00063 0.20385 166 166 166
-3.07354 49.99721 0.07813 167 167 167
-3.05986 49.99464 -0.04727 166 166 166
-3.06117 50.00375 -0.17316 158 158 158
-3.04546 50.00073 -0.29792 168 168 168
-3.02405 50.00101 -0.42170 171 171 171
-3.00641 50.00250 -0.54609 165 165 165
-2.98802 49.99930 -0.67086 167 167 167
-2.94667 50.00461 -0.79008 153 153 153
-2.91092 50.00156 -0.91050 164 164 164
-2.86626 49.99698 -1.02790 164 164 164
-2.82418 50.00058 -1.14626 160 160 160
-2.76958 50.00023 -1.25940 157 157 157
-2.72102 49.99626 -1.37543 152 152 152
-2.65883 50.00062 -1.48467 155 155 155
-2.59676 50.00304 -1.59391 152 152 152
-2.52858 50.00276 -1.69945 156 156 156
-2.45729 49.99849 -1.80292 148 148 148
-2.38050 50.00269 -1.90237 142 142 142
-2.30207 49.99731 -2.00055 147 147 147
-2.21870 49.99868 -2.09461 147 147 147
-2.12964 50.00018 -2.18326 145 145 145
-2.04002 49.99516 -2.27128 148 148 148
-1.94946 49.99982 -2.35866 143 143 143
-1.85073 49.99539 -2.43663 142 142 142
-1.75184 50.00163 -2.51441 145 145 145
-1.64471 50.00234 -2.58053 141 141 141
-1.54017 49.99874 -2.65020 147 147 147
-1.43306 50.00087 -2.71605 141 141 141
-1.31998 50.00126 -2.77105 141 141 141
-1.20833 50.00003 -2.82873 139 139 139
-1.09210 50.00135 -2.87650 141 141 141
-0.97655 50.00452 -2.92603 152 152 152
-0.85561 50.00106 -2.96063 139 139 139
-0.73721 49.99936 -3.00297 140 140 140
-0.61541 49.99754 -3.03399 139 139 139
-0.49252 49.99898 -3.06028 145 145 145
-0.36869 49.99873 -3.08152 142 142 142
-0.24475 49.99853 -3.10290 130 130 130
-0.11933 50.00274 -3.11211 144 144 144
0.00622 50.00006 -3.11668 140 140 140
0.13175 49.99899 -3.11846 140 140 140
0.25742 49.99809 -3.12060 141 141 141
0.38287 50.00340 -3.11276 143 143 143
0.50823 49.99868 -3.10280 135 135 135
0.63223 49.99863 -3.08182 139 139 139
0.75768 50.00042 -3.06868 136 136 136
0.87851 49.99555 -3.03236 147 147 147
0.99899 50.00556 -2.99688 139 139 139
1.12202 49.99961 -2.96964 147 147 147
1.24039 50.00058 -2.92698 141 141 141
1.35502 50.00337 -2.87511 142 142 142
1.47068 50.00391 -2.82624 141 141 141
1.58614 50.00517 -2.77629 147 147 147
1.69274 50.00201 -2.70923 142 142 142
1.80173 50.00062 -2.64704 135 135 135
1.90531 49.99610 -2.57619 143 143 143
2.01578 49.99987 -2.51502 141 141 141
2.11780 49.99869 -2.44117 146 146 146
2.20398 50.00274 -2.34815 143 143 143
2.30651 49.99665 -2.27452 149 149 149
2.39523 49.99947 -2.18536 144 144 144
2.47934 50.00205 -2.09197 146 146 146
2.56497 49.99968 -2.00004 152 152 152
2.65030 50.00492 -1.90734 145 145 145
2.72872 49.99950 -1.80869 156 156 156
2.79271 49.99955 -1.69987 147 147 147
2.85667 50.00267 -1.59171 156 156 156
2.92264 49.99743 -1.48485 160 160 160
2.98206 50.00215 -1.37418 155 155 155
3.03751 50.00137 -1.26145 150 150 150
3.09377 50.00167 -1.14879 155 155 155
3.13231 49.99762 -1.02884 158 158 158
3.17161 50.00029 -0.90959 152 152 152
3.21116 50.00186 -0.79036 165 165 165
3.24842 49.99875 -0.67012 159 159 159
3.26887 49.99935 -0.54589 161 161 161
3.29729 49.99815 -0.42325 155 155 155
3.30575 50.00508 -0.29754 156 156 156
3.31549 50.00026 -0.17244 169 169 169
3.32559 49.99710 -0.04736 166 166 166
3.32000 50.39679 0.07875 176 176 176
3.32308 50.39967 0.20449 165 165 165
3.30856 50.39463 0.32948 169 169 169
3.30099 50.40138 0.45492 159 159 159
3.29046 50.40036 0.58047 171 171 171
3.26396 50.39788 0.70358 175 175 175
3.23704 50.39931 0.82644 170 170 170
3.19631 50.39736 0.94560 182 182 182
3.17231 50.39931 1.06963 176 176 176
3.12831 50.40086 1.18758 166 166 166
3.07604 50.39819 1.30206 175 175 175
3.02691 50.40288 1.41761 179 179 179
2.97183 50.39852 1.53045 180 180 180
2.91549 50.40205 1.64278 186 186 186
2.85629 50.39883 1.75389 180 180 180
2.78288 50.40033 1.85622 185 185 185
2.71430 50.40053 1.96165 180 180 180
2.63550 50.40017 2.05967 181 181 181
2.55634 50.39759 2.15727 188 188 188
2.47444 50.39818 2.25267 184 184 184
2.38825 50.40070 2.34429 191 191 191
2.29353 50.39848 2.42713 183 183 183
2.19662 50.39960 2.50699 189 189 189
2.10281 50.40263 2.59050 191 191 191
2.00405 50.40129 2.66820 194 194 194
1.90138 50.39974 2.74073 192 192 192
1.79384 50.40122 2.80579 195 195 195
1.68652 50.40152 2.87113 193 193 193
1.57472 50.39881 2.92849 190 190 190
1.46192 50.40239 2.98372 193 193 193
1.34665 50.39927 3.03361 192 192 192
1.23019 50.40030 3.08070 192 192 192
1.11029 50.40610 3.11821 192 192 192
0.99259 50.40181 3.16313 199 199 199
0.86952 50.39896 3.18945 195 195 195
0.74809 50.39814 3.22277 191 191 191
0.62270 50.39803 3.23557 191 191 191
0.49806 50.40225 3.25011 197 197 197
0.37403 50.39986 3.27209 195 195 195
0.24835 50.39833 3.27658 196 196 196
0.12271 50.39442 3.27475 205 205 205
-0.00287 50.40490 3.27487 198 198 198
-0.12823 50.39897 3.26718 197 197 197
-0.25344 50.40174 3.25679 190 190 190
-0.37802 50.40080 3.24023 196 196 196
-0.50061 50.40449 3.21240 193 193 193
-0.62446 50.40037 3.19091 188 188 188
-0.74875 50.40104 3.16872 198 198 198
-0.86622 50.40319 3.12236 193 193 193
-0.98664 50.40387 3.08578 183 183 183
-1.09840 50.39867 3.02677 192 192 192
-1.21708 50.39986 2.98498 189 189 189
-1.32986 50.39747 2.92958 189 189 189
-1.43993 50.39994 2.86904 190 190 190
-1.54958 50.40081 2.80768 193 193 193
-1.65727 50.39731 2.74268 185 185 185
-1.75808 50.39963 2.66744 193 193 193
-1.86107 50.40166 2.59516 188 188 188
-1.95509 50.39989 2.51154 192 192 192
-2.04487 50.40095 2.42362 192 192 192
-2.13855 50.40171 2.34001 188 188 188
-2.22470 50.40490 2.24868 190 190 190
-2.31168 50.39677 2.15792 188 188 188
-2.38611 50.40066 2.05654 188 188 188
-2.46219 50.40380 1.95679 173 173 173
-2.53742 50.39729 1.85619 184 184 184
-2.60895 50.40155 1.75271 180 180 180
-2.66716 50.40044 1.64115 186 186 186
-2.73111 50.39934 1.53284 187 187 187
-2.78409 50.39929 1.41880 177 177 177
-2.83243 50.40168 1.30281 178 178 178
-2.87377 50.39937 1.18421 179 179 179
-2.92184 50.39595 1.06798 179 179 179
-2.95558 50.39901 0.94692 175 175 175
-2.99221 50.39960 0.82658 177 177 177
-3.01193 50.40202 0.70227 174 174 174
-3.03696 50.40099 0.57919 175 175 175
-3.06299 50.40363 0.45580 168 168 168
-3.06883 50.40058 0.32993 169 169 169
-3.07132 50.40173 0.20424 179 179 179
-3.07781 50.39992 0.07875 167 167 167
-3.07661 50.40005 -0.04695 165 165 165
-3.07042 50.39982 -0.17255 165 165 165
-3.05636 50.40112 -0.29752 162 162 162
-3.04102 50.40043 -0.42234 166 166 166
-3.00925 50.40265 -0.54424 165 165 165
-2.99080 50.39860 -0.66874 166 166 166
-2.96368 50.40059 -0.79170 158 158 158
-2.91766 50.39724 -0.90913 160 160 160
-2.87208 50.40410 -1.02609 161 161 161
-2.83429 50.40032 -1.14608 155 155 155
-2.78233 50.39951 -1.26049 155 155 155
-2.72594 50.39790 -1.37271 155 155 155
-2.66822 50.40146 -1.48424 150 150 150
-2.60123 50.39674 -1.59048 146 146 146
-2.53647 50.40151 -1.69805 157 157 157
-2.46472 50.40144 -1.80112 150 150 150
-2.38888 50.40328 -1.90122 150 150 150
-2.30938 50.39946 -1.99845 148 148 148
-2.22560 50.40106 -2.09200 149 149 149
-2.13982 50.39932 -2.18378 147 147 147
-2.04970 50.39910 -2.27135 149 149 149
-1.95259 50.39992 -2.35111 150 150 150
-1.85943 50.40434 -2.43558 148 148 148
-1.75760 50.40103 -2.50928 146 146 146
-1.65562 50.39832 -2.58271 140 140 140
-1.55001 50.40111 -2.65088 145 145 145
-1.43844 50.40531 -2.70887 148 148 148
-1.33082 50.40056 -2.77396 142 142 142
-1.21687 50.39936 -2.82703 145 145 145
-1.09962 50.39821 -2.87222 141 141 141
-0.98241 50.39993 -2.91681 148 148 148
-0.86569 50.39616 -2.96323 147 147 147
-0.74678 50.39787 -3.00421 141 141 141
-0.62358 50.40259 -3.02976 142 142 142
-0.50162 50.40248 -3.05995 144 144 144
-0.37616 50.39905 -3.07096 133 133 133
-0.25295 50.39941 -3.09518 137 137 137
-0.12839 50.40403 -3.11178 139 139 139
-0.00313 50.40359 -3.12407 146 146 146
0.12271 50.40204 -3.11985 137 137 137
0.24820 50.40182 -3.11523 136 136 136
0.37380 50.39889 -3.11164 139 139 139
0.49851 50.40125 -3.09635 141 141 141
0.62316 50.39788 -3.08095 139 139 139
0.74769 50.39970 -3.06326 139 139 139
0.87066 50.40361 -3.03668 137 137 137
0.99074 50.39774 -2.99906 139 139 139
1.11078 50.40282 -2.96223 146 146 146
1.23132 50.40190 -2.92627 134 134 134
1.34413 50.40063 -2.87003 143 143 143
1.46279 50.40111 -2.82810 142 142 142
1.57290 50.39618 -2.76741 145 145 145
1.68422 50.39857 -2.70953 135 135 135
1.79484 50.40039 -2.64991 145 145 145
1.90271 50.40211 -2.58521 141 141 141
2.00349 50.40116 -2.50992 144 144 144
2.10552 50.40435 -2.43643 147 147 147
2.20018 50.39859 -2.35366 139 139 139
2.29486 50.40058 -2.27107 146 146 146
2.38796 50.40115 -2.18650 147 147 147
2.47282 50.39596 -2.09367 152 152 152
2.55742 50.39832 -2.00069 143 143 143
2.63722 50.40070 -1.90353 157 157 157
2.71449 50.39795 -1.80429 145 145 145
2.78376 50.40330 -1.69931 149 149 149
2.85166 50.39538 -1.59355 154 154 154
2.91048 50.39949 -1.48248 155 155 155
2.97084 50.40185 -1.37244 153 153 153
3.02546 50.39816 -1.25944 153 153 153
3.08197 50.39704 -1.14702 156 156 156
3.11998 50.39904 -1.02700 158 158 158
3.16928 50.40381 -0.91114 156 156 156
3.19875 50.39656 -0.78878 160 160 160
3.22893 50.40479 -0.66699 158 158 158
3.25894 50.40339 -0.54508 168 168 168
3.27648 50.39514 -0.42076 164 164 164
3.29397 50.40008 -0.29659 169 169 169
3.31143 50.39999 -0.17221 163 163 163
3.32316 50.40500 -0.04700 165 165 165
3.31192 50.79942 0.07938 166 166 166
3.30906 50.80240 0.20492 171 171 171
3.30664 50.79846 0.33067 167 167 167
3.29506 50.80195 0.45592 168 168 168
3.27102 50.80013 0.57946 174 174 174
3.25668 50.80089 0.70457 183 183 183
3.22622 50.80075 0.82665 171 171 171
3.19957 50.79926 0.94971 166 166 166
3.15349 50.80293 1.06709 181 181 181
3.11433 50.80285 1.18640 178 178 178
3.07071 50.80224 1.30424 178 178 178
3.02118 50.79555 1.41978 182 182 182
2.96613 50.79939 1.53281 185 185 185
2.90450 50.79791 1.64235 182 182 182
2.84183 50.79740 1.75123 187 187 187
2.77615 50.80009 1.85843 184 184 184
2.70347 50.79967 1.96102 187 187 187
2.62695 50.79747 2.06073 186 186 186
2.54654 50.79927 2.15729 187 187 187
2.46670 50.80252 2.25455 186 186 186
2.36850 50.80004 2.33427 182 182 182
2.28403 50.79961 2.42733 193 193 193
2.19106 50.80172 2.51176 187 187 187
2.09477 50.79690 2.59246 190 190 190
1.99265 50.80245 2.66565 194 194 194
1.89425 50.80503 2.74430 187 187 187
1.78372 50.80069 2.80475 194 194 194
1.67687 50.79817 2.87079 190 190 190
1.56619 50.79511 2.93023 193 193 193
1.45365 50.80004 2.98615 196 196 196
1.33558 50.79938 3.02947 196 196 196
1.21859 50.79771 3.07457 192 192 192
1.10249 50.79837 3.12285 200 200 200
0.98165 50.80067 3.15721 195 195 195
0.86015 50.79940 3.18896 200 200 200
0.73776 50.80037 3.21722 196 196 196
0.61374 50.80262 3.23706 194 194 194
0.48889 50.79924 3.25008 201 201 201
0.36468 50.80229 3.26956 199 199 199
0.23922 50.80124 3.27652 197 197 197
0.11361 50.79725 3.27679 196 196 196
-0.01216 50.79963 3.28031 193 193 193
-0.13790 50.80302 3.27514 195 195 195
-0.26215 50.80530 3.25411 196 196 196
-0.38680 50.80240 3.23885 202 202 202
-0.51158 50.80246 3.22240 196 196 196
-0.63396 50.79978 3.19323 195 195 195
-0.75736 50.79838 3.16759 196 196 196
-0.87581 50.80226 3.12448 194 194 194
-0.99523 50.80161 3.08501 193 193 193
-1.11081 50.80163 3.03538 196 196 196
-1.22603 50.79781 2.98529 193 193 193
-1.33961 50.79569 2.93148 194 194 194
-1.45141 50.79431 2.87391 191 191 191
-1.55603 50.80492 2.80398 185 185 185
-1.66587 50.80102 2.74256 186 186 186
-1.76955 50.79921 2.67132 192 192 192
-1.86818 50.80039 2.59326 192 192 192
-1.96319 50.79952 2.51099 185 185 185
-2.06027 50.79983 2.43107 186 186 186
-2.15116 50.79851 2.34414 191 191 191
-2.23767 50.79650 2.25288 189 189 189
-2.32040 50.80085 2.15821 183 183 183
-2.40009 50.80062 2.06101 180 180 180
-2.47145 50.79703 1.95753 179 179 179
-2.54930 50.79947 1.85867 192 192 192
-2.61407 50.80112 1.75090 180 180 180
-2.68155 50.79846 1.64474 180 180 180
-2.74174 50.80277 1.53425 179 179 179
-2.79326 50.80793 1.41946 184 184 184
-2.83719 50.79976 1.30163 177 177 177
-2.88835 50.79630 1.18686 173 173 173
-2.93008 50.80174 1.06833 176 176 176
-2.96713 50.79946 0.94823 168 168 168
-2.99707 50.79904 0.82618 179 179 179
-3.02486 50.79447 0.70366 169 169 169
-3.05078 50.79940 0.58056 174 174 174
-3.06404 50.80068 0.45547 173 173 173
-3.07570 50.80040 0.33038 172 172 172
-3.09046 50.79957 0.20526 174 174 174
-3.09015 50.80116 0.07938 169 169 169
-3.08720 50.80226 -0.04639 168 168 168
-3.08249 50.80170 -0.17216 168 168 168
-3.06122 50.79655 -0.29639 161 161 161
-3.03994 50.79799 -0.42010 161 161 161
-3.02127 50.80076 -0.54419 158 158 158
-3.00090 50.79768 -0.66835 155 155 155
-2.96282 50.79831 -0.78827 168 168 168
-2.92612 50.80085 -0.90829 160 160 160
-2.88656 50.80133 -1.02745 162 162 162
-2.84829 50.79441 -1.14748 157 157 157
-2.79059 50.79707 -1.25948 158 158 158
-2.74156 50.80083 -1.37541 151 151 151
-2.68003 50.79955 -1.48514 154 154 154
-2.61270 50.80236 -1.59131 151 151 151
-2.54991 50.79740 -1.70033 147 147 147
-2.47730 50.80454 -1.80303 151 151 151
-2.39212 50.80178 -1.89598 146 146 146
-2.32405 50.79880 -2.00258 148 148 148
-2.23734 50.79902 -2.09382 155 155 155
-2.15249 50.80197 -2.18672 148 148 148
-2.05772 50.80288 -2.26956 153 153 153
-1.96623 50.80275 -2.35581 144 144 144
-1.86872 50.79938 -2.43519 143 143 143
-1.76771 50.80028 -2.51004 146 146 146
-1.66579 50.80082 -2.58369 147 147 147
-1.55934 50.79926 -2.65063 148 148 148
-1.44907 50.80272 -2.71099 144 144 144
-1.33845 50.80311 -2.77045 140 140 140
-1.22696 50.79445 -2.82855 138 138 138
-1.11507 50.80025 -2.88691 147 147 147
-0.99493 50.79791 -2.92544 139 139 139
-0.87691 50.80013 -2.96914 136 136 136
-0.75551 50.80372 -3.00230 139 139 139
-0.63232 50.80068 -3.02766 139 139 139
-0.51045 50.79794 -3.05799 139 139 139
-0.38694 50.79832 -3.08094 141 141 141
-0.26296 50.80295 -3.10227 136 136 136
-0.13736 50.80343 -3.10950 138 138 138
-0.01176 50.79955 -3.11154 146 146 146
0.11361 50.80321 -3.12167 145 145 145
0.23915 50.79772 -3.11599 138 138 138
0.36422 50.80532 -3.10499 138 138 138
0.48932 50.80162 -3.09499 132 132 132
0.61454 50.79816 -3.08341 140 140 140
0.73796 50.79691 -3.05944 142 142 142
0.85966 50.79990 -3.02815 139 139 139
0.98262 50.79799 -3.00190 143 143 143
1.10411 50.79534 -2.96907 145 145 145
1.21981 50.79431 -2.91911 145 145 145
1.33575 50.79818 -2.87114 137 137 137
1.45445 50.80068 -2.82913 139 139 139
1.56704 50.80360 -2.77314 136 136 136
1.67408 50.80282 -2.70704 139 139 139
1.78566 50.80058 -2.64917 144 144 144
1.89020 50.80184 -2.57949 142 142 142
1.99348 50.79975 -2.50805 144 144 144
2.09652 50.80252 -2.43593 148 148 148
2.19375 50.80043 -2.35616 138 138 138
2.28605 50.80059 -2.27076 142 142 142
2.37312 50.79659 -2.18014 144 144 144
2.46285 50.79860 -2.09224 152 152 152
2.55239 50.79637 -2.00354 153 153 153
2.62790 50.80160 -1.90274 150 150 150
2.70185 50.79854 -1.80110 152 152 152
2.77590 50.79663 -1.69951 162 162 162
2.84511 50.79946 -1.59449 153 153 153
2.91128 50.79572 -1.48740 148 148 148
2.96352 50.79851 -1.37273 152 152 152
3.01958 50.79953 -1.26030 150 150 150
3.07203 50.79807 -1.14604 155 155 155
3.11635 50.79425 -1.02839 161 161 161
3.15753 50.79996 -0.90966 167 167 167
3.19462 50.80325 -0.78956 157 157 157
3.23244 50.80011 -0.66939 165 165 165
3.24680 50.79850 -0.54386 171 171 171
3.27677 50.80438 -0.42162 168 168 168
3.29360 50.80028 -0.29700 166 166 166
3.30306 50.80158 -0.17164 160 160 160
3.31523 50.79808 -0.04642 168 168 168
3.30735 51.19733 0.08000 162 162 162
3.30252 51.19889 0.20565 169 169 169
3.29273 51.20159 0.33092 170 170 170
3.28104 51.20004 0.45597 170 170 170
3.26330 51.20008 0.58031 171 171 171
3.24675 51.20135 0.70504 172 172 172
3.21396 51.20229 0.82653 171 171 171
3.18384 51.20402 0.94848 181 181 181
3.15217 51.19812 1.07026 175 175 175
3.10610 51.19258 1.18737 172 172 172
3.06100 51.19783 1.30465 178 178 178
3.01426 51.19935 1.42144 178 178 178
2.95517 51.19911 1.53251 180 180 180
2.89450 51.20111 1.64250 174 174 174
2.83390 51.19901 1.75261 194 194 194
2.77206 51.19981 1.86244 181 181 181
2.69089 51.20433 1.95916 180 180 180
2.62076 51.20186 2.06370 187 187 187
2.53766 51.19691 2.15816 184 184 184
2.45076 51.19894 2.24891 185 185 185
2.36827 51.19964 2.34382 190 190 190
2.27611 51.19730 2.42929 195 195 195
2.18274 51.20160 2.51336 184 184 184
2.08824 51.20271 2.59642 191 191 191
1.98520 51.19852 2.66864 196 196 196
1.88051 51.19662 2.73807 199 199 199
1.77698 51.20377 2.80931 199 199 199
1.67008 51.19873 2.87564 196 196 196
1.55690 51.20068 2.93060 196 196 196
1.44310 51.19928 2.98376 190 190 190
1.33017 51.20185 3.03915 195 195 195
1.21036 51.19742 3.07770 197 197 197
1.09314 51.19878 3.12289 193 193 193
0.97530 51.19944 3.16782 192 192 192
0.85230 51.20443 3.19501 197 197 197
0.72854 51.19776 3.21749 197 197 197
0.60445 51.19634 3.23688 194 194 194
0.48104 51.20203 3.26181 194 194 194
0.35609 51.20369 3.27738 198 198 198
0.23025 51.20086 3.28189 195 195 195
0.10445 51.19688 3.28405 194 194 194
-0.02093 51.19776 3.27110 193 193 193
-0.14654 51.19887 3.26912 200 200 200
-0.27201 51.20282 3.26071 199 199 199
-0.39668 51.20128 3.24399 193 193 193
-0.51939 51.20022 3.21626 196 196 196
-0.64260 51.19844 3.19170 192 192 192
-0.76459 51.19935 3.16140 187 187 187
-0.88510 51.19915 3.12554 193 193 193
-1.00272 51.19823 3.08111 192 192 192
-1.11944 51.20425 3.03474 193 193 193
-1.23654 51.20063 2.98884 194 194 194
-1.35053 51.19448 2.93556 190 190 190
-1.45649 51.19742 2.86727 194 194 194
-1.57021 51.19869 2.81279 187 187 187
-1.67473 51.19863 2.74273 194 194 194
-1.77694 51.20028 2.66950 187 187 187
-1.87949 51.20053 2.59662 186 186 186
-1.97357 51.20327 2.51304 190 190 190
-2.06501 51.20152 2.42691 186 186 186
-2.15834 51.19956 2.34279 181 181 181
-2.24349 51.20259 2.25041 190 190 190
-2.32743 51.20066 2.15703 182 182 182
-2.40757 51.19618 2.06031 179 179 179
-2.48360 51.20467 1.96033 189 189 189
-2.55233 51.19930 1.85520 184 184 184
-2.62917 51.19704 1.75516 181 181 181
-2.68501 51.19958 1.64217 180 180 180
-2.74372 51.19854 1.53121 171 171 171
-2.79537 51.20251 1.41684 183 183 183
-2.85565 51.20372 1.30612 177 177 177
-2.89608 51.19623 1.18695 175 175 175
-2.93717 51.19638 1.06828 178 178 178
-2.97410 51.19750 0.94824 177 177 177
-3.00846 51.20132 0.82734 170 170 170
-3.03504 51.20178 0.70448 168 168 168
-3.05087 51.20034 0.57975 173 173 173
-3.07223 51.20296 0.45598 175 175 175
-3.08803 51.19801 0.33125 167 167 167
-3.09433 51.19301 0.20568 167 167 167
-3.09866 51.19275 0.08000 165 165 165
-3.09135 51.19878 -0.04556 167 167 167
-3.09088 51.20333 -0.17148 160 160 160
-3.07411 51.19847 -0.29621 163 163 163
-3.05835 51.20416 -0.42094 167 167 167
-3.03642 51.19713 -0.54476 169 169 169
-3.00301 51.20130 -0.66604 164 164 164
-2.98093 51.20154 -0.79017 157 157 157
-2.94513 51.20041 -0.91087 157 157 157
-2.90184 51.19699 -1.02908 161 161 161
-2.84790 51.19947 -1.14290 157 157 157
-2.80188 51.19800 -1.25984 163 163 163
-2.74826 51.19592 -1.37353 157 157 157
-2.68424 51.19899 -1.48174 148 148 148
-2.62372 51.20364 -1.59183 157 157 157
-2.55844 51.19792 -1.69929 148 148 148
-2.48658 51.19815 -1.80249 152 152 152
-2.40782 51.19920 -1.90052 156 156 156
-2.32864 51.20195 -1.99805 145 145 145
-2.25351 51.19638 -2.09968 147 147 147
-2.15658 51.20041 -2.18103 156 156 156
-2.06606 51.19995 -2.26805 147 147 147
-1.97303 51.19999 -2.35241 139 139 139
-1.87477 51.19649 -2.43062 143 143 143
-1.77765 51.19987 -2.51048 143 143 143
-1.67266 51.19807 -2.57963 149 149 149
-1.56738 51.19978 -2.64819 139 139 139
-1.45847 51.19848 -2.71079 145 145 145
-1.34553 51.20063 -2.76575 142 142 142
-1.23402 51.20237 -2.82337 134 134 134
-1.11985 51.19916 -2.87572 143 143 143
-1.00610 51.20008 -2.93027 144 144 144
-0.88461 51.19996 -2.96400 135 135 135
-0.76438 51.19903 -3.00063 142 142 142
-0.64257 51.19951 -3.03156 141 141 141
-0.52005 51.19891 -3.05955 139 139 139
-0.39607 51.19931 -3.08015 139 139 139
-0.27154 51.20174 -3.09674 142 142 142
-0.14637 51.20324 -3.10692 136 136 136
-0.02117 51.19625 -3.11736 151 151 151
0.10445 51.20389 -3.12546 136 136 136
0.23007 51.19969 -3.11720 143 143 143
0.35533 51.19887 -3.10778 139 139 139
0.48044 51.20335 -3.09670 137 137 137
0.60522 51.19878 -3.08173 149 149 149
0.72879 51.20084 -3.05877 135 135 135
0.85136 51.20242 -3.03112 139 139 139
0.97416 51.20076 -3.00375 144 144 144
1.09407 51.20122 -2.96574 142 142 142
1.21331 51.20132 -2.92570 142 142 142
1.32727 51.20072 -2.87215 140 140 140
1.44486 51.19891 -2.82758 141 141 141
1.55532 51.20121 -2.76749 142 142 142
1.66664 51.20262 -2.70949 147 147 147
1.77515 51.20103 -2.64634 152 152 152
1.88493 51.20127 -2.58467 138 138 138
1.98494 51.19930 -2.50827 146 146 146
2.08953 51.19685 -2.43806 144 144 144
2.18567 51.20633 -2.35680 146 146 146
2.27471 51.19926 -2.26778 146 146 146
2.36683 51.19520 -2.18238 149 149 149
2.45666 51.20230 -2.09436 153 153 153
2.54023 51.19617 -2.00035 153 153 153
2.62002 51.19594 -1.90311 147 147 147
2.69042 51.19934 -1.79882 146 146 146
2.76606 51.19988 -1.69843 154 154 154
2.82418 51.19698 -1.58665 158 158 158
2.89662 51.20061 -1.48369 153 153 153
2.95890 51.19818 -1.37441 151 151 151
3.01075 51.20423 -1.25982 164 164 164
3.06020 51.19759 -1.14431 154 154 154
3.10552 51.20091 -1.02715 151 151 151
3.14497 51.19976 -0.90792 165 165 165
3.18072 51.19841 -0.78760 166 166 166
3.21286 51.20113 -0.66626 157 157 157
3.24434 51.20168 -0.54456 170 170 170
3.26197 51.19941 -0.42010 166 166 166
3.28344 51.19970 -0.29626 162 162 162
3.29797 51.20040 -0.17134 165 165 165
3.29719 51.20398 -0.04544 169 169 169
3.29981 51.59911 0.08063 165 165 165
3.29349 51.59960 0.20628 167 167 167
3.28491 51.60012 0.33166 163 163 163
3.27316 51.60419 0.45676 172 172 172
3.25032 51.60212 0.58034 177 177 177
3.23256 51.60251 0.70468 171 171 171
3.21133 51.60107 0.82873 170 170 170
3.17486 51.60099 0.94917 182 182 182
3.13506 51.59984 1.06832 179 179 179
3.09657 51.60032 1.18788 177 177 177
3.05057 51.60079 1.30476 179 179 179
2.99808 51.59808 1.41885 182 182 182
2.94288 51.60084 1.53157 176 176 176
2.88394 51.60090 1.64237 174 174 174
2.82763 51.60022 1.75504 188 188 188
2.75713 51.59893 1.85924 182 182 182
2.68302 51.60175 1.96076 181 181 181
2.60838 51.60411 2.06183 181 181 181
2.52893 51.59435 2.15919 188 188 188
2.44584 51.59934 2.25350 190 190 190
2.35786 51.59763 2.34325 182 182 182
2.26800 51.59839 2.43110 192 192 192
2.16933 51.60181 2.50907 185 185 185
2.07733 51.60259 2.59489 182 182 182
1.97937 51.59914 2.67391 185 185 185
1.87463 51.59699 2.74367 181 181 181
1.76639 51.60149 2.80769 191 191 191
1.65835 51.59946 2.87176 194 194 194
1.54565 51.59924 2.92722 192 192 192
1.43286 51.59983 2.98215 188 188 188
1.31941 51.59755 3.03603 195 195 195
1.20252 51.60599 3.08206 192 192 192
1.08448 51.59477 3.12520 203 203 203
0.96404 51.59775 3.16117 201 201 201
0.84181 51.60039 3.19034 197 197 197
0.71963 51.59854 3.21966 196 196 196
0.59567 51.60125 3.24020 190 190 190
0.47072 51.59984 3.25303 194 194 194
0.34640 51.59858 3.27197 187 187 187
0.22092 51.59870 3.27954 189 189 189
0.09524 51.60072 3.27952 195 195 195
-0.03016 51.60298 3.27225 194 194 194
-0.15598 51.60341 3.27268 197 197 197
-0.28163 51.59823 3.26478 201 201 201
-0.40532 51.60415 3.24104 196 196 196
-0.52897 51.60136 3.21872 196 196 196
-0.65252 51.60082 3.19525 191 191 191
-0.77502 51.60141 3.16633 195 195 195
-0.89387 51.60035 3.12479 196 196 196
-1.01243 51.60064 3.08310 194 194 194
-1.12838 51.59544 3.03469 194 194 194
-1.24527 51.60062 2.98841 190 190 190
-1.35745 51.60273 2.93168 191 191 191
-1.46996 51.59724 2.87548 196 196 196
-1.57894 51.59673 2.81264 193 193 193
-1.68268 51.60034 2.74146 193 193 193
-1.78796 51.60083 2.67263 195 195 195
-1.88413 51.59480 2.59144 186 186 186
-1.98626 51.59833 2.51775 187 187 187
-2.07751 51.59735 2.43109 191 191 191
-2.16443 51.60204 2.34029 182 182 182
-2.25657 51.60134 2.25462 182 182 182
-2.33993 51.59651 2.16046 192 192 192
-2.42398 51.59986 2.06661 193 193 193
-2.49720 51.60316 1.96414 185 185 185
-2.56553 51.60026 1.85849 182 182 182
-2.63145 51.60260 1.75154 180 180 180
-2.69727 51.60582 1.64450 178 178 178
-2.76151 51.59795 1.53621 184 184 184
-2.81073 51.60300 1.42029 174 174 174
-2.85808 51.60247 1.30393 177 177 177
-2.90305 51.59847 1.18675 178 178 178
-2.95088 51.60525 1.07037 180 180 180
-2.98558 51.59623 0.94951 176 176 176
-3.01356 51.59893 0.82698 172 172 172
-3.04613 51.59661 0.70548 174 174 174
-3.06724 51.59965 0.58151 170 170 170
-3.08749 51.59839 0.45733 170 170 170
-3.09320 51.59706 0.33156 164 164 164
-3.11176 51.59601 0.20663 171 171 171
-3.10727 51.59997 0.08063 170 170 170
-3.10235 51.60245 -0.04501 161 161 161
-3.09241 51.60439 -0.17025 164 164 164
-3.08395 51.60443 -0.29566 170 170 170
-3.06423 51.60120 -0.41979 174 174 174
-3.04150 51.60282 -0.54331 164 164 164
-3.02012 51.60000 -0.66731 164 164 164
-2.98479 51.59722 -0.78803 158 158 158
-2.94723 51.59702 -0.90793 160 160 160
-2.90882 51.60358 -1.02763 155 155 155
-2.86021 51.60111 -1.14356 163 163 163
-2.81391 51.60285 -1.26051 155 155 155
-2.74803 51.60026 -1.36809 156 156 156
-2.69854 51.60026 -1.48396 155 155 155
-2.63720 51.59990 -1.59382 153 153 153
-2.56765 51.60050 -1.69866 151 151 151
-2.49300 51.59467 -1.79984 156 156 156
-2.42110 51.59892 -1.90310 156 156 156
-2.34058 51.59975 -1.99976 146 146 146
-2.25671 51.60046 -2.09349 149 149 149
-2.16597 51.59679 -2.18058 140 140 140
-2.07816 51.59850 -2.27055 144 144 144
-1.98201 51.60025 -2.35152 152 152 152
-1.88502 51.60160 -2.43133 144 144 144
-1.78515 51.60071 -2.50751 146 146 146
-1.68471 51.59801 -2.58326 155 155 155
-1.57519 51.60088 -2.64526 154 154 154
-1.46574 51.59963 -2.70671 145 145 145
-1.35909 51.60250 -2.77366 140 140 140
-1.24429 51.60620 -2.82503 144 144 144
-1.12779 51.60026 -2.87202 145 145 145
-1.01270 51.59503 -2.92256 141 141 141
-0.89464 51.59589 -2.96590 143 143 143
-0.77305 51.59575 -2.99810 136 136 136
-0.65218 51.60142 -3.03260 145 145 145
-0.52870 51.60337 -3.05612 138 138 138
-0.40518 51.60153 -3.07887 141 141 141
-0.28054 51.60311 -3.09428 151 151 151
-0.15561 51.60145 -3.10667 140 140 140
-0.03026 51.59912 -3.11358 139 139 139
0.09524 51.60213 -3.11538 147 147 147
0.22069 51.59779 -3.11234 132 132 132
0.34624 51.59945 -3.10866 144 144 144
0.47130 51.60028 -3.09674 135 135 135
0.59478 51.60061 -3.07337 133 133 133
0.71984 51.59936 -3.05945 132 132 132
0.84241 51.59861 -3.03158 140 140 140
0.96479 51.59788 -3.00257 136 136 136
1.08475 51.60304 -2.96478 138 138 138
1.20332 51.59693 -2.92297 143 143 143
1.32191 51.59540 -2.88082 146 146 146
1.43676 51.59833 -2.82937 148 148 148
1.54744 51.60179 -2.76948 143 143 143
1.66047 51.59731 -2.71431 141 141 141
1.76593 51.59881 -2.64569 145 145 145
1.87419 51.59933 -2.58176 150 150 150
1.97650 51.59471 -2.50871 148 148 148
2.07924 51.59785 -2.43607 138 138 138
2.17768 51.60181 -2.35760 140 140 140
2.26913 51.60008 -2.27108 144 144 144
2.35962 51.59630 -2.18375 144 144 144
2.44289 51.59929 -2.08952 150 150 150
2.52549 51.60549 -1.99501 153 153 153
2.60368 51.60234 -1.89687 155 155 155
2.68340 51.60462 -1.79978 149 149 149
2.75859 51.60334 -1.69897 157 157 157
2.82487 51.60170 -1.59209 153 153 153
2.89428 51.59732 -1.48691 153 153 153
2.94390 51.60189 -1.37084 155 155 155
2.99871 51.60059 -1.25789 162 162 162
3.04916 51.60001 -1.14293 163 163 163
3.09423 51.60072 -1.02576 168 168 168
3.14223 51.59978 -0.90940 154 154 154
3.18275 51.59614 -0.79014 165 165 165
3.20841 51.59939 -0.66678 162 162 162
3.23289 51.60116 -0.54349 160 160 160
3.25668 51.59853 -0.42010 162 162 162
3.27815 51.59684 -0.29610 166 166 166
3.27982 51.60029 -0.17001 165 165 165
3.28950 51.60116 -0.04488 171 171 171
3.28704 52.00166 0.08125 157 157 157
3.28438 51.99861 0.20692 167 167 167
3.27993 51.99870 0.33262 173 173 173
3.26426 52.00093 0.45742 178 178 178
3.25271 52.00108 0.58281 169 169 169
3.22646 52.00134 0.70593 183 183 183
3.19976 51.99754 0.82880 173 173 173
3.16486 52.00054 0.94959 177 177 177
3.13148 51.99830 1.07079 183 183 183
3.08582 52.00270 1.18795 178 178 178
3.04200 52.00359 1.30568 182 182 182
2.98976 52.00348 1.41991 184 184 184
2.93367 52.00204 1.53222 182 182 182
2.87637 52.00009 1.64394 188 188 188
2.81482 52.00058 1.75349 182 182 182
2.74587 51.99944 1.85853 191 191 191
2.67771 51.99933 1.96425 186 186 186
2.59917 51.99887 2.06249 192 192 192
2.52186 51.99748 2.16169 185 185 185
2.44061 51.99788 2.25785 186 186 186
2.34905 52.00249 2.34432 191 191 191
2.25733 51.99933 2.43020 189 189 189
2.16467 51.99894 2.51509 189 189 189
2.07072 52.00242 2.59888 194 194 194
1.96915 51.99904 2.67322 186 186 186
1.86259 52.00286 2.74014 183 183 183
1.75525 51.99794 2.80525 186 186 186
1.64869 52.00303 2.87167 198 198 198
1.53964 51.99782 2.93423 198 198 198
1.42733 51.99972 2.99086 187 187 187
1.31118 51.99926 3.03915 194 194 194
1.19614 51.99508 3.09049 193 193 193
1.07480 52.00471 3.12454 187 187 187
0.95365 51.99957 3.15777 191 191 191
0.83332 51.99737 3.19417 184 184 184
0.71000 51.99776 3.21841 192 192 192
0.58691 51.99974 3.24403 194 194 194
0.46274 51.99980 3.26451 207 207 207
0.33726 52.00361 3.27411 199 199 199
0.21158 52.00052 3.27816 192 192 192
0.08598 52.00083 3.28348 194 194 194
-0.03957 52.00047 3.27662 199 199 199
-0.16517 51.99554 3.27235 192 192 192
-0.29040 52.00433 3.26124 197 197 197
-0.41487 52.00123 3.24350 199 199 199
-0.53788 52.00393 3.21762 203 203 203
-0.66264 51.99886 3.19945 196 196 196
-0.78162 51.99967 3.15753 196 196 196
-0.90174 51.99969 3.12113 198 198 198
-1.02202 51.99754 3.08461 189 189 189
-1.13746 51.99451 3.03489 191 191 191
-1.25749 51.99957 2.99546 192 192 192
-1.36580 51.99591 2.93053 192 192 192
-1.47629 52.00078 2.87089 189 189 189
-1.58430 52.00191 2.80690 191 191 191
-1.69090 51.99648 2.74054 194 194 194
-1.79403 51.99771 2.66886 187 187 187
-1.89704 52.00018 2.59670 192 192 192
-1.99440 52.00413 2.51706 186 186 186
-2.08730 52.00655 2.43229 183 183 183
-2.17927 51.99648 2.34650 186 186 186
-2.26169 52.00036 2.25141 185 185 185
-2.35139 52.00203 2.16296 190 190 190
-2.42511 52.00422 2.06083 183 183 183
-2.49990 52.00115 1.96000 182 182 182
-2.57714 52.00424 1.86069 181 181 181
-2.64449 51.99629 1.75448 184 184 184
-2.70222 52.00223 1.64272 184 184 184
-2.76637 51.99428 1.53459 175 175 175
-2.82167 52.00115 1.42170 181 181 181
-2.87236 52.00392 1.30663 184 184 184
-2.90998 51.99784 1.18652 179 179 179
-2.95398 51.99916 1.06899 169 169 169
-2.99874 51.99851 0.95123 176 176 176
-3.02048 52.00396 0.82705 178 178 178
-3.05796 51.99676 0.70662 167 167 167
-3.07642 52.00085 0.58212 174 174 174
-3.09416 52.00051 0.45764 174 174 174
-3.10419 52.00024 0.33232 176 176 176
-3.11601 52.00067 0.20706 163 163 163
-3.11422 51.99781 0.08125 170 170 170
-3.10867 51.99970 -0.04427 164 164 164
-3.09866 52.00375 -0.16939 161 161 161
-3.08803 51.99802 -0.29442 156 156 156
-3.07323 52.00044 -0.41912 165 165 165
-3.05217 52.00116 -0.54297 172 172 172
-3.02705 51.99766 -0.66612 161 161 161
-2.98775 52.00313 -0.78563 165 165 165
-2.95556 51.99912 -0.90701 157 157 157
-2.92488 51.99968 -1.02951 160 160 160
-2.87629 51.99835 -1.14576 159 159 159
-2.82057 51.99436 -1.25869 157 157 157
-2.76192 52.00446 -1.36983 150 150 150
-2.70836 52.00128 -1.48365 152 152 152
-2.64838 52.00159 -1.59437 157 157 157
-2.57424 51.99997 -1.69625 150 150 150
-2.50600 52.00060 -1.80193 151 151 151
-2.43064 51.99595 -1.90269 147 147 147
-2.34304 51.99802 -1.99333 158 158 158
-2.26669 51.99962 -2.09354 149 149 149
-2.17775 52.00267 -2.18248 143 143 143
-2.08415 52.00203 -2.26638 149 149 149
-1.98990 51.99576 -2.34930 150 150 150
-1.89464 51.99998 -2.43115 149 149 149
-1.79470 52.00255 -2.50729 140 140 140
-1.68960 51.99969 -2.57609 146 146 146
-1.58669 52.00254 -2.64830 142 142 142
-1.47805 52.00130 -2.71152 144 144 144
-1.36379 52.00264 -2.76408 140 140 140
-1.25517 52.00050 -2.82792 152 152 152
-1.14122 52.00249 -2.88147 143 143 143
-1.02050 51.99930 -2.91799 141 141 141
-0.90174 52.00098 -2.95864 142 142 142
-0.78440 52.00500 -3.00486 137 137 137
-0.65968 52.00055 -3.02465 145 145 145
-0.53821 51.99982 -3.05675 140 140 140
-0.41485 51.99925 -3.08088 138 138 138
-0.28981 52.00046 -3.09381 137 137 137
-0.16497 51.99705 -3.10733 145 145 145
-0.03959 52.00319 -3.11478 141 141 141
0.08598 51.99919 -3.11707 137 137 137
0.21173 52.00192 -3.11924 139 139 139
0.33704 52.00317 -3.10873 144 144 144
0.46165 52.00078 -3.09277 140 140 140
0.58744 52.00132 -3.08485 134 134 134
0.71126 52.00522 -3.06224 139 139 139
0.83204 52.00094 -3.02633 143 143 143
0.95389 52.00124 -2.99614 146 146 146
1.07429 52.00381 -2.96046 141 141 141
1.19207 52.00025 -2.91693 139 139 139
1.30969 52.00129 -2.87306 136 136 136
1.42422 52.00112 -2.82163 148 148 148
1.54043 51.99614 -2.77328 148 148 148
1.65165 51.99652 -2.71446 142 142 142
1.75557 52.00141 -2.64328 146 146 146
1.86321 52.00041 -2.57856 147 147 147
1.96531 52.00229 -2.50543 144 144 144
2.06605 51.99768 -2.43046 147 147 147
2.16554 52.00028 -2.35361 153 153 153
2.25131 52.00376 -2.26119 146 146 146
2.34637 52.00215 -2.17914 151 151 151
2.43324 52.00262 -2.08853 142 142 142
2.51770 51.99476 -1.99564 150 150 150
2.59129 51.99816 -1.89378 148 148 148
2.67733 51.99980 -1.80148 152 152 152
2.75006 52.00396 -1.69883 147 147 147
2.81750 52.00205 -1.59263 153 153 153
2.87704 51.99640 -1.48182 152 152 152
2.93656 52.00181 -1.37119 150 150 150
2.99423 51.99814 -1.25947 161 161 161
3.04657 52.00047 -1.14507 165 165 165
3.09334 51.99852 -1.02822 156 156 156
3.12696 52.00244 -0.90683 159 159 159
3.16659 52.00098 -0.78757 161 161 161
3.19770 52.00059 -0.66581 157 157 157
3.21837 52.00436 -0.54182 165 165 165
3.24362 52.00580 -0.41887 156 156 156
3.25929 51.99960 -0.29434 158 158 158
3.28219 51.99999 -0.17030 162 162 162
3.27968 52.00313 -0.04423 167 167 167
3.27447 52.40202 0.08188 158 158 158
3.27842 52.39656 0.20767 170 170 170
3.26615 52.40388 0.33289 171 171 171
3.24902 52.40170 0.45735 167 167 167
3.23085 52.40007 0.58145 174 174 174
3.22098 52.39917 0.70732 163 163 163
3.19015 52.40028 0.82935 166 166 166
3.15850 52.40188 0.95104 175 175 175
3.12624 52.39949 1.07274 178 178 178
3.08012 52.40059 1.18991 181 181 181
3.03646 52.40335 1.30786 177 177 177
2.98017 52.40116 1.42040 174 174 174
2.93015 52.40187 1.53580 181 181 181
2.86565 52.39935 1.64378 184 184 184
2.80758 52.39970 1.75538 173 173 173
2.73312 52.40238 1.85686 183 183 183
2.66001 52.39917 1.95878 184 184 184
2.58783 52.39720 2.06151 183 183 183
2.50946 52.39772 2.15967 185 185 185
2.42527 52.39845 2.25290 186 186 186
2.33932 52.39973 2.34452 189 189 189
2.24598 52.40246 2.42861 188 188 188
2.16025 52.40039 2.52142 193 193 193
2.05669 52.40008 2.59351 184 184 184
1.95685 52.39639 2.66971 185 185 185
1.85572 52.40385 2.74440 191 191 191
1.74513 52.39849 2.80454 190 190 190
1.64136 52.40015 2.87582 193 193 193
1.53156 52.39872 2.93724 184 184 184
1.41489 52.39610 2.98468 189 189 189
1.30222 52.39927 3.04060 191 191 191
1.18510 52.39578 3.08640 193 193 193
1.06532 52.40115 3.12461 192 192 192
0.94531 52.39874 3.16182 197 197 197
0.82597 52.40316 3.20293 192 192 192
0.70021 52.40232 3.21661 195 195 195
0.57752 52.39424 3.24411 193 193 193
0.45267 52.39809 3.25865 193 193 193
0.32720 52.39899 3.26517 194 194 194
0.20239 52.39981 3.28165 193 193 193
0.07667 52.40063 3.28074 195 195 195
-0.04891 52.40208 3.27830 194 194 194
-0.17418 52.40117 3.26925 199 199 199
-0.29986 52.39368 3.26321 204 204 204
-0.42379 52.40014 3.24169 195 195 195
-0.54734 52.39876 3.21899 197 197 197
-0.67074 52.39720 3.19510 200 200 200
-0.79078 52.40034 3.15764 194 194 194
-0.91011 52.40248 3.11890 194 194 194
-1.03097 52.40060 3.08427 190 190 190
-1.14919 52.40428 3.04138 193 193 193
-1.26486 52.39914 2.99190 198 198 198
-1.37405 52.39829 2.92909 190 190 190
-1.48443 52.39935 2.86942 193 193 193
-1.59488 52.40046 2.80961 187 187 187
-1.69894 52.39895 2.73927 190 190 190
-1.80529 52.40077 2.67217 189 189 189
-1.90659 52.40157 2.59764 187 187 187
-1.99793 52.39325 2.51093 180 180 180
-2.09696 52.40126 2.43330 183 183 183
-2.18861 52.40014 2.34716 184 184 184
-2.27662 52.40167 2.25724 184 184 184
-2.35778 52.40158 2.16110 182 182 182
-2.44089 52.40214 2.06657 180 180 180
-2.50757 52.40433 1.95944 185 185 185
-2.58527 52.40189 1.86053 178 178 178
-2.65064 52.40312 1.75318 183 183 183
-2.71483 52.40350 1.64519 182 182 182
-2.78162 52.39907 1.53825 181 181 181
-2.82714 52.39873 1.42055 175 175 175
-2.87820 52.40112 1.30582 168 168 168
-2.92480 52.40540 1.18918 178 178 178
-2.97137 52.39902 1.07224 180 180 180
-3.00488 52.40652 0.95096 179 179 179
-3.03173 52.40225 0.82814 173 173 173
-3.06068 52.39589 0.70593 177 177 177
-3.08727 52.40175 0.58299 178 178 178
-3.09771 52.39773 0.45759 169 169 169
-3.11248 52.40422 0.33287 175 175 175
-3.12147 52.40056 0.20753 167 167 167
-3.12684 52.39975 0.08188 160 160 160
-3.11857 52.39995 -0.04367 168 168 168
-3.10909 52.39918 -0.16885 157 157 157
-3.10326 52.39942 -0.29449 166 166 166
-3.08054 52.40012 -0.41818 163 163 163
-3.06212 52.39897 -0.54247 164 164 164
-3.03453 52.40029 -0.66506 156 156 156
-3.00923 52.40178 -0.78844 156 156 156
-2.96688 52.40336 -0.90704 166 166 166
-2.92723 52.40072 -1.02632 161 161 161
-2.87613 52.39881 -1.14122 156 156 156
-2.82920 52.39952 -1.25775 161 161 161
-2.77474 52.40577 -1.37100 148 148 148
-2.71133 52.40460 -1.47948 156 156 156
-2.64925 52.39995 -1.58857 147 147 147
-2.58446 52.39746 -1.69624 154 154 154
-2.51299 52.40160 -1.79962 160 160 160
-2.44005 52.40010 -1.90215 149 149 149
-2.35897 52.39916 -1.99836 151 151 151
-2.27212 52.39491 -2.08933 151 151 151
-2.19039 52.40329 -2.18519 147 147 147
-2.09433 52.40048 -2.26671 153 153 153
-2.00044 52.40174 -2.35012 153 153 153
-1.89857 52.40698 -2.42372 148 148 148
-1.80594 52.40145 -2.50932 145 145 145
-1.70066 52.39887 -2.57809 142 142 142
-1.59731 52.39916 -2.64982 141 141 141
-1.48705 52.40060 -2.71035 144 144 144
-1.37585 52.39677 -2.76887 138 138 138
-1.26242 52.40199 -2.82285 145 145 145
-1.14733 52.40170 -2.87313 146 146 146
-1.03134 52.39786 -2.92153 143 143 143
-0.91134 52.39869 -2.95891 139 139 139
-0.79223 52.39874 -2.99902 136 136 136
-0.66998 52.40008 -3.02815 143 143 143
-0.54747 52.39997 -3.05593 132 132 132
-0.42414 52.39731 -3.08011 147 147 147
-0.29902 52.39994 -3.09237 138 138 138
-0.17449 52.39944 -3.10945 132 132 132
-0.04923 52.40148 -3.12262 143 143 143
0.07667 52.39937 -3.11305 139 139 139
0.20218 52.40240 -3.11238 139 139 139
0.32777 52.39774 -3.10855 138 138 138
0.45237 52.40145 -3.09232 136 136 136
0.57750 52.40117 -3.08019 141 141 141
0.70078 52.40177 -3.05574 138 138 138
0.82315 52.40431 -3.02740 135 135 135
0.94588 52.39678 -3.00010 139 139 139
1.06509 52.39576 -2.96017 151 151 151
1.18459 52.40304 -2.92127 138 138 138
1.30229 52.40289 -2.87703 142 142 142
1.41797 52.39872 -2.82761 146 146 146
1.53392 52.40018 -2.77813 144 144 144
1.63901 52.39759 -2.70787 138 138 138
1.74754 52.39520 -2.64474 153 153 153
1.85473 52.39833 -2.57917 144 144 144
1.95413 52.39931 -2.50222 137 137 137
2.06091 52.40030 -2.43512 142 142 142
2.15258 52.40446 -2.34870 146 146 146
2.24750 52.40258 -2.26651 145 145 145
2.34139 52.40165 -2.18284 149 149 149
2.42815 52.39661 -2.09181 146 146 146
2.50955 52.39778 -1.99599 145 145 145
2.59032 52.39961 -1.89973 144 144 144
2.66507 52.40219 -1.79871 157 157 157
2.73315 52.39977 -1.69312 155 155 155
2.80672 52.39998 -1.59110 153 153 153
2.87210 52.39724 -1.48364 155 155 155
2.93215 52.39892 -1.37306 158 158 158
2.98607 52.40246 -1.25938 154 154 154
3.02891 52.40079 -1.14098 156 156 156
3.07681 52.40271 -1.02493 157 157 157
3.11896 52.39949 -0.90662 162 162 162
3.15638 52.40334 -0.78669 153 153 153
3.18672 52.40321 -0.66478 169 169 169
3.20965 52.39714 -0.54131 166 166 166
3.23611 52.40152 -0.41853 161 161 161
3.25399 52.40131 -0.29419 166 166 166
3.27019 52.40276 -0.16946 165 165 165
3.27387 52.40151 -0.04374 165 165 165
3.26528 52.79839 0.08250 164 164 164
3.27005 52.79869 0.20834 171 171 171
3.26381 52.79395 0.33407 173 173 173
3.24274 52.80320 0.45833 175 175 175
3.22748 52.80236 0.58302 170 170 170
3.20422 52.79899 0.70647 181 181 181
3.17500 52.80331 0.82858 174 174 174
3.15165 52.79823 0.95237 173 173 173
3.11014 52.79553 1.07117 182 182 182
3.07102 52.79852 1.19062 181 181 181
3.02124 52.80075 1.30605 189 189 189
2.97088 52.79922 1.42105 182 182 182
2.91815 52.80314 1.53506 181 181 181
2.85882 52.79937 1.64581 180 180 180
2.79538 52.80340 1.75425 190 190 190
2.73044 52.79759 1.86193 175 175 175
2.65788 52.80225 1.96464 178 178 178
2.58323 52.80129 2.06587 186 186 186
2.49836 52.79931 2.15879 189 189 189
2.42074 52.80079 2.25796 185 185 185
2.33150 52.80004 2.34666 187 187 187
2.24407 52.79855 2.43728 186 186 186
2.14752 52.79872 2.51809 189 189 189
2.04948 52.79690 2.59685 192 192 192
1.95126 52.79828 2.67551 185 185 185
1.84475 52.79678 2.74259 191 191 191
1.74100 52.80539 2.81368 188 188 188
1.63434 52.79685 2.88060 196 196 196
1.52215 52.79840 2.93774 193 193 193
1.40762 52.79682 2.98981 200 200 200
1.29395 52.79983 3.04382 191 191 191
1.17326 52.80070 3.08024 196 196 196
1.05394 52.80138 3.11896 197 197 197
0.93531 52.80017 3.16011 194 194 194
0.81451 52.79925 3.19472 195 195 195
0.69230 52.80039 3.22445 191 191 191
0.56821 52.79903 3.24492 199 199 199
0.44337 52.79872 3.25968 197 197 197
0.31828 52.80493 3.27108 194 194 194
0.19283 52.79580 3.27664 192 192 192
0.06733 52.80373 3.28089 193 193 193
-0.05852 52.80282 3.28571 191 191 191
-0.18387 52.79733 3.27432 197 197 197
-0.30901 52.80319 3.26216 194 194 194
-0.43310 52.79585 3.24208 192 192 192
-0.55829 52.79570 3.22770 198 198 198
-0.68227 52.79557 3.20481 201 201 201
-0.80001 52.79989 3.15785 195 195 195
-0.92159 52.80037 3.12610 193 193 193
-1.04104 52.79814 3.08688 195 195 195
-1.15683 52.80149 3.03790 198 198 198
-1.27109 52.79514 2.98577 191 191 191
-1.38414 52.79670 2.93117 192 192 192
-1.49610 52.80173 2.87421 196 196 196
-1.60331 52.80056 2.80874 200 200 200
-1.71107 52.79894 2.74407 185 185 185
-1.81595 52.80315 2.67461 186 186 186
-1.91578 52.80269 2.59807 191 191 191
-2.01100 52.79848 2.51591 192 192 192
-2.10455 52.80159 2.43202 193 193 193
-2.19206 52.80134 2.34189 190 190 190
-2.28381 52.80298 2.25588 191 191 191
-2.36531 52.79946 2.16017 191 191 191
-2.44775 52.80253 2.06523 186 186 186
-2.51910 52.80124 1.96165 183 183 183
-2.59284 52.79927 1.85997 177 177 177
-2.66319 52.80376 1.75576 180 180 180
-2.72617 52.79762 1.64693 182 182 182
-2.78261 52.80145 1.53462 174 174 174
-2.83882 52.80118 1.42226 180 180 180
-2.88684 52.79851 1.30616 176 176 176
-2.93628 52.80022 1.19059 177 177 177
-2.97148 52.79806 1.06987 175 175 175
-3.01441 52.80025 0.95164 180 180 180
-3.04892 52.79833 0.83065 170 170 170
-3.06777 52.79974 0.70611 169 169 169
-3.09272 52.80266 0.58300 174 174 174
-3.11114 52.80221 0.45870 175 175 175
-3.12582 52.79544 0.33381 177 177 177
-3.12386 52.80233 0.20788 178 178 178
-3.13856 52.79932 0.08250 170 170 170
-3.13380 52.80297 -0.04327 161 161 161
-3.12127 52.79933 -0.16845 165 165 165
-3.10614 52.80066 -0.29311 161 161 161
-3.09742 52.80069 -0.41875 162 162 162
-3.07404 52.80144 -0.54236 159 159 159
-3.04399 52.80114 -0.66446 163 163 163
-3.01577 52.80254 -0.78702 156 156 156
-2.97317 52.80150 -0.90542 158 158 158
-2.93537 52.80179 -1.02525 151 151 151
-2.88562 52.80049 -1.14065 158 158 158
-2.84167 52.79551 -1.25857 161 161 161
-2.78497 52.80131 -1.37082 162 162 162
-2.72223 52.79932 -1.47973 156 156 156
-2.66251 52.80084 -1.59035 151 151 151
-2.59478 52.79949 -1.69626 163 163 163
-2.51825 52.80505 -1.79603 150 150 150
-2.44259 52.80473 -1.89616 142 142 142
-2.36653 52.79964 -1.99622 145 145 145
-2.28285 52.80320 -2.08998 145 145 145
-2.19307 52.80306 -2.17790 146 146 146
-2.10579 52.80185 -2.26837 150 150 150
-2.00945 52.79771 -2.34910 147 147 147
-1.91292 52.80166 -2.42944 143 143 143
-1.81022 52.79678 -2.50172 144 144 144
-1.71258 52.79835 -2.58132 143 143 143
-1.60117 52.80071 -2.64025 140 140 140
-1.49519 52.79945 -2.70758 139 139 139
-1.38439 52.80018 -2.76667 144 144 144
-1.27366 52.80084 -2.82633 152 152 152
-1.15766 52.80322 -2.87489 135 135 135
-1.03957 52.80165 -2.91790 145 145 145
-0.92055 52.80227 -2.95790 143 143 143
-0.79999 52.80061 -2.99280 138 138 138
-0.67880 52.80104 -3.02537 141 141 141
-0.55779 52.80214 -3.06022 137 137 137
-0.43387 52.79570 -3.08197 142 142 142
-0.30888 52.79506 -3.09613 137 137 137
-0.18407 52.79867 -3.11179 142 142 142
-0.05830 52.79801 -3.11507 140 140 140
0.06733 52.80314 -3.11274 135 135 135
0.19314 52.80217 -3.11949 135 135 135
0.31826 52.79903 -3.10580 130 130 130
0.44414 52.79984 -3.10112 137 137 137
0.56731 52.79891 -3.07424 137 137 137
0.69141 52.79824 -3.05495 145 145 145
0.81554 52.80252 -3.03402 144 144 144
0.93868 52.79818 -3.00706 138 138 138
1.05662 52.80161 -2.96222 145 145 145
1.17322 52.80131 -2.91515 142 142 142
1.29009 52.80261 -2.86949 144 144 144
1.40659 52.80136 -2.82257 145 145 145
1.51973 52.79988 -2.76799 143 143 143
1.63208 52.80129 -2.71155 141 141 141
1.74057 52.79737 -2.64798 139 139 139
1.84111 52.79923 -2.57215 143 143 143
1.94725 52.80450 -2.50499 144 144 144
2.04940 52.79695 -2.43175 146 146 146
2.14452 52.80187 -2.34958 141 141 141
2.23513 52.80076 -2.26261 146 146 146
2.32579 52.79684 -2.17595 152 152 152
2.41967 52.79804 -2.09198 142 142 142
2.49604 52.79705 -1.99181 150 150 150
2.57825 52.79799 -1.89695 151 151 151
2.65703 52.79877 -1.79902 154 154 154
2.73236 52.79904 -1.69821 150 150 150
2.79144 52.80082 -1.58684 156 156 156
2.85679 52.79883 -1.47967 152 152 152
2.92385 52.79987 -1.37297 158 158 158
2.97966 52.79414 -1.26010 154 154 154
3.02368 52.79909 -1.14206 154 154 154
3.06630 52.80019 -1.02388 157 157 157
3.11032 52.79750 -0.90623 159 159 159
3.14455 52.80215 -0.78537 159 159 159
3.17869 52.80595 -0.66447 168 168 168
3.20760 52.79864 -0.54214 159 159 159
3.22847 52.80069 -0.41818 165 165 165
3.24779 52.79502 -0.29393 167 167 167
3.25984 52.79700 -0.16876 161 161 161
3.26393 52.79388 -0.04309 173 173 173
3.25742 53.20130 0.08313 166 166 166
3.24819 53.19863 0.20847 173 173 173
3.24757 53.20379 0.33415 169 169 169
3.23718 53.19997 0.45941 168 168 168
3.22059 53.20031 0.58404 172 172 172
3.19693 53.20067 0.70751 168 168 168
3.17180 53.20082 0.83069 174 174 174
3.14306 53.19800 0.95321 179 179 179
3.10181 53.20316 1.07213 182 182 182
3.06583 53.20092 1.19279 178 178 178
3.01375 53.19683 1.30746 183 183 183
2.96493 53.19993 1.42326 180 180 180
2.90917 53.19870 1.53589 179 179 179
2.85048 53.19625 1.64701 184 184 184
2.78921 53.20178 1.75684 181 181 181
2.71831 53.19959 1.86072 183 183 183
2.64687 53.19781 1.96408 183 183 183
2.57158 53.20015 2.06471 185 185 185
2.49559 53.20141 2.16506 186 186 186
2.41128 53.20223 2.25852 188 188 188
2.32181 53.19988 2.34698 184 184 184
2.23129 53.19797 2.43423 192 192 192
2.13770 53.20046 2.51819 191 191 191
2.03668 53.19649 2.59312 187 187 187
1.94235 53.19928 2.67677 184 184 184
1.83496 53.19808 2.74260 188 188 188
1.73067 53.19725 2.81275 193 193 193
1.62126 53.20009 2.87460 187 187 187
1.51182 53.20172 2.93651 189 189 189
1.39573 53.20089 2.98499 194 194 194
1.28326 53.19858 3.04127 192 192 192
1.16340 53.20353 3.07956 192 192 192
1.04597 53.20009 3.12393 197 197 197
0.92680 53.19975 3.16382 191 191 191
0.80632 53.19781 3.20028 196 196 196
0.68173 53.20153 3.21908 200 200 200
0.55841 53.19789 3.24287 195 195 195
0.43381 53.19846 3.25871 201 201 201
0.30920 53.19860 3.27554 200 200 200
0.18370 53.19858 3.28351 190 190 190
0.05795 53.19755 3.27751 201 201 201
-0.06766 53.19859 3.28019 189 189 189
-0.19286 53.20193 3.26999 199 199 199
-0.31736 53.19974 3.25411 195 195 195
-0.44290 53.19813 3.24537 195 195 195
-0.56676 53.20022 3.22378 198 198 198
-0.68980 53.19736 3.19773 197 197 197
-0.81228 53.19642 3.16873 198 198 198
-0.93190 53.19841 3.12959 200 200 200
-1.04901 53.20326 3.08369 189 189 189
-1.16533 53.19984 3.03640 198 198 198
-1.28522 53.20589 2.99670 191 191 191
-1.39504 53.19965 2.93478 196 196 196
-1.50461 53.19975 2.87328 190 190 190
-1.61400 53.20005 2.81150 190 190 190
-1.71951 53.19954 2.74329 186 186 186
-1.82360 53.20217 2.67286 182 182 182
-1.91929 53.19380 2.59125 192 192 192
-2.01936 53.19836 2.51535 188 188 188
-2.11362 53.19912 2.43232 187 187 187
-2.20549 53.19677 2.34657 193 193 193
-2.28854 53.19852 2.25220 186 186 186
-2.37708 53.19756 2.16284 185 185 185
-2.45458 53.20219 2.06385 185 185 185
-2.52911 53.20090 1.96274 180 180 180
-2.60293 53.19898 1.86107 189 189 189
-2.66621 53.20225 1.75250 185 185 185
-2.73004 53.20204 1.64448 186 186 186
-2.79673 53.19982 1.53766 178 178 178
-2.85138 53.19808 1.42435 177 177 177
-2.89266 53.20059 1.30531 177 177 177
-2.94272 53.20090 1.19013 180 180 180
-2.98636 53.19878 1.07228 172 172 172
-3.01672 53.20103 0.95027 171 171 171
-3.04760 53.20082 0.82870 175 175 175
-3.07675 53.19798 0.70666 174 174 174
-3.09766 53.19805 0.58293 174 174 174
-3.12173 53.19864 0.45947 172 172 172
-3.12733 53.20093 0.33381 176 176 176
-3.13664 53.20038 0.20864 173 173 173
-3.13502 53.20083 0.08313 167 167 167
-3.13731 53.20367 -0.04242 169 169 169
-3.12886 53.20070 -0.16768 167 167 167
-3.12001 53.20100 -0.29301 154 154 154
-3.10100 53.19471 -0.41720 160 160 160
-3.08554 53.20239 -0.54215 159 159 159
-3.05594 53.20211 -0.66446 156 156 156
-3.01955 53.19839 -0.78482 163 163 163
-2.98466 53.19898 -0.90548 158 158 158
-2.94045 53.19904 -1.02305 163 163 163
-2.89600 53.20084 -1.14044 161 161 161
-2.84426 53.20087 -1.25481 155 155 155
-2.79770 53.19678 -1.37190 151 151 151
-2.73180 53.20224 -1.47921 151 151 151
-2.66966 53.19904 -1.58836 149 149 149
-2.60014 53.20396 -1.69295 148 148 148
-2.53059 53.20425 -1.79756 153 153 153
-2.45458 53.19945 -1.89760 149 149 149
-2.37860 53.20167 -1.99788 151 151 151
-2.29081 53.19897 -2.08805 146 146 146
-2.20517 53.20131 -2.18000 150 150 150
-2.11747 53.20372 -2.27024 149 149 149
-2.01680 53.19923 -2.34610 147 147 147
-1.92285 53.19843 -2.42951 136 136 136
-1.82510 53.20288 -2.50868 157 157 157
-1.71862 53.20077 -2.57570 139 139 139
-1.61315 53.19822 -2.64387 147 147 147
-1.50558 53.19625 -2.70877 143 143 143
-1.39439 53.20276 -2.76725 137 137 137
-1.28131 53.20097 -2.82196 137 137 137
-1.16762 53.20134 -2.87566 137 137 137
-1.04992 53.19856 -2.91991 146 146 146
-0.93040 53.20211 -2.95871 144 144 144
-0.81018 53.20071 -2.99506 137 137 137
-0.68829 53.20054 -3.02519 135 135 135
-0.56649 53.20240 -3.05619 145 145 145
-0.44209 53.20320 -3.07400 142 142 142
-0.31817 53.19713 -3.09477 136 136 136
-0.19284 53.20417 -3.10345 131 131 131
-0.06770 53.19568 -3.11497 136 136 136
0.05795 53.19678 -3.11520 137 137 137
0.18361 53.19735 -3.11513 138 138 138
0.30865 53.19673 -3.10227 143 143 143
0.43386 53.20010 -3.09292 139 139 139
0.55896 53.20406 -3.08011 136 136 136
0.68223 53.19855 -3.05532 136 136 136
0.80669 53.19634 -3.03559 137 137 137
0.92602 53.19388 -2.99480 130 130 130
1.04706 53.20009 -2.96102 144 144 144
1.16401 53.19850 -2.91496 139 139 139
1.27910 53.20150 -2.86499 136 136 136
1.39491 53.20301 -2.81696 142 142 142
1.50997 53.20078 -2.76662 138 138 138
1.62434 53.19814 -2.71386 145 145 145
1.73124 53.19902 -2.64742 138 138 138
1.83497 53.20192 -2.57637 141 141 141
1.93798 53.19715 -2.50451 145 145 145
2.03780 53.19805 -2.42830 148 148 148
2.13736 53.20182 -2.35154 144 144 144
2.22573 53.20340 -2.26196 152 152 152
2.32034 53.19970 -2.17927 143 143 143
2.41186 53.20084 -2.09280 152 152 152
2.49248 53.20238 -1.99615 155 155 155
2.56818 53.20112 -1.89578 149 149 149
2.64449 53.20334 -1.79611 152 152 152
2.71912 53.19975 -1.69501 157 157 157
2.78943 53.19997 -1.59072 156 156 156
2.84813 53.19597 -1.47945 154 154 154
2.91436 53.19653 -1.37229 152 152 152
2.96423 53.20386 -1.25669 157 157 157
3.01878 53.19931 -1.14329 152 152 152
3.06186 53.20019 -1.02508 160 160 160
3.09936 53.20492 -0.90509 163 163 163
3.14323 53.20448 -0.78701 157 157 157
3.16387 53.20364 -0.66254 162 162 162
3.19639 53.20060 -0.54115 163 163 163
3.21861 53.20106 -0.41747 160 160 160
3.23850 53.19822 -0.29332 159 159 159
3.24811 53.19790 -0.16795 158 158 158
3.25526 53.19782 -0.04250 170 170 170
3.24785 53.59936 0.08375 166 166 166
3.23881 53.60117 0.20910 169 169 169
3.23340 53.59871 0.33440 177 177 177
3.22852 53.60262 0.46012 165 165 165
3.20924 53.60165 0.58435 176 176 176
3.18545 53.59919 0.70772 174 174 174
3.15664 53.60214 0.82994 177 177 177
3.12791 53.60132 0.95222 173 173 173
3.09033 53.59638 1.07209 174 174 174
3.05158 53.59672 1.19163 177 177 177
3.01183 53.59935 1.31118 173 173 173
2.95317 53.59859 1.42280 183 183 183
2.89628 53.60111 1.53474 183 183 183
2.83828 53.59787 1.64608 179 179 179
2.77569 53.59973 1.75494 187 187 187
2.70627 53.60387 1.85958 178 178 178
2.63913 53.60214 1.96592 180 180 180
2.55735 53.60258 2.06153 178 178 178
2.48405 53.60373 2.16387 183 183 183
2.39609 53.60233 2.25379 193 193 193
2.30873 53.59722 2.34393 186 186 186
2.22252 53.60262 2.43554 185 185 185
2.12341 53.59914 2.51310 193 193 193
2.03105 53.59577 2.59855 189 189 189
1.92832 53.60243 2.67103 184 184 184
1.82707 53.59911 2.74549 194 194 194
1.72199 53.59879 2.81457 186 186 186
1.61116 53.59814 2.87401 190 190 190
1.50038 53.60207 2.93313 189 189 189
1.38727 53.60283 2.98767 197 197 197
1.27518 53.60126 3.04511 189 189 189
1.15757 53.60450 3.08990 195 195 195
1.03657 53.60081 3.12458 199 199 199
0.91700 53.59593 3.16305 199 199 199
0.79583 53.60163 3.19639 196 196 196
0.67308 53.59790 3.22348 192 192 192
0.55040 53.60165 3.25234 199 199 199
0.42452 53.60101 3.26030 187 187 187
0.29959 53.60531 3.27362 194 194 194
0.17414 53.59867 3.28031 195 195 195
0.04855 53.60198 3.28251 197 197 197
-0.07685 53.60003 3.27528 198 198 198
-0.20275 53.60044 3.27681 197 197 197
-0.32755 53.59782 3.26137 193 193 193
-0.45267 53.59905 3.24829 193 193 193
-0.57484 53.59893 3.21771 198 198 198
-0.69844 53.59945 3.19517 195 195 195
-0.81900 53.60207 3.15985 197 197 197
-0.94109 53.59915 3.12953 188 188 188
-1.05782 53.60393 3.08270 201 201 201
-1.17739 53.59794 3.04342 196 196 196
-1.29178 53.60102 2.99114 188 188 188
-1.40347 53.60217 2.93350 199 199 199
-1.51109 53.59750 2.86868 187 187 187
-1.62080 53.60010 2.80787 178 178 178
-1.72887 53.60061 2.74384 185 185 185
-1.83492 53.60198 2.67612 192 192 192
-1.93051 53.59396 2.59418 190 190 190
-2.02998 53.60179 2.51739 196 196 196
-2.12188 53.59219 2.43170 190 190 190
-2.21143 53.60020 2.34372 183 183 183
-2.29894 53.59995 2.25374 187 187 187
-2.38894 53.60163 2.16556 184 184 184
-2.46798 53.59968 2.06762 182 182 182
-2.53814 53.60170 1.96309 179 179 179
-2.61364 53.59547 1.86257 190 190 190
-2.67988 53.60284 1.75573 180 180 180
-2.75175 53.59639 1.65199 178 178 178
-2.80248 53.60461 1.53642 171 171 171
-2.85262 53.59658 1.42121 178 178 178
-2.91305 53.59938 1.31049 179 179 179
-2.94705 53.59720 1.18888 173 173 173
-2.99758 53.60850 1.07350 173 173 173
-3.03449 53.59916 0.95326 177 177 177
-3.06318 53.60386 0.83081 175 175 175
-3.08852 53.59732 0.70775 170 170 170
-3.11154 53.59806 0.58426 165 165 165
-3.12831 53.59795 0.45976 172 172 172
-3.14180 53.60252 0.33484 168 168 168
-3.15130 53.60037 0.20947 167 167 167
-3.15357 53.59511 0.08375 169 169 169
-3.15618 53.59943 -0.04216 168 168 168
-3.13741 53.60051 -0.16699 165 165 165
-3.12638 53.60272 -0.29203 163 163 163
-3.11337 53.60164 -0.41705 162 162 162
-3.08858 53.59887 -0.54026 155 155 155
-3.06549 53.60084 -0.66386 163 163 163
-3.03277 53.60028 -0.78527 159 159 159
-2.99167 53.59851 -0.90407 163 163 163
-2.94803 53.60148 -1.02175 156 156 156
-2.91357 53.59919 -1.14320 160 160 160
-2.85323 53.59963 -1.25399 166 166 166
-2.79846 53.60436 -1.36687 155 155 155
-2.74743 53.59710 -1.48207 160 160 160
-2.67910 53.59780 -1.58776 149 149 149
-2.61319 53.60313 -1.69477 155 155 155
-2.54012 53.59963 -1.79703 150 150 150
-2.46276 53.59991 -1.89601 150 150 150
-2.38255 53.60252 -1.99261 154 154 154
-2.30528 53.60316 -2.09210 158 158 158
-2.21510 53.60330 -2.17990 152 152 152
-2.12345 53.60172 -2.26591 152 152 152
-2.03043 53.60488 -2.35042 150 150 150
-1.93102 53.59593 -2.42732 146 146 146
-1.83097 53.60007 -2.50319 139 139 139
-1.72889 53.60092 -2.57637 154 154 154
-1.62266 53.59838 -2.64341 140 140 140
-1.51585 53.59846 -2.70968 154 154 154
-1.40272 53.60192 -2.76452 139 139 139
-1.29097 53.59744 -2.82190 144 144 144
-1.17813 53.60072 -2.87772 146 146 146
-1.05919 53.59986 -2.91890 147 147 147
-0.94179 53.60198 -2.96420 143 143 143
-0.81988 53.60065 -2.99546 137 137 137
-0.69825 53.60127 -3.02687 149 149 149
-0.57513 53.60168 -3.05168 142 142 142
-0.45258 53.60096 -3.08022 130 130 130
-0.32798 53.59888 -3.09752 139 139 139
-0.20250 53.59711 -3.10610 135 135 135
-0.07713 53.60062 -3.11483 142 142 142
0.04855 53.59886 -3.11762 134 134 134
0.17412 53.60282 -3.11237 142 142 142
0.29977 53.60047 -3.10831 140 140 140
0.42443 53.59872 -3.09210 140 140 140
0.54813 53.60429 -3.07049 136 136 136
0.67257 53.60333 -3.05345 136 136 136
0.79587 53.60027 -3.02907 146 146 146
0.91776 53.60026 -2.99825 136 136 136
1.03705 53.60076 -2.95855 143 143 143
1.15609 53.60041 -2.91837 137 137 137
1.27200 53.60205 -2.86994 142 142 142
1.38829 53.60100 -2.82237 143 143 143
1.50128 53.59943 -2.76740 146 146 146
1.61476 53.60024 -2.71293 139 139 139
1.72201 53.60097 -2.64710 136 136 136
1.82706 53.60080 -2.57799 140 140 140
1.92934 53.60008 -2.50494 147 147 147
2.03167 53.59946 -2.43183 146 146 146
2.12690 53.59999 -2.34969 147 147 147
2.22162 53.60050 -2.26707 148 148 148
2.31182 53.60235 -2.17952 147 147 147
2.39828 53.60057 -2.08832 147 147 147
2.48669 53.59826 -1.99862 154 154 154
2.56705 53.59976 -1.90168 151 151 151
2.63391 53.59842 -1.79462 145 145 145
2.71326 53.60242 -1.69676 151 151 151
2.78323 53.60117 -1.59207 147 147 147
2.84152 53.59656 -1.48039 156 156 156
2.89984 53.60744 -1.36906 151 151 151
2.95847 53.60252 -1.25774 159 159 159
3.00516 53.59472 -1.14092 155 155 155
3.05309 53.59776 -1.02468 157 157 157
3.09049 53.59871 -0.90464 152 152 152
3.12967 53.60156 -0.78522 164 164 164
3.16286 53.59787 -0.66393 161 161 161
3.19027 53.59768 -0.54118 159 159 159
3.20937 53.60134 -0.41688 160 160 160
3.22615 53.59973 -0.29234 167 167 167
3.23460 53.60455 -0.16700 167 167 167
3.24339 53.60340 -0.04178 169 169 169
3.24365 53.99571 0.08438 171 171 171
3.23074 54.00228 0.20977 166 166 166
3.22896 53.99544 0.33542 170 170 170
3.21615 53.99754 0.46040 168 168 168
3.20064 53.99923 0.58511 167 167 167
3.17378 54.00025 0.70790 172 172 172
3.14768 54.00174 0.83068 176 176 176
3.11901 53.99929 0.95300 177 177 177
3.08242 54.00434 1.07320 177 177 177
3.03577 53.99869 1.18990 176 176 176
2.99916 53.99890 1.31047 172 172 172
2.94110 54.00083 1.42221 178 178 178
2.89208 54.00116 1.53803 178 178 178
2.82798 54.00184 1.64621 180 180 180
2.76541 53.99961 1.75505 182 182 182
2.70238 53.99995 1.86391 180 180 180
2.62118 53.99892 1.96036 182 182 182
2.55267 53.99983 2.06590 186 186 186
2.47582 54.00168 2.16552 191 191 191
2.38319 53.99986 2.25122 186 186 186
2.30661 53.99683 2.35187 182 182 182
2.21277 53.99814 2.43582 191 191 191
2.11732 54.00002 2.51764 189 189 189
2.02055 54.00121 2.59782 190 190 190
1.91582 54.00431 2.66744 190 190 190
1.81471 54.00066 2.74174 193 193 193
1.70930 54.00215 2.80987 186 186 186
1.59943 53.99885 2.87052 193 193 193
1.49213 53.99409 2.93609 197 197 197
1.37834 53.99680 2.98937 191 191 191
1.26068 54.00220 3.03349 194 194 194
1.14572 53.99763 3.08396 192 192 192
1.02678 53.99579 3.12408 191 191 191
0.90743 53.99823 3.16320 198 198 198
0.78699 53.99842 3.19951 196 196 196
0.66274 54.00097 3.21954 195 195 195
0.53965 53.99932 3.24463 194 194 194
0.41497 54.00174 3.25993 203 203 203
0.29032 53.99452 3.27629 192 192 192
0.16489 54.00099 3.28556 199 199 199
0.03911 54.00134 3.28513 201 201 201
-0.08644 53.99442 3.27998 193 193 193
-0.21206 54.00150 3.27589 193 193 193
-0.33656 53.99763 3.25844 197 197 197
-0.46224 54.00438 3.24981 198 198 198
-0.58455 54.00237 3.21974 189 189 189
-0.70934 53.99946 3.20190 198 198 198
-0.83042 53.99904 3.16751 197 197 197
-0.95099 54.00430 3.13161 188 188 188
-1.06851 53.99678 3.08671 191 191 191
-1.18280 53.99773 3.03433 192 192 192
-1.30176 53.99935 2.99296 196 196 196
-1.41145 54.00284 2.93127 189 189 189
-1.52440 53.99878 2.87624 188 188 188
-1.63241 53.99915 2.81206 192 192 192
-1.73740 53.99725 2.74312 188 188 188
-1.84336 54.00391 2.67537 191 191 191
-1.94294 53.99702 2.59860 190 190 190
-2.04279 54.00174 2.52198 196 196 196
-2.13641 54.00107 2.43784 186 186 186
-2.23050 54.00523 2.35399 185 185 185
-2.31009 53.99299 2.25596 182 182 182
-2.39220 54.00104 2.16091 189 189 189
-2.47259 54.00229 2.06444 180 180 180
-2.55267 54.00123 1.96742 182 182 182
-2.62094 53.99374 1.86177 184 184 184
-2.68756 53.99907 1.75528 182 182 182
-2.75145 53.99410 1.64716 186 186 186
-2.81681 54.00094 1.53954 179 179 179
-2.86918 54.00347 1.42512 184 184 184
-2.91719 54.00059 1.30892 178 178 178
-2.96479 53.99683 1.19257 177 177 177
-3.00623 54.00272 1.07387 174 174 174
-3.04291 53.99729 0.95360 175 175 175
-3.06937 53.99962 0.83066 173 173 173
-3.10661 53.99905 0.71010 173 173 173
-3.12029 54.00230 0.58478 174 174 174
-3.14160 53.99835 0.46084 171 171 171
-3.15037 53.99883 0.33539 165 165 165
-3.15529 53.99911 0.20988 162 162 162
-3.16254 53.99828 0.08438 164 164 164
-3.15809 54.00157 -0.04124 173 173 173
-3.15100 54.00097 -0.16669 162 162 162
-3.13612 54.00067 -0.29144 163 163 163
-3.12068 53.99703 -0.41609 169 169 169
-3.10562 53.99802 -0.54115 159 159 159
-3.06987 54.00047 -0.66203 158 158 158
-3.04267 53.99837 -0.78478 158 158 158
-3.00098 53.99996 -0.90341 164 164 164
-2.96135 53.99837 -1.02255 159 159 159
-2.91323 54.00254 -1.13852 156 156 156
-2.86381 53.99965 -1.25389 156 156 156
-2.82215 54.00054 -1.37351 152 152 152
-2.75358 53.99968 -1.47961 147 147 147
-2.69037 53.99827 -1.58825 152 152 152
-2.62451 53.99980 -1.69540 159 159 159
-2.55225 54.00056 -1.79836 150 150 150
-2.47661 54.00212 -1.89886 151 151 151
-2.39246 54.00172 -1.99239 153 153 153
-2.31123 54.00018 -2.08826 149 149 149
-2.22402 53.99878 -2.17876 148 148 148
-2.13035 54.00195 -2.26254 146 146 146
-2.03840 54.00146 -2.34808 149 149 149
-1.94388 53.99990 -2.43105 154 154 154
-1.84277 54.00154 -2.50582 141 141 141
-1.73815 54.00136 -2.57549 145 145 145
-1.62986 54.00245 -2.63914 144 144 144
-1.52581 54.00200 -2.71000 145 145 145
-1.41300 53.99996 -2.76555 145 145 145
-1.29941 54.00148 -2.81910 145 145 145
-1.18813 53.99816 -2.87846 140 140 140
-1.06902 54.00017 -2.91936 141 141 141
-0.94915 53.99880 -2.95719 145 145 145
-0.82926 53.99951 -2.99466 148 148 148
-0.70733 54.00012 -3.02480 142 142 142
-0.58356 53.99675 -3.04603 137 137 137
-0.46168 54.00051 -3.07750 139 139 139
-0.33798 54.00385 -3.10169 138 138 138
-0.21268 53.99921 -3.11496 139 139 139
-0.08644 54.00016 -3.11110 132 132 132
0.03911 53.99655 -3.11648 139 139 139
0.16480 54.00150 -3.11450 138 138 138
0.29003 54.00125 -3.10383 144 144 144
0.41486 53.99509 -3.09030 141 141 141
0.54022 54.00239 -3.07951 137 137 137
0.66419 54.00154 -3.05811 143 143 143
0.78623 53.99879 -3.02757 132 132 132
0.90828 53.99610 -2.99744 136 136 136
1.02742 54.00028 -2.95731 145 145 145
1.14848 54.00250 -2.92269 141 141 141
1.26237 53.99696 -2.86884 142 142 142
1.37679 54.00040 -2.81727 144 144 144
1.49274 53.99617 -2.76853 142 142 142
1.60138 54.00098 -2.70524 144 144 144
1.71003 54.00291 -2.64231 154 154 154
1.81760 54.00085 -2.57731 148 148 148
1.92026 54.00070 -2.50480 150 150 150
2.02175 54.00318 -2.43058 149 149 149
2.11568 53.99738 -2.34697 143 143 143
2.20976 54.00053 -2.26382 145 145 145
2.30060 53.99944 -2.17711 145 145 145
2.38746 53.99842 -2.08641 147 147 147
2.46908 54.00006 -1.99101 151 151 151
2.55087 53.99521 -1.89573 154 154 154
2.62794 54.00176 -1.79652 147 147 147
2.69774 54.00348 -1.69206 157 157 157
2.76822 53.99833 -1.58803 153 153 153
2.83088 53.99490 -1.47909 154 154 154
2.88859 54.00247 -1.36751 151 151 151
2.94359 53.99604 -1.25461 157 157 157
2.98900 53.99902 -1.13751 159 159 159
3.04161 53.99834 -1.02330 152 152 152
3.08205 54.00530 -0.90433 158 158 158
3.11727 53.99967 -0.78375 155 155 155
3.15359 53.99843 -0.66335 158 158 158
3.17726 54.00268 -0.53984 156 156 156
3.19837 54.00035 -0.41600 159 159 159
3.21531 54.00322 -0.29155 169 169 169
3.23494 54.00172 -0.16714 161 161 161
3.23386 54.00219 -0.04115 163 163 163
3.22947 54.39909 0.08500 169 169 169
3.22747 54.39989 0.21064 172 172 172
3.21546 54.39817 0.33573 170 170 170
3.21154 54.39848 0.46160 173 173 173
3.18983 54.39876 0.58552 169 169 169
3.17085 54.39748 0.70982 176 176 176
3.14143 54.40166 0.83207 178 178 178
3.10877 54.40095 0.95340 176 176 176
3.06938 54.39409 1.07266 179 179 179
3.03113 54.40153 1.19230 178 178 178
2.98308 54.40157 1.30835 178 178 178
2.93414 54.39819 1.42398 176 176 176
2.88174 54.39971 1.53821 179 179 179
2.82163 54.39934 1.64857 185 185 185
2.75633 54.39998 1.75590 188 188 188
2.69360 54.40510 1.86499 181 181 181
2.62042 54.40171 1.96729 181 181 181
2.53913 54.40066 2.06331 188 188 188
2.46150 54.40451 2.16199 182 182 182
2.38139 54.39854 2.25892 179 179 179
2.29255 54.39958 2.34788 184 184 184
2.20166 54.39891 2.43465 190 190 190
2.10655 54.39885 2.51672 187 187 187
2.01264 54.39658 2.60040 188 188 188
1.91049 54.39765 2.67374 187 187 187
1.80656 54.40398 2.74431 196 196 196
1.70172 54.40399 2.81355 192 192 192
1.59225 54.40336 2.87520 191 191 191
1.48303 54.39493 2.93739 189 189 189
1.37047 54.40115 2.99343 189 189 189
1.25236 54.40222 3.03685 197 197 197
1.13443 54.39972 3.07959 194 194 194
1.01882 54.40198 3.12930 194 194 194
0.89782 54.40368 3.16326 197 197 197
0.77577 54.40329 3.19276 191 191 191
0.65457 54.39914 3.22662 191 191 191
0.52903 54.39966 3.23786 196 196 196
0.40576 54.39679 3.26264 193 193 193
0.28022 54.40286 3.26868 195 195 195
0.15541 54.39807 3.28555 190 190 190
0.02966 54.40072 3.28542 203 203 203
-0.09599 54.40296 3.28299 200 200 200
-0.22142 54.40029 3.27530 195 195 195
-0.34645 54.39485 3.26280 195 195 195
-0.47044 54.40095 3.24254 198 198 198
-0.59482 54.39579 3.22451 194 194 194
-0.71662 54.40234 3.19348 195 195 195
-0.83967 54.39936 3.16743 194 194 194
-0.96064 54.39871 3.13283 196 196 196
-1.07829 54.39854 3.08825 195 195 195
-1.19573 54.39551 3.04337 196 196 196
-1.30929 54.39702 2.98941 193 193 193
-1.42225 54.39791 2.93454 194 194 194
-1.53474 54.39805 2.87844 203 203 203
-1.64190 54.40509 2.81274 189 189 189
-1.74442 54.40342 2.74011 188 188 188
-1.85102 54.40287 2.67354 190 190 190
-1.95210 54.40034 2.59885 189 189 189
-2.04637 54.39834 2.51572 188 188 188
-2.14217 54.39918 2.43448 187 187 187
-2.23779 54.40001 2.35245 187 187 187
-2.31874 54.39900 2.25584 185 185 185
-2.40983 54.39722 2.16853 181 181 181
-2.48139 54.39504 2.06456 186 186 186
-2.56030 54.39904 1.96672 179 179 179
-2.63143 54.40208 1.86308 182 182 182
-2.70198 54.40040 1.75895 178 178 178
-2.76029 54.40097 1.64745 184 184 184
-2.82290 54.39912 1.53845 176 176 176
-2.87302 54.39976 1.42315 174 174 174
-2.93273 54.40100 1.31206 171 171 171
-2.97380 54.40382 1.19304 176 176 176
-3.00950 54.40240 1.07248 176 176 176
-3.04928 54.39755 0.95335 184 184 184
-3.07944 54.39656 0.83143 176 176 176
-3.11079 54.39798 0.70968 176 176 176
-3.12380 54.39882 0.58446 172 172 172
-3.14315 54.39770 0.46053 173 173 173
-3.15892 54.39870 0.33595 174 174 174
-3.16711 54.39791 0.21060 175 175 175
-3.17100 54.39949 0.08500 170 170 170
-3.15825 54.40001 -0.04025 170 170 170
-3.16125 54.40192 -0.16613 167 167 167
-3.14827 54.39518 -0.29113 161 161 161
-3.13414 54.40087 -0.41610 170 170 170
-3.10389 54.40225 -0.53830 161 161 161
-3.07665 54.40039 -0.66076 153 153 153
-3.04728 54.40037 -0.78279 156 156 156
-3.01420 54.40210 -0.90401 162 162 162
-2.96719 54.39855 -1.02060 162 162 162
-2.92326 54.40471 -1.13814 151 151 151
-2.87404 54.39861 -1.25362 156 156 156
-2.81903 54.39932 -1.36648 146 146 146
-2.76188 54.40133 -1.47834 153 153 153
-2.69722 54.39926 -1.58603 146 146 146
-2.62981 54.40211 -1.69200 148 148 148
-2.56134 54.39581 -1.79748 154 154 154
-2.48204 54.39937 -1.89506 149 149 149
-2.40222 54.40384 -1.99203 149 149 149
-2.31713 54.40334 -2.08435 154 154 154
-2.23346 54.40414 -2.17812 144 144 144
-2.13946 54.39879 -2.26154 146 146 146
-2.04750 54.40253 -2.34705 145 145 145
-1.95265 54.39736 -2.42955 149 149 149
-1.85224 54.39953 -2.50521 139 139 139
-1.74234 54.40082 -2.56698 149 149 149
-1.64033 54.39938 -2.64018 142 142 142
-1.53366 54.39739 -2.70652 134 134 134
-1.42539 54.40180 -2.77071 148 148 148
-1.30951 54.39501 -2.81989 146 146 146
-1.19748 54.39667 -2.87760 144 144 144
-1.07727 54.39910 -2.91547 135 135 135
-0.95870 54.40150 -2.95687 133 133 133
-0.83861 54.39719 -2.99367 143 143 143
-0.71783 54.39865 -3.02854 140 140 140
-0.59438 54.40007 -3.05225 140 140 140
-0.47040 54.40349 -3.07228 136 136 136
-0.34664 54.39979 -3.09437 140 140 140
-0.22146 54.40148 -3.10587 138 138 138
-0.09592 54.39720 -3.11126 131 131 131
0.02966 54.39942 -3.11394 145 145 145
0.15519 54.40088 -3.10986 145 145 145
0.28100 54.39944 -3.10858 143 143 143
0.40535 54.39940 -3.08913 138 138 138
0.53041 54.39963 -3.07658 135 135 135
0.65356 54.39912 -3.05155 136 136 136
0.77689 54.39921 -3.02742 137 137 137
0.89641 54.39923 -2.98827 140 140 140
1.01921 54.39630 -2.96051 144 144 144
1.13873 54.40125 -2.92126 145 145 145
1.25303 54.39649 -2.86846 142 142 142
1.36876 54.40204 -2.81973 140 140 140
1.48453 54.40168 -2.77034 148 148 148
1.59249 54.39733 -2.70563 141 141 141
1.70229 54.40109 -2.64447 139 139 139
1.80468 54.40021 -2.57150 148 148 148
1.90944 54.40054 -2.50229 141 141 141
2.00967 54.39909 -2.42662 147 147 147
2.10817 54.40037 -2.34862 151 151 151
2.19979 54.40309 -2.26263 149 149 149
2.29489 54.40258 -2.18023 149 149 149
2.37926 54.39942 -2.08695 146 146 146
2.45998 54.39827 -1.99069 154 154 154
2.54768 54.40190 -1.90004 153 153 153
2.61864 54.39766 -1.79600 147 147 147
2.68334 54.39855 -1.68813 149 149 149
2.75897 54.39809 -1.58752 153 153 153
2.81988 54.39868 -1.47760 157 157 157
2.87897 54.39658 -1.36679 155 155 155
2.93156 54.40243 -1.25279 155 155 155
2.97967 54.40184 -1.13693 159 159 159
3.02868 54.39869 -1.02140 157 157 157
3.06965 54.39939 -0.90275 157 157 157
3.10938 54.40490 -0.78357 156 156 156
3.14338 54.39996 -0.66254 156 156 156
3.16537 54.40126 -0.53873 165 165 165
3.18279 54.39940 -0.41441 160 160 160
3.20974 54.39669 -0.29139 171 171 171
3.22571 54.40402 -0.16653 166 166 166
3.23115 54.40000 -0.04079 164 164 164
3.21704 54.79606 0.08563 167 167 167
3.21839 54.80104 0.21128 167 167 167
3.21103 54.79891 0.33675 167 167 167
3.19676 54.80140 0.46160 173 173 173
3.18005 54.79871 0.58610 179 179 179
3.16099 54.79919 0.71037 179 179 179
3.12966 54.79666 0.83214 168 168 168
3.09826 54.80209 0.95373 173 173 173
3.06819 54.80203 1.07598 175 175 175
3.01825 54.79655 1.19166 181 181 181
2.98324 54.79758 1.31296 177 177 177
2.92474 54.79774 1.42464 178 178 178
2.87470 54.80191 1.54007 183 183 183
2.80551 54.79733 1.64547 185 185 185
2.75028 54.80336 1.75862 189 189 189
2.68628 54.79896 1.86704 177 177 177
2.60563 54.79851 1.96406 188 188 188
2.53757 54.80188 2.07017 180 180 180
2.45568 54.80480 2.16573 188 188 188
2.36710 54.79640 2.25508 187 187 187
2.28496 54.79719 2.35039 186 186 186
2.19190 54.79821 2.43496 189 189 189
2.09951 54.79925 2.52019 190 190 190
2.00393 54.79722 2.60198 195 195 195
1.89952 54.79682 2.67229 198 198 198
1.79818 54.79857 2.74657 193 193 193
1.69276 54.79984 2.81500 195 195 195
1.58157 54.79610 2.87366 191 191 191
1.46986 54.80112 2.93075 190 190 190
1.36349 54.80440 2.99945 193 193 193
1.24472 54.80341 3.04187 195 195 195
1.12828 54.79913 3.08921 193 193 193
1.00778 54.79757 3.12509 197 197 197
0.88823 54.79786 3.16343 191 191 191
0.76652 54.80017 3.19429 191 191 191
0.64604 54.80018 3.23196 196 196 196
0.52004 54.80426 3.24152 194 194 194
0.39693 54.79958 3.26865 189 189 189
0.27108 54.80059 3.27344 194 194 194
0.14583 54.80468 3.28331 190 190 190
0.02020 54.79740 3.28609 194 194 194
-0.10544 54.80358 3.28329 197 197 197
-0.23099 54.80483 3.27720 197 197 197
-0.35641 54.79980 3.26757 196 196 196
-0.47973 54.79438 3.24203 198 198 198
-0.60468 54.79736 3.22710 198 198 198
-0.72588 54.80425 3.19325 187 187 187
-0.85061 54.80161 3.17329 197 197 197
-0.96950 54.80193 3.13161 192 192 192
-1.08882 54.79849 3.09174 195 195 195
-1.20581 54.80268 3.04546 191 191 191
-1.32004 54.80137 2.99282 191 191 191
-1.43090 54.80040 2.93357 194 194 194
-1.54364 54.80103 2.87805 192 192 192
-1.65031 54.79913 2.81165 194 194 194
-1.75797 54.80027 2.74684 194 194 194
-1.85852 54.80342 2.67146 188 188 188
-1.95943 54.80261 2.59678 191 191 191
-2.05273 54.79968 2.51272 188 188 188
-2.15399 54.80201 2.43765 186 186 186
-2.24261 54.80422 2.34843 185 185 185
-2.33013 54.80520 2.25825 182 182 182
-2.41770 54.79701 2.16779 186 186 186
-2.49019 54.80389 2.06466 177 177 177
-2.57031 54.79853 1.96774 182 182 182
-2.64203 54.79569 1.86447 176 176 176
-2.70777 54.79868 1.75732 186 186 186
-2.77303 54.79563 1.64991 181 181 181
-2.83397 54.79647 1.53989 179 179 179
-2.88708 54.80364 1.42590 176 176 176
-2.93757 54.80016 1.31077 184 184 184
-2.98164 54.79849 1.19306 166 166 166
-3.02233 54.79780 1.07420 176 176 176
-3.06202 54.80030 0.95490 171 171 171
-3.09159 54.79735 0.83270 185 185 185
-3.11797 54.79847 0.70985 170 170 170
-3.14291 54.79716 0.58661 171 171 171
-3.16353 54.80466 0.46244 164 164 164
-3.17798 54.80048 0.33733 175 175 175
-3.18023 54.80338 0.21137 159 159 159
-3.19150 54.80361 0.08563 172 172 172
-3.17682 54.80479 -0.03999 165 165 165
-3.16304 54.79863 -0.16490 170 170 170
-3.15596 54.80007 -0.29030 162 162 162
-3.14392 54.80424 -0.41552 161 161 161
-3.11998 54.79499 -0.53899 157 157 157
-3.09233 54.80223 -0.66163 162 162 162
-3.06089 54.79601 -0.78333 156 156 156
-3.02141 54.79719 -0.90265 164 164 164
-2.97743 54.79738 -1.02026 154 154 154
-2.93973 54.79819 -1.14042 155 155 155
-2.89065 54.79875 -1.25629 152 152 152
-2.83734 54.80105 -1.37036 152 152 152
-2.77320 54.79679 -1.47875 148 148 148
-2.71055 54.79879 -1.58778 147 147 147
-2.64011 54.79964 -1.69193 148 148 148
-2.56406 54.80249 -1.79195 158 158 158
-2.49081 54.80213 -1.89389 153 153 153
-2.41160 54.80315 -1.99133 148 148 148
-2.33150 54.79865 -2.08826 145 145 145
-2.23926 54.79621 -2.17383 148 148 148
-2.14824 54.79779 -2.26018 137 137 137
-2.05554 54.79978 -2.34475 144 144 144
-1.95889 54.79388 -2.42483 147 147 147
-1.86031 54.80041 -2.50268 149 149 149
-1.75823 54.80282 -2.57598 143 143 143
-1.65262 54.80089 -2.64417 141 141 141
-1.54239 54.79980 -2.70457 139 139 139
-1.43407 54.80314 -2.76854 144 144 144
-1.32055 54.80437 -2.82268 144 144 144
-1.20482 54.80093 -2.87183 133 133 133
-1.08817 54.79721 -2.91874 138 138 138
-0.96843 54.80265 -2.95706 148 148 148
-0.85049 54.79455 -3.00160 146 146 146
-0.72674 54.79982 -3.02558 138 138 138
-0.60438 54.79743 -3.05434 138 138 138
-0.48022 54.80330 -3.07386 146 146 146
-0.35515 54.80059 -3.08564 139 139 139
-0.23068 54.80090 -3.10201 138 138 138
-0.10542 54.80400 -3.11158 131 131 131
0.02020 54.80007 -3.11173 143 143 143
0.14571 54.80021 -3.10894 138 138 138
0.27133 54.79864 -3.10528 137 137 137
0.39661 54.80215 -3.09472 139 139 139
0.52126 54.80189 -3.07799 134 134 134
0.64542 54.79986 -3.05758 133 133 133
0.76802 54.79850 -3.02928 135 135 135
0.89001 54.80279 -2.99850 146 146 146
1.00875 54.79866 -2.95681 140 140 140
1.12804 54.80312 -2.91733 145 145 145
1.24302 54.79966 -2.86654 138 138 138
1.35807 54.79833 -2.81645 142 142 142
1.47052 54.79986 -2.76079 139 139 139
1.58337 54.79931 -2.70562 146 146 146
1.68894 54.80508 -2.63751 147 147 147
1.79694 54.80324 -2.57345 137 137 137
1.89685 54.79821 -2.49737 139 139 139
1.99988 54.79471 -2.42559 144 144 144
2.09744 54.80002 -2.34651 154 154 154
2.18986 54.80052 -2.26150 137 137 137
2.27852 54.80098 -2.17269 145 145 145
2.37118 54.79926 -2.08760 159 159 159
2.45572 54.80101 -1.99451 150 150 150
2.53400 54.79794 -1.89609 148 148 148
2.60611 54.80062 -1.79315 148 148 148
2.67964 54.80015 -1.69136 155 155 155
2.75250 54.79571 -1.58873 152 152 152
2.81472 54.79472 -1.47938 157 157 157
2.87609 54.79919 -1.36952 153 153 153
2.91878 54.79814 -1.25064 147 147 147
2.97530 54.79975 -1.13842 166 166 166
3.02151 54.79811 -1.02162 154 154 154
3.06067 54.80276 -0.90228 163 163 163
3.09781 54.80123 -0.78235 159 159 159
3.13109 54.79956 -0.66123 159 159 159
3.16201 54.79899 -0.53932 165 165 165
3.18588 54.80221 -0.41577 162 162 162
3.19600 54.80184 -0.29026 163 163 163
3.21157 54.80047 -0.16554 166 166 166
3.21808 54.79833 -0.04002 166 166 166
3.21045 55.19642 0.08625 170 170 170
3.20201 55.19823 0.21164 170 170 170
3.19827 55.20040 0.33712 168 168 168
3.18690 55.19618 0.46218 164 164 164
3.16760 55.19962 0.58625 172 172 172
3.14939 55.20234 0.71057 171 171 171
3.11881 55.20027 0.83244 169 169 169
3.08942 55.19751 0.95453 176 176 176
3.05418 55.20212 1.07513 172 172 172
3.01598 55.20271 1.19495 179 179 179
2.96574 55.19848 1.31026 176 176 176
2.92180 55.20429 1.42828 177 177 177
2.86887 55.19824 1.54255 180 180 180
2.80015 55.20406 1.64841 174 174 174
2.74432 55.20244 1.76140 184 184 184
2.66978 55.20123 1.86297 187 187 187
2.59296 55.19989 1.96236 180 180 180
2.52205 55.20100 2.06602 185 185 185
2.44387 55.19951 2.16436 183 183 183
2.36392 55.19994 2.26152 186 186 186
2.26876 55.19610 2.34430 191 191 191
2.18213 55.19639 2.43527 192 192 192
2.09396 55.20169 2.52542 199 199 199
1.99378 55.19840 2.60175 195 195 195
1.88807 55.20029 2.67020 189 189 189
1.78646 55.20248 2.74383 186 186 186
1.68244 55.20025 2.81425 189 189 189
1.57699 55.20054 2.88302 187 187 187
1.46488 55.20253 2.94019 193 193 193
1.35000 55.19697 2.99137 193 193 193
1.23629 55.20467 3.04504 196 196 196
1.11893 55.19868 3.09019 197 197 197
0.99950 55.20251 3.12939 202 202 202
0.87916 55.20231 3.16550 196 196 196
0.75921 55.19569 3.20396 189 189 189
0.63498 55.20025 3.22460 195 195 195
0.51114 55.20142 3.24577 187 187 187
0.38692 55.20106 3.26476 193 193 193
0.26182 55.20412 3.27680 191 191 191
0.13616 55.20005 3.27900 190 190 190
0.01072 55.20561 3.28355 199 199 199
-0.11493 55.20334 3.28426 192 192 192
-0.24027 55.19749 3.27533 200 200 200
-0.36497 55.19865 3.26041 194 194 194
-0.48996 55.19955 3.24740 192 192 192
-0.61341 55.19972 3.22394 195 195 195
-0.73716 55.20056 3.20138 199 199 199
-0.85898 55.19960 3.16999 196 196 196
-0.97818 55.20349 3.12977 197 197 197
-1.09551 55.19919 3.08482 192 192 192
-1.21511 55.20088 3.04567 185 185 185
-1.32908 55.19812 2.99251 193 193 193
-1.44004 55.19854 2.93353 190 190 190
-1.55183 55.19542 2.87639 186 186 186
-1.66130 55.19823 2.81474 189 189 189
-1.76979 55.19733 2.75097 190 190 190
-1.86828 55.20086 2.67247 194 194 194
-1.97028 55.20196 2.59913 186 186 186
-2.06790 55.19955 2.52000 188 188 188
-2.15776 55.20029 2.43210 185 185 185
-2.25395 55.20674 2.35092 191 191 191
-2.33693 55.20016 2.25639 190 190 190
-2.42163 55.20220 2.16367 180 180 180
-2.50432 55.20159 2.06895 181 181 181
-2.57978 55.19924 1.96836 187 187 187
-2.65234 55.20195 1.86565 183 183 183
-2.71952 55.20182 1.75934 183 183 183
-2.78144 55.20284 1.64993 186 186 186
-2.84604 55.19984 1.54184 188 188 188
-2.89522 55.19523 1.42590 183 183 183
-2.94703 55.20398 1.31139 173 173 173
-2.99247 55.20077 1.19419 175 175 175
-3.03410 55.20100 1.07557 175 175 175
-3.06530 55.19296 0.95378 173 173 173
-3.10143 55.19931 0.83341 173 173 173
-3.13189 55.19692 0.71135 175 175 175
-3.14779 55.19740 0.58651 164 164 164
-3.16377 55.19623 0.46198 163 163 163
-3.17904 55.20016 0.33729 171 171 171
-3.19411 55.20174 0.21217 176 176 176
-3.18517 55.19980 0.08625 166 166 166
-3.18450 55.20215 -0.03929 165 165 165
-3.18013 55.19741 -0.16488 167 167 167
-3.16615 55.19866 -0.28976 169 169 169
-3.15253 55.20323 -0.41476 165 165 165
-3.12772 55.19630 -0.53802 159 159 159
-3.09866 55.19384 -0.66025 166 166 166
-3.06767 55.20191 -0.78195 160 160 160
-3.03110 55.20467 -0.90210 157 157 157
-2.99041 55.19516 -1.02093 146 146 146
-2.94298 55.19989 -1.13721 155 155 155
-2.89265 55.19812 -1.25222 155 155 155
-2.83869 55.19886 -1.36560 154 154 154
-2.78169 55.19411 -1.47757 151 151 151
-2.71645 55.20065 -1.58496 150 150 150
-2.64944 55.20273 -1.69121 155 155 155
-2.58515 55.20177 -1.79976 151 151 151
-2.49916 55.19723 -1.89238 147 147 147
-2.42339 55.19929 -1.99267 154 154 154
-2.34171 55.19666 -2.08832 145 145 145
-2.25440 55.20133 -2.17887 144 144 144
-2.16227 55.20245 -2.26448 144 144 144
-2.06720 55.20085 -2.34668 148 148 148
-1.97050 55.19985 -2.42691 152 152 152
-1.87004 55.20035 -2.50240 144 144 144
-1.76692 55.20108 -2.57418 149 149 149
-1.65869 55.20023 -2.63798 149 149 149
-1.55225 55.20284 -2.70464 141 141 141
-1.44277 55.20093 -2.76638 147 147 147
-1.33186 55.20328 -2.82603 138 138 138
-1.21653 55.19586 -2.87660 144 144 144
-1.09785 55.19920 -2.91867 143 143 143
-0.97657 55.19846 -2.95230 145 145 145
-0.85833 55.19938 -2.99516 149 149 149
-0.73680 55.20264 -3.02738 144 144 144
-0.61375 55.19994 -3.05317 138 138 138
-0.49005 55.20280 -3.07549 138 138 138
-0.36491 55.19781 -3.08743 141 141 141
-0.24069 55.20401 -3.10816 139 139 139
-0.11497 55.19901 -3.11276 134 134 134
0.01072 55.19848 -3.11515 140 140 140
0.13654 55.20304 -3.11611 133 133 133
0.26200 55.20150 -3.10661 136 136 136
0.38709 55.19723 -3.09370 138 138 138
0.51183 55.20068 -3.07761 142 142 142
0.63403 55.19935 -3.04734 138 138 138
0.75675 55.20048 -3.02119 142 142 142
0.88022 55.19809 -2.99676 134 134 134
0.99936 55.19457 -2.95648 135 135 135
1.11710 55.19589 -2.91271 144 144 144
1.23646 55.20112 -2.87295 143 143 143
1.35120 55.20215 -2.82147 133 133 133
1.46370 55.19821 -2.76539 137 137 137
1.57255 55.19823 -2.70260 142 142 142
1.68086 55.20106 -2.63918 146 146 146
1.79220 55.20453 -2.57992 143 143 143
1.89395 55.19959 -2.50579 144 144 144
1.98730 55.20018 -2.42103 144 144 144
2.08670 55.20291 -2.34441 147 147 147
2.18081 55.19451 -2.26134 145 145 145
2.27269 55.20009 -2.17572 145 145 145
2.35966 55.20379 -2.08509 153 153 153
2.44405 55.20005 -1.99201 154 154 154
2.52037 55.20203 -1.89220 159 159 159
2.59680 55.20345 -1.79265 155 155 155
2.67380 55.19834 -1.69316 154 154 154
2.74234 55.20306 -1.58769 153 153 153
2.79908 55.19915 -1.47531 155 155 155
2.86511 55.19560 -1.36814 162 162 162
2.92265 55.19950 -1.25617 150 150 150
2.96389 55.20230 -1.13699 163 163 163
3.01237 55.19673 -1.02112 155 155 155
3.05146 55.19806 -0.90175 161 161 161
3.08653 55.19637 -0.78122 158 158 158
3.12093 55.20048 -0.66044 158 158 158
3.14280 55.19889 -0.53676 161 161 161
3.16911 55.20182 -0.41399 161 161 161
3.19083 55.20548 -0.29014 158 158 158
3.20176 55.20165 -0.16489 165 165 165
3.21109 55.20375 -0.03949 163 163 163
3.19844 55.60021 0.08688 165 165 165
3.19962 55.59861 0.21254 171 171 171
3.19191 55.60307 0.33799 174 174 174
3.17767 55.60768 0.46283 173 173 173
3.16513 55.59641 0.58799 170 170 170
3.14194 55.60085 0.71160 172 172 172
3.10923 55.59928 0.83304 171 171 171
3.08277 55.59632 0.95596 174 174 174
3.04681 55.60043 1.07644 179 179 179
3.00276 55.60241 1.19419 174 174 174
2.95126 55.59594 1.30882 182 182 182
2.90476 55.59963 1.42542 179 179 179
2.84539 55.59992 1.53604 183 183 183
2.79615 55.60075 1.65210 182 182 182
2.72914 55.59687 1.75853 186 186 186
2.66303 55.59683 1.86543 180 180 180
2.58959 55.59922 1.96743 179 179 179
2.51460 55.59796 2.06825 191 191 191
2.43507 55.60291 2.16557 182 182 182
2.35269 55.59939 2.26053 184 184 184
2.26679 55.60196 2.35243 180 180 180
2.17329 55.60310 2.43659 183 183 183
2.07722 55.59909 2.51754 189 189 189
1.98325 55.59756 2.60105 186 186 186
1.88212 55.60035 2.67568 197 197 197
1.78056 55.60074 2.74982 187 187 187
1.67329 55.60238 2.81542 182 182 182
1.56618 55.59934 2.88128 185 185 185
1.45303 55.59945 2.93617 193 193 193
1.34005 55.60337 2.99099 196 196 196
1.22732 55.59696 3.04690 192 192 192
1.10896 55.60139 3.08949 203 203 203
0.99143 55.60270 3.13436 192 192 192
0.87089 55.59854 3.17042 193 193 193
0.74787 55.60256 3.19682 194 194 194
0.62578 55.59500 3.22667 198 198 198
0.50184 55.60165 3.24757 196 196 196
0.37738 55.60310 3.26485 197 197 197
0.25221 55.59977 3.27580 194 194 194
0.12700 55.59812 3.28773 204 204 204
0.00124 55.59869 3.28656 199 199 199
-0.12457 55.60267 3.28881 192 192 192
-0.24957 55.59904 3.27369 202 202 202
-0.37430 55.60103 3.25978 196 196 196
-0.49971 55.60156 3.24971 193 193 193
-0.62327 55.59920 3.22646 189 189 189
-0.74561 55.60186 3.19773 195 195 195
-0.86737 55.59688 3.16672 192 192 192
-0.98697 55.59857 3.12825 189 189 189
-1.10899 55.59888 3.09627 193 193 193
-1.22180 55.60142 3.03954 184 184 184
-1.33848 55.60148 2.99295 193 193 193
-1.45317 55.59451 2.94130 192 192 192
-1.56011 55.59807 2.87487 192 192 192
-1.67288 55.60030 2.81878 195 195 195
-1.77505 55.60425 2.74527 192 192 192
-1.88066 55.60467 2.67708 188 188 188
-1.97762 55.59734 2.59704 184 184 184
-2.07671 55.59977 2.51984 190 190 190
-2.17043 55.60271 2.43617 183 183 183
-2.26087 55.59970 2.34899 192 192 192
-2.35034 55.60303 2.26065 183 183 183
-2.43538 55.59837 2.16795 192 192 192
-2.50784 55.60033 2.06488 185 185 185
-2.59264 55.59892 1.97143 188 188 188
-2.65792 55.59666 1.86367 174 174 174
-2.72935 55.60026 1.76018 180 180 180
-2.79109 55.60070 1.65065 175 175 175
-2.85475 55.60155 1.54207 179 179 179
-2.90436 55.59184 1.42637 183 183 183
-2.95136 55.59891 1.30988 179 179 179
-2.99917 55.60098 1.19378 182 182 182
-3.04631 55.59599 1.07708 178 178 178
-3.07378 55.60319 0.95412 166 166 166
-3.11182 55.59927 0.83425 175 175 175
-3.13644 55.60576 0.71100 172 172 172
-3.15715 55.59662 0.58711 166 166 166
-3.17448 55.60288 0.46275 178 178 178
-3.18892 55.59967 0.33795 177 177 177
-3.20106 55.60283 0.21269 166 166 166
-3.20059 55.59271 0.08688 172 172 172
-3.19864 55.59803 -0.03885 171 171 171
-3.19047 55.59893 -0.16432 169 169 169
-3.17298 55.59951 -0.28882 163 163 163
-3.16489 55.59925 -0.41459 159 159 159
-3.13647 55.59562 -0.53725 161 161 161
-3.11456 55.59901 -0.66116 163 163 163
-3.07343 55.59862 -0.78027 159 159 159
-3.03449 55.60137 -0.89949 156 156 156
-2.99819 55.59627 -1.01967 157 157 157
-2.95515 55.59745 -1.13770 156 156 156
-2.90942 55.59869 -1.25496 150 150 150
-2.84789 55.60262 -1.36483 155 155 155
-2.79712 55.60349 -1.48028 150 150 150
-2.73036 55.59551 -1.58705 158 158 158
-2.65733 55.60098 -1.68952 154 154 154
-2.58741 55.60232 -1.79389 153 153 153
-2.50861 55.60008 -1.89173 144 144 144
-2.43320 55.60104 -1.99233 147 147 147
-2.34918 55.60318 -2.08582 157 157 157
-2.26338 55.59704 -2.17774 144 144 144
-2.17172 55.60306 -2.26382 134 134 134
-2.07995 55.60331 -2.34988 139 139 139
-1.98214 55.59819 -2.42903 144 144 144
-1.88081 55.60007 -2.50354 140 140 140
-1.77487 55.60005 -2.57125 145 145 145
-1.67165 55.59974 -2.64303 141 141 141
-1.56205 55.60157 -2.70458 148 148 148
-1.45358 55.60080 -2.76836 141 141 141
-1.33905 55.59222 -2.82043 143 143 143
-1.22149 55.60413 -2.86504 143 143 143
-1.10606 55.59711 -2.91459 139 139 139
-0.98698 55.60122 -2.95455 139 139 139
-0.86962 55.60163 -3.00094 137 137 137
-0.74580 55.60230 -3.02478 136 136 136
-0.62302 55.59972 -3.05150 139 139 139
-0.50059 55.59548 -3.08152 137 137 137
-0.37469 55.59810 -3.08931 140 140 140
-0.24951 55.60281 -3.09918 142 142 142
-0.12446 55.60113 -3.11225 138 138 138
0.00124 55.59843 -3.10922 147 147 147
0.12694 55.59774 -3.11259 141 141 141
0.25258 55.59881 -3.10674 149 149 149
0.37774 55.59932 -3.09417 147 147 147
0.50130 55.60195 -3.07039 143 143 143
0.62641 55.60162 -3.05609 141 141 141
0.74919 55.59734 -3.02858 146 146 146
0.86908 55.60079 -2.99026 142 142 142
0.98955 55.60155 -2.95483 145 145 145
1.10844 55.59616 -2.91434 147 147 147
1.22782 55.59891 -2.87436 138 138 138
1.34159 55.59770 -2.82057 138 138 138
1.45410 55.60206 -2.76453 147 147 147
1.56822 55.60347 -2.71117 144 144 144
1.67247 55.60163 -2.64033 143 143 143
1.78260 55.59748 -2.57913 151 151 151
1.88581 55.59878 -2.50702 147 147 147
1.98263 55.59663 -2.42651 146 146 146
2.07859 55.60346 -2.34539 149 149 149
2.17253 55.60109 -2.26201 144 144 144
2.26340 55.59700 -2.17529 145 145 145
2.35137 55.60389 -2.08556 150 150 150
2.43282 55.59896 -1.98989 147 147 147
2.51478 55.59483 -1.89464 151 151 151
2.59005 55.60272 -1.79401 150 150 150
2.66583 55.59764 -1.69355 161 161 161
2.73041 55.59855 -1.58557 151 151 151
2.79172 55.59932 -1.47587 153 153 153
2.84983 55.60228 -1.36456 153 153 153
2.90614 55.59999 -1.25231 150 150 150
2.95896 55.59388 -1.13825 158 158 158
3.00115 55.59899 -1.01985 163 163 163
3.04322 55.59724 -0.90153 153 153 153
3.08117 55.59988 -0.78176 163 163 163
3.11651 55.60155 -0.66104 158 158 158
3.13749 55.60475 -0.53696 159 159 159
3.15259 55.59954 -0.41225 164 164 164
3.18167 55.59665 -0.28955 166 166 166
3.19008 55.59744 -0.16409 165 165 165
3.19940 55.59791 -0.03878 163 163 163
3.19474 56.00030 0.08750 174 174 174
3.19150 56.00018 0.21322 175 175 175
3.18469 56.00262 0.33879 172 172 172
3.17104 55.99854 0.46379 172 172 172
3.15781 56.00010 0.58895 167 167 167
3.13081 56.00143 0.71190 172 172 172
3.09630 56.00024 0.83284 174 174 174
3.06886 55.99788 0.95533 170 170 170
3.03476 55.99931 1.07623 175 175 175
2.98965 56.00167 1.19348 178 178 178
2.95006 55.99906 1.31287 185 185 185
2.89786 55.99811 1.42723 181 181 181
2.84206 55.99961 1.53980 178 178 178
2.78297 55.99897 1.65066 188 188 188
2.72488 55.99888 1.76236 181 181 181
2.64938 55.99756 1.86327 179 179 179
2.57915 56.00303 1.96735 188 188 188
2.50618 55.99901 2.06971 182 182 182
2.42591 56.00205 2.16647 184 184 184
2.33776 55.99986 2.25613 189 189 189
2.25298 55.99548 2.34872 191 191 191
2.16458 55.99838 2.43805 188 188 188
2.07085 56.00278 2.52181 192 192 192
1.97244 55.99894 2.59999 190 190 190
1.87173 56.00541 2.67507 187 187 187
1.76724 55.99954 2.74470 191 191 191
1.66374 56.00159 2.81593 190 190 190
1.55723 56.00119 2.88286 193 193 193
1.44797 55.99962 2.94549 195 195 195
1.33100 55.99722 2.99255 198 198 198
1.21480 56.00102 3.04020 193 193 193
1.10032 56.00054 3.09240 188 188 188
0.97999 55.99743 3.12898 191 191 191
0.86079 56.00190 3.16887 185 185 185
0.73994 56.00045 3.20391 198 198 198
0.61727 56.00134 3.23218 197 197 197
0.49250 55.99843 3.24906 195 195 195
0.36831 56.00104 3.26902 202 202 202
0.24305 55.99834 3.28052 202 202 202
0.11747 56.00361 3.28712 195 195 195
-0.00825 56.00087 3.29023 193 193 193
-0.13382 55.99707 3.28369 193 193 193
-0.25973 55.99983 3.28295 195 195 195
-0.38518 56.00193 3.27220 188 188 188
-0.50926 56.00013 3.25076 192 192 192
-0.63312 56.00149 3.22897 199 199 199
-0.75437 56.00101 3.19534 192 192 192
-0.87596 56.00214 3.16417 186 186 186
-0.99667 55.99970 3.12956 195 195 195
-1.11690 56.00666 3.09264 193 193 193
-1.23297 55.99795 3.04424 189 189 189
-1.34995 55.99684 2.99789 193 193 193
-1.46252 55.99911 2.94168 200 200 200
-1.57288 56.00094 2.88135 193 193 193
-1.68106 55.99923 2.81729 197 197 197
-1.78909 56.00283 2.75272 192 192 192
-1.88772 56.00037 2.67438 186 186 186
-1.98906 55.99406 2.60015 193 193 193
-2.08538 55.99881 2.51951 191 191 191
-2.17562 55.99671 2.43215 186 186 186
-2.27385 55.99865 2.35310 186 186 186
-2.35947 55.99896 2.26095 195 195 195
-2.43657 56.00187 2.16149 190 190 190
-2.52075 56.00099 2.06820 184 184 184
-2.59639 55.99974 1.96790 177 177 177
-2.66779 56.00058 1.86455 189 189 189
-2.73367 55.99727 1.75764 177 177 177
-2.79996 55.99899 1.65094 174 174 174
-2.85623 55.99928 1.53862 175 175 175
-2.91175 55.99893 1.42604 182 182 182
-2.96870 56.00026 1.31376 181 181 181
-3.00939 56.00331 1.19468 176 176 176
-3.05538 55.99961 1.07757 172 172 172
-3.08215 55.99944 0.95443 184 184 184
-3.12063 56.00165 0.83472 170 170 170
-3.15472 56.00152 0.71337 177 177 177
-3.16912 55.99901 0.58813 168 168 168
-3.18552 55.99549 0.46355 173 173 173
-3.19474 56.00003 0.33828 169 169 169
-3.20137 56.00365 0.21296 166 166 166
-3.21023 55.99859 0.08750 171 171 171
-3.20480 55.99935 -0.03809 168 168 168
-3.19592 56.00015 -0.16338 167 167 167
-3.18067 55.99333 -0.28798 165 165 165
-3.16426 56.00205 -0.41236 161 161 161
-3.14757 55.99921 -0.53695 166 166 166
-3.11657 55.99939 -0.65874 158 158 158
-3.09255 56.00155 -0.78236 163 163 163
-3.04846 56.00336 -0.90032 164 164 164
-3.00698 55.99861 -1.01879 162 162 162
-2.96063 55.99972 -1.13542 154 154 154
-2.91839 56.00336 -1.25409 160 160 160
-2.86196 55.99891 -1.36654 156 156 156
-2.79403 56.00008 -1.47262 146 146 146
-2.72783 56.00206 -1.57906 157 157 157
-2.66904 56.00128 -1.69039 148 148 148
-2.59443 56.00145 -1.79147 156 156 156
-2.52472 56.00391 -1.89633 149 149 149
-2.43977 55.99763 -1.98922 155 155 155
-2.36036 56.00292 -2.08678 150 150 150
-2.27209 56.00053 -2.17634 148 148 148
-2.17635 56.00217 -2.25794 148 148 148
-2.08243 56.00225 -2.34106 144 144 144
-1.98789 55.99693 -2.42367 150 150 150
-1.88567 56.00218 -2.49655 146 146 146
-1.78603 55.99758 -2.57314 140 140 140
-1.68216 55.99381 -2.64408 143 143 143
-1.57461 56.00030 -2.70944 149 149 149
-1.46033 56.00417 -2.76237 143 143 143
-1.34834 55.99638 -2.81940 144 144 144
-1.23326 55.99813 -2.86995 140 140 140
-1.11536 56.00068 -2.91346 140 140 140
-0.99720 56.00226 -2.95620 145 145 145
-0.87812 55.99797 -2.99682 147 147 147
-0.75443 56.00123 -3.02059 135 135 135
-0.63365 56.00010 -3.05659 136 136 136
-0.50859 55.99996 -3.07153 143 143 143
-0.38417 55.99907 -3.08870 145 145 145
-0.25948 55.99987 -3.10473 136 136 136
-0.13383 55.99690 -3.10894 142 142 142
-0.00825 55.99975 -3.11064 144 144 144
0.11758 55.99793 -3.11500 136 136 136
0.24260 56.00105 -3.09981 141 141 141
0.36748 55.99842 -3.08698 140 140 140
0.49219 55.99941 -3.07211 138 138 138
0.61570 55.99891 -3.04927 136 136 136
0.73900 56.00221 -3.02501 145 145 145
0.85987 55.99631 -2.99060 140 140 140
0.97977 55.99902 -2.95331 141 141 141
1.10055 56.00127 -2.91803 138 138 138
1.21529 56.00277 -2.86638 139 139 139
1.33257 55.99873 -2.82095 143 143 143
1.44199 55.99988 -2.75876 140 140 140
1.55367 56.00136 -2.70150 147 147 147
1.66478 56.00359 -2.64263 143 143 143
1.76973 56.00061 -2.57343 143 143 143
1.86936 55.99781 -2.49681 140 140 140
1.97533 55.99972 -2.42866 147 147 147
2.06882 56.00035 -2.34443 145 145 145
2.16145 56.00041 -2.25967 145 145 145
2.25543 55.99645 -2.17617 142 142 142
2.33990 56.00054 -2.08311 143 143 143
2.42481 55.99942 -1.99053 154 154 154
2.50615 56.00130 -1.89469 152 152 152
2.58592 55.99802 -1.79728 159 159 159
2.64892 56.00200 -1.68796 153 153 153
2.72188 56.00218 -1.58552 159 159 159
2.78337 55.99965 -1.47588 152 152 152
2.84854 56.00174 -1.36810 154 154 154
2.89800 55.99918 -1.25230 154 154 154
2.94030 55.99677 -1.13383 165 165 165
2.99602 56.00076 -1.02083 158 158 158
3.03353 56.00095 -0.90083 159 159 159
3.07018 56.00273 -0.78071 167 167 167
3.10212 55.99653 -0.65923 169 169 169
3.13341 55.99924 -0.53741 161 161 161
3.15671 56.00025 -0.41378 159 159 159
3.17089 55.99860 -0.28878 159 159 159
3.17394 55.99776 -0.16294 170 170 170
3.19279 56.00375 -0.03827 168 168 168
3.18326 56.39988 0.08813 165 165 165
3.18390 56.40053 0.21392 165 165 165
3.17541 56.40250 0.33943 173 173 173
3.15981 56.40036 0.46421 167 167 167
3.14539 56.40175 0.58911 171 171 171
3.12065 56.40003 0.71239 176 176 176
3.09248 56.39933 0.83482 177 177 177
3.05867 56.39953 0.95576 178 178 178
3.03536 56.39896 1.08013 174 174 174
2.98866 56.39731 1.19724 172 172 172
2.93177 56.39907 1.30985 173 173 173
2.88566 56.39936 1.42660 184 184 184
2.82988 56.40184 1.53905 180 180 180
2.77558 56.39888 1.65245 175 175 175
2.71329 56.40221 1.76169 178 178 178
2.64310 56.39730 1.86603 179 179 179
2.57224 56.39777 1.96985 187 187 187
2.49871 56.40198 2.07192 185 185 185
2.41916 56.40116 2.16942 187 187 187
2.33137 56.39856 2.25960 184 184 184
2.24517 56.39856 2.35102 183 183 183
2.15596 56.40185 2.43960 194 194 194
2.06091 56.39588 2.52189 187 187 187
1.96119 56.40088 2.59837 191 191 191
1.86458 56.39815 2.67890 186 186 186
1.75661 56.39820 2.74361 183 183 183
1.65657 56.39555 2.82033 189 189 189
1.54736 56.40106 2.88278 191 191 191
1.43842 56.40032 2.94597 194 194 194
1.32174 56.40311 2.99365 193 193 193
1.20729 56.40064 3.04557 196 196 196
1.08721 56.39891 3.08317 191 191 191
0.97121 56.40372 3.13175 187 187 187
0.84950 56.39876 3.16306 191 191 191
0.72927 56.40187 3.19959 190 190 190
0.60702 56.39776 3.22895 201 201 201
0.48336 56.39741 3.25188 192 192 192
0.35839 56.39739 3.26590 202 202 202
0.23367 56.40002 3.28239 192 192 192
0.10803 56.40372 3.28872 192 192 192
-0.01773 56.40491 3.28849 197 197 197
-0.14334 56.39828 3.28534 194 194 194
-0.26887 56.40353 3.27925 192 192 192
-0.39400 56.39963 3.26723 194 194 194
-0.51750 56.40180 3.24359 201 201 201
-0.64233 56.39782 3.22824 194 194 194
-0.76537 56.39806 3.20228 196 196 196
-0.88505 56.39512 3.16343 192 192 192
-1.00782 56.40160 3.13534 197 197 197
-1.12437 56.40339 3.08782 192 192 192
-1.24253 56.40348 3.04507 193 193 193
-1.35461 56.39854 2.98805 192 192 192
-1.47023 56.39954 2.93882 190 190 190
-1.58048 56.39906 2.87863 194 194 194
-1.68948 56.40077 2.81618 188 188 188
-1.79667 56.39752 2.75050 185 185 185
-1.89744 56.39760 2.67533 185 185 185
-1.99846 56.40141 2.60067 186 186 186
-2.09756 56.40159 2.52329 189 189 189
-2.18963 56.40168 2.43768 191 191 191
-2.27909 56.40282 2.34949 188 188 188
-2.36615 56.39965 2.25898 191 191 191
-2.45192 56.40169 2.16712 183 183 183
-2.52870 56.39463 2.06761 185 185 185
-2.60196 56.40127 1.96568 184 184 184
-2.67989 56.40253 1.86693 179 179 179
-2.75437 56.39934 1.76514 184 184 184
-2.80826 56.40013 1.65090 182 182 182
-2.86986 56.39688 1.54136 177 177 177
-2.92353 56.40076 1.42772 170 170 170
-2.97659 56.40181 1.31373 180 180 180
-3.02260 56.40183 1.19668 186 186 186
-3.06355 56.40039 1.07777 175 175 175
-3.09849 56.40213 0.95699 177 177 177
-3.12561 56.39934 0.83426 165 165 165
-3.15755 56.40040 0.71267 172 172 172
-3.18262 56.40512 0.58940 169 169 169
-3.19232 56.40054 0.46386 167 167 167
-3.20705 56.40119 0.33913 173 173 173
-3.21492 56.40488 0.21374 163 163 163
-3.22227 56.40188 0.08813 165 165 165
-3.21184 56.40234 -0.03737 172 172 172
-3.21206 56.40264 -0.16327 160 160 160
-3.19820 56.40094 -0.28831 164 164 164
-3.17693 56.40098 -0.41224 160 160 160
-3.15330 56.39590 -0.53558 156 156 156
-3.12882 56.40245 -0.65878 156 156 156
-3.09517 56.40176 -0.77980 161 161 161
-3.05813 56.40005 -0.89976 164 164 164
-3.01900 56.39903 -1.01910 156 156 156
-2.97644 56.40416 -1.13742 169 169 169
-2.92805 56.40041 -1.25355 155 155 155
-2.87198 56.40248 -1.36619 163 163 163
-2.80916 56.39770 -1.47515 156 156 156
-2.74247 56.40278 -1.58160 146 146 146
-2.67322 56.40147 -1.68622 152 152 152
-2.60471 56.40247 -1.79143 156 156 156
-2.52510 56.39901 -1.88853 144 144 144
-2.45177 56.40034 -1.99074 151 151 151
-2.36548 56.39879 -2.08212 150 150 150
-2.28189 56.39953 -2.17604 154 154 154
-2.19655 56.40495 -2.26892 146 146 146
-2.09648 56.39994 -2.34578 154 154 154
-1.99830 56.39845 -2.42422 144 144 144
-1.89956 56.40269 -2.50200 148 148 148
-1.79323 56.39985 -2.56910 144 144 144
-1.69019 56.39950 -2.64109 139 139 139
-1.58113 56.40382 -2.70354 141 141 141
-1.46996 56.39667 -2.76204 137 137 137
-1.35673 56.39703 -2.81640 138 138 138
-1.24137 56.40093 -2.86603 140 140 140
-1.12328 56.39824 -2.90860 147 147 147
-1.00586 56.40248 -2.95303 144 144 144
-0.88404 56.39963 -2.98360 136 136 136
-0.76438 56.40215 -3.02192 137 137 137
-0.64233 56.40316 -3.05196 140 140 140
-0.51837 56.40232 -3.07285 139 139 139
-0.39350 56.39483 -3.08680 141 141 141
-0.26875 56.39749 -3.10151 142 142 142
-0.14344 56.40283 -3.11141 132 132 132
-0.01773 56.39894 -3.10658 140 140 140
0.10800 56.39929 -3.11185 135 135 135
0.23307 56.39627 -3.09853 134 134 134
0.35802 56.39747 -3.08654 141 141 141
0.48304 56.39818 -3.07358 141 141 141
0.60606 56.40170 -3.04783 142 142 142
0.72979 56.40197 -3.02548 136 136 136
0.84991 56.39811 -2.98828 140 140 140
0.97137 56.39931 -2.95600 138 138 138
1.08976 56.40183 -2.91386 135 135 135
1.20504 56.39972 -2.86389 144 144 144
1.32294 56.39775 -2.82000 141 141 141
1.43602 56.40344 -2.76501 143 143 143
1.54538 56.39864 -2.70300 147 147 147
1.65361 56.39620 -2.63925 150 150 150
1.76134 56.39821 -2.57444 143 143 143
1.86356 56.39620 -2.50125 148 148 148
1.96417 56.39515 -2.42589 141 141 141
2.06475 56.39933 -2.35014 149 149 149
2.15813 56.40044 -2.26570 140 140 140
2.24411 56.40008 -2.17371 148 148 148
2.33689 56.40189 -2.08846 146 146 146
2.41560 56.40169 -1.99013 152 152 152
2.49567 56.39883 -1.89328 149 149 149
2.57662 56.39844 -1.79678 158 158 158
2.64435 56.40039 -1.69062 150 150 150
2.70796 56.39638 -1.58218 156 156 156
2.78041 56.40225 -1.47891 152 152 152
2.83717 56.39701 -1.36652 159 159 159
2.88613 56.39867 -1.25057 159 159 159
2.93860 56.39809 -1.13642 156 156 156
2.98682 56.40047 -1.02031 153 153 153
3.02142 56.39966 -0.89935 161 161 161
3.06079 56.39592 -0.78011 163 163 163
3.09977 56.39999 -0.66032 159 159 159
3.11779 56.39470 -0.53557 164 164 164
3.14170 56.40552 -0.41228 164 164 164
3.15846 56.39960 -0.28780 162 162 162
3.16617 56.39459 -0.16245 157 157 157
3.17530 56.39679 -0.03733 164 164 164
3.17759 56.79943 0.08875 169 169 169
3.16732 56.80592 0.21426 173 173 173
3.16415 56.79797 0.33991 170 170 170
3.14598 56.80121 0.46432 174 174 174
3.13395 56.79875 0.58943 175 175 175
3.10678 56.80173 0.71214 175 175 175
3.08214 56.80042 0.83523 171 171 171
3.05134 56.79752 0.95699 177 177 177
3.01555 56.79951 1.07740 172 172 172
2.97854 56.80053 1.19763 180 180 180
2.92417 56.79882 1.31124 182 182 182
2.87973 56.79880 1.42886 179 179 179
2.82653 56.80267 1.54280 184 184 184
2.76806 56.79647 1.65417 190 190 190
2.70642 56.80196 1.76391 187 187 187
2.63786 56.79922 1.86948 181 181 181
2.56133 56.80259 1.96942 187 187 187
2.48527 56.80105 2.06941 185 185 185
2.40996 56.80302 2.17028 192 192 192
2.32293 56.79822 2.26118 187 187 187
2.23488 56.79926 2.35082 187 187 187
2.14390 56.80093 2.43743 191 191 191
2.05069 56.80262 2.52164 190 190 190
1.95261 56.80522 2.60012 187 187 187
1.85206 56.79753 2.67533 184 184 184
1.74997 56.80169 2.74847 194 194 194
1.64764 56.79697 2.82183 190 190 190
1.53567 56.80142 2.87944 185 185 185
1.42698 56.79798 2.94273 189 189 189
1.31571 56.80074 3.00174 188 188 188
1.19533 56.80087 3.04019 198 198 198
1.07993 56.80003 3.08974 188 188 188
0.96198 56.80252 3.13311 193 193 193
0.84276 56.80218 3.17339 193 193 193
0.72044 56.80229 3.20287 188 188 188
0.59648 56.80463 3.22418 193 193 193
0.47308 56.79955 3.24734 190 190 190
0.34928 56.79852 3.26957 192 192 192
0.22439 56.80489 3.28548 192 192 192
0.09857 56.79666 3.28974 198 198 198
-0.02720 56.79921 3.29135 193 193 193
-0.15267 56.79979 3.28224 198 198 198
-0.27842 56.79718 3.28088 193 193 193
-0.40342 56.80561 3.26749 194 194 194
-0.52752 56.80356 3.24768 190 190 190
-0.65208 56.80141 3.23026 189 189 189
-0.77415 56.79555 3.20005 199 199 199
-0.89474 56.79923 3.16484 192 192 192
-1.01608 56.80357 3.13223 194 194 194
-1.13462 56.80200 3.09055 199 199 199
-1.25107 56.79479 3.04346 198 198 198
-1.36560 56.79529 2.99197 193 193 193
-1.48111 56.80636 2.94222 193 193 193
-1.59213 56.80087 2.88315 187 187 187
-1.70047 56.79383 2.81929 188 188 188
-1.80520 56.80107 2.74972 184 184 184
-1.90803 56.79725 2.67750 194 194 194
-2.00510 56.80061 2.59771 194 194 194
-2.10825 56.79979 2.52535 192 192 192
-2.19531 56.80413 2.43420 191 191 191
-2.29662 56.80747 2.35817 187 187 187
-2.37777 56.80221 2.26159 190 190 190
-2.46110 56.79749 2.16750 183 183 183
-2.53954 56.79913 2.06932 187 187 187
-2.61416 56.80265 1.96829 190 190 190
-2.68643 56.79901 1.86559 184 184 184
-2.75630 56.79875 1.76114 186 186 186
-2.82355 56.79912 1.65479 180 180 180
-2.88038 56.80059 1.54252 180 180 180
-2.93103 56.80044 1.42744 172 172 172
-2.98369 56.80016 1.31337 167 167 167
-3.02244 56.79980 1.19375 176 176 176
-3.07420 56.79962 1.07878 171 171 171
-3.11456 56.80232 0.95948 172 172 172
-3.13886 56.79990 0.83579 170 170 170
-3.16676 56.80054 0.71325 173 173 173
-3.19110 56.79972 0.58986 167 167 167
-3.20757 56.79741 0.46517 164 164 164
-3.21443 56.79957 0.33959 173 173 173
-3.21851 56.80082 0.21414 171 171 171
-3.21979 56.79589 0.08875 167 167 167
-3.22651 56.80197 -0.03695 167 167 167
-3.21766 56.79744 -0.16234 166 166 166
-3.19825 56.79652 -0.28657 153 153 153
-3.19103 56.79838 -0.41235 163 163 163
-3.16783 56.79809 -0.53596 158 158 158
-3.13907 56.79575 -0.65835 159 159 159
-3.10832 56.79776 -0.78022 162 162 162
-3.06874 56.80061 -0.89951 163 163 163
-3.03053 56.80151 -1.01924 161 161 161
-2.98240 56.79975 -1.13533 160 160 160
-2.93814 56.79529 -1.25322 155 155 155
-2.87673 56.80360 -1.36316 157 157 157
-2.82173 56.79848 -1.47627 147 147 147
-2.75518 56.80274 -1.58296 149 149 149
-2.68717 56.80635 -1.68859 156 156 156
-2.61665 56.80041 -1.79260 147 147 147
-2.54332 56.79591 -1.89481 151 151 151
-2.46054 56.79941 -1.98953 154 154 154
-2.37905 56.80001 -2.08528 140 140 140
-2.28920 56.80025 -2.17325 151 151 151
-2.19848 56.79944 -2.26014 152 152 152
-2.10279 56.80234 -2.34146 144 144 144
-2.00901 56.80078 -2.42517 147 147 147
-1.90659 56.79876 -2.49801 142 142 142
-1.80394 56.79941 -2.57034 145 145 145
-1.70031 56.80425 -2.64152 152 152 152
-1.58888 56.80095 -2.69985 148 148 148
-1.47941 56.79920 -2.76139 145 145 145
-1.36474 56.80279 -2.81261 137 137 137
-1.25097 56.80139 -2.86570 140 140 140
-1.13525 56.80234 -2.91476 142 142 142
-1.01574 56.79799 -2.95369 142 142 142
-0.89662 56.80180 -2.99400 138 138 138
-0.77516 56.80338 -3.02675 141 141 141
-0.65043 56.80162 -3.04445 147 147 147
-0.52743 56.80039 -3.06959 135 135 135
-0.40339 56.79798 -3.08968 136 136 136
-0.27826 56.80451 -3.10131 140 140 140
-0.15277 56.80132 -3.10742 138 138 138
-0.02720 56.80292 -3.10814 136 136 136
0.09827 56.80062 -3.10457 137 137 137
0.22433 56.79883 -3.10724 135 135 135
0.34838 56.79649 -3.08445 134 134 134
0.47277 56.79913 -3.06789 138 138 138
0.59750 56.80054 -3.05181 141 141 141
0.71989 56.80026 -3.02307 143 143 143
0.84192 56.79835 -2.99288 137 137 137
0.96160 56.79787 -2.95444 146 146 146
1.08244 56.79582 -2.91904 139 139 139
1.19671 56.80301 -2.86603 142 142 142
1.31556 56.80150 -2.82391 138 138 138
1.42452 56.79672 -2.76041 143 143 143
1.53382 56.80354 -2.69865 143 143 143
1.64812 56.80533 -2.64512 142 142 142
1.75108 56.79989 -2.57263 136 136 136
1.85245 56.79986 -2.49835 148 148 148
1.95481 56.80256 -2.42542 143 143 143
2.04927 56.80149 -2.34248 145 145 145
2.14517 56.80100 -2.26130 141 141 141
2.23557 56.80464 -2.17401 148 148 148
2.32255 56.79956 -2.08334 143 143 143
2.41003 56.79817 -1.99284 145 145 145
2.48790 56.80397 -1.89399 153 153 153
2.56455 56.80322 -1.79426 148 148 148
2.63745 56.80120 -1.69171 139 139 139
2.70477 56.80051 -1.58540 146 146 146
2.76592 56.80082 -1.47547 154 154 154
2.83034 56.79866 -1.36724 154 154 154
2.88108 56.80502 -1.25198 159 159 159
2.91983 56.79892 -1.13195 157 157 157
2.97289 56.79643 -1.01804 167 167 167
3.01553 56.80134 -0.89989 152 152 152
3.05440 56.80321 -0.78035 159 159 159
3.08562 56.79945 -0.65857 162 162 162
3.11200 56.80165 -0.53567 157 157 157
3.12719 56.79944 -0.41086 170 170 170
3.15033 56.80484 -0.28733 165 165 165
3.16204 56.79860 -0.16225 158 158 158
3.17629 56.79937 -0.03712 164 164 164
3.15949 57.20060 0.08938 170 170 170
3.16666 57.20116 0.21523 172 172 172
3.15810 57.19898 0.34081 168 168 168
3.13636 57.20066 0.46493 173 173 173
3.12505 57.19402 0.59014 170 170 170
3.09779 57.20032 0.71285 164 164 164
3.07653 57.19703 0.83678 182 182 182
3.04585 57.19456 0.95873 168 168 168
3.00160 57.19775 1.07656 177 177 177
2.96820 57.20005 1.19792 172 172 172
2.91812 57.19501 1.31328 179 179 179
2.87143 57.20331 1.43002 180 180 180
2.81391 57.20096 1.54181 180 180 180
2.75317 57.20114 1.65175 182 182 182
2.69143 57.19999 1.76114 190 190 190
2.62186 57.20052 1.86573 193 193 193
2.55575 57.19931 1.97287 182 182 182
2.47699 57.19765 2.07097 185 185 185
2.38922 57.20314 2.16126 185 185 185
2.31394 57.19596 2.26224 182 182 182
2.22672 57.19815 2.35275 181 181 181
2.13448 57.20090 2.43809 189 189 189
2.04388 57.19914 2.52536 185 185 185
1.94422 57.19760 2.60210 189 189 189
1.84490 57.20275 2.67911 190 190 190
1.74097 57.20438 2.74978 189 189 189
1.63531 57.20143 2.81777 197 197 197
1.52571 57.19990 2.87916 194 194 194
1.41394 57.20338 2.93632 191 191 191
1.30285 57.19836 2.99499 199 199 199
1.18790 57.20303 3.04571 196 196 196
1.06950 57.20617 3.08773 193 193 193
0.95362 57.19831 3.13712 192 192 192
0.83259 57.20312 3.17148 194 194 194
0.71092 57.20000 3.20325 197 197 197
0.58731 57.20205 3.22624 200 200 200
0.46299 57.20271 3.24398 194 194 194
0.33998 57.19980 3.27155 195 195 195
0.21464 57.19809 3.28236 197 197 197
0.08914 57.20280 3.29100 200 200 200
-0.03665 57.20179 3.28729 193 193 193
-0.16239 57.20036 3.28974 192 192 192
-0.28798 57.20329 3.28278 193 193 193
-0.41328 57.19806 3.27152 195 195 195
-0.53777 57.20151 3.25333 194 194 194
-0.66059 57.20175 3.22613 195 195 195
-0.78436 57.19760 3.20380 192 192 192
-0.90472 57.20308 3.16732 194 194 194
-1.02503 57.20292 3.13129 190 190 190
-1.14213 57.19647 3.08591 194 194 194
-1.26057 57.19676 3.04419 197 197 197
-1.37745 57.20096 2.99779 192 192 192
-1.48753 57.20266 2.93688 190 190 190
-1.60127 57.20231 2.88319 192 192 192
-1.70708 57.20022 2.81527 188 188 188
-1.81344 57.20429 2.74853 198 198 198
-1.91717 57.20012 2.67769 191 191 191
-2.01851 57.20224 2.60336 185 185 185
-2.11432 57.20159 2.52201 189 189 189
-2.20858 57.19546 2.43895 184 184 184
-2.29815 57.20001 2.35087 186 186 186
-2.38677 57.19944 2.26180 187 187 187
-2.47161 57.20100 2.16903 181 181 181
-2.54503 57.20415 2.06682 186 186 186
-2.62307 57.20185 1.96852 180 180 180
-2.70502 57.20142 1.87232 181 181 181
-2.77036 57.20254 1.76460 177 177 177
-2.82713 57.19924 1.65212 185 185 185
-2.89162 57.20093 1.54405 179 179 179
-2.94434 57.20841 1.42984 179 179 179
-2.99634 57.19879 1.31532 182 182 182
-3.03712 57.19679 1.19631 180 180 180
-3.07945 57.20416 1.07804 180 180 180
-3.11261 57.19883 0.95689 176 176 176
-3.15209 57.20289 0.83733 178 178 178
-3.17290 57.20174 0.71321 177 177 177
-3.19495 57.20077 0.58960 172 172 172
-3.21693 57.20210 0.46579 169 169 169
-3.22517 57.19900 0.34032 170 170 170
-3.23246 57.19515 0.21494 161 161 161
-3.23441 57.20058 0.08938 171 171 171
-3.22734 57.19949 -0.03599 159 159 159
-3.22871 57.19962 -0.16185 166 166 166
-3.21761 57.20082 -0.28712 163 163 163
-3.19647 57.19957 -0.41109 158 158 158
-3.17415 57.20187 -0.53471 161 161 161
-3.14146 57.20292 -0.65602 165 165 165
-3.11281 57.19621 -0.77819 161 161 161
-3.07596 57.19954 -0.89816 154 154 154
-3.04290 57.20283 -1.01969 165 165 165
-2.99703 57.20350 -1.13685 157 157 157
-2.94364 57.19793 -1.25076 152 152 152
-2.88929 57.20142 -1.36412 159 159 159
-2.82957 57.20555 -1.47474 158 158 158
-2.76174 57.19978 -1.58056 157 157 157
-2.70483 57.19470 -1.69345 154 154 154
-2.62961 57.20087 -1.79452 145 145 145
-2.54964 57.19957 -1.89170 147 147 147
-2.46906 57.19725 -1.98810 151 151 151
-2.38766 57.19940 -2.08388 148 148 148
-2.29748 57.19908 -2.17145 148 148 148
-2.20222 57.20235 -2.25332 150 150 150
-2.11550 57.20448 -2.34464 144 144 144
-2.01927 57.20096 -2.42557 152 152 152
-1.91847 57.19785 -2.50073 147 147 147
-1.81141 57.19827 -2.56674 136 136 136
-1.70945 57.19702 -2.64038 146 146 146
-1.59898 57.20088 -2.70036 141 141 141
-1.48797 57.20027 -2.75901 142 142 142
-1.37604 57.20130 -2.81599 141 141 141
-1.26152 57.20569 -2.86772 137 137 137
-1.14412 57.20076 -2.91255 144 144 144
-1.02550 57.20389 -2.95400 139 139 139
-0.90515 57.19678 -2.99009 141 141 141
-0.78326 57.20357 -3.02047 133 133 133
-0.66050 57.19586 -3.04694 144 144 144
-0.53726 57.20651 -3.07137 146 146 146
-0.41208 57.20128 -3.08260 139 139 139
-0.28743 57.20795 -3.09711 140 140 140
-0.16240 57.19990 -3.11112 145 145 145
-0.03665 57.19797 -3.11035 137 137 137
0.08893 57.20496 -3.10675 130 130 130
0.21404 57.19782 -3.09599 138 138 138
0.33978 57.19770 -3.09110 139 139 139
0.46408 57.20058 -3.07210 146 146 146
0.58747 57.19697 -3.04831 134 134 134
0.71000 57.20077 -3.02064 137 137 137
0.83067 57.19909 -2.98591 139 139 139
0.95321 57.20191 -2.95709 151 151 151
1.07167 57.19929 -2.91487 142 142 142
1.19083 57.19955 -2.87402 139 139 139
1.30466 57.20105 -2.82016 139 139 139
1.41570 57.19780 -2.76103 149 149 149
1.52643 57.19607 -2.70170 138 138 138
1.63601 57.20164 -2.64015 141 141 141
1.74273 57.19924 -2.57366 144 144 144
1.84623 57.20006 -2.50219 141 141 141
1.94223 57.20006 -2.42082 147 147 147
2.03972 57.19588 -2.34175 153 153 153
2.13613 57.19874 -2.26113 144 144 144
2.22371 57.19887 -2.17098 145 145 145
2.31532 57.19862 -2.08476 155 155 155
2.39445 57.19740 -1.98698 147 147 147
2.47297 57.20171 -1.88905 148 148 148
2.55700 57.20022 -1.79503 149 149 149
2.62319 57.19546 -1.68787 160 160 160
2.68703 57.19504 -1.57970 157 157 157
2.75524 57.20298 -1.47416 143 143 143
2.81160 57.20329 -1.36188 153 153 153
2.86655 57.19942 -1.24902 158 158 158
2.92254 57.20445 -1.13636 164 164 164
2.96385 57.19685 -1.01757 158 158 158
3.01152 57.19798 -0.90104 155 155 155
3.04071 57.19934 -0.77853 166 166 166
3.07815 57.19718 -0.65842 160 160 160
3.09852 57.19732 -0.53425 169 169 169
3.12939 57.20218 -0.41208 167 167 167
3.14033 57.20380 -0.28665 168 168 168
3.15003 57.20139 -0.16142 170 170 170
3.16456 57.19769 -0.03640 169 169 169
3.15457 57.60458 0.09000 169 169 169
3.15586 57.60676 0.21580 171 171 171
3.14278 57.60146 0.34097 159 159 159
3.13203 57.60381 0.46616 175 175 175
3.11128 57.59987 0.59008 167 167 167
3.09266 57.59637 0.71434 179 179 179
3.06456 57.59801 0.83680 170 170 170
3.03227 57.60437 0.95819 172 172 172
2.99789 57.59900 1.07905 173 173 173
2.95646 57.60579 1.19770 188 188 188
2.90925 57.59931 1.31414 175 175 175
2.85538 57.59820 1.42760 177 177 177
2.80400 57.60150 1.54219 174 174 174
2.74675 57.59906 1.65407 179 179 179
2.68162 57.59864 1.76154 178 178 178
2.61180 57.60016 1.86594 182 182 182
2.54164 57.60008 1.97009 190 190 190
2.46355 57.59830 2.06844 186 186 186
2.38448 57.59430 2.16590 192 192 192
2.30148 57.59844 2.26007 184 184 184
2.21722 57.59900 2.35330 190 190 190
2.12847 57.59660 2.44243 186 186 186
2.03163 57.60052 2.52270 189 189 189
1.93710 57.60192 2.60567 185 185 185
1.83714 57.59973 2.68204 187 187 187
1.73164 57.60306 2.75055 190 190 190
1.62633 57.60272 2.81913 193 193 193
1.51748 57.60322 2.88194 195 195 195
1.40733 57.60330 2.94250 196 196 196
1.29347 57.59984 2.99573 194 194 194
1.17943 57.60318 3.04867 186 186 186
1.06372 57.59901 3.09828 193 193 193
0.94375 57.59734 3.13641 192 192 192
0.82272 57.60370 3.17057 192 192 192
0.70149 57.60023 3.20390 193 193 193
0.57788 57.59809 3.22692 193 193 193
0.45500 57.60056 3.25374 191 191 191
0.32975 57.60560 3.26543 188 188 188
0.20524 57.59286 3.28348 199 199 199
0.07947 57.60073 3.28577 203 203 203
-0.04609 57.60179 3.29436 196 196 196
-0.17153 57.60097 3.28267 199 199 199
-0.29719 57.60113 3.28055 198 198 198
-0.42253 57.60022 3.27053 194 194 194
-0.54558 57.59653 3.24366 198 198 198
-0.67071 57.60311 3.23018 194 194 194
-0.79398 57.60002 3.20521 199 199 199
-0.91541 57.60129 3.17238 196 196 196
-1.03590 57.60036 3.13631 195 195 195
-1.15414 57.60062 3.09350 196 196 196
-1.27059 57.59443 3.04621 192 192 192
-1.38965 57.59886 3.00441 198 198 198
-1.49926 57.60198 2.94201 194 194 194
-1.61080 57.60138 2.88399 194 194 194
-1.72033 57.59912 2.82211 192 192 192
-1.82243 57.59908 2.74848 192 192 192
-1.92363 57.59939 2.67421 189 189 189
-2.02789 57.59911 2.60390 190 190 190
-2.12490 57.60351 2.52397 194 194 194
-2.21358 57.59705 2.43478 185 185 185
-2.31279 57.59636 2.35670 190 190 190
-2.39836 57.60496 2.26442 188 188 188
-2.48470 57.59974 2.17277 183 183 183
-2.56169 57.59836 2.07314 191 191 191
-2.63751 57.60301 1.97278 184 184 184
-2.70511 57.60007 1.86670 191 191 191
-2.77487 57.59904 1.76220 187 187 187
-2.83671 57.59983 1.65282 183 183 183
-2.90003 57.59658 1.54415 183 183 183
-2.94833 57.59808 1.42795 180 180 180
-3.00346 57.59864 1.31498 180 180 180
-3.04615 57.60199 1.19678 181 181 181
-3.09109 57.60244 1.07938 173 173 173
-3.12425 57.60014 0.95813 176 176 176
-3.15874 57.60107 0.83728 175 175 175
-3.18335 57.59602 0.71404 166 166 166
-3.20672 57.60523 0.59059 174 174 174
-3.22386 57.59841 0.46611 169 169 169
-3.24359 57.60138 0.34165 166 166 166
-3.24054 57.60024 0.21551 166 166 166
-3.24348 57.60085 0.09000 172 172 172
-3.24103 57.60431 -0.03553 168 168 168
-3.23432 57.59826 -0.16092 169 169 169
-3.21733 57.60227 -0.28534 161 161 161
-3.20377 57.60473 -0.41013 166 166 166
-3.18411 57.60162 -0.53419 164 164 164
-3.15850 57.60056 -0.65722 156 156 156
-3.12645 57.60164 -0.77875 154 154 154
-3.09489 57.59935 -0.90062 160 160 160
-3.05672 57.60203 -1.02068 155 155 155
-2.99889 57.60034 -1.13309 156 156 156
-2.95219 57.60217 -1.24973 167 167 167
-2.89727 57.59840 -1.36275 148 148 148
-2.83744 57.60054 -1.47323 152 152 152
-2.77204 57.59882 -1.58046 152 152 152
-2.70329 57.60276 -1.68549 151 151 151
-2.63312 57.59489 -1.78959 152 152 152
-2.56541 57.60521 -1.89607 151 151 151
-2.47915 57.59543 -1.98803 148 148 148
-2.39367 57.60545 -2.08008 143 143 143
-2.30875 57.60152 -2.17266 138 138 138
-2.21652 57.59879 -2.25796 144 144 144
-2.12111 57.60262 -2.33954 141 141 141
-2.02822 57.59675 -2.42432 139 139 139
-1.92867 57.59876 -2.50115 146 146 146
-1.82433 57.59769 -2.57132 140 140 140
-1.71952 57.59550 -2.64080 137 137 137
-1.60917 57.59915 -2.70108 138 138 138
-1.49875 57.59808 -2.76102 149 149 149
-1.38355 57.60088 -2.81118 140 140 140
-1.27187 57.60297 -2.86930 144 144 144
-1.15376 57.60114 -2.91247 139 139 139
-1.03676 57.59743 -2.95899 144 144 144
-0.91504 57.59925 -2.99106 139 139 139
-0.79384 57.59799 -3.02463 146 146 146
-0.67063 57.60188 -3.04978 137 137 137
-0.54680 57.60111 -3.07136 139 139 139
-0.42258 57.60149 -3.09095 133 133 133
-0.29706 57.60052 -3.09887 142 142 142
-0.17172 57.59584 -3.10746 138 138 138
-0.04609 57.60455 -3.11222 146 146 146
0.07946 57.60030 -3.10555 139 139 139
0.20479 57.59779 -3.09769 136 136 136
0.32966 57.59691 -3.08467 145 145 145
0.45354 57.60402 -3.06454 138 138 138
0.57761 57.59933 -3.04553 143 143 143
0.70156 57.60014 -3.02420 143 143 143
0.82186 57.60019 -2.98753 139 139 139
0.94283 57.60272 -2.95357 145 145 145
1.06019 57.59492 -2.90871 147 147 147
1.17872 57.60245 -2.86694 139 139 139
1.29623 57.59242 -2.82172 152 152 152
1.40506 57.60142 -2.75804 145 145 145
1.51860 57.59880 -2.70395 143 143 143
1.62652 57.59278 -2.63945 150 150 150
1.72985 57.60171 -2.56788 145 145 145
1.83202 57.60312 -2.49499 142 142 142
1.93451 57.60333 -2.42237 153 153 153
2.03340 57.59900 -2.34476 147 147 147
2.12846 57.59872 -2.26242 145 145 145
2.21844 57.60094 -2.17452 151 151 151
2.30366 57.59820 -2.08209 151 151 151
2.39033 57.60112 -1.99090 152 152 152
2.46516 57.60083 -1.88971 148 148 148
2.54205 57.59927 -1.79039 145 145 145
2.61260 57.60049 -1.68648 151 151 151
2.68315 57.59934 -1.58248 154 154 154
2.74638 57.60329 -1.47386 154 154 154
2.80321 57.59927 -1.36179 153 153 153
2.85992 57.60109 -1.24969 158 158 158
2.91528 57.60111 -1.13664 156 156 156
2.95353 57.59837 -1.01662 162 162 162
2.99847 57.59833 -0.89924 163 163 163
3.03194 57.59871 -0.77809 161 161 161
3.06897 57.60697 -0.65786 158 158 158
3.09284 57.60209 -0.53437 165 165 165
3.12029 57.59878 -0.41150 164 164 164
3.13753 57.60139 -0.28681 163 163 163
3.15087 57.59745 -0.16161 165 165 165
3.14993 57.60307 -0.03557 167 167 167
3.14929 57.99881 0.09063 173 173 173
3.13759 58.00235 0.21608 170 170 170
3.13302 57.99874 0.34157 168 168 168
3.12591 58.00207 0.46717 167 167 167
3.10815 58.00322 0.59170 173 173 173
3.08835 57.99915 0.71598 176 176 176
3.05834 58.00170 0.83819 181 181 181
3.03171 58.00028 0.96131 170 170 170
2.98677 58.00155 1.07912 175 175 175
2.95078 58.00164 1.19970 179 179 179
2.89645 57.99542 1.31336 177 177 177
2.84439 58.00420 1.42750 176 176 176
2.79732 57.99579 1.54421 175 175 175
2.73887 58.00232 1.65555 180 180 180
2.67980 57.99873 1.76682 183 183 183
2.60566 58.00193 1.86876 184 184 184
2.53339 58.00238 1.97157 187 187 187
2.46508 58.00574 2.07769 182 182 182
2.37590 57.99939 2.16723 185 185 185
2.29335 58.00124 2.26188 183 183 183
2.20834 58.00556 2.35447 185 185 185
2.11566 58.00149 2.43937 189 189 189
2.02376 58.00304 2.52513 191 191 191
1.92676 57.99974 2.60511 192 192 192
1.82308 58.00159 2.67628 190 190 190
1.72287 58.00580 2.75215 193 193 193
1.61650 57.99847 2.81908 194 194 194
1.51180 58.00241 2.88924 189 189 189
1.39971 58.00009 2.94664 195 195 195
1.28426 58.00037 2.99679 186 186 186
1.16979 57.99732 3.04874 193 193 193
1.05137 58.00306 3.09093 194 194 194
0.93206 58.00347 3.13004 196 196 196
0.81272 57.99944 3.16910 193 193 193
0.69139 57.99497 3.20166 205 205 205
0.56898 58.00216 3.23011 193 193 193
0.44447 58.00065 3.24735 188 188 188
0.32085 57.99997 3.27039 196 196 196
0.19537 57.99475 3.27830 204 204 204
0.07001 57.99810 3.28505 198 198 198
-0.05550 57.99966 3.28800 189 189 189
-0.18118 57.99997 3.28939 195 195 195
-0.30675 57.99856 3.28298 205 205 205
-0.43236 58.00019 3.27467 198 198 198
-0.55608 58.00040 3.25114 195 195 195
-0.67977 57.99604 3.22905 195 195 195
-0.80384 57.99953 3.20767 199 199 199
-0.92378 58.00241 3.16929 197 197 197
-1.04600 57.99978 3.13907 201 201 201
-1.16102 57.99888 3.08726 192 192 192
-1.27987 58.00132 3.04651 189 189 189
-1.39553 57.99828 2.99736 192 192 192
-1.50802 57.99795 2.94135 202 202 202
-1.61652 57.99876 2.87802 189 189 189
-1.72812 57.99895 2.82010 185 185 185
-1.83552 57.99809 2.75461 193 193 193
-1.93393 57.99877 2.67606 200 200 200
-2.03139 57.99883 2.59703 189 189 189
-2.13339 57.99859 2.52352 190 190 190
-2.22782 57.99754 2.44062 189 189 189
-2.31656 57.99812 2.35168 189 189 189
-2.40676 57.99861 2.26411 187 187 187
-2.49014 58.00058 2.17000 187 187 187
-2.56851 57.99975 2.07172 190 190 190
-2.64716 57.99577 1.97357 186 186 186
-2.71340 58.00075 1.86658 172 172 172
-2.78324 57.99815 1.76218 181 181 181
-2.84691 57.99673 1.65389 179 179 179
-2.90841 57.99976 1.54425 179 179 179
-2.96321 58.00172 1.43110 182 182 182
-3.01295 58.00286 1.31564 178 178 178
-3.05310 58.00022 1.19650 172 172 172
-3.09709 57.99965 1.07890 172 172 172
-3.13292 57.99555 0.95855 179 179 179
-3.16900 58.00200 0.83811 175 175 175
-3.19088 57.99990 0.71429 168 168 168
-3.22122 57.99705 0.59203 174 174 174
-3.23168 58.00295 0.46655 174 174 174
-3.25016 58.00195 0.34205 169 169 169
-3.25628 58.00086 0.21638 162 162 162
-3.25877 57.99754 0.09063 169 169 169
-3.25006 58.00058 -0.03489 167 167 167
-3.24438 57.99619 -0.16035 160 160 160
-3.23198 58.00138 -0.28534 165 165 165
-3.21542 58.00043 -0.40986 161 161 161
-3.18837 58.00120 -0.53254 167 167 167
-3.17021 58.00299 -0.65715 164 164 164
-3.13406 57.99907 -0.77762 153 153 153
-3.09759 58.00123 -0.89781 161 161 161
-3.05648 58.00044 -1.01649 157 157 157
-3.01559 58.00202 -1.13548 159 159 159
-2.96410 57.99954 -1.25026 155 155 155
-2.90558 57.99720 -1.36156 148 148 148
-2.85101 57.99704 -1.47493 158 158 158
-2.78646 58.00035 -1.58291 148 148 148
-2.71200 58.00195 -1.68439 154 154 154
-2.64776 57.99995 -1.79276 158 158 158
-2.56829 57.99875 -1.89030 148 148 148
-2.48778 58.00076 -1.98674 151 151 151
-2.41369 58.00180 -2.08926 151 151 151
-2.31715 57.99560 -2.17102 143 143 143
-2.22551 57.99885 -2.25688 151 151 151
-2.13062 57.99709 -2.33903 148 148 148
-2.03970 57.99732 -2.42632 147 147 147
-1.93873 58.00128 -2.50142 141 141 141
-1.83149 58.00125 -2.56734 140 140 140
-1.73068 57.99779 -2.64302 143 143 143
-1.61795 58.00058 -2.69932 136 136 136
-1.50723 57.99939 -2.75854 145 145 145
-1.39348 58.00151 -2.81167 149 149 149
-1.28287 58.00139 -2.87250 144 144 144
-1.16102 57.99955 -2.90600 140 140 140
-1.04487 57.99792 -2.95434 145 145 145
-0.92581 58.00128 -2.99527 134 134 134
-0.80260 57.99444 -3.02128 139 139 139
-0.67907 57.99895 -3.04428 143 143 143
-0.55636 58.00186 -3.07169 139 139 139
-0.43184 58.00390 -3.08907 134 134 134
-0.30618 57.99602 -3.09455 137 137 137
-0.18131 57.99675 -3.11132 135 135 135
-0.05550 57.99979 -3.10716 129 129 129
0.07012 57.99664 -3.10657 141 141 141
0.19546 57.99775 -3.09813 137 137 137
0.32052 58.00283 -3.08634 141 141 141
0.44525 57.99948 -3.07102 143 143 143
0.56889 57.99278 -3.04840 143 143 143
0.69140 57.99415 -3.02043 139 139 139
0.81367 58.00015 -2.99123 143 143 143
0.93199 58.00343 -2.94857 140 140 140
1.05436 58.00519 -2.91779 140 140 140
1.16924 57.99519 -2.86616 139 139 139
1.28801 57.99811 -2.82368 137 137 137
1.39712 57.99931 -2.76030 148 148 148
1.50617 58.00449 -2.69794 132 132 132
1.61410 58.00030 -2.63391 145 145 145
1.72101 58.00295 -2.56811 146 146 146
1.82539 58.00155 -2.49820 141 141 141
1.92369 58.00079 -2.41997 146 146 146
2.01945 58.00054 -2.33884 152 152 152
2.11086 58.00126 -2.25293 144 144 144
2.20318 58.00275 -2.16806 150 150 150
2.29100 58.00050 -2.07846 150 150 150
2.37754 57.99708 -1.98739 149 149 149
2.45743 57.99782 -1.89041 148 148 148
2.53489 58.00173 -1.79141 151 151 151
2.60420 58.00087 -1.68653 157 157 157
2.67107 58.00191 -1.58022 149 149 149
2.73404 57.99955 -1.47159 160 160 160
2.79805 57.99509 -1.36333 151 151 151
2.84794 58.00019 -1.24788 165 165 165
2.89907 57.99963 -1.13320 160 160 160
2.94504 58.00177 -1.01633 160 160 160
2.98744 58.00069 -0.89809 160 160 160
3.02507 57.99795 -0.77819 162 162 162
3.04907 57.99987 -0.65472 160 160 160
3.08427 57.99774 -0.53391 167 167 167
3.09997 57.99785 -0.40915 164 164 164
3.12121 58.00229 -0.28536 162 162 162
3.13835 58.00044 -0.16074 168 168 168
3.13661 57.99959 -0.03479 166 166 166
3.13162 58.40255 0.09125 168 168 168
3.12860 58.39918 0.21672 161 161 161
3.12676 58.39528 0.34244 163 163 163
3.10921 58.39995 0.46693 167 167 167
3.09858 58.39631 0.59229 168 168 168
3.07319 58.39854 0.71545 179 179 179
3.04493 58.39531 0.83785 171 171 171
3.02269 58.39893 0.96204 168 168 168
2.97464 58.39724 1.07885 177 177 177
2.94055 58.40015 1.20002 181 181 181
2.88906 58.40169 1.31482 175 175 175
2.84523 58.39858 1.43283 177 177 177
2.78326 58.40115 1.54245 179 179 179
2.72892 58.40181 1.65586 184 184 184
2.66537 58.39536 1.76435 178 178 178
2.59957 58.40633 1.87158 187 187 187
2.52321 58.40172 1.97161 186 186 186
2.44570 58.40008 2.07044 186 186 186
2.37069 58.39905 2.17143 181 181 181
2.28322 58.40558 2.26182 189 189 189
2.19631 58.40253 2.35244 184 184 184
2.10946 58.40014 2.44344 185 185 185
2.01620 58.40166 2.52790 188 188 188
1.91925 58.40094 2.60812 186 186 186
1.81493 58.40172 2.67859 189 189 189
1.71433 58.39613 2.75404 191 191 191
1.60843 58.39860 2.82186 192 192 192
1.49706 58.40175 2.88030 190 190 190
1.38796 58.39935 2.94263 191 191 191
1.27536 58.40261 2.99847 194 194 194
1.15912 58.40098 3.04626 192 192 192
1.04150 58.40040 3.09026 188 188 188
0.92542 58.40068 3.13910 193 193 193
0.80334 58.39719 3.16977 198 198 198
0.68216 58.40023 3.20292 194 194 194
0.55971 58.39780 3.23134 191 191 191
0.43639 58.39954 3.25621 191 191 191
0.31161 58.40274 3.27230 189 189 189
0.18626 58.39991 3.28236 189 189 189
0.06078 58.40224 3.28972 194 194 194
-0.06489 58.39633 3.29322 191 191 191
-0.19054 58.40495 3.28925 194 194 194
-0.31583 58.40123 3.27982 196 196 196
-0.44117 58.40044 3.27045 192 192 192
-0.56571 58.39506 3.25331 194 194 194
-0.68806 58.39742 3.22417 201 201 201
-0.81307 58.39767 3.20766 199 199 199
-0.93440 58.39916 3.17431 198 198 198
-1.05631 58.39946 3.14254 196 196 196
-1.17183 58.40246 3.09176 193 193 193
-1.28831 58.40113 3.04484 200 200 200
-1.40513 58.39643 2.99846 202 202 202
-1.51694 58.39354 2.94106 190 190 190
-1.62798 58.40250 2.88235 196 196 196
-1.73747 58.40040 2.82066 190 190 190
-1.84541 58.39952 2.75599 192 192 192
-1.94250 58.39769 2.67557 194 194 194
-2.04987 58.40281 2.60919 193 193 193
-2.14242 58.40073 2.52373 187 187 187
-2.24003 58.39687 2.44431 194 194 194
-2.32583 58.39694 2.35219 189 189 189
-2.41374 58.40087 2.26250 189 189 189
-2.50341 58.39956 2.17394 189 189 189
-2.57666 58.40054 2.07137 187 187 187
-2.65536 58.40038 1.97333 180 180 180
-2.72301 58.40372 1.86735 180 180 180
-2.79387 58.40181 1.76357 186 186 186
-2.85448 58.39947 1.65350 181 181 181
-2.90841 58.40032 1.54009 180 180 180
-2.96969 58.40584 1.43038 180 180 180
-3.01866 58.39885 1.31474 177 177 177
-3.07449 58.40212 1.20155 173 173 173
-3.10821 58.39266 1.08009 182 182 182
-3.14258 58.40405 0.95925 171 171 171
-3.17141 58.39479 0.83706 179 179 179
-3.20488 58.39964 0.71583 169 169 169
-3.23229 58.40016 0.59292 170 170 170
-3.24514 58.39377 0.46766 171 171 171
-3.25407 58.40089 0.34224 178 178 178
-3.26760 58.39754 0.21708 171 171 171
-3.26333 58.39568 0.09125 172 172 172
-3.26086 58.39977 -0.03432 166 166 166
-3.25043 58.39808 -0.15946 169 169 169
-3.24747 58.39842 -0.28543 158 158 158
-3.22458 58.39904 -0.40920 159 159 159
-3.19884 58.39720 -0.53213 159 159 159
-3.18041 58.39566 -0.65672 166 166 166
-3.14396 58.40255 -0.77714 155 155 155
-3.10794 58.40021 -0.89750 158 158 158
-3.06731 58.40011 -1.01640 158 158 158
-3.02420 58.40444 -1.13454 156 156 156
-2.96990 58.40652 -1.24798 162 162 162
-2.91533 58.39728 -1.36113 157 157 157
-2.85851 58.40158 -1.47325 159 159 159
-2.79479 58.39558 -1.58164 153 153 153
-2.72769 58.40352 -1.68798 146 146 146
-2.65315 58.39965 -1.78923 155 155 155
-2.58195 58.39459 -1.89304 153 153 153
-2.49913 58.39834 -1.98779 151 151 151
-2.41386 58.40242 -2.08012 155 155 155
-2.32779 58.40197 -2.17165 146 146 146
-2.23515 58.39952 -2.25653 145 145 145
-2.14255 58.39933 -2.34138 143 143 143
-2.04441 58.40143 -2.41976 139 139 139
-1.94276 58.39984 -2.49342 142 142 142
-1.84157 58.39813 -2.56775 148 148 148
-1.73571 58.40110 -2.63528 142 142 142
-1.62966 58.40517 -2.70284 143 143 143
-1.51708 58.39619 -2.75884 148 148 148
-1.40471 58.39791 -2.81506 137 137 137
-1.28802 58.40086 -2.86166 147 147 147
-1.17172 58.40026 -2.90894 145 145 145
-1.05508 58.40245 -2.95626 143 143 143
-0.93414 58.39536 -2.99090 143 143 143
-0.81193 58.39931 -3.02040 143 143 143
-0.68991 58.40072 -3.05096 137 137 137
-0.56527 58.39545 -3.06802 142 142 142
-0.44066 58.40174 -3.08360 138 138 138
-0.31549 58.40070 -3.09290 134 134 134
-0.19050 58.39982 -3.10586 136 136 136
-0.06489 58.40043 -3.10652 138 138 138
0.06072 58.40038 -3.10556 133 133 133
0.18642 58.40141 -3.10195 136 136 136
0.31115 58.39620 -3.08587 137 137 137
0.43525 58.39977 -3.06647 137 137 137
0.56031 58.40154 -3.05184 136 136 136
0.68325 58.39970 -3.02495 141 141 141
0.80380 58.39984 -2.98888 138 138 138
0.92321 58.40090 -2.94981 144 144 144
1.04363 58.40044 -2.91351 146 146 146
1.16035 58.39940 -2.86674 131 131 131
1.27439 58.40134 -2.81386 142 142 142
1.38580 58.40255 -2.75589 139 139 139
1.49886 58.40070 -2.70103 143 143 143
1.60804 58.39989 -2.63873 147 147 147
1.71383 58.39661 -2.57080 146 146 146
1.81582 58.39926 -2.49732 151 151 151
1.91605 58.40109 -2.42156 145 145 145
2.01337 58.39956 -2.34208 148 148 148
2.10859 58.39911 -2.26001 149 149 149
2.19579 58.39797 -2.16942 141 141 141
2.28564 58.39695 -2.08156 148 148 148
2.37062 58.39780 -1.98887 148 148 148
2.44789 58.40062 -1.88967 152 152 152
2.52489 58.40407 -1.79033 153 153 153
2.59690 58.40155 -1.68730 150 150 150
2.66265 58.40180 -1.58019 156 156 156
2.73014 58.40283 -1.47404 155 155 155
2.78546 58.40402 -1.36108 160 160 160
2.84094 58.40208 -1.24836 153 153 153
2.89541 58.40060 -1.13494 160 160 160
2.94129 58.40329 -1.01779 160 160 160
2.98029 58.40077 -0.89819 157 157 157
3.01224 58.39749 -0.77659 161 161 161
3.04761 58.40097 -0.65600 162 162 162
3.07067 58.40393 -0.53245 155 155 155
3.09587 58.39770 -0.40937 165 165 165
3.11818 58.40294 -0.28549 168 168 168
3.12953 58.40444 -0.16016 168 168 168
3.12908 58.39795 -0.03424 172 172 172
3.12211 58.79554 0.09187 162 162 162
3.12251 58.80003 0.21748 167 167 167
3.11928 58.79629 0.34321 177 177 177
3.10763 58.80358 0.46847 166 166 166
3.08708 58.79660 0.59258 170 170 170
3.06230 58.79829 0.71577 170 170 170
3.03623 58.80364 0.83863 165 165 165
3.00279 58.80236 0.95969 181 181 181
2.96935 58.80345 1.08080 170 170 170
2.92699 58.79830 1.19909 178 178 178
2.88756 58.79841 1.31869 177 177 177
2.82828 58.79890 1.42995 188 188 188
2.78023 58.80301 1.54630 182 182 182
2.71488 58.80079 1.65386 180 180 180
2.65905 58.79922 1.76684 178 178 178
2.58679 58.80401 1.86992 190 190 190
2.51187 58.79693 1.97080 190 190 190
2.43609 58.80047 2.07086 190 190 190
2.36299 58.79736 2.17347 187 187 187
2.27552 58.79957 2.26397 190 190 190
2.18664 58.79808 2.35276 181 181 181
2.09984 58.80113 2.44378 187 187 187
2.00109 58.79974 2.52177 198 198 198
1.90685 58.79804 2.60488 190 190 190
1.80656 58.80237 2.68058 188 188 188
1.69917 58.80128 2.74597 195 195 195
1.59631 58.79361 2.81797 187 187 187
1.48946 58.79632 2.88406 189 189 189
1.38010 58.80457 2.94619 199 199 199
1.26458 58.79874 2.99599 195 195 195
1.14784 58.79781 3.04223 198 198 198
1.03375 58.80182 3.09522 190 190 190
0.91547 58.80145 3.13790 197 197 197
0.79538 58.79909 3.17531 199 199 199
0.67243 58.79356 3.20197 199 199 199
0.55003 58.80094 3.23031 198 198 198
0.42551 58.79621 3.24715 194 194 194
0.30072 58.80216 3.25992 196 196 196
0.17699 58.79654 3.28402 191 191 191
0.05127 58.79810 3.28620 193 193 193
-0.07424 58.79318 3.29377 195 195 195
-0.19989 58.80239 3.28979 192 192 192
-0.32519 58.79942 3.28051 189 189 189
-0.45057 58.80206 3.27149 198 198 198
-0.57438 58.79455 3.24963 191 191 191
-0.69972 58.79857 3.23639 190 190 190
-0.82193 58.80176 3.20621 199 199 199
-0.94333 58.79631 3.17344 200 200 200
-1.06166 58.79984 3.13084 191 191 191
-1.18289 58.80478 3.09700 191 191 191
-1.30118 58.79904 3.05398 197 197 197
-1.41160 58.80408 2.99283 199 199 199
-1.52841 58.80355 2.94585 185 185 185
-1.63763 58.79897 2.88352 196 196 196
-1.74615 58.79746 2.82019 192 192 192
-1.85133 58.80065 2.75147 188 188 188
-1.95318 58.79869 2.67801 190 190 190
-2.05489 58.79858 2.60432 190 190 190
-2.15466 58.80431 2.52773 187 187 187
-2.24667 58.80287 2.44200 186 186 186
-2.33944 58.79811 2.35708 192 192 192
-2.42172 58.80197 2.26187 189 189 189
-2.50721 58.79616 2.16983 183 183 183
-2.58774 58.80243 2.07336 189 189 189
-2.65963 58.79746 1.97027 181 181 181
-2.73190 58.79907 1.86767 181 181 181
-2.80197 58.79697 1.76343 179 179 179
-2.86333 58.80286 1.65384 184 184 184
-2.92586 58.80012 1.54485 180 180 180
-2.97643 58.79851 1.42980 181 181 181
-3.02838 58.80149 1.31552 173 173 173
-3.07414 58.79922 1.19860 179 179 179
-3.11375 58.80043 1.07947 172 172 172
-3.16125 58.79670 0.96250 174 174 174
-3.17888 58.80253 0.83723 176 176 176
-3.21321 58.80081 0.71626 173 173 173
-3.23022 58.79796 0.59173 169 169 169
-3.24844 58.80212 0.46757 167 167 167
-3.26906 58.79489 0.34331 174 174 174
-3.27170 58.80008 0.21750 169 169 169
-3.27748 58.79828 0.09188 172 172 172
-3.26647 58.80326 -0.03355 156 156 156
-3.27119 58.80213 -0.15973 169 169 169
-3.26068 58.79788 -0.28527 167 167 167
-3.23312 58.79869 -0.40844 167 167 167
-3.21847 58.80242 -0.53355 159 159 159
-3.18781 58.80018 -0.65563 159 159 159
-3.15904 58.79690 -0.77813 160 160 160
-3.11214 58.80163 -0.89520 164 164 164
-3.07041 58.79712 -1.01347 161 161 161
-3.03187 58.80308 -1.13321 157 157 157
-2.98306 58.79972 -1.24911 152 152 152
-2.92597 58.79706 -1.36115 151 151 151
-2.86229 58.80607 -1.46951 152 152 152
-2.80862 58.80029 -1.58376 150 150 150
-2.73562 58.80106 -1.68641 157 157 157
-2.66518 58.79527 -1.79055 148 148 148
-2.58689 58.80047 -1.88894 151 151 151
-2.51326 58.80016 -1.99125 148 148 148
-2.42411 58.79630 -2.08032 147 147 147
-2.33655 58.80241 -2.17043 148 148 148
-2.24444 58.80068 -2.25584 141 141 141
-2.14975 58.80047 -2.33824 153 153 153
-2.05445 58.79773 -2.42000 141 141 141
-1.95606 58.79920 -2.49823 148 148 148
-1.85075 58.80430 -2.56686 142 142 142
-1.74534 58.79870 -2.63511 143 143 143
-1.64240 58.79906 -2.70827 135 135 135
-1.52557 58.80043 -2.75652 139 139 139
-1.41361 58.79628 -2.81344 135 135 135
-1.29828 58.80085 -2.86321 149 149 149
-1.18163 58.80622 -2.90983 134 134 134
-1.06349 58.80004 -2.95271 149 149 149
-0.94167 58.79917 -2.98378 139 139 139
-0.82050 58.79993 -3.01654 141 141 141
-0.69848 58.80259 -3.04641 142 142 142
-0.57503 58.79702 -3.06997 142 142 142
-0.45016 58.79798 -3.08424 131 131 131
-0.32535 58.79749 -3.09878 127 127 127
-0.19989 58.80068 -3.10621 140 140 140
-0.07424 58.79624 -3.10984 139 139 139
0.05131 58.79621 -3.10370 135 135 135
0.17706 58.80046 -3.10118 141 141 141
0.30205 58.80098 -3.08738 144 144 144
0.42591 58.80054 -3.06592 142 142 142
0.55072 58.80125 -3.05000 141 141 141
0.67357 58.79834 -3.02300 144 144 144
0.79527 58.80394 -2.99119 134 134 134
0.91384 58.79910 -2.94912 144 144 144
1.03281 58.80191 -2.90890 146 146 146
1.14971 58.79641 -2.86300 145 145 145
1.26632 58.79615 -2.81603 144 144 144
1.37774 58.80224 -2.75779 141 141 141
1.49086 58.79787 -2.70282 149 149 149
1.59781 58.80031 -2.63666 148 148 148
1.70076 58.80501 -2.56460 147 147 147
1.80577 58.79863 -2.49574 142 142 142
1.90816 58.80110 -2.42279 151 151 151
2.00334 58.79637 -2.34065 150 150 150
2.09436 58.80214 -2.25411 149 149 149
2.19048 58.79725 -2.17285 156 156 156
2.27389 58.80144 -2.07871 149 149 149
2.35729 58.79896 -1.98485 153 153 153
2.43819 58.80091 -1.88877 153 153 153
2.51518 58.79920 -1.78945 156 156 156
2.58467 58.79718 -1.68476 151 151 151
2.65477 58.79868 -1.58046 152 152 152
2.72090 58.79610 -1.47348 150 150 150
2.77687 58.80210 -1.36084 156 156 156
2.82965 58.80227 -1.24684 157 157 157
2.88117 58.79788 -1.13229 156 156 156
2.92656 58.80169 -1.01518 159 159 159
2.97528 58.79960 -0.89897 165 165 165
3.00474 58.79863 -0.77649 153 153 153
3.04179 58.80017 -0.65622 156 156 156
3.06721 58.80239 -0.53300 157 157 157
3.08546 58.80019 -0.40857 166 166 166
3.10244 58.80065 -0.28411 165 165 165
3.11793 58.79988 -0.15935 173 173 173
3.12797 58.79913 -0.03394 166 166 166
3.11933 59.20367 0.09250 172 172 172
3.11089 59.20269 0.21801 165 165 165
3.10096 59.20489 0.34313 173 173 173
3.09303 59.20247 0.46847 170 170 170
3.08239 59.19737 0.59394 173 173 173
3.06108 59.20284 0.71801 178 178 178
3.02348 59.20048 0.83843 176 176 176
3.00011 59.19892 0.96218 179 179 179
2.95912 59.20266 1.08112 170 170 170
2.92123 59.20459 1.20102 173 173 173
2.86647 59.19209 1.31444 170 170 170
2.81954 59.20216 1.43085 186 186 186
2.76594 59.20463 1.54439 176 176 176
2.71074 59.19553 1.65738 181 181 181
2.64527 59.20579 1.76473 185 185 185
2.57760 59.20021 1.87063 179 179 179
2.50602 59.20252 1.97393 181 181 181
2.43274 59.20042 2.07618 188 188 188
2.35151 59.19923 2.17224 184 184 184
2.26233 59.20218 2.26101 187 187 187
2.17961 59.19842 2.35566 190 190 190
2.08793 59.20250 2.44160 184 184 184
1.99446 59.19512 2.52554 186 186 186
1.89977 59.20155 2.60834 189 189 189
1.79827 59.19732 2.68261 194 194 194
1.69424 59.19936 2.75316 191 191 191
1.58862 59.19723 2.82124 190 190 190
1.48234 59.20178 2.88860 188 188 188
1.37012 59.20000 2.94550 185 185 185
1.26047 59.20622 3.00792 193 193 193
1.14295 59.20007 3.05355 192 192 192
1.02168 59.19908 3.08837 195 195 195
0.90482 59.20133 3.13440 200 200 200
0.78460 59.19998 3.17073 193 193 193
0.66533 59.19784 3.21184 191 191 191
0.54086 59.20015 3.23166 193 193 193
0.41733 59.20263 3.25498 191 191 191
0.29307 59.19606 3.27462 196 196 196
0.16765 59.19948 3.28440 198 198 198
0.04214 59.20012 3.29173 193 193 193
-0.08355 59.20140 3.29206 197 197 197
-0.20920 59.20047 3.29034 196 196 196
-0.33493 59.20409 3.28650 202 202 202
-0.45969 59.19928 3.27041 196 196 196
-0.58430 59.20063 3.25408 196 196 196
-0.70796 59.20302 3.23158 190 190 190
-0.82943 59.20030 3.19928 197 197 197
-0.95269 59.20189 3.17423 203 203 203
-1.07042 59.19847 3.12976 198 198 198
-1.19061 59.20124 3.09332 194 194 194
-1.30863 59.20236 3.05008 193 193 193
-1.42337 59.20024 2.99879 197 197 197
-1.53570 59.19904 2.94249 191 191 191
-1.64787 59.19653 2.88578 193 193 193
-1.75368 59.20183 2.81789 190 190 190
-1.86117 59.19854 2.75288 191 191 191
-1.96383 59.20214 2.68047 191 191 191
-2.06658 59.19839 2.60796 189 189 189
-2.16193 59.19911 2.52597 193 193 193
-2.25936 59.19601 2.44627 191 191 191
-2.34431 59.20220 2.35325 190 190 190
-2.43814 59.20143 2.26906 181 181 181
-2.51535 59.20247 2.16945 184 184 184
-2.59622 59.20451 2.07332 184 184 184
-2.67329 59.20209 1.97405 187 187 187
-2.73980 59.19513 1.86735 188 188 188
-2.81149 59.20092 1.76418 185 185 185
-2.87897 59.20067 1.65801 183 183 183
-2.93240 59.19635 1.54406 181 181 181
-2.99179 59.20043 1.43321 177 177 177
-3.04296 59.20403 1.31833 181 181 181
-3.08203 59.19995 1.19870 180 180 180
-3.12970 59.20639 1.08225 182 182 182
-3.16566 59.19855 0.96174 177 177 177
-3.18884 59.19909 0.83801 171 171 171
-3.21727 59.19993 0.71583 174 174 174
-3.23949 59.19937 0.59235 175 175 175
-3.25754 59.19849 0.46817 172 172 172
-3.27626 59.19941 0.34377 169 169 169
-3.27632 59.19635 0.21794 166 166 166
-3.28344 59.19970 0.09250 169 169 169
-3.28111 59.19684 -0.03313 163 163 163
-3.27397 59.19535 -0.15859 157 157 157
-3.26097 59.19871 -0.28357 165 165 165
-3.24011 59.20156 -0.40745 163 163 163
-3.22054 59.19734 -0.53148 163 163 163
-3.19771 59.19810 -0.65514 160 160 160
-3.16483 59.19600 -0.77651 153 153 153
-3.13047 59.19996 -0.89750 156 156 156
-3.08453 59.19898 -1.01462 156 156 156
-3.03328 59.19831 -1.12931 156 156 156
-2.98837 59.20309 -1.24664 150 150 150
-2.93561 59.20272 -1.36069 156 156 156
-2.87739 59.19758 -1.47212 158 158 158
-2.81581 59.20144 -1.58183 152 152 152
-2.73897 59.20027 -1.68179 152 152 152
-2.67324 59.19447 -1.78901 153 153 153
-2.59010 59.19957 -1.88350 148 148 148
-2.51112 59.19994 -1.98084 147 147 147
-2.43277 59.19796 -2.07909 147 147 147
-2.34903 59.19909 -2.17297 143 143 143
-2.25821 59.20224 -2.26002 148 148 148
-2.16466 59.19723 -2.34416 148 148 148
-2.06591 59.20154 -2.42210 144 144 144
-1.96431 59.20039 -2.49614 145 145 145
-1.85925 59.19828 -2.56501 142 142 142
-1.75652 59.19730 -2.63753 143 143 143
-1.64888 59.20353 -2.70260 143 143 143
-1.53789 59.20385 -2.76179 142 142 142
-1.42679 59.20203 -2.82121 144 144 144
-1.30802 59.20198 -2.86363 138 138 138
-1.19070 59.19985 -2.90855 139 139 139
-1.07372 59.19869 -2.95492 140 140 140
-0.95024 59.19811 -2.98054 145 145 145
-0.83090 59.20029 -3.02042 139 139 139
-0.70830 59.20252 -3.04831 136 136 136
-0.58416 59.20357 -3.06822 134 134 134
-0.45995 59.20526 -3.08765 138 138 138
-0.33473 59.20597 -3.09898 140 140 140
-0.20919 59.19931 -3.10519 141 141 141
-0.08355 59.19762 -3.09919 144 144 144
0.04197 59.19973 -3.10222 140 140 140
0.16769 59.20196 -3.09983 141 141 141
0.29199 59.20251 -3.08043 139 139 139
0.41724 59.19674 -3.06941 145 145 145
0.54028 59.19801 -3.04374 144 144 144
0.66377 59.20450 -3.02032 140 140 140
0.78571 59.19446 -2.98969 147 147 147
0.90354 59.20296 -2.94546 142 142 142
1.02293 59.19522 -2.90676 143 143 143
1.14187 59.19560 -2.86593 154 154 154
1.25738 59.19877 -2.81621 147 147 147
1.36935 59.20163 -2.75899 149 149 149
1.48101 59.19568 -2.70124 148 148 148
1.58901 59.20098 -2.63688 145 145 145
1.69427 59.19982 -2.56820 145 145 145
1.79634 59.20294 -2.49495 148 148 148
1.89887 59.19779 -2.42219 148 148 148
1.99650 59.19926 -2.34294 148 148 148
2.08634 59.20048 -2.25488 145 145 145
2.18094 59.19563 -2.17199 143 143 143
2.26670 59.20384 -2.08005 145 145 145
2.34965 59.20300 -1.98565 148 148 148
2.42711 59.19644 -1.88675 147 147 147
2.50655 59.20485 -1.78932 155 155 155
2.57932 59.20217 -1.68678 154 154 154
2.64936 59.19769 -1.58223 155 155 155
2.70887 59.19480 -1.47133 161 161 161
2.76514 59.19805 -1.35898 155 155 155
2.82055 59.20164 -1.24631 151 151 151
2.87265 59.19944 -1.13200 147 147 147
2.91713 59.19675 -1.01451 155 155 155
2.95731 59.20107 -0.89554 160 160 160
2.99603 59.20296 -0.77603 164 164 164
3.02584 59.19920 -0.65400 161 161 161
3.06226 59.19698 -0.53324 169 169 169
3.07736 59.19346 -0.40814 168 168 168
3.09463 59.20045 -0.28366 173 173 173
3.10982 59.20159 -0.15882 171 171 171
3.11669 59.20003 -0.03324 163 163 163
3.10922 59.59491 0.09313 164 164 164
3.09955 59.60118 0.21855 167 167 167
3.09787 59.60326 0.34424 167 167 167
3.08469 59.59770 0.46921 176 176 176
3.06793 59.60445 0.59374 181 181 181
3.04725 59.60455 0.71773 174 174 174
3.02112 59.60141 0.84072 178 178 178
2.98875 59.60150 0.96222 175 175 175
2.95193 59.60040 1.08243 180 180 180
2.90770 59.59729 1.20008 173 173 173
2.86618 59.59841 1.31878 174 174 174
2.81436 59.60170 1.43335 180 180 180
2.76460 59.59897 1.54905 171 171 171
2.69845 59.60400 1.65631 175 175 175
2.63087 59.60160 1.76221 177 177 177
2.56750 59.60146 1.87070 186 186 186
2.49272 59.59801 1.97163 182 182 182
2.41897 59.59875 2.07326 183 183 183
2.34212 59.59933 2.17277 181 181 181
2.25993 59.59444 2.26799 178 178 178
2.16850 59.59999 2.35445 184 184 184
2.07890 59.59869 2.44249 192 192 192
1.98495 59.59925 2.52589 185 185 185
1.88442 59.60403 2.60124 189 189 189
1.78711 59.60154 2.68063 192 192 192
1.68384 59.60002 2.75210 195 195 195
1.57924 59.59939 2.82168 193 193 193
1.47324 59.60067 2.88953 192 192 192
1.36178 59.59735 2.94796 192 192 192
1.24733 59.60218 3.00016 197 197 197
1.13198 59.59963 3.05007 200 200 200
1.01499 59.60519 3.09600 188 188 188
0.89575 59.59820 3.13565 193 193 193
0.77606 59.59869 3.17398 188 188 188
0.65576 59.59973 3.21123 198 198 198
0.53197 59.59901 3.23419 193 193 193
0.40881 59.60434 3.26035 195 195 195
0.28345 59.60260 3.27226 188 188 188
0.15817 59.60375 3.28235 199 199 199
0.03294 59.59853 3.29417 196 196 196
-0.09283 59.59834 3.29090 198 198 198
-0.21849 59.60233 3.29159 198 198 198
-0.34378 59.60027 3.28177 198 198 198
-0.46906 59.60074 3.27187 190 190 190
-0.59375 59.59969 3.25581 198 198 198
-0.71604 59.60005 3.22622 197 197 197
-0.83834 59.60029 3.19840 191 191 191
-0.96165 59.60182 3.17374 196 196 196
-1.08140 59.60291 3.13564 193 193 193
-1.20037 59.60087 3.09525 193 193 193
-1.31738 59.59670 3.04946 195 195 195
-1.43380 59.60088 3.00192 188 188 188
-1.54613 59.60103 2.94539 188 188 188
-1.65670 59.60740 2.88563 195 195 195
-1.76115 59.60008 2.81558 188 188 188
-1.87022 59.60020 2.75318 186 186 186
-1.97057 59.59681 2.67762 188 188 188
-2.07117 59.59889 2.60264 191 191 191
-2.17034 59.59834 2.52557 190 190 190
-2.26316 59.60210 2.44098 180 180 180
-2.35801 59.60376 2.35831 194 194 194
-2.44038 59.59976 2.26318 190 190 190
-2.52607 59.60023 2.17131 182 182 182
-2.61395 59.60208 2.08062 187 187 187
-2.67865 59.60210 1.97184 190 190 190
-2.75329 59.60049 1.87079 184 184 184
-2.82293 59.59950 1.76613 182 182 182
-2.88325 59.59545 1.65584 181 181 181
-2.93847 59.60443 1.54305 183 183 183
-3.00775 59.60095 1.43692 181 181 181
-3.04712 59.59901 1.31683 184 184 184
-3.09507 59.60175 1.20071 181 181 181
-3.13259 59.59885 1.08080 171 171 171
-3.17398 59.59697 0.96210 167 167 167
-3.20346 59.60007 0.83992 179 179 179
-3.22802 59.60322 0.71675 176 176 176
-3.25306 59.60012 0.59366 164 164 164
-3.26887 59.59900 0.46903 173 173 173
-3.28301 59.60185 0.34420 170 170 170
-3.29398 59.59646 0.21890 170 170 170
-3.29316 59.59428 0.09313 164 164 164
-3.28993 59.60064 -0.03249 163 163 163
-3.28677 59.60155 -0.15824 165 165 165
-3.27696 59.59838 -0.28374 163 163 163
-3.25259 59.59924 -0.40733 167 167 167
-3.23635 59.60314 -0.53216 167 167 167
-3.20380 59.59787 -0.65375 164 164 164
-3.17154 59.59862 -0.77516 154 154 154
-3.14094 59.59705 -0.89727 168 168 168
-3.09190 59.59693 -1.01329 156 156 156
-3.05247 59.60295 -1.13280 162 162 162
-2.99744 59.60098 -1.24592 156 156 156
-2.94728 59.60039 -1.36129 152 152 152
-2.89286 59.59799 -1.47497 154 154 154
-2.81832 59.59946 -1.57706 149 149 149
-2.75765 59.59728 -1.68745 155 155 155
-2.67830 59.60157 -1.78533 158 158 158
-2.61002 59.59759 -1.89127 153 153 153
-2.52443 59.60158 -1.98366 146 146 146
-2.44119 59.59844 -2.07768 153 153 153
-2.35379 59.60047 -2.16784 152 152 152
-2.26315 59.60116 -2.25471 151 151 151
-2.16941 59.59853 -2.33824 150 150 150
-2.07496 59.60160 -2.42119 149 149 149
-1.97109 59.60216 -2.49208 150 150 150
-1.87024 59.60019 -2.56695 151 151 151
-1.76495 59.60291 -2.63553 150 150 150
-1.65634 59.60034 -2.69873 140 140 140
-1.54623 59.59984 -2.75933 145 145 145
-1.43330 59.59560 -2.81459 144 144 144
-1.31765 59.60093 -2.86386 139 139 139
-1.20072 59.59653 -2.90995 144 144 144
-1.08051 59.60163 -2.94665 135 135 135
-0.96067 59.60234 -2.98402 137 137 137
-0.83973 59.59883 -3.01796 143 143 143
-0.71753 59.59863 -3.04747 143 143 143
-0.59339 59.60089 -3.06728 136 136 136
-0.46905 59.60190 -3.08560 144 144 144
-0.34380 59.59879 -3.09583 130 130 130
-0.21845 59.59681 -3.10422 140 140 140
-0.09283 59.59955 -3.10664 134 134 134
0.03266 59.59853 -3.10081 137 137 137
0.15855 59.60018 -3.10089 138 138 138
0.28310 59.60138 -3.08306 141 141 141
0.40706 59.59985 -3.06304 139 139 139
0.53155 59.60382 -3.04583 138 138 138
0.65498 59.59741 -3.02172 132 132 132
0.77537 59.59918 -2.98528 137 137 137
0.89684 59.60088 -2.95275 150 150 150
1.01371 59.59823 -2.90626 147 147 147
1.13034 59.59554 -2.85987 140 140 140
1.24751 59.60219 -2.81430 146 146 146
1.35895 59.60113 -2.75614 143 143 143
1.47140 59.59824 -2.70001 142 142 142
1.58159 59.59903 -2.63927 141 141 141
1.68525 59.59603 -2.56795 141 141 141
1.78723 59.60089 -2.49455 147 147 147
1.88758 59.60473 -2.41901 148 148 148
1.98170 59.59920 -2.33583 139 139 139
2.07811 59.60220 -2.25538 151 151 151
2.17007 59.59309 -2.16977 145 145 145
2.25449 59.59801 -2.07671 141 141 141
2.34195 59.60433 -1.98637 148 148 148
2.42114 59.60138 -1.88873 159 159 159
2.50165 59.60024 -1.79187 148 148 148
2.56819 59.60079 -1.68491 155 155 155
2.63450 59.59938 -1.57818 158 158 158
2.69822 59.59631 -1.46994 155 155 155
2.75633 59.59631 -1.35859 149 149 149
2.81135 59.60100 -1.24572 150 150 150
2.86304 59.59989 -1.13124 158 158 158
2.90537 59.59687 -1.01297 151 151 151
2.95240 59.59885 -0.89633 156 156 156
2.98926 59.60069 -0.77611 164 164 164
3.02220 59.59940 -0.65473 157 157 157
3.04657 59.59946 -0.53134 165 165 165
3.06974 59.59835 -0.40778 163 163 163
3.08519 59.59675 -0.28302 168 168 168
3.09828 59.59790 -0.15802 168 168 168
3.10682 59.60596 -0.03259 171 171 171
3.09965 59.99579 0.09375 169 169 169
3.09825 59.99893 0.21949 174 174 174
3.08292 60.00179 0.34441 164 164 164
3.07871 59.99915 0.47022 167 167 167
3.05636 59.99844 0.59399 172 172 172
3.04269 59.99829 0.71928 168 168 168
3.00556 59.99657 0.83982 175 175 175
2.98142 59.99679 0.96338 186 186 186
2.93936 60.00208 1.08196 175 175 175
2.90053 59.99911 1.20146 182 182 182
2.85360 59.99681 1.31802 185 185 185
2.80122 59.99825 1.43217 176 176 176
2.74772 60.00310 1.54578 183 183 183
2.68609 59.99824 1.65519 177 177 177
2.62741 60.00110 1.76636 180 180 180
2.55715 60.00059 1.87057 187 187 187
2.49174 60.00088 1.97825 190 190 190
2.41228 60.00218 2.07589 175 175 175
2.33250 60.00011 2.17305 186 186 186
2.24656 59.99962 2.26478 193 193 193
2.15843 59.99618 2.35424 185 185 185
2.06724 59.99928 2.44048 193 193 193
1.97624 59.99741 2.52712 194 194 194
1.87927 60.00081 2.60704 182 182 182
1.77412 59.99945 2.67608 191 191 191
1.67653 59.99750 2.75558 191 191 191
1.57229 60.00478 2.82602 196 196 196
1.46203 59.99631 2.88663 195 195 195
1.34914 60.00081 2.94187 194 194 194
1.23511 59.99996 2.99427 195 195 195
1.12573 60.00089 3.05789 201 201 201
1.00430 59.99775 3.09265 198 198 198
0.88793 60.00199 3.14060 196 196 196
0.76730 59.99944 3.17625 204 204 204
0.64455 60.00008 3.20355 192 192 192
0.52135 59.99961 3.22780 198 198 198
0.39881 59.99955 3.25608 194 194 194
0.27312 59.99921 3.26360 193 193 193
0.14950 59.99817 3.28996 190 190 190
0.02357 60.00077 3.29098 190 190 190
-0.10205 59.99683 3.29678 190 190 190
-0.22783 59.99809 3.29512 191 191 191
-0.35327 59.99821 3.28581 187 187 187
-0.47795 59.99892 3.26973 198 198 198
-0.60309 59.99957 3.25716 197 197 197
-0.72585 59.99756 3.22981 195 195 195
-0.84921 59.99486 3.20589 195 195 195
-0.97133 59.99967 3.17598 197 197 197
-1.09192 60.00062 3.14025 192 192 192
-1.20823 59.99879 3.09218 191 191 191
-1.32677 60.00277 3.05049 192 192 192
-1.44139 59.99865 2.99901 193 193 193
-1.55493 59.99941 2.94518 188 188 188
-1.66550 60.00181 2.88549 192 192 192
-1.77686 59.99664 2.82679 193 193 193
-1.88154 59.99892 2.75695 189 189 189
-1.98369 60.00011 2.68361 196 196 196
-2.08233 59.99673 2.60572 187 187 187
-2.17997 59.99755 2.52668 190 190 190
-2.27155 60.00185 2.44070 185 185 185
-2.36694 60.00218 2.35863 191 191 191
-2.45135 59.99876 2.26542 179 179 179
-2.53602 60.00598 2.17256 191 191 191
-2.61235 60.00061 2.07271 175 175 175
-2.69284 59.99788 1.97607 181 181 181
-2.76184 59.99982 1.87096 183 183 183
-2.83269 60.00210 1.76709 182 182 182
-2.89254 60.00034 1.65650 187 187 187
-2.95152 60.00201 1.54562 183 183 183
-3.01801 59.99801 1.43802 179 179 179
-3.05726 60.00356 1.31784 183 183 183
-3.10331 59.99740 1.20097 174 174 174
-3.14033 59.99862 1.08095 179 179 179
-3.18772 59.99729 0.96400 169 169 169
-3.21767 59.99572 0.84174 171 171 171
-3.23788 60.00237 0.71751 175 175 175
-3.26093 60.00029 0.59407 166 166 166
-3.28078 60.00483 0.46998 165 165 165
-3.28639 60.00627 0.34436 162 162 162
-3.29721 59.99933 0.21929 161 161 161
-3.30374 59.99698 0.09375 165 165 165
-3.29532 60.00208 -0.03171 169 169 169
-3.28941 59.99834 -0.15710 170 170 170
-3.28036 60.00155 -0.28243 171 171 171
-3.26140 59.99943 -0.40664 157 157 157
-3.24016 59.99978 -0.53046 161 161 161
-3.21773 59.99805 -0.65426 154 154 154
-3.18379 60.00125 -0.77539 168 168 168
-3.14753 59.99965 -0.89579 167 167 167
-3.10229 59.99902 -1.01310 153 153 153
-3.06047 60.00018 -1.13167 153 153 153
-3.00447 59.99776 -1.24428 158 158 158
-2.95236 59.99958 -1.35855 153 153 153
-2.90038 60.00116 -1.47339 153 153 153
-2.82910 60.00150 -1.57739 149 149 149
-2.76425 60.00126 -1.68507 154 154 154
-2.69148 60.00201 -1.78758 154 154 154
-2.61823 60.00263 -1.88984 146 146 146
-2.53650 59.99676 -1.98547 150 150 150
-2.45395 59.99918 -2.08033 141 141 141
-2.36234 60.00252 -2.16654 146 146 146
-2.27113 59.99981 -2.25274 152 152 152
-2.18206 60.00126 -2.34163 144 144 144
-2.08234 59.99890 -2.41824 139 139 139
-1.98333 59.99820 -2.49561 147 147 147
-1.87722 59.99907 -2.56297 141 141 141
-1.77549 60.00269 -2.63705 141 141 141
-1.66782 60.00127 -2.70213 140 140 140
-1.55154 59.99972 -2.75102 143 143 143
-1.44206 59.99885 -2.81296 138 138 138
-1.32416 60.00001 -2.85668 141 141 141
-1.21120 59.99571 -2.91273 146 146 146
-1.09034 59.99920 -2.94788 146 146 146
-0.96910 60.00107 -2.98057 141 141 141
-0.84901 60.00047 -3.01755 142 142 142
-0.72692 59.99852 -3.04767 145 145 145
-0.60220 60.00281 -3.06404 139 139 139
-0.47876 59.99593 -3.08906 139 139 139
-0.35263 60.00320 -3.09020 135 135 135
-0.22768 60.00071 -3.10372 141 141 141
-0.10205 60.00053 -3.10216 138 138 138
0.02372 60.00171 -3.10740 133 133 133
0.14922 60.00377 -3.09899 135 135 135
0.27460 60.00012 -3.08857 139 139 139
0.39698 59.99824 -3.05700 136 136 136
0.52084 59.99839 -3.03774 138 138 138
0.64482 59.99955 -3.01721 132 132 132
0.76712 59.99934 -2.98811 139 139 139
0.88652 59.99752 -2.94876 140 140 140
1.00632 60.00079 -2.91063 135 135 135
1.12152 60.00200 -2.86022 136 136 136
1.23907 59.99769 -2.81537 145 145 145
1.34988 59.99675 -2.75583 150 150 150
1.46096 60.00055 -2.69722 148 148 148
1.57288 60.00034 -2.63949 141 141 141
1.67155 59.99813 -2.56064 147 147 147
1.78261 59.99892 -2.50027 151 151 151
1.88012 60.00037 -2.42062 141 141 141
1.97415 60.00235 -2.33717 153 153 153
2.07189 60.00175 -2.25801 145 145 145
2.16078 59.99955 -2.16908 146 146 146
2.24549 59.99891 -2.07630 147 147 147
2.32957 60.00116 -1.98305 151 151 151
2.41331 60.00224 -1.88920 153 153 153
2.48614 59.99857 -1.78668 145 145 145
2.55608 59.99677 -1.68236 156 156 156
2.62864 60.00139 -1.57962 149 149 149
2.68957 60.00358 -1.46963 155 155 155
2.74866 59.99378 -1.35876 149 149 149
2.80976 59.99984 -1.24861 158 158 158
2.84718 59.99984 -1.12786 162 162 162
2.90278 59.99615 -1.01479 155 155 155
2.94088 60.00225 -0.89496 155 155 155
2.97971 60.00049 -0.77540 162 162 162
3.00679 59.99869 -0.65262 153 153 153
3.04150 60.00308 -0.53154 158 158 158
3.05121 60.00349 -0.40568 160 160 160
3.07096 60.00243 -0.28180 168 168 168
3.08960 60.00098 -0.15744 158 158 158
3.09291 59.99964 -0.03178 165 165 165
3.09258 60.39988 0.09438 170 170 170
3.08586 60.39726 0.21999 171 171 171
3.07828 60.40168 0.34539 176 176 176
3.06910 60.39533 0.47079 178 178 178
3.04898 60.40300 0.59490 174 174 174
3.02225 60.40235 0.71766 172 172 172
3.00480 60.40048 0.84247 174 174 174
2.97055 60.40443 0.96353 179 179 179
2.93321 60.40192 1.08357 178 178 178
2.89443 60.39772 1.20322 175 175 175
2.84777 60.39703 1.32003 177 177 177
2.79491 60.40085 1.43412 180 180 180
2.73826 60.40423 1.54626 184 184 184
2.68531 60.39986 1.66051 181 181 181
2.61971 60.40383 1.76790 180 180 180
2.55530 60.39976 1.87609 185 185 185
2.47610 60.40100 1.97418 184 184 184
2.39977 60.39876 2.07389 187 187 187
2.32415 60.40169 2.17438 177 177 177
2.23503 60.40420 2.26323 183 183 183
2.15424 60.39780 2.35984 188 188 188
2.06210 60.40378 2.44547 189 189 189
1.97124 60.40071 2.53262 183 183 183
1.86910 60.39922 2.60640 193 193 193
1.76986 60.40290 2.68347 192 192 192
1.66919 60.40064 2.75895 191 191 191
1.56059 60.39921 2.82252 201 201 201
1.45370 60.39642 2.88874 194 194 194
1.34002 60.39831 2.94260 196 196 196
1.23016 60.40300 3.00407 185 185 185
1.11368 60.39611 3.05156 185 185 185
0.99686 60.40074 3.09796 204 204 204
0.87612 60.40213 3.13310 190 190 190
0.75718 60.39672 3.17351 189 189 189
0.63623 60.39760 3.20777 202 202 202
0.51275 60.39886 3.23132 188 188 188
0.38965 60.39915 3.25674 195 195 195
0.26550 60.40199 3.27733 187 187 187
0.13993 60.39945 3.28563 191 191 191
0.01412 60.39816 3.28449 196 196 196
-0.11122 60.40007 3.29926 189 189 189
-0.23674 60.39289 3.28886 188 188 188
-0.36240 60.40057 3.28593 187 187 187
-0.48769 60.39897 3.27513 202 202 202
-0.61180 60.39323 3.25490 195 195 195
-0.73710 60.39931 3.24089 202 202 202
-0.85856 60.39714 3.20724 186 186 186
-0.98012 60.39945 3.17524 193 193 193
-1.10050 60.40188 3.13906 191 191 191
-1.21929 60.39897 3.09791 191 191 191
-1.33663 60.39916 3.05276 196 196 196
-1.45185 60.39975 3.00243 197 197 197
-1.56278 60.40180 2.94322 198 198 198
-1.67475 60.40399 2.88626 194 194 194
-1.78089 60.40472 2.81903 191 191 191
-1.89090 60.40143 2.75784 187 187 187
-1.99138 60.40160 2.68219 193 193 193
-2.08962 60.40306 2.60395 196 196 196
-2.18950 60.40030 2.52773 189 189 189
-2.28281 60.39888 2.44358 189 189 189
-2.37368 60.40035 2.35683 188 188 188
-2.46032 60.39949 2.26586 184 184 184
-2.54759 60.39262 2.17523 189 189 189
-2.62677 60.39545 2.07747 183 183 183
-2.70020 60.39651 1.97538 179 179 179
-2.77485 60.40275 1.87415 188 188 188
-2.83803 60.39739 1.76536 186 186 186
-2.90467 60.39823 1.65878 181 181 181
-2.95954 60.39903 1.54567 176 176 176
-3.02118 60.40101 1.43588 176 176 176
-3.06477 60.39412 1.31777 175 175 175
-3.11156 60.40408 1.20126 182 182 182
-3.15870 60.39659 1.08456 178 178 178
-3.19392 60.40067 0.96379 172 172 172
-3.21938 60.39700 0.84058 171 171 171
-3.25065 60.39368 0.71885 167 167 167
-3.27725 60.39625 0.59582 174 174 174
-3.28344 60.39823 0.46983 165 165 165
-3.29864 60.40236 0.34523 170 170 170
-3.30700 60.40001 0.21994 164 164 164
-3.30775 60.39978 0.09438 163 163 163
-3.31246 60.40138 -0.03140 161 161 161
-3.29680 60.40122 -0.15633 160 160 160
-3.28603 60.40095 -0.28139 170 170 170
-3.26811 60.39993 -0.40563 168 168 168
-3.24837 60.39872 -0.52964 166 166 166
-3.23017 60.40069 -0.65442 158 158 158
-3.19062 60.40026 -0.77411 161 161 161
-3.15059 60.39705 -0.89317 152 152 152
-3.11379 60.39733 -1.01333 159 159 159
-3.06403 60.40106 -1.12872 160 160 160
-3.01369 60.39973 -1.24368 150 150 150
-2.96131 60.39618 -1.35782 155 155 155
-2.90504 60.40296 -1.47024 147 147 147
-2.84299 60.39630 -1.57965 146 146 146
-2.77258 60.40071 -1.68388 156 156 156
-2.70215 60.39676 -1.78804 149 149 149
-2.62447 60.39842 -1.88691 143 143 143
-2.54426 60.40084 -1.98363 141 141 141
-2.46484 60.39884 -2.08128 146 146 146
-2.37204 60.39728 -2.16644 149 149 149
-2.28569 60.40004 -2.25795 148 148 148
-2.18975 60.40416 -2.33927 140 140 140
-2.09413 60.39959 -2.42093 147 147 147
-1.99027 60.40145 -2.49191 143 143 143
-1.88868 60.39956 -2.56578 144 144 144
-1.78413 60.39590 -2.63555 143 143 143
-1.67543 60.39689 -2.69872 144 144 144
-1.56304 60.40216 -2.75498 143 143 143
-1.44874 60.39592 -2.80693 143 143 143
-1.33393 60.40142 -2.85750 144 144 144
-1.21622 60.40173 -2.90084 141 141 141
-1.10141 60.39923 -2.95311 145 145 145
-0.97991 60.40266 -2.98574 145 145 145
-0.85877 60.40133 -3.01937 137 137 137
-0.73600 60.39538 -3.04658 138 138 138
-0.61268 60.40201 -3.07168 140 140 140
-0.48725 60.40041 -3.08268 141 141 141
-0.36183 60.39872 -3.08994 137 137 137
-0.23671 60.40263 -3.09953 137 137 137
-0.11122 60.39586 -3.09976 138 138 138
0.01443 60.40034 -3.10378 139 139 139
0.13999 60.39478 -3.09755 139 139 139
0.26472 60.39577 -3.08196 138 138 138
0.38887 60.40295 -3.06311 141 141 141
0.51241 60.39857 -3.04087 148 148 148
0.63583 60.40233 -3.01733 138 138 138
0.75636 60.39601 -2.98185 137 137 137
0.87801 60.39598 -2.95019 141 141 141
0.99761 60.39557 -2.91124 143 143 143
1.11439 60.39928 -2.86452 138 138 138
1.23020 60.40115 -2.81539 148 148 148
1.34448 60.40412 -2.76260 149 149 149
1.44977 60.39862 -2.69299 153 153 153
1.56077 60.39976 -2.63407 144 144 144
1.66894 60.39899 -2.56983 142 142 142
1.76841 60.40279 -2.49272 152 152 152
1.87278 60.40317 -2.42233 144 144 144
1.96668 60.40314 -2.33854 148 148 148
2.06100 60.40196 -2.25552 145 145 145
2.15086 60.39790 -2.16771 150 150 150
2.23292 60.40011 -2.07253 149 149 149
2.32146 60.40239 -1.98333 150 150 150
2.40204 60.40075 -1.88692 152 152 152
2.47494 60.39966 -1.78458 154 154 154
2.54973 60.40293 -1.68362 151 151 151
2.61839 60.39682 -1.57834 152 152 152
2.67943 60.39703 -1.46847 152 152 152
2.73675 60.40114 -1.35674 157 157 157
2.79520 60.40040 -1.24551 155 155 155
2.84384 60.40121 -1.12965 162 162 162
2.89268 60.40455 -1.01382 150 150 150
2.92917 60.39935 -0.89351 161 161 161
2.97209 60.39947 -0.77521 166 166 166
3.00056 60.40154 -0.65270 162 162 162
3.03130 60.39790 -0.53071 162 162 162
3.04975 60.40395 -0.40627 161 161 161
3.06169 60.39738 -0.28116 161 161 161
3.08062 60.40010 -0.15683 169 169 169
3.08442 60.39848 -0.03118 162 162 162
3.08138 60.79966 0.09500 176 176 176
3.07360 60.80451 0.22049 171 171 171
3.06751 60.79908 0.34589 171 171 171
3.05881 60.79696 0.47128 174 174 174
3.04168 60.80098 0.59581 173 173 173
3.01913 60.79402 0.71948 178 178 178
2.99735 60.80047 0.84349 174 174 174
2.96276 60.80166 0.96452 171 171 171
2.92780 60.80035 1.08540 176 176 176
2.88040 60.80550 1.20203 174 174 174
2.83700 60.80123 1.31997 172 172 172
2.78863 60.80267 1.43605 178 178 178
2.72907 60.80380 1.54685 174 174 174
2.66895 60.80027 1.65708 181 181 181
2.61039 60.80098 1.76840 184 184 184
2.54271 60.80297 1.87440 183 183 183
2.46821 60.79925 1.97569 176 176 176
2.39413 60.80032 2.07725 181 181 181
2.31525 60.80129 2.17519 192 192 192
2.23162 60.80102 2.26913 193 193 193
2.14145 60.79954 2.35679 190 190 190
2.05489 60.80064 2.44815 186 186 186
1.96189 60.80426 2.53298 186 186 186
1.85744 60.79889 2.60380 184 184 184
1.75608 60.80208 2.67767 196 196 196
1.66022 60.79601 2.75980 187 187 187
1.54887 60.80132 2.81890 202 202 202
1.44136 60.80042 2.88361 184 184 184
1.33361 60.80149 2.94855 186 186 186
1.21989 60.80131 3.00218 193 193 193
1.10501 60.79662 3.05326 192 192 192
0.98858 60.80083 3.10086 195 195 195
0.86774 60.79901 3.13599 186 186 186
0.74872 60.80096 3.17646 194 194 194
0.62688 60.79938 3.20738 189 189 189
0.50394 60.79956 3.23345 191 191 191
0.38061 60.80019 3.25787 204 204 204
0.25580 60.79969 3.27296 196 196 196
0.13072 60.79635 3.28497 196 196 196
0.00550 60.80196 3.29795 196 196 196
-0.12034 60.79567 3.29224 198 198 198
-0.24591 60.80350 3.29101 198 198 198
-0.37162 60.80109 3.28785 198 198 198
-0.49637 60.80210 3.27203 195 195 195
-0.62100 60.80114 3.25604 191 191 191
-0.74468 60.79951 3.23376 188 188 188
-0.86754 60.79737 3.20732 197 197 197
-0.98872 60.80042 3.17406 198 198 198
-1.10864 60.79898 3.13669 191 191 191
-1.22753 60.79975 3.09616 195 195 195
-1.34651 60.80237 3.05524 188 188 188
-1.45980 60.79819 3.00050 199 199 199
-1.57227 60.80410 2.94458 193 193 193
-1.68524 60.80136 2.88933 187 187 187
-1.79062 60.79699 2.82065 190 190 190
-1.90024 60.79996 2.75881 194 194 194
-2.00025 60.80542 2.68248 193 193 193
-2.10357 60.79944 2.61072 193 193 193
-2.20040 60.80018 2.53044 183 183 183
-2.29615 60.79911 2.44877 186 186 186
-2.38427 60.80162 2.35893 186 186 186
-2.47014 60.80472 2.26713 194 194 194
-2.54741 60.80191 2.16791 185 185 185
-2.62991 60.79964 2.07338 185 185 185
-2.71145 60.79741 1.97755 182 182 182
-2.78224 60.79653 1.87362 176 176 176
-2.85158 60.80087 1.76870 177 177 177
-2.91346 60.79959 1.65922 179 179 179
-2.96623 60.79989 1.54505 183 183 183
-3.02286 60.80221 1.43308 180 180 180
-3.07668 60.79620 1.31956 176 176 176
-3.11938 60.79880 1.20141 173 173 173
-3.16055 60.79953 1.08282 179 179 179
-3.21076 60.80257 0.96659 171 171 171
-3.23206 60.79201 0.84206 180 180 180
-3.26130 60.80022 0.71978 171 171 171
-3.27658 60.79616 0.59490 169 169 169
-3.29724 60.80371 0.47101 167 167 167
-3.30499 60.80775 0.34564 173 173 173
-3.31773 60.80064 0.22063 169 169 169
-3.31740 60.79642 0.09500 170 170 170
-3.32160 60.79800 -0.03078 167 167 167
-3.30850 60.79357 -0.15591 164 164 164
-3.29909 60.79804 -0.28123 165 165 165
-3.27998 60.79929 -0.40544 161 161 161
-3.25952 60.80108 -0.52942 163 163 163
-3.23468 60.79656 -0.65269 163 163 163
-3.19551 60.79811 -0.77229 164 164 164
-3.16186 60.80187 -0.89325 151 151 151
-3.11894 60.80027 -1.01124 159 159 159
-3.07869 60.80208 -1.13039 158 158 158
-3.02621 60.79879 -1.24462 160 160 160
-2.97258 60.80271 -1.35829 153 153 153
-2.91680 60.79855 -1.47109 152 152 152
-2.84613 60.79992 -1.57537 159 159 159
-2.78062 60.80252 -1.68254 152 152 152
-2.70674 60.80130 -1.78413 151 151 151
-2.62699 60.80533 -1.88109 144 144 144
-2.55525 60.80304 -1.98461 146 146 146
-2.47487 60.79878 -2.08151 157 157 157
-2.38226 60.80011 -2.16692 152 152 152
-2.29121 60.80244 -2.25343 147 147 147
-2.19856 60.79775 -2.33829 146 146 146
-2.10206 60.80619 -2.41880 148 148 148
-2.00532 60.80147 -2.49945 143 143 143
-1.89914 60.80487 -2.56717 142 142 142
-1.79020 60.80061 -2.62997 147 147 147
-1.68254 60.79653 -2.69452 144 144 144
-1.57203 60.79922 -2.75411 139 139 139
-1.45927 60.80043 -2.80936 145 145 145
-1.34569 60.80305 -2.86325 139 139 139
-1.22596 60.79935 -2.90191 143 143 143
-1.10996 60.79979 -2.95074 141 141 141
-0.98787 60.79979 -2.98102 136 136 136
-0.86751 60.79973 -3.01717 138 138 138
-0.74362 60.79831 -3.03845 133 133 133
-0.62127 60.80177 -3.06773 136 136 136
-0.49675 60.79960 -3.08523 147 147 147
-0.37141 60.79677 -3.09513 140 140 140
-0.24580 60.79579 -3.09804 145 145 145
-0.12034 60.79898 -3.09558 144 144 144
0.00511 60.79696 -3.09795 134 134 134
0.13077 60.80048 -3.09560 142 142 142
0.25550 60.80141 -3.08047 140 140 140
0.38020 60.79766 -3.06529 135 135 135
0.50393 60.79976 -3.04342 136 136 136
0.62689 60.80081 -3.01744 136 136 136
0.74732 60.80637 -2.98149 131 131 131
0.86945 60.80488 -2.95125 136 136 136
0.98543 60.80016 -2.90231 140 140 140
1.10424 60.80147 -2.86139 142 142 142
1.22041 60.80093 -2.81332 143 143 143
1.33270 60.80122 -2.75675 142 142 142
1.44272 60.80019 -2.69604 134 134 134
1.55158 60.79885 -2.63333 142 142 142
1.65650 60.79621 -2.56423 143 143 143
1.75996 60.79653 -2.49301 139 139 139
1.86036 60.79845 -2.41750 153 153 153
1.95673 60.80167 -2.33693 146 146 146
2.05312 60.80112 -2.25624 144 144 144
2.14095 60.79714 -2.16629 150 150 150
2.22742 60.79695 -2.07524 157 157 157
2.31392 60.80303 -1.98405 156 156 156
2.39202 60.80334 -1.88559 147 147 147
2.47315 60.80109 -1.78928 147 147 147
2.54366 60.79994 -1.68503 152 152 152
2.61067 60.79924 -1.57856 162 162 162
2.67229 60.80349 -1.46895 158 158 158
2.73287 60.79867 -1.35878 151 151 151
2.78372 60.79849 -1.24379 162 162 162
2.83604 60.79897 -1.12957 161 161 161
2.88781 60.79819 -1.01476 158 158 158
2.92762 60.80344 -0.89534 161 161 161
2.95720 60.80011 -0.77296 158 158 158
2.98975 60.79451 -0.65167 161 161 161
3.01993 60.79850 -0.52964 160 160 160
3.03794 60.79886 -0.40522 168 168 168
3.05505 60.80059 -0.28083 161 161 161
3.07436 60.79818 -0.15643 172 172 172
3.07402 60.80169 -0.03051 171 171 171
3.07197 61.19968 0.09563 169 169 169
3.07299 61.20346 0.22145 171 171 171
3.05642 61.20273 0.34635 166 166 166
3.04983 61.19454 0.47191 169 169 169
3.03180 61.20007 0.59631 167 167 167
3.00967 61.20369 0.72002 169 169 169
2.97602 61.19899 0.84117 174 174 174
2.95112 61.19833 0.96442 179 179 179
2.91043 61.19921 1.08333 167 167 167
2.87068 61.19860 1.20241 175 175 175
2.82593 61.19623 1.31976 184 184 184
2.77523 61.20145 1.43468 175 175 175
2.72413 61.19880 1.54957 180 180 180
2.66083 61.19947 1.65822 182 182 182
2.60024 61.20011 1.76835 174 174 174
2.53218 61.20127 1.87403 181 181 181
2.45566 61.20202 1.97377 187 187 187
2.37826 61.19877 2.07250 191 191 191
2.30249 61.20287 2.17265 187 187 187
2.22318 61.20015 2.27032 186 186 186
2.13220 61.19947 2.35722 183 183 183
2.04314 61.20303 2.44586 191 191 191
1.94842 61.20004 2.52844 181 181 181
1.85010 61.19628 2.60660 185 185 185
1.75070 61.19621 2.68336 189 189 189
1.64562 61.19916 2.75212 190 190 190
1.54290 61.19812 2.82456 185 185 185
1.43268 61.20006 2.88491 192 192 192
1.32363 61.20061 2.94736 195 195 195
1.21399 61.20315 3.00966 197 197 197
1.09412 61.19615 3.04945 191 191 191
0.97746 61.20069 3.09589 192 192 192
0.85804 61.20340 3.13465 197 197 197
0.73835 61.20121 3.17242 189 189 189
0.61735 61.20171 3.20605 190 190 190
0.49496 61.20099 3.23446 195 195 195
0.37218 61.19747 3.26245 197 197 197
0.24708 61.19201 3.27644 201 201 201
0.12108 61.19809 3.27819 196 196 196
-0.00374 61.19942 3.29387 197 197 197
-0.12939 61.19563 3.29161 199 199 199
-0.25496 61.20052 3.29148 198 198 198
-0.38039 61.20087 3.28477 196 196 196
-0.50527 61.19853 3.27141 188 188 188
-0.62936 61.20423 3.25225 196 196 196
-0.75343 61.20315 3.23287 195 195 195
-0.87531 61.19808 3.20259 208 208 208
-0.99797 61.20127 3.17536 188 188 188
-1.11926 61.20436 3.14212 194 194 194
-1.23673 61.19720 3.09720 194 194 194
-1.35752 61.19778 3.06058 196 196 196
-1.46671 61.19572 2.99649 199 199 199
-1.58378 61.19492 2.95001 190 190 190
-1.69089 61.19797 2.88388 188 188 188
-1.80246 61.20274 2.82582 183 183 183
-1.90696 61.19877 2.75594 191 191 191
-2.00901 61.20262 2.68269 191 191 191
-2.11302 61.20266 2.61184 189 189 189
-2.20374 61.20020 2.52437 194 194 194
-2.30101 61.19768 2.44487 198 198 198
-2.39072 61.19832 2.35695 180 180 180
-2.47910 61.20441 2.26767 185 185 185
-2.56386 61.19765 2.17485 182 182 182
-2.64338 61.20277 2.07749 179 179 179
-2.71095 61.19917 1.97124 179 179 179
-2.79344 61.20141 1.87568 182 182 182
-2.86207 61.19788 1.77021 186 186 186
-2.92400 61.19502 1.66068 180 180 180
-2.97843 61.20218 1.54728 177 177 177
-3.03779 61.20078 1.43641 180 180 180
-3.08474 61.19958 1.31977 177 177 177
-3.13376 61.20284 1.20399 175 175 175
-3.17688 61.19919 1.08581 174 174 174
-3.20949 61.20053 0.96430 170 170 170
-3.24320 61.20589 0.84318 178 178 178
-3.26564 61.19771 0.71946 169 169 169
-3.29395 61.19895 0.59684 179 179 179
-3.31212 61.19680 0.47232 173 173 173
-3.32177 61.20139 0.34687 173 173 173
-3.33400 61.20178 0.22153 169 169 169
-3.32885 61.20081 0.09563 162 162 162
-3.32421 61.20124 -0.02990 164 164 164
-3.32231 61.20341 -0.15566 168 168 168
-3.30138 61.20087 -0.27980 169 169 169
-3.28937 61.19770 -0.40487 155 155 155
-3.27037 61.20210 -0.52915 161 161 161
-3.24101 61.20685 -0.65141 163 163 163
-3.20331 61.20149 -0.77131 156 156 156
-3.17429 61.20197 -0.89372 165 165 165
-3.13104 61.20116 -1.01174 160 160 160
-3.08583 61.19148 -1.12897 158 158 158
-3.03476 61.20338 -1.24376 152 152 152
-2.97961 61.19807 -1.35663 158 158 158
-2.92114 61.20236 -1.46783 157 157 157
-2.85917 61.20112 -1.57718 153 153 153
-2.79465 61.20003 -1.68524 145 145 145
-2.72070 61.19861 -1.78707 152 152 152
-2.64006 61.20132 -1.88363 153 153 153
-2.56000 61.19892 -1.98030 144 144 144
-2.47584 61.19932 -2.07340 153 153 153
-2.39607 61.20029 -2.17105 148 148 148
-2.30126 61.20422 -2.25388 154 154 154
-2.20811 61.19847 -2.33824 151 151 151
-2.10927 61.19860 -2.41584 145 145 145
-2.01243 61.20071 -2.49614 143 143 143
-1.90540 61.19974 -2.56236 140 140 140
-1.80356 61.19801 -2.63637 144 144 144
-1.69279 61.20274 -2.69601 148 148 148
-1.58268 61.19597 -2.75661 141 141 141
-1.46962 61.20344 -2.81155 137 137 137
-1.35327 61.19866 -2.85907 136 136 136
-1.23859 61.20112 -2.91097 147 147 147
-1.11930 61.19686 -2.95100 154 154 154
-0.99781 61.19958 -2.98355 141 141 141
-0.87568 61.20438 -3.01287 143 143 143
-0.75346 61.20007 -3.04178 136 136 136
-0.62935 61.19903 -3.06098 139 139 139
-0.50557 61.20121 -3.08266 139 139 139
-0.38016 61.20003 -3.09070 145 145 145
-0.25509 61.20109 -3.10362 142 142 142
-0.12939 61.20350 -3.10512 143 143 143
-0.00377 61.20131 -3.10177 142 142 142
0.12183 61.20137 -3.09651 137 137 137
0.24690 61.20371 -3.08363 132 132 132
0.37107 61.20050 -3.06419 143 143 143
0.49370 61.19710 -3.03687 136 136 136
0.61665 61.20151 -3.01186 142 142 142
0.73844 61.20256 -2.98147 137 137 137
0.85896 61.20340 -2.94622 140 140 140
0.97632 61.19999 -2.90155 133 133 133
1.09386 61.20245 -2.85758 140 140 140
1.20994 61.20181 -2.80961 145 145 145
1.32427 61.20184 -2.75735 142 142 142
1.43507 61.19941 -2.69792 144 144 144
1.54349 61.20041 -2.63427 142 142 142
1.65027 61.20261 -2.56784 147 147 147
1.75282 61.20070 -2.49502 142 142 142
1.84764 61.20044 -2.41223 150 150 150
1.94733 61.20411 -2.33591 146 146 146
2.04317 61.19467 -2.25464 149 149 149
2.13415 61.19994 -2.16792 145 145 145
2.22092 61.19834 -2.07699 150 150 150
2.30518 61.20007 -1.98370 151 151 151
2.38135 61.19860 -1.88369 157 157 157
2.46087 61.19891 -1.78631 148 148 148
2.52951 61.19600 -1.68100 157 157 157
2.59275 61.20237 -1.57251 155 155 155
2.66286 61.19999 -1.46811 152 152 152
2.72133 61.20161 -1.35689 154 154 154
2.77888 61.20074 -1.24511 157 157 157
2.82885 61.19751 -1.12972 152 152 152
2.87457 61.19732 -1.01260 165 165 165
2.91324 61.19817 -0.89299 161 161 161
2.95497 61.20370 -0.77426 157 157 157
2.97713 61.19362 -0.65018 163 163 163
3.00144 61.20113 -0.52714 167 167 167
3.03141 61.20141 -0.40500 169 169 169
3.04833 61.20299 -0.28048 168 168 168
3.05999 61.19793 -0.15538 171 171 171
3.06548 61.20156 -0.02990 165 165 165
3.06196 61.60305 0.09625 167 167 167
3.05457 61.60133 0.22170 164 164 164
3.05547 61.60658 0.34761 168 168 168
3.04107 61.59846 0.47256 173 173 173
3.02182 61.59564 0.59678 168 168 168
3.00490 61.59835 0.72149 166 166 166
2.96973 61.59664 0.84244 177 177 177
2.94433 61.59607 0.96567 180 180 180
2.90382 61.59854 1.08472 180 180 180
2.86541 61.59380 1.20441 171 171 171
2.81756 61.59433 1.32064 178 178 178
2.76662 61.59739 1.43547 180 180 180
2.71397 61.59787 1.54960 185 185 185
2.65328 61.59878 1.65966 177 177 177
2.59259 61.59795 1.76979 175 175 175
2.52132 61.60073 1.87341 178 178 178
2.44933 61.59841 1.97633 182 182 182
2.37596 61.59494 2.07840 186 186 186
2.29340 61.59929 2.17319 185 185 185
2.21314 61.59860 2.26997 177 177 177
2.12300 61.59933 2.35764 183 183 183
2.03643 61.60274 2.44895 187 187 187
1.94174 61.60248 2.53176 187 187 187
1.83921 61.60458 2.60482 189 189 189
1.74213 61.59829 2.68456 198 198 198
1.63903 61.59982 2.75634 193 193 193
1.53258 61.59894 2.82301 193 193 193
1.42544 61.59909 2.88865 196 196 196
1.31448 61.59898 2.94765 190 190 190
1.20251 61.59982 3.00486 196 196 196
1.08604 61.60082 3.05227 195 195 195
0.97056 61.60026 3.10217 199 199 199
0.85244 61.60182 3.14568 194 194 194
0.73108 61.59866 3.17913 191 191 191
0.60932 61.60360 3.21068 201 201 201
0.48549 61.60317 3.23269 198 198 198
0.36163 61.59393 3.25321 191 191 191
0.23841 61.59938 3.27976 195 195 195
0.11270 61.60661 3.28652 195 195 195
-0.01267 61.59926 3.29599 190 190 190
-0.13838 61.60114 3.30114 194 194 194
-0.26402 61.60114 3.29388 196 196 196
-0.38900 61.60299 3.28065 199 199 199
-0.51434 61.60122 3.27271 189 189 189
-0.64019 61.59908 3.26452 194 194 194
-0.76235 61.59291 3.23314 200 200 200
-0.88519 61.60017 3.20690 194 194 194
-1.00731 61.59810 3.17722 199 199 199
-1.12774 61.60350 3.14117 190 190 190
-1.24614 61.59848 3.09895 197 197 197
-1.36086 61.59865 3.04757 194 194 194
-1.47770 61.59855 3.00146 190 190 190
-1.59031 61.59845 2.94581 193 193 193
-1.70355 61.60344 2.89105 185 185 185
-1.81394 61.59624 2.83051 190 190 190
-1.91626 61.60226 2.75704 188 188 188
-2.01705 61.60171 2.68202 189 189 189
-2.11990 61.60037 2.60980 192 192 192
-2.21702 61.59970 2.53003 187 187 187
-2.31092 61.59949 2.44649 188 188 188
-2.39938 61.59497 2.35725 187 187 187
-2.48576 61.60041 2.26615 191 191 191
-2.57028 61.60231 2.17329 181 181 181
-2.64877 61.59939 2.07528 183 183 183
-2.72983 61.59848 1.97904 184 184 184
-2.79991 61.60139 1.87462 180 180 180
-2.85885 61.59914 1.76336 183 183 183
-2.93016 61.60325 1.65972 182 182 182
-2.99155 61.59357 1.55001 182 182 182
-3.04093 61.60477 1.43434 177 177 177
-3.09543 61.59912 1.32110 179 179 179
-3.13924 61.60174 1.20333 173 173 173
-3.18000 61.60124 1.08453 181 181 181
-3.21652 61.60021 0.96437 174 174 174
-3.24987 61.59664 0.84325 175 175 175
-3.27395 61.59894 0.71995 173 173 173
-3.30553 61.60146 0.59788 170 170 170
-3.31302 61.59839 0.47199 169 169 169
-3.32975 61.59822 0.34742 167 167 167
-3.34112 61.60191 0.22209 169 169 169
-3.33180 61.60111 0.09625 167 167 167
-3.33779 61.60065 -0.02946 170 170 170
-3.33423 61.60101 -0.15527 163 163 163
-3.31071 61.60189 -0.27922 174 174 174
-3.30450 61.60288 -0.40521 163 163 163
-3.27330 61.59835 -0.52732 163 163 163
-3.25270 61.59613 -0.65143 159 159 159
-3.21570 61.60353 -0.77164 159 159 159
-3.18386 61.59751 -0.89328 159 159 159
-3.14005 61.60153 -1.01112 161 161 161
-3.09176 61.60249 -1.12708 161 161 161
-3.04416 61.60381 -1.24333 164 164 164
-2.98910 61.60064 -1.35626 154 154 154
-2.92792 61.60266 -1.46597 156 156 156
-2.86439 61.60446 -1.57425 158 158 158
-2.80379 61.60053 -1.68472 149 149 149
-2.73014 61.59798 -1.78677 142 142 142
-2.65147 61.60228 -1.88491 149 149 149
-2.57017 61.59846 -1.98069 148 148 148
-2.48913 61.59998 -2.07675 154 154 154
-2.39707 61.59653 -2.16244 144 144 144
-2.30853 61.59606 -2.25140 145 145 145
-2.21287 61.60183 -2.33266 146 146 146
-2.11980 61.59967 -2.41717 150 150 150
-2.01831 61.59714 -2.49124 155 155 155
-1.91414 61.59582 -2.56136 141 141 141
-1.81225 61.59727 -2.63526 145 145 145
-1.70159 61.60074 -2.69506 151 151 151
-1.58976 61.59924 -2.75223 153 153 153
-1.47617 61.59994 -2.80564 145 145 145
-1.36149 61.59967 -2.85660 142 142 142
-1.24625 61.60163 -2.90675 145 145 145
-1.12714 61.60515 -2.94684 139 139 139
-1.00637 61.59695 -2.98139 141 141 141
-0.88475 61.59601 -3.01260 133 133 133
-0.76307 61.59672 -3.04424 140 140 140
-0.63823 61.59817 -3.05963 137 137 137
-0.51546 61.60051 -3.08967 140 140 140
-0.38930 61.59704 -3.09197 134 134 134
-0.26420 61.59867 -3.10598 128 128 128
-0.13838 61.59431 -3.10446 133 133 133
-0.01275 61.60575 -3.10145 144 144 144
0.11220 61.60103 -3.08775 146 146 146
0.23795 61.59758 -3.08338 139 139 139
0.36137 61.60077 -3.05905 137 137 137
0.48567 61.59701 -3.04106 140 140 140
0.60791 61.60032 -3.01228 143 143 143
0.73020 61.59957 -2.98352 144 144 144
0.85000 61.59869 -2.94567 140 140 140
0.97038 61.60303 -2.90920 143 143 143
1.08591 61.59841 -2.85944 139 139 139
1.20332 61.60109 -2.81414 149 149 149
1.31456 61.59837 -2.75531 143 143 143
1.42452 61.60058 -2.69451 145 145 145
1.53371 61.59968 -2.63236 138 138 138
1.63688 61.60093 -2.56062 148 148 148
1.74306 61.59823 -2.49333 150 150 150
1.84536 61.60208 -2.42011 144 144 144
1.93753 61.59401 -2.33433 143 143 143
2.03542 61.59506 -2.25535 148 148 148
2.12705 61.60307 -2.16919 145 145 145
2.21029 61.59796 -2.07484 150 150 150
2.29667 61.60145 -1.98348 142 142 142
2.38224 61.60008 -1.89085 153 153 153
2.44830 61.60079 -1.78308 148 148 148
2.52586 61.60182 -1.68394 148 148 148
2.58776 61.60135 -1.57433 158 158 158
2.65258 61.59272 -1.46677 150 150 150
2.71512 61.60323 -1.35768 157 157 157
2.76786 61.59727 -1.24355 156 156 156
2.81797 61.59953 -1.12831 158 158 158
2.86710 61.59948 -1.01253 153 153 153
2.90789 61.60055 -0.89354 162 162 162
2.94240 61.60228 -0.77262 151 151 151
2.97108 61.60161 -0.65027 164 164 164
2.99572 61.59583 -0.52716 162 162 162
3.02238 61.59814 -0.40437 162 162 162
3.04099 61.60086 -0.28005 160 160 160
3.04938 61.59919 -0.15463 167 167 167
3.06017 61.59986 -0.02942 171 171 171
3.05790 62.00169 0.09688 164 164 164
3.05148 62.00258 0.22256 167 167 167
3.04107 62.00121 0.34781 172 172 172
3.02701 61.99972 0.47258 172 172 172
3.01014 61.99899 0.59696 175 175 175
2.99148 62.00206 0.72122 173 173 173
2.96588 62.00112 0.84428 173 173 173
2.93010 61.99415 0.96479 177 177 177
2.89437 61.99775 1.08517 179 179 179
2.85309 62.00024 1.20378 175 175 175
2.80508 61.99905 1.31979 185 185 185
2.76090 62.00240 1.43757 178 178 178
2.70199 61.99853 1.54866 178 178 178
2.64063 61.99802 1.65819 182 182 182
2.58051 62.00300 1.76848 186 186 186
2.50979 62.00389 1.87229 195 195 195
2.43870 61.99985 1.97572 186 186 186
2.36642 61.99921 2.07853 182 182 182
2.29028 61.99838 2.17877 188 188 188
2.19931 62.00093 2.26606 185 185 185
2.11760 61.99936 2.36178 186 186 186
2.02213 62.00537 2.44375 192 192 192
1.92932 61.99501 2.52829 188 188 188
1.83214 62.00129 2.60778 190 190 190
1.73107 62.00178 2.68223 188 188 188
1.63107 61.99545 2.75839 184 184 184
1.52389 61.99883 2.82401 195 195 195
1.41601 62.00035 2.88836 192 192 192
1.30476 62.00319 2.94670 196 196 196
1.19100 61.99900 2.99989 197 197 197
1.07752 62.00396 3.05386 201 201 201
0.96040 61.99744 3.09944 196 196 196
0.84318 62.00033 3.14527 197 197 197
0.72195 61.99744 3.17901 195 195 195
0.59877 61.99435 3.20448 190 190 190
0.47703 62.00094 3.23558 188 188 188
0.35377 61.99779 3.26050 193 193 193
0.22955 62.00079 3.28091 200 200 200
0.10401 62.00290 3.29005 201 201 201
-0.02181 61.99468 3.29084 194 194 194
-0.14730 62.00166 3.29034 203 203 203
-0.27274 62.00153 3.28940 201 201 201
-0.39836 61.99644 3.28684 198 198 198
-0.52337 61.99843 3.27423 194 194 194
-0.64807 61.99965 3.25862 193 193 193
-0.77086 61.99967 3.23170 193 193 193
-0.89417 62.00186 3.20779 191 191 191
-1.01522 62.00025 3.17430 197 197 197
-1.13772 61.99692 3.14508 204 204 204
-1.25444 61.99732 3.09791 193 193 193
-1.36991 62.00090 3.04852 194 194 194
-1.48775 61.99392 3.00453 202 202 202
-1.59825 62.00191 2.94452 195 195 195
-1.70686 62.00016 2.88167 191 191 191
-1.81790 62.00311 2.82305 191 191 191
-1.92466 62.00448 2.75687 187 187 187
-2.02571 61.99869 2.68229 189 189 189
-2.12823 62.00096 2.60967 188 188 188
-2.22511 62.00030 2.52968 192 192 192
-2.31393 61.99888 2.44072 193 193 193
-2.40914 62.00519 2.35871 184 184 184
-2.49681 61.99672 2.26874 191 191 191
-2.58438 62.00019 2.17833 187 187 187
-2.66098 61.99833 2.07850 186 186 186
-2.73296 62.00479 1.97547 184 184 184
-2.80755 61.99850 1.87440 191 191 191
-2.88171 62.00019 1.77252 184 184 184
-2.93802 62.00016 1.65975 183 183 183
-2.99630 61.99874 1.54851 188 188 188
-3.05648 61.99840 1.43802 184 184 184
-3.09509 61.99929 1.31789 184 184 184
-3.15188 61.99769 1.20532 182 182 182
-3.19191 61.99798 1.08613 178 178 178
-3.22521 62.00170 0.96493 176 176 176
-3.25998 61.99692 0.84416 169 169 169
-3.28529 61.99383 0.72106 171 171 171
-3.30371 62.00567 0.59680 174 174 174
-3.32186 61.99874 0.47261 168 168 168
-3.33552 62.00196 0.34779 163 163 163
-3.34974 62.00241 0.22270 167 167 167
-3.34541 62.00141 0.09688 161 161 161
-3.34166 61.99901 -0.02863 162 162 162
-3.33775 61.99974 -0.15422 161 161 161
-3.32284 62.00148 -0.27897 168 168 168
-3.30674 61.99996 -0.40353 160 160 160
-3.28790 62.00074 -0.52783 159 159 159
-3.25899 62.00149 -0.65018 164 164 164
-3.22732 61.99998 -0.77178 160 160 160
-3.19285 61.99730 -0.89268 161 161 161
-3.14803 62.00302 -1.01015 158 158 158
-3.10295 61.99799 -1.12739 157 157 157
-3.05738 61.99678 -1.24469 154 154 154
-2.99838 61.99464 -1.35582 158 158 158
-2.93483 62.00351 -1.46422 145 145 145
-2.87387 61.99769 -1.57397 152 152 152
-2.80689 62.00210 -1.68020 152 152 152
-2.73732 61.99890 -1.78488 156 156 156
-2.65970 61.99900 -1.88374 150 150 150
-2.57816 61.99930 -1.97927 149 149 149
-2.49135 61.99510 -2.06994 156 156 156
-2.40541 61.99950 -2.16124 153 153 153
-2.32223 61.99617 -2.25595 146 146 146
-2.22734 62.00242 -2.33854 139 139 139
-2.12358 62.00006 -2.41002 144 144 144
-2.03082 61.99633 -2.49557 140 140 140
-1.92571 61.99762 -2.56470 141 141 141
-1.82096 62.00067 -2.63428 144 144 144
-1.71043 61.99906 -2.69430 142 142 142
-1.60476 61.99737 -2.76354 138 138 138
-1.48867 62.00163 -2.81279 142 142 142
-1.37100 62.00188 -2.85738 149 149 149
-1.25521 62.00111 -2.90625 140 140 140
-1.13736 61.99855 -2.95021 142 142 142
-1.01823 62.00251 -2.99121 138 138 138
-0.89532 61.99717 -3.01885 141 141 141
-0.77262 62.00025 -3.04683 138 138 138
-0.64844 61.99536 -3.06720 136 136 136
-0.52332 61.99782 -3.08012 141 141 141
-0.39793 62.00076 -3.08772 137 137 137
-0.27281 62.00050 -3.09748 145 145 145
-0.14730 62.00359 -3.10683 135 135 135
-0.02157 61.99623 -3.10311 139 139 139
0.10399 61.99773 -3.09604 147 147 147
0.22899 61.99701 -3.08240 133 133 133
0.35408 61.99667 -3.06870 138 138 138
0.47769 61.99585 -3.04515 141 141 141
0.60034 62.00094 -3.01728 138 138 138
0.72233 61.99937 -2.98660 145 145 145
0.84263 62.00220 -2.94982 143 143 143
0.96199 61.99603 -2.91000 145 145 145
1.07782 61.99814 -2.86082 140 140 140
1.19238 61.99861 -2.80912 139 139 139
1.30749 61.99787 -2.75831 145 145 145
1.41860 61.99842 -2.69925 143 143 143
1.52999 61.99940 -2.64022 148 148 148
1.63006 62.00371 -2.56313 149 149 149
1.73412 61.99854 -2.49268 146 146 146
1.83561 61.99558 -2.41844 143 143 143
1.93007 62.00410 -2.33542 149 149 149
2.02579 61.99322 -2.25396 144 144 144
2.11532 61.99722 -2.16575 145 145 145
2.20690 62.00144 -2.07933 149 149 149
2.28599 62.00461 -1.98135 148 148 148
2.36651 61.99350 -1.88485 148 148 148
2.43979 61.99823 -1.78275 157 157 157
2.51030 61.99865 -1.67887 153 153 153
2.57977 62.00072 -1.57428 151 151 151
2.64205 62.00268 -1.46524 150 150 150
2.70067 61.99987 -1.35424 156 156 156
2.76102 62.00484 -1.24388 161 161 161
2.80433 62.00039 -1.12573 151 151 151
2.84834 61.99769 -1.00827 159 159 159
2.88872 62.00242 -0.88959 159 159 159
2.93780 61.99893 -0.77321 165 165 165
2.95753 62.00178 -0.64853 164 164 164
2.99352 62.00577 -0.52787 170 170 170
3.01998 62.00466 -0.40477 161 161 161
3.03269 61.99961 -0.27950 167 167 167
3.04538 62.00040 -0.15439 170 170 170
3.04971 61.99620 -0.02874 159 159 159
3.04351 62.39873 0.09750 172 172 172
3.03570 62.39983 0.22291 172 172 172
3.03322 62.40061 0.34851 169 169 169
3.02195 62.39921 0.47365 170 170 170
3.00600 62.40342 0.59834 169 169 169
2.98328 62.40420 0.72197 177 177 177
2.95329 62.40470 0.84401 172 172 172
2.92626 62.39911 0.96683 172 172 172
2.87930 62.39843 1.08377 175 175 175
2.84775 62.40147 1.20570 172 172 172
2.80149 62.40277 1.32259 185 185 185
2.74935 62.40234 1.43695 178 178 178
2.69784 62.39995 1.55168 177 177 177
2.63259 62.39776 1.65927 188 188 188
2.57053 62.39957 1.76841 180 180 180
2.50616 62.39890 1.87640 184 184 184
2.43867 62.40544 1.98274 183 183 183
2.36251 62.39866 2.08305 188 188 188
2.27596 62.39997 2.17471 187 187 187
2.19454 62.40334 2.27045 178 178 178
2.10539 62.39779 2.35904 190 190 190
2.01308 62.39846 2.44415 190 190 190
1.92016 62.40303 2.52854 190 190 190
1.82304 62.39977 2.60808 192 192 192
1.72269 62.39760 2.68350 188 188 188
1.62298 62.39697 2.76015 190 190 190
1.51556 62.39968 2.82547 193 193 193
1.40573 62.40052 2.88643 191 191 191
1.29799 62.40059 2.95141 196 196 196
1.18454 62.40054 3.00567 183 183 183
1.06771 62.40089 3.05213 199 199 199
0.94999 62.40145 3.09580 190 190 190
0.83184 62.40431 3.13820 196 196 196
0.71111 62.39980 3.17255 196 196 196
0.59090 62.40206 3.20915 189 189 189
0.46790 62.39934 3.23480 191 191 191
0.34448 62.40508 3.25830 197 197 197
0.21935 62.40373 3.27007 187 187 187
0.09516 62.39824 3.29057 187 187 187
-0.03032 62.40043 3.30003 188 188 188
-0.15614 62.39984 3.29633 194 194 194
-0.28186 62.39933 3.29712 197 197 197
-0.40753 62.39983 3.29171 195 195 195
-0.53231 62.39822 3.27570 200 200 200
-0.65650 62.40077 3.25660 187 187 187
-0.78030 62.39826 3.23534 194 194 194
-0.90230 62.40032 3.20547 199 199 199
-1.02362 62.39563 3.17334 193 193 193
-1.14498 62.40131 3.14084 188 188 188
-1.26432 62.40019 3.10134 195 195 195
-1.38189 62.40567 3.05671 190 190 190
-1.49640 62.39593 3.00475 190 190 190
-1.60817 62.39993 2.94727 195 195 195
-1.72148 62.39705 2.89260 192 192 192
-1.82569 62.39938 2.82195 197 197 197
-1.93468 62.39795 2.75927 187 187 187
-2.03641 62.39800 2.68546 187 187 187
-2.13743 62.40356 2.61075 192 192 192
-2.23439 62.39779 2.53082 191 191 191
-2.33141 62.39888 2.45068 187 187 187
-2.42146 62.40235 2.36281 183 183 183
-2.50808 62.39968 2.27161 185 185 185
-2.58963 62.39909 2.17589 182 182 182
-2.66815 62.40132 2.07781 183 183 183
-2.74332 62.40323 1.97719 182 182 182
-2.81963 62.40375 1.87719 184 184 184
-2.88503 62.39962 1.76976 181 181 181
-2.95129 62.40170 1.66286 181 181 181
-3.00235 62.40453 1.54771 178 178 178
-3.06168 62.40311 1.43697 181 181 181
-3.10897 62.40549 1.32060 172 172 172
-3.16231 62.39225 1.20653 186 186 186
-3.19594 62.39858 1.08519 175 175 175
-3.23704 62.40079 0.96640 168 168 168
-3.27251 62.40250 0.84567 179 179 179
-3.29446 62.39566 0.72175 166 166 166
-3.31832 62.39445 0.59834 170 170 170
-3.33862 62.40139 0.47417 164 164 164
-3.35135 62.40008 0.34897 167 167 167
-3.34536 62.40012 0.22280 169 169 169
-3.35154 62.40208 0.09750 174 174 174
-3.34819 62.39915 -0.02792 160 160 160
-3.35028 62.40155 -0.15388 164 164 164
-3.33765 62.40243 -0.27906 164 164 164
-3.31812 62.39787 -0.40331 160 160 160
-3.29313 62.40489 -0.52649 163 163 163
-3.26743 62.39891 -0.64945 158 158 158
-3.23752 62.40103 -0.77154 152 152 152
-3.20165 62.40518 -0.89204 157 157 157
-3.15966 62.39932 -1.01055 161 161 161
-3.11067 62.40307 -1.12630 162 162 162
-3.06074 62.39997 -1.24154 155 155 155
-3.00382 62.40476 -1.35346 157 157 157
-2.94728 62.39959 -1.46561 153 153 153
-2.88117 62.40239 -1.57240 149 149 149
-2.81810 62.39526 -1.68116 147 147 147
-2.74984 62.39866 -1.78693 153 153 153
-2.67330 62.39827 -1.88687 149 149 149
-2.58589 62.39388 -1.97770 153 153 153
-2.50381 62.40098 -2.07266 149 149 149
-2.41790 62.39637 -2.16425 140 140 140
-2.32993 62.39876 -2.25409 150 150 150
-2.23748 62.39260 -2.33943 146 146 146
-2.13581 62.40252 -2.41369 146 146 146
-2.03886 62.39803 -2.49383 140 140 140
-1.93658 62.40205 -2.56712 149 149 149
-1.82873 62.40130 -2.63191 149 149 149
-1.72048 62.39888 -2.69583 141 141 141
-1.60912 62.39945 -2.75412 140 140 140
-1.49675 62.39825 -2.81051 136 136 136
-1.38207 62.40020 -2.86215 141 141 141
-1.26311 62.40244 -2.90305 138 138 138
-1.14557 62.40200 -2.94765 137 137 137
-1.02663 62.39865 -2.98899 133 133 133
-0.90339 62.39769 -3.01501 139 139 139
-0.78103 62.40321 -3.04401 139 139 139
-0.65658 62.40135 -3.06209 141 141 141
-0.53239 62.40057 -3.08137 136 136 136
-0.40698 62.39550 -3.08970 136 136 136
-0.28189 62.39838 -3.10300 139 139 139
-0.15614 62.39975 -3.09681 139 139 139
-0.03034 62.39716 -3.10444 141 141 141
0.09468 62.39705 -3.08956 135 135 135
0.21984 62.40046 -3.07919 132 132 132
0.34459 62.39803 -3.06398 141 141 141
0.46787 62.40216 -3.03963 136 136 136
0.59094 62.40101 -3.01431 142 142 142
0.71181 62.39808 -2.98004 132 132 132
0.83389 62.39501 -2.94951 140 140 140
0.95172 62.39961 -2.90550 135 135 135
1.06707 62.40045 -2.85560 133 133 133
1.18360 62.40091 -2.80862 136 136 136
1.29571 62.40154 -2.75192 145 145 145
1.40753 62.39688 -2.69464 144 144 144
1.51324 62.39548 -2.62669 144 144 144
1.62244 62.40053 -2.56434 153 153 153
1.72319 62.39882 -2.48919 149 149 149
1.82614 62.39849 -2.41702 148 148 148
1.92249 62.40004 -2.33627 139 139 139
2.01425 62.39792 -2.25042 153 153 153
2.10437 62.39678 -2.16302 150 150 150
2.19299 62.39642 -2.07401 149 149 149
2.27369 62.39975 -1.97778 154 154 154
2.35561 62.39840 -1.88261 147 147 147
2.43123 62.40121 -1.78234 145 145 145
2.50779 62.39688 -1.68248 149 149 149
2.56879 62.39801 -1.57234 148 148 148
2.63563 62.40045 -1.46597 149 149 149
2.69945 62.39804 -1.35750 157 157 157
2.74901 62.39897 -1.24180 156 156 156
2.79672 62.39898 -1.12561 159 159 159
2.85012 62.40073 -1.01157 160 160 160
2.88812 62.39376 -0.89164 151 151 151
2.91958 62.40099 -0.76994 159 159 159
2.95667 62.39829 -0.64982 166 166 166
2.98219 62.40035 -0.52675 160 160 160
3.00232 62.40059 -0.40275 156 156 156
3.02442 62.40307 -0.27894 167 167 167
3.03114 62.39723 -0.15335 166 166 166
3.03997 62.40052 -0.02808 167 167 167
3.03302 62.79910 0.09813 164 164 164
3.03128 62.79974 0.22370 163 163 163
3.03369 62.80292 0.34986 176 176 176
3.01445 62.79940 0.47443 166 166 166
2.99445 62.80040 0.59852 172 172 172
2.97162 62.80106 0.72202 177 177 177
2.94241 62.79743 0.84413 177 177 177
2.91569 62.79807 0.96694 175 175 175
2.87583 62.79822 1.08612 178 178 178
2.83477 62.79875 1.20476 172 172 172
2.79422 62.80146 1.32384 179 179 179
2.74017 62.79825 1.43738 180 180 180
2.68644 62.79948 1.55096 191 191 191
2.62209 62.79958 1.65892 184 184 184
2.56594 62.79878 1.77159 185 185 185
2.49740 62.79730 1.87702 184 184 184
2.42014 62.80096 1.97627 174 174 174
2.34833 62.80274 2.07940 186 186 186
2.26545 62.79829 2.17385 180 180 180
2.18603 62.79881 2.27131 188 188 188
2.09772 62.80212 2.36075 195 195 195
2.00605 62.80189 2.44665 182 182 182
1.91541 62.79634 2.53386 192 192 192
1.81667 62.80082 2.61174 191 191 191
1.71493 62.79878 2.68550 187 187 187
1.60728 62.80099 2.75039 198 198 198
1.50666 62.80006 2.82587 189 189 189
1.40120 62.80494 2.89461 193 193 193
1.28871 62.80001 2.95101 189 189 189
1.17601 62.80193 3.00681 186 186 186
1.05828 62.80228 3.05115 191 191 191
0.94522 62.79548 3.10727 192 192 192
0.82608 62.79251 3.14807 199 199 199
0.70365 62.79931 3.17780 196 196 196
0.58171 62.79791 3.20802 193 193 193
0.45936 62.79765 3.23651 199 199 199
0.33505 62.80077 3.25472 189 189 189
0.21112 62.79972 3.27516 191 191 191
0.08639 62.79710 3.29120 200 200 200
-0.03920 62.80021 3.29758 190 190 190
-0.16491 62.80249 3.29991 203 203 203
-0.29068 62.80022 3.29915 203 203 203
-0.41604 62.79693 3.28911 194 194 194
-0.54078 62.79603 3.27388 200 200 200
-0.66645 62.79730 3.26472 195 195 195
-0.78867 62.79971 3.23397 195 195 195
-0.91193 62.79928 3.20968 199 199 199
-1.03379 62.79782 3.17895 199 199 199
-1.15327 62.79788 3.14000 200 200 200
-1.27240 62.80035 3.10011 192 192 192
-1.39226 62.79452 3.06121 189 189 189
-1.50603 62.80259 3.00723 196 196 196
-1.61851 62.80155 2.95098 188 188 188
-1.72440 62.79687 2.88280 196 196 196
-1.83620 62.79842 2.82543 193 193 193
-1.94345 62.79536 2.75990 192 192 192
-2.04294 62.80072 2.68301 182 182 182
-2.14623 62.80240 2.61142 187 187 187
-2.24379 62.80108 2.53218 183 183 183
-2.34174 62.80203 2.45301 183 183 183
-2.43190 62.79966 2.36512 191 191 191
-2.51027 62.80089 2.26615 180 180 180
-2.59548 62.79682 2.17403 187 187 187
-2.67862 62.80176 2.07978 188 188 188
-2.75877 62.80265 1.98268 185 185 185
-2.82516 62.80186 1.87565 188 188 188
-2.89684 62.80275 1.77226 176 176 176
-2.95549 62.80368 1.66093 178 178 178
-3.01715 62.80119 1.55141 178 178 178
-3.07538 62.80063 1.43987 181 181 181
-3.12535 62.79863 1.32438 181 181 181
-3.16582 62.79775 1.20522 176 176 176
-3.21237 62.79610 1.08831 175 175 175
-3.25151 62.79873 0.96864 172 172 172
-3.27599 62.80072 0.84503 169 169 169
-3.30127 62.80048 0.72199 171 171 171
-3.32523 62.80392 0.59867 168 168 168
-3.34328 62.80010 0.47431 174 174 174
-3.35454 62.79823 0.34915 163 163 163
-3.36221 62.80114 0.22375 172 172 172
-3.35859 62.79875 0.09813 169 169 169
-3.36360 62.79870 -0.02755 163 163 163
-3.35260 62.79982 -0.15275 164 164 164
-3.34011 62.79758 -0.27769 168 168 168
-3.33170 62.80040 -0.40345 166 166 166
-3.30482 62.79737 -0.52644 167 167 167
-3.27537 62.79762 -0.64863 164 164 164
-3.24461 62.79956 -0.77044 163 163 163
-3.21385 62.80067 -0.89254 158 158 158
-3.16554 62.79982 -1.00887 148 148 148
-3.12161 62.80106 -1.12658 156 156 156
-3.06828 62.80098 -1.24035 159 159 159
-3.01636 62.80129 -1.35476 156 156 156
-2.95971 62.79994 -1.46704 153 153 153
-2.89405 62.80244 -1.57429 156 156 156
-2.82438 62.79888 -1.67888 151 151 151
-2.75217 62.80185 -1.78163 148 148 148
-2.67322 62.79804 -1.87927 147 147 147
-2.59920 62.79915 -1.98095 155 155 155
-2.51872 62.80503 -2.07771 150 150 150
-2.42342 62.80126 -2.16039 141 141 141
-2.33959 62.80240 -2.25443 146 146 146
-2.24656 62.80499 -2.33917 148 148 148
-2.14755 62.79825 -2.41684 144 144 144
-2.04518 62.80035 -2.48985 144 144 144
-1.93727 62.79854 -2.55440 140 140 140
-1.83448 62.80133 -2.62637 148 148 148
-1.72946 62.79961 -2.69558 145 145 145
-1.61907 62.80307 -2.75584 147 147 147
-1.50784 62.79959 -2.81493 140 140 140
-1.39007 62.79763 -2.85969 141 141 141
-1.27368 62.79923 -2.90734 143 143 143
-1.15401 62.80354 -2.94600 144 144 144
-1.03522 62.79896 -2.98776 142 142 142
-0.91050 62.80419 -3.00750 146 146 146
-0.78797 62.79945 -3.03424 142 142 142
-0.66486 62.79539 -3.05848 131 131 131
-0.54091 62.80522 -3.07874 137 137 137
-0.41630 62.79957 -3.09613 144 144 144
-0.29066 62.80627 -3.10252 137 137 137
-0.16491 62.79707 -3.10445 140 140 140
-0.03933 62.79829 -3.09809 138 138 138
0.08596 62.79811 -3.08948 140 140 140
0.21142 62.80379 -3.08146 137 137 137
0.33457 62.79829 -3.05545 140 140 140
0.45985 62.80154 -3.04276 138 138 138
0.58254 62.80151 -3.01523 146 146 146
0.70400 62.79992 -2.98278 142 142 142
0.82239 62.80024 -2.94048 134 134 134
0.94336 62.80134 -2.90596 142 142 142
1.05839 62.79987 -2.85517 140 140 140
1.17605 62.80446 -2.81063 140 140 140
1.28747 62.80225 -2.75232 141 141 141
1.39719 62.79532 -2.69120 149 149 149
1.50709 62.80061 -2.63033 142 142 142
1.61222 62.80136 -2.56154 145 145 145
1.71372 62.79713 -2.48759 137 137 137
1.81559 62.80114 -2.41413 150 150 150
1.91555 62.79871 -2.33777 143 143 143
2.01064 62.80273 -2.25537 143 143 143
2.10093 62.80456 -2.16771 144 144 144
2.18602 62.80085 -2.07505 142 142 142
2.26733 62.79980 -1.97920 150 150 150
2.35103 62.80109 -1.88528 152 152 152
2.42407 62.79831 -1.78288 149 149 149
2.49065 62.79635 -1.67626 156 156 156
2.56670 62.80015 -1.57581 151 151 151
2.63042 62.79749 -1.46734 157 157 157
2.68209 62.79896 -1.35249 155 155 155
2.73991 62.80182 -1.24101 157 157 157
2.79132 62.79594 -1.12639 162 162 162
2.83935 62.80106 -1.01020 164 164 164
2.87839 62.80013 -0.89070 154 154 154
2.91019 62.79852 -0.76914 156 156 156
2.94975 62.80009 -0.64964 157 157 157
2.97797 62.80134 -0.52703 164 164 164
2.99098 62.79869 -0.40172 164 164 164
3.00780 62.80504 -0.27739 169 169 169
3.02281 62.80438 -0.15275 168 168 168
3.03596 62.79713 -0.02764 165 165 165
3.03221 63.20004 0.09875 161 161 161
3.02313 63.19812 0.22435 160 160 160
3.01804 63.20031 0.34994 178 178 178
2.99681 63.20061 0.47399 175 175 175
2.98886 63.20026 0.59963 176 176 176
2.95944 63.19886 0.72195 173 173 173
2.94081 63.20531 0.84645 180 180 180
2.90336 63.19276 0.96654 180 180 180
2.86365 63.19652 1.08561 177 177 177
2.82782 63.20196 1.20603 168 168 168
2.78192 63.19546 1.32296 178 178 178
2.73305 63.19884 1.43873 181 181 181
2.68145 63.20316 1.55346 173 173 173
2.61800 63.20101 1.66212 176 176 176
2.55579 63.19631 1.77131 184 184 184
2.48746 63.19821 1.87681 185 185 185
2.41479 63.20198 1.97932 190 190 190
2.34218 63.20070 2.08202 185 185 185
2.25671 63.20476 2.17442 186 186 186
2.17754 63.19933 2.27211 187 187 187
2.08580 63.20426 2.35813 195 195 195
1.99973 63.19958 2.44983 183 183 183
1.90608 63.19468 2.53373 188 188 188
1.80422 63.19526 2.60759 185 185 185
1.70916 63.20218 2.69013 188 188 188
1.60424 63.19922 2.75946 194 194 194
1.49648 63.20171 2.82405 189 189 189
1.39036 63.19954 2.89138 197 197 197
1.27966 63.20222 2.95091 197 197 197
1.16665 63.19940 3.00595 189 189 189
1.05185 63.20058 3.05722 197 197 197
0.93136 63.19486 3.09384 189 189 189
0.81580 63.19879 3.14379 202 202 202
0.69400 63.19828 3.17500 192 192 192
0.57454 63.19921 3.21494 196 196 196
0.45064 63.19913 3.23694 205 205 205
0.32675 63.19895 3.25778 194 194 194
0.20208 63.19770 3.27277 199 199 199
0.07764 63.19861 3.29089 194 194 194
-0.04785 63.19939 3.29904 200 200 200
-0.17359 63.19817 3.29763 191 191 191
-0.29900 63.19568 3.29081 195 195 195
-0.42494 63.19893 3.29247 192 192 192
-0.54983 63.20500 3.27761 197 197 197
-0.67442 63.19925 3.26087 186 186 186
-0.79760 63.20239 3.23587 192 192 192
-0.91976 63.19798 3.20677 192 192 192
-1.04203 63.20016 3.17803 192 192 192
-1.16241 63.20022 3.14203 197 197 197
-1.28072 63.19487 3.09976 196 196 196
-1.39923 63.20107 3.05772 190 190 190
-1.51267 63.19653 3.00344 187 187 187
-1.62647 63.20171 2.95020 196 196 196
-1.73839 63.19746 2.89290 186 186 186
-1.84426 63.19812 2.82504 188 188 188
-1.95036 63.19836 2.75788 191 191 191
-2.05816 63.20063 2.69264 196 196 196
-2.15155 63.19847 2.60778 192 192 192
-2.25390 63.20143 2.53448 193 193 193
-2.34619 63.19934 2.44906 180 180 180
-2.43659 63.19675 2.36176 194 194 194
-2.52446 63.20386 2.27188 192 192 192
-2.60226 63.20603 2.17303 184 184 184
-2.68540 63.19951 2.07890 179 179 179
-2.76749 63.20143 1.98333 181 181 181
-2.83328 63.19716 1.87590 185 185 185
-2.90047 63.20097 1.76979 183 183 183
-2.96715 63.19896 1.66322 182 182 182
-3.01643 63.20387 1.54725 181 181 181
-3.08368 63.19764 1.44032 177 177 177
-3.12754 63.19816 1.32232 170 170 170
-3.17393 63.19927 1.20564 174 174 174
-3.21985 63.20172 1.08854 173 173 173
-3.25452 63.20031 0.96766 172 172 172
-3.28961 63.20181 0.84684 178 178 178
-3.30910 63.20384 0.72244 172 172 172
-3.32812 63.19576 0.59838 173 173 173
-3.35066 63.19687 0.47478 164 164 164
-3.36202 63.19804 0.34969 168 168 168
-3.37328 63.20032 0.22447 167 167 167
-3.37134 63.19849 0.09875 170 170 170
-3.37118 63.19360 -0.02688 164 164 164
-3.36884 63.19210 -0.15272 167 167 167
-3.35200 63.19582 -0.27744 160 160 160
-3.33535 63.19968 -0.40202 167 167 167
-3.31299 63.20080 -0.52572 158 158 158
-3.28845 63.19838 -0.64906 156 156 156
-3.25150 63.20123 -0.76931 156 156 156
-3.22099 63.20277 -0.89141 161 161 161
-3.16920 63.19576 -1.00639 157 157 157
-3.13238 63.20202 -1.12682 154 154 154
-3.08187 63.20005 -1.24199 153 153 153
-3.02375 63.20712 -1.35348 155 155 155
-2.96692 63.19911 -1.46559 153 153 153
-2.90216 63.19936 -1.57332 153 153 153
-2.84075 63.20316 -1.68339 145 145 145
-2.76591 63.20034 -1.78468 150 150 150
-2.68697 63.20016 -1.88264 162 162 162
-2.60822 63.19927 -1.98062 150 150 150
-2.52592 63.20170 -2.07572 146 146 146
-2.43627 63.19864 -2.16394 146 146 146
-2.34605 63.19524 -2.25141 143 143 143
-2.25198 63.20158 -2.33474 143 143 143
-2.15959 63.20337 -2.42048 145 145 145
-2.05775 63.19887 -2.49458 148 148 148
-1.94896 63.19928 -2.55828 143 143 143
-1.84278 63.19599 -2.62513 148 148 148
-1.73554 63.19893 -2.69031 145 145 145
-1.62793 63.20474 -2.75556 137 137 137
-1.51336 63.19928 -2.80744 142 142 142
-1.39649 63.19978 -2.85359 142 142 142
-1.28056 63.19756 -2.90183 133 133 133
-1.16216 63.19955 -2.94376 142 142 142
-1.04233 63.20136 -2.98157 138 138 138
-0.92026 63.20410 -3.01136 138 138 138
-0.79813 63.20298 -3.04106 140 140 140
-0.67373 63.20162 -3.05901 139 139 139
-0.55042 63.20020 -3.08506 150 150 150
-0.42522 63.20223 -3.09859 147 147 147
-0.29941 63.20346 -3.10370 137 137 137
-0.17359 63.19802 -3.10205 147 147 147
-0.04809 63.20076 -3.09538 128 128 128
0.07741 63.19698 -3.09052 137 137 137
0.20254 63.19862 -3.07917 137 137 137
0.32742 63.19624 -3.06447 140 140 140
0.45182 63.20008 -3.04537 145 145 145
0.57304 63.19772 -3.01118 141 141 141
0.69537 63.19932 -2.98233 141 141 141
0.81504 63.19780 -2.94393 149 149 149
0.93551 63.20129 -2.90759 140 140 140
1.05243 63.19838 -2.86112 146 146 146
1.16547 63.19791 -2.80589 140 140 140
1.28095 63.20268 -2.75594 139 139 139
1.39095 63.19641 -2.69494 144 144 144
1.49673 63.19861 -2.62696 144 144 144
1.60683 63.19834 -2.56584 148 148 148
1.70284 63.19343 -2.48393 139 139 139
1.80536 63.20022 -2.41153 146 146 146
1.90378 63.20123 -2.33354 150 150 150
2.00008 63.20000 -2.25271 143 143 143
2.09163 63.20257 -2.16646 148 148 148
2.17779 63.19805 -2.07484 144 144 144
2.25375 63.19750 -1.97439 149 149 149
2.34130 63.20304 -1.88383 148 148 148
2.41438 63.19980 -1.78152 150 150 150
2.48453 63.20044 -1.67735 152 152 152
2.55449 63.20035 -1.57302 155 155 155
2.61788 63.19849 -1.46454 149 149 149
2.67823 63.19918 -1.35432 158 158 158
2.73113 63.19699 -1.24034 156 156 156
2.78696 63.20092 -1.12755 157 157 157
2.83055 63.20101 -1.00953 156 156 156
2.86839 63.19793 -0.88965 164 164 164
2.90919 63.19846 -0.77068 157 157 157
2.93204 63.20076 -0.64685 168 168 168
2.96907 63.19903 -0.52636 159 159 159
2.98802 63.20006 -0.40200 159 159 159
3.00213 63.20302 -0.27712 172 172 172
3.01556 63.20233 -0.15224 167 167 167
3.02500 63.19836 -0.02692 163 163 163
3.01832 63.59886 0.09938 165 165 165
3.01453 63.59993 0.22497 166 166 166
3.00670 63.59897 0.35035 170 170 170
2.99989 63.60320 0.47600 171 171 171
2.97868 63.60194 0.60001 167 167 167
2.95303 63.59902 0.72301 172 172 172
2.93107 63.59825 0.84680 180 180 180
2.89983 63.59986 0.96859 177 177 177
2.86128 63.59753 1.08825 174 174 174
2.81822 63.60188 1.20628 171 171 171
2.76954 63.60562 1.32202 182 182 182
2.72488 63.59953 1.43955 180 180 180
2.66363 63.59642 1.54939 178 178 178
2.60859 63.59895 1.66228 188 188 188
2.54744 63.59797 1.77209 178 178 178
2.47764 63.60222 1.87661 182 182 182
2.40676 63.60498 1.98035 186 186 186
2.33131 63.59837 2.08085 186 186 186
2.25069 63.60310 2.17724 181 181 181
2.16968 63.60227 2.27341 191 191 191
2.08111 63.60206 2.36266 186 186 186
1.98824 63.60031 2.44732 191 191 191
1.89669 63.60063 2.53342 186 186 186
1.79832 63.59932 2.61162 192 192 192
1.70100 63.59534 2.69134 190 190 190
1.59602 63.60200 2.76063 188 188 188
1.48907 63.60218 2.82661 193 193 193
1.38143 63.60377 2.89140 189 189 189
1.26901 63.60137 2.94750 197 197 197
1.16059 63.60205 3.01206 194 194 194
1.04068 63.59818 3.05162 195 195 195
0.92584 63.60307 3.10278 194 194 194
0.80699 63.60064 3.14373 191 191 191
0.68630 63.60319 3.17877 191 191 191
0.56396 63.59424 3.20725 193 193 193
0.44319 63.60438 3.24331 194 194 194
0.31896 63.59825 3.26347 196 196 196
0.19379 63.59949 3.27594 189 189 189
0.06904 63.59725 3.29139 195 195 195
-0.05659 63.59871 3.29575 197 197 197
-0.18218 63.60084 3.29980 191 191 191
-0.30798 63.60394 3.30135 198 198 198
-0.43301 63.60345 3.28647 193 193 193
-0.55843 63.59455 3.27834 195 195 195
-0.68332 63.60299 3.26345 192 192 192
-0.80569 63.59919 3.23400 205 205 205
-0.93058 63.59843 3.21668 198 198 198
-1.04972 63.59874 3.17544 190 190 190
-1.17139 63.59612 3.14385 199 199 199
-1.28895 63.60603 3.09941 192 192 192
-1.40625 63.60101 3.05456 192 192 192
-1.52153 63.60346 3.00466 197 197 197
-1.63260 63.60268 2.94598 195 195 195
-1.74386 63.60125 2.88796 188 188 188
-1.85228 63.60393 2.82473 187 187 187
-1.96068 63.59812 2.76109 195 195 195
-2.06292 63.60058 2.68799 184 184 184
-2.16281 63.60169 2.61179 189 189 189
-2.26034 63.59745 2.53259 193 193 193
-2.35088 63.59906 2.44547 185 185 185
-2.44288 63.59800 2.36007 184 184 184
-2.53444 63.59748 2.27379 184 184 184
-2.62095 63.60009 2.18228 186 186 186
-2.69452 63.59967 2.07994 190 190 190
-2.76916 63.60093 1.97893 181 181 181
-2.84410 63.59813 1.87802 184 184 184
-2.90900 63.60033 1.77037 182 182 182
-2.97235 63.60021 1.66194 189 189 189
-3.03249 63.59748 1.55168 173 173 173
-3.08850 63.59881 1.43921 180 180 180
-3.12976 63.59932 1.32030 176 176 176
-3.18756 63.60133 1.20812 173 173 173
-3.22559 63.60084 1.08824 178 178 178
-3.26197 63.59900 0.96797 173 173 173
-3.29428 63.59722 0.84652 168 168 168
-3.32250 63.60060 0.72402 176 176 176
-3.34334 63.60077 0.60005 176 176 176
-3.35862 63.59855 0.47533 177 177 177
-3.37303 63.59596 0.35050 165 165 165
-3.37892 63.60114 0.22498 170 170 170
-3.37559 63.59812 0.09938 177 177 177
-3.38188 63.60341 -0.02634 169 169 169
-3.37783 63.60612 -0.15213 157 157 157
-3.35806 63.60134 -0.27652 163 163 163
-3.34381 63.60352 -0.40138 162 162 162
-3.31839 63.60184 -0.52446 159 159 159
-3.29427 63.59891 -0.64777 150 150 150
-3.25787 63.60147 -0.76806 165 165 165
-3.23373 63.60404 -0.89214 159 159 159
-3.19173 63.59610 -1.01091 163 163 163
-3.14168 63.59902 -1.12649 155 155 155
-3.09958 63.60027 -1.24556 153 153 153
-3.03350 63.60047 -1.35345 153 153 153
-2.97696 63.59947 -1.46578 153 153 153
-2.90606 63.60487 -1.56982 156 156 156
-2.83916 63.60225 -1.67597 153 153 153
-2.77299 63.60011 -1.78296 149 149 149
-2.69547 63.59631 -1.88195 147 147 147
-2.61471 63.59843 -1.97820 143 143 143
-2.52904 63.60137 -2.07004 149 149 149
-2.44325 63.59866 -2.16170 150 150 150
-2.35501 63.60097 -2.25119 147 147 147
-2.25736 63.59650 -2.33035 143 143 143
-2.16411 63.60176 -2.41470 150 150 150
-2.06301 63.60094 -2.48937 138 138 138
-1.96052 63.60080 -2.56210 138 138 138
-1.85535 63.60019 -2.63100 144 144 144
-1.74602 63.59996 -2.69307 143 143 143
-1.63788 63.60085 -2.75759 145 145 145
-1.52258 63.59223 -2.80818 142 142 142
-1.40783 63.60205 -2.85961 151 151 151
-1.29034 63.59976 -2.90443 147 147 147
-1.17061 63.59928 -2.94270 143 143 143
-1.05209 63.60096 -2.98510 140 140 140
-0.92895 63.60361 -3.01116 134 134 134
-0.80621 63.59838 -3.03783 141 141 141
-0.68118 63.60061 -3.05123 143 143 143
-0.55847 63.60306 -3.07994 138 138 138
-0.43344 63.60152 -3.09318 141 141 141
-0.30778 63.59897 -3.09740 140 140 140
-0.18218 63.59667 -3.09615 144 144 144
-0.05667 63.60049 -3.09508 138 138 138
0.06915 63.59970 -3.09407 140 140 140
0.19388 63.60323 -3.07794 135 135 135
0.31793 63.60325 -3.05820 134 134 134
0.44214 63.60622 -3.03927 141 141 141
0.56302 63.60186 -3.00458 144 144 144
0.68388 63.60048 -2.97142 134 134 134
0.80546 63.60294 -2.94026 140 140 140
0.92528 63.60239 -2.90253 142 142 142
1.04151 63.60115 -2.85487 149 149 149
1.15537 63.59562 -2.80199 136 136 136
1.26984 63.60290 -2.75037 142 142 142
1.38114 63.59898 -2.69212 146 146 146
1.49367 63.59841 -2.63536 138 138 138
1.59816 63.60459 -2.56509 140 140 140
1.70422 63.60023 -2.49703 140 140 140
1.79833 63.59787 -2.41289 151 151 151
1.89272 63.59873 -2.33001 145 145 145
1.99239 63.60166 -2.25306 142 142 142
2.08340 63.60032 -2.16620 147 147 147
2.16682 63.59969 -2.07202 150 150 150
2.25306 63.59862 -1.98051 156 156 156
2.33224 63.60301 -1.88283 150 150 150
2.41310 63.59974 -1.78620 153 153 153
2.48205 63.59919 -1.68081 153 153 153
2.54049 63.59877 -1.56908 151 151 151
2.60752 63.60057 -1.46293 151 151 151
2.66940 63.60285 -1.35357 156 156 156
2.72980 63.59931 -1.24307 155 155 155
2.77282 63.60284 -1.12463 159 159 159
2.82587 63.60184 -1.01035 163 163 163
2.86564 63.60222 -0.89092 159 159 159
2.89753 63.59489 -0.76919 162 162 162
2.92704 63.59985 -0.64708 160 160 160
2.95360 63.60108 -0.52437 159 159 159
2.97609 63.60234 -0.40085 169 169 169
2.99308 63.59997 -0.27644 165 165 165
3.01151 63.60032 -0.15197 167 167 167
3.01742 63.60480 -0.02634 172 172 172
3.00756 64.00053 0.10000 170 170 170
3.00811 63.99715 0.22568 171 171 171
3.00171 63.99688 0.35125 175 175 175
2.99264 63.99657 0.47677 171 171 171
2.97369 63.99816 0.60119 169 169 169
2.94828 64.00433 0.72438 177 177 177
2.92071 63.99594 0.84698 180 180 180
2.88740 63.99709 0.96811 187 187 187
2.84935 63.99682 1.08776 176 176 176
2.81233 63.99710 1.20787 192 192 192
2.76641 64.00048 1.32487 178 178 178
2.71245 64.00330 1.43836 181 181 181
2.66032 63.99683 1.55265 186 186 186
2.59644 63.99964 1.66086 180 180 180
2.53880 64.00010 1.77263 182 182 182
2.47282 63.99888 1.87969 181 181 181
2.39667 63.99827 1.97982 176 176 176
2.32730 64.00188 2.08501 190 190 190
2.24231 63.99942 2.17797 183 183 183
2.15850 63.99968 2.27155 192 192 192
2.07752 63.99667 2.36820 178 178 178
1.98151 64.00366 2.44986 189 189 189
1.88934 63.99608 2.53538 185 185 185
1.78856 64.00111 2.61065 180 180 180
1.68968 63.99786 2.68809 193 193 193
1.58721 63.99961 2.76079 192 192 192
1.47914 64.00535 2.82489 191 191 191
1.37381 63.99789 2.89358 191 191 191
1.26165 63.99737 2.95036 203 203 203
1.14635 64.00397 3.00023 197 197 197
1.03502 63.99695 3.05910 190 190 190
0.91654 63.99868 3.10123 191 191 191
0.79771 63.99999 3.14194 192 192 192
0.67829 64.00048 3.18113 197 197 197
0.55501 64.00082 3.20602 192 192 192
0.43365 63.99917 3.23872 187 187 187
0.31031 63.99729 3.26313 196 196 196
0.18543 64.00166 3.27773 198 198 198
0.06087 64.00409 3.29620 193 193 193
-0.06517 63.99974 3.29425 193 193 193
-0.19068 63.99770 3.29585 196 196 196
-0.31610 63.99733 3.29217 205 205 205
-0.44170 64.00120 3.28953 200 200 200
-0.56636 63.99581 3.27410 208 208 208
-0.69053 63.99874 3.25594 195 195 195
-0.81447 63.99859 3.23602 193 193 193
-0.93758 63.99424 3.21110 195 195 195
-1.06060 64.00076 3.18453 198 198 198
-1.18013 64.00056 3.14523 197 197 197
-1.29934 63.99884 3.10516 193 193 193
-1.41473 64.00004 3.05512 196 196 196
-1.53046 64.00322 3.00621 192 192 192
-1.64294 63.99876 2.95023 184 184 184
-1.75495 64.00040 2.89321 187 187 187
-1.86135 63.99852 2.82629 185 185 185
-1.97004 63.99526 2.76301 190 190 190
-2.07112 64.00123 2.68821 188 188 188
-2.17355 63.99285 2.61526 189 189 189
-2.27312 63.99864 2.53823 193 193 193
-2.36592 64.00001 2.45317 184 184 184
-2.45595 64.00040 2.36527 188 188 188
-2.54183 63.99922 2.27338 184 184 184
-2.62625 64.00388 2.18018 184 184 184
-2.70323 64.00357 2.08074 187 187 187
-2.77877 63.99984 1.98036 185 185 185
-2.85169 64.00337 1.87803 184 184 184
-2.92580 64.00216 1.77609 180 180 180
-2.98554 64.00185 1.66520 181 181 181
-3.03954 63.99712 1.55157 171 171 171
-3.09802 64.00061 1.44030 182 182 182
-3.14870 63.99830 1.32525 172 172 172
-3.19621 63.99794 1.20880 176 176 176
-3.23636 63.99546 1.08960 180 180 180
-3.27448 64.00045 0.96972 172 172 172
-3.30363 63.99946 0.84735 181 181 181
-3.33141 64.00050 0.72473 172 172 172
-3.35557 64.00077 0.60127 167 167 167
-3.37407 64.00223 0.47678 162 162 162
-3.37487 64.00337 0.35060 164 164 164
-3.38741 64.00418 0.22560 164 164 164
-3.39223 64.00000 0.10000 167 167 167
-3.38408 63.99658 -0.02547 166 166 166
-3.38343 64.00077 -0.15128 163 163 163
-3.36872 64.00012 -0.27615 169 169 169
-3.34528 64.00262 -0.39964 164 164 164
-3.32928 64.00458 -0.52431 152 152 152
-3.30036 64.00433 -0.64657 160 160 160
-3.27537 64.00060 -0.76997 159 159 159
-3.23350 63.99792 -0.88867 166 166 166
-3.19895 64.00011 -1.00981 159 159 159
-3.14760 63.99532 -1.12480 158 158 158
-3.09695 64.00385 -1.23981 148 148 148
-3.04262 63.99867 -1.35314 153 153 153
-2.98386 64.00375 -1.46426 156 156 156
-2.91991 63.99793 -1.57248 155 155 155
-2.84946 64.00367 -1.67654 157 157 157
-2.78118 63.99422 -1.78211 148 148 148
-2.70168 63.99782 -1.87951 151 151 151
-2.62551 64.00051 -1.97955 149 149 149
-2.53912 64.00166 -2.07088 140 140 140
-2.45371 63.99984 -2.16303 153 153 153
-2.36035 63.99929 -2.24714 150 150 150
-2.26912 63.99836 -2.33355 143 143 143
-2.17459 64.00220 -2.41659 155 155 155
-2.06992 63.99700 -2.48656 141 141 141
-1.96836 64.00144 -2.56049 142 142 142
-1.86352 63.99964 -2.62984 142 142 142
-1.75386 63.99800 -2.69127 143 143 143
-1.64316 64.00076 -2.75066 139 139 139
-1.52971 64.00339 -2.80459 146 146 146
-1.41536 64.00249 -2.85665 143 143 143
-1.29762 63.99860 -2.90050 142 142 142
-1.17968 64.00134 -2.94385 140 140 140
-1.06016 63.99732 -2.98295 139 139 139
-0.93822 64.00367 -3.01373 138 138 138
-0.81558 63.99706 -3.04161 142 142 142
-0.69167 63.99997 -3.06314 146 146 146
-0.56704 63.99858 -3.07992 145 145 145
-0.44167 63.99524 -3.08921 136 136 136
-0.31650 64.00183 -3.10247 141 141 141
-0.19068 64.00117 -3.09992 140 140 140
-0.06510 63.99926 -3.09624 140 140 140
0.06072 64.00232 -3.09431 132 132 132
0.18562 63.99868 -3.07929 136 136 136
0.30915 63.99730 -3.05579 137 137 137
0.43324 64.00274 -3.03665 139 139 139
0.55776 64.00094 -3.01745 142 142 142
0.67730 64.00049 -2.97760 143 143 143
0.79811 63.99712 -2.94317 138 138 138
0.91864 64.00039 -2.90694 141 141 141
1.03422 63.99625 -2.85717 143 143 143
1.15109 64.00044 -2.81052 133 133 133
1.25995 63.99857 -2.74701 148 148 148
1.37359 63.99774 -2.69319 146 146 146
1.47923 63.99910 -2.62505 138 138 138
1.58315 63.99989 -2.55472 146 146 146
1.69085 63.99776 -2.48970 148 148 148
1.78689 64.00096 -2.40853 138 138 138
1.88587 63.99686 -2.33132 145 145 145
1.98709 63.99906 -2.25589 147 147 147
2.07089 64.00138 -2.16157 152 152 152
2.15493 63.99875 -2.06825 157 157 157
2.24258 64.00003 -1.97819 152 152 152
2.32059 64.00278 -1.87972 145 145 145
2.39455 63.99485 -1.77827 151 151 151
2.47338 63.99967 -1.68007 153 153 153
2.53937 64.00053 -1.57297 163 163 163
2.59960 63.99996 -1.46263 153 153 153
2.66246 63.99941 -1.35375 150 150 150
2.70866 63.99964 -1.23661 153 153 153
2.76394 63.99738 -1.12384 150 150 150
2.81029 63.99725 -1.00711 161 161 161
2.85241 64.00027 -0.88876 160 160 160
2.89255 64.00508 -0.76956 152 152 152
2.92339 64.00091 -0.64762 167 167 167
2.94596 64.00056 -0.52392 164 164 164
2.97110 64.00087 -0.40078 160 160 160
2.98026 63.99836 -0.27530 165 165 165
2.99994 64.00368 -0.15111 168 168 168
3.00935 64.00368 -0.02573 170 170 170
