3.19942 -0.00151 0.00000 164 164 164
3.19774 0.00267 0.12564 170 170 170
3.18973 0.00119 0.25104 171 171 171
3.17580 -0.00116 0.37588 161 161 161
3.15953 0.00108 0.50042 179 179 179
3.13478 0.00130 0.62355 172 172 172
3.10906 0.00160 0.74642 176 176 176
3.07994 -0.00260 0.86863 183 183 183
3.03902 0.00350 0.98744 172 172 172
3.00340 -0.00313 1.10801 179 179 179
2.96092 0.00259 1.22645 182 182 182
2.90975 0.00149 1.34141 182 182 182
2.84653 0.00508 1.45038 178 178 178
2.79238 -0.00330 1.56381 182 182 182
2.72699 0.00340 1.67110 180 180 180
2.65953 -0.00271 1.77704 184 184 184
2.58631 0.00393 1.87906 185 185 185
2.51474 0.00116 1.98246 188 188 188
2.43402 -0.00100 2.07885 175 175 175
2.35337 0.00509 2.17543 185 185 185
2.26040 0.00194 2.26039 189 189 189
2.17095 0.00039 2.34852 194 194 194
2.07367 -0.00226 2.42795 185 185 185
1.98182 0.00460 2.51392 188 188 188
1.88100 -0.00402 2.58897 189 189 189
1.77602 0.00189 2.65800 189 189 189
1.67089 0.00427 2.72664 201 201 201
1.56219 -0.00091 2.78949 191 191 191
1.45313 0.00076 2.85192 188 188 188
1.33804 -0.00023 2.90244 196 196 196
1.22254 0.00111 2.95147 197 197 197
1.10710 -0.00205 3.00093 200 200 200
0.98984 0.00397 3.04641 200 200 200
0.86920 0.00091 3.08194 195 195 195
0.74604 -0.00415 3.10747 190 190 190
0.62367 0.00204 3.13541 187 187 187
0.50094 0.00040 3.16283 198 198 198
0.37569 -0.00366 3.17415 188 188 188
0.25100 0.00164 3.18928 191 191 191
0.12575 -0.00195 3.20066 195 195 195
0.00000 -0.00124 3.19987 187 187 187
-0.12548 -0.00085 3.19359 195 195 195
-0.25126 0.00046 3.19254 198 198 198
-0.37558 0.00121 3.17326 199 199 199
-0.50049 -0.00493 3.15996 193 193 193
-0.62416 -0.00052 3.13785 192 192 192
-0.74523 0.00128 3.10412 196 196 196
-0.86852 0.00340 3.07953 193 193 193
-0.98728 0.00238 3.03854 195 195 195
-1.10943 0.00168 3.00723 191 191 191
-1.22631 0.00125 2.96057 197 197 197
-1.34030 0.00030 2.90734 191 191 191
-1.45320 -0.00114 2.85205 192 192 192
-1.56254 0.00382 2.79011 191 191 191
-1.67439 0.00293 2.73235 186 186 186
-1.77445 0.00113 2.65565 193 193 193
-1.88232 -0.00120 2.59078 188 188 188
-1.97841 0.00368 2.50960 193 193 193
-2.07688 -0.00131 2.43171 195 195 195
-2.17190 0.00283 2.34955 186 186 186
-2.26339 -0.00116 2.26339 192 192 192
-2.35194 0.00048 2.17411 183 183 183
-2.43343 0.00199 2.07834 177 177 177
-2.51441 -0.00036 1.98220 184 184 184
-2.58834 0.00200 1.88054 191 191 191
-2.66276 -0.00569 1.77920 175 175 175
-2.72968 -0.00084 1.67275 181 181 181
-2.78954 0.00023 1.56221 180 180 180
-2.84823 -0.00010 1.45124 183 183 183
-2.90318 0.00117 1.33838 185 185 185
-2.95156 -0.00294 1.22258 176 176 176
-3.00597 -0.00275 1.10896 176 176 176
-3.04275 0.00298 0.98865 168 168 168
-3.07602 -0.00538 0.86753 180 180 180
-3.11082 -0.00000 0.74684 173 173 173
-3.13983 -0.00166 0.62455 176 176 176
-3.15731 0.00191 0.50007 169 169 169
-3.17623 -0.00154 0.37593 181 181 181
-3.18663 0.00166 0.25079 167 167 167
-3.20253 0.00226 0.12583 161 161 161
-3.20012 0.00034 0.00000 169 169 169
-3.18864 0.00000 -0.12528 167 167 167
-3.18304 0.00345 -0.25051 160 160 160
-3.17079 -0.00500 -0.37529 162 162 162
-3.16052 0.00063 -0.50058 151 151 151
-3.13621 0.00193 -0.62383 163 163 163
-3.11474 0.00424 -0.74778 168 168 168
-3.07839 -0.00421 -0.86820 158 158 158
-3.04695 -0.00209 -0.99001 159 159 159
-2.99864 -0.00521 -1.10626 160 160 160
-2.96016 0.00216 -1.22614 163 163 163
-2.90930 -0.00335 -1.34121 159 159 159
-2.85462 -0.00087 -1.45450 159 159 159
-2.78914 0.00361 -1.56199 156 156 156
-2.73324 0.00026 -1.67493 157 157 157
-2.65851 -0.00347 -1.77636 154 154 154
-2.58765 0.00277 -1.88004 157 157 157
-2.51262 -0.00140 -1.98079 146 146 146
-2.43412 -0.00143 -2.07894 137 137 137
-2.35049 0.00093 -2.17278 144 144 144
-2.26549 -0.00149 -2.26549 143 143 143
-2.17787 0.00089 -2.35601 141 141 141
-2.07490 -0.00613 -2.42940 148 148 148
-1.97848 -0.00096 -2.50970 140 140 140
-1.88128 0.00260 -2.58936 152 152 152
-1.77836 -0.00216 -2.66151 150 150 150
-1.67273 0.00222 -2.72964 140 140 140
-1.56461 0.00124 -2.79381 145 145 145
-1.45108 0.00177 -2.84790 141 141 141
-1.33764 0.00256 -2.90157 148 148 148
-1.22556 -0.00049 -2.95878 140 140 140
-1.10607 -0.00246 -2.99814 141 141 141
-0.99049 -0.00438 -3.04841 137 137 137
-0.87044 -0.00269 -3.08635 144 144 144
-0.74625 0.00160 -3.10835 144 144 144
-0.62481 -0.00603 -3.14116 140 140 140
-0.50097 -0.00145 -3.16303 129 129 129
-0.37635 0.00133 -3.17975 140 140 140
-0.25104 -0.00155 -3.18974 134 134 134
-0.12561 -0.00106 -3.19709 137 137 137
-0.00000 -0.00111 -3.19358 142 142 142
0.12575 0.00252 -3.20057 144 144 144
0.25135 -0.00415 -3.19364 143 143 143
0.37578 -0.00098 -3.17491 130 130 130
0.50099 0.00557 -3.16313 140 140 140
0.62441 0.00307 -3.13912 138 138 138
0.74813 -0.00151 -3.11620 143 143 143
0.86905 -0.00451 -3.08143 141 141 141
0.98946 -0.00413 -3.04526 141 141 141
1.10830 -0.00017 -3.00418 143 143 143
1.22373 -0.00482 -2.95435 146 146 146
1.33900 0.00398 -2.90451 145 145 145
1.45296 0.00382 -2.85159 145 145 145
1.56521 -0.00403 -2.79489 137 137 137
1.67174 0.00052 -2.72803 143 143 143
1.77799 0.00164 -2.66096 139 139 139
1.88178 -0.00033 -2.59005 141 141 141
1.98333 0.00239 -2.51584 137 137 137
2.07772 0.00231 -2.43270 144 144 144
2.16858 0.00571 -2.34595 145 145 145
2.26806 0.00013 -2.26806 148 148 148
2.35219 0.00066 -2.17434 147 147 147
2.43620 -0.00637 -2.08071 149 149 149
2.51129 -0.00140 -1.97975 156 156 156
2.59050 -0.00273 -1.88211 139 139 139
2.65821 0.00146 -1.77616 155 155 155
2.72276 0.00163 -1.66851 154 154 154
2.79424 0.00234 -1.56485 156 156 156
2.84611 -0.00029 -1.45017 159 159 159
2.90081 -0.00006 -1.33729 158 158 158
2.95251 -0.00566 -1.22297 160 160 160
3.00854 0.00412 -1.10991 154 154 154
3.04969 0.00532 -0.99091 156 156 156
3.08079 0.00310 -0.86887 158 158 158
3.11132 0.00274 -0.74696 158 158 158
3.13277 -0.00319 -0.62315 158 158 158
3.16406 -0.00168 -0.50114 163 163 163
3.17351 -0.00144 -0.37561 156 156 156
3.18571 -0.00609 -0.25072 168 168 168
3.19578 0.00049 -0.12556 171 171 171
3.21077 0.40022 0.00063 168 168 168
3.21067 0.39679 0.12640 174 174 174
3.20261 0.39998 0.25193 168 168 168
3.18675 0.39952 0.37668 168 168 168
3.17187 0.39936 0.50150 171 171 171
3.14188 0.39668 0.62370 178 178 178
3.11953 0.39896 0.74728 174 174 174
3.08614 0.40378 0.86833 179 179 179
3.04780 0.39924 0.98783 178 178 178
3.01073 0.39953 1.10784 173 173 173
2.96358 0.39676 1.22425 181 181 181
2.91636 0.40066 1.34071 179 179 179
2.85739 0.40177 1.45171 184 184 184
2.80246 0.40128 1.56477 186 186 186
2.73785 0.39974 1.67257 184 184 184
2.67174 0.40436 1.77949 177 177 177
2.60341 0.40121 1.88522 184 184 184
2.51832 0.40310 1.97843 184 184 184
2.43945 0.39595 2.07601 187 187 187
2.35548 0.40039 2.16924 186 186 186
2.26829 0.40498 2.25943 183 183 183
2.18229 0.40069 2.35116 188 188 188
2.08804 0.40026 2.43430 188 188 188
1.98915 0.40318 2.51181 194 194 194
1.89105 0.39681 2.59038 190 190 190
1.78705 0.39755 2.66093 191 191 191
1.67955 0.40223 2.72592 192 192 192
1.57404 0.40108 2.79434 201 201 201
1.46267 0.40372 2.85265 192 192 192
1.34657 0.39831 2.90099 185 185 185
1.23495 0.39967 2.95916 192 192 192
1.11730 0.40661 3.00349 200 200 200
0.99694 0.39958 3.03970 200 200 200
0.87611 0.39735 3.07345 196 196 196
0.75582 0.39604 3.10936 194 194 194
0.63505 0.39814 3.14555 195 195 195
0.51029 0.39575 3.16258 188 188 188
0.38559 0.39758 3.17834 200 200 200
0.26071 0.39938 3.19270 197 197 197
0.13497 0.39719 3.19440 187 187 187
0.00948 0.39924 3.19641 195 195 195
-0.11634 0.40271 3.20314 191 191 191
-0.24160 0.39870 3.19089 199 199 199
-0.36637 0.39865 3.17617 200 200 200
-0.49136 0.39473 3.16281 191 191 191
-0.61523 0.40285 3.14125 199 199 199
-0.73783 0.39957 3.11340 196 196 196
-0.85793 0.40248 3.07623 194 194 194
-0.97925 0.39929 3.04362 188 188 188
-1.09598 0.40399 2.99711 193 193 193
-1.21367 0.39972 2.95357 196 196 196
-1.33036 0.39790 2.90696 203 203 203
-1.44300 0.39693 2.85128 193 193 193
-1.55674 0.40050 2.79731 195 195 195
-1.66609 0.40174 2.73491 200 200 200
-1.76568 0.40307 2.65734 189 189 189
-1.87272 0.39712 2.59125 191 191 191
-1.97298 0.39886 2.51536 187 187 187
-2.06501 0.40036 2.42954 194 194 194
-2.15874 0.39569 2.34620 197 197 197
-2.25334 0.39656 2.26345 187 187 187
-2.34059 0.40627 2.17301 185 185 185
-2.42089 0.40153 2.07636 191 191 191
-2.50423 0.40141 1.98228 184 184 184
-2.58191 0.39777 1.88338 181 181 181
-2.65203 0.40313 1.77899 177 177 177
-2.71749 0.40077 1.67171 183 183 183
-2.78070 0.39848 1.56320 184 184 184
-2.84387 0.39974 1.45448 177 177 177
-2.89123 0.39928 1.33787 178 178 178
-2.94911 0.39824 1.22611 184 184 184
-2.99141 0.39598 1.10771 179 179 179
-3.03640 0.39636 0.99029 169 169 169
-3.06996 0.40356 0.86912 171 171 171
-3.09889 0.39941 0.74688 175 175 175
-3.12598 0.39741 0.62431 166 166 166
-3.15071 0.40291 0.50115 165 165 165
-3.16447 0.40392 0.37629 169 169 169
-3.18359 0.39607 0.25192 171 171 171
-3.18249 0.39650 0.12604 175 175 175
-3.19784 0.39780 0.00063 171 171 171
-3.19467 0.40066 -0.12527 167 167 167
-3.18347 0.40078 -0.25067 167 167 167
-3.17040 0.40143 -0.37574 160 160 160
-3.15124 0.40065 -0.49999 161 161 161
-3.12882 0.40402 -0.62362 160 160 160
-3.10588 0.39874 -0.74731 161 161 161
-3.06792 0.39715 -0.86729 163 163 163
-3.03960 0.39933 -0.99008 164 164 164
-2.99873 0.39488 -1.10917 160 160 160
-2.94874 0.40130 -1.22471 161 161 161
-2.89022 0.39828 -1.33616 157 157 157
-2.84209 0.39420 -1.45233 156 156 156
-2.78667 0.39934 -1.56530 157 157 157
-2.71320 0.39835 -1.66784 154 154 154
-2.65586 0.40045 -1.78030 149 149 149
-2.58078 0.40140 -1.88131 147 147 147
-2.50230 0.40125 -1.97951 144 144 144
-2.42405 0.39916 -2.07781 156 156 156
-2.33861 0.39926 -2.16993 144 144 144
-2.25282 0.40234 -2.26169 157 157 157
-2.16358 0.39991 -2.35018 152 152 152
-2.06676 0.40127 -2.43035 146 146 146
-1.97432 0.39893 -2.51582 146 146 146
-1.86725 0.39864 -2.58248 148 148 148
-1.76689 0.39978 -2.65791 147 147 147
-1.66541 0.40077 -2.73256 147 147 147
-1.55813 0.39818 -2.79855 144 144 144
-1.44311 0.40288 -2.85024 141 141 141
-1.33016 0.39547 -2.90530 141 141 141
-1.21723 0.40262 -2.96093 145 145 145
-1.09696 0.40472 -2.99851 136 136 136
-0.97972 0.40418 -3.04384 138 138 138
-0.86130 0.39853 -3.08693 141 141 141
-0.73855 0.40451 -3.11517 146 146 146
-0.61383 0.40113 -3.13299 145 145 145
-0.49164 0.39981 -3.16335 136 136 136
-0.36676 0.39548 -3.17823 137 137 137
-0.24115 0.39774 -3.18395 142 142 142
-0.11624 0.39898 -3.19933 144 144 144
0.00948 0.39782 -3.19634 145 145 145
0.13519 0.40061 -3.19888 134 134 134
0.26041 0.40284 -3.18770 140 140 140
0.38599 0.39967 -3.18051 137 137 137
0.51033 0.39659 -3.16163 138 138 138
0.63447 0.39907 -3.14142 138 138 138
0.75591 0.39722 -3.10845 142 142 142
0.87832 0.40087 -3.08005 141 141 141
0.99731 0.40056 -3.03960 147 147 147
1.11700 0.40728 -3.00143 135 135 135
1.23509 0.39785 -2.95826 139 139 139
1.34676 0.39892 -2.90016 142 142 142
1.46409 0.40422 -2.85421 137 137 137
1.57651 0.39780 -2.79751 144 144 144
1.68235 0.40175 -2.72925 143 143 143
1.78404 0.40319 -2.65519 144 144 144
1.89079 0.39926 -2.58878 144 144 144
1.99120 0.40322 -2.51318 143 143 143
2.08885 0.40197 -2.43400 147 147 147
2.18389 0.39869 -2.35164 144 144 144
2.27190 0.39846 -2.26180 143 143 143
2.35854 0.39771 -2.17082 149 149 149
2.44433 0.39529 -2.07893 157 157 157
2.52618 0.39755 -1.98338 143 143 143
2.59893 0.39675 -1.88072 148 148 148
2.67418 0.40418 -1.77987 149 149 149
2.73387 0.40180 -1.66889 155 155 155
2.80292 0.40138 -1.56378 147 147 147
2.86434 0.39937 -1.45400 158 158 158
2.91423 0.39552 -1.33848 154 154 154
2.96190 0.39939 -1.22231 160 160 160
3.01213 0.39505 -1.10711 163 163 163
3.06071 0.40268 -0.99078 159 159 159
3.09384 0.40044 -0.86925 157 157 157
3.12104 0.39531 -0.74639 156 156 156
3.15236 0.40026 -0.62453 163 163 163
3.16950 0.40265 -0.49987 160 160 160
3.18774 0.39905 -0.37555 169 169 169
3.20328 0.40307 -0.25073 171 171 171
3.21052 0.40296 -0.12514 170 170 170
3.21593 0.79418 0.00125 167 167 167
3.21459 0.80256 0.12681 172 172 172
3.20818 0.79823 0.25225 172 172 172
3.20110 0.80173 0.37788 168 168 168
3.17710 0.80197 0.50145 172 172 172
3.15580 0.80324 0.62520 165 165 165
3.12955 0.79615 0.74804 169 169 169
3.10277 0.80070 0.87097 174 174 174
3.05643 0.80255 0.98818 177 177 177
3.02389 0.79913 1.10983 177 177 177
2.97907 0.79575 1.22737 181 181 181
2.92193 0.80245 1.33954 186 186 186
2.86814 0.80047 1.45298 186 186 186
2.81187 0.79639 1.56535 173 173 173
2.74542 0.79559 1.67202 176 176 176
2.67719 0.80295 1.77742 184 184 184
2.60679 0.79654 1.88142 187 187 187
2.53426 0.80276 1.98415 180 180 180
2.45149 0.80523 2.07883 184 184 184
2.36786 0.80580 2.17254 181 181 181
2.28202 0.80095 2.26430 189 189 189
2.19225 0.80113 2.35230 190 190 190
2.09907 0.79776 2.43674 181 181 181
2.00263 0.80127 2.51752 191 191 191
1.90332 0.79923 2.59484 196 196 196
1.79859 0.79924 2.66465 192 192 192
1.68782 0.80264 2.72458 188 188 188
1.58026 0.79986 2.78915 193 193 193
1.47276 0.79964 2.85448 197 197 197
1.35663 0.79612 2.90287 194 194 194
1.24574 0.80157 2.96295 195 195 195
1.12590 0.80304 3.00173 191 191 191
1.00823 0.80224 3.04591 189 189 189
0.88763 0.79689 3.08133 199 199 199
0.76570 0.80062 3.11163 199 199 199
0.64394 0.79405 3.14324 195 195 195
0.51936 0.79945 3.16063 193 193 193
0.39552 0.79708 3.18275 195 195 195
0.26993 0.80479 3.19010 192 192 192
0.14479 0.80067 3.20388 193 193 193
0.01896 0.79850 3.20014 188 188 188
-0.10673 0.79980 3.20040 193 193 193
-0.23236 0.80258 3.19463 189 189 189
-0.35665 0.80100 3.17473 193 193 193
-0.48067 0.79951 3.15579 189 189 189
-0.60477 0.80255 3.13696 194 194 194
-0.72818 0.79776 3.11331 189 189 189
-0.84813 0.80134 3.07573 197 197 197
-0.97018 0.80370 3.04551 196 196 196
-1.08951 0.79849 3.00589 191 191 191
-1.20577 0.80379 2.95800 195 195 195
-1.31973 0.79747 2.90509 192 192 192
-1.43445 0.79648 2.85372 192 192 192
-1.54312 0.79942 2.79055 195 195 195
-1.65314 0.79851 2.72987 193 193 193
-1.75793 0.79992 2.66055 193 193 193
-1.86036 0.80088 2.58790 192 192 192
-1.96229 0.79742 2.51445 185 185 185
-2.06169 0.79791 2.43737 196 196 196
-2.15291 0.80309 2.35076 184 184 184
-2.24486 0.79813 2.26507 189 189 189
-2.33221 0.80192 2.17465 180 180 180
-2.41019 0.79882 2.07594 187 187 187
-2.49105 0.79964 1.97998 191 191 191
-2.57246 0.80610 1.88403 180 180 180
-2.64551 0.79987 1.78159 182 182 182
-2.70771 0.79965 1.67216 178 178 178
-2.77189 0.79872 1.56420 179 179 179
-2.83321 0.80135 1.45450 174 174 174
-2.88613 0.79917 1.34051 183 183 183
-2.94106 0.80215 1.22733 180 180 180
-2.98752 0.79692 1.11040 168 168 168
-3.02706 0.80161 0.99096 181 181 181
-3.06344 0.79538 0.87058 172 172 172
-3.09568 0.80137 0.74901 171 171 171
-3.11705 0.80044 0.62504 175 175 175
-3.14594 0.80184 0.50252 178 178 178
-3.16662 0.80228 0.37829 174 174 174
-3.17669 0.79917 0.25275 168 168 168
-3.18112 0.79855 0.12698 172 172 172
-3.18087 0.80131 0.00125 163 163 163
-3.17889 0.79646 -0.12439 163 163 163
-3.17351 0.80110 -0.25000 159 159 159
-3.16229 0.79503 -0.37528 178 178 178
-3.14490 0.80754 -0.49986 162 162 162
-3.12040 0.79389 -0.62321 158 158 158
-3.08841 0.80067 -0.74476 158 158 158
-3.06105 0.79747 -0.86740 160 160 160
-3.02432 0.80495 -0.98757 162 162 162
-2.98301 0.80181 -1.10624 153 153 153
-2.93574 0.80143 -1.22263 158 158 158
-2.88601 0.79761 -1.33796 152 152 152
-2.83132 0.80070 -1.45104 150 150 150
-2.77386 0.80332 -1.56281 149 149 149
-2.70941 0.80134 -1.67070 158 158 158
-2.64285 0.79948 -1.77732 155 155 155
-2.56791 0.79758 -1.87822 152 152 152
-2.49476 0.80077 -1.98041 143 143 143
-2.41365 0.80254 -2.07640 144 144 144
-2.32790 0.79675 -2.16817 145 145 145
-2.24334 0.80215 -2.26105 149 149 149
-2.15284 0.80128 -2.34819 141 141 141
-2.05931 0.79917 -2.43209 138 138 138
-1.95797 0.80178 -2.50647 143 143 143
-1.85886 0.80043 -2.58335 150 150 150
-1.75541 0.80021 -2.65429 149 149 149
-1.65243 0.79968 -2.72622 145 145 145
-1.54711 0.79997 -2.79516 144 144 144
-1.43418 0.80387 -2.85070 146 146 146
-1.32130 0.79977 -2.90600 142 142 142
-1.20411 0.79793 -2.95151 142 142 142
-1.08565 0.79956 -2.99294 146 146 146
-0.97076 0.80296 -3.04481 144 144 144
-0.85012 0.80110 -3.08030 143 143 143
-0.72790 0.79854 -3.10965 143 143 143
-0.60423 0.80375 -3.13172 138 138 138
-0.48240 0.80030 -3.16424 141 141 141
-0.35783 0.79928 -3.18221 136 136 136
-0.23227 0.79922 -3.19095 143 143 143
-0.10637 0.80199 -3.18868 142 142 142
0.01896 0.80058 -3.19946 142 142 142
0.14457 0.80142 -3.19571 134 134 134
0.26963 0.80465 -3.18378 138 138 138
0.39530 0.80104 -3.17838 136 136 136
0.52083 0.80202 -3.16741 143 143 143
0.64258 0.80281 -3.13389 144 144 144
0.76508 0.80197 -3.10657 144 144 144
0.88637 0.80095 -3.07435 138 138 138
1.00666 0.79723 -3.03856 142 142 142
1.12724 0.79872 -3.00288 136 136 136
1.24392 0.80301 -2.95607 143 143 143
1.35892 0.80388 -2.90534 142 142 142
1.47198 0.80029 -2.85045 144 144 144
1.58238 0.79603 -2.79044 134 134 134
1.69250 0.80038 -2.72972 137 137 137
1.79553 0.80076 -2.65758 145 145 145
1.89952 0.80041 -2.58711 142 142 142
1.99633 0.79507 -2.50704 159 159 159
2.09838 0.80445 -2.43344 146 146 146
2.18861 0.80190 -2.34587 147 147 147
2.27979 0.79607 -2.25958 142 142 142
2.36940 0.79994 -2.17148 152 152 152
2.45449 0.80531 -2.07889 144 144 144
2.53782 0.80167 -1.98446 155 155 155
2.60692 0.80763 -1.87902 149 149 149
2.68198 0.79980 -1.77812 159 159 159
2.74893 0.80146 -1.67168 161 161 161
2.81252 0.80095 -1.56322 157 157 157
2.86992 0.80234 -1.45139 161 161 161
2.92630 0.80090 -1.33905 156 156 156
2.97080 0.79916 -1.22144 157 157 157
3.02027 0.80105 -1.10599 152 152 152
3.06501 0.80200 -0.98847 154 154 154
3.09660 0.79768 -0.86674 155 155 155
3.13279 0.79829 -0.74632 160 160 160
3.15773 0.79693 -0.62309 166 166 166
3.17798 0.79567 -0.49909 167 167 167
3.20320 0.79614 -0.37563 162 162 162
3.20604 0.80043 -0.24958 157 157 157
3.21156 0.80219 -0.12419 172 172 172
3.23853 1.19945 0.00187 170 170 170
3.21982 1.19898 0.12726 165 165 165
3.21979 1.20135 0.25304 177 177 177
3.20456 1.20355 0.37779 171 171 171
3.19048 1.20202 0.50269 171 171 171
3.17311 1.19942 0.62739 172 172 172
3.13675 1.20214 0.74812 173 173 173
3.10626 1.20423 0.86991 176 176 176
3.07301 1.20033 0.99112 173 173 173
3.03371 1.20531 1.11058 175 175 175
2.97871 1.19866 1.22392 177 177 177
2.93374 1.19668 1.34124 175 175 175
2.87637 1.19236 1.45297 175 175 175
2.82189 1.20004 1.56628 182 182 182
2.75627 1.20244 1.67350 181 181 181
2.68967 1.20091 1.78005 188 188 188
2.62403 1.19779 1.88769 181 181 181
2.54288 1.19793 1.98411 181 181 181
2.45858 1.19755 2.07741 183 183 183
2.37628 1.19645 2.17220 188 188 188
2.29568 1.20358 2.26912 189 189 189
2.20067 1.19961 2.35178 184 184 184
2.10360 1.19762 2.43159 188 188 188
2.01154 1.20043 2.51744 195 195 195
1.91033 1.19885 2.59209 185 185 185
1.80749 1.20028 2.66442 188 188 188
1.70325 1.20160 2.73492 184 184 184
1.59288 1.19910 2.79541 189 189 189
1.48197 1.20181 2.85460 195 195 195
1.36681 1.19777 2.90504 188 188 188
1.25243 1.19412 2.95687 189 189 189
1.13676 1.19903 3.00612 196 196 196
1.01722 1.20233 3.04506 201 201 201
0.89820 1.20061 3.08585 193 193 193
0.77628 1.20229 3.11688 191 191 191
0.65196 1.19841 3.13659 203 203 203
0.52947 1.19886 3.16529 189 189 189
0.40488 1.20357 3.18250 194 194 194
0.27941 1.20165 3.19086 196 196 196
0.15408 1.19882 3.19994 192 192 192
0.02843 1.20075 3.20821 199 199 199
-0.09736 1.19740 3.20346 198 198 198
-0.22250 1.20214 3.19021 199 199 199
-0.34835 1.20267 3.18524 193 193 193
-0.47117 1.19722 3.15620 197 197 197
-0.59519 1.20246 3.13700 190 190 190
-0.72125 1.19735 3.12450 196 196 196
-0.83992 1.20379 3.08081 195 195 195
-0.96014 1.19944 3.04436 203 203 203
-1.07823 1.20108 3.00159 188 188 188
-1.19561 1.20014 2.95695 188 188 188
-1.31242 1.20147 2.91040 193 193 193
-1.42645 1.20226 2.85723 196 196 196
-1.53398 1.20342 2.79176 193 193 193
-1.64598 1.19970 2.73425 186 186 186
-1.74788 1.20220 2.66030 187 187 187
-1.85428 1.19645 2.59320 186 186 186
-1.95208 1.19966 2.51413 183 183 183
-2.04674 1.19966 2.43158 189 189 189
-2.14455 1.20468 2.35259 188 188 188
-2.23578 1.19670 2.26608 188 188 188
-2.32093 1.20146 2.17360 182 182 182
-2.40322 1.19828 2.07870 185 185 185
-2.48027 1.20323 1.97957 181 181 181
-2.56056 1.20019 1.88288 187 187 187
-2.63170 1.19822 1.77931 177 177 177
-2.69916 1.20343 1.67334 180 180 180
-2.76036 1.20047 1.56367 179 179 179
-2.81918 1.20137 1.45280 178 178 178
-2.88170 1.19380 1.34346 181 181 181
-2.92737 1.19802 1.22620 165 165 165
-2.97517 1.20097 1.10996 174 174 174
-3.01646 1.20012 0.99122 176 176 176
-3.05211 1.20032 0.87068 179 179 179
-3.08610 1.20021 0.74961 169 169 169
-3.11039 1.19989 0.62623 175 175 175
-3.13564 1.20147 0.50301 170 170 170
-3.14581 1.19962 0.37757 168 168 168
-3.15403 1.20127 0.25234 170 170 170
-3.16796 1.20147 0.12746 172 172 172
-3.17635 1.20259 0.00188 157 157 157
-3.16120 1.20120 -0.12345 169 169 169
-3.15922 1.19930 -0.24900 169 169 169
-3.14386 1.19614 -0.37359 162 162 162
-3.13280 1.19848 -0.49882 165 165 165
-3.10904 1.20186 -0.62221 160 160 160
-3.08572 1.19974 -0.74577 158 158 158
-3.05486 1.19611 -0.86771 160 160 160
-3.01194 1.20009 -0.98600 154 154 154
-2.97319 1.20173 -1.10548 160 160 160
-2.92557 1.20000 -1.22171 154 154 154
-2.87616 1.20235 -1.33716 155 155 155
-2.82242 1.19875 -1.45071 162 162 162
-2.76562 1.19877 -1.56287 154 154 154
-2.69804 1.19976 -1.66891 155 155 155
-2.63603 1.20135 -1.77846 151 151 151
-2.55911 1.19580 -1.87808 147 147 147
-2.48391 1.20180 -1.97870 148 148 148
-2.40602 1.19572 -2.07734 141 141 141
-2.32482 1.20326 -2.17345 147 147 147
-2.23262 1.20072 -2.25918 151 151 151
-2.14873 1.20861 -2.35336 140 140 140
-2.05134 1.19636 -2.43323 147 147 147
-1.95612 1.19803 -2.51552 143 143 143
-1.85063 1.19449 -2.58443 142 142 142
-1.74814 1.20127 -2.65696 150 150 150
-1.64450 1.20003 -2.72810 140 140 140
-1.53349 1.20106 -2.78713 143 143 143
-1.42347 1.20018 -2.84763 139 139 139
-1.31037 1.19814 -2.90222 141 141 141
-1.19500 1.20066 -2.95174 146 146 146
-1.07913 1.20139 -3.00029 141 141 141
-0.96085 1.19809 -3.04282 142 142 142
-0.83986 1.19466 -3.07685 140 140 140
-0.72035 1.20067 -3.11700 142 142 142
-0.59538 1.19692 -3.13422 143 143 143
-0.47151 1.20006 -3.15461 143 143 143
-0.34818 1.19939 -3.18009 138 138 138
-0.22214 1.20202 -3.18187 137 137 137
-0.09706 1.19975 -3.19203 131 131 131
0.02843 1.19974 -3.20135 139 139 139
0.15408 1.19917 -3.19609 138 138 138
0.27902 1.19881 -3.18213 139 139 139
0.40514 1.19950 -3.18094 138 138 138
0.52851 1.19722 -3.15549 143 143 143
0.65246 1.20279 -3.13532 137 137 137
0.77471 1.19685 -3.10662 136 136 136
0.89864 1.20279 -3.08367 140 140 140
1.01766 1.19704 -3.04268 140 140 140
1.13685 1.20654 -3.00263 145 145 145
1.25305 1.20154 -2.95462 138 138 138
1.36731 1.20376 -2.90239 136 136 136
1.48131 1.20084 -2.84956 137 137 137
1.59099 1.19682 -2.78828 143 143 143
1.70154 1.20120 -2.72840 141 141 141
1.80858 1.20077 -2.66231 146 146 146
1.91387 1.20190 -2.59322 141 141 141
2.01091 1.19840 -2.51289 139 139 139
2.10609 1.19783 -2.43075 143 143 143
2.20232 1.20359 -2.34983 142 142 142
2.29033 1.20156 -2.26003 146 146 146
2.37627 1.19867 -2.16845 148 148 148
2.46329 1.20187 -2.07770 144 144 144
2.54324 1.19902 -1.98065 154 154 154
2.61420 1.19764 -1.87680 153 153 153
2.68569 1.19704 -1.77365 146 146 146
2.75834 1.19777 -1.67102 152 152 152
2.81964 1.20211 -1.56128 157 157 157
2.88107 1.20255 -1.45162 159 159 159
2.93270 1.19879 -1.33701 163 163 163
2.98156 1.19972 -1.22135 152 152 152
3.02870 1.20051 -1.10499 161 161 161
3.07661 1.19728 -0.98854 168 168 168
3.10750 1.20024 -0.86652 157 157 157
3.14296 1.20701 -0.74586 165 165 165
3.16633 1.20176 -0.62229 159 159 159
3.18549 1.20243 -0.49816 160 160 160
3.20632 1.20379 -0.37425 158 158 158
3.21315 1.19866 -0.24877 163 163 163
3.22709 1.19787 -0.12380 167 167 167
3.23453 1.60109 0.00250 159 159 159
3.23781 1.60296 0.12823 169 169 169
3.22702 1.60103 0.25349 174 174 174
3.21091 1.60058 0.37805 177 177 177
3.20178 1.59779 0.50361 179 179 179
3.18088 1.59772 0.62768 168 168 168
3.14884 1.60271 0.74937 167 167 167
3.11847 1.59672 0.87131 172 172 172
3.08372 1.60346 0.99215 173 173 173
3.03634 1.59955 1.10869 181 181 181
2.99532 1.60245 1.22751 177 177 177
2.94106 1.59776 1.34088 176 176 176
2.88962 1.60083 1.45553 181 181 181
2.83477 1.60337 1.56883 180 180 180
2.76668 1.60319 1.67471 189 189 189
2.69901 1.59564 1.78061 179 179 179
2.62793 1.60274 1.88428 187 187 187
2.55289 1.60389 1.98517 184 184 184
2.46963 1.60215 2.07940 185 185 185
2.38572 1.59609 2.17281 181 181 181
2.30077 1.59713 2.26539 190 190 190
2.21257 1.60006 2.35506 189 189 189
2.11723 1.60042 2.43709 194 194 194
2.02193 1.59988 2.51925 181 181 181
1.91699 1.59991 2.58886 187 187 187
1.81297 1.59622 2.65910 188 188 188
1.71219 1.59614 2.73471 199 199 199
1.59820 1.59720 2.78864 191 191 191
1.49185 1.59964 2.85607 197 197 197
1.37784 1.60060 2.90908 193 193 193
1.26131 1.60262 2.95611 196 196 196
1.14525 1.59981 3.00414 197 197 197
1.02821 1.59399 3.05039 189 189 189
0.90700 1.60239 3.08415 192 192 192
0.78553 1.60314 3.11666 197 197 197
0.66115 1.59653 3.13585 194 194 194
0.53874 1.60139 3.16476 194 194 194
0.41384 1.59918 3.17894 191 191 191
0.28868 1.59897 3.18915 192 192 192
0.16349 1.59716 3.19948 200 200 200
0.03788 1.60429 3.20632 200 200 200
-0.08768 1.59844 3.19837 192 192 192
-0.21339 1.59754 3.19516 198 198 198
-0.33844 1.59878 3.18200 191 191 191
-0.46195 1.59708 3.15834 196 196 196
-0.58556 1.60176 3.13674 191 191 191
-0.70906 1.59924 3.11374 193 193 193
-0.83061 1.59564 3.08192 194 194 194
-0.95176 1.60224 3.04829 195 195 195
-1.07038 1.59985 3.00658 186 186 186
-1.18817 1.59433 2.96244 195 195 195
-1.30391 1.60356 2.91306 190 190 190
-1.41208 1.59889 2.84820 194 194 194
-1.52650 1.60031 2.79590 189 189 189
-1.63310 1.60123 2.72929 190 190 190
-1.73975 1.59755 2.66290 180 180 180
-1.84534 1.60048 2.59453 191 191 191
-1.94288 1.59953 2.51508 195 195 195
-2.04378 1.60331 2.43981 186 186 186
-2.13191 1.60301 2.34976 194 194 194
-2.22551 1.59835 2.26589 184 184 184
-2.31053 1.60121 2.17335 191 191 191
-2.39842 1.60086 2.08330 191 191 191
-2.47538 1.59778 1.98380 185 185 185
-2.54726 1.59814 1.88071 184 184 184
-2.62540 1.59760 1.78205 183 183 183
-2.68774 1.59819 1.67276 184 184 184
-2.74923 1.60000 1.56336 181 181 181
-2.80961 1.60028 1.45337 184 184 184
-2.87150 1.60057 1.34374 179 179 179
-2.91958 1.59642 1.22752 184 184 184
-2.97087 1.60307 1.11249 175 175 175
-3.00773 1.60071 0.99208 181 181 181
-3.04007 1.60207 0.87057 173 173 173
-3.06876 1.60436 0.74834 166 166 166
-3.09749 1.60303 0.62616 176 176 176
-3.12538 1.59852 0.50351 175 175 175
-3.13421 1.60136 0.37794 174 174 174
-3.15469 1.59591 0.25376 173 173 173
-3.15320 1.60186 0.12788 167 167 167
-3.16411 1.60242 0.00250 169 169 169
-3.15449 1.60413 -0.12293 169 169 169
-3.14981 1.60228 -0.24838 172 172 172
-3.13727 1.60045 -0.37331 158 158 158
-3.11863 1.59814 -0.49744 163 163 163
-3.09870 1.60002 -0.62141 164 164 164
-3.08200 1.60300 -0.74652 154 154 154
-3.04041 1.59800 -0.86567 161 161 161
-3.00221 1.60224 -0.98529 161 161 161
-2.96585 1.59829 -1.10564 156 156 156
-2.91629 1.60004 -1.22116 155 155 155
-2.86792 1.60091 -1.33710 157 157 157
-2.81260 1.59962 -1.44990 154 154 154
-2.75597 1.60295 -1.56214 149 149 149
-2.69734 1.59920 -1.67365 154 154 154
-2.62151 1.60030 -1.77446 151 151 151
-2.55239 1.59645 -1.87945 149 149 149
-2.47674 1.59730 -1.97987 151 151 151
-2.38906 1.59739 -2.07031 156 156 156
-2.30880 1.60269 -2.16676 148 148 148
-2.22871 1.59517 -2.26410 149 149 149
-2.13310 1.60506 -2.34606 134 134 134
-2.03951 1.60093 -2.42982 159 159 159
-1.94467 1.59913 -2.51237 143 143 143
-1.84443 1.60542 -2.58829 150 150 150
-1.74180 1.60024 -2.66098 146 146 146
-1.63535 1.59998 -2.72797 144 144 144
-1.52946 1.59988 -2.79619 142 142 142
-1.41783 1.59997 -2.85450 147 147 147
-1.30080 1.59925 -2.90133 140 140 140
-1.18653 1.59626 -2.95349 143 143 143
-1.06776 1.60290 -2.99447 146 146 146
-0.94792 1.59656 -3.03149 134 134 134
-0.83190 1.59754 -3.08151 138 138 138
-0.70845 1.60154 -3.10619 150 150 150
-0.58628 1.59768 -3.13537 141 141 141
-0.46237 1.59920 -3.15600 143 143 143
-0.33831 1.59800 -3.17593 143 143 143
-0.21388 1.59946 -3.19651 139 139 139
-0.08770 1.60012 -3.19372 137 137 137
0.03788 1.59680 -3.19640 137 137 137
0.16355 1.59868 -3.19601 140 140 140
0.28896 1.59925 -3.18767 131 131 131
0.41381 1.59730 -3.17369 137 137 137
0.53905 1.60149 -3.16174 137 137 137
0.66352 1.59855 -3.14279 133 133 133
0.78511 1.59576 -3.10994 132 132 132
0.90463 1.59871 -3.07074 143 143 143
1.02634 1.60010 -3.03967 149 149 149
1.14643 1.60193 -3.00234 143 143 143
1.26422 1.59999 -2.95814 142 142 142
1.37828 1.60206 -2.90505 140 140 140
1.48810 1.60038 -2.84371 140 140 140
1.59888 1.59997 -2.78487 150 150 150
1.70791 1.59932 -2.72273 140 140 140
1.81635 1.59937 -2.65917 141 141 141
1.91597 1.60141 -2.58247 149 149 149
2.02323 1.59684 -2.51591 154 154 154
2.11468 1.59943 -2.42912 149 149 149
2.21294 1.60298 -2.35047 151 151 151
2.29421 1.59983 -2.25384 148 148 148
2.38785 1.60349 -2.16979 155 155 155
2.46984 1.60268 -2.07459 149 149 149
2.55272 1.59742 -1.98004 145 145 145
2.62801 1.60306 -1.87934 152 152 152
2.69475 1.59727 -1.77277 151 151 151
2.76638 1.60290 -1.66953 163 163 163
2.82703 1.59924 -1.55950 154 154 154
2.88927 1.60287 -1.45036 155 155 155
2.94316 1.60171 -1.33686 160 160 160
2.99175 1.60693 -1.22103 158 158 158
3.04082 1.59462 -1.10534 155 155 155
3.07800 1.59999 -0.98530 158 158 158
3.11231 1.60309 -0.86458 156 156 156
3.14501 1.60366 -0.74346 164 164 164
3.17637 1.60306 -0.62179 164 164 164
3.19275 1.59980 -0.49718 163 163 163
3.21239 1.60150 -0.37323 160 160 160
3.22059 1.60210 -0.24799 165 165 165
3.23698 1.59835 -0.12319 165 165 165
3.24779 2.00614 0.00313 173 173 173
3.24315 2.00481 0.12869 167 167 167
3.22902 1.99712 0.25353 164 164 164
3.22223 1.99955 0.37890 174 174 174
3.20536 2.00311 0.50331 169 169 169
3.19202 2.00125 0.62864 169 169 169
3.16054 1.99859 0.75054 172 172 172
3.13829 2.00063 0.87487 184 184 184
3.09345 1.99973 0.99287 177 177 177
3.04963 1.99485 1.11073 175 175 175
3.00405 2.00089 1.22784 179 179 179
2.95349 1.99790 1.34289 178 178 178
2.90118 1.99544 1.45724 176 176 176
2.83651 1.99707 1.56514 182 182 182
2.78116 2.00339 1.67842 179 179 179
2.71180 2.00254 1.78347 186 186 186
2.63596 1.99870 1.88388 177 177 177
2.55935 1.99860 1.98345 188 188 188
2.48457 1.99965 2.08473 185 185 185
2.39719 1.99594 2.17532 187 187 187
2.31074 1.99468 2.26654 195 195 195
2.21682 2.00328 2.35007 190 190 190
2.12471 2.00106 2.43543 194 194 194
2.02523 2.00466 2.51208 187 187 187
1.93078 1.99940 2.59548 188 188 188
1.82603 2.00036 2.66515 184 184 184
1.71703 1.99920 2.72784 197 197 197
1.61320 1.99555 2.79920 188 188 188
1.50179 1.99974 2.85768 194 194 194
1.38674 1.99844 2.90855 195 195 195
1.27181 1.99712 2.95931 188 188 188
1.15645 1.99299 3.00954 192 192 192
1.03752 2.00313 3.05064 189 189 189
0.91530 1.99879 3.08074 193 193 193
0.79304 1.99632 3.10926 192 192 192
0.67185 2.00016 3.14285 193 193 193
0.54810 1.99660 3.16495 194 194 194
0.42399 1.99890 3.18560 189 189 189
0.29809 1.99871 3.18952 201 201 201
0.17291 1.99943 3.19956 190 190 190
0.04732 2.00453 3.20664 197 197 197
-0.07832 1.99996 3.20078 193 193 193
-0.20357 1.99703 3.19093 198 198 198
-0.32910 2.00115 3.18341 198 198 198
-0.45311 2.00042 3.16271 199 199 199
-0.57693 2.00393 3.14143 189 189 189
-0.69839 2.00322 3.10921 199 199 199
-0.82134 2.00134 3.08315 198 198 198
-0.94166 1.99726 3.04688 200 200 200
-1.05893 2.00235 3.00172 192 192 192
-1.17797 2.00269 2.96123 193 193 193
-1.29228 2.00119 2.90894 192 192 192
-1.40484 2.00248 2.85314 190 190 190
-1.51577 2.00251 2.79422 193 193 193
-1.62396 1.99665 2.73040 195 195 195
-1.72962 2.00443 2.66249 188 188 188
-1.83373 2.00205 2.59215 183 183 183
-1.93598 1.99989 2.51892 190 190 190
-2.03066 2.00157 2.43612 192 192 192
-2.12709 1.99552 2.35538 186 186 186
-2.21545 2.00222 2.26589 190 190 190
-2.30370 1.99580 2.17638 193 193 193
-2.38282 1.99953 2.07865 183 183 183
-2.46759 1.99786 1.98572 184 184 184
-2.54067 2.00011 1.88340 188 188 188
-2.61229 2.00290 1.78022 188 188 188
-2.68350 2.00178 1.67657 187 187 187
-2.74686 2.00128 1.56793 184 184 184
-2.80358 2.00362 1.45573 181 181 181
-2.85956 1.99882 1.34321 181 181 181
-2.91146 1.99175 1.22869 175 175 175
-2.95235 1.99812 1.10976 175 175 175
-2.99943 1.99902 0.99307 178 178 178
-3.03182 1.99931 0.87153 174 174 174
-3.06630 1.99826 0.75064 181 181 181
-3.09127 1.99905 0.62743 175 175 175
-3.11297 1.99816 0.50366 173 173 173
-3.12728 2.00286 0.37886 173 173 173
-3.14026 1.99676 0.25399 170 170 170
-3.15339 1.99667 0.12888 169 169 169
-3.15459 1.99870 0.00313 170 170 170
-3.14477 2.00124 -0.12229 167 167 167
-3.14449 2.00040 -0.24808 166 166 166
-3.12823 2.00018 -0.37273 166 166 166
-3.11544 1.99983 -0.49781 159 159 159
-3.09167 1.99725 -0.62126 171 171 171
-3.06549 2.00349 -0.74420 168 168 168
-3.03310 1.99756 -0.86565 162 162 162
-3.00033 2.00194 -0.98712 165 165 165
-2.95300 1.99545 -1.10375 151 151 151
-2.90840 1.99901 -1.22118 153 153 153
-2.86118 1.99752 -1.33771 161 161 161
-2.80278 1.99930 -1.44907 151 151 151
-2.74436 2.00471 -1.56030 155 155 155
-2.68181 1.99672 -1.66929 153 153 153
-2.61638 2.00262 -1.77671 150 150 150
-2.54307 2.00145 -1.87891 155 155 155
-2.46003 2.00067 -1.97351 154 154 154
-2.38393 2.00234 -2.07336 149 149 149
-2.29972 1.99954 -2.16646 149 149 149
-2.21263 2.00053 -2.25683 150 150 150
-2.12357 2.00399 -2.34533 149 149 149
-2.02772 2.00116 -2.42644 141 141 141
-1.93416 1.99412 -2.51037 152 152 152
-1.83411 1.99505 -2.58644 147 147 147
-1.72928 2.00207 -2.65575 136 136 136
-1.62487 1.99860 -2.72564 140 140 140
-1.51431 1.99768 -2.78537 138 138 138
-1.40610 1.99599 -2.84938 144 144 144
-1.28971 2.00418 -2.89712 129 129 129
-1.17771 1.99928 -2.95435 146 146 146
-1.06026 1.99731 -2.99910 136 136 136
-0.94090 2.00008 -3.03829 135 135 135
-0.82169 2.00214 -3.07813 140 140 140
-0.70080 2.00396 -3.11302 134 134 134
-0.57671 2.00061 -3.13406 143 143 143
-0.45283 1.99753 -3.15470 136 136 136
-0.32839 2.00342 -3.17121 139 139 139
-0.20348 1.99453 -3.18359 137 137 137
-0.07813 1.99808 -3.18962 141 141 141
0.04732 2.00233 -3.20355 146 146 146
0.17270 2.00017 -3.18810 135 135 135
0.29814 2.00184 -3.18382 143 143 143
0.42366 1.99500 -3.17659 142 142 142
0.54739 2.00166 -3.15423 135 135 135
0.67062 2.00191 -3.13044 145 145 145
0.79443 1.99939 -3.10884 140 140 140
0.91595 2.00054 -3.07681 146 146 146
1.03666 2.00431 -3.04177 147 147 147
1.15517 2.00243 -2.99985 139 139 139
1.27016 1.99390 -2.94907 134 134 134
1.38673 2.00250 -2.90229 138 138 138
1.49937 2.00213 -2.84670 143 143 143
1.61101 1.99975 -2.78906 142 142 142
1.71919 2.00039 -2.72512 135 135 135
1.82974 2.00064 -2.66447 144 144 144
1.93027 1.99938 -2.58854 147 147 147
2.03219 1.99877 -2.51468 148 148 148
2.12432 2.00136 -2.42874 143 143 143
2.22360 1.99804 -2.35117 141 141 141
2.30761 2.00309 -2.25717 152 152 152
2.39958 2.00601 -2.17128 152 152 152
2.48121 2.00193 -2.07562 151 151 151
2.55967 2.00052 -1.97746 147 147 147
2.64046 2.00243 -1.88091 153 153 153
2.70888 2.00147 -1.77528 152 152 152
2.77096 2.00029 -1.66593 152 152 152
2.83684 2.00096 -1.55908 153 153 153
2.90229 2.00573 -1.45156 156 156 156
2.95189 2.00469 -1.33590 160 160 160
3.00572 2.00254 -1.22229 155 155 155
3.05458 1.99956 -1.10631 157 157 157
3.09302 1.99738 -0.98649 165 165 165
3.13137 1.99982 -0.86667 160 160 160
3.16038 2.00179 -0.74426 162 162 162
3.18616 2.00168 -0.62123 164 164 164
3.21013 1.99746 -0.49782 164 164 164
3.23034 1.99909 -0.37361 164 164 164
3.23260 1.99992 -0.24756 165 165 165
3.24919 2.00023 -0.12268 160 160 160
3.25794 2.40002 0.00375 180 180 180
3.25272 2.40362 0.12932 164 164 164
3.25626 2.40060 0.25556 172 172 172
3.23935 2.40396 0.38044 173 173 173
3.21239 2.39986 0.50356 171 171 171
3.19479 2.39717 0.62795 169 169 169
3.17158 2.39791 0.75156 179 179 179
3.14182 2.40157 0.87383 175 175 175
3.09554 2.40176 0.99112 180 180 180
3.06066 2.40315 1.11196 183 183 183
3.01414 2.39876 1.22875 179 179 179
2.96118 2.39887 1.34272 177 177 177
2.90760 2.40170 1.45634 184 184 184
2.84841 2.39961 1.56716 180 180 180
2.78027 2.40289 1.67273 176 176 176
2.72229 2.39910 1.78482 181 181 181
2.64761 2.40160 1.88613 177 177 177
2.57189 2.39922 1.98654 187 187 187
2.49259 2.40373 2.08416 188 188 188
2.40376 2.40212 2.17332 185 185 185
2.31438 2.39992 2.26140 194 194 194
2.22929 2.40238 2.35401 198 198 198
2.13358 2.40522 2.43542 195 195 195
2.03491 2.40028 2.51306 182 182 182
1.93599 2.39631 2.59033 181 181 181
1.83391 2.39818 2.66348 188 188 188
1.73128 2.39644 2.73637 191 191 191
1.62060 2.40281 2.79623 185 185 185
1.51056 2.40130 2.85704 196 196 196
1.39666 2.39553 2.91028 198 198 198
1.27947 2.39925 2.95570 190 190 190
1.16438 2.40217 3.00615 195 195 195
1.04464 2.39830 3.04422 195 195 195
0.92593 2.40119 3.08569 199 199 199
0.80376 2.39908 3.11536 191 191 191
0.68136 2.39969 3.14397 194 194 194
0.55743 2.40440 3.16503 194 194 194
0.43265 2.40108 3.17992 199 199 199
0.30802 2.40115 3.19665 196 196 196
0.18253 2.39604 3.20572 189 189 189
0.05673 2.39847 3.20790 192 192 192
-0.06909 2.39823 3.20594 192 192 192
-0.19429 2.40228 3.19320 199 199 199
-0.31962 2.39806 3.18348 189 189 189
-0.44353 2.40287 3.16223 196 196 196
-0.56788 2.40205 3.14384 190 190 190
-0.69127 2.40043 3.11935 196 196 196
-0.81196 2.39867 3.08386 196 196 196
-0.93230 2.39697 3.04765 200 200 200
-1.05215 2.39596 3.00948 198 198 198
-1.16963 2.40430 2.96443 197 197 197
-1.28424 2.39790 2.91252 198 198 198
-1.39502 2.39765 2.85295 193 193 193
-1.50588 2.40034 2.79398 197 197 197
-1.61787 2.39735 2.73644 189 189 189
-1.72185 2.39379 2.66557 187 187 187
-1.82678 2.39895 2.59616 189 189 189
-1.92509 2.39837 2.51767 192 192 192
-2.02601 2.40178 2.44232 185 185 185
-2.11543 2.40094 2.35357 191 191 191
-2.20828 2.39682 2.26875 188 188 188
-2.29495 2.40195 2.17761 190 190 190
-2.37130 2.39680 2.07748 188 188 188
-2.45577 2.39819 1.98444 185 185 185
-2.53484 2.40033 1.88663 181 181 181
-2.60675 2.40025 1.78342 180 180 180
-2.67158 2.39987 1.67565 185 185 185
-2.73268 2.39762 1.56589 175 175 175
-2.79323 2.40256 1.45587 185 185 185
-2.85087 2.40048 1.34417 178 178 178
-2.89685 2.39771 1.22716 171 171 171
-2.94823 2.40289 1.11234 174 174 174
-2.98866 2.40276 0.99326 174 174 174
-3.02737 2.40354 0.87355 176 176 176
-3.06037 2.40446 0.75210 172 172 172
-3.08546 2.39528 0.62877 175 175 175
-3.10388 2.40236 0.50434 176 176 176
-3.11981 2.40187 0.37972 172 172 172
-3.12492 2.39826 0.25415 174 174 174
-3.14036 2.39862 0.12936 162 162 162
-3.14042 2.40097 0.00375 166 166 166
-3.14186 2.39949 -0.12192 170 170 170
-3.13066 2.39759 -0.24710 158 158 158
-3.11578 2.39847 -0.37174 162 162 162
-3.10173 2.40113 -0.49650 162 162 162
-3.08217 2.39997 -0.62062 166 166 166
-3.05243 2.39860 -0.74270 164 164 164
-3.03018 2.39770 -0.86685 160 160 160
-2.98378 2.40205 -0.98418 157 157 157
-2.94701 2.40127 -1.10439 158 158 158
-2.89446 2.40181 -1.21868 154 154 154
-2.84942 2.40062 -1.33601 162 162 162
-2.79597 2.39909 -1.44978 159 159 159
-2.73580 2.40644 -1.56015 163 163 163
-2.67667 2.40038 -1.67128 155 155 155
-2.60048 2.39917 -1.77174 151 151 151
-2.53347 2.39570 -1.87815 146 146 146
-2.45927 2.39984 -1.97971 156 156 156
-2.37858 2.40355 -2.07621 145 145 145
-2.28934 2.39669 -2.16494 150 150 150
-2.21133 2.40172 -2.26431 150 150 150
-2.11705 2.39924 -2.34783 150 150 150
-2.02078 2.40054 -2.42870 146 146 146
-1.92719 2.40479 -2.51284 136 136 136
-1.82853 2.39738 -2.59109 147 147 147
-1.72012 2.40157 -2.65550 142 142 142
-1.61652 2.40077 -2.72674 143 143 143
-1.50787 2.39827 -2.79005 140 140 140
-1.39809 2.40355 -2.85150 144 144 144
-1.28359 2.40261 -2.90364 142 142 142
-1.16639 2.39538 -2.94913 147 147 147
-1.05157 2.40320 -3.00043 140 140 140
-0.93107 2.40026 -3.03638 141 141 141
-0.81344 2.39894 -3.08162 138 138 138
-0.69078 2.39623 -3.10985 144 144 144
-0.56832 2.40456 -3.13856 144 144 144
-0.44323 2.40192 -3.15289 137 137 137
-0.31901 2.39945 -3.17086 147 147 147
-0.19403 2.40053 -3.18244 138 138 138
-0.06888 2.39856 -3.19318 142 142 142
0.05673 2.39754 -3.19385 139 139 139
0.18231 2.40242 -3.19245 132 132 132
0.30759 2.40083 -3.18381 141 141 141
0.43270 2.39981 -3.17282 139 139 139
0.55737 2.39616 -3.15720 138 138 138
0.68033 2.39947 -3.13130 138 138 138
0.80361 2.40019 -3.10724 140 140 140
0.92532 2.40154 -3.07606 141 141 141
1.04391 2.40088 -3.03450 137 137 137
1.16675 2.40203 -3.00509 149 149 149
1.28137 2.40293 -2.95280 141 141 141
1.39785 2.40244 -2.90537 140 140 140
1.50746 2.40019 -2.84347 139 139 139
1.62161 2.40526 -2.79056 138 138 138
1.72962 2.40406 -2.72616 148 148 148
1.83761 2.40605 -2.66153 140 140 140
1.93788 2.39754 -2.58544 151 151 151
2.03998 2.39546 -2.51199 153 153 153
2.13263 2.39442 -2.42682 149 149 149
2.22667 2.39905 -2.34369 153 153 153
2.31818 2.40034 -2.25771 147 147 147
2.41233 2.40379 -2.17375 144 144 144
2.49070 2.40052 -2.07506 156 156 156
2.56698 2.39947 -1.97518 152 152 152
2.64176 2.39893 -1.87439 155 155 155
2.72099 2.39976 -1.77646 149 149 149
2.78144 2.40241 -1.66596 157 157 157
2.85008 2.39545 -1.56061 155 155 155
2.90462 2.40284 -1.44733 157 157 157
2.96225 2.40204 -1.33572 156 156 156
3.01360 2.39903 -1.22103 149 149 149
3.06112 2.40361 -1.10463 156 156 156
3.09906 2.39919 -0.98477 165 165 165
3.13488 2.40228 -0.86438 158 158 158
3.16646 2.39818 -0.74283 160 160 160
3.19000 2.39636 -0.61950 162 162 162
3.22081 2.40222 -0.49739 169 169 169
3.23091 2.39945 -0.37194 161 161 161
3.24691 2.40073 -0.24732 161 161 161
3.24970 2.40162 -0.12170 173 173 173
3.26482 2.80356 0.00437 165 165 165
3.26020 2.79945 0.12987 169 169 169
3.25579 2.80058 0.25541 171 171 171
3.23651 2.79890 0.37962 168 168 168
3.22591 2.80062 0.50484 172 172 172
3.19874 2.80138 0.62749 172 172 172
3.17959 2.79886 0.75185 170 170 170
3.15195 2.79746 0.87467 183 183 183
3.11249 2.79814 0.99420 182 182 182
3.06389 2.79936 1.11031 177 177 177
3.02239 2.80285 1.22890 187 187 187
2.96907 2.80242 1.34266 173 173 173
2.91728 2.80054 1.45711 178 178 178
2.85457 2.79840 1.56598 181 181 181
2.79490 2.80133 1.67657 184 184 184
2.72519 2.79700 1.78111 179 179 179
2.65791 2.79984 1.88743 189 189 189
2.58033 2.80103 1.98642 187 187 187
2.49902 2.80442 2.08227 191 191 191
2.41513 2.80110 2.17578 193 193 193
2.33079 2.80256 2.26904 193 193 193
2.23597 2.79595 2.35171 187 187 187
2.14478 2.80458 2.43817 188 188 188
2.04617 2.79999 2.51606 187 187 187
1.94883 2.80062 2.59571 181 181 181
1.84217 2.79976 2.66242 192 192 192
1.73734 2.80031 2.73157 189 189 189
1.63165 2.80146 2.79984 196 196 196
1.51740 2.79840 2.85269 197 197 197
1.40484 2.79965 2.90829 193 193 193
1.29113 2.79909 2.96183 184 184 184
1.17436 2.80279 3.00839 198 198 198
1.05592 2.79603 3.05069 200 200 200
0.93517 2.79825 3.08582 195 195 195
0.81407 2.80082 3.11983 194 194 194
0.69062 2.79851 3.14399 195 195 195
0.56726 2.79982 3.16851 198 198 198
0.44212 2.80197 3.18127 190 190 190
0.31743 2.79652 3.19762 199 199 199
0.19133 2.80073 3.19134 199 199 199
0.06611 2.80084 3.20295 190 190 190
-0.05942 2.79732 3.19932 194 194 194
-0.18501 2.80037 3.19509 193 193 193
-0.31012 2.79998 3.18314 195 195 195
-0.43432 2.80143 3.16393 194 194 194
-0.55944 2.80295 3.14922 198 198 198
-0.68186 2.80101 3.11988 190 190 190
-0.80291 2.79621 3.08567 185 185 185
-0.92230 2.80165 3.04637 187 187 187
-1.04173 2.79476 3.00729 187 187 187
-1.15700 2.79748 2.95721 187 187 187
-1.27490 2.79730 2.91322 191 191 191
-1.38517 2.79681 2.85265 190 190 190
-1.49836 2.79871 2.79793 191 191 191
-1.60570 2.79955 2.73251 193 193 193
-1.70925 2.79553 2.66137 195 195 195
-1.81365 2.80582 2.59164 190 190 190
-1.91340 2.80153 2.51537 196 196 196
-2.01087 2.79780 2.43619 187 187 187
-2.10407 2.79944 2.35206 184 184 184
-2.19836 2.79939 2.26883 184 184 184
-2.28087 2.80436 2.17389 187 187 187
-2.36264 2.79848 2.07871 187 187 187
-2.44852 2.79422 1.98674 182 182 182
-2.52496 2.80134 1.88689 181 181 181
-2.59340 2.80077 1.78139 183 183 183
-2.66647 2.80281 1.67889 187 187 187
-2.72819 2.80326 1.56925 182 182 182
-2.78657 2.80005 1.45788 178 178 178
-2.83795 2.79780 1.34316 172 172 172
-2.88951 2.79933 1.22863 179 179 179
-2.93509 2.80291 1.11157 180 180 180
-2.97763 2.80173 0.99334 179 179 179
-3.01614 2.80106 0.87366 178 178 178
-3.04977 2.80039 0.75243 182 182 182
-3.07307 2.79887 0.62879 176 176 176
-3.09231 2.79827 0.50462 169 169 169
-3.11601 2.80345 0.38100 172 172 172
-3.12928 2.79812 0.25586 169 169 169
-3.13425 2.79957 0.13012 168 168 168
-3.13950 2.79449 0.00438 166 166 166
-3.13770 2.80060 -0.12150 163 163 163
-3.12465 2.80315 -0.24674 169 169 169
-3.11351 2.79929 -0.37196 163 163 163
-3.09154 2.79955 -0.49575 164 164 164
-3.08057 2.80270 -0.62154 165 165 165
-3.05027 2.80017 -0.74381 162 162 162
-3.01506 2.79566 -0.86461 161 161 161
-2.97600 2.80143 -0.98407 169 169 169
-2.93513 2.79788 -1.10285 162 162 162
-2.89410 2.80190 -1.22179 151 151 151
-2.84214 2.79771 -1.33635 160 160 160
-2.78534 2.80335 -1.44852 153 153 153
-2.72198 2.79637 -1.55704 157 157 157
-2.66102 2.80073 -1.66682 156 156 156
-2.59796 2.80180 -1.77571 144 144 144
-2.51748 2.79739 -1.87272 152 152 152
-2.44694 2.80148 -1.97676 144 144 144
-2.36897 2.80014 -2.07539 154 154 154
-2.28078 2.80557 -2.16507 150 150 150
-2.19348 2.79391 -2.25522 141 141 141
-2.10990 2.79799 -2.34962 149 149 149
-2.00917 2.79835 -2.42547 147 147 147
-1.91793 2.79784 -2.51237 148 148 148
-1.81610 2.79564 -2.58628 145 145 145
-1.71262 2.80126 -2.65768 142 142 142
-1.60581 2.79973 -2.72395 139 139 139
-1.49803 2.79656 -2.78860 142 142 142
-1.38880 2.79598 -2.85106 145 145 145
-1.27355 2.80374 -2.90159 140 140 140
-1.15606 2.80240 -2.94622 141 141 141
-1.04271 2.79962 -3.00122 153 153 153
-0.92277 2.79882 -3.03908 143 143 143
-0.80303 2.80172 -3.07736 142 142 142
-0.68106 2.80065 -3.10780 139 139 139
-0.55711 2.79990 -3.12876 142 142 142
-0.43375 2.79664 -3.15159 139 139 139
-0.30939 2.80275 -3.16823 138 138 138
-0.18489 2.79734 -3.18489 140 140 140
-0.05943 2.79895 -3.19074 138 138 138
0.06611 2.79745 -3.19929 139 139 139
0.19168 2.80068 -3.19148 140 140 140
0.31704 2.79514 -3.18393 139 139 139
0.44296 2.79710 -3.17963 137 137 137
0.56726 2.79674 -3.15976 143 143 143
0.69033 2.80085 -3.13377 140 140 140
0.81431 2.80415 -3.11211 147 147 147
0.93397 2.80287 -3.07284 145 145 145
1.05610 2.79740 -3.04251 138 138 138
1.17519 2.80297 -3.00191 144 144 144
1.28854 2.80293 -2.94684 142 142 142
1.40506 2.80135 -2.90004 149 149 149
1.52098 2.79701 -2.85098 138 138 138
1.63054 2.79889 -2.78913 142 142 142
1.73615 2.80001 -2.72090 149 149 149
1.84476 2.80028 -2.65757 151 151 151
1.94385 2.80467 -2.58012 143 143 143
2.04897 2.79931 -2.51087 140 140 140
2.14223 2.80184 -2.42645 140 140 140
2.23815 2.79863 -2.34533 148 148 148
2.32675 2.79755 -2.25628 150 150 150
2.41319 2.80236 -2.16525 149 149 149
2.49912 2.79808 -2.07362 154 154 154
2.57690 2.79906 -1.97498 147 147 147
2.65483 2.80229 -1.87645 150 150 150
2.72895 2.79885 -1.77488 154 154 154
2.79545 2.79859 -1.66818 149 149 149
2.85998 2.79788 -1.56027 154 154 154
2.91621 2.80361 -1.44783 156 156 156
2.97248 2.79724 -1.33549 151 151 151
3.02515 2.80017 -1.22131 155 155 155
3.06455 2.80090 -1.10181 164 164 164
3.10419 2.79637 -0.98276 168 168 168
3.15170 2.80349 -0.86585 156 156 156
3.17041 2.79622 -0.74091 160 160 160
3.20186 2.79607 -0.61937 159 159 159
3.22512 2.80216 -0.49597 166 166 166
3.23824 2.80226 -0.37107 165 165 165
3.26039 2.80181 -0.24702 166 166 166
3.27473 2.80215 -0.12169 160 160 160
3.27191 3.20263 0.00500 167 167 167
3.27548 3.19491 0.13073 171 171 171
3.26286 3.20109 0.25585 172 172 172
3.25365 3.19716 0.38116 172 172 172
3.23508 3.19694 0.50543 175 175 175
3.21494 3.20158 0.62948 175 175 175
3.18316 3.19961 0.75109 179 179 179
3.15848 3.19851 0.87450 182 182 182
3.11297 3.19817 0.99194 174 174 174
3.07549 3.19797 1.11177 174 174 174
3.02809 3.20150 1.22802 179 179 179
2.98223 3.19522 1.34503 175 175 175
2.92774 3.20068 1.45830 179 179 179
2.86661 3.19901 1.56811 172 172 172
2.79796 3.20336 1.67334 178 178 178
2.73842 3.19938 1.78433 181 181 181
2.66254 3.20070 1.88462 180 180 180
2.58966 3.19841 1.98703 180 180 180
2.50632 3.19950 2.08114 192 192 192
2.42643 3.20345 2.17821 183 183 183
2.33803 3.19808 2.26756 192 192 192
2.25088 3.20012 2.35835 187 187 187
2.15438 3.20205 2.43909 184 184 184
2.05675 3.19701 2.51824 189 189 189
1.95560 3.20253 2.59278 192 192 192
1.85103 3.19656 2.66231 195 195 195
1.74828 3.20306 2.73478 186 186 186
1.63950 3.19957 2.79777 187 187 187
1.52819 3.19675 2.85614 198 198 198
1.41537 3.20061 2.91148 199 199 199
1.30017 3.19959 2.96169 201 201 201
1.18393 3.19951 3.00963 196 196 196
1.06288 3.20272 3.04394 192 192 192
0.94572 3.19902 3.09070 194 194 194
0.82131 3.19996 3.11167 194 194 194
0.69980 3.19955 3.14376 194 194 194
0.57565 3.20362 3.16304 197 197 197
0.45156 3.20323 3.18266 198 198 198
0.32678 3.19475 3.19836 193 193 193
0.20118 3.19815 3.20487 199 199 199
0.07546 3.20158 3.20118 196 196 196
-0.05025 3.20096 3.20447 194 194 194
-0.17559 3.20270 3.19486 193 193 193
-0.30043 3.19755 3.18086 194 194 194
-0.42556 3.20141 3.16830 193 193 193
-0.54983 3.20154 3.14850 194 194 194
-0.67090 3.19664 3.11377 196 196 196
-0.79266 3.19668 3.08310 198 198 198
-0.91180 3.20062 3.04346 202 202 202
-1.03218 3.19264 3.00736 191 191 191
-1.14751 3.20363 2.95749 190 190 190
-1.26676 3.20220 2.91648 200 200 200
-1.37850 3.20068 2.85853 190 190 190
-1.48645 3.20413 2.79397 193 193 193
-1.59688 3.20429 2.73400 192 192 192
-1.69816 3.20046 2.65939 188 188 188
-1.80558 3.19608 2.59401 182 182 182
-1.90731 3.20013 2.52012 190 190 190
-2.00327 3.19898 2.43887 188 188 188
-2.09683 3.19786 2.35496 188 188 188
-2.18673 3.19962 2.26718 186 186 186
-2.27268 3.19643 2.17559 187 187 187
-2.35404 3.19636 2.07998 182 182 182
-2.43887 3.19791 1.98713 178 178 178
-2.51106 3.20612 1.88421 184 184 184
-2.58761 3.19972 1.78440 186 186 186
-2.65209 3.20402 1.67644 182 182 182
-2.72131 3.19958 1.57126 182 182 182
-2.77438 3.19786 1.45706 177 177 177
-2.82988 3.19933 1.34438 171 171 171
-2.88622 3.19809 1.23176 173 173 173
-2.92464 3.20267 1.11179 183 183 183
-2.97672 3.20030 0.99671 175 175 175
-3.00340 3.20085 0.87333 181 181 181
-3.04599 3.19726 0.75439 174 174 174
-3.05635 3.19670 0.62795 180 180 180
-3.07693 3.20102 0.50429 169 169 169
-3.10305 3.19879 0.38120 165 165 165
-3.11612 3.20223 0.25618 169 169 169
-3.12339 3.20337 0.13068 171 171 171
-3.13008 3.19810 0.00500 173 173 173
-3.12656 3.19589 -0.12081 168 168 168
-3.11698 3.19852 -0.24625 166 166 166
-3.10470 3.20017 -0.37140 162 162 162
-3.08495 3.19826 -0.49556 155 155 155
-3.06741 3.20154 -0.62016 160 160 160
-3.03410 3.19831 -0.74154 157 157 157
-3.00393 3.20103 -0.86348 159 159 159
-2.96787 3.19747 -0.98384 158 158 158
-2.92667 3.20224 -1.10255 154 154 154
-2.88395 3.19987 -1.22083 153 153 153
-2.83596 3.20000 -1.33719 157 157 157
-2.77634 3.19957 -1.44807 154 154 154
-2.71869 3.19747 -1.55980 148 148 148
-2.65146 3.20332 -1.66606 154 154 154
-2.58376 3.20168 -1.77184 152 152 152
-2.50860 3.19912 -1.87243 160 160 160
-2.43807 3.20047 -1.97652 151 151 151
-2.35631 3.20459 -2.07194 145 145 145
-2.27088 3.20004 -2.16394 148 148 148
-2.18307 3.19758 -2.25354 147 147 147
-2.10010 3.20053 -2.34851 148 148 148
-2.00498 3.20208 -2.43089 140 140 140
-1.90487 3.19804 -2.50705 149 149 149
-1.80913 3.20109 -2.58892 145 145 145
-1.70296 3.20658 -2.65659 146 146 146
-1.59580 3.20406 -2.72226 143 143 143
-1.48927 3.19922 -2.78902 139 139 139
-1.37696 3.20125 -2.84554 141 141 141
-1.26511 3.19997 -2.90292 133 133 133
-1.14858 3.20548 -2.95009 150 150 150
-1.03144 3.20111 -2.99539 142 142 142
-0.91417 3.19776 -3.04078 145 145 145
-0.79396 3.19969 -3.07773 143 143 143
-0.67162 3.20075 -3.10680 139 139 139
-0.54808 3.19698 -3.12973 134 134 134
-0.42583 3.20077 -3.15999 139 139 139
-0.30095 3.20089 -3.17526 139 139 139
-0.17542 3.20118 -3.18275 137 137 137
-0.05031 3.20089 -3.19607 136 136 136
0.07546 3.20215 -3.18999 138 138 138
0.20112 3.20468 -3.19332 141 141 141
0.32676 3.20331 -3.18816 143 143 143
0.45130 3.19906 -3.17049 129 129 129
0.57489 3.19817 -3.14829 146 146 146
0.69982 3.19684 -3.13387 138 138 138
0.82119 3.20105 -3.10121 136 136 136
0.94439 3.20337 -3.07601 136 136 136
1.06373 3.20208 -3.03658 143 143 143
1.18340 3.20536 -2.99821 146 146 146
1.29733 3.20165 -2.94486 139 139 139
1.41470 3.20285 -2.90005 140 140 140
1.52766 3.20252 -2.84511 144 144 144
1.64011 3.19837 -2.78889 144 144 144
1.74533 3.20466 -2.71999 142 142 142
1.85240 3.20016 -2.65438 138 138 138
1.95606 3.19654 -2.58343 145 145 145
2.05839 3.20221 -2.51035 146 146 146
2.15230 3.19988 -2.42668 139 139 139
2.25096 3.19910 -2.34845 144 144 144
2.33607 3.20124 -2.25562 149 149 149
2.42521 3.19456 -2.16710 147 147 147
2.51209 3.20081 -2.07609 147 147 147
2.58891 3.20128 -1.97646 150 150 150
2.67019 3.19586 -1.88019 152 152 152
2.73645 3.20423 -1.77302 154 154 154
2.80243 3.20049 -1.66610 153 153 153
2.86623 3.20042 -1.55791 161 161 161
2.93217 3.20567 -1.45058 161 161 161
2.98515 3.20181 -1.33639 154 154 154
3.02721 3.20148 -1.21766 157 157 157
3.07475 3.19983 -1.10151 154 154 154
3.11482 3.20294 -0.98255 159 159 159
3.16109 3.20189 -0.86524 160 160 160
3.18844 3.20487 -0.74237 161 161 161
3.21853 3.20210 -0.62020 159 159 159
3.23890 3.19955 -0.49604 161 161 161
3.25536 3.20388 -0.37137 169 169 169
3.26919 3.19947 -0.24635 158 158 158
3.26951 3.20452 -0.12050 164 164 164
3.28915 3.59996 0.00563 164 164 164
3.28351 3.60117 0.13130 171 171 171
3.27433 3.59361 0.25665 165 165 165
3.27484 3.60282 0.38319 175 175 175
3.25012 3.59983 0.50697 176 176 176
3.22683 3.59576 0.63062 173 173 173
3.19586 3.59601 0.75253 176 176 176
3.16496 3.59717 0.87433 174 174 174
3.13247 3.59913 0.99588 164 164 164
3.08749 3.59736 1.11339 176 176 176
3.04314 3.60399 1.23102 183 183 183
2.99073 3.60231 1.34529 177 177 177
2.93421 3.60201 1.45748 185 185 185
2.87439 3.60301 1.56788 182 182 182
2.81317 3.59724 1.67758 182 182 182
2.75087 3.59897 1.78705 187 187 187
2.67784 3.60431 1.88959 183 183 183
2.60038 3.60204 1.98876 184 184 184
2.51656 3.60386 2.08256 178 178 178
2.43829 3.59995 2.18119 192 192 192
2.34358 3.59618 2.26443 181 181 181
2.25832 3.60120 2.35695 185 185 185
2.16502 3.60166 2.44128 193 193 193
2.06508 3.60155 2.51763 186 186 186
1.96811 3.59621 2.59781 190 190 190
1.86289 3.59695 2.66675 185 185 185
1.75762 3.60123 2.73545 189 189 189
1.64792 3.59583 2.79681 192 192 192
1.54080 3.59563 2.86323 191 191 191
1.42673 3.59703 2.91655 196 196 196
1.30907 3.59766 2.96133 190 190 190
1.19254 3.60457 3.00836 198 198 198
1.07363 3.60193 3.04900 195 195 195
0.95318 3.60120 3.08476 192 192 192
0.83187 3.59863 3.11751 200 200 200
0.70886 3.59949 3.14313 193 193 193
0.58551 3.59826 3.16718 189 189 189
0.46113 3.60008 3.18548 198 198 198
0.33610 3.59933 3.19909 193 193 193
0.21053 3.60277 3.20646 194 194 194
0.08477 3.60202 3.20282 196 196 196
-0.04088 3.60333 3.20349 194 194 194
-0.16642 3.60271 3.19725 191 191 191
-0.29176 3.60065 3.18682 196 196 196
-0.41548 3.60195 3.16400 200 200 200
-0.53977 3.60020 3.14538 192 192 192
-0.66318 3.60024 3.12103 199 199 199
-0.78251 3.59489 3.08073 189 189 189
-0.90445 3.59964 3.05009 195 195 195
-1.02168 3.60347 3.00476 203 203 203
-1.14209 3.60320 2.96751 191 191 191
-1.25798 3.60115 2.91824 195 195 195
-1.36898 3.59759 2.85875 194 194 194
-1.47925 3.60001 2.79836 192 192 192
-1.58787 3.60322 2.73510 194 194 194
-1.69234 3.59511 2.66524 191 191 191
-1.79670 3.59644 2.59523 193 193 193
-1.89717 3.60141 2.51969 182 182 182
-1.99444 3.60443 2.44005 193 193 193
-2.08704 3.59981 2.35506 180 180 180
-2.17886 3.59952 2.26924 181 181 181
-2.26635 3.60037 2.17896 189 189 189
-2.35415 3.59981 2.08865 193 193 193
-2.43058 3.60221 1.98856 182 182 182
-2.50488 3.60268 1.88710 183 183 183
-2.57582 3.60242 1.78336 180 180 180
-2.64492 3.59853 1.67837 184 184 184
-2.70725 3.60421 1.56922 182 182 182
-2.77195 3.59900 1.46119 177 177 177
-2.81956 3.60140 1.34453 177 177 177
-2.87262 3.60560 1.23061 170 170 170
-2.91909 3.59793 1.11380 166 166 166
-2.95688 3.59925 0.99391 178 178 178
-2.98712 3.60259 0.87198 183 183 183
-3.02580 3.59863 0.75240 178 178 178
-3.05101 3.59712 0.62937 170 170 170
-3.08259 3.60202 0.50728 165 165 165
-3.09654 3.60112 0.38216 170 170 170
-3.10173 3.59969 0.25641 171 171 171
-3.11616 3.59848 0.13139 172 172 172
-3.11727 3.60217 0.00563 162 162 162
-3.11876 3.60248 -0.12024 167 167 167
-3.10273 3.59901 -0.24524 156 156 156
-3.09114 3.60097 -0.37027 161 161 161
-3.07752 3.59944 -0.49524 164 164 164
-3.05507 3.59585 -0.61893 160 160 160
-3.02924 3.59906 -0.74199 156 156 156
-2.98989 3.60310 -0.86152 161 161 161
-2.96412 3.59992 -0.98503 160 160 160
-2.92036 3.59960 -1.10303 160 160 160
-2.87930 3.59989 -1.22214 154 154 154
-2.81792 3.60171 -1.33254 153 153 153
-2.76369 3.60148 -1.44575 157 157 157
-2.70361 3.59730 -1.55595 159 159 159
-2.64480 3.60078 -1.66707 157 157 157
-2.57172 3.60252 -1.76939 151 151 151
-2.50697 3.59589 -1.87739 153 153 153
-2.42495 3.60113 -1.97289 149 149 149
-2.34451 3.59561 -2.06919 151 151 151
-2.26654 3.59855 -2.16791 148 148 148
-2.17705 3.59722 -2.25620 148 148 148
-2.08502 3.60139 -2.34165 147 147 147
-1.99314 3.59580 -2.42730 146 146 146
-1.89725 3.60122 -2.50856 149 149 149
-1.79466 3.59813 -2.58120 145 145 145
-1.69454 3.59910 -2.65731 137 137 137
-1.58629 3.60167 -2.72131 147 147 147
-1.47531 3.59770 -2.78011 140 140 140
-1.36934 3.60153 -2.84823 136 136 136
-1.25838 3.60071 -2.90789 140 140 140
-1.14427 3.59735 -2.96154 138 138 138
-1.02321 3.60014 -2.99768 141 141 141
-0.90267 3.60020 -3.03339 144 144 144
-0.78293 3.60150 -3.07101 146 146 146
-0.66319 3.60096 -3.10984 139 139 139
-0.53790 3.60420 -3.12475 146 146 146
-0.41642 3.60364 -3.15872 142 142 142
-0.29172 3.60173 -3.17533 143 143 143
-0.16663 3.59875 -3.18868 139 139 139
-0.04083 3.60113 -3.19100 147 147 147
0.08477 3.60026 -3.18949 138 138 138
0.21026 3.60546 -3.18832 141 141 141
0.33582 3.60083 -3.18436 145 145 145
0.46066 3.60102 -3.17030 134 134 134
0.58595 3.60095 -3.15874 147 147 147
0.70975 3.59785 -3.13636 134 134 134
0.83251 3.60119 -3.10893 140 140 140
0.95336 3.60056 -3.07419 145 145 145
1.07483 3.60155 -3.04147 136 136 136
1.19183 3.59983 -2.99519 142 142 142
1.30519 3.59840 -2.94074 144 144 144
1.42437 3.59837 -2.90020 143 143 143
1.53873 3.59712 -2.84794 147 147 147
1.64935 3.59876 -2.78815 139 139 139
1.75698 3.60582 -2.72319 147 147 147
1.86150 3.59879 -2.65345 145 145 145
1.96496 3.60104 -2.58225 143 143 143
2.06765 3.60171 -2.50966 141 141 141
2.16204 3.59805 -2.42656 143 143 143
2.25712 3.59997 -2.34442 146 146 146
2.34536 3.59033 -2.25498 153 153 153
2.43802 3.60343 -2.16971 153 153 153
2.51848 3.59796 -2.07297 146 146 146
2.59935 3.60821 -1.97672 158 158 158
2.67324 3.59849 -1.87502 159 159 159
2.74574 3.60124 -1.77239 151 151 151
2.81236 3.59775 -1.66586 152 152 152
2.87854 3.60295 -1.55897 153 153 153
2.94123 3.60124 -1.44983 150 150 150
2.99160 3.59712 -1.33445 159 159 159
3.04530 3.60100 -1.22067 167 167 167
3.08352 3.60027 -1.10068 165 165 165
3.12988 3.60517 -0.98380 155 155 155
3.15722 3.59913 -0.86090 159 159 159
3.19497 3.59738 -0.74107 161 161 161
3.22391 3.60035 -0.61879 157 157 157
3.24125 3.59930 -0.49432 164 164 164
3.26341 3.60467 -0.37059 161 161 161
3.27615 3.59894 -0.24554 166 166 166
3.28679 3.59983 -0.12018 163 163 163
3.29256 3.99703 0.00625 168 168 168
3.28979 4.00119 0.13181 171 171 171
3.28220 4.00101 0.25716 163 163 163
3.27400 4.00337 0.38262 162 162 162
3.25634 3.99546 0.50711 173 173 173
3.23623 3.99882 0.63127 174 174 174
3.20288 3.99621 0.75262 173 173 173
3.17588 3.99944 0.87542 177 177 177
3.13503 3.99862 0.99432 177 177 177
3.09235 3.99817 1.11238 181 181 181
3.05202 4.00151 1.23148 177 177 177
3.00119 4.00263 1.34646 182 182 182
2.94923 3.99923 1.46104 179 179 179
2.88531 4.00053 1.56943 186 186 186
2.82244 3.99687 1.67821 179 179 179
2.75417 3.99733 1.78369 184 184 184
2.68073 4.00271 1.88558 191 191 191
2.60322 3.99825 1.98432 184 184 184
2.52986 4.00181 2.08663 184 184 184
2.44391 3.99828 2.17844 194 194 194
2.35550 4.00316 2.26770 189 189 189
2.26753 3.99652 2.35751 190 190 190
2.17534 4.00180 2.44313 193 193 193
2.07399 4.00292 2.51779 191 191 191
1.97779 3.99797 2.59900 194 194 194
1.87060 3.99659 2.66505 187 187 187
1.76538 3.99874 2.73362 189 189 189
1.65594 4.00243 2.79521 192 192 192
1.54656 4.00137 2.85696 190 190 190
1.43656 3.99911 2.91839 192 192 192
1.32069 4.00092 2.96763 190 190 190
1.20293 3.99935 3.01202 191 191 191
1.08241 3.99970 3.04812 195 195 195
0.96330 4.00434 3.08842 195 195 195
0.84107 4.00244 3.11785 201 201 201
0.71824 3.99785 3.14429 193 193 193
0.59519 3.99744 3.17041 191 191 191
0.46982 4.00446 3.18123 202 202 202
0.34501 4.00114 3.19512 201 201 201
0.21975 4.00090 3.20594 196 196 196
0.09403 3.99926 3.20281 191 191 191
-0.03154 4.00188 3.20226 190 190 190
-0.15696 3.99644 3.19543 197 197 197
-0.28221 3.99871 3.18511 190 190 190
-0.40656 4.00396 3.16686 197 197 197
-0.52981 3.99947 3.14250 188 188 188
-0.65238 4.00139 3.11524 194 194 194
-0.77481 3.99991 3.08691 187 187 187
-0.89475 3.99422 3.04939 194 194 194
-1.01356 4.00370 3.00848 190 190 190
-1.13165 4.00033 2.96527 192 192 192
-1.24469 4.00036 2.91014 195 195 195
-1.35927 3.99882 2.85849 194 194 194
-1.47050 4.00131 2.79991 196 196 196
-1.57746 3.99857 2.73386 193 193 193
-1.68190 3.99863 2.66410 188 188 188
-1.78583 4.00085 2.59364 182 182 182
-1.88375 4.00371 2.51503 188 188 188
-1.98204 3.99689 2.43700 182 182 182
-2.07589 4.00087 2.35365 184 184 184
-2.17032 3.99689 2.27059 189 189 189
-2.24924 4.00159 2.17234 188 188 188
-2.34016 3.99799 2.08524 182 182 182
-2.42043 4.00186 1.98848 180 180 180
-2.49643 4.00066 1.88832 179 179 179
-2.56610 3.99927 1.78369 181 181 181
-2.63034 4.00118 1.67574 177 177 177
-2.70016 4.00261 1.57107 182 182 182
-2.75791 3.99945 1.45938 184 184 184
-2.81113 4.00223 1.34554 177 177 177
-2.86589 4.00097 1.23229 172 172 172
-2.90017 3.99772 1.11086 171 171 171
-2.95256 4.00096 0.99614 180 180 180
-2.97928 4.00323 0.87301 174 174 174
-3.01884 3.99754 0.75358 176 176 176
-3.04515 3.99911 0.63067 167 167 167
-3.06683 4.00142 0.50688 172 172 172
-3.08288 3.99683 0.38226 169 169 169
-3.09165 3.99663 0.25697 164 164 164
-3.10474 4.00328 0.13193 167 167 167
-3.10853 4.00220 0.00625 159 159 159
-3.10973 4.00316 -0.11963 165 165 165
-3.09058 3.99702 -0.24439 167 167 167
-3.08375 4.00221 -0.36987 165 165 165
-3.06417 4.00097 -0.49396 173 173 173
-3.03962 4.00484 -0.61708 162 162 162
-3.01907 4.00256 -0.74114 162 162 162
-2.98577 3.99820 -0.86235 162 162 162
-2.95091 4.00093 -0.98312 160 160 160
-2.91425 4.00054 -1.10357 158 158 158
-2.85683 4.00106 -1.21605 154 154 154
-2.80989 3.99730 -1.33249 147 147 147
-2.75924 3.99592 -1.44758 154 154 154
-2.70117 4.00119 -1.55915 147 147 147
-2.63375 4.00079 -1.66535 152 152 152
-2.56038 3.99861 -1.76738 153 153 153
-2.49250 4.00065 -1.87299 147 147 147
-2.42028 4.00090 -1.97588 147 147 147
-2.34100 4.00081 -2.07348 154 154 154
-2.25838 3.99552 -2.16831 143 143 143
-2.17225 4.00227 -2.26004 145 145 145
-2.07980 3.99839 -2.34540 143 143 143
-1.98482 4.00025 -2.42779 144 144 144
-1.88867 4.00210 -2.50881 146 146 146
-1.78697 3.99907 -2.58274 152 152 152
-1.68514 4.00028 -2.65648 146 146 146
-1.57542 4.00190 -2.71806 148 148 148
-1.47053 4.00336 -2.78750 140 140 140
-1.35701 3.99911 -2.84159 141 141 141
-1.24468 3.99983 -2.89766 140 140 140
-1.13002 4.00153 -2.94888 139 139 139
-1.01473 4.00125 -2.99919 136 136 136
-0.89435 4.00290 -3.03570 140 140 140
-0.77235 3.99903 -3.06573 138 138 138
-0.65285 3.99901 -3.10475 139 139 139
-0.53061 3.99901 -3.13403 138 138 138
-0.40651 4.00134 -3.15408 143 143 143
-0.28240 4.00226 -3.17420 144 144 144
-0.15667 3.99875 -3.17925 140 140 140
-0.03124 3.99880 -3.18213 144 144 144
0.09403 4.00278 -3.18877 146 146 146
0.21961 3.99974 -3.18988 144 144 144
0.34545 4.00063 -3.18836 134 134 134
0.46962 3.99845 -3.16711 132 132 132
0.59359 3.99867 -3.14786 140 140 140
0.71711 4.00056 -3.12619 140 140 140
0.83960 4.00392 -3.09928 135 135 135
0.96317 4.00228 -3.07549 142 142 142
1.08159 3.99967 -3.03314 146 146 146
1.20092 4.00161 -2.99411 146 146 146
1.31952 3.99815 -2.95234 141 141 141
1.43226 3.99834 -2.89660 144 144 144
1.54886 3.99714 -2.84903 139 139 139
1.65951 4.00079 -2.78911 147 147 147
1.76601 3.99595 -2.72218 144 144 144
1.87479 3.99581 -2.65885 141 141 141
1.97361 4.00106 -2.58077 141 141 141
2.07319 3.99898 -2.50431 150 150 150
2.16804 4.00027 -2.42212 148 148 148
2.26224 3.99958 -2.33932 143 143 143
2.35969 4.00493 -2.25942 154 154 154
2.44775 3.99816 -2.16952 146 146 146
2.52386 4.00305 -2.06903 148 148 148
2.60626 4.00091 -1.97424 152 152 152
2.68198 3.99980 -1.87401 153 153 153
2.75592 4.00219 -1.77238 159 159 159
2.81907 4.00053 -1.66367 146 146 146
2.88565 3.99970 -1.55714 159 159 159
2.94554 4.00090 -1.44668 155 155 155
3.00080 3.99927 -1.33380 150 150 150
3.05073 4.00164 -1.21846 162 162 162
3.09720 4.00212 -1.10168 162 162 162
3.14018 4.00007 -0.98351 162 162 162
3.18192 4.00276 -0.86463 155 155 155
3.20546 4.00019 -0.74074 163 163 163
3.22418 4.00176 -0.61638 159 159 159
3.25704 4.00347 -0.49472 165 165 165
3.27446 4.00091 -0.37018 162 162 162
3.28079 4.00159 -0.24456 163 163 163
3.28824 4.00139 -0.11925 163 163 163
3.30595 4.40035 0.00688 165 165 165
3.29592 4.40417 0.13231 170 170 170
3.28973 4.39989 0.25766 163 163 163
3.27916 4.40276 0.38277 176 176 176
3.26505 4.39918 0.50765 171 171 171
3.23894 4.39807 0.63060 172 172 172
3.21993 4.39766 0.75512 176 176 176
3.18198 4.39715 0.87516 184 184 184
3.15201 4.39724 0.99747 180 180 180
3.10647 4.40098 1.11482 175 175 175
3.05636 4.39758 1.23008 174 174 174
3.00573 4.39812 1.34493 178 178 178
2.95634 4.39654 1.46059 181 181 181
2.89672 4.40090 1.57128 189 189 189
2.83299 4.40618 1.67965 179 179 179
2.76099 4.40055 1.78271 191 191 191
2.68699 4.40300 1.88406 184 184 184
2.61642 4.39905 1.98808 185 185 185
2.53550 4.39636 2.08420 185 185 185
2.45035 4.39731 2.17650 188 188 188
2.36780 4.39881 2.27141 188 188 188
2.27679 4.39877 2.35818 193 193 193
2.18444 4.40173 2.44361 192 192 192
2.08727 4.40293 2.52358 190 190 190
1.98051 4.39812 2.59067 198 198 198
1.88094 4.40260 2.66734 187 187 187
1.77684 4.39783 2.73789 194 194 194
1.66503 4.40210 2.79561 196 196 196
1.55685 4.39806 2.85970 186 186 186
1.44347 4.39833 2.91401 188 188 188
1.32967 4.40013 2.96767 190 190 190
1.21156 4.40049 3.01105 192 192 192
1.08999 4.39336 3.04370 200 200 200
0.97160 4.40137 3.08579 201 201 201
0.85001 4.40146 3.11733 189 189 189
0.72902 4.39630 3.15279 197 197 197
0.60282 4.39869 3.16101 195 195 195
0.47941 4.40174 3.18494 187 187 187
0.35411 4.39938 3.19432 193 193 193
0.22884 4.40125 3.20317 197 197 197
0.10325 4.39892 3.20956 191 191 191
-0.02267 4.40076 3.21166 198 198 198
-0.14791 4.40198 3.19813 191 191 191
-0.27261 4.40351 3.18243 194 194 194
-0.39700 4.40166 3.16533 201 201 201
-0.52061 4.39815 3.14319 198 198 198
-0.64434 4.39986 3.12077 200 200 200
-0.76511 4.40215 3.08581 197 197 197
-0.88541 4.39801 3.04964 196 196 196
-1.00499 4.40110 3.01086 188 188 188
-1.12215 4.40077 2.96523 193 193 193
-1.23732 4.40192 2.91476 207 207 207
-1.34990 4.39326 2.85881 193 193 193
-1.45853 4.39500 2.79561 186 186 186
-1.57057 4.39718 2.73828 195 195 195
-1.67650 4.39918 2.67044 194 194 194
-1.77863 4.40042 2.59704 195 195 195
-1.87669 4.40022 2.51840 196 196 196
-1.97387 4.40048 2.43885 185 185 185
-2.07289 4.39691 2.36099 189 189 189
-2.15890 4.40199 2.26901 188 188 188
-2.24790 4.39751 2.18024 192 192 192
-2.33128 4.39621 2.08614 176 176 176
-2.41006 4.40168 1.98819 183 183 183
-2.48767 4.40184 1.88928 185 185 185
-2.55926 4.39813 1.78590 181 181 181
-2.62582 4.39783 1.67924 194 194 194
-2.68592 4.39792 1.56887 182 182 182
-2.74693 4.39513 1.45911 178 178 178
-2.80320 4.39677 1.34676 187 187 187
-2.85395 4.39761 1.23178 180 180 180
-2.89829 4.39647 1.11420 176 176 176
-2.94114 4.40103 0.99605 176 176 176
-2.97150 4.40148 0.87404 173 173 173
-3.00602 4.39700 0.75334 172 172 172
-3.03158 4.39719 0.63043 171 171 171
-3.06014 4.39877 0.50790 177 177 177
-3.08099 4.40252 0.38375 170 170 170
-3.08880 4.39601 0.25809 172 172 172
-3.08819 4.39592 0.13227 175 175 175
-3.09821 4.40055 0.00688 171 171 171
-3.09437 4.39750 -0.11876 168 168 168
-3.08507 4.40061 -0.24405 168 168 168
-3.07365 4.39511 -0.36914 165 165 165
-3.05887 4.39802 -0.49396 162 162 162
-3.03948 4.39724 -0.61826 160 160 160
-3.00512 4.39914 -0.73939 162 162 162
-2.97698 4.39899 -0.86185 162 162 162
-2.94539 4.40482 -0.98370 155 155 155
-2.89803 4.40042 -1.10037 159 159 159
-2.85337 4.39568 -1.21781 156 156 156
-2.80733 4.39901 -1.33493 158 158 158
-2.74987 4.40202 -1.44688 153 153 153
-2.68553 4.39993 -1.55493 152 152 152
-2.62561 4.40022 -1.66539 152 152 152
-2.55782 4.39710 -1.77121 151 151 151
-2.48314 4.39669 -1.87226 148 148 148
-2.40820 4.39663 -1.97301 151 151 151
-2.33077 4.39910 -2.07199 156 156 156
-2.24779 4.39680 -2.16642 150 150 150
-2.15803 4.40117 -2.25442 158 158 158
-2.07110 4.40083 -2.34534 139 139 139
-1.97158 4.40242 -2.42246 146 146 146
-1.87879 4.39857 -2.50735 142 142 142
-1.77954 4.40296 -2.58458 139 139 139
-1.67693 4.40234 -2.65737 146 146 146
-1.56661 4.40158 -2.71811 139 139 139
-1.46006 4.39853 -2.78463 142 142 142
-1.34818 4.39915 -2.84174 144 144 144
-1.23766 4.39661 -2.90180 144 144 144
-1.12252 4.39818 -2.95242 140 140 140
-1.00461 4.40125 -2.99611 140 140 140
-0.88583 4.39780 -3.03722 142 142 142
-0.76661 4.39743 -3.07743 144 144 144
-0.64301 4.40079 -3.10154 139 139 139
-0.52184 4.40352 -3.13565 143 143 143
-0.39809 4.40342 -3.15850 146 146 146
-0.27264 4.39865 -3.16901 144 144 144
-0.14816 4.40252 -3.18757 138 138 138
-0.02241 4.40090 -3.19151 141 141 141
0.10325 4.39723 -3.19610 136 136 136
0.22876 4.39928 -3.18757 139 139 139
0.35500 4.40176 -3.19186 140 140 140
0.47929 4.40077 -3.17023 138 138 138
0.60372 4.39906 -3.15299 143 143 143
0.72797 4.40171 -3.13380 138 138 138
0.85069 4.39698 -3.10644 143 143 143
0.97209 4.40023 -3.07381 146 146 146
1.09132 4.40518 -3.03411 141 141 141
1.21259 4.39629 -3.00013 141 141 141
1.32563 4.40191 -2.94422 142 142 142
1.44370 4.39813 -2.90080 138 138 138
1.55430 4.39867 -2.84098 139 139 139
1.66515 4.39971 -2.78212 143 143 143
1.77274 4.39821 -2.71750 141 141 141
1.88091 4.40102 -2.65360 146 146 146
1.98322 4.39869 -2.58070 145 145 145
2.08376 4.39681 -2.50540 143 143 143
2.18036 4.39924 -2.42512 143 143 143
2.27776 4.39880 -2.34551 152 152 152
2.36537 4.40408 -2.25526 144 144 144
2.45273 4.39523 -2.16498 141 141 141
2.53266 4.39947 -2.06805 146 146 146
2.62008 4.39698 -1.97725 153 153 153
2.69211 4.39921 -1.87406 149 149 149
2.76676 4.40353 -1.77284 149 149 149
2.83190 4.39706 -1.66526 147 147 147
2.89757 4.40243 -1.55803 155 155 155
2.94922 4.39838 -1.44323 154 154 154
3.00590 4.40250 -1.33128 157 157 157
3.05845 4.40203 -1.21722 161 161 161
3.10167 4.40165 -1.09931 162 162 162
3.13936 4.40171 -0.97962 160 160 160
3.18253 4.40019 -0.86158 165 165 165
3.21370 4.39772 -0.73988 161 161 161
3.24360 4.39644 -0.61779 159 159 159
3.26603 4.40248 -0.49407 157 157 157
3.29029 4.40076 -0.37034 165 165 165
3.29668 4.39958 -0.24446 163 163 163
3.29639 4.39999 -0.11859 162 162 162
3.31734 4.80272 0.00750 161 161 161
3.31296 4.80360 0.13325 169 169 169
3.30127 4.80055 0.25847 168 168 168
3.29455 4.80092 0.38413 172 172 172
3.27472 4.80524 0.50836 178 178 178
3.25546 4.80324 0.63269 167 167 167
3.22479 4.79937 0.75471 174 174 174
3.19331 4.80168 0.87640 180 180 180
3.16106 4.80199 0.99806 176 176 176
3.11200 4.80158 1.11410 179 179 179
3.07148 4.79981 1.23317 174 174 174
3.02101 4.79789 1.34837 174 174 174
2.96922 4.79616 1.46310 178 178 178
2.90435 4.80180 1.57105 175 175 175
2.83945 4.79863 1.67861 184 184 184
2.78244 4.79817 1.79154 187 187 187
2.70289 4.79832 1.88957 184 184 184
2.62484 4.79954 1.98812 182 182 182
2.54311 4.79960 2.08349 187 187 187
2.46152 4.80198 2.17897 186 186 186
2.37131 4.79969 2.26637 187 187 187
2.28444 4.80722 2.35716 193 193 193
2.18811 4.80091 2.43780 183 183 183
2.09153 4.79881 2.51796 186 186 186
1.99304 4.79998 2.59593 197 197 197
1.88930 4.80206 2.66676 189 189 189
1.78260 4.79880 2.73295 189 189 189
1.67637 4.79996 2.80011 197 197 197
1.56647 4.79708 2.86121 191 191 191
1.45330 4.79820 2.91607 187 187 187
1.33787 4.80228 2.96597 195 195 195
1.21884 4.80352 3.00656 188 188 188
1.10026 4.80380 3.04774 192 192 192
0.98198 4.79954 3.09070 194 194 194
0.85911 4.80446 3.11766 192 192 192
0.73572 4.79828 3.14101 200 200 200
0.61263 4.80478 3.16566 200 200 200
0.48797 4.79989 3.18045 195 195 195
0.36391 4.80203 3.20293 197 197 197
0.23795 4.79984 3.20237 192 192 192
0.11242 4.80051 3.20629 194 194 194
-0.01299 4.79979 3.19927 198 198 198
-0.13846 4.79849 3.19513 187 187 187
-0.26412 4.80074 3.18877 193 193 193
-0.38840 4.80099 3.16948 189 189 189
-0.51045 4.79920 3.13880 194 194 194
-0.63429 4.79901 3.11769 192 192 192
-0.75609 4.79689 3.08696 195 195 195
-0.87696 4.80113 3.05244 192 192 192
-0.99634 4.80597 3.01286 192 192 192
-1.11335 4.79556 2.96673 199 199 199
-1.22452 4.79840 2.90750 197 197 197
-1.33937 4.79964 2.85676 196 196 196
-1.45328 4.80143 2.80321 190 190 190
-1.56002 4.80010 2.73663 189 189 189
-1.66521 4.79894 2.66788 188 188 188
-1.76859 4.80276 2.59646 185 185 185
-1.86634 4.79544 2.51751 188 188 188
-1.96373 4.80047 2.43833 194 194 194
-2.06065 4.80089 2.35829 187 187 187
-2.15212 4.80225 2.27202 185 185 185
-2.24082 4.79684 2.18279 188 188 188
-2.32266 4.79903 2.08724 181 181 181
-2.39897 4.79899 1.98730 178 178 178
-2.48029 4.80204 1.89120 186 186 186
-2.54423 4.80080 1.78260 174 174 174
-2.61874 4.79901 1.68114 185 185 185
-2.68564 4.80089 1.57448 178 178 178
-2.74003 4.79667 1.46088 181 181 181
-2.79441 4.80189 1.34756 187 187 187
-2.84546 4.80062 1.23268 173 173 173
-2.89840 4.80010 1.11824 176 176 176
-2.93049 4.79882 0.99620 170 170 170
-2.97136 4.80154 0.87721 174 174 174
-2.99990 4.79623 0.75470 172 172 172
-3.02322 4.79981 0.63121 172 172 172
-3.04874 4.79534 0.50817 172 172 172
-3.06412 4.79912 0.38347 164 164 164
-3.07968 4.79474 0.25872 168 168 168
-3.08211 4.80360 0.13301 174 174 174
-3.08944 4.79822 0.00750 170 170 170
-3.08614 4.79869 -0.11817 164 164 164
-3.07642 4.79716 -0.24347 160 160 160
-3.06623 4.80277 -0.36872 166 166 166
-3.04380 4.80021 -0.49240 160 160 160
-3.02104 4.80070 -0.61579 159 159 159
-2.99794 4.79717 -0.73924 162 162 162
-2.96697 4.80307 -0.86099 165 165 165
-2.92878 4.80353 -0.98066 156 156 156
-2.89046 4.79618 -1.10033 163 163 163
-2.84482 4.79799 -1.21744 158 158 158
-2.79178 4.80643 -1.33137 150 150 150
-2.74374 4.80314 -1.44780 150 150 150
-2.68115 4.79750 -1.55699 155 155 155
-2.61386 4.79649 -1.66318 148 148 148
-2.54907 4.80221 -1.77086 150 150 150
-2.47888 4.79758 -1.87521 142 142 142
-2.40287 4.79977 -1.97541 154 154 154
-2.32248 4.80140 -2.07212 148 148 148
-2.23457 4.80085 -2.16205 149 149 149
-2.14779 4.79816 -2.25272 154 154 154
-2.05649 4.80469 -2.33883 140 140 140
-1.96433 4.80191 -2.42407 154 154 154
-1.86701 4.80070 -2.50341 140 140 140
-1.76508 4.79980 -2.57667 148 148 148
-1.66350 4.80597 -2.65037 144 144 144
-1.55899 4.80182 -2.72000 142 142 142
-1.45098 4.80111 -2.78416 142 142 142
-1.33886 4.79960 -2.84081 136 136 136
-1.22848 4.80139 -2.90114 142 142 142
-1.11164 4.80158 -2.94764 149 149 149
-0.99475 4.80258 -2.99363 143 143 143
-0.87674 4.80167 -3.03684 141 141 141
-0.75485 4.79642 -3.06761 140 140 140
-0.63513 4.80156 -3.10626 139 139 139
-0.51049 4.80097 -3.12405 147 147 147
-0.38746 4.79715 -3.14859 134 134 134
-0.26479 4.80009 -3.17951 147 147 147
-0.13851 4.79948 -3.18080 142 142 142
-0.01313 4.79627 -3.18778 141 141 141
0.11242 4.79994 -3.19316 139 139 139
0.23798 4.79947 -3.18833 147 147 147
0.36375 4.80325 -3.18598 144 144 144
0.48870 4.80111 -3.17170 138 138 138
0.61404 4.79909 -3.15963 136 136 136
0.73693 4.79988 -3.13216 144 144 144
0.85848 4.80095 -3.10007 143 143 143
0.97998 4.80034 -3.06865 140 140 140
1.10002 4.80199 -3.03204 137 137 137
1.22094 4.79982 -2.99729 149 149 149
1.33747 4.79963 -2.95005 147 147 147
1.45096 4.79792 -2.89603 143 143 143
1.56592 4.80217 -2.84517 141 141 141
1.67710 4.79995 -2.78646 148 148 148
1.78035 4.79518 -2.71434 139 139 139
1.88621 4.79933 -2.64719 148 148 148
1.99611 4.79678 -2.58519 140 140 140
2.09054 4.80423 -2.50176 149 149 149
2.19076 4.80023 -2.42595 141 141 141
2.28271 4.79889 -2.34033 153 153 153
2.37671 4.79844 -2.25682 145 145 145
2.46328 4.80042 -2.16563 144 144 144
2.54673 4.80105 -2.07161 148 148 148
2.62563 4.80068 -1.97378 146 146 146
2.69964 4.80036 -1.87224 163 163 163
2.77476 4.80479 -1.77144 151 151 151
2.84148 4.80302 -1.66489 159 159 159
2.90331 4.79553 -1.55549 152 152 152
2.96581 4.79912 -1.44639 156 156 156
3.01993 4.80337 -1.33289 155 155 155
3.06753 4.79448 -1.21656 157 157 157
3.11769 4.79702 -1.10122 157 157 157
3.15762 4.79868 -0.98196 157 157 157
3.19505 4.80384 -0.86190 163 163 163
3.22444 4.79736 -0.73964 157 157 157
3.25251 4.79734 -0.61711 161 161 161
3.27799 4.80031 -0.49388 162 162 162
3.29550 4.80075 -0.36925 167 167 167
3.30042 4.80035 -0.24340 173 173 173
3.31626 4.79999 -0.11838 162 162 162
3.32157 5.20135 0.00813 167 167 167
3.32241 5.20242 0.13389 171 171 171
3.31305 5.19674 0.25930 177 177 177
3.30126 5.20192 0.38447 167 167 167
3.27893 5.20609 0.50821 170 170 170
3.26115 5.20096 0.63263 169 169 169
3.22943 5.20095 0.75426 181 181 181
3.19825 5.20674 0.87585 172 172 172
3.16647 5.20077 0.99748 172 172 172
3.12561 5.19619 1.11638 177 177 177
3.07689 5.20197 1.23227 174 174 174
3.02792 5.19761 1.34798 180 180 180
2.97506 5.20115 1.46206 179 179 179
2.91559 5.19601 1.57286 186 186 186
2.84860 5.20229 1.67926 184 184 184
2.78455 5.20042 1.78748 187 187 187
2.70814 5.19570 1.88740 180 180 180
2.63368 5.19808 1.98853 185 185 185
2.55985 5.19814 2.09063 189 189 189
2.47484 5.19876 2.18349 183 183 183
2.39318 5.19936 2.27975 178 178 178
2.29356 5.19608 2.35780 193 193 193
2.20088 5.19901 2.44271 189 189 189
2.10231 5.19978 2.52070 185 185 185
2.00422 5.19741 2.59941 193 193 193
1.89877 5.20163 2.66793 194 194 194
1.78844 5.20526 2.72824 185 185 185
1.68461 5.20155 2.79918 188 188 188
1.57506 5.19357 2.86081 188 188 188
1.45858 5.19598 2.90837 188 188 188
1.34375 5.19875 2.95879 198 198 198
1.22831 5.19857 3.00815 202 202 202
1.11045 5.19887 3.05166 195 195 195
0.99090 5.20163 3.09064 199 199 199
0.86999 5.20098 3.12563 196 196 196
0.74565 5.19613 3.14578 190 190 190
0.62282 5.19917 3.17310 195 195 195
0.49804 5.19946 3.18924 193 193 193
0.37219 5.19505 3.19304 199 199 199
0.24703 5.20120 3.20236 197 197 197
0.12152 5.20213 3.21272 198 198 198
-0.00409 5.20134 3.20519 202 202 202
-0.12959 5.19829 3.19880 199 199 199
-0.25447 5.20305 3.18482 191 191 191
-0.37905 5.19629 3.16858 193 193 193
-0.50307 5.20088 3.14811 203 203 203
-0.62384 5.20080 3.11276 197 197 197
-0.74733 5.19938 3.08880 193 193 193
-0.86653 5.20159 3.04901 195 195 195
-0.98557 5.20391 3.00898 194 194 194
-1.10451 5.19437 2.96798 187 187 187
-1.21636 5.20070 2.91017 193 193 193
-1.33319 5.20139 2.86312 190 190 190
-1.43956 5.19414 2.79560 191 191 191
-1.55040 5.20047 2.73643 192 192 192
-1.65745 5.19759 2.67052 192 192 192
-1.75664 5.20446 2.59316 191 191 191
-1.85602 5.19746 2.51660 188 188 188
-1.95694 5.19911 2.44166 190 190 190
-2.04977 5.19892 2.35699 192 192 192
-2.13805 5.20090 2.26767 189 189 189
-2.22817 5.20361 2.18014 185 185 185
-2.31465 5.20038 2.08879 187 187 187
-2.39046 5.19906 1.98840 183 183 183
-2.45976 5.19797 1.88352 182 182 182
-2.54254 5.20044 1.78818 185 185 185
-2.60502 5.19902 1.67894 187 187 187
-2.67521 5.20059 1.57436 181 181 181
-2.73296 5.19927 1.46255 181 181 181
-2.78449 5.19999 1.34781 179 179 179
-2.83616 5.19647 1.23323 173 173 173
-2.89093 5.20083 1.11947 176 176 176
-2.92148 5.19752 0.99685 181 181 181
-2.95693 5.20041 0.87633 176 176 176
-2.99448 5.20156 0.75621 180 180 180
-3.01782 5.20215 0.63258 172 172 172
-3.03878 5.19875 0.50866 167 167 167
-3.05445 5.19840 0.38402 173 173 173
-3.06760 5.20124 0.25911 171 171 171
-3.08186 5.20050 0.13399 171 171 171
-3.07682 5.20366 0.00813 165 165 165
-3.07504 5.20027 -0.11747 167 167 167
-3.07104 5.19666 -0.24314 170 170 170
-3.05796 5.19540 -0.36820 162 162 162
-3.03927 5.20263 -0.49250 168 168 168
-3.01177 5.19986 -0.61513 162 162 162
-2.98570 5.19847 -0.73786 161 161 161
-2.96338 5.20080 -0.86192 164 164 164
-2.92473 5.20000 -0.98168 155 155 155
-2.87539 5.19701 -1.09751 154 154 154
-2.83679 5.19919 -1.21726 153 153 153
-2.78653 5.20094 -1.33253 158 158 158
-2.73102 5.20242 -1.44534 159 159 159
-2.66899 5.20098 -1.55466 154 154 154
-2.60608 5.19905 -1.66337 151 151 151
-2.54366 5.19938 -1.77271 151 151 151
-2.46723 5.20007 -1.87274 153 153 153
-2.39056 5.20188 -1.97226 154 154 154
-2.30916 5.19927 -2.06790 148 148 148
-2.23180 5.20047 -2.16729 151 151 151
-2.14177 5.20063 -2.25519 141 141 141
-2.05380 5.20029 -2.34515 143 143 143
-1.95664 5.19651 -2.42512 141 141 141
-1.85930 5.20239 -2.50456 137 137 137
-1.75826 5.20261 -2.57920 145 145 145
-1.65419 5.20060 -2.64943 143 143 143
-1.54841 5.20045 -2.71699 143 143 143
-1.44249 5.20027 -2.78465 148 148 148
-1.33051 5.19659 -2.84167 141 141 141
-1.21351 5.19725 -2.88781 148 148 148
-1.10340 5.20064 -2.94912 146 146 146
-0.98635 5.19513 -2.99492 146 146 146
-0.86632 5.20520 -3.03217 139 139 139
-0.75112 5.20089 -3.08607 139 139 139
-0.62611 5.19925 -3.10602 144 144 144
-0.50233 5.19864 -3.12821 129 129 129
-0.37904 5.20099 -3.15233 143 143 143
-0.25421 5.19777 -3.16642 140 140 140
-0.12966 5.20133 -3.18351 140 140 140
-0.00399 5.19956 -3.18645 141 141 141
0.12152 5.20007 -3.18792 148 148 148
0.24677 5.20059 -3.17963 144 144 144
0.37219 5.19639 -3.17683 145 145 145
0.49697 5.19959 -3.16403 140 140 140
0.62249 5.20446 -3.15482 141 141 141
0.74622 5.19942 -3.13242 135 135 135
0.86727 5.20350 -3.09815 139 139 139
0.99082 5.20152 -3.07416 148 148 148
1.10882 5.19912 -3.03048 136 136 136
1.23058 5.19864 -2.99811 138 138 138
1.34541 5.19809 -2.94660 143 143 143
1.46178 5.20504 -2.89914 134 134 134
1.57291 5.20454 -2.84040 142 142 142
1.68236 5.20066 -2.77896 143 143 143
1.79246 5.20318 -2.71862 139 139 139
1.89910 5.19912 -2.65222 152 152 152
2.00165 5.19718 -2.57967 142 142 142
2.10223 5.19929 -2.50441 143 143 143
2.19950 5.20273 -2.42489 150 150 150
2.29307 5.19931 -2.34106 148 148 148
2.38243 5.20012 -2.25281 139 139 139
2.47431 5.20124 -2.16679 150 150 150
2.55812 5.19670 -2.07295 155 155 155
2.63680 5.19844 -1.97478 147 147 147
2.71280 5.20250 -1.87457 154 154 154
2.78388 5.20204 -1.77082 158 158 158
2.84778 5.20174 -1.66255 157 157 157
2.91712 5.20113 -1.55750 149 149 149
2.97451 5.20275 -1.44556 155 155 155
3.03121 5.19858 -1.33327 152 152 152
3.07620 5.20181 -1.21576 160 160 160
3.12512 5.20003 -1.09997 151 151 151
3.16277 5.20172 -0.98005 163 163 163
3.19807 5.19562 -0.85956 168 168 168
3.23570 5.20317 -0.73953 162 162 162
3.25954 5.19964 -0.61607 166 166 166
3.28088 5.19901 -0.49227 169 169 169
3.30324 5.19815 -0.36846 169 169 169
3.30622 5.20267 -0.24252 163 163 163
3.31548 5.19741 -0.11737 168 168 168
3.33561 5.60133 0.00875 169 169 169
3.32403 5.60537 0.13422 170 170 170
3.32841 5.59891 0.26042 169 169 169
3.30427 5.60005 0.38438 174 174 174
3.29084 5.60067 0.50928 171 171 171
3.27176 5.59596 0.63357 173 173 173
3.23704 5.60061 0.75454 171 171 171
3.21135 5.60151 0.87761 177 177 177
3.17122 5.59914 0.99671 175 175 175
3.13208 5.59740 1.11605 180 180 180
3.08350 5.59712 1.23188 185 185 185
3.03689 5.60123 1.34857 182 182 182
2.98263 5.60401 1.46193 183 183 183
2.92611 5.60224 1.57431 181 181 181
2.85883 5.60007 1.68061 184 184 184
2.78903 5.59789 1.78506 181 181 181
2.71591 5.59837 1.88709 183 183 183
2.64151 5.59708 1.98820 182 182 182
2.55874 5.59925 2.08258 184 184 184
2.48379 5.60176 2.18401 185 185 185
2.39366 5.59981 2.27181 187 187 187
2.30456 5.59719 2.36053 189 189 189
2.20822 5.59681 2.44134 185 185 185
2.11142 5.59806 2.52141 189 189 189
2.00937 5.59722 2.59465 193 193 193
1.90989 5.59649 2.67166 185 185 185
1.80203 5.59647 2.73628 189 189 189
1.69330 5.60195 2.79916 201 201 201
1.58317 5.60024 2.85959 194 194 194
1.46907 5.60179 2.91213 197 197 197
1.35339 5.60073 2.96085 185 185 185
1.23809 5.60071 3.01076 195 195 195
1.11878 5.60699 3.05010 193 193 193
0.99950 5.60076 3.08969 197 197 197
0.87684 5.60145 3.11714 187 187 187
0.75435 5.60092 3.14463 198 198 198
0.63155 5.60255 3.17173 195 195 195
0.50667 5.59940 3.18628 194 194 194
0.38199 5.60037 3.20331 196 196 196
0.25616 5.59832 3.20500 188 188 188
0.13057 5.60058 3.21167 197 197 197
0.00476 5.60123 3.21089 190 190 190
-0.12024 5.59707 3.19554 191 191 191
-0.24603 5.60267 3.19060 192 192 192
-0.36925 5.60130 3.16440 195 195 195
-0.49341 5.59872 3.14564 200 200 200
-0.61514 5.59963 3.11480 203 203 203
-0.73770 5.60350 3.08734 195 195 195
-0.85763 5.59883 3.05005 193 193 193
-0.97711 5.60252 3.01121 194 194 194
-1.09435 5.59728 2.96592 201 201 201
-1.20809 5.60499 2.91248 196 196 196
-1.32199 5.59811 2.85950 193 193 193
-1.42931 5.60228 2.79407 194 194 194
-1.54178 5.60063 2.73773 197 197 197
-1.64592 5.60119 2.66741 194 194 194
-1.74656 5.59777 2.59236 194 194 194
-1.85072 5.60047 2.52197 191 191 191
-1.94669 5.59977 2.44088 188 188 188
-2.04618 5.60188 2.36351 188 188 188
-2.12992 5.60257 2.26921 188 188 188
-2.21891 5.59760 2.18056 184 184 184
-2.30593 5.59941 2.08969 184 184 184
-2.38283 5.59582 1.99013 175 175 175
-2.46122 5.59615 1.89178 181 181 181
-2.52796 5.59944 1.78510 185 185 185
-2.59236 5.60033 1.67734 186 186 186
-2.66127 5.59763 1.57224 181 181 181
-2.72099 5.59544 1.46168 183 183 183
-2.77914 5.60406 1.35013 183 183 183
-2.82677 5.59726 1.23371 175 175 175
-2.87036 5.60103 1.11584 179 179 179
-2.91183 5.60174 0.99728 176 176 176
-2.94736 5.60382 0.87681 176 176 176
-2.98575 5.60324 0.75691 173 173 173
-3.01185 5.60073 0.63381 166 166 166
-3.02736 5.59667 0.50891 179 179 179
-3.04317 5.60022 0.38438 167 167 167
-3.05536 5.60066 0.25949 174 174 174
-3.06572 5.60212 0.13433 168 168 168
-3.07105 5.59993 0.00875 165 165 165
-3.06603 5.60462 -0.11685 168 168 168
-3.05571 5.60203 -0.24202 164 164 164
-3.04708 5.59841 -0.36736 166 166 166
-3.02674 5.60080 -0.49133 160 160 160
-3.00935 5.59922 -0.61583 165 165 165
-2.97661 5.60228 -0.73723 151 151 151
-2.94904 5.59866 -0.85980 159 159 159
-2.91362 5.59911 -0.98038 165 165 165
-2.87026 5.60215 -1.09833 160 160 160
-2.82525 5.60109 -1.21561 151 151 151
-2.77350 5.59938 -1.33007 166 166 166
-2.71632 5.59960 -1.44184 153 153 153
-2.66436 5.60065 -1.55651 149 149 149
-2.59678 5.60203 -1.66260 151 151 151
-2.52839 5.60033 -1.76794 153 153 153
-2.46004 5.60308 -1.87347 158 158 158
-2.39006 5.59838 -1.97838 149 149 149
-2.30401 5.59391 -2.07060 145 145 145
-2.21900 5.59872 -2.16319 161 161 161
-2.13300 5.59901 -2.25485 146 146 146
-2.04270 5.59894 -2.34231 149 149 149
-1.95294 5.59875 -2.43076 149 149 149
-1.85047 5.59841 -2.50421 147 147 147
-1.74834 5.60324 -2.57737 137 137 137
-1.64742 5.60247 -2.65222 152 152 152
-1.54096 5.60334 -2.71896 146 146 146
-1.43027 5.60111 -2.77835 133 133 133
-1.32128 5.60034 -2.84069 136 136 136
-1.20990 5.60070 -2.89897 142 142 142
-1.09467 5.59876 -2.94926 139 139 139
-0.97714 5.60172 -2.99384 145 145 145
-0.85627 5.59714 -3.02845 138 138 138
-0.73803 5.59701 -3.07110 140 140 140
-0.61667 5.60104 -3.10373 145 145 145
-0.49417 5.59985 -3.13204 147 147 147
-0.36995 5.60052 -3.15140 143 143 143
-0.24541 5.60289 -3.16788 132 132 132
-0.12031 5.60257 -3.17895 138 138 138
0.00512 5.60017 -3.18432 137 137 137
0.13057 5.59962 -3.19385 142 142 142
0.25628 5.59438 -3.19069 139 139 139
0.38192 5.60005 -3.18499 145 145 145
0.50628 5.59976 -3.16559 135 135 135
0.63144 5.59804 -3.15363 140 140 140
0.75612 5.60044 -3.13610 139 139 139
0.87664 5.59938 -3.09885 137 137 137
0.99918 5.59526 -3.07113 138 138 138
1.11837 5.60064 -3.03139 149 149 149
1.23603 5.59552 -2.98774 144 144 144
1.35375 5.59786 -2.94429 142 142 142
1.46801 5.59611 -2.89239 135 135 135
1.58232 5.60488 -2.84048 149 149 149
1.69325 5.59673 -2.78164 144 144 144
1.79952 5.60050 -2.71476 146 146 146
1.91136 5.60023 -2.65641 148 148 148
2.00938 5.59935 -2.57723 150 150 150
2.11241 5.59933 -2.50523 150 150 150
2.20966 5.59990 -2.42557 147 147 147
2.29587 5.59930 -2.33368 143 143 143
2.39162 5.59768 -2.25233 153 153 153
2.48142 5.59767 -2.16437 152 152 152
2.56877 5.60254 -2.07369 151 151 151
2.64319 5.59824 -1.97206 154 154 154
2.71817 5.59751 -1.87127 151 151 151
2.79662 5.60081 -1.77267 161 161 161
2.85859 5.60465 -1.66301 150 150 150
2.92415 5.59981 -1.55575 152 152 152
2.98494 5.59680 -1.44564 155 155 155
3.03717 5.60256 -1.33123 154 154 154
3.09170 5.60023 -1.21781 164 164 164
3.13296 5.60377 -1.09891 151 151 151
3.17248 5.60061 -0.97964 156 156 156
3.20190 5.59647 -0.85747 160 160 160
3.23468 5.60288 -0.73649 168 168 168
3.27260 5.60221 -0.61625 166 166 166
3.29279 5.60167 -0.49210 166 166 166
3.30894 5.60007 -0.36744 163 163 163
3.32382 5.60217 -0.24257 168 168 168
3.33498 5.59763 -0.11715 169 169 169
3.33470 5.99821 0.00938 164 164 164
3.33730 5.99776 0.13501 171 171 171
3.33414 5.99864 0.26079 173 173 173
3.32362 6.00283 0.38623 172 172 172
3.30141 6.00161 0.51016 176 176 176
3.27478 5.99758 0.63300 174 174 174
3.24979 5.99795 0.75607 174 174 174
3.21790 6.00249 0.87755 176 176 176
3.18558 6.00077 0.99908 171 171 171
3.14291 5.99610 1.11736 180 180 180
3.09383 5.99658 1.23306 174 174 174
3.04875 6.00041 1.35052 176 176 176
2.99173 5.99808 1.46262 178 178 178
2.93406 6.00123 1.57436 181 181 181
2.86219 5.99672 1.67779 183 183 183
2.79803 5.99724 1.78569 182 182 182
2.72959 5.99807 1.89112 189 189 189
2.64778 5.99537 1.98668 184 184 184
2.57251 5.99826 2.08729 187 187 187
2.48599 6.00072 2.17837 185 185 185
2.40359 5.99970 2.27338 188 188 188
2.31077 5.99827 2.35815 183 183 183
2.21801 5.99703 2.44290 195 195 195
2.11927 5.99760 2.52059 192 192 192
2.02081 6.00062 2.59866 193 193 193
1.91673 5.99615 2.66907 189 189 189
1.81542 6.00195 2.74409 191 191 191
1.70063 6.00325 2.79683 199 199 199
1.59402 5.99853 2.86387 192 192 192
1.47936 5.99971 2.91559 198 198 198
1.36431 6.00103 2.96614 199 199 199
1.24726 6.00211 3.01189 192 192 192
1.12700 6.00099 3.04837 193 193 193
1.00714 5.99999 3.08554 190 190 190
0.88546 5.99714 3.11622 196 196 196
0.76384 5.99762 3.14781 198 198 198
0.64021 5.99860 3.17030 196 196 196
0.51644 5.99883 3.19358 197 197 197
0.39106 6.00157 3.20505 191 191 191
0.26523 5.99839 3.20802 194 194 194
0.13955 5.99994 3.20499 191 191 191
0.01379 6.00227 3.21023 199 199 199
-0.11187 6.00304 3.20384 198 198 198
-0.23744 6.00115 3.19448 194 194 194
-0.36141 5.99957 3.17224 193 193 193
-0.48371 5.99644 3.14263 200 200 200
-0.60865 5.99876 3.12577 193 193 193
-0.72955 5.99654 3.09091 193 193 193
-0.84984 6.00342 3.05434 200 200 200
-0.96846 5.99623 3.01271 195 195 195
-1.08562 5.99651 2.96715 189 189 189
-1.20030 5.99812 2.91569 190 190 190
-1.31577 5.99871 2.86555 189 189 189
-1.42351 6.00208 2.80037 188 188 188
-1.53276 6.00305 2.73828 194 194 194
-1.63729 6.00654 2.66856 196 196 196
-1.74247 5.99868 2.59971 191 191 191
-1.84143 5.99764 2.52219 184 184 184
-1.94047 6.00033 2.44473 190 190 190
-2.03263 5.99827 2.35919 193 193 193
-2.12393 5.99924 2.27282 189 189 189
-2.20954 6.00113 2.18082 189 189 189
-2.29474 6.00134 2.08842 190 190 190
-2.37969 6.00100 1.99536 183 183 183
-2.45220 6.00125 1.89237 184 184 184
-2.52005 5.99881 1.78644 179 179 179
-2.58671 6.00173 1.68001 187 187 187
-2.65450 6.00044 1.57410 179 179 179
-2.71235 5.99772 1.46247 180 180 180
-2.77008 6.00050 1.35072 180 180 180
-2.82616 5.99766 1.23780 174 174 174
-2.86598 5.99720 1.11816 186 186 186
-2.90095 6.00071 0.99728 173 173 173
-2.94446 5.99855 0.87915 176 176 176
-2.97948 6.00204 0.75818 170 170 170
-3.00219 5.99467 0.63430 177 177 177
-3.01919 5.99848 0.50966 169 169 169
-3.03698 6.00434 0.38534 172 172 172
-3.05722 5.99885 0.26096 174 174 174
-3.05256 5.99806 0.13479 165 165 165
-3.05818 5.99854 0.00938 172 172 172
-3.05826 5.99480 -0.11627 167 167 167
-3.04951 5.99884 -0.24161 169 169 169
-3.03162 6.00078 -0.36597 165 165 165
-3.02768 5.99905 -0.49228 164 164 164
-3.00223 5.99962 -0.61558 162 162 162
-2.97652 5.99763 -0.73874 162 162 162
-2.94075 5.99994 -0.85937 160 160 160
-2.90288 6.00235 -0.97919 159 159 159
-2.86595 6.00105 -1.09943 156 156 156
-2.82039 6.00069 -1.21669 157 157 157
-2.76874 5.99938 -1.33139 155 155 155
-2.70593 6.00566 -1.44050 156 156 156
-2.64877 5.99841 -1.55218 154 154 154
-2.59245 6.00214 -1.66482 151 151 151
-2.52302 5.99455 -1.76972 157 157 157
-2.45207 6.00010 -1.87358 152 152 152
-2.37206 5.99488 -1.97065 151 151 151
-2.29549 5.99907 -2.07038 144 144 144
-2.21165 5.99777 -2.16409 149 149 149
-2.12332 5.99924 -2.25352 144 144 144
-2.03501 6.00179 -2.34308 148 148 148
-1.93725 6.00218 -2.42228 144 144 144
-1.84496 5.99960 -2.50799 142 142 142
-1.73890 5.99761 -2.57611 147 147 147
-1.63894 5.99992 -2.65235 141 141 141
-1.53285 5.99855 -2.71977 142 142 142
-1.42678 5.99912 -2.78754 143 143 143
-1.31265 6.00007 -2.84076 145 145 145
-1.20342 6.00100 -2.90379 137 137 137
-1.08357 6.00317 -2.94352 148 148 148
-0.96678 6.00343 -2.98949 148 148 148
-0.84866 6.00328 -3.03205 143 143 143
-0.72982 6.00015 -3.07318 135 135 135
-0.60825 5.99882 -3.10546 137 137 137
-0.48486 6.00041 -3.12978 143 143 143
-0.36140 6.00222 -3.15350 131 131 131
-0.23626 6.00005 -3.16586 137 137 137
-0.11127 6.00158 -3.17762 138 138 138
0.01394 6.00232 -3.18756 139 139 139
0.13955 6.00137 -3.19565 142 142 142
0.26514 6.00122 -3.18707 142 142 142
0.39077 6.00310 -3.18269 141 141 141
0.51626 6.00344 -3.17346 140 140 140
0.64044 6.00412 -3.15312 136 136 136
0.76358 6.00094 -3.12783 141 141 141
0.88762 5.99979 -3.10658 136 136 136
1.00804 6.00126 -3.07007 142 142 142
1.12801 6.00191 -3.03281 144 144 144
1.24727 6.00222 -2.99325 142 142 142
1.36417 5.99991 -2.94715 141 141 141
1.48130 5.99950 -2.90113 137 137 137
1.59203 6.00063 -2.84131 139 139 139
1.70140 5.99926 -2.77954 150 150 150
1.80881 5.99804 -2.71464 149 149 149
1.91476 6.00199 -2.64744 142 142 142
2.02246 5.99686 -2.58225 140 140 140
2.11882 5.99549 -2.50135 144 144 144
2.21878 6.00095 -2.42511 146 146 146
2.30962 5.99749 -2.33822 147 147 147
2.40396 6.00050 -2.25506 148 148 148
2.49114 5.99882 -2.16444 152 152 152
2.57398 6.00148 -2.06985 153 153 153
2.65638 6.00038 -1.97476 154 154 154
2.72415 6.00187 -1.86848 146 146 146
2.80826 5.99629 -1.77383 149 149 149
2.86910 5.99892 -1.66332 154 154 154
2.93192 5.99735 -1.55445 153 153 153
2.99197 6.00181 -1.44403 154 154 154
3.04990 5.99658 -1.33234 162 162 162
3.09759 6.00112 -1.21591 159 159 159
3.14265 5.99940 -1.09855 165 165 165
3.18275 5.99922 -0.97944 161 161 161
3.22349 6.00520 -0.86040 156 156 156
3.25174 5.99532 -0.73781 162 162 162
3.27982 5.99601 -0.61527 159 159 159
3.29967 6.00027 -0.49115 162 162 162
3.32166 5.99919 -0.36726 166 166 166
3.32494 5.99735 -0.24133 167 167 167
3.33492 5.99973 -0.11617 176 176 176
3.34598 6.40266 0.01000 166 166 166
3.34113 6.39858 0.13544 170 170 170
3.33088 6.40011 0.26046 169 169 169
3.32229 6.39903 0.38564 169 169 169
3.31353 6.39848 0.51129 171 171 171
3.28842 6.40409 0.63457 169 169 169
3.26064 6.39683 0.75716 176 176 176
3.23303 6.40578 0.87993 176 176 176
3.19375 6.39756 0.99946 179 179 179
3.14914 6.40328 1.11700 180 180 180
3.10586 6.39993 1.23498 183 183 183
3.05951 6.39830 1.35200 172 172 172
2.99716 6.40036 1.46147 187 187 187
2.94339 6.40051 1.57521 181 181 181
2.87918 6.39881 1.68336 183 183 183
2.81122 6.40088 1.78917 183 183 183
2.74044 6.39840 1.89316 182 182 182
2.65778 6.40197 1.98816 180 180 180
2.57864 6.39978 2.08553 182 182 182
2.49168 6.40123 2.17602 184 184 184
2.41341 6.40174 2.27491 184 184 184
2.32323 6.39791 2.36261 187 187 187
2.22690 6.40123 2.44349 191 191 191
2.12752 6.40346 2.52037 192 192 192
2.03139 6.40176 2.60158 195 195 195
1.92791 6.39824 2.67308 190 190 190
1.82011 6.40115 2.73782 193 193 193
1.71324 6.39895 2.80405 191 191 191
1.60082 6.40573 2.86035 202 202 202
1.48814 6.40056 2.91591 199 199 199
1.37596 6.39683 2.97338 194 194 194
1.25313 6.39852 3.00426 193 193 193
1.13647 6.40211 3.05071 194 194 194
1.01675 6.39927 3.08865 188 188 188
0.89427 6.40174 3.11644 202 202 202
0.77205 6.39909 3.14491 189 189 189
0.64855 6.40303 3.16736 185 185 185
0.52415 6.40064 3.18406 195 195 195
0.39970 6.39759 3.20221 196 196 196
0.27407 6.40166 3.20701 203 203 203
0.14846 6.40330 3.21208 203 203 203
0.02291 6.40367 3.20526 194 194 194
-0.10242 6.39815 3.19757 197 197 197
-0.22739 6.39867 3.18547 189 189 189
-0.35323 6.40107 3.17748 201 201 201
-0.47568 6.39755 3.14766 191 191 191
-0.59931 6.39689 3.12459 191 191 191
-0.71879 6.40358 3.08496 197 197 197
-0.84099 6.39770 3.05513 199 199 199
-0.95901 6.40292 3.01184 197 197 197
-1.07694 6.40259 2.96829 199 199 199
-1.18945 6.39907 2.91209 190 190 190
-1.30477 6.40212 2.86206 196 196 196
-1.41611 6.39909 2.80368 191 191 191
-1.52269 6.40080 2.73700 194 194 194
-1.62806 6.39599 2.66869 189 189 189
-1.72986 6.40075 2.59523 195 195 195
-1.83230 6.39702 2.52253 190 190 190
-1.93262 6.39899 2.44659 190 190 190
-2.02410 6.39979 2.36021 189 189 189
-2.10988 6.40423 2.26830 186 186 186
-2.20389 6.40616 2.18445 193 193 193
-2.27737 6.39570 2.08182 191 191 191
-2.36336 6.39939 1.99013 186 186 186
-2.44215 6.39892 1.89216 182 182 182
-2.51281 6.39648 1.78818 176 176 176
-2.58339 6.39838 1.68406 183 183 183
-2.64420 6.39712 1.57394 181 181 181
-2.70759 6.39942 1.46521 183 183 183
-2.76070 6.40059 1.35112 181 181 181
-2.81075 6.39982 1.23573 173 173 173
-2.85432 6.40080 1.11777 181 181 181
-2.89094 6.39772 0.99755 179 179 179
-2.92701 6.39787 0.87736 177 177 177
-2.96015 6.39662 0.75630 170 170 170
-2.99445 6.39762 0.63516 170 170 170
-3.00890 6.40199 0.51007 179 179 179
-3.03013 6.40275 0.38621 171 171 171
-3.03948 6.40221 0.26089 168 168 168
-3.04922 6.39948 0.13564 169 169 169
-3.04581 6.40246 0.01000 165 165 165
-3.04749 6.39649 -0.11557 168 168 168
-3.04333 6.40133 -0.24121 162 162 162
-3.02940 6.39856 -0.36613 169 169 169
-3.00752 6.40091 -0.48987 170 170 170
-2.98556 6.40334 -0.61341 162 162 162
-2.96693 6.40201 -0.73795 153 153 153
-2.93268 6.39925 -0.85899 160 160 160
-2.89612 6.39852 -0.97927 157 157 157
-2.84915 6.40072 -1.09590 152 152 152
-2.80904 6.40035 -1.21506 159 159 159
-2.75930 6.39655 -1.33052 160 160 160
-2.70529 6.39586 -1.44409 158 158 158
-2.64433 6.39867 -1.55407 153 153 153
-2.57809 6.40430 -1.66086 152 152 152
-2.50927 6.39677 -1.76587 148 148 148
-2.43826 6.40032 -1.86940 149 149 149
-2.36569 6.39948 -1.97203 149 149 149
-2.28919 6.40466 -2.07199 149 149 149
-2.20243 6.39827 -2.16318 144 144 144
-2.11760 6.40109 -2.25610 143 143 143
-2.02134 6.40421 -2.33731 145 145 145
-1.93156 6.40215 -2.42543 143 143 143
-1.83564 6.39842 -2.50686 141 141 141
-1.73410 6.40016 -2.58116 144 144 144
-1.63243 6.40106 -2.65533 144 144 144
-1.52643 6.39815 -2.72320 143 143 143
-1.41318 6.40036 -2.77855 147 147 147
-1.30406 6.39964 -2.84077 148 148 148
-1.19112 6.40219 -2.89579 139 139 139
-1.07659 6.39879 -2.94755 143 143 143
-0.95811 6.40256 -2.98952 141 141 141
-0.84109 6.40324 -3.03555 136 136 136
-0.71968 6.40251 -3.06822 141 141 141
-0.59846 6.40368 -3.10118 143 143 143
-0.47580 6.40096 -3.12838 136 136 136
-0.35175 6.39609 -3.14821 138 138 138
-0.22788 6.39469 -3.16968 140 140 140
-0.10272 6.40591 -3.18150 138 138 138
0.02304 6.39993 -3.18215 138 138 138
0.14846 6.39559 -3.18457 139 139 139
0.27403 6.40037 -3.18596 137 137 137
0.39963 6.39977 -3.18139 134 134 134
0.52418 6.40259 -3.16449 139 139 139
0.64998 6.40162 -3.15647 136 136 136
0.77183 6.40490 -3.12389 142 142 142
0.89715 6.39810 -3.10853 144 144 144
1.01483 6.39709 -3.06194 141 141 141
1.13757 6.40017 -3.03420 143 143 143
1.25466 6.40292 -2.98850 137 137 137
1.37421 6.40122 -2.94924 143 143 143
1.49017 6.39868 -2.90042 142 142 142
1.60021 6.39968 -2.83924 147 147 147
1.71277 6.39803 -2.78331 146 146 146
1.82243 6.40206 -2.72171 140 140 140
1.92753 6.40028 -2.65260 141 141 141
2.02940 6.39609 -2.57893 150 150 150
2.13112 6.40346 -2.50503 152 152 152
2.22760 6.40428 -2.42440 151 151 151
2.31796 6.39977 -2.33699 149 149 149
2.41068 6.40170 -2.25226 149 149 149
2.50067 6.40112 -2.16440 142 142 142
2.58473 6.40425 -2.07081 147 147 147
2.66849 6.40103 -1.97666 148 148 148
2.74185 6.40308 -1.87424 151 151 151
2.81093 6.40013 -1.76904 150 150 150
2.88157 6.39910 -1.66489 150 150 150
2.94289 6.40133 -1.55499 155 155 155
2.99827 6.40178 -1.44208 155 155 155
3.04985 6.40220 -1.32759 149 149 149
3.10245 6.39969 -1.21361 155 155 155
3.14681 6.40048 -1.09617 162 162 162
3.19097 6.40480 -0.97859 159 159 159
3.22808 6.39811 -0.85856 163 163 163
3.25876 6.39694 -0.73673 159 159 159
3.28791 6.39382 -0.61449 158 158 158
3.30935 6.40223 -0.49065 163 163 163
3.32729 6.40105 -0.36625 165 165 165
3.34253 6.40046 -0.24138 168 168 168
3.34237 6.40087 -0.11549 170 170 170
3.35184 6.79922 0.01063 169 169 169
3.35274 6.80284 0.13617 172 172 172
3.34784 6.79853 0.26172 176 176 176
3.33871 6.79876 0.38717 168 168 168
3.31926 6.80597 0.51142 177 177 177
3.29247 6.80060 0.63424 165 165 165
3.26639 6.80389 0.75704 175 175 175
3.24284 6.80260 0.88083 177 177 177
3.20147 6.79713 0.99972 177 177 177
3.15622 6.80065 1.11697 174 174 174
3.11243 6.80072 1.23466 179 179 179
3.06127 6.79514 1.34935 180 180 180
3.00883 6.79840 1.46353 180 180 180
2.94402 6.80214 1.57124 181 181 181
2.89091 6.79393 1.68576 185 185 185
2.81703 6.80166 1.78778 188 188 188
2.74562 6.79852 1.89112 182 182 182
2.66752 6.79907 1.98949 183 183 183
2.59207 6.80272 2.09008 189 189 189
2.51116 6.80311 2.18647 184 184 184
2.41563 6.80161 2.26891 183 183 183
2.33076 6.79847 2.36182 182 182 182
2.23372 6.79782 2.44176 194 194 194
2.13637 6.79891 2.52102 184 184 184
2.04143 6.80162 2.60385 188 188 188
1.93751 6.79975 2.67485 194 194 194
1.83049 6.80320 2.74097 186 186 186
1.72030 6.80283 2.80150 198 198 198
1.60987 6.80329 2.86139 195 195 195
1.49482 6.80323 2.91187 200 200 200
1.38164 6.80188 2.96636 187 187 187
1.26610 6.80124 3.01610 198 198 198
1.14434 6.79611 3.04834 195 195 195
1.02649 6.79702 3.09245 196 196 196
0.90441 6.80421 3.12248 200 200 200
0.78185 6.80120 3.15036 195 195 195
0.65772 6.79814 3.17011 201 201 201
0.53293 6.79792 3.18429 194 194 194
0.40826 6.79941 3.19935 199 199 199
0.28282 6.79766 3.20537 191 191 191
0.15729 6.80177 3.21265 198 198 198
0.03166 6.80379 3.20794 197 197 197
-0.09373 6.80009 3.20000 191 191 191
-0.21822 6.80151 3.18323 189 189 189
-0.34384 6.79827 3.17454 197 197 197
-0.46722 6.79798 3.15013 185 185 185
-0.58881 6.79749 3.11827 194 194 194
-0.71144 6.79782 3.09081 196 196 196
-0.83043 6.80170 3.05041 194 194 194
-0.95080 6.79707 3.01415 201 201 201
-1.06905 6.79921 2.97118 188 188 188
-1.18379 6.79738 2.91957 189 189 189
-1.29715 6.79651 2.86505 188 188 188
-1.40970 6.79838 2.80862 192 192 192
-1.51475 6.79840 2.73907 192 192 192
-1.61698 6.80109 2.66595 195 195 195
-1.72566 6.80083 2.60222 197 197 197
-1.82051 6.80156 2.51940 189 189 189
-1.92316 6.80002 2.44646 189 189 189
-2.01216 6.80234 2.35748 190 190 190
-2.10092 6.79973 2.26879 193 193 193
-2.19565 6.79817 2.18562 186 186 186
-2.27441 6.80041 2.08746 191 191 191
-2.35858 6.80374 1.99394 183 183 183
-2.43108 6.80358 1.89115 193 193 193
-2.50531 6.79980 1.78969 181 181 181
-2.57054 6.79746 1.68221 183 183 183
-2.63066 6.80104 1.57193 182 182 182
-2.69675 6.79781 1.46481 185 185 185
-2.74725 6.80013 1.34961 176 176 176
-2.79894 6.80211 1.23512 185 185 185
-2.84309 6.79608 1.11751 176 176 176
-2.88733 6.80138 0.99987 180 180 180
-2.92144 6.80142 0.87890 171 171 171
-2.95473 6.80111 0.75775 178 178 178
-2.98154 6.79848 0.63497 174 174 174
-3.00511 6.79760 0.51149 177 177 177
-3.01669 6.80262 0.38629 176 176 176
-3.03408 6.80208 0.26179 165 165 165
-3.03555 6.79839 0.13607 173 173 173
-3.04504 6.79926 0.01063 166 166 166
-3.04145 6.80156 -0.11506 163 163 163
-3.03097 6.80048 -0.24030 163 163 163
-3.01709 6.80088 -0.36510 165 165 165
-3.00296 6.80281 -0.48992 164 164 164
-2.98937 6.80283 -0.61530 167 167 167
-2.96011 6.79931 -0.73782 159 159 159
-2.92401 6.79911 -0.85841 166 166 166
-2.88981 6.80070 -0.97946 154 154 154
-2.84682 6.80025 -1.09768 157 157 157
-2.79822 6.80157 -1.21362 154 154 154
-2.75454 6.79852 -1.33178 147 147 147
-2.69180 6.80140 -1.44109 155 155 155
-2.63249 6.80309 -1.55177 153 153 153
-2.56596 6.79638 -1.65822 156 156 156
-2.50402 6.79666 -1.76765 156 156 156
-2.42995 6.79884 -1.86916 151 151 151
-2.35494 6.79474 -1.96990 145 145 145
-2.27244 6.79939 -2.06460 148 148 148
-2.19450 6.80281 -2.16340 148 148 148
-2.10467 6.79968 -2.25138 141 141 141
-2.01495 6.80437 -2.33933 151 151 151
-1.91892 6.80499 -2.42035 146 146 146
-1.82049 6.80417 -2.49822 147 147 147
-1.71940 6.79773 -2.57245 142 142 142
-1.62116 6.80320 -2.65106 150 150 150
-1.51582 6.80430 -2.71969 144 144 144
-1.40464 6.79990 -2.77845 145 145 145
-1.29654 6.80170 -2.84272 142 142 142
-1.18269 6.80076 -2.89606 142 142 142
-1.06696 6.80166 -2.94502 139 139 139
-0.95034 6.79991 -2.99178 140 140 140
-0.83368 6.80241 -3.03931 139 139 139
-0.71081 6.79964 -3.06747 143 143 143
-0.59012 6.79977 -3.10260 139 139 139
-0.46686 6.80009 -3.12720 142 142 142
-0.34455 6.80025 -3.15790 142 142 142
-0.21894 6.79844 -3.16816 141 141 141
-0.09379 6.80321 -3.17972 136 136 136
0.03153 6.80269 -3.19022 143 143 143
0.15729 6.79810 -3.19014 145 145 145
0.28265 6.80346 -3.17993 144 144 144
0.40829 6.79835 -3.17867 140 140 140
0.53288 6.79723 -3.16275 136 136 136
0.65784 6.79885 -3.14974 140 140 140
0.78252 6.79890 -3.13261 141 141 141
0.90366 6.79800 -3.09825 137 137 137
1.02510 6.79918 -3.06642 141 141 141
1.14524 6.80103 -3.02998 141 141 141
1.26427 6.80156 -2.99001 142 142 142
1.38308 6.79883 -2.94871 143 143 143
1.49826 6.80167 -2.89820 143 143 143
1.61044 6.80143 -2.84137 136 136 136
1.72275 6.80318 -2.78474 138 138 138
1.82975 6.79770 -2.71862 142 142 142
1.93529 6.80222 -2.65037 139 139 139
2.03673 6.80136 -2.57624 143 143 143
2.14041 6.80253 -2.50499 147 147 147
2.23511 6.80114 -2.42223 148 148 148
2.32701 6.80203 -2.33661 144 144 144
2.41576 6.79860 -2.24789 156 156 156
2.51033 6.79887 -2.16454 150 150 150
2.59176 6.80219 -2.06865 150 150 150
2.66975 6.80109 -1.97007 154 154 154
2.74859 6.80231 -1.87210 152 152 152
2.82046 6.79560 -1.76888 155 155 155
2.88494 6.79641 -1.66092 158 158 158
2.95359 6.80248 -1.55541 157 157 157
3.01004 6.79907 -1.44296 155 155 155
3.06313 6.79837 -1.32902 159 159 159
3.11632 6.79958 -1.21508 157 157 157
3.15883 6.79860 -1.09673 156 156 156
3.19755 6.80205 -0.97724 163 163 163
3.23716 6.79998 -0.85801 158 158 158
3.27736 6.79995 -0.73846 155 155 155
3.29926 6.79880 -0.61437 160 160 160
3.31555 6.79873 -0.48961 170 170 170
3.33327 6.80327 -0.36529 169 169 169
3.34481 6.79614 -0.24024 167 167 167
3.35895 6.79947 -0.11517 173 173 173
3.36432 7.19941 0.01125 157 157 157
3.35952 7.20643 0.13672 171 171 171
3.35881 7.19854 0.26252 168 168 168
3.34311 7.20181 0.38727 164 164 164
3.32244 7.19600 0.51117 169 169 169
3.30791 7.20036 0.63620 166 166 166
3.27971 7.19843 0.75876 171 171 171
3.24605 7.20104 0.87989 169 169 169
3.20975 7.20837 1.00019 179 179 179
3.16881 7.20052 1.11901 178 178 178
3.12268 7.19914 1.23591 177 177 177
3.07079 7.20087 1.35033 185 185 185
3.02106 7.20300 1.46593 180 180 180
2.96080 7.19989 1.57636 178 178 178
2.89910 7.19990 1.68604 184 184 184
2.82635 7.19824 1.78877 184 184 184
2.75353 7.20034 1.89113 179 179 179
2.67617 7.19770 1.99003 186 186 186
2.59653 7.20149 2.08704 191 191 191
2.51976 7.19800 2.18695 183 183 183
2.42931 7.20387 2.27446 183 183 183
2.33820 7.20434 2.36102 185 185 185
2.24305 7.20099 2.44305 191 191 191
2.15285 7.20108 2.53143 190 190 190
2.05006 7.19737 2.60430 191 191 191
1.94465 7.19849 2.67305 188 188 188
1.83525 7.20115 2.73506 184 184 184
1.72831 7.19383 2.80079 193 193 193
1.61779 7.19895 2.86037 189 189 189
1.50663 7.20261 2.91912 198 198 198
1.39122 7.19745 2.96899 192 192 192
1.27356 7.19534 3.01319 193 193 193
1.15559 7.19972 3.05665 189 189 189
1.03425 7.20035 3.08956 187 187 187
0.91288 7.20194 3.12192 190 190 190
0.79064 7.19666 3.15118 206 206 206
0.66628 7.20196 3.16950 195 195 195
0.54247 7.19673 3.19151 189 189 189
0.41709 7.19964 3.20089 202 202 202
0.29146 7.20035 3.20307 194 194 194
0.16604 7.19824 3.20987 190 190 190
0.04054 7.20127 3.20541 192 192 192
-0.08500 7.20074 3.20093 201 201 201
-0.21023 7.19733 3.19021 201 201 201
-0.33383 7.20129 3.16720 193 193 193
-0.45787 7.20390 3.14778 191 191 191
-0.58025 7.19528 3.11965 189 189 189
-0.70046 7.19926 3.08352 196 196 196
-0.82312 7.20131 3.05548 199 199 199
-0.94040 7.19808 3.01029 190 190 190
-1.06074 7.20108 2.97286 190 190 190
-1.17229 7.20095 2.91423 194 194 194
-1.28822 7.20256 2.86532 193 193 193
-1.39670 7.19836 2.80165 189 189 189
-1.50575 7.19692 2.73930 190 190 190
-1.61127 7.19866 2.67111 195 195 195
-1.71410 7.19933 2.59897 191 191 191
-1.81609 7.20163 2.52550 196 196 196
-1.91098 7.20249 2.44307 184 184 184
-2.01167 7.19738 2.36703 185 185 185
-2.09508 7.19537 2.27232 183 183 183
-2.18614 7.20462 2.18554 185 185 185
-2.26893 7.19775 2.09086 187 187 187
-2.34544 7.19906 1.99111 184 184 184
-2.41952 7.19746 1.88973 180 180 180
-2.49289 7.19654 1.78786 183 183 183
-2.56165 7.19913 1.68275 185 185 185
-2.62706 7.19869 1.57543 182 182 182
-2.68422 7.20223 1.46351 179 179 179
-2.73751 7.19780 1.34978 181 181 181
-2.79134 7.19781 1.23622 178 178 178
-2.83767 7.19972 1.11936 176 176 176
-2.87079 7.19894 0.99796 179 179 179
-2.91866 7.20225 0.88121 174 174 174
-2.94288 7.20153 0.75763 170 170 170
-2.97803 7.20219 0.63664 168 168 168
-2.99856 7.19891 0.51247 172 172 172
-3.01128 7.20133 0.38731 164 164 164
-3.02341 7.19799 0.26226 171 171 171
-3.03407 7.20233 0.13698 164 164 164
-3.03617 7.19942 0.01125 166 166 166
-3.02610 7.19612 -0.11417 173 173 173
-3.02691 7.20225 -0.24005 162 162 162
-3.01331 7.20454 -0.36506 164 164 164
-2.99403 7.20154 -0.48927 165 165 165
-2.97037 7.20026 -0.61264 163 163 163
-2.95118 7.19729 -0.73715 164 164 164
-2.90997 7.19920 -0.85630 164 164 164
-2.87676 7.20205 -0.97745 154 154 154
-2.83083 7.20094 -1.09439 158 158 158
-2.79218 7.20060 -1.21412 156 156 156
-2.73730 7.20089 -1.32725 144 144 144
-2.68525 7.20353 -1.44160 159 159 159
-2.62219 7.20294 -1.55028 148 148 148
-2.56005 7.19814 -1.65934 154 154 154
-2.49633 7.19753 -1.76774 153 153 153
-2.42450 7.19906 -1.87094 146 146 146
-2.34907 7.20262 -1.97155 148 148 148
-2.26537 7.20278 -2.06543 148 148 148
-2.18265 7.20032 -2.15991 149 149 149
-2.09684 7.20256 -2.25169 140 140 140
-2.00388 7.20013 -2.33621 145 145 145
-1.91525 7.19603 -2.42569 152 152 152
-1.81554 7.20167 -2.50243 149 149 149
-1.71305 7.20521 -2.57514 146 146 146
-1.61217 7.20190 -2.65008 142 142 142
-1.50529 7.20327 -2.71617 148 148 148
-1.39918 7.20003 -2.78370 144 144 144
-1.28509 7.19483 -2.83681 149 149 149
-1.17255 7.20140 -2.89242 153 153 153
-1.05628 7.19575 -2.93973 148 148 148
-0.93894 7.19800 -2.98397 139 139 139
-0.82324 7.19837 -3.03347 149 149 149
-0.70347 7.19716 -3.07186 141 141 141
-0.58093 7.19720 -3.10013 142 142 142
-0.45992 7.20237 -3.13568 146 146 146
-0.33460 7.19751 -3.14974 138 138 138
-0.21025 7.19913 -3.16810 135 135 135
-0.08505 7.19964 -3.17926 136 136 136
0.04028 7.19816 -3.18981 134 134 134
0.16604 7.20364 -3.19124 144 144 144
0.29177 7.19737 -3.18864 142 142 142
0.41715 7.20069 -3.17930 140 140 140
0.54163 7.19874 -3.16209 139 139 139
0.66678 7.20310 -3.15028 142 142 142
0.79048 7.20197 -3.12801 142 142 142
0.91265 7.20116 -3.09859 134 134 134
1.03523 7.20013 -3.07068 137 137 137
1.15391 7.20080 -3.02911 131 131 131
1.27372 7.19985 -2.99126 146 146 146
1.39252 7.19637 -2.94976 140 140 140
1.50540 7.19742 -2.89408 144 144 144
1.61799 7.20223 -2.83839 152 152 152
1.72926 7.20125 -2.78012 141 141 141
1.84047 7.19988 -2.72121 139 139 139
1.94259 7.20347 -2.64758 144 144 144
2.04645 7.20034 -2.57695 143 143 143
2.15102 7.19870 -2.50673 150 150 150
2.24287 7.19827 -2.42045 143 143 143
2.33383 7.19836 -2.33389 147 147 147
2.42850 7.20071 -2.25126 147 147 147
2.51609 7.20164 -2.16116 148 148 148
2.59827 7.20340 -2.06611 153 153 153
2.67875 7.19923 -1.96965 153 153 153
2.75476 7.20153 -1.86961 150 150 150
2.82857 7.19963 -1.76784 151 151 151
2.89336 7.20245 -1.66010 158 158 158
2.95778 7.19337 -1.55224 150 150 150
3.01660 7.20023 -1.44122 153 153 153
3.07180 7.19895 -1.32836 161 161 161
3.12035 7.19578 -1.21250 154 154 154
3.16946 7.20143 -1.09680 153 153 153
3.20900 7.20175 -0.97750 160 160 160
3.24323 7.19544 -0.85663 159 159 159
3.27639 7.19736 -0.73550 163 163 163
3.30339 7.20105 -0.61283 161 161 161
3.32956 7.20019 -0.48982 157 157 157
3.33641 7.20087 -0.36400 168 168 168
3.35893 7.19735 -0.24004 166 166 166
3.36601 7.20024 -0.11448 162 162 162
3.38160 7.60168 0.01188 176 176 176
3.36913 7.60025 0.13738 176 176 176
3.36417 7.60015 0.26289 170 170 170
3.34720 7.60095 0.38736 165 165 165
3.32974 7.59483 0.51157 171 171 171
3.30960 7.60191 0.63543 174 174 174
3.28441 7.59934 0.75843 172 172 172
3.25242 7.59758 0.87986 174 174 174
3.21615 7.59587 1.00008 176 176 176
3.17255 7.59594 1.11781 175 175 175
3.13437 7.59815 1.23778 180 180 180
3.07758 7.60405 1.35008 188 188 188
3.02682 7.59919 1.46507 182 182 182
2.96392 7.59871 1.57387 177 177 177
2.90008 7.59960 1.68194 177 177 177
2.83499 7.59916 1.78937 183 183 183
2.76104 7.60198 1.89091 185 185 185
2.68307 7.60397 1.98925 187 187 187
2.60979 7.59861 2.09157 189 189 189
2.52622 7.60122 2.18553 189 189 189
2.43739 7.59856 2.27449 187 187 187
2.35014 7.60018 2.36517 190 190 190
2.25437 7.59830 2.44677 191 191 191
2.15824 7.59778 2.52789 193 193 193
2.05739 7.59980 2.60307 198 198 198
1.95470 7.59947 2.67573 188 188 188
1.84840 7.60301 2.74299 196 196 196
1.73544 7.60051 2.79865 195 195 195
1.62702 7.59818 2.86208 194 194 194
1.51461 7.59624 2.91822 196 196 196
1.39559 7.59837 2.95921 194 194 194
1.28156 7.60299 3.01200 200 200 200
1.16442 7.59847 3.05776 198 198 198
1.04158 7.60422 3.08542 197 197 197
0.92306 7.59836 3.12884 198 198 198
0.79843 7.59938 3.14739 192 192 192
0.67488 7.60098 3.16968 190 190 190
0.55043 7.59565 3.18611 196 196 196
0.42585 7.60006 3.20269 196 196 196
0.30026 7.60180 3.20699 193 193 193
0.17471 7.59921 3.21302 199 199 199
0.04928 7.60360 3.20417 194 194 194
-0.07521 7.59656 3.18730 200 200 200
-0.20106 7.60244 3.18664 195 195 195
-0.32650 7.59812 3.17623 192 192 192
-0.44966 7.60192 3.15064 194 194 194
-0.57265 7.60272 3.12473 196 196 196
-0.69289 7.59872 3.08803 198 198 198
-0.81255 7.59738 3.05023 194 194 194
-0.93386 7.59912 3.01667 193 193 193
-1.05034 7.59652 2.96930 199 199 199
-1.16526 7.59903 2.91839 189 189 189
-1.27851 7.60274 2.86389 193 193 193
-1.38676 7.60365 2.79999 195 195 195
-1.49858 7.60041 2.74235 186 186 186
-1.60453 7.59824 2.67461 188 188 188
-1.70520 7.60284 2.59927 189 189 189
-1.80787 7.60222 2.52669 191 191 191
-1.90663 7.59769 2.44874 191 191 191
-1.99869 7.59686 2.36298 186 186 186
-2.08862 7.59934 2.27514 188 188 188
-2.17331 7.59950 2.18230 180 180 180
-2.26206 7.59844 2.09302 180 180 180
-2.33716 7.60189 1.99202 186 186 186
-2.41854 7.60015 1.89593 181 181 181
-2.48767 7.59609 1.79078 181 181 181
-2.55929 7.59823 1.68723 186 186 186
-2.61548 7.59813 1.57442 177 177 177
-2.67924 7.60365 1.46601 179 179 179
-2.73141 7.60220 1.35159 181 181 181
-2.77583 7.60436 1.23401 181 181 181
-2.82338 7.59943 1.11791 179 179 179
-2.86963 7.60130 1.00102 175 175 175
-2.89951 7.60258 0.87888 179 179 179
-2.94093 7.60061 0.75986 177 177 177
-2.96382 7.59804 0.63616 175 175 175
-2.98848 7.59699 0.51287 169 169 169
-3.00739 7.59824 0.38849 169 169 169
-3.01419 7.60123 0.26284 168 168 168
-3.02650 7.60450 0.13765 176 176 176
-3.03074 7.60327 0.01188 165 165 165
-3.02435 7.60144 -0.11382 167 167 167
-3.00860 7.59962 -0.23867 161 161 161
-3.00343 7.59926 -0.36430 172 172 172
-2.98671 7.59985 -0.48886 162 162 162
-2.96356 7.60282 -0.61239 152 152 152
-2.93774 7.59883 -0.73539 161 161 161
-2.90904 7.60067 -0.85786 153 153 153
-2.87396 7.60142 -0.97873 159 159 159
-2.83027 7.60020 -1.09676 155 155 155
-2.78044 7.60075 -1.21223 155 155 155
-2.73099 7.59612 -1.32771 156 156 156
-2.67656 7.60090 -1.44097 153 153 153
-2.61301 7.59587 -1.54937 158 158 158
-2.55514 7.60136 -1.66103 158 158 158
-2.48445 7.60287 -1.76497 158 158 158
-2.41075 7.60454 -1.86662 153 153 153
-2.33731 7.60166 -1.96850 151 151 151
-2.25831 7.59887 -2.06618 152 152 152
-2.17646 7.59929 -2.16159 148 148 148
-2.08677 7.60300 -2.24966 151 151 151
-2.00237 7.59952 -2.34334 144 144 144
-1.90450 7.60377 -2.42262 148 148 148
-1.80722 7.60148 -2.50225 141 141 141
-1.70571 7.60295 -2.57637 147 147 147
-1.60277 7.59944 -2.64836 144 144 144
-1.49546 7.60113 -2.71365 147 147 147
-1.38938 7.60492 -2.78106 142 142 142
-1.27755 7.59740 -2.83840 146 146 146
-1.16379 7.59551 -2.89161 146 146 146
-1.04914 7.59605 -2.94282 142 142 142
-0.93146 7.59585 -2.98658 146 146 146
-0.81465 7.59777 -3.03312 135 135 135
-0.69262 7.60168 -3.06350 144 144 144
-0.57296 7.60247 -3.10245 141 141 141
-0.45020 7.60502 -3.12981 139 139 139
-0.32588 7.60381 -3.14877 143 143 143
-0.20175 7.60556 -3.16884 135 135 135
-0.07643 7.59866 -3.17919 133 133 133
0.04906 7.59918 -3.18618 132 132 132
0.17471 7.60124 -3.19323 140 140 140
0.30030 7.59786 -3.18457 136 136 136
0.42548 7.60153 -3.17446 134 134 134
0.55069 7.59972 -3.16479 142 142 142
0.67431 7.60085 -3.14247 150 150 150
0.79844 7.60436 -3.12384 144 144 144
0.92192 7.60257 -3.10051 139 139 139
1.04190 7.60360 -3.06297 135 135 135
1.16436 7.60031 -3.03397 138 138 138
1.28248 7.60572 -2.99089 142 142 142
1.39931 7.60185 -2.94461 143 143 143
1.51561 7.59945 -2.89680 145 145 145
1.62766 7.59793 -2.83974 145 145 145
1.73830 7.59689 -2.78015 142 142 142
1.84265 7.60074 -2.71000 146 146 146
1.94840 7.60075 -2.64268 149 149 149
2.05502 7.59840 -2.57620 139 139 139
2.15598 7.60042 -2.50141 155 155 155
2.25071 7.59921 -2.41887 150 150 150
2.34678 7.59883 -2.33791 143 143 143
2.43601 7.59743 -2.24948 149 149 149
2.52261 7.59952 -2.15856 150 150 150
2.60741 7.60090 -2.06590 146 146 146
2.68645 7.59792 -1.96828 153 153 153
2.76426 7.59574 -1.86959 153 153 153
2.83518 7.60182 -1.76584 149 149 149
2.90237 7.60029 -1.65968 153 153 153
2.96593 7.60172 -1.55133 154 154 154
3.02158 7.59798 -1.43872 155 155 155
3.08075 7.60111 -1.32787 158 158 158
3.13035 7.59534 -1.21243 154 154 154
3.18030 7.59888 -1.09698 163 163 163
3.21281 7.59816 -0.97529 152 152 152
3.25704 7.60064 -0.85746 161 161 161
3.28717 7.59813 -0.73539 165 165 165
3.31317 7.59971 -0.61242 158 158 158
3.33796 7.60194 -0.48915 160 160 160
3.34887 7.60069 -0.36382 162 162 162
3.36972 7.60409 -0.23959 166 166 166
3.37093 7.60086 -0.11371 165 165 165
3.38097 7.99867 0.01250 169 169 169
3.37638 8.00095 0.13795 171 171 171
3.37220 8.00044 0.26347 171 171 171
3.35589 8.00177 0.38799 171 171 171
3.34192 8.00232 0.51277 177 177 177
3.32145 7.99688 0.63670 169 169 169
3.29015 8.00106 0.75837 182 182 182
3.26449 7.99815 0.88147 175 175 175
3.22932 8.00115 1.00219 177 177 177
3.18212 8.00094 1.11880 168 168 168
3.14006 7.99981 1.23721 176 176 176
3.08634 8.00403 1.35079 185 185 185
3.03162 8.00018 1.46376 180 180 180
2.97229 7.99653 1.57437 185 185 185
2.91443 8.00350 1.68610 182 182 182
2.84347 7.99912 1.78993 183 183 183
2.77027 8.00090 1.89199 182 182 182
2.69579 8.00004 1.99313 182 182 182
2.62032 7.99827 2.09386 180 180 180
2.53570 8.00306 2.18697 184 184 184
2.44756 8.00512 2.27670 188 188 188
2.35322 7.99513 2.35984 188 188 188
2.26312 8.00047 2.44758 191 191 191
2.16613 8.00266 2.52762 194 194 194
2.06224 7.99879 2.59856 191 191 191
1.96056 7.99663 2.67226 190 190 190
1.85529 7.99604 2.74085 197 197 197
1.74558 7.99895 2.80205 191 191 191
1.63526 7.99568 2.86202 195 195 195
1.52501 7.99994 2.92277 195 195 195
1.40765 8.00061 2.96823 194 194 194
1.28822 8.00486 3.00738 189 189 189
1.17350 8.00396 3.05988 198 198 198
1.05108 7.99662 3.08929 192 192 192
0.92972 7.99981 3.12142 186 186 186
0.80854 7.99932 3.15565 192 192 192
0.68398 8.00361 3.17352 191 191 191
0.55840 7.99889 3.18158 204 204 204
0.43434 8.00330 3.20221 196 196 196
0.30888 8.00126 3.20875 200 200 200
0.18329 8.00116 3.21285 186 186 186
0.05778 7.99837 3.20671 196 196 196
-0.06739 7.99673 3.19757 201 201 201
-0.19306 7.99743 3.19213 200 200 200
-0.31764 7.99945 3.17505 194 194 194
-0.44087 8.00005 3.15020 192 192 192
-0.56390 7.99518 3.12460 199 199 199
-0.68338 8.00138 3.08532 203 203 203
-0.80547 7.99773 3.05545 193 193 193
-0.92185 8.00263 3.00796 192 192 192
-1.04223 7.99851 2.97104 198 198 198
-1.15695 7.99767 2.91958 202 202 202
-1.26710 7.99904 2.85893 187 187 187
-1.37960 8.00112 2.80313 200 200 200
-1.48763 7.99791 2.73909 195 195 195
-1.59421 8.00085 2.67261 197 197 197
-1.69528 8.00417 2.59804 184 184 184
-1.79609 8.00642 2.52324 193 193 193
-1.89342 7.99982 2.44393 192 192 192
-1.98781 8.00035 2.36110 179 179 179
-2.07531 8.00436 2.27103 185 185 185
-2.16871 7.99673 2.18660 182 182 182
-2.24950 8.00445 2.09023 186 186 186
-2.33361 8.00426 1.99661 186 186 186
-2.40269 8.00329 1.89127 179 179 179
-2.48203 8.00151 1.79336 171 171 171
-2.54712 7.99889 1.68565 180 180 180
-2.60789 8.00060 1.57560 185 185 185
-2.67197 8.00376 1.46729 178 178 178
-2.72752 8.00035 1.35437 176 176 176
-2.77667 7.99752 1.23853 178 178 178
-2.82671 7.99545 1.12292 178 178 178
-2.86152 7.99890 1.00180 178 178 178
-2.90006 7.99876 0.88208 172 172 172
-2.92959 7.99795 0.75982 177 177 177
-2.95777 7.99842 0.63728 176 176 176
-2.97321 7.99858 0.51243 171 171 171
-2.99287 7.99801 0.38842 171 171 171
-3.00516 7.99984 0.26343 170 170 170
-3.00843 7.99950 0.13790 172 172 172
-3.02113 7.99892 0.01250 170 170 170
-3.01541 7.99775 -0.11318 162 162 162
-3.00998 8.00120 -0.23883 162 162 162
-2.99741 7.99986 -0.36398 164 164 164
-2.98192 7.99936 -0.48884 172 172 172
-2.95577 8.00012 -0.61192 166 166 166
-2.92371 7.99564 -0.73346 159 159 159
-2.89890 7.99754 -0.85680 165 165 165
-2.86110 7.99997 -0.97672 153 153 153
-2.81982 7.99970 -1.09545 152 152 152
-2.77351 8.00424 -1.21229 156 156 156
-2.72028 8.00388 -1.32612 159 159 159
-2.66748 8.00211 -1.44009 163 163 163
-2.60676 7.99898 -1.55006 150 150 150
-2.53596 8.00086 -1.65392 149 149 149
-2.47624 8.00144 -1.76461 153 153 153
-2.40072 8.00021 -1.86496 150 150 150
-2.32623 7.99552 -1.96591 153 153 153
-2.24704 8.00138 -2.06326 151 151 151
-2.16980 7.99958 -2.16275 138 138 138
-2.07912 8.00028 -2.24998 146 146 146
-1.99028 7.99984 -2.33892 145 145 145
-1.89640 8.00080 -2.42257 143 143 143
-1.79772 8.00031 -2.50047 140 140 140
-1.69350 8.00002 -2.57074 147 147 147
-1.59339 8.00199 -2.64656 151 151 151
-1.49207 7.99811 -2.72150 140 140 140
-1.38167 7.99883 -2.78200 140 140 140
-1.26968 7.99532 -2.83917 143 143 143
-1.15879 8.00094 -2.89874 140 140 140
-1.04206 7.99928 -2.94581 142 142 142
-0.92488 8.00213 -2.99137 139 139 139
-0.80498 8.00107 -3.02911 141 141 141
-0.68653 7.99962 -3.07169 136 136 136
-0.56449 7.99851 -3.10225 133 133 133
-0.44112 8.00108 -3.12666 141 141 141
-0.31652 8.00022 -3.14319 135 135 135
-0.19291 8.00041 -3.16599 138 138 138
-0.06815 7.99978 -3.18236 142 142 142
0.05758 8.00069 -3.18702 138 138 138
0.18329 7.99915 -3.19246 140 140 140
0.30870 8.00128 -3.17936 142 142 142
0.43408 8.00188 -3.17404 141 141 141
0.55969 7.99614 -3.16769 143 143 143
0.68343 8.00248 -3.14528 135 135 135
0.80646 8.00035 -3.12041 144 144 144
0.93039 7.99983 -3.09943 138 138 138
1.05174 7.99884 -3.06683 136 136 136
1.17215 8.00065 -3.03093 140 140 140
1.29110 7.99689 -2.99038 142 142 142
1.40830 8.00063 -2.94497 144 144 144
1.52201 8.00257 -2.89146 146 146 146
1.63600 7.99805 -2.83865 146 146 146
1.74610 7.99916 -2.77815 139 139 139
1.85685 7.99788 -2.71856 144 144 144
1.95954 7.99369 -2.64590 146 146 146
2.06876 8.00144 -2.58269 146 146 146
2.16324 7.99830 -2.49912 145 145 145
2.26191 8.00128 -2.42132 145 145 145
2.35867 7.99880 -2.34088 149 149 149
2.44272 8.00113 -2.24699 143 143 143
2.52967 7.99714 -2.15654 145 145 145
2.61900 7.99499 -2.06786 152 152 152
2.70085 7.99766 -1.97225 149 149 149
2.77644 7.99596 -1.87160 153 153 153
2.84533 7.99842 -1.76628 157 157 157
2.91468 7.99628 -1.66135 154 154 154
2.97776 7.99947 -1.55254 155 155 155
3.03283 7.99683 -1.43947 146 146 146
3.08871 7.99860 -1.32697 158 158 158
3.14449 7.99829 -1.21412 160 160 160
3.18264 7.99709 -1.09406 152 152 152
3.22815 7.99517 -0.97687 161 161 161
3.26600 8.00239 -0.85695 159 159 159
3.29137 8.00033 -0.73371 157 157 157
3.31775 8.00115 -0.61101 163 163 163
3.34252 8.00025 -0.48789 164 164 164
3.36668 7.99924 -0.36429 166 166 166
3.37508 7.99780 -0.23871 168 168 168
3.38338 8.00172 -0.11324 161 161 161
3.38943 8.39729 0.01313 167 167 167
3.38990 8.40347 0.13878 175 175 175
3.38562 8.39855 0.26448 172 172 172
3.37035 8.39893 0.38932 177 177 177
3.34596 8.39785 0.51269 162 162 162
3.32719 8.39909 0.63678 169 169 169
3.30193 8.39938 0.75979 174 174 174
3.27246 8.40188 0.88194 175 175 175
3.23860 8.40282 1.00307 174 174 174
3.19097 8.39696 1.11955 175 175 175
3.14404 8.40244 1.23596 175 175 175
3.10094 8.40452 1.35423 182 182 182
3.04490 8.39958 1.46682 184 184 184
2.97944 8.39859 1.57425 181 181 181
2.92207 8.40256 1.68620 186 186 186
2.84998 8.40126 1.78922 185 185 185
2.78075 8.39862 1.89406 183 183 183
2.70268 8.40160 1.99249 184 184 184
2.62778 8.40019 2.09359 191 191 191
2.54165 8.39961 2.18524 183 183 183
2.45189 8.39922 2.27316 184 184 184
2.36343 8.40131 2.36231 188 188 188
2.26901 8.40046 2.44515 185 185 185
2.17122 8.40042 2.52393 186 186 186
2.07236 8.39958 2.60141 186 186 186
1.96821 8.39868 2.67162 194 194 194
1.86258 8.40204 2.73950 190 190 190
1.75535 8.39864 2.80495 190 190 190
1.64517 8.39803 2.86543 194 194 194
1.53085 8.40129 2.91764 191 191 191
1.41676 8.39925 2.97033 191 191 191
1.29792 8.40185 3.01130 193 193 193
1.17840 8.40602 3.04946 197 197 197
1.06130 8.40011 3.09604 191 191 191
0.93804 8.39870 3.12136 194 194 194
0.81591 8.40145 3.15066 192 192 192
0.69217 8.39996 3.17229 194 194 194
0.56798 8.40312 3.19145 191 191 191
0.44284 8.40361 3.20302 191 191 191
0.31722 8.39992 3.20564 194 194 194
0.19178 8.40264 3.21397 196 196 196
0.06621 8.40062 3.20885 201 201 201
-0.05923 8.39437 3.20227 191 191 191
-0.18486 8.39674 3.19508 192 192 192
-0.30854 8.39856 3.17181 194 194 194
-0.43174 8.40116 3.14758 191 191 191
-0.55549 8.40000 3.12554 195 195 195
-0.67555 8.39934 3.08825 199 199 199
-0.79794 8.39967 3.05899 199 199 199
-0.91654 8.39997 3.01718 189 189 189
-1.03338 8.39722 2.97076 195 195 195
-1.14807 8.40029 2.91933 198 198 198
-1.25809 8.40193 2.85851 191 191 191
-1.37089 8.40477 2.80333 189 189 189
-1.47724 8.40349 2.73658 185 185 185
-1.58653 8.39830 2.67442 193 193 193
-1.68804 8.40049 2.60035 189 189 189
-1.78860 8.40236 2.52512 184 184 184
-1.88878 8.40569 2.44905 186 186 186
-1.97978 8.39840 2.36221 188 188 188
-2.06554 8.39970 2.27036 189 189 189
-2.15553 8.40322 2.18287 185 185 185
-2.24177 8.39899 2.09150 189 189 189
-2.32191 8.39923 1.99469 176 176 176
-2.40093 8.40129 1.89678 185 185 185
-2.47434 8.40115 1.79451 189 189 189
-2.53460 8.39653 1.68380 182 182 182
-2.60411 8.39884 1.57885 177 177 177
-2.66088 8.39846 1.46658 171 171 171
-2.71031 8.40086 1.35097 180 180 180
-2.76500 8.39710 1.23783 177 177 177
-2.81164 8.39517 1.12112 174 174 174
-2.85057 8.39908 1.00162 171 171 171
-2.89121 8.40013 0.88259 174 174 174
-2.91675 8.40165 0.75940 170 170 170
-2.94041 8.39541 0.63614 174 174 174
-2.97534 8.40463 0.51473 172 172 172
-2.98143 8.39798 0.38869 175 175 175
-2.99355 8.39936 0.26381 162 162 162
-3.01273 8.39601 0.13903 168 168 168
-3.00424 8.40333 0.01313 170 170 170
-3.00707 8.39780 -0.11256 170 170 170
-3.00193 8.40405 -0.23824 156 156 156
-2.99175 8.39616 -0.36369 160 160 160
-2.97283 8.39457 -0.48812 164 164 164
-2.94311 8.39821 -0.61047 159 159 159
-2.92025 8.39559 -0.73404 163 163 163
-2.88934 8.40168 -0.85588 163 163 163
-2.84523 8.40129 -0.97370 160 160 160
-2.80958 8.40246 -1.09418 159 159 159
-2.76732 8.40346 -1.21263 157 157 157
-2.71228 8.39997 -1.32572 152 152 152
-2.65899 8.39478 -1.43947 154 154 154
-2.60319 8.39839 -1.55220 158 158 158
-2.54016 8.39566 -1.66108 153 153 153
-2.47373 8.39721 -1.76798 154 154 154
-2.39295 8.39679 -1.86486 158 158 158
-2.31391 8.40155 -1.96228 147 147 147
-2.24572 8.40097 -2.06877 153 153 153
-2.15910 8.39924 -2.16009 153 153 153
-2.07153 8.40249 -2.25026 146 146 146
-1.97778 8.39913 -2.33396 153 153 153
-1.88434 8.40127 -2.41777 149 149 149
-1.78569 8.39671 -2.49536 145 145 145
-1.68669 8.40196 -2.57244 142 142 142
-1.58561 8.39894 -2.64700 149 149 149
-1.47989 8.39743 -2.71485 149 149 149
-1.37053 8.40316 -2.77663 140 140 140
-1.26018 8.39933 -2.83657 148 148 148
-1.14679 8.39967 -2.89050 144 144 144
-1.03255 8.39669 -2.94271 145 145 145
-0.91661 8.40212 -2.99133 140 140 140
-0.79658 8.40068 -3.02877 137 137 137
-0.67589 8.40056 -3.06342 141 141 141
-0.55531 8.39801 -3.09876 138 138 138
-0.43317 8.40309 -3.12875 145 145 145
-0.30893 8.39959 -3.14821 139 139 139
-0.18465 8.39990 -3.16733 134 134 134
-0.06003 8.40128 -3.18637 140 140 140
0.06623 8.39881 -3.18238 144 144 144
0.19178 8.40280 -3.18288 136 136 136
0.31754 8.39761 -3.18775 149 149 149
0.44270 8.39994 -3.17510 145 145 145
0.56713 8.40406 -3.15822 143 143 143
0.69268 8.39563 -3.14950 135 135 135
0.81482 8.39809 -3.11914 138 138 138
0.93807 8.39829 -3.09545 140 140 140
1.05970 8.40173 -3.06435 137 137 137
1.18159 8.40199 -3.03325 141 141 141
1.30041 8.40078 -2.99201 140 140 140
1.41804 8.39871 -2.94739 141 141 141
1.53199 8.40074 -2.89409 142 142 142
1.64536 8.39810 -2.83975 142 142 142
1.75789 8.40059 -2.78343 139 139 139
1.86200 8.39162 -2.71251 151 151 151
1.96861 8.40408 -2.64616 144 144 144
2.07370 8.40150 -2.57719 145 145 145
2.17440 8.39967 -2.50189 156 156 156
2.26831 8.40464 -2.41825 145 145 145
2.36680 8.40005 -2.33988 147 147 147
2.45882 8.40270 -2.25399 145 145 145
2.54150 8.39951 -2.15902 153 153 153
2.62214 8.39901 -2.06267 149 149 149
2.70571 8.40059 -1.96878 155 155 155
2.77882 8.40224 -1.86654 151 151 151
2.85156 8.39876 -1.76415 149 149 149
2.92351 8.40206 -1.66095 150 150 150
2.98640 8.39411 -1.55201 153 153 153
3.03680 8.39822 -1.43655 150 150 150
3.09350 8.40354 -1.32465 153 153 153
3.14443 8.40108 -1.20996 159 159 159
3.19090 8.40092 -1.09336 162 162 162
3.23666 8.40083 -0.97626 164 164 164
3.26849 8.40055 -0.85464 167 167 167
3.30328 8.39709 -0.73392 160 160 160
3.33073 8.40305 -0.61128 167 167 167
3.35451 8.40360 -0.48783 161 161 161
3.36778 8.40250 -0.36280 163 163 163
3.38203 8.40315 -0.23797 164 164 164
3.39187 8.39996 -0.11261 168 168 168
3.39897 8.80185 0.01375 169 169 169
3.39711 8.80014 0.13935 162 162 162
3.38717 8.79888 0.26457 170 170 170
3.37593 8.80147 0.38962 177 177 177
3.36349 8.79766 0.51476 179 179 179
3.33382 8.79841 0.63706 176 176 176
3.31152 8.80004 0.76070 172 172 172
3.28024 8.80045 0.88240 175 175 175
3.24143 8.79945 1.00189 177 177 177
3.19903 8.80461 1.12006 180 180 180
3.15729 8.79697 1.23859 177 177 177
3.10770 8.80168 1.35410 187 187 187
3.04902 8.80154 1.46526 178 178 178
2.98694 8.79767 1.57436 174 174 174
2.92457 8.79835 1.68321 189 189 189
2.86220 8.79960 1.79240 184 184 184
2.79198 8.79884 1.89674 184 184 184
2.71151 8.79840 1.99346 183 183 183
2.63193 8.80287 2.09059 192 192 192
2.55289 8.80229 2.18849 183 183 183
2.45760 8.80159 2.27109 191 191 191
2.37359 8.79958 2.36484 189 189 189
2.27917 8.80097 2.44783 191 191 191
2.18312 8.80041 2.52899 184 184 184
2.08056 8.80271 2.60176 194 194 194
1.97669 8.79866 2.67236 187 187 187
1.87078 8.79716 2.73979 198 198 198
1.76332 8.79876 2.80481 186 186 186
1.65407 8.80773 2.86704 191 191 191
1.53889 8.79717 2.91750 191 191 191
1.42322 8.79823 2.96627 192 192 192
1.31038 8.80456 3.02292 192 192 192
1.18870 8.80482 3.05594 195 195 195
1.06756 8.79695 3.08908 192 192 192
0.94854 8.80199 3.13073 198 198 198
0.82452 8.80509 3.15237 200 200 200
0.70047 8.80211 3.17230 196 196 196
0.57673 8.80064 3.19510 197 197 197
0.45101 8.79962 3.20078 188 188 188
0.32579 8.80165 3.21085 204 204 204
0.20017 8.79832 3.21669 200 200 200
0.07407 8.80007 3.22293 203 203 203
-0.05038 8.79994 3.19696 193 193 193
-0.17648 8.79650 3.19573 198 198 198
-0.30068 8.80251 3.17575 198 198 198
-0.42470 8.80457 3.15495 196 196 196
-0.54631 8.80027 3.12284 190 190 190
-0.66769 8.80369 3.09071 199 199 199
-0.78911 8.79423 3.05823 193 193 193
-0.90545 8.79816 3.01047 188 188 188
-1.02477 8.80324 2.97082 191 191 191
-1.14074 8.80051 2.92222 202 202 202
-1.25117 8.79613 2.86198 191 191 191
-1.36350 8.79762 2.80571 189 189 189
-1.47231 8.80323 2.74283 192 192 192
-1.57710 8.80080 2.67347 185 185 185
-1.68370 8.80416 2.60653 186 186 186
-1.77974 8.80041 2.52513 196 196 196
-1.87819 8.80217 2.44707 188 188 188
-1.96834 8.80122 2.35952 183 183 183
-2.06748 8.79637 2.28129 185 185 185
-2.14559 8.79926 2.18205 191 191 191
-2.23357 8.80326 2.09227 190 190 190
-2.31293 8.80129 1.99483 184 184 184
-2.38965 8.80385 1.89529 185 185 185
-2.46132 8.79944 1.79203 179 179 179
-2.52473 8.79962 1.68350 185 185 185
-2.59379 8.80134 1.57838 175 175 175
-2.64716 8.80040 1.46449 180 180 180
-2.70757 8.80051 1.35419 179 179 179
-2.76428 8.79950 1.24162 181 181 181
-2.80566 8.80442 1.12262 184 184 184
-2.84289 8.79929 1.00247 174 174 174
-2.87872 8.79538 0.88206 178 178 178
-2.90654 8.79743 0.75958 169 169 169
-2.93502 8.80120 0.63736 176 176 176
-2.96359 8.79946 0.51483 180 180 180
-2.97920 8.79810 0.39004 166 166 166
-2.98816 8.79943 0.26467 170 170 170
-2.99324 8.79627 0.13922 170 170 170
-2.99869 8.80084 0.01375 171 171 171
-3.00120 8.80162 -0.11204 171 171 171
-2.99124 8.79982 -0.23743 168 168 168
-2.97787 8.79861 -0.36242 161 161 161
-2.96246 8.79959 -0.48719 162 162 162
-2.93658 8.79367 -0.61022 160 160 160
-2.90442 8.80341 -0.73163 158 158 158
-2.87969 8.80277 -0.85490 167 167 167
-2.84171 8.80047 -0.97467 156 156 156
-2.80142 8.79927 -1.09365 164 164 164
-2.75333 8.80169 -1.20969 154 154 154
-2.69923 8.80237 -1.32296 162 162 162
-2.65052 8.79534 -1.43882 167 167 167
-2.58934 8.79993 -1.54853 146 146 146
-2.53141 8.79944 -1.66024 156 156 156
-2.46253 8.80050 -1.76549 144 144 144
-2.38893 8.80074 -1.86742 147 147 147
-2.31463 8.79851 -1.96884 152 152 152
-2.23233 8.80084 -2.06389 154 154 154
-2.14679 8.80113 -2.15584 142 142 142
-2.06147 8.80174 -2.24797 150 150 150
-1.97527 8.80036 -2.33971 153 153 153
-1.87607 8.80148 -2.41729 148 148 148
-1.77957 8.79972 -2.49762 151 151 151
-1.68043 8.79914 -2.57475 145 145 145
-1.58367 8.80262 -2.65602 141 141 141
-1.47081 8.79852 -2.71312 142 142 142
-1.36595 8.80280 -2.78282 139 139 139
-1.25066 8.80634 -2.83373 143 143 143
-1.14048 8.79849 -2.89440 135 135 135
-1.02572 8.80292 -2.94586 140 140 140
-0.90845 8.80185 -2.99134 143 143 143
-0.78810 8.80056 -3.02787 142 142 142
-0.66863 8.80156 -3.06681 141 141 141
-0.54611 8.79281 -3.09476 140 140 140
-0.42371 8.79706 -3.12269 144 144 144
-0.30054 8.80414 -3.14763 141 141 141
-0.17621 8.79980 -3.16624 142 142 142
-0.05122 8.80239 -3.18042 134 134 134
0.07461 8.79968 -3.18179 144 144 144
0.20017 8.79791 -3.19027 140 140 140
0.32575 8.80105 -3.18252 145 145 145
0.45109 8.80010 -3.17455 141 141 141
0.57568 8.80310 -3.15896 141 141 141
0.70030 8.79794 -3.14400 138 138 138
0.82438 8.80446 -3.12444 136 136 136
0.94672 8.79961 -3.09593 135 135 135
1.07063 8.79856 -3.07275 142 142 142
1.18987 8.79972 -3.03231 141 141 141
1.30753 8.80318 -2.98796 139 139 139
1.42215 8.79827 -2.93645 142 142 142
1.54288 8.80000 -2.89888 148 148 148
1.65051 8.80025 -2.83278 144 144 144
1.76405 8.79893 -2.77884 142 142 142
1.87099 8.80057 -2.71287 142 142 142
1.97557 8.80279 -2.64342 138 138 138
2.08348 8.79995 -2.57849 145 145 145
2.18051 8.80410 -2.49839 147 147 147
2.27472 8.80013 -2.41533 144 144 144
2.37125 8.80459 -2.33501 142 142 142
2.45924 8.79919 -2.24542 148 148 148
2.54658 8.79756 -2.15534 148 148 148
2.63802 8.79996 -2.06846 143 143 143
2.71347 8.80185 -1.96767 149 149 149
2.79019 8.79829 -1.86810 147 147 147
2.86472 8.79939 -1.76673 149 149 149
2.92358 8.79580 -1.65524 148 148 148
2.99179 8.80014 -1.54971 154 154 154
3.04839 8.80062 -1.43757 154 154 154
3.11349 8.80236 -1.32938 155 155 155
3.15835 8.80395 -1.21163 151 151 151
3.20530 8.79574 -1.09496 155 155 155
3.24680 8.79746 -0.97621 155 155 155
3.27936 8.80175 -0.85472 156 156 156
3.31624 8.80291 -0.73439 161 161 161
3.33784 8.80116 -0.61041 156 156 156
3.36381 8.79488 -0.48735 169 169 169
3.38549 8.80048 -0.36328 167 167 167
3.39365 8.80175 -0.23760 169 169 169
3.39756 8.79765 -0.11188 165 165 165
3.40843 9.20037 0.01437 169 169 169
3.40616 9.19941 0.14001 170 170 170
3.39673 9.20040 0.26529 170 170 170
3.38849 9.19895 0.39074 170 170 170
3.36592 9.19863 0.51445 178 178 178
3.34717 9.20238 0.63868 181 181 181
3.31605 9.19970 0.76042 180 180 180
3.29269 9.20206 0.88419 174 174 174
3.25067 9.19642 1.00282 180 180 180
3.20972 9.20234 1.12156 177 177 177
3.17081 9.20051 1.24138 175 175 175
3.11645 9.20437 1.35493 178 178 178
3.06256 9.20275 1.46856 184 184 184
2.99849 9.20340 1.57681 181 181 181
2.93457 9.20064 1.68488 182 182 182
2.86925 9.20092 1.79219 192 192 192
2.79772 9.20062 1.89550 186 186 186
2.72625 9.20207 1.99916 183 183 183
2.64454 9.20275 2.09489 193 193 193
2.55810 9.20068 2.18626 189 189 189
2.47232 9.19883 2.27813 195 195 195
2.37992 9.20136 2.36333 179 179 179
2.28822 9.19946 2.44934 184 184 184
2.19293 9.20119 2.53153 191 191 191
2.08964 9.20204 2.60346 188 188 188
1.98528 9.20132 2.67343 188 188 188
1.87817 9.20035 2.73894 189 189 189
1.76902 9.19772 2.80078 189 189 189
1.66074 9.19996 2.86445 196 196 196
1.54861 9.20102 2.92120 195 195 195
1.43318 9.19929 2.97091 198 198 198
1.31563 9.20247 3.01529 193 193 193
1.19707 9.20161 3.05680 187 187 187
1.07728 9.19761 3.09478 195 195 195
0.95476 9.20183 3.12273 195 195 195
0.83219 9.19996 3.14986 194 194 194
0.70911 9.20250 3.17513 193 193 193
0.58521 9.20107 3.19732 201 201 201
0.45981 9.19787 3.20790 192 192 192
0.33376 9.20095 3.20337 198 198 198
0.20845 9.19910 3.21439 194 194 194
0.08255 9.19919 3.21845 198 198 198
-0.04237 9.19736 3.20102 197 197 197
-0.16717 9.20316 3.18767 194 194 194
-0.29191 9.20355 3.17324 197 197 197
-0.41431 9.19751 3.14496 196 196 196
-0.53992 9.19735 3.13132 198 198 198
-0.65995 9.20455 3.09323 195 195 195
-0.78243 9.19909 3.06376 200 200 200
-0.89861 9.20032 3.01496 194 194 194
-1.01624 9.19668 2.97083 190 190 190
-1.13138 9.19826 2.92049 197 197 197
-1.24331 9.20222 2.86342 195 195 195
-1.35443 9.19997 2.80491 188 188 188
-1.46158 9.20322 2.73945 196 196 196
-1.57038 9.20495 2.67642 190 190 190
-1.67207 9.19811 2.60254 190 190 190
-1.77124 9.19942 2.52545 191 191 191
-1.86836 9.19938 2.44587 188 188 188
-1.96632 9.20409 2.36690 196 196 196
-2.05306 9.20285 2.27577 189 189 189
-2.14327 9.19717 2.18817 189 189 189
-2.23077 9.20075 2.09756 193 193 193
-2.30766 9.19782 1.99783 185 185 185
-2.38110 9.20362 1.89571 185 185 185
-2.45671 9.20081 1.79510 186 186 186
-2.52656 9.20405 1.69032 179 179 179
-2.58264 9.20183 1.57740 179 179 179
-2.64497 9.19991 1.46821 183 183 183
-2.69036 9.20057 1.35069 178 178 178
-2.74640 9.19761 1.23827 181 181 181
-2.79520 9.19668 1.12244 172 172 172
-2.83064 9.20356 1.00180 173 173 173
-2.87924 9.19971 0.88516 182 182 182
-2.90370 9.19894 0.76151 178 178 178
-2.92562 9.20507 0.63776 170 170 170
-2.95522 9.20339 0.51544 173 173 173
-2.96624 9.20375 0.39011 171 171 171
-2.97872 9.19773 0.26520 170 170 170
-2.98374 9.20011 0.13979 168 168 168
-2.99276 9.20115 0.01438 169 169 169
-2.98845 9.20006 -0.11124 167 167 167
-2.98723 9.20129 -0.23715 163 163 163
-2.96981 9.19999 -0.36182 158 158 158
-2.94988 9.19732 -0.48589 164 164 164
-2.93175 9.20089 -0.61029 166 166 166
-2.90886 9.19808 -0.73407 161 161 161
-2.87266 9.19478 -0.85464 161 161 161
-2.83355 9.20231 -0.97409 158 158 158
-2.79481 9.19985 -1.09365 159 159 159
-2.74918 9.19821 -1.21079 151 151 151
-2.70008 9.19543 -1.32655 147 147 147
-2.64396 9.19690 -1.43909 157 157 157
-2.58792 9.20094 -1.55176 158 158 158
-2.51617 9.20046 -1.65537 146 146 146
-2.44926 9.19465 -1.76155 143 143 143
-2.38105 9.19730 -1.86711 151 151 151
-2.30279 9.20118 -1.96543 152 152 152
-2.21785 9.19905 -2.05798 147 147 147
-2.13924 9.20181 -2.15591 145 145 145
-2.05413 9.20289 -2.24831 143 143 143
-1.96372 9.20148 -2.33557 145 145 145
-1.86831 9.19771 -2.41730 143 143 143
-1.77116 9.20347 -2.49685 142 142 142
-1.66870 9.20123 -2.56940 133 133 133
-1.57036 9.20215 -2.64790 141 141 141
-1.46400 9.19806 -2.71490 142 142 142
-1.35225 9.19906 -2.77254 140 140 140
-1.24029 9.19929 -2.82902 138 138 138
-1.13119 9.19741 -2.89160 143 143 143
-1.01684 9.19920 -2.94381 138 138 138
-0.89963 9.19674 -2.98928 142 142 142
-0.78114 9.19976 -3.03133 139 139 139
-0.65912 9.20354 -3.06185 141 141 141
-0.53747 9.19883 -3.09265 144 144 144
-0.41529 9.19924 -3.12142 151 151 151
-0.29125 9.19716 -3.14062 141 141 141
-0.16852 9.20070 -3.17069 142 142 142
-0.04285 9.20290 -3.17869 140 140 140
0.08277 9.20177 -3.18448 133 133 133
0.20845 9.19962 -3.18852 141 141 141
0.33413 9.20171 -3.18433 142 142 142
0.45920 9.20118 -3.17169 145 145 145
0.58481 9.19723 -3.16546 139 139 139
0.70953 9.19800 -3.14932 142 142 142
0.83258 9.20271 -3.12339 137 137 137
0.95504 9.19673 -3.09542 139 139 139
1.07644 9.19710 -3.06334 141 141 141
1.19649 9.20261 -3.02654 141 141 141
1.31649 9.19716 -2.98916 135 135 135
1.43275 9.20212 -2.94141 138 138 138
1.54767 9.19925 -2.89070 132 132 132
1.66179 9.20240 -2.83806 145 145 145
1.77318 9.19835 -2.77975 140 140 140
1.87854 9.19854 -2.71106 140 140 140
1.98367 9.20179 -2.64252 140 140 140
2.09324 9.19693 -2.57992 151 151 151
2.18990 9.19499 -2.49918 140 140 140
2.28520 9.20271 -2.41729 147 147 147
2.38250 9.19973 -2.33760 149 149 149
2.46851 9.19889 -2.24579 139 139 139
2.55705 9.19989 -2.15675 150 150 150
2.64345 9.20154 -2.06541 144 144 144
2.72142 9.20093 -1.96679 147 147 147
2.80045 9.20432 -1.86892 157 157 157
2.86426 9.19939 -1.76027 152 152 152
2.93854 9.20090 -1.65872 153 153 153
2.99895 9.20535 -1.54847 155 155 155
3.06266 9.20006 -1.44000 153 153 153
3.11232 9.19776 -1.32441 148 148 148
3.16553 9.20065 -1.21056 154 154 154
3.20881 9.19998 -1.09258 157 157 157
3.25201 9.20035 -0.97460 162 162 162
3.28761 9.20057 -0.85409 161 161 161
3.32027 9.20232 -0.73275 161 161 161
3.35233 9.19600 -0.61102 162 162 162
3.36453 9.19606 -0.48553 164 164 164
3.38594 9.19753 -0.36173 167 167 167
3.40098 9.20205 -0.23690 169 169 169
3.40669 9.19977 -0.11129 165 165 165
3.42175 9.59793 0.01500 172 172 172
3.41249 9.60051 0.14056 169 169 169
3.40236 9.59976 0.26571 173 173 173
3.38912 9.59668 0.39047 173 173 173
3.37708 9.60206 0.51555 173 173 173
3.35354 9.60334 0.63895 180 180 180
3.33274 9.59960 0.76308 168 168 168
3.29438 9.60587 0.88298 174 174 174
3.26279 9.60053 1.00472 173 173 173
3.21543 9.60303 1.12127 174 174 174
3.17013 9.59821 1.23833 177 177 177
3.12561 9.60162 1.35600 178 178 178
3.06422 9.59949 1.46585 182 182 182
3.00467 9.60027 1.57631 175 175 175
2.94096 9.59904 1.68439 180 180 180
2.87736 9.59734 1.79276 181 181 181
2.80296 9.60072 1.89398 180 180 180
2.72983 9.59634 1.99615 176 176 176
2.65271 9.59753 2.09550 189 189 189
2.56422 9.60156 2.18496 194 194 194
2.47777 9.59907 2.27601 188 188 188
2.38975 9.60351 2.36573 180 180 180
2.29573 9.60210 2.44916 182 182 182
2.20041 9.59682 2.53124 191 191 191
2.09740 9.59978 2.60348 191 191 191
1.99691 9.60306 2.67919 195 195 195
1.88919 9.59430 2.74417 187 187 187
1.78286 9.60196 2.81150 195 195 195
1.67049 9.60538 2.86815 196 196 196
1.55855 9.59812 2.92562 197 197 197
1.44164 9.60177 2.97220 193 193 193
1.32460 9.59632 3.01803 191 191 191
1.20647 9.60153 3.06115 193 193 193
1.08435 9.59810 3.09141 192 192 192
0.96312 9.60076 3.12405 196 196 196
0.84254 9.60488 3.16134 201 201 201
0.71631 9.59821 3.16955 201 201 201
0.59313 9.60014 3.19569 194 194 194
0.46740 9.59865 3.20096 196 196 196
0.34231 9.60010 3.21350 194 194 194
0.21663 9.60559 3.21912 195 195 195
0.09109 9.60074 3.20979 194 194 194
-0.03400 9.60131 3.19918 188 188 188
-0.15971 9.60180 3.19438 193 193 193
-0.28330 9.60087 3.17109 197 197 197
-0.40826 9.60241 3.15623 186 186 186
-0.53090 9.60182 3.12840 204 204 204
-0.65069 9.60229 3.09002 204 204 204
-0.77211 9.59682 3.05777 201 201 201
-0.89006 9.60003 3.01456 198 198 198
-1.00698 9.60108 2.96881 191 191 191
-1.12477 9.59888 2.92449 193 193 193
-1.23973 9.59616 2.87304 193 193 193
-1.34664 9.59788 2.80622 192 192 192
-1.44997 9.60385 2.73444 195 195 195
-1.56234 9.59448 2.67722 186 186 186
-1.66514 9.60112 2.60486 186 186 186
-1.76622 9.59926 2.53007 194 194 194
-1.86408 9.59958 2.45104 183 183 183
-1.95930 9.60666 2.36876 191 191 191
-2.04352 9.59785 2.27502 190 190 190
-2.13352 9.60487 2.18733 192 192 192
-2.21959 9.60097 2.09561 190 190 190
-2.29659 9.60288 1.99616 182 182 182
-2.36739 9.59696 1.89230 180 180 180
-2.44692 9.60256 1.79464 186 186 186
-2.51297 9.59956 1.68762 177 177 177
-2.57869 9.60004 1.58038 177 177 177
-2.63232 9.59977 1.46655 182 182 182
-2.69656 9.59603 1.35794 175 175 175
-2.74065 9.59822 1.23989 179 179 179
-2.78467 9.60622 1.12219 174 174 174
-2.83306 9.60098 1.00586 173 173 173
-2.86068 9.60071 0.88286 175 175 175
-2.89604 9.60187 0.76226 172 172 172
-2.91972 9.59782 0.63884 172 172 172
-2.94353 9.60142 0.51550 167 167 167
-2.95754 9.60299 0.39067 167 167 167
-2.96870 9.60018 0.26568 175 175 175
-2.98040 9.59367 0.14061 169 169 169
-2.98988 9.60313 0.01500 165 165 165
-2.97699 9.60271 -0.11049 175 175 175
-2.97379 9.60077 -0.23611 168 168 168
-2.96403 9.59989 -0.36148 164 164 164
-2.93620 9.60012 -0.48440 162 162 162
-2.91751 9.60058 -0.60846 167 167 167
-2.89233 9.59447 -0.73145 156 156 156
-2.86199 9.59974 -0.85332 154 154 154
-2.82218 9.59736 -0.97244 156 156 156
-2.79048 9.60131 -1.09446 156 156 156
-2.74674 9.59996 -1.21255 161 161 161
-2.69141 9.59703 -1.32571 156 156 156
-2.63033 9.59828 -1.43569 149 149 149
-2.57837 9.60051 -1.55038 156 156 156
-2.51200 9.60259 -1.65721 155 155 155
-2.44117 9.59613 -1.76100 149 149 149
-2.38177 9.59727 -1.87296 153 153 153
-2.29496 9.59768 -1.96509 145 145 145
-2.21568 9.60065 -2.06251 151 151 151
-2.13480 9.60003 -2.15876 150 150 150
-2.04332 9.59796 -2.24507 144 144 144
-1.95432 9.59572 -2.33364 151 151 151
-1.86316 9.59609 -2.42024 151 151 151
-1.76531 9.60053 -2.49919 149 149 149
-1.66119 9.59992 -2.56971 144 144 144
-1.56212 9.60040 -2.64720 139 139 139
-1.45196 9.60308 -2.70800 136 136 136
-1.34808 9.60291 -2.77909 136 136 136
-1.23513 9.60139 -2.83433 147 147 147
-1.12078 9.59719 -2.88616 137 137 137
-1.00890 9.59892 -2.94378 135 135 135
-0.89326 9.60142 -2.99357 141 141 141
-0.77065 9.59903 -3.02362 144 144 144
-0.65066 9.60132 -3.06023 147 147 147
-0.52958 9.59756 -3.09323 137 137 137
-0.40915 9.60198 -3.13104 145 145 145
-0.28406 9.59941 -3.14627 147 147 147
-0.15972 9.59675 -3.16476 138 138 138
-0.03465 9.60285 -3.17778 138 138 138
0.09088 9.60233 -3.18552 136 136 136
0.21663 9.60409 -3.18245 140 140 140
0.34253 9.60076 -3.18926 144 144 144
0.46755 9.60124 -3.17332 137 137 137
0.59283 9.59959 -3.16356 137 137 137
0.71753 9.60178 -3.14760 136 136 136
0.84089 9.59691 -3.12340 143 143 143
0.96451 9.60098 -3.10019 146 146 146
1.08500 9.60049 -3.06406 145 145 145
1.20516 9.59573 -3.02746 140 140 140
1.32307 9.60284 -2.98421 139 139 139
1.44072 9.59997 -2.94030 135 135 135
1.55534 9.59893 -2.88898 143 143 143
1.66841 9.59644 -2.83438 145 145 145
1.78014 9.60100 -2.77694 145 145 145
1.88639 9.59910 -2.70991 146 146 146
1.99465 9.59944 -2.64611 141 141 141
2.09973 9.60087 -2.57697 134 134 134
2.19730 9.60293 -2.49759 143 143 143
2.29512 9.60308 -2.41872 145 145 145
2.39038 9.60281 -2.33667 159 159 159
2.48450 9.60115 -2.25299 149 149 149
2.56382 9.59752 -2.15484 149 149 149
2.65148 9.60137 -2.06468 150 150 150
2.72695 9.60075 -1.96409 141 141 141
2.80427 9.60388 -1.86515 147 147 147
2.87981 9.59737 -1.76459 157 157 157
2.94783 9.60121 -1.65879 153 153 153
3.00653 9.59907 -1.54752 153 153 153
3.06965 9.60110 -1.43878 152 152 152
3.12530 9.60389 -1.32600 146 146 146
3.17376 9.60128 -1.20997 155 155 155
3.21532 9.60127 -1.09135 168 168 168
3.25382 9.60026 -0.97191 159 159 159
3.29994 9.59783 -0.85465 162 162 162
3.33357 9.59915 -0.73336 164 164 164
3.35396 9.60087 -0.60910 171 171 171
3.38363 9.59945 -0.48664 171 171 171
3.40184 9.59703 -0.36202 170 170 170
3.40563 9.60152 -0.23600 163 163 163
3.41394 9.60008 -0.11063 163 163 163
3.41902 10.00281 0.01562 164 164 164
3.42194 10.00110 0.14124 168 168 168
3.42264 9.99957 0.26730 171 171 171
3.40498 10.00135 0.39202 171 171 171
3.38296 10.00561 0.51582 173 173 173
3.35843 9.99990 0.63894 179 179 179
3.33779 9.99590 0.76298 176 176 176
3.30518 10.00119 0.88437 173 173 173
3.27109 10.00063 1.00541 178 178 178
3.22435 10.00387 1.12220 176 176 176
3.17959 9.99317 1.23952 172 172 172
3.12778 10.00225 1.35390 181 181 181
3.07144 10.00026 1.46604 183 183 183
3.01727 10.00074 1.57946 177 177 177
2.95113 10.00150 1.68629 183 183 183
2.88461 9.99957 1.79282 187 187 187
2.81026 10.00236 1.89403 182 182 182
2.73649 10.00002 1.99564 179 179 179
2.65957 9.99687 2.09507 183 183 183
2.57639 9.99799 2.18937 187 187 187
2.48257 10.00007 2.27335 190 190 190
2.39888 10.00177 2.36747 194 194 194
2.30394 9.99579 2.44992 182 182 182
2.20458 9.99754 2.52691 191 191 191
2.10776 9.99866 2.60723 195 195 195
2.00161 9.99608 2.67475 192 192 192
1.89493 10.00050 2.74096 186 186 186
1.79083 10.00373 2.81190 195 195 195
1.67728 9.99898 2.86623 197 197 197
1.56455 10.00066 2.92171 189 189 189
1.45025 9.99920 2.97408 196 196 196
1.33514 10.00084 3.02530 192 192 192
1.21375 9.99937 3.05931 192 192 192
1.09269 9.99870 3.09296 186 186 186
0.97163 10.00157 3.12647 201 201 201
0.84898 10.00169 3.15375 192 192 192
0.72519 9.99871 3.17527 196 196 196
0.60030 9.99987 3.18870 190 190 190
0.47538 9.99963 3.20039 189 189 189
0.35019 10.00136 3.20923 190 190 190
0.22470 10.00184 3.21102 194 194 194
0.09908 10.00133 3.21245 198 198 198
-0.02650 9.99754 3.20703 190 190 190
-0.15217 9.99669 3.19941 191 191 191
-0.27524 10.00102 3.17175 192 192 192
-0.39966 10.00343 3.15413 196 196 196
-0.52237 10.00093 3.12703 194 194 194
-0.64427 9.99514 3.09642 189 189 189
-0.76459 9.99860 3.06003 189 189 189
-0.88278 10.00278 3.01728 194 194 194
-0.99920 10.00440 2.97010 192 192 192
-1.11651 9.99824 2.92466 194 194 194
-1.22750 9.99976 2.86546 199 199 199
-1.34115 10.00116 2.81141 189 189 189
-1.44604 10.00116 2.74179 180 180 180
-1.55099 9.99893 2.67292 193 193 193
-1.65836 9.99860 2.60723 185 185 185
-1.75412 9.99830 2.52556 186 186 186
-1.85193 9.99733 2.44686 187 187 187
-1.95091 9.99971 2.36902 189 189 189
-2.03745 10.00003 2.27762 180 180 180
-2.12819 9.99763 2.19047 180 180 180
-2.20804 10.00224 2.09325 186 186 186
-2.29015 9.99526 1.99805 183 183 183
-2.35877 9.99742 1.89251 181 181 181
-2.43034 9.99985 1.78956 182 182 182
-2.50399 9.99901 1.68767 173 173 173
-2.56807 9.99689 1.57957 183 183 183
-2.62756 9.99786 1.46885 182 182 182
-2.68620 9.99793 1.35750 170 170 170
-2.72669 10.00074 1.23807 183 183 183
-2.78085 10.00207 1.12438 179 179 179
-2.82422 9.99873 1.00623 178 178 178
-2.85456 10.00116 0.88403 172 172 172
-2.89014 9.99860 0.76340 174 174 174
-2.91533 10.00242 0.64019 171 171 171
-2.93193 10.00117 0.51556 173 173 173
-2.95100 9.99486 0.39148 169 169 169
-2.95383 9.99838 0.26577 177 177 177
-2.97070 10.00288 0.14117 172 172 172
-2.97377 10.00227 0.01563 162 162 162
-2.96565 9.99859 -0.10973 161 161 161
-2.96704 10.00320 -0.23559 168 168 168
-2.95353 10.00012 -0.36057 165 165 165
-2.93486 9.99653 -0.48484 156 156 156
-2.91171 10.00368 -0.60830 164 164 164
-2.88585 9.99968 -0.73121 163 163 163
-2.85012 10.00163 -0.85163 162 162 162
-2.82261 10.00108 -0.97458 164 164 164
-2.78477 9.99570 -1.09471 160 160 160
-2.72970 10.00113 -1.20822 161 161 161
-2.68080 10.00154 -1.32393 163 163 163
-2.62583 9.99973 -1.43690 157 157 157
-2.56131 10.00264 -1.54473 151 151 151
-2.50234 10.00077 -1.65563 146 146 146
-2.43842 9.99739 -1.76394 158 158 158
-2.36458 9.99684 -1.86573 154 154 154
-2.28878 9.99772 -1.96598 157 157 157
-2.20388 10.00261 -2.05872 145 145 145
-2.12212 10.00357 -2.15389 147 147 147
-2.03900 9.99728 -2.24821 146 146 146
-1.94963 9.99955 -2.33669 142 142 142
-1.85878 10.00142 -2.42395 139 139 139
-1.75559 10.00097 -2.49650 147 147 147
-1.65539 10.00312 -2.57222 134 134 134
-1.55329 10.00370 -2.64546 152 152 152
-1.44721 10.00510 -2.71280 143 143 143
-1.33850 10.00076 -2.77578 142 142 142
-1.22799 9.99996 -2.83556 138 138 138
-1.11630 10.00217 -2.89333 145 145 145
-1.00226 9.99564 -2.94661 140 140 140
-0.88274 10.00031 -2.98631 142 142 142
-0.76334 9.99630 -3.02533 139 139 139
-0.64432 10.00260 -3.06577 147 147 147
-0.52183 9.99965 -3.09396 141 141 141
-0.40028 9.99765 -3.12643 136 136 136
-0.27593 10.00038 -3.14527 137 137 137
-0.15180 10.00073 -3.16542 145 145 145
-0.02601 9.99489 -3.16998 133 133 133
0.09909 9.99976 -3.18146 134 134 134
0.22470 9.99484 -3.18101 139 139 139
0.35034 10.00186 -3.18216 137 137 137
0.47593 10.00176 -3.17657 139 139 139
0.60043 9.99920 -3.15893 144 144 144
0.72586 9.99145 -3.14860 141 141 141
0.84970 10.00539 -3.12653 138 138 138
0.97324 10.00230 -3.10232 143 143 143
1.09557 10.00174 -3.07234 138 138 138
1.21389 10.00396 -3.02888 142 142 142
1.33241 10.00277 -2.98704 143 143 143
1.45117 10.00044 -2.94544 147 147 147
1.56370 10.00517 -2.88900 142 142 142
1.67914 9.99881 -2.83898 144 144 144
1.78724 9.99843 -2.77461 149 149 149
1.89800 9.99972 -2.71508 147 147 147
1.99914 10.00166 -2.64013 143 143 143
2.10578 9.99704 -2.57360 143 143 143
2.20729 9.99897 -2.49942 146 146 146
2.30402 10.00223 -2.41908 149 149 149
2.39451 10.00203 -2.33180 147 147 147
2.48941 9.99862 -2.24923 143 143 143
2.57471 9.99973 -2.15684 151 151 151
2.65578 9.99764 -2.06085 147 147 147
2.73627 9.99818 -1.96447 153 153 153
2.81047 10.00244 -1.86318 146 146 146
2.88615 10.00000 -1.76283 155 155 155
2.95000 9.99796 -1.65457 156 156 156
3.02078 9.99425 -1.55037 151 151 151
3.07363 9.99780 -1.43609 158 158 158
3.13045 10.00142 -1.32405 158 158 158
3.17808 10.00216 -1.20780 157 157 157
3.22266 10.00110 -1.09047 156 156 156
3.26715 10.00123 -0.97301 150 150 150
3.30237 10.00219 -0.85244 153 153 153
3.33625 10.00036 -0.73145 171 171 171
3.36045 10.00233 -0.60817 163 163 163
3.39313 10.00105 -0.48625 162 162 162
3.40441 10.00110 -0.36075 169 169 169
3.41646 10.00191 -0.23559 165 165 165
3.42207 10.00066 -0.11001 171 171 171
3.43563 10.39672 0.01625 174 174 174
3.42991 10.39984 0.14186 169 169 169
3.42141 10.39839 0.26720 169 169 169
3.40985 10.40269 0.39228 171 171 171
3.39344 10.39830 0.51684 173 173 173
3.37135 10.40015 0.64054 177 177 177
3.34319 10.39452 0.76299 172 172 172
3.30978 10.39946 0.88404 179 179 179
3.28519 10.40276 1.00802 174 174 174
3.23301 10.40245 1.12308 180 180 180
3.18683 10.39935 1.23984 176 176 176
3.13687 10.39806 1.35503 174 174 174
3.08413 10.39488 1.46906 179 179 179
3.02253 10.39860 1.57856 191 191 191
2.96230 10.39739 1.68888 188 188 188
2.89409 10.39578 1.79445 183 183 183
2.81871 10.39944 1.89500 183 183 183
2.74527 10.40413 1.99690 189 189 189
2.66399 10.40245 2.09266 186 186 186
2.58414 10.40095 2.18978 182 182 182
2.49699 10.40171 2.28041 194 194 194
2.40462 10.39668 2.36568 188 188 188
2.30846 10.40182 2.44650 186 186 186
2.21518 10.40117 2.53086 186 186 186
2.11674 10.40526 2.60924 184 184 184
2.01099 10.40063 2.67748 191 191 191
1.90518 10.40189 2.74531 191 191 191
1.79538 10.39818 2.80643 191 191 191
1.68409 10.39615 2.86457 198 198 198
1.57318 10.40342 2.92378 189 189 189
1.45387 10.40089 2.96420 197 197 197
1.33936 10.39697 3.01578 195 195 195
1.22146 10.39911 3.05912 199 199 199
1.10129 10.40280 3.09583 187 187 187
0.97801 10.40161 3.12048 195 195 195
0.85614 10.40195 3.15033 197 197 197
0.73336 10.39677 3.17715 191 191 191
0.60948 10.40344 3.19960 203 203 203
0.48412 10.40446 3.21103 194 194 194
0.35828 10.39679 3.21331 197 197 197
0.23265 10.40396 3.21457 195 195 195
0.10692 10.39944 3.21585 202 202 202
-0.01841 10.39926 3.20588 193 193 193
-0.14364 10.39734 3.19507 199 199 199
-0.26706 10.40212 3.17089 204 204 204
-0.39128 10.39933 3.15257 201 201 201
-0.51443 10.39371 3.12771 200 200 200
-0.63597 10.39866 3.09579 196 196 196
-0.75636 10.40710 3.05976 192 192 192
-0.87341 10.40435 3.01402 193 193 193
-0.99171 10.40348 2.97180 186 186 186
-1.10588 10.39902 2.91944 195 195 195
-1.21908 10.40119 2.86514 193 193 193
-1.33462 10.39944 2.81454 193 193 193
-1.43846 10.40109 2.74300 190 190 190
-1.54300 10.39847 2.67346 190 190 190
-1.64805 10.40075 2.60459 189 189 189
-1.75074 10.40290 2.53195 191 191 191
-1.84276 10.40038 2.44605 189 189 189
-1.94004 10.40029 2.36647 188 188 188
-2.02771 10.39949 2.27644 189 189 189
-2.11407 10.40058 2.18537 190 190 190
-2.19930 10.40428 2.09319 183 183 183
-2.28060 10.40365 1.99740 181 181 181
-2.35836 10.39704 1.89861 185 185 185
-2.42842 10.40433 1.79421 184 184 184
-2.49147 10.40258 1.68549 180 180 180
-2.55964 10.40148 1.57991 179 179 179
-2.61561 10.40165 1.46743 182 182 182
-2.67321 10.39580 1.35579 178 178 178
-2.72164 10.39995 1.23989 181 181 181
-2.76728 10.40274 1.12292 182 182 182
-2.80683 10.40047 1.00379 174 174 174
-2.85162 10.40203 0.88606 172 172 172
-2.87272 10.39995 0.76174 180 180 180
-2.90233 10.39671 0.63981 175 175 175
-2.92829 10.40440 0.51687 171 171 171
-2.94211 10.40068 0.39199 180 180 180
-2.95607 10.40182 0.26720 169 169 169
-2.96218 10.40112 0.14177 177 177 177
-2.96101 10.39881 0.01625 160 160 160
-2.96531 10.39969 -0.10941 162 162 162
-2.95729 10.39893 -0.23483 167 167 167
-2.93738 10.39589 -0.35898 169 169 169
-2.92453 10.40063 -0.48385 162 162 162
-2.90496 10.40360 -0.60792 168 168 168
-2.87508 10.39949 -0.72992 162 162 162
-2.84150 10.40183 -0.85083 157 157 157
-2.81044 10.39840 -0.97260 159 159 159
-2.76944 10.40054 -1.09138 160 160 160
-2.72549 10.39760 -1.20916 161 161 161
-2.67743 10.39973 -1.32544 147 147 147
-2.61796 10.39602 -1.43634 154 154 154
-2.56329 10.39729 -1.54968 154 154 154
-2.49413 10.40106 -1.65486 153 153 153
-2.42586 10.40401 -1.76026 151 151 151
-2.35543 10.40288 -1.86425 153 153 153
-2.27450 10.39975 -1.96039 153 153 153
-2.19652 10.39923 -2.05861 151 151 151
-2.11540 10.40062 -2.15443 150 150 150
-2.03009 10.40024 -2.24665 143 143 143
-1.94039 10.40266 -2.33470 144 144 144
-1.84805 10.39656 -2.42010 141 141 141
-1.74899 10.40227 -2.49760 151 151 151
-1.64741 10.40123 -2.57158 147 147 147
-1.54472 10.39789 -2.64393 145 145 145
-1.43630 10.40456 -2.70737 146 146 146
-1.33232 10.39522 -2.77835 139 139 139
-1.22120 10.39840 -2.83723 143 143 143
-1.11049 10.39928 -2.89738 150 150 150
-0.98985 10.40075 -2.93524 135 135 135
-0.87262 10.40259 -2.97983 144 144 144
-0.75735 10.39887 -3.03077 142 142 142
-0.63562 10.39869 -3.06250 144 144 144
-0.51504 10.40356 -3.09819 137 137 137
-0.39109 10.39790 -3.11958 140 140 140
-0.26808 10.39973 -3.14533 142 142 142
-0.14297 10.40276 -3.15738 138 138 138
-0.01848 10.39917 -3.17469 145 145 145
0.10704 10.40037 -3.18091 139 139 139
0.23265 10.40236 -3.18952 143 143 143
0.35847 10.40087 -3.18596 149 149 149
0.48405 10.39859 -3.17811 136 136 136
0.60877 10.40347 -3.16159 135 135 135
0.73307 10.39602 -3.14334 144 144 144
0.85770 10.40274 -3.12612 145 145 145
0.98101 10.40213 -3.10096 148 148 148
1.10091 10.40241 -3.06245 145 145 145
1.22089 10.39926 -3.02532 146 146 146
1.34082 10.40467 -2.98766 139 139 139
1.45350 10.39838 -2.93124 140 140 140
1.57269 10.40454 -2.89063 141 141 141
1.68450 10.39663 -2.83329 139 139 139
1.79704 10.39509 -2.77729 141 141 141
1.90471 10.40184 -2.71243 141 141 141
2.01095 10.40112 -2.64531 146 146 146
2.11493 10.40179 -2.57464 149 149 149
2.21124 10.40440 -2.49373 143 143 143
2.30821 10.39696 -2.41408 140 140 140
2.40468 10.40185 -2.33359 148 148 148
2.49642 10.39950 -2.24767 147 147 147
2.58225 10.40140 -2.15585 149 149 149
2.66912 10.39611 -2.06484 154 154 154
2.74957 10.40230 -1.96808 150 150 150
2.82423 10.40213 -1.86679 154 154 154
2.89095 10.40095 -1.76011 154 154 154
2.96163 10.39507 -1.65621 161 161 161
3.02479 10.39562 -1.54755 150 150 150
3.08805 10.39881 -1.43877 151 151 151
3.14045 10.39889 -1.32438 159 159 159
3.19070 10.39902 -1.20912 157 157 157
3.23679 10.40133 -1.09214 162 162 162
3.27248 10.39884 -0.97154 158 158 158
3.31229 10.40080 -0.85238 155 155 155
3.34450 10.39802 -0.73091 166 166 166
3.37171 10.40079 -0.60821 167 167 167
3.39083 10.39845 -0.48400 168 168 168
3.40698 10.39829 -0.35949 164 164 164
3.42759 10.40370 -0.23522 160 160 160
3.42827 10.40176 -0.10932 168 168 168
3.44001 10.80161 0.01688 165 165 165
3.43429 10.79489 0.14235 172 172 172
3.43607 10.80071 0.26836 157 157 157
3.42025 10.79599 0.39320 170 170 170
3.39773 10.80309 0.51690 175 175 175
3.37732 10.79971 0.64079 170 170 170
3.34751 10.80170 0.76276 174 174 174
3.32491 10.79905 0.88672 175 175 175
3.28030 10.80247 1.00451 186 186 186
3.24976 10.79643 1.12698 177 177 177
3.18924 10.80333 1.23821 184 184 184
3.14190 10.80098 1.35436 170 170 170
3.09728 10.80226 1.47238 185 185 185
3.03313 10.79764 1.58072 183 183 183
2.96904 10.80028 1.68881 184 184 184
2.90136 10.80059 1.79468 180 180 180
2.83003 10.79892 1.89814 179 179 179
2.75441 10.79934 1.99853 184 184 184
2.67250 10.80072 2.09383 187 187 187
2.58664 10.80382 2.18545 174 174 174
2.50445 10.80143 2.28064 188 188 188
2.41215 10.80145 2.36595 191 191 191
2.31587 10.80063 2.44661 191 191 191
2.22530 10.79587 2.53435 186 186 186
2.12286 10.80228 2.60748 193 193 193
2.01903 10.79825 2.67837 192 192 192
1.91568 10.79941 2.75024 187 187 187
1.80524 10.79840 2.81062 196 196 196
1.69516 10.80123 2.87148 190 190 190
1.58058 10.79828 2.92341 191 191 191
1.46245 10.80342 2.96657 192 192 192
1.34813 10.79945 3.01888 192 192 192
1.22780 10.79884 3.05511 189 189 189
1.10993 10.80015 3.09927 197 197 197
0.99017 10.80546 3.13907 197 197 197
0.86353 10.80406 3.14867 200 200 200
0.74064 10.79762 3.17421 196 196 196
0.61655 10.79874 3.19370 195 195 195
0.49149 10.80614 3.20558 196 196 196
0.36613 10.79755 3.21418 188 188 188
0.24049 10.79744 3.21877 205 205 205
0.11483 10.80109 3.21469 190 190 190
-0.01068 10.80261 3.20782 198 198 198
-0.13596 10.80057 3.19701 193 193 193
-0.25951 10.79907 3.17328 191 191 191
-0.38445 10.80436 3.15818 198 198 198
-0.50763 10.79695 3.13255 195 195 195
-0.62933 10.80324 3.10061 196 196 196
-0.74837 10.80122 3.05986 193 193 193
-0.86867 10.79914 3.02299 198 198 198
-0.98245 10.80125 2.96894 197 197 197
-1.10073 10.80261 2.92586 191 191 191
-1.21443 10.80206 2.87198 193 193 193
-1.32609 10.80193 2.81389 190 190 190
-1.43185 10.80036 2.74558 192 192 192
-1.53426 10.79606 2.67270 193 193 193
-1.64037 10.80371 2.60539 196 196 196
-1.73808 10.80252 2.52643 196 196 196
-1.83602 10.79933 2.44792 187 187 187
-1.93328 10.79212 2.36823 189 189 189
-2.01988 10.80150 2.27704 181 181 181
-2.10841 10.80364 2.18799 184 184 184
-2.18687 10.79826 2.08986 186 186 186
-2.26658 10.79817 1.99313 183 183 183
-2.34627 10.80234 1.89612 183 183 183
-2.42274 10.80042 1.79625 189 189 189
-2.48315 10.80129 1.68580 181 181 181
-2.55659 10.80068 1.58320 180 180 180
-2.61325 10.79899 1.47083 184 184 184
-2.66385 10.79783 1.35570 175 175 175
-2.71432 10.80208 1.24072 172 172 172
-2.75559 10.79733 1.12212 176 176 176
-2.80065 10.79876 1.00494 173 173 173
-2.84309 10.79559 0.88648 171 171 171
-2.86841 10.79953 0.76321 170 170 170
-2.89814 10.80084 0.64115 167 167 167
-2.92078 10.80324 0.51754 171 171 171
-2.93116 10.80239 0.39224 166 166 166
-2.95044 10.79868 0.26799 169 169 169
-2.95524 10.80284 0.14243 162 162 162
-2.96493 10.79989 0.01688 168 168 168
-2.95167 10.79667 -0.10856 174 174 174
-2.94403 10.80007 -0.23378 164 164 164
-2.93654 10.79926 -0.35919 171 171 171
-2.91958 10.80068 -0.48369 159 159 159
-2.89667 10.80083 -0.60721 159 159 159
-2.87162 10.80208 -0.73036 163 163 163
-2.83965 10.80116 -0.85191 159 159 159
-2.80309 10.80292 -0.97215 156 156 156
-2.75548 10.80560 -1.08851 168 168 168
-2.71592 10.79852 -1.20784 153 153 153
-2.66419 10.80271 -1.32234 160 160 160
-2.61342 10.79851 -1.43741 150 150 150
-2.55146 10.79997 -1.54684 157 157 157
-2.48482 10.79687 -1.65336 149 149 149
-2.41641 10.80171 -1.75857 152 152 152
-2.34792 10.79975 -1.86388 153 153 153
-2.27345 10.79979 -1.96513 151 151 151
-2.18902 10.80032 -2.05830 158 158 158
-2.10854 10.79476 -2.15473 146 146 146
-2.02434 10.79810 -2.24814 148 148 148
-1.93224 10.79858 -2.33374 142 142 142
-1.83955 10.79632 -2.41872 148 148 148
-1.74100 10.79771 -2.49680 146 146 146
-1.63829 10.79734 -2.56921 138 138 138
-1.53586 10.80082 -2.64179 142 142 142
-1.43003 10.80348 -2.70933 141 141 141
-1.32096 10.79855 -2.77144 144 144 144
-1.21335 10.79937 -2.83659 144 144 144
-1.09903 10.79686 -2.88891 140 140 140
-0.98236 10.80149 -2.93548 141 141 141
-0.86651 10.79950 -2.98390 137 137 137
-0.74844 10.79994 -3.02683 140 140 140
-0.62939 10.80134 -3.06758 143 143 143
-0.50642 10.80072 -3.09430 145 145 145
-0.38457 10.80042 -3.12558 140 140 140
-0.26026 10.79468 -3.14481 137 137 137
-0.13611 10.80028 -3.16500 140 140 140
-0.01103 10.80535 -3.17899 142 142 142
0.11466 10.80372 -3.18575 138 138 138
0.24049 10.80180 -3.17951 143 143 143
0.36617 10.79884 -3.18199 137 137 137
0.49146 10.79832 -3.17208 143 143 143
0.61611 10.80092 -3.15674 138 138 138
0.74152 10.79897 -3.14655 140 140 140
0.86505 10.80141 -3.12307 148 148 148
0.98828 10.79619 -3.09798 133 133 133
1.10891 10.80135 -3.06242 143 143 143
1.22831 10.79944 -3.02342 140 140 140
1.34774 10.80156 -2.98457 139 139 139
1.46540 10.79950 -2.94044 145 145 145
1.58239 10.79677 -2.89407 142 142 142
1.69303 10.79871 -2.83404 147 147 147
1.80188 10.80044 -2.77135 141 141 141
1.91414 10.80211 -2.71443 147 147 147
2.01969 10.80126 -2.64605 140 140 140
2.12474 10.80068 -2.57674 149 149 149
2.22362 10.79764 -2.49889 147 147 147
2.31907 10.80337 -2.41701 147 147 147
2.41259 10.80221 -2.33307 152 152 152
2.50570 10.80176 -2.24851 149 149 149
2.58775 10.80308 -2.15309 146 146 146
2.67084 10.80194 -2.05902 146 146 146
2.75501 10.80015 -1.96559 142 142 142
2.82845 10.80158 -1.86356 154 154 154
2.89953 10.79912 -1.76001 152 152 152
2.97085 10.80057 -1.65645 150 150 150
3.02470 10.79679 -1.54251 154 154 154
3.09141 10.80129 -1.43589 148 148 148
3.14562 10.80149 -1.32254 155 155 155
3.19676 10.80171 -1.20778 154 154 154
3.23857 10.79807 -1.08929 158 158 158
3.27505 10.80063 -0.96922 165 165 165
3.31993 10.79966 -0.85171 163 163 163
3.35288 10.80156 -0.73043 162 162 162
3.37967 10.79772 -0.60762 161 161 161
3.40206 10.80032 -0.48392 160 160 160
3.42314 10.79849 -0.35986 170 170 170
3.42417 10.80192 -0.23371 165 165 165
3.43964 10.79971 -0.10883 169 169 169
3.45513 11.19331 0.01750 169 169 169
3.44783 11.19893 0.14321 171 171 171
3.43845 11.20191 0.26856 170 170 170
3.42224 11.20045 0.39315 170 170 170
3.40721 11.20022 0.51780 171 171 171
3.38766 11.20242 0.64194 177 177 177
3.35663 11.19791 0.76372 175 175 175
3.31923 11.20278 0.88356 174 174 174
3.29111 11.20141 1.00613 176 176 176
3.24892 11.19797 1.12444 174 174 174
3.20227 11.20059 1.24102 183 183 183
3.15317 11.20133 1.35661 180 180 180
3.10329 11.20305 1.47213 178 178 178
3.04257 11.19832 1.58229 182 182 182
2.98104 11.19679 1.69205 185 185 185
2.90343 11.20037 1.79152 185 185 185
2.83615 11.20366 1.89759 182 182 182
2.76465 11.20169 2.00112 191 191 191
2.67981 11.20037 2.09410 191 191 191
2.59691 11.20238 2.18841 178 178 178
2.51535 11.19940 2.28442 181 181 181
2.41939 11.19923 2.36603 189 189 189
2.32698 11.19869 2.45117 196 196 196
2.23004 11.19944 2.53117 195 195 195
2.13098 11.19710 2.60862 191 191 191
2.02583 11.19997 2.67759 197 197 197
1.91853 11.19964 2.74289 196 196 196
1.81396 11.19739 2.81299 194 194 194
1.70129 11.19638 2.86897 194 194 194
1.59014 11.20251 2.92799 186 186 186
1.47267 11.19916 2.97320 201 201 201
1.35676 11.19859 3.02194 192 192 192
1.23828 11.19906 3.06419 198 198 198
1.11842 11.19992 3.10257 197 197 197
0.99694 11.19989 3.13570 203 203 203
0.87328 11.19919 3.15946 199 199 199
0.74894 11.19899 3.17851 196 196 196
0.62441 11.19748 3.19552 185 185 185
0.49911 11.19798 3.20506 200 200 200
0.37376 11.20163 3.21252 197 197 197
0.24820 11.19579 3.21346 195 195 195
0.12253 11.19717 3.21552 196 196 196
-0.00321 11.19981 3.21138 193 193 193
-0.12799 11.19887 3.19535 194 194 194
-0.25277 11.19771 3.17994 194 194 194
-0.37618 11.20133 3.15595 196 196 196
-0.49879 11.19781 3.12845 197 197 197
-0.62063 11.19960 3.09768 194 194 194
-0.74034 11.20623 3.05945 201 201 201
-0.85863 11.19889 3.01727 198 198 198
-0.97574 11.19739 2.97195 197 197 197
-1.09165 11.20125 2.92346 194 194 194
-1.20397 11.19900 2.86716 189 189 189
-1.31390 11.19996 2.80648 191 191 191
-1.42101 11.19899 2.74107 187 187 187
-1.53045 11.20552 2.67912 193 193 193
-1.63120 11.20212 2.60397 184 184 184
-1.73423 11.20222 2.53192 199 199 199
-1.82902 11.19843 2.44935 188 188 188
-1.92603 11.19747 2.36932 187 187 187
-2.01414 11.19973 2.27962 179 179 179
-2.10311 11.20387 2.19082 181 181 181
-2.18406 11.20237 2.09466 185 185 185
-2.26770 11.19449 2.00070 186 186 186
-2.34142 11.20159 1.89880 183 183 183
-2.40940 11.19643 1.79310 192 192 192
-2.47960 11.19649 1.68896 185 185 185
-2.54756 11.20323 1.58308 175 175 175
-2.60178 11.19806 1.46953 179 179 179
-2.65854 11.20209 1.35742 179 179 179
-2.71195 11.20228 1.24355 180 180 180
-2.75175 11.19598 1.12416 173 173 173
-2.79774 11.20065 1.00712 175 175 175
-2.83217 11.20049 0.88620 173 173 173
-2.86031 11.20238 0.76374 177 177 177
-2.89030 11.19783 0.64174 170 170 170
-2.90806 11.20049 0.51737 177 177 177
-2.93209 11.19907 0.39389 171 171 171
-2.94291 11.19552 0.26863 174 174 174
-2.94821 11.19473 0.14308 170 170 170
-2.95765 11.20200 0.01750 174 174 174
-2.95254 11.19843 -0.10827 162 162 162
-2.94212 11.20052 -0.23362 162 162 162
-2.93199 11.19833 -0.35895 166 166 166
-2.91654 11.20106 -0.48381 160 160 160
-2.89136 11.19804 -0.60708 163 163 163
-2.86407 11.20227 -0.72978 165 165 165
-2.83539 11.20368 -0.85227 166 166 166
-2.79878 11.19830 -0.97265 159 159 159
-2.75157 11.20151 -1.08931 156 156 156
-2.70765 11.19870 -1.20700 152 152 152
-2.65656 11.19653 -1.32177 156 156 156
-2.60066 11.19780 -1.43423 157 157 157
-2.53957 11.19949 -1.54390 157 157 157
-2.48335 11.19911 -1.65658 159 159 159
-2.40958 11.20190 -1.75856 155 155 155
-2.33934 11.19820 -1.86265 150 150 150
-2.26829 11.20101 -1.96654 156 156 156
-2.18801 11.19968 -2.06342 150 150 150
-2.09779 11.19749 -2.15131 151 151 151
-2.01656 11.20050 -2.24747 151 151 151
-1.92621 11.20117 -2.33497 146 146 146
-1.83138 11.19795 -2.41758 145 145 145
-1.73325 11.19771 -2.49616 149 149 149
-1.63612 11.20085 -2.57625 141 141 141
-1.52923 11.20080 -2.64280 144 144 144
-1.42472 11.20232 -2.71264 152 152 152
-1.31686 11.20184 -2.77729 144 144 144
-1.20177 11.20315 -2.82840 136 136 136
-1.09317 11.20290 -2.89231 138 138 138
-0.97706 11.19798 -2.94068 140 140 140
-0.85969 11.20019 -2.98572 140 140 140
-0.74150 11.19807 -3.02862 143 143 143
-0.62016 11.19974 -3.06160 143 143 143
-0.49903 11.19913 -3.09504 145 145 145
-0.37501 11.19974 -3.11570 148 148 148
-0.25182 11.20252 -3.13960 140 140 140
-0.12784 11.20076 -3.15975 140 140 140
-0.00310 11.19884 -3.17563 145 145 145
0.12257 11.19489 -3.17994 146 146 146
0.24820 11.20285 -3.18503 143 143 143
0.37394 11.19753 -3.18275 140 140 140
0.49938 11.19706 -3.17400 142 142 142
0.62412 11.20127 -3.15865 142 142 142
0.74964 11.20302 -3.14849 134 134 134
0.87297 11.19787 -3.12348 139 139 139
0.99400 11.20007 -3.08905 144 144 144
1.11566 11.20044 -3.05839 141 141 141
1.23609 11.19637 -3.02302 141 141 141
1.35499 11.20497 -2.98272 142 142 142
1.47255 11.20234 -2.93848 142 142 142
1.58525 11.20267 -2.88294 145 145 145
1.70208 11.20195 -2.83607 143 143 143
1.81217 11.20009 -2.77533 145 145 145
1.92182 11.19766 -2.71378 143 143 143
2.02580 11.20056 -2.64305 143 143 143
2.13044 11.19898 -2.57337 142 142 142
2.22983 11.19865 -2.49639 146 146 146
2.32798 11.20244 -2.41781 144 144 144
2.42244 11.19690 -2.33478 148 148 148
2.50789 11.19899 -2.24239 147 147 147
2.59812 11.20181 -2.15495 148 148 148
2.67944 11.20176 -2.05918 154 154 154
2.76027 11.19371 -1.96305 150 150 150
2.83656 11.19579 -1.86325 146 146 146
2.90959 11.19236 -1.76097 153 153 153
2.98093 11.19961 -1.65730 155 155 155
3.03914 11.20161 -1.54567 160 160 160
3.10156 11.20033 -1.43653 154 154 154
3.15817 11.19949 -1.32417 161 161 161
3.20840 11.19785 -1.20880 154 154 154
3.25178 11.19730 -1.09071 164 164 164
3.29055 11.19700 -0.97114 165 165 165
3.32991 11.19736 -0.85174 164 164 164
3.35929 11.20342 -0.72950 163 163 163
3.38740 11.19875 -0.60700 161 161 161
3.40990 11.19944 -0.48333 171 171 171
3.42456 11.20034 -0.35849 166 166 166
3.44146 11.19783 -0.23385 164 164 164
3.44171 11.19695 -0.10799 163 163 163
3.45824 11.59866 0.01812 171 171 171
3.45482 11.60354 0.14381 176 176 176
3.45073 11.59796 0.26955 167 167 167
3.43363 11.60349 0.39422 174 174 174
3.41934 11.59813 0.51915 167 167 167
3.39219 11.60219 0.64195 172 172 172
3.36272 11.60062 0.76398 165 165 165
3.34004 11.59753 0.88791 174 174 174
3.29742 11.60036 1.00633 176 176 176
3.26292 11.60198 1.12742 179 179 179
3.21250 11.60374 1.24273 171 171 171
3.16296 11.60277 1.35823 176 176 176
3.11085 11.59830 1.47273 176 176 176
3.04015 11.59975 1.57730 179 179 179
2.98024 11.59633 1.68751 177 177 177
2.91491 11.59451 1.79472 181 181 181
2.84322 11.59766 1.89782 188 188 188
2.76636 11.59857 1.99709 185 185 185
2.68712 11.59678 2.09445 178 178 178
2.60149 11.60018 2.18623 191 191 191
2.51604 11.60244 2.27812 183 183 183
2.42687 11.59640 2.36651 194 194 194
2.33189 11.60172 2.44862 183 183 183
2.23787 11.59948 2.53207 191 191 191
2.13394 11.59473 2.60283 194 194 194
2.03305 11.59837 2.67762 192 192 192
1.92757 11.60302 2.74584 189 189 189
1.82014 11.60005 2.81107 191 191 191
1.71019 11.59235 2.87211 197 197 197
1.59231 11.59667 2.91680 190 190 190
1.47910 11.59809 2.97097 199 199 199
1.36423 11.59554 3.02219 192 192 192
1.24464 11.59778 3.06096 193 193 193
1.12515 11.60038 3.10010 188 188 188
1.00223 11.60254 3.12670 199 199 199
0.87971 11.59764 3.15419 190 190 190
0.75557 11.60157 3.17299 193 193 193
0.63190 11.59881 3.19527 194 194 194
0.50625 11.59786 3.19988 199 199 199
0.38148 11.60166 3.21655 204 204 204
0.25579 11.59841 3.21639 196 196 196
0.13012 11.59650 3.21581 196 196 196
0.00451 11.59668 3.21023 200 200 200
-0.12049 11.60070 3.19666 193 193 193
-0.24473 11.60379 3.17767 190 190 190
-0.36791 11.59925 3.15308 197 197 197
-0.49107 11.60030 3.12846 200 200 200
-0.61198 11.59847 3.09444 195 195 195
-0.73277 11.60434 3.06008 199 199 199
-0.85125 11.60024 3.01837 186 186 186
-0.96988 11.59741 2.97667 197 197 197
-1.08386 11.59764 2.92358 188 188 188
-1.19791 11.60027 2.87073 191 191 191
-1.30588 11.59965 2.80627 193 193 193
-1.41304 11.59965 2.74103 189 189 189
-1.51836 11.60196 2.67296 194 194 194
-1.62491 11.60053 2.60634 188 188 188
-1.72478 11.59890 2.53014 191 191 191
-1.82123 11.59948 2.44970 190 190 190
-1.91632 11.60398 2.36762 193 193 193
-2.00825 11.60124 2.28190 191 191 191
-2.09166 11.60498 2.18785 189 189 189
-2.17883 11.60279 2.09727 184 184 184
-2.25698 11.60055 1.99883 191 191 191
-2.33253 11.59962 1.89846 180 180 180
-2.40224 11.59670 1.79399 182 182 182
-2.47262 11.60059 1.68994 177 177 177
-2.53714 11.60080 1.58210 183 183 183
-2.59488 11.59881 1.47048 177 177 177
-2.65250 11.59712 1.35875 172 172 172
-2.69506 11.59957 1.24030 178 178 178
-2.74639 11.59942 1.12560 176 176 176
-2.78696 11.60039 1.00670 171 171 171
-2.82636 11.59615 0.88731 176 176 176
-2.85186 11.59932 0.76415 166 166 166
-2.88262 11.59851 0.64235 166 166 166
-2.89944 11.59872 0.51783 176 176 176
-2.92496 11.59879 0.39456 178 178 178
-2.93456 11.60135 0.26919 179 179 179
-2.93589 11.60018 0.14352 169 169 169
-2.93570 11.59698 0.01813 166 166 166
-2.94092 11.59967 -0.10749 172 172 172
-2.93256 11.59582 -0.23284 171 171 171
-2.91758 11.59843 -0.35752 160 160 160
-2.89987 11.59918 -0.48175 167 167 167
-2.88191 11.60274 -0.60609 160 160 160
-2.85302 11.60185 -0.72834 163 163 163
-2.82945 11.60001 -0.85212 159 159 159
-2.79189 11.59891 -0.97226 151 151 151
-2.75284 11.60227 -1.09197 155 155 155
-2.70160 11.60352 -1.20703 152 152 152
-2.65206 11.60289 -1.32259 157 157 157
-2.59504 11.60275 -1.43463 159 159 159
-2.53711 11.59753 -1.54617 151 151 151
-2.47367 11.60353 -1.65470 154 154 154
-2.40501 11.59924 -1.75998 154 154 154
-2.32765 11.60015 -1.85908 156 156 156
-2.25191 11.59980 -1.95901 149 149 149
-2.17515 11.60250 -2.05832 149 149 149
-2.08753 11.60141 -2.14825 148 148 148
-2.00698 11.59973 -2.24487 147 147 147
-1.91891 11.60235 -2.33468 146 146 146
-1.82071 11.60119 -2.41337 140 140 140
-1.72616 11.60273 -2.49620 142 142 142
-1.62502 11.59745 -2.57080 147 147 147
-1.51997 11.60449 -2.63970 139 139 139
-1.41696 11.59730 -2.71176 147 147 147
-1.30632 11.59847 -2.77142 144 144 144
-1.19643 11.59891 -2.83221 142 142 142
-1.08350 11.59734 -2.88720 142 142 142
-0.97062 11.59754 -2.94284 140 140 140
-0.85005 11.60152 -2.97954 145 145 145
-0.73329 11.59526 -3.02607 142 142 142
-0.61253 11.59988 -3.06082 137 137 137
-0.49183 11.60573 -3.09603 141 141 141
-0.36891 11.59884 -3.12255 138 138 138
-0.24518 11.60093 -3.14494 145 145 145
-0.12120 11.60351 -3.16710 153 153 153
0.00478 11.59626 -3.17127 140 140 140
0.13022 11.60002 -3.17796 140 140 140
0.25579 11.60003 -3.18112 143 143 143
0.38147 11.60431 -3.18062 135 135 135
0.50687 11.59999 -3.17221 136 136 136
0.63163 11.59547 -3.15741 134 134 134
0.75539 11.59831 -3.13631 137 137 137
0.87951 11.59577 -3.11763 142 142 142
1.00294 11.59654 -3.09409 140 140 140
1.12485 11.59724 -3.06346 140 140 140
1.24454 11.59971 -3.02509 139 139 139
1.36134 11.60036 -2.97874 139 139 139
1.48232 11.59627 -2.94315 140 140 140
1.59522 11.60018 -2.88750 142 142 142
1.71039 11.60062 -2.83687 138 138 138
1.81923 11.60043 -2.77380 143 143 143
1.92780 11.60197 -2.71055 149 149 149
2.03219 11.60255 -2.64066 144 144 144
2.13834 11.59970 -2.57321 140 140 140
2.23561 11.60001 -2.49350 143 143 143
2.33100 11.59692 -2.41186 138 138 138
2.42904 11.59925 -2.33311 141 141 141
2.52055 11.60242 -2.24686 148 148 148
2.60878 11.60157 -2.15719 150 150 150
2.69469 11.59734 -2.06513 151 151 151
2.76899 11.59982 -1.96335 148 148 148
2.84324 11.59628 -1.86199 149 149 149
2.91098 11.60341 -1.75623 160 160 160
2.98892 11.60048 -1.65694 151 151 151
3.05198 11.59561 -1.54802 154 154 154
3.10679 11.60244 -1.43472 161 161 161
3.15976 11.60355 -1.32080 148 148 148
3.21071 11.59920 -1.20601 160 160 160
3.26344 11.60128 -1.09161 160 160 160
3.30292 11.60108 -0.97209 155 155 155
3.33527 11.60169 -0.85050 158 158 158
3.36485 11.60280 -0.72840 167 167 167
3.39477 11.60123 -0.60635 157 157 157
3.41650 11.60378 -0.48256 167 167 167
3.43848 11.60005 -0.35863 163 163 163
3.44797 11.59890 -0.23314 165 165 165
3.45044 11.60064 -0.10741 167 167 167
3.46253 12.00622 0.01875 168 168 168
3.45669 11.99695 0.14421 166 166 166
3.45617 12.00108 0.27002 171 171 171
3.44146 11.99865 0.39489 169 169 169
3.42890 12.00074 0.52010 171 171 171
3.40240 11.99856 0.64311 176 176 176
3.37173 11.99667 0.76497 176 176 176
3.34397 11.99963 0.88753 174 174 174
3.30247 11.99898 1.00616 182 182 182
3.26522 12.00018 1.12614 180 180 180
3.21753 11.99804 1.24234 175 175 175
3.17057 11.99526 1.35891 179 179 179
3.11390 11.99572 1.47108 180 180 180
3.05783 11.99932 1.58363 175 175 175
2.98746 12.00039 1.68797 181 181 181
2.92810 12.00256 1.79915 182 182 182
2.85228 11.99881 1.89958 192 192 192
2.77469 12.00074 1.99838 189 189 189
2.69570 11.99661 2.09601 183 183 183
2.61068 11.99948 2.18842 187 187 187
2.51966 11.99563 2.27487 184 184 184
2.43505 11.99888 2.36787 188 188 188
2.34541 11.99923 2.45631 189 189 189
2.24508 12.00186 2.53233 188 188 188
2.14481 11.99400 2.60812 189 189 189
2.04507 12.00135 2.68502 194 194 194
1.93637 12.00316 2.74861 195 195 195
1.82695 12.00044 2.81048 187 187 187
1.71539 12.00471 2.86826 197 197 197
1.60249 11.99885 2.92327 193 193 193
1.48988 12.00213 2.97957 198 198 198
1.37080 11.99963 3.02033 192 192 192
1.25111 12.00138 3.05848 190 190 190
1.13193 11.99742 3.09826 187 187 187
1.01042 11.99648 3.13032 197 197 197
0.88791 12.00385 3.15847 200 200 200
0.76419 12.00049 3.18091 188 188 188
0.63962 11.99928 3.19797 198 198 198
0.51419 11.99856 3.20658 197 197 197
0.38886 11.99860 3.21518 197 197 197
0.26325 11.99715 3.22257 195 195 195
0.13751 11.99761 3.21815 199 199 199
0.01212 12.00025 3.20880 193 193 193
-0.11348 12.00295 3.20099 193 193 193
-0.23797 12.00067 3.18260 197 197 197
-0.36130 11.99823 3.15786 200 200 200
-0.48315 12.00252 3.12705 195 195 195
-0.60465 12.00639 3.09545 199 199 199
-0.72569 12.00129 3.06178 194 194 194
-0.84546 11.99878 3.02347 194 194 194
-0.96060 12.00067 2.97283 184 184 184
-1.07376 11.99961 2.91841 198 198 198
-1.19113 11.99883 2.87263 190 190 190
-1.29900 12.00109 2.80788 192 192 192
-1.40589 11.99859 2.74209 191 191 191
-1.51050 11.99412 2.67293 189 189 189
-1.61730 11.99965 2.60671 186 186 186
-1.71360 11.99816 2.52600 191 191 191
-1.81511 11.99962 2.45184 187 187 187
-1.90587 11.99461 2.36497 185 185 185
-1.99667 12.00089 2.27837 186 186 186
-2.08130 12.00081 2.18575 183 183 183
-2.17077 11.99552 2.09734 190 190 190
-2.25264 11.99940 2.00188 190 190 190
-2.32636 11.99589 1.90000 179 179 179
-2.39656 12.00100 1.79578 189 189 189
-2.46769 12.00257 1.69209 183 183 183
-2.53100 11.99975 1.58344 178 178 178
-2.58542 12.00037 1.47007 182 182 182
-2.64220 12.00202 1.35805 184 184 184
-2.68283 12.00493 1.23894 178 178 178
-2.74353 11.99721 1.12790 175 175 175
-2.77785 12.00008 1.00677 174 174 174
-2.81775 11.99892 0.88760 173 173 173
-2.85271 12.00035 0.76676 173 173 173
-2.87925 11.99899 0.64378 177 177 177
-2.89423 11.99885 0.51880 175 175 175
-2.91131 12.00405 0.39445 167 167 167
-2.93269 12.00322 0.27025 171 171 171
-2.93115 11.99999 0.14425 172 172 172
-2.92899 11.99916 0.01875 166 166 166
-2.93635 12.00216 -0.10698 165 165 165
-2.92495 11.99761 -0.23221 166 166 166
-2.90747 12.00219 -0.35659 164 164 164
-2.89710 12.00369 -0.48188 165 165 165
-2.88079 12.00065 -0.60674 161 161 161
-2.84604 11.99913 -0.72784 155 155 155
-2.82150 11.99738 -0.85138 157 157 157
-2.77646 12.00420 -0.96906 159 159 159
-2.73970 11.99845 -1.08927 156 156 156
-2.69227 11.99967 -1.20565 165 165 165
-2.63993 12.00325 -1.31983 148 148 148
-2.58355 11.99911 -1.43198 161 161 161
-2.52672 11.99833 -1.54393 149 149 149
-2.46518 12.00000 -1.65347 159 159 159
-2.39987 12.00246 -1.76093 153 153 153
-2.33101 12.00366 -1.86634 151 151 151
-2.24802 11.99536 -1.96123 150 150 150
-2.16932 11.99736 -2.05912 153 153 153
-2.08581 11.99826 -2.15295 152 152 152
-1.99675 12.00043 -2.24151 149 149 149
-1.90823 12.00414 -2.33060 151 151 151
-1.81531 11.99838 -2.41519 144 144 144
-1.71862 12.00107 -2.49549 144 144 144
-1.61779 12.00003 -2.57052 138 138 138
-1.51539 11.99869 -2.64342 147 147 147
-1.40878 12.00083 -2.70999 147 147 147
-1.29941 11.99676 -2.77179 144 144 144
-1.19047 11.99632 -2.83453 146 146 146
-1.07704 12.00094 -2.88876 138 138 138
-0.96137 11.99932 -2.93792 139 139 139
-0.84603 11.99824 -2.98824 143 143 143
-0.72638 12.00127 -3.02717 140 140 140
-0.60501 12.00233 -3.05997 144 144 144
-0.48277 11.99811 -3.08873 137 137 137
-0.36209 12.00206 -3.12513 136 136 136
-0.23637 11.99781 -3.13576 138 138 138
-0.11293 12.00013 -3.15958 140 140 140
0.01241 11.99615 -3.16845 131 131 131
0.13766 11.99590 -3.17769 138 138 138
0.26325 12.00503 -3.18071 140 140 140
0.38857 11.99890 -3.17090 146 146 146
0.51397 12.00229 -3.16708 140 140 140
0.63980 12.00142 -3.16282 142 142 142
0.76345 12.00079 -3.13952 133 133 133
0.88755 11.99908 -3.11994 135 135 135
1.01003 12.00188 -3.09195 140 140 140
1.13112 12.00571 -3.05865 140 140 140
1.25419 12.00271 -3.03122 146 146 146
1.37049 12.00314 -2.98274 151 151 151
1.48927 11.99718 -2.94132 134 134 134
1.60314 11.99972 -2.88790 144 144 144
1.71331 12.00043 -2.82737 144 144 144
1.82569 12.00365 -2.77142 143 143 143
1.93254 11.99727 -2.70552 142 142 142
2.04131 12.00219 -2.64256 139 139 139
2.14747 12.00091 -2.57491 150 150 150
2.24458 12.00309 -2.49481 145 145 145
2.33793 12.00212 -2.41065 143 143 143
2.43513 11.99436 -2.33104 151 151 151
2.52548 11.99993 -2.24374 152 152 152
2.61603 12.00149 -2.15641 150 150 150
2.69965 12.00176 -2.06239 154 154 154
2.77724 11.99979 -1.96338 142 142 142
2.85438 12.00144 -1.86407 140 140 140
2.92623 11.99962 -1.76084 155 155 155
2.99420 12.00213 -1.65502 148 148 148
3.05460 11.99740 -1.54471 149 149 149
3.11164 11.99606 -1.43279 149 149 149
3.16334 11.99534 -1.31841 150 150 150
3.22193 11.99948 -1.20697 153 153 153
3.27226 11.99857 -1.09151 162 162 162
3.30719 11.99914 -0.97044 159 159 159
3.34586 12.00069 -0.85078 168 168 168
3.37479 11.99868 -0.72838 166 166 166
3.39653 12.00447 -0.60460 158 158 158
3.42796 11.99983 -0.48257 164 164 164
3.44630 11.99813 -0.35805 165 165 165
3.45904 11.99795 -0.23281 162 162 162
3.45657 11.99749 -0.10674 159 159 159
3.46621 12.40233 0.01938 165 165 165
3.45993 12.40243 0.14467 173 173 173
3.45358 12.40056 0.26986 168 168 168
3.44376 12.40005 0.39491 172 172 172
3.43460 12.40058 0.52046 178 178 178
3.41261 12.39847 0.64431 176 176 176
3.38107 12.39968 0.76607 177 177 177
3.34849 12.40490 0.88735 175 175 175
3.31415 12.39466 1.00819 174 174 174
3.27195 12.40183 1.12653 178 178 178
3.22613 12.39988 1.24348 180 180 180
3.18058 12.39931 1.36076 181 181 181
3.11793 12.39705 1.47001 186 186 186
3.06358 12.39866 1.58335 177 177 177
2.99901 12.39970 1.69116 180 180 180
2.92981 12.39958 1.79601 189 189 189
2.85993 12.40286 1.90042 185 185 185
2.78323 12.40113 1.99993 184 184 184
2.70859 12.39829 2.10136 182 182 182
2.61839 12.40310 2.18937 181 181 181
2.53521 12.40243 2.28369 180 180 180
2.43994 12.40114 2.36583 184 184 184
2.34907 12.39655 2.45260 185 185 185
2.25252 12.40033 2.53306 197 197 197
2.15250 12.39911 2.60920 186 186 186
2.04829 12.40306 2.67946 194 194 194
1.94074 12.40129 2.74435 188 188 188
1.83179 12.40245 2.80662 194 194 194
1.72435 12.39858 2.87202 194 194 194
1.60902 12.40162 2.92212 195 195 195
1.49169 12.39641 2.96681 192 192 192
1.37917 12.40105 3.02373 199 199 199
1.25959 12.40138 3.06261 198 198 198
1.13838 12.40201 3.09570 201 201 201
1.01781 12.39887 3.13112 194 194 194
0.89476 12.40060 3.15665 192 192 192
0.77086 12.40437 3.17731 201 201 201
0.64711 12.39595 3.19992 188 188 188
0.52233 12.39926 3.21742 197 197 197
0.39601 12.40139 3.21118 193 193 193
0.27057 12.40051 3.21914 198 198 198
0.14505 12.40243 3.21307 198 198 198
0.01943 12.40072 3.20955 194 194 194
-0.10614 12.40069 3.20135 194 194 194
-0.22999 12.39788 3.17899 193 193 193
-0.35398 12.39880 3.15842 196 196 196
-0.47650 12.40159 3.13040 191 191 191
-0.59821 12.39646 3.09913 200 200 200
-0.71894 12.39986 3.06409 192 192 192
-0.83502 12.40096 3.01556 189 189 189
-0.95326 12.40165 2.97335 198 198 198
-1.06971 12.40276 2.92608 195 195 195
-1.18067 12.39854 2.86704 192 192 192
-1.29344 12.39922 2.81159 191 191 191
-1.40007 12.39866 2.74511 190 190 190
-1.50400 12.39862 2.67473 192 192 192
-1.60801 12.39967 2.60458 192 192 192
-1.71224 12.40266 2.53414 188 188 188
-1.80862 12.40362 2.45341 194 194 194
-1.90307 12.40102 2.37044 192 192 192
-1.99083 12.40261 2.28044 191 191 191
-2.08056 12.40022 2.19242 189 189 189
-2.15944 12.40211 2.09451 185 185 185
-2.24147 12.39804 1.99944 184 184 184
-2.31693 12.40047 1.89906 189 189 189
-2.39120 12.39737 1.79769 188 188 188
-2.46470 12.40450 1.69534 189 189 189
-2.52094 12.40158 1.58251 183 183 183
-2.57559 12.39912 1.46940 177 177 177
-2.63024 12.40221 1.35652 178 178 178
-2.68727 12.39856 1.24442 175 175 175
-2.73376 12.39926 1.12761 178 178 178
-2.77306 12.40089 1.00821 178 178 178
-2.81207 12.40349 0.88868 175 175 175
-2.83569 12.39373 0.76505 180 180 180
-2.86775 12.39962 0.64357 170 170 170
-2.88279 12.39752 0.51877 176 176 176
-2.90666 12.39752 0.39539 162 162 162
-2.92332 12.39966 0.27072 164 164 164
-2.92450 12.39672 0.14490 167 167 167
-2.92935 12.40485 0.01938 163 163 163
-2.92582 12.40087 -0.10623 165 165 165
-2.92548 12.40067 -0.23221 167 167 167
-2.90796 12.39941 -0.35690 157 157 157
-2.89330 12.40004 -0.48182 166 166 166
-2.86263 12.39566 -0.60397 165 165 165
-2.84069 12.40077 -0.72771 158 158 158
-2.80447 12.40079 -0.84803 157 157 157
-2.76820 12.39924 -0.96815 155 155 155
-2.73315 12.39873 -1.08895 160 160 160
-2.68532 12.40198 -1.20520 154 154 154
-2.63259 12.40047 -1.31922 158 158 158
-2.57930 12.40228 -1.43295 151 151 151
-2.51975 12.39904 -1.54353 151 151 151
-2.45713 12.39813 -1.65243 151 151 151
-2.39666 12.40496 -1.76309 156 156 156
-2.31478 12.39878 -1.85928 148 148 148
-2.23639 12.39798 -1.95724 149 149 149
-2.16376 12.40365 -2.06003 145 145 145
-2.07882 12.40052 -2.15268 142 142 142
-1.99338 12.39902 -2.24487 143 143 143
-1.90084 12.39843 -2.32994 146 146 146
-1.80594 12.40091 -2.41220 147 147 147
-1.71069 12.39805 -2.49413 142 142 142
-1.61435 12.39905 -2.57528 151 151 151
-1.50755 12.40095 -2.64204 145 145 145
-1.40351 12.39960 -2.71274 146 146 146
-1.29379 12.40006 -2.77423 141 141 141
-1.18216 12.39978 -2.83200 143 143 143
-1.06757 12.40298 -2.88350 142 142 142
-0.95410 12.39727 -2.93745 140 140 140
-0.83736 12.39984 -2.98398 147 147 147
-0.72012 12.40217 -3.02982 140 140 140
-0.59757 12.39662 -3.05896 139 139 139
-0.47774 12.39902 -3.09767 141 141 141
-0.35302 12.40167 -3.11574 144 144 144
-0.22962 12.39690 -3.13877 144 144 144
-0.10545 12.39993 -3.15765 145 145 145
0.01975 12.39750 -3.16763 135 135 135
0.14497 12.39953 -3.17719 138 138 138
0.27057 12.40383 -3.18851 138 138 138
0.39614 12.40206 -3.17659 138 138 138
0.52168 12.40551 -3.17132 139 139 139
0.64662 12.40354 -3.15791 136 136 136
0.77098 12.39965 -3.14018 153 153 153
0.89470 12.39704 -3.11845 142 142 142
1.01619 12.39968 -3.08649 144 144 144
1.13850 12.39825 -3.05823 142 142 142
1.25998 12.39613 -3.02592 144 144 144
1.37825 12.39489 -2.98331 139 139 139
1.49529 12.40347 -2.93757 141 141 141
1.61080 12.39849 -2.88804 141 141 141
1.72255 12.40215 -2.83053 139 139 139
1.83295 12.40646 -2.77071 142 142 142
1.93950 12.40604 -2.70434 146 146 146
2.04865 12.39818 -2.64199 147 147 147
2.14951 12.40196 -2.56706 140 140 140
2.24994 12.40313 -2.49173 141 141 141
2.34920 12.40040 -2.41469 148 148 148
2.44490 12.40042 -2.33310 148 148 148
2.53228 12.39842 -2.24264 143 143 143
2.62247 12.39768 -2.15500 152 152 152
2.70011 12.39419 -2.05594 155 155 155
2.78067 12.40276 -1.95972 145 145 145
2.85809 12.39789 -1.86086 147 147 147
2.93279 12.40184 -1.75974 143 143 143
2.99992 12.39706 -1.65344 149 149 149
3.06185 12.39522 -1.54407 156 156 156
3.11860 12.39881 -1.43201 153 153 153
3.17661 12.40041 -1.32056 153 153 153
3.22516 12.39910 -1.20467 154 154 154
3.26757 12.40030 -1.08647 160 160 160
3.31023 12.39855 -0.96845 151 151 151
3.34994 12.40050 -0.84925 162 162 162
3.37992 12.40276 -0.72725 170 170 170
3.40402 12.40348 -0.60402 159 159 159
3.42954 12.39858 -0.48105 156 156 156
3.44395 12.40105 -0.35629 164 164 164
3.46524 12.39959 -0.23210 163 163 163
3.46866 12.40169 -0.10630 166 166 166
3.47608 12.79670 0.02000 174 174 174
3.47687 12.80213 0.14568 166 166 166
3.46829 12.79873 0.27107 168 168 168
3.45609 12.79527 0.39614 170 170 170
3.43807 12.80529 0.52049 176 176 176
3.41915 12.80214 0.64480 169 169 169
3.38969 12.79963 0.76703 176 176 176
3.36132 12.80122 0.88956 175 175 175
3.32278 12.80110 1.00928 177 177 177
3.27074 12.80316 1.12404 173 173 173
3.23369 12.79844 1.24424 179 179 179
3.18340 12.79894 1.35936 184 184 184
3.12516 12.79802 1.47064 180 180 180
3.07425 12.80269 1.58591 184 184 184
3.00256 12.80135 1.68954 186 186 186
2.94096 12.79906 1.79925 185 185 185
2.86718 12.80075 1.90106 186 186 186
2.79519 12.80038 2.00429 191 191 191
2.70865 12.80123 2.09586 186 186 186
2.62660 12.80202 2.19091 186 186 186
2.53662 12.79885 2.27849 191 191 191
2.44892 12.80079 2.36835 192 192 192
2.35702 12.79322 2.45408 197 197 197
2.25613 12.80005 2.52909 185 185 185
2.15760 12.79843 2.60689 187 187 187
2.05730 12.80056 2.68275 186 186 186
1.95062 12.79946 2.74931 187 187 187
1.83881 12.80112 2.80687 190 190 190
1.73102 12.79945 2.87158 183 183 183
1.61771 12.80036 2.92594 200 200 200
1.50074 12.80242 2.97186 196 196 196
1.38480 12.80063 3.02005 191 191 191
1.26625 12.79576 3.06152 195 195 195
1.14810 12.80095 3.10524 197 197 197
1.02603 12.80261 3.13596 199 199 199
0.90188 12.79826 3.15687 201 201 201
0.77870 12.79648 3.18199 188 188 188
0.65301 12.79929 3.18958 202 202 202
0.52868 12.79874 3.20745 198 198 198
0.40360 12.80176 3.22201 189 189 189
0.27775 12.80279 3.22287 198 198 198
0.15220 12.80088 3.21452 196 196 196
0.02644 12.80157 3.21230 200 200 200
-0.09831 12.79753 3.19641 198 198 198
-0.22205 12.79949 3.17475 190 190 190
-0.34696 12.80125 3.15975 196 196 196
-0.46846 12.79831 3.12736 191 191 191
-0.59052 12.79921 3.09785 199 199 199
-0.71080 12.79942 3.06169 192 192 192
-0.82887 12.79817 3.01890 199 199 199
-0.94621 12.80073 2.97421 191 191 191
-1.06076 12.79909 2.92279 193 193 193
-1.17502 12.80045 2.87059 194 194 194
-1.28622 12.79676 2.81208 193 193 193
-1.38859 12.79901 2.73866 185 185 185
-1.49996 12.80051 2.68000 189 189 189
-1.60239 12.80357 2.60729 186 186 186
-1.70045 12.79647 2.52887 189 189 189
-1.79840 12.80028 2.45043 187 187 187
-1.89444 12.80076 2.36945 184 184 184
-1.98340 12.79834 2.28077 190 190 190
-2.06853 12.79800 2.18853 181 181 181
-2.15254 12.80382 2.09534 188 188 188
-2.23712 12.80263 2.00227 176 176 176
-2.31165 12.80180 1.90104 183 183 183
-2.38604 12.80339 1.79964 186 186 186
-2.44962 12.80355 1.69111 180 180 180
-2.51066 12.80315 1.58138 185 185 185
-2.58030 12.80495 1.47606 173 173 173
-2.63226 12.80279 1.36137 182 182 182
-2.67979 12.79976 1.24490 176 176 176
-2.72297 12.79889 1.12689 175 175 175
-2.77012 12.79356 1.01020 172 172 172
-2.79730 12.80065 0.88716 177 177 177
-2.83731 12.80353 0.76778 175 175 175
-2.86256 12.80108 0.64458 174 174 174
-2.87756 12.80170 0.51970 167 167 167
-2.89713 12.79697 0.39573 170 170 170
-2.91333 12.80134 0.27112 169 169 169
-2.91641 12.79809 0.14549 167 167 167
-2.91934 12.80011 0.02000 166 166 166
-2.92245 12.80161 -0.10576 165 165 165
-2.90840 12.80171 -0.23081 169 169 169
-2.90123 12.79967 -0.35634 163 163 163
-2.88361 12.80598 -0.48081 161 161 161
-2.85623 12.79762 -0.60352 165 165 165
-2.83190 12.80046 -0.72671 157 157 157
-2.80060 12.79644 -0.84836 160 160 160
-2.76787 12.79754 -0.96978 166 166 166
-2.72397 12.80209 -1.08761 156 156 156
-2.68055 12.80110 -1.20561 155 155 155
-2.63227 12.79911 -1.32179 152 152 152
-2.57383 12.80115 -1.43322 153 153 153
-2.51244 12.79992 -1.54287 149 149 149
-2.44604 12.80149 -1.64944 151 151 151
-2.38436 12.79615 -1.75907 146 146 146
-2.30597 12.80073 -1.85750 149 149 149
-2.23100 12.79772 -1.95807 156 156 156
-2.15748 12.79736 -2.06021 153 153 153
-2.06803 12.79904 -2.14876 152 152 152
-1.98400 12.79827 -2.24209 156 156 156
-1.89377 12.80332 -2.32948 146 146 146
-1.80436 12.80297 -2.41817 142 142 142
-1.70519 12.79566 -2.49567 147 147 147
-1.60414 12.80136 -2.57053 146 146 146
-1.50241 12.80478 -2.64452 140 140 140
-1.39448 12.80131 -2.70913 138 138 138
-1.28822 12.80117 -2.77654 142 142 142
-1.17622 12.79776 -2.83386 147 147 147
-1.06258 12.79762 -2.88767 144 144 144
-0.94672 12.79610 -2.93638 148 148 148
-0.82750 12.80074 -2.97614 137 137 137
-0.71102 12.79917 -3.02332 136 136 136
-0.59037 12.79946 -3.05829 141 141 141
-0.46949 12.80257 -3.09265 145 145 145
-0.34619 12.80004 -3.11687 139 139 139
-0.22350 12.80040 -3.14487 147 147 147
-0.09893 12.80144 -3.16264 145 145 145
0.02673 12.79591 -3.16953 138 138 138
0.15208 12.79649 -3.17866 142 142 142
0.27775 12.79808 -3.17954 139 139 139
0.40328 12.80212 -3.17500 142 142 142
0.52880 12.79744 -3.16994 140 140 140
0.65385 12.80107 -3.15775 133 133 133
0.77804 12.80428 -3.13881 133 133 133
0.90161 12.79916 -3.11647 143 143 143
1.02451 12.79831 -3.09063 143 143 143
1.14577 12.80425 -3.05793 142 142 142
1.26544 12.79794 -3.02000 143 143 143
1.38608 12.80724 -2.98448 141 141 141
1.50307 12.80687 -2.93842 139 139 139
1.61659 12.80211 -2.88442 136 136 136
1.73009 12.80113 -2.83064 148 148 148
1.84286 12.79605 -2.77499 138 138 138
1.95325 12.80069 -2.71447 147 147 147
2.05810 12.79957 -2.64479 146 146 146
2.15866 12.80209 -2.56916 145 145 145
2.26060 12.80189 -2.49556 146 146 146
2.35603 12.79784 -2.41369 143 143 143
2.44991 12.79811 -2.33016 145 145 145
2.53960 12.80058 -2.24219 149 149 149
2.62930 12.79734 -2.15408 146 146 146
2.70972 12.80341 -2.05743 146 146 146
2.79130 12.79978 -1.96185 146 146 146
2.86708 12.80048 -1.86158 150 150 150
2.93297 12.80459 -1.75447 149 149 149
3.00844 12.80180 -1.65367 146 146 146
3.07055 12.80397 -1.54433 151 151 151
3.12691 12.80036 -1.43199 153 153 153
3.18673 12.79335 -1.32131 147 147 147
3.23224 12.80142 -1.20403 155 155 155
3.28359 12.80218 -1.08913 156 156 156
3.32441 12.80362 -0.97012 154 154 154
3.35750 12.80559 -0.84876 162 162 162
3.38836 12.79869 -0.72694 162 162 162
3.41423 12.79635 -0.60401 159 159 159
3.43786 12.80386 -0.48062 165 165 165
3.45500 12.80013 -0.35613 169 169 169
3.46653 12.79770 -0.23102 166 166 166
3.47742 12.79674 -0.10574 168 168 168
3.48529 13.20152 0.02063 173 173 173
3.48451 13.19890 0.14633 174 174 174
3.48049 13.20512 0.27210 171 171 171
3.46227 13.19829 0.39666 174 174 174
3.43973 13.20072 0.52026 171 171 171
3.42466 13.20064 0.64511 175 175 175
3.39409 13.19899 0.76701 176 176 176
3.36491 13.20236 0.88920 173 173 173
3.32422 13.19997 1.00806 170 170 170
3.28881 13.19296 1.12872 179 179 179
3.24165 13.19748 1.24523 178 178 178
3.18825 13.20087 1.35895 186 186 186
3.13773 13.19768 1.47406 179 179 179
3.08089 13.19899 1.58628 184 184 184
3.01865 13.20091 1.69568 184 184 184
2.94022 13.20157 1.79464 180 180 180
2.86806 13.20065 1.89717 181 181 181
2.79796 13.20221 2.00151 188 188 188
2.71779 13.20048 2.09824 189 189 189
2.63532 13.19674 2.19304 185 185 185
2.54494 13.20237 2.28035 191 191 191
2.45538 13.20265 2.36829 181 181 181
2.36657 13.19938 2.45758 190 190 190
2.26714 13.20171 2.53469 191 191 191
2.16332 13.19654 2.60564 190 190 190
2.06210 13.20103 2.67996 194 194 194
1.95176 13.20013 2.74023 185 185 185
1.84562 13.19762 2.80700 190 190 190
1.73467 13.20393 2.86546 192 192 192
1.62425 13.20059 2.92538 194 194 194
1.51043 13.20048 2.97879 192 192 192
1.39065 13.19640 3.01737 197 197 197
1.27459 13.20248 3.06605 188 188 188
1.15351 13.20051 3.09996 200 200 200
1.03147 13.19872 3.12984 200 200 200
0.90894 13.19820 3.15744 191 191 191
0.78498 13.19707 3.17770 204 204 204
0.66071 13.20165 3.19572 192 192 192
0.53604 13.19945 3.21193 188 188 188
0.41065 13.19891 3.22277 197 197 197
0.28479 13.20163 3.22386 195 195 195
0.15906 13.20064 3.21965 192 192 192
0.03314 13.19531 3.21713 199 199 199
-0.09187 13.20157 3.20198 192 192 192
-0.21682 13.20333 3.18667 196 196 196
-0.33885 13.19994 3.15490 193 193 193
-0.46249 13.19864 3.13233 197 197 197
-0.58404 13.19990 3.10039 192 192 192
-0.70260 13.20151 3.05864 200 200 200
-0.82244 13.20344 3.02109 195 195 195
-0.93839 13.20271 2.97286 199 199 199
-1.05458 13.19986 2.92520 192 192 192
-1.16942 13.20154 2.87397 192 192 192
-1.27550 13.20408 2.80606 195 195 195
-1.38812 13.20027 2.74994 187 187 187
-1.49392 13.19404 2.68206 192 192 192
-1.59678 13.19666 2.60982 195 195 195
-1.69741 13.20047 2.53452 196 196 196
-1.79800 13.20215 2.45877 188 188 188
-1.88806 13.20389 2.37074 184 184 184
-1.97496 13.20156 2.27995 182 182 182
-2.06245 13.19759 2.19000 181 181 181
-2.15140 13.19843 2.10096 183 183 183
-2.22947 13.19904 2.00237 188 188 188
-2.30285 13.19617 1.90035 177 177 177
-2.37088 13.19794 1.79481 179 179 179
-2.44391 13.19500 1.69252 185 185 185
-2.50305 13.20067 1.58166 188 188 188
-2.56755 13.19834 1.47376 180 180 180
-2.62048 13.19997 1.35979 183 183 183
-2.67266 13.20252 1.24547 175 175 175
-2.70564 13.19781 1.12371 171 171 171
-2.75187 13.19811 1.00717 180 180 180
-2.79430 13.19236 0.88891 179 179 179
-2.82118 13.19827 0.76621 167 167 167
-2.85560 13.20191 0.64521 175 175 175
-2.87700 13.19832 0.52134 169 169 169
-2.89421 13.19973 0.39684 173 173 173
-2.90597 13.19822 0.27171 171 171 171
-2.90921 13.19709 0.14610 166 166 166
-2.91238 13.19565 0.02063 162 162 162
-2.90650 13.20279 -0.10479 164 164 164
-2.89690 13.20515 -0.22984 162 162 162
-2.89281 13.19585 -0.35556 163 163 163
-2.87265 13.19601 -0.47958 173 173 173
-2.84741 13.20507 -0.60255 157 157 157
-2.82709 13.19640 -0.72664 158 158 158
-2.80005 13.19767 -0.84959 160 160 160
-2.76400 13.20052 -0.97021 162 162 162
-2.71269 13.19920 -1.08545 159 159 159
-2.67147 13.20029 -1.20417 152 152 152
-2.62278 13.20017 -1.32008 154 154 154
-2.56338 13.20412 -1.43090 160 160 160
-2.50793 13.19886 -1.54370 157 157 157
-2.44295 13.20105 -1.65128 155 155 155
-2.37260 13.20029 -1.75534 144 144 144
-2.29916 13.20228 -1.85709 153 153 153
-2.22778 13.19821 -1.96050 146 146 146
-2.14773 13.20165 -2.05732 153 153 153
-2.06377 13.20393 -2.15075 150 150 150
-1.97403 13.19695 -2.23858 143 143 143
-1.88664 13.19936 -2.32880 151 151 151
-1.79299 13.20004 -2.41252 141 141 141
-1.68915 13.20390 -2.48368 150 150 150
-1.59384 13.20138 -2.56545 144 144 144
-1.49557 13.20184 -2.64423 149 149 149
-1.38535 13.19794 -2.70514 147 147 147
-1.28007 13.20134 -2.77395 148 148 148
-1.16668 13.19561 -2.82837 144 144 144
-1.05309 13.19471 -2.88176 151 151 151
-0.93886 13.20601 -2.93381 136 136 136
-0.82432 13.20023 -2.98600 140 140 140
-0.70345 13.20224 -3.02109 140 140 140
-0.58376 13.19552 -3.05922 141 141 141
-0.46356 13.20225 -3.09665 141 141 141
-0.33955 13.20245 -3.11831 145 145 145
-0.21511 13.19700 -3.13578 145 145 145
-0.09203 13.20193 -3.16323 128 128 128
0.03376 13.19854 -3.16910 140 140 140
0.15944 13.20189 -3.16982 138 138 138
0.28479 13.20267 -3.17486 139 139 139
0.41042 13.20108 -3.17681 140 140 140
0.53611 13.20146 -3.17274 145 145 145
0.66079 13.20025 -3.15620 138 138 138
0.78555 13.19668 -3.14115 140 140 140
0.90801 13.20128 -3.11265 138 138 138
1.03278 13.20172 -3.09513 146 146 146
1.15252 13.19926 -3.05629 137 137 137
1.27223 13.19984 -3.01863 133 133 133
1.39136 13.20171 -2.97911 149 149 149
1.50986 13.20315 -2.93721 139 139 139
1.62307 13.19746 -2.88262 145 145 145
1.73839 13.20029 -2.83252 145 145 145
1.84900 13.19696 -2.77279 141 141 141
1.95561 13.20489 -2.70624 142 142 142
2.06048 13.19748 -2.63722 147 147 147
2.16901 13.20118 -2.57313 147 147 147
2.26422 13.20067 -2.49064 147 147 147
2.36313 13.20038 -2.41316 144 144 144
2.46094 13.19940 -2.33389 145 145 145
2.54576 13.20462 -2.24072 150 150 150
2.63536 13.20058 -2.15260 156 156 156
2.71738 13.20117 -2.05737 154 154 154
2.79763 13.20104 -1.96071 144 144 144
2.87783 13.20151 -1.86369 157 157 157
2.94662 13.20016 -1.75830 153 153 153
3.01005 13.20045 -1.64975 151 151 151
3.07988 13.20225 -1.54502 153 153 153
3.13629 13.20282 -1.43259 161 161 161
3.19637 13.19880 -1.32192 153 153 153
3.24384 13.19790 -1.20532 158 158 158
3.28998 13.19779 -1.08829 163 163 163
3.33085 13.19939 -0.96932 158 158 158
3.36084 13.19358 -0.84711 155 155 155
3.40501 13.19833 -0.72865 163 163 163
3.41914 13.19707 -0.60298 155 155 155
3.44609 13.19785 -0.48019 163 163 163
3.46327 13.20109 -0.35566 160 160 160
3.48042 13.19764 -0.23094 165 165 165
3.48231 13.20192 -0.10504 175 175 175
3.48950 13.59863 0.02125 167 167 167
3.48889 13.60002 0.14685 176 176 176
3.48250 13.59915 0.27234 166 166 166
3.46976 13.60322 0.39735 181 181 181
3.44902 13.60051 0.52125 171 171 171
3.42727 13.60224 0.64487 174 174 174
3.40349 13.59858 0.76822 172 172 172
3.37227 13.59860 0.88994 177 177 177
3.33088 13.59894 1.00860 172 172 172
3.29473 13.59988 1.12896 174 174 174
3.24726 13.60015 1.24530 182 182 182
3.19791 13.60241 1.36083 180 180 180
3.13924 13.59973 1.47191 180 180 180
3.07957 13.59829 1.58227 179 179 179
3.02152 13.59909 1.69380 182 182 182
2.95306 13.60254 1.79920 183 183 183
2.87990 13.59979 1.90135 185 185 185
2.79983 13.59928 1.99813 184 184 184
2.72366 13.60456 2.09794 184 184 184
2.64524 13.60161 2.19641 186 186 186
2.55305 13.60173 2.28213 186 186 186
2.46337 13.59926 2.37005 182 182 182
2.36706 13.60218 2.45064 189 189 189
2.27097 13.59753 2.53137 194 194 194
2.17072 13.59864 2.60688 195 195 195
2.07143 13.60393 2.68415 192 192 192
1.96469 13.60722 2.75062 196 196 196
1.85829 13.59921 2.81787 194 194 194
1.74306 13.59992 2.86894 190 190 190
1.63147 13.60327 2.92661 197 197 197
1.51761 13.60156 2.97999 196 196 196
1.39961 13.59945 3.02348 188 188 188
1.27989 13.60004 3.06166 193 193 193
1.15959 13.59701 3.09758 197 197 197
1.03963 13.59767 3.13558 192 192 192
0.91557 13.59962 3.15660 200 200 200
0.79269 13.60066 3.18328 195 195 195
0.66807 13.60009 3.20013 198 198 198
0.54274 13.59839 3.20997 196 196 196
0.41728 13.60013 3.21641 193 193 193
0.29169 13.59939 3.21878 201 201 201
0.16636 13.59406 3.20976 197 197 197
0.04083 13.60325 3.20751 194 194 194
-0.08425 13.60032 3.19636 196 196 196
-0.20974 13.60512 3.18600 196 196 196
-0.33330 13.59659 3.16222 199 199 199
-0.45543 13.60385 3.13219 198 198 198
-0.57714 13.59878 3.10089 186 186 186
-0.69523 13.59659 3.05773 195 195 195
-0.81741 13.59604 3.02668 190 190 190
-0.93291 13.60211 2.97682 200 200 200
-1.04770 13.59677 2.92577 197 197 197
-1.15960 13.59905 2.86878 194 194 194
-1.27017 13.60259 2.80940 195 195 195
-1.37786 13.59954 2.74500 197 197 197
-1.48465 13.60000 2.67907 185 185 185
-1.58739 13.60450 2.60696 183 183 183
-1.68874 13.59736 2.53283 192 192 192
-1.78496 13.59995 2.45215 193 193 193
-1.88326 13.60020 2.37358 192 192 192
-1.97138 13.60051 2.28384 185 185 185
-2.05950 13.59875 2.19422 181 181 181
-2.14051 13.60022 2.09814 191 191 191
-2.21832 13.60168 1.99960 188 188 188
-2.29946 13.59760 1.90349 187 187 187
-2.36606 13.60063 1.79679 172 172 172
-2.43496 13.60070 1.69186 182 182 182
-2.49697 13.59826 1.58271 182 182 182
-2.55114 13.59914 1.46951 178 178 178
-2.61370 13.60171 1.36044 182 182 182
-2.66443 13.60051 1.24553 176 176 176
-2.70790 13.60278 1.12769 176 176 176
-2.74694 13.60092 1.00842 177 177 177
-2.78837 13.59918 0.88979 178 178 178
-2.82234 13.60468 0.76876 183 183 183
-2.84784 13.59760 0.64566 178 178 178
-2.86611 13.60041 0.52133 169 169 169
-2.88910 13.59675 0.39767 171 171 171
-2.89390 13.60089 0.27193 179 179 179
-2.90808 13.59924 0.14695 169 169 169
-2.90627 13.60025 0.02125 173 173 173
-2.90050 13.59945 -0.10420 172 172 172
-2.89944 13.60239 -0.22996 167 167 167
-2.88579 13.60321 -0.35493 164 164 164
-2.87423 13.59876 -0.48031 158 158 158
-2.84862 13.60329 -0.60356 162 162 162
-2.82125 13.59833 -0.72629 171 171 171
-2.78512 13.60388 -0.84672 159 159 159
-2.75110 13.59825 -0.96766 162 162 162
-2.70999 13.60579 -1.08640 152 152 152
-2.66889 13.60111 -1.20536 156 156 156
-2.61336 13.59812 -1.31832 156 156 156
-2.55901 13.60289 -1.43160 156 156 156
-2.49688 13.60324 -1.54079 148 148 148
-2.44091 13.60005 -1.65367 146 146 146
-2.37539 13.60025 -1.76123 155 155 155
-2.29343 13.59672 -1.85735 147 147 147
-2.21925 13.59810 -1.95863 149 149 149
-2.13905 13.60076 -2.05522 147 147 147
-2.05999 13.60768 -2.15305 154 154 154
-1.96739 13.60162 -2.23825 147 147 147
-1.87684 13.60021 -2.32508 144 144 144
-1.79123 13.59565 -2.41796 148 148 148
-1.69089 13.59908 -2.49405 142 142 142
-1.59320 13.60041 -2.57348 143 143 143
-1.48562 13.60504 -2.63908 146 146 146
-1.38037 13.59898 -2.70769 150 150 150
-1.27455 13.60181 -2.77584 132 132 132
-1.16050 13.60181 -2.82918 145 145 145
-1.04641 13.60621 -2.88163 151 151 151
-0.93324 13.60348 -2.93628 138 138 138
-0.81563 13.60099 -2.98055 134 134 134
-0.69655 13.60179 -3.02048 145 145 145
-0.57745 13.59404 -3.06071 148 148 148
-0.45651 13.59707 -3.09542 137 137 137
-0.33312 13.59882 -3.12006 138 138 138
-0.20945 13.60016 -3.14298 146 146 146
-0.08500 13.60012 -3.16149 140 140 140
0.04077 13.60060 -3.16701 145 145 145
0.16609 13.60180 -3.17557 145 145 145
0.29169 13.59561 -3.18191 140 140 140
0.41741 13.60116 -3.17865 146 146 146
0.54288 13.60171 -3.17047 135 135 135
0.66775 13.60414 -3.15618 139 139 139
0.79405 13.60002 -3.15066 144 144 144
0.91653 13.59901 -3.12020 142 142 142
1.03832 13.60372 -3.08890 136 136 136
1.16124 13.59882 -3.06217 151 151 151
1.27961 13.59682 -3.01951 144 144 144
1.39815 13.60143 -2.97823 139 139 139
1.51456 13.60108 -2.93131 132 132 132
1.63373 13.59958 -2.89019 147 147 147
1.74613 13.60292 -2.83359 151 151 151
1.85392 13.60054 -2.76867 151 151 151
1.96167 13.59960 -2.70430 138 138 138
2.06897 13.60137 -2.63903 142 142 142
2.17459 13.59949 -2.57075 145 145 145
2.27461 13.60088 -2.49449 146 146 146
2.37394 13.59720 -2.41717 145 145 145
2.46469 13.59734 -2.32991 151 151 151
2.55117 13.59685 -2.23866 148 148 148
2.64154 13.59944 -2.15135 153 153 153
2.72092 13.59881 -2.05393 153 153 153
2.80786 13.60055 -1.96275 145 145 145
2.87745 13.60265 -1.85782 153 153 153
2.95242 13.59966 -1.75699 160 160 160
3.02835 13.60179 -1.65616 149 149 149
3.08560 13.60086 -1.54378 155 155 155
3.13442 13.59968 -1.42754 161 161 161
3.20086 13.59925 -1.32022 152 152 152
3.24673 13.60039 -1.20307 153 153 153
3.29373 13.59877 -1.08654 151 151 151
3.33257 13.60045 -0.96704 164 164 164
3.36900 13.60330 -0.84686 158 158 158
3.40486 13.60029 -0.72635 161 161 161
3.42791 13.59718 -0.60275 161 161 161
3.45796 13.60041 -0.48037 159 159 159
3.47190 13.59704 -0.35525 162 162 162
3.48198 13.59661 -0.22990 167 167 167
3.48493 13.59530 -0.10425 162 162 162
3.50043 14.00402 0.02188 169 169 169
3.49390 13.99899 0.14741 168 168 168
3.48308 13.99942 0.27247 174 174 174
3.47047 13.99948 0.39725 165 165 165
3.45702 14.00365 0.52207 171 171 171
3.43682 13.99438 0.64604 177 177 177
3.40590 14.00357 0.76779 175 175 175
3.37327 14.00166 0.88893 177 177 177
3.34089 13.99884 1.01027 177 177 177
3.29723 14.00295 1.12800 171 171 171
3.25412 14.00297 1.24595 175 175 175
3.20400 14.00062 1.36112 187 187 187
3.15111 13.99847 1.47512 176 176 176
3.09177 13.99437 1.58592 182 182 182
3.02429 14.00488 1.69195 182 182 182
2.95326 13.99927 1.79541 184 184 184
2.88829 13.99980 1.90313 191 191 191
2.81285 13.99738 2.00366 188 188 188
2.73217 13.99672 2.10002 188 188 188
2.64889 13.99682 2.19411 192 192 192
2.56105 14.00121 2.28395 190 190 190
2.47243 14.00262 2.37311 192 192 192
2.37390 13.99592 2.45131 195 195 195
2.28178 14.00194 2.53707 194 194 194
2.17900 14.00067 2.60954 192 192 192
2.07484 13.99836 2.67969 189 189 189
1.96946 13.99773 2.74793 192 192 192
1.86132 14.00246 2.81176 200 200 200
1.75110 14.00227 2.87200 195 195 195
1.63977 14.00049 2.93051 190 190 190
1.52106 14.00153 2.97255 188 188 188
1.40671 13.99632 3.02495 197 197 197
1.28747 13.99432 3.06471 196 196 196
1.16687 13.99738 3.09998 197 197 197
1.04585 13.99887 3.13391 196 196 196
0.92247 14.00208 3.15787 199 199 199
0.79884 14.00052 3.18004 192 192 192
0.67519 14.00030 3.20369 196 196 196
0.54959 14.00285 3.21174 191 191 191
0.42409 13.99601 3.21863 190 190 190
0.29844 13.99459 3.22322 196 196 196
0.17275 14.00172 3.21958 196 196 196
0.04726 14.00026 3.21203 204 204 204
-0.07765 14.00170 3.19812 188 188 188
-0.20105 13.99827 3.17426 192 192 192
-0.32534 13.99764 3.15660 196 196 196
-0.44937 14.00087 3.13554 199 199 199
-0.56940 14.00233 3.09788 196 196 196
-0.69068 13.99978 3.06500 190 190 190
-0.80851 13.99922 3.02136 196 196 196
-0.92220 14.00008 2.96778 190 190 190
-1.04221 14.00037 2.92904 192 192 192
-1.15531 14.00046 2.87412 189 189 189
-1.26613 14.00112 2.81477 193 193 193
-1.37492 14.00101 2.75175 191 191 191
-1.47843 13.99992 2.68039 188 188 188
-1.58215 14.00169 2.60958 193 193 193
-1.68209 13.99927 2.53351 192 192 192
-1.77560 14.00215 2.44964 185 185 185
-1.87321 13.99585 2.37057 193 193 193
-1.96313 14.00273 2.28291 189 189 189
-2.05378 14.00127 2.19575 185 185 185
-2.13490 14.00114 2.09969 193 193 193
-2.21687 13.99874 2.00436 182 182 182
-2.28892 13.99880 1.90132 183 183 183
-2.36051 14.00268 1.79817 184 184 184
-2.43324 14.00003 1.69552 183 183 183
-2.49499 13.99967 1.58598 178 178 178
-2.55198 13.99921 1.47397 184 184 184
-2.60612 13.99699 1.36066 180 180 180
-2.65437 13.99928 1.24476 171 171 171
-2.69990 13.99996 1.12783 170 170 170
-2.74143 13.99990 1.00943 175 175 175
-2.78011 13.99926 0.88998 173 173 173
-2.81673 13.99494 0.76964 173 173 173
-2.84266 14.00074 0.64658 181 181 181
-2.86039 13.99618 0.52211 175 175 175
-2.88264 13.99688 0.39832 164 164 164
-2.89604 13.99948 0.27325 166 166 166
-2.89958 14.00110 0.14751 171 171 171
-2.90560 13.99961 0.02188 176 176 176
-2.89622 13.99872 -0.10368 167 167 167
-2.88792 13.99776 -0.22897 164 164 164
-2.87422 13.99789 -0.35375 161 161 161
-2.86288 14.00153 -0.47898 172 172 172
-2.83183 13.99756 -0.60096 164 164 164
-2.80755 13.99923 -0.72402 157 157 157
-2.77749 13.99816 -0.84588 163 163 163
-2.74347 13.99927 -0.96678 155 155 155
-2.70423 14.00167 -1.08618 158 158 158
-2.65712 13.99913 -1.20270 162 162 162
-2.60253 13.99790 -1.31585 153 153 153
-2.55019 13.99784 -1.42996 156 156 156
-2.49481 13.99599 -1.54283 151 151 151
-2.42688 13.99896 -1.64863 157 157 157
-2.36642 13.99839 -1.75917 151 151 151
-2.29009 13.99911 -1.85926 146 146 146
-2.21366 13.99821 -1.95897 150 150 150
-2.13141 13.99750 -2.05389 152 152 152
-2.05042 13.99654 -2.14987 150 150 150
-1.96998 13.99820 -2.24702 152 152 152
-1.87226 13.99935 -2.32685 145 145 145
-1.77946 13.99994 -2.41150 143 143 143
-1.68322 14.00292 -2.49232 144 144 144
-1.58623 14.00184 -2.57260 144 144 144
-1.47776 14.00132 -2.63683 138 138 138
-1.37167 14.00133 -2.70391 150 150 150
-1.26325 13.99778 -2.76713 143 143 143
-1.15587 14.00183 -2.83276 139 139 139
-1.04145 13.99960 -2.88494 132 132 132
-0.92683 13.99909 -2.93653 148 148 148
-0.80920 13.99917 -2.98083 137 137 137
-0.69090 13.99854 -3.02329 142 142 142
-0.56915 13.99852 -3.05460 141 141 141
-0.44924 13.99863 -3.09265 141 141 141
-0.32506 13.99798 -3.11287 139 139 139
-0.20089 13.99679 -3.13090 143 143 143
-0.07783 13.99911 -3.15736 143 143 143
0.04754 14.00365 -3.16614 142 142 142
0.17294 14.00381 -3.17229 146 146 146
0.29844 13.99951 -3.17261 136 136 136
0.42401 13.99780 -3.17413 137 137 137
0.54965 13.99534 -3.17018 135 135 135
0.67432 14.00391 -3.15404 146 146 146
0.79967 14.00031 -3.14295 137 137 137
0.92339 14.00140 -3.12017 137 137 137
1.04543 14.00012 -3.08978 143 143 143
1.16723 13.99690 -3.05888 141 141 141
1.28740 14.00488 -3.02212 142 142 142
1.40457 13.99963 -2.97673 145 145 145
1.52200 14.00062 -2.93240 139 139 139
1.63679 13.99932 -2.88159 145 145 145
1.75106 14.00273 -2.82944 147 147 147
1.86426 13.99775 -2.77451 141 141 141
1.97273 13.99907 -2.71075 148 148 148
2.07705 14.00052 -2.64045 141 141 141
2.17950 14.00036 -2.56764 150 150 150
2.27919 13.99880 -2.49116 147 147 147
2.37389 14.00242 -2.40864 145 145 145
2.47177 13.99789 -2.32970 147 147 147
2.55926 14.00211 -2.23942 153 153 153
2.64310 14.00143 -2.14599 155 155 155
2.72978 13.99879 -2.05516 147 147 147
2.81130 13.99713 -1.95957 151 151 151
2.88564 13.99927 -1.85829 151 151 151
2.96114 13.99714 -1.75772 154 154 154
3.02191 14.00141 -1.64749 152 152 152
3.09301 13.99934 -1.54356 150 150 150
3.15042 14.00035 -1.43167 151 151 151
3.20833 13.99802 -1.31996 155 155 155
3.25659 14.00166 -1.20377 156 156 156
3.29771 13.99873 -1.08492 163 163 163
3.34581 14.00100 -0.96856 165 165 165
3.38344 13.99575 -0.84843 159 159 159
3.40970 14.00098 -0.72529 158 158 158
3.43486 13.99713 -0.60218 161 161 161
3.45784 13.99881 -0.47867 158 158 158
3.47006 13.99810 -0.35362 165 165 165
3.48977 14.00210 -0.22936 162 162 162
3.49136 13.99942 -0.10361 165 165 165
3.51093 14.40255 0.02250 168 168 168
3.50284 14.40141 0.14812 168 168 168
3.50015 14.40073 0.27392 169 169 169
3.47637 14.40381 0.39779 170 170 170
3.45928 14.40009 0.52200 163 163 163
3.44113 14.40268 0.64620 181 181 181
3.41022 14.40054 0.76786 175 175 175
3.38558 14.40252 0.89115 182 182 182
3.34730 14.39985 1.01081 173 173 173
3.30772 14.39664 1.13004 174 174 174
3.26099 14.40053 1.24666 178 178 178
3.21119 14.40219 1.36199 172 172 172
3.15545 14.40055 1.47456 178 178 178
3.09361 14.40041 1.58385 178 178 178
3.02961 14.40041 1.69176 183 183 183
2.96814 14.39772 1.80154 183 183 183
2.89476 14.40053 1.90361 188 188 188
2.82044 14.40108 2.00501 185 185 185
2.73751 14.40116 2.09952 190 190 190
2.65308 14.39566 2.19245 189 189 189
2.56633 14.39960 2.28320 188 188 188
2.47860 14.39853 2.37320 193 193 193
2.37915 14.39940 2.45028 191 191 191
2.28878 14.40248 2.53813 185 185 185
2.18511 14.39560 2.60941 190 190 190
2.08362 14.39387 2.68351 188 188 188
1.97676 14.39932 2.74962 195 195 195
1.86742 14.40262 2.81139 196 196 196
1.75780 14.39901 2.87271 195 195 195
1.64394 14.40249 2.92576 188 188 188
1.52950 14.39712 2.97751 189 189 189
1.41219 14.39996 3.02241 203 203 203
1.29298 14.39806 3.06186 189 189 189
1.17390 14.40025 3.10200 195 195 195
1.05177 14.40416 3.13156 194 194 194
0.92984 14.39871 3.16222 197 197 197
0.80614 14.39795 3.18491 204 204 204
0.68100 14.40397 3.19754 194 194 194
0.55595 14.39860 3.20918 195 195 195
0.43064 14.39781 3.21777 202 202 202
0.30504 14.40250 3.22423 193 193 193
0.17927 14.40093 3.22190 203 203 203
0.05404 14.40377 3.21017 195 195 195
-0.07080 14.40320 3.19642 190 190 190
-0.19599 14.39956 3.18443 190 190 190
-0.32008 14.39922 3.16379 199 199 199
-0.44219 14.39833 3.13360 195 195 195
-0.56347 14.40173 3.10074 194 194 194
-0.68434 14.40080 3.06626 192 192 192
-0.80406 14.40061 3.02767 190 190 190
-0.92005 14.40122 2.97901 184 184 184
-1.03369 14.39988 2.92538 197 197 197
-1.14897 14.40196 2.87516 199 199 199
-1.25778 14.39815 2.81216 196 196 196
-1.36607 14.39976 2.74861 191 191 191
-1.47377 14.40261 2.68383 187 187 187
-1.57719 14.40007 2.61237 190 190 190
-1.67662 14.40239 2.53548 191 191 191
-1.77519 14.40014 2.45744 189 189 189
-1.86893 14.40149 2.37364 186 186 186
-1.95737 14.39741 2.28431 189 189 189
-2.04547 14.40180 2.19473 182 182 182
-2.12471 14.39900 2.09719 187 187 187
-2.20980 14.40269 2.00456 188 188 188
-2.28288 14.39852 1.90230 177 177 177
-2.34846 14.39739 1.79512 181 181 181
-2.42467 14.40047 1.69490 183 183 183
-2.48252 14.40219 1.58328 184 184 184
-2.54539 14.40202 1.47457 185 185 185
-2.59863 14.39445 1.36084 171 171 171
-2.64820 14.39882 1.24553 175 175 175
-2.69402 14.39379 1.12870 177 177 177
-2.73660 14.39488 1.01060 179 179 179
-2.77557 14.39823 0.89117 178 178 178
-2.79919 14.40106 0.76763 169 169 169
-2.82961 14.39787 0.64591 173 173 173
-2.85710 14.40458 0.52325 169 169 169
-2.86836 14.39378 0.39803 167 167 167
-2.88247 14.39814 0.27332 170 170 170
-2.88831 14.40277 0.14795 172 172 172
-2.89418 14.40469 0.02250 166 166 166
-2.88900 14.39828 -0.10304 174 174 174
-2.88476 14.39521 -0.22863 162 162 162
-2.86808 14.40119 -0.35319 162 162 162
-2.86148 14.40433 -0.47919 162 162 162
-2.83350 14.40079 -0.60200 164 164 164
-2.80660 14.40104 -0.72478 168 168 168
-2.76987 14.40357 -0.84499 163 163 163
-2.74015 14.40010 -0.96725 153 153 153
-2.69810 14.39773 -1.08576 161 161 161
-2.65597 14.40161 -1.20437 147 147 147
-2.60214 14.40229 -1.31813 159 159 159
-2.54311 14.39668 -1.42914 156 156 156
-2.48481 14.40591 -1.54034 153 153 153
-2.42186 14.40269 -1.64902 149 149 149
-2.35458 14.40005 -1.75509 154 154 154
-2.28743 14.40125 -1.86154 153 153 153
-2.20461 14.40122 -1.95647 146 146 146
-2.12848 14.40323 -2.05644 149 149 149
-2.04587 14.40273 -2.15118 147 147 147
-1.95194 14.40174 -2.23501 149 149 149
-1.86788 14.40081 -2.32868 141 141 141
-1.77043 14.39883 -2.40809 138 138 138
-1.67143 14.40143 -2.48515 138 138 138
-1.57659 14.40088 -2.56784 148 148 148
-1.47043 14.40350 -2.63516 148 148 148
-1.36790 14.39896 -2.70797 144 144 144
-1.25883 14.40058 -2.77044 145 145 145
-1.14938 14.39921 -2.83237 136 136 136
-1.03530 14.39807 -2.88533 145 145 145
-0.91810 14.40127 -2.93078 143 143 143
-0.80170 14.40180 -2.97779 141 141 141
-0.68302 14.39899 -3.01872 144 144 144
-0.56224 14.39828 -3.05292 135 135 135
-0.44240 14.40509 -3.09103 145 145 145
-0.31753 14.40260 -3.10757 137 137 137
-0.19534 14.40116 -3.13689 144 144 144
-0.07057 14.39748 -3.15107 141 141 141
0.05387 14.39955 -3.16894 138 138 138
0.17930 14.40137 -3.17773 142 142 142
0.30504 14.39948 -3.18394 136 136 136
0.43087 14.39635 -3.18031 140 140 140
0.55643 14.39960 -3.17190 134 134 134
0.68072 14.40360 -3.15181 140 140 140
0.80514 14.40027 -3.13522 135 135 135
0.92843 14.40184 -3.11170 144 144 144
1.05196 14.39597 -3.08892 139 139 139
1.17324 14.40374 -3.05619 137 137 137
1.29382 14.39770 -3.02097 146 146 146
1.41318 14.40055 -2.98160 150 150 150
1.53201 14.39996 -2.94005 141 141 141
1.64454 14.40244 -2.88351 143 143 143
1.75728 14.40194 -2.82812 143 143 143
1.86713 14.39913 -2.76728 142 142 142
1.97772 14.39916 -2.70754 139 139 139
2.08250 14.40156 -2.63816 140 140 140
2.18871 14.39919 -2.57067 146 146 146
2.28393 14.40237 -2.48823 145 145 145
2.38498 14.40009 -2.41333 150 150 150
2.47576 14.40283 -2.32630 143 143 143
2.56549 14.40400 -2.23848 149 149 149
2.65821 14.39880 -2.15329 149 149 149
2.73960 14.40171 -2.05734 148 148 148
2.81520 14.39890 -1.95687 152 152 152
2.89085 14.39896 -1.85671 154 154 154
2.96399 14.40094 -1.75465 159 159 159
3.03637 14.39699 -1.65174 151 151 151
3.08840 14.40120 -1.53671 153 153 153
3.15033 14.40255 -1.42768 160 160 160
3.21208 14.39780 -1.31807 153 153 153
3.26172 14.40368 -1.20258 153 153 153
3.30139 14.40076 -1.08326 159 159 159
3.34756 14.40251 -0.96639 157 157 157
3.38464 14.40328 -0.84632 166 166 166
3.41552 14.40311 -0.72450 158 158 158
3.44161 14.39803 -0.60161 169 169 169
3.46456 14.39851 -0.47809 166 166 166
3.48487 14.40126 -0.35398 157 157 157
3.49489 14.39993 -0.22863 171 171 171
3.49598 14.39470 -0.10291 173 173 173
3.50681 14.80303 0.02313 161 161 161
3.50577 14.79981 0.14861 172 172 172
3.50023 14.80253 0.27404 170 170 170
3.48629 14.79792 0.39882 179 179 179
3.47259 14.80276 0.52370 176 176 176
3.45076 14.79627 0.64745 175 175 175
3.42006 14.80300 0.76928 169 169 169
3.39271 14.80000 0.89195 175 175 175
3.35346 14.80148 1.01132 173 173 173
3.31556 14.80070 1.13116 174 174 174
3.26893 14.79988 1.24788 173 173 173
3.21644 14.80270 1.36204 170 170 170
3.16274 14.80076 1.47559 182 182 182
3.10589 14.80447 1.58771 171 171 171
3.03727 14.79912 1.69309 179 179 179
2.96840 14.79835 1.79798 186 186 186
2.89903 14.79974 1.90261 185 185 185
2.82062 14.80152 2.00065 187 187 187
2.74397 14.80249 2.10010 186 186 186
2.66026 14.80098 2.19370 187 187 187
2.57387 14.79874 2.28485 188 188 188
2.48372 14.79616 2.37233 183 183 183
2.38647 14.80000 2.45186 189 189 189
2.29056 14.79832 2.53276 194 194 194
2.19214 14.79978 2.61076 184 184 184
2.08877 14.79998 2.68209 182 182 182
1.98775 14.79472 2.75756 192 192 192
1.87640 14.80140 2.81645 196 196 196
1.76154 14.80104 2.86793 194 194 194
1.65219 14.80220 2.93020 189 189 189
1.53557 14.79877 2.97713 193 193 193
1.41982 14.80287 3.02613 186 186 186
1.30147 14.79676 3.06866 191 191 191
1.18018 14.79621 3.10191 191 191 191
1.05894 14.79683 3.13506 185 185 185
0.93617 14.80180 3.16213 197 197 197
0.81234 14.79380 3.18387 190 190 190
0.68710 14.79464 3.19509 191 191 191
0.56255 14.80214 3.21168 195 195 195
0.43705 14.80130 3.21751 190 190 190
0.31148 14.79937 3.22390 199 199 199
0.18586 14.80020 3.21843 197 197 197
0.06084 14.80320 3.20603 201 201 201
-0.06373 14.80233 3.19162 199 199 199
-0.19002 14.79699 3.18786 199 199 199
-0.31398 14.80020 3.16600 194 194 194
-0.43363 14.80040 3.12527 208 208 208
-0.55734 14.80312 3.10229 195 195 195
-0.67765 14.80316 3.06598 195 195 195
-0.79445 14.79973 3.01957 196 196 196
-0.91437 14.79697 2.98136 190 190 190
-1.03011 14.80278 2.93209 195 195 195
-1.14114 14.80393 2.87295 199 199 199
-1.25105 14.80116 2.81217 194 194 194
-1.35842 14.80168 2.74716 194 194 194
-1.46638 14.80639 2.68294 190 190 190
-1.56963 14.79881 2.61137 190 190 190
-1.67231 14.80030 2.53872 190 190 190
-1.76801 14.79997 2.45713 185 185 185
-1.85538 14.79805 2.36650 191 191 191
-1.94940 14.79639 2.28333 179 179 179
-2.03935 14.79499 2.19559 185 185 185
-2.12460 14.80130 2.10316 188 188 188
-2.20263 14.80114 2.00456 185 185 185
-2.27229 14.79507 1.89986 182 182 182
-2.34430 14.80059 1.79722 184 184 184
-2.41736 14.79630 1.69496 181 181 181
-2.47778 14.79733 1.58482 179 179 179
-2.54017 14.79918 1.47578 178 178 178
-2.59204 14.79737 1.36137 174 174 174
-2.64211 14.80334 1.24628 171 171 171
-2.68556 14.79975 1.12856 182 182 182
-2.72808 14.79951 1.01053 173 173 173
-2.76702 14.80340 0.89118 181 181 181
-2.80097 14.80179 0.77021 175 175 175
-2.82922 14.79943 0.64773 179 179 179
-2.84526 14.80096 0.52301 184 184 184
-2.86833 14.80235 0.39941 168 168 168
-2.87939 14.80249 0.27420 173 173 173
-2.88886 14.79636 0.14884 171 171 171
-2.89013 14.80101 0.02313 168 168 168
-2.88275 14.80026 -0.10242 170 170 170
-2.88266 14.79844 -0.22835 169 169 169
-2.86298 14.79808 -0.35274 155 155 155
-2.84826 14.79719 -0.47751 158 158 158
-2.82669 14.79975 -0.60132 170 170 170
-2.80098 14.79721 -0.72438 155 155 155
-2.76338 14.80140 -0.84439 162 162 162
-2.72661 14.80000 -0.96436 166 166 166
-2.69098 14.80425 -1.08493 162 162 162
-2.64770 14.80038 -1.20303 158 158 158
-2.59282 14.79848 -1.31623 161 161 161
-2.54239 14.79910 -1.43147 156 156 156
-2.47861 14.80226 -1.53991 151 151 151
-2.41639 14.80064 -1.64904 162 162 162
-2.34661 14.79832 -1.75350 154 154 154
-2.27555 14.80021 -1.85702 154 154 154
-2.20270 14.80493 -1.95947 149 149 149
-2.11989 14.80290 -2.05405 152 152 152
-2.03580 14.79545 -2.14727 151 151 151
-1.95101 14.80092 -2.23996 140 140 140
-1.86240 14.79859 -2.32915 148 148 148
-1.76228 14.79799 -2.40552 145 145 145
-1.67010 14.79795 -2.49107 145 145 145
-1.56783 14.79956 -2.56409 143 143 143
-1.46645 14.79913 -2.63828 151 151 151
-1.35953 14.79634 -2.70423 140 140 140
-1.25201 14.80012 -2.76919 145 145 145
-1.13888 14.80197 -2.82385 148 148 148
-1.02621 14.79847 -2.87900 139 139 139
-0.91334 14.80231 -2.93426 142 142 142
-0.79478 14.79869 -2.97590 141 141 141
-0.67828 14.80419 -3.02338 135 135 135
-0.55701 14.80092 -3.05661 141 141 141
-0.43438 14.79728 -3.08386 138 138 138
-0.31259 14.80303 -3.11452 130 130 130
-0.18803 14.80108 -3.13082 142 142 142
-0.06456 14.79848 -3.15409 142 142 142
0.06058 14.80180 -3.16490 139 139 139
0.18587 14.80308 -3.17394 139 139 139
0.31148 14.79976 -3.18318 139 139 139
0.43715 14.80122 -3.17547 145 145 145
0.56266 14.79859 -3.16851 130 130 130
0.68764 14.80069 -3.15520 140 140 140
0.81264 14.80039 -3.14129 139 139 139
0.93567 14.80421 -3.11516 141 141 141
1.05959 14.80026 -3.09328 134 134 134
1.18062 14.79866 -3.05893 136 136 136
1.29994 14.80078 -3.01940 140 140 140
1.41708 14.80130 -2.97412 152 152 152
1.53764 14.80137 -2.93751 138 138 138
1.65386 14.79866 -2.88918 146 146 146
1.76501 14.80365 -2.83007 138 138 138
1.87668 14.79869 -2.77226 135 135 135
1.98108 14.80257 -2.70195 143 143 143
2.08945 14.79802 -2.63834 151 151 151
2.19070 14.80218 -2.56397 146 146 146
2.29132 14.80021 -2.48888 145 145 145
2.38582 14.79915 -2.40621 149 149 149
2.48240 14.79963 -2.32596 143 143 143
2.57734 14.79794 -2.24334 158 158 158
2.66030 14.80134 -2.14870 152 152 152
2.74157 14.80137 -2.05296 147 147 147
2.82900 14.80109 -1.96211 154 154 154
2.89528 14.79789 -1.85468 156 156 156
2.96994 14.80046 -1.75375 153 153 153
3.03474 14.79874 -1.64622 157 157 157
3.09750 14.79915 -1.53763 155 155 155
3.16654 14.79812 -1.43209 155 155 155
3.21542 14.79619 -1.31606 159 159 159
3.26628 14.79901 -1.20122 159 159 159
3.31473 14.80045 -1.08522 151 151 151
3.35692 14.79694 -0.96675 158 158 158
3.39047 14.79497 -0.84555 162 162 162
3.42068 14.80337 -0.72360 164 164 164
3.45547 14.79887 -0.60248 164 164 164
3.47217 14.80070 -0.47766 162 162 162
3.48822 14.80340 -0.35301 165 165 165
3.50748 14.79557 -0.22850 162 162 162
3.50529 14.79767 -0.10241 164 164 164
3.51413 15.19326 0.02375 173 173 173
3.51691 15.19978 0.14942 172 172 172
3.50552 15.19403 0.27458 176 176 176
3.49467 15.20197 0.39968 173 173 173
3.47796 15.19969 0.52417 170 170 170
3.44773 15.20092 0.64621 174 174 174
3.42925 15.20290 0.77059 169 169 169
3.39498 15.19614 0.89142 173 173 173
3.36234 15.20148 1.01277 184 184 184
3.31264 15.19887 1.12836 172 172 172
3.26679 15.20171 1.24499 180 180 180
3.22011 15.19880 1.36143 171 171 171
3.17014 15.19238 1.47674 179 179 179
3.11138 15.19348 1.58785 177 177 177
3.04905 15.20043 1.69704 185 185 185
2.97580 15.20296 1.79931 185 185 185
2.90584 15.20182 1.90357 181 181 181
2.82929 15.19571 2.00309 190 190 190
2.74974 15.19941 2.10022 187 187 187
2.66823 15.20429 2.19582 190 190 190
2.58437 15.20133 2.28962 192 192 192
2.49158 15.20338 2.37457 191 191 191
2.39608 15.19909 2.45630 194 194 194
2.29720 15.19774 2.53374 194 194 194
2.19551 15.19730 2.60728 196 196 196
2.09868 15.19967 2.68805 199 199 199
1.98657 15.20204 2.74589 200 200 200
1.88004 15.20108 2.81224 199 199 199
1.76989 15.20353 2.87249 194 194 194
1.66016 15.20042 2.93434 198 198 198
1.54118 15.20141 2.97599 197 197 197
1.42516 15.19709 3.02406 199 199 199
1.30742 15.19885 3.06812 198 198 198
1.18661 15.19892 3.10289 192 192 192
1.06517 15.20021 3.13532 199 199 199
0.94248 15.19969 3.16275 197 197 197
0.81924 15.19823 3.18822 199 199 199
0.69368 15.20474 3.19804 196 196 196
0.56877 15.20006 3.21124 191 191 191
0.44339 15.20149 3.21934 197 197 197
0.31776 15.19998 3.21680 194 194 194
0.19229 15.19644 3.21524 196 196 196
0.06650 15.20049 3.21440 193 193 193
-0.05868 15.19966 3.20244 197 197 197
-0.18220 15.20011 3.17862 197 197 197
-0.30667 15.19846 3.16126 198 198 198
-0.43054 15.19831 3.13901 190 190 190
-0.54966 15.20545 3.09781 195 195 195
-0.67172 15.19873 3.06754 193 193 193
-0.78960 15.20358 3.02393 186 186 186
-0.90691 15.20106 2.97901 194 194 194
-1.01988 15.20187 2.92402 201 201 201
-1.13590 15.20039 2.87547 195 195 195
-1.24633 15.19755 2.81547 197 197 197
-1.35348 15.20097 2.74985 195 195 195
-1.46033 15.19876 2.68381 191 191 191
-1.56215 15.20189 2.61025 187 187 187
-1.65944 15.19882 2.53089 193 193 193
-1.76252 15.19882 2.45858 186 186 186
-1.85179 15.19489 2.36995 192 192 192
-1.94113 15.20055 2.28190 187 187 187
-2.03119 15.20160 2.19440 191 191 191
-2.11159 15.20220 2.09797 192 192 192
-2.19838 15.20108 2.00673 188 188 188
-2.26977 15.20221 1.90316 175 175 175
-2.34303 15.19841 1.80114 183 183 183
-2.40692 15.20483 1.69299 184 184 184
-2.48017 15.20231 1.59026 176 176 176
-2.53301 15.19917 1.47593 183 183 183
-2.58976 15.20308 1.36380 178 178 178
-2.64033 15.19860 1.24874 178 178 178
-2.68344 15.20207 1.13069 178 178 178
-2.72199 15.19882 1.01120 175 175 175
-2.76462 15.19800 0.89288 176 176 176
-2.79573 15.19988 0.77107 178 178 178
-2.82133 15.19855 0.64802 173 173 173
-2.83919 15.19813 0.52366 172 172 172
-2.86707 15.19926 0.40062 176 176 176
-2.87056 15.19805 0.27462 166 166 166
-2.88447 15.19667 0.14954 168 168 168
-2.87886 15.20194 0.02375 168 168 168
-2.87944 15.20040 -0.10192 163 163 163
-2.87338 15.20045 -0.22750 162 162 162
-2.85898 15.20083 -0.35240 166 166 166
-2.83729 15.19914 -0.47616 159 159 159
-2.82414 15.20010 -0.60147 161 161 161
-2.79330 15.20033 -0.72345 164 164 164
-2.76072 15.20204 -0.84482 158 158 158
-2.72284 15.19987 -0.96459 162 162 162
-2.68391 15.19953 -1.08405 158 158 158
-2.64032 15.19791 -1.20200 157 157 157
-2.59057 15.20039 -1.31751 151 151 151
-2.53589 15.19767 -1.43079 151 151 151
-2.47767 15.20130 -1.54233 159 159 159
-2.40889 15.20023 -1.64773 147 147 147
-2.34318 15.20040 -1.75485 152 152 152
-2.27084 15.19910 -1.85760 149 149 149
-2.19242 15.19816 -1.95576 149 149 149
-2.11909 15.19575 -2.05817 149 149 149
-2.03481 15.19913 -2.15160 148 148 148
-1.94342 15.19947 -2.23809 141 141 141
-1.85520 15.19985 -2.32760 148 148 148
-1.76275 15.20305 -2.41287 144 144 144
-1.66170 15.19763 -2.48782 147 147 147
-1.56001 15.20281 -2.56141 142 142 142
-1.45818 15.19886 -2.63474 145 145 145
-1.35303 15.19827 -2.70332 151 151 151
-1.24607 15.20055 -2.76924 137 137 137
-1.13376 15.20118 -2.82555 143 143 143
-1.02159 15.19890 -2.88203 142 142 142
-0.90734 15.19968 -2.93435 144 144 144
-0.78965 15.19947 -2.97844 145 145 145
-0.67106 15.19799 -3.01990 144 144 144
-0.55087 15.19582 -3.05653 139 139 139
-0.43013 15.20064 -3.09172 137 137 137
-0.30549 15.19857 -3.10977 143 143 143
-0.18268 15.20024 -3.13610 139 139 139
-0.05805 15.20285 -3.15158 141 141 141
0.06662 15.19387 -3.16734 135 135 135
0.19227 15.19491 -3.17022 139 139 139
0.31776 15.19865 -3.17243 136 136 136
0.44329 15.20075 -3.17118 134 134 134
0.56868 15.19725 -3.16458 137 137 137
0.69387 15.19666 -3.15419 140 140 140
0.81776 15.19839 -3.13336 145 145 145
0.94238 15.20127 -3.11668 137 137 137
1.06471 15.19934 -3.08783 141 141 141
1.18712 15.19896 -3.05911 136 136 136
1.30484 15.19961 -3.01457 146 146 146
1.42403 15.19622 -2.97537 146 146 146
1.53931 15.19984 -2.92580 137 137 137
1.65740 15.19963 -2.88266 140 140 140
1.77046 15.20365 -2.82787 142 142 142
1.88322 15.19883 -2.77215 144 144 144
1.99006 15.20080 -2.70579 139 139 139
2.09493 15.20029 -2.63659 145 145 145
2.19527 15.20114 -2.56105 147 147 147
2.29863 15.19731 -2.48962 141 141 141
2.39234 15.19899 -2.40593 148 148 148
2.49132 15.20195 -2.32826 146 146 146
2.57750 15.20391 -2.23666 150 150 150
2.67252 15.20240 -2.15363 155 155 155
2.75575 15.20258 -2.05915 144 144 144
2.82860 15.20081 -1.95628 160 160 160
2.91061 15.19970 -1.86069 151 151 151
2.97818 15.19928 -1.75450 152 152 152
3.04237 15.19638 -1.64649 157 157 157
3.11014 15.20027 -1.54063 155 155 155
3.16673 15.20251 -1.42841 153 153 153
3.22522 15.20343 -1.31711 154 154 154
3.26762 15.19311 -1.19859 157 157 157
3.31567 15.20234 -1.08267 158 158 158
3.35509 15.20021 -0.96353 166 166 166
3.40222 15.19603 -0.84650 158 158 158
3.43124 15.19727 -0.72403 155 155 155
3.45281 15.19860 -0.60010 172 172 172
3.47410 15.20069 -0.47637 164 164 164
3.49536 15.19716 -0.35250 173 173 173
3.50758 15.19749 -0.22740 163 163 163
3.51048 15.20178 -0.10174 171 171 171
3.52508 15.59941 0.02438 170 170 170
3.52103 15.60348 0.14996 167 167 167
3.51306 15.59801 0.27531 169 169 169
3.50034 15.59772 0.40025 168 168 168
3.48190 15.60205 0.52444 171 171 171
3.46159 15.60142 0.64836 176 176 176
3.43045 15.60049 0.77002 178 178 178
3.40070 15.59975 0.89192 179 179 179
3.36493 15.60116 1.01222 173 173 173
3.32785 15.59825 1.13231 179 179 179
3.27315 15.60089 1.24568 183 183 183
3.22909 15.60167 1.36333 174 174 174
3.17577 15.60383 1.47708 180 180 180
3.10775 15.60197 1.58297 184 184 184
3.05508 15.60494 1.69756 181 181 181
2.97709 15.59765 1.79665 183 183 183
2.90868 15.59544 1.90175 185 185 185
2.83461 15.60004 2.00302 183 183 183
2.75562 15.60206 2.10057 183 183 183
2.67068 15.59869 2.19298 185 185 185
2.58719 15.59896 2.28687 181 181 181
2.49274 15.59900 2.36975 189 189 189
2.40388 15.60075 2.45879 192 192 192
2.30448 15.59755 2.53574 196 196 196
2.20348 15.60260 2.61034 190 190 190
2.09977 15.60074 2.68103 187 187 187
1.99510 15.59917 2.75033 191 191 191
1.88762 15.59824 2.81534 192 192 192
1.77802 15.60097 2.87692 194 194 194
1.66371 15.59736 2.92925 191 191 191
1.54821 15.59878 2.97865 199 199 199
1.42916 15.60128 3.01879 188 188 188
1.31358 15.60112 3.06869 198 198 198
1.19299 15.60075 3.10428 195 195 195
1.07250 15.59916 3.14082 193 193 193
0.94866 15.59611 3.16350 195 195 195
0.82413 15.59814 3.18092 197 197 197
0.70022 15.59736 3.20207 203 203 203
0.57466 15.60386 3.20873 189 189 189
0.44959 15.59776 3.22172 191 191 191
0.32388 15.59539 3.22523 202 202 202
0.19808 15.59875 3.22407 192 192 192
0.07303 15.60224 3.20961 198 198 198
-0.05201 15.60107 3.19826 192 192 192
-0.17682 15.60040 3.18374 191 191 191
-0.29986 15.60218 3.15824 192 192 192
-0.42327 15.59862 3.13468 191 191 191
-0.54666 15.60368 3.10933 202 202 202
-0.66527 15.59772 3.06700 193 193 193
-0.78418 15.59996 3.02632 193 193 193
-0.90135 15.59741 2.98081 196 196 196
-1.01533 15.60130 2.92791 183 183 183
-1.12723 15.59868 2.87096 192 192 192
-1.24095 15.59807 2.81729 187 187 187
-1.34769 15.60554 2.75090 188 188 188
-1.45397 15.59864 2.68396 190 190 190
-1.55388 15.60448 2.60780 194 194 194
-1.65825 15.60212 2.53767 185 185 185
-1.75302 15.60222 2.45516 183 183 183
-1.84746 15.60470 2.37243 192 192 192
-1.93658 15.59819 2.28401 183 183 183
-2.02680 15.60150 2.19655 186 186 186
-2.10642 15.59926 2.09934 181 181 181
-2.18731 15.59671 2.00339 184 184 184
-2.26327 15.59884 1.90345 187 187 187
-2.33775 15.60282 1.80228 180 180 180
-2.40311 15.59786 1.69498 182 182 182
-2.47067 15.59757 1.58894 182 182 182
-2.52120 15.60109 1.47361 182 182 182
-2.58081 15.60176 1.36309 183 183 183
-2.63217 15.60216 1.24849 177 177 177
-2.67536 15.60605 1.13057 180 180 180
-2.72252 15.60386 1.01396 171 171 171
-2.75513 15.60063 0.89253 178 178 178
-2.78041 15.60276 0.76947 174 174 174
-2.81270 15.60470 0.64813 167 167 167
-2.83366 15.60179 0.52436 165 165 165
-2.85251 15.60265 0.40024 169 169 169
-2.85865 15.59637 0.27479 170 170 170
-2.87098 15.60198 0.14987 168 168 168
-2.87525 15.59777 0.02438 173 173 173
-2.87116 15.59796 -0.10122 160 160 160
-2.86470 15.59960 -0.22669 165 165 165
-2.85159 15.59880 -0.35164 162 162 162
-2.83697 15.60104 -0.47648 162 162 162
-2.81126 15.59919 -0.59952 161 161 161
-2.78877 15.59878 -0.72324 161 161 161
-2.75592 15.60049 -0.84460 158 158 158
-2.71654 15.60067 -0.96395 158 158 158
-2.67613 15.59699 -1.08286 160 160 160
-2.63952 15.60381 -1.20362 162 162 162
-2.58237 15.59781 -1.31598 157 157 157
-2.52245 15.60334 -1.42650 153 153 153
-2.46716 15.60042 -1.53931 156 156 156
-2.39974 15.60064 -1.64531 151 151 151
-2.33349 15.59937 -1.75190 159 159 159
-2.26212 15.60319 -1.85516 148 148 148
-2.18525 15.59772 -1.95437 153 153 153
-2.10768 15.59784 -2.05310 155 155 155
-2.02306 15.59746 -2.14584 157 157 157
-1.93659 15.60215 -2.23683 156 156 156
-1.84951 15.59690 -2.32751 143 143 143
-1.75546 15.60132 -2.41094 144 144 144
-1.65516 15.59684 -2.48674 147 147 147
-1.55400 15.59999 -2.56100 140 140 140
-1.45258 15.59962 -2.63496 141 141 141
-1.34576 15.59836 -2.70088 146 146 146
-1.23721 15.59955 -2.76378 143 143 143
-1.12966 15.59642 -2.82894 146 146 146
-1.01513 15.59860 -2.88071 141 141 141
-0.90144 15.59816 -2.93434 150 150 150
-0.78588 15.59914 -2.98422 147 147 147
-0.66364 15.59967 -3.01533 138 138 138
-0.54480 15.59656 -3.05612 143 143 143
-0.42190 15.59788 -3.08235 142 142 142
-0.30071 15.60174 -3.11593 145 145 145
-0.17658 15.59949 -3.13565 147 147 147
-0.05177 15.59926 -3.14963 132 132 132
0.07269 15.60247 -3.16738 140 140 140
0.19820 15.60091 -3.17434 138 138 138
0.32388 15.60309 -3.16752 138 138 138
0.44940 15.60126 -3.17051 142 142 142
0.57523 15.60040 -3.16946 142 142 142
0.69959 15.59796 -3.15013 145 145 145
0.82471 15.60339 -3.13799 140 140 140
0.94811 15.60036 -3.11411 140 140 140
1.07166 15.60408 -3.09068 140 140 140
1.19227 15.60158 -3.05509 142 142 142
1.31347 15.60049 -3.02172 144 144 144
1.42943 15.60126 -2.97282 140 140 140
1.55003 15.60186 -2.93633 147 147 147
1.66766 15.59987 -2.89108 143 143 143
1.77604 15.59815 -2.82625 146 146 146
1.88738 15.59826 -2.76808 145 145 145
1.99679 15.59586 -2.70622 144 144 144
2.10075 15.60003 -2.63558 145 145 145
2.20358 15.60313 -2.56351 142 142 142
2.30357 15.59901 -2.48756 145 145 145
2.40293 15.60102 -2.41061 142 142 142
2.49378 15.59974 -2.32374 147 147 147
2.58268 15.59496 -2.23516 147 147 147
2.67067 15.59518 -2.14571 149 149 149
2.75691 15.60251 -2.05436 147 147 147
2.83602 15.59879 -1.95675 153 153 153
2.91425 15.60313 -1.85834 153 153 153
2.98308 15.59706 -1.75312 146 146 146
3.05138 15.59864 -1.64770 150 150 150
3.11114 15.59989 -1.53719 149 149 149
3.17347 15.60292 -1.42816 164 164 164
3.23078 15.59962 -1.31628 156 156 156
3.27843 15.59646 -1.19996 161 161 161
3.32440 15.60103 -1.08305 154 154 154
3.36575 15.59860 -0.96442 156 156 156
3.40009 15.60032 -0.84359 158 158 158
3.43913 15.60274 -0.72386 164 164 164
3.46390 15.60317 -0.60050 161 161 161
3.48474 15.60143 -0.47648 164 164 164
3.50277 15.59925 -0.35204 170 170 170
3.51380 15.59832 -0.22679 173 173 173
3.51343 15.60431 -0.10100 168 168 168
3.53096 16.00046 0.02500 172 172 172
3.52689 16.00141 0.15058 164 164 164
3.51820 15.99943 0.27587 168 168 168
3.50693 15.99587 0.40094 168 168 168
3.48575 16.00107 0.52472 169 169 169
3.46468 15.99951 0.64840 172 172 172
3.44139 15.99701 0.77182 169 169 169
3.40254 15.99658 0.89136 178 178 178
3.37653 15.99774 1.01466 169 169 169
3.33061 15.99779 1.13173 181 181 181
3.28231 16.00153 1.24760 184 184 184
3.23755 15.99345 1.36507 172 172 172
3.17844 16.00071 1.47599 191 191 191
3.11981 16.00252 1.58696 180 180 180
3.05922 15.99771 1.69702 185 185 185
2.98992 15.99492 1.80181 187 187 187
2.92034 15.99966 1.90646 182 182 182
2.84166 15.99932 2.00444 186 186 186
2.76168 16.00142 2.10121 186 186 186
2.68376 15.99977 2.20011 186 186 186
2.59279 16.00040 2.28705 189 189 189
2.49809 15.99682 2.36963 192 192 192
2.40935 15.99768 2.45875 185 185 185
2.31003 15.99616 2.53575 189 189 189
2.20602 15.99579 2.60616 186 186 186
2.10745 15.99962 2.68411 189 189 189
2.00056 16.00567 2.75003 194 194 194
1.89687 15.99765 2.82171 194 194 194
1.78085 16.00215 2.87126 192 192 192
1.66984 15.99761 2.93011 188 188 188
1.55329 15.99776 2.97701 192 192 192
1.43653 15.99849 3.02308 192 192 192
1.31800 15.99893 3.06441 188 188 188
1.19812 16.00105 3.10178 201 201 201
1.07714 16.00343 3.13575 194 194 194
0.95309 16.00029 3.15626 204 204 204
0.83054 15.99771 3.18419 202 202 202
0.70594 15.99843 3.20049 197 197 197
0.58090 16.00000 3.21279 191 191 191
0.45535 15.99725 3.21727 198 198 198
0.32983 15.99923 3.21727 201 201 201
0.20408 15.99724 3.22337 197 197 197
0.07881 16.00192 3.21226 197 197 197
-0.04584 15.99958 3.19683 191 191 191
-0.17091 16.00053 3.18442 188 188 188
-0.29416 16.00382 3.15996 202 202 202
-0.41728 16.00189 3.13494 192 192 192
-0.53834 16.00026 3.10140 196 196 196
-0.66005 15.99376 3.06972 193 193 193
-0.77749 16.00376 3.02477 197 197 197
-0.89470 16.00061 2.97961 199 199 199
-1.00906 16.00007 2.92769 190 190 190
-1.12159 15.99938 2.87207 200 200 200
-1.23281 16.00308 2.81387 195 195 195
-1.34060 15.99910 2.74954 189 189 189
-1.44360 16.00017 2.67785 196 196 196
-1.55057 16.00100 2.61195 182 182 182
-1.65031 15.99764 2.53568 191 191 191
-1.74911 15.99712 2.45808 194 194 194
-1.84308 16.00014 2.37466 185 185 185
-1.93032 15.99829 2.28424 190 190 190
-2.02030 15.99950 2.19659 184 184 184
-2.10162 15.99919 2.10088 179 179 179
-2.17916 16.00079 2.00221 186 186 186
-2.26141 15.99873 1.90699 182 182 182
-2.33219 16.00154 1.80310 181 181 181
-2.39711 15.99770 1.69552 183 183 183
-2.46582 15.99685 1.59014 182 182 182
-2.52080 16.00369 1.47702 175 175 175
-2.57545 15.99824 1.36395 170 170 170
-2.62714 16.00165 1.24946 177 177 177
-2.67307 15.99847 1.13251 169 169 169
-2.70697 15.99869 1.01144 171 171 171
-2.74305 15.99885 0.89141 168 168 168
-2.77752 16.00511 0.77081 175 175 175
-2.80556 15.99896 0.64850 171 171 171
-2.82340 16.00156 0.52429 180 180 180
-2.84561 15.99584 0.40074 172 172 172
-2.85465 15.99934 0.27556 172 172 172
-2.86832 15.99854 0.15062 166 166 166
-2.86649 15.99938 0.02500 171 171 171
-2.86024 15.99824 -0.10040 166 166 166
-2.86170 15.99611 -0.22631 163 163 163
-2.84432 15.99812 -0.35087 169 169 169
-2.82607 16.00395 -0.47510 157 157 157
-2.80662 15.99849 -0.59919 157 157 157
-2.78056 15.99892 -0.72211 166 166 166
-2.75136 16.00114 -0.84441 159 159 159
-2.71808 16.00351 -0.96580 158 158 158
-2.67257 16.00292 -1.08317 153 153 153
-2.62633 16.00084 -1.20006 163 163 163
-2.57829 16.00377 -1.31628 151 151 151
-2.52380 16.00225 -1.42966 156 156 156
-2.46108 15.99724 -1.53868 158 158 158
-2.40117 16.00119 -1.64929 152 152 152
-2.32954 15.99683 -1.75269 152 152 152
-2.25659 16.00049 -1.85492 157 157 157
-2.18032 15.99686 -1.95464 148 148 148
-2.10312 15.99725 -2.05374 150 150 150
-2.01871 16.00441 -2.14678 148 148 148
-1.93387 16.00462 -2.23952 153 153 153
-1.84065 15.99535 -2.32382 144 144 144
-1.75022 15.99735 -2.41123 143 143 143
-1.65218 15.99923 -2.48996 144 144 144
-1.55178 16.00125 -2.56559 140 140 140
-1.44920 15.99431 -2.63826 141 141 141
-1.34590 16.00065 -2.71027 146 146 146
-1.23338 16.00141 -2.76702 144 144 144
-1.12270 15.99913 -2.82642 149 149 149
-1.00979 16.00171 -2.88149 138 138 138
-0.89249 15.99656 -2.92653 151 151 151
-0.77586 15.99831 -2.97264 134 134 134
-0.65793 16.00130 -3.01551 143 143 143
-0.54028 15.99911 -3.06062 142 142 142
-0.41546 16.00613 -3.07972 130 130 130
-0.29314 16.00375 -3.10722 138 138 138
-0.17084 16.00064 -3.13638 134 134 134
-0.04658 15.99844 -3.15548 137 137 137
0.07921 16.00312 -3.15962 135 135 135
0.20417 15.99958 -3.17333 137 137 137
0.32983 15.99737 -3.17775 145 145 145
0.45559 16.00107 -3.17574 130 130 130
0.58063 15.99878 -3.16179 138 138 138
0.70628 16.00248 -3.15573 140 140 140
0.82927 16.00053 -3.12859 143 143 143
0.95426 15.99955 -3.11453 135 135 135
1.07592 15.99930 -3.08304 134 134 134
1.19840 16.00159 -3.05511 144 144 144
1.31889 15.99891 -3.01949 138 138 138
1.43622 15.99959 -2.97451 145 145 145
1.55356 15.99633 -2.92992 141 141 141
1.66976 16.00111 -2.88214 140 140 140
1.78099 16.00334 -2.82372 137 137 137
1.89191 15.99940 -2.76499 145 145 145
2.00213 16.00165 -2.70467 148 148 148
2.10553 15.99649 -2.63326 142 142 142
2.21193 15.99831 -2.56626 148 148 148
2.31107 16.00484 -2.48898 145 145 145
2.40832 16.00553 -2.40940 148 148 148
2.50349 15.99563 -2.32726 139 139 139
2.58921 16.00321 -2.23519 147 147 147
2.67919 16.00395 -2.14753 153 153 153
2.76083 16.00080 -2.05207 149 149 149
2.84291 15.99577 -1.95694 151 151 151
2.91822 15.99873 -1.85634 148 148 148
2.98897 16.00138 -1.75253 153 153 153
3.05709 15.99910 -1.64699 152 152 152
3.11958 15.99996 -1.53803 146 146 146
3.17872 15.99793 -1.42723 157 157 157
3.23026 16.00083 -1.31273 155 155 155
3.28170 16.00170 -1.19828 155 155 155
3.33172 15.99756 -1.08298 151 151 151
3.37483 15.99930 -0.96486 165 165 165
3.40926 16.00397 -0.84391 162 162 162
3.43373 16.00153 -0.72055 161 161 161
3.46524 15.99677 -0.59898 166 166 166
3.48364 16.00554 -0.47476 164 164 164
3.50390 15.99917 -0.35087 168 168 168
3.51839 16.00287 -0.22607 162 162 162
3.52961 16.00467 -0.10078 174 174 174
3.53501 16.39535 0.02562 167 167 167
3.53180 16.39931 0.15117 174 174 174
3.52372 16.40333 0.27646 169 169 169
3.51660 16.40085 0.40201 173 173 173
3.49036 16.40112 0.52514 170 170 170
3.47285 16.39835 0.64948 179 179 179
3.45073 16.39858 0.77328 173 173 173
3.41233 16.39928 0.89309 181 181 181
3.37709 16.40128 1.01355 169 169 169
3.33806 16.40068 1.13293 179 179 179
3.28941 16.40298 1.24873 174 174 174
3.24464 16.40384 1.36626 182 182 182
3.18455 16.39647 1.47673 184 184 184
3.12317 16.39628 1.58618 179 179 179
3.06019 16.39990 1.69463 185 185 185
3.00106 16.39931 1.80595 178 178 178
2.92125 16.39710 1.90347 183 183 183
2.84939 16.39688 2.00653 186 186 186
2.76589 16.39808 2.10041 182 182 182
2.68406 16.39718 2.19557 185 185 185
2.59341 16.40156 2.28241 186 186 186
2.50657 16.40283 2.37306 182 182 182
2.41304 16.40072 2.45681 191 191 191
2.31925 16.39548 2.54061 185 185 185
2.21611 16.40387 2.61258 185 185 185
2.11020 16.40166 2.68006 194 194 194
2.00623 16.40109 2.75032 193 193 193
1.89824 16.40157 2.81430 192 192 192
1.78611 16.40481 2.87070 190 190 190
1.67434 16.39635 2.92778 195 195 195
1.55831 16.40053 2.97560 194 194 194
1.44486 16.40324 3.03042 188 188 188
1.32226 16.40279 3.06017 185 185 185
1.20322 16.40299 3.09978 191 191 191
1.08163 16.40015 3.13079 193 193 193
0.95957 16.39986 3.16013 192 192 192
0.83521 16.40332 3.17751 194 194 194
0.71204 16.39662 3.20354 201 201 201
0.58702 16.40311 3.21744 197 197 197
0.46128 16.40196 3.22116 190 190 190
0.33562 16.39704 3.22050 196 196 196
0.21010 16.39700 3.21761 196 196 196
0.08482 16.39841 3.20980 195 195 195
-0.04103 16.40373 3.20549 193 193 193
-0.16561 16.39859 3.18788 197 197 197
-0.28875 16.39982 3.16223 190 190 190
-0.41068 16.40032 3.13199 190 190 190
-0.53216 16.39902 3.10041 199 199 199
-0.65370 16.40070 3.06841 199 199 199
-0.76799 16.40370 3.01515 188 188 188
-0.89093 16.39895 2.98494 198 198 198
-1.00274 16.39972 2.92699 194 194 194
-1.11746 16.39590 2.87579 193 193 193
-1.22561 16.40127 2.81183 191 191 191
-1.33804 16.39989 2.75530 193 193 193
-1.43961 16.40140 2.68104 194 194 194
-1.54622 16.39936 2.61444 190 190 190
-1.64279 16.40293 2.53399 188 188 188
-1.74290 16.39919 2.45810 182 182 182
-1.83380 16.39761 2.37141 182 182 182
-1.92748 16.40027 2.28772 194 194 194
-2.01077 16.39672 2.19368 184 184 184
-2.09621 16.40071 2.10174 191 191 191
-2.17941 16.39845 2.00752 190 190 190
-2.25357 16.39699 1.90605 183 183 183
-2.32764 16.39927 1.80449 179 179 179
-2.39380 16.39531 1.69761 180 180 180
-2.45719 16.40457 1.58912 181 181 181
-2.51494 16.40455 1.47756 179 179 179
-2.56786 16.40085 1.36370 183 183 183
-2.61757 16.40123 1.24848 175 175 175
-2.66602 16.40254 1.13264 181 181 181
-2.70763 16.40108 1.01413 175 175 175
-2.74216 16.39887 0.89339 176 176 176
-2.77492 16.39799 0.77218 174 174 174
-2.79998 16.39822 0.64915 178 178 178
-2.82688 16.39744 0.52637 174 174 174
-2.83999 16.40025 0.40138 174 174 174
-2.85113 16.39749 0.27636 173 173 173
-2.86034 16.40163 0.15116 173 173 173
-2.86553 16.39740 0.02563 171 171 171
-2.85984 16.40102 -0.10000 169 169 169
-2.85120 16.39928 -0.22532 165 165 165
-2.84205 16.39741 -0.35069 162 162 162
-2.82276 16.40032 -0.47489 166 166 166
-2.79715 16.39756 -0.59786 164 164 164
-2.77168 16.39960 -0.72078 161 161 161
-2.74193 16.39853 -0.84280 154 154 154
-2.70963 16.39758 -0.96437 163 163 163
-2.66121 16.40090 -1.08055 155 155 155
-2.62073 16.39815 -1.19957 157 157 157
-2.57089 16.39520 -1.31498 156 156 156
-2.51469 16.39740 -1.42741 152 152 152
-2.45398 16.40186 -1.53739 152 152 152
-2.39376 16.39671 -1.64774 156 156 156
-2.32065 16.40221 -1.75007 157 157 157
-2.24689 16.40176 -1.85153 144 144 144
-2.17365 16.39705 -1.95340 144 144 144
-2.09854 16.40217 -2.05423 147 147 147
-2.01211 16.40047 -2.14549 154 154 154
-1.93115 16.40073 -2.24205 143 143 143
-1.83609 16.39928 -2.32461 150 150 150
-1.74389 16.40053 -2.41005 148 148 148
-1.64452 16.40073 -2.48704 149 149 149
-1.54548 16.40115 -2.56433 151 151 151
-1.44364 16.40018 -2.63806 143 143 143
-1.33583 16.39644 -2.70274 144 144 144
-1.22741 16.39552 -2.76613 140 140 140
-1.11522 16.40259 -2.82254 142 142 142
-1.00550 16.40578 -2.88417 145 145 145
-0.88830 16.40217 -2.92982 142 142 142
-0.77144 16.39546 -2.97577 140 140 140
-0.65254 16.40395 -3.01613 138 138 138
-0.53141 16.40028 -3.04909 147 147 147
-0.41148 16.40260 -3.08669 139 139 139
-0.28887 16.40384 -3.11423 145 145 145
-0.16530 16.39873 -3.13733 139 139 139
-0.04065 16.39814 -3.15366 138 138 138
0.08497 16.40108 -3.15930 133 133 133
0.20990 16.40204 -3.17415 141 141 141
0.33562 16.39771 -3.17698 139 139 139
0.46129 16.39894 -3.17289 140 140 140
0.58688 16.39803 -3.16705 141 141 141
0.71131 16.39927 -3.14881 143 143 143
0.83552 16.40033 -3.13093 137 137 137
0.95925 16.40317 -3.10993 137 137 137
1.08314 16.39753 -3.08845 142 142 142
1.20461 16.40302 -3.05604 145 145 145
1.32439 16.39853 -3.01801 136 136 136
1.44143 16.40156 -2.97238 141 141 141
1.55974 16.39679 -2.93029 141 141 141
1.67671 16.39743 -2.88411 144 144 144
1.78687 16.39902 -2.82333 147 147 147
1.89857 16.39927 -2.76599 142 142 142
2.00679 16.39902 -2.70228 145 145 145
2.11583 16.40255 -2.63947 147 147 147
2.21294 16.39875 -2.55914 150 150 150
2.31919 16.40441 -2.49140 135 135 135
2.41461 16.40169 -2.40944 153 153 153
2.50587 16.39840 -2.32303 144 144 144
2.59853 16.39993 -2.23818 149 149 149
2.68660 16.39869 -2.14849 144 144 144
2.76368 16.40103 -2.04902 153 153 153
2.84802 16.40219 -1.95586 145 145 145
2.92670 16.40043 -1.85776 151 151 151
2.99635 16.40515 -1.75304 147 147 147
3.05964 16.40385 -1.64446 150 150 150
3.12889 16.39967 -1.53945 156 156 156
3.18617 16.39784 -1.42753 154 154 154
3.24111 16.39954 -1.31450 156 156 156
3.28758 16.40065 -1.19775 156 156 156
3.33599 16.39941 -1.08185 155 155 155
3.37718 16.40005 -0.96316 162 162 162
3.41586 16.40535 -0.84356 171 171 171
3.44721 16.40097 -0.72181 162 162 162
3.47208 16.40408 -0.59860 162 162 162
3.49215 16.40064 -0.47460 161 161 161
3.51208 16.39922 -0.35054 167 167 167
3.52579 16.39929 -0.22559 169 169 169
3.53253 16.39784 -0.10005 160 160 160
3.54267 16.79720 0.02625 166 166 166
3.53448 16.80236 0.15167 167 167 167
3.52855 16.80108 0.27702 172 172 172
3.51567 16.79945 0.40185 175 175 175
3.49647 16.79763 0.52583 172 172 172
3.47364 16.79965 0.64912 170 170 170
3.45303 16.79731 0.77308 173 173 173
3.41477 16.79827 0.89279 176 176 176
3.38121 16.79980 1.01366 182 182 182
3.34496 16.79930 1.13400 176 176 176
3.29774 16.79882 1.25044 183 183 183
3.24410 16.79762 1.36400 176 176 176
3.18961 16.80316 1.47702 178 178 178
3.12807 16.79748 1.58635 177 177 177
3.06978 16.80453 1.69764 181 181 181
3.00194 16.80142 1.80334 188 188 188
2.92461 16.79603 1.90238 183 183 183
2.85386 16.80043 2.00617 184 184 184
2.77367 16.80107 2.10280 186 186 186
2.69096 16.79568 2.19728 188 188 188
2.60564 16.79619 2.28955 191 191 191
2.51034 16.79872 2.37159 189 189 189
2.41847 16.80268 2.45710 188 188 188
2.32389 16.80113 2.53987 183 183 183
2.22005 16.80396 2.61077 190 190 190
2.11633 16.79816 2.68132 196 196 196
2.01348 16.79955 2.75346 194 194 194
1.90395 16.79995 2.81494 187 187 187
1.79322 16.80038 2.87409 187 187 187
1.67968 16.80331 2.92762 188 188 188
1.56666 16.80030 2.98266 190 190 190
1.44815 16.80125 3.02454 203 203 203
1.33006 16.79331 3.06731 193 193 193
1.21009 16.79940 3.10464 198 198 198
1.08791 16.79782 3.13395 196 196 196
0.96528 16.79982 3.16101 194 194 194
0.84185 16.80093 3.18442 195 195 195
0.71654 16.80276 3.19449 199 199 199
0.59255 16.80275 3.21669 196 196 196
0.46713 16.79794 3.22750 201 201 201
0.34124 16.79766 3.22566 194 194 194
0.21556 16.80186 3.22204 199 199 199
0.09039 16.79692 3.21070 197 197 197
-0.03496 16.79926 3.20201 199 199 199
-0.15902 16.80014 3.18211 203 203 203
-0.28193 16.80233 3.15661 192 192 192
-0.40608 16.79822 3.13663 199 199 199
-0.52764 16.79873 3.10473 198 198 198
-0.64711 16.79741 3.06584 194 194 194
-0.76477 16.80190 3.02209 189 189 189
-0.88374 16.79945 2.98156 195 195 195
-1.00116 16.80258 2.93620 187 187 187
-1.10902 16.79954 2.87071 190 190 190
-1.22104 16.80100 2.81415 187 187 187
-1.33193 16.80022 2.75496 186 186 186
-1.43448 16.79738 2.68224 182 182 182
-1.53674 16.80175 2.60961 194 194 194
-1.63977 16.79845 2.53778 193 193 193
-1.73366 16.80082 2.45437 195 195 195
-1.83131 16.80130 2.37530 191 191 191
-1.92066 16.80016 2.28704 188 188 188
-2.00776 16.79684 2.19661 186 186 186
-2.08999 16.80211 2.10177 177 177 177
-2.17271 16.79890 2.00721 185 185 185
-2.24553 16.80008 1.90484 180 180 180
-2.31980 16.80264 1.80356 187 187 187
-2.38617 16.79999 1.69694 186 186 186
-2.45076 16.80191 1.58924 178 178 178
-2.51232 16.80160 1.47966 178 178 178
-2.56680 16.80084 1.36638 165 165 165
-2.61169 16.80403 1.24896 174 174 174
-2.66226 16.79940 1.13391 174 174 174
-2.70176 16.79774 1.01465 172 172 172
-2.73635 16.80052 0.89393 166 166 166
-2.76822 16.80391 0.77252 178 178 178
-2.79328 16.80330 0.64954 173 173 173
-2.81843 16.80330 0.52653 179 179 179
-2.83917 16.80515 0.40256 169 169 169
-2.85368 16.80167 0.27762 178 178 178
-2.85106 16.80178 0.15164 174 174 174
-2.85547 16.80206 0.02625 170 170 170
-2.85841 16.80038 -0.09954 160 160 160
-2.85053 16.79714 -0.22510 161 161 161
-2.83527 16.79849 -0.34994 168 168 168
-2.81553 16.79553 -0.47404 169 169 169
-2.79256 16.80375 -0.59748 162 162 162
-2.77079 16.80104 -0.72133 163 163 163
-2.73733 16.80163 -0.84251 163 163 163
-2.69629 16.80423 -0.96128 166 166 166
-2.65713 16.79938 -1.08055 162 162 162
-2.61504 16.79748 -1.19898 155 155 155
-2.55882 16.79969 -1.31144 158 158 158
-2.50390 16.79753 -1.42422 155 155 155
-2.44853 16.79986 -1.53693 157 157 157
-2.38842 16.79910 -1.64737 149 149 149
-2.31626 16.79681 -1.75035 156 156 156
-2.25144 16.79862 -1.85838 151 151 151
-2.16964 16.80189 -1.95412 142 142 142
-2.09183 16.79656 -2.05276 144 144 144
-2.01013 16.79912 -2.14831 151 151 151
-1.92624 16.80019 -2.24221 149 149 149
-1.82735 16.79922 -2.32070 142 142 142
-1.73658 16.79960 -2.40754 146 146 146
-1.64046 16.79957 -2.48848 148 148 148
-1.53831 16.80313 -2.56166 143 143 143
-1.43487 16.79701 -2.63280 149 149 149
-1.33306 16.80195 -2.70682 148 148 148
-1.22147 16.80398 -2.76501 139 139 139
-1.10877 16.79774 -2.82035 137 137 137
-0.99631 16.80027 -2.87586 136 136 136
-0.88240 16.79902 -2.92857 142 142 142
-0.76648 16.79816 -2.97698 136 136 136
-0.64662 16.80019 -3.01464 138 138 138
-0.52820 16.80089 -3.05704 140 140 140
-0.40717 16.80189 -3.09151 139 139 139
-0.28211 16.80104 -3.10792 145 145 145
-0.15963 16.80054 -3.13639 141 141 141
-0.03477 16.79876 -3.15082 142 142 142
0.09061 16.79791 -3.15841 139 139 139
0.21570 16.79842 -3.16898 143 143 143
0.34124 16.80000 -3.17532 145 145 145
0.46698 16.80095 -3.17434 138 138 138
0.59223 16.80114 -3.16310 142 142 142
0.71755 16.79664 -3.15347 142 142 142
0.84249 16.79860 -3.13885 132 132 132
0.96679 16.80223 -3.11899 139 139 139
1.08809 16.79713 -3.08508 132 132 132
1.20934 16.79641 -3.05233 138 138 138
1.32874 16.79771 -3.01355 143 143 143
1.44924 16.80086 -2.97776 139 139 139
1.56329 16.79685 -2.92474 143 143 143
1.68180 16.80319 -2.88241 142 142 142
1.79492 16.79732 -2.82757 145 145 145
1.90599 16.80375 -2.76867 141 141 141
2.01334 16.80144 -2.70325 141 141 141
2.11805 16.80138 -2.63385 147 147 147
2.22005 16.79640 -2.56066 141 141 141
2.32236 16.79981 -2.48775 144 144 144
2.41480 16.79823 -2.40256 153 153 153
2.50893 16.80083 -2.31974 144 144 144
2.60174 16.79977 -2.23524 152 152 152
2.69311 16.79424 -2.14879 141 141 141
2.77686 16.80581 -2.05494 150 150 150
2.85460 16.80106 -1.95609 145 145 145
2.93248 16.80092 -1.85734 157 157 157
2.99843 16.80262 -1.75014 157 157 157
3.06968 16.80335 -1.64663 151 151 151
3.12766 16.79961 -1.53506 157 157 157
3.19306 16.79975 -1.42762 156 156 156
3.24842 16.79553 -1.31473 158 158 158
3.29057 16.79734 -1.19610 151 151 151
3.34037 16.80433 -1.08083 157 157 157
3.37924 16.79872 -0.96144 159 159 159
3.42007 16.79847 -0.84259 163 163 163
3.44757 16.80366 -0.71996 165 165 165
3.47884 16.79937 -0.59824 168 168 168
3.49097 16.80033 -0.47292 170 170 170
3.52291 16.79613 -0.35056 163 163 163
3.52838 16.79529 -0.22474 165 165 165
3.54354 16.79968 -0.09965 173 173 173
3.54408 17.19932 0.02687 164 164 164
3.54227 17.19859 0.15239 170 170 170
3.52948 17.20031 0.27728 167 167 167
3.52383 17.20258 0.40279 165 165 165
3.50649 17.19435 0.52717 176 176 176
3.47453 17.19685 0.64882 172 172 172
3.45742 17.20182 0.77343 169 169 169
3.42842 17.19927 0.89570 171 171 171
3.38292 17.19916 1.01304 173 173 173
3.35110 17.19773 1.13484 182 182 182
3.30209 17.19478 1.25057 175 175 175
3.24811 17.19991 1.36392 182 182 182
3.19882 17.20043 1.47952 175 175 175
3.13939 17.19789 1.59021 176 176 176
3.07186 17.20036 1.69614 182 182 182
3.00458 17.20535 1.80202 180 180 180
2.93127 17.20047 1.90381 186 186 186
2.85692 17.19761 2.00484 183 183 183
2.77776 17.20526 2.10217 182 182 182
2.69575 17.19262 2.19721 188 188 188
2.60828 17.20049 2.28726 187 187 187
2.51725 17.19952 2.37368 191 191 191
2.42695 17.19787 2.46116 187 187 187
2.32255 17.20080 2.53176 186 186 186
2.22875 17.20420 2.61572 196 196 196
2.12003 17.20597 2.67918 181 181 181
2.01956 17.20832 2.75497 193 193 193
1.91069 17.20208 2.81771 195 195 195
1.79708 17.20581 2.87143 186 186 186
1.68750 17.19712 2.93321 192 192 192
1.56757 17.19965 2.97214 189 189 189
1.45345 17.19772 3.02458 190 190 190
1.33531 17.20279 3.06712 203 203 203
1.21535 17.19723 3.10438 197 197 197
1.09350 17.19679 3.13493 194 194 194
0.97107 17.19663 3.16312 198 198 198
0.84734 17.19769 3.18507 203 203 203
0.72199 17.20015 3.19489 197 197 197
0.59805 17.20167 3.21778 193 193 193
0.47204 17.19766 3.21446 191 191 191
0.34668 17.20245 3.22554 191 191 191
0.22080 17.19968 3.22744 188 188 188
0.09569 17.19984 3.21295 190 190 190
-0.02944 17.19994 3.20171 200 200 200
-0.15461 17.20208 3.18898 195 195 195
-0.27782 17.20040 3.16365 190 190 190
-0.39968 17.20344 3.13303 193 193 193
-0.52178 17.19968 3.10363 191 191 191
-0.64084 17.19770 3.06369 203 203 203
-0.76196 17.20130 3.02961 196 196 196
-0.87943 17.20363 2.98472 194 194 194
-0.99527 17.20009 2.93566 189 189 189
-1.10616 17.20048 2.87620 186 186 186
-1.21695 17.20046 2.81703 196 196 196
-1.32491 17.19744 2.75285 191 191 191
-1.42970 17.20125 2.68370 189 189 189
-1.53470 17.20313 2.61477 187 187 187
-1.63339 17.19918 2.53708 188 188 188
-1.72549 17.20553 2.45167 190 190 190
-1.82683 17.19222 2.37685 188 188 188
-1.91508 17.19501 2.28742 189 189 189
-2.00012 17.19906 2.19511 185 185 185
-2.08335 17.20053 2.10127 191 191 191
-2.16813 17.20086 2.00843 185 185 185
-2.24630 17.20258 1.90991 188 188 188
-2.31323 17.19920 1.80336 177 177 177
-2.37943 17.20123 1.69670 175 175 175
-2.44946 17.20011 1.59212 179 179 179
-2.50240 17.20159 1.47795 179 179 179
-2.55436 17.20200 1.36374 175 175 175
-2.60487 17.19892 1.24897 177 177 177
-2.65650 17.19474 1.13438 171 171 171
-2.69717 17.20213 1.01551 180 180 180
-2.73276 17.20012 0.89505 171 171 171
-2.75839 17.20060 0.77207 179 179 179
-2.78746 17.19773 0.65007 172 172 172
-2.81939 17.19965 0.52816 171 171 171
-2.82758 17.19749 0.40244 172 172 172
-2.84715 17.19605 0.27815 168 168 168
-2.84841 17.19969 0.15237 168 168 168
-2.85407 17.19884 0.02688 170 170 170
-2.85709 17.19969 -0.09909 163 163 163
-2.84208 17.20448 -0.22426 164 164 164
-2.83408 17.20118 -0.34985 161 161 161
-2.80535 17.19639 -0.47269 169 169 169
-2.78897 17.19992 -0.59726 157 157 157
-2.76117 17.19605 -0.71975 163 163 163
-2.73238 17.20224 -0.84207 153 153 153
-2.69687 17.20195 -0.96267 166 166 166
-2.65468 17.20229 -1.08109 154 154 154
-2.60889 17.19457 -1.19813 155 155 155
-2.56153 17.19958 -1.31465 160 160 160
-2.49978 17.19911 -1.42434 151 151 151
-2.44164 17.20124 -1.53558 162 162 162
-2.38615 17.20410 -1.64877 154 154 154
-2.30812 17.20542 -1.74801 151 151 151
-2.24138 17.19817 -1.85449 145 145 145
-2.15917 17.19631 -1.94963 152 152 152
-2.08725 17.19548 -2.05297 150 150 150
-2.00264 17.20312 -2.14589 147 147 147
-1.91475 17.19895 -2.23564 150 150 150
-1.82447 17.20438 -2.32294 147 147 147
-1.72942 17.20028 -2.40500 147 147 147
-1.63324 17.19787 -2.48569 155 155 155
-1.53155 17.19915 -2.55931 143 143 143
-1.42549 17.19677 -2.62636 140 140 140
-1.32662 17.19984 -2.70467 145 145 145
-1.21550 17.19466 -2.76351 142 142 142
-1.10730 17.20196 -2.82758 149 149 149
-0.99232 17.20051 -2.87846 139 139 139
-0.87862 17.19869 -2.93202 140 140 140
-0.76187 17.20437 -2.97869 146 146 146
-0.64210 17.19646 -3.01691 140 140 140
-0.52051 17.20177 -3.04851 139 139 139
-0.40020 17.20051 -3.08457 142 142 142
-0.27806 17.19911 -3.11430 142 142 142
-0.15314 17.20134 -3.12916 136 136 136
-0.02974 17.19878 -3.15371 137 137 137
0.09548 17.19516 -3.16500 141 141 141
0.22076 17.19585 -3.17794 141 141 141
0.34668 17.20227 -3.17078 141 141 141
0.47275 17.19898 -3.18201 139 139 139
0.59788 17.20210 -3.16518 138 138 138
0.72303 17.20040 -3.15317 141 141 141
0.84734 17.19678 -3.13455 140 140 140
0.96971 17.20240 -3.10571 140 140 140
1.09227 17.19780 -3.07922 139 139 139
1.21548 17.20475 -3.05423 146 146 146
1.33475 17.19810 -3.01475 146 146 146
1.45333 17.20063 -2.97355 137 137 137
1.57061 17.20170 -2.92872 135 135 135
1.68751 17.20085 -2.88245 141 141 141
1.79602 17.20139 -2.81850 144 144 144
1.90749 17.20204 -2.76108 142 142 142
2.01938 17.20191 -2.70369 143 143 143
2.12250 17.20166 -2.63183 143 143 143
2.22827 17.19716 -2.56395 144 144 144
2.32805 17.20322 -2.48754 153 153 153
2.42134 17.19906 -2.40332 145 145 145
2.51818 17.19590 -2.32333 144 144 144
2.60621 17.19990 -2.23374 150 150 150
2.69767 17.19374 -2.14744 150 150 150
2.78036 17.19659 -2.05276 151 151 151
2.85768 17.19752 -1.95369 149 149 149
2.93579 17.20034 -1.85526 144 144 144
3.00162 17.20056 -1.74810 152 152 152
3.07314 17.19591 -1.64487 151 151 151
3.13955 17.20251 -1.53813 150 150 150
3.19762 17.19945 -1.42663 156 156 156
3.24599 17.19924 -1.31055 158 158 158
3.30577 17.19717 -1.19959 157 157 157
3.34417 17.19916 -1.07966 159 159 159
3.38448 17.20441 -0.96080 165 165 165
3.42680 17.20057 -0.84238 167 167 167
3.45806 17.19878 -0.72059 163 163 163
3.48079 17.20211 -0.59695 160 160 160
3.50423 17.19777 -0.47357 152 152 152
3.51828 17.19850 -0.34876 166 166 166
3.53253 17.19831 -0.22403 169 169 169
3.54622 17.20131 -0.09892 159 159 159
3.55706 17.59679 0.02750 165 165 165
3.54355 17.60072 0.15285 168 168 168
3.53505 17.59915 0.27792 166 166 166
3.52410 17.60193 0.40281 175 175 175
3.51414 17.60357 0.52815 173 173 173
3.48945 17.60037 0.65135 175 175 175
3.46485 17.60097 0.77455 173 173 173
3.42512 17.60513 0.89388 169 169 169
3.39978 17.59807 1.01740 175 175 175
3.35760 17.60014 1.13588 172 172 172
3.30451 17.60036 1.24997 180 180 180
3.25445 17.60094 1.36499 178 178 178
3.19926 17.60459 1.47762 184 184 184
3.14272 17.59636 1.58968 182 182 182
3.08815 17.60212 1.70345 180 180 180
3.01349 17.59317 1.80501 181 181 181
2.93909 17.59973 1.90621 181 181 181
2.86372 17.60153 2.00658 191 191 191
2.78624 17.59600 2.10545 189 189 189
2.70116 17.59477 2.19786 184 184 184
2.61268 17.60220 2.28691 185 185 185
2.52341 17.60013 2.37514 189 189 189
2.42990 17.59653 2.45894 186 186 186
2.33098 17.59782 2.53626 188 188 188
2.23141 17.59956 2.61261 193 193 193
2.12708 17.60143 2.68232 186 186 186
2.02408 17.60448 2.75421 189 189 189
1.91555 17.59619 2.81742 185 185 185
1.80263 17.60256 2.87243 190 190 190
1.69093 17.59838 2.92966 187 187 187
1.57481 17.60393 2.97732 187 187 187
1.45957 17.60238 3.02728 195 195 195
1.34108 17.60277 3.06906 194 194 194
1.22086 17.59874 3.10565 193 193 193
1.09888 17.60318 3.13578 196 196 196
0.97611 17.59869 3.16234 195 195 195
0.85174 17.59809 3.17994 200 200 200
0.72845 17.60361 3.20531 186 186 186
0.60339 17.59799 3.21904 195 195 195
0.47772 17.59949 3.22540 202 202 202
0.35194 17.60150 3.22702 192 192 192
0.22631 17.60112 3.22163 196 196 196
0.10094 17.60295 3.21344 198 198 198
-0.02492 17.59963 3.20832 192 192 192
-0.14811 17.59915 3.18153 195 195 195
-0.27320 17.60352 3.16728 195 195 195
-0.39526 17.60289 3.13690 192 192 192
-0.51622 17.59311 3.10297 186 186 186
-0.63500 17.60102 3.06232 188 188 188
-0.75702 17.59681 3.03089 193 193 193
-0.87219 17.60017 2.98037 192 192 192
-0.98622 17.60145 2.92787 189 189 189
-1.10168 17.60237 2.87818 190 190 190
-1.20899 17.60299 2.81265 189 189 189
-1.31870 17.60318 2.75176 192 192 192
-1.42250 17.59928 2.68127 202 202 202
-1.52767 17.59901 2.61281 190 190 190
-1.62808 17.59853 2.53751 193 193 193
-1.72693 17.59891 2.46000 190 190 190
-1.81828 17.59322 2.37381 190 190 190
-1.90989 17.59519 2.28800 185 185 185
-2.00117 17.59929 2.20146 179 179 179
-2.07693 17.60395 2.10081 191 191 191
-2.15808 17.59782 2.00519 188 188 188
-2.23503 17.60083 1.90608 188 188 188
-2.31056 17.59965 1.80564 182 182 182
-2.37152 17.59996 1.69564 188 188 188
-2.44066 17.60362 1.59070 181 181 181
-2.49812 17.59801 1.47902 179 179 179
-2.55259 17.59760 1.36592 181 181 181
-2.60767 17.59749 1.25289 174 174 174
-2.64423 17.60303 1.13239 177 177 177
-2.68494 17.59938 1.01384 175 175 175
-2.73160 17.60386 0.89680 173 173 173
-2.75609 17.59908 0.77338 178 178 178
-2.78059 17.59920 0.65036 176 176 176
-2.80560 17.60095 0.52742 169 169 169
-2.82518 17.59831 0.40340 170 170 170
-2.83417 17.60032 0.27816 162 162 162
-2.83810 17.60040 0.15279 168 168 168
-2.84299 17.60220 0.02750 166 166 166
-2.84569 17.59810 -0.09823 162 162 162
-2.83737 17.59976 -0.22369 166 166 166
-2.81998 17.60833 -0.34820 155 155 155
-2.80999 17.60003 -0.47367 164 164 164
-2.78800 17.59724 -0.59753 161 161 161
-2.75665 17.60168 -0.71934 164 164 164
-2.72921 17.60322 -0.84209 160 160 160
-2.69502 17.59807 -0.96322 156 156 156
-2.65200 17.59820 -1.08149 160 160 160
-2.60593 17.59548 -1.19853 159 159 159
-2.55471 17.59840 -1.31339 156 156 156
-2.49893 17.59886 -1.42605 153 153 153
-2.44262 17.60355 -1.53854 153 153 153
-2.37565 17.60103 -1.64503 153 153 153
-2.30865 17.59716 -1.75135 154 154 154
-2.23164 17.59739 -1.85071 153 153 153
-2.15830 17.60272 -1.95257 142 142 142
-2.07780 17.60108 -2.04887 150 150 150
-1.99638 17.59808 -2.14445 141 141 141
-1.90439 17.59715 -2.23002 144 144 144
-1.81972 17.60302 -2.32297 147 147 147
-1.72517 17.60148 -2.40566 142 142 142
-1.62846 17.59973 -2.48579 149 149 149
-1.52780 17.59731 -2.56087 143 143 143
-1.42566 17.59817 -2.63397 148 148 148
-1.31853 17.59871 -2.69952 149 149 149
-1.21264 17.60057 -2.76728 148 148 148
-1.09857 17.60305 -2.82025 141 141 141
-0.98600 17.59908 -2.87562 137 137 137
-0.87030 17.59594 -2.92409 134 134 134
-0.75636 17.59866 -2.97745 141 141 141
-0.63794 17.60043 -3.01973 139 139 139
-0.51567 17.60075 -3.04943 134 134 134
-0.39621 17.60097 -3.08933 141 141 141
-0.27302 17.59485 -3.11484 140 140 140
-0.14845 17.60151 -3.13220 139 139 139
-0.02389 17.60460 -3.14816 141 141 141
0.10083 17.60006 -3.16338 135 135 135
0.22652 17.59886 -3.16468 146 146 146
0.35194 17.60049 -3.16974 138 138 138
0.47764 17.60046 -3.17188 139 139 139
0.60297 17.60216 -3.16224 144 144 144
0.72816 17.60259 -3.15147 140 140 140
0.85300 17.60058 -3.13645 143 143 143
0.97709 17.59729 -3.11579 140 140 140
1.09842 17.60110 -3.08236 137 137 137
1.21982 17.60481 -3.05038 145 145 145
1.33905 17.60085 -3.01120 148 148 148
1.46023 17.60017 -2.97741 146 146 146
1.57826 17.60084 -2.93394 140 140 140
1.69062 17.60118 -2.87722 145 145 145
1.80368 17.60076 -2.82265 141 141 141
1.91427 17.59731 -2.76324 148 148 148
2.02296 17.60038 -2.70041 145 145 145
2.12897 17.59769 -2.63310 141 141 141
2.23474 17.60009 -2.56508 148 148 148
2.32813 17.60275 -2.48044 151 151 151
2.42884 17.59889 -2.40541 150 150 150
2.52437 17.60463 -2.32380 149 149 149
2.61182 17.60084 -2.23357 141 141 141
2.69645 17.59874 -2.14092 146 146 146
2.78612 17.60351 -2.05266 152 152 152
2.86307 17.59872 -1.95327 145 145 145
2.93667 17.59861 -1.85155 156 156 156
3.01149 17.59365 -1.75065 155 155 155
3.07659 17.59872 -1.64323 149 149 149
3.14747 17.60016 -1.53908 158 158 158
3.20207 17.60581 -1.42567 156 156 156
3.25853 17.59992 -1.31336 151 151 151
3.30798 17.59945 -1.19777 157 157 157
3.34915 17.59843 -1.07900 157 157 157
3.38793 17.60256 -0.95965 161 161 161
3.43714 17.60024 -0.84324 164 164 164
3.46106 17.60282 -0.71947 162 162 162
3.48426 17.59796 -0.59601 161 161 161
3.51235 17.60132 -0.47343 166 166 166
3.52266 17.59973 -0.34806 158 158 158
3.53822 17.60052 -0.22345 168 168 168
3.54840 17.59668 -0.09818 166 166 166
3.55539 17.99857 0.02813 165 165 165
3.55364 17.99816 0.15367 162 162 162
3.53644 18.00000 0.27825 166 166 166
3.53784 17.99870 0.40444 174 174 174
3.51697 18.00041 0.52840 180 180 180
3.49122 18.00263 0.65129 174 174 174
3.46169 18.00126 0.77317 165 165 165
3.43805 18.00065 0.89669 180 180 180
3.39911 17.99268 1.01612 175 175 175
3.35843 17.99896 1.13490 185 185 185
3.30899 17.99782 1.25029 175 175 175
3.26337 18.00331 1.36733 187 187 187
3.21247 18.00286 1.48233 182 182 182
3.14565 18.00096 1.58903 183 183 183
3.08191 18.00115 1.69706 182 182 182
3.01090 18.00042 1.80042 183 183 183
2.94505 17.99542 1.90738 187 187 187
2.87014 18.00125 2.00815 183 183 183
2.79029 18.00049 2.10508 189 189 189
2.70551 17.99799 2.19769 186 186 186
2.62191 17.99683 2.29155 193 193 193
2.52757 17.99815 2.37464 190 190 190
2.42949 18.00290 2.45299 194 194 194
2.33342 17.99478 2.53337 198 198 198
2.24114 18.00277 2.61947 191 191 191
2.13505 17.99577 2.68708 187 187 187
2.02932 18.00217 2.75490 190 190 190
1.91733 18.00332 2.81195 188 188 188
1.81214 17.99852 2.88153 193 193 193
1.69795 18.00150 2.93427 189 189 189
1.58298 18.00265 2.98516 192 192 192
1.46542 18.00089 3.02974 193 193 193
1.34737 17.99580 3.07315 192 192 192
1.22640 18.00060 3.10762 200 200 200
1.10435 18.00060 3.13775 193 193 193
0.98019 17.99858 3.15767 195 195 195
0.85818 17.99987 3.18886 202 202 202
0.73250 18.00147 3.19689 198 198 198
0.60750 18.00072 3.20701 196 196 196
0.48267 17.99775 3.22204 193 193 193
0.35703 18.00184 3.22509 194 194 194
0.23152 17.99959 3.21877 195 195 195
0.10580 18.00152 3.21663 197 197 197
-0.01928 18.00030 3.20400 188 188 188
-0.14293 17.99392 3.18132 193 193 193
-0.26740 17.99778 3.16399 193 193 193
-0.39038 18.00166 3.13809 188 188 188
-0.51046 17.99767 3.10093 198 198 198
-0.62962 18.00036 3.06178 192 192 192
-0.74902 18.00040 3.02338 197 197 197
-0.86533 17.99733 2.97647 198 198 198
-0.98013 17.99920 2.92609 201 201 201
-1.09604 18.00081 2.87751 193 193 193
-1.20278 18.00047 2.81107 189 189 189
-1.31634 17.99768 2.75665 192 192 192
-1.42173 18.00028 2.68818 193 193 193
-1.52284 17.99700 2.61362 187 187 187
-1.62255 17.99957 2.53741 186 186 186
-1.71887 18.00050 2.45700 188 188 188
-1.81139 17.99885 2.37234 187 187 187
-1.90525 18.00050 2.28895 188 188 188
-1.99334 18.00028 2.19944 183 183 183
-2.07658 17.99981 2.10537 189 189 189
-2.15170 18.00171 2.00470 190 190 190
-2.23196 18.00226 1.90808 180 180 180
-2.29964 17.99582 1.80229 186 186 186
-2.36942 18.00421 1.69802 180 180 180
-2.42794 18.00019 1.58699 173 173 173
-2.49319 17.99663 1.47967 174 174 174
-2.54836 17.99995 1.36688 179 179 179
-2.59735 17.99561 1.25130 185 185 185
-2.64723 18.00231 1.13595 179 179 179
-2.67730 17.99783 1.01360 172 172 172
-2.72171 17.99986 0.89604 174 174 174
-2.75704 17.99917 0.77543 171 171 171
-2.77523 18.00107 0.65091 176 176 176
-2.79575 17.99966 0.52727 175 175 175
-2.81682 18.00011 0.40362 172 172 172
-2.82731 17.99443 0.27864 175 175 175
-2.83447 18.00076 0.15347 169 169 169
-2.83568 18.00089 0.02813 165 165 165
-2.83725 17.99879 -0.09748 171 171 171
-2.83164 17.99926 -0.22303 166 166 166
-2.81868 18.00639 -0.34805 163 163 163
-2.79449 18.00502 -0.47143 159 159 159
-2.78498 18.00155 -0.59736 164 164 164
-2.75300 17.99665 -0.71912 158 158 158
-2.72200 17.99711 -0.84093 159 159 159
-2.68544 18.00086 -0.96120 160 160 160
-2.64135 17.99554 -1.07888 154 154 154
-2.59430 18.00114 -1.19527 153 153 153
-2.54739 17.99975 -1.31182 155 155 155
-2.49469 17.99957 -1.42595 156 156 156
-2.43643 18.00149 -1.53739 153 153 153
-2.36939 18.00118 -1.64378 161 161 161
-2.30147 18.00160 -1.74942 158 158 158
-2.22928 18.00008 -1.85217 155 155 155
-2.15047 18.00098 -1.94989 159 159 159
-2.07534 17.99720 -2.05060 144 144 144
-1.98642 18.00238 -2.13943 149 149 149
-1.90287 17.99838 -2.23307 148 148 148
-1.81524 18.00068 -2.32311 145 145 145
-1.71638 18.00085 -2.40080 144 144 144
-1.62351 17.99895 -2.48544 155 155 155
-1.52342 18.00054 -2.56133 143 143 143
-1.42044 18.00318 -2.63325 137 137 137
-1.31373 18.00038 -2.69945 146 146 146
-1.20961 18.00039 -2.77041 140 140 140
-1.09327 18.00208 -2.81929 134 134 134
-0.98229 18.00341 -2.87806 135 135 135
-0.86703 18.00363 -2.92792 141 141 141
-0.75024 17.99963 -2.97409 139 139 139
-0.63393 18.00169 -3.02250 145 145 145
-0.51228 18.00007 -3.05488 137 137 137
-0.38898 18.00139 -3.07981 141 141 141
-0.26836 18.00150 -3.11643 140 140 140
-0.14320 18.00282 -3.13061 136 136 136
-0.01880 18.00176 -3.14750 137 137 137
0.10586 17.99985 -3.16347 145 145 145
0.23148 18.00045 -3.16736 144 144 144
0.35703 18.00249 -3.17072 134 134 134
0.48274 18.00114 -3.17150 142 142 142
0.60781 18.00041 -3.15858 137 137 137
0.73307 18.00115 -3.14932 137 137 137
0.85801 18.00101 -3.13538 135 135 135
0.98113 17.99893 -3.10993 145 145 145
1.10296 17.99990 -3.07948 140 140 140
1.22552 17.99951 -3.05198 137 137 137
1.34555 17.99733 -3.01499 135 135 135
1.46674 18.00261 -2.98073 137 137 137
1.58139 18.00164 -2.92866 141 141 141
1.69915 17.99794 -2.88414 144 144 144
1.80779 18.00409 -2.82020 148 148 148
1.91757 17.99719 -2.75953 145 145 145
2.02707 17.99774 -2.69830 144 144 144
2.13413 18.00074 -2.63270 143 143 143
2.23378 18.00169 -2.55623 147 147 147
2.34277 18.00186 -2.49204 145 145 145
2.43224 18.00156 -2.40292 148 148 148
2.53067 17.99753 -2.32461 143 143 143
2.62200 18.00120 -2.23815 146 146 146
2.70282 17.99985 -2.14160 145 145 145
2.78957 17.99946 -2.05074 150 150 150
2.87192 17.99933 -1.95571 152 152 152
2.94501 17.99856 -1.85339 146 146 146
3.01600 18.00162 -1.74974 156 156 156
3.08199 17.99879 -1.64289 153 153 153
3.15019 18.00330 -1.53723 156 156 156
3.20443 18.00576 -1.42375 150 150 150
3.25707 17.99743 -1.30980 158 158 158
3.30674 18.00019 -1.19460 153 153 153
3.35722 17.99678 -1.07955 156 156 156
3.39328 18.00224 -0.95918 159 159 159
3.43327 17.99807 -0.84014 160 160 160
3.46548 17.99919 -0.71874 160 160 160
3.49425 18.00257 -0.59640 163 163 163
3.51831 18.00261 -0.47297 168 168 168
3.53331 18.00077 -0.34812 170 170 170
3.54044 18.00099 -0.22262 169 169 169
3.55382 17.99797 -0.09758 169 169 169
3.56017 18.39543 0.02875 170 170 170
3.55424 18.40360 0.15412 166 166 166
3.54782 18.40309 0.27937 171 171 171
3.53728 18.39634 0.40441 174 174 174
3.51721 18.40036 0.52827 167 167 167
3.49888 18.40215 0.65244 165 165 165
3.47272 18.40241 0.77524 174 174 174
3.44333 18.40107 0.89738 176 176 176
3.40824 18.40291 1.01808 177 177 177
3.35977 18.39831 1.13416 176 176 176
3.31827 18.39720 1.25268 177 177 177
3.26464 18.40301 1.36621 173 173 173
3.21632 18.40112 1.48235 176 176 176
3.14676 18.39682 1.58746 184 184 184
3.08522 18.40380 1.69663 182 182 182
3.02654 18.39911 1.80813 178 178 178
2.94964 18.39734 1.90768 186 186 186
2.87306 18.40173 2.00712 188 188 188
2.79721 18.40002 2.10732 186 186 186
2.71029 18.40565 2.19808 198 198 198
2.62251 18.39826 2.28775 192 192 192
2.53401 18.40305 2.37679 183 183 183
2.44009 18.39760 2.46013 189 189 189
2.33871 18.40351 2.53433 193 193 193
2.24182 18.40387 2.61411 186 186 186
2.14238 18.40087 2.69116 195 195 195
2.03441 18.40426 2.75563 196 196 196
1.92443 18.40194 2.81630 191 191 191
1.81430 18.40134 2.87654 192 192 192
1.69883 18.39981 2.92592 193 193 193
1.58879 18.40197 2.98774 191 191 191
1.46858 18.40008 3.02540 190 190 190
1.35055 18.40386 3.06820 196 196 196
1.23132 18.40225 3.10803 187 187 187
1.11020 18.40117 3.14203 194 194 194
0.98567 18.39778 3.16089 195 195 195
0.86304 18.39857 3.18886 199 199 199
0.73843 18.39838 3.20589 196 196 196
0.61340 18.40089 3.21994 193 193 193
0.48731 18.40000 3.21567 194 194 194
0.36193 18.39943 3.22305 191 191 191
0.23607 18.39967 3.22798 198 198 198
0.11067 18.40202 3.21725 197 197 197
-0.01373 18.40105 3.19877 200 200 200
-0.13802 18.40306 3.18156 192 192 192
-0.26271 18.39828 3.16540 200 200 200
-0.38550 18.39433 3.13855 197 197 197
-0.50778 18.39964 3.10917 192 192 192
-0.62678 18.39384 3.06848 189 189 189
-0.74294 18.39873 3.02056 192 192 192
-0.86326 18.39862 2.98370 195 195 195
-0.97764 18.40019 2.93172 193 193 193
-1.09168 18.39994 2.87898 194 194 194
-1.19860 18.39844 2.81278 192 192 192
-1.30702 18.39748 2.74988 187 187 187
-1.41574 18.39749 2.68699 187 187 187
-1.51979 18.39938 2.61663 187 187 187
-1.61775 18.40218 2.53800 197 197 197
-1.71109 18.39706 2.45411 193 193 193
-1.80957 18.40222 2.37616 190 190 190
-1.89949 18.39696 2.28858 186 186 186
-1.98657 18.40069 2.19821 190 190 190
-2.07053 18.40319 2.10491 186 186 186
-2.14681 18.39902 2.00523 187 187 187
-2.22557 18.39943 1.90753 181 181 181
-2.29675 18.40521 1.80417 177 177 177
-2.35892 18.40286 1.69513 178 178 178
-2.43003 18.39658 1.59145 190 190 190
-2.48431 18.39565 1.47820 182 182 182
-2.54622 18.40186 1.36872 182 182 182
-2.58929 18.39703 1.25056 175 175 175
-2.64011 18.40059 1.13571 180 180 180
-2.68553 18.40508 1.01845 175 175 175
-2.71281 18.40294 0.89550 174 174 174
-2.75046 18.39739 0.77562 174 174 174
-2.77596 18.39734 0.65263 176 176 176
-2.79625 18.40031 0.52873 163 163 163
-2.81126 18.39877 0.40415 173 173 173
-2.82100 18.39896 0.27914 169 169 169
-2.82582 18.39938 0.15394 167 167 167
-2.83523 18.39245 0.02875 173 173 173
-2.82541 18.39530 -0.09659 166 166 166
-2.82840 18.40352 -0.22256 171 171 171
-2.81480 18.39969 -0.34757 163 163 163
-2.79509 18.40477 -0.47171 167 167 167
-2.76914 18.40016 -0.59460 166 166 166
-2.74430 18.40185 -0.71763 158 158 158
-2.71632 18.39894 -0.84015 158 158 158
-2.67262 18.40317 -0.95807 158 158 158
-2.63964 18.39736 -1.07951 158 158 158
-2.59155 18.40036 -1.19562 158 158 158
-2.54526 18.40026 -1.31256 164 164 164
-2.48444 18.40361 -1.42269 157 157 157
-2.43127 18.40094 -1.53672 144 144 144
-2.36125 18.39956 -1.64128 155 155 155
-2.29817 18.40108 -1.74998 153 153 153
-2.22602 18.40018 -1.85285 144 144 144
-2.15246 18.39958 -1.95481 151 151 151
-2.06363 18.39961 -2.04427 149 149 149
-1.98413 18.40082 -2.14134 144 144 144
-1.90147 18.39661 -2.23606 150 150 150
-1.80566 18.40248 -2.31754 149 149 149
-1.71365 18.40129 -2.40284 145 145 145
-1.61878 18.39802 -2.48514 145 145 145
-1.51841 18.39829 -2.56066 149 149 149
-1.41225 18.39358 -2.62781 143 143 143
-1.31030 18.40078 -2.70134 147 147 147
-1.20183 18.39953 -2.76476 147 147 147
-1.08907 18.39990 -2.82015 142 142 142
-0.97800 18.39543 -2.87887 150 150 150
-0.86334 18.40171 -2.93032 139 139 139
-0.74420 18.39942 -2.97045 147 147 147
-0.62709 18.40013 -3.01596 143 143 143
-0.50547 18.39596 -3.04754 141 141 141
-0.38451 18.39769 -3.08103 146 146 146
-0.26107 18.40338 -3.10383 137 137 137
-0.13926 18.40570 -3.13609 135 135 135
-0.01415 18.39943 -3.14907 149 149 149
0.11102 18.39869 -3.15954 137 137 137
0.23646 18.39787 -3.16489 146 146 146
0.36193 18.39616 -3.17836 136 136 136
0.48761 18.40264 -3.17015 141 141 141
0.61302 18.40262 -3.16186 146 146 146
0.73862 18.40016 -3.15417 139 139 139
0.86361 18.39882 -3.13918 140 140 140
0.98762 18.39978 -3.11732 143 143 143
1.10832 18.40368 -3.08084 141 141 141
1.22938 18.39654 -3.04773 144 144 144
1.35097 18.39741 -3.01603 141 141 141
1.47051 18.39758 -2.97710 151 151 151
1.58491 18.40294 -2.92479 141 141 141
1.70038 18.39570 -2.87564 139 139 139
1.81345 18.40166 -2.82115 141 141 141
1.92827 18.40141 -2.76936 149 149 149
2.03246 18.40405 -2.69857 147 147 147
2.13736 18.39755 -2.62968 139 139 139
2.24118 18.40162 -2.55916 149 149 149
2.34516 18.39781 -2.48834 149 149 149
2.44043 18.39863 -2.40625 147 147 147
2.53043 18.40103 -2.31853 146 146 146
2.62432 18.40015 -2.23506 152 152 152
2.70719 18.39510 -2.14060 146 146 146
2.78960 18.40211 -2.04607 144 144 144
2.87511 18.40192 -1.95385 151 151 151
2.94543 18.39937 -1.84962 149 149 149
3.02373 18.40157 -1.75112 157 157 157
3.09266 18.39982 -1.64591 154 154 154
3.15205 18.39930 -1.53500 152 152 152
3.20920 18.39930 -1.42315 153 153 153
3.26746 18.39788 -1.31179 156 156 156
3.31805 18.40380 -1.19672 156 156 156
3.36468 18.39482 -1.07994 154 154 154
3.40376 18.40197 -0.96043 159 159 159
3.44274 18.40163 -0.84087 155 155 155
3.47189 18.39758 -0.71853 163 163 163
3.49963 18.40221 -0.59592 162 162 162
3.52100 18.39915 -0.47203 160 160 160
3.53990 18.39951 -0.34772 171 171 171
3.55054 18.39935 -0.22242 168 168 168
3.55428 18.40191 -0.09679 159 159 159
3.55955 18.79778 0.02938 166 166 166
3.55671 18.79737 0.15465 168 168 168
3.55258 18.80115 0.27999 170 170 170
3.54330 18.80152 0.40517 176 176 176
3.52554 18.80423 0.52945 169 169 169
3.50014 18.80153 0.65235 170 170 170
3.47160 18.79689 0.77443 174 174 174
3.43897 18.79744 0.89541 181 181 181
3.40858 18.79841 1.01724 178 178 178
3.36671 18.80045 1.13556 175 175 175
3.31661 18.80144 1.25061 167 167 167
3.27314 18.79958 1.36853 180 180 180
3.21289 18.80169 1.47876 185 185 185
3.15351 18.80339 1.58915 181 181 181
3.09163 18.80510 1.69820 186 186 186
3.02141 18.80494 1.80208 184 184 184
2.95568 18.79896 1.90917 178 178 178
2.87572 18.80549 2.00601 185 185 185
2.79775 18.79916 2.10425 187 187 187
2.71190 18.79858 2.19570 184 184 184
2.62874 18.79939 2.28974 190 190 190
2.53567 18.79814 2.37396 187 187 187
2.44050 18.80293 2.45555 190 190 190
2.34364 18.79837 2.53505 187 187 187
2.24489 18.79778 2.61228 192 192 192
2.14161 18.79932 2.68338 189 189 189
2.03461 18.80315 2.74868 192 192 192
1.92964 18.80255 2.81759 198 198 198
1.81888 18.79794 2.87668 198 198 198
1.70575 18.80205 2.93109 192 192 192
1.59115 18.79949 2.98241 196 196 196
1.47560 18.79703 3.03200 195 195 195
1.35580 18.79951 3.07017 191 191 191
1.23610 18.80163 3.10856 196 196 196
1.11566 18.80250 3.14545 192 192 192
0.99113 18.80289 3.16491 199 199 199
0.86724 18.79450 3.18591 200 200 200
0.74265 18.80076 3.20194 195 195 195
0.61757 18.80026 3.21330 192 192 192
0.49262 18.80164 3.23096 190 190 190
0.36665 18.80150 3.22041 197 197 197
0.24102 18.79855 3.22229 191 191 191
0.11555 18.79843 3.21550 198 198 198
-0.00912 18.79931 3.19998 198 198 198
-0.13308 18.80191 3.18046 191 191 191
-0.25690 18.79865 3.16021 197 197 197
-0.37967 18.80081 3.13423 190 190 190
-0.50227 18.80356 3.10668 196 196 196
-0.62207 18.80007 3.06885 189 189 189
-0.74135 18.80017 3.02941 188 188 188
-0.85990 18.79921 2.98735 183 183 183
-0.97419 18.80068 2.93487 189 189 189
-1.08569 18.80052 2.87689 187 187 187
-1.19372 18.80095 2.81289 193 193 193
-1.30342 18.80168 2.75212 198 198 198
-1.40892 18.80114 2.68428 194 194 194
-1.51276 18.80628 2.61388 193 193 193
-1.60806 18.79711 2.53216 188 188 188
-1.71234 18.79539 2.46157 188 188 188
-1.80935 18.80322 2.38150 187 187 187
-1.89409 18.79638 2.28839 186 186 186
-1.98068 18.80276 2.19763 187 187 187
-2.06456 18.79689 2.10435 181 181 181
-2.14537 18.79941 2.00833 178 178 178
-2.21861 18.79515 1.90643 180 180 180
-2.29203 18.79900 1.80471 186 186 186
-2.36058 18.79843 1.69958 177 177 177
-2.42215 18.80165 1.59024 182 182 182
-2.48778 18.80186 1.48293 180 180 180
-2.53627 18.80181 1.36688 180 180 180
-2.58285 18.79598 1.25042 179 179 179
-2.63649 18.79507 1.13669 179 179 179
-2.67886 18.80105 1.01840 180 180 180
-2.71262 18.80023 0.89737 177 177 177
-2.74842 18.80024 0.77686 178 178 178
-2.77191 18.80460 0.65336 169 169 169
-2.78104 18.79999 0.52767 173 173 173
-2.80839 18.80070 0.40498 173 173 173
-2.82710 18.79539 0.28061 170 170 170
-2.82594 18.80005 0.15475 168 168 168
-2.83061 18.79986 0.02938 161 161 161
-2.83732 18.79857 -0.09663 174 174 174
-2.81532 18.80044 -0.22129 168 168 168
-2.80196 18.80079 -0.34601 161 161 161
-2.78766 18.80121 -0.47069 161 161 161
-2.77121 18.80089 -0.59537 160 160 160
-2.73815 18.80251 -0.71672 169 169 169
-2.70840 18.79939 -0.83868 161 161 161
-2.67936 18.79924 -0.96124 163 163 163
-2.63671 18.79982 -1.07962 165 165 165
-2.59420 18.80281 -1.19814 157 157 157
-2.53761 18.80014 -1.31067 157 157 157
-2.48199 18.79859 -1.42332 150 150 150
-2.42296 18.80067 -1.53419 153 153 153
-2.36064 18.80206 -1.64328 155 155 155
-2.28870 18.79938 -1.74629 149 149 149
-2.21200 18.80356 -1.84559 155 155 155
-2.14971 18.80242 -1.95586 147 147 147
-2.06529 18.79744 -2.04921 151 151 151
-1.97872 18.79975 -2.14019 150 150 150
-1.89477 18.80264 -2.23358 158 158 158
-1.80309 18.79840 -2.31936 143 143 143
-1.70844 18.79846 -2.40176 145 145 145
-1.61517 18.79514 -2.48605 148 148 148
-1.51570 18.80064 -2.56292 148 148 148
-1.40923 18.80043 -2.62984 141 141 141
-1.30689 18.80069 -2.70296 136 136 136
-1.19578 18.80231 -2.76185 142 142 142
-1.08370 18.80120 -2.81835 140 140 140
-0.97224 18.80360 -2.87608 145 145 145
-0.85686 18.79630 -2.92553 146 146 146
-0.74185 18.80248 -2.97634 142 142 142
-0.62216 18.80276 -3.01479 139 139 139
-0.50182 18.80381 -3.05078 136 136 136
-0.38028 18.80390 -3.08252 140 140 140
-0.25779 18.79674 -3.11048 140 140 140
-0.13328 18.80347 -3.12755 144 144 144
-0.00844 18.79965 -3.14013 148 148 148
0.11525 18.80179 -3.16519 138 138 138
0.24078 18.80115 -3.17443 141 141 141
0.36665 18.79999 -3.16877 140 140 140
0.49235 18.79926 -3.17011 142 142 142
0.61770 18.80138 -3.16078 140 140 140
0.74341 18.79688 -3.15421 140 140 140
0.86641 18.80156 -3.12648 145 145 145
0.99156 18.79672 -3.11283 138 138 138
1.11344 18.80176 -3.08194 137 137 137
1.23403 18.80134 -3.04691 141 141 141
1.35525 18.80216 -3.01414 141 141 141
1.47398 18.80133 -2.97318 149 149 149
1.59191 18.80040 -2.92975 143 143 143
1.70788 18.80002 -2.88115 143 143 143
1.82108 18.79943 -2.82634 150 150 150
1.93034 18.80026 -2.76410 144 144 144
2.03640 18.79801 -2.69678 142 142 142
2.14512 18.80129 -2.63371 144 144 144
2.24315 18.80252 -2.55487 139 139 139
2.34294 18.79811 -2.47904 141 141 141
2.44330 18.79948 -2.40359 146 146 146
2.53500 18.79848 -2.31786 152 152 152
2.62807 18.79796 -2.23359 147 147 147
2.71325 18.79986 -2.14134 153 153 153
2.80114 18.80070 -2.05139 146 146 146
2.87687 18.79930 -1.95102 152 152 152
2.95677 18.80259 -1.85392 151 151 151
3.02140 18.80010 -1.74589 156 156 156
3.09019 18.79967 -1.64099 153 153 153
3.15301 18.80528 -1.53237 153 153 153
3.21344 18.80061 -1.42238 145 145 145
3.27384 18.80085 -1.31203 158 158 158
3.32910 18.79824 -1.19880 153 153 153
3.36963 18.79943 -1.07948 155 155 155
3.41069 18.79772 -0.96060 157 157 157
3.44627 18.79991 -0.83997 159 159 159
3.47620 18.80023 -0.71786 166 166 166
3.50445 18.80437 -0.59536 154 154 154
3.52417 18.79765 -0.47120 164 164 164
3.53674 18.80390 -0.34619 163 163 163
3.55273 18.80083 -0.22162 166 166 166
3.56065 18.79345 -0.09624 168 168 168
3.56211 19.20024 0.03000 170 170 170
3.56368 19.20221 0.15537 170 170 170
3.55995 19.20496 0.28083 170 170 170
3.54152 19.19836 0.40504 171 171 171
3.52443 19.20394 0.52916 169 169 169
3.49825 19.19672 0.65167 178 178 178
3.47720 19.20289 0.77528 173 173 173
3.44418 19.20130 0.89619 173 173 173
3.41633 19.19865 1.01886 178 178 178
3.36640 19.20328 1.13434 175 175 175
3.32917 19.20101 1.25450 175 175 175
3.27681 19.19873 1.36869 174 174 174
3.22128 19.20027 1.48127 176 176 176
3.15988 19.19846 1.59072 182 182 182
3.09700 19.19712 1.69926 185 185 185
3.03012 19.20002 1.80541 179 179 179
2.96326 19.19743 1.91190 190 190 190
2.88229 19.19928 2.00812 179 179 179
2.80283 19.19727 2.10522 184 184 184
2.72295 19.19925 2.20222 177 177 177
2.63567 19.20218 2.29261 186 186 186
2.54230 19.19689 2.37669 183 183 183
2.44645 19.19800 2.45767 187 187 187
2.35240 19.20159 2.54085 197 197 197
2.25226 19.19677 2.61663 188 188 188
2.14734 19.19490 2.68559 184 184 184
2.04476 19.19832 2.75825 191 191 191
1.93273 19.20161 2.81539 192 192 192
1.82379 19.20428 2.87779 193 193 193
1.70740 19.19988 2.92520 187 187 187
1.59549 19.19907 2.98230 193 193 193
1.47833 19.19946 3.02746 199 199 199
1.36157 19.19641 3.07431 196 196 196
1.23797 19.20027 3.09947 190 190 190
1.11737 19.20344 3.13398 199 199 199
0.99454 19.19734 3.15958 194 194 194
0.87178 19.19865 3.18626 194 194 194
0.74712 19.20006 3.20168 200 200 200
0.62255 19.19783 3.21927 193 193 193
0.49685 19.19986 3.22357 201 201 201
0.37118 19.20103 3.22589 194 194 194
0.24537 19.20100 3.22729 194 194 194
0.12019 19.20107 3.21448 202 202 202
-0.00518 19.20354 3.20526 193 193 193
-0.12930 19.19651 3.18551 190 190 190
-0.25352 19.19848 3.16634 197 197 197
-0.37528 19.20236 3.13514 200 200 200
-0.49772 19.19828 3.10695 192 192 192
-0.61940 19.19910 3.07492 193 193 193
-0.73555 19.19832 3.02633 188 188 188
-0.85342 19.19560 2.98300 187 187 187
-0.96648 19.19488 2.92833 191 191 191
-1.08063 19.20248 2.87622 195 195 195
-1.18928 19.19771 2.81346 189 189 189
-1.30088 19.20038 2.75578 194 194 194
-1.40736 19.20303 2.68916 190 190 190
-1.50672 19.20457 2.61224 190 190 190
-1.60318 19.20215 2.53216 185 185 185
-1.70708 19.19762 2.46117 188 188 188
-1.80241 19.19621 2.37936 182 182 182
-1.89327 19.19627 2.29258 184 184 184
-1.97974 19.20020 2.20143 189 189 189
-2.06466 19.19946 2.10880 181 181 181
-2.13630 19.19606 2.00527 180 180 180
-2.21848 19.20241 1.91014 179 179 179
-2.28548 19.19859 1.80389 182 182 182
-2.35232 19.20139 1.69783 182 182 182
-2.41743 19.20258 1.59068 184 184 184
-2.47465 19.20251 1.47910 178 178 178
-2.53275 19.19430 1.36790 187 187 187
-2.58496 19.19439 1.25374 179 179 179
-2.62786 19.20028 1.13576 170 170 170
-2.67055 19.20006 1.01775 176 176 176
-2.69996 19.19809 0.89566 174 174 174
-2.73377 19.19668 0.77502 180 180 180
-2.76455 19.20121 0.65340 167 167 167
-2.78629 19.19980 0.52983 176 176 176
-2.80099 19.20106 0.40525 167 167 167
-2.81676 19.19979 0.28076 175 175 175
-2.82415 19.19866 0.15548 169 169 169
-2.82420 19.20144 0.03000 164 164 164
-2.82464 19.20045 -0.09570 165 165 165
-2.81517 19.20357 -0.22103 159 159 159
-2.80452 19.20026 -0.34626 167 167 167
-2.78943 19.20162 -0.47111 167 167 167
-2.76899 19.20204 -0.59526 163 163 163
-2.74007 19.20369 -0.71770 159 159 159
-2.70578 19.20002 -0.83866 163 163 163
-2.67387 19.19950 -0.96038 165 165 165
-2.63066 19.19814 -1.07852 154 154 154
-2.58178 19.20177 -1.19434 153 153 153
-2.52976 19.19891 -1.30862 157 157 157
-2.47579 19.19962 -1.42195 150 150 150
-2.42259 19.20037 -1.53601 154 154 154
-2.34829 19.19862 -1.63798 150 150 150
-2.28811 19.19595 -1.74842 145 145 145
-2.21427 19.20113 -1.85002 150 150 150
-2.14147 19.19883 -1.95244 152 152 152
-2.06361 19.19900 -2.05116 155 155 155
-1.97280 19.19978 -2.13842 149 149 149
-1.89024 19.20219 -2.23309 152 152 152
-1.79954 19.20278 -2.31993 145 145 145
-1.70386 19.20237 -2.40121 144 144 144
-1.60644 19.20360 -2.48022 150 150 150
-1.50958 19.20035 -2.56023 141 141 141
-1.40839 19.20240 -2.63485 150 150 150
-1.30094 19.19927 -2.70013 138 138 138
-1.19152 19.20303 -2.76183 146 146 146
-1.08118 19.19911 -2.82178 141 141 141
-0.96607 19.20123 -2.87200 148 148 148
-0.85261 19.20209 -2.92567 146 146 146
-0.73637 19.19798 -2.97323 143 143 143
-0.61701 19.19675 -3.01231 143 143 143
-0.49878 19.20372 -3.05553 144 144 144
-0.37653 19.19756 -3.08518 138 138 138
-0.25347 19.20388 -3.11095 138 138 138
-0.12941 19.20084 -3.13112 144 144 144
-0.00442 19.19757 -3.14386 144 144 144
0.11987 19.19637 -3.16343 140 140 140
0.24557 19.19637 -3.16721 140 140 140
0.37118 19.19917 -3.16798 143 143 143
0.49681 19.20016 -3.16759 137 137 137
0.62232 19.20029 -3.16133 140 140 140
0.74733 19.20429 -3.14843 144 144 144
0.87209 19.19562 -3.13315 141 141 141
0.99577 19.20421 -3.11063 139 139 139
1.11821 19.19977 -3.08234 141 141 141
1.23923 19.20177 -3.04874 136 136 136
1.35935 19.20156 -3.01224 134 134 134
1.47729 19.20531 -2.96933 142 142 142
1.59401 19.20016 -2.92335 143 143 143
1.70967 19.19930 -2.87467 148 148 148
1.82448 19.19364 -2.82361 136 136 136
1.92950 19.19603 -2.75399 143 143 143
2.04150 19.20019 -2.69719 139 139 139
2.14717 19.19838 -2.62949 141 141 141
2.24841 19.20301 -2.55537 145 145 145
2.35027 19.20177 -2.48208 143 143 143
2.44774 19.19961 -2.40298 157 157 157
2.54412 19.20249 -2.32234 153 153 153
2.63321 19.19846 -2.23370 151 151 151
2.71814 19.20053 -2.14117 150 150 150
2.80927 19.19813 -2.05397 150 150 150
2.88626 19.19753 -1.95435 154 154 154
2.95995 19.20286 -1.85244 154 154 154
3.02864 19.20105 -1.74720 151 151 151
3.09654 19.19678 -1.64159 152 152 152
3.16480 19.19888 -1.53592 153 153 153
3.22476 19.20230 -1.42532 155 155 155
3.26976 19.20105 -1.30753 155 155 155
3.32712 19.20174 -1.19557 152 152 152
3.37220 19.19960 -1.07822 158 158 158
3.40924 19.19908 -0.95811 154 154 154
3.44493 19.19886 -0.83776 164 164 164
3.47599 19.20138 -0.71616 162 162 162
3.49943 19.20048 -0.59289 160 160 160
3.52242 19.20167 -0.46962 167 167 167
3.54901 19.19843 -0.34651 160 160 160
3.55407 19.20102 -0.22076 166 166 166
3.56772 19.20045 -0.09572 166 166 166
3.57288 19.60027 0.03063 168 168 168
3.56355 19.60037 0.15581 168 168 168
3.56321 19.59927 0.28136 168 168 168
3.54976 19.60265 0.40611 179 179 179
3.53447 19.60305 0.53066 171 171 171
3.51609 19.60046 0.65496 171 171 171
3.47979 19.60172 0.77545 174 174 174
3.44817 19.60215 0.89667 177 177 177
3.40683 19.60031 1.01494 173 173 173
3.37786 19.59762 1.13754 178 178 178
3.33197 19.59992 1.25443 177 177 177
3.27664 19.59877 1.36716 178 178 178
3.22769 19.59889 1.48288 179 179 179
3.16257 19.60079 1.59034 186 186 186
3.10045 19.60139 1.69924 181 181 181
3.03026 19.60155 1.80312 179 179 179
2.96494 19.60028 1.91048 187 187 187
2.88670 19.60286 2.00868 184 184 184
2.80796 19.60223 2.10639 189 189 189
2.72207 19.59957 2.19787 194 194 194
2.63654 19.59924 2.28962 189 189 189
2.54936 19.60312 2.38009 186 186 186
2.45549 19.59815 2.46362 186 186 186
2.35420 19.59721 2.53806 190 190 190
2.25530 19.59896 2.61526 186 186 186
2.15127 19.60068 2.68538 195 195 195
2.04499 19.60303 2.75194 193 193 193
1.93919 19.59476 2.81957 193 193 193
1.82923 19.59712 2.88032 182 182 182
1.71597 19.60061 2.93473 194 194 194
1.60007 19.59831 2.98321 202 202 202
1.48347 19.60381 3.02994 199 199 199
1.36411 19.60048 3.06908 203 203 203
1.24230 19.60023 3.09972 196 196 196
1.12257 19.60100 3.13786 194 194 194
0.99963 19.59996 3.16359 196 196 196
0.87562 19.59733 3.18334 195 195 195
0.75141 19.60112 3.20149 200 200 200
0.62679 19.59878 3.21817 196 196 196
0.50146 19.60264 3.23060 185 185 185
0.37552 19.59969 3.22655 199 199 199
0.24990 19.59999 3.22274 200 200 200
0.12451 19.59542 3.21496 193 193 193
-0.00047 19.59834 3.20246 198 198 198
-0.12427 19.59998 3.18138 195 195 195
-0.24920 19.60128 3.16672 194 194 194
-0.37150 19.60119 3.13777 191 191 191
-0.49061 19.60038 3.09745 195 195 195
-0.61328 19.59907 3.06976 195 195 195
-0.73248 19.59448 3.03010 192 192 192
-0.84887 19.59841 2.98285 194 194 194
-0.96281 19.60061 2.93016 193 193 193
-1.07703 19.60188 2.87806 192 192 192
-1.18908 19.59901 2.82124 189 189 189
-1.29600 19.60203 2.75530 194 194 194
-1.39980 19.59809 2.68475 188 188 188
-1.50902 19.59911 2.62181 188 188 188
-1.60274 19.60311 2.53754 183 183 183
-1.69946 19.59743 2.45778 193 193 193
-1.79557 19.60068 2.37713 185 185 185
-1.88455 19.59488 2.28868 187 187 187
-1.97518 19.60222 2.20171 186 186 186
-2.06035 19.60095 2.10932 183 183 183
-2.13866 19.60221 2.01105 192 192 192
-2.20810 19.59897 1.90627 179 179 179
-2.28359 19.60313 1.80605 181 181 181
-2.35338 19.59731 1.70168 190 190 190
-2.41740 19.59764 1.59363 179 179 179
-2.47358 19.60305 1.48132 182 182 182
-2.52476 19.59933 1.36678 179 179 179
-2.57644 19.60233 1.25257 177 177 177
-2.62518 19.60119 1.13694 168 168 168
-2.66760 19.59971 1.01878 174 174 174
-2.70204 19.59985 0.89806 183 183 183
-2.73040 19.60422 0.77585 176 176 176
-2.75033 19.59691 0.65203 179 179 179
-2.78035 19.59859 0.53018 175 175 175
-2.79490 19.59860 0.40565 171 171 171
-2.80891 19.59561 0.28110 173 173 173
-2.81753 19.60088 0.15601 164 164 164
-2.82533 19.60256 0.03063 161 161 161
-2.81470 19.59954 -0.09486 167 167 167
-2.80913 19.59876 -0.22029 162 162 162
-2.80007 19.60426 -0.34565 159 159 159
-2.78439 19.59751 -0.47041 164 164 164
-2.75704 19.60049 -0.59317 160 160 160
-2.72966 19.59765 -0.71568 153 153 153
-2.69944 19.59742 -0.83755 161 161 161
-2.66408 19.60403 -0.95806 163 163 163
-2.62085 19.59498 -1.07597 160 160 160
-2.57833 19.59913 -1.19418 151 151 151
-2.52699 19.59919 -1.30883 157 157 157
-2.47272 19.60401 -1.42209 161 161 161
-2.41741 19.59966 -1.53503 153 153 153
-2.34645 19.60235 -1.63901 162 162 162
-2.28392 19.59806 -1.74803 152 152 152
-2.21238 19.60361 -1.85132 148 148 148
-2.13454 19.59861 -1.94990 144 144 144
-2.05275 19.59853 -2.04510 145 145 145
-1.97187 19.60323 -2.14109 148 148 148
-1.88472 19.59849 -2.23142 153 153 153
-1.79416 19.59591 -2.31832 145 145 145
-1.70031 19.60261 -2.40165 151 151 151
-1.60484 19.59872 -2.48322 147 147 147
-1.50228 19.60063 -2.55567 147 147 147
-1.40053 19.60040 -2.62910 148 148 148
-1.29763 19.60435 -2.70132 137 137 137
-1.19055 19.60281 -2.76734 151 151 151
-1.07825 19.60200 -2.82403 145 145 145
-0.96384 19.59855 -2.87605 137 137 137
-0.85007 19.59812 -2.92949 137 137 137
-0.73317 19.60280 -2.97581 138 138 138
-0.61067 19.60247 -3.00562 150 150 150
-0.49404 19.59905 -3.05354 138 138 138
-0.37085 19.59879 -3.07907 141 141 141
-0.24910 19.60048 -3.11025 139 139 139
-0.12607 19.60333 -3.13685 140 140 140
-0.00009 19.59814 -3.14331 137 137 137
0.12462 19.59999 -3.15769 136 136 136
0.24987 19.59889 -3.16761 135 135 135
0.37552 19.60483 -3.17125 137 137 137
0.50101 19.59971 -3.16336 138 138 138
0.62656 19.59948 -3.15936 144 144 144
0.75203 19.60268 -3.15085 137 137 137
0.87548 19.59777 -3.12652 138 138 138
0.99972 19.59895 -3.10810 133 133 133
1.12158 19.59919 -3.07775 136 136 136
1.24488 19.60032 -3.05282 141 141 141
1.36274 19.60318 -3.00876 140 140 140
1.48320 19.60253 -2.97304 136 136 136
1.60105 19.59785 -2.92932 145 145 145
1.71616 19.59958 -2.87881 149 149 149
1.82909 19.59931 -2.82361 140 140 140
1.93697 19.60429 -2.75907 137 137 137
2.04698 19.60014 -2.69856 136 136 136
2.14995 19.59831 -2.62665 145 145 145
2.25570 19.60307 -2.55893 147 147 147
2.35478 19.59941 -2.48180 144 144 144
2.45650 19.59979 -2.40767 142 142 142
2.54535 19.60151 -2.31848 149 149 149
2.63804 19.60202 -2.23369 147 147 147
2.72556 19.59427 -2.14353 147 147 147
2.80958 19.59859 -2.05004 145 145 145
2.88170 19.60152 -1.94684 148 148 148
2.96723 19.59958 -1.85407 148 148 148
3.03506 19.59447 -1.74809 152 152 152
3.10076 19.59802 -1.64101 146 146 146
3.16245 19.59944 -1.53167 150 150 150
3.22372 19.59777 -1.42206 157 157 157
3.27970 19.59788 -1.30959 155 155 155
3.33092 19.60224 -1.19482 160 160 160
3.37347 19.59873 -1.07655 159 159 159
3.41798 19.59310 -0.95899 162 162 162
3.44995 19.60202 -0.83740 163 163 163
3.48281 19.60188 -0.71619 161 161 161
3.51191 19.60278 -0.59393 161 161 161
3.52989 19.60066 -0.46954 168 168 168
3.55335 19.60018 -0.34592 163 163 163
3.56111 19.59647 -0.22037 172 172 172
3.56543 19.60539 -0.09485 163 163 163
3.57438 19.99875 0.03125 168 168 168
3.57599 20.00679 0.15676 167 167 167
3.56559 19.99881 0.28183 169 169 169
3.55295 19.99832 0.40660 175 175 175
3.54313 20.00264 0.53198 178 178 178
3.51736 20.00366 0.65498 173 173 173
3.48517 20.00040 0.77633 172 172 172
3.45496 20.00313 0.89800 174 174 174
3.42094 20.00171 1.01876 180 180 180
3.37676 20.00245 1.13617 180 180 180
3.33296 19.99756 1.25368 177 177 177
3.28492 19.99662 1.36962 180 180 180
3.22570 20.00037 1.48029 181 181 181
3.17055 20.00424 1.59302 185 185 185
3.10983 20.00225 1.70297 185 185 185
3.03473 20.00293 1.80385 184 184 184
2.96651 19.99436 1.90911 179 179 179
2.89002 20.00056 2.00852 186 186 186
2.80839 19.99704 2.10369 185 185 185
2.72674 20.00097 2.19883 193 193 193
2.63737 20.00279 2.28676 183 183 183
2.54730 20.00098 2.37382 194 194 194
2.45790 20.00518 2.46202 188 188 188
2.35824 20.00043 2.53835 188 188 188
2.25961 20.00427 2.61588 190 190 190
2.15650 20.00164 2.68739 194 194 194
2.04941 19.99961 2.75276 196 196 196
1.93925 19.99947 2.81264 193 193 193
1.83050 20.00132 2.87502 196 196 196
1.71872 19.99856 2.93204 196 196 196
1.60070 20.00496 2.97504 195 195 195
1.48662 19.99849 3.02755 201 201 201
1.36709 19.99782 3.06580 197 197 197
1.24865 19.99644 3.10778 191 191 191
1.12691 20.00120 3.13893 201 201 201
1.00360 19.99916 3.16293 200 200 200
0.87944 19.99693 3.18150 194 194 194
0.75565 19.99692 3.20252 187 187 187
0.63038 20.00217 3.21121 202 202 202
0.50558 19.99739 3.23011 200 200 200
0.37968 20.00542 3.22108 203 203 203
0.25419 20.00286 3.21943 200 200 200
0.12881 19.99839 3.21324 197 197 197
0.00403 19.99755 3.19973 194 194 194
-0.12171 20.00111 3.19169 189 189 189
-0.24440 19.99988 3.16370 193 193 193
-0.36763 19.99946 3.13919 192 192 192
-0.48886 19.99665 3.10625 191 191 191
-0.60806 20.00381 3.06679 200 200 200
-0.72581 19.99580 3.02357 197 197 197
-0.84258 20.00026 2.97801 190 190 190
-0.96077 19.99658 2.93507 191 191 191
-1.07399 20.00122 2.88060 189 189 189
-1.18403 20.00066 2.82000 189 189 189
-1.29069 20.00005 2.75379 193 193 193
-1.40020 19.99580 2.69196 195 195 195
-1.50327 20.00014 2.62002 186 186 186
-1.60022 20.00064 2.54004 193 193 193
-1.69694 19.99925 2.46014 194 194 194
-1.78907 20.00159 2.37503 181 181 181
-1.88029 20.00202 2.28904 192 192 192
-1.96628 20.00080 2.19781 185 185 185
-2.04950 20.00137 2.10409 182 182 182
-2.13109 20.00039 2.00885 185 185 185
-2.21109 19.99863 1.91197 182 182 182
-2.27643 20.00092 1.80456 183 183 183
-2.34493 20.00145 1.69957 187 187 187
-2.40853 19.99938 1.59152 179 179 179
-2.47110 20.00417 1.48271 174 174 174
-2.52372 20.00137 1.36877 181 181 181
-2.57381 19.99317 1.25376 175 175 175
-2.61587 19.99953 1.13561 177 177 177
-2.66285 20.00446 1.01917 175 175 175
-2.69916 20.00364 0.89900 176 176 176
-2.72244 19.99813 0.77552 176 176 176
-2.75521 20.00250 0.65442 177 177 177
-2.78041 20.00402 0.53145 175 175 175
-2.79702 19.99858 0.40700 171 171 171
-2.80563 20.00076 0.28178 171 171 171
-2.81541 19.99980 0.15671 169 169 169
-2.81582 20.00067 0.03125 169 169 169
-2.81274 19.99858 -0.09433 160 160 160
-2.80749 19.99890 -0.21989 171 171 171
-2.79185 19.99893 -0.34458 165 165 165
-2.77727 20.00016 -0.46936 161 161 161
-2.75057 20.00090 -0.59214 162 162 162
-2.73561 20.00056 -0.71755 161 161 161
-2.69206 19.99692 -0.83609 162 162 162
-2.66167 19.99824 -0.95809 160 160 160
-2.62048 19.99908 -1.07683 155 155 155
-2.57032 20.00109 -1.19205 159 159 159
-2.53152 20.00363 -1.31231 155 155 155
-2.46540 19.99728 -1.41996 157 157 157
-2.40999 19.99395 -1.53270 157 157 157
-2.34430 19.99750 -1.63974 153 153 153
-2.27686 20.00228 -1.74559 149 149 149
-2.21052 19.99729 -1.85249 156 156 156
-2.13362 20.00023 -1.95197 151 151 151
-2.05257 20.00773 -2.04800 151 151 151
-1.97015 20.00093 -2.14285 142 142 142
-1.88191 20.00016 -2.23228 154 154 154
-1.79028 20.00442 -2.31813 146 146 146
-1.69508 19.99285 -2.39991 147 147 147
-1.60072 19.99964 -2.48277 145 145 145
-1.50240 20.00216 -2.56106 141 141 141
-1.39771 19.99741 -2.63060 133 133 133
-1.29021 20.00108 -2.69549 149 149 149
-1.18457 19.99925 -2.76357 141 141 141
-1.07405 20.00157 -2.82342 144 144 144
-0.95966 19.99882 -2.87547 136 136 136
-0.84564 19.99709 -2.92831 135 135 135
-0.72586 19.99807 -2.96670 148 148 148
-0.60740 20.00370 -3.00779 135 135 135
-0.48916 20.00312 -3.05044 134 134 134
-0.36634 20.00094 -3.07700 140 140 140
-0.24367 19.99684 -3.10329 143 143 143
-0.12164 19.99993 -3.13450 142 142 142
0.00431 19.99938 -3.14066 139 139 139
0.12828 20.00104 -3.16339 138 138 138
0.25399 19.99762 -3.16783 140 140 140
0.37968 20.00130 -3.15986 151 151 151
0.50528 20.00056 -3.16586 144 144 144
0.63085 20.00182 -3.16059 139 139 139
0.75517 19.99686 -3.14173 143 143 143
0.88061 20.00417 -3.13214 144 144 144
1.00351 20.00414 -3.10571 138 138 138
1.12576 20.00163 -3.07731 138 138 138
1.24933 19.99894 -3.05335 134 134 134
1.36554 20.00440 -3.00406 142 142 142
1.48690 19.99576 -2.97127 150 150 150
1.60246 19.99926 -2.92219 139 139 139
1.71730 19.99801 -2.87175 144 144 144
1.83063 20.00370 -2.81798 145 145 145
1.93910 19.99231 -2.75497 138 138 138
2.05246 20.00180 -2.70022 141 141 141
2.15383 19.99787 -2.62576 148 148 148
2.25903 20.00032 -2.55731 143 143 143
2.36026 19.99931 -2.48300 146 146 146
2.45846 19.99691 -2.40462 147 147 147
2.54970 19.99713 -2.31821 153 153 153
2.63779 19.99600 -2.22882 153 153 153
2.72296 19.99839 -2.13680 154 154 154
2.81200 20.00061 -2.04808 150 150 150
2.89216 19.99630 -1.95132 151 151 151
2.96271 20.00084 -1.84728 149 149 149
3.03321 20.00326 -1.74359 140 140 140
3.10885 20.00182 -1.64293 151 151 151
3.16943 20.00170 -1.53275 156 156 156
3.22279 20.00443 -1.41897 158 158 158
3.28017 20.00293 -1.30738 161 161 161
3.33216 20.00172 -1.19309 160 160 160
3.37856 20.00390 -1.07636 158 158 158
3.41899 20.00061 -0.95743 150 150 150
3.45275 19.99964 -0.83646 161 161 161
3.48750 20.00136 -0.71576 163 163 163
3.51939 19.99763 -0.59402 163 163 163
3.53401 19.99923 -0.46895 162 162 162
3.55105 19.99591 -0.34456 161 161 161
3.56608 19.99744 -0.21983 164 164 164
3.57491 20.00262 -0.09444 169 169 169
3.57485 20.39705 0.03188 163 163 163
3.57912 20.39834 0.15734 170 170 170
3.57060 20.39794 0.28253 168 168 168
3.56082 20.40088 0.40767 173 173 173
3.54365 20.39925 0.53204 172 172 172
3.51754 20.39949 0.65482 167 167 167
3.48989 20.39854 0.77710 174 174 174
3.46206 20.40308 0.89947 181 181 181
3.42534 20.40081 1.01947 177 177 177
3.38359 20.39920 1.13780 175 175 175
3.33582 20.39891 1.25379 182 182 182
3.28443 20.40079 1.36812 178 178 178
3.22526 20.39856 1.47860 188 188 188
3.17103 20.40523 1.59160 180 180 180
3.10918 20.40445 1.70067 182 182 182
3.03600 20.40018 1.80257 186 186 186
2.96923 20.40178 1.90872 188 188 188
2.89419 20.40102 2.00918 179 179 179
2.81046 20.40546 2.10257 183 183 183
2.72689 20.39884 2.19578 180 180 180
2.64393 20.40073 2.28982 188 188 188
2.55647 20.40368 2.37991 186 186 186
2.46041 20.39946 2.46075 184 184 184
2.36329 20.39838 2.54016 189 189 189
2.26432 20.40171 2.61733 190 190 190
2.16096 20.39609 2.68854 191 191 191
2.05307 20.40163 2.75266 194 194 194
1.94771 20.39924 2.82104 198 198 198
1.83453 20.39571 2.87551 199 199 199
1.72654 20.39889 2.94074 190 190 190
1.60667 20.40106 2.98021 195 195 195
1.49042 20.40072 3.02740 198 198 198
1.37089 20.40251 3.06559 191 191 191
1.25148 20.40136 3.10407 190 190 190
1.13164 20.39878 3.14239 195 195 195
1.00793 20.39849 3.16508 193 193 193
0.88476 20.40054 3.19029 195 195 195
0.75943 20.39842 3.20117 191 191 191
0.63503 20.39945 3.22027 194 194 194
0.50935 20.39817 3.22557 198 198 198
0.38363 20.40531 3.22787 201 201 201
0.25788 20.40086 3.22633 195 195 195
0.13261 20.40432 3.21548 193 193 193
0.00777 20.39675 3.20178 203 203 203
-0.11660 20.40034 3.18464 197 197 197
-0.24104 20.39980 3.16697 196 196 196
-0.36329 20.40414 3.13785 197 197 197
-0.48384 20.40572 3.10276 194 194 194
-0.60579 20.39655 3.07226 189 189 189
-0.72442 20.40117 3.03084 192 192 192
-0.83826 20.39754 2.97745 196 196 196
-0.95627 20.39856 2.93424 187 187 187
-1.06920 20.39553 2.87932 197 197 197
-1.17739 20.39775 2.81558 195 195 195
-1.28579 20.39425 2.75263 192 192 192
-1.39181 20.39914 2.68572 189 189 189
-1.49314 20.39904 2.61193 188 188 188
-1.59293 20.40471 2.53624 192 192 192
-1.69066 20.40167 2.45784 190 190 190
-1.78289 20.39982 2.37308 194 194 194
-1.87502 20.39776 2.28817 188 188 188
-1.96631 20.40151 2.20196 186 186 186
-2.04857 20.39563 2.10716 188 188 188
-2.12753 20.39534 2.00966 188 188 188
-2.19953 20.40194 1.90695 185 185 185
-2.27630 20.39932 1.80763 182 182 182
-2.34023 20.39682 1.69964 185 185 185
-2.40939 20.40081 1.59476 183 183 183
-2.46261 20.39665 1.48095 181 181 181
-2.51738 20.40323 1.36822 182 182 182
-2.57025 20.39933 1.25449 176 176 176
-2.61676 20.39741 1.13796 184 184 184
-2.65785 20.39605 1.01940 172 172 172
-2.68305 20.40427 0.89616 184 184 184
-2.71966 20.40136 0.77639 170 170 170
-2.75467 20.39986 0.65570 173 173 173
-2.77499 20.39711 0.53181 175 175 175
-2.79139 20.39770 0.40741 174 174 174
-2.80296 20.39520 0.28250 163 163 163
-2.81245 20.39473 0.15737 159 159 159
-2.81292 20.39976 0.03188 167 167 167
-2.81033 20.39679 -0.09378 166 166 166
-2.80692 20.40227 -0.21956 158 158 158
-2.78861 20.39561 -0.34407 162 162 162
-2.76963 20.39895 -0.46820 154 154 154
-2.74886 20.40392 -0.59202 163 163 163
-2.72374 20.39932 -0.71509 162 162 162
-2.69884 20.39862 -0.83857 160 160 160
-2.65848 20.40012 -0.95780 161 161 161
-2.61376 20.40298 -1.07528 160 160 160
-2.57165 20.40410 -1.19372 162 162 162
-2.52094 20.39825 -1.30874 160 160 160
-2.46153 20.39981 -1.41951 152 152 152
-2.40388 20.39421 -1.53100 150 150 150
-2.34235 20.39742 -1.64048 153 153 153
-2.27408 20.39630 -1.74589 154 154 154
-2.20396 20.40140 -1.85011 150 150 150
-2.12936 20.39778 -1.95124 155 155 155
-2.05133 20.39797 -2.04985 155 155 155
-1.96161 20.39882 -2.13813 146 146 146
-1.87569 20.40422 -2.22954 152 152 152
-1.78548 20.40083 -2.31674 141 141 141
-1.69377 20.39880 -2.40252 146 146 146
-1.59164 20.40063 -2.47579 147 147 147
-1.49167 20.40094 -2.55125 140 140 140
-1.39430 20.40107 -2.63092 138 138 138
-1.28601 20.40145 -2.69460 150 150 150
-1.17676 20.39983 -2.75620 136 136 136
-1.07037 20.40096 -2.82346 137 137 137
-0.95400 20.39966 -2.87127 143 143 143
-0.83958 20.40214 -2.92271 140 140 140
-0.72328 20.39659 -2.96991 144 144 144
-0.60611 20.39957 -3.01548 135 135 135
-0.48419 20.39985 -3.04630 134 134 134
-0.36350 20.40139 -3.08109 142 142 142
-0.24132 20.39996 -3.11078 142 142 142
-0.11708 20.40077 -3.13013 138 138 138
0.00753 20.40351 -3.14626 138 138 138
0.13248 20.39750 -3.15971 134 134 134
0.25803 20.39506 -3.16509 139 139 139
0.38363 20.39855 -3.16450 142 142 142
0.50935 20.40281 -3.16809 144 144 144
0.63446 20.39843 -3.15546 137 137 137
0.75978 20.40161 -3.14663 139 139 139
0.88474 20.40027 -3.13265 137 137 137
1.00762 20.40053 -3.10591 139 139 139
1.13090 20.39753 -3.08167 138 138 138
1.25170 20.39775 -3.04714 134 134 134
1.37295 20.39872 -3.01416 136 136 136
1.49008 20.39815 -2.96863 146 146 146
1.60893 20.40294 -2.92773 139 139 139
1.72186 20.39953 -2.87255 145 145 145
1.83458 20.40200 -2.81746 136 136 136
1.94499 20.40205 -2.75792 146 146 146
2.05432 20.40099 -2.69630 138 138 138
2.16259 20.39895 -2.63246 155 155 155
2.26723 20.39677 -2.56267 146 146 146
2.36591 20.40118 -2.48467 150 150 150
2.45993 20.39685 -2.40122 147 147 147
2.54965 20.40328 -2.31339 148 148 148
2.64514 20.40160 -2.23173 152 152 152
2.73525 20.40119 -2.14403 150 150 150
2.81667 20.40124 -2.04820 148 148 148
2.89099 20.40276 -1.94681 147 147 147
2.96893 20.39833 -1.84845 151 151 151
3.04013 20.40118 -1.74508 150 150 150
3.10731 20.40006 -1.63907 155 155 155
3.17003 20.40037 -1.53037 151 151 151
3.23315 20.39927 -1.42172 155 155 155
3.28617 20.40494 -1.30781 160 160 160
3.33713 20.40431 -1.19299 162 162 162
3.38339 20.40264 -1.07616 158 158 158
3.42126 20.39515 -0.95634 155 155 155
3.45412 20.39242 -0.83519 158 158 158
3.49156 20.40556 -0.71522 158 158 158
3.51918 20.40652 -0.59263 159 159 159
3.53637 20.40081 -0.46812 162 162 162
3.55262 20.40426 -0.34369 167 167 167
3.57160 20.40330 -0.21935 179 179 179
3.57295 20.40362 -0.09360 167 167 167
3.58386 20.80054 0.03250 168 168 168
3.57997 20.80462 0.15785 171 171 171
3.57026 20.79558 0.28282 165 165 165
3.56170 20.80106 0.40794 165 165 165
3.54458 20.80274 0.53219 179 179 179
3.52424 20.80169 0.65600 176 176 176
3.48736 20.80044 0.77618 171 171 171
3.46705 20.80008 0.90039 175 175 175
3.42859 20.80417 1.01988 178 178 178
3.38992 20.80039 1.13931 179 179 179
3.34397 20.79710 1.25616 179 179 179
3.28704 20.80091 1.36814 178 178 178
3.23924 20.80036 1.48434 175 175 175
3.17634 20.80041 1.59300 178 178 178
3.11275 20.80301 1.70108 187 187 187
3.04694 20.79757 1.80788 180 180 180
2.97038 20.80591 1.90732 186 186 186
2.89615 20.79887 2.00825 185 185 185
2.81776 20.79784 2.10607 189 189 189
2.73368 20.80137 2.19905 182 182 182
2.64502 20.79792 2.28760 180 180 180
2.55646 20.80067 2.37626 185 185 185
2.46196 20.80366 2.45859 186 186 186
2.36386 20.79779 2.53652 190 190 190
2.26833 20.80062 2.61806 190 190 190
2.16500 20.80313 2.68934 183 183 183
2.05926 20.80309 2.75698 186 186 186
1.95296 20.80159 2.82404 189 189 189
1.83608 20.79911 2.87150 198 198 198
1.72741 20.80145 2.93479 196 196 196
1.61421 20.80130 2.98965 201 201 201
1.49365 20.79791 3.02627 185 185 185
1.37351 20.80044 3.06234 190 190 190
1.25530 20.80074 3.10455 197 197 197
1.13391 20.80516 3.13641 195 195 195
1.01077 20.79688 3.16066 202 202 202
0.88720 20.80121 3.18216 197 197 197
0.76344 20.79927 3.20351 196 196 196
0.63830 20.80141 3.21417 186 186 186
0.51323 20.79571 3.22873 195 195 195
0.38740 20.79925 3.22587 202 202 202
0.26168 20.79815 3.22568 193 193 193
0.13630 20.79969 3.21663 189 189 189
0.01162 20.80418 3.20124 196 196 196
-0.11236 20.79776 3.18186 191 191 191
-0.23680 20.79935 3.16477 193 193 193
-0.35940 20.80520 3.13760 198 198 198
-0.48060 20.80024 3.10486 199 199 199
-0.59921 20.79605 3.06386 194 194 194
-0.71862 20.79175 3.02561 202 202 202
-0.83720 20.80182 2.98429 199 199 199
-0.95265 20.79985 2.93485 197 197 197
-1.06736 20.79352 2.88342 199 199 199
-1.17555 20.79785 2.81936 198 198 198
-1.28871 20.80032 2.76390 188 188 188
-1.38863 20.79590 2.68697 182 182 182
-1.48978 20.79695 2.61289 189 189 189
-1.59356 20.79624 2.54222 191 191 191
-1.69015 20.79833 2.46208 186 186 186
-1.77897 20.80126 2.37335 191 191 191
-1.87529 20.79842 2.29266 188 188 188
-1.96258 20.80096 2.20246 183 183 183
-2.04880 20.80294 2.11104 192 192 192
-2.12376 20.80288 2.01014 186 186 186
-2.19632 20.79786 1.90785 185 185 185
-2.27365 20.79845 1.80888 187 187 187
-2.33854 20.79908 1.70143 188 188 188
-2.39946 20.80045 1.59183 174 174 174
-2.46252 20.79776 1.48336 177 177 177
-2.52125 20.79939 1.37229 185 185 185
-2.56833 20.79900 1.25581 174 174 174
-2.61590 20.79827 1.13960 175 175 175
-2.64909 20.79690 1.01835 181 181 181
-2.68120 20.79881 0.89728 186 186 186
-2.72107 20.80011 0.77822 178 178 178
-2.75081 20.80258 0.65627 172 172 172
-2.76581 20.80459 0.53156 170 170 170
-2.78546 20.79899 0.40776 174 174 174
-2.79839 20.79563 0.28305 167 167 167
-2.80821 20.80097 0.15797 170 170 170
-2.81313 20.80031 0.03250 167 167 167
-2.81182 20.79741 -0.09337 164 164 164
-2.79336 20.80184 -0.21818 165 165 165
-2.78272 20.80245 -0.34323 166 166 166
-2.76746 20.80424 -0.46788 161 161 161
-2.74415 20.79928 -0.59126 163 163 163
-2.71943 20.79730 -0.71441 158 158 158
-2.68710 20.80331 -0.83578 155 155 155
-2.65387 20.80141 -0.95699 164 164 164
-2.60959 20.79800 -1.07461 161 161 161
-2.55982 20.80095 -1.18987 156 156 156
-2.51479 20.80014 -1.30714 157 157 157
-2.45474 20.79986 -1.41746 151 151 151
-2.40122 20.79806 -1.53112 150 150 150
-2.33749 20.79498 -1.63932 151 151 151
-2.26822 20.80386 -1.74401 151 151 151
-2.19605 20.80082 -1.84663 153 153 153
-2.12599 20.80393 -1.95108 145 145 145
-2.04128 20.79689 -2.04401 146 146 146
-1.96359 20.80217 -2.14297 157 157 157
-1.86733 20.80257 -2.22448 151 151 151
-1.78342 20.79748 -2.31812 147 147 147
-1.68875 20.79739 -2.40058 142 142 142
-1.59008 20.79990 -2.47810 141 141 141
-1.49008 20.79692 -2.55376 147 147 147
-1.39127 20.79527 -2.63154 145 145 145
-1.28192 20.80365 -2.69358 143 143 143
-1.17541 20.80140 -2.76000 136 136 136
-1.06471 20.80367 -2.81924 142 142 142
-0.95216 20.79926 -2.87493 142 142 142
-0.83732 20.80007 -2.92583 143 143 143
-0.71975 20.79900 -2.97002 147 147 147
-0.60135 20.79949 -3.01187 137 137 137
-0.48112 20.80258 -3.04819 147 147 147
-0.35926 20.79821 -3.07855 142 142 142
-0.23618 20.80196 -3.10330 138 138 138
-0.11367 20.80084 -3.13182 136 136 136
0.01130 20.80005 -3.14564 142 142 142
0.13659 20.79745 -3.15464 138 138 138
0.26187 20.80079 -3.16252 141 141 141
0.38740 20.80314 -3.16331 142 142 142
0.51289 20.80408 -3.16168 142 142 142
0.63881 20.80103 -3.16234 136 136 136
0.76299 20.79869 -3.14138 139 139 139
0.88744 20.80023 -3.12534 134 134 134
1.01229 20.79745 -3.10993 142 142 142
1.13417 20.79489 -3.07908 141 141 141
1.25656 20.79762 -3.05050 145 145 145
1.37680 20.79542 -3.01389 140 140 140
1.49342 20.79913 -2.96698 145 145 145
1.61211 20.79751 -2.92581 133 133 133
1.72392 20.79956 -2.86835 135 135 135
1.83811 20.80144 -2.81651 143 143 143
1.94948 20.79949 -2.75872 149 149 149
2.06131 20.80255 -2.70108 141 141 141
2.16445 20.80296 -2.62913 147 147 147
2.26677 20.79990 -2.55638 140 140 140
2.36759 20.80024 -2.48155 151 151 151
2.46413 20.79708 -2.40126 146 146 146
2.56089 20.79576 -2.32102 144 144 144
2.64767 20.79379 -2.23003 151 151 151
2.73661 20.79565 -2.14134 146 146 146
2.81592 20.80115 -2.04388 153 153 153
2.90016 20.79704 -1.95059 148 148 148
2.97678 20.79583 -1.85094 148 148 148
3.04943 20.80185 -1.74829 155 155 155
3.10827 20.79968 -1.63686 157 157 157
3.17581 20.79917 -1.53101 157 157 157
3.22993 20.80355 -1.41766 155 155 155
3.29028 20.80239 -1.30746 159 159 159
3.34085 20.80088 -1.19246 155 155 155
3.38312 20.80284 -1.07414 156 156 156
3.42550 20.79667 -0.95596 162 162 162
3.46079 20.80254 -0.83546 163 163 163
3.50178 20.79934 -0.71622 165 165 165
3.52082 20.80023 -0.59164 169 169 169
3.54529 20.79882 -0.46836 165 165 165
3.56559 20.79776 -0.34419 164 164 164
3.57776 20.79908 -0.21894 163 163 163
3.58453 20.79621 -0.09329 163 163 163
3.58674 21.20124 0.03313 171 171 171
3.58609 21.19827 0.15857 167 167 167
3.57461 21.19693 0.28349 172 172 172
3.56965 21.19880 0.40906 179 179 179
3.54719 21.19783 0.53264 173 173 173
3.51843 21.20127 0.65473 167 167 167
3.49731 21.19955 0.77830 173 173 173
3.46480 21.19848 0.89933 179 179 179
3.42646 21.19916 1.01860 178 178 178
3.39226 21.20360 1.13942 182 182 182
3.34373 21.19781 1.25514 176 176 176
3.29094 21.20458 1.36884 177 177 177
3.23700 21.20527 1.48192 181 181 181
3.18006 21.19875 1.59361 181 181 181
3.12448 21.20331 1.70660 184 184 184
3.05270 21.19956 1.80985 187 187 187
2.97998 21.20126 1.91220 187 187 187
2.90042 21.20081 2.00929 183 183 183
2.82120 21.20219 2.10643 183 183 183
2.74200 21.19946 2.20389 192 192 192
2.65189 21.20139 2.29135 189 189 189
2.56323 21.19834 2.38017 190 190 190
2.46616 21.19619 2.45975 195 195 195
2.36733 21.20085 2.53681 189 189 189
2.27470 21.19624 2.62231 188 188 188
2.16605 21.19957 2.68595 194 194 194
2.05711 21.19884 2.74801 197 197 197
1.95602 21.19948 2.82349 196 196 196
1.84239 21.19648 2.87722 192 192 192
1.72947 21.19444 2.93184 200 200 200
1.61683 21.19956 2.98766 198 198 198
1.49690 21.20013 3.02568 186 186 186
1.37930 21.20183 3.06944 195 195 195
1.26023 21.19916 3.10960 189 189 189
1.13788 21.20248 3.13831 198 198 198
1.01562 21.19828 3.16731 197 197 197
0.89155 21.19694 3.18733 195 195 195
0.76635 21.20092 3.19813 196 196 196
0.64190 21.19916 3.21481 197 197 197
0.51678 21.19464 3.22840 198 198 198
0.39096 21.19879 3.22343 196 196 196
0.26494 21.20371 3.23347 190 190 190
0.14052 21.19838 3.20846 194 194 194
0.01500 21.19934 3.20298 200 200 200
-0.10892 21.20349 3.18285 197 197 197
-0.23362 21.19831 3.16692 198 198 198
-0.35509 21.20098 3.13469 196 196 196
-0.47594 21.19665 3.10121 190 190 190
-0.59743 21.20047 3.06960 191 191 191
-0.71466 21.19858 3.02483 200 200 200
-0.83178 21.20267 2.98010 192 192 192
-0.94741 21.20012 2.93154 190 190 190
-1.06436 21.20071 2.88486 195 195 195
-1.17097 21.19844 2.81790 191 191 191
-1.28052 21.19938 2.75671 196 196 196
-1.38717 21.19579 2.69050 193 193 193
-1.48847 21.19823 2.61637 187 187 187
-1.58527 21.20193 2.53663 190 190 190
-1.68828 21.19666 2.46448 196 196 196
-1.77658 21.19729 2.37505 187 187 187
-1.86861 21.19778 2.28999 186 186 186
-1.95248 21.20120 2.19688 182 182 182
-2.04387 21.19811 2.11035 184 184 184
-2.12092 21.20277 2.01120 189 189 189
-2.19420 21.19883 1.90940 189 189 189
-2.27054 21.19703 1.80969 182 182 182
-2.33705 21.20033 1.70322 179 179 179
-2.39594 21.20028 1.59239 185 185 185
-2.45117 21.20145 1.47993 178 178 178
-2.51067 21.19749 1.36960 186 186 186
-2.56461 21.19649 1.25630 179 179 179
-2.60731 21.19990 1.13831 178 178 178
-2.64540 21.20411 1.01888 168 168 168
-2.68415 21.19995 0.89969 177 177 177
-2.71741 21.19673 0.77878 175 175 175
-2.74831 21.19757 0.65708 159 159 159
-2.76609 21.19832 0.53277 163 163 163
-2.78371 21.19949 0.40858 165 165 165
-2.79161 21.19879 0.28341 166 166 166
-2.80660 21.19868 0.15866 161 161 161
-2.80821 21.19844 0.03313 173 173 173
-2.80289 21.19980 -0.09255 176 176 176
-2.79966 21.20485 -0.21836 170 170 170
-2.78121 21.19837 -0.34289 164 164 164
-2.76686 21.20149 -0.46777 160 160 160
-2.74790 21.20203 -0.59216 164 164 164
-2.71801 21.19678 -0.71437 165 165 165
-2.68929 21.19631 -0.83685 162 162 162
-2.64891 21.20007 -0.95601 165 165 165
-2.60764 21.20007 -1.07468 156 156 156
-2.56163 21.19750 -1.19158 161 161 161
-2.51302 21.19815 -1.30746 164 164 164
-2.45600 21.19626 -1.41942 152 152 152
-2.39296 21.19967 -1.52800 150 150 150
-2.33704 21.19566 -1.64075 147 147 147
-2.26268 21.20273 -1.74221 155 155 155
-2.19382 21.20153 -1.84712 153 153 153
-2.11772 21.19973 -1.94691 154 154 154
-2.04134 21.20126 -2.04664 142 142 142
-1.95853 21.19989 -2.14112 140 140 140
-1.86844 21.19508 -2.22869 151 151 151
-1.77951 21.19879 -2.31728 146 146 146
-1.68672 21.20346 -2.40191 153 153 153
-1.58397 21.20170 -2.47440 141 141 141
-1.49024 21.19938 -2.55841 144 144 144
-1.38783 21.20085 -2.63125 146 146 146
-1.28126 21.19911 -2.69784 150 150 150
-1.17041 21.19878 -2.75695 147 147 147
-1.06187 21.20024 -2.82016 141 141 141
-0.94754 21.19554 -2.87214 143 143 143
-0.83338 21.19908 -2.92440 139 139 139
-0.71657 21.20403 -2.97054 143 143 143
-0.59742 21.20174 -3.01022 144 144 144
-0.47747 21.20293 -3.04737 139 139 139
-0.35648 21.20043 -3.08129 136 136 136
-0.23406 21.19982 -3.11000 145 145 145
-0.10900 21.20332 -3.12426 145 145 145
0.01493 21.20010 -3.14448 135 135 135
0.14005 21.19858 -3.15541 145 145 145
0.26543 21.19550 -3.16191 144 144 144
0.39096 21.19802 -3.17115 140 140 140
0.51666 21.20100 -3.16628 135 135 135
0.64184 21.19837 -3.15496 134 134 134
0.76701 21.20061 -3.14469 141 141 141
0.89147 21.19655 -3.12772 146 146 146
1.01467 21.20198 -3.10342 138 138 138
1.13777 21.20085 -3.07865 137 137 137
1.25748 21.19750 -3.04057 146 146 146
1.37787 21.19889 -3.00570 149 149 149
1.49671 21.20139 -2.96571 137 137 137
1.61452 21.20385 -2.92251 140 140 140
1.73019 21.19609 -2.87372 138 138 138
1.84316 21.20088 -2.81893 143 143 143
1.95439 21.20445 -2.76063 142 142 142
2.06346 21.19784 -2.69830 143 143 143
2.16743 21.19658 -2.62777 143 143 143
2.27163 21.20484 -2.55769 149 149 149
2.37160 21.19793 -2.48166 147 147 147
2.46744 21.20037 -2.40051 154 154 154
2.56174 21.20295 -2.31761 149 149 149
2.65576 21.20186 -2.23409 145 145 145
2.74073 21.20077 -2.14139 157 157 157
2.81821 21.20252 -2.04233 151 151 151
2.90494 21.19875 -1.95109 155 155 155
2.98182 21.19883 -1.85154 149 149 149
3.05117 21.20139 -1.74660 143 143 143
3.11773 21.20010 -1.63999 152 152 152
3.17883 21.20044 -1.53022 155 155 155
3.24541 21.19904 -1.42324 156 156 156
3.29742 21.20262 -1.30861 160 160 160
3.34668 21.20149 -1.19288 159 159 159
3.38781 21.20074 -1.07404 166 166 166
3.42783 21.19828 -0.95503 161 161 161
3.46568 21.20083 -0.83530 164 164 164
3.50295 21.20115 -0.71509 160 160 160
3.52788 21.19637 -0.59177 169 169 169
3.54672 21.20305 -0.46744 163 163 163
3.56290 21.20085 -0.34286 164 164 164
3.57260 21.19674 -0.21765 166 166 166
3.58484 21.20363 -0.09255 174 174 174
3.58598 21.59820 0.03375 169 169 169
3.58885 21.59899 0.15916 173 173 173
3.57636 21.60175 0.28398 173 173 173
3.56687 21.60198 0.40894 174 174 174
3.55008 21.60058 0.53316 170 170 170
3.52615 21.60596 0.65619 176 176 176
3.49828 21.60264 0.77831 174 174 174
3.47048 21.60041 0.90056 180 180 180
3.42930 21.59902 1.01900 174 174 174
3.39120 21.60120 1.13835 171 171 171
3.34638 21.60319 1.25539 180 180 180
3.29462 21.59965 1.36953 176 176 176
3.24230 21.60239 1.48344 181 181 181
3.18258 21.60108 1.59367 182 182 182
3.12322 21.59801 1.70427 185 185 185
3.04777 21.59874 1.80481 180 180 180
2.97952 21.60054 1.90991 183 183 183
2.90445 21.59766 2.01029 186 186 186
2.82533 21.60414 2.10755 190 190 190
2.74286 21.59967 2.20203 195 195 195
2.65497 21.60249 2.29151 190 190 190
2.56404 21.59860 2.37783 192 192 192
2.46751 21.59975 2.45780 194 194 194
2.37343 21.60289 2.54066 196 196 196
2.27096 21.59498 2.61291 189 189 189
2.17112 21.60434 2.68886 188 188 188
2.06618 21.59800 2.75768 201 201 201
1.95450 21.60306 2.81509 188 188 188
1.84747 21.60099 2.88091 188 188 188
1.73420 21.59772 2.93511 192 192 192
1.61876 21.59972 2.98448 190 190 190
1.50161 21.59742 3.02961 197 197 197
1.38275 21.60241 3.06996 185 185 185
1.26354 21.60173 3.10967 202 202 202
1.14042 21.60081 3.13513 187 187 187
1.01794 21.59893 3.16228 188 188 188
0.89479 21.59631 3.18675 192 192 192
0.77103 21.60126 3.20940 191 191 191
0.64530 21.60354 3.21534 198 198 198
0.51997 21.59827 3.22408 193 193 193
0.39433 21.60084 3.22738 195 195 195
0.26870 21.60397 3.22368 194 194 194
0.14362 21.59937 3.21200 197 197 197
0.01817 21.60180 3.20477 194 194 194
-0.10567 21.60130 3.18376 196 196 196
-0.22944 21.60183 3.16303 195 195 195
-0.35278 21.59691 3.13932 194 194 194
-0.47582 21.59967 3.11297 202 202 202
-0.59476 21.60245 3.07200 194 194 194
-0.71365 21.60071 3.03146 199 199 199
-0.82843 21.59680 2.98042 192 192 192
-0.94565 21.60321 2.93532 191 191 191
-1.05737 21.60107 2.87805 190 190 190
-1.16690 21.59797 2.81696 188 188 188
-1.27706 21.59745 2.75690 196 196 196
-1.38307 21.59978 2.68976 183 183 183
-1.48599 21.59895 2.61797 182 182 182
-1.58418 21.59732 2.53990 186 186 186
-1.67836 21.59979 2.45722 184 184 184
-1.77704 21.59465 2.37961 188 188 188
-1.86735 21.60316 2.29253 187 187 187
-1.95343 21.59938 2.20131 191 191 191
-2.03533 21.59614 2.10640 189 189 189
-2.11713 21.60105 2.01134 186 186 186
-2.19320 21.59895 1.91160 178 178 178
-2.26513 21.59832 1.80883 179 179 179
-2.32821 21.59803 1.70038 179 179 179
-2.39558 21.59802 1.59459 184 184 184
-2.45411 21.59685 1.48368 177 177 177
-2.50999 21.60114 1.37138 180 180 180
-2.56264 21.59971 1.25743 177 177 177
-2.59972 21.59888 1.13731 170 170 170
-2.64182 21.60362 1.01938 174 174 174
-2.67479 21.60509 0.89858 173 173 173
-2.71071 21.59893 0.77857 174 174 174
-2.73828 21.60123 0.65634 169 169 169
-2.76469 21.60138 0.53368 176 176 176
-2.78471 21.59604 0.40971 173 173 173
-2.79289 21.60061 0.28439 174 174 174
-2.79941 21.60352 0.15913 165 165 165
-2.80156 21.59739 0.03375 164 164 164
-2.79683 21.60076 -0.09183 166 166 166
-2.79256 21.59815 -0.21747 155 155 155
-2.77976 21.59967 -0.34253 164 164 164
-2.76518 21.60055 -0.46746 169 169 169
-2.73978 21.59968 -0.59065 157 157 157
-2.71353 21.60160 -0.71355 156 156 156
-2.67953 21.60420 -0.83451 166 166 166
-2.64172 21.59627 -0.95424 162 162 162
-2.60262 21.60076 -1.07356 153 153 153
-2.55197 21.60158 -1.18847 159 159 159
-2.51011 21.59652 -1.30717 156 156 156
-2.45126 21.60096 -1.41823 153 153 153
-2.38941 21.59883 -1.52741 153 153 153
-2.33167 21.60115 -1.63904 159 159 159
-2.26299 21.60143 -1.74419 151 151 151
-2.19389 21.60092 -1.84915 148 148 148
-2.11123 21.59493 -1.94397 149 149 149
-2.03864 21.59480 -2.04675 152 152 152
-1.94835 21.59750 -2.13437 149 149 149
-1.86383 21.60275 -2.22699 141 141 141
-1.77671 21.60192 -2.31743 154 154 154
-1.68280 21.59768 -2.40080 146 146 146
-1.58555 21.60294 -2.48021 142 142 142
-1.47963 21.60207 -2.54799 144 144 144
-1.38258 21.60155 -2.62795 142 142 142
-1.27700 21.59931 -2.69590 141 141 141
-1.16946 21.59442 -2.76079 141 141 141
-1.05612 21.60379 -2.81500 141 141 141
-0.94774 21.59877 -2.87937 143 143 143
-0.82999 21.60219 -2.92384 137 137 137
-0.71242 21.60149 -2.96788 144 144 144
-0.59315 21.59879 -3.00689 131 131 131
-0.47329 21.59839 -3.04393 139 139 139
-0.35316 21.60269 -3.08093 143 143 143
-0.22942 21.60125 -3.10300 136 136 136
-0.10605 21.59807 -3.12628 136 136 136
0.01783 21.59726 -3.14780 134 134 134
0.14353 21.59936 -3.15334 138 138 138
0.26868 21.60275 -3.16421 137 137 137
0.39433 21.59633 -3.16479 140 140 140
0.51984 21.60296 -3.16106 134 134 134
0.64537 21.60797 -3.15654 142 142 142
0.77068 21.60292 -3.14667 142 142 142
0.89512 21.60447 -3.12893 137 137 137
1.01807 21.60217 -3.10300 143 143 143
1.14124 21.60201 -3.07855 145 145 145
1.26166 21.60169 -3.04294 146 146 146
1.38251 21.60331 -3.00907 143 143 143
1.49962 21.59836 -2.96395 142 142 142
1.61745 21.60037 -2.92096 138 138 138
1.73192 21.60564 -2.86969 146 146 146
1.84246 21.60295 -2.81046 135 135 135
1.95608 21.60400 -2.75716 141 141 141
2.06358 21.60178 -2.69252 143 143 143
2.17136 21.59783 -2.62815 149 149 149
2.27416 21.60015 -2.55607 142 142 142
2.37287 21.59738 -2.47852 148 148 148
2.47268 21.60134 -2.40224 148 148 148
2.56402 21.59745 -2.31598 152 152 152
2.65663 21.60042 -2.23113 148 148 148
2.74287 21.59815 -2.13979 149 149 149
2.82294 21.60169 -2.04303 150 150 150
2.90150 21.59994 -1.94526 148 148 148
2.98001 21.59966 -1.84731 149 149 149
3.05577 21.60253 -1.74695 147 147 147
3.12192 21.59979 -1.64002 161 161 161
3.18614 21.59880 -1.53194 156 156 156
3.24258 21.59697 -1.41959 148 148 148
3.29328 21.60426 -1.30465 154 154 154
3.35133 21.59973 -1.19290 153 153 153
3.39456 21.59813 -1.07477 160 160 160
3.43241 21.59693 -0.95490 161 161 161
3.46726 21.60001 -0.83425 155 155 155
3.50015 21.59889 -0.71306 157 157 157
3.52556 21.59892 -0.59008 162 162 162
3.54758 21.60015 -0.46647 164 164 164
3.57227 21.59856 -0.34299 164 164 164
3.57835 21.59920 -0.21724 170 170 170
3.58454 21.60036 -0.09180 169 169 169
3.59307 21.99816 0.03438 173 173 173
3.58718 21.99947 0.15959 170 170 170
3.58294 21.99818 0.28486 170 170 170
3.56420 21.99766 0.40885 173 173 173
3.55448 21.99798 0.53395 167 167 167
3.53643 22.00201 0.65819 175 175 175
3.50487 22.00200 0.77971 178 178 178
3.46741 22.00618 0.89938 177 177 177
3.43946 22.00439 1.02184 182 182 182
3.39713 22.00242 1.13993 182 182 182
3.35220 22.00132 1.25704 180 180 180
3.29685 22.00426 1.36964 182 182 182
3.24009 22.00111 1.48124 174 174 174
3.18625 22.00264 1.59447 185 185 185
3.12058 22.00296 1.70123 183 183 183
3.05500 22.00086 1.80803 183 183 183
2.98088 22.00149 1.90909 180 180 180
2.91053 21.99862 2.01306 188 188 188
2.83095 22.00020 2.11011 182 182 182
2.74350 22.00083 2.20015 195 195 195
2.65813 22.00306 2.29193 187 187 187
2.56480 22.00111 2.37565 187 187 187
2.47020 22.00089 2.45765 190 190 190
2.37921 21.99865 2.54438 193 193 193
2.27639 21.99924 2.61641 188 188 188
2.17240 22.00117 2.68640 189 189 189
2.07088 21.99746 2.76052 191 191 191
1.96098 21.99973 2.82134 195 195 195
1.85025 21.99752 2.88046 193 193 193
1.73817 21.99543 2.93714 193 193 193
1.62167 22.00138 2.98413 194 194 194
1.50503 22.00276 3.03054 198 198 198
1.38538 22.00474 3.06858 192 192 192
1.26593 21.99889 3.10715 195 195 195
1.14407 22.00102 3.13733 200 200 200
1.02100 21.99470 3.16195 193 193 193
0.89797 21.99735 3.18699 197 197 197
0.77362 21.99994 3.20475 188 188 188
0.64854 21.99951 3.21650 192 192 192
0.52325 22.00243 3.22724 191 191 191
0.39749 22.00531 3.23050 209 209 209
0.27163 21.99860 3.22974 192 192 192
0.14608 22.00319 3.22099 195 195 195
0.02113 21.99826 3.20671 193 193 193
-0.10372 22.00245 3.19159 188 188 188
-0.22703 21.99768 3.16703 191 191 191
-0.34869 22.00335 3.13569 192 192 192
-0.47060 21.99511 3.10588 197 197 197
-0.59194 21.99552 3.07331 196 196 196
-0.71081 21.99564 3.03260 188 188 188
-0.82765 22.00290 2.98644 196 196 196
-0.94272 22.00228 2.93613 189 189 189
-1.05300 22.00075 2.87600 193 193 193
-1.16431 21.99738 2.81832 190 190 190
-1.27133 21.99591 2.75307 191 191 191
-1.37912 21.99559 2.68894 192 192 192
-1.48316 22.00470 2.61881 190 190 190
-1.58317 21.99804 2.54303 199 199 199
-1.68133 22.00227 2.46481 186 186 186
-1.76924 21.99822 2.37501 187 187 187
-1.86160 22.00053 2.29038 191 191 191
-1.94774 22.00136 2.19943 188 188 188
-2.03218 21.99847 2.10687 183 183 183
-2.11031 22.00112 2.00893 180 180 180
-2.19147 21.99750 1.91313 183 183 183
-2.25615 21.99841 1.80544 187 187 187
-2.32666 22.00141 1.70187 185 185 185
-2.39359 21.99966 1.59577 184 184 184
-2.45025 21.99893 1.48385 180 180 180
-2.50531 22.00262 1.37122 175 175 175
-2.55387 21.99853 1.25566 176 176 176
-2.59944 21.99574 1.13893 182 182 182
-2.63969 21.99749 1.02028 172 172 172
-2.67969 21.99315 0.90143 167 167 167
-2.71006 21.99903 0.77976 172 172 172
-2.74234 22.00255 0.65837 174 174 174
-2.75308 21.99584 0.53294 167 167 167
-2.77539 21.99693 0.40958 170 170 170
-2.79344 22.00031 0.28529 168 168 168
-2.79538 22.00465 0.15972 167 167 167
-2.79766 21.99776 0.03438 164 164 164
-2.79721 21.99957 -0.09136 161 161 161
-2.78105 21.99869 -0.21621 165 165 165
-2.77375 21.99936 -0.34161 168 168 168
-2.75584 21.99827 -0.46591 165 165 165
-2.73665 22.00114 -0.59009 161 161 161
-2.70972 21.99800 -0.71285 163 163 163
-2.67547 21.99941 -0.83372 165 165 165
-2.63841 21.99949 -0.95366 153 153 153
-2.59988 22.00200 -1.07320 158 158 158
-2.55136 21.99732 -1.18902 154 154 154
-2.50448 21.99690 -1.30554 153 153 153
-2.44831 21.99870 -1.41785 158 158 158
-2.39462 22.00300 -1.53162 155 155 155
-2.32459 22.00085 -1.63616 154 154 154
-2.25699 21.99859 -1.74183 148 148 148
-2.18720 21.99814 -1.84613 153 153 153
-2.11303 22.00626 -1.94743 144 144 144
-2.03405 22.00222 -2.04507 143 143 143
-1.94866 22.00025 -2.13712 153 153 153
-1.85889 21.99929 -2.22475 152 152 152
-1.76896 22.00113 -2.31202 151 151 151
-1.67750 21.99556 -2.39784 149 149 149
-1.57972 21.99531 -2.47638 136 136 136
-1.47797 22.00344 -2.54959 146 146 146
-1.37838 22.00124 -2.62594 140 140 140
-1.27096 22.00489 -2.69074 138 138 138
-1.16517 22.00014 -2.75830 145 145 145
-1.05646 22.00025 -2.82139 139 139 139
-0.93953 21.99745 -2.86794 144 144 144
-0.82765 22.00292 -2.92531 146 146 146
-0.70992 21.99966 -2.96917 143 143 143
-0.59132 22.00380 -3.01048 140 140 140
-0.47251 22.00183 -3.05183 143 143 143
-0.34991 21.99970 -3.08003 146 146 146
-0.22717 22.00056 -3.10704 138 138 138
-0.10281 22.00006 -3.12521 140 140 140
0.02167 21.99605 -3.14152 143 143 143
0.14612 21.99942 -3.16002 139 139 139
0.27197 22.00283 -3.16051 145 145 145
0.39749 22.00020 -3.16698 144 144 144
0.52319 21.99943 -3.16512 136 136 136
0.64799 22.00371 -3.14891 141 141 141
0.77260 22.00319 -3.13557 138 138 138
0.89836 21.99976 -3.12882 139 139 139
1.02082 22.00040 -3.10039 135 135 135
1.14504 21.99668 -3.08064 145 145 145
1.26477 22.00141 -3.04220 143 143 143
1.38579 22.00316 -3.00892 145 145 145
1.50437 22.00201 -2.96774 143 143 143
1.62348 21.99714 -2.92737 141 141 141
1.73612 22.00673 -2.87142 144 144 144
1.84721 21.99893 -2.81309 143 143 143
1.95903 21.99827 -2.75631 132 132 132
2.07010 22.00387 -2.69753 136 136 136
2.17413 21.99578 -2.62710 143 143 143
2.27210 22.00128 -2.54842 146 146 146
2.37237 21.99825 -2.47342 146 146 146
2.47243 22.00245 -2.39778 151 151 151
2.56973 21.99890 -2.31828 150 150 150
2.65662 21.99908 -2.22751 147 147 147
2.74463 22.00120 -2.13804 147 147 147
2.82669 22.00139 -2.04307 150 150 150
2.90956 21.99653 -1.94865 152 152 152
2.98168 22.00242 -1.84576 148 148 148
3.05755 22.00118 -1.74556 152 152 152
3.11933 21.99889 -1.63602 154 154 154
3.18479 21.99933 -1.52893 154 154 154
3.24874 22.00075 -1.42063 146 146 146
3.30516 21.99815 -1.30817 152 152 152
3.34768 21.99765 -1.18958 156 156 156
3.39528 21.99661 -1.07335 155 155 155
3.43572 22.00270 -0.95442 164 164 164
3.47086 22.00072 -0.83384 157 157 157
3.49954 22.00230 -0.71161 163 163 163
3.52616 22.00149 -0.58901 162 162 162
3.56021 21.99612 -0.46740 167 167 167
3.57243 22.00318 -0.34204 168 168 168
3.58655 22.00803 -0.21704 168 168 168
3.59239 21.99615 -0.09137 168 168 168
3.59747 22.39992 0.03500 173 173 173
3.58939 22.39782 0.16018 173 173 173
3.58019 22.39925 0.28502 168 168 168
3.56916 22.39369 0.40969 171 171 171
3.55331 22.40116 0.53390 173 173 173
3.53248 22.39883 0.65741 166 166 166
3.50725 22.39839 0.78016 172 172 172
3.47380 22.39612 0.90092 176 176 176
3.43904 22.39939 1.02131 174 174 174
3.39923 22.40085 1.14017 173 173 173
3.35671 22.39922 1.25823 174 174 174
3.30101 22.40130 1.37073 177 177 177
3.24634 22.39787 1.48344 182 182 182
3.19170 22.40103 1.59639 184 184 184
3.12635 22.39765 1.70346 181 181 181
3.06013 22.40271 1.80997 179 179 179
2.98166 22.39956 1.90799 185 185 185
2.90341 22.39932 2.00559 184 184 184
2.82923 22.39688 2.10657 191 191 191
2.75009 22.39624 2.20395 191 191 191
2.65862 22.40154 2.28989 185 185 185
2.57018 22.39948 2.37868 190 190 190
2.47088 22.40486 2.45538 192 192 192
2.37790 22.40172 2.53934 185 185 185
2.27926 22.40132 2.61665 185 185 185
2.17678 22.39894 2.68888 199 199 199
2.06920 22.39634 2.75329 188 188 188
1.96518 22.39978 2.82387 195 195 195
1.85066 22.39989 2.87576 190 190 190
1.73782 22.40343 2.93024 193 193 193
1.62244 22.39714 2.97912 186 186 186
1.50955 22.39842 3.03503 197 197 197
1.38860 22.39856 3.06958 193 193 193
1.26940 22.40059 3.10914 196 196 196
1.14556 22.39979 3.13142 193 193 193
1.02446 22.40025 3.16464 196 196 196
0.90178 22.40703 3.19254 199 199 199
0.77699 22.40043 3.20835 198 198 198
0.65122 22.40086 3.21299 198 198 198
0.52613 22.39635 3.22511 193 193 193
0.40045 22.40022 3.23041 198 198 198
0.27484 22.39913 3.22350 194 194 194
0.14953 22.40113 3.21504 194 194 194
0.02448 22.39534 3.20356 195 195 195
-0.10040 22.39856 3.18952 192 192 192
-0.22354 22.40319 3.16454 197 197 197
-0.34485 22.39844 3.13221 195 195 195
-0.46793 22.39744 3.10715 188 188 188
-0.58837 22.40032 3.07166 191 191 191
-0.70539 22.40031 3.02620 190 190 190
-0.82082 22.39893 2.97738 198 198 198
-0.93686 22.39958 2.93011 189 189 189
-1.04976 22.39804 2.87575 199 199 199
-1.16099 22.39994 2.81800 193 193 193
-1.27005 22.40042 2.75614 186 186 186
-1.37433 22.39994 2.68656 186 186 186
-1.47788 22.39721 2.61599 192 192 192
-1.57793 22.39939 2.54053 196 196 196
-1.67540 22.39909 2.46174 191 191 191
-1.76657 22.40070 2.37575 186 186 186
-1.85901 22.39616 2.29119 193 193 193
-1.94839 22.39909 2.20321 185 185 185
-2.03399 22.40169 2.11141 183 183 183
-2.10710 22.40201 2.00921 181 181 181
-2.18214 22.39852 1.90899 176 176 176
-2.25918 22.40011 1.80994 186 186 186
-2.32722 22.39979 1.70454 184 184 184
-2.38767 22.39933 1.59463 182 182 182
-2.44915 22.40164 1.48533 182 182 182
-2.49775 22.39991 1.36964 180 180 180
-2.54877 22.40169 1.25532 175 175 175
-2.59556 22.40106 1.13915 175 175 175
-2.63941 22.40430 1.02172 173 173 173
-2.67816 22.39913 0.90240 175 175 175
-2.70659 22.40188 0.78021 173 173 173
-2.73903 22.39823 0.65889 172 172 172
-2.75799 22.40581 0.53478 171 171 171
-2.77311 22.40384 0.41027 164 164 164
-2.78403 22.40199 0.28539 170 170 170
-2.78923 22.39944 0.16021 174 174 174
-2.79552 22.40149 0.03500 171 171 171
-2.78560 22.39973 -0.09041 172 172 172
-2.78425 22.40629 -0.21610 167 167 167
-2.76806 22.40215 -0.34070 164 164 164
-2.75416 22.40102 -0.46554 164 164 164
-2.73034 22.40153 -0.58887 165 165 165
-2.70385 22.39545 -0.71160 169 169 169
-2.67266 22.39906 -0.83323 165 165 165
-2.63333 22.39564 -0.95245 162 162 162
-2.59658 22.39459 -1.07256 160 160 160
-2.54962 22.40323 -1.18903 164 164 164
-2.50139 22.40017 -1.30499 152 152 152
-2.44418 22.40284 -1.41677 155 155 155
-2.38835 22.39928 -1.52929 157 157 157
-2.32017 22.40136 -1.63480 145 145 145
-2.25552 22.39925 -1.74236 146 146 146
-2.18471 22.39794 -1.84601 148 148 148
-2.10886 22.39772 -1.94602 147 147 147
-2.03479 22.39828 -2.04777 142 142 142
-1.94939 22.40041 -2.14008 151 151 151
-1.86063 22.40301 -2.22900 152 152 152
-1.77354 22.40160 -2.31972 148 148 148
-1.67804 22.40405 -2.40148 141 141 141
-1.57888 22.40191 -2.47861 143 143 143
-1.47984 22.40049 -2.55577 147 147 147
-1.37856 22.39646 -2.63018 147 147 147
-1.26586 22.39990 -2.68677 143 143 143
-1.16843 22.40144 -2.76892 140 140 140
-1.04949 22.40321 -2.81303 142 142 142
-0.93631 22.39804 -2.86687 141 141 141
-0.82392 22.39705 -2.92295 143 143 143
-0.70703 22.39880 -2.96886 145 145 145
-0.58748 22.40028 -3.00726 137 137 137
-0.46797 22.39885 -3.04570 138 138 138
-0.34591 22.39977 -3.07516 138 138 138
-0.22235 22.39725 -3.09714 137 137 137
-0.10010 22.39772 -3.12626 136 136 136
0.02484 22.39920 -3.13919 138 138 138
0.14894 22.40220 -3.16119 139 139 139
0.27481 22.40362 -3.16308 141 141 141
0.40045 22.40164 -3.16435 137 137 137
0.52589 22.40249 -3.15797 140 140 140
0.65158 22.40251 -3.15631 143 143 143
0.77676 22.39782 -3.14511 142 142 142
0.90072 22.39795 -3.12451 136 136 136
1.02328 22.40323 -3.09731 139 139 139
1.14618 22.40346 -3.07251 139 139 139
1.26710 22.40227 -3.03942 140 140 140
1.38824 22.39605 -3.00681 140 140 140
1.50917 22.39977 -2.97221 136 136 136
1.62388 22.40347 -2.92068 142 142 142
1.74065 22.39986 -2.87433 140 140 140
1.84905 22.40140 -2.81040 139 139 139
1.96529 22.40458 -2.76172 138 138 138
2.07347 22.39774 -2.69772 146 146 146
2.17576 22.39924 -2.62463 148 148 148
2.27863 22.40234 -2.55287 148 148 148
2.37878 22.39370 -2.47733 152 152 152
2.47763 22.40419 -2.39994 140 140 140
2.56670 22.40058 -2.31134 142 142 142
2.65739 22.39736 -2.22486 146 146 146
2.74278 22.40228 -2.13314 142 142 142
2.83388 22.39840 -2.04623 146 146 146
2.90922 22.40042 -1.94559 149 149 149
2.98629 22.39836 -1.84650 152 152 152
3.06096 22.39866 -1.74540 144 144 144
3.12409 22.39458 -1.63665 154 154 154
3.18457 22.40263 -1.52667 154 154 154
3.24867 22.40342 -1.41860 146 146 146
3.29989 22.39935 -1.30388 159 159 159
3.35341 22.40217 -1.19022 164 164 164
3.39804 22.40057 -1.07276 162 162 162
3.44305 22.40509 -0.95532 157 157 157
3.47523 22.39967 -0.83370 154 154 154
3.50929 22.39607 -0.71269 158 158 158
3.53333 22.40026 -0.58929 162 162 162
3.56026 22.40316 -0.46637 159 159 159
3.56498 22.40084 -0.34023 172 172 172
3.58099 22.40081 -0.21577 164 164 164
3.58900 22.40002 -0.09051 166 166 166
3.59632 22.80122 0.03563 163 163 163
3.59116 22.80079 0.16076 166 166 166
3.58114 22.79984 0.28549 166 166 166
3.57598 22.79891 0.41078 173 173 173
3.55128 22.80007 0.53373 177 177 177
3.53589 22.80073 0.65813 173 173 173
3.50609 22.80072 0.77980 177 177 177
3.47250 22.80148 0.90035 176 176 176
3.43719 22.80084 1.02037 186 186 186
3.40019 22.79955 1.14006 177 177 177
3.35599 22.80033 1.25734 179 179 179
3.30960 22.80161 1.37395 182 182 182
3.24196 22.79534 1.48033 190 190 190
3.19162 22.79953 1.59531 184 184 184
3.13055 22.80276 1.70485 185 185 185
3.06070 22.79708 1.80900 181 181 181
2.98758 22.80506 1.91077 183 183 183
2.91396 22.80262 2.01220 182 182 182
2.83486 22.79953 2.10948 178 178 178
2.75180 22.79962 2.20342 191 191 191
2.66497 22.80647 2.29391 186 186 186
2.57058 22.79810 2.37654 188 188 188
2.47816 22.79965 2.46108 190 190 190
2.38014 22.79721 2.53906 189 189 189
2.28234 22.80134 2.61746 198 198 198
2.17981 22.80319 2.68964 195 195 195
2.07540 22.79914 2.75924 187 187 187
1.96725 22.80415 2.82295 190 190 190
1.85012 22.79881 2.86957 188 188 188
1.74208 22.80336 2.93378 193 193 193
1.62885 22.80000 2.98819 187 187 187
1.50905 22.80205 3.02643 196 196 196
1.39146 22.80217 3.07012 191 191 191
1.27262 22.79823 3.11099 195 195 195
1.14959 22.79999 3.13691 203 203 203
1.02641 22.79962 3.16074 195 195 195
0.90432 22.80272 3.19133 195 195 195
0.77949 22.80031 3.20633 194 194 194
0.65425 22.80042 3.21667 196 196 196
0.52897 22.79788 3.22743 197 197 197
0.40321 22.80121 3.22453 198 198 198
0.27765 22.80311 3.22216 199 199 199
0.15236 22.79482 3.21415 195 195 195
0.02708 22.79958 3.20502 196 196 196
-0.09762 22.79475 3.18949 199 199 199
-0.22026 22.79862 3.16210 192 192 192
-0.34246 22.80701 3.13391 194 194 194
-0.46423 22.80285 3.10402 194 194 194
-0.58466 22.80365 3.06895 192 192 192
-0.70468 22.79931 3.03198 193 193 193
-0.82053 22.79377 2.98359 201 201 201
-0.93526 22.80195 2.93290 188 188 188
-1.04772 22.80071 2.87746 192 192 192
-1.15953 22.80328 2.82063 193 193 193
-1.26518 22.79966 2.75303 187 187 187
-1.37329 22.80111 2.68948 191 191 191
-1.47486 22.80035 2.61599 195 195 195
-1.57636 22.80155 2.54241 188 188 188
-1.67550 22.80122 2.46548 192 192 192
-1.76817 22.80286 2.38087 184 184 184
-1.85415 22.79467 2.28951 199 199 199
-1.94495 22.80248 2.20302 183 183 183
-2.02794 22.79949 2.10905 180 180 180
-2.10578 22.79850 2.01081 189 189 189
-2.17943 22.80121 1.90950 184 184 184
-2.24912 22.80126 1.80555 185 185 185
-2.31687 22.79876 1.70039 183 183 183
-2.38359 22.80163 1.59441 185 185 185
-2.43628 22.79823 1.48071 180 180 180
-2.49392 22.79973 1.36968 184 184 184
-2.54769 22.79994 1.25656 172 172 172
-2.58887 22.80505 1.13826 174 174 174
-2.63770 22.79998 1.02263 177 177 177
-2.66659 22.79726 0.90049 178 178 178
-2.70610 22.79470 0.78134 173 173 173
-2.72615 22.80104 0.65746 174 174 174
-2.75312 22.79672 0.53504 171 171 171
-2.77040 22.79763 0.41088 174 174 174
-2.77994 22.79673 0.28590 171 171 171
-2.78284 22.79888 0.16068 167 167 167
-2.78984 22.80281 0.03563 178 178 178
-2.78765 22.79692 -0.08999 161 161 161
-2.78446 22.80203 -0.21573 163 163 163
-2.76589 22.80113 -0.34019 161 161 161
-2.75096 22.79862 -0.46490 163 163 163
-2.72753 22.79728 -0.58830 164 164 164
-2.69786 22.80052 -0.71028 155 155 155
-2.67351 22.80439 -0.83372 157 157 157
-2.63444 22.79810 -0.95319 156 156 156
-2.59794 22.80108 -1.07357 154 154 154
-2.54357 22.79928 -1.18716 160 160 160
-2.50042 22.80288 -1.30532 157 157 157
-2.44193 22.80369 -1.41655 158 158 158
-2.38446 22.79957 -1.52818 158 158 158
-2.32005 22.80035 -1.63595 154 154 154
-2.25968 22.80423 -1.74652 157 157 157
-2.18028 22.79622 -1.84433 154 154 154
-2.10756 22.80437 -1.94672 154 154 154
-2.02108 22.80210 -2.03797 150 150 150
-1.94109 22.80250 -2.13451 148 148 148
-1.85608 22.80014 -2.22676 154 154 154
-1.76652 22.80018 -2.31466 142 142 142
-1.67570 22.79585 -2.40152 145 145 145
-1.57479 22.80361 -2.47646 143 143 143
-1.47552 22.79646 -2.55316 153 153 153
-1.37303 22.79984 -2.62557 147 147 147
-1.26773 22.80201 -2.69385 137 137 137
-1.15696 22.80068 -2.75290 139 139 139
-1.04943 22.79996 -2.81785 146 146 146
-0.93480 22.79981 -2.86909 146 146 146
-0.81822 22.80184 -2.91535 139 139 139
-0.70289 22.79631 -2.96459 142 142 142
-0.58476 22.80272 -3.00684 142 142 142
-0.46483 22.80196 -3.04384 140 140 140
-0.34285 22.79835 -3.07333 138 138 138
-0.22132 22.79684 -3.10526 139 139 139
-0.09680 22.79861 -3.12228 141 141 141
0.02704 22.80394 -3.14335 138 138 138
0.15225 22.79822 -3.15364 136 136 136
0.27748 22.80236 -3.16450 135 135 135
0.40321 22.80280 -3.16388 130 130 130
0.52879 22.79914 -3.16099 141 141 141
0.65378 22.79940 -3.14868 148 148 148
0.77941 22.79630 -3.14362 140 140 140
0.90384 22.79937 -3.12620 139 139 139
1.02833 22.80106 -3.10826 139 139 139
1.15081 22.79984 -3.07977 139 139 139
1.27196 22.80095 -3.04634 139 139 139
1.39149 22.80198 -3.00782 143 143 143
1.51032 22.79888 -2.96733 139 139 139
1.62789 22.79863 -2.92320 140 140 140
1.74099 22.79517 -2.86861 147 147 147
1.85442 22.80192 -2.81503 141 141 141
1.96508 22.79828 -2.75594 148 148 148
2.07086 22.80487 -2.68850 142 142 142
2.17935 22.80087 -2.62543 138 138 138
2.28060 22.79594 -2.55133 147 147 147
2.38181 22.79715 -2.47723 144 144 144
2.47937 22.80655 -2.39831 150 150 150
2.57342 22.79946 -2.31518 150 150 150
2.66543 22.80413 -2.22970 144 144 144
2.75234 22.79451 -2.13898 144 144 144
2.83134 22.80049 -2.04126 155 155 155
2.91444 22.80232 -1.94709 145 145 145
2.98770 22.80065 -1.84506 154 154 154
3.05905 22.80107 -1.74182 160 160 160
3.12771 22.80139 -1.63671 144 144 144
3.19087 22.79503 -1.52818 157 157 157
3.25178 22.80110 -1.41830 154 154 154
3.30793 22.80139 -1.30583 156 156 156
3.35599 22.79491 -1.18965 164 164 164
3.40206 22.80152 -1.07272 162 162 162
3.44381 22.79978 -0.95415 156 156 156
3.47957 22.79960 -0.83362 162 162 162
3.51357 22.80100 -0.71251 157 157 157
3.53097 22.79738 -0.58771 159 159 159
3.55454 22.80305 -0.46445 158 158 158
3.57833 22.79881 -0.34090 161 161 161
3.58538 22.80253 -0.21530 164 164 164
3.60070 22.79678 -0.09025 168 168 168
3.60271 23.20318 0.03625 156 156 156
3.60089 23.20349 0.16166 167 167 167
3.58583 23.19560 0.28627 175 175 175
3.57844 23.19759 0.41137 172 172 172
3.55737 23.19635 0.53489 173 173 173
3.53518 23.19838 0.65807 179 179 179
3.51146 23.20292 0.78105 164 164 164
3.48542 23.20206 0.90385 176 176 176
3.44379 23.20037 1.02225 177 177 177
3.40384 23.20008 1.14103 180 180 180
3.35495 23.20185 1.25640 183 183 183
3.30714 23.20259 1.37218 178 178 178
3.25299 23.20227 1.48518 177 177 177
3.19045 23.19924 1.59374 177 177 177
3.13247 23.20154 1.70496 184 184 184
3.06140 23.19965 1.80826 188 188 188
2.99508 23.20205 1.91484 185 185 185
2.91426 23.20456 2.01089 186 186 186
2.83663 23.19996 2.10926 187 187 187
2.75263 23.19765 2.20227 192 192 192
2.66435 23.19667 2.29116 185 185 185
2.57514 23.19690 2.37912 199 199 199
2.48645 23.19596 2.46818 191 191 191
2.38428 23.20415 2.54146 196 196 196
2.28533 23.20048 2.61842 189 189 189
2.17902 23.20248 2.68497 186 186 186
2.07745 23.19881 2.75873 194 194 194
1.96949 23.20058 2.82270 197 197 197
1.85942 23.19795 2.88310 196 196 196
1.74447 23.19988 2.93371 199 199 199
1.62833 23.20287 2.98104 190 190 190
1.51496 23.19871 3.03577 192 192 192
1.39593 23.20006 3.07625 188 188 188
1.27342 23.19729 3.10499 191 191 191
1.15301 23.20067 3.14071 192 192 192
1.02974 23.20105 3.16483 195 195 195
0.90706 23.20279 3.19261 197 197 197
0.78157 23.19733 3.20246 194 194 194
0.65686 23.19909 3.21748 196 196 196
0.53118 23.20032 3.21882 198 198 198
0.40576 23.19446 3.23022 200 200 200
0.27991 23.20183 3.22986 198 198 198
0.15443 23.20227 3.22046 195 195 195
0.02956 23.20228 3.20573 195 195 195
-0.09488 23.19954 3.18846 191 191 191
-0.21803 23.20199 3.16385 190 190 190
-0.34157 23.19740 3.14102 196 196 196
-0.46253 23.19643 3.10724 191 191 191
-0.58250 23.19749 3.07037 192 192 192
-0.70293 23.20126 3.03440 198 198 198
-0.82049 23.19797 2.98992 192 192 192
-0.93436 23.20349 2.93677 189 189 189
-1.04453 23.19761 2.87649 195 195 195
-1.15565 23.20483 2.81857 188 188 188
-1.26508 23.20363 2.75736 191 191 191
-1.36732 23.19427 2.68470 186 186 186
-1.47291 23.20308 2.61718 195 195 195
-1.57317 23.20083 2.54198 191 191 191
-1.66686 23.20145 2.45873 185 185 185
-1.76313 23.19880 2.37859 191 191 191
-1.85205 23.19945 2.29038 187 187 187
-1.94249 23.19938 2.20354 181 181 181
-2.02160 23.20315 2.10626 184 184 184
-2.10796 23.19687 2.01501 181 181 181
-2.17959 23.20509 1.91195 184 184 184
-2.25127 23.20505 1.80919 189 189 189
-2.31989 23.20065 1.70431 177 177 177
-2.38325 23.20090 1.59616 186 186 186
-2.43767 23.20143 1.48324 180 180 180
-2.49465 23.19875 1.37173 183 183 183
-2.54394 23.20482 1.25661 168 168 168
-2.59198 23.19926 1.14090 179 179 179
-2.62324 23.20436 1.01932 175 175 175
-2.66736 23.20294 0.90200 179 179 179
-2.70169 23.20044 0.78148 171 171 171
-2.72269 23.20000 0.65787 172 172 172
-2.74561 23.20239 0.53485 170 170 170
-2.76160 23.20388 0.41074 171 171 171
-2.78144 23.20355 0.28683 161 161 161
-2.78325 23.20111 0.16142 173 173 173
-2.78537 23.19757 0.03625 163 163 163
-2.78155 23.20227 -0.08924 171 171 171
-2.77684 23.19973 -0.21474 170 170 170
-2.76437 23.20409 -0.33972 167 167 167
-2.75078 23.19945 -0.46471 162 162 162
-2.72723 23.19997 -0.58819 162 162 162
-2.69887 23.20486 -0.71059 161 161 161
-2.66934 23.20406 -0.83273 155 155 155
-2.63309 23.19804 -0.95306 157 157 157
-2.59140 23.19705 -1.07159 158 158 158
-2.54556 23.19674 -1.18854 161 161 161
-2.49139 23.19877 -1.30185 156 156 156
-2.44199 23.20555 -1.41740 153 153 153
-2.38356 23.20207 -1.52864 156 156 156
-2.31711 23.19860 -1.63525 151 151 151
-2.25018 23.20242 -1.74142 148 148 148
-2.17942 23.20170 -1.84511 158 158 158
-2.10189 23.20279 -1.94381 152 152 152
-2.02730 23.20139 -2.04501 152 152 152
-1.94013 23.20349 -2.13553 147 147 147
-1.85523 23.20056 -2.22801 155 155 155
-1.75965 23.19756 -2.30954 148 148 148
-1.66618 23.20249 -2.39291 141 141 141
-1.57407 23.19921 -2.47834 147 147 147
-1.47689 23.20203 -2.55811 142 142 142
-1.36823 23.20025 -2.62174 144 144 144
-1.26362 23.19917 -2.69085 150 150 150
-1.15826 23.20256 -2.75931 142 142 142
-1.04350 23.19524 -2.81074 141 141 141
-0.93360 23.20180 -2.87154 143 143 143
-0.81851 23.20004 -2.92173 142 142 142
-0.70116 23.19793 -2.96633 150 150 150
-0.58094 23.19817 -3.00244 139 139 139
-0.46350 23.19829 -3.04763 147 147 147
-0.34154 23.19799 -3.07798 138 138 138
-0.21731 23.20274 -3.09740 139 139 139
-0.09383 23.20055 -3.11906 141 141 141
0.02997 23.19862 -3.13952 144 144 144
0.15446 23.19743 -3.15728 144 144 144
0.28033 23.19812 -3.15639 143 143 143
0.40576 23.19837 -3.15996 136 136 136
0.53126 23.19605 -3.15825 140 140 140
0.65629 23.20304 -3.14754 137 137 137
0.78123 23.19922 -3.13685 133 133 133
0.90560 23.19944 -3.12062 139 139 139
1.02996 23.19975 -3.10308 139 139 139
1.15215 23.19744 -3.07420 140 140 140
1.27300 23.19617 -3.04047 142 142 142
1.39503 23.20072 -3.01033 134 134 134
1.51308 23.20042 -2.96740 132 132 132
1.62808 23.19785 -2.91700 135 135 135
1.74448 23.20182 -2.87015 136 136 136
1.85866 23.20153 -2.81788 140 140 140
1.96608 23.20106 -2.75270 145 145 145
2.07437 23.20048 -2.68959 145 145 145
2.18289 23.19575 -2.62644 148 148 148
2.28921 23.20152 -2.55921 147 147 147
2.38229 23.19678 -2.47415 145 145 145
2.48130 23.20189 -2.39713 153 153 153
2.57231 23.19340 -2.31078 150 150 150
2.66161 23.20273 -2.22287 147 147 147
2.75248 23.19787 -2.13630 143 143 143
2.83764 23.20111 -2.04401 151 151 151
2.91517 23.20324 -1.94519 145 145 145
2.98482 23.19932 -1.84066 147 147 147
3.06160 23.19757 -1.74135 154 154 154
3.12962 23.20005 -1.63585 150 150 150
3.18792 23.19800 -1.52463 155 155 155
3.24521 23.20105 -1.41317 151 151 151
3.31216 23.20029 -1.30611 151 151 151
3.36262 23.20208 -1.19084 158 158 158
3.40096 23.19579 -1.07087 157 157 157
3.44087 23.20100 -0.95184 156 156 156
3.48333 23.19526 -0.83343 162 162 162
3.51408 23.20143 -0.71148 160 160 160
3.54220 23.20117 -0.58888 160 160 160
3.56111 23.19652 -0.46452 158 158 158
3.58155 23.20207 -0.34039 173 173 173
3.59024 23.20112 -0.21489 167 167 167
3.60376 23.20199 -0.08966 161 161 161
3.61021 23.60177 0.03688 162 162 162
3.60197 23.60315 0.16223 172 172 172
3.58878 23.60425 0.28693 172 172 172
3.57913 23.60132 0.41178 173 173 173
3.56467 23.60050 0.53627 172 172 172
3.53920 23.60072 0.65899 172 172 172
3.50916 23.60282 0.78052 170 170 170
3.48267 23.60008 0.90298 179 179 179
3.45009 23.60142 1.02410 177 177 177
3.40494 23.59937 1.14112 178 178 178
3.35973 23.60118 1.25796 181 181 181
3.31436 23.59408 1.37496 180 180 180
3.25444 23.59992 1.48525 187 187 187
3.19491 23.59896 1.59544 173 173 173
3.12602 23.59968 1.70008 186 186 186
3.06695 23.59948 1.81089 187 187 187
2.99494 23.60078 1.91351 176 176 176
2.91559 23.60257 2.01056 181 181 181
2.83809 23.60606 2.10896 186 186 186
2.75615 23.59642 2.20379 196 196 196
2.66741 23.60139 2.29231 189 189 189
2.57652 23.60280 2.37848 193 193 193
2.48410 23.59848 2.46308 191 191 191
2.39005 23.60241 2.54618 185 185 185
2.28528 23.59938 2.61549 186 186 186
2.18470 23.60066 2.69030 188 188 188
2.08029 23.60224 2.75988 188 188 188
1.97037 23.60067 2.82039 186 186 186
1.85571 23.59694 2.87152 197 197 197
1.74564 23.60267 2.93142 195 195 195
1.62960 23.60009 2.97869 199 199 199
1.51384 23.60208 3.02663 194 194 194
1.39581 23.59821 3.06887 190 190 190
1.27447 23.60493 3.10061 199 199 199
1.15441 23.59904 3.13693 191 191 191
1.03196 23.60307 3.16436 192 192 192
0.90780 23.59835 3.18262 198 198 198
0.78433 23.59910 3.20609 196 196 196
0.65964 23.59963 3.22309 195 195 195
0.53389 23.60418 3.22832 194 194 194
0.40810 23.60003 3.22400 192 192 192
0.28243 23.59837 3.22544 203 203 203
0.15706 23.59709 3.21688 192 192 192
0.03188 23.59651 3.20613 207 207 207
-0.09247 23.60178 3.18823 201 201 201
-0.21711 23.60073 3.17120 201 201 201
-0.33978 23.59951 3.14354 196 196 196
-0.46091 23.59806 3.11000 193 193 193
-0.58114 23.59745 3.07362 190 190 190
-0.69904 23.60202 3.03042 199 199 199
-0.81434 23.60064 2.98098 191 191 191
-0.93444 23.59962 2.94229 194 194 194
-1.04379 23.60333 2.87994 187 187 187
-1.15322 23.60003 2.81871 193 193 193
-1.25850 23.59967 2.75076 190 190 190
-1.37016 23.60366 2.69280 192 192 192
-1.47345 23.59918 2.62151 193 193 193
-1.57138 23.59903 2.54306 194 194 194
-1.66645 23.60072 2.46139 190 190 190
-1.76125 23.59668 2.37950 189 189 189
-1.84549 23.60294 2.28660 184 184 184
-1.93673 23.60300 2.20082 188 188 188
-2.02014 23.59720 2.10747 190 190 190
-2.10479 23.59920 2.01482 180 180 180
-2.17473 23.59851 1.91061 181 181 181
-2.24602 23.59792 1.80774 191 191 191
-2.32120 23.59935 1.70706 184 184 184
-2.37891 23.59790 1.59556 182 182 182
-2.43873 23.59749 1.48550 178 178 178
-2.49225 23.60302 1.37224 182 182 182
-2.54675 23.60082 1.25929 184 184 184
-2.58058 23.59998 1.13812 172 172 172
-2.62541 23.59747 1.02135 182 182 182
-2.66471 23.59981 0.90249 175 175 175
-2.69492 23.59454 0.78099 177 177 177
-2.72980 23.60211 0.66034 180 180 180
-2.75103 23.59536 0.53668 176 176 176
-2.75933 23.59609 0.41135 170 170 170
-2.77295 23.59815 0.28696 164 164 164
-2.78742 23.59981 0.16229 176 176 176
-2.77895 23.60301 0.03688 168 168 168
-2.78338 23.59287 -0.08879 167 167 167
-2.77439 23.60426 -0.21413 164 164 164
-2.76270 23.59860 -0.33922 162 162 162
-2.74857 23.60024 -0.46416 164 164 164
-2.72201 23.59939 -0.58707 165 165 165
-2.69856 23.60322 -0.71054 165 165 165
-2.66836 23.60291 -0.83258 174 174 174
-2.63023 23.60186 -0.95237 155 155 155
-2.58931 23.60302 -1.07118 148 148 148
-2.54204 23.60089 -1.18756 151 151 151
-2.49495 23.60044 -1.30408 154 154 154
-2.43668 23.60111 -1.41541 166 166 166
-2.37948 23.59564 -1.52719 157 157 157
-2.31833 23.60078 -1.63697 152 152 152
-2.24491 23.59729 -1.73901 150 150 150
-2.17335 23.60205 -1.84195 151 151 151
-2.10177 23.59723 -1.94511 152 152 152
-2.01498 23.59862 -2.03605 152 152 152
-1.93505 23.59875 -2.13257 148 148 148
-1.84993 23.60124 -2.22461 144 144 144
-1.75882 23.59954 -2.31074 152 152 152
-1.66756 23.59885 -2.39684 137 137 137
-1.56801 23.59986 -2.47317 143 143 143
-1.46920 23.60158 -2.55030 151 151 151
-1.36710 23.59758 -2.62310 150 150 150
-1.26158 23.59748 -2.69089 146 146 146
-1.15312 23.60030 -2.75383 141 141 141
-1.04269 23.59952 -2.81327 144 144 144
-0.93360 23.60048 -2.87613 144 144 144
-0.81527 23.60001 -2.91906 145 145 145
-0.69805 23.59899 -2.96374 137 137 137
-0.57996 23.59906 -3.00611 145 145 145
-0.46031 23.59834 -3.04409 141 141 141
-0.33951 23.60008 -3.07875 135 135 135
-0.21683 23.59997 -3.10623 139 139 139
-0.09228 23.59801 -3.12349 142 142 142
0.03254 23.59947 -3.13707 131 131 131
0.15702 23.59928 -3.15398 144 144 144
0.28245 23.60152 -3.16165 139 139 139
0.40810 23.59699 -3.16683 138 138 138
0.53367 23.60216 -3.15937 140 140 140
0.65885 23.59788 -3.14968 138 138 138
0.78402 23.59979 -3.13999 141 141 141
0.90924 23.59735 -3.12824 141 141 141
1.03135 23.60099 -3.09771 141 141 141
1.15536 23.59741 -3.07723 139 139 139
1.27682 23.59778 -3.04517 143 143 143
1.39631 23.59816 -3.00654 141 141 141
1.51647 23.59672 -2.96973 145 145 145
1.63094 23.59505 -2.91775 143 143 143
1.74420 23.59971 -2.86398 146 146 146
1.85956 23.60082 -2.81457 140 140 140
1.96871 23.60075 -2.75273 136 136 136
2.07668 23.60266 -2.68906 140 140 140
2.18389 23.59684 -2.62396 147 147 147
2.28399 23.60620 -2.54835 147 147 147
2.38691 23.60317 -2.47659 150 150 150
2.48484 23.60045 -2.39809 145 145 145
2.57431 23.59963 -2.30996 149 149 149
2.66746 23.59916 -2.22594 145 145 145
2.75823 23.59939 -2.13901 154 154 154
2.83556 23.59903 -2.03978 140 140 140
2.91697 23.59787 -1.94431 146 146 146
2.98978 23.59255 -1.84211 152 152 152
3.06411 23.60026 -1.74101 148 148 148
3.13288 23.60107 -1.63595 151 151 151
3.19763 23.60429 -1.52828 152 152 152
3.25570 23.60227 -1.41685 158 158 158
3.31391 23.59947 -1.30535 148 148 148
3.35682 23.59606 -1.18697 153 153 153
3.40251 23.59800 -1.07006 155 155 155
3.44114 23.59844 -0.95065 168 168 168
3.48389 23.60438 -0.83239 153 153 153
3.51437 23.60245 -0.71044 162 162 162
3.54265 23.59594 -0.58795 160 160 160
3.56012 23.60478 -0.46342 168 168 168
3.58157 23.60116 -0.33954 157 157 157
3.59513 23.60446 -0.21449 166 166 166
3.59491 23.59902 -0.08861 167 167 167
3.60165 24.00019 0.03750 163 163 163
3.59919 24.00266 0.16265 166 166 166
3.59107 24.00021 0.28755 169 169 169
3.57944 24.00210 0.41217 171 171 171
3.56492 23.99775 0.53657 170 170 170
3.54109 23.99813 0.65953 175 175 175
3.51994 23.99459 0.78318 165 165 165
3.48387 23.99745 0.90329 176 176 176
3.44163 23.99843 1.02122 170 170 170
3.40346 23.99913 1.14034 173 173 173
3.36073 23.99971 1.25803 174 174 174
3.30886 24.00235 1.37198 178 178 178
3.25669 23.99784 1.48583 182 182 182
3.19950 24.00580 1.59733 183 183 183
3.13674 24.00132 1.70584 183 183 183
3.06495 23.99833 1.80862 189 189 189
2.99723 23.99719 1.91410 184 184 184
2.91644 23.99785 2.01001 182 182 182
2.83714 23.99882 2.10677 190 190 190
2.75516 23.99610 2.20134 184 184 184
2.67054 24.00370 2.29372 189 189 189
2.58067 24.00039 2.38107 183 183 183
2.48286 24.00061 2.45952 185 185 185
2.38936 23.99859 2.54297 191 191 191
2.28714 23.99786 2.61545 184 184 184
2.18370 23.99966 2.68595 190 190 190
2.08038 24.00102 2.75685 190 190 190
1.97414 23.99911 2.82362 189 189 189
1.86061 24.00062 2.87723 189 189 189
1.74788 23.99467 2.93192 188 188 188
1.63255 24.00136 2.98090 191 191 191
1.51692 23.99982 3.02941 193 193 193
1.39822 24.00257 3.06995 183 183 183
1.27764 24.00159 3.10444 195 195 195
1.15680 23.99606 3.13817 193 193 193
1.03470 23.99937 3.16753 197 197 197
0.91068 23.99830 3.18750 201 201 201
0.78601 23.99898 3.20233 202 202 202
0.66108 23.99816 3.21445 194 194 194
0.53580 23.99803 3.22261 194 194 194
0.41024 23.99936 3.22637 192 192 192
0.28463 24.00067 3.22381 201 201 201
0.15888 24.00518 3.22099 198 198 198
0.03391 23.99974 3.20711 191 191 191
-0.08959 24.00245 3.18367 187 187 187
-0.21372 24.00351 3.16507 195 195 195
-0.33550 24.00194 3.13476 197 197 197
-0.45692 23.99784 3.10362 193 193 193
-0.58014 24.00608 3.07735 193 193 193
-0.69574 24.00338 3.02752 198 198 198
-0.81292 24.00075 2.98296 193 193 193
-0.92831 24.00501 2.93389 193 193 193
-1.03881 24.00152 2.87464 198 198 198
-1.15338 24.00169 2.82312 189 189 189
-1.26247 23.99496 2.76105 195 195 195
-1.36471 24.00100 2.68819 193 193 193
-1.47212 23.99845 2.62298 188 188 188
-1.56594 23.99994 2.53924 188 188 188
-1.66871 23.99931 2.46693 194 194 194
-1.75790 23.99757 2.37859 185 185 185
-1.85159 23.99682 2.29525 192 192 192
-1.93817 23.99775 2.20456 195 195 195
-2.01930 24.00302 2.10903 183 183 183
-2.10279 24.00400 2.01539 179 179 179
-2.17063 24.00030 1.90966 185 185 185
-2.24385 23.99837 1.80821 187 187 187
-2.31411 23.99691 1.70452 181 181 181
-2.37636 24.00618 1.59584 181 181 181
-2.43338 23.99768 1.48439 180 180 180
-2.48563 23.99709 1.37071 180 180 180
-2.54071 23.99920 1.25822 177 177 177
-2.58140 24.00125 1.13976 179 179 179
-2.61874 23.99951 1.02044 173 173 173
-2.66489 23.99668 0.90372 182 182 182
-2.69386 24.00183 0.78183 173 173 173
-2.71702 23.99765 0.65881 179 179 179
-2.74059 23.99762 0.53596 169 169 169
-2.75988 23.99865 0.41227 168 168 168
-2.77176 23.99570 0.28764 171 171 171
-2.77746 24.00177 0.16260 164 164 164
-2.78808 24.00271 0.03750 170 170 170
-2.77475 24.00053 -0.08792 172 172 172
-2.78112 24.00253 -0.21424 161 161 161
-2.75592 24.00139 -0.33809 167 167 167
-2.74306 23.99941 -0.46306 158 158 158
-2.72454 23.99834 -0.58744 169 169 169
-2.69911 24.00415 -0.71064 160 160 160
-2.66370 23.99856 -0.83134 160 160 160
-2.62622 23.99741 -0.95125 158 158 158
-2.58942 24.00346 -1.07150 152 152 152
-2.53643 23.99933 -1.18563 157 157 157
-2.49622 23.99728 -1.30516 158 158 158
-2.43836 24.00067 -1.41688 157 157 157
-2.37332 24.00188 -1.52447 156 156 156
-2.31415 24.00096 -1.63525 153 153 153
-2.24794 23.99922 -1.74200 154 154 154
-2.17183 23.99951 -1.84195 145 145 145
-2.09718 24.00059 -1.94273 154 154 154
-2.02014 24.00014 -2.04184 153 153 153
-1.92857 23.99854 -2.12811 157 157 157
-1.85241 24.00092 -2.22880 151 151 151
-1.75812 23.99882 -2.31184 146 146 146
-1.66195 24.00098 -2.39232 148 148 148
-1.56962 24.00357 -2.47748 148 148 148
-1.46883 24.00171 -2.55229 142 142 142
-1.36694 23.99752 -2.62560 144 144 144
-1.26177 24.00574 -2.69422 142 142 142
-1.15272 24.00047 -2.75647 151 151 151
-1.04127 24.00015 -2.81419 145 145 145
-0.92964 24.00002 -2.87169 140 140 140
-0.81226 24.00320 -2.91645 148 148 148
-0.69434 23.99732 -2.95896 140 140 140
-0.57827 23.99422 -3.00696 146 146 146
-0.45908 24.00285 -3.04677 140 140 140
-0.33676 24.00272 -3.07563 138 138 138
-0.21314 23.99891 -3.09786 145 145 145
-0.09013 23.99736 -3.12286 137 137 137
0.03444 23.99896 -3.13852 137 137 137
0.15896 23.99997 -3.15591 141 141 141
0.28457 23.99918 -3.16135 142 142 142
0.41024 23.99882 -3.16746 138 138 138
0.53578 24.00138 -3.15790 132 132 132
0.66122 23.99982 -3.15210 145 145 145
0.78635 24.00272 -3.14104 145 145 145
0.91047 23.99882 -3.12194 139 139 139
1.03409 24.00243 -3.10017 140 140 140
1.15753 23.99834 -3.07684 140 140 140
1.27925 23.99961 -3.04568 135 135 135
1.39786 23.99160 -3.00423 143 143 143
1.51602 24.00160 -2.96221 135 135 135
1.63335 24.00016 -2.91791 139 139 139
1.75093 23.99978 -2.87345 135 135 135
1.86412 24.00094 -2.81884 141 141 141
1.97264 24.00263 -2.75547 147 147 147
2.07872 23.99840 -2.68846 146 146 146
2.18769 24.00339 -2.62600 144 144 144
2.28560 24.00120 -2.54716 146 146 146
2.39016 23.99974 -2.47756 139 139 139
2.48304 23.99583 -2.39303 151 151 151
2.57846 24.00319 -2.31170 150 150 150
2.67073 24.00115 -2.22663 145 145 145
2.75485 24.00085 -2.13346 156 156 156
2.83900 23.99822 -2.04045 151 151 151
2.91835 23.99689 -1.94327 154 154 154
2.99413 23.99748 -1.84327 149 149 149
3.06497 23.99985 -1.73970 150 150 150
3.13538 24.00339 -1.63571 149 149 149
3.19578 24.00768 -1.52558 157 157 157
3.25440 24.00068 -1.41461 151 151 151
3.30960 24.00149 -1.30189 157 157 157
3.36208 24.00108 -1.18776 149 149 149
3.40312 23.99971 -1.06900 155 155 155
3.44154 23.99821 -0.94957 154 154 154
3.48153 23.99778 -0.83059 161 161 161
3.51073 24.00154 -0.70851 167 167 167
3.54519 23.99510 -0.58747 170 170 170
3.56213 24.00004 -0.46283 161 161 161
3.58205 24.00273 -0.33876 165 165 165
3.59499 24.00034 -0.21371 164 164 164
3.59984 23.99759 -0.08811 171 171 171
3.60625 24.40043 0.03812 169 169 169
3.60401 24.39971 0.16338 167 167 167
3.58920 24.39997 0.28786 172 172 172
3.58590 24.40364 0.41330 170 170 170
3.56603 24.39677 0.53703 171 171 171
3.54167 24.39904 0.65985 171 171 171
3.51817 24.39945 0.78287 172 172 172
3.48315 24.39923 0.90312 172 172 172
3.45014 24.39835 1.02392 172 172 172
3.40929 24.39969 1.14234 177 177 177
3.36459 24.40063 1.25937 174 174 174
3.31121 24.40254 1.37271 182 182 182
3.25854 24.39781 1.48631 174 174 174
3.19709 24.39890 1.59541 179 179 179
3.13126 24.39491 1.70180 184 184 184
3.06891 24.39712 1.81046 184 184 184
2.99637 24.39879 1.91255 179 179 179
2.91665 24.40253 2.00912 183 183 183
2.84458 24.39988 2.11193 188 188 188
2.75613 24.39731 2.20089 186 186 186
2.66934 24.39818 2.29101 191 191 191
2.58121 24.39978 2.37997 187 187 187
2.48654 24.39930 2.46196 187 187 187
2.39404 24.40103 2.54683 194 194 194
2.28906 24.40078 2.61580 187 187 187
2.19114 24.40003 2.69454 192 192 192
2.08190 24.40125 2.75651 188 188 188
1.97373 24.40206 2.81975 189 189 189
1.86160 24.40414 2.87567 190 190 190
1.74850 24.40365 2.92934 186 186 186
1.63730 24.39658 2.98797 193 193 193
1.51792 24.39924 3.02712 193 193 193
1.39764 24.39707 3.06244 193 193 193
1.27990 24.39753 3.10582 196 196 196
1.15792 24.40123 3.13499 199 199 199
1.03605 24.39624 3.16481 196 196 196
0.91286 24.39604 3.18921 199 199 199
0.78820 24.40228 3.20466 193 193 193
0.66336 24.40328 3.21900 196 196 196
0.53788 24.39244 3.22652 200 200 200
0.41217 24.39944 3.22547 191 191 191
0.28658 24.39987 3.22351 197 197 197
0.16057 24.39545 3.22416 195 195 195
0.03606 24.40447 3.20540 192 192 192
-0.08793 24.39812 3.18551 195 195 195
-0.21143 24.40226 3.16337 204 204 204
-0.33443 24.39858 3.13854 195 195 195
-0.45330 24.40108 3.09781 192 192 192
-0.57637 24.39782 3.07187 191 191 191
-0.69515 24.39531 3.03137 184 184 184
-0.81276 24.39519 2.98747 189 189 189
-0.92502 24.39942 2.93121 190 190 190
-1.03848 24.39754 2.87806 195 195 195
-1.14601 24.40154 2.81371 186 186 186
-1.25500 24.40136 2.75233 192 192 192
-1.36325 24.40295 2.68923 184 184 184
-1.46555 24.39960 2.61695 192 192 192
-1.56505 24.40052 2.54093 191 191 191
-1.66430 24.39948 2.46441 191 191 191
-1.75817 24.40212 2.38138 189 189 189
-1.84747 24.39916 2.29348 190 190 190
-1.93237 24.40158 2.20142 181 181 181
-2.01687 24.39704 2.10905 186 186 186
-2.09479 24.40199 2.01107 186 186 186
-2.17123 24.39899 1.91197 179 179 179
-2.24522 24.39896 1.81090 184 184 184
-2.30808 24.39979 1.70251 179 179 179
-2.37106 24.40110 1.59447 190 190 190
-2.43520 24.40591 1.48682 177 177 177
-2.48779 24.40444 1.37313 173 173 173
-2.53525 24.40143 1.25730 179 179 179
-2.57833 24.39954 1.13989 179 179 179
-2.62758 24.40481 1.02450 177 177 177
-2.65361 24.40653 0.90165 183 183 183
-2.69738 24.40134 0.78372 169 169 169
-2.71997 24.40220 0.66037 168 168 168
-2.73336 24.40123 0.53572 167 167 167
-2.75863 24.39820 0.41296 170 170 170
-2.77272 24.40598 0.28848 169 169 169
-2.77853 24.40121 0.16334 161 161 161
-2.77387 24.39553 0.03813 173 173 173
-2.77809 24.40302 -0.08752 165 165 165
-2.76903 24.39817 -0.21284 169 169 169
-2.75725 24.40049 -0.33789 165 165 165
-2.74456 24.39442 -0.46303 163 163 163
-2.72149 24.40068 -0.58666 164 164 164
-2.68919 24.40522 -0.70818 164 164 164
-2.66664 24.40579 -0.83219 160 160 160
-2.62545 24.39930 -0.95110 161 161 161
-2.58687 24.39956 -1.07076 158 158 158
-2.53639 24.39750 -1.18591 153 153 153
-2.48852 24.40077 -1.30202 157 157 157
-2.43353 24.40183 -1.41492 153 153 153
-2.37576 24.39989 -1.52645 142 142 142
-2.31248 24.39863 -1.63495 151 151 151
-2.23721 24.40659 -1.73566 157 157 157
-2.16932 24.40418 -1.84107 148 148 148
-2.09801 24.40064 -1.94446 143 143 143
-2.01647 24.39353 -2.03990 151 151 151
-1.93511 24.40181 -2.13549 152 152 152
-1.84616 24.39886 -2.22402 147 147 147
-1.76099 24.39922 -2.31660 142 142 142
-1.66505 24.39522 -2.39776 137 137 137
-1.56414 24.40140 -2.47252 144 144 144
-1.46442 24.39962 -2.54841 145 145 145
-1.36178 24.40021 -2.62030 144 144 144
-1.25822 24.40139 -2.69110 139 139 139
-1.14895 24.40214 -2.75271 145 145 145
-1.03891 24.39871 -2.81288 146 146 146
-0.92616 24.40678 -2.86784 143 143 143
-0.81251 24.39641 -2.92120 138 138 138
-0.69446 24.40132 -2.96400 138 138 138
-0.57532 24.39840 -3.00330 138 138 138
-0.45380 24.39853 -3.03437 142 142 142
-0.33309 24.40088 -3.06782 139 139 139
-0.21147 24.40283 -3.09860 134 134 134
-0.08830 24.39885 -3.12291 142 142 142
0.03608 24.40269 -3.14036 142 142 142
0.16134 24.40281 -3.14951 139 139 139
0.28651 24.39715 -3.16031 130 130 130
0.41217 24.39814 -3.16176 139 139 139
0.53796 24.39773 -3.16376 142 142 142
0.66404 24.40205 -3.16283 136 136 136
0.78843 24.40129 -3.14175 138 138 138
0.91310 24.40377 -3.12578 144 144 144
1.03464 24.40194 -3.09273 137 137 137
1.15796 24.39969 -3.07005 141 141 141
1.28136 24.40145 -3.04578 139 139 139
1.39991 24.40138 -3.00407 136 136 136
1.51878 24.39923 -2.96396 139 139 139
1.63764 24.40012 -2.92313 140 140 140
1.75113 24.40153 -2.86921 140 140 140
1.86304 24.40325 -2.81246 140 140 140
1.97508 24.40316 -2.75590 139 139 139
2.08084 24.39814 -2.68830 140 140 140
2.18945 24.39640 -2.62530 148 148 148
2.28987 24.40127 -2.54994 145 145 145
2.38819 24.40512 -2.47216 147 147 147
2.48666 24.40263 -2.39457 154 154 154
2.58148 24.40229 -2.31243 153 153 153
2.66902 24.40087 -2.22255 152 152 152
2.75954 24.39546 -2.13557 156 156 156
2.83656 24.40079 -2.03627 148 148 148
2.92197 24.40412 -1.94416 155 155 155
2.99312 24.39916 -1.84068 156 156 156
3.06754 24.40010 -1.73967 148 148 148
3.13293 24.39331 -1.63257 155 155 155
3.19055 24.40425 -1.52110 166 166 166
3.25546 24.40063 -1.41370 157 157 157
3.31014 24.40040 -1.30076 169 169 169
3.36602 24.40566 -1.18810 157 157 157
3.41095 24.39929 -1.07067 165 165 165
3.45136 24.40272 -0.95161 154 154 154
3.48190 24.39675 -0.82963 167 167 167
3.51841 24.40156 -0.70935 154 154 154
3.55140 24.39864 -0.58777 164 164 164
3.56781 24.40018 -0.46286 171 171 171
3.57406 24.40321 -0.33700 165 165 165
3.59714 24.40010 -0.21314 166 166 166
3.59764 24.39761 -0.08733 170 170 170
3.60669 24.80114 0.03875 168 168 168
3.60044 24.80209 0.16379 169 169 169
3.59138 24.80030 0.28851 170 170 170
3.58887 24.80703 0.41406 170 170 170
3.57379 24.79609 0.53859 175 175 175
3.54812 24.80111 0.66138 178 178 178
3.51724 24.79829 0.78281 172 172 172
3.48559 24.80140 0.90389 177 177 177
3.44766 24.79564 1.02312 178 178 178
3.40805 24.80599 1.14180 182 182 182
3.36613 24.79775 1.25985 173 173 173
3.31045 24.79580 1.37210 185 185 185
3.26164 24.80079 1.48754 172 172 172
3.20015 24.80545 1.59668 175 175 175
3.13772 24.80264 1.70521 181 181 181
3.07266 24.80194 1.81232 182 182 182
3.00100 24.79961 1.91515 189 189 189
2.92160 24.79963 2.01213 190 190 190
2.84420 24.79621 2.11059 192 192 192
2.75977 24.79863 2.20310 180 180 180
2.66909 24.79793 2.28947 189 189 189
2.58802 24.80155 2.38589 179 179 179
2.48701 24.80479 2.46088 197 197 197
2.39187 24.80384 2.54227 191 191 191
2.29142 24.79924 2.61705 183 183 183
2.18634 24.80431 2.68513 192 192 192
2.08500 24.80008 2.75909 187 187 187
1.97381 24.79904 2.81713 195 195 195
1.86558 24.80037 2.88041 193 193 193
1.75333 24.80270 2.93636 202 202 202
1.63901 24.79960 2.98820 189 189 189
1.52182 24.80044 3.03326 192 192 192
1.40124 24.80070 3.06845 196 196 196
1.28178 24.80124 3.10662 195 195 195
1.15976 24.80141 3.13568 196 196 196
1.03763 24.79715 3.16425 199 199 199
0.91455 24.80239 3.18920 197 197 197
0.78976 24.79881 3.20348 191 191 191
0.66550 24.79967 3.22440 202 202 202
0.53939 24.79938 3.22127 191 191 191
0.41389 24.79736 3.22694 190 190 190
0.28848 24.79723 3.21884 201 201 201
0.16329 24.80073 3.21150 190 190 190
0.03808 24.79754 3.20296 202 202 202
-0.08649 24.79579 3.18738 198 198 198
-0.21171 24.79854 3.17358 193 193 193
-0.33256 24.79731 3.13808 191 191 191
-0.45358 24.79618 3.10510 198 198 198
-0.57412 24.79653 3.07045 194 194 194
-0.69189 24.80281 3.02742 191 191 191
-0.80943 24.79923 2.98385 196 196 196
-0.92519 24.79969 2.93558 198 198 198
-1.04307 24.79930 2.89072 188 188 188
-1.14649 24.80182 2.81794 192 192 192
-1.25524 24.80197 2.75585 196 196 196
-1.36316 24.80210 2.69201 189 189 189
-1.46379 24.79963 2.61724 192 192 192
-1.56428 24.80092 2.54251 186 186 186
-1.66233 24.79881 2.46451 183 183 183
-1.75380 24.80211 2.37891 185 185 185
-1.84876 24.79866 2.29691 191 191 191
-1.92943 24.79715 2.20073 186 186 186
-2.00936 24.80111 2.10455 189 189 189
-2.10408 24.79979 2.02021 188 188 188
-2.17208 24.79676 1.91431 185 185 185
-2.24240 24.80151 1.81065 178 178 178
-2.30613 24.80062 1.70287 184 184 184
-2.37329 24.80244 1.59719 185 185 185
-2.42888 24.80120 1.48500 175 175 175
-2.48559 24.79770 1.37345 184 184 184
-2.54149 24.80240 1.26114 179 179 179
-2.57714 24.79940 1.14064 180 180 180
-2.62425 24.79621 1.02454 175 175 175
-2.66120 24.79696 0.90484 168 168 168
-2.68742 24.80027 0.78232 167 167 167
-2.71685 24.80216 0.66068 179 179 179
-2.74390 24.79994 0.53825 168 168 168
-2.75765 24.79450 0.41365 168 168 168
-2.76921 24.80084 0.28895 171 171 171
-2.77606 24.79613 0.16393 161 161 161
-2.77545 24.80006 0.03875 163 163 163
-2.78025 24.79871 -0.08706 173 173 173
-2.76886 24.80268 -0.21236 167 167 167
-2.75682 24.80352 -0.33746 160 160 160
-2.73880 24.80330 -0.46182 161 161 161
-2.71406 24.80026 -0.58497 159 159 159
-2.68869 24.79666 -0.70793 164 164 164
-2.65707 24.79940 -0.82944 152 152 152
-2.62216 24.80119 -0.95007 156 156 156
-2.58119 24.80105 -1.06879 160 160 160
-2.53615 24.79948 -1.18603 164 164 164
-2.48882 24.80368 -1.30246 153 153 153
-2.43852 24.80215 -1.41786 155 155 155
-2.37244 24.79826 -1.52508 153 153 153
-2.31134 24.80091 -1.63484 150 150 150
-2.24198 24.79452 -1.73954 149 149 149
-2.16976 24.79796 -1.84219 149 149 149
-2.09395 24.80220 -1.94216 148 148 148
-2.01457 24.80334 -2.03930 152 152 152
-1.93452 24.79813 -2.13608 149 149 149
-1.84376 24.80287 -2.22290 147 147 147
-1.75514 24.80242 -2.31168 146 146 146
-1.66182 24.79845 -2.39554 137 137 137
-1.56405 24.79739 -2.47415 145 145 145
-1.46523 24.80104 -2.55144 147 147 147
-1.36636 24.79942 -2.62927 145 145 145
-1.25812 24.80206 -2.69328 143 143 143
-1.14596 24.79929 -2.74998 152 152 152
-1.04068 24.80314 -2.81923 145 145 145
-0.92594 24.80073 -2.87061 141 141 141
-0.81062 24.80029 -2.92030 143 143 143
-0.69114 24.80099 -2.95915 139 139 139
-0.57387 24.79942 -3.00359 142 142 142
-0.45464 24.79769 -3.04292 143 143 143
-0.33281 24.80244 -3.07329 139 139 139
-0.21103 24.80025 -3.10444 142 142 142
-0.08665 24.79715 -3.12276 143 143 143
0.03821 24.80464 -3.13622 135 135 135
0.16278 24.80092 -3.15248 139 139 139
0.28810 24.80561 -3.16312 140 140 140
0.41389 24.79647 -3.15984 134 134 134
0.53963 24.79860 -3.16190 133 133 133
0.66466 24.80118 -3.14826 146 146 146
0.78957 24.80406 -3.13631 140 140 140
0.91475 24.79950 -3.12481 141 141 141
1.03780 24.80275 -3.09941 136 136 136
1.16071 24.79979 -3.07382 136 136 136
1.28293 24.80152 -3.04473 136 136 136
1.40046 24.79871 -2.99998 147 147 147
1.52045 24.79842 -2.96333 143 143 143
1.63572 24.79690 -2.91386 144 144 144
1.75301 24.80506 -2.86907 146 146 146
1.86447 24.80648 -2.81141 145 145 145
1.97484 24.79989 -2.75195 147 147 147
2.08552 24.79795 -2.69268 147 147 147
2.19146 24.79613 -2.62528 139 139 139
2.29177 24.80004 -2.54973 143 143 143
2.39224 24.79918 -2.47468 136 136 136
2.48550 24.80371 -2.39075 140 140 140
2.58153 24.79854 -2.31018 147 147 147
2.67126 24.80363 -2.22263 152 152 152
2.76314 24.79993 -2.13687 138 138 138
2.84182 24.80088 -2.03886 155 155 155
2.92730 24.79900 -1.94656 151 151 151
2.99385 24.79567 -1.83951 150 150 150
3.07189 24.79322 -1.74097 151 151 151
3.13131 24.80149 -1.63005 150 150 150
3.19744 24.80201 -1.52353 154 154 154
3.25167 24.79853 -1.41041 157 157 157
3.31379 24.80032 -1.30117 160 160 160
3.36072 24.80158 -1.18470 154 154 154
3.41093 24.79664 -1.06952 156 156 156
3.45357 24.80056 -0.95126 158 158 158
3.48153 24.80192 -0.82850 156 156 156
3.52806 24.79912 -0.71071 161 161 161
3.54402 24.80248 -0.58540 162 162 162
3.56478 24.79613 -0.46154 162 162 162
3.58163 24.79605 -0.33711 165 165 165
3.59468 24.79937 -0.21221 166 166 166
3.60200 24.79825 -0.08683 163 163 163
3.60704 25.19893 0.03938 167 167 167
3.60726 25.19623 0.16462 172 172 172
3.60198 25.19587 0.28983 170 170 170
3.58681 25.20218 0.41424 174 174 174
3.57466 25.19945 0.53908 166 166 166
3.54722 25.20331 0.66149 178 178 178
3.51393 25.19599 0.78224 170 170 170
3.48762 25.19804 0.90461 168 168 168
3.45200 25.20338 1.02461 177 177 177
3.41157 25.19889 1.14310 176 176 176
3.36543 25.19785 1.25948 176 176 176
3.31525 25.20144 1.37416 183 183 183
3.26209 25.20255 1.48753 177 177 177
3.19934 25.19949 1.59590 182 182 182
3.13484 25.20049 1.70303 182 182 182
3.06948 25.20101 1.80968 183 183 183
2.99870 25.20159 1.91286 176 176 176
2.92038 25.20089 2.01044 188 188 188
2.83981 25.20442 2.10601 191 191 191
2.76113 25.20228 2.20340 192 192 192
2.67297 25.20130 2.29226 185 185 185
2.58279 25.19871 2.37901 185 185 185
2.49295 25.20015 2.46647 189 189 189
2.39673 25.19557 2.54690 186 186 186
2.29394 25.20327 2.61881 190 190 190
2.19059 25.19982 2.68958 192 192 192
2.08248 25.19765 2.75285 188 188 188
1.97702 25.20037 2.82048 184 184 184
1.86500 25.19969 2.87659 186 186 186
1.75226 25.20400 2.93105 189 189 189
1.64022 25.20263 2.98772 195 195 195
1.52309 25.19993 3.03285 200 200 200
1.40458 25.19705 3.07430 196 196 196
1.28341 25.20152 3.10723 199 199 199
1.16261 25.19686 3.14147 188 188 188
1.03882 25.20013 3.16285 198 198 198
0.91532 25.20031 3.18468 198 198 198
0.79135 25.20100 3.20434 203 203 203
0.66652 25.20133 3.21837 192 192 192
0.54112 25.20112 3.22711 192 192 192
0.41539 25.20262 3.22890 191 191 191
0.28980 25.19998 3.22362 202 202 202
0.16444 25.19833 3.21617 196 196 196
0.03927 25.19979 3.20574 205 205 205
-0.08468 25.19925 3.18562 191 191 191
-0.20857 25.19455 3.16555 204 204 204
-0.33019 25.19958 3.13464 198 198 198
-0.45183 25.20126 3.10444 198 198 198
-0.57105 25.19861 3.06585 192 192 192
-0.69193 25.19902 3.03186 195 195 195
-0.80608 25.20198 2.97963 194 194 194
-0.92259 25.19743 2.93346 195 195 195
-1.03550 25.20069 2.87911 191 191 191
-1.14377 25.19941 2.81609 189 189 189
-1.25300 25.19794 2.75497 193 193 193
-1.36243 25.20064 2.69351 185 185 185
-1.46397 25.19815 2.61992 191 191 191
-1.56007 25.20197 2.53946 187 187 187
-1.66317 25.20176 2.46766 183 183 183
-1.75158 25.19908 2.37855 189 189 189
-1.84641 25.19485 2.29649 187 187 187
-1.93043 25.20129 2.20349 185 185 185
-2.01353 25.19961 2.10986 194 194 194
-2.09546 25.20211 2.01507 182 182 182
-2.17113 25.20171 1.91520 186 186 186
-2.23570 25.20046 1.80768 176 176 176
-2.30861 25.20328 1.70582 189 189 189
-2.37045 25.20225 1.59696 180 180 180
-2.42866 25.19843 1.48618 171 171 171
-2.47895 25.20359 1.37161 180 180 180
-2.52903 25.19983 1.25715 182 182 182
-2.57746 25.19539 1.14187 173 173 173
-2.61586 25.19668 1.02287 176 176 176
-2.66075 25.19887 0.90572 175 175 175
-2.69140 25.19864 0.78422 171 171 171
-2.71753 25.20222 0.66171 171 171 171
-2.74076 25.19811 0.53859 172 172 172
-2.75595 25.20122 0.41423 167 167 167
-2.76576 25.20105 0.28941 172 172 172
-2.77643 25.20304 0.16462 168 168 168
-2.78170 25.20220 0.03938 173 173 173
-2.78272 25.19868 -0.08661 166 166 166
-2.76972 25.20374 -0.21195 165 165 165
-2.75361 25.19776 -0.33668 168 168 168
-2.74136 25.19969 -0.46190 168 168 168
-2.71372 25.19681 -0.58464 163 163 163
-2.68652 25.20447 -0.70723 157 157 157
-2.65506 25.20219 -0.82877 157 157 157
-2.61501 25.19410 -0.94772 160 160 160
-2.57940 25.20079 -1.06818 153 153 153
-2.54337 25.19690 -1.18914 150 150 150
-2.48732 25.20056 -1.30197 160 160 160
-2.43567 25.19820 -1.41670 154 154 154
-2.37073 25.20099 -1.52449 151 151 151
-2.30381 25.20395 -1.63068 149 149 149
-2.23994 25.19886 -1.73872 157 157 157
-2.17296 25.20313 -1.84515 152 152 152
-2.09413 25.20355 -1.94304 145 145 145
-2.01176 25.19960 -2.03774 143 143 143
-1.93195 25.19573 -2.13465 144 144 144
-1.84525 25.20068 -2.22544 144 144 144
-1.75263 25.19814 -2.31015 145 145 145
-1.65892 25.20313 -2.39346 148 148 148
-1.56135 25.19740 -2.47218 151 151 151
-1.46501 25.19953 -2.55275 145 145 145
-1.36175 25.20061 -2.62418 157 157 157
-1.25430 25.19776 -2.68905 145 145 145
-1.14519 25.20244 -2.75080 143 143 143
-1.03609 25.19942 -2.81270 147 147 147
-0.92212 25.20553 -2.86510 137 137 137
-0.81030 25.19774 -2.92267 139 139 139
-0.69155 25.19887 -2.96385 144 144 144
-0.57296 25.20145 -3.00492 138 138 138
-0.45240 25.19942 -3.03976 149 149 149
-0.32949 25.19622 -3.06521 145 145 145
-0.20874 25.20356 -3.09994 136 136 136
-0.08546 25.19830 -3.12420 142 142 142
0.03883 25.19926 -3.14316 134 134 134
0.16503 25.20087 -3.14249 144 144 144
0.28995 25.19726 -3.15366 136 136 136
0.41539 25.19874 -3.16302 139 139 139
0.54093 25.20330 -3.15616 135 135 135
0.66630 25.19403 -3.14936 136 136 136
0.79069 25.20317 -3.13248 143 143 143
0.91607 25.20024 -3.12306 140 140 140
1.04031 25.20192 -3.10392 146 146 146
1.16166 25.19459 -3.07096 141 141 141
1.28292 25.19690 -3.03882 143 143 143
1.40369 25.20119 -3.00474 148 148 148
1.52313 25.19726 -2.96599 142 142 142
1.63962 25.20002 -2.91913 142 142 142
1.75264 25.19903 -2.86451 140 140 140
1.86532 25.19807 -2.80965 141 141 141
1.97907 25.20103 -2.75634 144 144 144
2.08171 25.19915 -2.68353 140 140 140
2.19140 25.20033 -2.62247 139 139 139
2.29322 25.20342 -2.54921 147 147 147
2.39178 25.20266 -2.47172 147 147 147
2.49426 25.19807 -2.39879 154 154 154
2.57725 25.20398 -2.30347 153 153 153
2.67250 25.19145 -2.22191 148 148 148
2.76302 25.20189 -2.13492 151 151 151
2.83999 25.20249 -2.03555 146 146 146
2.92485 25.19778 -1.94299 151 151 151
3.00278 25.20199 -1.84445 152 152 152
3.06781 25.19961 -1.73678 150 150 150
3.14313 25.19943 -1.63591 153 153 153
3.20293 25.20036 -1.52529 157 157 157
3.25970 25.19892 -1.41325 156 156 156
3.31561 25.20122 -1.30082 155 155 155
3.36337 25.20090 -1.18467 152 152 152
3.41218 25.19861 -1.06891 165 165 165
3.45013 25.20255 -0.94913 164 164 164
3.48550 25.19873 -0.82867 150 150 150
3.52054 25.19750 -0.70800 161 161 161
3.54776 25.20026 -0.58529 164 164 164
3.56880 25.20033 -0.46137 164 164 164
3.58379 25.20396 -0.33661 162 162 162
3.59452 25.19996 -0.21148 168 168 168
3.60250 25.19514 -0.08617 171 171 171
3.61311 25.59885 0.04000 160 160 160
3.60266 25.59810 0.16501 169 169 169
3.59488 25.60325 0.28978 169 169 169
3.58606 25.60319 0.41460 173 173 173
3.56755 25.59640 0.53835 172 172 172
3.54222 25.59830 0.66082 169 169 169
3.52447 25.59722 0.78504 177 177 177
3.48519 25.60053 0.90414 180 180 180
3.45758 25.60022 1.02657 173 173 173
3.41134 25.60343 1.14309 179 179 179
3.36951 25.60217 1.26118 179 179 179
3.31749 25.59774 1.37513 178 178 178
3.26102 25.59442 1.48685 181 181 181
3.20126 25.60292 1.59676 177 177 177
3.14036 25.59906 1.70612 186 186 186
3.07241 25.59661 1.81126 187 187 187
3.00397 25.59784 1.91623 186 186 186
2.92187 25.59618 2.01107 180 180 180
2.85289 25.59864 2.11653 181 181 181
2.76476 25.60260 2.20601 193 193 193
2.67920 25.59958 2.29763 192 192 192
2.58046 25.60148 2.37550 193 193 193
2.48994 25.60032 2.46183 192 192 192
2.39440 25.59988 2.54269 187 187 187
2.29883 25.59780 2.62411 193 193 193
2.19391 25.59981 2.69296 194 194 194
2.08620 25.59555 2.75714 194 194 194
1.97954 25.60465 2.82299 193 193 193
1.86692 25.59874 2.87813 198 198 198
1.75461 25.59807 2.93363 186 186 186
1.63993 25.60009 2.98417 195 195 195
1.52159 25.59943 3.02553 196 196 196
1.40664 25.59829 3.07687 197 197 197
1.28274 25.60516 3.10048 190 190 190
1.16446 25.59952 3.14394 189 189 189
1.04109 25.60202 3.16795 198 198 198
0.91778 25.60012 3.19220 196 196 196
0.79311 25.59955 3.20845 195 195 195
0.66809 25.60237 3.22204 190 190 190
0.54236 25.59866 3.22589 189 189 189
0.41669 25.60417 3.21978 195 195 195
0.29115 25.59911 3.22232 205 205 205
0.16630 25.59951 3.20919 199 199 199
0.04085 25.59805 3.20349 198 198 198
-0.08365 25.59931 3.18744 196 196 196
-0.20710 25.60389 3.16482 192 192 192
-0.33100 25.60070 3.14361 194 194 194
-0.45185 25.59859 3.10929 192 192 192
-0.57135 25.60353 3.07101 194 194 194
-0.68995 25.59818 3.03025 194 194 194
-0.80723 25.59874 2.98581 188 188 188
-0.91908 25.60342 2.92895 198 198 198
-1.03405 25.60580 2.87912 197 197 197
-1.14703 25.60394 2.82454 186 186 186
-1.25335 25.59800 2.75800 192 192 192
-1.35763 25.60306 2.68861 188 188 188
-1.45836 25.59596 2.61435 196 196 196
-1.56340 25.60006 2.54570 185 185 185
-1.65882 25.59946 2.46447 187 187 187
-1.75373 25.59740 2.38269 189 189 189
-1.84259 25.60316 2.29439 185 185 185
-1.92959 25.59661 2.20435 189 189 189
-2.00918 25.59771 2.10770 198 198 198
-2.08997 25.59596 2.01223 182 182 182
-2.16728 25.59696 1.91382 188 188 188
-2.24275 25.59874 1.81374 186 186 186
-2.30301 25.60327 1.70369 182 182 182
-2.36969 25.60393 1.59778 180 180 180
-2.42391 25.60177 1.48495 181 181 181
-2.48625 25.60144 1.37611 171 171 171
-2.53893 25.60241 1.26234 185 185 185
-2.58038 25.59883 1.14398 177 177 177
-2.61816 25.60021 1.02460 174 174 174
-2.65477 25.60198 0.90497 176 176 176
-2.68199 25.59989 0.78285 171 171 171
-2.71088 25.59872 0.66123 166 166 166
-2.73631 25.59692 0.53869 171 171 171
-2.75265 25.59632 0.41460 168 168 168
-2.76475 25.60689 0.29004 168 168 168
-2.77549 25.59690 0.16525 169 169 169
-2.77484 25.60140 0.04000 171 171 171
-2.77079 25.60713 -0.08558 173 173 173
-2.76154 25.59621 -0.21081 167 167 167
-2.75432 25.59813 -0.33633 171 171 171
-2.73816 25.60389 -0.46102 164 164 164
-2.71875 25.60289 -0.58535 155 155 155
-2.68575 25.60470 -0.70681 160 160 160
-2.65378 25.60300 -0.82824 158 158 158
-2.61970 25.59592 -0.94914 158 158 158
-2.57857 25.59682 -1.06784 157 157 157
-2.53764 25.59965 -1.18680 158 158 158
-2.48511 25.59668 -1.30106 163 163 163
-2.42783 25.60463 -1.41288 152 152 152
-2.36977 25.60063 -1.52421 154 154 154
-2.30190 25.59848 -1.62984 156 156 156
-2.23785 25.60211 -1.73773 149 149 149
-2.16895 25.59654 -1.84272 150 150 150
-2.09432 25.60031 -1.94376 152 152 152
-2.01326 25.60415 -2.03967 154 154 154
-1.92816 25.60095 -2.13190 146 146 146
-1.84516 25.59954 -2.22621 143 143 143
-1.75060 25.59577 -2.30890 148 148 148
-1.66132 25.60037 -2.39734 148 148 148
-1.55679 25.60063 -2.46758 151 151 151
-1.46251 25.60051 -2.55064 140 140 140
-1.36147 25.59755 -2.62522 148 148 148
-1.25348 25.60088 -2.68935 148 148 148
-1.14568 25.59864 -2.75353 146 146 146
-1.03074 25.59637 -2.80426 139 139 139
-0.91918 25.59785 -2.86103 143 143 143
-0.80712 25.60136 -2.91762 149 149 149
-0.68833 25.59709 -2.95812 139 139 139
-0.57115 25.60257 -3.00281 140 140 140
-0.45091 25.60359 -3.03855 139 139 139
-0.32989 25.59866 -3.07171 143 143 143
-0.20727 25.59944 -3.09850 131 131 131
-0.08350 25.60565 -3.11938 137 137 137
0.04065 25.60377 -3.13818 136 136 136
0.16556 25.60402 -3.15157 143 143 143
0.29118 25.59849 -3.15465 135 135 135
0.41669 25.60358 -3.16128 142 142 142
0.54210 25.59771 -3.15236 137 137 137
0.66779 25.60355 -3.15122 137 137 137
0.79237 25.60149 -3.13517 140 140 140
0.91672 25.59911 -3.11840 138 138 138
1.04082 25.60206 -3.09938 144 144 144
1.16246 25.59744 -3.06832 145 145 145
1.28394 25.59853 -3.03731 145 145 145
1.40434 25.59800 -3.00225 140 140 140
1.52204 25.59690 -2.95902 139 139 139
1.64198 25.60142 -2.92120 147 147 147
1.75246 25.60104 -2.86083 142 142 142
1.86807 25.59509 -2.81202 146 146 146
1.97544 25.59987 -2.74706 135 135 135
2.08655 25.60053 -2.68885 143 143 143
2.19289 25.60101 -2.62230 144 144 144
2.29364 25.59309 -2.54755 153 153 153
2.39415 25.59867 -2.47263 141 141 141
2.48951 25.59691 -2.39127 152 152 152
2.58614 25.59998 -2.31125 142 142 142
2.68290 25.59806 -2.23057 149 149 149
2.75879 25.60085 -2.12936 148 148 148
2.84707 25.59867 -2.04004 154 154 154
2.92380 25.60234 -1.94069 151 151 151
2.99981 25.59944 -1.84089 152 152 152
3.07515 25.60205 -1.74035 151 151 151
3.13671 25.60082 -1.63071 161 161 161
3.20106 25.60095 -1.52304 152 152 152
3.25955 25.60158 -1.41204 154 154 154
3.31736 25.59795 -1.30054 154 154 154
3.36581 25.60117 -1.18465 155 155 155
3.41646 25.59807 -1.06951 157 157 157
3.45262 25.59665 -0.94900 164 164 164
3.48405 25.59659 -0.82736 160 160 160
3.52301 25.59649 -0.70774 166 166 166
3.54822 25.59978 -0.58457 164 164 164
3.56972 25.59770 -0.46074 156 156 156
3.58574 25.60300 -0.33610 163 163 163
3.59871 25.60249 -0.21111 163 163 163
3.60280 25.60125 -0.08552 165 165 165
3.60523 25.99586 0.04063 165 165 165
3.61504 25.99563 0.16607 169 169 169
3.60147 26.00111 0.29083 166 166 166
3.59088 25.99925 0.41565 171 171 171
3.56997 26.00231 0.53916 177 177 177
3.54516 26.00440 0.66178 179 179 179
3.51704 25.99868 0.78358 166 166 166
3.48975 26.00394 0.90569 176 176 176
3.45325 25.99890 1.02538 175 175 175
3.41715 25.99751 1.14539 178 178 178
3.36779 25.99786 1.26057 182 182 182
3.31759 26.00234 1.37521 180 180 180
3.25756 26.00346 1.48507 179 179 179
3.20022 25.99993 1.59610 184 184 184
3.13646 26.00095 1.70358 179 179 179
3.07417 26.00095 1.81221 187 187 187
2.99689 26.00445 1.91079 182 182 182
2.92760 26.00091 2.01521 184 184 184
2.84395 26.00101 2.10842 186 186 186
2.75771 25.99478 2.19894 189 189 189
2.67318 25.99941 2.29095 187 187 187
2.58580 26.00418 2.38053 194 194 194
2.48943 25.99510 2.46037 186 186 186
2.39080 26.00169 2.53713 188 188 188
2.29820 26.00080 2.62214 192 192 192
2.19032 26.00084 2.68633 187 187 187
2.08687 25.99830 2.75680 194 194 194
1.97792 25.99542 2.81847 192 192 192
1.86848 26.00106 2.87937 195 195 195
1.75763 26.00039 2.93810 193 193 193
1.64183 25.99995 2.98642 195 195 195
1.52446 25.99587 3.03064 197 197 197
1.40585 25.99824 3.07136 198 198 198
1.28396 25.99881 3.10118 197 197 197
1.16500 26.00110 3.14190 200 200 200
1.04169 26.00464 3.16571 188 188 188
0.91877 25.99997 3.19181 196 196 196
0.79370 25.99790 3.20437 195 195 195
0.66897 26.00162 3.21957 204 204 204
0.54325 26.00351 3.22095 197 197 197
0.41777 25.99667 3.23044 201 201 201
0.29216 26.00393 3.22448 194 194 194
0.16655 26.00226 3.21984 193 193 193
0.04211 26.00336 3.20215 192 192 192
-0.08222 26.00272 3.18544 198 198 198
-0.20679 26.00279 3.16891 194 194 194
-0.32874 26.00431 3.13893 192 192 192
-0.45193 25.99948 3.11364 185 185 185
-0.57132 26.00228 3.07446 188 188 188
-0.68837 25.99998 3.02916 198 198 198
-0.80651 25.99863 2.98695 193 193 193
-0.91922 26.00091 2.93188 191 191 191
-1.03380 26.00100 2.88105 193 193 193
-1.14661 26.00140 2.82603 189 189 189
-1.24896 25.99780 2.75293 194 194 194
-1.35695 26.00146 2.68957 195 195 195
-1.46104 25.99858 2.61990 192 192 192
-1.56324 25.99622 2.54726 191 191 191
-1.65321 26.00136 2.45958 183 183 183
-1.75015 25.99793 2.38040 181 181 181
-1.84141 25.99991 2.29473 189 189 189
-1.92733 26.00439 2.20371 186 186 186
-2.01176 25.99651 2.11129 189 189 189
-2.08888 25.99466 2.01270 183 183 183
-2.16644 26.00104 1.91448 188 188 188
-2.23646 26.00307 1.81076 189 189 189
-2.30428 26.00285 1.70563 178 178 178
-2.36835 26.00475 1.59815 178 178 178
-2.42925 26.00222 1.48875 188 188 188
-2.48434 26.00498 1.37627 184 184 184
-2.53038 26.00571 1.25979 178 178 178
-2.56966 26.00605 1.14098 171 171 171
-2.61822 25.99986 1.02554 177 177 177
-2.65993 25.99837 0.90730 174 174 174
-2.68482 25.99942 0.78438 168 168 168
-2.71373 26.00374 0.66260 168 168 168
-2.73702 26.00217 0.53957 174 174 174
-2.74815 25.99839 0.41480 173 173 173
-2.75960 26.00065 0.29033 172 172 172
-2.76230 26.00195 0.16539 168 168 168
-2.77739 26.00155 0.04063 169 169 169
-2.76355 26.00180 -0.08472 164 164 164
-2.76225 26.00067 -0.21036 168 168 168
-2.74924 26.00130 -0.33527 165 165 165
-2.73540 26.00241 -0.46019 169 169 169
-2.70661 26.00245 -0.58259 163 163 163
-2.69243 26.00271 -0.70813 156 156 156
-2.64992 25.99906 -0.82692 165 165 165
-2.61405 25.99659 -0.94713 160 160 160
-2.57604 25.99950 -1.06679 153 153 153
-2.52954 25.99478 -1.18339 152 152 152
-2.47993 25.99748 -1.29868 156 156 156
-2.42708 26.00261 -1.41256 154 154 154
-2.36546 25.99969 -1.52192 158 158 158
-2.30278 25.99898 -1.63056 146 146 146
-2.23740 25.99829 -1.73769 152 152 152
-2.16174 25.99632 -1.83781 149 149 149
-2.09222 26.00106 -1.94250 150 150 150
-2.01545 26.00011 -2.04201 136 136 136
-1.92614 25.99972 -2.13058 144 144 144
-1.84205 26.00285 -2.22373 147 147 147
-1.74884 26.00118 -2.30771 147 147 147
-1.65593 26.00409 -2.39184 147 147 147
-1.55968 26.00550 -2.47216 150 150 150
-1.46209 25.99725 -2.55109 142 142 142
-1.35859 25.99765 -2.62207 151 151 151
-1.24465 26.00007 -2.67624 146 146 146
-1.14122 25.99994 -2.74701 142 142 142
-1.03358 26.00096 -2.81148 144 144 144
-0.92185 26.00600 -2.86868 151 151 151
-0.80601 26.00021 -2.91704 145 145 145
-0.68748 26.00367 -2.95823 143 143 143
-0.56894 26.00410 -2.99881 139 139 139
-0.45151 25.99744 -3.04397 143 143 143
-0.32999 25.99936 -3.07606 140 140 140
-0.20557 25.99791 -3.09487 139 139 139
-0.08274 26.00102 -3.12084 137 137 137
0.04161 25.99630 -3.13862 141 141 141
0.16680 26.00307 -3.14895 138 138 138
0.29194 25.99971 -3.16235 145 145 145
0.41777 26.00414 -3.16344 143 143 143
0.54331 25.99901 -3.15482 146 146 146
0.66907 25.99908 -3.15313 139 139 139
0.79351 25.99621 -3.13505 140 140 140
0.91808 25.99608 -3.11963 150 150 150
1.04091 26.00331 -3.09383 139 139 139
1.16295 25.99810 -3.06533 133 133 133
1.28724 26.00620 -3.04465 140 140 140
1.40560 25.99848 -3.00225 139 139 139
1.52080 26.00031 -2.95222 140 140 140
1.64088 25.99866 -2.91543 138 138 138
1.75402 25.99826 -2.86136 140 140 140
1.87000 25.99918 -2.81320 140 140 140
1.98079 25.99542 -2.75421 147 147 147
2.08969 25.99742 -2.69173 146 146 146
2.19372 25.99660 -2.62145 149 149 149
2.29544 26.00066 -2.54807 149 149 149
2.39559 26.00277 -2.47263 141 141 141
2.49559 26.00073 -2.39666 140 140 140
2.58943 25.99669 -2.31317 144 144 144
2.67386 26.00059 -2.21999 148 148 148
2.76570 26.00233 -2.13430 148 148 148
2.84604 26.00021 -2.03779 151 151 151
2.92038 26.00071 -1.93667 162 162 162
3.00051 26.00048 -1.84015 152 152 152
3.06680 26.00211 -1.73358 156 156 156
3.13649 25.99866 -1.62944 149 149 149
3.20918 25.99859 -1.52650 153 153 153
3.26095 25.99957 -1.41171 152 152 152
3.31922 25.99703 -1.30041 162 162 162
3.36222 26.00166 -1.18221 158 158 158
3.41204 25.99639 -1.06696 160 160 160
3.45301 26.00111 -0.94825 154 154 154
3.48983 25.99639 -0.82815 164 164 164
3.52417 25.99873 -0.70721 159 159 159
3.54348 25.99966 -0.58285 168 168 168
3.57060 26.00083 -0.46013 171 171 171
3.59191 26.00432 -0.33612 167 167 167
3.59625 25.99666 -0.21024 158 158 158
3.60941 25.99660 -0.08513 164 164 164
3.61192 26.40069 0.04125 166 166 166
3.60771 26.40413 0.16636 166 166 166
3.59675 26.39909 0.29100 167 167 167
3.58884 26.40179 0.41591 174 174 174
3.56779 26.40360 0.53927 175 175 175
3.54905 26.40286 0.66298 171 171 171
3.51380 26.40074 0.78318 173 173 173
3.49466 26.39639 0.90741 173 173 173
3.45741 26.39786 1.02701 180 180 180
3.41034 26.40265 1.14312 186 186 186
3.36609 26.40265 1.26005 189 189 189
3.31315 26.39810 1.37331 184 184 184
3.26703 26.39778 1.48998 186 186 186
3.20717 26.39847 1.60002 191 191 191
3.13473 26.39836 1.70250 193 193 193
3.07827 26.39819 1.81487 182 182 182
3.00408 26.39821 1.91587 183 183 183
2.92928 26.39446 2.01632 180 180 180
2.84489 26.39790 2.10895 179 179 179
2.76255 26.39958 2.20305 186 186 186
2.68322 26.39808 2.30056 191 191 191
2.58476 26.40304 2.37888 194 194 194
2.49255 26.39949 2.46341 197 197 197
2.39816 26.40334 2.54576 184 184 184
2.29944 26.39388 2.62302 183 183 183
2.19324 26.39838 2.68975 192 192 192
2.08923 26.40187 2.75959 189 189 189
1.97828 26.40219 2.81789 191 191 191
1.87080 26.39718 2.88253 188 188 188
1.75536 26.40106 2.93161 195 195 195
1.64412 26.40020 2.99013 194 194 194
1.52481 26.40301 3.02948 193 193 193
1.40670 26.40195 3.07156 199 199 199
1.28703 26.40379 3.10924 196 196 196
1.16528 26.40235 3.13966 196 196 196
1.04269 26.40099 3.16652 195 195 195
0.91949 26.39813 3.19101 200 200 200
0.79486 26.39731 3.20706 204 204 204
0.66991 26.40103 3.22057 198 198 198
0.54425 26.40196 3.22444 196 196 196
0.41864 26.40227 3.22981 188 188 188
0.29285 26.40254 3.22906 195 195 195
0.16816 26.39895 3.21064 198 198 198
0.04236 26.39884 3.20753 202 202 202
-0.08177 26.40171 3.18822 193 193 193
-0.20533 26.40037 3.16613 197 197 197
-0.32695 26.39733 3.13528 198 198 198
-0.44882 26.39533 3.10592 201 201 201
-0.56956 26.40071 3.07199 192 192 192
-0.68651 26.40403 3.02673 192 192 192
-0.80189 26.39910 2.97817 197 197 197
-0.91657 26.39648 2.92831 200 200 200
-1.03642 26.39814 2.88822 193 193 193
-1.14541 26.40010 2.82578 192 192 192
-1.24983 26.39970 2.75612 191 191 191
-1.35814 26.40107 2.69302 191 191 191
-1.46032 26.39860 2.62049 193 193 193
-1.55624 26.39731 2.53988 186 186 186
-1.65822 26.40083 2.46687 186 186 186
-1.74446 26.39518 2.37562 192 192 192
-1.84326 26.40402 2.29788 185 185 185
-1.92154 26.40108 2.19961 187 187 187
-2.00576 26.40020 2.10737 190 190 190
-2.08419 26.39879 2.01017 178 178 178
-2.16327 26.39688 1.91330 182 182 182
-2.23441 26.39916 1.81048 185 185 185
-2.29873 26.39783 1.70328 186 186 186
-2.36707 26.39750 1.59844 177 177 177
-2.42283 26.40068 1.48646 180 180 180
-2.47642 26.40024 1.37356 185 185 185
-2.52901 26.39866 1.26014 185 185 185
-2.57187 26.40029 1.14268 176 176 176
-2.61788 26.40276 1.02628 169 169 169
-2.65239 26.39569 0.90600 174 174 174
-2.67794 26.40155 0.78352 171 171 171
-2.70759 26.39958 0.66215 175 175 175
-2.73250 26.39655 0.53959 174 174 174
-2.74980 26.39324 0.41570 171 171 171
-2.76634 26.40446 0.29154 162 162 162
-2.77284 26.39977 0.16646 167 167 167
-2.77077 26.40612 0.04125 169 169 169
-2.76559 26.40100 -0.08423 175 175 175
-2.76152 26.40123 -0.20977 173 173 173
-2.74663 26.40254 -0.33448 166 166 166
-2.73169 26.39970 -0.45916 157 157 157
-2.71517 26.39670 -0.58390 167 167 167
-2.68318 26.39946 -0.70556 163 163 163
-2.65114 26.39879 -0.82697 169 169 169
-2.61494 26.39858 -0.94718 155 155 155
-2.57459 26.39979 -1.06606 160 160 160
-2.52753 26.39986 -1.18241 161 161 161
-2.47985 26.40255 -1.29854 151 151 151
-2.42206 26.39871 -1.40996 148 148 148
-2.37113 26.40104 -1.52510 163 163 163
-2.30157 26.40219 -1.62988 145 145 145
-2.24000 26.40012 -1.73954 148 148 148
-2.16984 26.39899 -1.84386 154 154 154
-2.08911 26.40282 -1.94026 153 153 153
-2.01212 26.39805 -2.03945 150 150 150
-1.92647 26.39562 -2.13123 146 146 146
-1.84183 26.40160 -2.22391 144 144 144
-1.74830 26.39884 -2.30762 143 143 143
-1.65813 26.39948 -2.39497 154 154 154
-1.55856 26.39878 -2.47138 152 152 152
-1.45934 26.39811 -2.54804 142 142 142
-1.35675 26.40288 -2.62015 144 144 144
-1.25240 26.39875 -2.68982 148 148 148
-1.14179 26.40404 -2.74910 137 137 137
-1.03232 26.40339 -2.81022 144 144 144
-0.91898 26.40113 -2.86385 140 140 140
-0.80591 26.39910 -2.91839 143 143 143
-0.68993 26.39580 -2.96672 145 145 145
-0.56971 26.39939 -3.00333 136 136 136
-0.44722 26.39908 -3.03131 140 140 140
-0.32657 26.40236 -3.06491 135 135 135
-0.20536 26.40305 -3.09762 135 135 135
-0.08201 26.39709 -3.12118 143 143 143
0.04254 26.39996 -3.13751 139 139 139
0.16740 26.39613 -3.15184 141 141 141
0.29298 26.40677 -3.15743 143 143 143
0.41864 26.39959 -3.16133 140 140 140
0.54404 26.40126 -3.15082 139 139 139
0.66963 26.39998 -3.14858 137 137 137
0.79457 26.40122 -3.13605 147 147 147
0.91929 26.40057 -3.12115 140 140 140
1.04276 26.39915 -3.09822 133 133 133
1.16541 26.40672 -3.07139 145 145 145
1.28500 26.39884 -3.03310 145 145 145
1.40897 26.40284 -3.00943 148 148 148
1.52633 26.40352 -2.96433 139 139 139
1.64117 26.39822 -2.91352 143 143 143
1.75446 26.39805 -2.85993 140 140 140
1.86689 26.39982 -2.80490 150 150 150
1.97902 26.40444 -2.74902 142 142 142
2.09013 26.39748 -2.69056 142 142 142
2.19500 26.40319 -2.62161 142 142 142
2.29559 26.39856 -2.54661 149 149 149
2.39734 26.39762 -2.47328 139 139 139
2.49185 26.40243 -2.39080 144 144 144
2.58516 26.39936 -2.30716 148 148 148
2.67969 26.40186 -2.22450 153 153 153
2.76148 26.40115 -2.12913 152 152 152
2.84171 26.39514 -2.03289 151 151 151
2.92053 26.40590 -1.93565 152 152 152
3.00041 26.39551 -1.83899 153 153 153
3.07511 26.40089 -1.73809 154 154 154
3.14278 26.40001 -1.63229 154 154 154
3.20420 26.40162 -1.52274 152 152 152
3.26122 26.39801 -1.41092 153 153 153
3.31128 26.40026 -1.29585 159 159 159
3.37257 26.40098 -1.18563 152 152 152
3.40754 26.40074 -1.06446 160 160 160
3.45174 26.40312 -0.94703 157 157 157
3.49178 26.40130 -0.82792 163 163 163
3.52245 26.39419 -0.70604 160 160 160
3.55131 26.40040 -0.58367 167 167 167
3.56617 26.40132 -0.45872 165 165 165
3.59071 26.39820 -0.33529 163 163 163
3.60501 26.39940 -0.21026 169 169 169
3.60859 26.39996 -0.08445 170 170 170
3.60931 26.80134 0.04188 164 164 164
3.60433 26.80021 0.16682 167 167 167
3.60029 26.79953 0.29184 170 170 170
3.58535 26.80104 0.41602 171 171 171
3.56613 26.79776 0.53951 168 168 168
3.54898 26.80435 0.66342 170 170 170
3.52191 26.79649 0.78555 173 173 173
3.48736 26.79868 0.90574 173 173 173
3.45586 26.80040 1.02687 179 179 179
3.41167 26.79765 1.14393 170 170 170
3.37604 26.79859 1.26446 177 177 177
3.31792 26.79987 1.37575 182 182 182
3.26041 26.79805 1.48681 187 187 187
3.20616 26.80182 1.59961 180 180 180
3.14052 26.80163 1.70616 181 181 181
3.07534 26.79986 1.81298 183 183 183
3.00061 26.79831 1.91337 185 185 185
2.93013 26.79755 2.01696 181 181 181
2.84447 26.80142 2.10851 184 184 184
2.76223 26.79954 2.20261 190 190 190
2.67438 26.80153 2.29152 178 178 178
2.58775 26.79694 2.38183 196 196 196
2.49127 26.79697 2.46156 189 189 189
2.39658 26.79981 2.54332 186 186 186
2.29753 26.79782 2.61988 188 188 188
2.19385 26.79773 2.69005 191 191 191
2.08787 26.80353 2.75664 196 196 196
1.98009 26.79691 2.82030 195 195 195
1.87197 26.80184 2.88385 190 190 190
1.75919 26.79898 2.93880 191 191 191
1.64340 26.80181 2.98711 196 196 196
1.52429 26.80069 3.02658 197 197 197
1.40704 26.79666 3.07084 196 196 196
1.28754 26.79733 3.10895 202 202 202
1.16576 26.79648 3.13918 195 195 195
1.04225 26.79606 3.16126 196 196 196
0.92065 26.80003 3.19440 194 194 194
0.79545 26.80146 3.20661 192 192 192
0.66987 26.80128 3.21200 188 188 188
0.54464 26.80304 3.21799 197 197 197
0.41930 26.79573 3.22835 191 191 191
0.29349 26.79729 3.22961 190 190 190
0.16872 26.80095 3.21193 195 195 195
0.04310 26.80372 3.20697 194 194 194
-0.08078 26.80221 3.18632 189 189 189
-0.20384 26.80081 3.16218 198 198 198
-0.32843 26.79762 3.14441 195 195 195
-0.44819 26.80240 3.10628 200 200 200
-0.56993 26.80554 3.07539 190 190 190
-0.68580 26.79913 3.02684 193 193 193
-0.80414 26.79970 2.98548 198 198 198
-0.92006 26.79599 2.93762 194 194 194
-1.03219 26.80035 2.88152 189 189 189
-1.14176 26.79911 2.82077 197 197 197
-1.24915 26.80043 2.75643 189 189 189
-1.35498 26.79933 2.68963 190 190 190
-1.45777 26.79968 2.61826 185 185 185
-1.55706 26.80100 2.54215 186 186 186
-1.65412 26.79931 2.46325 190 190 190
-1.74247 26.79620 2.37461 189 189 189
-1.83994 26.80229 2.29566 192 192 192
-1.92116 26.79938 2.20032 195 195 195
-2.01150 26.79848 2.11330 186 186 186
-2.08846 26.79971 2.01453 178 178 178
-2.16521 26.79891 1.91568 186 186 186
-2.23220 26.79923 1.80994 185 185 185
-2.30215 26.79747 1.70629 176 176 176
-2.36847 26.80095 1.60012 177 177 177
-2.42508 26.80176 1.48847 181 181 181
-2.48283 26.80656 1.37737 180 180 180
-2.52649 26.80213 1.25992 174 174 174
-2.57590 26.79801 1.14497 182 182 182
-2.61588 26.80171 1.02642 166 166 166
-2.65359 26.80198 0.90710 176 176 176
-2.68021 26.79866 0.78480 174 174 174
-2.71525 26.79548 0.66439 171 171 171
-2.73116 26.80046 0.54008 170 170 170
-2.74266 26.79788 0.41554 175 175 175
-2.76525 26.79857 0.29212 168 168 168
-2.76898 26.80228 0.16695 170 170 170
-2.77633 26.79927 0.04188 166 166 166
-2.76992 26.79847 -0.08381 164 164 164
-2.75880 26.79888 -0.20901 163 163 163
-2.74573 26.79879 -0.33386 168 168 168
-2.73352 26.79764 -0.45898 158 158 158
-2.71496 26.79958 -0.58343 167 167 167
-2.67992 26.79673 -0.70439 168 168 168
-2.64791 26.79841 -0.82570 160 160 160
-2.61136 26.80381 -0.94570 152 152 152
-2.57080 26.79699 -1.06439 159 159 159
-2.52842 26.80151 -1.18254 158 158 158
-2.47664 26.80493 -1.29686 153 153 153
-2.41830 26.79970 -1.40788 152 152 152
-2.36453 26.80035 -1.52129 159 159 159
-2.30363 26.79968 -1.63106 154 154 154
-2.23675 26.80103 -1.73732 147 147 147
-2.16406 26.80328 -1.83966 145 145 145
-2.08812 26.80066 -1.93954 152 152 152
-2.00588 26.79824 -2.03422 158 158 158
-1.92336 26.79886 -2.12850 147 147 147
-1.84097 26.79684 -2.22325 143 143 143
-1.74892 26.79450 -2.30853 145 145 145
-1.65399 26.79856 -2.39043 148 148 148
-1.55463 26.79306 -2.46676 153 153 153
-1.45445 26.79669 -2.54173 143 143 143
-1.35533 26.79371 -2.61853 143 143 143
-1.25213 26.80055 -2.68998 141 141 141
-1.14322 26.79958 -2.75233 141 141 141
-1.03619 26.80017 -2.81860 147 147 147
-0.91501 26.79984 -2.85615 136 136 136
-0.80415 26.80072 -2.91522 143 143 143
-0.68831 26.80097 -2.96358 141 141 141
-0.56734 26.79884 -2.99755 145 145 145
-0.44897 26.79740 -3.03929 144 144 144
-0.32599 26.79786 -3.06465 141 141 141
-0.20454 26.79635 -3.09619 132 132 132
-0.08123 26.80137 -3.11983 148 148 148
0.04401 26.80179 -3.13005 138 138 138
0.16830 26.79738 -3.14808 137 137 137
0.29370 26.80151 -3.15509 144 144 144
0.41930 26.79877 -3.15836 138 138 138
0.54486 26.80141 -3.15431 140 140 140
0.67019 26.80263 -3.14675 140 140 140
0.79413 26.79657 -3.12624 140 140 140
0.91919 26.80022 -3.11581 141 141 141
1.04224 26.79934 -3.09174 138 138 138
1.16571 26.79717 -3.06938 136 136 136
1.28768 26.80157 -3.03973 138 138 138
1.40852 26.80234 -3.00550 138 138 138
1.52550 26.79568 -2.95977 151 151 151
1.64305 26.80463 -2.91596 133 133 133
1.75864 26.79858 -2.86709 142 142 142
1.86929 26.80037 -2.80782 144 144 144
1.98035 26.79753 -2.74973 138 138 138
2.08782 26.79900 -2.68523 145 145 145
2.19051 26.80177 -2.61342 142 142 142
2.29122 26.79997 -2.53923 148 148 148
2.39622 26.79942 -2.47056 144 144 144
2.49409 26.80004 -2.39220 142 142 142
2.58783 26.79781 -2.30888 148 148 148
2.67492 26.79988 -2.21861 150 150 150
2.76990 26.79881 -2.13585 138 138 138
2.84840 26.79687 -2.03757 153 153 153
2.92531 26.79991 -1.93843 157 157 157
3.00393 26.80034 -1.84059 153 153 153
3.07265 26.80148 -1.73553 149 149 149
3.13939 26.80286 -1.62933 150 150 150
3.20752 26.79955 -1.52375 156 156 156
3.25781 26.79668 -1.40835 156 156 156
3.31862 26.79932 -1.29843 155 155 155
3.36879 26.80242 -1.18328 162 162 162
3.41552 26.80338 -1.06665 161 161 161
3.45777 26.79842 -0.94824 161 161 161
3.49019 26.80019 -0.82675 163 163 163
3.51923 26.80220 -0.70456 157 157 157
3.54499 26.80014 -0.58172 162 162 162
3.56789 26.79946 -0.45831 156 156 156
3.59002 26.80199 -0.33454 158 158 158
3.59914 26.80150 -0.20914 168 168 168
3.61135 26.80148 -0.08392 169 169 169
3.61115 27.20056 0.04250 171 171 171
3.60398 27.20131 0.16741 166 166 166
3.59800 27.19920 0.29224 164 164 164
3.58521 27.20443 0.41656 175 175 175
3.57189 27.20261 0.54095 174 174 174
3.55064 27.19763 0.66426 176 176 176
3.51908 27.19896 0.78535 178 178 178
3.49218 27.19636 0.90755 171 171 171
3.45746 27.20263 1.02782 175 175 175
3.41360 27.19456 1.14505 173 173 173
3.37080 27.20130 1.26266 186 186 186
3.31565 27.19866 1.37505 179 179 179
3.26126 27.19696 1.48756 177 177 177
3.20784 27.19989 1.60084 181 181 181
3.13628 27.19758 1.70381 180 180 180
3.07143 27.19740 1.81058 181 181 181
2.99402 27.19872 1.90875 187 187 187
2.92687 27.19693 2.01453 187 187 187
2.84716 27.20323 2.11090 182 182 182
2.76273 27.20148 2.20313 186 186 186
2.67821 27.19653 2.29536 186 186 186
2.58802 27.20466 2.38209 193 193 193
2.48886 27.20124 2.45865 188 188 188
2.39588 27.19936 2.54229 187 187 187
2.29734 27.20063 2.61940 183 183 183
2.19295 27.20093 2.68842 190 190 190
2.08998 27.20092 2.75973 184 184 184
1.98175 27.19381 2.82283 190 190 190
1.87066 27.19774 2.88075 188 188 188
1.75792 27.19672 2.93540 199 199 199
1.64312 27.19160 2.98566 196 196 196
1.52669 27.20225 3.03219 196 196 196
1.40572 27.19785 3.06570 191 191 191
1.28689 27.20297 3.10533 197 197 197
1.16627 27.19887 3.13970 198 198 198
1.04492 27.19950 3.17267 202 202 202
0.92045 27.20365 3.19059 189 189 189
0.79589 27.20326 3.20681 197 197 197
0.67077 27.20170 3.21800 195 195 195
0.54531 27.19813 3.22399 193 193 193
0.41974 27.19765 3.23378 191 191 191
0.29420 27.20140 3.22301 206 206 206
0.16902 27.19584 3.21399 194 194 194
0.04389 27.19823 3.20429 187 187 187
-0.08008 27.20025 3.18495 191 191 191
-0.20376 27.19977 3.16419 195 195 195
-0.32706 27.20086 3.14080 194 194 194
-0.44673 27.19588 3.10291 197 197 197
-0.56786 27.20053 3.07065 195 195 195
-0.68636 27.19905 3.02985 198 198 198
-0.80311 27.20039 2.98436 199 199 199
-0.91963 27.20105 2.93796 198 198 198
-1.03249 27.19990 2.88331 191 191 191
-1.13807 27.20236 2.81532 189 189 189
-1.25077 27.20229 2.76017 189 189 189
-1.35245 27.20362 2.68689 189 189 189
-1.45541 27.20188 2.61602 186 186 186
-1.55655 27.20266 2.54247 190 190 190
-1.65742 27.20288 2.46806 185 185 185
-1.74949 27.19986 2.38311 192 192 192
-1.83882 27.20138 2.29544 189 189 189
-1.92369 27.20384 2.20353 190 190 190
-2.00793 27.19917 2.11111 178 178 178
-2.08434 27.20065 2.01212 181 181 181
-2.15813 27.20395 1.91136 179 179 179
-2.23600 27.20261 1.81329 182 182 182
-2.30420 27.19726 1.70834 186 186 186
-2.36829 27.20096 1.60080 182 182 182
-2.42401 27.19886 1.48869 180 180 180
-2.47578 27.20355 1.37487 176 176 176
-2.53484 27.19897 1.26411 186 186 186
-2.57438 27.20158 1.14514 172 172 172
-2.61634 27.20289 1.02728 168 168 168
-2.64938 27.19964 0.90662 176 176 176
-2.68682 27.20003 0.78708 176 176 176
-2.71104 27.19851 0.66423 174 174 174
-2.72559 27.19908 0.53987 166 166 166
-2.75125 27.19720 0.41721 176 176 176
-2.76506 27.20337 0.29275 171 171 171
-2.76534 27.19666 0.16745 175 175 175
-2.77317 27.19868 0.04250 168 168 168
-2.77075 27.20035 -0.08325 160 160 160
-2.76285 27.19796 -0.20876 163 163 163
-2.74378 27.19838 -0.33310 168 168 168
-2.73388 27.19765 -0.45853 156 156 156
-2.71122 27.20033 -0.58220 160 160 160
-2.68125 27.20092 -0.70426 159 159 159
-2.64974 27.20508 -0.82580 164 164 164
-2.61723 27.20152 -0.94722 154 154 154
-2.56686 27.19926 -1.06257 162 162 162
-2.52993 27.20046 -1.18284 157 157 157
-2.47714 27.19867 -1.29679 155 155 155
-2.42681 27.20443 -1.41195 156 156 156
-2.36376 27.20152 -1.52061 160 160 160
-2.30238 27.20105 -1.63008 150 150 150
-2.23249 27.20133 -1.73429 151 151 151
-2.15772 27.19790 -1.83490 155 155 155
-2.08274 27.20092 -1.93517 153 153 153
-2.00278 27.20335 -2.03147 153 153 153
-1.92275 27.19894 -2.12787 156 156 156
-1.83722 27.20075 -2.21947 149 149 149
-1.75072 27.19776 -2.31049 143 143 143
-1.65299 27.19838 -2.38930 140 140 140
-1.55655 27.19967 -2.46928 139 139 139
-1.45714 27.20206 -2.54556 139 139 139
-1.35701 27.19695 -2.62123 149 149 149
-1.24757 27.19633 -2.68277 147 147 147
-1.14002 27.20145 -2.74692 144 144 144
-1.02694 27.20362 -2.80083 134 134 134
-0.91810 27.20200 -2.86330 141 141 141
-0.80546 27.19668 -2.91892 137 137 137
-0.68666 27.20225 -2.95977 143 143 143
-0.56768 27.19545 -2.99942 141 141 141
-0.44906 27.19967 -3.04065 139 139 139
-0.32671 27.19467 -3.06895 136 136 136
-0.20333 27.19687 -3.09181 146 146 146
-0.08073 27.20243 -3.11889 134 134 134
0.04391 27.20024 -3.13400 141 141 141
0.16846 27.19643 -3.15101 144 144 144
0.29425 27.19858 -3.15184 136 136 136
0.41974 27.19839 -3.16253 137 137 137
0.54559 27.20322 -3.16100 133 133 133
0.67105 27.20035 -3.15155 142 142 142
0.79554 27.20015 -3.13384 140 140 140
0.91986 27.20214 -3.11670 135 135 135
1.04273 27.19789 -3.09140 144 144 144
1.16474 27.20172 -3.06293 144 144 144
1.28825 27.20060 -3.03963 142 142 142
1.40939 27.19761 -3.00627 142 142 142
1.52334 27.19710 -2.95219 140 140 140
1.64294 27.19651 -2.91412 140 140 140
1.75722 27.20042 -2.86253 138 138 138
1.87094 27.20351 -2.80970 138 138 138
1.98107 27.19578 -2.74973 150 150 150
2.08628 27.19837 -2.68151 143 143 143
2.19186 27.19642 -2.61430 139 139 139
2.29739 27.20028 -2.54663 146 146 146
2.39802 27.20012 -2.47181 144 144 144
2.49669 27.19809 -2.39424 142 142 142
2.58312 27.20172 -2.30283 150 150 150
2.67974 27.19804 -2.22252 143 143 143
2.76904 27.20008 -2.13417 144 144 144
2.84684 27.20315 -2.03539 151 151 151
2.92391 27.19734 -1.93650 152 152 152
3.00249 27.19980 -1.83874 143 143 143
3.07686 27.20161 -1.73756 151 151 151
3.13988 27.20044 -1.62887 153 153 153
3.20600 27.20011 -1.52216 150 150 150
3.26344 27.19844 -1.41049 153 153 153
3.31859 27.20018 -1.29770 161 161 161
3.37011 27.19845 -1.18313 157 157 157
3.41065 27.19794 -1.06416 161 161 161
3.45158 27.19683 -0.94555 159 159 159
3.49652 27.20010 -0.82786 156 156 156
3.52042 27.19852 -0.70418 168 168 168
3.54387 27.19867 -0.58085 158 158 158
3.57108 27.20094 -0.45817 162 162 162
3.58579 27.19562 -0.33340 164 164 164
3.59802 27.20228 -0.20842 159 159 159
3.60626 27.19795 -0.08309 175 175 175
3.60893 27.59470 0.04313 167 167 167
3.60302 27.60132 0.16798 164 164 164
3.60199 27.60240 0.29315 174 174 174
3.58888 27.60131 0.41758 170 170 170
3.57241 27.59737 0.54160 173 173 173
3.55264 27.60149 0.66521 174 174 174
3.52398 27.60049 0.78706 171 171 171
3.48805 27.60253 0.90691 174 174 174
3.46062 27.60216 1.02934 176 176 176
3.41196 27.59981 1.14493 181 181 181
3.37653 27.59942 1.26550 177 177 177
3.32024 27.60545 1.37761 178 178 178
3.26288 27.59943 1.48881 179 179 179
3.20515 27.60021 1.59974 184 184 184
3.14022 27.59869 1.70661 182 182 182
3.07664 27.59418 1.81443 185 185 185
3.00418 27.59403 1.91647 184 184 184
2.93217 27.60176 2.01902 185 185 185
2.84786 27.59562 2.11179 193 193 193
2.76223 27.59817 2.20293 190 190 190
2.67912 27.59782 2.29650 180 180 180
2.58966 27.60466 2.38407 185 185 185
2.49434 27.60136 2.46523 184 184 184
2.39610 27.60020 2.54270 196 196 196
2.29340 27.59666 2.61407 192 192 192
2.19494 27.59800 2.69146 188 188 188
2.08743 27.60038 2.75558 194 194 194
1.98283 27.59871 2.82472 192 192 192
1.87025 27.60409 2.87986 196 196 196
1.75789 27.59932 2.93517 192 192 192
1.64312 27.59851 2.98543 197 197 197
1.52793 27.60020 3.03523 187 187 187
1.40882 27.60225 3.07482 195 195 195
1.28628 27.59783 3.10266 194 194 194
1.16679 27.60073 3.14118 194 194 194
1.04429 27.59964 3.16859 196 196 196
0.92097 27.59878 3.19264 191 191 191
0.79587 27.59980 3.20496 199 199 199
0.67130 27.60019 3.22206 189 189 189
0.54553 27.60141 3.22398 195 195 195
0.41997 27.60043 3.23114 206 206 206
0.29436 27.60275 3.22497 191 191 191
0.16860 27.59840 3.22239 196 196 196
0.04352 27.60024 3.20955 195 195 195
-0.08049 27.60085 3.18920 190 190 190
-0.20430 27.59860 3.16833 186 186 186
-0.32622 27.60280 3.13849 200 200 200
-0.44719 27.59767 3.10562 188 188 188
-0.56890 27.59961 3.07485 189 189 189
-0.68848 27.59928 3.03654 199 199 199
-0.80061 27.59672 2.97920 192 192 192
-0.91893 27.59469 2.93728 194 194 194
-1.02823 27.59829 2.87575 195 195 195
-1.13994 27.59870 2.81943 187 187 187
-1.25132 27.59969 2.76181 187 187 187
-1.35614 27.60167 2.69315 184 184 184
-1.45478 27.59952 2.61588 188 188 188
-1.56113 27.59855 2.54899 187 187 187
-1.65461 27.60065 2.46547 187 187 187
-1.74604 27.60002 2.38008 188 188 188
-1.83769 27.60004 2.29499 188 188 188
-1.92271 27.59715 2.20331 183 183 183
-2.00600 27.60171 2.11014 181 181 181
-2.08284 27.59961 2.01162 185 185 185
-2.15797 27.59715 1.91192 184 184 184
-2.22814 27.60459 1.80870 187 187 187
-2.30318 27.60310 1.70838 179 179 179
-2.36646 27.59942 1.60044 189 189 189
-2.42079 27.60463 1.48771 178 178 178
-2.47550 27.60240 1.37540 176 176 176
-2.52306 27.59792 1.25989 180 180 180
-2.56968 27.59512 1.14406 174 174 174
-2.61428 27.60074 1.02726 172 172 172
-2.65054 27.60246 0.90759 176 176 176
-2.68234 27.59894 0.78665 172 172 172
-2.70592 27.59854 0.66386 172 172 172
-2.73207 27.59940 0.54153 172 172 172
-2.75176 27.60175 0.41791 171 171 171
-2.76163 27.60227 0.29311 168 168 168
-2.76784 27.59511 0.16817 167 167 167
-2.76906 27.60188 0.04313 164 164 164
-2.76740 27.59767 -0.08251 168 168 168
-2.76379 27.59827 -0.20825 160 160 160
-2.75065 27.60227 -0.33335 165 165 165
-2.73121 27.60166 -0.45757 158 158 158
-2.70806 27.59830 -0.58105 165 165 165
-2.68299 27.60214 -0.70417 162 162 162
-2.65143 27.59770 -0.82579 159 159 159
-2.61775 27.60041 -0.94692 164 164 164
-2.57339 27.60221 -1.06453 163 163 163
-2.52414 27.59910 -1.18001 163 163 163
-2.47994 27.59411 -1.29767 155 155 155
-2.42484 27.59981 -1.41055 157 157 157
-2.36285 27.59810 -1.51973 158 158 158
-2.30017 27.60075 -1.62837 156 156 156
-2.23486 27.59452 -1.73554 152 152 152
-2.16435 27.60007 -1.83940 150 150 150
-2.08340 27.59752 -1.93538 141 141 141
-2.00576 27.60196 -2.03373 143 143 143
-1.92558 27.59608 -2.13022 154 154 154
-1.83711 27.60360 -2.21911 141 141 141
-1.74950 27.60101 -2.30893 151 151 151
-1.65553 27.60189 -2.39206 148 148 148
-1.55977 27.60061 -2.47317 150 150 150
-1.45659 27.60130 -2.54463 150 150 150
-1.35705 27.59781 -2.62113 142 142 142
-1.25102 27.60066 -2.68827 146 146 146
-1.14334 27.60047 -2.75276 140 140 140
-1.03133 27.60097 -2.80938 144 144 144
-0.91664 27.60157 -2.86013 140 140 140
-0.80366 27.60423 -2.91462 140 140 140
-0.68654 27.60298 -2.95954 142 142 142
-0.56676 27.59841 -2.99675 144 144 144
-0.44623 27.60124 -3.03087 144 144 144
-0.32570 27.59957 -3.06514 145 145 145
-0.20408 27.60340 -3.09612 139 139 139
-0.08020 27.60056 -3.11637 138 138 138
0.04455 27.60089 -3.12992 133 133 133
0.16945 27.59897 -3.14077 140 140 140
0.29439 27.60252 -3.15342 137 137 137
0.41997 27.60179 -3.15375 134 134 134
0.54561 27.60505 -3.15507 133 133 133
0.67145 27.59472 -3.15314 139 139 139
0.79635 27.59844 -3.13810 143 143 143
0.92025 27.60095 -3.11712 140 140 140
1.04330 27.60259 -3.09257 136 136 136
1.16791 27.59894 -3.07463 138 138 138
1.28496 27.60251 -3.02662 136 136 136
1.40797 27.59994 -3.00068 147 147 147
1.52810 27.60070 -2.96396 141 141 141
1.64292 27.59464 -2.91301 146 146 146
1.75694 27.60029 -2.86093 142 142 142
1.86820 27.59938 -2.80336 143 143 143
1.98175 27.60268 -2.75005 149 149 149
2.08634 27.60074 -2.68075 141 141 141
2.19847 27.60091 -2.62336 139 139 139
2.29520 27.60273 -2.54281 140 140 140
2.39898 27.60208 -2.47225 154 154 154
2.49274 27.59879 -2.38888 148 148 148
2.58840 27.60077 -2.30782 142 142 142
2.67386 27.60202 -2.21593 150 150 150
2.76523 27.59726 -2.12995 142 142 142
2.84407 27.59904 -2.03235 146 146 146
2.92066 27.59585 -1.93327 154 154 154
2.99796 27.59906 -1.83480 150 150 150
3.07183 27.60197 -1.73356 153 153 153
3.14226 27.59892 -1.62969 154 154 154
3.20240 27.59567 -1.51951 153 153 153
3.25736 27.59882 -1.40677 152 152 152
3.31570 27.60228 -1.29575 156 156 156
3.36781 27.59948 -1.18156 158 158 158
3.41487 27.60575 -1.06510 164 164 164
3.45684 27.60380 -0.94665 163 163 163
3.49728 27.59688 -0.82746 163 163 163
3.52346 27.60219 -0.70430 163 163 163
3.55294 27.59865 -0.58204 156 156 156
3.56920 27.59699 -0.45726 158 158 158
3.58547 27.60298 -0.33274 162 162 162
3.59782 27.59829 -0.20778 168 168 168
3.60731 27.59898 -0.08251 162 162 162
3.60545 28.00128 0.04375 174 174 174
3.61121 27.99807 0.16893 172 172 172
3.59711 28.00144 0.29338 169 169 169
3.58699 27.99605 0.41796 167 167 167
3.57812 27.99813 0.54310 177 177 177
3.55159 27.99758 0.66559 168 168 168
3.52168 28.00505 0.78710 172 172 172
3.49214 27.99304 0.90864 171 171 171
3.45682 27.99671 1.02868 172 172 172
3.41341 28.00067 1.14602 177 177 177
3.37023 27.99489 1.26345 177 177 177
3.32796 27.99798 1.38172 177 177 177
3.26618 28.00657 1.49103 176 176 176
3.20095 28.00151 1.59792 183 183 183
3.13918 28.00245 1.70650 186 186 186
3.07375 27.99867 1.81301 188 188 188
3.00308 27.99903 1.91618 184 184 184
2.92655 28.00170 2.01509 184 184 184
2.85049 27.99891 2.11451 187 187 187
2.76316 28.00095 2.20426 187 187 187
2.67851 28.00380 2.29635 188 188 188
2.58331 27.99896 2.37764 194 194 194
2.49541 28.00181 2.46692 192 192 192
2.39654 27.99737 2.54368 189 189 189
2.29593 27.99824 2.61796 191 191 191
2.19697 28.00341 2.69488 188 188 188
2.08827 27.99982 2.75732 194 194 194
1.98281 27.99651 2.82504 195 195 195
1.86937 28.00222 2.87846 193 193 193
1.75558 27.99930 2.93049 186 186 186
1.64222 27.99929 2.98356 200 200 200
1.52437 28.00101 3.02587 189 189 189
1.40640 27.99976 3.06764 193 193 193
1.28602 28.00281 3.10197 192 192 192
1.16668 27.99783 3.14092 195 195 195
1.04292 28.00012 3.16195 194 194 194
0.92066 27.99735 3.19088 196 196 196
0.79611 27.99978 3.20714 192 192 192
0.67120 27.99859 3.22085 195 195 195
0.54579 27.99929 3.23032 195 195 195
0.41998 28.00016 3.22549 195 195 195
0.29452 27.99877 3.22135 200 200 200
0.16912 27.99764 3.21625 192 192 192
0.04383 27.99957 3.20727 193 193 193
-0.08016 27.99988 3.18745 192 192 192
-0.20370 28.00044 3.16567 196 196 196
-0.32706 28.00057 3.14236 194 194 194
-0.44840 28.00168 3.11027 199 199 199
-0.56843 27.99991 3.07376 191 191 191
-0.68770 28.00047 3.03478 189 189 189
-0.80306 28.00362 2.98549 194 194 194
-0.91727 28.00000 2.93407 189 189 189
-1.02975 28.00126 2.87914 186 186 186
-1.13973 28.00077 2.81947 187 187 187
-1.24657 28.00210 2.75449 189 189 189
-1.35683 28.00527 2.69462 190 190 190
-1.45728 28.00094 2.61976 192 192 192
-1.55605 27.99853 2.54301 187 187 187
-1.65203 27.99826 2.46292 183 183 183
-1.74946 27.99976 2.38425 192 192 192
-1.83922 28.00067 2.29701 192 192 192
-1.92795 27.99810 2.20865 181 181 181
-2.00927 28.00037 2.11344 187 187 187
-2.08793 28.00274 2.01614 181 181 181
-2.16160 28.00041 1.91508 180 180 180
-2.23911 27.99581 1.81657 186 186 186
-2.29890 28.00239 1.70630 181 181 181
-2.36309 27.99681 1.59910 178 178 178
-2.42756 27.99968 1.49171 176 176 176
-2.47670 27.99985 1.37651 178 178 178
-2.52820 27.99790 1.26259 176 176 176
-2.57300 27.99871 1.14586 178 178 178
-2.61134 27.99775 1.02689 173 173 173
-2.64794 27.99499 0.90745 171 171 171
-2.68070 27.99909 0.78685 176 176 176
-2.70631 28.00189 0.66454 176 176 176
-2.72392 28.00473 0.54085 167 167 167
-2.74977 28.00401 0.41828 176 176 176
-2.75710 28.00146 0.29337 164 164 164
-2.76761 28.00314 0.16878 164 164 164
-2.77331 27.99815 0.04375 166 166 166
-2.76672 27.99610 -0.08187 166 166 166
-2.75912 27.99739 -0.20728 170 170 170
-2.75152 28.00288 -0.33286 165 165 165
-2.72904 28.00021 -0.45664 162 162 162
-2.71051 28.00214 -0.58097 164 164 164
-2.68183 28.00415 -0.70333 169 169 169
-2.65568 28.00241 -0.82644 154 154 154
-2.61387 28.00498 -0.94512 161 161 161
-2.57382 27.99909 -1.06416 152 152 152
-2.53281 27.99958 -1.18308 150 150 150
-2.47431 27.99942 -1.29456 158 158 158
-2.42033 27.99477 -1.40774 159 159 159
-2.36230 27.99674 -1.51892 153 153 153
-2.30282 28.00032 -1.62950 151 151 151
-2.23274 27.99496 -1.73364 153 153 153
-2.16741 27.99963 -1.84113 153 153 153
-2.08483 28.00143 -1.93603 149 149 149
-2.00931 27.99672 -2.03629 148 148 148
-1.92307 28.00095 -2.12742 148 148 148
-1.82977 27.99966 -2.21129 150 150 150
-1.75000 27.99955 -2.30900 148 148 148
-1.65176 28.00106 -2.38717 145 145 145
-1.55866 28.00076 -2.47129 142 142 142
-1.45966 28.00425 -2.54839 140 140 140
-1.35492 27.99696 -2.61747 137 137 137
-1.25179 27.99740 -2.68905 144 144 144
-1.14106 28.00196 -2.74820 133 133 133
-1.03260 27.99705 -2.81139 141 141 141
-0.91668 28.00294 -2.85971 140 140 140
-0.80320 27.99729 -2.91300 144 144 144
-0.68672 28.00322 -2.95953 149 149 149
-0.56742 28.00108 -2.99826 142 142 142
-0.44836 27.99965 -3.03793 140 140 140
-0.32694 28.00110 -3.06980 149 149 149
-0.20291 28.00186 -3.08973 137 137 137
-0.08047 27.99758 -3.11761 136 136 136
0.04346 27.99910 -3.13868 145 145 145
0.16919 27.99737 -3.14362 135 135 135
0.29433 27.99849 -3.15456 136 136 136
0.41998 28.00132 -3.15692 138 138 138
0.54549 27.99540 -3.15123 141 141 141
0.67067 28.00225 -3.14242 136 136 136
0.79616 27.99813 -3.13582 133 133 133
0.92194 28.00247 -3.12713 141 141 141
1.04323 27.99927 -3.09156 133 133 133
1.16652 27.99510 -3.06823 142 142 142
1.28937 28.00105 -3.04164 142 142 142
1.40823 27.99989 -3.00088 144 144 144
1.52682 28.00681 -2.95990 146 146 146
1.64240 27.99674 -2.91118 142 142 142
1.76024 27.99633 -2.86751 146 146 146
1.87296 28.00080 -2.81218 143 143 143
1.98091 28.00118 -2.74801 147 147 147
2.09076 28.00124 -2.68744 146 146 146
2.19342 28.00450 -2.61529 143 143 143
2.29990 28.00361 -2.54877 146 146 146
2.39565 28.00254 -2.46752 147 147 147
2.49502 27.99991 -2.39104 145 145 145
2.58379 27.99841 -2.30233 150 150 150
2.67628 27.99982 -2.21784 138 138 138
2.76367 27.99608 -2.12801 150 150 150
2.85011 28.00065 -2.03701 152 152 152
2.92206 28.00201 -1.93388 151 151 151
3.00331 27.99722 -1.83818 150 150 150
3.07729 28.00140 -1.73670 152 152 152
3.13926 27.99970 -1.62734 156 156 156
3.19758 27.99868 -1.51630 150 150 150
3.26095 27.99321 -1.40808 160 160 160
3.32198 27.99833 -1.29812 159 159 159
3.36719 27.99827 -1.18077 159 159 159
3.40909 28.00168 -1.06243 161 161 161
3.45421 28.00118 -0.94524 152 152 152
3.49716 28.00017 -0.82687 157 157 157
3.52337 28.00126 -0.70371 160 160 160
3.54885 27.99972 -0.58065 162 162 162
3.56411 28.00322 -0.45587 155 155 155
3.58515 28.00241 -0.33211 170 170 170
3.60484 27.99721 -0.20773 169 169 169
3.61091 28.00223 -0.08204 171 171 171
3.60794 28.40059 0.04437 171 171 171
3.61150 28.39713 0.16956 171 171 171
3.59878 28.39795 0.29414 175 175 175
3.58893 28.40189 0.41882 167 167 167
3.57025 28.40389 0.54249 172 172 172
3.54846 28.40244 0.66561 170 170 170
3.51918 28.40105 0.78714 173 173 173
3.48733 28.39624 0.90793 184 184 184
3.45360 28.39637 1.02828 184 184 184
3.41531 28.39716 1.14737 183 183 183
3.36379 28.39787 1.26143 184 184 184
3.31631 28.39939 1.37701 180 180 180
3.26579 28.40061 1.49149 186 186 186
3.20508 28.39954 1.60089 173 173 173
3.14172 28.39926 1.70872 183 183 183
3.07506 28.39972 1.81455 179 179 179
3.00293 28.39936 1.91674 185 185 185
2.92608 28.39837 2.01538 182 182 182
2.84908 28.40130 2.11398 193 193 193
2.76740 28.39634 2.20886 193 193 193
2.67635 28.39884 2.29487 185 185 185
2.58121 28.39996 2.37606 193 193 193
2.49345 28.39773 2.46532 185 185 185
2.39379 28.40133 2.54090 188 188 188
2.29769 28.39934 2.62109 188 188 188
2.19227 28.39678 2.68857 193 193 193
2.08887 28.39807 2.75905 190 190 190
1.98321 28.39971 2.82652 187 187 187
1.87074 28.40177 2.88193 190 190 190
1.75905 28.40525 2.93883 192 192 192
1.64249 28.40241 2.98506 191 191 191
1.52605 28.40243 3.03131 187 187 187
1.41006 28.40060 3.07986 199 199 199
1.28917 28.40065 3.11418 195 195 195
1.16600 28.39750 3.13926 197 197 197
1.04259 28.39904 3.16158 189 189 189
0.91990 28.40188 3.18762 193 193 193
0.79581 28.40064 3.20651 193 193 193
0.67063 28.40060 3.21637 192 192 192
0.54553 28.40170 3.22901 196 196 196
0.41978 28.40130 3.23919 198 198 198
0.29414 28.40182 3.22628 198 198 198
0.16810 28.39956 3.22684 199 199 199
0.04417 28.40217 3.20301 185 185 185
-0.08062 28.39822 3.18937 195 195 195
-0.20428 28.40142 3.16785 194 194 194
-0.32517 28.40289 3.13394 190 190 190
-0.45002 28.40051 3.11563 192 192 192
-0.56717 28.39825 3.06962 192 192 192
-0.68730 28.39831 3.03350 196 196 196
-0.80348 28.40180 2.98639 194 194 194
-0.91565 28.40176 2.93050 194 194 194
-1.03140 28.40379 2.88237 196 196 196
-1.13999 28.39795 2.81997 194 194 194
-1.24796 28.39873 2.75684 193 193 193
-1.35289 28.40024 2.68885 194 194 194
-1.45292 28.40215 2.61392 198 198 198
-1.55798 28.39837 2.54564 186 186 186
-1.65305 28.39933 2.46433 189 189 189
-1.74766 28.39782 2.38256 197 197 197
-1.83984 28.40263 2.29791 183 183 183
-1.92767 28.40297 2.20869 182 182 182
-2.00783 28.39859 2.11254 184 184 184
-2.08971 28.39784 2.01790 190 190 190
-2.16321 28.39658 1.91662 177 177 177
-2.23164 28.40259 1.81197 181 181 181
-2.29948 28.40003 1.70707 185 185 185
-2.36348 28.40012 1.59975 185 185 185
-2.42539 28.39946 1.49106 177 177 177
-2.47315 28.40389 1.37534 176 176 176
-2.52276 28.39917 1.26083 173 173 173
-2.57304 28.40249 1.14637 182 182 182
-2.60968 28.39740 1.02687 180 180 180
-2.65580 28.39846 0.91020 171 171 171
-2.68262 28.40324 0.78786 165 165 165
-2.70679 28.40086 0.66519 176 176 176
-2.73126 28.40261 0.54258 164 164 164
-2.74723 28.40357 0.41857 172 172 172
-2.75897 28.40121 0.29412 166 166 166
-2.76880 28.39887 0.16944 170 170 170
-2.76834 28.39563 0.04438 163 163 163
-2.76419 28.40220 -0.08115 170 170 170
-2.75888 28.39683 -0.20664 161 161 161
-2.75064 28.39686 -0.33213 165 165 165
-2.73352 28.40041 -0.45673 162 162 162
-2.70606 28.40026 -0.57947 162 162 162
-2.67881 28.40050 -0.70199 161 161 161
-2.65317 28.39748 -0.82512 155 155 155
-2.61295 28.39965 -0.94421 160 160 160
-2.57300 28.39948 -1.06324 161 161 161
-2.52814 28.40013 -1.18053 150 150 150
-2.47117 28.39446 -1.29249 149 149 149
-2.42412 28.39913 -1.40905 155 155 155
-2.36852 28.40255 -1.52177 156 156 156
-2.30218 28.40063 -1.62847 149 149 149
-2.23508 28.39767 -1.73455 151 151 151
-2.16500 28.40203 -1.83873 151 151 151
-2.08070 28.40127 -1.93211 155 155 155
-2.00520 28.40345 -2.03211 151 151 151
-1.91931 28.40365 -2.12326 154 154 154
-1.83654 28.39539 -2.21737 142 142 142
-1.74636 28.40121 -2.30434 143 143 143
-1.65442 28.40221 -2.38956 144 144 144
-1.55705 28.40486 -2.46850 146 146 146
-1.45958 28.40080 -2.54750 150 150 150
-1.35381 28.40126 -2.61500 146 146 146
-1.24624 28.40006 -2.67915 152 152 152
-1.14117 28.40221 -2.74753 142 142 142
-1.03142 28.40334 -2.80815 142 142 142
-0.91636 28.40099 -2.85806 140 140 140
-0.80256 28.39906 -2.91044 144 144 144
-0.68608 28.40040 -2.95671 146 146 146
-0.56789 28.39735 -2.99854 143 143 143
-0.44711 28.39964 -3.03221 134 134 134
-0.32714 28.40053 -3.06922 144 144 144
-0.20408 28.39547 -3.09407 135 135 135
-0.08062 28.40247 -3.11669 136 136 136
0.04398 28.39973 -3.13198 143 143 143
0.16816 28.39846 -3.15361 144 144 144
0.29428 28.40121 -3.15034 142 142 142
0.41978 28.39843 -3.16000 141 141 141
0.54538 28.39927 -3.15284 132 132 132
0.67071 28.40347 -3.14480 139 139 139
0.79486 28.40138 -3.12594 136 136 136
0.92051 28.39793 -3.11880 142 142 142
1.04355 28.39993 -3.09362 144 144 144
1.16653 28.39902 -3.06853 149 149 149
1.28616 28.40213 -3.03039 145 145 145
1.40869 28.39892 -3.00237 143 143 143
1.52575 28.39961 -2.95702 139 139 139
1.64518 28.40019 -2.91785 143 143 143
1.75878 28.40424 -2.86428 146 146 146
1.87005 28.40281 -2.80633 140 140 140
1.98108 28.40375 -2.74815 142 142 142
2.08600 28.40414 -2.67948 140 140 140
2.19679 28.40212 -2.62012 141 141 141
2.29772 28.39773 -2.54555 141 141 141
2.39431 28.40064 -2.46557 145 145 145
2.49644 28.40132 -2.39244 147 147 147
2.58918 28.40186 -2.30787 146 146 146
2.67668 28.40173 -2.21795 150 150 150
2.76908 28.40191 -2.13270 143 143 143
2.84611 28.39943 -2.03327 152 152 152
2.92910 28.39878 -1.93908 152 152 152
3.00722 28.39954 -1.84067 155 155 155
3.07696 28.40021 -1.73611 146 146 146
3.13854 28.40333 -1.62652 150 150 150
3.20332 28.39337 -1.51911 153 153 153
3.26737 28.39656 -1.41093 155 155 155
3.31443 28.40166 -1.29420 156 156 156
3.36639 28.39784 -1.17999 154 154 154
3.41250 28.39580 -1.06322 160 160 160
3.45864 28.40190 -0.94620 155 155 155
3.48916 28.39823 -0.82411 163 163 163
3.52319 28.39990 -0.70315 162 162 162
3.54619 28.40396 -0.57958 166 166 166
3.56309 28.40313 -0.45515 170 170 170
3.58503 28.39799 -0.33152 163 163 163
3.59495 28.40142 -0.20636 163 163 163
3.60854 28.39888 -0.08134 172 172 172
3.61296 28.80084 0.04500 159 159 159
3.59970 28.80071 0.16974 169 169 169
3.59239 28.80109 0.29429 168 168 168
3.58963 28.80053 0.41957 172 172 172
3.57104 28.79780 0.54329 181 181 181
3.54722 28.80175 0.66605 175 175 175
3.51633 28.79548 0.78715 166 166 166
3.48470 28.80394 0.90790 179 179 179
3.45371 28.79913 1.02904 173 173 173
3.41270 28.80486 1.14715 183 183 183
3.36900 28.79992 1.26434 174 174 174
3.31610 28.79625 1.37767 176 176 176
3.25910 28.79381 1.48885 172 172 172
3.20226 28.79806 1.60010 177 177 177
3.14279 28.79809 1.71017 184 184 184
3.07314 28.79561 1.81408 190 190 190
3.00400 28.79945 1.91835 183 183 183
2.92789 28.80339 2.01766 187 187 187
2.84383 28.80356 2.11037 184 184 184
2.76497 28.80377 2.20750 180 180 180
2.68059 28.80197 2.30001 195 195 195
2.58387 28.80203 2.37987 191 191 191
2.49318 28.80019 2.46596 193 193 193
2.39194 28.79731 2.53953 193 193 193
2.29357 28.80316 2.61645 196 196 196
2.19355 28.80128 2.69155 197 197 197
2.08864 28.79785 2.75978 189 189 189
1.97779 28.80301 2.81799 186 186 186
1.87183 28.80345 2.88531 185 185 185
1.75612 28.79938 2.93377 193 193 193
1.64069 28.80034 2.98210 188 188 188
1.52557 28.80194 3.03149 191 191 191
1.40646 28.80036 3.07043 190 190 190
1.28691 28.80288 3.10799 194 194 194
1.16413 28.80116 3.13353 197 197 197
1.04301 28.79663 3.16612 196 196 196
0.91886 28.80392 3.18399 192 192 192
0.79535 28.79924 3.20648 200 200 200
0.67014 28.80037 3.21573 188 188 188
0.54521 28.80011 3.23181 200 200 200
0.41937 28.80305 3.23346 194 194 194
0.29390 28.80288 3.22205 201 201 201
0.16884 28.80156 3.21252 195 195 195
0.04317 28.80371 3.20829 198 198 198
-0.08164 28.79566 3.19353 193 193 193
-0.20442 28.80324 3.16679 195 195 195
-0.32641 28.80148 3.13775 201 201 201
-0.44743 28.79827 3.10531 199 199 199
-0.56766 28.80314 3.07022 200 200 200
-0.68586 28.80134 3.02886 189 189 189
-0.80425 28.80055 2.98762 190 190 190
-0.91594 28.79812 2.93062 188 188 188
-1.02967 28.79851 2.87857 196 196 196
-1.14031 28.80299 2.82023 197 197 197
-1.25349 28.79984 2.76562 184 184 184
-1.35527 28.80062 2.69223 191 191 191
-1.45971 28.79872 2.62316 190 190 190
-1.56007 28.80296 2.54824 194 194 194
-1.65102 28.79887 2.46194 194 194 194
-1.74658 28.79850 2.38143 190 190 190
-1.83823 28.79932 2.29639 184 184 184
-1.92243 28.80086 2.20397 186 186 186
-2.00702 28.79914 2.11201 184 184 184
-2.08698 28.79719 2.01594 196 196 196
-2.15817 28.79752 1.91319 180 180 180
-2.22712 28.79950 1.80921 176 176 176
-2.30551 28.80092 1.71106 185 185 185
-2.36591 28.80308 1.60143 185 185 185
-2.42597 28.80236 1.49171 175 175 175
-2.47593 28.80074 1.37701 179 179 179
-2.52936 28.80217 1.26396 178 178 178
-2.57086 28.80283 1.14600 176 176 176
-2.61982 28.79876 1.03061 174 174 174
-2.64979 28.79378 0.90898 168 168 168
-2.68302 28.80025 0.78845 176 176 176
-2.70903 28.80282 0.66615 170 170 170
-2.72710 28.79954 0.54246 173 173 173
-2.74498 28.79640 0.41887 165 165 165
-2.75557 28.80108 0.29444 170 170 170
-2.76847 28.79889 0.17003 172 172 172
-2.76652 28.80034 0.04500 163 163 163
-2.76223 28.79846 -0.08044 172 172 172
-2.76072 28.80020 -0.20614 168 168 168
-2.74997 28.80134 -0.33141 163 163 163
-2.72585 28.80364 -0.45486 157 157 157
-2.71097 28.80308 -0.57978 166 166 166
-2.68346 28.79925 -0.70244 161 161 161
-2.65362 28.79834 -0.82457 161 161 161
-2.61400 28.79871 -0.94386 165 165 165
-2.57517 28.80105 -1.06334 152 152 152
-2.52384 28.79928 -1.17803 159 159 159
-2.47573 28.79930 -1.29387 154 154 154
-2.42042 28.79843 -1.40643 155 155 155
-2.36233 28.79742 -1.51755 158 158 158
-2.29689 28.79699 -1.62446 154 154 154
-2.22968 28.79876 -1.73015 157 157 157
-2.16482 28.79928 -1.83779 154 154 154
-2.08983 28.80082 -1.93848 144 144 144
-2.00804 28.79788 -2.03367 142 142 142
-1.92107 28.79783 -2.12399 147 147 147
-1.83989 28.79960 -2.21979 145 145 145
-1.75212 28.80248 -2.30962 143 143 143
-1.65258 28.80184 -2.38641 143 143 143
-1.55514 28.79587 -2.46504 150 150 150
-1.45534 28.79890 -2.54058 142 142 142
-1.35601 28.80474 -2.61716 143 143 143
-1.24980 28.80207 -2.68377 141 141 141
-1.14268 28.79865 -2.74896 146 146 146
-1.03069 28.80030 -2.80537 138 138 138
-0.92004 28.79970 -2.86461 136 136 136
-0.80593 28.79967 -2.91704 140 140 140
-0.68624 28.80169 -2.95546 144 144 144
-0.56945 28.79760 -3.00152 144 144 144
-0.44758 28.79903 -3.03184 141 141 141
-0.32762 28.79997 -3.06895 143 143 143
-0.20371 28.80044 -3.08956 146 146 146
-0.08080 28.79868 -3.11461 139 139 139
0.04315 28.79905 -3.13492 136 136 136
0.16865 28.79881 -3.14157 136 136 136
0.29365 28.79598 -3.15508 137 137 137
0.41937 28.79512 -3.15243 147 147 147
0.54531 28.79754 -3.16105 142 142 142
0.67072 28.79698 -3.14966 143 143 143
0.79546 28.79525 -3.13390 142 142 142
0.91984 28.79724 -3.11657 141 141 141
1.04413 28.79795 -3.09803 143 143 143
1.16578 28.79906 -3.06657 142 142 142
1.28546 28.79599 -3.02884 142 142 142
1.40742 28.80206 -2.99916 140 140 140
1.52535 28.79975 -2.95649 142 142 142
1.64193 28.80197 -2.91045 149 149 149
1.75964 28.80072 -2.86650 141 141 141
1.86727 28.79832 -2.80115 143 143 143
1.97946 28.79913 -2.74548 143 143 143
2.08804 28.80088 -2.68297 147 147 147
2.19601 28.80297 -2.61905 141 141 141
2.29891 28.79885 -2.54725 144 144 144
2.39501 28.80039 -2.46647 146 146 146
2.49513 28.79834 -2.39088 152 152 152
2.58840 28.79571 -2.30697 146 146 146
2.67454 28.79757 -2.21571 153 153 153
2.76216 28.79933 -2.12618 146 146 146
2.84240 28.80063 -2.02994 144 144 144
2.92668 28.80327 -1.93699 149 149 149
3.00325 28.80004 -1.83757 153 153 153
3.07187 28.80096 -1.73246 154 154 154
3.13984 28.80181 -1.62705 153 153 153
3.21027 28.80122 -1.52270 162 162 162
3.26555 28.80065 -1.40968 153 153 153
3.32189 28.80044 -1.29729 154 154 154
3.36328 28.80362 -1.17832 157 157 157
3.41362 28.79858 -1.06324 154 154 154
3.45095 28.80375 -0.94328 158 158 158
3.48911 28.79887 -0.82365 163 163 163
3.51934 28.79737 -0.70175 159 159 159
3.54614 28.80447 -0.57907 163 163 163
3.56563 28.79850 -0.45503 161 161 161
3.58350 28.80035 -0.33079 162 162 162
3.59829 28.79836 -0.20605 160 160 160
3.60364 28.80028 -0.08054 171 171 171
3.60639 29.20135 0.04562 168 168 168
3.60205 29.20086 0.17048 165 165 165
3.59665 29.20000 0.29529 170 170 170
3.58425 29.19685 0.41962 174 174 174
3.56542 29.19782 0.54311 175 175 175
3.55256 29.20261 0.66784 174 174 174
3.52264 29.20282 0.78942 178 178 178
3.48899 29.19889 0.90988 170 170 170
3.45006 29.20283 1.02865 175 175 175
3.40917 29.20092 1.14666 184 184 184
3.36741 29.20384 1.26452 174 174 174
3.30921 29.20023 1.37535 177 177 177
3.25863 29.19715 1.48950 179 179 179
3.19727 29.19766 1.59822 184 184 184
3.13925 29.19982 1.70894 180 180 180
3.07402 29.20405 1.81563 183 183 183
2.99869 29.20163 1.91549 180 180 180
2.92501 29.20000 2.01641 187 187 187
2.84481 29.19813 2.11226 184 184 184
2.75902 29.20139 2.20310 192 192 192
2.67580 29.20124 2.29636 187 187 187
2.58785 29.20054 2.38535 189 189 189
2.49544 29.20095 2.46983 186 186 186
2.39734 29.19945 2.54766 189 189 189
2.29341 29.19785 2.61757 191 191 191
2.19442 29.20043 2.69426 195 195 195
2.08736 29.19743 2.75916 189 189 189
1.98007 29.20391 2.82363 197 197 197
1.86999 29.19829 2.88336 198 198 198
1.75774 29.19666 2.93905 194 194 194
1.64547 29.19904 2.99556 185 185 185
1.52327 29.19981 3.02736 193 193 193
1.40901 29.20009 3.08059 200 200 200
1.28702 29.20224 3.11098 201 201 201
1.16549 29.19945 3.14218 196 196 196
1.04112 29.20260 3.16009 195 195 195
0.91963 29.19986 3.19314 191 191 191
0.79424 29.19956 3.20271 197 197 197
0.66908 29.20029 3.21050 204 204 204
0.54433 29.20378 3.22559 205 205 205
0.41874 29.19517 3.22982 201 201 201
0.29308 29.19941 3.22732 198 198 198
0.16789 29.20216 3.21694 191 191 191
0.04275 29.19683 3.20680 190 190 190
-0.08083 29.19593 3.18480 189 189 189
-0.20389 29.20057 3.16136 192 192 192
-0.32782 29.19912 3.14135 200 200 200
-0.44949 29.19486 3.11077 183 183 183
-0.56885 29.19876 3.07232 199 199 199
-0.68879 29.19833 3.03548 200 200 200
-0.80526 29.20195 2.98896 195 195 195
-0.91694 29.19924 2.93185 199 199 199
-1.03385 29.19979 2.88598 197 197 197
-1.14024 29.19832 2.81941 193 193 193
-1.25081 29.19808 2.76068 193 193 193
-1.35326 29.19698 2.68874 184 184 184
-1.45765 29.19696 2.61992 191 191 191
-1.55461 29.20192 2.54099 188 188 188
-1.65333 29.19974 2.46441 190 190 190
-1.74700 29.19937 2.38170 185 185 185
-1.83246 29.19824 2.29050 185 185 185
-1.93030 29.20050 2.21119 185 185 185
-2.00904 29.20082 2.11372 185 185 185
-2.09172 29.20026 2.01971 191 191 191
-2.16158 29.19971 1.91575 192 192 192
-2.23455 29.19972 1.81430 189 189 189
-2.30441 29.19768 1.71056 179 179 179
-2.36272 29.20176 1.59986 182 182 182
-2.42050 29.20003 1.48917 182 182 182
-2.48307 29.19809 1.38058 183 183 183
-2.53030 29.19825 1.26467 173 173 173
-2.57330 29.20315 1.14725 173 173 173
-2.61114 29.19498 1.02818 176 176 176
-2.65232 29.20100 0.91011 181 181 181
-2.68674 29.20046 0.78979 177 177 177
-2.70507 29.20528 0.66584 172 172 172
-2.73482 29.20548 0.54419 166 166 166
-2.74499 29.19975 0.41940 170 170 170
-2.76448 29.19851 0.29570 165 165 165
-2.76936 29.19970 0.17066 172 172 172
-2.77659 29.20137 0.04563 165 165 165
-2.76431 29.19851 -0.07988 165 165 165
-2.75711 29.20295 -0.20520 162 162 162
-2.74596 29.19686 -0.33026 163 163 163
-2.72845 29.19896 -0.45458 165 165 165
-2.70840 29.19932 -0.57856 165 165 165
-2.68369 29.20097 -0.70176 159 159 159
-2.64880 29.20213 -0.82246 163 163 163
-2.61714 29.19777 -0.94411 160 160 160
-2.57116 29.19903 -1.06107 157 157 157
-2.53083 29.19933 -1.18012 159 159 159
-2.47560 29.19997 -1.29297 158 158 158
-2.42132 29.20137 -1.40602 153 153 153
-2.36759 29.19533 -1.51961 151 151 151
-2.29580 29.20029 -1.62287 144 144 144
-2.23705 29.20381 -1.73413 149 149 149
-2.16287 29.20114 -1.83539 154 154 154
-2.08725 29.20000 -1.93543 144 144 144
-2.00592 29.20367 -2.03080 149 149 149
-1.92502 29.19923 -2.12655 155 155 155
-1.84127 29.19922 -2.22002 153 153 153
-1.74809 29.20445 -2.30406 140 140 140
-1.65982 29.19554 -2.39362 143 143 143
-1.55967 29.19905 -2.46946 142 142 142
-1.45647 29.19926 -2.54075 141 141 141
-1.35691 29.19493 -2.61703 145 145 145
-1.24902 29.19962 -2.68093 152 152 152
-1.14076 29.19907 -2.74388 143 143 143
-1.03020 29.20050 -2.80264 142 142 142
-0.91962 29.20022 -2.86178 143 143 143
-0.80497 29.19496 -2.91265 136 136 136
-0.68605 29.19292 -2.95269 143 143 143
-0.56751 29.20610 -2.99305 142 142 142
-0.44876 29.20169 -3.03326 144 144 144
-0.32767 29.20191 -3.06596 144 144 144
-0.20508 29.19988 -3.09270 143 143 143
-0.08222 29.19873 -3.11905 134 134 134
0.04296 29.20023 -3.13060 144 144 144
0.16779 29.19727 -3.14388 135 135 135
0.29327 29.19973 -3.14819 138 138 138
0.41874 29.20107 -3.15115 147 147 147
0.54429 29.19848 -3.15033 140 140 140
0.66966 29.20121 -3.14359 139 139 139
0.79450 29.19491 -3.13049 133 133 133
0.91969 29.19907 -3.11903 136 136 136
1.04300 29.20235 -3.09491 141 141 141
1.16420 29.20294 -3.06199 141 141 141
1.28670 29.19498 -3.03489 141 141 141
1.40691 29.19955 -2.99898 136 136 136
1.52392 29.20155 -2.95376 142 142 142
1.64244 29.20226 -2.91265 143 143 143
1.75581 29.20310 -2.85901 144 144 144
1.86944 29.19857 -2.80610 148 148 148
1.98166 29.20293 -2.74999 140 140 140
2.09002 29.20247 -2.68669 141 141 141
2.19660 29.19954 -2.62034 144 144 144
2.29547 29.19783 -2.54284 150 150 150
2.39510 29.19767 -2.46686 145 145 145
2.49628 29.19982 -2.39244 151 151 151
2.58405 29.20163 -2.30242 151 151 151
2.67535 29.20102 -2.21663 145 145 145
2.76322 29.20002 -2.12722 142 142 142
2.84687 29.19692 -2.03377 153 153 153
2.92592 29.19504 -1.93637 147 147 147
2.99789 29.19565 -1.83360 152 152 152
3.07340 29.19989 -1.73338 151 151 151
3.14212 29.19786 -1.62829 153 153 153
3.20643 29.20022 -1.52037 157 157 157
3.26145 29.19941 -1.40738 157 157 157
3.31343 29.20201 -1.29314 160 160 160
3.36832 29.20023 -1.18012 159 159 159
3.41375 29.20267 -1.06296 157 157 157
3.45666 29.19813 -0.94477 156 156 156
3.48561 29.19699 -0.82227 160 160 160
3.51509 29.20052 -0.70031 170 170 170
3.54646 29.20211 -0.57868 163 163 163
3.56619 29.19641 -0.45463 161 161 161
3.58770 29.19980 -0.33076 166 166 166
3.60185 29.20069 -0.20577 159 159 159
3.60833 29.20217 -0.08014 162 162 162
3.60512 29.60191 0.04625 162 162 162
3.60180 29.59996 0.17112 171 171 171
3.59879 29.60012 0.29614 170 170 170
3.57869 29.60186 0.41967 171 171 171
3.56404 29.60280 0.54363 168 168 168
3.54522 29.59820 0.66715 174 174 174
3.52123 29.60158 0.78988 169 169 169
3.48641 29.59811 0.90999 177 177 177
3.44644 29.59851 1.02834 179 179 179
3.40971 29.60276 1.14776 181 181 181
3.36335 29.60176 1.26377 179 179 179
3.31714 29.60134 1.37998 181 181 181
3.25964 29.59957 1.49102 186 186 186
3.20171 29.59907 1.60174 181 181 181
3.13781 29.59853 1.70914 179 179 179
3.06804 29.59877 1.81276 185 185 185
2.99880 29.60053 1.91673 178 178 178
2.91910 29.59822 2.01297 180 180 180
2.84176 29.59822 2.11091 191 191 191
2.75839 29.60033 2.20382 187 187 187
2.67304 29.59534 2.29497 188 188 188
2.58302 29.60324 2.38155 187 187 187
2.49207 29.60636 2.46738 185 185 185
2.39467 29.60020 2.54584 190 190 190
2.29295 29.60031 2.61858 189 189 189
2.19282 29.59800 2.69361 188 188 188
2.08663 29.60347 2.75982 191 191 191
1.98025 29.59928 2.82591 198 198 198
1.86782 29.60055 2.88119 191 191 191
1.75656 29.60228 2.93877 186 186 186
1.64135 29.59796 2.98809 200 200 200
1.52328 29.60323 3.03011 194 194 194
1.40547 29.60091 3.07269 193 193 193
1.28701 29.60237 3.11433 195 195 195
1.16356 29.60035 3.13802 184 184 184
1.04210 29.59997 3.16966 194 194 194
0.91820 29.59813 3.18983 194 194 194
0.79396 29.60142 3.20789 198 198 198
0.66877 29.60140 3.21765 194 194 194
0.54352 29.59911 3.22693 188 188 188
0.41790 29.60172 3.23383 194 194 194
0.29223 29.59423 3.22800 195 195 195
0.16654 29.59630 3.22383 191 191 191
0.04182 29.59916 3.20794 195 195 195
-0.08243 29.59740 3.18996 201 201 201
-0.20638 29.60228 3.17000 191 191 191
-0.32901 29.60321 3.14321 201 201 201
-0.44971 29.59596 3.10897 190 190 190
-0.57116 29.60221 3.07725 198 198 198
-0.68799 29.59998 3.03148 198 198 198
-0.80501 29.59815 2.98675 196 196 196
-0.91768 29.60105 2.93207 196 196 196
-1.03126 29.60168 2.87970 198 198 198
-1.14590 29.60273 2.82849 192 192 192
-1.25083 29.59741 2.75980 189 189 189
-1.35385 29.60089 2.68885 189 189 189
-1.46307 29.60335 2.62672 180 180 180
-1.55703 29.59728 2.54350 180 180 180
-1.65273 29.60247 2.46322 189 189 189
-1.74731 29.59705 2.38163 188 188 188
-1.83733 29.60616 2.29505 197 197 197
-1.92812 29.60237 2.20892 190 190 190
-2.00295 29.60090 2.10834 186 186 186
-2.08966 29.59850 2.01797 180 180 180
-2.16871 29.60390 1.92087 183 183 183
-2.23818 29.59918 1.81672 184 184 184
-2.30073 29.60258 1.70835 184 184 184
-2.36255 29.59832 1.59986 185 185 185
-2.42659 29.59728 1.49242 179 179 179
-2.48209 29.60171 1.38032 180 180 180
-2.52786 29.59807 1.26389 173 173 173
-2.57907 29.59755 1.14966 179 179 179
-2.61448 29.59950 1.02958 179 179 179
-2.64733 29.59984 0.90906 184 184 184
-2.67998 29.60162 0.78857 172 172 172
-2.70832 29.60020 0.66693 175 175 175
-2.73482 29.60125 0.54467 168 168 168
-2.75098 29.60372 0.42063 170 170 170
-2.76010 29.59695 0.29591 172 172 172
-2.77318 29.60183 0.17140 171 171 171
-2.77338 29.60037 0.04625 168 168 168
-2.77406 29.60005 -0.07961 168 168 168
-2.76269 29.60261 -0.20497 172 172 172
-2.75022 29.59884 -0.33006 164 164 164
-2.73222 29.60042 -0.45445 161 161 161
-2.71269 29.60119 -0.57866 158 158 158
-2.68421 29.59899 -0.70110 168 168 168
-2.65129 29.60005 -0.82235 160 160 160
-2.61273 29.60500 -0.94183 160 160 160
-2.57607 29.60018 -1.06201 163 163 163
-2.53314 29.60092 -1.18016 154 154 154
-2.47311 29.59818 -1.29088 154 154 154
-2.42232 29.60067 -1.40555 151 151 151
-2.37026 29.60399 -1.52008 152 152 152
-2.30190 29.60280 -1.62555 152 152 152
-2.23987 29.60418 -1.73491 153 153 153
-2.16631 29.60163 -1.83674 153 153 153
-2.08641 29.60012 -1.93356 148 148 148
-2.01065 29.60224 -2.03359 145 145 145
-1.92808 29.60267 -2.12807 144 144 144
-1.83691 29.60011 -2.21429 147 147 147
-1.74575 29.60313 -2.30008 146 146 146
-1.65566 29.60015 -2.38724 152 152 152
-1.56073 29.60005 -2.46920 138 138 138
-1.45928 29.60029 -2.54291 145 145 145
-1.35656 29.60023 -2.61471 140 140 140
-1.25510 29.60495 -2.68894 145 145 145
-1.14525 29.60426 -2.74984 150 150 150
-1.03169 29.60268 -2.80336 152 152 152
-0.92046 29.60020 -2.86123 139 139 139
-0.80579 29.60136 -2.91205 145 145 145
-0.68679 29.60438 -2.95187 145 145 145
-0.57023 29.59416 -2.99825 146 146 146
-0.44947 29.59694 -3.03221 136 136 136
-0.32872 29.60123 -3.06624 142 142 142
-0.20666 29.60036 -3.09580 148 148 148
-0.08186 29.59923 -3.11086 140 140 140
0.04123 29.59962 -3.13750 140 140 140
0.16663 29.60109 -3.14729 136 136 136
0.29243 29.59759 -3.14757 136 136 136
0.41790 29.59951 -3.15179 137 137 137
0.54330 29.60257 -3.14583 139 139 139
0.66868 29.59613 -3.14111 138 138 138
0.79392 29.60303 -3.13212 139 139 139
0.91917 29.60075 -3.12042 146 146 146
1.04152 29.60089 -3.09114 136 136 136
1.16361 29.60176 -3.06248 139 139 139
1.28550 29.60432 -3.03305 137 137 137
1.40663 29.59752 -3.00014 144 144 144
1.52391 29.60045 -2.95547 142 142 142
1.64115 29.60125 -2.91099 143 143 143
1.75408 29.59773 -2.85652 142 142 142
1.86673 29.60105 -2.80190 139 139 139
1.97589 29.60395 -2.74065 147 147 147
2.08863 29.59553 -2.68525 145 145 145
2.19297 29.60362 -2.61564 152 152 152
2.29643 29.60144 -2.54479 146 146 146
2.39282 29.60168 -2.46450 154 154 154
2.49244 29.60071 -2.38840 146 146 146
2.58824 29.60389 -2.30733 156 156 156
2.67449 29.59835 -2.21608 149 149 149
2.76206 29.59578 -2.12639 145 145 145
2.84692 29.60012 -2.03400 152 152 152
2.91921 29.59685 -1.93120 145 145 145
3.00561 29.60154 -1.83929 157 157 157
3.07366 29.60013 -1.73358 150 150 150
3.13843 29.59834 -1.62601 155 155 155
3.20251 29.59816 -1.51810 156 156 156
3.25873 29.59596 -1.40587 153 153 153
3.31384 29.60083 -1.29316 149 149 149
3.37072 29.60419 -1.18090 155 155 155
3.40929 29.60300 -1.06106 161 161 161
3.44791 29.60026 -0.94163 161 161 161
3.48357 29.60049 -0.82136 159 159 159
3.51343 29.59914 -0.69953 156 156 156
3.54516 29.60039 -0.57800 160 160 160
3.57063 29.60355 -0.45487 167 167 167
3.58775 29.59880 -0.33027 167 167 167
3.59502 29.60608 -0.20469 168 168 168
3.61089 29.59898 -0.07965 175 175 175
3.60131 30.00104 0.04688 169 169 169
3.60424 29.99876 0.17188 169 169 169
3.59980 30.00427 0.29692 166 166 166
3.57907 30.00135 0.42046 176 176 176
3.56538 29.99629 0.54462 172 172 172
3.54415 29.99920 0.66776 173 173 173
3.51751 30.00023 0.78985 170 170 170
3.48431 30.00035 0.91029 180 180 180
3.45052 30.00078 1.03060 176 176 176
3.41008 30.00123 1.14888 184 184 184
3.36150 30.00213 1.26403 169 169 169
3.31484 29.99616 1.37999 181 181 181
3.26606 30.00012 1.49541 179 179 179
3.19931 29.99925 1.60156 184 184 184
3.13741 30.00061 1.71011 181 181 181
3.06876 29.99711 1.81451 181 181 181
2.99864 30.00494 1.91794 184 184 184
2.92336 29.99768 2.01771 192 192 192
2.84549 30.00061 2.11555 190 190 190
2.76231 29.99650 2.20896 185 185 185
2.67391 30.00397 2.29742 186 186 186
2.58345 30.00026 2.38369 189 189 189
2.49139 30.00200 2.46833 185 185 185
2.39132 30.00117 2.54345 191 191 191
2.29445 29.99841 2.62260 186 186 186
2.19010 30.00349 2.69161 191 191 191
2.08223 30.00318 2.75484 194 194 194
1.97970 29.99999 2.82730 187 187 187
1.86631 29.99776 2.88078 192 192 192
1.75312 30.00032 2.93406 194 194 194
1.63998 29.99737 2.98779 191 191 191
1.52261 29.99656 3.03160 192 192 192
1.40290 30.00061 3.06847 195 195 195
1.28333 29.99916 3.10544 195 195 195
1.16365 29.99936 3.14323 197 197 197
1.04056 30.00127 3.16763 197 197 197
0.91744 29.99688 3.19209 191 191 191
0.79274 29.99683 3.20689 191 191 191
0.66765 29.99689 3.21720 198 198 198
0.54254 29.99571 3.22920 191 191 191
0.41684 30.00443 3.23093 199 199 199
0.29131 29.99733 3.22477 191 191 191
0.16619 30.00107 3.21517 195 195 195
0.04090 30.00290 3.20722 198 198 198
-0.08389 29.99790 3.19296 201 201 201
-0.20720 30.00235 3.16926 194 194 194
-0.32945 29.99962 3.14109 191 191 191
-0.45185 29.99953 3.11326 193 193 193
-0.57019 30.00195 3.07148 195 195 195
-0.68931 29.99894 3.03265 200 200 200
-0.80470 30.00135 2.98394 198 198 198
-0.91905 30.00251 2.93322 192 192 192
-1.03204 29.99631 2.87963 199 199 199
-1.14391 29.99918 2.82354 196 196 196
-1.25059 29.99967 2.75818 192 192 192
-1.35806 29.99783 2.69407 202 202 202
-1.46194 29.99607 2.62422 190 190 190
-1.56470 30.00483 2.55240 186 186 186
-1.65510 29.99905 2.46529 187 187 187
-1.75223 30.00416 2.38635 186 186 186
-1.84192 30.00090 2.29911 187 187 187
-1.92942 30.00175 2.20969 183 183 183
-2.00841 29.99580 2.11265 185 185 185
-2.08809 29.99622 2.01646 178 178 178
-2.16499 30.00139 1.91796 189 189 189
-2.23365 29.99903 1.81356 190 190 190
-2.30078 29.99944 1.70830 185 185 185
-2.36704 30.00242 1.60236 187 187 187
-2.42764 30.00250 1.49299 187 187 187
-2.47367 30.00068 1.37654 178 178 178
-2.52795 30.00061 1.26408 181 181 181
-2.57571 29.99868 1.14862 182 182 182
-2.61231 30.00039 1.02913 170 170 170
-2.65662 30.00138 0.91198 174 174 174
-2.68321 30.00225 0.78970 174 174 174
-2.70798 29.99797 0.66726 172 172 172
-2.72647 30.00202 0.54379 172 172 172
-2.75448 29.99949 0.42153 168 168 168
-2.76450 29.99994 0.29679 165 165 165
-2.77474 29.99817 0.17204 176 176 176
-2.77338 29.99376 0.04688 166 166 166
-2.76933 29.99923 -0.07877 163 163 163
-2.75464 29.99704 -0.20364 161 161 161
-2.75006 29.99794 -0.32931 168 168 168
-2.72967 29.99993 -0.45328 163 163 163
-2.71514 30.00192 -0.57834 163 163 163
-2.68999 30.00146 -0.70165 151 151 151
-2.65313 29.99757 -0.82199 161 161 161
-2.61807 29.99746 -0.94265 167 167 167
-2.57373 30.00211 -1.06018 153 153 153
-2.52567 29.99800 -1.17607 160 160 160
-2.47482 30.00131 -1.29062 160 160 160
-2.43013 29.99900 -1.40843 155 155 155
-2.36614 29.99872 -1.51663 160 160 160
-2.29713 30.00010 -1.62143 157 157 157
-2.23071 30.00238 -1.72754 146 146 146
-2.16231 30.00481 -1.83252 158 158 158
-2.09145 29.99986 -1.93616 151 151 151
-2.00716 30.00196 -2.02916 148 148 148
-1.92721 29.99749 -2.12574 145 145 145
-1.84366 30.00149 -2.21945 148 148 148
-1.74908 29.99913 -2.30201 150 150 150
-1.65857 30.00064 -2.38887 152 152 152
-1.55928 29.99903 -2.46548 152 152 152
-1.45682 30.00009 -2.53753 150 150 150
-1.35817 30.00077 -2.61499 140 140 140
-1.25033 30.00108 -2.67888 143 143 143
-1.14778 29.99496 -2.75192 143 143 143
-1.03385 30.00102 -2.80498 143 143 143
-0.91812 29.99951 -2.85331 149 149 149
-0.80687 30.00150 -2.91153 141 141 141
-0.68755 30.00599 -2.95048 135 135 135
-0.57362 30.00059 -3.00486 142 142 142
-0.45054 29.99655 -3.03167 135 135 135
-0.33022 29.99931 -3.06750 142 142 142
-0.20551 29.99864 -3.08412 142 142 142
-0.08309 29.99873 -3.11139 133 133 133
0.04097 29.99461 -3.13018 139 139 139
0.16597 30.00037 -3.14170 142 142 142
0.29130 29.99877 -3.14886 146 146 146
0.41684 29.99701 -3.15315 135 135 135
0.54238 29.99856 -3.14874 141 141 141
0.66811 30.00084 -3.14668 137 137 137
0.79305 29.99975 -3.13309 145 145 145
0.91749 29.99791 -3.11589 145 145 145
1.04023 29.99709 -3.08936 138 138 138
1.16344 29.99665 -3.06555 140 140 140
1.28597 29.99930 -3.03786 141 141 141
1.40635 30.00006 -3.00194 141 141 141
1.52256 29.99999 -2.95408 139 139 139
1.63987 30.00237 -2.90990 146 146 146
1.75329 30.00013 -2.85653 142 142 142
1.86966 29.99688 -2.80914 148 148 148
1.97494 29.99659 -2.74028 149 149 149
2.08839 29.99914 -2.68603 134 134 134
2.19050 30.00320 -2.61297 140 140 140
2.29241 30.00088 -2.54015 145 145 145
2.39033 29.99859 -2.46214 149 149 149
2.49166 30.00205 -2.38817 144 144 144
2.57853 30.00121 -2.29743 146 146 146
2.67471 30.00218 -2.21681 151 151 151
2.76562 29.99753 -2.13011 147 147 147
2.84389 29.99725 -2.03177 152 152 152
2.92563 30.00003 -1.93655 149 149 149
3.00109 29.99742 -1.83622 159 159 159
3.06455 30.00176 -1.72764 157 157 157
3.13981 30.00209 -1.62694 151 151 151
3.19625 29.99814 -1.51463 162 162 162
3.26124 29.99769 -1.40712 161 161 161
3.31710 29.99928 -1.29458 158 158 158
3.36453 30.00026 -1.17821 159 159 159
3.41223 29.99871 -1.06196 157 157 157
3.45002 29.99816 -0.94208 158 158 158
3.49364 29.99575 -0.82391 154 154 154
3.52104 29.99800 -0.70102 160 160 160
3.54412 29.99813 -0.57740 159 159 159
3.56854 30.00112 -0.45410 159 159 159
3.58181 29.99975 -0.32908 165 165 165
3.58909 30.00139 -0.20370 169 169 169
3.59920 29.99729 -0.07862 164 164 164
3.60787 30.39992 0.04750 172 172 172
3.60298 30.39792 0.17250 168 168 168
3.59227 30.39824 0.29705 167 167 167
3.58190 30.39555 0.42156 171 171 171
3.55727 30.40063 0.54415 167 167 167
3.54742 30.40064 0.66927 168 168 168
3.51300 30.39925 0.78968 167 167 167
3.48253 30.39960 0.91076 178 178 178
3.44455 30.39847 1.02968 179 179 179
3.40735 30.40286 1.14894 168 168 168
3.36121 30.39766 1.26503 180 180 180
3.31691 30.39952 1.38212 181 181 181
3.25511 30.40031 1.49106 184 184 184
3.20169 30.39814 1.60420 184 184 184
3.13685 30.40142 1.71112 187 187 187
3.06917 30.40307 1.81621 183 183 183
2.99557 30.39992 1.91720 188 188 188
2.92138 30.40138 2.01771 185 185 185
2.83917 30.40120 2.11180 185 185 185
2.76480 30.39884 2.21299 189 189 189
2.66927 30.40070 2.29460 187 187 187
2.57790 30.39895 2.37960 188 188 188
2.48900 30.39991 2.46756 191 191 191
2.39469 30.40235 2.54985 187 187 187
2.29265 30.40238 2.62240 188 188 188
2.18838 30.39994 2.69145 190 190 190
2.08274 30.39845 2.75827 191 191 191
1.97526 30.40502 2.82213 191 191 191
1.86725 30.40079 2.88562 192 192 192
1.75014 30.39831 2.93084 190 190 190
1.63772 30.40409 2.98587 191 191 191
1.52117 30.39964 3.03162 189 189 189
1.40317 30.39733 3.07367 194 194 194
1.28483 30.39632 3.11573 194 194 194
1.16109 30.39838 3.13830 196 196 196
1.04034 30.40089 3.17338 201 201 201
0.91672 30.40391 3.19600 189 189 189
0.79143 30.40182 3.20694 190 190 190
0.66629 30.39765 3.21644 194 194 194
0.54092 30.39814 3.22051 195 195 195
0.41557 30.39576 3.22404 202 202 202
0.28996 30.39778 3.22747 191 191 191
0.16483 30.40065 3.21687 201 201 201
0.03880 30.40211 3.21474 198 198 198
-0.08484 30.39860 3.19135 192 192 192
-0.20817 30.40064 3.16824 200 200 200
-0.33109 30.40025 3.14310 200 200 200
-0.45220 30.40330 3.11049 194 194 194
-0.56944 30.40038 3.06573 197 197 197
-0.69018 30.40074 3.03204 201 201 201
-0.80625 30.39787 2.98510 194 194 194
-0.92273 30.40083 2.93895 198 198 198
-1.03397 30.40190 2.88143 200 200 200
-1.14497 30.39935 2.82367 198 198 198
-1.25502 30.40042 2.76386 190 190 190
-1.35668 30.39799 2.69063 192 192 192
-1.46294 30.40171 2.62437 190 190 190
-1.56021 30.40188 2.54563 193 193 193
-1.65697 30.40038 2.46653 188 188 188
-1.75179 30.39760 2.38505 187 187 187
-1.84226 30.40173 2.29874 191 191 191
-1.92781 30.39996 2.20759 196 196 196
-2.00960 30.39659 2.11314 189 189 189
-2.09195 30.40277 2.01907 182 182 182
-2.16904 30.39846 1.92056 188 188 188
-2.23431 30.39877 1.81373 186 186 186
-2.30014 30.40143 1.70771 180 180 180
-2.37016 30.39749 1.60398 183 183 183
-2.42815 30.39655 1.49320 186 186 186
-2.48117 30.39902 1.38000 178 178 178
-2.52811 30.40048 1.26422 177 177 177
-2.57479 30.39492 1.14842 182 182 182
-2.61752 30.40394 1.03102 177 177 177
-2.65026 30.39710 0.91044 173 173 173
-2.68448 30.39620 0.79031 176 176 176
-2.71476 30.39994 0.66897 172 172 172
-2.73295 30.40044 0.54523 168 168 168
-2.75239 30.39710 0.42175 171 171 171
-2.76448 30.39773 0.29731 172 172 172
-2.77169 30.39810 0.17250 165 165 165
-2.77731 30.40209 0.04750 167 167 167
-2.77092 30.39943 -0.07816 165 165 165
-2.76743 30.39732 -0.20393 164 164 164
-2.75101 30.39824 -0.32866 165 165 165
-2.72867 30.39921 -0.45232 155 155 155
-2.70789 30.39821 -0.57605 164 164 164
-2.68396 30.39682 -0.69930 155 155 155
-2.64987 30.40296 -0.82012 164 164 164
-2.61308 30.39801 -0.94003 161 161 161
-2.57591 30.39785 -1.05994 161 161 161
-2.53141 30.39998 -1.17734 151 151 151
-2.48406 30.39977 -1.29372 153 153 153
-2.42485 30.40023 -1.40453 152 152 152
-2.36613 30.40209 -1.51534 146 146 146
-2.30082 30.40128 -1.62235 159 159 159
-2.23255 30.39920 -1.72735 159 159 159
-2.16856 30.39698 -1.83558 146 146 146
-2.08669 30.39696 -1.93085 155 155 155
-2.00366 30.39718 -2.02453 152 152 152
-1.92817 30.39712 -2.12490 148 148 148
-1.84203 30.39618 -2.21599 146 146 146
-1.74898 30.40246 -2.29996 145 145 145
-1.66133 30.39897 -2.39005 147 147 147
-1.55953 30.40000 -2.46362 151 151 151
-1.46302 30.39416 -2.54375 147 147 147
-1.35837 30.39541 -2.61283 140 140 140
-1.25433 30.40040 -2.68278 147 147 147
-1.14262 30.39979 -2.73987 144 144 144
-1.03541 30.39816 -2.80498 141 141 141
-0.92047 30.39841 -2.85508 147 147 147
-0.80688 30.39854 -2.90792 140 140 140
-0.69161 30.40226 -2.95747 143 143 143
-0.57131 30.39895 -2.99328 134 134 134
-0.45265 30.40022 -3.03405 130 130 130
-0.33201 30.39959 -3.06910 145 145 145
-0.20826 30.39997 -3.09095 137 137 137
-0.08520 30.39876 -3.11608 133 133 133
0.03946 30.39652 -3.13167 141 141 141
0.16409 30.40036 -3.14878 142 142 142
0.29010 30.40083 -3.14641 140 140 140
0.41557 30.39853 -3.15016 135 135 135
0.54125 30.40368 -3.15169 138 138 138
0.66643 30.39693 -3.14090 135 135 135
0.79112 30.39964 -3.12686 140 140 140
0.91565 30.39856 -3.11167 137 137 137
1.03803 30.40596 -3.08405 142 142 142
1.16304 30.39978 -3.06858 143 143 143
1.28365 30.40019 -3.03352 142 142 142
1.40405 30.39616 -2.99817 137 137 137
1.52014 30.40208 -2.95039 143 143 143
1.63822 30.40147 -2.90838 139 139 139
1.75260 30.39668 -2.85721 144 144 144
1.86575 30.40173 -2.80339 141 141 141
1.97445 30.39781 -2.74109 143 143 143
2.08654 30.39956 -2.68451 147 147 147
2.18676 30.40073 -2.60871 143 143 143
2.29074 30.40133 -2.53904 146 146 146
2.39096 30.40128 -2.46399 138 138 138
2.48410 30.39766 -2.38025 148 148 148
2.58358 30.39753 -2.30370 143 143 143
2.67743 30.40127 -2.22024 156 156 156
2.75535 30.40110 -2.12123 152 152 152
2.84036 30.39765 -2.02927 147 147 147
2.92660 30.39823 -1.93775 145 145 145
2.99660 30.39693 -1.83332 155 155 155
3.07134 30.40291 -1.73246 154 154 154
3.13287 30.40213 -1.62290 147 147 147
3.19919 30.39955 -1.51642 152 152 152
3.25641 30.39629 -1.40473 153 153 153
3.31107 30.39504 -1.29181 155 155 155
3.36584 30.40052 -1.17870 155 155 155
3.40584 30.40268 -1.05949 157 157 157
3.44605 30.39862 -0.94062 167 167 167
3.47986 30.39953 -0.81979 161 161 161
3.52134 30.40165 -0.70080 159 159 159
3.54320 30.40110 -0.57687 161 161 161
3.56157 30.40056 -0.45259 161 161 161
3.58491 30.40085 -0.32899 168 168 168
3.59245 30.40298 -0.20345 161 161 161
3.59655 30.40031 -0.07794 174 174 174
3.59908 30.79792 0.04813 166 166 166
3.60466 30.80226 0.17325 172 172 172
3.59431 30.79979 0.29794 169 169 169
3.57509 30.79873 0.42155 172 172 172
3.56716 30.80472 0.54657 168 168 168
3.53523 30.80334 0.66775 179 179 179
3.51062 30.79989 0.79007 176 176 176
3.48822 30.79867 0.91339 180 180 180
3.44287 30.79875 1.03022 177 177 177
3.40651 30.80185 1.14978 180 180 180
3.36161 30.79868 1.26641 180 180 180
3.31089 30.79596 1.38063 177 177 177
3.25843 30.80296 1.49410 176 176 176
3.19235 30.80049 1.60039 188 188 188
3.13104 30.80183 1.70906 186 186 186
3.06631 30.80281 1.81587 181 181 181
2.99338 30.80120 1.91726 181 181 181
2.91420 30.79630 2.01380 188 188 188
2.84126 30.79833 2.11542 183 183 183
2.75671 30.79670 2.20745 187 187 187
2.67442 30.80021 2.30180 186 186 186
2.57802 30.79936 2.38189 179 179 179
2.48380 30.79423 2.46376 195 195 195
2.39092 30.79651 2.54751 183 183 183
2.29120 30.80273 2.62298 188 188 188
2.18703 30.79992 2.69219 190 190 190
2.08529 30.79513 2.76538 181 181 181
1.97176 30.80589 2.81907 190 190 190
1.86488 30.80139 2.88438 190 190 190
1.75344 30.79943 2.94174 185 185 185
1.63750 30.79828 2.98944 191 191 191
1.52011 30.79815 3.03326 191 191 191
1.40181 30.79917 3.07455 200 200 200
1.27909 30.80314 3.10115 194 194 194
1.16099 30.79809 3.14454 196 196 196
1.03849 30.79776 3.17197 192 192 192
0.91463 30.79847 3.19263 188 188 188
0.78959 30.79974 3.20435 198 198 198
0.66525 30.79805 3.22250 193 193 193
0.53969 30.79804 3.22735 198 198 198
0.41410 30.79974 3.22658 205 205 205
0.28840 30.80152 3.22985 194 194 194
0.16331 30.79924 3.21778 197 197 197
0.03839 30.80115 3.20618 195 195 195
-0.08629 30.80329 3.19170 191 191 191
-0.20893 30.80088 3.16509 196 196 196
-0.33076 30.80030 3.13606 201 201 201
-0.45356 30.79803 3.11058 201 201 201
-0.57334 30.80315 3.07370 187 187 187
-0.69099 30.80010 3.03073 191 191 191
-0.80737 30.80272 2.98474 190 190 190
-0.92201 30.80041 2.93471 188 188 188
-1.03362 30.79538 2.87836 191 191 191
-1.14809 30.80692 2.82713 190 190 190
-1.25707 30.80234 2.76533 184 184 184
-1.36274 30.79820 2.69803 188 188 188
-1.46241 30.79525 2.62216 190 190 190
-1.56175 30.79913 2.54626 190 190 190
-1.65619 30.80051 2.46444 184 184 184
-1.75311 30.79920 2.38544 182 182 182
-1.84168 30.80323 2.29724 192 192 192
-1.93197 30.79908 2.21063 185 185 185
-2.01462 30.80058 2.11675 183 183 183
-2.09385 30.79804 2.01998 183 183 183
-2.16464 30.79831 1.91687 176 176 176
-2.23801 30.80134 1.81580 183 183 183
-2.30401 30.79835 1.70977 181 181 181
-2.36484 30.79911 1.60077 176 176 176
-2.43094 30.80235 1.49446 186 186 186
-2.48045 30.80329 1.37959 178 178 178
-2.53433 30.79612 1.26679 174 174 174
-2.57600 30.79597 1.14892 182 182 182
-2.61499 30.80048 1.03032 173 173 173
-2.65355 30.79802 0.91156 178 178 178
-2.68872 30.79913 0.79158 173 173 173
-2.71070 30.79650 0.66848 162 162 162
-2.73401 30.79677 0.54578 171 171 171
-2.75756 30.80410 0.42281 170 170 170
-2.76059 30.80174 0.29751 168 168 168
-2.77118 30.80300 0.17304 172 172 172
-2.77852 30.79555 0.04813 170 170 170
-2.76896 30.80050 -0.07740 169 169 169
-2.76536 30.80405 -0.20303 163 163 163
-2.75270 30.79794 -0.32807 165 165 165
-2.73177 30.80252 -0.45196 156 156 156
-2.71527 30.80276 -0.57662 166 166 166
-2.68238 30.80244 -0.69797 155 155 155
-2.65819 30.80544 -0.82145 161 161 161
-2.61720 30.79582 -0.94029 157 157 157
-2.57903 30.79696 -1.05995 159 159 159
-2.53236 30.79985 -1.17653 150 150 150
-2.48317 30.79653 -1.29205 159 159 159
-2.41874 30.79794 -1.40008 159 159 159
-2.37244 30.79913 -1.51747 155 155 155
-2.30368 30.80184 -1.62262 156 156 156
-2.23891 30.80259 -1.73004 151 151 151
-2.16942 30.80049 -1.83455 151 151 151
-2.09296 30.80245 -1.93404 150 150 150
-2.01644 30.79773 -2.03361 145 145 145
-1.93070 30.79894 -2.12530 143 143 143
-1.84061 30.80324 -2.21252 149 149 149
-1.75168 30.79946 -2.30072 147 147 147
-1.66325 30.80111 -2.38999 143 143 143
-1.56036 30.79954 -2.46223 147 147 147
-1.46634 30.79894 -2.54571 144 144 144
-1.35979 30.80281 -2.61217 148 148 148
-1.25633 30.80110 -2.68304 143 143 143
-1.14738 30.79865 -2.74514 138 138 138
-1.03635 30.79819 -2.80334 148 148 148
-0.92377 30.79972 -2.85843 145 145 145
-0.80979 30.79895 -2.91078 139 139 139
-0.69104 30.80006 -2.95133 137 137 137
-0.57466 30.79940 -2.99842 144 144 144
-0.45457 30.79998 -3.03504 140 140 140
-0.33180 30.79741 -3.06146 138 138 138
-0.20899 30.80661 -3.08662 142 142 142
-0.08583 30.79881 -3.11010 134 134 134
0.03788 30.80636 -3.13189 139 139 139
0.16315 30.80211 -3.14136 137 137 137
0.28874 30.80286 -3.14274 138 138 138
0.41410 30.79989 -3.14604 144 144 144
0.53974 30.80193 -3.15010 139 139 139
0.66487 30.80094 -3.13922 138 138 138
0.78948 30.79758 -3.12489 143 143 143
0.91411 30.79982 -3.11067 138 138 138
1.03833 30.79576 -3.09236 141 141 141
1.16187 30.80089 -3.06929 138 138 138
1.28122 30.79727 -3.02955 145 145 145
1.40414 30.79593 -3.00241 141 141 141
1.52008 30.80224 -2.95364 136 136 136
1.63715 30.80087 -2.90878 142 142 142
1.75155 30.79800 -2.85755 140 140 140
1.86458 30.79751 -2.80341 140 140 140
1.97316 30.80251 -2.74085 141 141 141
2.08317 30.79944 -2.68084 142 142 142
2.18824 30.79636 -2.61254 142 142 142
2.29299 30.80011 -2.54359 142 142 142
2.39273 30.80352 -2.46753 142 142 142
2.48536 30.79929 -2.38288 144 144 144
2.57802 30.80382 -2.29871 154 154 154
2.67341 30.80459 -2.21712 147 147 147
2.75840 30.79918 -2.12485 148 148 148
2.83619 30.80114 -2.02640 148 148 148
2.92222 30.80028 -1.93489 155 155 155
2.99102 30.80288 -1.82976 152 152 152
3.06990 30.80110 -1.73191 148 148 148
3.13829 30.80236 -1.62655 158 158 158
3.19352 30.80002 -1.51349 152 152 152
3.25818 30.80266 -1.40581 155 155 155
3.31105 30.79827 -1.29190 157 157 157
3.35919 30.79859 -1.17597 158 158 158
3.40550 30.80084 -1.05931 157 157 157
3.44476 30.79691 -0.94009 162 162 162
3.48911 30.79772 -0.82222 166 166 166
3.51213 30.79743 -0.69834 160 160 160
3.54046 30.80248 -0.57602 166 166 166
3.56149 30.79524 -0.45221 163 163 163
3.58137 30.80078 -0.32813 163 163 163
3.59200 30.79993 -0.20291 164 164 164
3.59580 30.79590 -0.07735 165 165 165
3.59914 31.19926 0.04875 166 166 166
3.59787 31.20059 0.17367 172 172 172
3.58987 31.20245 0.29835 171 171 171
3.58102 31.20029 0.42307 164 164 164
3.56279 31.20273 0.54677 171 171 171
3.53939 31.19603 0.66954 176 176 176
3.51478 31.19662 0.79209 172 172 172
3.48530 31.20163 0.91365 174 174 174
3.44543 31.19677 1.03221 172 172 172
3.40763 31.19840 1.15142 175 175 175
3.35791 31.20002 1.26619 169 169 169
3.30877 31.20193 1.38103 175 175 175
3.25704 31.20090 1.49486 187 187 187
3.19726 31.19761 1.60468 178 178 178
3.13822 31.19800 1.71509 183 183 183
3.06305 31.20401 1.81542 179 179 179
2.99349 31.19756 1.91917 191 191 191
2.91948 31.20180 2.01989 179 179 179
2.83720 31.19965 2.11398 188 188 188
2.75613 31.19886 2.20907 185 185 185
2.67047 31.19824 2.30012 196 196 196
2.58005 31.20198 2.38649 187 187 187
2.48655 31.20494 2.46954 181 181 181
2.38789 31.19918 2.54637 189 189 189
2.29077 31.20089 2.62528 189 189 189
2.18812 31.20149 2.69691 189 189 189
2.08190 31.20095 2.76317 200 200 200
1.97579 31.19841 2.82984 193 193 193
1.86153 31.19529 2.88169 193 193 193
1.75089 31.20031 2.94042 199 199 199
1.63598 31.19727 2.99040 191 191 191
1.51676 31.19735 3.02930 199 199 199
1.40030 31.20094 3.07565 199 199 199
1.27904 31.19730 3.10748 195 195 195
1.15701 31.19942 3.13554 197 197 197
1.03611 31.20415 3.16905 198 198 198
0.91299 31.20494 3.19346 189 189 189
0.78818 31.19771 3.20729 196 196 196
0.66325 31.20244 3.21909 200 200 200
0.53788 31.19838 3.22499 194 194 194
0.41241 31.20062 3.23712 199 199 199
0.28679 31.20391 3.22840 198 198 198
0.16112 31.19948 3.22475 196 196 196
0.03618 31.20144 3.21103 195 195 195
-0.08815 31.19949 3.19327 199 199 199
-0.21169 31.20371 3.17103 193 193 193
-0.33540 31.20276 3.14887 194 194 194
-0.45612 31.19806 3.11417 194 194 194
-0.57499 31.19740 3.07411 197 197 197
-0.69205 31.19786 3.02959 184 184 184
-0.81086 31.20300 2.98964 193 193 193
-0.92527 31.20102 2.93868 188 188 188
-1.03610 31.20211 2.88048 194 194 194
-1.14715 31.19940 2.82300 192 192 192
-1.25822 31.19919 2.76500 191 191 191
-1.36220 31.20292 2.69526 188 188 188
-1.46735 31.20213 2.62719 191 191 191
-1.56403 31.20193 2.54759 190 190 190
-1.65718 31.19976 2.46421 183 183 183
-1.75567 31.19965 2.38696 186 186 186
-1.85281 31.19675 2.30727 191 191 191
-1.93146 31.19809 2.20919 182 182 182
-2.01298 31.19744 2.11449 183 183 183
-2.09396 31.20021 2.01933 179 179 179
-2.16108 31.19718 1.91365 185 185 185
-2.23681 31.19896 1.81446 180 180 180
-2.30449 31.19624 1.70963 187 187 187
-2.36910 31.20004 1.60281 185 185 185
-2.43445 31.20067 1.49600 186 186 186
-2.48652 31.20632 1.38221 171 171 171
-2.53710 31.20099 1.26784 176 176 176
-2.58640 31.19959 1.15275 179 179 179
-2.62379 31.19842 1.03325 177 177 177
-2.64841 31.20044 0.91025 175 175 175
-2.68445 31.20372 0.79077 171 171 171
-2.71023 31.19798 0.66867 172 172 172
-2.73798 31.20343 0.54677 176 176 176
-2.75784 31.19993 0.42326 180 180 180
-2.76144 31.20193 0.29807 167 167 167
-2.77443 31.20065 0.17373 161 161 161
-2.77232 31.19872 0.04875 171 171 171
-2.76920 31.19977 -0.07672 165 165 165
-2.76675 31.19701 -0.20239 164 164 164
-2.75257 31.20089 -0.32724 160 160 160
-2.73763 31.19634 -0.45201 166 166 166
-2.71149 31.20019 -0.57492 160 160 160
-2.68841 31.20026 -0.69840 166 166 166
-2.65323 31.20329 -0.81897 161 161 161
-2.61602 31.19831 -0.93876 162 162 162
-2.58200 31.20182 -1.05982 159 159 159
-2.53356 31.20173 -1.17573 156 156 156
-2.47753 31.20014 -1.28807 164 164 164
-2.42606 31.19707 -1.40235 153 153 153
-2.36553 31.20292 -1.51206 155 155 155
-2.30587 31.19880 -1.62233 147 147 147
-2.24308 31.20144 -1.73111 156 156 156
-2.17191 31.20110 -1.83454 153 153 153
-2.09293 31.19965 -1.93211 155 155 155
-2.01316 31.19702 -2.02878 148 148 148
-1.92993 31.19833 -2.12244 145 145 145
-1.84263 31.19847 -2.21226 148 148 148
-1.75156 31.20025 -2.29817 146 146 146
-1.65600 31.20237 -2.37894 141 141 141
-1.56182 31.19932 -2.46134 138 138 138
-1.46566 31.20345 -2.54187 150 150 150
-1.36188 31.19535 -2.61217 137 137 137
-1.25431 31.20249 -2.67639 149 149 149
-1.14889 31.19854 -2.74423 142 142 142
-1.03748 31.20234 -2.80165 144 144 144
-0.92637 31.20083 -2.85983 147 147 147
-0.81232 31.19991 -2.91222 139 139 139
-0.69283 31.19954 -2.95100 138 138 138
-0.57545 31.20058 -2.99506 142 142 142
-0.45482 31.19952 -3.02930 141 141 141
-0.33249 31.20233 -3.05666 143 143 143
-0.21196 31.20219 -3.09242 141 141 141
-0.08779 31.20203 -3.11122 147 147 147
0.03692 31.20142 -3.12512 140 140 140
0.16179 31.20421 -3.13652 135 135 135
0.28661 31.20134 -3.15332 144 144 144
0.41241 31.20324 -3.15275 136 136 136
0.53785 31.19941 -3.14442 139 139 139
0.66365 31.19983 -3.14451 140 140 140
0.78875 31.20622 -3.13239 135 135 135
0.91283 31.19781 -3.11267 139 139 139
1.03586 31.19862 -3.08787 141 141 141
1.15868 31.20085 -3.06243 147 147 147
1.28148 31.20016 -3.03589 142 142 142
1.39954 31.19588 -2.99284 140 140 140
1.52109 31.19937 -2.96034 137 137 137
1.63784 31.19792 -2.91392 141 141 141
1.75025 31.20340 -2.85780 143 143 143
1.86133 31.19861 -2.79976 141 141 141
1.97256 31.20469 -2.74219 139 139 139
2.08177 31.20154 -2.68073 148 148 148
2.18614 31.20061 -2.61135 143 143 143
2.28691 31.20346 -2.53697 143 143 143
2.38755 31.20063 -2.46251 149 149 149
2.48102 31.19656 -2.37918 153 153 153
2.58057 31.20478 -2.30271 151 151 151
2.67164 31.20001 -2.21646 155 155 155
2.75515 31.20357 -2.12281 144 144 144
2.84516 31.20022 -2.03491 152 152 152
2.91295 31.20206 -1.92833 147 147 147
2.99065 31.20503 -1.83013 155 155 155
3.06090 31.20290 -1.72643 154 154 154
3.13388 31.20013 -1.62429 156 156 156
3.19467 31.19613 -1.51448 153 153 153
3.25235 31.20021 -1.40310 152 152 152
3.30330 31.20479 -1.28851 156 156 156
3.34954 31.19757 -1.17207 151 151 151
3.40798 31.20018 -1.06025 163 163 163
3.44564 31.19529 -0.94032 158 158 158
3.47963 31.19611 -0.81941 165 165 165
3.51760 31.20200 -0.69945 164 164 164
3.54437 31.20128 -0.57652 167 167 167
3.56066 31.19775 -0.45173 162 162 162
3.57218 31.20127 -0.32663 165 165 165
3.59085 31.19817 -0.20233 167 167 167
3.59595 31.19795 -0.07680 164 164 164
3.59840 31.60062 0.04938 170 170 170
3.59852 31.60306 0.17440 173 173 173
3.58765 31.60259 0.29895 172 172 172
3.57212 31.60232 0.42286 171 171 171
3.55797 31.59840 0.54692 170 170 170
3.53231 31.60048 0.66913 174 174 174
3.50705 31.59971 0.79131 178 178 178
3.48112 31.59889 0.91363 177 177 177
3.44009 31.60482 1.03171 177 177 177
3.40726 31.59892 1.15260 180 180 180
3.35590 31.59739 1.26676 175 175 175
3.30878 31.59791 1.38253 180 180 180
3.25530 31.59996 1.49556 178 178 178
3.19096 31.59960 1.60283 180 180 180
3.13248 31.60325 1.71335 177 177 177
3.05814 31.59743 1.81402 186 186 186
2.99477 31.59991 1.92209 188 188 188
2.91876 31.59653 2.02142 184 184 184
2.83876 31.60064 2.11754 188 188 188
2.75311 31.60014 2.20863 188 188 188
2.66287 31.60126 2.29502 187 187 187
2.57396 31.60051 2.38256 186 186 186
2.48199 31.59665 2.46703 193 193 193
2.38779 31.60104 2.54926 181 181 181
2.28864 31.60319 2.62557 195 195 195
2.18422 31.60331 2.69452 193 193 193
2.07957 31.59757 2.76306 190 190 190
1.97119 31.60078 2.82560 192 192 192
1.85914 31.59585 2.88130 193 193 193
1.74892 31.59889 2.94085 194 194 194
1.63187 31.60330 2.98564 197 197 197
1.51730 31.59992 3.03651 189 189 189
1.39907 31.60151 3.07829 192 192 192
1.27793 31.59979 3.11085 192 192 192
1.15609 31.59607 3.14020 195 195 195
1.03454 31.59879 3.17125 193 193 193
0.91092 31.60784 3.19295 193 193 193
0.78681 31.60130 3.21231 195 195 195
0.66165 31.60068 3.22355 195 195 195
0.53614 31.60497 3.22949 201 201 201
0.41050 31.59889 3.22618 202 202 202
0.28494 31.59970 3.22782 194 194 194
0.15954 31.60377 3.22120 194 194 194
0.03488 31.59818 3.20654 192 192 192
-0.08984 31.60084 3.19250 196 196 196
-0.21371 31.60063 3.17220 195 195 195
-0.33695 31.60348 3.14798 196 196 196
-0.45839 31.59415 3.11606 193 193 193
-0.57861 31.59969 3.07999 190 190 190
-0.69616 31.59918 3.03614 192 192 192
-0.81472 31.59851 2.99495 199 199 199
-0.92710 31.59913 2.93909 192 192 192
-1.03906 31.59630 2.88313 185 185 185
-1.15187 31.60242 2.82862 190 190 190
-1.25836 31.60178 2.76273 187 187 187
-1.36312 31.59582 2.69439 190 190 190
-1.46405 31.60300 2.62063 191 191 191
-1.56657 31.59966 2.54900 198 198 198
-1.66238 31.60018 2.46866 189 189 189
-1.75917 31.60380 2.38929 189 189 189
-1.84702 31.60151 2.30018 187 187 187
-1.93203 31.60491 2.20856 184 184 184
-2.01857 31.60201 2.11825 184 184 184
-2.09595 31.59889 2.02000 180 180 180
-2.16620 31.59977 1.91660 187 187 187
-2.23966 31.59969 1.81571 181 181 181
-2.30514 31.59994 1.70947 183 183 183
-2.36988 31.59929 1.60279 180 180 180
-2.42674 31.59949 1.49171 179 179 179
-2.48935 31.59205 1.38326 178 178 178
-2.53481 31.60112 1.26672 189 189 189
-2.58645 31.60685 1.15268 179 179 179
-2.62113 31.59709 1.03238 181 181 181
-2.65856 31.59869 0.91319 173 173 173
-2.68777 31.59841 0.79173 176 176 176
-2.71468 31.59713 0.66980 172 172 172
-2.73911 31.60280 0.54726 168 168 168
-2.75315 31.60178 0.42310 169 169 169
-2.77501 31.60105 0.29961 171 171 171
-2.76889 31.59642 0.17406 162 162 162
-2.78029 31.59801 0.04938 174 174 174
-2.77886 31.60318 -0.07641 168 168 168
-2.76775 31.60015 -0.20170 161 161 161
-2.74945 31.59884 -0.32603 171 171 171
-2.73551 31.60354 -0.45076 161 161 161
-2.71737 31.59706 -0.57509 162 162 162
-2.68647 31.59997 -0.69686 159 159 159
-2.66010 31.59985 -0.81976 156 156 156
-2.61732 31.60270 -0.93795 165 165 165
-2.58557 31.60127 -1.05983 165 165 165
-2.53325 31.59877 -1.17421 162 162 162
-2.48625 31.60304 -1.29060 148 148 148
-2.43086 31.59932 -1.40322 160 160 160
-2.37013 31.60356 -1.51296 154 154 154
-2.31109 31.59907 -1.62376 155 155 155
-2.23459 31.59965 -1.72356 151 151 151
-2.17155 31.59978 -1.83230 150 150 150
-2.09743 31.59830 -1.93355 149 149 149
-2.01572 31.60367 -2.02874 155 155 155
-1.93087 31.59635 -2.12095 146 146 146
-1.84807 31.60088 -2.21520 144 144 144
-1.75813 31.60246 -2.30261 145 145 145
-1.66256 31.59991 -2.38379 150 150 150
-1.56629 31.60329 -2.46400 145 145 145
-1.46583 31.59423 -2.53888 143 143 143
-1.36059 31.59780 -2.60680 142 142 142
-1.25686 31.60164 -2.67686 144 144 144
-1.15057 31.60108 -2.74324 147 147 147
-1.04037 31.60323 -2.80298 143 143 143
-0.92888 31.60340 -2.86052 145 145 145
-0.81234 31.60575 -2.90708 143 143 143
-0.69679 31.60462 -2.95598 140 140 140
-0.57845 31.59931 -2.99784 140 140 140
-0.45830 31.60085 -3.03432 140 140 140
-0.33587 31.59857 -3.06221 144 144 144
-0.21490 31.59929 -3.09705 138 138 138
-0.08979 31.60250 -3.11121 139 139 139
0.03399 31.59773 -3.13318 137 137 137
0.15931 31.59710 -3.14329 139 139 139
0.28470 31.59975 -3.15303 141 141 141
0.41050 31.59313 -3.14867 141 141 141
0.53615 31.60082 -3.14892 141 141 141
0.66117 31.59606 -3.13651 134 134 134
0.78681 31.59094 -3.13143 135 135 135
0.91020 31.59980 -3.10744 139 139 139
1.03438 31.60122 -3.08935 136 136 136
1.15690 31.60245 -3.06230 140 140 140
1.27754 31.60584 -3.02803 143 143 143
1.39918 31.60270 -2.99697 135 135 135
1.51618 31.60164 -2.95158 141 141 141
1.63448 31.60421 -2.90981 141 141 141
1.74717 31.59885 -2.85463 141 141 141
1.86169 31.59812 -2.80359 158 158 158
1.97348 31.60067 -2.74663 137 137 137
2.07665 31.60159 -2.67487 147 147 147
2.18566 31.59719 -2.61287 147 147 147
2.28552 31.59659 -2.53706 144 144 144
2.39190 31.60102 -2.46984 150 150 150
2.48734 31.60124 -2.38821 146 146 146
2.57785 31.59393 -2.30122 146 146 146
2.66936 31.60039 -2.21547 147 147 147
2.75573 31.60038 -2.12450 146 146 146
2.83279 31.59505 -2.02537 151 151 151
2.91658 31.59975 -1.93208 151 151 151
2.98886 31.59480 -1.82961 158 158 158
3.06604 31.60447 -1.73053 154 154 154
3.13054 31.59672 -1.62280 153 153 153
3.19094 31.59608 -1.51286 153 153 153
3.25225 31.59749 -1.40341 161 161 161
3.30630 31.59739 -1.29016 147 147 147
3.35471 31.60202 -1.17439 150 150 150
3.40010 31.60079 -1.05744 159 159 159
3.43878 31.60304 -0.93810 155 155 155
3.48047 31.59701 -0.81958 160 160 160
3.50865 31.59944 -0.69714 163 163 163
3.54031 31.60110 -0.57548 161 161 161
3.56010 31.59766 -0.45132 170 170 170
3.57433 31.60231 -0.32649 173 173 173
3.59100 31.59376 -0.20187 163 163 163
3.59355 31.59812 -0.07616 164 164 164
3.60097 32.00032 0.05000 174 174 174
3.59311 31.99986 0.17489 171 171 171
3.58304 31.99770 0.29938 171 171 171
3.57200 31.99914 0.42372 173 173 173
3.56350 31.99597 0.54876 170 170 170
3.53955 31.99843 0.67161 172 172 172
3.50689 31.99704 0.79241 176 176 176
3.47697 31.99660 0.91368 175 175 175
3.45065 32.00135 1.03645 182 182 182
3.39183 32.00069 1.14831 174 174 174
3.35630 31.99926 1.26842 177 177 177
3.30244 31.99559 1.38120 176 176 176
3.25465 32.00287 1.49692 189 189 189
3.19224 31.99827 1.60535 186 186 186
3.12875 32.00440 1.71298 183 183 183
3.06131 31.99781 1.81816 189 189 189
2.99003 31.99917 1.92079 181 181 181
2.91275 32.00006 2.01896 179 179 179
2.83731 32.00115 2.11873 183 183 183
2.74695 32.00073 2.20550 191 191 191
2.66134 31.99787 2.29622 182 182 182
2.57993 32.00085 2.39191 189 189 189
2.48555 32.00134 2.47428 189 189 189
2.38530 31.99633 2.54939 189 189 189
2.28607 32.00091 2.62554 188 188 188
2.18509 31.99685 2.69959 185 185 185
2.07862 32.00661 2.76556 197 197 197
1.96719 31.99924 2.82284 187 187 187
1.85977 31.99908 2.88729 197 197 197
1.74760 32.00062 2.94317 195 195 195
1.63223 32.00414 2.99221 191 191 191
1.51290 31.99656 3.03089 195 195 195
1.39512 31.99671 3.07324 191 191 191
1.27537 31.99951 3.10988 193 193 193
1.15395 31.99610 3.14066 197 197 197
1.03324 32.00533 3.17594 204 204 204
0.90855 32.00083 3.19192 204 204 204
0.78447 31.99850 3.21093 197 197 197
0.65938 32.00246 3.22207 197 197 197
0.53422 32.00050 3.23482 194 194 194
0.40840 31.99410 3.23070 202 202 202
0.28283 32.00274 3.22839 194 194 194
0.15726 31.99791 3.22401 198 198 198
0.03250 31.99963 3.20946 195 195 195
-0.09247 32.00281 3.19642 196 196 196
-0.21700 32.00250 3.17873 193 193 193
-0.33893 32.00040 3.14804 199 199 199
-0.45943 31.99472 3.11288 193 193 193
-0.57862 32.00552 3.07412 190 190 190
-0.69682 31.99801 3.03283 190 190 190
-0.81298 31.99817 2.98627 197 197 197
-0.92768 31.99989 2.93639 184 184 184
-1.03923 32.00222 2.87995 190 190 190
-1.15299 31.99662 2.82746 191 191 191
-1.26046 31.99921 2.76332 195 195 195
-1.36514 31.99735 2.69486 190 190 190
-1.46918 31.99978 2.62541 194 194 194
-1.56782 32.00035 2.54851 190 190 190
-1.66722 32.00029 2.47247 188 188 188
-1.75821 32.00404 2.38658 190 190 190
-1.84946 32.00299 2.30113 187 187 187
-1.93306 32.00032 2.20818 186 186 186
-2.02192 32.00118 2.11992 182 182 182
-2.10162 32.00239 2.02343 186 186 186
-2.17043 32.00214 1.91875 187 187 187
-2.24155 31.99640 1.81618 184 184 184
-2.31396 32.00047 1.71420 184 184 184
-2.37662 32.00369 1.60600 186 186 186
-2.43683 31.99659 1.49640 181 181 181
-2.48905 31.99987 1.38277 181 181 181
-2.53446 32.00112 1.26632 176 176 176
-2.58862 31.99598 1.15332 182 182 182
-2.62718 31.99753 1.03428 177 177 177
-2.66395 32.00155 0.91474 177 177 177
-2.69329 31.99759 0.79317 172 172 172
-2.72015 31.99757 0.67109 178 178 178
-2.74248 31.99872 0.54809 175 175 175
-2.75726 32.00192 0.42396 174 174 174
-2.77274 32.00141 0.29989 173 173 173
-2.77173 32.00253 0.17471 174 174 174
-2.78613 32.00018 0.05000 162 162 162
-2.77974 32.00021 -0.07573 162 162 162
-2.76643 32.00351 -0.20080 165 165 165
-2.75285 32.00426 -0.32556 161 161 161
-2.73838 31.99996 -0.45025 172 172 172
-2.71336 32.00243 -0.57325 166 166 166
-2.69239 31.99863 -0.69716 156 156 156
-2.65730 31.99835 -0.81775 162 162 162
-2.61841 32.00197 -0.93700 162 162 162
-2.58148 32.00045 -1.05692 161 161 161
-2.53725 31.99810 -1.17437 153 153 153
-2.48242 32.00270 -1.28724 158 158 158
-2.43535 32.00350 -1.40381 156 156 156
-2.38052 31.99989 -1.51698 150 150 150
-2.31746 31.99759 -1.62575 154 154 154
-2.24447 32.00259 -1.72813 152 152 152
-2.17887 31.99864 -1.83546 149 149 149
-2.09664 31.99808 -1.93065 156 156 156
-2.02413 31.99966 -2.03350 150 150 150
-1.93537 31.99964 -2.12254 151 151 151
-1.84550 32.00519 -2.20990 147 147 147
-1.75810 31.99785 -2.29968 151 151 151
-1.66644 32.00576 -2.38525 142 142 142
-1.56839 32.00356 -2.46337 143 143 143
-1.47104 32.00112 -2.54253 143 143 143
-1.36549 32.00358 -2.61035 153 153 153
-1.25758 31.99936 -2.67397 145 145 145
-1.15024 31.99634 -2.73826 137 137 137
-1.04045 32.00297 -2.79838 146 146 146
-0.93033 32.00369 -2.85848 141 141 141
-0.81598 32.00260 -2.91015 139 139 139
-0.69826 32.00187 -2.95361 147 147 147
-0.57760 32.00483 -2.98810 140 140 140
-0.45875 31.99776 -3.02779 138 138 138
-0.33745 31.99705 -3.05940 143 143 143
-0.21592 32.00092 -3.09096 136 136 136
-0.09153 31.99531 -3.10825 141 141 141
0.03276 32.00009 -3.12512 144 144 144
0.15731 32.00095 -3.14132 133 133 133
0.28296 32.00085 -3.14311 142 142 142
0.40840 32.00265 -3.14547 138 138 138
0.53423 31.99990 -3.15307 145 145 145
0.65920 31.99836 -3.13772 137 137 137
0.78350 31.99812 -3.12068 138 138 138
0.90924 32.00400 -3.11407 140 140 140
1.03112 31.99899 -3.08295 143 143 143
1.15437 32.00661 -3.05993 143 143 143
1.27571 32.00161 -3.02840 142 142 142
1.39397 31.99924 -2.98681 133 133 133
1.51429 32.00219 -2.95155 141 141 141
1.63040 31.99772 -2.90443 143 143 143
1.74578 32.00062 -2.85557 139 139 139
1.86006 32.00143 -2.80390 142 142 142
1.97210 31.99963 -2.74732 141 141 141
2.07945 31.99854 -2.68226 150 150 150
2.18217 31.99720 -2.61019 142 142 142
2.28541 32.00278 -2.53920 140 140 140
2.38585 32.00023 -2.46423 146 146 146
2.47903 31.99980 -2.38033 146 146 146
2.57817 31.99885 -2.30323 146 146 146
2.67050 32.00239 -2.21810 149 149 149
2.75550 31.99623 -2.12563 146 146 146
2.83510 32.00000 -2.02852 145 145 145
2.91442 31.99873 -1.93143 151 151 151
2.99027 31.99992 -1.83155 151 151 151
3.05865 32.00055 -1.72638 150 150 150
3.12693 31.99587 -1.62127 147 147 147
3.19309 32.00223 -1.51462 161 161 161
3.25050 31.99901 -1.40298 160 160 160
3.31061 31.99780 -1.29250 153 153 153
3.35650 32.00061 -1.17539 161 161 161
3.39098 32.00364 -1.05423 160 160 160
3.44355 32.00284 -0.93971 157 157 157
3.46983 31.99737 -0.81655 161 161 161
3.50735 31.99796 -0.69672 160 160 160
3.53348 32.00178 -0.57391 159 159 159
3.55619 31.99934 -0.45042 165 165 165
3.57629 31.99989 -0.32635 167 167 167
3.58858 31.99850 -0.20122 168 168 168
3.59019 31.99595 -0.07548 166 166 166
3.59422 32.40062 0.05063 170 170 170
3.59818 32.39761 0.17581 165 165 165
3.58167 32.40060 0.30008 166 166 166
3.56899 32.40005 0.42427 172 172 172
3.55301 32.40172 0.54809 171 171 171
3.53626 32.39983 0.67204 172 172 172
3.51229 32.40148 0.79488 173 173 173
3.47500 32.39987 0.91440 166 166 166
3.44120 32.39894 1.03476 176 176 176
3.39215 32.40082 1.14991 174 174 174
3.35100 32.39666 1.26781 176 176 176
3.30654 32.40147 1.38479 179 179 179
3.24665 32.39893 1.49466 180 180 180
3.18788 32.40095 1.60484 186 186 186
3.12409 32.39463 1.71217 178 178 178
3.05607 32.40355 1.81684 190 190 190
2.98417 32.39973 1.91885 187 187 187
2.91216 32.39748 2.02096 188 188 188
2.83101 32.39920 2.11595 188 188 188
2.74947 32.40225 2.21061 188 188 188
2.66094 32.40226 2.29877 185 185 185
2.56932 32.39529 2.38358 194 194 194
2.48093 32.40168 2.47222 195 195 195
2.38087 32.39851 2.54734 192 192 192
2.28358 32.39833 2.62595 184 184 184
2.17961 32.40059 2.69549 190 190 190
2.07315 32.40062 2.76106 194 194 194
1.96447 32.39692 2.82275 189 189 189
1.85494 32.40065 2.88301 186 186 186
1.74448 32.40020 2.94208 194 194 194
1.63118 32.39337 2.99591 196 196 196
1.51202 32.40048 3.03544 196 196 196
1.39299 32.40295 3.07445 195 195 195
1.27417 32.40128 3.11446 194 194 194
1.15370 32.40140 3.14994 198 198 198
1.03053 32.39745 3.17464 190 190 190
0.90694 32.40043 3.19706 192 192 192
0.78195 32.40213 3.20987 192 192 192
0.65697 32.39895 3.22155 198 198 198
0.53184 32.39993 3.23403 201 201 201
0.40608 32.39988 3.23407 198 198 198
0.28032 32.40179 3.23378 200 200 200
0.15513 32.39992 3.22223 193 193 193
0.03049 32.39912 3.20745 200 200 200
-0.09403 32.40220 3.19228 192 192 192
-0.21809 32.40624 3.17317 201 201 201
-0.34037 32.40022 3.14504 196 196 196
-0.46239 32.39423 3.11582 201 201 201
-0.58246 32.39972 3.07945 187 187 187
-0.70063 32.39600 3.03750 190 190 190
-0.81810 32.40033 2.99368 193 193 193
-0.93361 32.39746 2.94486 189 189 189
-1.04482 32.40016 2.88701 194 194 194
-1.15293 32.40052 2.82386 192 192 192
-1.26087 32.39804 2.76085 197 197 197
-1.36534 32.39974 2.69233 187 187 187
-1.47278 32.39779 2.62781 199 199 199
-1.57115 32.40001 2.55043 186 186 186
-1.66612 32.40000 2.46910 187 187 187
-1.75935 32.39515 2.38595 182 182 182
-1.84784 32.39845 2.29782 188 188 188
-1.93860 32.40072 2.21179 185 185 185
-2.01991 32.39628 2.11686 187 187 187
-2.09673 32.40077 2.01838 186 186 186
-2.17752 32.40216 1.92285 186 186 186
-2.24972 32.40358 1.82072 183 183 183
-2.31412 32.39684 1.71351 183 183 183
-2.37391 32.40098 1.60382 189 189 189
-2.42904 32.39863 1.49188 187 187 187
-2.48681 32.40011 1.38130 181 181 181
-2.53552 32.40372 1.26643 175 175 175
-2.58548 32.40077 1.15194 178 178 178
-2.62780 32.40198 1.03436 173 173 173
-2.65830 32.40221 0.91312 161 161 161
-2.69462 32.40218 0.79356 172 172 172
-2.71443 32.40300 0.67012 169 169 169
-2.73986 32.39845 0.54793 172 172 172
-2.75420 32.39994 0.42395 176 176 176
-2.77327 32.40103 0.30037 170 170 170
-2.77765 32.39619 0.17548 177 177 177
-2.78200 32.39874 0.05063 162 162 162
-2.78553 32.39662 -0.07524 167 167 167
-2.77133 32.40496 -0.20038 168 168 168
-2.75820 32.40050 -0.32529 164 164 164
-2.74316 32.40107 -0.45002 163 163 163
-2.72276 32.39875 -0.57403 166 166 166
-2.69548 32.40037 -0.69671 164 164 164
-2.66312 32.39842 -0.81811 159 159 159
-2.63289 32.40083 -0.94032 158 158 158
-2.58380 32.39771 -1.05629 157 157 157
-2.54293 32.40035 -1.17513 154 154 154
-2.49113 32.40103 -1.28956 157 157 157
-2.43625 32.40119 -1.40246 154 154 154
-2.38250 32.39756 -1.51616 155 155 155
-2.31961 32.40003 -1.62502 159 159 159
-2.24522 32.40169 -1.72645 153 153 153
-2.17302 32.39627 -1.82890 146 146 146
-2.10027 32.40154 -1.93104 151 151 151
-2.02203 32.39673 -2.02910 152 152 152
-1.93455 32.40245 -2.11900 152 152 152
-1.85161 32.39981 -2.21305 145 145 145
-1.76281 32.40113 -2.30164 150 150 150
-1.66396 32.40113 -2.37900 147 147 147
-1.56984 32.40023 -2.46164 147 147 147
-1.47143 32.39774 -2.53924 141 141 141
-1.36895 32.40111 -2.61143 146 146 146
-1.26070 32.40090 -2.67465 142 142 142
-1.15644 32.39815 -2.74455 136 136 136
-1.04490 32.40285 -2.80194 146 146 146
-0.93152 32.39972 -2.85540 145 145 145
-0.81653 32.39797 -2.90524 143 143 143
-0.70032 32.39614 -2.95230 139 139 139
-0.58218 32.40080 -2.99444 141 141 141
-0.46073 32.39898 -3.02598 142 142 142
-0.34058 32.40268 -3.06216 138 138 138
-0.21712 32.40362 -3.08468 136 136 136
-0.09442 32.40120 -3.11123 136 136 136
0.02987 32.40379 -3.12931 141 141 141
0.15552 32.39815 -3.13396 142 142 142
0.28053 32.39834 -3.14525 137 137 137
0.40608 32.39978 -3.14210 141 141 141
0.53143 32.40185 -3.14021 135 135 135
0.65729 32.39677 -3.14225 141 141 141
0.78242 32.39487 -3.13046 139 139 139
0.90614 32.39914 -3.10847 145 145 145
1.02972 32.40370 -3.08691 144 144 144
1.15215 32.40591 -3.05972 141 141 141
1.27495 32.40017 -3.03331 142 142 142
1.39121 32.39962 -2.98483 138 138 138
1.51350 32.40266 -2.95506 146 146 146
1.63005 32.39610 -2.90854 140 140 140
1.74533 32.40053 -2.85899 143 143 143
1.85870 32.40210 -2.80516 146 146 146
1.96636 32.40028 -2.74057 142 142 142
2.07375 32.40023 -2.67611 140 140 140
2.18235 32.40092 -2.61329 141 141 141
2.28055 32.39589 -2.53506 143 143 143
2.37982 32.40128 -2.45888 137 137 137
2.48128 32.39956 -2.38505 151 151 151
2.57465 32.40102 -2.30130 152 152 152
2.66380 32.40363 -2.21309 142 142 142
2.74691 32.39965 -2.11919 145 145 145
2.83095 32.39979 -2.02633 148 148 148
2.91472 32.39966 -1.93286 154 154 154
2.98125 32.40386 -1.82605 154 154 154
3.05978 32.39826 -1.72806 147 147 147
3.13130 32.40189 -1.62473 157 157 157
3.18609 32.39734 -1.51137 153 153 153
3.24375 32.40131 -1.40009 156 156 156
3.30103 32.39763 -1.28852 158 158 158
3.35415 32.40186 -1.17474 159 159 159
3.40092 32.39807 -1.05812 156 156 156
3.43930 32.40135 -0.93845 168 168 168
3.47805 32.39789 -0.81889 161 161 161
3.50264 32.40364 -0.69551 158 158 158
3.53275 32.40503 -0.57360 160 160 160
3.55283 32.39881 -0.44962 168 168 168
3.57444 32.39876 -0.32577 165 165 165
3.58871 32.40046 -0.20079 165 165 165
3.58654 32.39953 -0.07481 167 167 167
3.59026 32.79874 0.05125 174 174 174
3.58844 32.80075 0.17615 168 168 168
3.58304 32.80065 0.30101 166 166 166
3.57042 32.79788 0.42536 174 174 174
3.55615 32.79608 0.54962 174 174 174
3.53337 32.80593 0.67260 168 168 168
3.49823 32.80456 0.79274 182 182 182
3.47377 32.80150 0.91540 179 179 179
3.43710 32.79965 1.03488 176 176 176
3.39320 32.80285 1.15187 177 177 177
3.34941 32.79591 1.26883 179 179 179
3.30362 32.80041 1.38524 178 178 178
3.24315 32.79648 1.49480 178 178 178
3.18816 32.79883 1.60704 184 184 184
3.12202 32.79997 1.71309 181 181 181
3.05444 32.80199 1.81808 177 177 177
2.98565 32.80129 1.92240 186 186 186
2.90695 32.80128 2.01949 189 189 189
2.83012 32.79817 2.11800 186 186 186
2.74847 32.79829 2.21266 185 185 185
2.65939 32.79850 2.30040 192 192 192
2.57142 32.79833 2.38923 187 187 187
2.47778 32.79756 2.47214 189 189 189
2.38125 32.79821 2.55168 188 188 188
2.28329 32.79311 2.62967 191 191 191
2.17689 32.79357 2.69586 185 185 185
2.07331 32.80276 2.76609 189 189 189
1.96558 32.79644 2.82992 195 195 195
1.85333 32.80154 2.88547 196 196 196
1.73925 32.79968 2.93687 189 189 189
1.62471 32.79688 2.98705 193 193 193
1.50871 32.79985 3.03398 197 197 197
1.39173 32.80497 3.07902 193 193 193
1.27038 32.79536 3.11068 199 199 199
1.14971 32.80124 3.14450 191 191 191
1.02787 32.79746 3.17463 190 190 190
0.90368 32.80116 3.19308 190 190 190
0.78027 32.80128 3.21773 194 194 194
0.65465 32.79725 3.22484 201 201 201
0.52920 32.80073 3.23188 189 189 189
0.40355 32.79677 3.23250 191 191 191
0.27794 32.80153 3.23099 193 193 193
0.15258 32.80140 3.22324 196 196 196
0.02798 32.79878 3.20809 199 199 199
-0.09663 32.80199 3.19344 194 194 194
-0.22021 32.79862 3.17182 204 204 204
-0.34315 32.80002 3.14678 191 191 191
-0.46456 32.80033 3.11523 194 194 194
-0.58576 32.80083 3.08250 198 198 198
-0.70331 32.80518 3.03859 182 182 182
-0.82098 32.80483 2.99522 201 201 201
-0.93467 32.79961 2.94236 187 187 187
-1.04380 32.79375 2.88071 187 187 187
-1.15759 32.79944 2.82834 190 190 190
-1.26801 32.79985 2.76903 191 191 191
-1.36807 32.79779 2.69329 188 188 188
-1.47337 32.80169 2.62580 196 196 196
-1.57444 32.80558 2.55206 187 187 187
-1.67054 32.79832 2.47197 189 189 189
-1.76595 32.79939 2.39100 192 192 192
-1.85474 32.80538 2.30285 182 182 182
-1.94234 32.79100 2.21357 191 191 191
-2.02185 32.79860 2.11701 190 190 190
-2.09816 32.80109 2.01816 181 181 181
-2.17617 32.79851 1.92068 181 181 181
-2.24680 32.79920 1.81773 186 186 186
-2.32621 32.80079 1.72001 182 182 182
-2.38236 32.79984 1.60777 186 186 186
-2.44522 32.80099 1.49947 179 179 179
-2.49870 32.80198 1.38625 180 180 180
-2.54164 32.80087 1.26856 179 179 179
-2.58870 32.79861 1.15283 183 183 183
-2.62823 32.79792 1.03431 175 175 175
-2.66708 32.80021 0.91552 178 178 178
-2.68945 32.80174 0.79234 176 176 176
-2.72521 32.79826 0.67239 166 166 166
-2.74869 32.79521 0.54956 175 175 175
-2.76335 32.80044 0.42537 168 168 168
-2.77124 32.79805 0.30064 174 174 174
-2.77310 32.80483 0.17583 168 168 168
-2.78821 32.79965 0.05125 163 163 163
-2.77613 32.80045 -0.07415 168 168 168
-2.76894 32.79730 -0.19936 169 169 169
-2.76380 32.79904 -0.32502 162 162 162
-2.74276 32.79798 -0.44892 165 165 165
-2.71739 32.80407 -0.57183 158 158 158
-2.69573 32.80027 -0.69553 157 157 157
-2.66208 32.79396 -0.81647 158 158 158
-2.62639 32.79876 -0.93675 166 166 166
-2.58692 32.80226 -1.05587 153 153 153
-2.54044 32.80320 -1.17242 158 158 158
-2.49342 32.79822 -1.28881 152 152 152
-2.43646 32.80073 -1.40064 151 151 151
-2.38056 32.80173 -1.51302 154 154 154
-2.32000 32.79859 -1.62307 154 154 154
-2.24799 32.80229 -1.72597 149 149 149
-2.17782 32.80116 -1.82991 153 153 153
-2.10485 32.79465 -1.93202 152 152 152
-2.02027 32.79968 -2.02479 143 143 143
-1.93762 32.80254 -2.11886 146 146 146
-1.85030 32.79953 -2.20857 145 145 145
-1.76233 32.79976 -2.29774 143 143 143
-1.66806 32.79981 -2.38020 149 149 149
-1.56965 32.79632 -2.45754 146 146 146
-1.47395 32.80204 -2.53859 144 144 144
-1.36833 32.79842 -2.60607 141 141 141
-1.26650 32.80012 -2.67935 144 144 144
-1.15813 32.80077 -2.74242 143 143 143
-1.04731 32.79938 -2.80105 143 143 143
-0.93495 32.80087 -2.85672 134 134 134
-0.81725 32.79790 -2.90026 139 139 139
-0.70178 32.80106 -2.94878 140 140 140
-0.58353 32.80376 -2.99020 143 143 143
-0.46292 32.80398 -3.02414 143 143 143
-0.34230 32.80303 -3.05818 129 129 129
-0.21963 32.79677 -3.08398 139 139 139
-0.09670 32.79958 -3.10903 138 138 138
0.02720 32.79238 -3.12993 141 141 141
0.15243 32.79823 -3.14045 142 142 142
0.27780 32.79893 -3.14973 146 146 146
0.40355 32.80069 -3.14840 138 138 138
0.52920 32.79912 -3.14708 150 150 150
0.65444 32.79860 -3.13751 139 139 139
0.77939 32.80183 -3.12556 135 135 135
0.90239 32.80268 -3.10016 133 133 133
1.02679 32.79623 -3.08424 138 138 138
1.15089 32.80381 -3.06433 137 137 137
1.26941 32.80193 -3.02198 135 135 135
1.39117 32.79575 -2.99184 143 143 143
1.50976 32.79859 -2.95113 141 141 141
1.62707 32.79962 -2.90679 147 147 147
1.74427 32.80260 -2.86152 137 137 137
1.85471 32.80018 -2.80164 142 142 142
1.96301 32.80256 -2.73845 142 142 142
2.07592 32.79807 -2.68313 149 149 149
2.18022 32.79559 -2.61323 146 146 146
2.28239 32.79908 -2.54042 143 143 143
2.37822 32.80346 -2.45941 140 140 140
2.47265 32.79987 -2.37725 149 149 149
2.56965 32.80211 -2.29798 151 151 151
2.66044 32.80404 -2.21161 150 150 150
2.75064 32.80207 -2.12433 147 147 147
2.82926 32.79957 -2.02640 153 153 153
2.90984 32.79777 -1.93035 151 151 151
2.98626 32.80264 -1.83088 155 155 155
3.04790 32.79910 -1.72117 153 153 153
3.12170 32.79936 -1.61975 152 152 152
3.18653 32.79910 -1.51238 153 153 153
3.24645 32.80133 -1.40211 149 149 149
3.30087 32.80032 -1.28897 153 153 153
3.35118 32.80248 -1.17392 160 160 160
3.39178 32.79686 -1.05504 157 157 157
3.43951 32.79999 -0.93870 160 160 160
3.47569 32.80148 -0.81830 157 157 157
3.49908 32.80275 -0.69463 157 157 157
3.53524 32.80080 -0.57397 161 161 161
3.55339 32.80306 -0.44948 163 163 163
3.56959 32.80381 -0.32487 162 162 162
3.57780 32.79937 -0.19950 165 165 165
3.58733 32.79896 -0.07431 164 164 164
3.59355 33.19960 0.05188 167 167 167
3.58211 33.19767 0.17663 175 175 175
3.57763 33.20050 0.30143 175 175 175
3.56380 33.19969 0.42553 172 172 172
3.54943 33.19970 0.54961 173 173 173
3.52487 33.19964 0.67209 167 167 167
3.50555 33.19807 0.79579 176 176 176
3.46228 33.20008 0.91356 176 176 176
3.43012 33.19893 1.03414 178 178 178
3.38783 33.20162 1.15153 174 174 174
3.35089 33.20080 1.27122 177 177 177
3.29794 33.19726 1.38452 178 178 178
3.24279 33.19921 1.49665 184 184 184
3.18184 33.19924 1.60568 184 184 184
3.11788 33.19884 1.71288 184 184 184
3.05291 33.19869 1.81954 181 181 181
2.98069 33.19817 1.92144 184 184 184
2.90691 33.20205 2.02226 180 180 180
2.82861 33.19781 2.11970 184 184 184
2.74562 33.19850 2.21322 187 187 187
2.65706 33.19955 2.30146 186 186 186
2.56639 33.19926 2.38742 187 187 187
2.47576 33.20103 2.47364 186 186 186
2.37789 33.20188 2.55156 192 192 192
2.27644 33.19953 2.62469 192 192 192
2.17729 33.19842 2.70122 191 191 191
2.07034 33.20081 2.76639 193 193 193
1.95803 33.19181 2.82200 187 187 187
1.85074 33.19574 2.88644 191 191 191
1.73850 33.19896 2.94188 198 198 198
1.62296 33.19923 2.99013 190 190 190
1.50722 33.19793 3.03806 190 190 190
1.38974 33.19643 3.08201 195 195 195
1.26847 33.20422 3.11428 193 193 193
1.14625 33.19900 3.14221 198 198 198
1.02453 33.20042 3.17227 194 194 194
0.90097 33.19615 3.19393 197 197 197
0.77648 33.19940 3.20947 198 198 198
0.65204 33.20125 3.22707 195 195 195
0.52643 33.20082 3.23137 197 197 197
0.40082 33.19861 3.23633 199 199 199
0.27530 33.19995 3.22919 190 190 190
0.14936 33.20227 3.23022 196 196 196
0.02526 33.20477 3.20869 197 197 197
-0.09928 33.19945 3.19363 195 195 195
-0.22272 33.19875 3.17147 194 194 194
-0.34578 33.19919 3.14710 196 196 196
-0.46770 33.19792 3.11737 190 190 190
-0.58778 33.19995 3.08103 193 193 193
-0.70548 33.19822 3.03779 190 190 190
-0.82117 33.20117 2.98979 193 193 193
-0.93784 33.19927 2.94399 200 200 200
-1.05005 33.20155 2.88831 193 193 193
-1.16107 33.19826 2.83036 189 189 189
-1.26343 33.20170 2.75780 189 189 189
-1.37086 33.20019 2.69406 192 192 192
-1.47786 33.19880 2.62890 190 190 190
-1.57477 33.20219 2.54969 192 192 192
-1.67525 33.20055 2.47497 190 190 190
-1.76532 33.20162 2.38804 197 197 197
-1.85684 33.20192 2.30288 183 183 183
-1.94604 33.20009 2.21513 186 186 186
-2.03105 33.20017 2.12319 188 188 188
-2.10512 33.19770 2.02215 192 192 192
-2.17942 33.19866 1.92171 182 182 182
-2.25730 33.19957 1.82357 186 186 186
-2.31424 33.19851 1.71165 175 175 175
-2.38540 33.20076 1.60860 182 182 182
-2.44343 33.19533 1.49781 186 186 186
-2.49305 33.20258 1.38303 177 177 177
-2.54076 33.20233 1.26770 183 183 183
-2.58831 33.20196 1.15232 176 176 176
-2.63142 33.20016 1.03510 171 171 171
-2.66916 33.20123 0.91597 168 168 168
-2.70303 33.20167 0.79558 169 169 169
-2.72346 33.20481 0.67213 174 174 174
-2.75086 33.19931 0.55010 173 173 173
-2.76625 33.20342 0.42602 168 168 168
-2.77404 33.20400 0.30127 178 178 178
-2.78562 33.20190 0.17684 166 166 166
-2.78456 33.20197 0.05188 171 171 171
-2.78073 33.19903 -0.07359 165 165 165
-2.77785 33.20148 -0.19922 169 169 169
-2.76710 33.20340 -0.32446 156 156 156
-2.75186 33.19929 -0.44929 167 167 167
-2.72457 33.20253 -0.57207 166 166 166
-2.70098 33.20064 -0.69550 168 168 168
-2.66229 33.19881 -0.81511 158 158 158
-2.62827 33.19950 -0.93582 155 155 155
-2.59162 33.19974 -1.05595 159 159 159
-2.55009 33.20000 -1.17463 157 157 157
-2.49361 33.19810 -1.28699 157 157 157
-2.43960 33.19972 -1.40019 157 157 157
-2.38045 33.20254 -1.51077 156 156 156
-2.31806 33.19972 -1.61954 152 152 152
-2.25539 33.20311 -1.72843 149 149 149
-2.18307 33.19965 -1.83108 149 149 149
-2.10466 33.20208 -1.92906 149 149 149
-2.02562 33.19826 -2.02636 149 149 149
-1.94580 33.19829 -2.12323 149 149 149
-1.85742 33.19886 -2.21230 143 143 143
-1.76740 33.19785 -2.29961 149 149 149
-1.66953 33.19928 -2.37806 139 139 139
-1.57497 33.20123 -2.46017 145 145 145
-1.47683 33.20189 -2.53814 150 150 150
-1.37780 33.20112 -2.61551 143 143 143
-1.26574 33.19789 -2.67299 141 141 141
-1.15609 33.19840 -2.73324 139 139 139
-1.05003 33.19963 -2.80038 136 136 136
-0.93949 33.19877 -2.86001 141 141 141
-0.82153 33.19998 -2.90335 142 142 142
-0.70563 33.19525 -2.95114 141 141 141
-0.58682 33.20143 -2.99125 136 136 136
-0.46754 33.20284 -3.03019 136 136 136
-0.34457 33.20140 -3.05560 140 140 140
-0.22292 33.19926 -3.08615 142 142 142
-0.10014 33.19704 -3.11290 143 143 143
0.02429 33.19819 -3.13080 139 139 139
0.14977 33.19454 -3.13903 139 139 139
0.27520 33.19729 -3.14598 135 135 135
0.40082 33.20007 -3.14648 141 141 141
0.52665 33.20357 -3.15118 134 134 134
0.65167 33.20204 -3.13632 143 143 143
0.77604 33.19691 -3.11975 142 142 142
0.90073 33.20087 -3.10627 131 131 131
1.02410 33.19952 -3.08382 135 135 135
1.14791 33.20189 -3.06267 145 145 145
1.26817 33.19289 -3.02661 140 140 140
1.38775 33.19903 -2.98906 140 140 140
1.50708 33.20041 -2.95062 146 146 146
1.62436 33.19815 -2.90621 140 140 140
1.73719 33.20051 -2.85144 140 140 140
1.84965 33.19701 -2.79642 144 144 144
1.96477 33.19545 -2.74582 140 140 140
2.07092 33.20335 -2.67876 143 143 143
2.17563 33.19693 -2.60980 146 146 146
2.27699 33.20042 -2.53609 148 148 148
2.38024 33.19706 -2.46478 148 148 148
2.47386 33.20408 -2.38120 150 150 150
2.56618 33.19834 -2.29651 151 151 151
2.65947 33.19696 -2.21270 151 151 151
2.74078 33.19690 -2.11707 148 148 148
2.83102 33.19829 -2.02957 145 145 145
2.90559 33.20045 -1.92849 154 154 154
2.98124 33.19759 -1.82855 158 158 158
3.05476 33.19625 -1.72691 147 147 147
3.11995 33.19790 -1.61970 152 152 152
3.17933 33.20700 -1.50922 157 157 157
3.24374 33.19794 -1.40147 156 156 156
3.29742 33.20133 -1.28798 160 160 160
3.34776 33.19935 -1.17298 149 149 149
3.38817 33.20063 -1.05407 158 158 158
3.43406 33.19740 -0.93717 161 161 161
3.47297 33.19731 -0.81766 164 164 164
3.50012 33.20317 -0.69489 170 170 170
3.52689 33.20207 -0.57221 166 166 166
3.54679 33.20483 -0.44823 162 162 162
3.56595 33.19683 -0.32413 161 161 161
3.58214 33.19828 -0.19943 166 166 166
3.58829 33.20220 -0.07383 163 163 163
3.58787 33.59932 0.05250 169 169 169
3.58406 33.59922 0.17745 171 171 171
3.58031 33.59996 0.30250 168 168 168
3.56888 33.59787 0.42711 175 175 175
3.55286 33.60252 0.55126 176 176 176
3.52463 33.59954 0.67326 174 174 174
3.49843 33.60357 0.79543 177 177 177
3.46720 33.59612 0.91642 173 173 173
3.42837 33.59685 1.03517 174 174 174
3.38973 33.60122 1.15396 183 183 183
3.34436 33.60233 1.27038 177 177 177
3.29336 33.60132 1.38442 182 182 182
3.23959 33.59541 1.49717 185 185 185
3.18067 33.60541 1.60733 181 181 181
3.11878 33.60130 1.71588 176 176 176
3.05275 33.59892 1.82205 185 185 185
2.97717 33.59812 1.92168 182 182 182
2.90207 33.60242 2.02144 186 186 186
2.82457 33.59897 2.11943 187 187 187
2.73707 33.59929 2.20871 187 187 187
2.65140 33.60056 2.29942 185 185 185
2.56785 33.59745 2.39286 189 189 189
2.47056 33.59565 2.47168 188 188 188
2.37561 33.59677 2.55309 194 194 194
2.27477 33.60734 2.62713 186 186 186
2.17238 33.60127 2.69898 193 193 193
2.06279 33.59336 2.75956 192 192 192
1.95832 33.59848 2.82848 191 191 191
1.84982 33.59702 2.89112 195 195 195
1.73586 33.59946 2.94323 196 196 196
1.61981 33.59907 2.99034 184 184 184
1.50499 33.60006 3.04070 197 197 197
1.38533 33.60148 3.07821 195 195 195
1.26429 33.59891 3.11062 201 201 201
1.14323 33.59761 3.14259 197 197 197
1.02189 33.60063 3.17450 196 196 196
0.89828 33.60399 3.19625 194 194 194
0.77373 33.60293 3.21183 196 196 196
0.64923 33.59989 3.22939 193 193 193
0.52341 33.59910 3.23002 197 197 197
0.39789 33.60125 3.23404 206 206 206
0.27222 33.60154 3.23388 197 197 197
0.14735 33.60093 3.21923 194 194 194
0.02277 33.60239 3.20568 201 201 201
-0.10376 33.60184 3.20418 196 196 196
-0.22619 33.60101 3.17490 195 195 195
-0.35042 33.59596 3.15494 193 193 193
-0.46874 33.60144 3.11142 200 200 200
-0.59121 33.60038 3.08329 199 199 199
-0.70864 33.59785 3.03913 190 190 190
-0.82701 33.60149 2.99751 199 199 199
-0.94083 33.60474 2.94484 192 192 192
-1.05211 33.60309 2.88731 185 185 185
-1.16158 33.60065 2.82675 195 195 195
-1.26979 33.59899 2.76409 190 190 190
-1.37703 33.59667 2.69962 179 179 179
-1.47495 33.60438 2.62155 186 186 186
-1.57793 33.60193 2.55068 187 187 187
-1.67904 33.60648 2.47666 190 190 190
-1.77105 33.59890 2.39175 185 185 185
-1.85981 33.60119 2.30360 185 185 185
-1.94212 33.59622 2.20947 183 183 183
-2.02772 33.60197 2.11851 185 185 185
-2.11094 33.59791 2.02510 188 188 188
-2.17890 33.60272 1.91987 183 183 183
-2.25526 33.60020 1.82091 183 183 183
-2.31934 33.59934 1.71364 185 185 185
-2.38100 33.59634 1.60515 183 183 183
-2.44989 33.59687 1.50026 188 188 188
-2.49560 33.60029 1.38350 175 175 175
-2.54384 33.59761 1.26841 189 189 189
-2.59910 33.59934 1.15586 175 175 175
-2.63880 33.59820 1.03718 179 179 179
-2.67802 33.59700 0.91828 175 175 175
-2.69840 33.59936 0.79440 173 173 173
-2.72853 33.59790 0.67319 179 179 179
-2.75380 33.59946 0.55074 173 173 173
-2.76955 33.59713 0.42669 172 172 172
-2.77558 33.60127 0.30179 165 165 165
-2.78841 33.59863 0.17746 169 169 169
-2.79278 33.59990 0.05250 168 168 168
-2.79180 33.59972 -0.07328 159 159 159
-2.78423 33.60351 -0.19886 163 163 163
-2.77369 33.59945 -0.32425 168 168 168
-2.75520 33.60026 -0.44872 162 162 162
-2.72940 33.59743 -0.57181 167 167 167
-2.70356 33.59624 -0.69476 161 161 161
-2.66647 33.60290 -0.81481 154 154 154
-2.63361 33.59804 -0.93595 159 159 159
-2.60071 33.60456 -1.05756 149 149 149
-2.54805 33.60078 -1.17191 156 156 156
-2.49812 33.60352 -1.28705 157 157 157
-2.44287 33.59816 -1.39969 154 154 154
-2.37956 33.60066 -1.50796 154 154 154
-2.32058 33.60106 -1.61862 158 158 158
-2.25189 33.59908 -1.72346 149 149 149
-2.18167 33.60170 -1.82725 153 153 153
-2.10649 33.60167 -1.92751 153 153 153
-2.03387 33.59879 -2.03023 145 145 145
-1.94402 33.60262 -2.11820 156 156 156
-1.85741 33.60184 -2.20867 147 147 147
-1.76572 33.59913 -2.29394 146 146 146
-1.67618 33.59735 -2.38173 148 148 148
-1.57964 33.59577 -2.46170 142 142 142
-1.47950 33.59934 -2.53710 147 147 147
-1.37285 33.59941 -2.60302 142 142 142
-1.26908 33.60248 -2.67299 147 147 147
-1.16230 33.60264 -2.73844 144 144 144
-1.05004 33.60081 -2.79398 138 138 138
-0.93867 33.60349 -2.85118 145 145 145
-0.82554 33.59639 -2.90528 143 143 143
-0.70730 33.59881 -2.94705 154 154 154
-0.59007 33.59422 -2.99156 143 143 143
-0.46979 33.60323 -3.02714 145 145 145
-0.34774 33.60291 -3.05593 144 144 144
-0.22557 33.60068 -3.08408 144 144 144
-0.10246 33.59503 -3.10838 142 142 142
0.02180 33.60236 -3.12642 135 135 135
0.14725 33.60066 -3.13304 149 149 149
0.27223 33.59962 -3.14612 146 146 146
0.39789 33.59570 -3.13958 145 145 145
0.52343 33.60136 -3.14336 143 143 143
0.64878 33.60080 -3.13625 137 137 137
0.77432 33.60248 -3.12936 143 143 143
0.89774 33.60099 -3.10526 142 142 142
1.02093 33.59804 -3.08199 138 138 138
1.14438 33.60288 -3.05956 144 144 144
1.26550 33.59803 -3.02688 146 146 146
1.38631 33.59992 -2.99300 148 148 148
1.50337 33.60103 -2.94787 142 142 142
1.61999 33.59519 -2.90207 136 136 136
1.73782 33.60444 -2.85851 139 139 139
1.84949 33.59921 -2.80120 141 141 141
1.96073 33.60392 -2.74318 143 143 143
2.06989 33.59930 -2.68120 147 147 147
2.16995 33.60411 -2.60502 148 148 148
2.27272 33.59834 -2.53358 147 147 147
2.37536 33.59886 -2.46163 142 142 142
2.47104 33.60066 -2.38065 143 143 143
2.56063 33.59884 -2.29301 149 149 149
2.65094 33.59894 -2.20644 153 153 153
2.74134 33.60158 -2.11963 154 154 154
2.82605 33.59992 -2.02716 146 146 146
2.90440 33.60220 -1.92919 148 148 148
2.97591 33.60045 -1.82614 149 149 149
3.05487 33.60133 -1.72827 153 153 153
3.11678 33.60033 -1.61888 151 151 151
3.17546 33.59950 -1.50803 158 158 158
3.24228 33.60554 -1.40155 154 154 154
3.29715 33.59808 -1.28855 158 158 158
3.34702 33.59607 -1.17323 158 158 158
3.38764 33.59783 -1.05430 155 155 155
3.43447 33.59786 -0.93760 152 152 152
3.46458 33.59950 -0.81547 160 160 160
3.49875 33.60127 -0.69462 160 160 160
3.52213 33.59938 -0.57120 167 167 167
3.53799 33.59952 -0.44666 165 165 165
3.56410 33.60612 -0.32362 159 159 159
3.57794 33.60012 -0.19870 167 167 167
3.58245 33.60000 -0.07308 165 165 165
3.58806 33.99809 0.05313 180 180 180
3.58001 33.99835 0.17805 161 161 161
3.57079 33.99764 0.30263 167 167 167
3.56428 33.99382 0.42757 172 172 172
3.54689 34.00137 0.55144 174 174 174
3.52297 34.00290 0.67419 172 172 172
3.49318 34.00177 0.79556 175 175 175
3.46357 33.99447 0.91693 176 176 176
3.42726 34.00027 1.03648 167 167 167
3.38645 33.99698 1.15456 174 174 174
3.34193 34.00101 1.27132 182 182 182
3.29053 34.00307 1.38522 179 179 179
3.23533 33.99781 1.49726 178 178 178
3.17585 34.00264 1.60705 180 180 180
3.11656 33.99885 1.71712 181 181 181
3.04736 34.00320 1.82123 181 181 181
2.97223 34.00030 1.92105 182 182 182
2.90054 34.00001 2.02339 184 184 184
2.81715 34.00003 2.11647 187 187 187
2.74013 33.99906 2.21513 186 186 186
2.65556 33.99698 2.30742 181 181 181
2.55928 33.99991 2.38769 190 190 190
2.46846 33.99681 2.47361 189 189 189
2.37402 33.99655 2.55577 194 194 194
2.27197 33.99674 2.62831 188 188 188
2.17130 34.00023 2.70279 198 198 198
2.06224 34.00030 2.76453 193 193 193
1.95546 33.99362 2.82972 191 191 191
1.84473 34.00102 2.88804 196 196 196
1.73105 33.99985 2.94037 195 195 195
1.61773 33.99714 2.99366 193 193 193
1.49960 33.99827 3.03536 190 190 190
1.38203 33.99950 3.07850 194 194 194
1.26170 34.00121 3.11333 194 194 194
1.14090 34.00564 3.14676 193 193 193
1.01949 33.99807 3.17902 191 191 191
0.89584 34.00159 3.20144 197 197 197
0.77130 33.99741 3.21866 198 198 198
0.64563 34.00086 3.22440 192 192 192
0.52048 33.99745 3.23622 196 196 196
0.39475 34.00132 3.23665 199 199 199
0.26914 33.99958 3.23312 192 192 192
0.14348 33.99763 3.22931 189 189 189
0.01882 33.99773 3.21336 194 194 194
-0.10544 34.00259 3.19575 192 192 192
-0.22859 34.00197 3.17196 193 193 193
-0.35050 34.00288 3.14301 201 201 201
-0.47364 34.00006 3.11844 197 197 197
-0.59367 33.99684 3.08199 190 190 190
-0.70977 33.99804 3.03447 203 203 203
-0.82810 34.00059 2.99333 194 194 194
-0.94467 34.00067 2.94714 197 197 197
-1.05429 33.99997 2.88619 192 192 192
-1.16637 33.99809 2.83044 189 189 189
-1.27516 33.99875 2.76848 194 194 194
-1.37940 34.00302 2.69920 190 190 190
-1.48309 33.99941 2.62916 191 191 191
-1.58042 33.99307 2.55057 187 187 187
-1.67725 34.00049 2.47160 193 193 193
-1.77154 34.00123 2.38959 182 182 182
-1.86258 33.99741 2.30393 188 188 188
-1.94894 34.00042 2.21357 185 185 185
-2.03325 34.00071 2.12125 180 180 180
-2.10992 33.99533 2.02250 189 189 189
-2.18950 33.99545 1.92597 186 186 186
-2.25767 33.99340 1.82110 185 185 185
-2.32833 34.00290 1.71790 189 189 189
-2.38541 33.99800 1.60652 181 181 181
-2.44308 33.99942 1.49586 180 180 180
-2.49881 33.99949 1.38419 187 187 187
-2.55227 33.99690 1.27126 182 182 182
-2.59816 33.99777 1.15501 171 171 171
-2.64307 34.00108 1.03820 180 180 180
-2.66983 34.00136 0.91573 178 178 178
-2.70697 33.99888 0.79635 170 170 170
-2.73327 33.99805 0.67415 172 172 172
-2.75377 33.99899 0.55087 172 172 172
-2.77370 33.99795 0.42744 170 170 170
-2.78627 34.00444 0.30302 175 175 175
-2.78831 33.99759 0.17796 164 164 164
-2.78777 34.00074 0.05313 178 178 178
-2.79298 34.00040 -0.07258 165 165 165
-2.78675 34.00138 -0.19817 166 166 166
-2.77789 34.00392 -0.32374 166 166 166
-2.75227 34.00175 -0.44711 173 173 173
-2.73325 33.99609 -0.57130 164 164 164
-2.71007 33.99746 -0.69492 155 155 155
-2.67632 33.99813 -0.81604 161 161 161
-2.63843 33.99981 -0.93583 156 156 156
-2.60154 34.00341 -1.05604 157 157 157
-2.55528 33.99976 -1.17293 157 157 157
-2.50043 33.99882 -1.28599 151 151 151
-2.45135 33.99785 -1.40174 155 155 155
-2.38378 34.00150 -1.50789 153 153 153
-2.32718 33.99950 -1.62006 155 155 155
-2.25793 34.00774 -1.72471 153 153 153
-2.18352 34.00233 -1.82563 157 157 157
-2.10850 33.99977 -1.92593 145 145 145
-2.02967 33.99844 -2.02327 154 154 154
-1.94668 34.00362 -2.11707 148 148 148
-1.86278 34.00229 -2.21022 156 156 156
-1.77678 34.00148 -2.30181 145 145 145
-1.67480 34.00048 -2.37575 149 149 149
-1.58098 34.00341 -2.45873 149 149 149
-1.48327 34.00084 -2.53728 156 156 156
-1.37797 34.00108 -2.60532 147 147 147
-1.27381 34.00183 -2.67490 144 144 144
-1.16486 34.00055 -2.73672 135 135 135
-1.05661 33.99612 -2.80004 147 147 147
-0.94201 33.99750 -2.85096 136 136 136
-0.82772 33.99562 -2.90229 139 139 139
-0.71345 33.99472 -2.95456 143 143 143
-0.59374 34.00353 -2.99255 141 141 141
-0.47343 33.99797 -3.02823 141 141 141
-0.35184 34.00283 -3.05929 141 141 141
-0.22856 34.00047 -3.08267 140 140 140
-0.10454 34.00417 -3.10109 136 136 136
0.01876 33.99967 -3.12493 139 139 139
0.14313 34.00131 -3.14485 143 143 143
0.26899 33.99673 -3.14801 134 134 134
0.39475 33.99941 -3.13924 134 134 134
0.51986 34.00348 -3.13152 144 144 144
0.64563 33.99822 -3.13551 139 139 139
0.77063 33.99910 -3.12400 142 142 142
0.89497 34.00114 -3.10693 137 137 137
1.01894 33.99931 -3.08713 141 141 141
1.14045 34.00105 -3.05558 142 142 142
1.26212 33.99826 -3.02538 138 138 138
1.38246 34.00171 -2.99015 136 136 136
1.49842 33.99644 -2.94228 140 140 140
1.61751 33.99917 -2.90299 138 138 138
1.73289 34.00079 -2.85394 145 145 145
1.84406 33.99949 -2.79601 147 147 147
1.95386 34.00327 -2.73582 146 146 146
2.06176 34.00495 -2.67236 141 141 141
2.16954 33.99830 -2.60841 148 148 148
2.27261 34.00189 -2.53707 151 151 151
2.37176 34.00333 -2.46035 141 141 141
2.46753 33.99866 -2.37953 141 141 141
2.56097 34.00029 -2.29607 145 145 145
2.65320 34.00085 -2.21115 142 142 142
2.74074 34.00193 -2.12128 143 143 143
2.82191 34.00284 -2.02561 147 147 147
2.90120 33.99455 -1.92845 150 150 150
2.97798 33.99659 -1.82923 150 150 150
3.05198 33.99923 -1.72775 152 152 152
3.11518 33.99842 -1.61914 148 148 148
3.17866 34.00046 -1.51090 153 153 153
3.23498 34.00054 -1.39875 154 154 154
3.28976 33.99852 -1.28591 158 158 158
3.34408 33.99447 -1.17264 158 158 158
3.38390 34.00307 -1.05341 158 158 158
3.42519 33.99827 -0.93494 155 155 155
3.46527 33.99547 -0.81589 161 161 161
3.49577 34.00124 -0.69400 156 156 156
3.51841 33.99626 -0.57044 160 160 160
3.53565 34.00199 -0.44614 163 163 163
3.56100 34.00139 -0.32298 160 160 160
3.57130 33.99898 -0.19778 162 162 162
3.57741 34.00332 -0.07238 167 167 167
3.57506 34.40270 0.05375 168 168 168
3.57260 34.39858 0.17851 167 167 167
3.57094 34.39911 0.30353 173 173 173
3.55441 34.39942 0.42743 170 170 170
3.53392 34.40058 0.55055 174 174 174
3.52121 34.39603 0.67514 182 182 182
3.48756 34.40305 0.79566 176 176 176
3.46482 34.39563 0.91887 177 177 177
3.42307 34.39873 1.03685 175 175 175
3.38001 34.39823 1.15407 182 182 182
3.33208 34.39980 1.26929 181 181 181
3.28687 34.40023 1.38573 177 177 177
3.23631 34.39829 1.50013 176 176 176
3.17861 34.39913 1.61114 184 184 184
3.11015 34.39976 1.71592 183 183 183
3.04197 34.40100 1.82053 184 184 184
2.97221 34.40047 1.92415 189 189 189
2.89564 34.39716 2.02285 180 180 180
2.81903 34.39940 2.12162 194 194 194
2.73812 34.39770 2.21706 184 184 184
2.64969 34.39895 2.30560 185 185 185
2.55811 34.39717 2.39076 184 184 184
2.46277 34.40066 2.47158 189 189 189
2.36861 34.39973 2.55388 193 193 193
2.26700 34.40241 2.62682 183 183 183
2.16419 34.40184 2.69789 196 196 196
2.06058 34.40122 2.76802 188 188 188
1.95359 34.40252 2.83309 194 194 194
1.84247 34.39949 2.89092 194 194 194
1.72863 34.39729 2.94315 199 199 199
1.61450 34.39976 2.99471 197 197 197
1.49883 34.40014 3.04313 188 188 188
1.37947 34.40176 3.08170 196 196 196
1.26016 34.40374 3.12055 202 202 202
1.13730 34.40035 3.14647 191 191 191
1.01576 34.39725 3.17788 196 196 196
0.89142 34.39733 3.19545 190 190 190
0.76817 34.39848 3.22127 199 199 199
0.64315 34.39927 3.23616 197 197 197
0.51695 34.39705 3.23230 193 193 193
0.39141 34.40117 3.24201 198 198 198
0.26613 34.40164 3.22554 195 195 195
0.14028 34.40003 3.22845 198 198 198
0.01591 34.40536 3.21058 191 191 191
-0.10861 34.39908 3.19555 196 196 196
-0.23205 34.39844 3.17341 195 195 195
-0.35498 34.39953 3.14854 195 195 195
-0.47717 34.39776 3.11992 203 203 203
-0.59643 34.40264 3.08102 192 192 192
-0.71669 34.39933 3.04497 193 193 193
-0.82986 34.40023 2.99032 196 196 196
-0.94530 34.40068 2.94203 186 186 186
-1.05800 34.40082 2.88769 190 190 190
-1.16959 34.40060 2.83099 186 186 186
-1.27737 34.39849 2.76739 191 191 191
-1.38430 34.39414 2.70228 192 192 192
-1.48432 34.39870 2.62701 196 196 196
-1.58295 34.39894 2.55028 187 187 187
-1.68138 34.39970 2.47325 188 188 188
-1.77653 34.40184 2.39210 182 182 182
-1.86401 34.39999 2.30274 184 184 184
-1.95065 34.40096 2.21277 181 181 181
-2.03437 34.40169 2.12005 184 184 184
-2.10744 34.39944 2.01861 185 185 185
-2.19049 34.40027 1.92495 184 184 184
-2.26348 34.39957 1.82343 187 187 187
-2.32684 34.40108 1.71562 181 181 181
-2.38965 34.40066 1.60770 183 183 183
-2.44802 34.39999 1.49734 182 182 182
-2.51102 34.39805 1.38895 176 176 176
-2.56215 34.39721 1.27463 171 171 171
-2.60337 34.40304 1.15635 180 180 180
-2.64459 34.39767 1.03826 179 179 179
-2.67645 34.39972 0.91730 169 169 169
-2.71063 34.40536 0.79707 173 173 173
-2.73631 34.40197 0.67473 170 170 170
-2.75624 34.39454 0.55137 175 175 175
-2.76544 34.39693 0.42670 173 173 173
-2.79274 34.40226 0.30389 173 173 173
-2.79946 34.40058 0.17889 169 169 169
-2.80293 34.39944 0.05375 166 166 166
-2.79132 34.40177 -0.07175 165 165 165
-2.78864 34.39810 -0.19742 165 165 165
-2.77840 34.40520 -0.32276 170 170 170
-2.75897 34.39950 -0.44699 164 164 164
-2.73102 34.39781 -0.56954 161 161 161
-2.70496 34.39625 -0.69223 160 160 160
-2.67498 34.40242 -0.81406 162 162 162
-2.64144 34.39958 -0.93505 162 162 162
-2.59889 34.39896 -1.05316 162 162 162
-2.55989 34.40206 -1.17277 159 159 159
-2.50914 34.39989 -1.28778 150 150 150
-2.45036 34.39795 -1.39885 159 159 159
-2.38795 34.39611 -1.50766 144 144 144
-2.32920 34.39564 -1.61856 149 149 149
-2.26398 34.40376 -1.72582 150 150 150
-2.19075 34.40007 -1.82775 146 146 146
-2.11356 34.39464 -1.92659 147 147 147
-2.04024 34.40044 -2.02874 148 148 148
-1.94957 34.40242 -2.11595 155 155 155
-1.86843 34.39735 -2.21182 150 150 150
-1.77320 34.40130 -2.29363 144 144 144
-1.68413 34.39923 -2.38206 148 148 148
-1.58413 34.40086 -2.45778 148 148 148
-1.48469 34.39729 -2.53393 140 140 140
-1.37986 34.40132 -2.60244 145 145 145
-1.27665 34.40037 -2.67340 140 140 140
-1.17004 34.40217 -2.73931 141 141 141
-1.05827 34.39811 -2.79606 145 145 145
-0.94522 34.40393 -2.84999 142 142 142
-0.83107 34.40107 -2.90163 133 133 133
-0.71530 34.39807 -2.94986 143 143 143
-0.59609 34.39952 -2.98884 141 141 141
-0.47569 34.39651 -3.02374 144 144 144
-0.35563 34.40128 -3.06048 138 138 138
-0.23218 34.39908 -3.08343 143 143 143
-0.10897 34.40333 -3.10730 140 140 140
0.01570 34.40071 -3.12194 137 137 137
0.14004 34.40176 -3.14106 141 141 141
0.26588 34.40342 -3.14173 142 142 142
0.39141 34.39870 -3.14811 139 139 139
0.51690 34.40128 -3.14075 143 143 143
0.64200 34.40255 -3.13122 141 141 141
0.76732 34.40305 -3.12363 138 138 138
0.89114 34.40029 -3.10318 140 140 140
1.01630 34.39520 -3.08998 136 136 136
1.13616 34.40250 -3.05098 136 136 136
1.25763 34.40000 -3.02065 147 147 147
1.37962 34.39822 -2.99102 135 135 135
1.49556 34.40163 -2.94291 140 140 140
1.61502 34.39636 -2.90436 145 145 145
1.72754 34.39843 -2.84890 148 148 148
1.84164 34.39988 -2.79713 143 143 143
1.95357 34.40004 -2.74059 142 142 142
2.06326 34.40003 -2.67958 144 144 144
2.16312 34.39587 -2.60311 143 143 143
2.26975 34.40355 -2.53702 151 151 151
2.36738 34.39775 -2.45833 145 145 145
2.46621 34.39833 -2.38119 144 144 144
2.55700 34.40407 -2.29469 145 145 145
2.64597 34.39915 -2.20654 150 150 150
2.73550 34.40222 -2.11883 149 149 149
2.81960 34.40146 -2.02579 147 147 147
2.89873 34.40112 -1.92844 152 152 152
2.96814 34.40231 -1.82381 154 154 154
3.04934 34.39864 -1.72752 152 152 152
3.10937 34.39771 -1.61693 159 159 159
3.17653 34.40199 -1.51088 148 148 148
3.23446 34.39946 -1.39950 149 149 149
3.28782 34.39918 -1.28587 150 150 150
3.34296 34.39920 -1.17288 152 152 152
3.38612 34.40031 -1.05478 159 159 159
3.42027 34.39749 -0.93376 155 155 155
3.46069 34.39825 -0.81487 163 163 163
3.49556 34.39873 -0.69409 165 165 165
3.52201 34.40122 -0.57116 161 161 161
3.54127 34.39841 -0.44691 160 160 160
3.55842 34.39838 -0.32243 162 162 162
3.57169 34.40788 -0.19744 159 159 159
3.57373 34.39786 -0.07173 162 162 162
3.57448 34.79669 0.05437 165 165 165
3.57414 34.79765 0.17934 172 172 172
3.56331 34.79582 0.30384 173 173 173
3.55570 34.80041 0.42864 173 173 173
3.53666 34.79795 0.55219 173 173 173
3.51507 34.79681 0.67527 175 175 175
3.49194 34.79874 0.79821 176 176 176
3.45333 34.79645 0.91728 172 172 172
3.42058 34.80252 1.03785 179 179 179
3.37901 34.79754 1.15567 183 183 183
3.33101 34.79556 1.27097 176 176 176
3.28863 34.80076 1.38885 176 176 176
3.23067 34.79838 1.49973 182 182 182
3.16901 34.80204 1.60843 180 180 180
3.10755 34.79843 1.71718 177 177 177
3.04307 34.79764 1.82433 183 183 183
2.97030 34.79684 1.92603 176 176 176
2.88919 34.79967 2.02126 177 177 177
2.81514 34.80272 2.12203 182 182 182
2.73527 34.79964 2.21842 187 187 187
2.64619 34.79681 2.30637 188 188 188
2.55355 34.80248 2.39039 191 191 191
2.46369 34.80234 2.47755 194 194 194
2.36664 34.79963 2.55663 196 196 196
2.26282 34.79661 2.62669 197 197 197
2.16178 34.79863 2.70035 193 193 193
2.05607 34.80345 2.76722 190 190 190
1.94822 34.80133 2.83062 188 188 188
1.83804 34.80006 2.88996 190 190 190
1.72714 34.79646 2.94838 196 196 196
1.61000 34.79705 2.99319 197 197 197
1.49417 34.80076 3.04092 190 190 190
1.37607 34.80062 3.08295 198 198 198
1.25614 34.80159 3.11969 191 191 191
1.13345 34.80041 3.14603 194 194 194
1.01078 34.80285 3.17150 189 189 189
0.88815 34.80200 3.19806 197 197 197
0.76418 34.79917 3.21828 205 205 205
0.63868 34.79977 3.22516 191 191 191
0.51345 34.79785 3.23406 195 195 195
0.38787 34.79833 3.24221 195 195 195
0.26245 34.79891 3.22997 193 193 193
0.13695 34.80285 3.22662 196 196 196
0.01194 34.79915 3.21508 195 195 195
-0.11345 34.80259 3.20460 196 196 196
-0.23580 34.79798 3.17536 191 191 191
-0.35830 34.79805 3.14849 197 197 197
-0.47759 34.79524 3.10971 197 197 197
-0.59906 34.80480 3.07906 192 192 192
-0.71989 34.79691 3.04488 193 193 193
-0.83527 34.79988 2.99564 197 197 197
-0.94992 34.80360 2.94518 188 188 188
-1.06177 34.80267 2.88894 188 188 188
-1.17310 34.79710 2.83174 192 192 192
-1.28125 34.79893 2.76873 196 196 196
-1.38353 34.79936 2.69661 195 195 195
-1.49350 34.79952 2.63553 190 190 190
-1.58678 34.79873 2.55140 189 189 189
-1.68268 34.80062 2.47138 192 192 192
-1.77786 34.80057 2.39045 183 183 183
-1.86723 34.79742 2.30315 186 186 186
-1.95428 34.80045 2.21357 189 189 189
-2.03627 34.79947 2.11936 181 181 181
-2.12041 34.80421 2.02675 188 188 188
-2.19005 34.79778 1.92276 189 189 189
-2.26326 34.79796 1.82161 181 181 181
-2.33313 34.79858 1.71799 178 178 178
-2.39406 34.80029 1.60887 184 184 184
-2.45401 34.79670 1.49926 176 176 176
-2.50283 34.79971 1.38421 180 180 180
-2.55528 34.80026 1.27098 182 182 182
-2.60389 34.80047 1.15590 174 174 174
-2.64291 34.80408 1.03722 175 175 175
-2.68107 34.79749 0.91826 186 186 186
-2.71354 34.79626 0.79757 170 170 170
-2.73401 34.80389 0.67421 178 178 178
-2.75624 34.80290 0.55145 171 171 171
-2.77615 34.79661 0.42819 168 168 168
-2.78939 34.79604 0.30399 169 169 169
-2.79960 34.79980 0.17939 168 168 168
-2.80641 34.79667 0.05438 171 171 171
-2.79955 34.80176 -0.07130 176 176 176
-2.79530 34.80003 -0.19703 154 154 154
-2.77795 34.79981 -0.32164 166 166 166
-2.76120 34.80150 -0.44613 161 161 161
-2.73900 34.80330 -0.56976 162 162 162
-2.71696 34.79679 -0.69359 156 156 156
-2.67942 34.80160 -0.81364 162 162 162
-2.64617 34.80089 -0.93476 151 151 151
-2.60410 34.79966 -1.05309 159 159 159
-2.55989 34.80149 -1.17062 163 163 163
-2.51493 34.80315 -1.28813 152 152 152
-2.45212 34.79937 -1.39724 152 152 152
-2.40075 34.79810 -1.51214 152 152 152
-2.33535 34.79903 -1.61944 152 152 152
-2.26899 34.80163 -1.72610 154 154 154
-2.19388 34.80198 -1.82674 152 152 152
-2.11297 34.80403 -1.92262 148 148 148
-2.03363 34.79801 -2.01935 151 151 151
-1.95792 34.80297 -2.11968 146 146 146
-1.86941 34.80267 -2.20855 150 150 150
-1.78346 34.79947 -2.30018 145 145 145
-1.68801 34.80011 -2.38174 150 150 150
-1.59062 34.79838 -2.46082 149 149 149
-1.48862 34.79740 -2.53376 145 145 145
-1.38622 34.80448 -2.60596 144 144 144
-1.28317 34.79934 -2.67755 145 145 145
-1.17231 34.79597 -2.73633 143 143 143
-1.06136 34.80038 -2.79447 141 141 141
-0.94718 34.79919 -2.84586 143 143 143
-0.83499 34.79966 -2.90186 139 139 139
-0.72102 34.79883 -2.95507 138 138 138
-0.59929 34.80300 -2.98710 138 138 138
-0.47977 34.80090 -3.02500 142 142 142
-0.35940 34.79770 -3.06080 148 148 148
-0.23621 34.80091 -3.08527 137 137 137
-0.11258 34.79980 -3.10709 131 131 131
0.01116 34.79820 -3.12973 138 138 138
0.13696 34.80139 -3.13468 140 140 140
0.26236 34.79916 -3.14045 132 132 132
0.38787 34.80078 -3.14492 140 140 140
0.51353 34.79703 -3.14423 137 137 137
0.63936 34.79935 -3.14193 142 142 142
0.76344 34.80150 -3.12009 136 136 136
0.88809 34.80282 -3.10565 140 140 140
1.01201 34.79870 -3.08554 145 145 145
1.13544 34.79807 -3.06201 144 144 144
1.25660 34.79827 -3.02886 142 142 142
1.37506 34.79566 -2.98718 144 144 144
1.49396 34.80021 -2.94747 136 136 136
1.61155 34.79675 -2.90384 142 142 142
1.72715 34.80301 -2.85503 145 145 145
1.84097 34.80221 -2.80206 137 137 137
1.95144 34.79971 -2.74238 138 138 138
2.05533 34.80011 -2.67171 152 152 152
2.16464 34.79956 -2.60996 148 148 148
2.26377 34.80220 -2.53295 146 146 146
2.36366 34.80104 -2.45739 147 147 147
2.46106 34.80043 -2.37859 145 145 145
2.55211 34.80052 -2.29251 152 152 152
2.64791 34.79734 -2.21130 147 147 147
2.72943 34.80232 -2.11577 141 141 141
2.81143 34.80149 -2.02111 150 150 150
2.89698 34.79710 -1.92913 159 159 159
2.97182 34.79707 -1.82834 154 154 154
3.03909 34.79690 -1.72233 154 154 154
3.10972 34.80256 -1.61860 150 150 150
3.16836 34.80006 -1.50758 159 159 159
3.23116 34.80000 -1.39892 153 153 153
3.28450 34.80061 -1.28528 156 156 156
3.33046 34.79871 -1.16848 156 156 156
3.38164 34.80125 -1.05375 149 149 149
3.42166 34.79575 -0.93468 158 158 158
3.45815 34.80064 -0.81448 158 158 158
3.49391 34.79705 -0.69388 167 167 167
3.50916 34.80261 -0.56865 159 159 159
3.53787 34.79828 -0.44628 166 166 166
3.55644 34.80319 -0.32197 166 166 166
3.56951 34.80258 -0.19691 161 161 161
3.57488 34.80105 -0.07129 166 166 166
3.56628 35.19884 0.05500 169 169 169
3.56766 35.19991 0.17986 167 167 167
3.56080 35.20112 0.30457 170 170 170
3.55257 35.19816 0.42935 166 166 166
3.53219 35.20175 0.55271 177 177 177
3.51068 35.19621 0.67579 165 165 165
3.49041 35.20254 0.79939 178 178 178
3.45203 35.19473 0.91862 181 181 181
3.42026 35.20058 1.03962 172 172 172
3.37890 35.19987 1.15767 180 180 180
3.33421 35.19824 1.27452 178 178 178
3.27512 35.20315 1.38502 184 184 184
3.22821 35.20223 1.50107 186 186 186
3.16845 35.20168 1.61089 178 178 178
3.09928 35.19923 1.71509 178 178 178
3.03508 35.19927 1.82219 186 186 186
2.96079 35.20057 1.92255 180 180 180
2.89071 35.20084 2.02612 189 189 189
2.81268 35.20398 2.12385 191 191 191
2.72647 35.20244 2.21447 192 192 192
2.64288 35.20235 2.30754 192 192 192
2.54863 35.19959 2.38986 189 189 189
2.46169 35.20135 2.48034 194 194 194
2.36153 35.20040 2.55565 189 189 189
2.26327 35.20175 2.63324 190 190 190
2.15586 35.20136 2.69787 190 190 190
2.05219 35.19717 2.76779 197 197 197
1.94607 35.20316 2.83426 194 194 194
1.83444 35.19852 2.89107 196 196 196
1.72166 35.19820 2.94544 199 199 199
1.60731 35.19880 2.99657 201 201 201
1.49175 35.19684 3.04533 191 191 191
1.37216 35.19730 3.08327 190 190 190
1.25058 35.19880 3.11408 194 194 194
1.13121 35.20098 3.15314 192 192 192
1.00857 35.19887 3.18008 188 188 188
0.88452 35.20068 3.19962 196 196 196
0.75965 35.19783 3.21247 194 194 194
0.63591 35.20129 3.23835 191 191 191
0.50970 35.19568 3.23455 196 196 196
0.38414 35.20324 3.23851 203 203 203
0.25869 35.20074 3.23157 195 195 195
0.13302 35.20228 3.23004 200 200 200
0.00796 35.19774 3.21808 196 196 196
-0.11656 35.19864 3.20156 198 198 198
-0.23853 35.19872 3.17117 195 195 195
-0.36260 35.19869 3.15173 195 195 195
-0.48246 35.19847 3.11462 193 193 193
-0.60494 35.20087 3.08652 196 196 196
-0.72124 35.20102 3.03926 196 196 196
-0.83970 35.19698 2.99817 200 200 200
-0.95258 35.19626 2.94368 192 192 192
-1.06484 35.20128 2.88845 195 195 195
-1.17630 35.20045 2.83158 188 188 188
-1.28426 35.19942 2.76834 188 188 188
-1.39031 35.20069 2.70194 196 196 196
-1.48926 35.19729 2.62533 188 188 188
-1.59129 35.19942 2.55316 185 185 185
-1.68737 35.19953 2.47326 185 185 185
-1.78375 35.19771 2.39353 190 190 190
-1.87133 35.19815 2.30425 175 175 175
-1.95940 35.20652 2.21559 186 186 186
-2.04129 35.19762 2.12119 187 187 187
-2.11890 35.20271 2.02333 190 190 190
-2.19791 35.19812 1.92647 191 191 191
-2.27251 35.20055 1.82600 183 183 183
-2.33777 35.20076 1.71924 179 179 179
-2.39874 35.19954 1.61009 184 184 184
-2.45881 35.20310 1.50049 178 178 178
-2.50901 35.20491 1.38601 181 181 181
-2.56359 35.20120 1.27355 178 178 178
-2.60830 35.20116 1.15681 176 176 176
-2.64512 35.20114 1.03738 170 170 170
-2.67999 35.20115 0.91756 177 177 177
-2.71179 35.19538 0.79690 171 171 171
-2.74214 35.19700 0.67573 164 164 164
-2.76541 35.20020 0.55295 172 172 172
-2.77794 35.20030 0.42860 159 159 159
-2.79362 35.20163 0.30466 167 167 167
-2.80289 35.19722 0.18000 170 170 170
-2.80592 35.19958 0.05500 167 167 167
-2.80169 35.19868 -0.07061 166 166 166
-2.79731 35.19490 -0.19625 158 158 158
-2.77990 35.20016 -0.32078 166 166 166
-2.76551 35.20005 -0.44557 159 159 159
-2.73773 35.20083 -0.56810 161 161 161
-2.71602 35.20133 -0.69180 159 159 159
-2.68649 35.20674 -0.81390 162 162 162
-2.65392 35.20299 -0.93538 158 158 158
-2.60712 35.20042 -1.05213 159 159 159
-2.56862 35.20236 -1.17199 160 160 160
-2.50767 35.19516 -1.28235 150 150 150
-2.45578 35.19984 -1.39649 158 158 158
-2.40108 35.19659 -1.50952 151 151 151
-2.33926 35.19578 -1.61883 157 157 157
-2.26445 35.20148 -1.71984 153 153 153
-2.19676 35.20276 -1.82540 157 157 157
-2.11819 35.20135 -1.92306 147 147 147
-2.04324 35.19464 -2.02365 150 150 150
-1.95991 35.20448 -2.11734 149 149 149
-1.87303 35.19955 -2.20771 154 154 154
-1.78244 35.20207 -2.29431 143 143 143
-1.69144 35.19957 -2.38066 150 150 150
-1.59040 35.20070 -2.45507 145 145 145
-1.49340 35.19773 -2.53447 145 145 145
-1.38957 35.20244 -2.60465 149 149 149
-1.28546 35.20186 -2.67446 151 151 151
-1.17638 35.20077 -2.73622 142 142 142
-1.06913 35.20378 -2.80168 140 140 140
-0.95550 35.19742 -2.85511 144 144 144
-0.83831 35.20184 -2.90016 150 150 150
-0.72098 35.20061 -2.94413 143 143 143
-0.60549 35.19665 -2.99400 142 142 142
-0.48372 35.19973 -3.02508 133 133 133
-0.36100 35.19908 -3.05124 139 139 139
-0.23992 35.19909 -3.08444 145 145 145
-0.11522 35.20369 -3.09949 140 140 140
0.00891 35.20005 -3.11657 140 140 140
0.13309 35.20041 -3.13567 141 141 141
0.25862 35.19990 -3.14009 139 139 139
0.38414 35.19881 -3.14525 133 133 133
0.50963 35.19857 -3.13960 142 142 142
0.63474 35.20345 -3.13006 140 140 140
0.76014 35.19615 -3.12318 142 142 142
0.88366 35.20275 -3.10060 143 143 143
1.00745 35.20130 -3.08072 139 139 139
1.13308 35.19679 -3.06711 134 134 134
1.25306 35.20085 -3.02887 141 141 141
1.37203 35.19723 -2.98868 138 138 138
1.48968 35.19898 -2.94530 143 143 143
1.60712 35.20776 -2.90146 145 145 145
1.72046 35.19759 -2.84792 144 144 144
1.83553 35.19760 -2.79800 141 141 141
1.94571 35.19639 -2.73811 141 141 141
2.05289 35.19595 -2.67309 145 145 145
2.16174 35.20061 -2.61049 145 145 145
2.26098 35.19911 -2.53352 140 140 140
2.36337 35.20407 -2.46103 146 146 146
2.45874 35.19980 -2.37952 141 141 141
2.55122 35.20005 -2.29486 136 136 136
2.63904 35.19838 -2.20545 150 150 150
2.72931 35.20036 -2.11838 145 145 145
2.80851 35.20135 -2.02108 153 153 153
2.88808 35.19892 -1.92434 146 146 146
2.96374 35.19573 -1.82446 151 151 151
3.03880 35.20170 -1.72391 149 149 149
3.11234 35.19905 -1.62178 155 155 155
3.17061 35.20233 -1.51022 155 155 155
3.22918 35.20089 -1.39910 152 152 152
3.28612 35.20252 -1.28705 158 158 158
3.33757 35.20077 -1.17227 156 156 156
3.36990 35.19976 -1.05010 158 158 158
3.41522 35.20036 -0.93312 162 162 162
3.45015 35.19961 -0.81260 153 153 153
3.48113 35.19953 -0.69104 164 164 164
3.51587 35.19963 -0.57006 162 162 162
3.53346 35.19803 -0.44551 165 165 165
3.55436 35.20200 -0.32151 162 162 162
3.56281 35.19996 -0.19603 161 161 161
3.56795 35.20259 -0.07053 160 160 160
3.57738 35.60043 0.05563 167 167 167
3.57170 35.59954 0.18081 172 172 172
3.55760 35.60233 0.30526 176 176 176
3.54669 35.59582 0.42976 172 172 172
3.53684 35.60162 0.55472 176 176 176
3.50643 35.60240 0.67637 172 172 172
3.48263 35.60072 0.79912 181 181 181
3.44870 35.59975 0.91945 178 178 178
3.41920 35.60269 1.04122 180 180 180
3.37711 35.60306 1.15913 174 174 174
3.33436 35.60381 1.27689 181 181 181
3.27293 35.60125 1.38650 183 183 183
3.22330 35.59946 1.50126 182 182 182
3.15758 35.60042 1.60771 179 179 179
3.10100 35.59449 1.71926 190 190 190
3.03339 35.60278 1.82440 181 181 181
2.97019 35.60047 1.93296 180 180 180
2.88298 35.59949 2.02386 186 186 186
2.80788 35.59698 2.12385 182 182 182
2.72905 35.60017 2.22124 189 189 189
2.63341 35.59587 2.30275 184 184 184
2.54456 35.59937 2.39048 183 183 183
2.45403 35.59750 2.47675 195 195 195
2.35813 35.59990 2.55711 193 193 193
2.25358 35.60110 2.62611 193 193 193
2.15595 35.60071 2.70471 183 183 183
2.04846 35.60531 2.76893 194 194 194
1.94112 35.60238 2.83328 188 188 188
1.82898 35.59948 2.88891 192 192 192
1.71692 35.60011 2.94453 187 187 187
1.60338 35.59907 2.99745 196 196 196
1.48795 35.59948 3.04655 198 198 198
1.36717 35.59975 3.08091 198 198 198
1.24799 35.60087 3.11974 194 194 194
1.12596 35.60367 3.14856 189 189 189
1.00307 35.60156 3.17312 196 196 196
0.88043 35.60122 3.19953 191 191 191
0.75614 35.60080 3.21702 197 197 197
0.63136 35.59927 3.23155 195 195 195
0.50593 35.60585 3.23985 189 189 189
0.38020 35.60067 3.24181 205 205 205
0.25460 35.59864 3.23672 194 194 194
0.12937 35.60761 3.22733 192 192 192
0.00445 35.60071 3.21542 203 203 203
-0.12029 35.60615 3.20122 187 187 187
-0.24362 35.60308 3.17791 192 192 192
-0.36587 35.59938 3.14987 207 207 207
-0.48729 35.59997 3.11869 195 195 195
-0.60762 35.59862 3.08354 200 200 200
-0.72728 35.60206 3.04584 195 195 195
-0.84135 35.60621 2.99352 191 191 191
-0.95624 35.60035 2.94393 185 185 185
-1.06871 35.59739 2.88917 188 188 188
-1.18347 35.59986 2.83820 195 195 195
-1.28667 35.60218 2.76668 184 184 184
-1.39481 35.60219 2.70360 191 191 191
-1.49641 35.59957 2.63055 196 196 196
-1.59491 35.59799 2.55354 196 196 196
-1.69464 35.60210 2.47794 190 190 190
-1.78523 35.60243 2.39164 194 194 194
-1.87590 35.59760 2.30565 185 185 185
-1.96583 35.59979 2.21864 184 184 184
-2.05089 35.60201 2.12677 184 184 184
-2.12551 35.60336 2.02617 178 178 178
-2.20081 35.59998 1.92644 185 185 185
-2.27634 35.59999 1.82664 179 179 179
-2.34057 35.59653 1.71925 182 182 182
-2.39921 35.59890 1.60884 178 178 178
-2.46615 35.60045 1.50292 179 179 179
-2.51825 35.60132 1.38914 177 177 177
-2.56993 35.59572 1.27522 175 175 175
-2.60902 35.59940 1.15630 172 172 172
-2.65213 35.60132 1.03905 180 180 180
-2.69320 35.60333 0.92083 183 183 183
-2.72044 35.60346 0.79869 173 173 173
-2.74915 35.59678 0.67699 169 169 169
-2.77044 35.59905 0.55377 167 167 167
-2.79133 35.60279 0.43036 175 175 175
-2.79880 35.59755 0.30539 170 170 170
-2.80323 35.59931 0.18049 163 163 163
-2.81003 35.59904 0.05563 166 166 166
-2.80952 35.59707 -0.07012 163 163 163
-2.80138 35.59701 -0.19562 162 162 162
-2.78672 35.59708 -0.32047 169 169 169
-2.77387 35.59907 -0.44561 155 155 155
-2.74376 35.59580 -0.56784 156 156 156
-2.72400 35.59911 -0.69209 161 161 161
-2.68892 35.59626 -0.81279 168 168 168
-2.65282 35.59854 -0.93305 156 156 156
-2.60858 35.59981 -1.05052 155 155 155
-2.56570 35.59898 -1.16844 155 155 155
-2.51911 35.60428 -1.28510 159 159 159
-2.46109 35.60379 -1.39647 159 159 159
-2.40242 35.60179 -1.50734 148 148 148
-2.33517 35.59801 -1.61319 154 154 154
-2.27463 35.59949 -1.72329 153 153 153
-2.19984 35.59846 -1.82404 156 156 156
-2.12572 35.60232 -1.92516 154 154 154
-2.04442 35.60062 -2.02055 152 152 152
-1.96161 35.59923 -2.11453 149 149 149
-1.87414 35.60124 -2.20414 149 149 149
-1.78594 35.59675 -2.29310 144 144 144
-1.69209 35.59974 -2.37608 150 150 150
-1.59979 35.59695 -2.46125 140 140 140
-1.49529 35.59754 -2.53093 148 148 148
-1.39543 35.60199 -2.60680 146 146 146
-1.28949 35.60335 -2.67390 142 142 142
-1.17877 35.59954 -2.73275 139 139 139
-1.06986 35.60163 -2.79467 141 141 141
-0.95607 35.60254 -2.84709 141 141 141
-0.84304 35.60049 -2.90138 142 142 142
-0.72591 35.59788 -2.94615 139 139 139
-0.60805 35.60507 -2.98910 140 140 140
-0.48868 35.60565 -3.02804 137 137 137
-0.36513 35.60066 -3.05138 145 145 145
-0.24276 35.60294 -3.07829 135 135 135
-0.12072 35.60163 -3.10874 140 140 140
0.00426 35.59795 -3.12200 137 137 137
0.12877 35.60002 -3.14001 142 142 142
0.25458 35.59874 -3.14201 142 142 142
0.38020 35.60090 -3.13979 143 143 143
0.50583 35.59836 -3.14227 145 145 145
0.63104 35.60215 -3.13247 138 138 138
0.75615 35.59904 -3.12199 141 141 141
0.88064 35.59508 -3.10567 139 139 139
1.00458 35.59922 -3.08539 142 142 142
1.12574 35.59893 -3.05223 133 133 133
1.24805 35.59924 -3.02438 144 144 144
1.36756 35.60092 -2.98634 143 143 143
1.48349 35.60230 -2.93850 138 138 138
1.60582 35.60013 -2.90712 138 138 138
1.71672 35.59648 -2.84763 142 142 142
1.82844 35.59965 -2.79109 142 142 142
1.94011 35.59552 -2.73442 144 144 144
2.04886 35.59993 -2.67220 137 137 137
2.15278 35.60062 -2.60223 142 142 142
2.25798 35.59630 -2.53407 142 142 142
2.35497 35.60406 -2.45463 154 154 154
2.45196 35.60394 -2.37544 138 138 138
2.54499 35.60135 -2.29164 152 152 152
2.63475 35.59954 -2.20435 155 155 155
2.72552 35.59823 -2.11777 151 151 151
2.81051 35.59713 -2.02541 147 147 147
2.88960 35.60334 -1.92790 153 153 153
2.96348 35.60023 -1.82639 144 144 144
3.03173 35.59917 -1.72108 158 158 158
3.10340 35.59940 -1.61798 152 152 152
3.16538 35.59876 -1.50877 149 149 149
3.21706 35.59964 -1.39421 161 161 161
3.28129 35.60371 -1.28592 158 158 158
3.32759 35.59978 -1.16906 152 152 152
3.36806 35.60170 -1.05018 155 155 155
3.40871 35.60077 -0.93158 162 162 162
3.45369 35.60292 -0.81402 158 158 158
3.48578 35.59746 -0.69242 165 165 165
3.50760 35.60252 -0.56853 156 156 156
3.52620 35.59918 -0.44433 172 172 172
3.54851 35.60256 -0.32063 164 164 164
3.56083 35.60078 -0.19554 170 170 170
3.56707 35.59962 -0.07001 166 166 166
3.56603 35.99668 0.05625 175 175 175
3.56547 36.00166 0.18135 171 171 171
3.55326 35.99844 0.30588 171 171 171
3.54223 35.99961 0.43036 171 171 171
3.53054 35.99845 0.55502 162 162 162
3.50770 36.00152 0.67810 173 173 173
3.47901 35.99920 0.79989 174 174 174
3.44282 36.00346 0.91962 174 174 174
3.41011 35.99930 1.04027 173 173 173
3.36810 36.00079 1.15800 173 173 173
3.32357 36.00628 1.27481 186 186 186
3.27827 35.99572 1.39156 179 179 179
3.22027 35.99833 1.50251 181 181 181
3.15723 36.00082 1.61053 180 180 180
3.10096 36.00133 1.72248 185 185 185
3.02461 35.99679 1.82201 180 180 180
2.96235 35.99984 1.93099 188 188 188
2.88292 36.00158 2.02780 182 182 182
2.80668 36.00120 2.12710 187 187 187
2.72171 35.99833 2.21902 190 190 190
2.63516 36.00114 2.30939 194 194 194
2.53755 35.99990 2.38813 190 190 190
2.45030 36.00126 2.47800 185 185 185
2.35063 36.00093 2.55364 194 194 194
2.25334 35.99712 2.63226 191 191 191
2.15019 35.99610 2.70308 185 185 185
2.04763 35.99964 2.77516 192 192 192
1.93936 35.99957 2.83834 192 192 192
1.82359 35.99850 2.88728 196 196 196
1.71511 35.99752 2.95044 192 192 192
1.60015 35.99924 3.00050 193 193 193
1.48216 35.99645 3.04295 187 187 187
1.36316 36.00047 3.08218 197 197 197
1.24326 36.00155 3.11853 200 200 200
1.12287 36.00160 3.15381 201 201 201
1.00036 36.00011 3.18118 199 199 199
0.87603 35.99727 3.19880 190 190 190
0.75131 35.99593 3.21204 195 195 195
0.62650 35.99891 3.22311 202 202 202
0.50150 35.99643 3.23307 193 193 193
0.37608 36.00111 3.23774 190 190 190
0.25071 36.00025 3.23153 197 197 197
0.12494 35.99869 3.23218 193 193 193
-0.00026 35.99915 3.22132 199 199 199
-0.12504 36.00180 3.20613 203 203 203
-0.24849 35.99848 3.18260 203 203 203
-0.37092 36.00001 3.15469 190 190 190
-0.49304 36.00015 3.12539 185 185 185
-0.61100 35.99752 3.08216 200 200 200
-0.72830 36.00094 3.03832 192 192 192
-0.84622 35.99482 2.99621 187 187 187
-0.96122 35.99410 2.94668 190 190 190
-1.07505 35.99836 2.89438 193 193 193
-1.18677 35.99861 2.83757 197 197 197
-1.29592 35.99721 2.77588 192 192 192
-1.39592 35.99848 2.69991 195 195 195
-1.50109 36.00420 2.63214 184 184 184
-1.59686 36.00088 2.55159 193 193 193
-1.69777 35.99729 2.47757 190 190 190
-1.79248 36.00170 2.39580 186 186 186
-1.87880 35.99934 2.30518 184 184 184
-1.96745 36.00251 2.21708 181 181 181
-2.04526 36.00276 2.11918 177 177 177
-2.13627 35.99928 2.03214 188 188 188
-2.21052 36.00106 1.93122 184 184 184
-2.27401 35.99972 1.82305 188 188 188
-2.34912 36.00414 1.72267 183 183 183
-2.40717 36.00024 1.61169 177 177 177
-2.46919 36.00401 1.50306 181 181 181
-2.51912 35.99755 1.38833 173 173 173
-2.57641 36.00028 1.27688 175 175 175
-2.61658 36.00399 1.15824 177 177 177
-2.65975 35.99828 1.04085 178 178 178
-2.68764 36.00020 0.91876 177 177 177
-2.72357 36.00246 0.79910 177 177 177
-2.75319 36.00021 0.67763 172 172 172
-2.77678 35.99867 0.55476 170 170 170
-2.78991 35.99794 0.43034 167 167 167
-2.80614 35.99973 0.30628 168 168 168
-2.81368 36.00282 0.18137 166 166 166
-2.81747 36.00144 0.05625 167 167 167
-2.80889 36.00287 -0.06930 166 166 166
-2.80675 35.99733 -0.19507 171 171 171
-2.78795 35.99961 -0.31947 166 166 166
-2.77169 36.00136 -0.44394 165 165 165
-2.74597 36.00217 -0.56679 158 158 158
-2.72831 36.00270 -0.69145 162 162 162
-2.68883 36.00085 -0.81091 161 161 161
-2.65994 35.99735 -0.93332 160 160 160
-2.61378 36.00144 -1.05021 158 158 158
-2.56805 36.00304 -1.16699 162 162 162
-2.51549 36.00189 -1.28081 153 153 153
-2.46978 35.99947 -1.39807 160 160 160
-2.40589 35.99936 -1.50624 154 154 154
-2.34317 35.99831 -1.61482 150 150 150
-2.27530 35.99962 -1.72023 150 150 150
-2.20131 36.00114 -1.82137 153 153 153
-2.12596 36.00230 -1.92134 149 149 149
-2.05151 36.00229 -2.02233 153 153 153
-1.96694 35.99855 -2.11489 152 152 152
-1.88269 35.99769 -2.20781 150 150 150
-1.79450 36.00314 -2.29715 146 146 146
-1.69396 36.00003 -2.37269 143 143 143
-1.59756 36.00270 -2.45244 146 146 146
-1.50446 35.99795 -2.53713 145 145 145
-1.39914 35.99934 -2.60544 146 146 146
-1.29103 35.99968 -2.66893 143 143 143
-1.18514 35.99755 -2.73601 147 147 147
-1.07655 35.99812 -2.79898 145 145 145
-0.96253 35.99873 -2.85144 142 142 142
-0.84695 35.99777 -2.90014 144 144 144
-0.72939 35.99964 -2.94370 139 139 139
-0.61247 35.99872 -2.98929 140 140 140
-0.49237 36.00239 -3.02581 140 140 140
-0.36840 35.99731 -3.04714 150 150 150
-0.24884 35.99896 -3.08745 147 147 147
-0.12396 36.00453 -3.10248 139 139 139
0.00078 36.00102 -3.11582 141 141 141
0.12521 35.99866 -3.13215 139 139 139
0.25042 35.99928 -3.14235 133 133 133
0.37608 35.99723 -3.14345 141 141 141
0.50161 35.99716 -3.13913 137 137 137
0.62679 35.99893 -3.13018 138 138 138
0.75185 35.99978 -3.11986 139 139 139
0.87700 36.00351 -3.10810 140 140 140
0.99977 36.00355 -3.08130 144 144 144
1.12273 35.99659 -3.05617 140 140 140
1.24244 36.00363 -3.01840 148 148 148
1.36465 36.00302 -2.98937 139 139 139
1.48290 36.00201 -2.94738 141 141 141
1.59901 35.99810 -2.89991 140 140 140
1.71072 36.00517 -2.84285 148 148 148
1.82793 36.00052 -2.79745 141 141 141
1.93706 35.99587 -2.73560 151 151 151
2.04813 35.99640 -2.67702 146 146 146
2.15144 35.99852 -2.60567 144 144 144
2.25486 36.00294 -2.53471 135 135 135
2.35338 36.00315 -2.45709 145 145 145
2.45019 35.99963 -2.37746 148 148 148
2.54206 36.00287 -2.29218 141 141 141
2.63668 35.99789 -2.20965 146 146 146
2.72331 36.00090 -2.11879 150 150 150
2.80470 35.99659 -2.02322 150 150 150
2.88532 36.00003 -1.92702 145 145 145
2.95699 35.99824 -1.82393 157 157 157
3.02888 35.99837 -1.72119 149 149 149
3.09412 35.99734 -1.61408 152 152 152
3.16633 36.00207 -1.51088 151 151 151
3.21696 36.00195 -1.39554 155 155 155
3.27546 35.99950 -1.28441 154 154 154
3.32245 36.00006 -1.16792 153 153 153
3.36839 35.99973 -1.05111 149 149 149
3.41312 36.00201 -0.93366 159 159 159
3.44706 36.00017 -0.81262 162 162 162
3.47829 36.00595 -0.69093 168 168 168
3.50615 35.99853 -0.56839 163 163 163
3.52657 35.99828 -0.44438 162 162 162
3.54179 35.99726 -0.31967 164 164 164
3.55204 36.00288 -0.19453 163 163 163
3.56732 36.00089 -0.06955 169 169 169
3.56274 36.40105 0.05688 161 161 161
3.56102 36.40006 0.18198 167 167 167
3.54809 36.39976 0.30645 170 170 170
3.54063 36.40064 0.43132 172 172 172
3.52613 36.39772 0.55565 169 169 169
3.50078 36.40133 0.67823 175 175 175
3.47184 36.40140 0.79987 177 177 177
3.43940 36.40072 0.92053 170 170 170
3.40950 36.40225 1.04215 179 179 179
3.36524 36.40096 1.15922 175 175 175
3.31995 36.40095 1.27578 177 177 177
3.26752 36.40195 1.38928 183 183 183
3.21537 36.40087 1.50292 181 181 181
3.15585 36.40063 1.61288 188 188 188
3.09383 36.40146 1.72147 181 181 181
3.02881 36.39944 1.82843 186 186 186
2.95219 36.40686 1.92748 186 186 186
2.88365 36.40079 2.03252 184 184 184
2.80034 36.39709 2.12613 184 184 184
2.71622 36.40143 2.21871 185 185 185
2.62898 36.39557 2.30831 189 189 189
2.53700 36.39935 2.39300 189 189 189
2.44739 36.39724 2.48046 199 199 199
2.34910 36.39725 2.55798 183 183 183
2.24867 36.39869 2.63260 196 196 196
2.14604 36.39645 2.70418 190 190 190
2.04209 36.39755 2.77400 191 191 191
1.93295 36.40030 2.83548 188 188 188
1.82686 36.40386 2.90306 199 199 199
1.70979 36.39716 2.94915 191 191 191
1.59458 36.40032 2.99837 195 195 195
1.47853 36.39929 3.04573 191 191 191
1.35800 36.39893 3.08051 194 194 194
1.23907 36.39717 3.11993 197 197 197
1.11854 36.40100 3.15475 196 196 196
0.99541 36.40000 3.17897 196 196 196
0.87242 36.40539 3.20423 193 193 193
0.74758 36.39962 3.21805 197 197 197
0.62294 36.39884 3.23385 191 191 191
0.49723 36.40128 3.23532 187 187 187
0.37176 36.40136 3.23818 201 201 201
0.24616 36.40330 3.23862 191 191 191
0.12082 36.40480 3.23079 192 192 192
-0.00413 36.39607 3.21855 186 186 186
-0.12932 36.39868 3.20685 198 198 198
-0.25235 36.40537 3.18128 192 192 192
-0.37496 36.39985 3.15448 198 198 198
-0.49611 36.40254 3.12191 194 194 194
-0.61574 36.39819 3.08440 194 194 194
-0.73509 36.39882 3.04595 190 190 190
-0.85104 36.40364 2.99832 196 196 196
-0.96428 36.39814 2.94483 190 190 190
-1.07885 36.39682 2.89425 184 184 184
-1.18999 36.39677 2.83647 195 195 195
-1.30099 36.39957 2.77796 188 188 188
-1.40260 36.40298 2.70429 198 198 198
-1.50438 36.39876 2.63154 184 184 184
-1.60976 36.40085 2.56328 194 194 194
-1.69998 36.39952 2.47589 184 184 184
-1.79610 36.39833 2.39583 194 194 194
-1.88422 36.39842 2.30707 186 186 186
-1.97343 36.40073 2.21938 191 191 191
-2.05809 36.40015 2.12721 186 186 186
-2.13889 36.39892 2.03155 188 188 188
-2.21523 36.40284 1.93224 177 177 177
-2.27875 36.39453 1.82406 186 186 186
-2.34498 36.39895 1.71820 175 175 175
-2.41370 36.40243 1.61364 190 190 190
-2.47083 36.40459 1.50240 187 187 187
-2.52286 36.40225 1.38876 181 181 181
-2.57847 36.40095 1.27663 179 179 179
-2.61785 36.40418 1.15779 171 171 171
-2.66367 36.40445 1.04140 171 171 171
-2.69942 36.39727 0.92153 173 173 173
-2.72315 36.39684 0.79863 176 176 176
-2.75771 36.40009 0.67832 178 178 178
-2.78112 36.39815 0.55541 173 173 173
-2.80004 36.40213 0.43167 168 168 168
-2.80721 36.40113 0.30666 171 171 171
-2.81492 36.39982 0.18188 170 170 170
-2.82256 36.39555 0.05688 169 169 169
-2.81563 36.39869 -0.06876 174 174 174
-2.80772 36.40098 -0.19416 166 166 166
-2.80489 36.40112 -0.32031 166 166 166
-2.77451 36.39925 -0.44304 173 173 173
-2.75599 36.39912 -0.56725 161 161 161
-2.72722 36.40406 -0.68947 158 158 158
-2.70681 36.40080 -0.81407 160 160 160
-2.65615 36.40264 -0.92998 157 157 157
-2.61686 36.39927 -1.04903 156 156 156
-2.57132 36.39783 -1.16584 158 158 158
-2.52513 36.40109 -1.28253 156 156 156
-2.47089 36.39770 -1.39570 156 156 156
-2.40818 36.39966 -1.50436 154 154 154
-2.34804 36.39843 -1.61442 151 151 151
-2.28434 36.40035 -1.72264 156 156 156
-2.20943 36.39877 -1.82337 143 143 143
-2.13296 36.40152 -1.92270 143 143 143
-2.05519 36.40083 -2.02103 151 151 151
-1.97327 36.40136 -2.11598 151 151 151
-1.88853 36.40168 -2.20857 147 147 147
-1.79563 36.39928 -2.29294 151 151 151
-1.70048 36.40362 -2.37450 139 139 139
-1.60417 36.40343 -2.45460 147 147 147
-1.50994 36.39788 -2.53797 143 143 143
-1.40006 36.39905 -2.59960 143 143 143
-1.29812 36.40333 -2.67271 142 142 142
-1.18706 36.39588 -2.73100 141 141 141
-1.07856 36.40326 -2.79371 147 147 147
-0.96343 36.40047 -2.84330 142 142 142
-0.84996 36.39927 -2.89626 142 142 142
-0.73426 36.39563 -2.94447 144 144 144
-0.61501 36.40431 -2.98311 144 144 144
-0.49489 36.39636 -3.01874 133 133 133
-0.37314 36.40451 -3.04820 143 143 143
-0.25105 36.40082 -3.07615 142 142 142
-0.12858 36.40307 -3.10373 134 134 134
-0.00384 36.39718 -3.11776 134 134 134
0.12027 36.40302 -3.13944 143 143 143
0.24606 36.40109 -3.14285 147 147 147
0.37176 36.39976 -3.14591 141 141 141
0.49761 36.40313 -3.14670 142 142 142
0.62277 36.40099 -3.13333 133 133 133
0.74780 36.40439 -3.12145 138 138 138
0.87178 36.39483 -3.10175 136 136 136
0.99576 36.39957 -3.08215 144 144 144
1.11809 36.40012 -3.05417 135 135 135
1.23917 36.40055 -3.02144 140 140 140
1.35914 36.40029 -2.98501 143 143 143
1.47855 36.39973 -2.94658 136 136 136
1.59315 36.39948 -2.89546 140 140 140
1.70999 36.39608 -2.84990 135 135 135
1.82354 36.39720 -2.79659 146 146 146
1.93356 36.40401 -2.73632 148 148 148
2.03935 36.39521 -2.66898 140 140 140
2.14792 36.39786 -2.60610 139 139 139
2.25297 36.40147 -2.53729 146 146 146
2.34636 36.39825 -2.45291 144 144 144
2.44500 36.39642 -2.37568 150 150 150
2.54067 36.40091 -2.29458 145 145 145
2.62932 36.40041 -2.20585 149 149 149
2.71363 36.39958 -2.11307 143 143 143
2.79864 36.40244 -2.02097 146 146 146
2.88284 36.39883 -1.92771 147 147 147
2.95417 36.39672 -1.82426 152 152 152
3.01975 36.39881 -1.71722 148 148 148
3.08861 36.39919 -1.61261 150 150 150
3.15475 36.40090 -1.50607 155 155 155
3.20993 36.39714 -1.39342 159 159 159
3.26618 36.40047 -1.28140 152 152 152
3.32653 36.40311 -1.17068 154 154 154
3.36356 36.39799 -1.05021 154 154 154
3.40485 36.40065 -0.93167 163 163 163
3.44577 36.39812 -0.81278 166 166 166
3.47466 36.40007 -0.69041 162 162 162
3.51025 36.40321 -0.56938 163 163 163
3.52307 36.39957 -0.44384 164 164 164
3.53545 36.39847 -0.31878 165 165 165
3.54954 36.40117 -0.19403 172 172 172
3.56010 36.40289 -0.06880 171 171 171
3.55725 36.79999 0.05750 164 164 164
3.55769 36.79889 0.18266 175 175 175
3.54981 36.80038 0.30758 170 170 170
3.53789 36.80011 0.43217 173 173 173
3.51823 36.80119 0.55576 169 169 169
3.49367 36.80409 0.67837 174 174 174
3.46682 36.80201 0.80041 171 171 171
3.43819 36.79956 0.92213 174 174 174
3.39924 36.80149 1.04095 178 178 178
3.35646 36.80030 1.15833 169 169 169
3.31604 36.79754 1.27672 180 180 180
3.26146 36.79787 1.38927 178 178 178
3.21602 36.79829 1.50625 180 180 180
3.15343 36.80423 1.61476 179 179 179
3.08901 36.79951 1.72200 178 178 178
3.02002 36.79700 1.82630 179 179 179
2.94809 36.79918 1.92852 184 184 184
2.87388 36.79896 2.02913 186 186 186
2.79176 36.80060 2.12342 177 177 177
2.71221 36.80298 2.21995 184 184 184
2.62100 36.80181 2.30563 187 187 187
2.53675 36.79990 2.39840 192 192 192
2.44111 36.80294 2.47920 190 190 190
2.34381 36.80081 2.55781 188 188 188
2.24497 36.80542 2.63456 195 195 195
2.14363 36.79782 2.70816 190 190 190
2.03776 36.79709 2.77517 187 187 187
1.92615 36.79915 2.83226 188 188 188
1.81900 36.79765 2.89737 195 195 195
1.70508 36.80098 2.94963 194 194 194
1.59185 36.79995 3.00359 188 188 188
1.47565 36.80254 3.05111 196 196 196
1.35505 36.79884 3.08627 199 199 199
1.23605 36.79666 3.12617 191 191 191
1.11321 36.79905 3.15228 197 197 197
0.99236 36.79743 3.18728 199 199 199
0.86855 36.80435 3.20925 197 197 197
0.74268 36.79953 3.21571 199 199 199
0.61832 36.80372 3.23338 200 200 200
0.49281 36.80298 3.23865 195 195 195
0.36725 36.79998 3.23962 192 192 192
0.24137 36.79568 3.24673 198 198 198
0.11704 36.80168 3.22259 200 200 200
-0.00916 36.79927 3.22402 194 194 194
-0.13214 36.79950 3.19720 196 196 196
-0.25655 36.80448 3.18073 192 192 192
-0.37895 36.80391 3.15332 198 198 198
-0.50080 36.79894 3.12354 193 193 193
-0.62061 36.80030 3.08648 189 189 189
-0.74075 36.79653 3.05003 197 197 197
-0.85428 36.80057 2.99619 200 200 200
-0.96826 36.80107 2.94460 194 194 194
-1.08024 36.80239 2.88902 185 185 185
-1.19318 36.79988 2.83500 188 188 188
-1.30097 36.79701 2.77143 195 195 195
-1.40764 36.80000 2.70594 193 193 193
-1.50922 36.80043 2.63284 182 182 182
-1.60970 36.79855 2.55831 189 189 189
-1.71102 36.80414 2.48436 189 189 189
-1.79882 36.79829 2.39470 190 190 190
-1.88863 36.79964 2.30776 192 192 192
-1.97558 36.79761 2.21798 187 187 187
-2.05866 36.80087 2.12461 185 185 185
-2.13630 36.80116 2.02670 187 187 187
-2.21410 36.80412 1.92889 185 185 185
-2.28566 36.79986 1.82640 183 183 183
-2.35610 36.80178 1.72298 189 189 189
-2.41430 36.79857 1.61217 186 186 186
-2.47390 36.80270 1.50237 185 185 185
-2.53099 36.80333 1.39112 176 176 176
-2.57867 36.80399 1.27553 182 182 182
-2.63285 36.80183 1.16235 182 182 182
-2.66352 36.80119 1.04056 176 176 176
-2.70598 36.79874 0.92278 172 172 172
-2.72734 36.80591 0.79921 170 170 170
-2.75965 36.80289 0.67846 179 179 179
-2.78223 36.80372 0.55553 178 178 178
-2.79839 36.79816 0.43158 172 172 172
-2.81632 36.79803 0.30766 164 164 164
-2.81898 36.80009 0.18249 171 171 171
-2.82344 36.80105 0.05750 159 159 159
-2.81402 36.79910 -0.06789 162 162 162
-2.81736 36.80325 -0.19392 170 170 170
-2.79929 36.79965 -0.31845 164 164 164
-2.78096 36.79825 -0.44268 165 165 165
-2.76717 36.79942 -0.56789 166 166 166
-2.73379 36.79949 -0.68927 162 162 162
-2.70242 36.79887 -0.81085 164 164 164
-2.67031 36.79851 -0.93241 167 167 167
-2.62968 36.80231 -1.05138 153 153 153
-2.58181 36.79917 -1.16758 156 156 156
-2.52824 36.79569 -1.28115 153 153 153
-2.47419 36.80371 -1.39434 161 161 161
-2.41336 36.80325 -1.50399 153 153 153
-2.35237 36.79578 -1.61355 156 156 156
-2.28648 36.79710 -1.72030 149 149 149
-2.21811 36.80060 -1.82564 152 152 152
-2.13885 36.80223 -1.92303 147 147 147
-2.06019 36.80492 -2.02068 155 155 155
-1.97585 36.80098 -2.11344 142 142 142
-1.88943 36.80409 -2.20419 141 141 141
-1.80374 36.79881 -2.29606 148 148 148
-1.70572 36.80454 -2.37459 146 146 146
-1.61339 36.80047 -2.45980 147 147 147
-1.51441 36.80036 -2.53715 145 145 145
-1.41161 36.79801 -2.60939 142 142 142
-1.29871 36.79934 -2.66557 140 140 140
-1.19559 36.80266 -2.73744 146 146 146
-1.08254 36.79782 -2.79192 147 147 147
-0.96926 36.79967 -2.84544 139 139 139
-0.85593 36.80072 -2.89907 146 146 146
-0.73884 36.79816 -2.94394 138 138 138
-0.61968 36.79070 -2.98292 133 133 133
-0.50046 36.79806 -3.02177 145 145 145
-0.37914 36.80043 -3.05372 138 138 138
-0.25679 36.80098 -3.08169 139 139 139
-0.13266 36.79987 -3.10036 141 141 141
-0.00893 36.79982 -3.12201 137 137 137
0.11636 36.79325 -3.13113 139 139 139
0.24173 36.80080 -3.13769 142 142 142
0.36725 36.79828 -3.13925 136 136 136
0.49264 36.79809 -3.13417 139 139 139
0.61825 36.80211 -3.13257 145 145 145
0.74329 36.79580 -3.12079 132 132 132
0.86727 36.79969 -3.10102 143 143 143
0.99052 36.80315 -3.07782 142 142 142
1.11477 36.79547 -3.05841 140 140 140
1.23545 36.79650 -3.02351 138 138 138
1.35448 36.80200 -2.98382 143 143 143
1.47421 36.79785 -2.94630 145 145 145
1.59299 36.79941 -2.90525 149 149 149
1.70496 36.80242 -2.84802 141 141 141
1.81808 36.80256 -2.79397 137 137 137
1.92856 36.80398 -2.73469 147 147 147
2.03993 36.80270 -2.67653 147 147 147
2.14202 36.80284 -2.60326 146 146 146
2.24161 36.80103 -2.52710 144 144 144
2.34741 36.79878 -2.45920 142 142 142
2.44089 36.80238 -2.37536 146 146 146
2.53346 36.80324 -2.29089 144 144 144
2.62423 36.80532 -2.20449 143 143 143
2.71474 36.79661 -2.11749 150 150 150
2.79498 36.79850 -2.02092 153 153 153
2.87157 36.80026 -1.92162 159 159 159
2.94944 36.80130 -1.82334 151 151 151
3.02612 36.80156 -1.72373 148 148 148
3.08927 36.79971 -1.61502 145 145 145
3.15354 36.80273 -1.50717 151 151 151
3.21296 36.80437 -1.39652 155 155 155
3.26428 36.80121 -1.28186 161 161 161
3.31573 36.80175 -1.16734 158 158 158
3.35572 36.79794 -1.04826 156 156 156
3.40184 36.80382 -0.93144 161 161 161
3.43443 36.80050 -0.81015 159 159 159
3.47345 36.80286 -0.69051 162 162 162
3.49454 36.80224 -0.56647 167 167 167
3.51575 36.80235 -0.44272 160 160 160
3.53467 36.80088 -0.31856 161 161 161
3.55261 36.80108 -0.19398 168 168 168
3.55374 36.79794 -0.06809 167 167 167
3.55330 37.19854 0.05813 169 169 169
3.55426 37.20155 0.18334 170 170 170
3.54060 37.19729 0.30786 170 170 170
3.52936 37.20221 0.43236 175 175 175
3.50293 37.20215 0.55473 173 173 173
3.48729 37.19584 0.67869 172 172 172
3.47006 37.20216 0.80297 175 175 175
3.43452 37.20146 0.92309 169 169 169
3.39004 37.19702 1.04017 175 175 175
3.35562 37.19642 1.16043 181 181 181
3.31737 37.20103 1.27991 177 177 177
3.26246 37.20013 1.39259 182 182 182
3.20145 37.20118 1.50193 181 181 181
3.14836 37.20189 1.61527 183 183 183
3.08215 37.20085 1.72141 184 184 184
3.01792 37.19663 1.82877 185 185 185
2.94396 37.19670 1.92968 185 185 185
2.87167 37.19992 2.03185 187 187 187
2.79188 37.20357 2.12830 179 179 179
2.71054 37.20032 2.22353 184 184 184
2.61959 37.20378 2.30971 189 189 189
2.53029 37.19525 2.39731 180 180 180
2.43583 37.19442 2.47934 192 192 192
2.33744 37.20121 2.55653 185 185 185
2.24089 37.19886 2.63625 190 190 190
2.13836 37.20580 2.70818 190 190 190
2.03247 37.19962 2.77509 189 189 189
1.92740 37.20015 2.84379 195 195 195
1.81595 37.19821 2.90152 189 189 189
1.69959 37.20174 2.94884 190 190 190
1.58679 37.19822 3.00366 191 191 191
1.47085 37.19916 3.05176 191 191 191
1.34965 37.19909 3.08507 192 192 192
1.23049 37.20075 3.12410 196 196 196
1.10788 37.20512 3.15065 194 194 194
0.98527 37.19997 3.17629 194 194 194
0.86284 37.19831 3.20393 202 202 202
0.73914 37.19965 3.22651 191 191 191
0.61403 37.20329 3.23966 189 189 189
0.48820 37.20072 3.24190 187 187 187
0.36256 37.19751 3.23964 184 184 184
0.23708 37.20017 3.23761 200 200 200
0.11116 37.20733 3.23863 190 190 190
-0.01311 37.19820 3.21875 196 196 196
-0.13834 37.19996 3.20775 191 191 191
-0.26087 37.19741 3.17985 203 203 203
-0.38328 37.19882 3.15279 196 196 196
-0.50573 37.20109 3.12535 201 201 201
-0.62540 37.20269 3.08774 194 194 194
-0.74132 37.20101 3.03979 195 195 195
-0.85952 37.19643 2.99846 198 198 198
-0.97577 37.19892 2.95163 192 192 192
-1.08797 37.19920 2.89589 195 195 195
-1.19608 37.19664 2.83271 195 195 195
-1.31023 37.19875 2.77978 192 192 192
-1.40990 37.19762 2.70316 193 193 193
-1.51795 37.20300 2.63926 189 189 189
-1.61551 37.20394 2.56057 187 187 187
-1.71175 37.19974 2.48054 192 192 192
-1.80122 37.20171 2.39303 188 188 188
-1.89422 37.19818 2.30945 192 192 192
-1.97932 37.19790 2.21788 182 182 182
-2.06856 37.19770 2.12983 185 185 185
-2.14187 37.20223 2.02816 183 183 183
-2.21732 37.20259 1.92857 182 182 182
-2.29069 37.20376 1.82736 187 187 187
-2.35763 37.20262 1.72177 185 185 185
-2.42116 37.20046 1.61410 178 178 178
-2.48068 37.20019 1.50414 180 180 180
-2.53741 37.20085 1.39262 181 181 181
-2.58175 37.19858 1.27556 173 173 173
-2.62922 37.19726 1.15996 173 173 173
-2.66767 37.20091 1.04106 178 178 178
-2.70811 37.20113 0.92273 176 176 176
-2.74031 37.20248 0.80186 173 173 173
-2.76419 37.19698 0.67909 170 170 170
-2.78848 37.19977 0.55642 171 171 171
-2.80442 37.20365 0.43238 169 169 169
-2.81531 37.20025 0.30784 171 171 171
-2.82961 37.19953 0.18335 168 168 168
-2.84028 37.19658 0.05813 166 166 166
-2.82830 37.19863 -0.06763 160 160 160
-2.82436 37.19754 -0.19345 167 167 167
-2.80869 37.20291 -0.31835 155 155 155
-2.78725 37.20263 -0.44226 157 157 157
-2.76939 37.20039 -0.56672 168 168 168
-2.74164 37.20306 -0.68933 160 160 160
-2.70880 37.19689 -0.81062 157 157 157
-2.66886 37.20299 -0.92970 158 158 158
-2.63064 37.19712 -1.04928 158 158 158
-2.58623 37.19934 -1.16674 158 158 158
-2.53395 37.19850 -1.28088 158 158 158
-2.48142 37.20020 -1.39488 162 162 162
-2.42551 37.20055 -1.50741 155 155 155
-2.36000 37.19835 -1.61459 157 157 157
-2.28830 37.20446 -1.71761 153 153 153
-2.21865 37.20069 -1.82185 150 150 150
-2.14515 37.20068 -1.92351 152 152 152
-2.06129 37.19281 -2.01683 152 152 152
-1.97954 37.19554 -2.11173 148 148 148
-1.89314 37.20010 -2.20243 154 154 154
-1.80491 37.19744 -2.29147 150 150 150
-1.71208 37.19999 -2.37576 148 148 148
-1.61320 37.20101 -2.45284 152 152 152
-1.51438 37.20251 -2.52987 140 140 140
-1.41250 37.19974 -2.60293 148 148 148
-1.30574 37.19680 -2.66862 145 145 145
-1.19653 37.19867 -2.72996 146 146 146
-1.08545 37.20275 -2.78768 139 139 139
-0.97464 37.19553 -2.84616 137 137 137
-0.86087 37.20020 -2.89891 141 141 141
-0.74476 37.20077 -2.94654 147 147 147
-0.62370 37.20143 -2.98013 146 146 146
-0.50444 37.20145 -3.01856 143 143 143
-0.38489 37.20029 -3.05742 138 138 138
-0.26114 37.20161 -3.07926 139 139 139
-0.13842 37.19802 -3.10640 145 145 145
-0.01340 37.19957 -3.11949 139 139 139
0.11210 37.20379 -3.12495 136 136 136
0.23689 37.19842 -3.14070 135 135 135
0.36256 37.20017 -3.13959 143 143 143
0.48838 37.20091 -3.14471 143 143 143
0.61352 37.20565 -3.13136 138 138 138
0.73878 37.20314 -3.12169 146 146 146
0.86221 37.20405 -3.09804 135 135 135
0.98584 37.19799 -3.07721 146 146 146
1.10806 37.19873 -3.04932 143 143 143
1.23006 37.20212 -3.02034 144 144 144
1.34884 37.20021 -2.98021 138 138 138
1.46929 37.20040 -2.94497 148 148 148
1.58815 37.20191 -2.90417 139 139 139
1.69754 37.19530 -2.84136 141 141 141
1.81457 37.19914 -2.79555 143 143 143
1.92105 37.20176 -2.72891 134 134 134
2.02973 37.20242 -2.66679 144 144 144
2.13663 37.19788 -2.60145 147 147 147
2.23900 37.20156 -2.52920 146 146 146
2.33953 37.19815 -2.45437 147 147 147
2.44028 37.20084 -2.37937 140 140 140
2.53076 37.20090 -2.29227 150 150 150
2.62300 37.20005 -2.20718 146 146 146
2.70903 37.19855 -2.11577 145 145 145
2.79032 37.20331 -2.02018 145 145 145
2.87231 37.19936 -1.92513 157 157 157
2.94261 37.19648 -1.82102 151 151 151
3.01132 37.20153 -1.71621 147 147 147
3.07761 37.19734 -1.60999 150 150 150
3.14712 37.19783 -1.50545 153 153 153
3.20415 37.19898 -1.39367 156 156 156
3.25470 37.20499 -1.27887 153 153 153
3.30738 37.20052 -1.16510 162 162 162
3.35703 37.19867 -1.04975 157 157 157
3.39855 37.19949 -0.93118 157 157 157
3.43135 37.19890 -0.80990 164 164 164
3.46391 37.20011 -0.68865 161 161 161
3.48771 37.19855 -0.56537 164 164 164
3.51619 37.20273 -0.44286 162 162 162
3.53210 37.20140 -0.31815 165 165 165
3.54164 37.20360 -0.19283 158 158 158
3.54447 37.20641 -0.06727 178 178 178
3.54516 37.59971 0.05875 167 167 167
3.54453 37.59611 0.18378 168 168 168
3.54031 37.59287 0.30886 171 171 171
3.52206 37.60161 0.43272 168 168 168
3.51079 37.60097 0.55740 176 176 176
3.48203 37.60306 0.67927 176 176 176
3.46038 37.59835 0.80249 176 176 176
3.42534 37.60150 0.92255 175 175 175
3.39285 37.60173 1.04334 173 173 173
3.35406 37.59900 1.16235 175 175 175
3.30615 37.59992 1.27798 179 179 179
3.25818 37.59795 1.39357 180 180 180
3.20350 37.59504 1.50617 179 179 179
3.13798 37.59780 1.61291 184 184 184
3.08238 37.59763 1.72527 184 184 184
3.01345 37.60010 1.82979 185 185 185
2.93880 37.59838 1.93023 186 186 186
2.86812 37.60263 2.03366 189 189 189
2.78854 37.59760 2.13039 193 193 193
2.70436 37.59746 2.22312 193 193 193
2.61274 37.60094 2.30854 192 192 192
2.52473 37.59989 2.39739 188 188 188
2.43167 37.60274 2.48101 182 182 182
2.33170 37.60332 2.55629 191 191 191
2.23275 37.59980 2.63263 203 203 203
2.12825 37.60163 2.70122 195 195 195
2.02607 37.59692 2.77349 190 190 190
1.91970 37.59655 2.83966 186 186 186
1.80735 37.60048 2.89515 194 194 194
1.69512 37.59673 2.95067 191 191 191
1.58172 37.59906 3.00414 188 188 188
1.46502 37.60229 3.05017 190 190 190
1.34513 37.59593 3.08718 196 196 196
1.22717 37.60095 3.13064 191 191 191
1.10427 37.59953 3.15698 195 195 195
0.98082 37.59903 3.17948 192 192 192
0.85675 37.60388 3.19731 195 195 195
0.73389 37.60083 3.22447 199 199 199
0.60886 37.59767 3.23700 200 200 200
0.48305 37.59836 3.23610 196 196 196
0.35768 37.59786 3.24337 196 196 196
0.23211 37.59992 3.24086 198 198 198
0.10685 37.60341 3.23246 194 194 194
-0.01860 37.59831 3.22497 196 196 196
-0.14171 37.60127 3.19931 197 197 197
-0.26635 37.60111 3.18393 195 195 195
-0.38840 37.59971 3.15481 197 197 197
-0.51078 37.60414 3.12697 199 199 199
-0.63102 37.59734 3.09102 193 193 193
-0.74940 37.59911 3.04944 193 193 193
-0.86318 37.60197 2.99647 184 184 184
-0.97891 37.59788 2.94880 190 190 190
-1.09190 37.59676 2.89496 194 194 194
-1.20354 37.59870 2.83822 189 189 189
-1.31014 37.59853 2.77256 190 190 190
-1.41759 37.60195 2.70826 196 196 196
-1.52067 37.60037 2.63714 186 186 186
-1.61808 37.60508 2.55849 186 186 186
-1.71531 37.60221 2.47984 190 190 190
-1.80445 37.60152 2.39206 192 192 192
-1.90156 37.59876 2.31272 190 190 190
-1.99110 37.59664 2.22505 185 185 185
-2.07025 37.60401 2.12788 193 193 193
-2.14975 37.60103 2.03129 187 187 187
-2.22573 37.60099 1.93189 186 186 186
-2.29602 37.60080 1.82841 190 190 190
-2.36337 37.59729 1.72303 183 183 183
-2.42581 37.60260 1.61470 183 183 183
-2.48333 37.59879 1.50372 173 173 173
-2.53885 37.60094 1.39174 175 175 175
-2.59349 37.59952 1.27909 179 179 179
-2.64168 37.60087 1.16344 180 180 180
-2.67690 37.59910 1.04315 178 178 178
-2.71402 37.60000 0.92369 182 182 182
-2.74118 37.59624 0.80156 175 175 175
-2.77431 37.60288 0.68079 173 173 173
-2.79542 37.59600 0.55740 172 172 172
-2.81392 37.60294 0.43357 177 177 177
-2.82370 37.59992 0.30876 170 170 170
-2.83250 37.60299 0.18391 169 169 169
-2.83208 37.59669 0.05875 165 165 165
-2.82923 37.59892 -0.06683 165 165 165
-2.82865 37.60411 -0.19275 169 169 169
-2.80918 37.60427 -0.31717 161 161 161
-2.79666 37.59707 -0.44230 169 169 169
-2.77333 37.59698 -0.56584 160 160 160
-2.74597 37.60272 -0.68850 158 158 158
-2.71445 37.60043 -0.81013 156 156 156
-2.67943 37.60026 -0.93083 161 161 161
-2.63574 37.59629 -1.04863 161 161 161
-2.59476 37.59647 -1.16751 161 161 161
-2.53631 37.59974 -1.27897 154 154 154
-2.49117 37.59585 -1.39661 160 160 160
-2.42294 37.60306 -1.50247 152 152 152
-2.36665 37.59962 -1.61490 156 156 156
-2.29614 37.60074 -1.71881 156 156 156
-2.22857 37.60470 -1.82474 152 152 152
-2.14458 37.59686 -1.91844 146 146 146
-2.06665 37.59820 -2.01646 153 153 153
-1.98782 37.59935 -2.11409 142 142 142
-1.90274 37.59646 -2.20636 150 150 150
-1.80619 37.60493 -2.28679 148 148 148
-1.71592 37.59885 -2.37375 145 145 145
-1.61773 37.59619 -2.45161 142 142 142
-1.51334 37.60378 -2.52095 147 147 147
-1.41952 37.60126 -2.60535 147 147 147
-1.31229 37.60015 -2.67057 149 149 149
-1.20100 37.59876 -2.72848 143 143 143
-1.09049 37.60167 -2.78723 147 147 147
-0.98246 37.60078 -2.85180 151 151 151
-0.86670 37.59876 -2.90048 142 142 142
-0.74828 37.59995 -2.94214 136 136 136
-0.62979 37.59738 -2.98313 146 146 146
-0.51093 37.60474 -3.02355 143 143 143
-0.38870 37.60311 -3.05228 136 136 136
-0.26667 37.59833 -3.08187 135 135 135
-0.14333 37.59799 -3.10595 141 141 141
-0.01798 37.60025 -3.11628 135 135 135
0.10665 37.59903 -3.13157 144 144 144
0.23210 37.59739 -3.13770 140 140 140
0.35768 37.60203 -3.14518 144 144 144
0.48345 37.59955 -3.14264 138 138 138
0.60795 37.60160 -3.12204 136 136 136
0.73351 37.59852 -3.11773 137 137 137
0.85717 37.59874 -3.09639 137 137 137
0.98141 37.59884 -3.07879 143 143 143
1.10478 37.60006 -3.05529 146 146 146
1.22464 37.60354 -3.01774 140 140 140
1.34517 37.60240 -2.98319 140 140 140
1.46421 37.59746 -2.94368 150 150 150
1.58139 37.60387 -2.89887 140 140 140
1.69541 37.60233 -2.84659 145 145 145
1.80963 37.60005 -2.79467 137 137 137
1.91865 37.60208 -2.73258 139 139 139
2.02644 37.59850 -2.66861 149 149 149
2.13169 37.59864 -2.60059 139 139 139
2.23471 37.59723 -2.52923 144 144 144
2.33348 37.60113 -2.45211 155 155 155
2.43364 37.60045 -2.37653 146 146 146
2.52361 37.59890 -2.28903 151 151 151
2.61994 37.59969 -2.20821 145 145 145
2.70029 37.60160 -2.11142 151 151 151
2.78333 37.60188 -2.01759 152 152 152
2.86717 37.59801 -1.92414 153 153 153
2.93920 37.59962 -1.82130 151 151 151
3.00883 37.59924 -1.71703 161 161 161
3.08131 37.60302 -1.61448 158 158 158
3.13911 37.60093 -1.50293 149 149 149
3.19867 37.59564 -1.39261 150 150 150
3.26139 37.60039 -1.28345 155 155 155
3.30378 37.60042 -1.16489 153 153 153
3.35339 37.60166 -1.04948 158 158 158
3.39152 37.60515 -0.92976 162 162 162
3.42710 37.60062 -0.80937 158 158 158
3.45709 37.60252 -0.68748 156 156 156
3.48871 37.60059 -0.56585 165 165 165
3.51350 37.60302 -0.44253 167 167 167
3.52358 37.60308 -0.31706 162 162 162
3.54080 37.60321 -0.19250 169 169 169
3.54583 37.59969 -0.06688 167 167 167
3.54275 37.99637 0.05938 171 171 171
3.54151 38.00270 0.18449 169 169 169
3.53659 37.99981 0.30960 171 171 171
3.51931 38.00157 0.43364 174 174 174
3.49871 38.00018 0.55694 172 172 172
3.47647 38.00340 0.67983 172 172 172
3.46188 38.00080 0.80473 174 174 174
3.41707 37.99918 0.92232 177 177 177
3.39081 38.00000 1.04501 169 169 169
3.34814 37.99922 1.16272 178 178 178
3.30373 38.00088 1.27977 183 183 183
3.24776 37.99932 1.39181 181 181 181
3.19586 38.00204 1.50558 181 181 181
3.14165 37.99872 1.61853 173 173 173
3.07599 38.00114 1.72520 182 182 182
3.00830 38.00337 1.83048 183 183 183
2.93080 38.00032 1.92885 183 183 183
2.85935 38.00097 2.03152 184 184 184
2.78517 38.00080 2.13262 186 186 186
2.69342 37.99847 2.21848 188 188 188
2.61161 37.99799 2.31329 187 187 187
2.52319 38.00080 2.40203 189 189 189
2.43157 38.00056 2.48766 192 192 192
2.32562 37.99672 2.55585 189 189 189
2.23241 38.00277 2.64000 187 187 187
2.12789 37.99852 2.70915 193 193 193
2.02209 37.99759 2.77617 186 186 186
1.91359 37.99446 2.83871 184 184 184
1.80198 38.00238 2.89546 192 192 192
1.69300 38.00378 2.95801 198 198 198
1.57539 38.00058 3.00205 192 192 192
1.46045 37.99578 3.05248 189 189 189
1.33988 37.99621 3.08759 186 186 186
1.22075 38.00413 3.12683 194 194 194
1.09862 38.00128 3.15555 188 188 188
0.97749 38.00124 3.18922 196 196 196
0.85318 38.00123 3.20777 197 197 197
0.72865 37.99850 3.22403 198 198 198
0.60398 37.99651 3.24041 194 194 194
0.47837 37.99881 3.24690 188 188 188
0.35262 37.99733 3.24872 199 199 199
0.22692 37.99600 3.24525 191 191 191
0.10142 37.99489 3.23826 191 191 191
-0.02369 37.99524 3.22629 190 190 190
-0.14765 38.00087 3.20592 199 199 199
-0.27200 38.00046 3.18793 201 201 201
-0.39336 38.00063 3.15542 187 187 187
-0.51397 38.00503 3.12134 198 198 198
-0.63512 38.00224 3.08906 196 196 196
-0.75269 38.00258 3.04564 194 194 194
-0.86924 37.99832 2.99984 197 197 197
-0.98403 38.00348 2.94989 200 200 200
-1.10182 38.00164 2.90542 200 200 200
-1.20697 38.00540 2.83622 194 194 194
-1.31603 38.00369 2.77481 186 186 186
-1.42155 37.99884 2.70748 188 188 188
-1.52451 37.99650 2.63633 195 195 195
-1.63074 38.00098 2.56898 186 186 186
-1.72003 38.00375 2.48027 187 187 187
-1.81824 37.99750 2.40233 186 186 186
-1.90338 38.00066 2.31029 183 183 183
-1.99219 37.99688 2.22218 194 194 194
-2.07662 38.00007 2.12978 179 179 179
-2.15339 38.00128 2.03094 190 190 190
-2.23228 37.99862 1.93374 184 184 184
-2.30297 38.00574 1.83042 183 183 183
-2.37016 37.99774 1.72483 187 187 187
-2.42824 38.00134 1.61395 173 173 173
-2.49149 37.99723 1.50601 177 177 177
-2.54919 37.99925 1.39488 180 180 180
-2.59633 38.00118 1.27887 173 173 173
-2.63943 37.99652 1.16144 174 174 174
-2.67732 37.99998 1.04232 178 178 178
-2.71769 37.99997 0.92397 182 182 182
-2.75079 38.00252 0.80332 175 175 175
-2.77468 37.99635 0.68052 168 168 168
-2.79669 38.00236 0.55745 165 165 165
-2.81246 37.99947 0.43345 168 168 168
-2.82997 38.00563 0.30949 167 167 167
-2.83526 38.00091 0.18445 171 171 171
-2.83745 37.99865 0.05938 165 165 165
-2.83568 37.99975 -0.06625 165 165 165
-2.82938 37.99986 -0.19176 163 163 163
-2.81465 38.00163 -0.31655 159 159 159
-2.79849 37.99775 -0.44111 166 166 166
-2.77410 38.00132 -0.56430 162 162 162
-2.74932 38.00276 -0.68739 151 151 151
-2.71726 37.99657 -0.80879 154 154 154
-2.68234 37.99809 -0.92941 163 163 163
-2.63752 37.99998 -1.04668 153 153 153
-2.59615 38.00194 -1.16524 162 162 162
-2.53926 37.99989 -1.27724 150 150 150
-2.49029 37.99732 -1.39282 155 155 155
-2.42963 38.00140 -1.50262 154 154 154
-2.36931 38.00176 -1.61266 151 151 151
-2.30225 38.00211 -1.71873 156 156 156
-2.23038 38.00232 -1.82159 152 152 152
-2.15402 37.99815 -1.92110 152 152 152
-2.07422 38.00031 -2.01781 147 147 147
-1.99535 37.99904 -2.11558 148 148 148
-1.90057 38.00143 -2.19834 150 150 150
-1.81410 37.99948 -2.28908 150 150 150
-1.71996 37.99807 -2.37177 152 152 152
-1.62324 37.99725 -2.45139 144 144 144
-1.52541 38.00282 -2.52981 146 146 146
-1.42245 37.99993 -2.60139 142 142 142
-1.31856 38.00376 -2.67176 147 147 147
-1.20772 37.99769 -2.73066 143 143 143
-1.09776 37.99712 -2.79082 145 145 145
-0.98356 37.99743 -2.84247 142 142 142
-0.86864 38.00161 -2.89220 134 134 134
-0.75156 38.00051 -2.93657 143 143 143
-0.63433 37.99627 -2.98078 144 144 144
-0.51502 38.00178 -3.01938 143 143 143
-0.39508 38.00360 -3.05704 146 146 146
-0.27032 38.00070 -3.07408 139 139 139
-0.14789 37.99911 -3.10211 138 138 138
-0.02324 38.00422 -3.11726 137 137 137
0.10125 38.00017 -3.13523 139 139 139
0.22710 38.00025 -3.13567 145 145 145
0.35262 37.99902 -3.13924 141 141 141
0.47811 38.00079 -3.13496 144 144 144
0.60415 37.99972 -3.13742 133 133 133
0.72763 37.99731 -3.11013 141 141 141
0.85319 37.99981 -3.10250 143 143 143
0.97735 37.99831 -3.08312 131 131 131
1.09900 38.00101 -3.05159 140 140 140
1.22004 37.99676 -3.01864 138 138 138
1.34057 38.00457 -2.98389 144 144 144
1.46107 37.99913 -2.94818 142 142 142
1.57762 38.00283 -2.90125 140 140 140
1.69017 37.99973 -2.84545 145 145 145
1.80396 37.99955 -2.79272 143 143 143
1.91197 37.99683 -2.72891 138 138 138
2.02232 37.99887 -2.66936 143 143 143
2.13153 38.00172 -2.60715 138 138 138
2.22600 37.99984 -2.52342 142 142 142
2.33031 38.00005 -2.45372 144 144 144
2.42735 37.99939 -2.37430 143 143 143
2.51860 38.00010 -2.28829 147 147 147
2.61061 37.99940 -2.20315 147 147 147
2.69524 37.99792 -2.11064 144 144 144
2.77729 38.00112 -2.01597 150 150 150
2.85760 38.00077 -1.91980 152 152 152
2.93926 38.00545 -1.82424 152 152 152
3.00755 37.99693 -1.71878 148 148 148
3.06547 38.00341 -1.60710 148 148 148
3.13607 37.99558 -1.50330 150 150 150
3.19343 38.00050 -1.39176 154 154 154
3.24765 38.00406 -1.27870 159 159 159
3.30196 37.99891 -1.16549 155 155 155
3.34248 37.99731 -1.04658 155 155 155
3.39307 38.00029 -0.93119 155 155 155
3.41807 37.99768 -0.80754 166 166 166
3.45826 37.99842 -0.68828 159 159 159
3.48528 37.99924 -0.56548 163 163 163
3.49931 38.00448 -0.44041 160 160 160
3.52789 37.99734 -0.31750 167 167 167
3.52923 37.99600 -0.19134 172 172 172
3.54278 38.00475 -0.06632 162 162 162
3.54169 38.39913 0.06000 173 173 173
3.53615 38.39892 0.18512 172 172 172
3.52432 38.40322 0.30969 178 178 178
3.51686 38.39902 0.43461 165 165 165
3.49563 38.40418 0.55794 168 168 168
3.47905 38.39687 0.68205 172 172 172
3.45012 38.39890 0.80383 176 176 176
3.41709 38.40202 0.92448 175 175 175
3.38462 38.39573 1.04538 180 180 180
3.34252 38.39805 1.16327 181 181 181
3.29823 38.40122 1.28036 176 176 176
3.24812 38.39896 1.39510 180 180 180
3.18972 38.39726 1.50584 181 181 181
3.13512 38.40244 1.61854 179 179 179
3.06557 38.39774 1.72276 184 184 184
3.00032 38.40119 1.82940 179 179 179
2.93461 38.39841 1.93620 186 186 186
2.85382 38.39648 2.03207 185 185 185
2.77537 38.40174 2.12952 190 190 190
2.69038 38.39832 2.22133 181 181 181
2.60857 38.39632 2.31631 181 181 181
2.51832 38.39601 2.40326 187 187 187
2.41972 38.40038 2.48077 194 194 194
2.32358 38.40081 2.56077 190 190 190
2.22923 38.40238 2.64373 188 188 188
2.12322 38.40072 2.71089 191 191 191
2.01845 38.39899 2.77969 188 188 188
1.91044 38.39654 2.84337 191 191 191
1.79775 38.39930 2.89841 186 186 186
1.68497 38.40075 2.95291 192 192 192
1.56953 38.39756 3.00154 190 190 190
1.45475 38.39950 3.05225 192 192 192
1.33621 38.40048 3.09346 199 199 199
1.21399 38.39766 3.12249 190 190 190
1.09384 38.39824 3.15851 196 196 196
0.97060 38.39908 3.18203 192 192 192
0.84760 38.40134 3.20671 192 192 192
0.72346 38.39951 3.22559 196 196 196
0.59841 38.39754 3.23733 196 196 196
0.47280 38.40050 3.23961 198 198 198
0.34737 38.40061 3.24780 193 193 193
0.22168 38.40139 3.24653 197 197 197
0.09638 38.40280 3.23686 193 193 193
-0.02756 38.39897 3.21582 199 199 199
-0.15242 38.39954 3.20401 196 196 196
-0.27598 38.40016 3.18265 192 192 192
-0.39871 38.40205 3.15693 192 192 192
-0.52164 38.39950 3.13100 191 191 191
-0.64049 38.40212 3.09045 190 190 190
-0.75892 38.40152 3.04931 198 198 198
-0.87566 38.39757 3.00368 197 197 197
-0.99073 38.39755 2.95401 201 201 201
-1.10169 38.40293 2.89582 189 189 189
-1.21561 38.39852 2.84322 191 191 191
-1.32064 38.39906 2.77468 184 184 184
-1.42863 38.40032 2.71114 198 198 198
-1.52961 38.39575 2.63702 193 193 193
-1.63102 38.39871 2.56355 185 185 185
-1.73016 38.40051 2.48685 192 192 192
-1.81842 38.39779 2.39769 185 185 185
-1.90886 38.40059 2.31135 188 188 188
-1.99509 38.39889 2.22082 194 194 194
-2.07820 38.40284 2.12745 181 181 181
-2.16029 38.39861 2.03303 186 186 186
-2.23288 38.39850 1.93112 179 179 179
-2.30508 38.39810 1.82908 181 181 181
-2.37946 38.39795 1.72806 183 183 183
-2.43332 38.40097 1.61459 179 179 179
-2.50001 38.40080 1.50841 181 181 181
-2.55339 38.39902 1.39511 178 178 178
-2.59767 38.40370 1.27796 174 174 174
-2.64725 38.40005 1.16308 176 176 176
-2.69006 38.40274 1.04544 170 170 170
-2.72958 38.39669 0.92652 173 173 173
-2.75810 38.39580 0.80449 170 170 170
-2.78379 38.39972 0.68195 173 173 173
-2.80174 38.39792 0.55807 173 173 173
-2.81651 38.40068 0.43395 177 177 177
-2.83598 38.40239 0.31019 175 175 175
-2.83465 38.40087 0.18485 175 175 175
-2.84170 38.39687 0.06000 172 172 172
-2.84468 38.39765 -0.06576 160 160 160
-2.83335 38.40342 -0.19101 168 168 168
-2.81855 38.40068 -0.31573 161 161 161
-2.80416 38.39789 -0.44050 160 160 160
-2.78323 38.40068 -0.56438 162 162 162
-2.75560 38.40005 -0.68694 165 165 165
-2.71911 38.40084 -0.80711 162 162 162
-2.68601 38.39959 -0.92817 159 159 159
-2.64213 38.39807 -1.04571 160 160 160
-2.60156 38.39861 -1.16457 152 152 152
-2.54700 38.39918 -1.27764 158 158 158
-2.49877 38.39864 -1.39371 158 158 158
-2.43922 38.40121 -1.50428 150 150 150
-2.37415 38.40177 -1.61164 158 158 158
-2.30386 38.40169 -1.71552 148 148 148
-2.23305 38.40005 -1.81893 147 147 147
-2.15829 38.40305 -1.91954 151 151 151
-2.08464 38.39596 -2.02144 150 150 150
-1.99510 38.39903 -2.10970 153 153 153
-1.90930 38.40193 -2.20104 145 145 145
-1.81912 38.39830 -2.28804 148 148 148
-1.72593 38.40112 -2.37182 153 153 153
-1.63174 38.39919 -2.45473 147 147 147
-1.53021 38.39783 -2.52842 144 144 144
-1.42624 38.39795 -2.59843 142 142 142
-1.32201 38.40361 -2.66807 140 140 140
-1.21843 38.40141 -2.73965 139 139 139
-1.10182 38.39736 -2.78772 141 141 141
-0.98954 38.40113 -2.84331 140 140 140
-0.87612 38.39982 -2.89685 138 138 138
-0.75733 38.40182 -2.93726 142 142 142
-0.64002 38.39358 -2.98144 137 137 137
-0.52037 38.40121 -3.01908 140 140 140
-0.40001 38.39963 -3.05506 143 143 143
-0.27499 38.40241 -3.07049 140 140 140
-0.15380 38.39723 -3.10566 137 137 137
-0.02858 38.39558 -3.11744 151 151 151
0.09629 38.40339 -3.13097 141 141 141
0.22164 38.39863 -3.14059 138 138 138
0.34737 38.40216 -3.13908 143 143 143
0.47311 38.40096 -3.14061 139 139 139
0.59871 38.40046 -3.13423 141 141 141
0.72426 38.40104 -3.12533 138 138 138
0.84815 38.40115 -3.10315 134 134 134
0.97160 38.40408 -3.07987 141 141 141
1.09514 38.40254 -3.05663 134 134 134
1.21517 38.39946 -3.01924 144 144 144
1.33637 38.40001 -2.98639 135 135 135
1.45366 38.40026 -2.94156 145 145 145
1.57087 38.40584 -2.89686 143 143 143
1.68654 38.39462 -2.84818 141 141 141
1.79762 38.40203 -2.78979 141 141 141
1.90682 38.39421 -2.72830 146 146 146
2.01877 38.40002 -2.67135 145 145 145
2.12279 38.40499 -2.60112 142 142 142
2.22452 38.39901 -2.52781 148 148 148
2.32626 38.40654 -2.45444 143 143 143
2.42449 38.39286 -2.37630 147 147 147
2.51663 38.39942 -2.29103 145 145 145
2.60299 38.39894 -2.19998 142 142 142
2.69277 38.40092 -2.11241 146 146 146
2.77525 38.40083 -2.01791 148 148 148
2.85559 38.39789 -1.92155 144 144 144
2.92993 38.39436 -1.82048 159 159 159
3.00394 38.39669 -1.71909 149 149 149
3.06954 38.39987 -1.61203 150 150 150
3.13330 38.40143 -1.50391 156 156 156
3.19250 38.39922 -1.39319 159 159 159
3.25017 38.39831 -1.28152 162 162 162
3.29761 38.40072 -1.16511 153 153 153
3.33585 38.40217 -1.04534 157 157 157
3.37670 38.40067 -0.92685 155 155 155
3.41943 38.39997 -0.80869 161 161 161
3.45342 38.39683 -0.68767 166 166 166
3.47883 38.39742 -0.56455 160 160 160
3.50085 38.39544 -0.44081 163 163 163
3.52300 38.39874 -0.31688 166 166 166
3.52494 38.40597 -0.19076 169 169 169
3.53558 38.39864 -0.06561 161 161 161
3.53589 38.80242 0.06062 170 170 170
3.53022 38.79795 0.18573 171 171 171
3.52329 38.79817 0.31067 170 170 170
3.51191 38.79857 0.43532 172 172 172
3.49311 38.80346 0.55905 171 171 171
3.47012 38.79768 0.68201 175 175 175
3.44662 38.80330 0.80496 173 173 173
3.41684 38.79521 0.92661 176 176 176
3.38036 38.80432 1.04644 170 170 170
3.33784 38.80035 1.16424 177 177 177
3.29270 38.80128 1.28102 177 177 177
3.24152 38.79996 1.39527 179 179 179
3.18420 38.79548 1.50651 186 186 186
3.12999 38.79649 1.61944 182 182 182
3.06315 38.79762 1.72535 181 181 181
3.00072 38.80052 1.83405 185 185 185
2.92934 38.80033 1.93707 185 185 185
2.85021 38.80371 2.03428 181 181 181
2.76479 38.80030 2.12591 191 191 191
2.68736 38.79706 2.22435 188 188 188
2.60190 38.79985 2.31588 185 185 185
2.51147 38.80050 2.40255 187 187 187
2.41708 38.80729 2.48488 191 191 191
2.32181 38.79753 2.56627 191 191 191
2.21670 38.80306 2.63482 192 192 192
2.11840 38.80056 2.71269 190 190 190
2.01428 38.79854 2.78265 191 191 191
1.90404 38.80451 2.84255 199 199 199
1.79296 38.79951 2.90059 197 197 197
1.67751 38.80343 2.94945 190 190 190
1.56529 38.79982 3.00538 196 196 196
1.44929 38.80435 3.05313 198 198 198
1.33139 38.80029 3.09632 196 196 196
1.20886 38.79905 3.12456 194 194 194
1.08880 38.80020 3.16118 198 198 198
0.96664 38.79874 3.19044 200 200 200
0.84098 38.80517 3.20022 196 196 196
0.71706 38.79997 3.21843 201 201 201
0.59272 38.80270 3.23511 196 196 196
0.46743 38.80370 3.24200 190 190 190
0.34196 38.79499 3.24726 191 191 191
0.21607 38.80343 3.25233 193 193 193
0.09104 38.79785 3.23689 193 193 193
-0.03399 38.80034 3.22550 198 198 198
-0.15900 38.80084 3.21244 194 194 194
-0.28190 38.80337 3.18627 199 199 199
-0.40480 38.80008 3.16080 196 196 196
-0.52481 38.80020 3.12406 198 198 198
-0.64577 38.80337 3.09105 196 196 196
-0.76412 38.80278 3.04971 189 189 189
-0.88307 38.80123 3.00946 196 196 196
-0.99704 38.80341 2.95692 194 194 194
-1.10778 38.80629 2.89810 186 186 186
-1.21891 38.80082 2.84037 183 183 183
-1.32687 38.79626 2.77692 193 193 193
-1.42756 38.79950 2.70232 196 196 196
-1.53587 38.80247 2.63905 182 182 182
-1.63644 38.79808 2.56442 183 183 183
-1.73073 38.79900 2.48202 182 182 182
-1.82760 38.80128 2.40259 188 188 188
-1.91992 38.79922 2.31781 186 186 186
-2.00750 38.79947 2.22809 190 190 190
-2.08317 38.79756 2.12786 191 191 191
-2.17058 38.80446 2.03765 184 184 184
-2.24415 38.80492 1.93614 180 180 180
-2.31291 38.79833 1.83144 183 183 183
-2.37824 38.80034 1.72474 190 190 190
-2.44427 38.80225 1.61842 181 181 181
-2.50030 38.79959 1.50651 183 183 183
-2.55952 38.80533 1.39615 179 179 179
-2.60600 38.79864 1.27987 180 180 180
-2.65501 38.80129 1.16464 172 172 172
-2.69672 38.80085 1.04653 177 177 177
-2.72851 38.80090 0.92537 173 173 173
-2.76901 38.80076 0.80647 173 173 173
-2.79016 38.79829 0.68279 173 173 173
-2.80903 38.80135 0.55902 168 168 168
-2.82246 38.80202 0.43466 171 171 171
-2.83763 38.79796 0.31053 168 168 168
-2.84697 38.79908 0.18575 172 172 172
-2.84578 38.79628 0.06063 164 164 164
-2.84563 38.80284 -0.06494 159 159 159
-2.83785 38.80143 -0.19028 164 164 164
-2.82025 38.80225 -0.31462 164 164 164
-2.81111 38.79728 -0.44006 158 158 158
-2.78744 38.80284 -0.56345 165 165 165
-2.76138 38.80259 -0.68632 166 166 166
-2.73420 38.80826 -0.80912 158 158 158
-2.69566 38.79908 -0.92881 163 163 163
-2.65709 38.79972 -1.04850 160 160 160
-2.60592 38.80012 -1.16338 153 153 153
-2.55726 38.79830 -1.27911 162 162 162
-2.50261 38.80108 -1.39214 156 156 156
-2.44026 38.79806 -1.50105 156 156 156
-2.37730 38.80430 -1.60946 155 155 155
-2.31341 38.80099 -1.71749 149 149 149
-2.23996 38.80017 -1.81922 155 155 155
-2.16624 38.80069 -1.92074 151 151 151
-2.08523 38.79886 -2.01652 148 148 148
-2.00379 38.80191 -2.11193 143 143 143
-1.91745 38.80043 -2.20296 149 149 149
-1.82600 38.79671 -2.28882 140 140 140
-1.73548 38.80089 -2.37587 145 145 145
-1.63343 38.79820 -2.44921 151 151 151
-1.53383 38.79893 -2.52515 147 147 147
-1.43388 38.80128 -2.60097 148 148 148
-1.32566 38.80089 -2.66440 135 135 135
-1.21900 38.79609 -2.73023 142 142 142
-1.10628 38.79933 -2.78507 142 142 142
-0.99656 38.80078 -2.84602 145 145 145
-0.88025 38.79576 -2.89299 138 138 138
-0.76288 38.79885 -2.93688 137 137 137
-0.64707 38.79556 -2.98574 141 141 141
-0.52665 38.79916 -3.02141 141 141 141
-0.40539 38.80131 -3.05419 138 138 138
-0.28325 38.79983 -3.08411 147 147 147
-0.15732 38.79908 -3.09295 139 139 139
-0.03420 38.79993 -3.11844 135 135 135
0.09076 38.80241 -3.13177 141 141 141
0.21626 38.80056 -3.13894 142 142 142
0.34196 38.79619 -3.14049 137 137 137
0.46749 38.79955 -3.13480 141 141 141
0.59296 38.79527 -3.12930 142 142 142
0.71801 38.80366 -3.11764 138 138 138
0.84163 38.79146 -3.09548 140 140 140
0.96652 38.79903 -3.08088 142 142 142
1.08876 38.80249 -3.05193 140 140 140
1.20952 38.79981 -3.01773 142 142 142
1.32866 38.79735 -2.97860 138 138 138
1.45017 38.80036 -2.94603 138 138 138
1.56457 38.79477 -2.89397 142 142 142
1.68009 38.80060 -2.84518 139 139 139
1.79300 38.79959 -2.79060 150 150 150
1.90423 38.79952 -2.73258 143 143 143
2.00967 38.80054 -2.66456 148 148 148
2.11769 38.79987 -2.60082 149 149 149
2.21699 38.79860 -2.52412 149 149 149
2.31845 38.80189 -2.45061 147 147 147
2.41642 38.79863 -2.37239 144 144 144
2.50582 38.79997 -2.28440 146 146 146
2.60290 38.79937 -2.20450 138 138 138
2.68845 38.80237 -2.11262 151 151 151
2.77178 38.79851 -2.01877 148 148 148
2.85467 38.80054 -1.92430 149 149 149
2.92966 38.80151 -1.82343 148 148 148
2.99876 38.80210 -1.71846 152 152 152
3.06665 38.79753 -1.61279 151 151 151
3.12631 38.80332 -1.50225 148 148 148
3.18623 38.80115 -1.39199 155 155 155
3.24137 38.80146 -1.27920 154 154 154
3.29374 38.79924 -1.16500 155 155 155
3.33837 38.79835 -1.04753 159 159 159
3.38394 38.79845 -0.93023 152 152 152
3.41626 38.79708 -0.80860 159 159 159
3.44955 38.79781 -0.68734 160 160 160
3.47428 38.80097 -0.56403 164 164 164
3.49325 38.79981 -0.43978 155 155 155
3.51255 38.79780 -0.31562 158 158 158
3.52299 38.79773 -0.19038 163 163 163
3.52954 38.80326 -0.06494 167 167 167
3.52361 39.19849 0.06125 171 171 171
3.52916 39.20269 0.18654 168 168 168
3.51926 39.19813 0.31143 170 170 170
3.51717 39.19635 0.43725 163 163 163
3.49130 39.20199 0.56030 164 164 164
3.46334 39.20066 0.68243 174 174 174
3.45000 39.20068 0.80778 177 177 177
3.40868 39.19810 0.92657 171 171 171
3.37268 39.20243 1.04645 173 173 173
3.33049 39.19563 1.16429 179 179 179
3.28585 39.20110 1.28120 177 177 177
3.24023 39.20122 1.39797 183 183 183
3.18289 39.20260 1.50942 181 181 181
3.11694 39.19510 1.61599 187 187 187
3.05782 39.20063 1.72625 182 182 182
2.99342 39.20496 1.83367 178 178 178
2.91600 39.20371 1.93221 190 190 190
2.84340 39.19905 2.03409 181 181 181
2.76661 39.20221 2.13304 185 185 185
2.68389 39.19696 2.22712 195 195 195
2.59343 39.19773 2.31383 194 194 194
2.50496 39.19753 2.40240 183 183 183
2.41311 39.20529 2.48763 191 191 191
2.31492 39.19953 2.56550 193 193 193
2.21009 39.19714 2.63432 182 182 182
2.10932 39.19645 2.70839 184 184 184
2.00498 39.19745 2.77752 197 197 197
1.89794 39.20087 2.84259 193 193 193
1.78807 39.19891 2.90292 199 199 199
1.67373 39.20147 2.95436 194 194 194
1.56073 39.19711 3.00887 196 196 196
1.44283 39.19906 3.05179 193 193 193
1.32469 39.19739 3.09393 195 195 195
1.20489 39.19773 3.13136 198 198 198
1.08210 39.20409 3.15761 197 197 197
0.96021 39.20339 3.18730 200 200 200
0.83682 39.19939 3.21040 196 196 196
0.71228 39.20083 3.22637 198 198 198
0.58755 39.19761 3.24149 195 195 195
0.46188 39.20154 3.24433 203 203 203
0.33636 39.20032 3.24598 198 198 198
0.21087 39.19851 3.24365 198 198 198
0.08517 39.20204 3.24164 193 193 193
-0.03926 39.20223 3.22390 204 204 204
-0.16415 39.20131 3.21074 200 200 200
-0.28845 39.19874 3.19213 195 195 195
-0.40960 39.19847 3.15856 195 195 195
-0.53230 39.19862 3.13182 188 188 188
-0.65177 39.20259 3.09335 192 192 192
-0.76870 39.19990 3.04799 193 193 193
-0.88703 39.19877 3.00653 200 200 200
-1.00299 39.19613 2.95867 192 192 192
-1.11652 39.20070 2.90523 188 188 188
-1.22756 39.20061 2.84677 194 194 194
-1.33161 39.19970 2.77646 193 193 193
-1.43788 39.19813 2.71031 190 190 190
-1.54227 39.20136 2.64106 193 193 193
-1.64304 39.20135 2.56658 197 197 197
-1.73756 39.19631 2.48432 182 182 182
-1.83086 39.19935 2.40091 175 175 175
-1.92255 39.20207 2.31568 192 192 192
-2.00821 39.20144 2.22439 190 190 190
-2.08664 39.19859 2.12685 184 184 184
-2.17146 39.20274 2.03471 186 186 186
-2.24681 39.20215 1.93478 184 184 184
-2.31940 39.19724 1.83280 181 181 181
-2.39020 39.20371 1.72938 182 182 182
-2.44827 39.19997 1.61826 174 174 174
-2.51138 39.19571 1.51004 179 179 179
-2.56227 39.19998 1.39555 178 178 178
-2.61208 39.19938 1.28077 180 180 180
-2.65124 39.20123 1.16188 183 183 183
-2.69904 39.19936 1.04615 180 180 180
-2.73952 39.19833 0.92757 176 176 176
-2.76398 39.20383 0.80459 176 176 176
-2.80153 39.20026 0.68460 170 170 170
-2.81628 39.20072 0.55994 177 177 177
-2.83355 39.19987 0.43596 171 171 171
-2.83936 39.19728 0.31087 169 169 169
-2.85519 39.19877 0.18649 176 176 176
-2.85644 39.19473 0.06125 165 165 165
-2.85722 39.20172 -0.06454 171 171 171
-2.84491 39.19646 -0.18975 177 177 177
-2.84035 39.19864 -0.31567 165 165 165
-2.81821 39.20093 -0.43962 160 160 160
-2.79818 39.20019 -0.56378 163 163 163
-2.76372 39.20106 -0.68483 161 161 161
-2.73708 39.19500 -0.80764 160 160 160
-2.69883 39.20540 -0.92730 153 153 153
-2.65979 39.20003 -1.04669 154 154 154
-2.61049 39.19825 -1.16221 154 154 154
-2.56897 39.20055 -1.28117 153 153 153
-2.51052 39.19637 -1.39254 154 154 154
-2.45089 39.19693 -1.50310 152 152 152
-2.38735 39.20172 -1.61141 150 150 150
-2.31558 39.20159 -1.71442 147 147 147
-2.24938 39.20015 -1.82121 155 155 155
-2.17174 39.19724 -1.91987 154 154 154
-2.09302 39.19520 -2.01759 154 154 154
-2.00699 39.20121 -2.10891 154 154 154
-1.92004 39.19950 -2.19916 147 147 147
-1.83066 39.19959 -2.28701 151 151 151
-1.73934 39.20261 -2.37304 153 153 153
-1.64198 39.19537 -2.45215 143 143 143
-1.54262 39.20129 -2.52875 144 144 144
-1.43901 39.19952 -2.59948 145 145 145
-1.33273 39.20449 -2.66602 146 146 146
-1.22452 39.19910 -2.72932 140 140 140
-1.11337 39.19692 -2.78724 139 139 139
-1.00121 39.19661 -2.84321 141 141 141
-0.88621 39.19984 -2.89312 140 140 140
-0.77160 39.20000 -2.94461 141 141 141
-0.65263 39.19992 -2.98491 143 143 143
-0.53179 39.19700 -3.01908 139 139 139
-0.40998 39.20308 -3.04932 132 132 132
-0.28714 39.20313 -3.07484 147 147 147
-0.16361 39.20097 -3.09666 135 135 135
-0.03951 39.19796 -3.11543 135 135 135
0.08513 39.20171 -3.13153 144 144 144
0.21068 39.20317 -3.13779 145 145 145
0.33636 39.19866 -3.14028 139 139 139
0.46218 39.20355 -3.14130 139 139 139
0.58748 39.20219 -3.13009 134 134 134
0.71223 39.20012 -3.11535 143 143 143
0.83705 39.19810 -3.10119 141 141 141
0.96109 39.20231 -3.08101 139 139 139
1.08356 39.19936 -3.05286 143 143 143
1.20318 39.19423 -3.01433 133 133 133
1.32391 39.19680 -2.98046 140 140 140
1.44236 39.19902 -2.93928 141 141 141
1.56078 39.19486 -2.89759 136 136 136
1.67541 39.20041 -2.84641 135 135 135
1.78533 39.19828 -2.78575 145 145 145
1.89954 39.20157 -2.73342 148 148 148
2.00534 39.19525 -2.66584 150 150 150
2.11033 39.19644 -2.59738 143 143 143
2.21407 39.19863 -2.52700 145 145 145
2.31657 39.19527 -2.45452 147 147 147
2.40762 39.19911 -2.36783 149 149 149
2.50417 39.19900 -2.28786 149 149 149
2.59605 39.19758 -2.20244 142 142 142
2.68306 39.20037 -2.11200 155 155 155
2.76748 39.19598 -2.01907 158 158 158
2.83869 39.19904 -1.91532 149 149 149
2.91937 39.19954 -1.81922 153 153 153
2.99229 39.20048 -1.71708 151 151 151
3.05144 39.19771 -1.60611 149 149 149
3.12194 39.20073 -1.50216 158 158 158
3.18165 39.20208 -1.39173 155 155 155
3.23604 39.19957 -1.27856 158 158 158
3.28598 39.20276 -1.16335 159 159 159
3.33415 39.20099 -1.04729 164 164 164
3.37596 39.20456 -0.92873 162 162 162
3.40641 39.20038 -0.80668 157 157 157
3.44052 39.20020 -0.68581 160 160 160
3.46116 39.19728 -0.56184 163 163 163
3.48540 39.20273 -0.43874 161 161 161
3.50297 39.20033 -0.31448 159 159 159
3.51529 39.19832 -0.18956 172 172 172
3.52670 39.19767 -0.06441 172 172 172
3.52484 39.59778 0.06188 168 168 168
3.52067 39.60145 0.18706 165 165 165
3.50978 39.60002 0.31178 176 176 176
3.50225 39.59692 0.43681 173 173 173
3.48336 39.60004 0.56061 174 174 174
3.45929 39.60261 0.68344 171 171 171
3.43592 39.59828 0.80646 175 175 175
3.40378 39.59664 0.92749 174 174 174
3.36926 39.60077 1.04790 173 173 173
3.32698 39.59753 1.16581 183 183 183
3.27144 39.59722 1.27833 175 175 175
3.22803 39.60001 1.39572 179 179 179
3.17615 39.60412 1.50964 176 176 176
3.11733 39.60160 1.62018 174 174 174
3.05226 39.59811 1.72713 179 179 179
2.98656 39.59966 1.83369 176 176 176
2.91362 39.60569 1.93545 182 182 182
2.83885 39.60224 2.03584 191 191 191
2.76168 39.60162 2.13454 188 188 188
2.67150 39.60213 2.22181 183 183 183
2.58992 39.59969 2.31691 190 190 190
2.49889 39.60013 2.40291 187 187 187
2.40364 39.60039 2.48416 190 190 190
2.31229 39.59570 2.57035 183 183 183
2.20781 39.60394 2.63999 196 196 196
2.10729 39.59816 2.71488 188 188 188
2.00080 39.59936 2.78103 188 188 188
1.89154 39.59807 2.84240 190 190 190
1.78162 39.60147 2.90255 193 193 193
1.66963 39.59690 2.95895 197 197 197
1.55321 39.60063 3.00563 194 194 194
1.43529 39.60037 3.04799 198 198 198
1.31738 39.59849 3.09022 200 200 200
1.19924 39.59941 3.13280 197 197 197
1.07773 39.59994 3.16449 196 196 196
0.95363 39.59915 3.18430 195 195 195
0.83200 39.60014 3.21745 198 198 198
0.70644 39.59815 3.22683 201 201 201
0.58148 39.59803 3.23875 192 192 192
0.45631 39.60070 3.25035 194 194 194
0.33060 39.59630 3.25494 193 193 193
0.20489 39.60576 3.25017 197 197 197
0.08005 39.60076 3.23460 195 195 195
-0.04523 39.60281 3.22676 194 194 194
-0.16958 39.59591 3.20973 190 190 190
-0.29399 39.60107 3.19212 197 197 197
-0.41489 39.59427 3.15765 194 194 194
-0.53613 39.59879 3.12603 195 195 195
-0.65661 39.60270 3.09152 197 197 197
-0.77685 39.59989 3.05546 195 195 195
-0.89106 39.60247 3.00333 192 192 192
-1.00785 39.59924 2.95768 193 193 193
-1.11846 39.60083 2.89869 194 194 194
-1.22957 39.59717 2.84101 197 197 197
-1.34199 39.60100 2.78491 194 194 194
-1.44517 39.60661 2.71350 190 190 190
-1.54806 39.59790 2.64199 187 187 187
-1.64608 39.59813 2.56399 187 187 187
-1.74638 39.59672 2.48876 189 189 189
-1.83870 39.60157 2.40400 190 190 190
-1.93210 39.60191 2.32029 186 186 186
-2.01640 39.60189 2.22744 182 182 182
-2.09760 39.60201 2.13208 188 188 188
-2.17696 39.59608 2.03530 190 190 190
-2.25343 39.60146 1.93618 189 189 189
-2.32719 39.60065 1.83492 181 181 181
-2.39429 39.59863 1.72910 183 183 183
-2.45372 39.60262 1.61882 177 177 177
-2.51312 39.60109 1.50871 182 182 182
-2.57163 39.59963 1.39792 181 181 181
-2.61624 39.60105 1.28081 179 179 179
-2.66666 39.59804 1.16614 177 177 177
-2.70608 39.59969 1.04726 179 179 179
-2.74356 39.59497 0.92776 173 173 173
-2.76827 39.60110 0.80491 174 174 174
-2.80237 39.60445 0.68429 174 174 174
-2.81989 39.59762 0.56025 170 170 170
-2.83514 39.60042 0.43611 169 169 169
-2.85483 39.60344 0.31227 174 174 174
-2.86075 39.59579 0.18711 174 174 174
-2.85619 39.60545 0.06188 172 172 172
-2.86537 39.60231 -0.06399 173 173 173
-2.85772 39.59632 -0.18965 166 166 166
-2.84163 39.59607 -0.31448 157 157 157
-2.82110 39.60049 -0.43849 162 162 162
-2.80429 39.60201 -0.56316 163 163 163
-2.78052 39.59912 -0.68677 160 160 160
-2.73789 39.60036 -0.80552 160 160 160
-2.70062 39.59951 -0.92527 160 160 160
-2.66318 39.60146 -1.04507 152 152 152
-2.61693 39.60007 -1.16173 154 154 154
-2.56949 39.59859 -1.27799 154 154 154
-2.51209 39.59644 -1.38964 162 162 162
-2.45272 39.59994 -1.50011 158 158 158
-2.39388 39.60031 -1.61109 150 150 150
-2.31903 39.59997 -1.71208 148 148 148
-2.25491 39.59868 -1.82024 146 146 146
-2.17876 39.60375 -1.92006 153 153 153
-2.10215 39.60719 -2.01966 143 143 143
-2.01989 39.59945 -2.11470 155 155 155
-1.92290 39.60165 -2.19544 149 149 149
-1.84071 39.59757 -2.29084 145 145 145
-1.74351 39.59971 -2.37036 150 150 150
-1.64690 39.59691 -2.45029 145 145 145
-1.54580 39.60019 -2.52440 151 151 151
-1.44320 39.60239 -2.59632 141 141 141
-1.33874 39.59683 -2.66564 139 139 139
-1.23347 39.59914 -2.73424 141 141 141
-1.11837 39.60108 -2.78497 140 140 140
-1.01056 39.60087 -2.85023 147 147 147
-0.89361 39.60060 -2.89632 138 138 138
-0.77428 39.60129 -2.93550 138 138 138
-0.65748 39.59820 -2.98136 146 146 146
-0.53818 39.60515 -3.02056 143 143 143
-0.41595 39.59869 -3.04947 131 131 131
-0.29193 39.59874 -3.06924 145 145 145
-0.17012 39.60042 -3.10074 143 143 143
-0.04539 39.60136 -3.11568 136 136 136
0.07968 39.59805 -3.12691 135 135 135
0.20496 39.59707 -3.13615 135 135 135
0.33060 39.59807 -3.13791 142 142 142
0.45612 39.60190 -3.13314 135 135 135
0.58159 39.59895 -3.12788 138 138 138
0.70660 39.59726 -3.11581 137 137 137
0.83067 39.59487 -3.09662 138 138 138
0.95378 39.60224 -3.07253 138 138 138
1.07712 39.60199 -3.04934 143 143 143
1.20054 39.59743 -3.02472 138 138 138
1.31873 39.59853 -2.98154 135 135 135
1.43560 39.59980 -2.93585 136 136 136
1.55454 39.60120 -2.89569 141 141 141
1.66838 39.59764 -2.84290 138 138 138
1.78212 39.59635 -2.78999 135 135 135
1.89246 39.60281 -2.73030 149 149 149
1.99848 39.59564 -2.66327 139 139 139
2.10457 39.60055 -2.59660 147 147 147
2.20913 39.60166 -2.52734 142 142 142
2.31060 39.60049 -2.45346 146 146 146
2.40649 39.59746 -2.37245 146 146 146
2.49780 39.60241 -2.28640 142 142 142
2.59209 39.59859 -2.20343 150 150 150
2.67547 39.59710 -2.10951 154 154 154
2.76005 39.59803 -2.01685 149 149 149
2.83904 39.59859 -1.91934 144 144 144
2.91512 39.60149 -1.81952 157 157 157
2.99036 39.60217 -1.71885 158 158 158
3.05062 39.60150 -1.60836 150 150 150
3.11185 39.59592 -1.49896 150 150 150
3.17555 39.59820 -1.39079 153 153 153
3.23033 39.60268 -1.27783 158 158 158
3.27179 39.59634 -1.15911 164 164 164
3.32567 39.60262 -1.04555 157 157 157
3.36667 39.59883 -0.92685 161 161 161
3.40777 39.59986 -0.80797 159 159 159
3.43916 39.60206 -0.68616 160 160 160
3.45901 39.59743 -0.56187 160 160 160
3.48413 39.59870 -0.43878 163 163 163
3.50046 39.59937 -0.31420 166 166 166
3.51005 39.60082 -0.18895 168 168 168
3.52610 39.60274 -0.06398 168 168 168
3.51793 40.00249 0.06250 173 173 173
3.51858 40.00536 0.18785 167 167 167
3.51170 39.99783 0.31304 165 165 165
3.49351 39.99525 0.43712 174 174 174
3.48081 39.99893 0.56180 177 177 177
3.45504 39.99991 0.68443 171 171 171
3.42428 40.00202 0.80576 179 179 179
3.39147 39.99871 0.92637 171 171 171
3.36136 40.00312 1.04795 178 178 178
3.32626 39.99989 1.16843 181 181 181
3.27483 39.99485 1.28290 177 177 177
3.22928 40.00420 1.39974 175 175 175
3.16710 39.99888 1.50878 179 179 179
3.11388 39.99810 1.62231 186 186 186
3.04906 40.00086 1.72955 182 182 182
2.97791 40.00157 1.83264 181 181 181
2.90943 40.00056 1.93748 180 180 180
2.83133 39.99975 2.03538 182 182 182
2.75086 39.99863 2.13117 181 181 181
2.66863 40.00104 2.22546 181 181 181
2.58717 40.00422 2.32092 187 187 187
2.49374 40.00351 2.40460 187 187 187
2.40322 39.99403 2.49147 183 183 183
2.30428 40.00175 2.56860 178 178 178
2.20399 40.00271 2.64380 188 188 188
2.10173 40.00327 2.71635 185 185 185
1.99689 39.99827 2.78526 187 187 187
1.88689 40.00181 2.84562 192 192 192
1.77527 39.99717 2.90269 185 185 185
1.66353 40.00160 2.95957 189 189 189
1.54981 39.99770 3.01275 190 190 190
1.43079 40.00206 3.05290 192 192 192
1.31036 39.99760 3.08792 194 194 194
1.19283 40.00510 3.13218 194 194 194
1.07167 39.99538 3.16503 188 188 188
0.94810 40.00167 3.18743 189 189 189
0.82580 39.99949 3.21687 193 193 193
0.70049 39.99560 3.22787 206 206 206
0.57604 40.00341 3.24623 190 190 190
0.45046 40.00100 3.25355 196 196 196
0.32466 39.99983 3.24785 194 194 194
0.19885 40.00443 3.25397 195 195 195
0.07372 39.99738 3.24080 204 204 204
-0.05115 40.00146 3.22773 190 190 190
-0.17456 39.99943 3.20485 196 196 196
-0.30011 39.99892 3.19416 197 197 197
-0.42214 40.00117 3.16418 193 193 193
-0.54233 40.00118 3.12801 196 196 196
-0.66416 40.00034 3.09755 196 196 196
-0.78117 40.00152 3.05212 187 187 187
-0.89712 39.99661 3.00463 195 195 195
-1.01410 40.00158 2.95936 196 196 196
-1.12655 39.99697 2.90389 196 196 196
-1.23613 39.99809 2.84307 190 190 190
-1.34589 40.00269 2.78253 189 189 189
-1.45170 39.99733 2.71531 192 192 192
-1.55566 40.00051 2.64517 196 196 196
-1.65514 40.00094 2.56883 189 189 189
-1.74560 39.99945 2.48176 197 197 197
-1.84407 40.00111 2.40423 182 182 182
-1.93327 39.99832 2.31636 186 186 186
-2.01624 40.00082 2.22263 184 184 184
-2.10756 40.00289 2.13632 195 195 195
-2.17759 40.00212 2.03190 184 184 184
-2.26043 40.00295 1.93772 182 182 182
-2.33678 39.99824 1.83812 180 180 180
-2.40789 40.00085 1.73455 186 186 186
-2.46085 39.99603 1.62023 184 184 184
-2.52399 40.00165 1.51195 180 180 180
-2.57390 39.99802 1.39695 190 190 190
-2.62798 40.00186 1.28392 172 172 172
-2.66208 40.00070 1.16295 179 179 179
-2.71063 39.99802 1.04749 174 174 174
-2.74743 39.99919 0.92786 176 176 176
-2.77857 39.99923 0.80663 172 172 172
-2.80766 39.99697 0.68482 175 175 175
-2.83586 40.00344 0.56249 174 174 174
-2.85377 40.00071 0.43826 167 167 167
-2.85710 39.99871 0.31262 173 173 173
-2.86788 40.00071 0.18779 167 167 167
-2.86857 40.00231 0.06250 170 170 170
-2.86596 39.99797 -0.06315 166 166 166
-2.85637 40.00575 -0.18842 166 166 166
-2.84075 40.00381 -0.31300 165 165 165
-2.83544 39.99888 -0.43914 159 159 159
-2.81207 40.00127 -0.56283 159 159 159
-2.77821 40.00340 -0.68409 160 160 160
-2.74321 39.99679 -0.80463 161 161 161
-2.71313 40.00376 -0.92668 156 156 156
-2.66972 39.99619 -1.04455 159 159 159
-2.62767 39.99559 -1.16297 164 164 164
-2.57525 39.99796 -1.27715 152 152 152
-2.52158 39.99520 -1.39068 158 158 158
-2.46360 39.99918 -1.50210 151 151 151
-2.40203 40.00102 -1.61166 155 155 155
-2.33328 39.99746 -1.71684 150 150 150
-2.25585 39.99785 -1.81581 148 148 148
-2.19079 39.99924 -1.92406 156 156 156
-2.10426 40.00331 -2.01559 148 148 148
-2.01716 39.99759 -2.10589 155 155 155
-1.93462 39.99445 -2.20042 147 147 147
-1.84489 40.00008 -2.28814 143 143 143
-1.74832 40.00284 -2.36825 146 146 146
-1.65792 40.00012 -2.45594 142 142 142
-1.55120 40.00225 -2.52287 146 146 146
-1.45241 40.00329 -2.60045 149 149 149
-1.34508 40.00020 -2.66552 147 147 147
-1.23354 39.99814 -2.72299 141 141 141
-1.12903 39.99659 -2.79347 140 140 140
-1.01453 39.99801 -2.84520 142 142 142
-0.90151 40.00027 -2.90032 138 138 138
-0.78373 40.00116 -2.94431 137 137 137
-0.66332 39.99866 -2.98034 143 143 143
-0.54419 39.99924 -3.02012 146 146 146
-0.42159 39.99730 -3.04752 144 144 144
-0.29922 39.99645 -3.07536 136 136 136
-0.17583 39.99680 -3.09862 144 144 144
-0.05211 39.99956 -3.12170 134 134 134
0.07351 39.99788 -3.12922 141 141 141
0.19931 39.99720 -3.12828 138 138 138
0.32466 40.00526 -3.13656 144 144 144
0.45032 39.99572 -3.13600 138 138 138
0.57595 40.00169 -3.13092 145 145 145
0.70079 39.99786 -3.11626 139 139 139
0.82555 40.00082 -3.10109 139 139 139
0.94896 40.00314 -3.07745 136 136 136
1.06867 40.00084 -3.03816 137 137 137
1.19302 40.00094 -3.01836 139 139 139
1.31144 40.00194 -2.97664 147 147 147
1.43104 40.00141 -2.93882 143 143 143
1.54787 39.99470 -2.89315 144 144 144
1.66206 40.00119 -2.84130 141 141 141
1.77785 40.00006 -2.79247 141 141 141
1.88609 40.00286 -2.72874 134 134 134
1.99252 39.99863 -2.66244 151 151 151
2.09757 40.00164 -2.59420 145 145 145
2.20334 39.99759 -2.52674 141 141 141
2.30047 39.99795 -2.44733 148 148 148
2.39694 40.00059 -2.36742 144 144 144
2.49076 39.99649 -2.28440 145 145 145
2.58623 39.99353 -2.20270 147 147 147
2.66994 39.99962 -2.10908 148 148 148
2.74917 39.99980 -2.01182 149 149 149
2.82790 40.00120 -1.91443 147 147 147
2.91045 39.99451 -1.81964 146 146 146
2.98143 39.99932 -1.71606 151 151 151
3.04885 39.99929 -1.61013 149 149 149
3.11009 39.99745 -1.50052 155 155 155
3.17121 39.99533 -1.39083 150 150 150
3.22579 40.00130 -1.27770 157 157 157
3.27523 40.00099 -1.16224 158 158 158
3.31893 39.99475 -1.04450 156 156 156
3.36258 40.00133 -0.92672 154 154 154
3.40129 39.99960 -0.80710 163 163 163
3.43025 39.99767 -0.68474 150 150 150
3.45828 39.99583 -0.56221 160 160 160
3.47855 40.00385 -0.43815 166 166 166
3.50027 40.00173 -0.31421 158 158 158
3.50812 40.00106 -0.18861 159 159 159
3.52306 40.00596 -0.06345 162 162 162
3.50977 40.40425 0.06313 164 164 164
3.51381 40.39599 0.18853 160 160 160
3.49826 40.39712 0.31310 164 164 164
3.49209 40.39863 0.43832 167 167 167
3.46879 40.40125 0.56152 177 177 177
3.44949 40.40228 0.68521 172 172 172
3.41747 40.40096 0.80625 177 177 177
3.39286 40.39678 0.92916 178 178 178
3.35865 40.39869 1.04973 177 177 177
3.31214 40.40121 1.16617 173 173 173
3.26276 40.40121 1.28112 179 179 179
3.21838 40.40015 1.39824 181 181 181
3.16035 40.39789 1.50917 181 181 181
3.10859 40.39968 1.62349 181 181 181
3.04712 40.39910 1.73284 186 186 186
2.97583 40.40366 1.83608 181 181 181
2.89981 40.40300 1.93570 178 178 178
2.82714 40.40302 2.03766 196 196 196
2.74335 40.40063 2.13077 189 189 189
2.66280 40.39546 2.22652 182 182 182
2.57905 40.39679 2.31973 190 190 190
2.48854 40.39742 2.40642 190 190 190
2.39358 40.39925 2.48819 188 188 188
2.29826 40.40196 2.56958 190 190 190
2.19885 40.40401 2.64601 191 191 191
2.09473 40.39740 2.71592 185 185 185
1.98922 40.39999 2.78362 191 191 191
1.88376 40.40030 2.85187 189 189 189
1.77199 40.39824 2.90918 188 188 188
1.65591 40.40512 2.95727 187 187 187
1.54140 40.39376 3.00818 192 192 192
1.42539 40.39898 3.05582 188 188 188
1.30582 40.40239 3.09374 199 199 199
1.18707 40.40479 3.13443 193 193 193
1.06486 40.39700 3.16316 191 191 191
0.94240 40.39851 3.19052 192 192 192
0.81816 40.39752 3.20825 196 196 196
0.69469 40.40325 3.23148 193 193 193
0.56968 40.40023 3.24397 188 188 188
0.44406 40.40032 3.24700 191 191 191
0.31857 40.40039 3.24927 199 199 199
0.19286 40.40342 3.25245 194 194 194
0.06704 40.40420 3.24925 197 197 197
-0.05728 40.40237 3.22912 196 196 196
-0.18165 40.40135 3.21217 198 198 198
-0.30444 40.39712 3.18634 195 195 195
-0.42816 40.40131 3.16494 197 197 197
-0.54798 40.39931 3.12750 197 197 197
-0.66780 40.39716 3.09101 198 198 198
-0.78724 40.40123 3.05305 196 196 196
-0.90736 40.39738 3.01563 194 194 194
-1.02022 40.39843 2.96038 196 196 196
-1.13242 40.39848 2.90441 193 193 193
-1.24449 40.40187 2.84806 193 193 193
-1.35125 40.39625 2.78226 193 193 193
-1.45811 40.40063 2.71668 195 195 195
-1.55825 40.40008 2.64124 183 183 183
-1.66004 40.40077 2.56819 187 187 187
-1.75646 40.40437 2.48820 185 185 185
-1.84731 40.39759 2.40199 186 186 186
-1.94623 40.39698 2.32405 181 181 181
-2.02559 40.39969 2.22645 181 181 181
-2.11281 40.39939 2.13640 184 184 184
-2.19121 40.40230 2.03861 186 186 186
-2.27031 40.39987 1.94124 183 183 183
-2.33850 40.39943 1.83595 184 184 184
-2.40422 40.40023 1.72931 185 185 185
-2.47170 40.39843 1.62363 183 183 183
-2.52813 40.39971 1.51168 175 175 175
-2.58186 40.40593 1.39852 174 174 174
-2.63166 40.39773 1.28362 175 175 175
-2.67435 40.40082 1.16593 171 171 171
-2.71966 40.40362 1.04913 183 183 183
-2.75776 40.40046 0.92973 171 171 171
-2.78019 40.39765 0.80622 172 172 172
-2.81424 40.40292 0.68558 171 171 171
-2.83511 40.39933 0.56206 172 172 172
-2.84928 40.39749 0.43765 173 173 173
-2.86754 40.39697 0.31360 171 171 171
-2.87116 40.40197 0.18831 169 169 169
-2.87934 40.39567 0.06313 167 167 167
-2.87552 40.39888 -0.06264 163 163 163
-2.86415 40.39898 -0.18790 166 166 166
-2.85315 40.40086 -0.31308 167 167 167
-2.84246 40.40156 -0.43860 168 168 168
-2.81126 40.40093 -0.56076 163 163 163
-2.79387 40.39941 -0.68567 164 164 164
-2.75230 40.39828 -0.80476 160 160 160
-2.71702 40.39911 -0.92523 156 156 156
-2.68055 40.39794 -1.04555 154 154 154
-2.62629 40.40147 -1.15912 160 160 160
-2.58524 40.40212 -1.27818 156 156 156
-2.52603 40.40151 -1.38907 158 158 158
-2.47321 40.40362 -1.50329 149 149 149
-2.40017 40.40261 -1.60600 148 148 148
-2.34091 40.39349 -1.71707 158 158 158
-2.26679 40.40509 -1.81854 142 142 142
-2.19297 40.40482 -1.92017 148 148 148
-2.11129 40.40171 -2.01558 145 145 145
-2.03130 40.40302 -2.11252 147 147 147
-1.94112 40.39758 -2.20002 150 150 150
-1.85475 40.39984 -2.29141 140 140 140
-1.75619 40.39493 -2.36952 145 145 145
-1.66069 40.40034 -2.45091 145 145 145
-1.56171 40.39315 -2.52814 150 150 150
-1.45446 40.39686 -2.59360 143 143 143
-1.35321 40.40278 -2.66804 147 147 147
-1.24244 40.40015 -2.72720 142 142 142
-1.13488 40.40142 -2.79223 151 151 151
-1.01855 40.40051 -2.83994 147 147 147
-0.90484 40.40378 -2.89288 147 147 147
-0.78895 40.39646 -2.94118 143 143 143
-0.66806 40.40255 -2.97542 133 133 133
-0.54988 40.40267 -3.01796 143 143 143
-0.42785 40.39729 -3.04749 139 139 139
-0.30446 40.39839 -3.07036 147 147 147
-0.18200 40.39937 -3.09839 144 144 144
-0.05751 40.39718 -3.11514 137 137 137
0.06748 40.39728 -3.12774 143 143 143
0.19277 40.40009 -3.13896 142 142 142
0.31857 40.40067 -3.13034 141 141 141
0.44409 40.40449 -3.13203 142 142 142
0.56946 40.40063 -3.12531 139 139 139
0.69457 40.40141 -3.11450 139 139 139
0.81923 40.39766 -3.09903 138 138 138
0.94191 40.40186 -3.07198 135 135 135
1.06538 40.39970 -3.04914 137 137 137
1.18706 40.40014 -3.01814 140 140 140
1.30795 40.40253 -2.98391 146 146 146
1.42636 40.40127 -2.94193 141 141 141
1.54039 40.40235 -2.88907 145 145 145
1.65533 40.40006 -2.83917 151 151 151
1.76698 40.39703 -2.78235 142 142 142
1.88132 40.40420 -2.73033 138 138 138
1.98694 40.39761 -2.66250 147 147 147
2.09398 40.40088 -2.59716 148 148 148
2.19733 40.40022 -2.52606 155 155 155
2.29443 40.40654 -2.44661 151 151 151
2.39372 40.40142 -2.36998 152 152 152
2.49237 40.39951 -2.29193 155 155 155
2.57589 40.40192 -2.19766 146 146 146
2.66575 40.40081 -2.11004 150 150 150
2.75096 40.39936 -2.01775 152 152 152
2.82571 40.40199 -1.91671 151 151 151
2.90546 40.40166 -1.81965 144 144 144
2.97051 40.39881 -1.71204 155 155 155
3.04276 40.40127 -1.60934 150 150 150
3.10472 40.39590 -1.50015 149 149 149
3.16888 40.40038 -1.39198 148 148 148
3.22419 40.40338 -1.27902 157 157 157
3.26872 40.40610 -1.16131 160 160 160
3.31703 40.39968 -1.04531 162 162 162
3.35917 40.40270 -0.92686 158 158 158
3.40100 40.40335 -0.80802 156 156 156
3.41567 40.40004 -0.68199 159 159 159
3.44648 40.39845 -0.56038 162 162 162
3.47521 40.39934 -0.43791 169 169 169
3.48511 40.39930 -0.31247 172 172 172
3.50012 40.39789 -0.18781 166 166 166
3.51379 40.39712 -0.06269 164 164 164
3.50120 40.80099 0.06375 175 175 175
3.49860 40.80462 0.18881 168 168 168
3.49407 40.79954 0.31390 166 166 166
3.48100 40.80272 0.43840 179 179 179
3.47263 40.79917 0.56377 171 171 171
3.44490 40.80154 0.68620 170 170 170
3.41678 40.80172 0.80826 174 174 174
3.38678 40.80438 0.92989 181 181 181
3.34797 40.80184 1.04899 182 182 182
3.30930 40.80128 1.16812 177 177 177
3.26351 40.80115 1.28473 181 181 181
3.20999 40.80074 1.39798 175 175 175
3.16482 40.79789 1.51537 180 180 180
3.10025 40.80146 1.62306 173 173 173
3.03644 40.79896 1.73088 179 179 179
2.97146 40.79705 1.83811 180 180 180
2.89941 40.80292 1.94073 185 185 185
2.82024 40.79675 2.03795 183 183 183
2.73447 40.80033 2.12932 192 192 192
2.66270 40.79700 2.23303 186 186 186
2.57223 40.80212 2.32000 189 189 189
2.48026 40.80228 2.40508 197 197 197
2.38840 40.80161 2.49030 186 186 186
2.28866 40.80139 2.56621 181 181 181
2.19220 40.80119 2.64637 189 189 189
2.08910 40.79669 2.71777 197 197 197
1.98465 40.80141 2.78731 192 192 192
1.87419 40.79862 2.84691 195 195 195
1.76323 40.80288 2.90525 193 193 193
1.64931 40.79471 2.95750 189 189 189
1.53659 40.79824 3.01266 203 203 203
1.41998 40.80088 3.05914 196 196 196
1.29951 40.79663 3.09464 195 195 195
1.18030 40.80209 3.13367 199 199 199
1.05906 40.79642 3.16615 199 199 199
0.93601 40.80185 3.19093 193 193 193
0.81248 40.79818 3.21306 194 194 194
0.68767 40.79903 3.22617 189 189 189
0.56355 40.80110 3.24682 195 195 195
0.43791 40.79553 3.25094 193 193 193
0.31230 40.80153 3.25355 196 196 196
0.18692 40.80186 3.24537 200 200 200
0.06140 40.79669 3.24247 190 190 190
-0.06416 40.80100 3.23550 200 200 200
-0.18891 40.80043 3.21962 208 208 208
-0.31139 40.79874 3.19090 192 192 192
-0.43415 40.80507 3.16491 193 193 193
-0.55589 40.79808 3.13440 195 195 195
-0.67545 40.79833 3.09633 196 196 196
-0.79453 40.79784 3.05686 194 194 194
-0.91372 40.79834 3.01687 192 192 192
-1.02709 40.80224 2.96270 192 192 192
-1.13947 40.80097 2.90691 191 191 191
-1.24994 40.80088 2.84755 188 188 188
-1.35630 40.79949 2.78120 196 196 196
-1.46815 40.79557 2.72325 185 185 185
-1.56885 40.79710 2.64810 193 193 193
-1.66226 40.79296 2.56394 188 188 188
-1.76293 40.79830 2.48930 188 188 188
-1.85306 40.79390 2.40228 189 189 189
-1.95489 40.80057 2.32727 193 193 193
-2.03630 40.79675 2.23137 189 189 189
-2.11914 40.80096 2.13725 186 186 186
-2.19420 40.80156 2.03682 186 186 186
-2.27117 40.79957 1.93809 188 188 188
-2.34476 40.80335 1.83671 177 177 177
-2.40715 40.79712 1.72801 179 179 179
-2.46907 40.79881 1.61939 186 186 186
-2.53193 40.79923 1.51115 177 177 177
-2.59475 40.80005 1.40230 177 177 177
-2.63923 40.80110 1.28487 169 169 169
-2.68846 40.80455 1.16952 176 176 176
-2.72368 40.79577 1.04909 170 170 170
-2.75915 40.79408 0.92903 170 170 170
-2.79532 40.80036 0.80902 180 180 180
-2.81707 40.79959 0.68556 176 176 176
-2.83528 40.79920 0.56175 172 172 172
-2.85715 40.80085 0.43849 175 175 175
-2.86978 40.80217 0.31393 174 174 174
-2.87913 40.80209 0.18901 173 173 173
-2.88672 40.80247 0.06375 168 168 168
-2.87550 40.80219 -0.06176 168 168 168
-2.87298 40.80506 -0.18745 171 171 171
-2.85668 40.80115 -0.31209 168 168 168
-2.84875 40.79959 -0.43792 164 164 164
-2.81757 40.80223 -0.56007 162 162 162
-2.79578 40.79790 -0.68392 158 158 158
-2.76579 40.80120 -0.80607 158 158 158
-2.72298 40.79516 -0.92440 160 160 160
-2.68200 40.79652 -1.04304 161 161 161
-2.63554 40.79881 -1.15960 157 157 157
-2.58125 40.79975 -1.27269 145 145 145
-2.53609 40.80057 -1.39023 146 146 146
-2.47237 40.79693 -1.49853 168 168 168
-2.41092 40.79926 -1.60797 146 146 146
-2.34362 40.80024 -1.71391 153 153 153
-2.27331 40.80113 -1.81793 149 149 149
-2.19735 40.80048 -1.91789 149 149 149
-2.11865 40.79748 -2.01571 156 156 156
-2.03792 40.79884 -2.11204 150 150 150
-1.94436 40.80013 -2.19620 140 140 140
-1.85428 40.80227 -2.28332 148 148 148
-1.76066 40.80476 -2.36662 150 150 150
-1.66677 40.79967 -2.44989 144 144 144
-1.56680 40.80079 -2.52573 135 135 135
-1.46397 40.79987 -2.59766 144 144 144
-1.35628 40.80630 -2.66206 145 145 145
-1.24989 40.80271 -2.72855 147 147 147
-1.13791 40.80052 -2.78511 136 136 136
-1.02551 40.79830 -2.84068 146 146 146
-0.91175 40.79535 -2.89369 142 142 142
-0.79300 40.79899 -2.93443 144 144 144
-0.67703 40.79677 -2.98305 142 142 142
-0.55780 40.79843 -3.02313 138 138 138
-0.43485 40.80285 -3.04985 135 135 135
-0.31150 40.79571 -3.07360 136 136 136
-0.18806 40.80514 -3.09642 138 138 138
-0.06398 40.79682 -3.11621 143 143 143
0.06129 40.79981 -3.12626 138 138 138
0.18679 40.79534 -3.13101 144 144 144
0.31230 40.79813 -3.13750 137 137 137
0.43790 40.79961 -3.13313 142 142 142
0.56314 40.80201 -3.12393 142 142 142
0.68784 40.79804 -3.10989 140 140 140
0.81269 40.80106 -3.09656 141 141 141
0.93723 40.79769 -3.07924 138 138 138
1.05941 40.79511 -3.04965 136 136 136
1.18199 40.79845 -3.02163 140 140 140
1.29995 40.79963 -2.97784 142 142 142
1.41884 40.80119 -2.93778 143 143 143
1.53737 40.79914 -2.89614 139 139 139
1.64949 40.80070 -2.83931 142 142 142
1.76474 40.80112 -2.78946 143 143 143
1.87568 40.79675 -2.73065 148 148 148
1.98346 40.79570 -2.66625 146 146 146
2.08546 40.79748 -2.59300 140 140 140
2.19152 40.79876 -2.52589 147 147 147
2.29213 40.80040 -2.45083 144 144 144
2.39296 40.80226 -2.37562 152 152 152
2.47914 40.80324 -2.28359 145 145 145
2.57486 40.79650 -2.20208 152 152 152
2.65440 40.79837 -2.10453 147 147 147
2.74737 40.80016 -2.01923 148 148 148
2.81888 40.80375 -1.91546 153 153 153
2.89823 40.79594 -1.81815 146 146 146
2.96746 40.80274 -1.71339 147 147 147
3.03322 40.79980 -1.60655 143 143 143
3.09772 40.80024 -1.49895 149 149 149
3.15429 40.80066 -1.38697 144 144 144
3.21778 40.80151 -1.27818 158 158 158
3.26189 40.80015 -1.16033 156 156 156
3.30960 40.80152 -1.04414 159 159 159
3.35528 40.79620 -0.92690 161 161 161
3.38384 40.80221 -0.80422 163 163 163
3.41903 40.80212 -0.68360 163 163 163
3.44660 40.79559 -0.56095 167 167 167
3.46920 40.79757 -0.43726 156 156 156
3.48440 40.79980 -0.31246 166 166 166
3.49460 40.79786 -0.18721 160 160 160
3.50653 40.80039 -0.06201 167 167 167
3.50290 41.19973 0.06438 169 169 169
3.50152 41.20214 0.18981 168 168 168
3.49500 41.19750 0.31512 160 160 160
3.48269 41.20202 0.44001 172 172 172
3.45593 41.20269 0.56280 167 167 167
3.44128 41.19828 0.68742 175 175 175
3.40681 41.19829 0.80808 176 176 176
3.38125 41.20488 0.93081 173 173 173
3.33789 41.19540 1.04848 165 165 165
3.30015 41.20505 1.16781 177 177 177
3.25323 41.19794 1.28384 175 175 175
3.20671 41.20025 1.40014 177 177 177
3.15311 41.19894 1.51340 181 181 181
3.08952 41.19903 1.62138 181 181 181
3.03140 41.20085 1.73248 187 187 187
2.96968 41.20150 1.84197 185 185 185
2.89234 41.20174 1.94103 183 183 183
2.81487 41.19813 2.03956 185 185 185
2.73650 41.19890 2.13734 190 190 190
2.65335 41.20025 2.23113 191 191 191
2.56210 41.20347 2.31712 190 190 190
2.47385 41.19914 2.40593 192 192 192
2.38143 41.20075 2.49052 191 191 191
2.28109 41.19841 2.56563 185 185 185
2.18564 41.20132 2.64706 193 193 193
2.08311 41.20422 2.71931 191 191 191
1.97491 41.19714 2.78281 194 194 194
1.86783 41.20111 2.84797 195 195 195
1.75666 41.20405 2.90591 189 189 189
1.64652 41.19799 2.96635 185 185 185
1.52811 41.20208 3.00871 195 195 195
1.41318 41.19723 3.05913 187 187 187
1.29537 41.20005 3.10268 188 188 188
1.17442 41.19976 3.13666 196 196 196
1.05183 41.20120 3.16382 194 194 194
0.93012 41.20164 3.19471 200 200 200
0.80590 41.19847 3.21311 187 187 187
0.68220 41.20014 3.23532 192 192 192
0.55714 41.20576 3.24808 196 196 196
0.43151 41.19896 3.25273 202 202 202
0.30588 41.20149 3.25212 192 192 192
0.18023 41.20094 3.25343 189 189 189
0.05514 41.20223 3.24159 195 195 195
-0.07050 41.20305 3.23591 193 193 193
-0.19433 41.19857 3.21436 206 206 206
-0.31931 41.20187 3.19952 195 195 195
-0.44059 41.20008 3.16605 196 196 196
-0.56379 41.19858 3.14067 199 199 199
-0.68188 41.20370 3.09740 201 201 201
-0.80177 41.19971 3.06010 200 200 200
-0.91611 41.19817 3.00813 195 195 195
-1.03066 41.20120 2.95749 193 193 193
-1.14614 41.20117 2.90837 195 195 195
-1.25305 41.20102 2.84258 193 193 193
-1.36716 41.20569 2.78938 189 189 189
-1.46858 41.20006 2.71518 190 190 190
-1.57109 41.20255 2.64323 184 184 184
-1.67389 41.20231 2.57142 192 192 192
-1.76772 41.19835 2.48824 184 184 184
-1.86432 41.19989 2.40835 189 189 189
-1.95431 41.20067 2.32110 191 191 191
-2.03991 41.19914 2.22958 184 184 184
-2.12322 41.20021 2.13605 190 190 190
-2.20027 41.20080 2.03733 189 189 189
-2.27684 41.20089 1.93832 181 181 181
-2.35544 41.20070 1.84031 183 183 183
-2.41489 41.19568 1.72957 188 188 188
-2.48236 41.20478 1.62397 184 184 184
-2.53291 41.20442 1.50910 186 186 186
-2.59111 41.20079 1.39837 178 178 178
-2.64538 41.19989 1.28546 182 182 182
-2.68967 41.19971 1.16829 176 176 176
-2.73173 41.19493 1.05031 177 177 177
-2.76391 41.20090 0.92924 179 179 179
-2.79487 41.20222 0.80804 173 173 173
-2.82115 41.20224 0.68575 177 177 177
-2.84653 41.19889 0.56317 173 173 173
-2.86422 41.20105 0.43921 172 172 172
-2.87719 41.19822 0.31464 168 168 168
-2.88062 41.20408 0.18945 163 163 163
-2.88883 41.20197 0.06438 171 171 171
-2.88031 41.20280 -0.06105 165 165 165
-2.87814 41.19811 -0.18670 166 166 166
-2.86584 41.19918 -0.31175 160 160 160
-2.84943 41.19924 -0.43633 161 161 161
-2.82996 41.19688 -0.56057 160 160 160
-2.80208 41.20001 -0.68319 168 168 168
-2.77279 41.20103 -0.80552 161 161 161
-2.72889 41.19885 -0.92350 155 155 155
-2.69531 41.20416 -1.04483 154 154 154
-2.63924 41.20046 -1.15772 160 160 160
-2.59074 41.19809 -1.27334 156 156 156
-2.54077 41.19964 -1.38857 156 156 156
-2.48062 41.20050 -1.49878 148 148 148
-2.41606 41.19653 -1.60639 153 153 153
-2.34941 41.19928 -1.71270 156 156 156
-2.28117 41.20135 -1.81818 153 153 153
-2.20964 41.20022 -1.92172 147 147 147
-2.12256 41.19963 -2.01277 143 143 143
-2.04246 41.19970 -2.10950 148 148 148
-1.95239 41.19980 -2.19700 151 151 151
-1.86460 41.19937 -2.28673 149 149 149
-1.77044 41.20124 -2.36974 147 147 147
-1.67276 41.20060 -2.44854 147 147 147
-1.57177 41.19970 -2.52294 146 146 146
-1.46869 41.19836 -2.59433 146 146 146
-1.36639 41.20060 -2.66729 153 153 153
-1.25598 41.20235 -2.72718 140 140 140
-1.14557 41.19793 -2.78677 149 149 149
-1.03072 41.19593 -2.83729 142 142 142
-0.92030 41.20128 -2.89809 141 141 141
-0.80157 41.20300 -2.93953 140 140 140
-0.68145 41.19435 -2.97615 143 143 143
-0.56261 41.20127 -3.01668 138 138 138
-0.43962 41.19907 -3.04228 137 137 137
-0.31795 41.19647 -3.07305 139 139 139
-0.19500 41.19724 -3.09904 141 141 141
-0.06987 41.20369 -3.11109 145 145 145
0.05459 41.19949 -3.12906 140 140 140
0.18017 41.19985 -3.13554 144 144 144
0.30588 41.19839 -3.13441 134 134 134
0.43137 41.19692 -3.12967 138 138 138
0.55680 41.20410 -3.12434 141 141 141
0.68216 41.20374 -3.11550 138 138 138
0.80615 41.20311 -3.09511 141 141 141
0.93035 41.19988 -3.07621 139 139 139
1.05302 41.20088 -3.04906 137 137 137
1.17403 41.20199 -3.01544 149 149 149
1.29341 41.19551 -2.97674 138 138 138
1.41176 41.19576 -2.93524 141 141 141
1.52817 41.20373 -2.88867 150 150 150
1.64579 41.20396 -2.84447 145 145 145
1.75664 41.19767 -2.78541 140 140 140
1.86850 41.20177 -2.72852 143 143 143
1.97787 41.20139 -2.66681 142 142 142
2.08253 41.20112 -2.59742 148 148 148
2.18304 41.19798 -2.52225 145 145 145
2.28613 41.19876 -2.45057 149 149 149
2.38263 41.19744 -2.37024 146 146 146
2.47230 41.19901 -2.28232 140 140 140
2.56115 41.20292 -2.19398 148 148 148
2.65388 41.20516 -2.10918 152 152 152
2.73361 41.19770 -2.01215 149 149 149
2.81749 41.20437 -1.91863 152 152 152
2.88898 41.19934 -1.81530 156 156 156
2.96224 41.19924 -1.71340 152 152 152
3.02916 41.19729 -1.60721 155 155 155
3.09565 41.19995 -1.50061 149 149 149
3.15624 41.20192 -1.39046 156 156 156
3.20836 41.20414 -1.27604 152 152 152
3.25702 41.20058 -1.16022 160 160 160
3.30036 41.20035 -1.04236 155 155 155
3.34469 41.19991 -0.92481 156 156 156
3.38452 41.19699 -0.80551 156 156 156
3.40884 41.19797 -0.68199 163 163 163
3.43559 41.19866 -0.55935 161 161 161
3.45572 41.20032 -0.43547 166 166 166
3.47798 41.19904 -0.31179 164 164 164
3.49547 41.19909 -0.18714 167 167 167
3.49385 41.19649 -0.06112 170 170 170
3.49931 41.59655 0.06500 167 167 167
3.48583 41.59935 0.19008 176 176 176
3.48288 41.60426 0.31532 170 170 170
3.47136 41.59630 0.44009 170 170 170
3.45491 41.59936 0.56433 166 166 166
3.43422 41.60092 0.68798 172 172 172
3.40585 41.59750 0.81010 177 177 177
3.36721 41.59839 0.92939 175 175 175
3.33309 41.59804 1.04974 171 171 171
3.29034 41.60587 1.16731 175 175 175
3.25338 41.59827 1.28733 184 184 184
3.20143 41.59931 1.40145 177 177 177
3.14393 41.59897 1.51279 174 174 174
3.08379 41.59886 1.62259 181 181 181
3.02234 41.60218 1.73170 183 183 183
2.95883 41.60296 1.83987 182 182 182
2.88717 41.60094 1.94282 181 181 181
2.81253 41.59865 2.04368 186 186 186
2.72807 41.59838 2.13655 189 189 189
2.64712 41.59705 2.23226 183 183 183
2.55978 41.60416 2.32220 190 190 190
2.46559 41.59844 2.40495 189 189 189
2.36891 41.60070 2.48442 189 189 189
2.28141 41.59901 2.57525 197 197 197
2.17904 41.60416 2.64792 187 187 187
2.07879 41.59763 2.72360 193 193 193
1.96730 41.59672 2.78205 193 193 193
1.85948 41.60371 2.84574 194 194 194
1.74961 41.60618 2.90593 190 190 190
1.63601 41.60066 2.95879 188 188 188
1.52450 41.60118 3.01685 192 192 192
1.40549 41.59993 3.05712 194 194 194
1.28782 41.60170 3.10072 188 188 188
1.16728 41.60422 3.13569 202 202 202
1.04652 41.60158 3.17017 196 196 196
0.92421 41.60288 3.19910 194 194 194
0.79991 41.59798 3.21791 195 195 195
0.67493 41.60043 3.23062 191 191 191
0.55048 41.59522 3.24820 198 198 198
0.42471 41.59973 3.24811 191 191 191
0.29931 41.59903 3.25451 197 197 197
0.17375 41.60359 3.25204 192 192 192
0.04852 41.59816 3.24323 191 191 191
-0.07648 41.60565 3.23196 194 194 194
-0.20048 41.59796 3.21280 194 194 194
-0.32488 41.60016 3.19551 200 200 200
-0.44725 41.60222 3.16745 199 199 199
-0.56912 41.60227 3.13730 198 198 198
-0.68843 41.60027 3.09833 194 194 194
-0.80847 41.60110 3.06145 196 196 196
-0.92270 41.59767 3.00916 199 199 199
-1.04151 41.60376 2.96772 197 197 197
-1.15297 41.59973 2.90980 189 189 189
-1.26010 41.60443 2.84437 194 194 194
-1.36936 41.60386 2.78315 198 198 198
-1.47997 41.59952 2.72330 187 187 187
-1.57913 41.59880 2.64613 188 188 188
-1.67909 41.60078 2.57055 182 182 182
-1.77591 41.60404 2.49099 189 189 189
-1.87215 41.60051 2.41055 194 194 194
-1.95298 41.59539 2.31401 184 184 184
-2.04760 41.60448 2.23143 187 187 187
-2.13253 41.59935 2.13918 185 185 185
-2.21349 41.60071 2.04335 188 188 188
-2.29127 41.59669 1.94479 177 177 177
-2.35402 41.60039 1.83573 182 182 182
-2.42418 41.60044 1.73198 179 179 179
-2.48683 41.59948 1.62352 188 188 188
-2.55394 41.59982 1.51719 173 173 173
-2.60407 41.60088 1.40203 179 179 179
-2.65182 41.60146 1.28611 175 175 175
-2.69987 41.59922 1.17032 175 175 175
-2.73580 41.60381 1.05018 176 176 176
-2.77837 41.60069 0.93214 176 176 176
-2.81050 41.59761 0.81088 172 172 172
-2.83413 41.59964 0.68769 171 171 171
-2.85249 41.59734 0.56373 171 171 171
-2.87290 41.60168 0.44011 174 174 174
-2.88148 41.60339 0.31510 165 165 165
-2.89359 41.59672 0.19033 175 175 175
-2.90176 41.60262 0.06500 171 171 171
-2.89249 41.59966 -0.06064 173 173 173
-2.88524 41.59717 -0.18609 165 165 165
-2.86843 41.59789 -0.31061 166 166 166
-2.85546 41.60369 -0.43557 164 164 164
-2.83166 41.59743 -0.55891 161 161 161
-2.80548 41.60191 -0.68172 165 165 165
-2.77149 41.60112 -0.80258 157 157 157
-2.73941 41.59758 -0.92406 157 157 157
-2.69991 41.60599 -1.04337 154 154 154
-2.65134 41.60108 -1.15926 152 152 152
-2.60051 41.59825 -1.27406 151 151 151
-2.55177 41.59655 -1.39006 157 157 157
-2.48527 41.60324 -1.49693 152 152 152
-2.42482 41.59863 -1.60695 154 154 154
-2.35386 41.60063 -1.71049 150 150 150
-2.28226 41.60214 -1.81339 149 149 149
-2.21227 41.60121 -1.91781 153 153 153
-2.13594 41.59753 -2.01778 149 149 149
-2.05245 41.59631 -2.11185 145 145 145
-1.95469 41.59890 -2.19192 150 150 150
-1.87313 41.59944 -2.28804 143 143 143
-1.77540 41.59738 -2.36706 145 145 145
-1.68120 41.60083 -2.45011 151 151 151
-1.58019 41.60036 -2.52469 147 147 147
-1.47336 41.59965 -2.59069 148 148 148
-1.36898 41.60238 -2.66000 139 139 139
-1.26299 41.60054 -2.72717 146 146 146
-1.15176 41.59510 -2.78524 139 139 139
-1.03921 41.59514 -2.84069 136 136 136
-0.92368 41.60372 -2.88962 145 145 145
-0.80767 41.60312 -2.93749 141 141 141
-0.68806 41.59667 -2.97552 140 140 140
-0.57027 41.60197 -3.01980 144 144 144
-0.44747 41.59910 -3.04686 147 147 147
-0.32412 41.59839 -3.07033 133 133 133
-0.20154 41.59945 -3.09816 144 144 144
-0.07657 41.60197 -3.11143 141 141 141
0.04784 41.60300 -3.13069 143 143 143
0.17386 41.59918 -3.12814 137 137 137
0.29931 41.59605 -3.13937 140 140 140
0.42483 41.60261 -3.12995 139 139 139
0.55045 41.60241 -3.12651 139 139 139
0.67522 41.60216 -3.11177 138 138 138
0.79901 41.60145 -3.09089 137 137 137
0.92417 41.60162 -3.07752 143 143 143
1.04713 41.59994 -3.05121 136 136 136
1.16727 41.60141 -3.01407 142 142 142
1.28740 41.60253 -2.97776 139 139 139
1.40659 41.60165 -2.93832 136 136 136
1.52109 41.59899 -2.88670 145 145 145
1.63953 41.59738 -2.84438 141 141 141
1.75082 41.60240 -2.78611 140 140 140
1.86366 41.59732 -2.73084 149 149 149
1.96916 41.60025 -2.66255 147 147 147
2.07513 41.59539 -2.59541 145 145 145
2.18034 41.60676 -2.52680 144 144 144
2.27852 41.59885 -2.44846 142 142 142
2.37500 41.59712 -2.36820 147 147 147
2.46912 41.60070 -2.28520 147 147 147
2.56114 41.59968 -2.19975 146 146 146
2.64488 41.59908 -2.10613 146 146 146
2.73122 41.59853 -2.01493 152 152 152
2.80807 41.60207 -1.91559 146 146 146
2.88680 41.59956 -1.81770 151 151 151
2.95613 41.60128 -1.71293 154 154 154
3.02582 41.59332 -1.60841 158 158 158
3.08739 41.60309 -1.49889 151 151 151
3.14647 41.60361 -1.38807 159 159 159
3.19961 41.59821 -1.27428 153 153 153
3.24706 41.60030 -1.15807 159 159 159
3.29415 41.60278 -1.04175 161 161 161
3.33492 41.59855 -0.92305 159 159 159
3.36873 41.60044 -0.80219 155 155 155
3.40314 41.60202 -0.68149 161 161 161
3.43501 41.59823 -0.55985 161 161 161
3.45414 41.60067 -0.43558 154 154 154
3.47050 41.59862 -0.31102 160 160 160
3.48514 41.60141 -0.18619 166 166 166
3.48794 41.60153 -0.06051 164 164 164
3.48595 41.99944 0.06563 165 165 165
3.47714 41.99761 0.19064 170 170 170
3.47773 42.00162 0.31608 172 172 172
3.46127 42.00130 0.44034 169 169 169
3.44713 41.99904 0.56482 172 172 172
3.42075 41.99812 0.68730 177 177 177
3.39967 42.00179 0.81089 172 172 172
3.37206 42.00575 0.93333 185 185 185
3.33445 41.99690 1.05306 174 174 174
3.29021 41.99727 1.17044 179 179 179
3.23977 41.99518 1.28518 179 179 179
3.19435 41.99749 1.40200 180 180 180
3.13947 41.99733 1.51467 185 185 185
3.07705 41.99998 1.62332 184 184 184
3.01490 42.00084 1.73201 184 184 184
2.94984 42.00467 1.83911 181 181 181
2.87274 42.00102 1.93799 181 181 181
2.80273 42.00315 2.04204 190 190 190
2.72172 41.99894 2.13767 185 185 185
2.64246 41.99870 2.23497 186 186 186
2.54964 42.00368 2.31960 186 186 186
2.45869 42.00024 2.40560 188 188 188
2.36778 41.99983 2.49182 185 185 185
2.27190 42.00349 2.57258 190 190 190
2.17068 41.99979 2.64655 188 188 188
2.06828 41.99832 2.71884 188 188 188
1.96457 41.99784 2.78949 189 189 189
1.85686 41.99738 2.85400 186 186 186
1.74213 42.00115 2.90540 187 187 187
1.63102 42.00145 2.96354 188 188 188
1.51536 42.00131 3.01202 202 202 202
1.39857 42.00162 3.05759 192 192 192
1.28142 42.00223 3.10274 192 192 192
1.15973 41.99912 3.13382 194 194 194
1.04015 41.99726 3.17272 196 196 196
0.91623 41.99803 3.19390 200 200 200
0.79267 41.99818 3.21579 188 188 188
0.66932 41.99768 3.24116 198 198 198
0.54389 41.99875 3.25108 200 200 200
0.41835 41.99802 3.25879 192 192 192
0.29258 41.99835 3.25914 194 194 194
0.16708 42.00118 3.25169 197 197 197
0.04125 41.99427 3.25134 199 199 199
-0.08367 41.99881 3.23702 196 196 196
-0.20840 41.99630 3.22141 194 194 194
-0.33092 42.00095 3.19315 192 192 192
-0.45374 41.99945 3.16749 194 194 194
-0.57325 42.00254 3.12914 188 188 188
-0.69417 41.99712 3.09632 194 194 194
-0.81376 41.99920 3.05854 195 195 195
-0.92969 41.99996 3.01077 182 182 182
-1.04622 41.99989 2.96430 186 186 186
-1.15776 42.00533 2.90696 192 192 192
-1.26853 41.99457 2.84834 194 194 194
-1.37725 42.00059 2.78597 189 189 189
-1.48394 41.99637 2.72006 185 185 185
-1.58552 42.00017 2.64655 189 189 189
-1.68461 42.00168 2.56988 187 187 187
-1.78432 42.00320 2.49380 186 186 186
-1.87585 41.99745 2.40810 186 186 186
-1.96526 42.00143 2.32038 194 194 194
-2.05643 42.00214 2.23417 188 188 188
-2.13868 42.00255 2.13947 193 193 193
-2.21647 41.99839 2.04117 188 188 188
-2.29352 42.00111 1.94231 181 181 181
-2.37051 42.00001 1.84301 183 183 183
-2.43064 41.99776 1.73256 178 178 178
-2.49205 41.99982 1.62341 184 184 184
-2.55392 41.99985 1.51447 179 179 179
-2.60969 41.99872 1.40223 178 178 178
-2.66051 42.00030 1.28762 174 174 174
-2.70313 41.99822 1.16973 179 179 179
-2.74711 41.99692 1.05235 183 183 183
-2.78148 42.00001 0.93180 172 172 172
-2.81990 41.99421 0.81219 179 179 179
-2.84661 42.00223 0.68949 177 177 177
-2.86370 41.99803 0.56509 181 181 181
-2.88118 41.99590 0.44094 168 168 168
-2.89663 42.00229 0.31640 166 166 166
-2.89649 41.99807 0.19082 166 166 166
-2.90371 42.00002 0.06563 170 170 170
-2.89384 41.99424 -0.05979 160 160 160
-2.89259 42.00047 -0.18548 168 168 168
-2.87977 42.00099 -0.31049 166 166 166
-2.86625 41.99445 -0.43553 160 160 160
-2.84124 41.99857 -0.55878 160 160 160
-2.81594 42.00287 -0.68191 148 148 148
-2.77978 41.99721 -0.80231 156 156 156
-2.74483 41.99868 -0.92290 157 157 157
-2.70067 42.00092 -1.04043 151 151 151
-2.66062 41.99658 -1.15957 148 148 148
-2.61144 41.99886 -1.27524 160 160 160
-2.55453 42.00133 -1.38727 159 159 159
-2.50246 42.00077 -1.50201 152 152 152
-2.42634 41.99697 -1.60298 153 153 153
-2.36665 41.99936 -1.71375 155 155 155
-2.29092 41.99873 -1.81401 142 142 142
-2.21281 41.99824 -1.91214 148 148 148
-2.13594 41.99856 -2.01124 156 156 156
-2.06119 41.99801 -2.11291 149 149 149
-1.96575 41.99953 -2.19545 148 148 148
-1.87919 41.99762 -2.28652 142 142 142
-1.78213 41.99961 -2.36626 146 146 146
-1.68616 41.99899 -2.44707 143 143 143
-1.58638 42.00442 -2.52315 142 142 142
-1.47802 42.00112 -2.58681 143 143 143
-1.37627 41.99706 -2.66013 144 144 144
-1.26974 42.00225 -2.72644 144 144 144
-1.15699 41.99892 -2.78153 147 147 147
-1.04719 42.00251 -2.84265 140 140 140
-0.93165 42.00069 -2.89187 142 142 142
-0.81658 42.00000 -2.94266 142 142 142
-0.69554 41.99782 -2.97712 133 133 133
-0.57409 41.99720 -3.00877 140 140 140
-0.45368 42.00224 -3.04403 138 138 138
-0.33061 42.00349 -3.06839 138 138 138
-0.20684 41.99889 -3.08846 140 140 140
-0.08355 41.99913 -3.11291 148 148 148
0.04163 41.99975 -3.12337 134 134 134
0.16678 41.99921 -3.13640 143 143 143
0.29258 42.00174 -3.13423 147 147 147
0.41833 41.99926 -3.13510 138 138 138
0.54352 42.00207 -3.12328 134 134 134
0.66791 42.00182 -3.10618 138 138 138
0.79224 41.99964 -3.08996 139 139 139
0.91803 41.99937 -3.07978 139 139 139
1.03930 42.00245 -3.04592 139 139 139
1.16114 41.99915 -3.01550 142 142 142
1.27946 41.99768 -2.97328 145 145 145
1.39981 41.99882 -2.93743 136 136 136
1.51552 42.00147 -2.88876 140 140 140
1.63344 41.99981 -2.84502 143 143 143
1.74377 42.00089 -2.78473 144 144 144
1.85651 41.99689 -2.72932 141 141 141
1.96123 42.00069 -2.65982 141 141 141
2.07140 41.99933 -2.59911 146 146 146
2.17164 42.00482 -2.52329 139 139 139
2.27061 41.99931 -2.44617 139 139 139
2.36677 42.00486 -2.36566 147 147 147
2.45721 41.99824 -2.27880 150 150 150
2.55131 41.99982 -2.19586 148 148 148
2.64036 42.00072 -2.10738 150 150 150
2.72389 42.00314 -2.01362 149 149 149
2.80230 42.00222 -1.91555 155 155 155
2.87778 42.00278 -1.81524 155 155 155
2.94681 42.00687 -1.71041 155 155 155
3.01569 42.00122 -1.60554 160 160 160
3.08310 42.00311 -1.49948 160 160 160
3.13643 41.99718 -1.38561 162 162 162
3.19431 41.99929 -1.27418 154 154 154
3.23983 42.00246 -1.15711 161 161 161
3.28924 41.99891 -1.04169 160 160 160
3.32870 41.99766 -0.92248 160 160 160
3.36222 42.00504 -0.80154 154 154 154
3.40297 41.99735 -0.68236 160 160 160
3.42701 42.00356 -0.55890 160 160 160
3.44660 42.00005 -0.43477 170 170 170
3.46295 41.99984 -0.31025 169 169 169
3.48076 42.00389 -0.18572 167 167 167
3.48056 42.00108 -0.05985 171 171 171
3.47734 42.40303 0.06625 170 170 170
3.47723 42.40129 0.19154 170 170 170
3.47203 42.40196 0.31682 165 165 165
3.45775 42.39988 0.44138 175 175 175
3.44294 42.39964 0.56589 170 170 170
3.41241 42.40125 0.68767 182 182 182
3.39524 42.39908 0.81215 174 174 174
3.36265 42.39847 0.93329 175 175 175
3.32836 42.40287 1.05399 173 173 173
3.28454 42.40262 1.17158 176 176 176
3.23955 42.39923 1.28864 178 178 178
3.18881 42.39854 1.40333 183 183 183
3.12989 42.40279 1.51401 187 187 187
3.07665 42.39891 1.62768 180 180 180
3.00678 42.40512 1.73199 180 180 180
2.94629 42.39981 1.84209 180 180 180
2.87213 42.39877 1.94330 191 191 191
2.79672 42.40042 2.04350 193 193 193
2.71439 42.40534 2.13807 184 184 184
2.63388 42.40044 2.23420 185 185 185
2.54831 42.39653 2.32596 190 190 190
2.45790 42.39989 2.41301 194 194 194
2.35728 42.39556 2.48842 185 185 185
2.26641 42.39633 2.57520 186 186 186
2.16125 42.40111 2.64392 182 182 182
2.06126 42.39734 2.71952 192 192 192
1.95604 42.39930 2.78770 193 193 193
1.84639 42.40199 2.84850 195 195 195
1.73896 42.39503 2.91364 196 196 196
1.62361 42.39922 2.96334 193 193 193
1.50754 42.40250 3.01071 200 200 200
1.39370 42.39648 3.06404 194 194 194
1.27437 42.40268 3.10322 191 191 191
1.15355 42.39859 3.13732 189 189 189
1.03161 42.40040 3.16683 188 188 188
0.90904 42.40502 3.19337 200 200 200
0.78656 42.40171 3.22168 202 202 202
0.66200 42.39997 3.23853 197 197 197
0.53672 42.40110 3.24845 198 198 198
0.41150 42.39460 3.26045 192 192 192
0.28570 42.40102 3.26082 192 192 192
0.16002 42.40063 3.25745 196 196 196
0.03484 42.40223 3.24641 198 198 198
-0.09028 42.40143 3.23582 200 200 200
-0.21599 42.39947 3.22698 194 194 194
-0.33774 42.39846 3.19389 192 192 192
-0.46176 42.40345 3.17331 193 193 193
-0.58266 42.39935 3.13912 200 200 200
-0.70411 42.39526 3.10672 202 202 202
-0.82259 42.40134 3.06482 196 196 196
-0.93837 42.39940 3.01609 196 196 196
-1.05408 42.40047 2.96740 189 189 189
-1.16971 42.40269 2.91785 193 193 193
-1.27960 42.39867 2.85675 199 199 199
-1.38623 42.40254 2.79030 183 183 183
-1.49046 42.39696 2.72042 190 190 190
-1.59456 42.40194 2.65040 194 194 194
-1.69046 42.40388 2.56943 188 188 188
-1.79250 42.39940 2.49617 190 190 190
-1.88345 42.40039 2.40972 196 196 196
-1.97650 42.40264 2.32556 182 182 182
-2.06150 42.40299 2.23330 182 182 182
-2.14278 42.40115 2.13789 182 182 182
-2.22173 42.40148 2.04067 182 182 182
-2.30306 42.40147 1.94500 189 189 189
-2.36964 42.40071 1.83858 180 180 180
-2.44137 42.39484 1.73565 185 185 185
-2.50328 42.39763 1.62657 187 187 187
-2.55809 42.40193 1.51381 187 187 187
-2.61801 42.40006 1.40360 181 181 181
-2.67272 42.40205 1.29053 177 177 177
-2.71425 42.40070 1.17199 183 183 183
-2.75107 42.39758 1.05208 177 177 177
-2.79170 42.40127 0.93341 175 175 175
-2.82514 42.40151 0.81246 178 178 178
-2.85234 42.39830 0.68992 174 174 174
-2.86794 42.40299 0.56533 174 174 174
-2.88614 42.39541 0.44136 174 174 174
-2.90552 42.40107 0.31720 164 164 164
-2.91353 42.40043 0.19185 165 165 165
-2.90673 42.39601 0.06625 168 168 168
-2.90533 42.40508 -0.05933 163 163 163
-2.90040 42.40091 -0.18490 166 166 166
-2.88521 42.40213 -0.30965 155 155 155
-2.87296 42.39834 -0.43483 168 168 168
-2.84829 42.39749 -0.55813 164 164 164
-2.82367 42.39825 -0.68141 164 164 164
-2.78579 42.39903 -0.80135 161 161 161
-2.75015 42.39533 -0.92167 152 152 152
-2.71271 42.39794 -1.04160 154 154 154
-2.67158 42.40614 -1.16052 161 161 161
-2.61795 42.39898 -1.27431 153 153 153
-2.55839 42.39623 -1.38497 153 153 153
-2.50332 42.39980 -1.49787 151 151 151
-2.43606 42.40126 -1.60394 152 152 152
-2.36838 42.39824 -1.70953 152 152 152
-2.29951 42.40087 -1.81447 153 153 153
-2.21965 42.40131 -1.91132 147 147 147
-2.14689 42.39758 -2.01393 149 149 149
-2.05845 42.40158 -2.10323 153 153 153
-1.97272 42.39916 -2.19475 151 151 151
-1.88251 42.39818 -2.28187 143 143 143
-1.79412 42.39826 -2.37145 146 146 146
-1.69463 42.40103 -2.44829 152 152 152
-1.59416 42.40272 -2.52361 141 141 141
-1.48949 42.39998 -2.59290 143 143 143
-1.38780 42.40150 -2.66695 143 143 143
-1.27446 42.40150 -2.72182 143 143 143
-1.16605 42.40191 -2.78505 136 136 136
-1.05237 42.39830 -2.83821 148 148 148
-0.94188 42.39746 -2.89921 142 142 142
-0.82036 42.39981 -2.93354 143 143 143
-0.70372 42.39502 -2.98040 143 143 143
-0.58289 42.39942 -3.01489 135 135 135
-0.46174 42.40363 -3.04824 143 143 143
-0.33781 42.39472 -3.06936 143 143 143
-0.21569 42.40516 -3.10021 141 141 141
-0.08966 42.40044 -3.10573 142 142 142
0.03499 42.39948 -3.11976 132 132 132
0.16017 42.40184 -3.12884 142 142 142
0.28570 42.40167 -3.13792 137 137 137
0.41139 42.39748 -3.13283 140 140 140
0.53687 42.39649 -3.12560 137 137 137
0.66080 42.40064 -3.10356 147 147 147
0.78555 42.39883 -3.09047 143 143 143
0.90886 42.39657 -3.06757 143 143 143
1.03297 42.40289 -3.04752 133 133 133
1.15394 42.39765 -3.01364 135 135 135
1.27593 42.40136 -2.98288 141 141 141
1.39261 42.40180 -2.93582 144 144 144
1.51040 42.39589 -2.89226 133 133 133
1.62628 42.40464 -2.84364 138 138 138
1.74060 42.40356 -2.79124 145 145 145
1.85133 42.40192 -2.73158 148 148 148
1.95698 42.39950 -2.66332 144 144 144
2.06497 42.39783 -2.59899 139 139 139
2.16775 42.40154 -2.52662 147 147 147
2.26447 42.40064 -2.44631 148 148 148
2.36346 42.39980 -2.36904 145 145 145
2.45652 42.39872 -2.28470 146 146 146
2.54515 42.39992 -2.19577 145 145 145
2.62964 42.40020 -2.10303 156 156 156
2.71723 42.39954 -2.01302 147 147 147
2.79756 42.39878 -1.91644 147 147 147
2.87086 42.40268 -1.81443 145 145 145
2.94771 42.39517 -1.71483 153 153 153
3.01154 42.39837 -1.60644 152 152 152
3.07241 42.39890 -1.49658 154 154 154
3.13422 42.40130 -1.38723 154 154 154
3.18958 42.39847 -1.27442 156 156 156
3.23950 42.39980 -1.15908 156 156 156
3.28614 42.39787 -1.04234 159 159 159
3.32626 42.40125 -0.92320 162 162 162
3.36162 42.40193 -0.80260 158 158 158
3.38647 42.40381 -0.67935 167 167 167
3.41604 42.40123 -0.55740 163 163 163
3.44037 42.40478 -0.43420 164 164 164
3.45856 42.39942 -0.30988 164 164 164
3.46484 42.39908 -0.18436 165 165 165
3.47689 42.39893 -0.05933 167 167 167
3.47385 42.79799 0.06688 169 169 169
3.46805 42.80110 0.19209 170 170 170
3.46630 42.80199 0.31756 166 166 166
3.44388 42.80030 0.44121 171 171 171
3.43632 42.79822 0.56661 170 170 170
3.41755 42.79949 0.69075 173 173 173
3.38854 42.79790 0.81289 186 186 186
3.35219 42.80053 0.93299 177 177 177
3.31550 42.79782 1.05278 175 175 175
3.27608 42.80202 1.17174 176 176 176
3.23023 42.80799 1.28839 181 181 181
3.18158 42.79897 1.40394 183 183 183
3.12825 42.79748 1.51747 183 183 183
3.07139 42.80106 1.62939 190 190 190
3.00504 42.80185 1.73596 181 181 181
2.92937 42.79774 1.83622 182 182 182
2.86353 42.80247 1.94292 189 189 189
2.79246 42.80032 2.04645 194 194 194
2.71009 42.80579 2.14118 190 190 190
2.62420 42.80168 2.23255 188 188 188
2.54044 42.80050 2.32593 189 189 189
2.44785 42.80178 2.41057 178 178 178
2.35586 42.80391 2.49582 187 187 187
2.26130 42.80117 2.57849 182 182 182
2.15757 42.80126 2.64938 189 189 189
2.05638 42.79818 2.72360 199 199 199
1.95298 42.80215 2.79507 191 191 191
1.84101 42.79775 2.85237 194 194 194
1.72873 42.79870 2.90826 195 195 195
1.61761 42.80032 2.96650 193 193 193
1.50295 42.79797 3.01756 199 199 199
1.38599 42.80160 3.06316 193 193 193
1.26894 42.79915 3.10913 195 195 195
1.14625 42.79595 3.13734 195 195 195
1.02579 42.80273 3.17287 195 195 195
0.90237 42.79915 3.19622 194 194 194
0.77822 42.79969 3.21445 204 204 204
0.65522 42.80054 3.24167 197 197 197
0.53013 42.79966 3.25505 194 194 194
0.40430 42.80125 3.25721 188 188 188
0.27868 42.80161 3.26388 199 199 199
0.15281 42.79953 3.26346 196 196 196
0.02703 42.80377 3.25758 197 197 197
-0.09739 42.80069 3.23763 195 195 195
-0.22218 42.80089 3.22273 195 195 195
-0.34626 42.79831 3.20248 196 196 196
-0.46882 42.79792 3.17450 184 184 184
-0.59049 42.80025 3.14301 194 194 194
-0.71070 42.79879 3.10640 196 196 196
-0.83006 42.80050 3.06703 202 202 202
-0.94434 42.79847 3.01452 196 196 196
-1.05992 42.79891 2.96578 194 194 194
-1.17537 42.79865 2.91611 198 198 198
-1.28476 42.80085 2.85435 199 199 199
-1.38700 42.79964 2.78100 191 191 191
-1.49967 42.79680 2.72457 192 192 192
-1.59999 42.79456 2.64908 189 189 189
-1.70007 42.80206 2.57357 191 191 191
-1.79707 42.80139 2.49415 186 186 186
-1.88751 42.80032 2.40733 191 191 191
-1.98089 42.79790 2.32374 182 182 182
-2.06888 42.80286 2.23442 186 186 186
-2.14882 42.80048 2.13784 186 186 186
-2.22814 42.80147 2.04095 184 184 184
-2.30674 42.80155 1.94333 182 182 182
-2.38401 42.80436 1.84423 184 184 184
-2.43936 42.80174 1.73086 180 180 180
-2.50917 42.79356 1.62667 179 179 179
-2.56669 42.79960 1.51533 180 180 180
-2.62457 42.79818 1.40409 180 180 180
-2.67343 42.80370 1.28861 178 178 178
-2.71414 42.80264 1.17005 180 180 180
-2.75680 42.80288 1.05234 173 173 173
-2.79167 42.79994 0.93210 180 180 180
-2.83002 42.80115 0.81261 177 177 177
-2.85091 42.79714 0.68890 169 169 169
-2.87153 42.79979 0.56543 174 174 174
-2.89563 42.79644 0.44229 168 168 168
-2.89982 42.80179 0.31684 169 169 169
-2.91563 42.79995 0.19228 164 164 164
-2.91732 42.80183 0.06688 171 171 171
-2.91929 42.80098 -0.05896 164 164 164
-2.90805 42.79751 -0.18430 172 172 172
-2.89652 42.80016 -0.30950 165 165 165
-2.87792 42.79855 -0.43383 166 166 166
-2.85786 42.80126 -0.55794 163 163 163
-2.82147 42.79990 -0.67850 157 157 157
-2.80467 42.79888 -0.80398 160 160 160
-2.76462 42.79937 -0.92337 158 158 158
-2.71783 42.79896 -1.04016 156 156 156
-2.67538 42.79633 -1.15844 153 153 153
-2.62198 42.79971 -1.27218 157 157 157
-2.56995 42.80393 -1.38652 161 161 161
-2.50778 42.80031 -1.49567 150 150 150
-2.44405 42.79954 -1.60377 151 151 151
-2.38383 42.79964 -1.71438 151 151 151
-2.30110 42.80122 -1.80974 157 157 157
-2.23115 42.80035 -1.91406 150 150 150
-2.14766 42.80483 -2.00780 150 150 150
-2.06628 42.79897 -2.10319 148 148 148
-1.97908 42.79820 -2.19329 150 150 150
-1.88664 42.79738 -2.27796 144 144 144
-1.79627 42.80122 -2.36496 146 146 146
-1.69879 42.79964 -2.44388 142 142 142
-1.60056 42.80154 -2.52197 143 143 143
-1.49648 42.80094 -2.59206 144 144 144
-1.39127 42.80212 -2.66037 149 149 149
-1.28176 42.80515 -2.72154 140 140 140
-1.17378 42.79967 -2.78568 145 145 145
-1.06173 42.80060 -2.84252 145 145 145
-0.94651 42.80365 -2.89269 148 148 148
-0.82797 42.80080 -2.93439 135 135 135
-0.70943 42.80116 -2.97562 135 135 135
-0.58866 42.79711 -3.00972 142 142 142
-0.46807 42.80004 -3.04466 141 141 141
-0.34578 42.79670 -3.07341 142 142 142
-0.22155 42.80530 -3.09219 139 139 139
-0.09791 42.79938 -3.11548 132 132 132
0.02743 42.80115 -3.12596 138 138 138
0.15315 42.80084 -3.12816 140 140 140
0.27868 42.80345 -3.13265 140 140 140
0.40412 42.79940 -3.12606 142 142 142
0.53039 42.79794 -3.13176 132 132 132
0.65479 42.79951 -3.11146 136 136 136
0.77794 42.79761 -3.08606 142 142 142
0.90355 42.79912 -3.07550 139 139 139
1.02532 42.79439 -3.04420 147 147 147
1.14690 42.79871 -3.01288 139 139 139
1.26835 42.79756 -2.98044 141 141 141
1.38531 42.80282 -2.93435 144 144 144
1.50178 42.80024 -2.88767 142 142 142
1.61557 42.80025 -2.83491 144 144 144
1.73017 42.80153 -2.78379 138 138 138
1.84049 42.80603 -2.72401 134 134 134
1.95273 42.79828 -2.66707 139 139 139
2.05464 42.80042 -2.59326 150 150 150
2.15861 42.80369 -2.52293 150 150 150
2.25787 42.79900 -2.44606 138 138 138
2.35395 42.80022 -2.36534 147 147 147
2.44833 42.80052 -2.28265 148 148 148
2.53526 42.80057 -2.19212 146 146 146
2.62563 42.79780 -2.10503 152 152 152
2.70697 42.80131 -2.00947 145 145 145
2.78836 42.80334 -1.91395 155 155 155
2.85899 42.80102 -1.81013 144 144 144
2.93755 42.80124 -1.71195 145 145 145
3.00594 42.79697 -1.60655 151 151 151
3.06070 42.80113 -1.49319 155 155 155
3.12590 42.80469 -1.38581 152 152 152
3.18201 42.79670 -1.27341 153 153 153
3.23310 42.79562 -1.15859 148 148 148
3.27717 42.80001 -1.04089 161 161 161
3.31598 42.80002 -0.92142 158 158 158
3.35480 42.80210 -0.80194 166 166 166
3.38535 42.80117 -0.68007 166 166 166
3.40872 42.79831 -0.55665 156 156 156
3.43005 42.79850 -0.43300 159 159 159
3.45191 42.80014 -0.30926 162 162 162
3.46170 42.79594 -0.18401 169 169 169
3.46565 42.80216 -0.05853 165 165 165
3.46473 43.19701 0.06750 164 164 164
3.46680 43.19736 0.19295 166 166 166
3.46228 43.19851 0.31844 172 172 172
3.44117 43.19491 0.44239 171 171 171
3.42198 43.20128 0.56612 172 172 172
3.40791 43.19982 0.69091 172 172 172
3.37532 43.20026 0.81210 177 177 177
3.35015 43.20088 0.93511 179 179 179
3.30531 43.20615 1.05248 175 175 175
3.26671 43.20314 1.17161 176 176 176
3.22743 43.19980 1.29089 184 184 184
3.17864 43.19827 1.40659 182 182 182
3.11971 43.20376 1.51748 183 183 183
3.05964 43.19987 1.62754 180 180 180
2.99744 43.20095 1.73643 179 179 179
2.93012 43.19852 1.84226 181 181 181
2.85333 43.19760 1.94147 178 178 178
2.78040 43.19880 2.04335 183 183 183
2.70411 43.19364 2.14297 181 181 181
2.61481 43.20423 2.23128 184 184 184
2.53115 43.19999 2.32462 193 193 193
2.44108 43.20075 2.41180 186 186 186
2.34852 43.20235 2.49645 191 191 191
2.25429 43.19673 2.57953 190 190 190
2.14940 43.19678 2.64887 192 192 192
2.04710 43.19993 2.72131 194 194 194
1.94187 43.19970 2.78952 188 188 188
1.83534 43.19594 2.85594 196 196 196
1.72479 43.19928 2.91551 190 190 190
1.61079 43.20439 2.96820 193 193 193
1.49566 43.20116 3.01822 189 189 189
1.37813 43.19964 3.06224 194 194 194
1.25916 43.20248 3.10207 191 191 191
1.14004 43.19568 3.14173 197 197 197
1.01678 43.20317 3.16623 192 192 192
0.89558 43.20222 3.19916 189 189 189
0.77254 43.19870 3.22491 190 190 190
0.64764 43.19853 3.23923 193 193 193
0.52285 43.20080 3.25465 197 197 197
0.39738 43.19922 3.26449 201 201 201
0.27151 43.20155 3.26389 200 200 200
0.14588 43.20576 3.25843 195 195 195
0.02047 43.19919 3.25094 195 195 195
-0.10377 43.20303 3.23207 198 198 198
-0.22919 43.20059 3.22281 190 190 190
-0.35260 43.20424 3.19938 195 195 195
-0.47585 43.19979 3.17496 192 192 192
-0.59710 43.20002 3.14204 197 197 197
-0.71717 43.20033 3.10524 192 192 192
-0.83730 43.19792 3.06819 195 195 195
-0.95257 43.19943 3.01804 194 194 194
-1.06912 43.19602 2.97113 190 190 190
-1.18032 43.19840 2.91268 191 191 191
-1.29429 43.19867 2.85947 191 191 191
-1.39914 43.19905 2.79000 195 195 195
-1.50177 43.19525 2.71787 197 197 197
-1.60599 43.19753 2.64834 188 188 188
-1.70694 43.19739 2.57404 190 190 190
-1.80406 43.19341 2.49477 187 187 187
-1.89570 43.20427 2.40927 187 187 187
-1.98902 43.20013 2.32551 181 181 181
-2.07360 43.20279 2.23296 189 189 189
-2.15525 43.19820 2.13799 184 184 184
-2.23765 43.19693 2.04357 184 184 184
-2.31383 43.20070 1.94403 185 185 185
-2.38786 43.19917 1.84276 182 182 182
-2.45170 43.20299 1.73477 183 183 183
-2.51600 43.20006 1.62720 180 180 180
-2.57476 43.19980 1.51650 183 183 183
-2.63241 43.19810 1.40511 183 183 183
-2.67793 43.20024 1.28821 187 187 187
-2.71979 43.19943 1.17017 172 172 172
-2.77201 43.19795 1.05564 174 174 174
-2.80775 43.19861 0.93528 170 170 170
-2.83529 43.19911 0.81282 177 177 177
-2.86465 43.19912 0.69086 165 165 165
-2.88587 43.20685 0.56722 173 173 173
-2.90379 43.20183 0.44305 171 171 171
-2.91828 43.19639 0.31836 176 176 176
-2.91931 43.20166 0.19278 173 173 173
-2.92516 43.20482 0.06750 161 161 161
-2.92096 43.19876 -0.05811 169 169 169
-2.90924 43.20947 -0.18318 160 160 160
-2.89852 43.19794 -0.30822 162 162 162
-2.89038 43.20137 -0.43399 164 164 164
-2.85893 43.19967 -0.55604 167 167 167
-2.82760 43.20171 -0.67755 154 154 154
-2.80234 43.20020 -0.80059 153 153 153
-2.76474 43.19989 -0.92036 153 153 153
-2.73448 43.20274 -1.04293 153 153 153
-2.68185 43.19768 -1.15742 154 154 154
-2.62853 43.20578 -1.27115 158 158 158
-2.57869 43.19697 -1.38657 157 157 157
-2.51890 43.20240 -1.49712 159 159 159
-2.44838 43.19517 -1.60126 146 146 146
-2.38505 43.19719 -1.70964 153 153 153
-2.30915 43.19940 -1.80960 150 150 150
-2.23636 43.19875 -1.91174 148 148 148
-2.15721 43.20138 -2.00905 146 146 146
-2.07612 43.19405 -2.10487 149 149 149
-1.99171 43.20141 -2.19798 154 154 154
-1.89942 43.20030 -2.28324 148 148 148
-1.80673 43.20268 -2.36803 149 149 149
-1.70660 43.19783 -2.44392 140 140 140
-1.60730 43.19941 -2.52061 148 148 148
-1.50647 43.19732 -2.59551 140 140 140
-1.39445 43.20483 -2.65310 144 144 144
-1.29161 43.20148 -2.72558 143 143 143
-1.18039 43.19740 -2.78384 141 141 141
-1.06507 43.20011 -2.83349 143 143 143
-0.95161 43.20268 -2.88697 142 142 142
-0.83378 43.20240 -2.92999 144 144 144
-0.71771 43.20050 -2.97834 135 135 135
-0.59718 43.19799 -3.01384 138 138 138
-0.47533 43.19941 -3.04436 140 140 140
-0.35258 43.19924 -3.07090 135 135 135
-0.22861 43.20036 -3.09086 139 139 139
-0.10461 43.20216 -3.11090 142 142 142
0.02032 43.20083 -3.12460 145 145 145
0.14592 43.19712 -3.12909 133 133 133
0.27151 43.19724 -3.12706 138 138 138
0.39695 43.20301 -3.12538 144 144 144
0.52286 43.20050 -3.12649 137 137 137
0.64687 43.20242 -3.10443 133 133 133
0.77268 43.19887 -3.09744 142 142 142
0.89624 43.19900 -3.07407 137 137 137
1.01801 43.20138 -3.04291 144 144 144
1.13915 43.20074 -3.01008 141 141 141
1.25965 43.19714 -2.97501 143 143 143
1.37740 43.20379 -2.93161 133 133 133
1.49349 43.19931 -2.88421 136 136 136
1.60942 43.20367 -2.83635 138 138 138
1.72223 43.19717 -2.78151 145 145 145
1.83162 43.20011 -2.72020 150 150 150
1.94373 43.20147 -2.66332 146 146 146
2.04576 43.19802 -2.58993 141 141 141
2.15311 43.19855 -2.52444 143 143 143
2.24922 43.20093 -2.44340 146 146 146
2.34812 43.19717 -2.36613 140 140 140
2.44136 43.20050 -2.28207 144 144 144
2.53541 43.19978 -2.19865 147 147 147
2.61639 43.19879 -2.10233 149 149 149
2.69992 43.20154 -2.00878 149 149 149
2.78435 43.19526 -1.91565 153 153 153
2.85594 43.20022 -1.81234 152 152 152
2.93150 43.19794 -1.71193 141 141 141
2.99597 43.20155 -1.60406 154 154 154
3.05910 43.20282 -1.49555 153 153 153
3.12382 43.20439 -1.38765 155 155 155
3.17343 43.19026 -1.27202 151 151 151
3.22241 43.20042 -1.15639 159 159 159
3.26707 43.19491 -1.03908 160 160 160
3.30754 43.19914 -0.92029 153 153 153
3.34480 43.20117 -0.80043 159 159 159
3.37891 43.19762 -0.67954 156 156 156
3.40611 43.20304 -0.55687 162 162 162
3.42847 43.19977 -0.43321 163 163 163
3.44400 43.19803 -0.30851 160 160 160
3.46165 43.19731 -0.18392 172 172 172
3.46561 43.20400 -0.05817 168 168 168
3.45778 43.59784 0.06813 167 167 167
3.46033 43.59602 0.19362 171 171 171
3.45285 43.60051 0.31891 167 167 167
3.43859 43.60349 0.44359 166 166 166
3.42429 43.59660 0.56830 172 172 172
3.39932 43.60028 0.69131 173 173 173
3.36928 43.59755 0.81307 175 175 175
3.33966 43.59598 0.93488 172 172 172
3.30204 43.60339 1.05447 176 176 176
3.26459 43.59836 1.17421 176 176 176
3.21310 43.60094 1.28867 181 181 181
3.16500 43.60653 1.40437 183 183 183
3.11038 43.59598 1.51716 177 177 177
3.05505 43.59831 1.62978 177 177 177
2.98413 43.59812 1.73348 185 185 185
2.92557 43.60184 1.84483 181 181 181
2.85119 43.59920 1.94597 180 180 180
2.76828 43.59865 2.04032 182 182 182
2.69255 43.59899 2.14011 188 188 188
2.60814 43.59890 2.23266 188 188 188
2.52752 43.60093 2.32908 189 189 189
2.43081 43.59659 2.40941 189 189 189
2.33521 43.59919 2.49024 191 191 191
2.24033 43.59977 2.57192 190 190 190
2.14449 43.60518 2.65301 189 189 189
2.04157 43.59770 2.72484 189 189 189
1.93420 43.59593 2.78980 189 189 189
1.82960 43.59986 2.85963 192 192 192
1.71630 43.59939 2.91410 187 187 187
1.60329 43.59985 2.96870 194 194 194
1.48862 43.60125 3.01979 196 196 196
1.37198 43.60372 3.06634 193 193 193
1.25290 43.59891 3.10626 181 181 181
1.13181 43.59984 3.13947 190 190 190
1.01042 43.60016 3.17114 193 193 193
0.88818 43.59978 3.19970 193 193 193
0.76561 43.60265 3.22826 193 193 193
0.64031 43.60082 3.24005 199 199 199
0.51549 43.59991 3.25505 200 200 200
0.38984 43.59699 3.25962 199 199 199
0.26421 43.60196 3.26095 196 196 196
0.13817 43.59969 3.26989 197 197 197
0.01315 43.59839 3.25216 193 193 193
-0.11252 43.59857 3.24535 201 201 201
-0.23679 43.60310 3.22571 197 197 197
-0.35973 43.59969 3.19948 198 198 198
-0.48107 43.59665 3.16728 192 192 192
-0.60419 43.60100 3.14228 194 194 194
-0.72343 43.59937 3.10300 195 195 195
-0.84232 43.60117 3.06297 196 196 196
-0.95998 43.59836 3.01925 195 195 195
-1.07519 43.59783 2.96939 199 199 199
-1.19185 43.59771 2.92189 197 197 197
-1.30000 43.59652 2.85751 183 183 183
-1.40732 43.60070 2.79231 195 195 195
-1.51065 43.60336 2.72109 186 186 186
-1.61362 43.60066 2.64964 201 201 201
-1.71934 43.59676 2.58134 187 187 187
-1.80902 43.60234 2.49285 190 190 190
-1.90454 43.59817 2.41174 186 186 186
-1.99812 43.59643 2.32810 189 189 189
-2.07960 43.60217 2.23254 182 182 182
-2.16851 43.59671 2.14385 187 187 187
-2.25108 43.59744 2.04916 183 183 183
-2.31946 43.59981 1.94357 186 186 186
-2.39220 43.59760 1.84152 186 186 186
-2.46577 43.60429 1.73964 183 183 183
-2.52570 43.59792 1.62926 187 187 187
-2.58223 43.59432 1.51730 179 179 179
-2.63447 43.59731 1.40339 176 176 176
-2.69123 43.59518 1.29138 179 179 179
-2.72948 43.59864 1.17174 177 177 177
-2.77376 43.59986 1.05451 175 175 175
-2.80958 43.60355 0.93441 171 171 171
-2.84056 43.59852 0.81300 169 169 169
-2.86800 43.59834 0.69073 175 175 175
-2.88915 43.59461 0.56723 178 178 178
-2.91315 43.59942 0.44394 173 173 173
-2.91692 43.60139 0.31832 177 177 177
-2.93089 43.59865 0.19358 165 165 165
-2.92771 43.60241 0.06813 166 166 166
-2.92935 43.60042 -0.05751 165 165 165
-2.92080 43.60624 -0.18287 168 168 168
-2.90755 43.59722 -0.30777 173 173 173
-2.89585 43.60186 -0.43303 165 165 165
-2.86898 43.60182 -0.55591 168 168 168
-2.83837 43.59970 -0.67769 160 160 160
-2.81096 43.60118 -0.80026 156 156 156
-2.77383 43.59793 -0.92023 160 160 160
-2.73520 43.60007 -1.03978 162 162 162
-2.69215 43.59902 -1.15792 153 153 153
-2.64035 43.59887 -1.27249 159 159 159
-2.58392 43.60129 -1.38477 155 155 155
-2.52991 43.59969 -1.49844 143 143 143
-2.46250 43.60025 -1.60467 157 157 157
-2.39616 43.59921 -1.71141 153 153 153
-2.32268 43.59673 -1.81335 150 150 150
-2.24219 43.59928 -1.90980 151 151 151
-2.16436 43.59769 -2.00814 148 148 148
-2.08162 43.60227 -2.10243 145 145 145
-1.99578 43.60097 -2.19396 139 139 139
-1.90432 43.60028 -2.27987 140 140 140
-1.81121 43.60020 -2.36395 147 147 147
-1.71396 43.60445 -2.44321 154 154 154
-1.61348 43.59722 -2.51829 144 144 144
-1.50789 43.60342 -2.58595 150 150 150
-1.40709 43.59739 -2.66105 142 142 142
-1.29793 43.59433 -2.72306 145 145 145
-1.18682 43.59699 -2.78137 137 137 137
-1.07472 43.59670 -2.83782 139 139 139
-0.96084 43.59942 -2.89087 148 148 148
-0.84299 43.59731 -2.93443 138 138 138
-0.72642 43.59937 -2.98193 139 139 139
-0.60504 43.59920 -3.01509 138 138 138
-0.48185 43.60126 -3.04040 141 141 141
-0.35990 43.59856 -3.07028 145 145 145
-0.23557 43.59972 -3.08798 141 141 141
-0.11179 43.60497 -3.10915 137 137 137
0.01318 43.59933 -3.12175 135 135 135
0.13873 43.59762 -3.12572 143 143 143
0.26421 43.59664 -3.13771 138 138 138
0.39023 43.59747 -3.13940 143 143 143
0.51466 43.59634 -3.11448 142 142 142
0.63950 43.60043 -3.10319 137 137 137
0.76558 43.60270 -3.09804 140 140 140
0.88834 43.60201 -3.07042 136 136 136
1.00991 43.60161 -3.03891 137 137 137
1.13296 43.59970 -3.01332 141 141 141
1.25097 43.60225 -2.97004 139 139 139
1.37188 43.59355 -2.93572 140 140 140
1.48924 43.60001 -2.89085 141 141 141
1.60208 43.60494 -2.83553 147 147 147
1.71560 43.59825 -2.78209 141 141 141
1.82682 43.60023 -2.72391 144 144 144
1.93402 43.59688 -2.65864 137 137 137
2.04378 43.60108 -2.59713 150 150 150
2.14398 43.59917 -2.52116 140 140 140
2.24753 43.60710 -2.44975 141 141 141
2.34032 43.60079 -2.36476 146 146 146
2.43250 43.59759 -2.27961 146 146 146
2.52476 43.60251 -2.19452 147 147 147
2.60946 43.59907 -2.10189 144 144 144
2.69678 43.59500 -2.01156 151 151 151
2.77660 43.60236 -1.91452 154 154 154
2.84704 43.60073 -1.81041 148 148 148
2.92515 43.60118 -1.71180 152 152 152
2.98937 43.60147 -1.60373 151 151 151
3.05602 43.59916 -1.49715 148 148 148
3.11405 43.60002 -1.38564 154 154 154
3.16786 43.59724 -1.27207 158 158 158
3.21813 43.60095 -1.15691 160 160 160
3.26127 43.60248 -1.03891 159 159 159
3.30259 43.59977 -0.92034 162 162 162
3.33509 43.60284 -0.79905 170 170 170
3.37302 43.60050 -0.67919 152 152 152
3.39697 43.60027 -0.55582 164 164 164
3.42086 43.59938 -0.43249 164 164 164
3.44300 43.59804 -0.30860 167 167 167
3.44837 43.59670 -0.18280 162 162 162
3.45181 43.59825 -0.05728 171 171 171
3.45402 44.00066 0.06875 174 174 174
3.45151 44.00245 0.19420 172 172 172
3.44301 43.99655 0.31936 168 168 168
3.43304 44.00428 0.44445 179 179 179
3.41096 44.00119 0.56801 174 174 174
3.38814 43.99878 0.69122 174 174 174
3.36981 44.00187 0.81564 172 172 172
3.33199 43.99893 0.93548 176 176 176
3.29767 43.99708 1.05614 179 179 179
3.25813 44.00459 1.17525 181 181 181
3.20485 44.00040 1.28902 178 178 178
3.15639 43.99416 1.40453 180 180 180
3.10893 43.99775 1.52092 181 181 181
3.04895 44.00410 1.63125 170 170 170
2.97884 44.00012 1.73552 184 184 184
2.91495 44.00030 1.84344 185 185 185
2.84041 43.99767 1.94430 183 183 183
2.77031 43.99731 2.04854 184 184 184
2.68562 44.00237 2.14131 188 188 188
2.60511 43.99499 2.23751 184 184 184
2.51708 43.99946 2.32688 192 192 192
2.42725 43.99925 2.41441 187 187 187
2.33137 44.00206 2.49528 185 185 185
2.23754 44.00121 2.57866 186 186 186
2.13655 43.99798 2.65317 189 189 189
2.03103 43.99778 2.72105 188 188 188
1.92737 43.99975 2.79168 188 188 188
1.81999 43.99596 2.85664 198 198 198
1.70739 43.99686 2.91212 192 192 192
1.59600 44.00155 2.96995 195 195 195
1.48087 44.00414 3.01998 189 189 189
1.36313 43.99455 3.06344 191 191 191
1.24487 44.00108 3.10540 196 196 196
1.12658 43.99824 3.14827 192 192 192
1.00449 43.99634 3.17843 195 195 195
0.88112 44.00068 3.20259 193 193 193
0.75746 44.00105 3.22482 191 191 191
0.63296 44.00016 3.24183 196 196 196
0.50794 44.00024 3.25460 198 198 198
0.38243 44.00268 3.26136 203 203 203
0.25677 43.99945 3.26255 199 199 199
0.13114 43.99774 3.26061 198 198 198
0.00601 43.99615 3.24947 192 192 192
-0.11918 44.00373 3.23977 193 193 193
-0.24349 44.00333 3.22211 193 193 193
-0.36606 43.99903 3.19495 195 195 195
-0.48934 44.00375 3.17174 197 197 197
-0.61166 44.00157 3.14335 191 191 191
-0.73104 44.00454 3.10450 193 193 193
-0.85177 43.99763 3.06935 195 195 195
-0.96730 44.00275 3.01989 193 193 193
-1.08260 43.99585 2.97023 193 193 193
-1.19523 43.99732 2.91483 189 189 189
-1.30769 44.00493 2.85885 194 194 194
-1.41137 43.99936 2.78765 196 196 196
-1.51887 43.99679 2.72312 195 195 195
-1.62347 44.00045 2.65380 189 189 189
-1.72187 44.00171 2.57595 192 192 192
-1.81598 44.00016 2.49311 185 185 185
-1.91402 43.99901 2.41475 187 187 187
-2.00511 44.00106 2.32845 182 182 182
-2.09382 44.00039 2.23959 183 183 183
-2.17399 44.00267 2.14295 190 190 190
-2.25472 43.99823 2.04692 179 179 179
-2.32965 43.99674 1.94631 185 185 185
-2.39772 43.99974 1.84097 192 192 192
-2.47117 44.00362 1.73911 180 180 180
-2.53308 43.99687 1.62994 184 184 184
-2.58833 43.99564 1.51732 182 182 182
-2.64068 43.99881 1.40353 177 177 177
-2.69573 43.99796 1.29086 182 182 182
-2.74143 43.99795 1.17409 180 180 180
-2.78290 44.00445 1.05574 175 175 175
-2.82305 43.99628 0.93678 172 172 172
-2.85049 43.99850 0.81426 172 172 172
-2.87991 43.99458 0.69228 169 169 169
-2.89839 43.99859 0.56817 172 172 172
-2.91835 44.00132 0.44432 176 176 176
-2.92911 44.00659 0.31933 171 171 171
-2.92849 44.00012 0.19382 168 168 168
-2.93699 44.00039 0.06875 167 167 167
-2.93713 43.99669 -0.05689 166 166 166
-2.93017 43.99871 -0.18237 154 154 154
-2.91369 43.99630 -0.30695 166 166 166
-2.89277 44.00064 -0.43069 163 163 163
-2.87504 43.99885 -0.55495 161 161 161
-2.84805 44.00028 -0.67754 157 157 157
-2.82726 44.00158 -0.80206 161 161 161
-2.78058 44.00271 -0.91929 156 156 156
-2.74509 43.99539 -1.03996 159 159 159
-2.70164 44.00359 -1.15804 162 162 162
-2.64815 44.00117 -1.27192 161 161 161
-2.59324 44.00073 -1.38498 158 158 158
-2.53619 44.00266 -1.49704 151 151 151
-2.46252 43.99655 -1.59937 157 157 157
-2.40328 44.00196 -1.71044 155 155 155
-2.33061 43.99886 -1.81294 150 150 150
-2.25215 43.99969 -1.91102 160 160 160
-2.17790 43.99888 -2.01258 143 143 143
-2.08990 44.00049 -2.10243 147 147 147
-2.00386 43.99684 -2.19383 144 144 144
-1.91119 43.99849 -2.27848 154 154 154
-1.82112 44.00107 -2.36607 140 140 140
-1.72540 43.99864 -2.44752 149 149 149
-1.62217 44.00247 -2.51924 140 140 140
-1.51860 43.99440 -2.59008 140 140 140
-1.41593 43.99772 -2.66258 148 148 148
-1.30680 43.99728 -2.72486 143 143 143
-1.19567 44.00184 -2.78339 147 147 147
-1.08383 43.99953 -2.84072 144 144 144
-0.96580 44.00291 -2.88417 147 147 147
-0.85083 44.00131 -2.93480 141 141 141
-0.73332 44.00022 -2.97956 146 146 146
-0.61203 43.99896 -3.01279 137 137 137
-0.48991 43.99877 -3.04226 141 141 141
-0.36666 44.00230 -3.06616 139 139 139
-0.24343 44.00059 -3.09000 143 143 143
-0.11860 43.99995 -3.10320 138 138 138
0.00596 44.00384 -3.11844 141 141 141
0.13095 43.99766 -3.13364 148 148 148
0.25677 44.00243 -3.13557 140 140 140
0.38234 44.00291 -3.12737 135 135 135
0.50783 44.00092 -3.12158 138 138 138
0.63243 43.99700 -3.10561 134 134 134
0.75745 43.99960 -3.09302 148 148 148
0.87955 43.99913 -3.06291 139 139 139
1.00415 44.00214 -3.04521 137 137 137
1.12609 44.00163 -3.01465 142 142 142
1.24436 43.99754 -2.97189 136 136 136
1.36287 43.99313 -2.93073 146 146 146
1.47832 43.99626 -2.88172 144 144 144
1.59448 43.99691 -2.83445 142 142 142
1.70615 43.99570 -2.77739 138 138 138
1.82311 44.00344 -2.72982 149 149 149
1.92310 43.99805 -2.65220 150 150 150
2.03481 44.00199 -2.59408 140 140 140
2.13467 43.99630 -2.51781 146 146 146
2.23829 44.00149 -2.44669 147 147 147
2.33814 44.00291 -2.37014 155 155 155
2.42330 43.99957 -2.27694 154 154 154
2.51383 44.00161 -2.19026 151 151 151
2.60447 44.00197 -2.10339 149 149 149
2.68707 43.99553 -2.00885 153 153 153
2.76193 43.99908 -1.90805 151 151 151
2.84373 44.00157 -1.81264 149 149 149
2.91024 43.99966 -1.70604 159 159 159
2.98767 43.99932 -1.60648 153 153 153
3.04603 43.99949 -1.49497 152 152 152
3.10822 43.99858 -1.38571 156 156 156
3.16008 43.99717 -1.27117 154 154 154
3.20816 43.99889 -1.15513 158 158 158
3.25620 44.00256 -1.03906 154 154 154
3.28788 44.00271 -0.91726 155 155 155
3.32804 43.99896 -0.79846 161 161 161
3.36424 44.00468 -0.67817 164 164 164
3.39547 43.99854 -0.55632 161 161 161
3.41470 43.99463 -0.43202 164 164 164
3.43676 44.00104 -0.30808 167 167 167
3.44344 44.00075 -0.18235 165 165 165
3.45208 44.00099 -0.05695 164 164 164
3.44403 44.39897 0.06938 168 168 168
3.44048 44.39985 0.19469 169 169 169
3.43660 44.39796 0.32009 166 166 166
3.42475 44.40117 0.44501 172 172 172
3.40903 44.39982 0.56955 176 176 176
3.38399 44.40106 0.69256 175 175 175
3.35882 44.39630 0.81548 176 176 176
3.32993 44.40064 0.93770 180 180 180
3.28663 44.39861 1.05568 179 179 179
3.24709 44.39940 1.17465 180 180 180
3.20192 44.39878 1.29164 180 180 180
3.15254 44.40295 1.40694 180 180 180
3.09686 44.39797 1.51933 180 180 180
3.03980 44.40245 1.63108 172 172 172
2.97334 44.40012 1.73751 185 185 185
2.90293 44.39783 1.84120 180 180 180
2.83642 44.39957 1.94764 181 181 181
2.76096 44.39733 2.04789 185 185 185
2.68352 44.39853 2.14675 188 188 188
2.59608 44.39897 2.23694 186 186 186
2.51069 44.40208 2.32884 184 184 184
2.41629 44.39693 2.41154 194 194 194
2.32371 44.39675 2.49598 188 188 188
2.22964 44.40005 2.57906 184 184 184
2.12805 44.39828 2.65272 192 192 192
2.02413 44.39758 2.72291 192 192 192
1.91860 44.40137 2.79058 183 183 183
1.80946 44.39773 2.85224 193 193 193
1.70125 44.40001 2.91582 194 194 194
1.58634 44.39782 2.96631 189 189 189
1.47280 44.39752 3.01969 196 196 196
1.35607 44.40012 3.06576 196 196 196
1.23755 44.40272 3.10712 195 195 195
1.11807 44.40375 3.14589 193 193 193
0.99636 44.39846 3.17708 196 196 196
0.87316 44.39766 3.20160 202 202 202
0.75022 44.40071 3.22794 195 195 195
0.62537 44.39628 3.24269 198 198 198
0.50039 44.39575 3.25598 196 196 196
0.37468 44.40346 3.25792 196 196 196
0.24920 44.40227 3.26718 189 189 189
0.12380 44.39897 3.25578 197 197 197
-0.00221 44.40037 3.25874 200 200 200
-0.12734 44.39843 3.24582 193 193 193
-0.25134 44.39939 3.22486 193 193 193
-0.37473 44.39833 3.20147 190 190 190
-0.49759 44.40239 3.17554 193 193 193
-0.61933 44.39283 3.14467 194 194 194
-0.73890 44.39626 3.10635 185 185 185
-0.85831 44.39961 3.06750 196 196 196
-0.97368 44.40019 3.01794 196 196 196
-1.09279 44.39770 2.97683 190 190 190
-1.20039 44.39951 2.91100 192 192 192
-1.31206 44.39899 2.85402 186 186 186
-1.41977 44.39584 2.78988 201 201 201
-1.53010 44.40422 2.72945 191 191 191
-1.63204 44.39929 2.65602 190 190 190
-1.73296 44.39771 2.58124 192 192 192
-1.82419 44.39763 2.49467 187 187 187
-1.92273 44.39809 2.41678 191 191 191
-2.01307 44.39814 2.32962 189 189 189
-2.10125 44.40057 2.24023 186 186 186
-2.17921 44.40021 2.14169 182 182 182
-2.26291 44.40100 2.04816 187 187 187
-2.33586 44.39771 1.94607 189 189 189
-2.40951 44.40355 1.84453 179 179 179
-2.48166 44.40267 1.74162 188 188 188
-2.53855 44.39733 1.62948 179 179 179
-2.59660 44.40033 1.51838 177 177 177
-2.65352 44.40197 1.40665 171 171 171
-2.70154 44.39937 1.29082 173 173 173
-2.74766 44.39970 1.17427 179 179 179
-2.79215 44.39995 1.05696 179 179 179
-2.82327 44.40100 0.93537 172 172 172
-2.85479 44.40117 0.81413 171 171 171
-2.88574 44.40300 0.69259 173 173 173
-2.90975 44.40108 0.56941 173 173 173
-2.92195 44.40198 0.44449 168 168 168
-2.93450 44.39867 0.31980 174 174 174
-2.94642 44.39991 0.19486 162 162 162
-2.94750 44.39482 0.06938 169 169 169
-2.94443 44.40331 -0.05624 163 163 163
-2.93354 44.39386 -0.18139 177 177 177
-2.92598 44.39998 -0.30685 170 170 170
-2.90907 44.40101 -0.43140 160 160 160
-2.88509 44.39767 -0.55477 163 163 163
-2.86077 44.40153 -0.67808 165 165 165
-2.82081 44.39947 -0.79740 165 165 165
-2.78747 44.40003 -0.91836 156 156 156
-2.75030 44.39782 -1.03837 160 160 160
-2.70123 44.40141 -1.15401 155 155 155
-2.65100 44.40270 -1.26901 154 154 154
-2.60271 44.39817 -1.38520 156 156 156
-2.53917 44.39826 -1.49372 161 161 161
-2.47533 44.39577 -1.60183 154 154 154
-2.41467 44.40212 -1.71223 150 150 150
-2.34031 44.40113 -1.81373 150 150 150
-2.25964 44.40619 -1.91019 149 149 149
-2.18355 44.39981 -2.01017 142 142 142
-2.09622 44.40530 -2.10051 145 145 145
-2.01263 44.39587 -2.19426 152 152 152
-1.92050 44.39936 -2.27959 149 149 149
-1.82791 44.40008 -2.36439 140 140 140
-1.72782 44.39606 -2.44021 143 143 143
-1.63106 44.39942 -2.52029 146 146 146
-1.52618 44.40008 -2.58933 149 149 149
-1.42036 44.39912 -2.65671 140 140 140
-1.31409 44.40011 -2.72362 146 146 146
-1.20361 44.39866 -2.78338 148 148 148
-1.08952 44.39946 -2.83589 145 145 145
-0.97453 44.39846 -2.88624 145 145 145
-0.85693 44.39832 -2.93010 141 141 141
-0.73856 44.39721 -2.97170 134 134 134
-0.61861 44.39916 -3.00859 140 140 140
-0.49589 44.40220 -3.03496 140 140 140
-0.37519 44.39872 -3.07035 134 134 134
-0.25118 44.40140 -3.09043 155 155 155
-0.12714 44.40102 -3.11073 138 138 138
-0.00221 44.39818 -3.12538 137 137 137
0.12368 44.40132 -3.12547 136 136 136
0.24920 44.40323 -3.13320 133 133 133
0.37493 44.40121 -3.13081 140 140 140
0.49995 44.39894 -3.11704 136 136 136
0.62539 44.39911 -3.10946 143 143 143
0.74970 44.39974 -3.09121 141 141 141
0.87218 44.39977 -3.06328 147 147 147
0.99506 44.40090 -3.03820 140 140 140
1.11688 44.39956 -3.00814 147 147 147
1.23726 44.40335 -2.97263 142 142 142
1.35738 44.40309 -2.93566 143 143 143
1.47624 44.39907 -2.89425 138 138 138
1.58879 44.40342 -2.83779 145 145 145
1.70388 44.39902 -2.78705 145 145 145
1.81152 44.40027 -2.72189 149 149 149
1.92093 44.39968 -2.66026 151 151 151
2.02544 44.40254 -2.59063 146 146 146
2.12615 44.40104 -2.51574 138 138 138
2.23108 44.40112 -2.44638 139 139 139
2.32825 44.40350 -2.36666 145 145 145
2.42155 44.40209 -2.28246 153 153 153
2.51675 44.40027 -2.19998 150 150 150
2.59992 44.39872 -2.10541 151 151 151
2.68133 44.39851 -2.00965 148 148 148
2.76456 44.40432 -1.91533 149 149 149
2.83990 44.39931 -1.81460 157 157 157
2.90441 44.40031 -1.70645 158 158 158
2.97680 44.39813 -1.60371 152 152 152
3.03405 44.39951 -1.49176 158 158 158
3.09802 44.39991 -1.38363 159 159 159
3.15424 44.39711 -1.27124 156 156 156
3.19404 44.40326 -1.15169 157 157 157
3.24964 44.40489 -1.03872 148 148 148
3.29138 44.40390 -0.92015 161 161 161
3.32560 44.40254 -0.79920 154 154 154
3.36153 44.40020 -0.67865 161 161 161
3.38365 44.39939 -0.55480 166 166 166
3.40295 44.39836 -0.43069 160 160 160
3.42347 44.39986 -0.30675 159 159 159
3.42942 44.39608 -0.18120 167 167 167
3.44489 44.40115 -0.05633 171 171 171
3.43657 44.80077 0.07000 171 171 171
3.43561 44.79768 0.19543 166 166 166
3.43140 44.79747 0.32092 162 162 162
3.41620 44.80198 0.44555 176 176 176
3.39574 44.80299 0.56931 171 171 171
3.37429 44.80227 0.69281 175 175 175
3.34836 44.79767 0.81548 172 172 172
3.32655 44.80037 0.93959 174 174 174
3.27551 44.79854 1.05524 168 168 168
3.24109 44.79789 1.17596 183 183 183
3.19758 44.80393 1.29371 186 186 186
3.14697 44.79825 1.40861 176 176 176
3.09121 44.80143 1.52108 185 185 185
3.03026 44.79786 1.63076 180 180 180
2.97162 44.80193 1.74189 190 190 190
2.90355 44.79882 1.84748 186 186 186
2.83242 44.79971 1.95106 182 182 182
2.75490 44.80027 2.04992 183 183 183
2.66968 44.80383 2.14226 188 188 188
2.59448 44.79929 2.24334 185 185 185
2.50701 44.80089 2.33364 185 185 185
2.40446 44.79805 2.40786 185 185 185
2.31668 44.80039 2.49756 190 190 190
2.22170 44.79614 2.57956 194 194 194
2.11893 44.80357 2.65160 189 189 189
2.01856 44.79958 2.72693 193 193 193
1.91265 44.79645 2.79428 191 191 191
1.80492 44.80230 2.85874 197 197 197
1.69335 44.80005 2.91630 197 197 197
1.58240 44.79936 2.97536 192 192 192
1.46654 44.79977 3.02406 195 195 195
1.34941 44.80139 3.06951 195 195 195
1.23080 44.79831 3.11095 190 190 190
1.10799 44.79990 3.13838 196 196 196
0.98849 44.80656 3.17731 192 192 192
0.86572 44.79734 3.20390 191 191 191
0.74248 44.79841 3.22859 195 195 195
0.61738 44.79942 3.24122 196 196 196
0.49293 44.80048 3.25997 199 199 199
0.36722 44.80006 3.26475 197 197 197
0.24150 44.79907 3.26495 199 199 199
0.11595 44.80255 3.26076 193 193 193
-0.00941 44.80094 3.25344 189 189 189
-0.13519 44.79892 3.24810 192 192 192
-0.25842 44.79724 3.22197 193 193 193
-0.38355 44.80031 3.20809 189 189 189
-0.50554 44.79537 3.17756 195 195 195
-0.62659 44.80355 3.14407 194 194 194
-0.74722 44.79481 3.10920 193 193 193
-0.86593 44.80076 3.06821 192 192 192
-0.98466 44.79826 3.02678 196 196 196
-1.09759 44.79974 2.97144 198 198 198
-1.21044 44.80126 2.91649 191 191 191
-1.31667 44.80242 2.84937 197 197 197
-1.42852 44.80154 2.79244 198 198 198
-1.53377 44.80035 2.72426 191 191 191
-1.63432 44.80250 2.64939 188 188 188
-1.73861 44.79930 2.57946 190 190 190
-1.83122 44.80082 2.49468 191 191 191
-1.92855 44.80377 2.41554 186 186 186
-2.02338 44.80422 2.33302 183 183 183
-2.10619 44.80237 2.23845 181 181 181
-2.18911 44.80103 2.14434 181 181 181
-2.26996 44.79744 2.04840 189 189 189
-2.34292 44.80312 1.94634 185 185 185
-2.41793 44.80015 1.84573 180 180 180
-2.48833 44.79819 1.74171 180 180 180
-2.54784 44.80133 1.63108 187 187 187
-2.60430 44.79664 1.51908 182 182 182
-2.65671 44.79926 1.40527 184 184 184
-2.71260 44.79936 1.29289 185 185 185
-2.75723 44.79620 1.17564 175 175 175
-2.79717 44.80119 1.05676 178 178 178
-2.83631 44.79939 0.93755 177 177 177
-2.87333 44.79816 0.81739 173 173 173
-2.89202 44.79892 0.69296 176 176 176
-2.92089 44.80461 0.57061 165 165 165
-2.93133 44.79846 0.44533 172 172 172
-2.94622 44.80275 0.32075 169 169 169
-2.95436 44.79919 0.19550 170 170 170
-2.95147 44.79915 0.07000 163 163 163
-2.95392 44.79842 -0.05568 161 161 161
-2.95262 44.79940 -0.18164 165 165 165
-2.93399 44.80290 -0.30623 164 164 164
-2.91053 44.80233 -0.42975 162 162 162
-2.88992 44.80282 -0.55352 155 155 155
-2.85989 44.79874 -0.67534 156 156 156
-2.83405 44.80057 -0.79827 161 161 161
-2.79863 44.79964 -0.91878 169 169 169
-2.75515 44.80135 -1.03661 157 157 157
-2.71262 44.79908 -1.15482 163 163 163
-2.66576 44.80236 -1.27153 159 159 159
-2.60753 44.79874 -1.38300 155 155 155
-2.54502 44.80024 -1.49195 152 152 152
-2.48634 44.79620 -1.60311 150 150 150
-2.41830 44.80480 -1.70876 153 153 153
-2.34739 44.80117 -1.81253 152 152 152
-2.26967 44.79944 -1.91127 152 152 152
-2.19376 44.79947 -2.01156 152 152 152
-2.10551 44.79914 -2.10122 145 145 145
-2.02030 44.80409 -2.19347 152 152 152
-1.93137 44.80165 -2.28227 146 146 146
-1.83708 44.80422 -2.36535 152 152 152
-1.73751 44.79956 -2.44199 148 148 148
-1.63943 44.80211 -2.52046 139 139 139
-1.53379 44.79608 -2.58846 145 145 145
-1.42834 44.79623 -2.65642 147 147 147
-1.32127 44.79861 -2.72196 139 139 139
-1.20886 44.80186 -2.77784 151 151 151
-1.09979 44.79655 -2.84075 139 139 139
-0.98234 44.80384 -2.88579 139 139 139
-0.86536 44.79669 -2.93137 146 146 146
-0.74732 44.79571 -2.97426 141 141 141
-0.62740 44.80081 -3.01175 140 140 140
-0.50498 44.79535 -3.04010 139 139 139
-0.38281 44.79819 -3.06925 142 142 142
-0.25954 44.80190 -3.09398 132 132 132
-0.13454 44.80329 -3.10755 143 143 143
-0.00983 44.79876 -3.12368 144 144 144
0.11585 44.80033 -3.12832 131 131 131
0.24150 44.80131 -3.13347 143 143 143
0.36703 44.79847 -3.12500 134 134 134
0.49256 44.80531 -3.12030 134 134 134
0.61784 44.80127 -3.11003 133 133 133
0.74189 44.79984 -3.08981 136 136 136
0.86689 44.79741 -3.07466 137 137 137
0.98854 44.79948 -3.04238 137 137 137
1.10921 44.80159 -3.00752 139 139 139
1.22950 44.80074 -2.97173 143 143 143
1.34677 44.79943 -2.92705 139 139 139
1.46383 44.80402 -2.88214 146 146 146
1.58070 44.79600 -2.83620 150 150 150
1.69343 44.79738 -2.78093 138 138 138
1.80468 44.80306 -2.72267 145 145 145
1.91493 44.79487 -2.66227 142 142 142
2.02208 44.79813 -2.59636 140 140 140
2.12304 44.80350 -2.52131 146 146 146
2.22004 44.79921 -2.44139 147 147 147
2.31599 44.79578 -2.36056 142 142 142
2.40947 44.79702 -2.27696 146 146 146
2.50203 44.79781 -2.19220 147 147 147
2.59191 44.79765 -2.10436 146 146 146
2.67569 44.79910 -2.01064 148 148 148
2.75275 44.79796 -1.91133 154 154 154
2.82838 44.79957 -1.81106 154 154 154
2.89968 44.80041 -1.70768 151 151 151
2.97005 44.79923 -1.60354 152 152 152
3.02870 44.80006 -1.49233 157 157 157
3.09171 44.80221 -1.38360 156 156 156
3.14015 44.79944 -1.26756 155 155 155
3.20401 44.80353 -1.15829 155 155 155
3.23764 44.80087 -1.03642 158 158 158
3.28203 44.79633 -0.91891 162 162 162
3.32037 44.79892 -0.79920 161 161 161
3.34986 44.79770 -0.67701 163 163 163
3.37394 44.80042 -0.55372 164 164 164
3.40098 44.79604 -0.43093 166 166 166
3.41622 44.80281 -0.30614 160 160 160
3.43065 44.79494 -0.18125 164 164 164
3.43147 44.79738 -0.05547 162 162 162
3.42574 45.19881 0.07063 162 162 162
3.42500 45.19971 0.19595 170 170 170
3.41762 45.20167 0.32108 171 171 171
3.41374 45.20142 0.44683 172 172 172
3.39253 45.19888 0.57069 176 176 176
3.36847 45.19982 0.69386 168 168 168
3.34131 45.20069 0.81632 175 175 175
3.30678 45.19889 0.93688 174 174 174
3.27362 45.20409 1.05784 183 183 183
3.23420 45.20033 1.17698 180 180 180
3.18529 45.20200 1.29254 173 173 173
3.13888 45.19757 1.40918 177 177 177
3.08327 45.19389 1.52171 183 183 183
3.02324 45.20011 1.63191 183 183 183
2.96158 45.20176 1.74124 182 182 182
2.88835 45.19483 1.84327 179 179 179
2.81806 45.19777 1.94703 181 181 181
2.74493 45.19796 2.04897 180 180 180
2.66571 45.20075 2.14629 185 185 185
2.57806 45.19891 2.23614 185 185 185
2.49720 45.20059 2.33242 195 195 195
2.40844 45.20216 2.42140 188 188 188
2.30758 45.19794 2.49686 189 189 189
2.21719 45.20112 2.58457 189 189 189
2.11495 45.20031 2.65770 189 189 189
2.00886 45.20070 2.72496 191 191 191
1.90796 45.20020 2.80023 191 191 191
1.79636 45.19766 2.85826 197 197 197
1.68477 45.20142 2.91567 194 194 194
1.57036 45.19865 2.96708 194 194 194
1.45440 45.19973 3.01453 195 195 195
1.34122 45.20100 3.06940 190 190 190
1.22167 45.19990 3.10786 197 197 197
1.10245 45.20052 3.14741 197 197 197
0.98131 45.20048 3.18091 202 202 202
0.85677 45.19865 3.19915 191 191 191
0.73414 45.20202 3.22630 195 195 195
0.60936 45.20059 3.24045 196 196 196
0.48468 45.19973 3.25555 194 194 194
0.35900 45.19681 3.25565 199 199 199
0.23368 45.19541 3.27542 195 195 195
0.10828 45.20163 3.25795 197 197 197
-0.01732 45.20367 3.25560 194 194 194
-0.14172 45.19697 3.23819 193 193 193
-0.26758 45.20242 3.23138 198 198 198
-0.38966 45.19982 3.20043 193 193 193
-0.51256 45.19922 3.17517 192 192 192
-0.63197 45.19733 3.13634 192 192 192
-0.75613 45.19556 3.11346 199 199 199
-0.87420 45.20121 3.07033 192 192 192
-0.99333 45.19794 3.02972 192 192 192
-1.10639 45.19571 2.97444 195 195 195
-1.22000 45.19758 2.92077 188 188 188
-1.33018 45.20272 2.86039 185 185 185
-1.43696 45.19807 2.79431 185 185 185
-1.54434 45.19786 2.72920 187 187 187
-1.64356 45.20012 2.65215 185 185 185
-1.74827 45.20039 2.58259 188 188 188
-1.83994 45.20064 2.49653 185 185 185
-1.93509 45.19830 2.41493 182 182 182
-2.02713 45.20447 2.32971 188 188 188
-2.11651 45.20384 2.24152 187 187 187
-2.19611 45.20516 2.14438 187 187 187
-2.27720 45.20210 2.04868 187 187 187
-2.35260 45.20132 1.94842 186 186 186
-2.42659 45.19941 1.84702 184 184 184
-2.49229 45.20395 1.74006 184 184 184
-2.55635 45.20075 1.63217 183 183 183
-2.62135 45.20246 1.52449 184 184 184
-2.67223 45.19934 1.40951 179 179 179
-2.72030 45.19812 1.29353 183 183 183
-2.76115 45.20542 1.17488 176 176 176
-2.80370 45.19892 1.05701 178 178 178
-2.83839 45.20122 0.93659 177 177 177
-2.87395 45.20394 0.81632 174 174 174
-2.90155 45.19944 0.69395 176 176 176
-2.92404 45.19446 0.57051 168 168 168
-2.94235 45.20159 0.44635 166 166 166
-2.94725 45.20066 0.32085 166 166 166
-2.95781 45.20199 0.19596 167 167 167
-2.95987 45.19859 0.07063 166 166 166
-2.96103 45.19989 -0.05502 175 175 175
-2.95777 45.20293 -0.18079 163 163 163
-2.94167 45.20265 -0.30556 166 166 166
-2.91925 45.20102 -0.42923 165 165 165
-2.90019 45.20299 -0.55333 163 163 163
-2.87482 45.19583 -0.67636 166 166 166
-2.84686 45.20092 -0.79898 158 158 158
-2.80446 45.20171 -0.91743 160 160 160
-2.76314 45.20093 -1.03596 154 154 154
-2.72356 45.19787 -1.15539 158 158 158
-2.66949 45.20026 -1.26893 154 154 154
-2.61201 45.19835 -1.38057 153 153 153
-2.55759 45.19964 -1.49387 149 149 149
-2.49338 45.20316 -1.60189 151 151 151
-2.42161 45.19808 -1.70500 160 160 160
-2.35528 45.19839 -1.81183 149 149 149
-2.28375 45.19910 -1.91546 153 153 153
-2.19674 45.19605 -2.00667 151 151 151
-2.10983 45.19677 -2.09723 146 146 146
-2.02871 45.20248 -2.19331 143 143 143
-1.93418 45.19818 -2.27609 158 158 158
-1.84197 45.19774 -2.36117 144 144 144
-1.75040 45.19618 -2.44767 140 140 140
-1.64941 45.20124 -2.52269 151 151 151
-1.53952 45.19624 -2.58459 143 143 143
-1.43737 45.19882 -2.65766 147 147 147
-1.32641 45.19684 -2.71643 141 141 141
-1.21884 45.20215 -2.78136 146 146 146
-1.10594 45.19934 -2.83641 143 143 143
-0.99051 45.19827 -2.88593 141 141 141
-0.87317 45.20234 -2.93064 137 137 137
-0.75408 45.19627 -2.97029 147 147 147
-0.63298 45.20097 -3.00313 136 136 136
-0.51414 45.20237 -3.04497 140 140 140
-0.39121 45.20139 -3.07151 141 141 141
-0.26636 45.20062 -3.08702 140 140 140
-0.14229 45.19565 -3.10630 135 135 135
-0.01736 45.19943 -3.11937 142 142 142
0.10804 45.20222 -3.12739 139 139 139
0.23368 45.20251 -3.12715 136 136 136
0.35946 45.20108 -3.13083 136 136 136
0.48452 45.20377 -3.11682 142 142 142
0.60962 45.19970 -3.10599 137 137 137
0.73481 45.20113 -3.09384 139 139 139
0.85712 45.19452 -3.06422 140 140 140
0.98039 45.19983 -3.04033 136 136 136
1.10347 45.20510 -3.01421 147 147 147
1.22242 45.19765 -2.97331 138 138 138
1.34354 45.19151 -2.93876 138 138 138
1.45712 45.19947 -2.88410 143 143 143
1.57444 45.20179 -2.83887 139 139 139
1.68658 45.20381 -2.78209 142 142 142
1.79914 45.19772 -2.72600 148 148 148
1.90460 45.20175 -2.65744 142 142 142
2.01257 45.20018 -2.59309 145 145 145
2.11266 45.20052 -2.51703 148 148 148
2.21337 45.19582 -2.44209 142 142 142
2.31106 45.19699 -2.36319 141 141 141
2.40801 45.19772 -2.28309 146 146 146
2.49173 45.20004 -2.18896 143 143 143
2.57549 45.19648 -2.09565 149 149 149
2.66949 45.20434 -2.01127 155 155 155
2.74453 45.19745 -1.91026 145 145 145
2.82457 45.20195 -1.81323 155 155 155
2.88943 45.20041 -1.70531 156 156 156
2.95601 45.20340 -1.59899 160 160 160
3.02312 45.20115 -1.49285 146 146 146
3.07912 45.20111 -1.38044 155 155 155
3.14231 45.20179 -1.27144 151 151 151
3.18780 45.20343 -1.15410 160 160 160
3.23078 45.20116 -1.03606 169 169 169
3.27403 45.20112 -0.91815 151 151 151
3.31197 45.20183 -0.79835 161 161 161
3.33785 45.19761 -0.67532 157 157 157
3.37051 45.19605 -0.55392 159 159 159
3.39667 45.19719 -0.43082 171 171 171
3.40851 45.20062 -0.30550 168 168 168
3.41922 45.19819 -0.18032 167 167 167
3.43010 45.19670 -0.05508 162 162 162
3.42371 45.59881 0.07125 168 168 168
3.43014 45.59876 0.19710 164 164 164
3.40970 45.59839 0.32172 172 172 172
3.40926 45.60093 0.44788 167 167 167
3.38812 45.60064 0.57189 167 167 167
3.36434 45.60144 0.69527 176 176 176
3.33423 45.60169 0.81718 169 169 169
3.30314 45.60168 0.93875 171 171 171
3.26894 45.59580 1.05957 177 177 177
3.22530 45.59716 1.17729 182 182 182
3.17880 45.60207 1.29382 174 174 174
3.12998 45.60266 1.40942 178 178 178
3.07530 45.60549 1.52239 182 182 182
3.01387 45.59533 1.63181 180 180 180
2.95065 45.60199 1.74012 180 180 180
2.87859 45.60145 1.84278 188 188 188
2.81293 45.59276 1.94981 188 188 188
2.73858 45.59753 2.05096 194 194 194
2.66101 45.59700 2.14980 178 178 178
2.57475 45.59980 2.24117 185 185 185
2.48864 45.60571 2.33256 190 190 190
2.39465 45.59681 2.41586 193 193 193
2.30052 45.59841 2.49868 181 181 181
2.20539 45.60000 2.58046 179 179 179
2.10531 45.60262 2.65616 188 188 188
2.00194 45.60251 2.72730 184 184 184
1.89566 45.59752 2.79395 192 192 192
1.78968 45.59695 2.86136 190 190 190
1.67929 45.59983 2.92137 194 194 194
1.56294 45.59609 2.96907 197 197 197
1.44919 45.60187 3.02200 206 206 206
1.33272 45.59860 3.06879 184 184 184
1.21412 45.59766 3.10996 198 198 198
1.09235 45.60023 3.14068 191 191 191
0.97275 45.59799 3.17929 194 194 194
0.84898 45.60110 3.20085 193 193 193
0.72597 45.60080 3.22581 200 200 200
0.60189 45.60021 3.24539 199 199 199
0.47679 45.60213 3.25711 201 201 201
0.35159 45.60197 3.27014 198 198 198
0.22574 45.60074 3.26550 198 198 198
0.10000 45.59949 3.26760 194 194 194
-0.02505 45.59799 3.25388 195 195 195
-0.15032 45.59921 3.24473 189 189 189
-0.27474 45.59933 3.22745 195 195 195
-0.39814 45.59768 3.20412 197 197 197
-0.52144 45.60263 3.18001 199 199 199
-0.64297 45.59602 3.14814 199 199 199
-0.76259 45.60380 3.10981 192 192 192
-0.88074 45.60158 3.06745 192 192 192
-0.99893 45.59932 3.02495 192 192 192
-1.11439 45.60128 2.97545 194 194 194
-1.22699 45.59871 2.91977 190 190 190
-1.34062 45.60228 2.86570 194 194 194
-1.44605 45.59970 2.79702 198 198 198
-1.55034 45.60057 2.72712 193 193 193
-1.65254 45.59708 2.65440 193 193 193
-1.75464 45.60224 2.58140 187 187 187
-1.84794 45.60156 2.49740 189 189 189
-1.94613 45.59994 2.41907 181 181 181
-2.03436 45.59577 2.32977 188 188 188
-2.11802 45.59741 2.23633 191 191 191
-2.20143 45.60172 2.14289 189 189 189
-2.28226 45.59782 2.04715 185 185 185
-2.35910 45.59972 1.94810 182 182 182
-2.43462 45.60236 1.84779 178 178 178
-2.50531 45.60027 1.74388 186 186 186
-2.56339 45.59802 1.63237 186 186 186
-2.62357 45.59977 1.52227 175 175 175
-2.67813 45.59932 1.40925 178 178 178
-2.72399 45.60097 1.29244 176 176 176
-2.77529 45.59983 1.17784 183 183 183
-2.81874 45.59948 1.05998 176 176 176
-2.85518 45.60348 0.93975 171 171 171
-2.88330 45.59441 0.81732 175 175 175
-2.90958 45.59812 0.69462 170 170 170
-2.93332 45.59516 0.57137 169 169 169
-2.94821 45.60086 0.44674 171 171 171
-2.95788 45.59919 0.32169 168 168 168
-2.96939 45.59970 0.19673 164 164 164
-2.96703 45.60061 0.07125 166 166 166
-2.96833 45.60127 -0.05436 163 163 163
-2.95969 45.60285 -0.17967 166 166 166
-2.95013 45.60252 -0.30497 164 164 164
-2.93401 45.60364 -0.42964 155 155 155
-2.91344 45.59789 -0.55371 165 165 165
-2.88119 45.60363 -0.67530 164 164 164
-2.85341 45.59628 -0.79790 162 162 162
-2.81340 45.59820 -0.91706 159 159 159
-2.77353 45.59510 -1.03616 157 157 157
-2.72745 45.59733 -1.15300 158 158 158
-2.68074 45.60400 -1.26973 153 153 153
-2.62558 45.60242 -1.38271 158 158 158
-2.56461 45.59914 -1.49263 143 143 143
-2.50044 45.60026 -1.60062 160 160 160
-2.43245 45.59972 -1.70620 154 154 154
-2.36270 45.59852 -1.81071 146 146 146
-2.29096 45.59866 -1.91414 150 150 150
-2.20235 45.59883 -2.00393 144 144 144
-2.12044 45.60163 -2.09895 145 145 145
-2.03860 45.59546 -2.19450 148 148 148
-1.94535 45.59414 -2.27883 148 148 148
-1.85172 45.60012 -2.36255 148 148 148
-1.75373 45.59769 -2.44108 146 146 146
-1.65219 45.60346 -2.51484 149 149 149
-1.55083 45.59900 -2.58888 143 143 143
-1.44634 45.60226 -2.65861 143 143 143
-1.33842 45.59872 -2.72297 146 146 146
-1.22496 45.60229 -2.77706 138 138 138
-1.11192 45.59728 -2.83144 141 141 141
-0.99905 45.60167 -2.88666 133 133 133
-0.88166 45.59941 -2.93141 136 136 136
-0.76182 45.59705 -2.96900 140 140 140
-0.64362 45.59810 -3.01203 138 138 138
-0.52123 45.59712 -3.04076 142 142 142
-0.39937 45.59879 -3.07196 145 145 145
-0.27673 45.60306 -3.10167 140 140 140
-0.15020 45.59815 -3.10543 140 140 140
-0.02545 45.60118 -3.12072 134 134 134
0.09999 45.60131 -3.12957 136 136 136
0.22574 45.60192 -3.12396 137 137 137
0.35140 45.59878 -3.12713 138 138 138
0.47639 45.60242 -3.11376 136 136 136
0.60180 45.60104 -3.10634 132 132 132
0.72462 45.59880 -3.07895 136 136 136
0.84997 45.59641 -3.06748 144 144 144
0.97247 45.59738 -3.03973 143 143 143
1.09557 45.59964 -3.01367 137 137 137
1.21559 45.60042 -2.97601 144 144 144
1.33351 45.60534 -2.93240 143 143 143
1.44982 45.59845 -2.88493 144 144 144
1.56533 45.60033 -2.83560 144 144 144
1.67758 45.60320 -2.77929 146 146 146
1.79054 45.59696 -2.72409 141 141 141
1.89570 45.59832 -2.65513 145 145 145
2.00402 45.60278 -2.59144 141 141 141
2.10285 45.59986 -2.51371 137 137 137
2.20342 45.59877 -2.43880 142 142 142
2.30734 45.59739 -2.36738 151 151 151
2.39481 45.60029 -2.27664 151 151 151
2.48785 45.59558 -2.19227 146 146 146
2.57057 45.59835 -2.09770 151 151 151
2.66007 45.60104 -2.00926 155 155 155
2.73858 45.60021 -1.91108 147 147 147
2.81404 45.59835 -1.81060 143 143 143
2.88377 45.59676 -1.70609 155 155 155
2.95009 45.60201 -1.59949 156 156 156
3.02118 45.59929 -1.49548 152 152 152
3.07627 45.59841 -1.38231 156 156 156
3.12987 45.60320 -1.26865 155 155 155
3.18287 45.59918 -1.15463 155 155 155
3.22719 45.60117 -1.03696 155 155 155
3.26862 45.59275 -0.91827 158 158 158
3.29610 45.60296 -0.79542 160 160 160
3.33918 45.60077 -0.67686 161 161 161
3.35854 45.59986 -0.55244 157 157 157
3.39080 45.60221 -0.43048 160 160 160
3.40274 45.60034 -0.30510 159 159 159
3.41396 45.60095 -0.17989 163 163 163
3.42901 45.60186 -0.05472 169 169 169
3.41796 46.00389 0.07188 168 168 168
3.41223 45.99655 0.19734 169 169 169
3.39804 46.00269 0.32207 178 178 178
3.39582 45.99910 0.44788 174 174 174
3.37399 46.00269 0.57158 174 174 174
3.35456 46.00127 0.69557 175 175 175
3.32771 46.00147 0.81821 174 174 174
3.29980 46.00072 0.94074 178 178 178
3.25601 46.00161 1.05864 178 178 178
3.21769 46.00034 1.17813 173 173 173
3.16807 45.99910 1.29339 176 176 176
3.12141 46.00270 1.40986 183 183 183
3.06326 45.99824 1.52105 179 179 179
3.00892 46.00198 1.63424 179 179 179
2.94275 46.00171 1.74091 180 180 180
2.87567 45.99895 1.84692 181 181 181
2.80900 45.99921 1.95352 182 182 182
2.72350 45.99924 2.04615 189 189 189
2.65413 46.00652 2.15154 187 187 187
2.56346 46.00465 2.23894 187 187 187
2.48230 46.00096 2.33503 185 185 185
2.39004 45.99840 2.42035 185 185 185
2.29385 46.00070 2.50107 191 191 191
2.19755 45.99307 2.58152 184 184 184
2.09719 46.00380 2.65688 191 191 191
1.99618 46.00390 2.73153 191 191 191
1.89070 46.00226 2.79983 196 196 196
1.78080 45.99451 2.86071 191 191 191
1.67121 45.99921 2.92215 191 191 191
1.55711 45.99999 2.97475 189 189 189
1.44196 45.99924 3.02484 195 195 195
1.32674 46.00079 3.07528 188 188 188
1.20667 46.00323 3.11270 198 198 198
1.08427 46.00360 3.14145 196 196 196
0.96470 45.99986 3.18020 199 199 199
0.84218 45.99730 3.20807 201 201 201
0.71874 46.00366 3.23194 190 190 190
0.59372 46.00040 3.24540 194 194 194
0.46890 46.00067 3.26012 194 194 194
0.34327 45.99711 3.26434 198 198 198
0.21769 45.99963 3.27633 190 190 190
0.09196 45.99536 3.26801 194 194 194
-0.03329 46.00132 3.25718 198 198 198
-0.15788 45.99570 3.24145 196 196 196
-0.28263 46.00142 3.22732 199 199 199
-0.40773 45.99474 3.21274 201 201 201
-0.52950 45.99438 3.18095 191 191 191
-0.64852 46.00144 3.14014 191 191 191
-0.77047 45.99754 3.11017 193 193 193
-0.89086 46.00357 3.07392 194 194 194
-1.00906 46.00360 3.03083 187 187 187
-1.12013 46.00367 2.97127 191 191 191
-1.23393 46.00129 2.91841 192 192 192
-1.34549 45.99805 2.86084 197 197 197
-1.45430 46.00156 2.79815 190 190 190
-1.55962 45.99586 2.72977 184 184 184
-1.65913 46.00692 2.65317 182 182 182
-1.76066 46.00000 2.57961 184 184 184
-1.85900 46.00087 2.50169 192 192 192
-1.95691 46.00036 2.42278 189 189 189
-2.04645 45.99599 2.33455 190 190 190
-2.12671 45.99635 2.23766 178 178 178
-2.21405 45.99840 2.14753 183 183 183
-2.29137 45.99952 2.04871 188 188 188
-2.36890 46.00616 1.95009 175 175 175
-2.44528 46.00257 1.85025 180 180 180
-2.51438 46.00301 1.74521 181 181 181
-2.57461 46.00080 1.63484 178 178 178
-2.62897 46.00045 1.52160 176 176 176
-2.68508 46.00259 1.40943 183 183 183
-2.73987 45.99953 1.29636 184 184 184
-2.78230 46.00519 1.17812 172 172 172
-2.82531 45.99789 1.06017 176 176 176
-2.86255 45.99996 0.94021 180 180 180
-2.89392 45.99776 0.81859 173 173 173
-2.90991 46.00034 0.69373 174 174 174
-2.93755 46.00004 0.57141 174 174 174
-2.95765 46.00208 0.44755 170 170 170
-2.96824 45.99508 0.32251 171 171 171
-2.97240 45.99646 0.19716 171 171 171
-2.97855 46.00342 0.07188 172 172 172
-2.97532 46.00451 -0.05368 173 173 173
-2.96941 46.00344 -0.17916 164 164 164
-2.96363 46.00054 -0.30496 166 166 166
-2.93540 46.00251 -0.42793 165 165 165
-2.92023 46.00149 -0.55279 159 159 159
-2.88643 46.00124 -0.67395 167 167 167
-2.86764 46.00165 -0.79895 161 161 161
-2.82397 46.00029 -0.91718 155 155 155
-2.78322 46.00262 -1.03606 152 152 152
-2.73484 46.00347 -1.15202 152 152 152
-2.68202 46.00147 -1.26589 155 155 155
-2.62964 45.99984 -1.37996 156 156 156
-2.57152 46.00350 -1.49126 148 148 148
-2.51309 45.99814 -1.60270 153 153 153
-2.44047 45.99870 -1.70545 154 154 154
-2.36906 46.00210 -1.80874 148 148 148
-2.29433 45.99508 -1.90970 150 150 150
-2.20970 46.00051 -2.00259 151 151 151
-2.12734 46.00019 -2.09714 150 150 150
-2.04113 45.99966 -2.18824 145 145 145
-1.95406 46.00124 -2.27881 146 146 146
-1.85926 45.99975 -2.36120 147 147 147
-1.76141 45.99957 -2.43986 145 145 145
-1.66498 45.99660 -2.52063 149 149 149
-1.56199 46.00508 -2.59280 138 138 138
-1.45211 45.99562 -2.65415 148 148 148
-1.34778 46.00097 -2.72458 147 147 147
-1.23553 46.00014 -2.78127 138 138 138
-1.12307 46.00602 -2.83744 148 148 148
-1.00740 45.99668 -2.88667 138 138 138
-0.89127 46.00444 -2.93493 144 144 144
-0.76871 45.99952 -2.96470 138 138 138
-0.65030 46.00432 -3.00646 131 131 131
-0.53081 46.00016 -3.04645 139 139 139
-0.40665 45.99699 -3.06737 138 138 138
-0.28247 46.00301 -3.08641 137 137 137
-0.15901 46.00217 -3.11116 143 143 143
-0.03329 45.99784 -3.11730 137 137 137
0.09189 46.00034 -3.13001 145 145 145
0.21769 46.00138 -3.12727 134 134 134
0.34352 46.00076 -3.13074 134 134 134
0.46917 45.99698 -3.12373 143 143 143
0.59335 46.00283 -3.10237 140 140 140
0.71714 45.99533 -3.08193 140 140 140
0.84124 46.00029 -3.06344 134 134 134
0.96469 45.99852 -3.04022 142 142 142
1.08699 46.00007 -3.01111 146 146 146
1.20514 45.99718 -2.96796 142 142 142
1.32085 46.00532 -2.91922 141 141 141
1.44290 45.99968 -2.88697 139 139 139
1.55812 45.99876 -2.83674 143 143 143
1.66983 46.00034 -2.77917 145 145 145
1.78300 46.00172 -2.72430 145 145 145
1.88887 46.00127 -2.65640 145 145 145
1.99676 45.99764 -2.59189 149 149 149
2.09894 45.99809 -2.51868 144 144 144
2.19874 45.99778 -2.44233 145 145 145
2.29324 45.99955 -2.35957 151 151 151
2.38692 45.99964 -2.27608 153 153 153
2.48105 45.99739 -2.19278 147 147 147
2.56619 46.00084 -2.10035 149 149 149
2.64913 46.00078 -2.00605 152 152 152
2.73033 45.99855 -1.91020 149 149 149
2.80410 46.00104 -1.80850 152 152 152
2.87913 46.00122 -1.70764 152 152 152
2.94804 46.00373 -1.60244 154 154 154
3.00744 45.99741 -1.49157 158 158 158
3.07026 45.99506 -1.38263 155 155 155
3.12359 45.99848 -1.26875 152 152 152
3.17440 46.00235 -1.15375 162 162 162
3.21826 45.99746 -1.03594 163 163 163
3.26020 46.00173 -0.91746 155 155 155
3.29138 45.99959 -0.79567 166 166 166
3.32371 46.00167 -0.67440 165 165 165
3.35255 45.99658 -0.55218 158 158 158
3.37446 46.00022 -0.42851 157 157 157
3.39219 46.00182 -0.30416 165 165 165
3.40012 46.00055 -0.17879 165 165 165
3.41317 45.99734 -0.05378 164 164 164
3.40508 46.40098 0.07250 170 170 170
3.40317 46.40524 0.19793 170 170 170
3.39612 46.39861 0.32320 169 169 169
3.38593 46.39786 0.44831 173 173 173
3.36635 46.40411 0.57230 174 174 174
3.35149 46.40191 0.69723 171 171 171
3.32497 46.39530 0.82016 169 169 169
3.28742 46.40135 0.94021 178 178 178
3.25162 46.40047 1.06053 176 176 176
3.21007 46.39956 1.17900 181 181 181
3.16116 46.40156 1.29458 178 178 178
3.12382 46.40094 1.41542 177 177 177
3.05592 46.40012 1.52216 182 182 182
2.99944 46.39919 1.63420 176 176 176
2.93038 46.40143 1.73904 177 177 177
2.86641 46.40371 1.84689 185 185 185
2.79700 46.40079 1.95145 192 192 192
2.71993 46.40434 2.05050 187 187 187
2.64154 46.39666 2.14850 191 191 191
2.55240 46.40063 2.23700 187 187 187
2.47183 46.39829 2.33347 182 182 182
2.38277 46.39441 2.42207 191 191 191
2.28480 46.40102 2.50080 186 186 186
2.18580 46.40353 2.57775 189 189 189
2.08779 46.39963 2.65596 187 187 187
1.98629 46.40058 2.72975 189 189 189
1.87931 46.40162 2.79536 189 189 189
1.77439 46.40223 2.86467 194 194 194
1.65891 46.40241 2.91487 190 190 190
1.54714 46.40280 2.97167 196 196 196
1.43521 46.40105 3.02912 196 196 196
1.31683 46.39823 3.07141 193 193 193
1.19749 46.39859 3.11047 191 191 191
1.07820 46.40354 3.14979 198 198 198
0.95646 46.40228 3.18077 197 197 197
0.83281 46.39687 3.20292 197 197 197
0.71070 46.40298 3.23367 198 198 198
0.58536 46.39980 3.24468 190 190 190
0.46003 46.40130 3.25212 197 197 197
0.33548 46.39787 3.27479 197 197 197
0.20952 46.39875 3.26448 196 196 196
0.08376 46.39648 3.26990 195 195 195
-0.04117 46.40277 3.25451 196 196 196
-0.16570 46.40178 3.23952 204 204 204
-0.29099 46.39921 3.22948 191 191 191
-0.41423 46.40121 3.20528 190 190 190
-0.53774 46.40121 3.18216 187 187 187
-0.65892 46.39885 3.14897 188 188 188
-0.78115 46.39811 3.11878 196 196 196
-0.89591 46.39571 3.06634 189 189 189
-1.01260 46.40016 3.02052 201 201 201
-1.13040 46.39929 2.97668 194 194 194
-1.24420 46.39980 2.92337 188 188 188
-1.35298 46.40317 2.86046 193 193 193
-1.46018 46.39764 2.79523 196 196 196
-1.56481 46.40106 2.72611 193 193 193
-1.67386 46.39883 2.66301 189 189 189
-1.76648 46.39809 2.57741 195 195 195
-1.86623 46.39935 2.50136 191 191 191
-1.96346 46.40274 2.42179 187 187 187
-2.05423 46.39418 2.33492 191 191 191
-2.14055 46.39541 2.24365 187 187 187
-2.22272 46.40082 2.14869 185 185 185
-2.30400 46.40196 2.05295 182 182 182
-2.38084 46.40242 1.95354 185 185 185
-2.45266 46.40278 1.85043 182 182 182
-2.51656 46.39590 1.74225 178 178 178
-2.58332 46.40083 1.63584 183 183 183
-2.63572 46.40398 1.52157 181 181 181
-2.69251 46.39547 1.40977 178 178 178
-2.74343 46.39624 1.29513 186 186 186
-2.79218 46.39917 1.17942 185 185 185
-2.82973 46.39771 1.05961 178 178 178
-2.86681 46.39645 0.93977 175 175 175
-2.90350 46.40094 0.81958 171 171 171
-2.92901 46.40307 0.69655 172 172 172
-2.95106 46.40416 0.57290 166 166 166
-2.96637 46.39983 0.44825 172 172 172
-2.97989 46.39866 0.32342 168 168 168
-2.98148 46.39847 0.19783 173 173 173
-2.98734 46.39866 0.07250 169 169 169
-2.98548 46.40035 -0.05313 164 164 164
-2.97925 46.39966 -0.17865 167 167 167
-2.96560 46.40041 -0.30358 164 164 164
-2.94828 46.39744 -0.42801 170 170 170
-2.92085 46.40090 -0.55062 164 164 164
-2.89851 46.39693 -0.67421 167 167 167
-2.86827 46.39665 -0.79615 157 157 157
-2.83205 46.39524 -0.91647 152 152 152
-2.79529 46.39690 -1.03681 160 160 160
-2.74321 46.40176 -1.15140 153 153 153
-2.69632 46.40240 -1.26801 156 156 156
-2.64473 46.40113 -1.38277 148 148 148
-2.57805 46.39771 -1.48963 150 150 150
-2.51595 46.39933 -1.59873 144 144 144
-2.45134 46.39912 -1.70653 160 160 160
-2.37710 46.39655 -1.80792 147 147 147
-2.30467 46.40347 -1.91069 150 150 150
-2.22248 46.39529 -2.00580 147 147 147
-2.14289 46.40011 -2.10323 139 139 139
-2.05062 46.39882 -2.18883 147 147 147
-1.96471 46.39690 -2.28076 150 150 150
-1.86940 46.39737 -2.36278 149 149 149
-1.77207 46.40023 -2.44230 147 147 147
-1.66760 46.40013 -2.51226 146 146 146
-1.57031 46.40033 -2.59231 151 151 151
-1.46489 46.40262 -2.66096 140 140 140
-1.35196 46.39726 -2.71674 138 138 138
-1.24259 46.40115 -2.77839 148 148 148
-1.13279 46.39739 -2.84010 150 150 150
-1.01556 46.39892 -2.88595 142 142 142
-0.89939 46.40301 -2.93411 143 143 143
-0.77952 46.40021 -2.97217 131 131 131
-0.65819 46.39703 -3.00479 146 146 146
-0.53518 46.40131 -3.02994 144 144 144
-0.41508 46.40511 -3.06806 139 139 139
-0.29081 46.40401 -3.08682 140 140 140
-0.16684 46.40146 -3.10766 141 141 141
-0.04149 46.40375 -3.11706 138 138 138
0.08381 46.40294 -3.12713 131 131 131
0.20952 46.40154 -3.12805 135 135 135
0.33515 46.39962 -3.12504 144 144 144
0.46028 46.40015 -3.11379 142 142 142
0.58528 46.39746 -3.10254 137 137 137
0.71059 46.40000 -3.09148 141 141 141
0.83394 46.40240 -3.06711 144 144 144
0.95675 46.40083 -3.04047 139 139 139
1.07826 46.40134 -3.00843 138 138 138
1.19657 46.39984 -2.96601 137 137 137
1.31581 46.39688 -2.92699 141 141 141
1.43326 46.39899 -2.88271 141 141 141
1.54806 46.39828 -2.83191 141 141 141
1.66461 46.40117 -2.78423 143 143 143
1.77387 46.39307 -2.72186 146 146 146
1.88430 46.40046 -2.66154 144 144 144
1.98584 46.39788 -2.58705 148 148 148
2.09160 46.40189 -2.51908 146 146 146
2.19102 46.40427 -2.44218 146 146 146
2.28923 46.40410 -2.36370 151 151 151
2.37752 46.40096 -2.27401 149 149 149
2.47097 46.40446 -2.19013 146 146 146
2.55495 46.39974 -2.09677 145 145 145
2.64013 46.40431 -2.00461 146 146 146
2.72073 46.40227 -1.90833 143 143 143
2.79645 46.40216 -1.80814 150 150 150
2.86429 46.40350 -1.70246 149 149 149
2.92982 46.39905 -1.59556 152 152 152
3.00426 46.39895 -1.49364 160 160 160
3.06248 46.40202 -1.38212 153 153 153
3.11459 46.40651 -1.26766 161 161 161
3.16509 46.39842 -1.15258 152 152 152
3.21223 46.39689 -1.03603 159 159 159
3.24460 46.39879 -0.91435 155 155 155
3.28482 46.40084 -0.79544 162 162 162
3.31935 46.39772 -0.67464 158 158 158
3.34841 46.39977 -0.55232 165 165 165
3.36469 46.40202 -0.42760 156 156 156
3.37912 46.40120 -0.30292 164 164 164
3.39721 46.40149 -0.17856 169 169 169
3.40371 46.39940 -0.05309 162 162 162
3.39981 46.79683 0.07312 163 163 163
3.39335 46.79780 0.19850 173 173 173
3.39324 46.79588 0.32425 167 167 167
3.38012 46.79657 0.44924 173 173 173
3.36371 46.80266 0.57384 174 174 174
3.33826 46.79890 0.69690 172 172 172
3.30664 46.80079 0.81840 178 178 178
3.28151 46.79173 0.94153 180 180 180
3.24416 46.79685 1.06146 176 176 176
3.20552 46.79911 1.18104 178 178 178
3.15260 46.79881 1.29514 175 175 175
3.10633 46.80044 1.41185 180 180 180
3.05381 46.79541 1.52598 185 185 185
2.99637 46.80370 1.63780 183 183 183
2.92979 46.80156 1.74444 181 181 181
2.86347 46.79892 1.85116 188 188 188
2.79106 46.80130 1.95385 186 186 186
2.71259 46.79992 2.05195 188 188 188
2.63517 46.80202 2.15085 192 192 192
2.55277 46.80138 2.24572 185 185 185
2.46627 46.79601 2.33693 194 194 194
2.37530 46.80073 2.42369 192 192 192
2.28123 46.80119 2.50706 187 187 187
2.17987 46.80812 2.58149 189 189 189
2.08346 46.80223 2.66216 189 189 189
1.97554 46.80161 2.72684 190 190 190
1.87126 46.80078 2.79652 185 185 185
1.76510 46.79892 2.86367 189 189 189
1.65443 46.80186 2.92312 197 197 197
1.54261 46.79981 2.98062 193 193 193
1.42168 46.80217 3.01726 192 192 192
1.30642 46.79562 3.06646 187 187 187
1.18799 46.79914 3.10754 192 192 192
1.06846 46.80034 3.14544 195 195 195
0.94781 46.80013 3.18011 197 197 197
0.82715 46.79903 3.21696 191 191 191
0.70128 46.80043 3.22732 198 198 198
0.57719 46.80029 3.24642 198 198 198
0.45249 46.80530 3.26236 202 202 202
0.32683 46.80420 3.26619 195 195 195
0.20125 46.79937 3.27585 197 197 197
0.07578 46.80070 3.26353 200 200 200
-0.05001 46.79707 3.26268 197 197 197
-0.17583 46.80288 3.25614 191 191 191
-0.29930 46.80093 3.23062 192 192 192
-0.42265 46.80549 3.20693 200 200 200
-0.54599 46.79980 3.18294 196 196 196
-0.66639 46.80301 3.14699 194 194 194
-0.78840 46.80059 3.11649 203 203 203
-0.90614 46.80625 3.07249 193 193 193
-1.02435 46.79842 3.02976 187 187 187
-1.13788 46.80203 2.97579 192 192 192
-1.25049 46.79892 2.92032 192 192 192
-1.36370 46.79906 2.86564 196 196 196
-1.46954 46.79816 2.79781 186 186 186
-1.57785 46.80016 2.73404 192 192 192
-1.68111 46.80226 2.66238 185 185 185
-1.78189 46.79562 2.58723 187 187 187
-1.87107 46.79950 2.49810 192 192 192
-1.97312 46.80125 2.42404 187 187 187
-2.06317 46.79736 2.33633 180 180 180
-2.14674 46.80420 2.24246 178 178 178
-2.23085 46.80481 2.14930 189 189 189
-2.31285 46.79829 2.05413 180 180 180
-2.39176 46.80048 1.95618 185 185 185
-2.45679 46.80297 1.84837 186 186 186
-2.52265 46.79351 1.74160 180 180 180
-2.58548 46.79619 1.63310 181 181 181
-2.64452 46.80262 1.52252 176 176 176
-2.70053 46.79463 1.41033 179 179 179
-2.75581 46.79785 1.29750 176 176 176
-2.79419 46.80042 1.17778 183 183 183
-2.83825 46.80074 1.06035 172 172 172
-2.87476 46.79955 0.94033 173 173 173
-2.91188 46.79980 0.82026 173 173 173
-2.93425 46.79686 0.69659 168 168 168
-2.95541 46.79709 0.57292 174 174 174
-2.97349 46.80127 0.44875 174 174 174
-2.98224 46.79976 0.32359 174 174 174
-2.98665 46.79983 0.19834 169 169 169
-2.99662 46.79763 0.07313 168 168 168
-2.99615 46.79930 -0.05259 170 170 170
-2.98596 46.79736 -0.17788 164 164 164
-2.97336 46.79511 -0.30287 164 164 164
-2.95623 46.80104 -0.42731 159 159 159
-2.93893 46.80178 -0.55191 164 164 164
-2.90990 46.79721 -0.67429 155 155 155
-2.87827 46.79940 -0.79596 158 158 158
-2.84325 46.80519 -0.91673 161 161 161
-2.80340 46.80110 -1.03605 157 157 157
-2.74955 46.80042 -1.14990 156 156 156
-2.70551 46.79823 -1.26774 152 152 152
-2.64146 46.79948 -1.37619 151 151 151
-2.59245 46.79885 -1.49235 154 154 154
-2.52473 46.79983 -1.59832 144 144 144
-2.46081 46.79948 -1.70661 153 153 153
-2.38702 46.79640 -1.80840 152 152 152
-2.31166 46.80280 -1.90895 151 151 151
-2.23004 46.79936 -2.00447 152 152 152
-2.15272 46.79917 -2.10394 152 152 152
-2.06032 46.79620 -2.18953 150 150 150
-1.97229 46.79816 -2.27928 143 143 143
-1.87614 46.79704 -2.36026 146 146 146
-1.77825 46.80194 -2.43891 137 137 137
-1.67516 46.80001 -2.51057 146 146 146
-1.57780 46.79750 -2.59041 141 141 141
-1.47050 46.80428 -2.65590 144 144 144
-1.36124 46.80225 -2.71784 142 142 142
-1.25034 46.79861 -2.77667 145 145 145
-1.13724 46.79979 -2.83112 142 142 142
-1.02611 46.79919 -2.89076 142 142 142
-0.90593 46.79849 -2.92873 139 139 139
-0.78684 46.79860 -2.96856 141 141 141
-0.66814 46.79607 -3.01009 142 142 142
-0.54546 46.80009 -3.03765 136 136 136
-0.42258 46.79849 -3.06352 136 136 136
-0.29924 46.79916 -3.08718 137 137 137
-0.17485 46.80270 -3.10477 146 146 146
-0.04984 46.80197 -3.11749 140 140 140
0.07559 46.80436 -3.12536 148 148 148
0.20125 46.79638 -3.12518 146 146 146
0.32684 46.80277 -3.12351 142 142 142
0.45228 46.79980 -3.11670 151 151 151
0.57738 46.80389 -3.10505 139 139 139
0.70195 46.80092 -3.08848 132 132 132
0.82498 46.80032 -3.06299 138 138 138
0.94757 46.79887 -3.03600 140 140 140
1.06927 46.80042 -3.00520 145 145 145
1.19094 46.80270 -2.97346 139 139 139
1.31007 46.80157 -2.93317 145 145 145
1.42536 46.79891 -2.88289 145 145 145
1.53855 46.80177 -2.82853 145 145 145
1.65213 46.80062 -2.77526 146 146 146
1.76386 46.80202 -2.71803 144 144 144
1.87263 46.80154 -2.65529 145 145 145
1.97829 46.79806 -2.58741 145 145 145
2.08299 46.79867 -2.51790 141 141 141
2.18443 46.80081 -2.44358 145 145 145
2.27696 46.79598 -2.35829 141 141 141
2.36678 46.79783 -2.27061 141 141 141
2.45639 46.79985 -2.18309 145 145 145
2.55308 46.79893 -2.10196 145 145 145
2.63024 46.79283 -2.00250 150 150 150
2.70632 46.80134 -1.90276 150 150 150
2.78732 46.80144 -1.80679 152 152 152
2.85867 46.80247 -1.70351 149 149 149
2.92794 46.79571 -1.59875 150 150 150
2.99289 46.80025 -1.49119 151 151 151
3.04708 46.79996 -1.37778 154 154 154
3.09973 46.80023 -1.26392 153 153 153
3.15288 46.80461 -1.15024 158 158 158
3.20259 46.79843 -1.03483 162 162 162
3.24212 46.80385 -0.91555 164 164 164
3.27549 46.80034 -0.79447 162 162 162
3.31541 46.80494 -0.67501 161 161 161
3.34241 46.79882 -0.55211 160 160 160
3.36279 46.80135 -0.42795 169 169 169
3.37808 46.80159 -0.30313 162 162 162
3.38771 46.80522 -0.17782 161 161 161
3.39781 46.79518 -0.05255 173 173 173
3.39149 47.20418 0.07375 164 164 164
3.38591 47.19957 0.19917 172 172 172
3.38033 47.19900 0.32453 167 167 167
3.36586 47.19564 0.44918 170 170 170
3.35125 47.19626 0.57383 173 173 173
3.32718 47.19495 0.69700 177 177 177
3.30048 47.19672 0.81958 167 167 167
3.26974 47.20032 0.94123 177 177 177
3.23596 47.20040 1.06217 172 172 172
3.18946 47.20124 1.17887 182 182 182
3.14373 47.20240 1.29560 179 179 179
3.09941 47.19826 1.41319 179 179 179
3.04232 47.20021 1.52507 184 184 184
2.98437 47.19872 1.63646 177 177 177
2.92153 47.20279 1.74521 184 184 184
2.85269 47.20287 1.85025 180 180 180
2.77613 47.19943 1.94979 183 183 183
2.70483 47.20454 2.05314 187 187 187
2.62582 47.20122 2.15073 185 185 185
2.54602 47.20067 2.24795 184 184 184
2.45646 47.19838 2.33622 188 188 188
2.36627 47.19963 2.42372 185 185 185
2.26693 47.19865 2.50087 191 191 191
2.17635 47.19676 2.58841 191 191 191
2.07402 47.20174 2.66147 192 192 192
1.97055 47.19674 2.73267 195 195 195
1.86354 47.19983 2.79838 190 190 190
1.75447 47.19981 2.86043 189 189 189
1.64540 47.20361 2.92264 190 190 190
1.53087 47.19772 2.97414 193 193 193
1.41647 47.20048 3.02572 194 194 194
1.29995 47.19922 3.07246 193 193 193
1.18100 47.20128 3.11263 199 199 199
1.06033 47.20065 3.14717 194 194 194
0.93962 47.19937 3.18173 195 195 195
0.81696 47.19796 3.20868 191 191 191
0.69275 47.19766 3.22718 200 200 200
0.56882 47.20286 3.24736 195 195 195
0.44373 47.19894 3.25840 195 195 195
0.31870 47.20040 3.27338 195 195 195
0.19288 47.19863 3.27647 192 192 192
0.06728 47.19453 3.26764 195 195 195
-0.05800 47.20026 3.25868 197 197 197
-0.18310 47.19974 3.24766 196 196 196
-0.30660 47.19848 3.22473 190 190 190
-0.43152 47.19853 3.21029 197 197 197
-0.55260 47.20168 3.17645 190 190 190
-0.67427 47.20183 3.14610 193 193 193
-0.79503 47.19893 3.11197 194 194 194
-0.91424 47.19612 3.07257 189 189 189
-1.03140 47.20287 3.02738 195 195 195
-1.14765 47.20138 2.97963 197 197 197
-1.25637 47.19849 2.91622 201 201 201
-1.37266 47.19763 2.86747 197 197 197
-1.47806 47.19779 2.79882 191 191 191
-1.58456 47.19949 2.73233 194 194 194
-1.68959 47.19659 2.66328 194 194 194
-1.78859 47.20219 2.58586 186 186 186
-1.88523 47.19842 2.50563 194 194 194
-1.97677 47.19738 2.41967 193 193 193
-2.06737 47.19617 2.33289 190 190 190
-2.15921 47.19754 2.24697 187 187 187
-2.24223 47.19891 2.15258 184 184 184
-2.31586 47.20139 2.05060 180 180 180
-2.39192 47.20207 1.95091 184 184 184
-2.46573 47.19767 1.84944 176 176 176
-2.53706 47.19923 1.74599 184 184 184
-2.59471 47.19782 1.63427 184 184 184
-2.66152 47.19830 1.52759 176 176 176
-2.71384 47.19893 1.41327 175 175 175
-2.76168 47.20316 1.29713 174 174 174
-2.80540 47.19964 1.17949 176 176 176
-2.84804 47.19302 1.06147 159 159 159
-2.88917 47.19614 0.94269 176 176 176
-2.91719 47.20380 0.82017 176 176 176
-2.94190 47.19918 0.69710 167 167 167
-2.96381 47.19874 0.57356 177 177 177
-2.98211 47.19692 0.44942 168 168 168
-2.99847 47.20332 0.32484 165 165 165
-3.00561 47.19893 0.19938 164 164 164
-3.00596 47.19826 0.07375 171 171 171
-3.00170 47.20141 -0.05184 167 167 167
-2.99588 47.20404 -0.17736 160 160 160
-2.98703 47.20005 -0.30285 163 163 163
-2.96576 47.19744 -0.42683 166 166 166
-2.93641 47.19726 -0.54908 159 159 159
-2.91489 47.19442 -0.67281 160 160 160
-2.88854 47.19755 -0.79582 160 160 160
-2.84966 47.19789 -0.91541 160 160 160
-2.81040 47.19745 -1.03486 157 157 157
-2.76627 47.20492 -1.15266 153 153 153
-2.71124 47.19591 -1.26582 155 155 155
-2.65750 47.20427 -1.37939 151 151 151
-2.59675 47.19981 -1.48936 155 155 155
-2.53345 47.19354 -1.59783 148 148 148
-2.46652 47.20056 -1.70411 153 153 153
-2.39359 47.20133 -1.80636 147 147 147
-2.31989 47.19925 -1.90812 149 149 149
-2.23869 47.19967 -2.00398 148 148 148
-2.15568 47.19741 -2.09821 149 149 149
-2.07038 47.20010 -2.19049 151 151 151
-1.97727 47.19966 -2.27489 143 143 143
-1.88734 47.19923 -2.36285 145 145 145
-1.78614 47.20104 -2.43759 152 152 152
-1.69014 47.19716 -2.51894 142 142 142
-1.58167 47.19809 -2.58295 144 144 144
-1.47815 47.19567 -2.65399 151 151 151
-1.37031 47.20288 -2.71836 142 142 142
-1.26011 47.19746 -2.77869 141 141 141
-1.14456 47.20000 -2.82813 136 136 136
-1.03311 47.19850 -2.88675 143 143 143
-0.91455 47.19666 -2.92870 141 141 141
-0.79564 47.20010 -2.96916 143 143 143
-0.67361 47.20228 -2.99910 132 132 132
-0.55332 47.19759 -3.03485 140 140 140
-0.43134 47.19741 -3.06479 142 142 142
-0.30790 47.19949 -3.08831 140 140 140
-0.18200 47.19969 -3.09382 135 135 135
-0.05814 47.20239 -3.11593 139 139 139
0.06709 47.19677 -3.12786 142 142 142
0.19288 47.20454 -3.12882 143 143 143
0.31849 47.19698 -3.12334 138 138 138
0.44372 47.19918 -3.11365 139 139 139
0.56886 47.20461 -3.10312 142 142 142
0.69319 47.20015 -3.08542 143 143 143
0.81646 47.19630 -3.06160 144 144 144
0.93910 47.20418 -3.03496 140 140 140
1.06216 47.19485 -3.00903 139 139 139
1.18212 47.19499 -2.97141 140 140 140
1.29965 47.19499 -2.92693 142 142 142
1.41707 47.19887 -2.88241 140 140 140
1.53405 47.19958 -2.83622 141 141 141
1.64689 47.19710 -2.78072 143 143 143
1.75407 47.19569 -2.71480 146 146 146
1.86421 47.20141 -2.65450 140 140 140
1.96931 47.20498 -2.58578 143 143 143
2.06927 47.20193 -2.50982 147 147 147
2.17751 47.19488 -2.44471 150 150 150
2.26860 47.20542 -2.35758 147 147 147
2.36896 47.20502 -2.28131 146 146 146
2.45803 47.20292 -2.19239 144 144 144
2.54338 47.19851 -2.10002 151 151 151
2.62518 47.20366 -2.00461 150 150 150
2.70248 47.19863 -1.90562 147 147 147
2.78415 47.20047 -1.80986 149 149 149
2.84904 47.20127 -1.70196 150 150 150
2.91814 47.20228 -1.59718 148 148 148
2.98331 47.19957 -1.48981 147 147 147
3.04275 47.19910 -1.37913 162 162 162
3.09961 47.19820 -1.26702 151 151 151
3.14967 47.20364 -1.15169 157 157 157
3.19594 47.20052 -1.03478 159 159 159
3.23426 47.20022 -0.91503 161 161 161
3.27143 47.20061 -0.79501 165 165 165
3.29199 47.19968 -0.67073 161 161 161
3.33015 47.20425 -0.55067 162 162 162
3.34939 47.19849 -0.42650 158 158 158
3.37181 47.19697 -0.30273 156 156 156
3.37681 47.19729 -0.17699 166 166 166
3.38632 47.20086 -0.05180 168 168 168
3.38265 47.59773 0.07438 164 164 164
3.38250 47.59974 0.19999 176 176 176
3.36769 47.59923 0.32483 175 175 175
3.35927 47.59773 0.45004 172 172 172
3.34366 47.60279 0.57461 173 173 173
3.31947 47.60064 0.69780 175 175 175
3.29146 47.60227 0.82009 170 170 170
3.26424 47.60236 0.94272 166 166 166
3.22577 47.60010 1.06227 167 167 167
3.19206 47.60299 1.18361 173 173 173
3.14092 47.59566 1.29861 179 179 179
3.08748 47.59923 1.41227 174 174 174
3.03346 47.60170 1.52554 184 184 184
2.97775 47.59794 1.63817 179 179 179
2.90775 47.60061 1.74264 183 183 183
2.84306 47.59812 1.85017 181 181 181
2.77211 47.59505 1.95372 180 180 180
2.70105 47.60127 2.05755 178 178 178
2.61153 47.60244 2.14648 187 187 187
2.53749 47.59912 2.24861 194 194 194
2.44895 47.59924 2.33792 187 187 187
2.35342 47.60460 2.41972 186 186 186
2.26214 47.59793 2.50594 190 190 190
2.16788 47.59521 2.58916 194 194 194
2.06528 47.60092 2.66185 191 191 191
1.96200 47.59804 2.73333 193 193 193
1.85835 47.59771 2.80452 194 194 194
1.74800 47.60464 2.86479 197 197 197
1.63543 47.60210 2.92050 189 189 189
1.52336 47.59490 2.97704 197 197 197
1.40799 47.59892 3.02652 185 185 185
1.29142 47.60036 3.07314 199 199 199
1.17394 47.60307 3.11783 192 192 192
1.05349 47.59942 3.15379 195 195 195
0.93047 47.59874 3.17975 197 197 197
0.80715 47.59623 3.20281 188 188 188
0.68429 47.59750 3.22812 193 193 193
0.56067 47.59874 3.25100 198 198 198
0.43557 47.60033 3.26321 196 196 196
0.31000 47.59822 3.26833 196 196 196
0.18440 47.59796 3.27184 194 194 194
0.05876 47.59806 3.26963 195 195 195
-0.06670 47.59971 3.26238 194 194 194
-0.19187 47.60271 3.25101 198 198 198
-0.31566 47.60080 3.22928 199 199 199
-0.43860 47.60095 3.20414 194 194 194
-0.56212 47.59749 3.18166 192 192 192
-0.68499 47.59954 3.15489 194 194 194
-0.80462 47.59814 3.11626 189 189 189
-0.92224 47.59998 3.07212 190 190 190
-1.04043 47.60116 3.02954 189 189 189
-1.15533 47.59496 2.97873 199 199 199
-1.26580 47.59885 2.91890 198 198 198
-1.38187 47.60151 2.86957 184 184 184
-1.48853 47.60147 2.80287 187 187 187
-1.59415 47.59615 2.73475 186 186 186
-1.69482 47.60044 2.65958 196 196 196
-1.79424 47.60130 2.58303 183 183 183
-1.89420 47.60109 2.50695 189 189 189
-1.98886 47.59442 2.42432 193 193 193
-2.07695 47.60264 2.33473 180 180 180
-2.16233 47.60031 2.24274 187 187 187
-2.24831 47.60120 2.15125 184 184 184
-2.32766 47.60055 2.05393 180 180 180
-2.40601 47.59800 1.95569 177 177 177
-2.47521 47.60132 1.85081 181 181 181
-2.54380 47.59867 1.74562 182 182 182
-2.60810 47.59850 1.63770 179 179 179
-2.66617 47.59983 1.52632 177 177 177
-2.71630 47.59961 1.41117 181 181 181
-2.77642 47.60244 1.30039 176 176 176
-2.81742 47.59956 1.18146 184 184 184
-2.85214 47.60576 1.06070 173 173 173
-2.89127 47.59804 0.94154 179 179 179
-2.92406 47.60504 0.82043 170 170 170
-2.94740 47.60403 0.69715 174 174 174
-2.96784 47.60170 0.57350 171 171 171
-2.99127 47.59587 0.45013 167 167 167
-3.00304 47.60082 0.32516 169 169 169
-3.01356 47.59781 0.19999 175 175 175
-3.01151 47.59694 0.07438 170 170 170
-3.00988 47.60271 -0.05120 165 165 165
-3.01054 47.59835 -0.17721 170 170 170
-2.99265 47.59797 -0.30186 162 162 162
-2.97620 47.59985 -0.42649 165 165 165
-2.95308 47.59619 -0.55005 168 168 168
-2.92376 47.60045 -0.67224 158 158 158
-2.89035 47.59807 -0.79326 167 167 167
-2.85410 47.60213 -0.91342 161 161 161
-2.81521 47.59772 -1.03282 168 168 168
-2.77140 47.59850 -1.15059 158 158 158
-2.72226 47.59992 -1.26630 155 155 155
-2.66334 47.59939 -1.37735 157 157 157
-2.60394 47.59964 -1.48794 157 157 157
-2.54135 47.59685 -1.59677 153 153 153
-2.47336 47.59920 -1.70231 151 151 151
-2.40223 47.59991 -1.80578 152 152 152
-2.32439 47.60150 -1.90427 147 147 147
-2.24902 47.60019 -2.00485 155 155 155
-2.16500 47.59724 -2.09828 144 144 144
-2.08230 47.59944 -2.19322 148 148 148
-1.98573 47.59595 -2.27416 146 146 146
-1.89316 47.60058 -2.35903 152 152 152
-1.79905 47.59973 -2.44249 147 147 147
-1.69529 47.59888 -2.51365 147 147 147
-1.59050 47.60324 -2.58279 149 149 149
-1.48676 47.60243 -2.65351 143 143 143
-1.37609 47.59981 -2.71286 142 142 142
-1.26823 47.59872 -2.77730 137 137 137
-1.15336 47.60107 -2.82814 141 141 141
-1.04004 47.59843 -2.88232 146 146 146
-0.92324 47.59761 -2.92862 137 137 137
-0.80442 47.60087 -2.96945 141 141 141
-0.68517 47.60269 -3.00938 137 137 137
-0.56208 47.60431 -3.03535 145 145 145
-0.44095 47.59968 -3.06984 141 141 141
-0.31638 47.59727 -3.08770 137 137 137
-0.19213 47.60151 -3.10717 133 133 133
-0.06635 47.59992 -3.11189 138 138 138
0.05875 47.60021 -3.12380 138 138 138
0.18440 47.59960 -3.13052 134 134 134
0.31007 47.60174 -3.12421 144 144 144
0.43563 47.60152 -3.11784 143 143 143
0.56029 47.60157 -3.10170 141 141 141
0.68453 47.60203 -3.08359 139 139 139
0.80871 47.60092 -3.06454 138 138 138
0.93143 47.59809 -3.03763 145 145 145
1.05486 47.59847 -3.01250 144 144 144
1.17326 47.59668 -2.96953 142 142 142
1.29083 47.60162 -2.92529 149 149 149
1.41207 47.60023 -2.89010 141 141 141
1.52299 47.59779 -2.82992 143 143 143
1.63950 47.59753 -2.78214 142 142 142
1.74651 47.59976 -2.71573 146 146 146
1.85775 47.59776 -2.65707 137 137 137
1.96192 47.60140 -2.58670 142 142 142
2.06758 47.59572 -2.51845 141 141 141
2.16436 47.60415 -2.43805 142 142 142
2.26330 47.60020 -2.36059 148 148 148
2.35430 47.60227 -2.27390 140 140 140
2.44951 47.60027 -2.19163 147 147 147
2.53340 47.60170 -2.09791 155 155 155
2.61903 47.60130 -2.00588 155 155 155
2.69577 47.59789 -1.90630 150 150 150
2.76827 47.60067 -1.80377 153 153 153
2.84514 47.59725 -1.70430 159 159 159
2.90996 47.59515 -1.59665 154 154 154
2.97443 47.60431 -1.48888 159 159 159
3.03375 47.60211 -1.37817 160 160 160
3.08846 47.59628 -1.26510 159 159 159
3.14154 47.60021 -1.15115 159 159 159
3.18700 47.60267 -1.03392 160 160 160
3.22416 47.59837 -0.91383 162 162 162
3.26394 47.60543 -0.79461 155 155 155
3.29156 47.59840 -0.67199 160 160 160
3.32201 47.59830 -0.55008 157 157 157
3.34554 47.59554 -0.42658 168 168 168
3.36303 47.59702 -0.30205 167 167 167
3.37641 47.60422 -0.17698 167 167 167
3.38459 47.59800 -0.05143 157 157 157
3.37902 48.00271 0.07500 164 164 164
3.37409 47.99878 0.20063 172 172 172
3.36133 47.99926 0.32564 166 166 166
3.35085 48.00157 0.45069 174 174 174
3.33205 47.99980 0.57477 172 172 172
3.30666 47.99746 0.69759 174 174 174
3.28807 47.99464 0.82198 172 172 172
3.25565 48.00222 0.94336 171 171 171
3.22338 48.00694 1.06493 177 177 177
3.17333 48.00149 1.18052 183 183 183
3.13236 48.00004 1.29928 176 176 176
3.07699 48.00184 1.41205 176 176 176
3.02051 47.99544 1.52398 177 177 177
2.96383 47.99701 1.63585 173 173 173
2.90049 47.99980 1.74412 178 178 178
2.83572 48.00190 1.85168 179 179 179
2.76587 48.00517 1.95611 187 187 187
2.68577 47.99750 2.05295 175 175 175
2.60511 48.00014 2.14901 188 188 188
2.52759 47.99776 2.24809 191 191 191
2.43755 47.99412 2.33580 186 186 186
2.34747 47.99598 2.42328 190 190 190
2.25344 48.00630 2.50651 191 191 191
2.15816 47.99915 2.58844 189 189 189
2.05926 47.99908 2.66611 188 188 188
1.95191 47.99652 2.73181 191 191 191
1.84294 48.00339 2.79411 194 194 194
1.74030 48.00043 2.86711 192 192 192
1.62853 48.00227 2.92455 199 199 199
1.51559 48.00051 2.97955 185 185 185
1.39930 48.00359 3.02702 192 192 192
1.28445 47.99649 3.07827 189 189 189
1.16441 48.00045 3.11566 192 192 192
1.04458 48.00010 3.15339 187 187 187
0.92240 48.00054 3.18268 194 194 194
0.80033 48.00339 3.21244 198 198 198
0.67702 47.99520 3.23717 197 197 197
0.55197 47.99846 3.25072 185 185 185
0.42718 48.00009 3.26632 191 191 191
0.30136 48.00199 3.26746 200 200 200
0.17584 48.00079 3.27619 199 199 199
0.05012 48.00280 3.27227 195 195 195
-0.07520 48.00334 3.26242 189 189 189
-0.20036 47.99803 3.25128 194 194 194
-0.32426 48.00154 3.23036 201 201 201
-0.44933 47.99956 3.21586 199 199 199
-0.57075 48.00123 3.18278 202 202 202
-0.69273 48.00161 3.15277 201 201 201
-0.81091 47.99571 3.11004 201 201 201
-0.92911 48.00156 3.06833 194 194 194
-1.04874 48.00115 3.02972 194 194 194
-1.16388 48.00182 2.97948 189 189 189
-1.27385 47.99984 2.91865 192 192 192
-1.38772 48.00062 2.86550 190 190 190
-1.49431 47.99503 2.79909 193 193 193
-1.60161 47.99905 2.73387 195 195 195
-1.70172 47.99810 2.65804 194 194 194
-1.80298 48.00211 2.58400 194 194 194
-1.89821 48.00122 2.50235 187 187 187
-1.98955 48.00346 2.41653 185 185 185
-2.08238 48.00044 2.33231 185 185 185
-2.17224 48.00382 2.24469 192 192 192
-2.25694 48.00029 2.15201 182 182 182
-2.33809 47.99938 2.05610 181 181 181
-2.41201 48.00657 1.95452 177 177 177
-2.48516 48.00174 1.85242 187 187 187
-2.55020 47.99689 1.74497 174 174 174
-2.61511 48.00295 1.63751 181 181 181
-2.67671 47.99425 1.52800 180 180 180
-2.72503 47.99730 1.41192 181 181 181
-2.78038 47.99996 1.29915 181 181 181
-2.83334 48.00240 1.18483 184 184 184
-2.86446 47.99942 1.06258 174 174 174
-2.90872 48.00155 0.94470 175 175 175
-2.93163 48.00278 0.82084 173 173 173
-2.96700 48.00571 0.69998 183 183 183
-2.98362 47.99902 0.57528 173 173 173
-3.00197 48.00133 0.45102 168 168 168
-3.01487 47.99975 0.32605 170 170 170
-3.01454 48.00055 0.20032 164 164 164
-3.02604 48.00194 0.07500 168 168 168
-3.01413 48.00084 -0.05040 163 163 163
-3.01215 47.99616 -0.17603 172 172 172
-3.00080 47.99589 -0.30117 164 164 164
-2.98734 47.99810 -0.42625 167 167 167
-2.96278 48.00168 -0.54962 150 150 150
-2.93269 47.99747 -0.67166 165 165 165
-2.90411 48.00195 -0.79406 160 160 160
-2.86464 48.00112 -0.91339 159 159 159
-2.82403 48.00089 -1.03224 156 156 156
-2.78108 47.99151 -1.15037 150 150 150
-2.72090 47.99994 -1.26103 159 159 159
-2.67512 47.99987 -1.37829 154 154 154
-2.61585 47.99683 -1.48911 159 159 159
-2.55126 48.00188 -1.59689 157 157 157
-2.48356 48.00536 -1.70271 148 148 148
-2.41712 48.00177 -1.80967 153 153 153
-2.33208 47.99911 -1.90287 153 153 153
-2.25539 48.00077 -2.00227 144 144 144
-2.16795 48.00537 -2.09238 144 144 144
-2.08688 47.99909 -2.18853 150 150 150
-1.99512 48.00163 -2.27434 146 146 146
-1.90199 48.00199 -2.35862 144 144 144
-1.80571 48.00089 -2.43937 153 153 153
-1.70587 47.99958 -2.51572 144 144 144
-1.60265 48.00027 -2.58744 144 144 144
-1.49358 48.00322 -2.64997 146 146 146
-1.38384 47.99744 -2.71069 141 141 141
-1.27594 48.00591 -2.77493 144 144 144
-1.16208 48.00487 -2.82779 146 146 146
-1.04754 47.99673 -2.87907 142 142 142
-0.93072 47.99806 -2.92498 138 138 138
-0.81250 48.00262 -2.96727 143 143 143
-0.69238 47.99679 -3.00387 136 136 136
-0.57148 48.00245 -3.03819 141 141 141
-0.44708 48.00088 -3.05692 134 134 134
-0.32397 47.99786 -3.08094 142 142 142
-0.20044 48.00345 -3.10433 132 132 132
-0.07517 48.00327 -3.11449 140 140 140
0.05020 48.00230 -3.12270 141 141 141
0.17584 47.99855 -3.12241 141 141 141
0.30136 47.99770 -3.11992 145 145 145
0.42658 48.00635 -3.11112 140 140 140
0.55123 48.00306 -3.09684 142 142 142
0.67658 48.00171 -3.08683 138 138 138
0.79917 47.99929 -3.05903 135 135 135
0.92338 47.99946 -3.03909 143 143 143
1.04267 47.99698 -2.99897 142 142 142
1.16428 48.00191 -2.96760 142 142 142
1.28403 48.00254 -2.92942 140 140 140
1.40046 48.00119 -2.88208 147 147 147
1.51451 48.00124 -2.82942 141 141 141
1.62834 48.00067 -2.77636 144 144 144
1.74075 47.99751 -2.72005 143 143 143
1.84648 48.00114 -2.65197 146 146 146
1.95511 47.99942 -2.58861 140 140 140
2.05765 48.00263 -2.51586 147 147 147
2.15522 47.99549 -2.43662 142 142 142
2.25347 48.00366 -2.35839 152 152 152
2.35022 48.00034 -2.27805 146 146 146
2.43954 48.00053 -2.18951 147 147 147
2.52743 48.00476 -2.09960 144 144 144
2.60797 48.00144 -2.00304 149 149 149
2.69329 47.99731 -1.91039 149 149 149
2.76751 47.99599 -1.80873 145 145 145
2.83718 48.00265 -1.70400 154 154 154
2.90169 48.00034 -1.59613 149 149 149
2.97123 47.99951 -1.49119 148 148 148
3.02450 48.00208 -1.37712 158 158 158
3.07582 48.00050 -1.26253 162 162 162
3.13307 48.00054 -1.15050 160 160 160
3.17927 48.00210 -1.03355 155 155 155
3.21695 47.99856 -0.91360 155 155 155
3.25724 48.00194 -0.79447 157 157 157
3.28469 47.99865 -0.67174 165 165 165
3.30625 47.99885 -0.54799 158 158 158
3.34145 48.00249 -0.42663 163 163 163
3.35177 47.99936 -0.30109 159 159 159
3.36581 47.99069 -0.17618 162 162 162
3.36541 47.99993 -0.05038 164 164 164
3.36381 48.40162 0.07562 165 165 165
3.36087 48.39788 0.20108 170 170 170
3.35664 48.39760 0.32658 173 173 173
3.34156 48.39631 0.45125 175 175 175
3.32670 48.39982 0.57593 176 176 176
3.30781 48.40170 0.70019 177 177 177
3.27753 48.40040 0.82217 169 169 169
3.24497 48.40345 0.94344 177 177 177
3.21226 48.39628 1.06478 180 180 180
3.16990 48.39851 1.18310 175 175 175
3.12195 48.39905 1.29921 185 185 185
3.06463 48.40206 1.41101 182 182 182
3.01544 48.40446 1.52648 185 185 185
2.95783 48.39859 1.63802 183 183 183
2.89664 48.39984 1.74774 182 182 182
2.82743 48.39950 1.85260 187 187 187
2.75321 48.40126 1.95389 189 189 189
2.67932 48.40041 2.05539 190 190 190
2.59522 48.40519 2.14866 185 185 185
2.51059 48.39960 2.24109 184 184 184
2.42566 48.39961 2.33328 183 183 183
2.33520 48.39768 2.42009 186 186 186
2.24390 48.40040 2.50620 187 187 187
2.14592 48.40415 2.58462 189 189 189
2.04704 48.39862 2.66194 188 188 188
1.94541 48.40237 2.73578 192 192 192
1.83884 48.40073 2.80229 192 192 192
1.73156 48.39994 2.86774 194 194 194
1.61939 48.40375 2.92439 193 193 193
1.50658 48.40016 2.97956 193 193 193
1.39100 48.39813 3.02867 199 199 199
1.27515 48.39647 3.07732 194 194 194
1.15582 48.40252 3.11668 195 195 195
1.03629 48.40298 3.15551 193 193 193
0.91472 48.40253 3.18752 195 195 195
0.78933 48.40022 3.20150 196 196 196
0.66874 48.39810 3.24039 195 195 195
0.54339 48.39822 3.25218 192 192 192
0.41807 48.39706 3.26143 198 198 198
0.29281 48.39936 3.27105 198 198 198
0.16718 48.40152 3.26969 191 191 191
0.04159 48.39745 3.26985 198 198 198
-0.08377 48.39852 3.26219 195 195 195
-0.20873 48.39612 3.24970 201 201 201
-0.33401 48.40154 3.23805 197 197 197
-0.45660 48.40591 3.20972 203 203 203
-0.57902 48.39799 3.18195 195 195 195
-0.70181 48.40419 3.15509 191 191 191
-0.82154 48.39654 3.11692 196 196 196
-0.94038 48.40087 3.07622 195 195 195
-1.05859 48.39207 3.03338 194 194 194
-1.17285 48.40055 2.98093 189 189 189
-1.28558 48.40169 2.92545 193 193 193
-1.39793 48.39822 2.86904 191 191 191
-1.50481 48.39882 2.80285 189 189 189
-1.61074 48.40050 2.73532 189 189 189
-1.71584 48.40208 2.66630 187 187 187
-1.81600 48.40310 2.59027 185 185 185
-1.91216 48.40193 2.50927 188 188 188
-2.01160 48.40210 2.43174 190 190 190
-2.09750 48.39776 2.33948 189 189 189
-2.18294 48.40180 2.24729 187 187 187
-2.26809 48.39639 2.15484 185 185 185
-2.34472 48.40369 2.05520 188 188 188
-2.42118 48.40074 1.95559 192 192 192
-2.49375 48.40067 1.85305 189 189 189
-2.55826 48.39981 1.74528 179 179 179
-2.62821 48.39940 1.64067 178 178 178
-2.68313 48.39739 1.52753 182 182 182
-2.74027 48.40213 1.41561 178 178 178
-2.78359 48.39926 1.29755 181 181 181
-2.83551 48.39884 1.18309 180 180 180
-2.88356 48.39695 1.06662 172 172 172
-2.91828 48.40088 0.94560 178 178 178
-2.94102 48.39937 0.82166 177 177 177
-2.97333 48.39919 0.70016 170 170 170
-2.99295 48.40107 0.57602 173 173 173
-3.01562 48.39960 0.45225 174 174 174
-3.02000 48.39743 0.32640 175 175 175
-3.02676 48.39925 0.20109 162 162 162
-3.02773 48.40188 0.07563 162 162 162
-3.02898 48.39501 -0.05001 173 173 173
-3.01628 48.40042 -0.17503 166 166 166
-3.00771 48.40049 -0.30032 156 156 156
-2.99410 48.40428 -0.42530 166 166 166
-2.97310 48.39906 -0.54930 161 161 161
-2.94512 48.39957 -0.67191 163 163 163
-2.91083 48.40161 -0.79285 159 159 159
-2.88071 48.39538 -0.91513 158 158 158
-2.83404 48.39832 -1.03206 153 153 153
-2.78467 48.40093 -1.14759 153 153 153
-2.73619 48.40019 -1.26340 153 153 153
-2.68569 48.39942 -1.37858 152 152 152
-2.62379 48.40025 -1.48802 156 156 156
-2.56164 48.40276 -1.59725 149 149 149
-2.49635 48.39746 -1.70476 148 148 148
-2.41893 48.40075 -1.80400 152 152 152
-2.34557 48.39776 -1.90598 153 153 153
-2.26612 48.40409 -2.00333 147 147 147
-2.18087 48.40831 -2.09562 156 156 156
-2.09638 48.39732 -2.18867 142 142 142
-2.00510 48.40002 -2.27507 138 138 138
-1.90964 48.40037 -2.35674 149 149 149
-1.81534 48.39809 -2.43991 144 144 144
-1.71567 48.40125 -2.51659 151 151 151
-1.61215 48.40198 -2.58801 144 144 144
-1.50543 48.39585 -2.65448 148 148 148
-1.39503 48.40310 -2.71453 149 149 149
-1.28629 48.39860 -2.77757 142 142 142
-1.17235 48.40528 -2.83060 136 136 136
-1.05722 48.40053 -2.88085 143 143 143
-0.94125 48.40164 -2.92938 136 136 136
-0.82114 48.39856 -2.96653 146 146 146
-0.70012 48.40463 -2.99996 139 139 139
-0.57996 48.40148 -3.03676 141 141 141
-0.45682 48.40235 -3.06172 138 138 138
-0.33270 48.39726 -3.08073 145 145 145
-0.20960 48.39719 -3.10799 135 135 135
-0.08347 48.39804 -3.10925 142 142 142
0.04172 48.39846 -3.11758 127 127 127
0.16718 48.40173 -3.12523 141 141 141
0.29273 48.39766 -3.11994 141 141 141
0.41812 48.40051 -3.11300 147 147 147
0.54308 48.39833 -3.10049 133 133 133
0.66729 48.39932 -3.08215 136 136 136
0.79238 48.40037 -3.06777 141 141 141
0.91418 48.39812 -3.03617 148 148 148
1.03647 48.39965 -3.00701 141 141 141
1.15728 48.39999 -2.97202 144 144 144
1.27466 48.39907 -2.92682 142 142 142
1.38947 48.40202 -2.87577 140 140 140
1.50864 48.40004 -2.83477 139 139 139
1.62189 48.39721 -2.78001 136 136 136
1.72687 48.40199 -2.71003 143 143 143
1.83884 48.39843 -2.65293 140 140 140
1.94502 48.39987 -2.58577 147 147 147
2.04840 48.40343 -2.51435 146 146 146
2.14835 48.39912 -2.43819 140 140 140
2.24465 48.39951 -2.35750 144 144 144
2.34240 48.40066 -2.27825 154 154 154
2.43106 48.40330 -2.18899 150 150 150
2.51497 48.39949 -2.09538 146 146 146
2.59777 48.39802 -2.00102 153 153 153
2.67906 48.40090 -1.90529 146 146 146
2.75755 48.39855 -1.80709 150 150 150
2.82772 48.39974 -1.70277 155 155 155
2.89451 48.40169 -1.59634 149 149 149
2.95921 48.40021 -1.48861 157 157 157
3.01576 48.40347 -1.37639 153 153 153
3.07349 48.39930 -1.26476 156 156 156
3.12447 48.40024 -1.14984 160 160 160
3.17040 48.40008 -1.03280 154 154 154
3.20861 48.39829 -0.91303 163 163 163
3.24070 48.40131 -0.79158 152 152 152
3.27570 48.39738 -0.67100 159 159 159
3.30402 48.40349 -0.54861 158 158 158
3.31798 48.39855 -0.42364 161 161 161
3.34723 48.39734 -0.30093 162 162 162
3.35423 48.39584 -0.17532 167 167 167
3.36833 48.40151 -0.05021 161 161 161
3.35966 48.80314 0.07625 170 170 170
3.35432 48.80382 0.20179 163 163 163
3.34123 48.80260 0.32669 172 172 172
3.34120 48.79664 0.45288 173 173 173
3.31529 48.79809 0.57614 172 172 172
3.30004 48.80201 0.70102 173 173 173
3.26390 48.80320 0.82164 175 175 175
3.23985 48.80267 0.94510 177 177 177
3.20352 48.79519 1.06543 175 175 175
3.16111 48.79716 1.18374 179 179 179
3.10715 48.79911 1.29736 181 181 181
3.06324 48.80145 1.41505 180 180 180
3.01392 48.80419 1.53082 182 182 182
2.95422 48.79796 1.64155 184 184 184
2.88773 48.80270 1.74831 183 183 183
2.81455 48.79651 1.85051 180 180 180
2.74850 48.80055 1.95750 181 181 181
2.67284 48.79843 2.05786 187 187 187
2.59060 48.80147 2.15288 181 181 181
2.50920 48.80025 2.24859 184 184 184
2.41944 48.79849 2.33651 190 190 190
2.32637 48.79824 2.42071 189 189 189
2.23694 48.80068 2.50901 180 180 180
2.14254 48.79612 2.59215 189 189 189
2.04192 48.79888 2.66766 190 190 190
1.93673 48.80035 2.73661 187 187 187
1.83266 48.79981 2.80724 190 190 190
1.72154 48.79984 2.86619 192 192 192
1.61205 48.79629 2.92790 189 189 189
1.49783 48.80194 2.98032 182 182 182
1.38446 48.79665 3.03476 198 198 198
1.26234 48.80357 3.06707 193 193 193
1.14852 48.79752 3.12192 192 192 192
1.02896 48.80405 3.16132 191 191 191
0.90457 48.80069 3.18248 200 200 200
0.78252 48.79644 3.21203 192 192 192
0.65953 48.79893 3.23825 193 193 193
0.53448 48.80335 3.25160 197 197 197
0.40963 48.79943 3.26601 198 198 198
0.28432 48.79782 3.27813 193 193 193
0.15844 48.80100 3.28093 197 197 197
0.03267 48.79850 3.27524 192 192 192
-0.09282 48.80302 3.26696 194 194 194
-0.21824 48.80051 3.25697 196 196 196
-0.34286 48.80080 3.23955 194 194 194
-0.46577 48.80303 3.21269 198 198 198
-0.58825 48.80234 3.18481 196 196 196
-0.71093 48.79883 3.15723 188 188 188
-0.83018 48.80103 3.11739 199 199 199
-0.94865 48.80162 3.07572 193 193 193
-1.06520 48.80319 3.02902 191 191 191
-1.17955 48.80569 2.97726 188 188 188
-1.29366 48.80275 2.92492 198 198 198
-1.40314 48.80106 2.86348 194 194 194
-1.51339 48.79685 2.80332 194 194 194
-1.61802 48.79645 2.73387 190 190 190
-1.72226 48.80229 2.66383 189 189 189
-1.81939 48.80057 2.58420 193 193 193
-1.91892 48.79951 2.50766 187 187 187
-2.01328 48.80181 2.42481 193 193 193
-2.10660 48.80058 2.34054 187 187 187
-2.19426 48.79723 2.25038 192 192 192
-2.27589 48.80516 2.15473 182 182 182
-2.35215 48.79726 2.05485 192 192 192
-2.42626 48.79881 1.95361 182 182 182
-2.50365 48.79989 1.85451 192 192 192
-2.56785 48.80241 1.74647 189 189 189
-2.63246 48.79896 1.63882 184 184 184
-2.69309 48.80084 1.52881 181 181 181
-2.74856 48.80091 1.41607 170 170 170
-2.79063 48.80163 1.29750 170 170 170
-2.84463 48.80078 1.18388 176 176 176
-2.88776 48.80030 1.06579 177 177 177
-2.91134 48.80106 0.94182 175 175 175
-2.94636 48.80049 0.82148 171 171 171
-2.98154 48.79851 0.70070 171 171 171
-3.00461 48.80344 0.57712 172 172 172
-3.01600 48.79927 0.45189 173 173 173
-3.03011 48.79918 0.32714 170 170 170
-3.04278 48.80039 0.20200 169 169 169
-3.04254 48.79579 0.07625 166 166 166
-3.04242 48.80065 -0.04956 164 164 164
-3.02887 48.79940 -0.17470 161 161 161
-3.02098 48.79792 -0.30021 163 163 163
-2.98896 48.79710 -0.42245 166 166 166
-2.97480 48.79821 -0.54724 170 170 170
-2.94767 48.80289 -0.66976 161 161 161
-2.92091 48.80177 -0.79256 160 160 160
-2.89023 48.79884 -0.91471 161 161 161
-2.83862 48.79925 -1.02985 163 163 163
-2.79750 48.80305 -1.14861 156 156 156
-2.75161 48.79722 -1.26580 153 153 153
-2.68677 48.80289 -1.37399 161 161 161
-2.63166 48.80544 -1.48684 153 153 153
-2.56809 48.80443 -1.59516 147 147 147
-2.50735 48.79971 -1.70558 151 151 151
-2.43178 48.80215 -1.80628 147 147 147
-2.35428 48.80054 -1.90526 146 146 146
-2.27079 48.80026 -1.99916 152 152 152
-2.18892 48.79468 -2.09429 147 147 147
-2.10394 48.79983 -2.18679 144 144 144
-2.01238 48.79963 -2.27279 148 148 148
-1.91909 48.79927 -2.35687 142 142 142
-1.82284 48.79652 -2.43763 145 145 145
-1.71915 48.79915 -2.50866 144 144 144
-1.61758 48.79976 -2.58236 140 140 140
-1.51524 48.79799 -2.65554 144 144 144
-1.40614 48.80084 -2.71807 142 142 142
-1.29432 48.79742 -2.77549 149 149 149
-1.18219 48.80193 -2.83231 145 145 145
-1.06489 48.79760 -2.87760 143 143 143
-0.94910 48.80097 -2.92629 145 145 145
-0.83040 48.80126 -2.96746 142 142 142
-0.71022 48.79518 -3.00412 134 134 134
-0.58992 48.80058 -3.04118 142 142 142
-0.46739 48.79964 -3.07025 135 135 135
-0.34094 48.80283 -3.07692 139 139 139
-0.21754 48.80190 -3.10057 135 135 135
-0.09306 48.79691 -3.11947 137 137 137
0.03285 48.80317 -3.12021 134 134 134
0.15844 48.80108 -3.12066 140 140 140
0.28384 48.80172 -3.11545 137 137 137
0.40965 48.80273 -3.11577 136 136 136
0.53482 48.80185 -3.10397 136 136 136
0.65828 48.80091 -3.07985 146 146 146
0.78326 48.79708 -3.06517 136 136 136
0.90505 48.79843 -3.03389 142 142 142
1.02575 48.79823 -2.99934 142 142 142
1.14569 48.79693 -2.96258 137 137 137
1.26767 48.79961 -2.93089 142 142 142
1.38300 48.80387 -2.88057 145 145 145
1.49655 48.80212 -2.82683 145 145 145
1.61308 48.80052 -2.77918 142 142 142
1.72330 48.80719 -2.71858 143 143 143
1.83085 48.80325 -2.65346 146 146 146
1.93451 48.79523 -2.58244 149 149 149
2.03798 48.79833 -2.51134 145 145 145
2.14013 48.80214 -2.43815 150 150 150
2.23625 48.80053 -2.35721 148 148 148
2.33298 48.79878 -2.27682 147 147 147
2.42103 48.80090 -2.18700 151 151 151
2.50858 48.79867 -2.09686 152 152 152
2.59401 48.79796 -2.00458 144 144 144
2.66822 48.80294 -1.90295 157 157 157
2.74366 48.79570 -1.80266 149 149 149
2.81619 48.80084 -1.70022 154 154 154
2.88334 48.80470 -1.59416 151 151 151
2.94953 48.79848 -1.48740 155 155 155
3.00510 48.79626 -1.37473 155 155 155
3.06239 48.79800 -1.26299 152 152 152
3.11460 48.80071 -1.14870 160 160 160
3.15901 48.79646 -1.03115 155 155 155
3.20011 48.79736 -0.91244 159 159 159
3.23737 48.79594 -0.79244 162 162 162
3.27459 48.80250 -0.67217 161 161 161
3.29443 48.79771 -0.54779 166 166 166
3.31948 48.80416 -0.42461 165 165 165
3.33718 48.79917 -0.30013 170 170 170
3.34604 48.80072 -0.17472 161 161 161
3.35034 48.79746 -0.04921 163 163 163
3.35058 49.20243 0.07688 177 177 177
3.34759 49.20101 0.20250 173 173 173
3.33743 49.20118 0.32771 165 165 165
3.32818 49.19897 0.45301 172 172 172
3.31121 49.20095 0.57753 168 168 168
3.28394 49.20303 0.70021 174 174 174
3.25589 49.20168 0.82248 164 164 164
3.23103 49.19563 0.94575 179 179 179
3.18876 49.19938 1.06415 174 174 174
3.14823 49.20004 1.18289 174 174 174
3.10840 49.20185 1.30218 177 177 177
3.05338 49.20253 1.41523 183 183 183
3.00067 49.19824 1.52923 185 185 185
2.94255 49.19505 1.64063 184 184 184
2.87631 49.20237 1.74739 179 179 179
2.81188 49.20033 1.85530 187 187 187
2.73624 49.20012 1.95569 187 187 187
2.65497 49.20218 2.05141 181 181 181
2.58293 49.19410 2.15455 180 180 180
2.49410 49.19992 2.24347 188 188 188
2.41354 49.20096 2.34013 186 186 186
2.32272 49.19622 2.42701 182 182 182
2.22761 49.19885 2.50912 189 189 189
2.12956 49.19838 2.58760 187 187 187
2.03125 49.19761 2.66585 190 190 190
1.92201 49.19856 2.72852 198 198 198
1.82096 49.20042 2.80327 188 188 188
1.71205 49.19861 2.86575 190 190 190
1.60164 49.19989 2.92552 201 201 201
1.48863 49.19863 2.98024 194 194 194
1.37199 49.20300 3.02673 197 197 197
1.25878 49.19573 3.08210 191 191 191
1.13732 49.19869 3.11537 190 190 190
1.01823 49.19973 3.15534 190 190 190
0.89610 49.19808 3.18475 195 195 195
0.77326 49.20267 3.21061 200 200 200
0.65098 49.20021 3.24076 183 183 183
0.52533 49.19651 3.24963 191 191 191
0.40077 49.20020 3.26641 193 193 193
0.27528 49.19827 3.27350 201 201 201
0.14962 49.19719 3.27448 190 190 190
0.02400 49.20086 3.27219 196 196 196
-0.10166 49.19523 3.26801 189 189 189
-0.22676 49.20360 3.25520 198 198 198
-0.35070 49.20311 3.23419 193 193 193
-0.47535 49.19718 3.21728 193 193 193
-0.59777 49.20427 3.18851 188 188 188
-0.71957 49.19759 3.15738 193 193 193
-0.84090 49.20374 3.12402 192 192 192
-0.95923 49.20143 3.08124 197 197 197
-1.07420 49.20171 3.03021 192 192 192
-1.19069 49.20129 2.98306 198 198 198
-1.30331 49.20019 2.92729 189 189 189
-1.41096 49.20057 2.86243 189 189 189
-1.52426 49.19999 2.80740 195 195 195
-1.63221 49.20024 2.74263 182 182 182
-1.73387 49.20070 2.66840 190 190 190
-1.83454 49.20137 2.59294 193 193 193
-1.92668 49.19885 2.50714 193 193 193
-2.02170 49.20133 2.42507 188 188 188
-2.10932 49.19681 2.33514 183 183 183
-2.19737 49.19736 2.24579 184 184 184
-2.28503 49.19930 2.15569 188 188 188
-2.36311 49.20084 2.05722 176 176 176
-2.44088 49.20273 1.95849 193 193 193
-2.51069 49.19631 1.85399 184 184 184
-2.58053 49.19652 1.74951 178 178 178
-2.63897 49.19698 1.63820 190 190 190
-2.70080 49.19929 1.52891 185 185 185
-2.75913 49.20316 1.41753 172 172 172
-2.80989 49.19968 1.30248 180 180 180
-2.85226 49.20308 1.18409 176 176 176
-2.89232 49.20540 1.06506 172 172 172
-2.92665 49.20102 0.94430 181 181 181
-2.96602 49.19863 0.82473 176 176 176
-2.98830 49.19841 0.70092 175 175 175
-3.00752 49.19878 0.57682 163 163 163
-3.02957 49.20148 0.45309 164 164 164
-3.04251 49.20081 0.32805 170 170 170
-3.05216 49.19410 0.20265 173 173 173
-3.04770 49.20129 0.07688 169 169 169
-3.04561 49.19548 -0.04871 165 165 165
-3.04009 49.20060 -0.17425 165 165 165
-3.03319 49.19858 -0.29997 173 173 173
-3.01265 49.19893 -0.42416 164 164 164
-2.98750 49.19999 -0.54736 160 160 160
-2.96334 49.19663 -0.67075 161 161 161
-2.92948 49.20305 -0.79183 163 163 163
-2.89452 49.19555 -0.91257 158 158 158
-2.84909 49.20290 -1.02979 163 163 163
-2.80777 49.19854 -1.14853 154 154 154
-2.75648 49.20515 -1.26330 150 150 150
-2.70082 49.19940 -1.37598 156 156 156
-2.63861 49.20323 -1.48511 152 152 152
-2.58022 49.19968 -1.59650 154 154 154
-2.51448 49.19726 -1.70377 150 150 150
-2.43610 49.19932 -1.80233 156 156 156
-2.36960 49.20021 -1.90969 153 153 153
-2.28690 49.20122 -2.00470 143 143 143
-2.20021 49.20300 -2.09587 147 147 147
-2.11500 49.20296 -2.18833 149 149 149
-2.02240 49.20075 -2.27339 145 145 145
-1.93083 49.19758 -2.35960 145 145 145
-1.83282 49.20377 -2.43841 144 144 144
-1.73412 49.20061 -2.51643 144 144 144
-1.62812 49.20023 -2.58425 149 149 149
-1.52337 49.20548 -2.65372 142 142 142
-1.41585 49.20271 -2.71897 147 147 147
-1.30135 49.20124 -2.77129 143 143 143
-1.18803 49.19657 -2.82515 140 140 140
-1.07676 49.20089 -2.88427 145 145 145
-0.95811 49.20292 -2.92613 138 138 138
-0.83854 49.20532 -2.96471 142 142 142
-0.72078 49.20051 -3.00964 143 143 143
-0.59835 49.20289 -3.03889 139 139 139
-0.47526 49.19896 -3.06483 144 144 144
-0.35106 49.19917 -3.08444 141 141 141
-0.22728 49.19557 -3.10763 142 142 142
-0.10143 49.19967 -3.11306 139 139 139
0.02403 49.19746 -3.11964 146 146 146
0.14962 49.20133 -3.12169 144 144 144
0.27530 49.19706 -3.12193 139 139 139
0.40077 49.20636 -3.11444 144 144 144
0.52605 49.19828 -3.10373 141 141 141
0.64942 49.19889 -3.07894 145 145 145
0.77234 49.19907 -3.05399 140 140 140
0.89789 49.19943 -3.04017 139 139 139
1.01677 49.19611 -2.99812 141 141 141
1.13859 49.20162 -2.96722 137 137 137
1.25748 49.20256 -2.92652 134 134 134
1.37284 49.19893 -2.87668 136 136 136
1.48994 49.19537 -2.83098 138 138 138
1.60110 49.20444 -2.77230 144 144 144
1.71303 49.19581 -2.71530 149 149 149
1.82223 49.19726 -2.65311 145 145 145
1.92648 49.19850 -2.58294 146 146 146
2.02866 49.19566 -2.50997 139 139 139
2.12999 49.20203 -2.43580 146 146 146
2.22856 49.19980 -2.35784 159 159 159
2.32259 49.19660 -2.27443 148 148 148
2.40659 49.19824 -2.18069 143 143 143
2.50026 49.20146 -2.09663 148 148 148
2.58162 49.20065 -2.00084 149 149 149
2.66036 49.19798 -1.90302 155 155 155
2.73603 49.19872 -1.80283 156 156 156
2.81318 49.19921 -1.70341 155 155 155
2.87498 49.20372 -1.59376 150 150 150
2.94571 49.19835 -1.48952 160 160 160
3.00044 49.19804 -1.37617 157 157 157
3.05179 49.19987 -1.26150 155 155 155
3.10205 49.19900 -1.14648 154 154 154
3.15083 49.19981 -1.03072 166 166 166
3.19327 49.19949 -0.91242 153 153 153
3.22649 49.19582 -0.79120 161 161 161
3.25897 49.20120 -0.66989 166 166 166
3.28523 49.19873 -0.54707 161 161 161
3.31475 49.19889 -0.42462 167 167 167
3.32653 49.19960 -0.29928 163 163 163
3.33854 49.20366 -0.17419 161 161 161
3.35239 49.19776 -0.04901 166 166 166
3.34003 49.59511 0.07750 168 168 168
3.34233 49.60104 0.20327 170 170 170
3.33108 49.59714 0.32854 168 168 168
3.31317 49.59793 0.45292 178 178 178
3.30180 49.60127 0.57808 170 170 170
3.28133 49.59840 0.70210 175 175 175
3.25397 49.59882 0.82479 175 175 175
3.22008 49.60236 0.94582 178 178 178
3.18346 49.60383 1.06597 176 176 176
3.14338 49.59918 1.18503 183 183 183
3.09708 49.59661 1.30183 177 177 177
3.04095 49.60246 1.41426 181 181 181
2.99177 49.60005 1.52989 176 176 176
2.93341 49.60033 1.64116 177 177 177
2.86935 49.59961 1.74925 186 186 186
2.80075 49.59963 1.85448 182 182 182
2.72954 49.60186 1.95796 184 184 184
2.65615 49.60082 2.06004 186 186 186
2.57449 49.59726 2.15562 192 192 192
2.48698 49.60481 2.24581 182 182 182
2.40157 49.59662 2.33775 191 191 191
2.31458 49.60036 2.42853 185 185 185
2.21905 49.59944 2.51023 190 190 190
2.12006 49.59826 2.58755 189 189 189
2.02231 49.60181 2.66650 194 194 194
1.91946 49.59763 2.73875 187 187 187
1.81171 49.60343 2.80342 188 188 188
1.70287 49.59775 2.86598 189 189 189
1.59304 49.59851 2.92685 198 198 198
1.47923 49.59985 2.97991 201 201 201
1.36204 49.60677 3.02493 183 183 183
1.24677 49.60060 3.07443 194 194 194
1.13036 49.59989 3.12209 194 194 194
1.00772 49.60084 3.15039 195 195 195
0.88706 49.60317 3.18494 188 188 188
0.76524 49.59875 3.21580 193 193 193
0.64097 49.59555 3.23453 196 196 196
0.51701 49.60049 3.25530 199 199 199
0.39198 49.59937 3.26853 190 190 190
0.26668 49.60136 3.28191 190 190 190
0.14072 49.59816 3.28040 204 204 204
0.01507 49.60093 3.27397 198 198 198
-0.11018 49.60136 3.26388 197 197 197
-0.23548 49.59949 3.25451 202 202 202
-0.35927 49.60110 3.23285 194 194 194
-0.48409 49.60040 3.21727 202 202 202
-0.60724 49.59780 3.19165 199 199 199
-0.72745 49.60272 3.15451 194 194 194
-0.84876 49.59710 3.12158 198 198 198
-0.96778 49.60034 3.08106 194 194 194
-1.08297 49.59549 3.03064 197 197 197
-1.19672 49.60361 2.97757 190 190 190
-1.31230 49.59803 2.92822 190 190 190
-1.42259 49.59798 2.86805 198 198 198
-1.53291 49.60071 2.80773 190 190 190
-1.63670 49.60332 2.73676 192 192 192
-1.74005 49.59951 2.66537 192 192 192
-1.83975 49.60416 2.58897 192 192 192
-1.93797 49.60495 2.51064 189 189 189
-2.03019 49.59862 2.42533 186 186 186
-2.12309 49.60072 2.34071 190 190 190
-2.20991 49.59959 2.24985 195 195 195
-2.29328 49.60400 2.15582 188 188 188
-2.36943 49.59995 2.05586 193 193 193
-2.44613 49.60241 1.95652 185 185 185
-2.52148 49.59956 1.85593 182 182 182
-2.58613 49.59884 1.74815 181 181 181
-2.65391 49.59838 1.64224 177 177 177
-2.70886 49.60066 1.52914 179 179 179
-2.76032 49.60000 1.41463 188 188 188
-2.80900 49.59903 1.29908 185 185 185
-2.86042 49.59726 1.18447 176 176 176
-2.90588 49.60117 1.06722 182 182 182
-2.93367 49.60031 0.94441 173 173 173
-2.97021 49.60371 0.82424 180 180 180
-2.99590 49.60149 0.70130 172 172 172
-3.01614 49.59734 0.57741 174 174 174
-3.03691 49.60025 0.45353 175 175 175
-3.05024 49.59847 0.32859 170 170 170
-3.05510 49.59932 0.20304 170 170 170
-3.05785 49.59979 0.07750 168 168 168
-3.05756 49.60452 -0.04820 166 166 166
-3.04673 49.60333 -0.17344 166 166 166
-3.03604 49.60238 -0.29862 163 163 163
-3.02257 49.59922 -0.42368 164 164 164
-3.00037 49.59785 -0.54750 166 166 166
-2.97502 49.59674 -0.67076 161 161 161
-2.93737 49.60178 -0.79089 163 163 163
-2.90188 49.59701 -0.91141 159 159 159
-2.85991 49.60023 -1.02984 162 162 162
-2.81303 49.59657 -1.14636 163 163 163
-2.76398 49.60007 -1.26199 157 157 157
-2.70917 49.60173 -1.37502 154 154 154
-2.65044 49.60050 -1.48608 151 151 151
-2.58093 49.60076 -1.59080 151 151 151
-2.52306 49.59568 -1.70287 152 152 152
-2.44721 49.59880 -1.80325 147 147 147
-2.36710 49.59731 -1.90002 158 158 158
-2.29278 49.60182 -2.00143 154 154 154
-2.21220 49.60051 -2.09805 149 149 149
-2.12166 49.59858 -2.18541 147 147 147
-2.03071 49.59634 -2.27207 147 147 147
-1.93916 49.59652 -2.35825 146 146 146
-1.84303 49.59995 -2.43939 146 146 146
-1.73637 49.59974 -2.50659 143 143 143
-1.63710 49.60584 -2.58368 141 141 141
-1.52998 49.59592 -2.64930 142 142 142
-1.41930 49.59756 -2.70856 135 135 135
-1.31214 49.60049 -2.77432 144 144 144
-1.19780 49.59613 -2.82637 145 145 145
-1.08306 49.60256 -2.87733 144 144 144
-0.96662 49.60011 -2.92442 137 137 137
-0.84831 49.59985 -2.96674 144 144 144
-0.72882 49.60241 -3.00593 138 138 138
-0.60510 49.59383 -3.02931 141 141 141
-0.48377 49.60117 -3.06221 142 142 142
-0.35999 49.59838 -3.08398 145 145 145
-0.23559 49.59502 -3.10199 141 141 141
-0.10995 49.59718 -3.10759 142 142 142
0.01496 49.59831 -3.12335 143 143 143
0.14072 49.60052 -3.12153 131 131 131
0.26655 49.59689 -3.12515 134 134 134
0.39204 49.59973 -3.11596 144 144 144
0.51637 49.59726 -3.09646 137 137 137
0.64098 49.59663 -3.08120 141 141 141
0.76555 49.59775 -3.06396 137 137 137
0.88800 49.59762 -3.03540 138 138 138
1.00983 49.60118 -3.00440 143 143 143
1.12991 49.60020 -2.96724 143 143 143
1.25009 49.59638 -2.92993 138 138 138
1.36674 49.60108 -2.88276 146 146 146
1.47717 49.60027 -2.82190 148 148 148
1.59403 49.59887 -2.77522 148 148 148
1.70668 49.59736 -2.71919 140 140 140
1.81419 49.59717 -2.65384 146 146 146
1.91813 49.59572 -2.58308 142 142 142
2.02307 49.59648 -2.51385 148 148 148
2.12012 49.60202 -2.43389 149 149 149
2.21853 49.59966 -2.35583 143 143 143
2.31013 49.59638 -2.26989 145 145 145
2.40353 49.59498 -2.18584 147 147 147
2.49606 49.59668 -2.10029 159 159 159
2.57042 49.60165 -1.99819 147 147 147
2.65490 49.59724 -1.90504 151 151 151
2.72923 49.59884 -1.80367 147 147 147
2.79749 49.60026 -1.69819 154 154 154
2.87314 49.59947 -1.59741 150 150 150
2.93255 49.60172 -1.48646 151 151 151
2.99333 49.60141 -1.37641 155 155 155
3.04594 49.60089 -1.26223 160 160 160
3.09234 49.60088 -1.14548 160 160 160
3.14352 49.60048 -1.03064 157 157 157
3.18606 49.59979 -0.91230 156 156 156
3.21649 49.60013 -0.79024 159 159 159
3.24841 49.59827 -0.66883 154 154 154
3.27892 49.59974 -0.54693 162 162 162
3.29864 49.60170 -0.42283 164 164 164
3.32152 49.59672 -0.29910 161 161 161
3.32729 49.59545 -0.17337 164 164 164
3.33540 49.60063 -0.04806 163 163 163
3.32456 49.99479 0.07812 157 157 157
3.33045 49.99869 0.20378 172 172 172
3.32164 50.00151 0.32914 166 166 166
3.29951 49.99816 0.45300 167 167 167
3.29355 50.00125 0.57883 176 176 176
3.26528 49.99743 0.70133 186 186 186
3.24121 49.99860 0.82452 170 170 170
3.21977 49.99936 0.94890 181 181 181
3.17962 49.99840 1.06828 178 178 178
3.13349 49.99788 1.18534 181 181 181
3.08564 49.99905 1.30146 180 180 180
3.03796 49.99882 1.41767 183 183 183
2.98492 49.99259 1.53162 183 183 183
2.92724 49.99978 1.64338 183 183 183
2.86381 50.00371 1.75201 182 182 182
2.79379 49.99587 1.85649 190 190 190
2.71948 50.00174 1.95783 188 188 188
2.64784 49.99830 2.06123 179 179 179
2.56756 50.00248 2.15804 187 187 187
2.48341 50.00262 2.25148 185 185 185
2.39322 49.99887 2.33907 187 187 187
2.30426 50.00369 2.42776 185 185 185
2.20970 49.99779 2.51048 190 190 190
2.11207 49.99883 2.58949 190 190 190
2.00968 50.00069 2.66218 191 191 191
1.91015 49.99979 2.73895 190 190 190
1.80375 50.00011 2.80579 193 193 193
1.69288 50.00231 2.86488 190 190 190
1.58545 50.00176 2.93029 189 189 189
1.47241 50.00015 2.98530 200 200 200
1.35528 50.00282 3.03101 188 188 188
1.23612 49.99486 3.07062 193 193 193
1.11895 49.99841 3.11534 199 199 199
0.99857 50.00359 3.15052 190 190 190
0.87774 50.00240 3.18425 202 202 202
0.75564 50.00177 3.21345 193 193 193
0.63152 50.00013 3.23229 199 199 199
0.50837 49.99566 3.25892 197 197 197
0.38309 49.99617 3.27040 199 199 199
0.25755 49.99909 3.27875 184 184 184
0.13175 49.99871 3.27677 190 190 190
0.00605 49.99904 3.27590 193 193 193
-0.11879 50.00199 3.26020 197 197 197
-0.24476 50.00305 3.25790 197 197 197
-0.36882 50.00125 3.23732 195 195 195
-0.49356 50.00249 3.22051 196 196 196
-0.61522 50.00021 3.18829 194 194 194
-0.73609 49.99970 3.15413 196 196 196
-0.85809 50.00146 3.12343 195 195 195
-0.97692 50.00139 3.08226 193 193 193
-1.09269 50.00039 3.03318 190 190 190
-1.20648 49.99882 2.98002 196 196 196
-1.32159 50.00462 2.92956 201 201 201
-1.42969 50.00049 2.86544 199 199 199
-1.53896 49.99757 2.80368 194 194 194
-1.64310 49.99612 2.73362 192 192 192
-1.74832 50.00075 2.66511 188 188 188
-1.84448 50.00189 2.58430 191 191 191
-1.94945 50.00248 2.51428 189 189 189
-2.04190 49.99644 2.42899 188 188 188
-2.13232 49.99943 2.34165 191 191 191
-2.22043 50.00263 2.25196 190 190 190
-2.29855 49.99828 2.15333 183 183 183
-2.38060 49.99956 2.05828 196 196 196
-2.45889 50.00147 1.95994 184 184 184
-2.53286 50.00395 1.85820 187 187 187
-2.59979 49.99878 1.75169 185 185 185
-2.65721 50.00045 1.63972 175 175 175
-2.71824 49.99567 1.53000 173 173 173
-2.77039 50.00059 1.41579 181 181 181
-2.82452 50.00449 1.30244 180 180 180
-2.87291 50.00081 1.18642 171 171 171
-2.91016 50.00486 1.06634 176 176 176
-2.95184 49.99839 0.94765 176 176 176
-2.97699 49.99770 0.82435 180 180 180
-3.01373 50.00139 0.70370 170 170 170
-3.02618 50.00283 0.57821 176 176 176
-3.04662 50.00596 0.45425 172 172 172
-3.05655 50.00261 0.32901 174 174 174
-3.06752 50.00452 0.20381 165 165 165
-3.06974 49.99840 0.07813 167 167 167
-3.06102 50.00120 -0.04736 171 171 171
-3.05916 49.99876 -0.17308 167 167 167
-3.04767 50.00016 -0.29830 164 164 164
-3.02777 49.99975 -0.42244 164 164 164
-3.00561 49.99744 -0.54612 154 154 154
-2.97713 50.00475 -0.66847 161 161 161
-2.94645 49.99883 -0.79027 164 164 164
-2.91172 50.00033 -0.91104 158 158 158
-2.87097 49.99973 -1.02994 152 152 152
-2.82328 49.99664 -1.14622 152 152 152
-2.77345 50.00062 -1.26155 153 153 153
-2.72203 50.00013 -1.37633 152 152 152
-2.65927 50.00265 -1.48533 151 151 151
-2.59583 50.00241 -1.59376 153 153 153
-2.52161 49.99870 -1.69523 147 147 147
-2.45458 50.00030 -1.80141 151 151 151
-2.38511 49.99895 -1.90647 150 150 150
-2.30238 49.99866 -2.00129 153 153 153
-2.22025 49.99567 -2.09651 147 147 147
-2.12771 50.00373 -2.18181 144 144 144
-2.04154 49.99697 -2.27340 145 145 145
-1.94973 50.00552 -2.35944 145 145 145
-1.85041 49.99598 -2.43669 147 147 147
-1.74561 50.00175 -2.50629 143 143 143
-1.64425 50.00016 -2.58029 141 141 141
-1.53883 49.99731 -2.64844 142 142 142
-1.43176 50.00136 -2.71413 143 143 143
-1.32178 50.00154 -2.77497 142 142 142
-1.20929 49.99820 -2.83116 138 138 138
-1.09202 50.00020 -2.87665 137 137 137
-0.97585 50.00236 -2.92446 142 142 142
-0.85713 49.99591 -2.96560 141 141 141
-0.73692 49.99727 -3.00218 142 142 142
-0.61636 49.99862 -3.03816 141 141 141
-0.49269 50.00168 -3.06129 142 142 142
-0.36891 50.00012 -3.08301 141 141 141
-0.24389 49.99717 -3.09575 143 143 143
-0.11945 50.00078 -3.11371 135 135 135
0.00613 50.00160 -3.11908 135 135 135
0.13175 49.99733 -3.11970 138 138 138
0.25754 49.99796 -3.12356 132 132 132
0.38279 49.99916 -3.11182 143 143 143
0.50721 50.00043 -3.09424 145 145 145
0.63294 49.99935 -3.08645 136 136 136
0.75596 50.00064 -3.06020 140 140 140
0.87848 49.99358 -3.03245 141 141 141
0.99974 49.99867 -2.99978 145 145 145
1.12215 49.99936 -2.97030 138 138 138
1.23891 50.00018 -2.92329 138 138 138
1.35615 50.00020 -2.87818 144 144 144
1.47075 50.00747 -2.82676 143 143 143
1.58591 49.99756 -2.77621 141 141 141
1.69552 49.99885 -2.71459 145 145 145
1.80460 50.00154 -2.65215 136 136 136
1.91289 50.00427 -2.58799 146 146 146
2.01360 50.00112 -2.51248 151 151 151
2.11408 50.00418 -2.43691 154 154 154
2.21063 49.99633 -2.35641 142 142 142
2.30505 49.99968 -2.27342 147 147 147
2.39490 49.99661 -2.18551 149 149 149
2.47795 49.99554 -2.09116 148 148 148
2.56581 49.99645 -2.00123 148 148 148
2.64269 49.99587 -1.90181 156 156 156
2.72152 49.99854 -1.80391 156 156 156
2.79456 49.99827 -1.70155 152 152 152
2.86265 50.00046 -1.59580 147 147 147
2.92439 50.00138 -1.48624 156 156 156
2.97800 50.00098 -1.37250 158 158 158
3.03685 50.00278 -1.26151 155 155 155
3.08700 50.00341 -1.14632 161 161 161
3.13175 50.00286 -1.02895 156 156 156
3.17516 49.99757 -0.91102 155 155 155
3.20827 50.00089 -0.78979 156 156 156
3.24671 49.99897 -0.66993 160 160 160
3.26281 49.99667 -0.54486 166 166 166
3.28770 50.00079 -0.42188 167 167 167
3.30815 50.00350 -0.29794 166 166 166
3.32249 50.00233 -0.17307 171 171 171
3.32477 50.00258 -0.04737 161 161 161
3.32367 50.40243 0.07875 166 166 166
3.31896 50.39928 0.20431 162 162 162
3.31453 50.39802 0.32992 174 174 174
3.29859 50.40285 0.45459 165 165 165
3.28169 50.39964 0.57902 171 171 171
3.26090 50.40279 0.70289 172 172 172
3.23402 50.39658 0.82560 181 181 181
3.20443 50.40298 0.94776 168 168 168
3.16565 50.39688 1.06732 174 174 174
3.12733 50.40174 1.18705 173 173 173
3.08023 50.40024 1.30361 178 178 178
3.02597 50.39743 1.41696 182 182 182
2.96484 50.40179 1.52665 187 187 187
2.91450 50.40410 1.64197 184 184 184
2.84979 50.40098 1.74962 183 183 183
2.78352 50.39969 1.85633 182 182 182
2.70642 50.39755 1.95558 183 183 183
2.62824 50.40393 2.05358 182 182 182
2.55661 50.39934 2.15709 187 187 187
2.46660 50.39708 2.24498 183 183 183
2.38411 50.39848 2.33967 187 187 187
2.29243 50.39807 2.42543 190 190 190
2.20385 50.39818 2.51490 184 184 184
2.10568 50.40453 2.59355 197 197 197
2.00468 50.39581 2.66843 196 196 196
1.90394 50.40072 2.74388 193 193 193
1.79466 50.39564 2.80642 197 197 197
1.68518 50.40197 2.86799 193 193 193
1.57482 50.39988 2.92789 194 194 194
1.46115 50.39789 2.98122 194 194 194
1.34678 50.39764 3.03305 194 194 194
1.23120 50.39913 3.08251 192 192 192
1.11241 50.39874 3.12376 193 193 193
0.99098 50.40065 3.15639 201 201 201
0.86841 50.40084 3.18377 193 193 193
0.74604 50.40213 3.21138 198 198 198
0.62320 50.40251 3.23759 197 197 197
0.49822 50.39846 3.25030 195 195 195
0.37368 50.40222 3.26645 193 193 193
0.24812 50.40524 3.26936 191 191 191
0.12271 50.39954 3.27501 197 197 197
-0.00261 50.40515 3.26699 198 198 198
-0.12850 50.40196 3.26945 201 201 201
-0.25351 50.39746 3.25627 200 200 200
-0.37747 50.39438 3.23564 198 198 198
-0.50229 50.39970 3.21973 197 197 197
-0.62489 50.40216 3.19168 194 194 194
-0.74580 50.40034 3.15724 189 189 189
-0.86461 50.40201 3.11644 196 196 196
-0.98762 50.39701 3.08749 194 194 194
-1.10137 50.39958 3.03307 197 197 197
-1.21949 50.40488 2.98936 196 196 196
-1.32795 50.40151 2.92504 200 200 200
-1.43860 50.40155 2.86592 201 201 201
-1.55185 50.40091 2.81066 194 194 194
-1.65695 50.40087 2.74152 189 189 189
-1.75667 50.40507 2.66487 193 193 193
-1.85665 50.40283 2.58896 187 187 187
-1.95169 50.39671 2.50701 188 188 188
-2.04362 50.40051 2.42176 189 189 189
-2.13916 50.39820 2.34014 186 186 186
-2.22817 50.39904 2.25143 187 187 187
-2.30600 50.40090 2.15266 182 182 182
-2.39196 50.40000 2.06077 182 182 182
-2.46578 50.40013 1.95905 179 179 179
-2.53769 50.39810 1.85605 182 182 182
-2.60851 50.40027 1.75215 177 177 177
-2.66867 50.39753 1.64173 173 173 173
-2.73568 50.39762 1.53494 181 181 181
-2.78168 50.40183 1.41748 183 183 183
-2.83714 50.40337 1.30457 178 178 178
-2.88498 50.40378 1.18818 170 170 170
-2.92042 50.40569 1.06738 184 184 184
-2.95549 50.39758 0.94677 177 177 177
-2.99165 50.39823 0.82634 176 176 176
-3.01114 50.40314 0.70202 171 171 171
-3.03601 50.39744 0.57897 162 162 162
-3.05872 50.39471 0.45525 173 173 173
-3.06383 50.40089 0.32950 167 167 167
-3.07460 50.40293 0.20436 166 166 166
-3.07570 50.39936 0.07875 168 168 168
-3.07760 50.39710 -0.04702 163 163 163
-3.06575 50.39943 -0.17225 162 162 162
-3.05110 50.40068 -0.29699 162 162 162
-3.03606 50.39715 -0.42168 156 156 156
-3.01740 50.39564 -0.54602 159 159 159
-2.99105 50.39968 -0.66899 158 158 158
-2.95846 50.39849 -0.79045 161 161 161
-2.92671 50.40259 -0.91232 160 160 160
-2.88285 50.39518 -1.03034 159 159 159
-2.83543 50.40362 -1.14685 158 158 158
-2.78290 50.39881 -1.26108 156 156 156
-2.72234 50.39968 -1.37122 154 154 154
-2.66682 50.40171 -1.48383 149 149 149
-2.60271 50.39870 -1.59177 154 154 154
-2.53783 50.39993 -1.69936 155 155 155
-2.46834 50.40045 -1.80416 151 151 151
-2.38723 50.40047 -1.90034 150 150 150
-2.31262 50.39765 -2.00164 154 154 154
-2.22701 50.39924 -2.09373 145 145 145
-2.14118 50.40280 -2.18556 144 144 144
-2.04735 50.39694 -2.26923 149 149 149
-1.95420 50.39966 -2.35341 149 149 149
-1.85717 50.40401 -2.43313 147 147 147
-1.75611 50.40415 -2.50762 151 151 151
-1.65723 50.39956 -2.58551 152 152 152
-1.54897 50.40005 -2.64956 143 143 143
-1.43842 50.39586 -2.70920 143 143 143
-1.32778 50.39814 -2.76834 140 140 140
-1.21395 50.39688 -2.82101 139 139 139
-1.10210 50.40521 -2.87850 141 141 141
-0.98428 50.39847 -2.92214 139 139 139
-0.86780 50.40687 -2.96996 140 140 140
-0.74650 50.40106 -3.00346 139 139 139
-0.62368 50.39810 -3.03036 136 136 136
-0.50087 50.40354 -3.05635 139 139 139
-0.37785 50.40246 -3.08178 143 143 143
-0.25407 50.39846 -3.10474 142 142 142
-0.12795 50.40155 -3.10627 145 145 145
-0.00309 50.40249 -3.12313 137 137 137
0.12271 50.39476 -3.11660 132 132 132
0.24851 50.40289 -3.12320 139 139 139
0.37376 50.39942 -3.11126 146 146 146
0.49834 50.40394 -3.09502 140 140 140
0.62254 50.39725 -3.07718 143 143 143
0.74798 50.40158 -3.06488 140 140 140
0.87025 50.39967 -3.03519 146 146 146
0.99104 50.40067 -3.00033 139 139 139
1.11121 50.39953 -2.96380 142 142 142
1.23023 50.40057 -2.92360 136 136 136
1.34633 50.40033 -2.87564 140 140 140
1.46343 50.40050 -2.82983 140 140 140
1.57561 50.39796 -2.77307 149 149 149
1.68453 50.39823 -2.71044 149 149 149
1.79112 50.40095 -2.64423 142 142 142
1.89745 50.40043 -2.57774 140 140 140
2.00253 50.39887 -2.50900 143 143 143
2.10036 50.39947 -2.43031 150 150 150
2.20057 50.40044 -2.35453 145 145 145
2.29343 50.39971 -2.26995 145 145 145
2.38471 50.39584 -2.18368 144 144 144
2.47519 50.39520 -2.09629 143 143 143
2.55372 50.39657 -1.99795 156 156 156
2.63240 50.40044 -1.90014 153 153 153
2.71570 50.40149 -1.80558 147 147 147
2.78661 50.39864 -1.70161 152 152 152
2.84921 50.39621 -1.59243 159 159 159
2.91055 50.39974 -1.48288 152 152 152
2.96920 50.40005 -1.37196 154 154 154
3.02518 50.40427 -1.25963 162 162 162
3.07985 50.40210 -1.14644 155 155 155
3.12547 50.39710 -1.02930 150 150 150
3.16345 50.39830 -0.90950 158 158 158
3.20924 50.40196 -0.79197 156 156 156
3.23440 50.39738 -0.66850 164 164 164
3.25878 50.40051 -0.54522 166 166 166
3.28759 50.40109 -0.42265 157 157 157
3.30141 50.40207 -0.29757 170 170 170
3.30992 50.39907 -0.17216 166 166 166
3.31852 50.39983 -0.04685 169 169 169
3.30936 50.80013 0.07938 171 171 171
3.30889 50.80115 0.20490 168 168 168
3.30465 50.80309 0.33049 166 166 166
3.28882 50.80671 0.45514 165 165 165
3.27907 50.80212 0.58067 168 168 168
3.25116 50.79654 0.70340 172 172 172
3.22906 50.79796 0.82724 169 169 169
3.19280 50.79999 0.94769 170 170 170
3.15311 50.79914 1.06684 177 177 177
3.11951 50.79728 1.18816 179 179 179
3.06964 50.80164 1.30364 176 176 176
3.02454 50.80015 1.42115 175 175 175
2.96520 50.79872 1.53212 179 179 179
2.90578 50.79847 1.64283 182 182 182
2.84170 50.79859 1.75089 183 183 183
2.76995 50.79787 1.85401 182 182 182
2.70293 50.79337 1.96032 185 185 185
2.62841 50.79867 2.06155 193 193 193
2.54372 50.80102 2.15452 191 191 191
2.46518 50.80126 2.25275 185 185 185
2.37758 50.80048 2.34292 193 193 193
2.28602 50.79962 2.42902 190 190 190
2.19285 50.80224 2.51336 187 187 187
2.09092 50.80033 2.58705 186 186 186
1.99469 50.79884 2.66791 190 190 190
1.89308 50.80209 2.74194 190 190 190
1.78656 50.79914 2.80875 189 189 189
1.68048 50.79920 2.87656 192 192 192
1.56834 50.79895 2.93374 193 193 193
1.45462 50.79871 2.98750 195 195 195
1.33739 50.79447 3.03306 191 191 191
1.21959 50.79552 3.07644 185 185 185
1.10279 50.80128 3.12291 198 198 198
0.98293 50.79749 3.16087 196 196 196
0.86238 50.80114 3.19729 183 183 183
0.73624 50.79811 3.20858 197 197 197
0.61466 50.79618 3.24190 199 199 199
0.48984 50.80361 3.25710 198 198 198
0.36500 50.79948 3.27256 196 196 196
0.23927 50.80191 3.27658 190 190 190
0.11361 50.79696 3.28001 196 196 196
-0.01214 50.79611 3.27886 196 196 196
-0.13789 50.79978 3.27391 201 201 201
-0.26284 50.80264 3.25891 199 199 199
-0.38732 50.79815 3.24111 192 192 192
-0.51195 50.80625 3.22332 198 198 198
-0.63282 50.80129 3.18753 197 197 197
-0.75426 50.80520 3.15569 189 189 189
-0.87348 50.80009 3.11645 199 199 199
-0.99255 50.80397 3.07693 191 191 191
-1.11161 50.80079 3.03652 196 196 196
-1.22583 50.80292 2.98410 193 193 193
-1.33716 50.79675 2.92596 187 187 187
-1.44709 50.80161 2.86553 195 195 195
-1.55867 50.80013 2.80764 190 190 190
-1.66513 50.79347 2.74085 192 192 192
-1.76370 50.80341 2.66270 191 191 191
-1.86811 50.80178 2.59264 195 195 195
-1.96664 50.79599 2.51454 189 189 189
-2.06013 50.79999 2.43046 188 188 188
-2.14599 50.80079 2.33855 191 191 191
-2.23267 50.80039 2.24786 184 184 184
-2.31679 50.79636 2.15477 184 184 184
-2.39398 50.80071 2.05586 190 190 190
-2.47878 50.79560 1.96255 180 180 180
-2.54627 50.79867 1.85637 188 188 188
-2.61547 50.79945 1.75150 181 181 181
-2.67716 50.79776 1.64205 181 181 181
-2.73153 50.79742 1.52883 179 179 179
-2.79046 50.80028 1.41798 175 175 175
-2.84411 50.80281 1.30433 176 176 176
-2.89101 50.79971 1.18769 175 175 175
-2.93242 50.79547 1.06896 174 174 174
-2.96983 50.79746 0.94888 172 172 172
-2.98739 50.80000 0.82377 168 168 168
-3.02432 50.80258 0.70347 174 174 174
-3.04154 50.80042 0.57904 165 165 165
-3.06954 50.79630 0.45608 175 175 175
-3.07230 50.80222 0.33008 167 167 167
-3.08436 50.79787 0.20501 167 167 167
-3.08573 50.79647 0.07938 171 171 171
-3.07751 50.80209 -0.04603 168 168 168
-3.07346 50.79554 -0.17151 163 163 163
-3.06219 50.80021 -0.29659 155 155 155
-3.04756 50.79691 -0.42142 165 165 165
-3.02655 50.80281 -0.54539 166 166 166
-3.00014 50.80156 -0.66834 167 167 167
-2.96629 50.79802 -0.78945 164 164 164
-2.93155 50.80270 -0.91028 158 158 158
-2.88545 50.80041 -1.02728 158 158 158
-2.84233 50.79711 -1.14528 159 159 159
-2.79138 50.80350 -1.26013 158 158 158
-2.73693 50.80214 -1.37335 155 155 155
-2.67774 50.80348 -1.48418 159 159 159
-2.62100 50.79495 -1.59673 152 152 152
-2.54781 50.80439 -1.69928 145 145 145
-2.47676 50.79963 -1.80300 144 144 144
-2.39672 50.79835 -1.89997 153 153 153
-2.31996 50.79953 -1.99946 141 141 141
-2.23012 50.79429 -2.08752 144 144 144
-2.14918 50.80168 -2.18379 144 144 144
-2.05733 50.80072 -2.26951 147 147 147
-1.96411 50.79761 -2.35370 148 148 148
-1.86891 50.80013 -2.43581 144 144 144
-1.76879 50.79684 -2.51188 150 150 150
-1.66269 50.79913 -2.57939 147 147 147
-1.56049 50.79604 -2.65285 148 148 148
-1.44909 50.80404 -2.71134 142 142 142
-1.33998 50.80029 -2.77376 137 137 137
-1.22599 50.79829 -2.82673 144 144 144
-1.10831 50.79819 -2.87086 142 142 142
-0.99477 50.80033 -2.92526 137 137 137
-0.87588 50.80114 -2.96618 140 140 140
-0.75593 50.80689 -3.00396 146 146 146
-0.63328 50.80151 -3.03181 140 140 140
-0.51115 50.80487 -3.06163 138 138 138
-0.38705 50.80207 -3.08180 139 139 139
-0.26346 50.79952 -3.10656 137 137 137
-0.13732 50.79843 -3.10902 138 138 138
-0.01179 50.80315 -3.11232 139 139 139
0.11361 50.80021 -3.12387 140 140 140
0.23910 50.80063 -3.11457 135 135 135
0.36465 50.80358 -3.11042 143 143 143
0.48969 50.80295 -3.09819 140 140 140
0.61429 50.79821 -3.08194 139 139 139
0.73875 50.79767 -3.06357 137 137 137
0.85994 50.80183 -3.02951 137 137 137
0.98080 50.80030 -2.99564 136 136 136
1.10071 50.79583 -2.95885 146 146 146
1.21913 50.79983 -2.91752 145 145 145
1.33687 50.80061 -2.87412 137 137 137
1.45356 50.79744 -2.82750 146 146 146
1.56769 50.79786 -2.77472 140 140 140
1.67810 50.80423 -2.71456 142 142 142
1.78585 50.80060 -2.64982 144 144 144
1.88944 50.80352 -2.57869 146 146 146
1.99451 50.79520 -2.50982 154 154 154
2.09531 50.79979 -2.43478 148 148 148
2.19168 50.79725 -2.35410 149 149 149
2.28737 50.80093 -2.27257 142 142 142
2.37319 50.80353 -2.18059 139 139 139
2.46711 50.79998 -2.09656 147 147 147
2.54771 50.79960 -1.99992 148 148 148
2.62915 50.79871 -1.90409 143 143 143
2.70361 50.79653 -1.80273 152 152 152
2.77284 50.79870 -1.69782 151 151 151
2.84291 50.80151 -1.59348 155 155 155
2.90351 50.79833 -1.48337 155 155 155
2.96193 50.80202 -1.37222 149 149 149
3.01817 50.80081 -1.25993 154 154 154
3.06907 50.80302 -1.14509 156 156 156
3.11467 50.79622 -1.02802 157 157 157
3.15830 50.79804 -0.91013 158 158 158
3.20048 50.79906 -0.79141 165 165 165
3.22300 50.80286 -0.66730 164 164 164
3.25158 50.80032 -0.54495 160 160 160
3.26760 50.80073 -0.42029 170 170 170
3.28799 50.80151 -0.29643 167 167 167
3.30447 50.79870 -0.17181 167 167 167
3.30810 50.79544 -0.04617 167 167 167
3.30963 51.20318 0.08000 166 166 166
3.30644 51.20165 0.20579 167 167 167
3.29797 51.20083 0.33131 172 172 172
3.27686 51.20012 0.45544 167 167 167
3.26597 51.20143 0.58068 168 168 168
3.24160 51.20258 0.70395 173 173 173
3.21775 51.19421 0.82735 170 170 170
3.18239 51.19626 0.94797 168 168 168
3.15233 51.19973 1.07020 177 177 177
3.10431 51.19897 1.18658 184 184 184
3.06180 51.20321 1.30483 176 176 176
3.00818 51.20272 1.41847 177 177 177
2.95156 51.19765 1.53049 183 183 183
2.89538 51.19892 1.64279 181 181 181
2.83193 51.19676 1.75117 182 182 182
2.76572 51.19745 1.85795 176 176 176
2.68948 51.19739 1.95786 184 184 184
2.61875 51.19744 2.06182 174 174 174
2.53381 51.19583 2.15454 185 185 185
2.45425 51.19998 2.25178 181 181 181
2.36518 51.20418 2.34036 189 189 189
2.27868 51.20042 2.43166 186 186 186
2.18389 51.20081 2.51428 186 186 186
2.08378 51.19892 2.59031 191 191 191
1.98541 51.20551 2.66842 187 187 187
1.88307 51.20030 2.74136 193 193 193
1.77795 51.19948 2.81034 192 192 192
1.66979 51.20409 2.87452 188 188 188
1.55642 51.19836 2.92903 193 193 193
1.44370 51.19924 2.98439 194 194 194
1.33110 51.19486 3.04070 195 195 195
1.21175 51.20202 3.08073 196 196 196
1.09424 51.19678 3.12549 194 194 194
0.97319 51.20207 3.15953 193 193 193
0.85253 51.19916 3.19516 193 193 193
0.72948 51.19802 3.22140 202 202 202
0.60572 51.20242 3.24399 191 191 191
0.48060 51.19907 3.25719 196 196 196
0.35544 51.20403 3.26821 190 190 190
0.23036 51.19856 3.28364 198 198 198
0.10445 51.20436 3.27860 199 199 199
-0.02109 51.20052 3.27426 202 202 202
-0.14623 51.19838 3.26428 196 196 196
-0.27170 51.19682 3.25711 196 196 196
-0.39571 51.20212 3.23698 198 198 198
-0.51959 51.19939 3.21639 201 201 201
-0.64322 51.20003 3.19344 189 189 189
-0.76321 51.20128 3.15568 196 196 196
-0.88307 51.20025 3.11852 194 194 194
-1.00251 51.20035 3.07982 203 203 203
-1.11884 51.20657 3.03260 192 192 192
-1.23498 51.19743 2.98478 198 198 198
-1.34987 51.20635 2.93363 193 193 193
-1.45685 51.19980 2.86731 196 196 196
-1.56601 51.19483 2.80539 185 185 185
-1.67196 51.19633 2.73806 192 192 192
-1.77442 51.20016 2.66554 194 194 194
-1.87847 51.19964 2.59486 179 179 179
-1.97108 51.20380 2.50970 181 181 181
-2.07148 51.19828 2.43350 187 187 187
-2.15380 51.19418 2.33787 184 184 184
-2.24680 51.19540 2.25312 183 183 183
-2.33222 51.19988 2.16079 185 185 185
-2.40770 51.19766 2.06012 180 180 180
-2.49226 51.20040 1.96634 184 184 184
-2.54856 51.20243 1.85243 179 179 179
-2.62462 51.20429 1.75215 182 182 182
-2.69010 51.20091 1.64482 181 181 181
-2.75368 51.20087 1.53611 178 178 178
-2.80104 51.19893 1.41928 173 173 173
-2.85415 51.19792 1.30534 174 174 174
-2.88967 51.20017 1.18446 177 177 177
-2.93746 51.19751 1.06826 169 169 169
-2.97821 51.19641 0.94930 174 174 174
-3.00907 51.20088 0.82741 177 177 177
-3.03209 51.19806 0.70383 176 176 176
-3.05319 51.19573 0.58007 166 166 166
-3.07529 51.20264 0.45631 172 172 172
-3.07852 51.20062 0.33048 168 168 168
-3.09044 51.20643 0.20551 167 167 167
-3.09711 51.19801 0.08000 172 172 172
-3.09153 51.19744 -0.04560 164 164 164
-3.08679 51.20322 -0.17121 168 168 168
-3.07278 51.19825 -0.29613 169 169 169
-3.05517 51.19882 -0.42054 163 163 163
-3.03163 51.19889 -0.54393 164 164 164
-3.00309 51.19589 -0.66621 164 164 164
-2.97092 51.19729 -0.78752 156 156 156
-2.93550 51.20538 -0.90794 157 157 157
-2.89780 51.19541 -1.02781 155 155 155
-2.85173 51.19896 -1.14473 158 158 158
-2.79570 51.19865 -1.25724 156 156 156
-2.74287 51.19541 -1.37105 148 148 148
-2.69197 51.19941 -1.48636 158 158 158
-2.62361 51.19480 -1.59206 150 150 150
-2.55160 51.20265 -1.69503 153 153 153
-2.48483 51.19847 -1.80154 158 158 158
-2.41205 51.19457 -1.90418 154 154 154
-2.32846 51.20230 -1.99823 140 140 140
-2.24937 51.19809 -2.09619 142 142 142
-2.15857 51.19836 -2.18336 141 141 141
-2.06829 51.20197 -2.27080 154 154 154
-1.97767 51.19600 -2.35818 150 150 150
-1.87738 51.20033 -2.43426 144 144 144
-1.77545 51.19924 -2.50778 143 143 143
-1.67466 51.20238 -2.58294 143 143 143
-1.56613 51.20089 -2.64644 143 143 143
-1.45953 51.20026 -2.71297 142 142 142
-1.34845 51.20154 -2.77176 143 143 143
-1.23521 51.19738 -2.82621 145 145 145
-1.12069 51.19854 -2.87800 140 140 140
-1.00259 51.19870 -2.92097 130 130 130
-0.88552 51.20128 -2.96700 140 140 140
-0.76409 51.20101 -2.99980 143 143 143
-0.64223 51.19895 -3.03032 138 138 138
-0.52053 51.20289 -3.06213 141 141 141
-0.39534 51.19860 -3.07568 135 135 135
-0.27207 51.19955 -3.10128 141 141 141
-0.14680 51.20131 -3.11254 135 135 135
-0.02119 51.19709 -3.11779 138 138 138
0.10445 51.19763 -3.11863 134 134 134
0.23007 51.19610 -3.11718 143 143 143
0.35570 51.20105 -3.11245 136 136 136
0.48095 51.20300 -3.10109 140 140 140
0.60506 51.19782 -3.08084 143 143 143
0.72888 51.19613 -3.05934 140 140 140
0.85102 51.20083 -3.02985 144 144 144
0.97148 51.19990 -2.99442 145 145 145
1.09397 51.19640 -2.96564 139 139 139
1.21147 51.19380 -2.92093 146 146 146
1.33001 51.19919 -2.87900 134 134 134
1.44477 51.19880 -2.82763 144 144 144
1.55716 51.20317 -2.77137 136 136 136
1.66644 51.19968 -2.70942 143 143 143
1.77628 51.19418 -2.64848 142 142 142
1.88286 51.20073 -2.58190 154 154 154
1.98547 51.20034 -2.50933 142 142 142
2.08300 51.20042 -2.43010 153 153 153
2.18200 51.20193 -2.35283 149 149 149
2.27435 51.19726 -2.26772 142 142 142
2.36755 51.20216 -2.18344 147 147 147
2.44757 51.20257 -2.08629 147 147 147
2.53662 51.19665 -1.99760 144 144 144
2.62291 51.20063 -1.90572 145 145 145
2.69721 51.19885 -1.80407 152 152 152
2.77014 51.19774 -1.70147 151 151 151
2.83392 51.19737 -1.59292 156 156 156
2.89646 51.19729 -1.48389 150 150 150
2.95535 51.19591 -1.37288 158 158 158
3.00697 51.20118 -1.25833 163 163 163
3.05494 51.19871 -1.14237 147 147 147
3.10237 51.20002 -1.02621 162 162 162
3.14553 51.20099 -0.90830 166 166 166
3.18794 51.20099 -0.78981 162 162 162
3.21320 51.19726 -0.66650 159 159 159
3.24247 51.19924 -0.54432 158 158 158
3.26406 51.20321 -0.42054 164 164 164
3.28133 51.19939 -0.29609 166 166 166
3.29121 51.19997 -0.17086 173 173 173
3.30484 51.20015 -0.04577 169 169 169
3.30018 51.59844 0.08063 175 175 175
3.29379 51.59965 0.20628 165 165 165
3.28664 51.59665 0.33177 175 175 175
3.27123 51.59993 0.45649 172 172 172
3.25733 51.60329 0.58140 173 173 173
3.23368 51.59824 0.70484 176 176 176
3.19919 51.60168 0.82575 176 176 176
3.17238 51.60098 0.94838 175 175 175
3.13624 51.59848 1.06861 177 177 177
3.09226 51.59792 1.18617 174 174 174
3.05047 51.60484 1.30459 177 177 177
2.99907 51.60379 1.41916 174 174 174
2.94598 51.60205 1.53299 178 178 178
2.88448 51.59576 1.64249 180 180 180
2.82326 51.60108 1.75216 179 179 179
2.76047 51.60229 1.86125 183 183 183
2.68409 51.60122 1.96129 186 186 186
2.60659 51.59407 2.06015 184 184 184
2.52459 51.59835 2.15520 182 182 182
2.44528 51.59618 2.25267 187 187 187
2.35402 51.59796 2.33908 191 191 191
2.26300 51.60325 2.42534 186 186 186
2.17265 51.60233 2.51257 184 184 184
2.07601 51.60414 2.59281 186 186 186
1.97618 51.60015 2.66907 187 187 187
1.87050 51.59804 2.73703 192 192 192
1.76778 51.59921 2.80947 187 187 187
1.65907 51.59849 2.87253 196 196 196
1.54740 51.59997 2.93009 196 196 196
1.43383 51.59441 2.98367 200 200 200
1.32075 51.60048 3.03865 198 198 198
1.20227 51.59554 3.08073 195 195 195
1.08305 51.59598 3.12011 198 198 198
0.96370 51.60411 3.15924 199 199 199
0.84238 51.59756 3.19195 196 196 196
0.71972 51.59981 3.21937 203 203 203
0.59595 51.60513 3.24118 192 192 192
0.47156 51.60317 3.25935 196 196 196
0.34657 51.60120 3.27319 199 199 199
0.22085 51.60215 3.27683 196 196 196
0.09524 51.60114 3.28373 192 192 192
-0.03032 51.59648 3.27548 200 200 200
-0.15590 51.60138 3.27081 197 197 197
-0.28073 51.60064 3.25632 191 191 191
-0.40557 51.60121 3.24182 190 190 190
-0.52889 51.59515 3.21756 192 192 192
-0.65405 51.59926 3.20089 196 196 196
-0.77356 51.60098 3.16045 198 198 198
-0.89175 51.60190 3.11759 191 191 191
-1.01235 51.60059 3.08222 194 194 194
-1.13053 51.59927 3.03927 198 198 198
-1.24453 51.59746 2.98622 183 183 183
-1.35641 51.60173 2.92909 202 202 202
-1.46733 51.59874 2.87027 190 190 190
-1.57782 51.59951 2.81031 194 194 194
-1.68163 51.60297 2.73943 191 191 191
-1.78407 51.59875 2.66682 187 187 187
-1.88543 51.60091 2.59268 193 193 193
-1.98248 51.60062 2.51293 192 192 192
-2.07827 51.60158 2.43156 189 189 189
-2.16812 51.60052 2.34364 188 188 188
-2.25438 51.60082 2.25228 185 185 185
-2.33603 51.60281 2.15684 189 189 189
-2.41717 51.59794 2.06098 184 184 184
-2.48948 51.59759 1.95829 184 184 184
-2.56463 51.60045 1.85767 180 180 180
-2.63314 51.59741 1.75237 178 178 178
-2.69411 51.59834 1.64255 184 184 184
-2.75168 51.59994 1.53104 182 182 182
-2.81342 51.59994 1.42139 173 173 173
-2.85968 51.60038 1.30446 180 180 180
-2.90383 51.59424 1.18692 176 176 176
-2.94829 51.60132 1.06943 179 179 179
-2.98338 51.59737 0.94880 171 171 171
-3.01937 51.59955 0.82830 176 176 176
-3.03784 51.60438 0.70377 176 176 176
-3.07017 51.59709 0.58193 175 175 175
-3.07823 51.60044 0.45619 169 169 169
-3.09132 51.60075 0.33139 175 175 175
-3.10366 51.59971 0.20630 171 171 171
-3.10590 51.60316 0.08063 169 169 169
-3.10108 51.60047 -0.04498 172 172 172
-3.09293 51.60074 -0.17034 167 167 167
-3.08376 51.60080 -0.29570 165 165 165
-3.06652 51.59979 -0.42024 156 156 156
-3.04399 51.59985 -0.54392 162 162 162
-3.01541 51.60091 -0.66631 161 161 161
-2.97919 51.60011 -0.78661 165 165 165
-2.94896 51.60418 -0.90867 155 155 155
-2.90637 51.59674 -1.02692 161 161 161
-2.86005 51.60332 -1.14371 151 151 151
-2.80912 51.59965 -1.25853 153 153 153
-2.75165 51.59618 -1.37018 159 159 159
-2.69848 51.60087 -1.48419 153 153 153
-2.63264 51.60099 -1.59129 154 154 154
-2.56147 51.59926 -1.69480 153 153 153
-2.49335 51.59883 -1.80038 152 152 152
-2.41677 51.60109 -1.89997 146 146 146
-2.33901 51.60101 -1.99871 145 145 145
-2.25056 51.60155 -2.08811 154 154 154
-2.16631 51.59886 -2.18122 152 152 152
-2.07444 51.60048 -2.26681 145 145 145
-1.98028 51.59959 -2.34979 141 141 141
-1.88425 51.60171 -2.43064 152 152 152
-1.78404 51.59703 -2.50626 146 146 146
-1.68116 51.60365 -2.57822 149 149 149
-1.57834 51.59726 -2.65068 145 145 145
-1.46765 51.60257 -2.71037 141 141 141
-1.36020 51.59954 -2.77607 139 139 139
-1.24304 51.59708 -2.82255 146 146 146
-1.12709 51.60022 -2.87054 134 134 134
-1.01110 51.60007 -2.91844 145 145 145
-0.89266 51.60029 -2.95999 137 137 137
-0.77251 51.60086 -2.99634 136 136 136
-0.65151 51.60145 -3.02994 145 145 145
-0.52831 51.60211 -3.05427 136 136 136
-0.40528 51.59968 -3.07962 144 144 144
-0.28103 51.60256 -3.09852 142 142 142
-0.15537 51.60218 -3.10375 135 135 135
-0.03038 51.59962 -3.11650 140 140 140
0.09524 51.59962 -3.12216 148 148 148
0.22078 51.60044 -3.11459 136 136 136
0.34585 51.60307 -3.10379 132 132 132
0.47173 51.59820 -3.10041 131 131 131
0.59578 51.59654 -3.07975 144 144 144
0.71896 51.60025 -3.05516 138 138 138
0.84242 51.60416 -3.03173 134 134 134
0.96490 51.60178 -3.00312 143 143 143
1.08399 51.59707 -2.96260 138 138 138
1.20331 51.59681 -2.92312 146 146 146
1.31839 51.59783 -2.87252 138 138 138
1.43363 51.59661 -2.82279 142 142 142
1.54657 51.60355 -2.76802 143 143 143
1.65709 51.60147 -2.70852 145 145 145
1.76803 51.60155 -2.64938 141 141 141
1.87316 51.59649 -2.58050 142 142 142
1.97466 51.60046 -2.50646 149 149 149
2.07598 51.60066 -2.43222 145 145 145
2.17313 51.59761 -2.35256 147 147 147
2.26894 51.59943 -2.27117 147 147 147
2.35830 51.59544 -2.18274 155 155 155
2.44469 51.59751 -2.09148 145 145 145
2.52716 51.60262 -1.99673 151 151 151
2.60587 51.60248 -1.89889 145 145 145
2.68003 51.60550 -1.79762 147 147 147
2.75295 51.59582 -1.69548 157 157 157
2.82686 51.60529 -1.59358 154 154 154
2.88934 51.60460 -1.48440 150 150 150
2.94318 51.59794 -1.37072 157 157 157
3.00519 51.59875 -1.26111 154 154 154
3.05292 51.60369 -1.14470 155 155 155
3.10110 51.59823 -1.02849 154 154 154
3.13553 51.59873 -0.90740 159 159 159
3.17630 51.59909 -0.78848 163 163 163
3.20644 51.59318 -0.66644 154 154 154
3.22998 51.60098 -0.54303 167 167 167
3.25049 51.60015 -0.41921 159 159 159
3.27039 51.60144 -0.29525 165 165 165
3.28401 51.59814 -0.17038 168 168 168
3.29302 51.59820 -0.04504 173 173 173
3.28898 51.99645 0.08125 166 166 166
3.28076 52.00345 0.20676 177 177 177
3.27463 52.00027 0.33218 165 165 165
3.26848 51.99811 0.45789 173 173 173
3.24541 52.00179 0.58161 174 174 174
3.22290 52.00267 0.70517 174 174 174
3.19614 51.99856 0.82787 174 174 174
3.16100 51.99896 0.94842 178 178 178
3.12933 52.00624 1.07001 174 174 174
3.08617 52.00080 1.18798 176 176 176
3.04143 51.99619 1.30532 180 180 180
2.99293 51.99874 1.42124 182 182 182
2.93906 52.00499 1.53482 178 178 178
2.87369 52.00207 1.64228 182 182 182
2.81381 51.99886 1.75269 185 185 185
2.74865 52.00234 1.86019 186 186 186
2.66933 52.00091 1.95795 178 178 178
2.59612 52.00004 2.05986 185 185 185
2.51690 51.99576 2.15720 179 179 179
2.43744 52.00255 2.25464 185 185 185
2.34856 52.00230 2.34354 186 186 186
2.25652 51.99847 2.42901 192 192 192
2.16107 51.99846 2.51052 185 185 185
2.07088 51.99433 2.59872 193 193 193
1.96786 52.00056 2.67104 193 193 193
1.86295 51.99824 2.74026 199 199 199
1.75572 51.99928 2.80558 194 194 194
1.64873 51.99869 2.87128 197 197 197
1.53831 51.99826 2.93113 189 189 189
1.42565 51.99966 2.98670 193 193 193
1.31194 52.00251 3.04045 193 193 193
1.19418 51.99941 3.08460 192 192 192
1.07584 51.99663 3.12714 198 198 198
0.95351 51.99599 3.15667 190 190 190
0.83329 51.99888 3.19338 200 200 200
0.71110 51.99654 3.22329 191 191 191
0.58607 51.99392 3.23802 197 197 197
0.46271 51.99945 3.26355 190 190 190
0.33736 52.00624 3.27457 184 184 184
0.21162 51.99784 3.27836 199 199 199
0.08598 52.00104 3.28040 201 201 201
-0.03957 51.99982 3.27595 195 195 195
-0.16532 51.99966 3.27359 202 202 202
-0.29019 52.00405 3.25871 197 197 197
-0.41533 51.99680 3.24567 197 197 197
-0.53745 52.00450 3.21475 194 194 194
-0.65938 52.00080 3.18523 196 196 196
-0.78251 52.00077 3.16007 196 196 196
-0.90349 52.00343 3.12593 190 190 190
-1.02000 51.99835 3.07857 193 193 193
-1.13881 52.00256 3.03760 188 188 188
-1.25375 51.99865 2.98682 194 194 194
-1.36444 51.99846 2.92736 197 197 197
-1.47758 52.00376 2.87272 190 190 190
-1.58429 52.00159 2.80643 189 189 189
-1.69110 52.00096 2.74042 194 194 194
-1.79646 51.99498 2.67182 189 189 189
-1.89489 51.99661 2.59361 183 183 183
-1.99340 51.99864 2.51555 181 181 181
-2.09092 51.99677 2.43589 197 197 197
-2.17777 51.99711 2.34471 187 187 187
-2.26571 52.00068 2.25485 183 183 183
-2.35152 51.99878 2.16282 189 189 189
-2.42035 52.00360 2.05684 187 187 187
-2.49812 52.00496 1.95849 184 184 184
-2.57937 51.99682 1.86198 188 188 188
-2.64222 52.00308 1.75291 185 185 185
-2.70553 51.99929 1.64441 181 181 181
-2.76972 52.00395 1.53616 177 177 177
-2.81848 52.00268 1.42009 179 179 179
-2.87176 52.00566 1.30627 178 178 178
-2.91359 52.00151 1.18775 174 174 174
-2.95561 52.00153 1.06943 175 175 175
-2.99644 51.99872 0.95051 170 170 170
-3.02261 51.99761 0.82749 164 164 164
-3.05248 52.00267 0.70548 174 174 174
-3.06983 52.00022 0.58104 173 173 173
-3.09103 52.00227 0.45724 172 172 172
-3.10846 52.00155 0.33264 173 173 173
-3.11076 52.00124 0.20684 163 163 163
-3.11027 51.99780 0.08125 163 163 163
-3.10782 51.99832 -0.04426 166 166 166
-3.10421 51.99812 -0.16986 161 161 161
-3.08363 52.00388 -0.29396 166 166 166
-3.07633 51.99732 -0.41969 160 160 160
-3.05193 52.00133 -0.54302 166 166 166
-3.02577 51.99742 -0.66593 163 163 163
-2.99864 51.99993 -0.78884 156 156 156
-2.95813 51.99971 -0.90800 157 157 157
-2.91473 51.99791 -1.02594 162 162 162
-2.86751 52.00261 -1.14231 151 151 151
-2.81839 52.00232 -1.25788 158 158 158
-2.76665 52.00127 -1.37245 154 154 154
-2.70701 51.99839 -1.48312 156 156 156
-2.64244 52.00149 -1.59096 155 155 155
-2.57348 51.99975 -1.69599 149 149 149
-2.49669 51.99962 -1.79542 157 157 157
-2.42782 51.99831 -1.90072 149 149 149
-2.34804 52.00007 -1.99786 142 142 142
-2.26476 52.00436 -2.09201 144 144 144
-2.17234 51.99923 -2.17733 146 146 146
-2.08495 52.00411 -2.26751 145 145 145
-1.99134 51.99989 -2.35124 151 151 151
-1.89023 52.00192 -2.42582 147 147 147
-1.79688 52.00373 -2.51053 150 150 150
-1.68885 51.99764 -2.57521 141 141 141
-1.58767 52.00118 -2.65013 149 149 149
-1.47864 52.00039 -2.71280 152 152 152
-1.36648 51.99674 -2.76958 146 146 146
-1.25151 51.99739 -2.82019 142 142 142
-1.13873 52.00278 -2.87564 151 151 151
-1.02145 52.00122 -2.92073 143 143 143
-0.90177 51.99733 -2.95887 141 141 141
-0.78281 51.99885 -2.99939 134 134 134
-0.66073 52.00548 -3.02912 140 140 140
-0.53834 51.99901 -3.05750 142 142 142
-0.41464 51.99967 -3.07964 145 145 145
-0.29086 51.99551 -3.10273 141 141 141
-0.16527 51.99997 -3.11123 140 140 140
-0.03974 52.00047 -3.11844 144 144 144
0.08598 51.99645 -3.11741 139 139 139
0.21154 51.99951 -3.11441 144 144 144
0.33674 52.00087 -3.10500 140 140 140
0.46196 51.99988 -3.09549 138 138 138
0.58606 52.00060 -3.07621 143 143 143
0.70960 51.99846 -3.05403 141 141 141
0.83318 51.99863 -3.03119 140 140 140
0.95497 52.00123 -3.00011 140 140 140
1.07539 52.00156 -2.96401 137 137 137
1.19483 52.00035 -2.92460 141 141 141
1.31054 51.99683 -2.87528 135 135 135
1.42528 52.00178 -2.82412 144 144 144
1.53776 51.99609 -2.76824 136 136 136
1.65025 52.00128 -2.71218 140 140 140
1.75836 51.99636 -2.64806 136 136 136
1.86483 51.99948 -2.58123 146 146 146
1.96931 52.00344 -2.51118 146 146 146
2.06601 52.00456 -2.43066 136 136 136
2.16639 52.00224 -2.35486 142 142 142
2.25579 52.00096 -2.26630 148 148 148
2.34611 52.00076 -2.17914 151 151 151
2.43640 51.99907 -2.09172 147 147 147
2.51736 52.00180 -1.99561 144 144 144
2.59968 52.00097 -1.90065 150 150 150
2.67528 51.99964 -1.80024 144 144 144
2.74768 51.99881 -1.69749 153 153 153
2.81688 51.99735 -1.59248 149 149 149
2.88063 51.99771 -1.48406 151 151 151
2.93794 52.00219 -1.37211 157 157 157
2.99233 51.99636 -1.25880 154 154 154
3.04701 51.99960 -1.14544 155 155 155
3.08492 51.99967 -1.02529 164 164 164
3.12218 52.00244 -0.90543 156 156 156
3.16283 51.99767 -0.78665 164 164 164
3.19676 51.99669 -0.66570 166 166 166
3.22296 52.00185 -0.54284 160 160 160
3.23851 51.99796 -0.41814 167 167 167
3.25840 51.99866 -0.29429 171 171 171
3.27117 52.00300 -0.16947 166 166 166
3.28454 51.99730 -0.04444 157 157 157
3.27487 52.39906 0.08188 171 171 171
3.26967 52.40747 0.20732 175 175 175
3.27224 52.40237 0.33335 169 169 169
3.25330 52.39940 0.45783 165 165 165
3.24272 52.39929 0.58329 170 170 170
3.21365 52.39788 0.70581 166 166 166
3.18585 52.40172 0.82826 178 178 178
3.15469 52.40189 0.94990 172 172 172
3.11879 52.39797 1.07024 169 169 169
3.08120 52.39499 1.19021 170 170 170
3.03308 52.40169 1.30636 177 177 177
2.98231 52.40028 1.42128 179 179 179
2.92470 52.39880 1.53289 173 173 173
2.87164 52.40072 1.64699 181 181 181
2.80561 52.39495 1.75401 178 178 178
2.73656 52.39776 1.85898 183 183 183
2.66749 52.39902 1.96402 184 184 184
2.59205 52.40154 2.06463 182 182 182
2.51162 52.39549 2.16129 189 189 189
2.42442 52.40194 2.25187 187 187 187
2.34002 52.39697 2.34496 184 184 184
2.24830 52.40436 2.43085 189 189 189
2.15587 52.39772 2.51600 185 185 185
2.05405 52.40143 2.58985 192 192 192
1.96040 52.39958 2.67426 188 188 188
1.85525 52.39864 2.74334 192 192 192
1.74843 52.39816 2.80954 190 190 190
1.64138 52.39863 2.87544 190 190 190
1.52815 52.39978 2.93012 198 198 198
1.41715 52.40155 2.98913 190 190 190
1.30250 52.40162 3.04079 196 196 196
1.18376 52.39896 3.08227 194 194 194
1.06511 52.40239 3.12344 202 202 202
0.94488 52.39880 3.15977 195 195 195
0.82252 52.40169 3.18798 193 193 193
0.70086 52.39624 3.21928 195 195 195
0.57749 52.39701 3.24329 192 192 192
0.45270 52.39686 3.25829 198 198 198
0.32805 52.39877 3.27531 194 194 194
0.20245 52.39513 3.28232 202 202 202
0.07667 52.40005 3.28398 191 191 191
-0.04867 52.40049 3.27135 191 191 191
-0.17442 52.40097 3.27165 203 203 203
-0.30015 52.39955 3.26501 200 200 200
-0.42493 52.40339 3.24825 197 197 197
-0.54817 52.39956 3.22258 187 187 187
-0.67032 52.39878 3.19275 198 198 198
-0.79127 52.40190 3.15881 194 194 194
-0.91106 52.40051 3.12127 194 194 194
-1.03154 52.39978 3.08533 196 196 196
-1.14842 52.40228 3.03903 194 194 194
-1.26151 52.39848 2.98417 198 198 198
-1.37822 52.40245 2.93683 193 193 193
-1.48583 52.39543 2.87151 193 193 193
-1.59667 52.40245 2.81213 192 192 192
-1.69720 52.40162 2.73630 192 192 192
-1.80564 52.40201 2.67231 192 192 192
-1.90905 52.39835 2.60044 185 185 185
-1.99960 52.40155 2.51258 188 188 188
-2.09609 52.40227 2.43207 190 190 190
-2.18436 52.39735 2.34264 186 186 186
-2.27211 52.40028 2.25282 191 191 191
-2.35562 52.40116 2.15902 187 187 187
-2.43415 52.40297 2.06105 185 185 185
-2.51338 52.40254 1.96347 183 183 183
-2.58884 52.40338 1.86274 177 177 177
-2.65591 52.40202 1.75625 177 177 177
-2.71467 52.40289 1.64496 181 181 181
-2.77805 52.40010 1.53630 177 177 177
-2.82898 52.40179 1.42128 177 177 177
-2.87982 52.40137 1.30639 182 182 182
-2.92652 52.40193 1.18972 176 176 176
-2.96871 52.40175 1.07130 180 180 180
-2.99874 52.40343 0.94916 180 180 180
-3.03217 52.39779 0.82819 174 174 174
-3.06610 52.39686 0.70696 175 175 175
-3.08545 52.39869 0.58267 173 173 173
-3.09769 52.39851 0.45756 172 172 172
-3.11599 52.40201 0.33312 162 162 162
-3.11844 52.39973 0.20740 166 166 166
-3.11929 52.40140 0.08188 162 162 162
-3.11943 52.39791 -0.04372 165 165 165
-3.11077 52.40228 -0.16902 161 161 161
-3.09892 52.39901 -0.29404 174 174 174
-3.08799 52.40135 -0.41943 167 167 167
-3.06420 52.39868 -0.54297 169 169 169
-3.03676 52.39940 -0.66570 163 163 163
-2.99821 52.39779 -0.78545 163 163 163
-2.96751 52.40297 -0.90738 158 158 158
-2.92558 52.40296 -1.02586 153 153 153
-2.87686 52.39980 -1.14168 157 157 157
-2.83229 52.40163 -1.25935 159 159 159
-2.77067 52.40233 -1.36911 161 161 161
-2.71136 52.39198 -1.47970 153 153 153
-2.65577 52.39968 -1.59277 151 151 151
-2.58271 52.39571 -1.69529 153 153 153
-2.50858 52.39610 -1.79664 153 153 153
-2.43457 52.39901 -1.89806 150 150 150
-2.35485 52.39690 -1.99507 146 146 146
-2.27328 52.40243 -2.09063 146 146 146
-2.18793 52.40104 -2.18296 140 140 140
-2.09452 52.39635 -2.26714 144 144 144
-2.00308 52.40057 -2.35343 151 151 151
-1.90642 52.39865 -2.43389 149 149 149
-1.80645 52.39776 -2.51025 143 143 143
-1.70290 52.40422 -2.58166 143 143 143
-1.59367 52.40023 -2.64408 145 145 145
-1.48640 52.39879 -2.70939 140 140 140
-1.37977 52.40029 -2.77674 143 143 143
-1.26237 52.40021 -2.82291 138 138 138
-1.14871 52.39974 -2.87663 140 140 140
-1.03051 52.40325 -2.91943 136 136 136
-0.91211 52.40265 -2.96141 145 145 145
-0.79179 52.40060 -2.99758 142 142 142
-0.67087 52.40049 -3.03196 136 136 136
-0.54721 52.40214 -3.05471 140 140 140
-0.42408 52.39800 -3.07981 142 142 142
-0.29927 52.40155 -3.09448 138 138 138
-0.17441 52.39678 -3.10850 140 140 140
-0.04892 52.39960 -3.11483 143 143 143
0.07667 52.40235 -3.11394 141 141 141
0.20224 52.40081 -3.11400 147 147 147
0.32785 52.40115 -3.10968 138 138 138
0.45314 52.40288 -3.09896 144 144 144
0.57678 52.40229 -3.07571 141 141 141
0.70028 52.39582 -3.05328 142 142 142
0.82316 52.40299 -3.02759 137 137 137
0.94528 52.40128 -2.99809 137 137 137
1.06429 52.39827 -2.95783 143 143 143
1.18335 52.39985 -2.91804 141 141 141
1.30229 52.39959 -2.87719 137 137 137
1.41799 52.39520 -2.82785 140 140 140
1.52989 52.40087 -2.77040 148 148 148
1.64164 52.40132 -2.71277 150 150 150
1.74458 52.39799 -2.64011 142 142 142
1.85518 52.39764 -2.58007 141 141 141
1.95868 52.40203 -2.50870 146 146 146
2.06038 52.40278 -2.43467 150 150 150
2.15347 52.40071 -2.34997 145 145 145
2.24546 52.39896 -2.26454 149 149 149
2.34035 52.39788 -2.18203 145 145 145
2.42660 52.39782 -2.09061 153 153 153
2.51101 52.40153 -1.99748 156 156 156
2.58875 52.40080 -1.89871 148 148 148
2.66458 52.40601 -1.79857 156 156 156
2.74285 52.39902 -1.69982 149 149 149
2.80166 52.40231 -1.58820 154 154 154
2.86240 52.39780 -1.47841 153 153 153
2.93449 52.39758 -1.37444 159 159 159
2.98532 52.40087 -1.25921 154 154 154
3.03593 52.40203 -1.14405 158 158 158
3.08160 52.39595 -1.02685 157 157 157
3.12123 52.39881 -0.90750 154 154 154
3.15697 52.40037 -0.78698 165 165 165
3.18515 52.40002 -0.66451 159 159 159
3.21364 52.40442 -0.54220 159 159 159
3.23777 52.39820 -0.41886 167 167 167
3.25349 52.40205 -0.29418 166 166 166
3.26587 52.39863 -0.16916 173 173 173
3.27363 52.40041 -0.04375 166 166 166
3.26943 52.80112 0.08250 171 171 171
3.27145 52.79936 0.20838 172 172 172
3.25600 52.80085 0.33344 167 167 167
3.23891 52.80130 0.45786 174 174 174
3.22546 52.80242 0.58267 173 173 173
3.19948 52.79974 0.70548 167 167 167
3.17052 52.80116 0.82746 182 182 182
3.14027 52.79650 0.94910 170 170 170
3.10537 52.79736 1.06955 178 178 178
3.07099 52.80147 1.19053 179 179 179
3.01979 52.80030 1.30536 180 180 180
2.97626 52.79887 1.42343 184 184 184
2.91935 52.80210 1.53557 173 173 173
2.85589 52.80165 1.64404 185 185 185
2.78949 52.79933 1.75051 183 183 183
2.72344 52.80086 1.85710 179 179 179
2.65754 52.79561 1.96423 180 180 180
2.57964 52.79507 2.06286 186 186 186
2.49764 52.79527 2.15799 185 185 185
2.41775 52.79905 2.25499 183 183 183
2.33062 52.79813 2.34556 188 188 188
2.23844 52.79932 2.43094 189 189 189
2.14911 52.80228 2.51969 185 185 185
2.05185 52.80528 2.59957 198 198 198
1.94611 52.80045 2.66812 190 190 190
1.84153 52.80310 2.73745 192 192 192
1.74088 52.79660 2.81315 187 187 187
1.63290 52.79876 2.87767 193 193 193
1.52220 52.79576 2.93746 194 194 194
1.40668 52.79829 2.98736 195 195 195
1.29392 52.79960 3.04332 191 191 191
1.17288 52.80451 3.07877 195 195 195
1.05583 52.79827 3.12434 200 200 200
0.93707 52.79891 3.16588 193 193 193
0.81539 52.79767 3.19789 198 198 198
0.69156 52.80228 3.22021 195 195 195
0.56761 52.80195 3.24061 194 194 194
0.44249 52.80101 3.25167 196 196 196
0.31844 52.80132 3.27260 193 193 193
0.19297 52.79911 3.27963 196 196 196
0.06733 52.80165 3.28267 193 193 193
-0.05826 52.80063 3.27841 188 188 188
-0.18398 52.79716 3.27509 197 197 197
-0.30926 52.80190 3.26371 193 193 193
-0.43310 52.80239 3.24154 200 200 200
-0.55658 52.80243 3.21858 198 198 198
-0.67973 52.80148 3.19372 200 200 200
-0.80418 52.80075 3.17214 192 192 192
-0.92337 52.80026 3.13111 199 199 199
-1.04047 52.80172 3.08489 193 193 193
-1.15839 52.79953 3.04123 192 192 192
-1.27001 52.79928 2.98302 196 196 196
-1.38585 52.79934 2.93415 192 192 192
-1.49600 52.80307 2.87367 193 193 193
-1.60704 52.80214 2.81448 196 196 196
-1.70842 52.79701 2.73978 191 191 191
-1.81088 52.80098 2.66734 189 189 189
-1.91296 52.79803 2.59420 188 188 188
-2.01326 52.79975 2.51830 191 191 191
-2.10566 52.79707 2.43298 189 189 189
-2.19516 52.80243 2.34476 185 185 185
-2.28538 52.79876 2.25711 183 183 183
-2.36835 52.79709 2.16257 186 186 186
-2.44788 52.80422 2.06515 179 179 179
-2.51660 52.79795 1.95967 181 181 181
-2.59266 52.80297 1.85970 190 190 190
-2.66452 52.79616 1.75644 186 186 186
-2.72625 52.80213 1.64685 181 181 181
-2.77890 52.79874 1.53261 177 177 177
-2.83938 52.79898 1.42241 176 176 176
-2.88556 52.79791 1.30554 185 185 185
-2.93773 52.80468 1.19105 180 180 180
-2.97372 52.79668 1.07053 178 178 178
-3.01214 52.79698 0.95094 174 174 174
-3.04405 52.79727 0.82943 171 171 171
-3.07620 52.79971 0.70775 170 170 170
-3.09571 52.79691 0.58344 172 172 172
-3.10706 52.79764 0.45819 176 176 176
-3.12514 52.80026 0.33374 168 168 168
-3.13154 52.80410 0.20818 173 173 173
-3.13653 52.80098 0.08250 165 165 165
-3.12422 52.80084 -0.04291 167 167 167
-3.11874 52.79935 -0.16828 166 166 166
-3.11119 52.79771 -0.29375 163 163 163
-3.09130 52.79950 -0.41784 159 159 159
-3.07379 52.79583 -0.54239 165 165 165
-3.04572 52.79790 -0.66497 162 162 162
-3.00769 52.79905 -0.78485 155 155 155
-2.97902 52.79918 -0.90744 158 158 158
-2.94143 52.80058 -1.02762 163 163 163
-2.88960 52.80116 -1.14245 155 155 155
-2.83962 52.80423 -1.25778 147 147 147
-2.78557 52.80495 -1.37129 151 151 151
-2.72333 52.80026 -1.48052 155 155 155
-2.66093 52.80238 -1.58956 153 153 153
-2.59099 52.80047 -1.69392 146 146 146
-2.52306 52.80625 -1.79972 152 152 152
-2.44778 52.80407 -1.90045 155 155 155
-2.36573 52.79878 -1.99573 152 152 152
-2.27737 52.79915 -2.08513 150 150 150
-2.19637 52.80036 -2.18140 150 150 150
-2.10686 52.79964 -2.26973 139 139 139
-2.01247 52.79749 -2.35283 147 147 147
-1.91609 52.80164 -2.43366 146 146 146
-1.80917 52.79936 -2.50048 140 140 140
-1.71126 52.80407 -2.57953 141 141 141
-1.60162 52.79952 -2.64117 148 148 148
-1.49877 52.80257 -2.71414 150 150 150
-1.38433 52.79877 -2.76671 135 135 135
-1.27213 52.80241 -2.82318 137 137 137
-1.15643 52.80333 -2.87207 140 140 140
-1.03841 52.79811 -2.91487 139 139 139
-0.92199 52.80244 -2.96242 139 139 139
-0.80317 52.80114 -3.00419 143 143 143
-0.68103 52.80078 -3.03475 145 145 145
-0.55623 52.80289 -3.05243 139 139 139
-0.43347 52.80187 -3.07951 142 142 142
-0.30857 52.79697 -3.09348 139 139 139
-0.18398 52.80168 -3.11074 141 141 141
-0.05853 52.79907 -3.12086 142 142 142
0.06733 52.80070 -3.12295 142 142 142
0.19312 52.80069 -3.11916 137 137 137
0.31879 52.80227 -3.11268 138 138 138
0.44422 52.79744 -3.10187 138 138 138
0.56800 52.80166 -3.07868 141 141 141
0.69125 52.80042 -3.05422 138 138 138
0.81486 52.79735 -3.03126 137 137 137
0.93656 52.79957 -2.99967 139 139 139
1.05433 52.80511 -2.95528 139 139 139
1.17615 52.80476 -2.92322 141 141 141
1.29189 52.80351 -2.87398 138 138 138
1.40536 52.80158 -2.82007 139 139 139
1.52342 52.80690 -2.77540 144 144 144
1.63276 52.79961 -2.71295 140 140 140
1.74315 52.79631 -2.65238 139 139 139
1.84751 52.80125 -2.58191 141 141 141
1.94750 52.80429 -2.50552 145 145 145
2.04966 52.79794 -2.43228 139 139 139
2.14141 52.79592 -2.34614 147 147 147
2.23963 52.79627 -2.26768 150 150 150
2.32774 52.79927 -2.17812 150 150 150
2.41532 52.80117 -2.08816 150 150 150
2.49813 52.80163 -1.99380 149 149 149
2.58371 52.79944 -1.90145 148 148 148
2.65535 52.80060 -1.79800 150 150 150
2.72717 52.80461 -1.69493 155 155 155
2.79131 52.79968 -1.58694 154 154 154
2.85389 52.79829 -1.47822 151 151 151
2.91853 52.79873 -1.37042 147 147 147
2.96896 52.80128 -1.25532 154 154 154
3.02225 52.79722 -1.14161 158 158 158
3.06784 52.80249 -1.02458 155 155 155
3.10623 52.80094 -0.90502 165 165 165
3.15471 52.80480 -0.78834 158 158 158
3.17328 52.79939 -0.66327 165 165 165
3.20591 52.79535 -0.54188 161 161 161
3.22310 52.80274 -0.41739 159 159 159
3.24582 52.79860 -0.29375 168 168 168
3.25831 52.80093 -0.16867 162 162 162
3.26334 52.79970 -0.04309 167 167 167
3.25519 53.20072 0.08313 168 168 168
3.25353 53.20215 0.20867 169 169 169
3.24818 53.19795 0.33419 169 169 169
3.23341 53.19866 0.45894 172 172 172
3.21604 53.20079 0.58329 171 171 171
3.19830 53.20057 0.70774 183 183 183
3.16802 53.19760 0.82974 172 172 172
3.13981 53.20520 0.95225 172 172 172
3.09704 53.19931 1.07052 179 179 179
3.06397 53.19946 1.19203 177 177 177
3.02067 53.20080 1.31024 177 177 177
2.95772 53.20182 1.41985 179 179 179
2.91049 53.19473 1.53646 185 185 185
2.85607 53.19717 1.65003 181 181 181
2.79390 53.20344 1.75960 185 185 185
2.72020 53.20381 1.86185 182 182 182
2.64962 53.20085 1.96594 176 176 176
2.56978 53.20421 2.06313 182 182 182
2.49627 53.19747 2.16547 189 189 189
2.40475 53.19808 2.25230 185 185 185
2.32095 53.19681 2.34592 184 184 184
2.23291 53.20050 2.43576 188 188 188
2.13568 53.20124 2.51559 181 181 181
2.03665 53.19863 2.59284 184 184 184
1.93505 53.19800 2.66646 186 186 186
1.83710 53.19963 2.74552 189 189 189
1.73130 53.20135 2.81347 195 195 195
1.61905 53.20314 2.87036 197 197 197
1.51193 53.19967 2.93637 196 196 196
1.39653 53.20234 2.98637 199 199 199
1.28446 53.19508 3.04380 192 192 192
1.16380 53.20194 3.08026 190 190 190
1.04554 53.19710 3.12219 192 192 192
0.92649 53.19785 3.16231 197 197 197
0.80521 53.19743 3.19524 193 193 193
0.68194 53.19819 3.21967 199 199 199
0.55983 53.19674 3.25135 196 196 196
0.43362 53.19759 3.25661 196 196 196
0.30908 53.19947 3.27348 197 197 197
0.18358 53.19946 3.28007 193 193 193
0.05795 53.19823 3.28619 191 191 191
-0.06787 53.20079 3.28504 195 195 195
-0.19358 53.20400 3.27867 193 193 193
-0.31788 53.20143 3.25801 199 199 199
-0.44262 53.19898 3.24315 195 195 195
-0.56650 53.20021 3.22201 192 192 192
-0.68938 53.19950 3.19554 196 196 196
-0.81103 53.20153 3.16387 192 192 192
-0.93206 53.20424 3.12966 182 182 182
-1.04982 53.20251 3.08550 193 193 193
-1.16550 53.19917 3.03642 186 186 186
-1.28147 53.19650 2.98821 192 192 192
-1.39424 53.20154 2.93287 198 198 198
-1.50676 53.19925 2.87681 186 186 186
-1.61439 53.20403 2.81185 189 189 189
-1.72172 53.20193 2.74631 191 191 191
-1.81967 53.20124 2.66719 193 193 193
-1.92795 53.20379 2.60198 194 194 194
-2.02361 53.20281 2.52009 195 195 195
-2.11717 53.19783 2.43594 185 185 185
-2.20248 53.20062 2.34336 187 187 187
-2.28950 53.20039 2.25290 184 184 184
-2.37249 53.19626 2.15875 188 188 188
-2.45683 53.20153 2.06546 183 183 183
-2.53157 53.20316 1.96438 177 177 177
-2.60350 53.20383 1.86132 184 184 184
-2.67029 53.20151 1.75487 191 191 191
-2.73770 53.20315 1.64866 181 181 181
-2.79594 53.19810 1.53716 183 183 183
-2.84242 53.19699 1.42013 178 178 178
-2.90084 53.20272 1.30862 179 179 179
-2.94761 53.20114 1.19187 177 177 177
-2.98204 53.20069 1.07082 182 182 182
-3.02128 53.19934 0.95151 181 181 181
-3.04719 53.19961 0.82856 176 176 176
-3.08277 53.20364 0.70782 175 175 175
-3.09874 53.19562 0.58307 170 170 170
-3.12163 53.20037 0.45943 172 172 172
-3.12633 53.19879 0.33372 167 167 167
-3.14008 53.20092 0.20877 167 167 167
-3.14679 53.19996 0.08313 162 162 162
-3.13864 53.19846 -0.04248 159 159 159
-3.13609 53.20113 -0.16828 165 165 165
-3.11912 53.20137 -0.29295 165 165 165
-3.10134 53.19710 -0.41731 159 159 159
-3.07827 53.20120 -0.54078 163 163 163
-3.05056 53.20321 -0.66324 163 163 163
-3.02287 53.20172 -0.78585 158 158 158
-2.98382 53.19938 -0.90531 155 155 155
-2.94308 53.20076 -1.02413 159 159 159
-2.89878 53.20309 -1.14172 157 157 157
-2.84983 53.19798 -1.25752 154 154 154
-2.79082 53.19872 -1.36854 148 148 148
-2.73687 53.19784 -1.48220 154 154 154
-2.67091 53.19681 -1.58928 162 162 162
-2.60293 53.19736 -1.69498 163 163 163
-2.53851 53.19981 -1.80349 153 153 153
-2.45570 53.19968 -1.89865 149 149 149
-2.37393 53.19930 -1.99408 139 139 139
-2.28919 53.19561 -2.08673 153 153 153
-2.19796 53.20055 -2.17297 148 148 148
-2.11171 53.20214 -2.26418 147 147 147
-2.01806 53.20155 -2.34775 144 144 144
-1.92468 53.20038 -2.43200 144 144 144
-1.82404 53.20170 -2.50739 145 145 145
-1.72066 53.19988 -2.57892 138 138 138
-1.61216 53.20197 -2.64241 154 154 154
-1.50449 53.19820 -2.70697 139 139 139
-1.39504 53.19875 -2.76868 142 142 142
-1.28233 53.20142 -2.82430 143 143 143
-1.16734 53.19908 -2.87513 141 141 141
-1.05083 53.19587 -2.92249 141 141 141
-0.93176 53.20171 -2.96301 135 135 135
-0.81018 53.19890 -2.99512 138 138 138
-0.69093 53.19784 -3.03629 138 138 138
-0.56579 53.20247 -3.05270 129 129 129
-0.44231 53.19587 -3.07550 135 135 135
-0.31760 53.20164 -3.08995 136 136 136
-0.19329 53.20269 -3.10920 140 140 140
-0.06748 53.19826 -3.10928 131 131 131
0.05795 53.19936 -3.12013 141 141 141
0.18341 53.20371 -3.10992 138 138 138
0.30923 53.20096 -3.10970 142 142 142
0.43436 53.19741 -3.09720 141 141 141
0.55895 53.19717 -3.08012 143 143 143
0.68165 53.19643 -3.05249 143 143 143
0.80390 53.19600 -3.02406 142 142 142
0.92796 53.20132 -3.00176 140 140 140
1.04738 53.20080 -2.96211 142 142 142
1.16633 53.20016 -2.92138 149 149 149
1.28452 53.20071 -2.87818 138 138 138
1.39809 53.20378 -2.82400 140 140 140
1.50876 53.19847 -2.76439 135 135 135
1.61883 53.20129 -2.70416 140 140 140
1.73271 53.20262 -2.64999 144 144 144
1.83538 53.20084 -2.57715 148 148 148
1.93736 53.20164 -2.50382 143 143 143
2.04267 53.20136 -2.43465 148 148 148
2.13664 53.19867 -2.35088 144 144 144
2.22726 53.20114 -2.26380 138 138 138
2.32129 53.20128 -2.18039 151 151 151
2.40268 53.20094 -2.08449 149 149 149
2.48720 53.20393 -1.99183 153 153 153
2.56876 53.19989 -1.89641 151 151 151
2.64388 53.20092 -1.79583 149 149 149
2.72161 53.19984 -1.69684 145 145 145
2.78565 53.20030 -1.58857 147 147 147
2.85433 53.19757 -1.48307 156 156 156
2.90981 53.20118 -1.37011 154 154 154
2.96366 53.19614 -1.25656 154 154 154
3.01422 53.20026 -1.14153 162 162 162
3.06010 53.19836 -1.02454 159 159 159
3.10140 53.19705 -0.90586 162 162 162
3.13061 53.19888 -0.78355 157 157 157
3.16347 53.19711 -0.66252 166 166 166
3.19282 53.19831 -0.54051 165 165 165
3.22048 53.19252 -0.41782 164 164 164
3.23076 53.20185 -0.29244 161 161 161
3.24666 53.19863 -0.16786 160 160 160
3.25537 53.19820 -0.04252 165 165 165
3.24923 53.59740 0.08375 168 168 168
3.24225 53.60020 0.20922 160 160 160
3.24032 53.60213 0.33494 169 169 169
3.22954 53.60146 0.46023 166 166 166
3.21402 53.60413 0.58509 171 171 171
3.18147 53.59959 0.70690 165 165 165
3.16174 53.59761 0.83112 172 172 172
3.12910 53.60217 0.95251 171 171 171
3.09119 53.59789 1.07231 172 172 172
3.05226 53.59797 1.19182 168 168 168
3.00355 53.59828 1.30768 181 181 181
2.95707 53.59918 1.42452 172 172 172
2.90442 53.60242 1.53880 169 169 169
2.84297 53.60204 1.64861 174 174 174
2.77537 53.59663 1.75464 183 183 183
2.70766 53.60508 1.86040 188 188 188
2.63389 53.59884 1.96198 188 188 188
2.56107 53.59959 2.06433 184 184 184
2.48719 53.59690 2.16640 182 182 182
2.39360 53.59831 2.25133 186 186 186
2.30669 53.60095 2.34172 198 198 198
2.22123 53.59865 2.43396 182 182 182
2.12638 53.60022 2.51638 185 185 185
2.02878 53.60483 2.59544 193 193 193
1.92964 53.60323 2.67262 186 186 186
1.82464 53.60372 2.74161 186 186 186
1.72190 53.60198 2.81415 190 190 190
1.61273 53.60148 2.87653 191 191 191
1.50014 53.59716 2.93237 186 186 186
1.38816 53.60350 2.98930 194 194 194
1.27483 53.59876 3.04394 191 191 191
1.15684 53.60310 3.08756 194 194 194
1.03666 53.60124 3.12449 189 189 189
0.91802 53.59827 3.16630 192 192 192
0.79490 53.60419 3.19216 191 191 191
0.67416 53.59965 3.22851 195 195 195
0.54856 53.60071 3.24032 189 189 189
0.42440 53.59514 3.25887 200 200 200
0.29944 53.59917 3.27123 194 194 194
0.17411 53.60078 3.27908 195 195 195
0.04855 53.59860 3.27950 198 198 198
-0.07708 53.59897 3.28074 199 199 199
-0.20274 53.60245 3.27615 200 200 200
-0.32677 53.59826 3.25439 198 198 198
-0.45275 53.59875 3.24840 202 202 202
-0.57679 53.60106 3.22715 194 194 194
-0.69856 53.60348 3.19527 198 198 198
-0.81886 53.59886 3.15896 199 199 199
-0.93943 53.59935 3.12409 197 197 197
-1.05847 53.60393 3.08412 190 190 190
-1.17787 53.59873 3.04425 187 187 187
-1.29206 53.60294 2.99143 196 196 196
-1.40341 53.60374 2.93308 196 196 196
-1.51375 53.59821 2.87315 192 192 192
-1.62230 53.60117 2.81006 191 191 191
-1.72634 53.59852 2.73981 190 190 190
-1.83108 53.60122 2.67061 198 198 198
-1.93279 53.59893 2.59685 193 193 193
-2.03034 53.60354 2.51762 188 188 188
-2.12220 53.59766 2.43186 189 189 189
-2.20844 53.59987 2.34056 185 185 185
-2.29930 53.60045 2.25392 184 184 184
-2.38893 53.59722 2.16540 182 182 182
-2.46710 53.59809 2.06679 182 182 182
-2.53747 53.60387 1.96247 184 184 184
-2.61213 53.59984 1.86144 194 194 194
-2.67395 53.60228 1.75199 185 185 185
-2.73919 53.59927 1.64486 181 181 181
-2.79731 53.60054 1.53370 172 172 172
-2.86188 53.59894 1.42540 181 181 181
-2.90452 53.60065 1.30688 180 180 180
-2.95685 53.60106 1.19244 176 176 176
-2.99437 53.59949 1.07240 175 175 175
-3.02665 53.59999 0.95100 178 178 178
-3.06340 53.60153 0.83082 174 174 174
-3.08957 53.59698 0.70793 174 174 174
-3.11175 53.59897 0.58427 178 178 178
-3.12822 53.59827 0.45973 165 165 165
-3.14448 53.60236 0.33503 173 173 173
-3.15381 53.60153 0.20956 177 177 177
-3.15053 53.60023 0.08375 169 169 169
-3.14466 53.59764 -0.04172 170 170 170
-3.13865 53.60008 -0.16711 167 167 167
-3.13313 53.60044 -0.29286 167 167 167
-3.11288 53.60079 -0.41702 160 160 160
-3.09375 53.59397 -0.54135 170 170 170
-3.06539 53.60246 -0.66391 162 162 162
-3.03465 53.59944 -0.78588 163 163 163
-2.99162 53.59942 -0.90415 166 166 166
-2.95594 53.60226 -1.02477 153 153 153
-2.90583 53.59821 -1.14010 156 156 156
-2.85457 53.60300 -1.25472 147 147 147
-2.80254 53.59749 -1.36908 152 152 152
-2.74586 53.59882 -1.48133 152 152 152
-2.67656 53.59770 -1.58633 149 149 149
-2.61564 53.59594 -1.69655 150 150 150
-2.54544 53.59818 -1.80104 151 151 151
-2.46598 53.59832 -1.89869 154 154 154
-2.38930 53.59557 -1.99852 153 153 153
-2.29743 53.59579 -2.08501 149 149 149
-2.21453 53.60195 -2.17948 149 149 149
-2.12564 53.60022 -2.26843 143 143 143
-2.03293 53.60242 -2.35350 147 147 147
-1.93294 53.59881 -2.42991 143 143 143
-1.83344 53.60288 -2.50674 144 144 144
-1.73177 53.59883 -2.58083 131 131 131
-1.62541 53.59848 -2.64804 151 151 151
-1.51761 53.59701 -2.71295 141 141 141
-1.40378 53.60043 -2.76673 144 144 144
-1.28840 53.59957 -2.81643 145 145 145
-1.17690 53.60010 -2.87486 142 142 142
-1.06092 53.60284 -2.92369 150 150 150
-0.93938 53.60111 -2.95687 141 141 141
-0.81882 53.59768 -2.99178 146 146 146
-0.69798 53.60255 -3.02584 135 135 135
-0.57640 53.59814 -3.05814 146 146 146
-0.45223 53.59938 -3.07805 140 140 140
-0.32673 53.60233 -3.08701 145 145 145
-0.20263 53.60271 -3.10782 135 135 135
-0.07709 53.59844 -3.11392 137 137 137
0.04855 53.59094 -3.11717 138 138 138
0.17402 53.59964 -3.10979 145 145 145
0.29954 53.60093 -3.10538 144 144 144
0.42464 53.59882 -3.09385 142 142 142
0.54897 53.59989 -3.07587 138 138 138
0.67195 53.60387 -3.05039 136 136 136
0.79563 53.60050 -3.02815 141 141 141
0.91505 53.59987 -2.98872 139 139 139
1.03840 53.60011 -2.96280 133 133 133
1.15881 53.60128 -2.92585 140 140 140
1.27105 53.60139 -2.86776 145 145 145
1.38555 53.60133 -2.81655 143 143 143
1.50015 53.59781 -2.76532 144 144 144
1.61466 53.59770 -2.71288 134 134 134
1.72261 53.59923 -2.64821 139 139 139
1.82693 53.60530 -2.57794 142 142 142
1.92726 53.60225 -2.50223 144 144 144
2.03279 53.60186 -2.43340 147 147 147
2.12896 53.60067 -2.35226 140 140 140
2.22383 53.59670 -2.26962 153 153 153
2.31286 53.59824 -2.18072 143 143 143
2.39909 53.59819 -2.08922 149 149 149
2.48309 53.59721 -1.99570 158 158 158
2.56192 53.60072 -1.89779 160 160 160
2.63756 53.60316 -1.79743 146 146 146
2.70306 53.60022 -1.69008 146 146 146
2.77973 53.59955 -1.59006 156 156 156
2.84120 53.59962 -1.48035 147 147 147
2.89053 53.59951 -1.36444 146 146 146
2.95714 53.60197 -1.25725 152 152 152
3.00677 53.59781 -1.14170 157 157 157
3.05469 53.60061 -1.02538 150 150 150
3.09346 53.60256 -0.90569 158 158 158
3.13037 53.59658 -0.78550 164 164 164
3.15925 53.59987 -0.66314 167 167 167
3.19073 53.60328 -0.54133 158 158 158
3.20504 53.59975 -0.41624 164 164 164
3.22749 53.60281 -0.29254 172 172 172
3.23356 53.59748 -0.16694 166 166 166
3.24635 53.60193 -0.04190 170 170 170
3.23799 53.99930 0.08438 175 175 175
3.23966 54.00569 0.21012 161 161 161
3.22551 53.99797 0.33514 171 171 171
3.21958 53.99857 0.46079 170 170 170
3.20319 53.99807 0.58549 170 170 170
3.17445 53.99866 0.70800 162 162 162
3.15109 53.99692 0.83146 166 166 166
3.12029 53.99610 0.95332 178 178 178
3.08647 53.99663 1.07448 176 176 176
3.04703 53.99985 1.19400 181 181 181
2.99064 53.99876 1.30688 182 182 182
2.94089 54.00100 1.42204 180 180 180
2.88709 54.00001 1.53542 182 182 182
2.83217 54.00496 1.64847 186 186 186
2.76561 54.00421 1.75508 180 180 180
2.69877 53.99663 1.86140 183 183 183
2.62991 54.00405 1.96659 177 177 177
2.55497 54.00476 2.06759 178 178 178
2.47117 53.99975 2.16142 188 188 188
2.38858 53.99782 2.25606 175 175 175
2.30171 54.00190 2.34681 188 188 188
2.20918 53.99627 2.43178 189 189 189
2.11887 53.99783 2.51928 188 188 188
2.01820 53.99838 2.59464 185 185 185
1.91974 53.99885 2.67263 191 191 191
1.81628 54.00041 2.74387 190 190 190
1.71003 54.00228 2.81082 199 199 199
1.60292 54.00221 2.87650 190 190 190
1.49350 54.00449 2.93851 192 192 192
1.37794 53.99830 2.98824 192 192 192
1.26374 54.00141 3.04060 194 194 194
1.14459 54.00065 3.08059 194 194 194
1.02816 53.99663 3.12805 193 193 193
0.90634 54.00197 3.15901 193 193 193
0.78618 54.00334 3.19579 188 188 188
0.66269 53.99958 3.21896 190 190 190
0.53919 53.99283 3.24137 195 195 195
0.41546 54.00306 3.26375 194 194 194
0.29010 54.00253 3.27302 199 199 199
0.16473 53.99715 3.28113 199 199 199
0.03911 54.00077 3.28566 195 195 195
-0.08645 53.99724 3.27990 193 193 193
-0.21165 54.00444 3.27023 195 195 195
-0.33734 53.99834 3.26465 200 200 200
-0.46216 54.00219 3.24892 201 201 201
-0.58434 54.00342 3.21835 194 194 194
-0.70782 53.99795 3.19524 193 193 193
-0.83169 54.00066 3.17169 203 203 203
-0.95136 53.99941 3.13242 197 197 197
-1.06736 54.00429 3.08330 191 191 191
-1.18500 53.99749 3.03937 190 190 190
-1.29972 54.00196 2.98826 197 197 197
-1.41446 53.99698 2.93693 188 188 188
-1.52588 54.00494 2.87863 193 193 193
-1.63250 53.99663 2.81197 192 192 192
-1.73926 53.99683 2.74568 188 188 188
-1.84262 54.00121 2.67416 194 194 194
-1.94338 53.99608 2.59897 188 188 188
-2.03959 53.99728 2.51804 188 188 188
-2.13002 53.99505 2.43077 194 194 194
-2.22644 54.00018 2.34978 179 179 179
-2.30739 54.00208 2.25332 186 186 186
-2.39678 54.00540 2.16469 190 190 190
-2.47374 53.99833 2.06523 181 181 181
-2.54922 54.00205 1.96480 192 192 192
-2.62163 53.99877 1.86213 178 178 178
-2.69360 53.99874 1.75889 178 178 178
-2.75278 53.99971 1.64783 190 190 190
-2.81447 54.00259 1.53827 183 183 183
-2.86858 54.00120 1.42478 185 185 185
-2.92049 54.00053 1.31022 176 176 176
-2.96423 54.00060 1.19231 177 177 177
-2.99960 53.99915 1.07167 178 178 178
-3.04020 53.99593 0.95279 182 182 182
-3.07487 53.99860 0.83194 172 172 172
-3.10316 54.00044 0.70938 176 176 176
-3.12674 54.00203 0.58578 172 172 172
-3.13898 53.99824 0.46051 170 170 170
-3.15009 54.00199 0.33536 171 171 171
-3.16369 53.99567 0.21021 167 167 167
-3.15959 53.99737 0.08438 167 167 167
-3.16023 53.99631 -0.04134 163 163 163
-3.14765 53.99950 -0.16645 163 163 163
-3.13918 53.99775 -0.29183 162 162 162
-3.11607 53.99857 -0.41540 161 161 161
-3.09873 54.00008 -0.53983 162 162 162
-3.07559 54.00370 -0.66346 158 158 158
-3.03797 54.00137 -0.78352 156 156 156
-3.00511 54.00436 -0.90483 162 162 162
-2.95741 54.00055 -1.02119 161 161 161
-2.92078 53.99851 -1.14175 155 155 155
-2.86762 54.00373 -1.25575 156 156 156
-2.81323 54.00026 -1.36908 149 149 149
-2.75399 54.00453 -1.47996 146 146 146
-2.68658 53.99990 -1.58605 153 153 153
-2.61986 53.99688 -1.69242 153 153 153
-2.54439 53.99989 -1.79278 145 145 145
-2.47366 53.99812 -1.89667 152 152 152
-2.39257 54.00346 -1.99262 145 145 145
-2.31111 53.99822 -2.08829 149 149 149
-2.21658 54.00170 -2.17145 149 149 149
-2.13197 54.00225 -2.26443 149 149 149
-2.03953 54.00235 -2.34954 143 143 143
-1.94159 54.00073 -2.42828 150 150 150
-1.83916 54.00104 -2.50097 141 141 141
-1.73675 53.99740 -2.57352 147 147 147
-1.63294 53.99843 -2.64430 151 151 151
-1.52395 54.00066 -2.70679 147 147 147
-1.41387 54.00178 -2.76738 135 135 135
-1.30044 54.00299 -2.82145 138 138 138
-1.18462 53.99762 -2.87007 140 140 140
-1.07083 54.00126 -2.92435 141 141 141
-0.95246 53.99703 -2.96745 141 141 141
-0.82885 54.00048 -2.99325 146 146 146
-0.70679 54.00156 -3.02260 141 141 141
-0.58540 53.99575 -3.05534 136 136 136
-0.46105 53.99939 -3.07357 144 144 144
-0.33671 54.00027 -3.09096 142 142 142
-0.21219 54.00095 -3.10881 137 137 137
-0.08682 53.99856 -3.12096 143 143 143
0.03911 53.99880 -3.11290 140 140 140
0.16486 54.00083 -3.11604 131 131 131
0.29001 54.00092 -3.10359 146 146 146
0.41552 54.00068 -3.09592 140 140 140
0.54022 54.00280 -3.07955 137 137 137
0.66346 53.99522 -3.05446 139 139 139
0.78553 54.00424 -3.02472 142 142 142
0.90872 54.00033 -2.99909 141 141 141
1.02739 54.00037 -2.95730 138 138 138
1.14571 53.99647 -2.91527 137 137 137
1.26554 54.00082 -2.87657 142 142 142
1.37731 54.00262 -2.81850 143 143 143
1.49155 54.00269 -2.76630 142 142 142
1.60290 54.00261 -2.70808 140 140 140
1.71342 53.99847 -2.64797 136 136 136
1.81910 53.99611 -2.57968 145 145 145
1.92080 54.00050 -2.50567 149 149 149
2.02169 54.00133 -2.43064 149 149 149
2.11703 54.00069 -2.34869 145 145 145
2.20977 53.99846 -2.26396 146 146 146
2.30317 53.99748 -2.17982 149 149 149
2.39053 53.99852 -2.08939 157 157 157
2.47524 54.00029 -1.99641 153 153 153
2.55015 53.99884 -1.89530 155 155 155
2.62395 53.99837 -1.79375 150 150 150
2.69543 54.00209 -1.69064 153 153 153
2.76867 54.00184 -1.58842 156 156 156
2.82944 53.99985 -1.47840 156 156 156
2.89425 54.00042 -1.37050 151 151 151
2.94366 53.99726 -1.25474 154 154 154
2.99526 54.00168 -1.14020 153 153 153
3.04334 53.99924 -1.02403 152 152 152
3.08185 53.99741 -0.90435 159 159 159
3.12849 53.99743 -0.78699 165 165 165
3.14582 54.00290 -0.66154 161 161 161
3.18145 54.00355 -0.54073 167 167 167
3.20156 53.99984 -0.41655 166 166 166
3.21812 54.00053 -0.29192 169 169 169
3.22882 54.00072 -0.16668 160 160 160
3.24423 54.00103 -0.04157 167 167 167
3.23199 54.40427 0.08500 173 173 173
3.22488 54.40337 0.21054 171 171 171
3.22303 54.40778 0.33631 171 171 171
3.20532 54.39781 0.46085 167 167 167
3.18802 54.39841 0.58522 166 166 166
3.17009 54.39896 0.70965 174 174 174
3.14048 54.39886 0.83181 171 171 171
3.10977 54.39949 0.95365 177 177 177
3.06891 54.40103 1.07247 179 179 179
3.02520 54.40249 1.19007 181 181 181
2.98297 54.39906 1.30825 179 179 179
2.93886 54.39810 1.42610 176 176 176
2.87698 54.40179 1.53571 178 178 178
2.82366 54.39739 1.64964 177 177 177
2.75326 54.40095 1.75394 181 181 181
2.68680 54.39960 1.86035 178 178 178
2.62012 54.40415 1.96698 179 179 179
2.54312 54.39679 2.06634 183 183 183
2.46528 54.39847 2.16510 189 189 189
2.38263 54.40161 2.25994 180 180 180
2.29361 54.40043 2.34881 189 189 189
2.20108 54.39471 2.43389 187 187 187
2.10694 54.40199 2.51702 193 193 193
2.01213 54.39881 2.59958 187 187 187
1.90842 54.39963 2.67071 190 190 190
1.80879 54.39914 2.74746 183 183 183
1.70157 54.39814 2.81310 197 197 197
1.59119 54.39856 2.87309 195 195 195
1.48509 54.39927 2.94121 195 195 195
1.36841 54.40226 2.98874 189 189 189
1.25374 54.39910 3.03994 194 194 194
1.13620 54.40038 3.08415 193 193 193
1.01842 54.40061 3.12780 194 194 194
0.89757 54.39903 3.16209 189 189 189
0.77625 54.39718 3.19445 195 195 195
0.65319 54.39997 3.21940 199 199 199
0.53050 54.40315 3.24683 192 192 192
0.40677 54.40223 3.27082 199 199 199
0.28099 54.39941 3.27807 196 196 196
0.15521 54.40267 3.28010 187 187 187
0.02966 54.39800 3.28218 197 197 197
-0.09581 54.40081 3.27811 194 194 194
-0.22196 54.39835 3.28187 201 201 201
-0.34655 54.40106 3.26326 193 193 193
-0.47082 54.39943 3.24461 193 193 193
-0.59444 54.40159 3.22228 190 190 190
-0.71736 54.39552 3.19627 192 192 192
-0.84006 54.39890 3.16853 196 196 196
-0.95894 54.39726 3.12734 198 198 198
-1.07741 54.39736 3.08559 197 197 197
-1.19493 54.39953 3.04120 196 196 196
-1.31161 54.39502 2.99422 192 192 192
-1.42398 54.39583 2.93771 192 192 192
-1.53282 54.39513 2.87481 195 195 195
-1.64233 54.40395 2.81324 191 191 191
-1.74551 54.39854 2.74155 191 191 191
-1.84880 54.39212 2.67031 196 196 196
-1.94901 54.40097 2.59477 189 189 189
-2.05260 54.39985 2.52287 182 182 182
-2.14215 54.40434 2.43431 188 188 188
-2.23524 54.39613 2.34977 189 189 189
-2.32147 54.39760 2.25824 191 191 191
-2.40253 54.39635 2.16218 183 183 183
-2.48271 54.39841 2.06549 183 183 183
-2.55574 54.39706 1.96331 179 179 179
-2.63342 54.39721 1.86433 176 176 176
-2.70374 54.39873 1.75995 175 175 175
-2.75740 54.40525 1.64576 178 178 178
-2.81802 54.40155 1.53590 180 180 180
-2.87707 54.40195 1.42496 182 182 182
-2.92372 54.39824 1.30828 174 174 174
-2.97090 54.39831 1.19192 170 170 170
-3.00883 54.40051 1.07223 175 175 175
-3.05087 54.39810 0.95377 176 176 176
-3.08363 54.40176 0.83241 176 176 176
-3.10911 54.39836 0.70932 173 173 173
-3.12939 54.39449 0.58533 170 170 170
-3.15582 54.40146 0.46201 173 173 173
-3.15888 54.39745 0.33593 175 175 175
-3.17418 54.40219 0.21087 162 162 162
-3.17204 54.40126 0.08500 163 163 163
-3.16962 54.39698 -0.04071 167 167 167
-3.15646 54.39891 -0.16577 159 159 159
-3.14385 54.39952 -0.29064 161 161 161
-3.12918 54.40089 -0.41535 162 162 162
-3.10566 54.39680 -0.53870 161 161 161
-3.07860 54.40217 -0.66128 159 159 159
-3.05325 54.39916 -0.78453 155 155 155
-3.01894 54.40075 -0.90562 161 161 161
-2.97250 54.40372 -1.02263 144 144 144
-2.92938 54.40015 -1.14076 155 155 155
-2.87044 54.39654 -1.25206 158 158 158
-2.82423 54.40050 -1.36923 159 159 159
-2.75991 54.40150 -1.47734 151 151 151
-2.69876 54.39814 -1.58708 155 155 155
-2.62832 54.40163 -1.69112 153 153 153
-2.56034 54.39519 -1.79686 146 146 146
-2.48384 54.39934 -1.89660 157 157 157
-2.40158 54.40088 -1.99160 150 150 150
-2.32158 54.40038 -2.08859 143 143 143
-2.23107 54.40127 -2.17585 148 148 148
-2.14127 54.40403 -2.26363 145 145 145
-2.04735 54.39662 -2.34698 146 146 146
-1.95400 54.39985 -2.43138 142 142 142
-1.85260 54.40214 -2.50582 139 139 139
-1.75118 54.39788 -2.58033 148 148 148
-1.64214 54.39983 -2.64324 142 142 142
-1.53147 54.40096 -2.70271 140 140 140
-1.42161 54.40091 -2.76339 144 144 144
-1.31034 54.39954 -2.82178 144 144 144
-1.19616 54.39872 -2.87449 139 139 139
-1.07968 54.39851 -2.92208 145 145 145
-0.95964 54.39654 -2.95984 138 138 138
-0.83812 54.39965 -2.99200 148 148 148
-0.71795 54.39555 -3.02909 138 138 138
-0.59510 54.40203 -3.05595 141 141 141
-0.46958 54.40019 -3.06713 138 138 138
-0.34616 54.40037 -3.09031 144 144 144
-0.22062 54.40310 -3.09515 137 137 137
-0.09581 54.40014 -3.10845 138 138 138
0.02966 54.39981 -3.10760 143 143 143
0.15523 54.40185 -3.11079 137 137 137
0.28098 54.40145 -3.10835 131 131 131
0.40539 54.39858 -3.08951 143 143 143
0.52921 54.39935 -3.06902 130 130 130
0.65455 54.39971 -3.05654 135 135 135
0.77583 54.40449 -3.02307 142 142 142
0.89763 54.39941 -2.99265 137 137 137
1.01758 54.40232 -2.95555 138 138 138
1.13689 54.39990 -2.91636 142 142 142
1.25379 54.39787 -2.87038 137 137 137
1.36695 54.39751 -2.81589 147 147 147
1.48032 54.40078 -2.76216 141 141 141
1.59096 54.39480 -2.70300 145 145 145
1.69986 54.40046 -2.64062 144 144 144
1.80796 54.39947 -2.57652 138 138 138
1.90970 54.39850 -2.50276 149 149 149
2.00930 54.39633 -2.42628 138 138 138
2.10805 54.40200 -2.34860 141 141 141
2.20530 54.40133 -2.26871 146 146 146
2.29468 54.40081 -2.18014 140 140 140
2.37856 54.39727 -2.08641 152 152 152
2.45960 54.39985 -1.99048 150 150 150
2.54013 54.40175 -1.89421 147 147 147
2.61440 54.40351 -1.79304 151 151 151
2.69327 54.39991 -1.69488 155 155 155
2.75701 54.40082 -1.58643 154 154 154
2.82006 54.39645 -1.47780 158 158 158
2.87914 54.40052 -1.36698 153 153 153
2.93521 54.40078 -1.25457 163 163 163
2.98551 54.40040 -1.13944 159 159 159
3.03431 54.39784 -1.02355 165 165 165
3.08077 54.39986 -0.90643 163 163 163
3.11284 54.39935 -0.78461 159 159 159
3.14414 54.39925 -0.66277 161 161 161
3.16683 54.39812 -0.53907 162 162 162
3.18685 54.40080 -0.41509 163 163 163
3.20770 54.40069 -0.29117 163 163 163
3.22408 54.39996 -0.16643 167 167 167
3.23181 54.40083 -0.04082 165 165 165
3.21833 54.80224 0.08563 173 173 173
3.22034 54.80045 0.21135 168 168 168
3.21274 54.80172 0.33688 166 166 166
3.19647 54.80091 0.46155 179 179 179
3.17883 54.80749 0.58589 171 171 171
3.15724 54.79940 0.70960 180 180 180
3.13067 54.79871 0.83236 173 173 173
3.10114 54.80020 0.95451 179 179 179
3.06830 54.79923 1.07598 167 167 167
3.01976 54.80006 1.19218 182 182 182
2.97581 54.80189 1.30983 178 178 178
2.92958 54.79881 1.42682 182 182 182
2.86874 54.79965 1.53697 187 187 187
2.81377 54.79835 1.65004 178 178 178
2.74974 54.80257 1.75822 186 186 186
2.68455 54.79943 1.86582 185 185 185
2.61073 54.79827 1.96767 181 181 181
2.53075 54.80024 2.06469 183 183 183
2.45210 54.80098 2.16257 184 184 184
2.37065 54.80122 2.25825 189 189 189
2.28280 54.80066 2.34812 190 190 190
2.19282 54.79990 2.43583 184 184 184
2.09804 54.79588 2.51834 188 188 188
1.99972 54.80094 2.59649 186 186 186
1.90022 54.79971 2.67310 187 187 187
1.79575 54.80016 2.74276 188 188 188
1.68994 54.80028 2.81022 197 197 197
1.58403 54.79880 2.87786 199 199 199
1.47362 54.80250 2.93793 185 185 185
1.35793 54.80190 2.98718 201 201 201
1.24743 54.79850 3.04823 198 198 198
1.12769 54.79950 3.08739 197 197 197
1.00790 54.79893 3.12522 193 193 193
0.88930 54.80012 3.16699 196 196 196
0.76733 54.79787 3.19739 192 192 192
0.64482 54.80128 3.22557 193 193 193
0.52035 54.80131 3.24321 193 193 193
0.39633 54.80326 3.26329 195 195 195
0.27116 54.79844 3.27407 199 199 199
0.14605 54.80054 3.28860 197 197 197
0.02020 54.79911 3.28935 201 201 201
-0.10552 54.80282 3.28514 198 198 198
-0.23118 54.79963 3.27933 197 197 197
-0.35595 54.80729 3.26342 188 188 188
-0.47971 54.79838 3.24167 194 194 194
-0.60446 54.79956 3.22572 190 190 190
-0.72753 54.79923 3.19986 202 202 202
-0.84757 54.80076 3.16223 194 194 194
-0.96767 54.79832 3.12572 188 188 188
-1.08842 54.80228 3.09043 193 193 193
-1.20590 54.79803 3.04548 193 193 193
-1.32081 54.80316 2.99430 190 190 190
-1.43548 54.79732 2.94237 190 190 190
-1.54614 54.80059 2.88233 191 191 191
-1.65095 54.79941 2.81251 187 187 187
-1.75781 54.79827 2.74644 196 196 196
-1.85489 54.80490 2.66630 188 188 188
-1.96016 54.79983 2.59755 188 188 188
-2.06262 54.79779 2.52416 188 188 188
-2.15482 54.79821 2.43842 181 181 181
-2.23872 54.80038 2.34442 191 191 191
-2.32576 54.80069 2.25409 188 188 188
-2.41286 54.79794 2.16355 188 188 188
-2.49048 54.80162 2.06479 187 187 187
-2.56954 54.80274 1.96710 188 188 188
-2.63958 54.80187 1.86276 191 191 191
-2.70897 54.80239 1.75799 192 192 192
-2.77666 54.79411 1.65188 178 178 178
-2.82630 54.79979 1.53593 177 177 177
-2.88456 54.80096 1.42469 183 183 183
-2.93898 54.79990 1.31131 181 181 181
-2.98237 54.79767 1.19329 184 184 184
-3.02706 54.79832 1.07570 181 181 181
-3.06137 54.80157 0.95469 173 173 173
-3.09548 54.79830 0.83361 165 165 165
-3.12726 54.80407 0.71167 167 167 167
-3.13829 54.80340 0.58586 172 172 172
-3.16449 54.79985 0.46255 178 178 178
-3.17133 54.79819 0.33680 169 169 169
-3.17800 54.80164 0.21128 162 162 162
-3.17463 54.80039 0.08563 165 165 165
-3.18039 54.80506 -0.04013 168 168 168
-3.16871 54.79762 -0.16536 168 168 168
-3.15667 54.79442 -0.29041 162 162 162
-3.14032 54.79953 -0.41498 162 162 162
-3.11361 54.79932 -0.53777 162 162 162
-3.09417 54.80301 -0.66212 170 170 170
-3.06396 54.80112 -0.78425 160 160 160
-3.02346 54.79750 -0.90338 159 159 159
-2.98398 54.80159 -1.02274 156 156 156
-2.94381 54.79765 -1.14218 159 159 159
-2.88094 54.80262 -1.25189 164 164 164
-2.82803 54.80251 -1.36570 153 153 153
-2.77099 54.80282 -1.47760 154 154 154
-2.70817 54.79856 -1.58642 148 148 148
-2.64133 54.80298 -1.69285 151 151 151
-2.56703 54.80081 -1.79421 150 150 150
-2.49963 54.79822 -1.90095 150 150 150
-2.41231 54.80231 -1.99203 149 149 149
-2.32911 54.80252 -2.08615 150 150 150
-2.24732 54.80122 -2.18200 143 143 143
-2.15261 54.79723 -2.26501 150 150 150
-2.06174 54.80132 -2.35212 149 149 149
-1.95901 54.79884 -2.42509 140 140 140
-1.85942 54.80007 -2.50155 145 145 145
-1.75699 54.80674 -2.57421 145 145 145
-1.65274 54.80085 -2.64445 142 142 142
-1.54482 54.79850 -2.70900 151 151 151
-1.43339 54.80410 -2.76729 147 147 147
-1.32071 54.80393 -2.82311 143 143 143
-1.20522 54.80038 -2.87287 137 137 137
-1.08882 54.79844 -2.92055 139 139 139
-0.96810 54.79805 -2.95609 140 140 140
-0.84884 54.80015 -2.99579 142 142 142
-0.72782 54.80078 -3.03014 140 140 140
-0.60314 54.80072 -3.04815 147 147 147
-0.48079 54.80274 -3.07751 133 133 133
-0.35605 54.80391 -3.09332 141 141 141
-0.23091 54.79815 -3.10497 132 132 132
-0.10540 54.80101 -3.11104 140 140 140
0.02020 54.80312 -3.11553 133 133 133
0.14557 54.79562 -3.10543 144 144 144
0.27115 54.79715 -3.10305 140 140 140
0.39619 54.79998 -3.09112 142 142 142
0.52063 54.79764 -3.07400 131 131 131
0.64424 54.79993 -3.05169 143 143 143
0.76799 54.79997 -3.02921 131 131 131
0.88939 54.79609 -2.99636 142 142 142
1.01099 54.80041 -2.96379 143 143 143
1.12968 54.79959 -2.92182 145 145 145
1.24421 54.80067 -2.86947 142 142 142
1.35905 54.80062 -2.81866 144 144 144
1.47681 54.80167 -2.77322 145 145 145
1.58430 54.79978 -2.70737 138 138 138
1.69393 54.79942 -2.64575 145 145 145
1.80093 54.80314 -2.57952 141 141 141
1.89713 54.79487 -2.49785 139 139 139
2.00001 54.80680 -2.42585 146 146 146
2.10022 54.79667 -2.34987 139 139 139
2.19402 54.79872 -2.26611 146 146 146
2.28582 54.79175 -2.18010 147 147 147
2.36993 54.80031 -2.08655 147 147 147
2.45598 54.80204 -1.99483 147 147 147
2.53263 54.80170 -1.89512 154 154 154
2.60717 54.79666 -1.79402 155 155 155
2.68393 54.80325 -1.69432 154 154 154
2.75057 54.80426 -1.58764 150 150 150
2.81172 54.80241 -1.47779 150 150 150
2.86862 54.80556 -1.36580 163 163 163
2.91998 54.79668 -1.25127 161 161 161
2.97404 54.79688 -1.13797 150 150 150
3.02197 54.79856 -1.02186 153 153 153
3.05902 54.79843 -0.90181 154 154 154
3.09895 54.80080 -0.78273 154 154 154
3.13337 54.80178 -0.66183 166 166 166
3.15525 54.80090 -0.53801 159 159 159
3.17650 54.79887 -0.41432 163 163 163
3.19417 54.80036 -0.29006 160 160 160
3.21248 54.79895 -0.16563 163 163 163
3.21645 54.80106 -0.03996 170 170 170
3.21194 55.20273 0.08625 170 170 170
3.20763 55.19751 0.21185 171 171 171
3.20172 55.20362 0.33738 172 172 172
3.18946 55.19909 0.46247 170 170 170
3.16816 55.20303 0.58633 168 168 168
3.14923 55.19920 0.71052 178 178 178
3.12215 55.20191 0.83322 172 172 172
3.08706 55.19940 0.95384 175 175 175
3.05306 55.20257 1.07473 174 174 174
3.01847 55.20096 1.19583 181 181 181
2.96731 55.20379 1.31087 173 173 173
2.91654 55.20121 1.42581 179 179 179
2.86521 55.20333 1.54064 181 181 181
2.79288 55.19737 1.64428 181 181 181
2.73747 55.19634 1.75714 177 177 177
2.67031 55.19662 1.86327 185 185 185
2.60081 55.20597 1.96799 184 184 184
2.52693 55.19914 2.06979 183 183 183
2.44064 55.19691 2.16151 190 190 190
2.36054 55.19966 2.25831 181 181 181
2.27498 55.20071 2.35041 188 188 188
2.18331 55.20396 2.43643 189 189 189
2.08723 55.19863 2.51742 186 186 186
1.99151 55.20041 2.59875 182 182 182
1.89000 55.20158 2.67273 190 190 190
1.79005 55.19917 2.74906 191 191 191
1.68316 55.20208 2.81527 192 192 192
1.57641 55.20276 2.88184 195 195 195
1.46337 55.20080 2.93708 191 191 191
1.34974 55.20293 2.99063 192 192 192
1.23385 55.20239 3.03897 190 190 190
1.11879 55.19695 3.08961 194 194 194
0.99865 55.19785 3.12660 189 189 189
0.87865 55.19440 3.16348 195 195 195
0.75724 55.19527 3.19550 198 198 198
0.63647 55.20089 3.23189 192 192 192
0.51125 55.20117 3.24626 198 198 198
0.38694 55.19726 3.26465 196 196 196
0.26183 55.20054 3.27667 192 192 192
0.13604 55.20197 3.27571 193 193 193
0.01072 55.20071 3.28454 195 195 195
-0.11493 55.19712 3.28406 200 200 200
-0.24012 55.20356 3.27320 195 195 195
-0.36558 55.20230 3.26532 195 195 195
-0.49043 55.20000 3.25016 196 196 196
-0.61309 55.19743 3.22211 190 190 190
-0.73656 55.20488 3.19866 198 198 198
-0.85764 55.19901 3.16501 195 195 195
-0.97744 55.19821 3.12730 197 197 197
-1.09754 55.20098 3.09013 195 195 195
-1.21205 55.20229 3.03810 198 198 198
-1.32972 55.19849 2.99370 193 193 193
-1.44327 55.20295 2.93970 200 200 200
-1.55293 55.19486 2.87819 197 197 197
-1.66093 55.20156 2.81398 199 199 199
-1.76882 55.19781 2.74939 189 189 189
-1.87226 55.20045 2.67782 192 192 192
-1.96713 55.19916 2.59502 195 195 195
-2.06889 55.20122 2.52105 185 185 185
-2.16093 55.20190 2.43542 185 185 185
-2.25106 55.20152 2.34793 195 195 195
-2.34311 55.19938 2.26202 182 182 182
-2.42175 55.19837 2.16369 191 191 191
-2.50974 55.19915 2.07314 185 185 185
-2.57946 55.19779 1.96805 180 180 180
-2.65075 55.19669 1.86452 175 175 175
-2.71998 55.19892 1.75956 181 181 181
-2.78379 55.20050 1.65120 181 181 181
-2.83327 55.20123 1.53528 182 182 182
-2.89548 55.20061 1.42598 177 177 177
-2.95398 55.19808 1.31423 177 177 177
-2.98941 55.20370 1.19302 170 170 170
-3.03444 55.20057 1.07565 182 182 182
-3.07292 55.20150 0.95590 169 169 169
-3.09382 55.20077 0.83156 171 171 171
-3.12615 55.20107 0.71019 169 169 169
-3.15203 55.20455 0.58717 169 169 169
-3.16241 55.20255 0.46180 169 169 169
-3.18232 55.20124 0.33754 179 179 179
-3.18232 55.19943 0.21170 168 168 168
-3.18958 55.20107 0.08625 172 172 172
-3.19032 55.19284 -0.03953 163 163 163
-3.17943 55.20137 -0.16483 163 163 163
-3.16745 55.20358 -0.28993 166 166 166
-3.14326 55.19550 -0.41332 167 167 167
-3.12909 55.20201 -0.53833 162 162 162
-3.09826 55.19938 -0.66019 158 158 158
-3.07167 55.20106 -0.78312 162 162 162
-3.03449 55.20279 -0.90325 161 161 161
-2.98771 55.19789 -1.01999 154 154 154
-2.94792 55.19962 -1.13932 161 161 161
-2.89561 55.20362 -1.25366 151 151 151
-2.83422 55.19786 -1.36339 158 158 158
-2.77886 55.20067 -1.47606 152 152 152
-2.72699 55.19856 -1.59150 153 153 153
-2.64937 55.20001 -1.69125 151 151 151
-2.57419 55.20298 -1.79188 150 150 150
-2.50448 55.19992 -1.89666 140 140 140
-2.42388 55.20120 -1.99318 149 149 149
-2.33913 55.19815 -2.08601 148 148 148
-2.25364 55.20283 -2.17820 139 139 139
-2.16306 55.19667 -2.26542 143 143 143
-2.07083 55.20019 -2.35102 144 144 144
-1.96998 55.20105 -2.42634 149 149 149
-1.86693 55.19876 -2.49819 148 148 148
-1.76558 55.19825 -2.57226 143 143 143
-1.66160 55.19980 -2.64280 140 140 140
-1.55125 55.19727 -2.70293 143 143 143
-1.44413 55.20426 -2.76913 131 131 131
-1.32707 55.19722 -2.81570 146 146 146
-1.21511 55.20258 -2.87322 137 137 137
-1.09582 55.20163 -2.91320 141 141 141
-0.97691 55.19919 -2.95340 139 139 139
-0.85830 55.20393 -2.99512 131 131 131
-0.73769 55.19964 -3.03113 145 145 145
-0.61367 55.19961 -3.05281 131 131 131
-0.49027 55.20136 -3.07687 137 137 137
-0.36543 55.19896 -3.09188 140 140 140
-0.24029 55.19655 -3.10314 138 138 138
-0.11499 55.20124 -3.11336 142 142 142
0.01072 55.19964 -3.12127 136 136 136
0.13646 55.20080 -3.11417 139 139 139
0.26194 55.20310 -3.10584 143 143 143
0.38668 55.20223 -3.09028 140 140 140
0.51090 55.19630 -3.07182 142 142 142
0.63602 55.19776 -3.05737 134 134 134
0.75720 55.20450 -3.02312 136 136 136
0.87945 55.20117 -2.99407 145 145 145
0.99811 55.19819 -2.95268 138 138 138
1.12026 55.19810 -2.92135 145 145 145
1.23647 55.20180 -2.87305 142 142 142
1.35032 55.19794 -2.81964 134 134 134
1.46177 55.19727 -2.76166 146 146 146
1.57164 55.20035 -2.70104 142 142 142
1.68316 55.20028 -2.64301 149 149 149
1.78937 55.20027 -2.57576 145 145 145
1.88990 55.20042 -2.50030 147 147 147
1.98938 55.20145 -2.42376 149 149 149
2.08844 55.20535 -2.34653 142 142 142
2.18185 55.19680 -2.26255 144 144 144
2.27060 55.20213 -2.17372 148 148 148
2.35984 55.19923 -2.08534 152 152 152
2.44159 55.19838 -1.99000 153 153 153
2.52446 55.19604 -1.89551 148 148 148
2.59706 55.19875 -1.79292 144 144 144
2.67674 55.20138 -1.69521 150 150 150
2.73706 55.19500 -1.58453 156 156 156
2.79966 55.20397 -1.47571 150 150 150
2.86120 55.20006 -1.36622 158 158 158
2.91208 55.20209 -1.25136 158 158 158
2.96657 55.19899 -1.13817 164 164 164
3.01135 55.20137 -1.02080 162 162 162
3.05539 55.20362 -0.90308 166 166 166
3.08740 55.19868 -0.78151 156 156 156
3.12229 55.19627 -0.66081 155 155 155
3.14922 55.19899 -0.53807 156 156 156
3.17568 55.19669 -0.41506 163 163 163
3.18910 55.20290 -0.28996 160 160 160
3.20686 55.19940 -0.16531 159 159 159
3.20106 55.20139 -0.03911 163 163 163
3.21105 55.59908 0.08688 161 161 161
3.19768 55.59845 0.21246 170 170 170
3.18697 55.60037 0.33759 166 166 166
3.18626 55.59720 0.46384 172 172 172
3.15943 55.60024 0.58707 173 173 173
3.13754 55.60463 0.71071 165 165 165
3.11047 55.60066 0.83332 174 174 174
3.07794 55.60276 0.95457 176 176 176
3.03911 55.59670 1.07391 177 177 177
3.00329 55.59970 1.19436 184 184 184
2.95942 55.60259 1.31216 183 183 183
2.90953 55.59794 1.42758 176 176 176
2.85622 55.59804 1.54152 183 183 183
2.79198 55.60400 1.64972 184 184 184
2.73501 55.60176 1.76208 180 180 180
2.66272 55.59906 1.86516 186 186 186
2.59541 55.60037 1.97159 187 187 187
2.52162 55.59880 2.07371 189 189 189
2.43642 55.60361 2.16665 179 179 179
2.34527 55.59934 2.25359 189 189 189
2.26361 55.59889 2.34916 186 186 186
2.17123 55.59825 2.43427 188 188 188
2.07851 55.60027 2.51895 190 190 190
1.98041 55.60293 2.59734 193 193 193
1.87645 55.60059 2.66777 187 187 187
1.77519 55.60251 2.74166 199 199 199
1.67310 55.59717 2.81497 189 189 189
1.56652 55.59816 2.88175 198 198 198
1.45400 55.60003 2.93795 194 194 194
1.34212 55.60525 2.99533 193 193 193
1.22772 55.60128 3.04770 198 198 198
1.10847 55.59950 3.08799 190 190 190
0.99090 55.60156 3.13257 198 198 198
0.86950 55.60022 3.16533 192 192 192
0.74752 55.60254 3.19516 195 195 195
0.62463 55.59945 3.22067 190 190 190
0.50229 55.60502 3.25018 200 200 200
0.37741 55.59796 3.26497 197 197 197
0.25214 55.59621 3.27473 195 195 195
0.12668 55.59561 3.27942 198 198 198
0.00124 55.59973 3.29003 198 198 198
-0.12460 55.60486 3.28948 201 201 201
-0.24986 55.59864 3.27718 201 201 201
-0.37435 55.60271 3.25999 193 193 193
-0.49922 55.59771 3.24646 192 192 192
-0.62303 55.60032 3.22508 196 196 196
-0.74631 55.59860 3.20043 199 199 199
-0.86667 55.60153 3.16405 195 195 195
-0.98737 55.59669 3.12933 193 193 193
-1.10683 55.60007 3.09026 193 193 193
-1.22404 55.60339 3.04479 203 203 203
-1.33868 55.59757 2.99323 190 190 190
-1.45151 55.59901 2.93790 190 190 190
-1.56324 55.60154 2.88031 191 191 191
-1.67009 55.60006 2.81410 191 191 191
-1.77538 55.59769 2.74564 188 188 188
-1.88129 55.59480 2.67784 196 196 196
-1.97951 55.60055 2.59934 193 193 193
-2.07251 55.59652 2.51482 187 187 187
-2.17171 55.60134 2.43746 188 188 188
-2.26304 55.59878 2.35106 200 200 200
-2.34528 55.60099 2.25590 185 185 185
-2.43600 55.59588 2.16840 187 187 187
-2.51287 55.59795 2.06877 182 182 182
-2.58532 55.60277 1.96606 191 191 191
-2.66270 55.59958 1.86680 186 186 186
-2.72784 55.60177 1.75920 184 184 184
-2.78829 55.59947 1.64904 177 177 177
-2.84921 55.60059 1.53921 178 178 178
-2.90245 55.60091 1.42545 178 178 178
-2.94435 55.60014 1.30694 174 174 174
-3.00071 55.60028 1.19432 176 176 176
-3.04219 55.59718 1.07572 180 180 180
-3.07658 55.59938 0.95489 168 168 168
-3.11261 55.59845 0.83442 172 172 172
-3.13562 55.59683 0.71082 177 177 177
-3.15850 55.60550 0.58732 175 175 175
-3.17534 55.60426 0.46284 171 171 171
-3.18781 55.59972 0.33785 169 169 169
-3.19776 55.60171 0.21256 170 170 170
-3.19456 55.60370 0.08688 167 167 167
-3.19519 55.59907 -0.03872 163 163 163
-3.18800 55.59774 -0.16414 164 164 164
-3.17764 55.60394 -0.28939 165 165 165
-3.15955 55.59952 -0.41377 156 156 156
-3.13169 55.60172 -0.53633 162 162 162
-3.11015 55.60164 -0.66014 159 159 159
-3.07316 55.59905 -0.78024 164 164 164
-3.03921 55.60166 -0.90107 153 153 153
-2.99757 55.59783 -1.01949 162 162 162
-2.95255 55.59964 -1.13668 164 164 164
-2.90632 55.60474 -1.25359 158 158 158
-2.84186 55.60150 -1.36182 156 156 156
-2.78892 55.59896 -1.47575 148 148 148
-2.72945 55.60086 -1.58656 150 150 150
-2.66074 55.59818 -1.69187 157 157 157
-2.59284 55.60730 -1.79791 148 148 148
-2.50812 55.60045 -1.89142 151 151 151
-2.43233 55.59920 -1.99166 148 148 148
-2.34426 55.60333 -2.08135 146 146 146
-2.26329 55.59800 -2.17773 144 144 144
-2.17169 55.60256 -2.26387 144 144 144
-2.07787 55.60239 -2.34752 138 138 138
-1.98430 55.60229 -2.43184 147 147 147
-1.87977 55.59755 -2.50218 147 147 147
-1.77887 55.59855 -2.57731 149 149 149
-1.67281 55.59900 -2.64499 148 148 148
-1.56342 55.59763 -2.70709 145 145 145
-1.45342 55.60228 -2.76812 149 149 149
-1.33852 55.60054 -2.81935 151 151 151
-1.22482 55.60019 -2.87315 145 145 145
-1.10753 55.59081 -2.91862 143 143 143
-0.98747 55.60014 -2.95611 143 143 143
-0.86938 55.60368 -3.00015 145 145 145
-0.74559 55.59766 -3.02394 145 145 145
-0.62290 55.60266 -3.05093 147 147 147
-0.49944 55.59966 -3.07427 138 138 138
-0.37526 55.59629 -3.09412 145 145 145
-0.24956 55.59746 -3.09984 142 142 142
-0.12434 55.59933 -3.10940 140 140 140
0.00124 55.59842 -3.11126 133 133 133
0.12689 55.59963 -3.11131 138 138 138
0.25230 55.60130 -3.10313 139 139 139
0.37701 55.60199 -3.08803 131 131 131
0.50195 55.59893 -3.07453 143 143 143
0.62640 55.59961 -3.05606 140 140 140
0.74870 55.59727 -3.02656 139 139 139
0.87055 55.60228 -2.99551 144 144 144
0.98944 55.60285 -2.95454 145 145 145
1.10891 55.60023 -2.91567 141 141 141
1.22492 55.60067 -2.86741 148 148 148
1.34074 55.59720 -2.81878 139 139 139
1.45501 55.60032 -2.76638 140 140 140
1.56713 55.60106 -2.70929 145 145 145
1.67380 55.59805 -2.64256 153 153 153
1.77610 55.60026 -2.56947 142 142 142
1.88323 55.59903 -2.50354 143 143 143
1.98392 55.60278 -2.42822 149 149 149
2.07727 55.60027 -2.34392 151 151 151
2.17569 55.59964 -2.26552 138 138 138
2.26097 55.59664 -2.17293 146 146 146
2.35502 55.59677 -2.08901 146 146 146
2.43552 55.59809 -1.99228 148 148 148
2.51505 55.59817 -1.89493 152 152 152
2.58832 55.59975 -1.79283 149 149 149
2.66134 55.60165 -1.69062 157 157 157
2.72616 55.60105 -1.58303 148 148 148
2.79046 55.60168 -1.47523 156 156 156
2.85027 55.59914 -1.36484 156 156 156
2.91069 55.60292 -1.25446 151 151 151
2.95693 55.59905 -1.13747 163 163 163
3.00584 55.59651 -1.02163 148 148 148
3.04400 55.60201 -0.90182 158 158 158
3.08126 55.60265 -0.78182 157 157 157
3.11661 55.59484 -0.66109 153 153 153
3.14433 55.59934 -0.53835 164 164 164
3.16270 55.59910 -0.41388 163 163 163
3.17280 55.60227 -0.28852 161 161 161
3.19347 55.59983 -0.16437 168 168 168
3.19816 55.60140 -0.03874 171 171 171
3.19498 55.99961 0.08750 165 165 165
3.18613 55.99569 0.21300 170 170 170
3.18325 56.00388 0.33867 170 170 170
3.16439 56.00132 0.46300 172 172 172
3.15552 56.00033 0.58858 170 170 170
3.13557 55.99632 0.71283 178 178 178
3.10269 55.99917 0.83435 178 178 178
3.06565 56.00325 0.95441 176 176 176
3.03570 56.00209 1.07652 179 179 179
2.99267 56.00435 1.19457 176 176 176
2.94712 56.00268 1.31162 179 179 179
2.89331 56.00020 1.42510 177 177 177
2.83586 56.00318 1.53661 179 179 179
2.77966 56.00120 1.64876 183 183 183
2.72070 56.00056 1.75976 187 187 187
2.64821 55.99910 1.86244 187 187 187
2.57888 55.99580 1.96710 187 187 187
2.50816 55.99575 2.07122 182 182 182
2.42460 55.99855 2.16528 177 177 177
2.34634 56.00413 2.26399 184 184 184
2.26068 56.00184 2.35635 194 194 194
2.15963 55.99825 2.43261 190 190 190
2.07018 56.00247 2.52093 191 191 191
1.96889 55.99868 2.59540 188 188 188
1.87362 56.00099 2.67756 192 192 192
1.76848 56.00193 2.74645 197 197 197
1.66263 55.99671 2.81401 193 193 193
1.55519 55.99909 2.87909 190 190 190
1.44399 55.99986 2.93754 193 193 193
1.32966 56.00300 2.98952 190 190 190
1.21374 56.00457 3.03751 190 190 190
1.10018 55.99882 3.09188 193 193 193
0.98129 56.00130 3.13283 198 198 198
0.86231 56.00512 3.17410 194 194 194
0.74004 55.99874 3.20419 204 204 204
0.61695 56.00638 3.23041 200 200 200
0.49229 56.00445 3.24756 196 196 196
0.36758 55.99820 3.26268 195 195 195
0.24315 55.99576 3.28166 196 196 196
0.11734 55.99716 3.28373 192 192 192
-0.00825 55.99898 3.28517 197 197 197
-0.13410 55.99893 3.29060 201 201 201
-0.25922 55.99711 3.27622 197 197 197
-0.38403 55.99552 3.26234 198 198 198
-0.50836 56.00440 3.24491 197 197 197
-0.63212 56.00019 3.22378 192 192 192
-0.75583 55.99732 3.20123 192 192 192
-0.87599 56.00085 3.16412 190 190 190
-0.99658 55.99763 3.12912 198 198 198
-1.11596 56.00210 3.08994 194 194 194
-1.23007 55.99590 3.03711 195 195 195
-1.34692 56.00139 2.99119 199 199 199
-1.45943 56.00138 2.93549 194 194 194
-1.56948 56.00076 2.87516 196 196 196
-1.68299 56.00077 2.82032 187 187 187
-1.78779 55.99814 2.75066 192 192 192
-1.88587 55.99908 2.67173 188 188 188
-1.99051 55.99995 2.60190 185 185 185
-2.08535 55.99302 2.51939 185 185 185
-2.17982 56.00114 2.43662 195 195 195
-2.26873 55.99693 2.34791 184 184 184
-2.35885 55.99567 2.26031 185 185 185
-2.44091 55.99727 2.16513 186 186 186
-2.52304 56.00616 2.06994 182 182 182
-2.59716 56.00116 1.96840 181 181 181
-2.66845 55.99985 1.86494 183 183 183
-2.73379 56.00289 1.75767 179 179 179
-2.79865 56.00013 1.65016 175 175 175
-2.85859 55.99754 1.53978 183 183 183
-2.90919 56.00117 1.42482 179 179 179
-2.96531 55.99978 1.31233 183 183 183
-3.00552 55.99720 1.19323 178 178 178
-3.05018 56.00155 1.07586 179 179 179
-3.08916 55.99707 0.95639 168 168 168
-3.11859 55.99569 0.83421 165 165 165
-3.14848 56.00342 0.71212 170 170 170
-3.16621 56.00393 0.58766 168 168 168
-3.18626 56.00112 0.46363 176 176 176
-3.19951 56.00071 0.33865 167 167 167
-3.20265 56.00072 0.21301 178 178 178
-3.20304 56.00159 0.08750 173 173 173
-3.20373 55.99848 -0.03806 166 166 166
-3.19887 55.99727 -0.16362 169 169 169
-3.18565 56.00150 -0.28859 169 169 169
-3.16971 56.00015 -0.41325 164 164 164
-3.14869 56.00053 -0.53720 165 165 165
-3.11849 55.99760 -0.65923 165 165 165
-3.08874 56.00004 -0.78132 162 162 162
-3.05178 56.00069 -0.90144 157 157 157
-3.00927 55.99672 -1.01968 158 158 158
-2.96624 56.00386 -1.13779 153 153 153
-2.91892 55.99796 -1.25439 160 160 160
-2.85528 55.99956 -1.36319 161 161 161
-2.79876 55.99875 -1.47532 154 154 154
-2.73341 56.00050 -1.58254 151 151 151
-2.67089 55.99642 -1.69169 147 147 147
-2.59738 55.99662 -1.79368 150 150 150
-2.52072 56.00228 -1.89324 149 149 149
-2.43873 56.00110 -1.98839 143 143 143
-2.35809 55.99746 -2.08474 144 144 144
-2.27227 56.00518 -2.17659 148 148 148
-2.17759 56.00125 -2.25935 139 139 139
-2.08830 55.99782 -2.34800 152 152 152
-1.99507 56.00457 -2.43284 145 145 145
-1.88701 55.99909 -2.49847 146 146 146
-1.78809 55.99668 -2.57629 147 147 147
-1.68309 56.00126 -2.64566 139 139 139
-1.57098 56.00035 -2.70302 146 146 146
-1.46079 55.99873 -2.76333 143 143 143
-1.34495 55.99591 -2.81209 140 140 140
-1.23006 56.00362 -2.86226 141 141 141
-1.11432 56.00258 -2.91068 145 145 145
-0.99741 55.99914 -2.95686 134 134 134
-0.87673 56.00185 -2.99196 141 141 141
-0.75489 55.99759 -3.02251 145 145 145
-0.63301 55.99883 -3.05344 136 136 136
-0.50876 55.99845 -3.07262 146 146 146
-0.38463 55.99898 -3.09253 133 133 133
-0.25916 55.99949 -3.10072 134 134 134
-0.13396 55.99786 -3.11206 141 141 141
-0.00825 55.99810 -3.10642 144 144 144
0.11723 55.99902 -3.10610 134 134 134
0.24273 55.99878 -3.10152 135 135 135
0.36865 56.00125 -3.09689 136 136 136
0.49253 55.99995 -3.07428 141 141 141
0.61634 55.99787 -3.05255 135 135 135
0.73850 55.99917 -3.02293 130 130 130
0.86040 56.00151 -2.99253 140 140 140
0.97963 55.99685 -2.95292 142 142 142
1.10028 55.99845 -2.91733 148 148 148
1.21700 56.00430 -2.87055 141 141 141
1.33153 56.00165 -2.81875 139 139 139
1.44399 56.00179 -2.76273 135 135 135
1.55669 56.00124 -2.70696 140 140 140
1.66468 55.99807 -2.64252 142 142 142
1.77097 55.99845 -2.57534 146 146 146
1.86953 56.00243 -2.49710 147 147 147
1.97278 55.99865 -2.42548 143 143 143
2.06951 55.99367 -2.34531 148 148 148
2.16679 55.99865 -2.26551 141 141 141
2.25525 56.00006 -2.17607 145 145 145
2.34461 55.99816 -2.08752 151 151 151
2.42525 56.00442 -1.99097 146 146 146
2.49957 55.99831 -1.88957 152 152 152
2.57988 56.00193 -1.79295 150 150 150
2.65061 55.99904 -1.68915 153 153 153
2.71369 55.99930 -1.58056 147 147 147
2.78788 55.99673 -1.47846 158 158 158
2.84386 55.99921 -1.36578 159 159 159
2.90125 55.99945 -1.25385 157 157 157
2.95060 56.00225 -1.13814 154 154 154
2.99453 56.00164 -1.02033 159 159 159
3.03389 56.00080 -0.90099 153 153 153
3.07154 55.99525 -0.78112 155 155 155
3.10421 55.99721 -0.65977 157 157 157
3.13228 55.99762 -0.53722 161 161 161
3.15113 56.00131 -0.41292 161 161 161
3.16941 55.99421 -0.28862 165 165 165
3.18555 56.00037 -0.16387 171 171 171
3.18399 55.99957 -0.03793 165 165 165
3.17702 56.40186 0.08813 169 169 169
3.18291 56.40063 0.21388 170 170 170
3.17683 56.40527 0.33954 172 172 172
3.16057 56.40141 0.46429 163 163 163
3.14087 56.40818 0.58839 168 168 168
3.11617 56.40437 0.71148 173 173 173
3.09239 56.40275 0.83478 183 183 183
3.06780 56.40090 0.95832 179 179 179
3.02704 56.39938 1.07741 180 180 180
2.98299 56.39838 1.19513 181 181 181
2.94012 56.39769 1.31328 183 183 183
2.88510 56.40210 1.42632 184 184 184
2.83438 56.39784 1.54131 175 175 175
2.78014 56.39833 1.65497 182 182 182
2.71214 56.39623 1.76095 177 177 177
2.64521 56.40249 1.86740 188 188 188
2.57282 56.39926 1.97022 183 183 183
2.49787 56.39763 2.07121 186 186 186
2.41326 56.39858 2.16432 194 194 194
2.33396 56.40164 2.26195 179 179 179
2.24222 56.40039 2.34800 193 193 193
2.15505 56.40154 2.43855 189 189 189
2.06275 56.40112 2.52397 199 199 199
1.96523 56.39830 2.60341 184 184 184
1.86184 56.39920 2.67504 188 188 188
1.75790 56.39655 2.74545 189 189 189
1.65315 56.40425 2.81465 196 196 196
1.54823 56.40300 2.88424 188 188 188
1.43806 56.39966 2.94515 197 197 197
1.32264 56.39764 2.99549 193 193 193
1.20278 56.40108 3.03457 190 190 190
1.08926 56.39548 3.08861 186 186 186
0.97161 56.40334 3.13285 192 192 192
0.85052 56.40353 3.16654 191 191 191
0.72903 56.40162 3.19844 205 205 205
0.60576 56.39528 3.22243 200 200 200
0.48300 56.39846 3.24940 189 189 189
0.35753 56.39663 3.25848 203 203 203
0.23328 56.40361 3.27726 198 198 198
0.10798 56.40329 3.28726 197 197 197
-0.01773 56.39717 3.28679 192 192 192
-0.14335 56.39892 3.28525 198 198 198
-0.26925 56.40275 3.28383 199 199 199
-0.39395 56.40210 3.26669 196 196 196
-0.51771 56.39710 3.24474 199 199 199
-0.64294 56.40231 3.23115 194 194 194
-0.76336 56.40374 3.19378 198 198 198
-0.88818 56.40005 3.17440 192 192 192
-1.00477 56.40075 3.12579 201 201 201
-1.12402 56.39777 3.08674 199 199 199
-1.24307 56.39896 3.04626 196 196 196
-1.35563 56.39690 2.99016 199 199 199
-1.46904 56.39853 2.93638 193 193 193
-1.58339 56.40368 2.88371 194 194 194
-1.69005 56.40060 2.81702 194 194 194
-1.79532 56.40328 2.74840 188 188 188
-1.89844 56.40320 2.67663 191 191 191
-1.99736 56.40173 2.59920 194 194 194
-2.09399 56.39513 2.51905 189 189 189
-2.19310 56.40026 2.44136 191 191 191
-2.28187 56.39503 2.35221 185 185 185
-2.36646 56.40098 2.25921 177 177 177
-2.44902 56.39728 2.16459 179 179 179
-2.53060 56.39753 2.06906 189 189 189
-2.60601 56.39909 1.96858 189 189 189
-2.67939 56.39722 1.86655 186 186 186
-2.74253 56.39659 1.75785 180 180 180
-2.80978 56.39849 1.65171 179 179 179
-2.86640 56.39713 1.53957 188 188 188
-2.92640 56.39652 1.42901 182 182 182
-2.97157 56.40261 1.31162 179 179 179
-3.01819 56.40209 1.19503 172 172 172
-3.06425 56.39975 1.07798 177 177 177
-3.10289 56.40428 0.95821 173 173 173
-3.12970 56.39992 0.83523 168 168 168
-3.15931 56.39499 0.71301 169 169 169
-3.17878 56.40118 0.58878 170 170 170
-3.19520 56.40061 0.46420 171 171 171
-3.20243 56.39575 0.33876 177 177 177
-3.21301 56.39769 0.21367 171 171 171
-3.22203 56.40031 0.08813 169 169 169
-3.21540 56.40200 -0.03752 169 169 169
-3.20417 56.40168 -0.16266 167 167 167
-3.20206 56.40037 -0.28878 161 161 161
-3.17987 56.39666 -0.41273 168 168 168
-3.15999 56.39700 -0.53693 165 165 165
-3.12593 56.39729 -0.65812 156 156 156
-3.09532 56.40279 -0.77988 161 161 161
-3.06644 56.39467 -0.90250 154 154 154
-3.02157 56.40208 -1.02009 165 165 165
-2.97699 56.39610 -1.13768 162 162 162
-2.92215 56.39933 -1.25088 152 152 152
-2.86384 56.40100 -1.36209 152 152 152
-2.81316 56.40015 -1.47744 160 160 160
-2.74881 56.40191 -1.58554 158 158 158
-2.67960 56.39447 -1.69054 154 154 154
-2.60613 56.40231 -1.79252 151 151 151
-2.52854 56.40162 -1.89130 149 149 149
-2.45247 56.40248 -1.99140 147 147 147
-2.36692 56.40099 -2.08350 148 148 148
-2.27967 56.39967 -2.17387 147 147 147
-2.19142 56.39981 -2.26342 147 147 147
-2.09484 56.40306 -2.34393 152 152 152
-1.99824 56.40058 -2.42420 142 142 142
-1.90002 56.39908 -2.50269 136 136 136
-1.79507 56.39839 -2.57191 142 142 142
-1.68757 56.40031 -2.63686 144 144 144
-1.58310 56.40098 -2.70710 143 143 143
-1.46956 56.39827 -2.76131 141 141 141
-1.35969 56.40017 -2.82286 138 138 138
-1.24363 56.40062 -2.87150 142 142 142
-1.12919 56.39746 -2.92468 137 137 137
-1.00626 56.39707 -2.95430 139 139 139
-0.88783 56.39989 -2.99705 141 141 141
-0.76412 56.39853 -3.02087 144 144 144
-0.64237 56.39936 -3.05218 134 134 134
-0.51817 56.39538 -3.07158 135 135 135
-0.39382 56.39745 -3.08949 145 145 145
-0.26928 56.39927 -3.10820 146 146 146
-0.14372 56.40548 -3.11870 133 133 133
-0.01773 56.40420 -3.10795 135 135 135
0.10813 56.39540 -3.11522 133 133 133
0.23350 56.39969 -3.10397 145 145 145
0.35775 56.39958 -3.08430 145 145 145
0.48332 56.39802 -3.07537 154 154 154
0.60677 56.39944 -3.05147 138 138 138
0.73081 56.40063 -3.02976 144 144 144
0.85190 56.39772 -2.99537 139 139 139
0.97207 56.39894 -2.95818 138 138 138
1.08930 56.39673 -2.91264 137 137 137
1.20705 56.40358 -2.86877 142 142 142
1.31908 56.39739 -2.81168 141 141 141
1.43334 56.40158 -2.75980 141 141 141
1.54528 56.40324 -2.70287 146 146 146
1.65301 56.40215 -2.63831 139 139 139
1.75964 56.39927 -2.57195 142 142 142
1.86505 56.40212 -2.50335 147 147 147
1.96648 56.40260 -2.42889 145 145 145
2.06052 56.40039 -2.34525 143 143 143
2.15715 56.39954 -2.26470 146 146 146
2.24212 56.40343 -2.17178 146 146 146
2.33064 56.40330 -2.08274 148 148 148
2.41185 56.39790 -1.98699 147 147 147
2.49674 56.40066 -1.89418 147 147 147
2.57126 56.39711 -1.79293 148 148 148
2.64834 56.40227 -1.69333 159 159 159
2.71528 56.40597 -1.58671 151 151 151
2.77469 56.40329 -1.47575 153 153 153
2.83221 56.40322 -1.36403 155 155 155
2.88330 56.39760 -1.24931 147 147 147
2.93892 56.40139 -1.13660 158 158 158
2.98464 56.40130 -1.01954 162 162 162
3.02396 56.40213 -0.90021 155 155 155
3.06701 56.39854 -0.78189 154 154 154
3.08953 56.39762 -0.65789 168 168 168
3.11733 56.39748 -0.53550 164 164 164
3.14736 56.39687 -0.41319 167 167 167
3.15231 56.39848 -0.28709 163 163 163
3.16386 56.39981 -0.16228 168 168 168
3.18310 56.40409 -0.03764 170 170 170
3.17288 56.79993 0.08875 167 167 167
3.17241 56.79802 0.21446 166 166 166
3.16093 56.80044 0.33966 165 165 165
3.15109 56.80204 0.46492 175 175 175
3.12861 56.80388 0.58857 179 179 179
3.11309 56.79968 0.71338 170 170 170
3.08554 56.79851 0.83604 170 170 170
3.05129 56.79787 0.95696 172 172 172
3.02468 56.80377 1.08035 182 182 182
2.97328 56.80072 1.19567 178 178 178
2.93442 56.80233 1.31547 183 183 183
2.87610 56.79920 1.42716 180 180 180
2.81784 56.80334 1.53834 180 180 180
2.76109 56.80046 1.65024 187 187 187
2.69909 56.80011 1.75939 178 178 178
2.63424 56.80165 1.86703 180 180 180
2.56547 56.80167 1.97239 193 193 193
2.48655 56.79884 2.07038 183 183 183
2.40727 56.79797 2.16793 185 185 185
2.32648 56.79660 2.26442 184 184 184
2.23834 56.80354 2.35423 182 182 182
2.13886 56.80236 2.43192 188 188 188
2.05446 56.80046 2.52600 189 189 189
1.95533 56.80095 2.60350 188 188 188
1.85333 56.79971 2.67700 187 187 187
1.75255 56.80280 2.75225 196 196 196
1.64396 56.79992 2.81574 188 188 188
1.53571 56.80085 2.87944 198 198 198
1.42884 56.79621 2.94628 190 190 190
1.31236 56.79726 2.99437 191 191 191
1.19611 56.80380 3.04198 195 195 195
1.08068 56.79743 3.09166 199 199 199
0.96152 56.80220 3.13160 194 194 194
0.84062 56.80056 3.16567 190 190 190
0.72075 56.79980 3.20402 199 199 199
0.59564 56.80351 3.21984 191 191 191
0.47262 56.80161 3.24435 198 198 198
0.34888 56.80076 3.26605 195 195 195
0.22354 56.79806 3.27455 196 196 196
0.09840 56.80042 3.28520 202 202 202
-0.02720 56.79525 3.28786 190 190 190
-0.15292 56.80331 3.28852 196 196 196
-0.27878 56.79786 3.28525 201 201 201
-0.40270 56.80326 3.26121 195 195 195
-0.52793 56.80060 3.25016 197 197 197
-0.65155 56.79888 3.22748 198 198 198
-0.77333 56.80230 3.19649 186 186 186
-0.89656 56.80040 3.17118 200 200 200
-1.01557 56.80688 3.13054 192 192 192
-1.13447 56.79296 3.09003 192 192 192
-1.25350 56.79982 3.04921 189 189 189
-1.36982 56.80045 3.00104 187 187 187
-1.48168 56.79857 2.94324 188 188 188
-1.58768 56.79953 2.87510 191 191 191
-1.70005 56.79975 2.81852 184 184 184
-1.80192 56.79744 2.74474 193 193 193
-1.90882 56.79908 2.67851 187 187 187
-2.00914 56.80309 2.60276 180 180 180
-2.10343 56.79590 2.51965 193 193 193
-2.19721 56.80087 2.43620 194 194 194
-2.28517 56.79919 2.34667 187 187 187
-2.37740 56.80277 2.26120 178 178 178
-2.46047 56.80214 2.16692 187 187 187
-2.53936 56.80090 2.06914 182 182 182
-2.61716 56.80205 1.97043 190 190 190
-2.68810 56.80048 1.86668 183 183 183
-2.75452 56.79923 1.76002 180 180 180
-2.82215 56.79696 1.65397 184 184 184
-2.87673 56.80171 1.54063 176 176 176
-2.93385 56.80085 1.42871 185 185 185
-2.98436 56.79915 1.31363 177 177 177
-3.02932 56.80103 1.19627 174 174 174
-3.06579 56.80303 1.07603 170 170 170
-3.10737 56.79855 0.95744 178 178 178
-3.12966 56.80409 0.83357 173 173 173
-3.16642 56.80255 0.71317 170 170 170
-3.18348 56.80312 0.58865 170 170 170
-3.20106 56.79508 0.46440 170 170 170
-3.22029 56.80346 0.34005 167 167 167
-3.22344 56.80163 0.21433 168 168 168
-3.22806 56.79919 0.08875 162 162 162
-3.22686 56.79700 -0.03697 167 167 167
-3.21205 56.79994 -0.16191 164 164 164
-3.20775 56.80186 -0.28770 159 159 159
-3.18766 56.79695 -0.41183 160 160 160
-3.16835 56.79755 -0.53608 159 159 159
-3.14082 56.80046 -0.65879 161 161 161
-3.11117 56.80319 -0.78105 164 164 164
-3.07091 56.80075 -0.90024 155 155 155
-3.02613 56.80075 -1.01765 163 163 163
-2.98447 56.80165 -1.13623 154 154 154
-2.93461 56.79824 -1.25162 158 158 158
-2.87483 56.79648 -1.36223 156 156 156
-2.81980 56.79752 -1.47523 155 155 155
-2.75170 56.79929 -1.58087 145 145 145
-2.68926 56.79586 -1.69003 156 156 156
-2.61793 56.80087 -1.79358 155 155 155
-2.54498 56.80378 -1.89616 146 146 146
-2.45721 56.80546 -1.98673 148 148 148
-2.37644 56.80016 -2.08292 153 153 153
-2.28802 56.80330 -2.17212 138 138 138
-2.19883 56.79968 -2.26056 144 144 144
-2.10577 56.80246 -2.34499 147 147 147
-2.00781 56.79793 -2.42370 142 142 142
-1.90827 56.80388 -2.50037 142 142 142
-1.80484 56.80377 -2.57174 140 140 140
-1.70097 56.80265 -2.64264 141 141 141
-1.59006 56.80294 -2.70199 143 143 143
-1.47842 56.79834 -2.75949 139 139 139
-1.36645 56.80371 -2.81636 141 141 141
-1.25037 56.79883 -2.86428 140 140 140
-1.13316 56.79582 -2.90912 144 144 144
-1.01657 56.80095 -2.95626 138 138 138
-0.89472 56.80186 -2.98729 142 142 142
-0.77502 56.79909 -3.02620 140 140 140
-0.65135 56.79927 -3.04910 133 133 133
-0.52812 56.79779 -3.07399 144 144 144
-0.40285 56.79939 -3.08512 133 133 133
-0.27868 56.80033 -3.10665 140 140 140
-0.15294 56.79768 -3.11159 137 137 137
-0.02720 56.79841 -3.11112 131 131 131
0.09817 56.79916 -3.10198 141 141 141
0.22382 56.80021 -3.10071 141 141 141
0.34870 56.79933 -3.08722 134 134 134
0.47341 56.80358 -3.07194 133 133 133
0.59713 56.79917 -3.04996 143 143 143
0.72195 56.80259 -3.03168 137 137 137
0.84090 56.79855 -2.98932 138 138 138
0.96359 56.79991 -2.96060 143 143 143
1.08025 56.80016 -2.91314 145 145 145
1.19834 56.80331 -2.86998 141 141 141
1.31095 56.79867 -2.81395 138 138 138
1.42250 56.79728 -2.75648 145 145 145
1.53619 56.79837 -2.70291 142 142 142
1.64040 56.80098 -2.63256 142 142 142
1.75087 56.79910 -2.57236 146 146 146
1.85645 56.80253 -2.50391 144 144 144
1.95266 56.79415 -2.42274 149 149 149
2.04860 56.80270 -2.34174 145 145 145
2.14750 56.80180 -2.26387 147 147 147
2.23660 56.79854 -2.17510 152 152 152
2.32391 56.79699 -2.08463 143 143 143
2.40985 56.79892 -1.99273 152 152 152
2.48516 56.79748 -1.89188 149 149 149
2.56022 56.79474 -1.79116 142 142 142
2.63491 56.80098 -1.69005 157 157 157
2.70493 56.80162 -1.58554 156 156 156
2.77059 56.80118 -1.47813 152 152 152
2.82105 56.79803 -1.36254 160 160 160
2.87806 56.79840 -1.25063 160 160 160
2.92723 56.80126 -1.13505 152 152 152
2.98058 56.79499 -1.02091 160 160 160
3.01431 56.79197 -0.89953 156 156 156
3.05470 56.80297 -0.78046 158 158 158
3.08771 56.79591 -0.65909 156 156 156
3.11193 56.80168 -0.53568 151 151 151
3.13381 56.80206 -0.41192 171 171 171
3.14956 56.80242 -0.28725 160 160 160
3.16513 56.80199 -0.16250 165 165 165
3.17270 56.80480 -0.03698 172 172 172
3.16567 57.19730 0.08938 170 170 170
3.15986 57.19408 0.21496 172 172 172
3.15408 57.20208 0.34049 164 164 164
3.14344 57.19579 0.46576 161 161 161
3.12571 57.19888 0.59024 177 177 177
3.10370 57.19751 0.71402 173 173 173
3.07592 57.19635 0.83663 169 169 169
3.04854 57.20174 0.95948 187 187 187
3.01098 57.20067 1.07960 174 174 174
2.96357 57.19835 1.19620 174 174 174
2.92375 57.19706 1.31560 181 181 181
2.87390 57.20160 1.43114 170 170 170
2.81540 57.19648 1.54254 182 182 182
2.75176 57.19955 1.65094 183 183 183
2.69255 57.19927 1.76180 186 186 186
2.62110 57.20351 1.86520 182 182 182
2.55277 57.20083 1.97066 187 187 187
2.47514 57.19952 2.06948 182 182 182
2.39317 57.20062 2.16460 196 196 196
2.31693 57.19908 2.26496 187 187 187
2.22649 57.20131 2.35247 192 192 192
2.13238 57.19904 2.43577 184 184 184
2.04237 57.20363 2.52354 190 190 190
1.94653 57.19812 2.60497 188 188 188
1.84272 57.20075 2.67605 194 194 194
1.74258 57.19908 2.75212 184 184 184
1.63574 57.19752 2.81840 190 190 190
1.52942 57.20147 2.88572 190 190 190
1.41574 57.20174 2.93978 195 195 195
1.30436 57.20054 2.99818 188 188 188
1.18835 57.20168 3.04671 198 198 198
1.07293 57.20767 3.09692 203 203 203
0.95372 57.20134 3.13732 191 191 191
0.83169 57.19807 3.16818 193 193 193
0.71091 57.19920 3.20309 198 198 198
0.58804 57.19902 3.22979 198 198 198
0.46426 57.20183 3.25187 198 198 198
0.33917 57.20007 3.26453 201 201 201
0.21450 57.20426 3.28047 198 198 198
0.08897 57.20247 3.28644 201 201 201
-0.03665 57.20148 3.28969 191 191 191
-0.16212 57.20069 3.28277 192 192 192
-0.28752 57.20134 3.27680 198 198 198
-0.41351 57.19864 3.27335 199 199 199
-0.53729 57.19594 3.25014 194 194 194
-0.65937 57.20322 3.21989 205 205 205
-0.78417 57.19311 3.20292 195 195 195
-0.90554 57.20014 3.17011 196 196 196
-1.02438 57.20168 3.12920 196 196 196
-1.14362 57.20292 3.08986 196 196 196
-1.25961 57.20247 3.04177 189 189 189
-1.37213 57.20316 2.98617 191 191 191
-1.48891 57.19959 2.93952 186 186 186
-1.59948 57.19880 2.87994 196 196 196
-1.71136 57.19987 2.82218 201 201 201
-1.81043 57.19738 2.74395 191 191 191
-1.91901 57.20185 2.68016 190 190 190
-2.01635 57.19949 2.60056 190 190 190
-2.11518 57.20630 2.52296 191 191 191
-2.20907 57.20249 2.43943 192 192 192
-2.29917 57.20267 2.35185 189 189 189
-2.38603 57.19718 2.26108 181 181 181
-2.47083 57.20492 2.16832 188 188 188
-2.55010 57.20078 2.07078 189 189 189
-2.62274 57.20112 1.96824 184 184 184
-2.70038 57.19945 1.86919 182 182 182
-2.76837 57.19952 1.76335 179 179 179
-2.83075 57.19497 1.65412 188 188 188
-2.89127 57.20245 1.54385 182 182 182
-2.94456 57.20030 1.42992 174 174 174
-2.99312 57.20004 1.31397 174 174 174
-3.03543 57.19871 1.19566 165 165 165
-3.07429 57.19832 1.07635 182 182 182
-3.11807 57.20078 0.95841 179 179 179
-3.14837 57.19883 0.83642 167 167 167
-3.17555 57.19414 0.71373 166 166 166
-3.20327 57.19750 0.59091 171 171 171
-3.21422 57.19804 0.46546 185 185 185
-3.23722 57.19948 0.34126 171 171 171
-3.23359 57.20237 0.21498 165 165 165
-3.23870 57.19737 0.08938 161 161 161
-3.22992 57.20261 -0.03609 171 171 171
-3.22763 57.20230 -0.16177 161 161 161
-3.21900 57.20241 -0.28729 160 160 160
-3.19845 57.19949 -0.41142 168 168 168
-3.18051 57.20111 -0.53599 162 162 162
-3.14685 57.19785 -0.65734 163 163 163
-3.11406 57.20118 -0.77857 162 162 162
-3.07516 57.20484 -0.89792 164 164 164
-3.04375 57.19869 -1.02003 154 154 154
-2.99052 57.19492 -1.13419 159 159 159
-2.94203 57.20337 -1.25005 151 151 151
-2.88720 57.20121 -1.36308 150 150 150
-2.82884 57.19990 -1.47436 155 155 155
-2.76135 57.19810 -1.58036 154 154 154
-2.70005 57.20037 -1.69029 156 156 156
-2.62474 57.19621 -1.79102 154 154 154
-2.54713 57.19598 -1.88977 145 145 145
-2.47385 57.20270 -1.99223 146 146 146
-2.38646 57.20104 -2.08281 151 151 151
-2.29905 57.19864 -2.17307 143 143 143
-2.20711 57.20695 -2.25866 153 153 153
-2.11818 57.20136 -2.34782 144 144 144
-2.02052 57.19802 -2.42719 145 145 145
-1.91914 57.19893 -2.50168 150 150 150
-1.81608 57.20475 -2.57376 146 146 146
-1.70835 57.19795 -2.63863 138 138 138
-1.60002 57.19794 -2.70225 147 147 147
-1.49030 57.18984 -2.76360 147 147 147
-1.37791 57.20073 -2.82007 145 145 145
-1.26354 57.19768 -2.87262 142 142 142
-1.14385 57.20288 -2.91185 144 144 144
-1.02477 57.20027 -2.95178 138 138 138
-0.90545 57.20067 -2.99116 136 136 136
-0.78246 57.20095 -3.01716 137 137 137
-0.66156 57.20259 -3.05227 137 137 137
-0.53772 57.19902 -3.07428 146 146 146
-0.41257 57.20076 -3.08678 135 135 135
-0.28764 57.20211 -3.09970 138 138 138
-0.16213 57.19798 -3.10422 145 145 145
-0.03665 57.19695 -3.10819 138 138 138
0.08884 57.19873 -3.10464 138 138 138
0.21414 57.20151 -3.09721 141 141 141
0.33926 57.20225 -3.08668 138 138 138
0.46399 57.20060 -3.07153 134 134 134
0.58725 57.19837 -3.04722 133 133 133
0.70869 57.20147 -3.01522 139 139 139
0.83245 57.19847 -2.99226 142 142 142
0.95105 57.19819 -2.95048 137 137 137
1.06891 57.20008 -2.90740 133 133 133
1.18696 57.19652 -2.86471 140 140 140
1.30064 57.19646 -2.81148 143 143 143
1.41477 57.19986 -2.75924 142 142 142
1.52548 57.20217 -2.70004 141 141 141
1.63613 57.20035 -2.64039 148 148 148
1.74186 57.19539 -2.57239 149 149 149
1.84149 57.20366 -2.49570 144 144 144
1.94417 57.20501 -2.42332 149 149 149
2.04149 57.20097 -2.34385 146 146 146
2.13586 57.19840 -2.26087 148 148 148
2.22419 57.19747 -2.17151 146 146 146
2.31101 57.20232 -2.08083 155 155 155
2.39230 57.20166 -1.98519 155 155 155
2.47888 57.20102 -1.89375 153 153 153
2.54957 57.20015 -1.78966 153 153 153
2.62306 57.20029 -1.68782 154 154 154
2.69457 57.19949 -1.58436 157 157 157
2.75402 57.19871 -1.47351 154 154 154
2.82036 57.20124 -1.36638 155 155 155
2.87048 57.19985 -1.25086 158 158 158
2.92016 57.19733 -1.13540 154 154 154
2.96525 57.19678 -1.01811 159 159 159
3.01146 57.19820 -0.90104 155 155 155
3.04392 57.20624 -0.77946 152 152 152
3.07194 57.20102 -0.65695 161 161 161
3.09565 57.20057 -0.53370 163 163 163
3.12122 57.19929 -0.41080 166 166 166
3.13889 57.20161 -0.28648 165 165 165
3.15519 57.19880 -0.16184 167 167 167
3.15946 57.19788 -0.03620 165 165 165
3.15329 57.59650 0.09000 173 173 173
3.14895 57.60295 0.21553 169 169 169
3.14243 57.59863 0.34094 172 172 172
3.13338 57.60093 0.46631 171 171 171
3.11438 57.60136 0.59056 177 177 177
3.08762 57.60096 0.71333 166 166 166
3.06713 57.59996 0.83741 171 171 171
3.03261 57.59871 0.95827 172 172 172
2.99755 57.60178 1.07892 172 172 172
2.95652 57.60109 1.19771 174 174 174
2.91054 57.60005 1.31466 179 179 179
2.86348 57.59701 1.43131 181 181 181
2.80377 57.59745 1.54206 179 179 179
2.74725 57.60025 1.65432 179 179 179
2.68465 57.59989 1.76337 177 177 177
2.61653 57.60116 1.86908 180 180 180
2.54093 57.59839 1.96955 186 186 186
2.46817 57.60195 2.07205 184 184 184
2.38835 57.60179 2.16917 188 188 188
2.30061 57.60334 2.25923 184 184 184
2.21728 57.59963 2.35333 183 183 183
2.12522 57.59929 2.43886 188 188 188
2.03236 57.60177 2.52350 195 195 195
1.93491 57.60331 2.60284 183 183 183
1.83152 57.59805 2.67425 193 193 193
1.73353 57.60277 2.75334 200 200 200
1.62284 57.59910 2.81338 196 196 196
1.51639 57.60483 2.87994 186 186 186
1.40608 57.60182 2.93997 196 196 196
1.29438 57.60009 2.99764 195 195 195
1.17909 57.60266 3.04777 201 201 201
1.06132 57.59416 3.09168 194 194 194
0.94303 57.60241 3.13411 192 192 192
0.82292 57.60253 3.17119 192 192 192
0.70074 57.59961 3.20067 189 189 189
0.57767 57.60278 3.22577 196 196 196
0.45479 57.59781 3.25233 193 193 193
0.32981 57.59803 3.26588 196 196 196
0.20447 57.59880 3.27355 205 205 205
0.07963 57.59894 3.28964 200 200 200
-0.04609 57.59959 3.29139 192 192 192
-0.17198 57.59902 3.29417 192 192 192
-0.29690 57.59743 3.27678 206 206 206
-0.42170 57.60100 3.26342 193 193 193
-0.54608 57.59595 3.24670 193 193 193
-0.66949 57.59934 3.22398 193 193 193
-0.79389 57.59983 3.20473 197 197 197
-0.91418 57.59723 3.16792 194 194 194
-1.03524 57.60053 3.13420 195 195 195
-1.15437 57.60245 3.09405 197 197 197
-1.27075 57.59971 3.04651 186 186 186
-1.38497 57.60397 2.99418 198 198 198
-1.49745 57.60212 2.93839 193 193 193
-1.60889 57.60564 2.88053 193 193 193
-1.71858 57.60083 2.81921 193 193 193
-1.82299 57.59741 2.74927 191 191 191
-1.92726 57.60331 2.67916 187 187 187
-2.02650 57.60000 2.60209 193 193 193
-2.12763 57.59923 2.52713 193 193 193
-2.21618 57.59924 2.43755 186 186 186
-2.30214 57.59947 2.34601 184 184 184
-2.39586 57.59945 2.26207 185 185 185
-2.48023 57.60109 2.16891 179 179 179
-2.55824 57.60001 2.07039 181 181 181
-2.63396 57.60479 1.97017 178 178 178
-2.71309 57.59626 1.87201 191 191 191
-2.76988 57.59578 1.75912 179 179 179
-2.83491 57.60255 1.65179 180 180 180
-2.89457 57.60211 1.54136 175 175 175
-2.95124 57.59652 1.42928 169 169 169
-3.00800 57.60395 1.31685 184 184 184
-3.04893 57.59709 1.19779 175 175 175
-3.09632 57.59802 1.08107 183 183 183
-3.12700 57.59995 0.95890 181 181 181
-3.15411 57.60109 0.83616 176 176 176
-3.18278 57.59652 0.71392 172 172 172
-3.20342 57.60083 0.59007 180 180 180
-3.23132 57.60562 0.46699 172 172 172
-3.24185 57.60386 0.34151 172 172 172
-3.24515 57.60039 0.21569 168 168 168
-3.24534 57.59921 0.09000 172 172 172
-3.24347 57.60038 -0.03563 163 163 163
-3.23970 57.59992 -0.16135 166 166 166
-3.22637 57.59868 -0.28642 163 163 163
-3.20556 57.59896 -0.41042 162 162 162
-3.18707 57.60157 -0.53479 158 158 158
-3.15976 57.59656 -0.65754 153 153 153
-3.12360 57.59906 -0.77797 162 162 162
-3.08533 57.59601 -0.89753 162 162 162
-3.05321 57.60288 -1.01941 160 160 160
-3.00066 57.59909 -1.13385 166 166 166
-2.95047 57.59900 -1.24896 148 148 148
-2.89811 57.59903 -1.36321 155 155 155
-2.83609 57.59911 -1.47251 152 152 152
-2.77752 57.59680 -1.58385 152 152 152
-2.70412 57.59997 -1.68607 160 160 160
-2.63376 57.60106 -1.79009 150 150 150
-2.55285 57.59973 -1.88620 150 150 150
-2.48093 57.59994 -1.98958 150 150 150
-2.39552 57.59955 -2.08183 149 149 149
-2.30961 57.59884 -2.17356 149 149 149
-2.21871 57.59998 -2.26036 147 147 147
-2.12408 57.60138 -2.34305 138 138 138
-2.02988 57.60203 -2.42647 146 146 146
-1.92622 57.60600 -2.49782 144 144 144
-1.82561 57.60220 -2.57327 139 139 139
-1.71958 57.60164 -2.64092 143 143 143
-1.60859 57.60429 -2.70007 145 145 145
-1.49724 57.59693 -2.75808 139 139 139
-1.38484 57.59908 -2.81400 142 142 142
-1.26898 57.60067 -2.86235 146 146 146
-1.15469 57.60004 -2.91502 147 147 147
-1.03449 57.60064 -2.95201 140 140 140
-0.91432 57.59837 -2.98852 141 141 141
-0.79218 57.59748 -3.01770 141 141 141
-0.67087 57.59983 -3.05102 140 140 140
-0.54670 57.60050 -3.07073 144 144 144
-0.42202 57.59666 -3.08620 134 134 134
-0.29776 57.59720 -3.10779 138 138 138
-0.17185 57.60022 -3.11076 145 145 145
-0.04609 57.60311 -3.10543 140 140 140
0.07969 57.59851 -3.11118 127 127 127
0.20500 57.60160 -3.10036 142 142 142
0.33060 57.59932 -3.09264 142 142 142
0.45510 57.59797 -3.07441 139 139 139
0.57789 57.60042 -3.04696 146 146 146
0.70170 57.60168 -3.02477 138 138 138
0.82141 57.60259 -2.98593 141 141 141
0.94211 57.59960 -2.95137 135 135 135
1.06159 57.60064 -2.91252 139 139 139
1.17768 57.59558 -2.86447 148 148 148
1.29310 57.60129 -2.81495 144 144 144
1.40504 57.60344 -2.75802 140 140 140
1.51928 57.60040 -2.70520 142 142 142
1.62666 57.59805 -2.63972 146 146 146
1.72951 57.59840 -2.56740 144 144 144
1.83266 57.59915 -2.49591 150 150 150
1.93360 57.59646 -2.42126 151 151 151
2.03181 57.60049 -2.34294 151 151 151
2.12376 57.59553 -2.25737 153 153 153
2.21791 57.59736 -2.17404 148 148 148
2.30391 57.60218 -2.08235 151 151 151
2.38808 57.59996 -1.98901 147 147 147
2.46730 57.59283 -1.89143 150 150 150
2.54162 57.59790 -1.79012 148 148 148
2.61441 57.60494 -1.68772 146 146 146
2.68190 57.60097 -1.58174 158 158 158
2.74279 57.60002 -1.47188 154 154 154
2.80446 57.60361 -1.36246 159 159 159
2.85274 57.60016 -1.24640 158 158 158
2.91028 57.59976 -1.13459 156 156 156
2.95520 57.60153 -1.01726 157 157 157
2.99714 57.60063 -0.89882 155 155 155
3.03112 57.59809 -0.77788 166 166 166
3.06073 57.59971 -0.65590 159 159 159
3.09440 57.60216 -0.53470 160 160 160
3.12048 57.60085 -0.41155 166 166 166
3.13239 57.60113 -0.28621 164 164 164
3.14078 57.59526 -0.16082 162 162 162
3.14786 57.59907 -0.03549 165 165 165
3.14282 58.00201 0.09063 171 171 171
3.13413 58.00038 0.21594 165 165 165
3.12982 57.99986 0.34131 179 179 179
3.12333 58.00143 0.46686 167 167 167
3.11129 58.00328 0.59219 175 175 175
3.09188 57.99662 0.71667 175 175 175
3.05572 57.99931 0.83756 179 179 179
3.02400 58.00372 0.95913 176 176 176
2.98654 57.99924 1.07904 179 179 179
2.95689 57.99731 1.20194 173 173 173
2.89781 57.99523 1.31392 184 184 184
2.84550 58.00042 1.42799 179 179 179
2.79269 57.99396 1.54184 182 182 182
2.74274 57.99990 1.65770 180 180 180
2.67887 58.00283 1.76623 187 187 187
2.60639 58.00103 1.86922 184 184 184
2.53175 58.00321 1.97035 193 193 193
2.45730 58.00131 2.07153 181 181 181
2.37295 58.00525 2.16469 191 191 191
2.29404 57.99602 2.26249 185 185 185
2.20576 57.99757 2.35186 189 189 189
2.11405 57.99905 2.43760 188 188 188
2.02121 58.00057 2.52211 190 190 190
1.92810 57.99890 2.60677 193 193 193
1.82488 57.99933 2.67871 180 180 180
1.72082 58.00319 2.74904 198 198 198
1.61558 57.99915 2.81754 184 184 184
1.50749 57.99895 2.88150 189 189 189
1.39703 57.99824 2.94132 193 193 193
1.28232 58.00207 2.99252 190 190 190
1.16952 57.99748 3.04803 197 197 197
1.05162 58.00241 3.09154 187 187 187
0.93397 58.00049 3.13583 191 191 191
0.81255 57.99981 3.16843 192 192 192
0.69197 58.00105 3.20398 196 196 196
0.56931 58.00050 3.23169 199 199 199
0.44543 58.00025 3.25328 197 197 197
0.32099 58.00000 3.27149 194 194 194
0.19511 57.99541 3.27484 190 190 190
0.07020 57.99812 3.28993 200 200 200
-0.05550 58.00042 3.29096 191 191 191
-0.18124 58.00307 3.29081 192 192 192
-0.30675 57.99886 3.28288 197 197 197
-0.43201 57.99599 3.27161 197 197 197
-0.55543 58.00375 3.24694 192 192 192
-0.68012 58.00067 3.23073 197 197 197
-0.80126 57.99822 3.19687 193 193 193
-0.92482 57.99684 3.17291 191 191 191
-1.04411 57.99915 3.13318 194 194 194
-1.16436 58.00256 3.09625 199 199 199
-1.27567 58.00039 3.03630 192 192 192
-1.39429 57.99628 2.99463 197 197 197
-1.50666 57.99698 2.93863 191 191 191
-1.61894 58.00136 2.88229 191 191 191
-1.72405 58.00173 2.81339 192 192 192
-1.83186 57.99803 2.74908 184 184 184
-1.93859 57.99922 2.68243 192 192 192
-2.03568 57.99998 2.60243 183 183 183
-2.13348 57.99699 2.52358 187 187 187
-2.22685 57.99966 2.43953 184 184 184
-2.32341 58.00094 2.35850 182 182 182
-2.40707 58.00306 2.26436 187 187 187
-2.49009 58.00036 2.16993 183 183 183
-2.56997 57.99928 2.07285 185 185 185
-2.64586 58.00040 1.97261 184 184 184
-2.71640 58.00095 1.86856 180 180 180
-2.78327 58.00315 1.76218 182 182 182
-2.84962 58.00152 1.65539 184 184 184
-2.90846 58.00329 1.54426 177 177 177
-2.95938 57.99932 1.42931 188 188 188
-3.01325 58.00236 1.31575 181 181 181
-3.05627 58.00002 1.19766 169 169 169
-3.09736 58.00159 1.07897 172 172 172
-3.13662 57.99950 0.95958 177 177 177
-3.16180 58.00230 0.83637 181 181 181
-3.19168 57.99972 0.71444 172 172 172
-3.21961 57.99629 0.59177 171 171 171
-3.23332 57.99786 0.46674 166 166 166
-3.24784 58.00031 0.34186 168 168 168
-3.25132 58.00440 0.21619 171 171 171
-3.24770 58.00319 0.09063 166 166 166
-3.25830 57.99852 -0.03522 165 165 165
-3.24087 58.00053 -0.16007 157 157 157
-3.23288 57.99912 -0.28545 167 167 167
-3.21486 58.00073 -0.40978 162 162 162
-3.19027 58.00397 -0.53293 162 162 162
-3.17257 57.99979 -0.65773 159 159 159
-3.13178 57.99903 -0.77699 154 154 154
-3.09432 58.00346 -0.89676 161 161 161
-3.04999 58.00087 -1.01412 163 163 163
-3.01355 57.99743 -1.13466 152 152 152
-2.96203 57.99933 -1.24933 160 160 160
-2.90431 57.99541 -1.36094 158 158 158
-2.84445 58.00358 -1.47129 147 147 147
-2.78578 57.99853 -1.58252 147 147 147
-2.72200 57.99971 -1.69110 156 156 156
-2.63810 57.99841 -1.78577 150 150 150
-2.56662 57.99477 -1.88901 151 151 151
-2.48974 58.00349 -1.98844 147 147 147
-2.40561 57.99683 -2.08182 146 146 146
-2.31838 58.00144 -2.17229 141 141 141
-2.22510 58.00039 -2.25646 148 148 148
-2.13107 58.00121 -2.33958 140 140 140
-2.03898 57.99834 -2.42543 148 148 148
-1.93524 58.00447 -2.49664 148 148 148
-1.83593 57.99980 -2.57400 139 139 139
-1.72602 58.00103 -2.63543 146 146 146
-1.61967 57.99849 -2.70242 141 141 141
-1.50772 57.99930 -2.75953 145 145 145
-1.39549 57.99870 -2.81605 138 138 138
-1.28009 58.00091 -2.86580 139 139 139
-1.16297 58.00224 -2.91133 138 138 138
-1.04378 57.99755 -2.95099 139 139 139
-0.92289 58.00086 -2.98490 136 136 136
-0.80346 57.99908 -3.02484 140 140 140
-0.67925 57.99990 -3.04518 140 140 140
-0.55554 57.99613 -3.06651 136 136 136
-0.43153 57.99729 -3.08638 135 135 135
-0.30663 58.00643 -3.10021 138 138 138
-0.18114 57.99855 -3.10707 142 142 142
-0.05550 57.99881 -3.10127 138 138 138
0.06989 57.99807 -3.10076 142 142 142
0.19550 58.00344 -3.09862 143 143 143
0.32124 58.00016 -3.09243 142 142 142
0.44417 57.99906 -3.06418 144 144 144
0.56917 57.99576 -3.04984 135 135 135
0.69151 58.00013 -3.02093 142 142 142
0.81197 57.99908 -2.98521 137 137 137
0.93321 58.00569 -2.95233 141 141 141
1.05058 58.00165 -2.90755 139 139 139
1.16954 58.00037 -2.86691 141 141 141
1.28390 57.99900 -2.81478 135 135 135
1.39830 57.99713 -2.76264 145 145 145
1.50635 58.00394 -2.69829 137 137 137
1.61465 57.99985 -2.63484 145 145 145
1.72080 57.99943 -2.56783 144 144 144
1.82719 58.00296 -2.50071 142 142 142
1.92761 57.99691 -2.42498 141 141 141
2.02309 57.99980 -2.34312 144 144 144
2.11697 58.00189 -2.25957 142 142 142
2.20559 57.99877 -2.17050 148 148 148
2.29522 58.00057 -2.08239 139 139 139
2.37784 57.99819 -1.98768 156 156 156
2.45966 57.99748 -1.89220 145 145 145
2.53623 58.00190 -1.79241 154 154 154
2.60435 58.00169 -1.68666 150 150 150
2.67246 57.99660 -1.58110 153 153 153
2.73746 57.99648 -1.47354 142 142 142
2.78916 57.99876 -1.35883 151 151 151
2.84985 57.99789 -1.24878 166 166 166
2.88881 58.00553 -1.12897 156 156 156
2.94684 58.00296 -1.01702 157 157 157
2.98657 57.99605 -0.89782 155 155 155
3.02498 58.00056 -0.77818 158 158 158
3.05839 58.00106 -0.65697 157 157 157
3.08086 58.00115 -0.53325 157 157 157
3.11259 57.99627 -0.41116 162 162 162
3.12512 57.99852 -0.28583 167 167 167
3.13297 58.00104 -0.16032 165 165 165
3.14544 57.99689 -0.03514 168 168 168
3.13179 58.40501 0.09125 172 172 172
3.13191 58.40252 0.21685 167 167 167
3.12362 58.40120 0.34219 172 172 172
3.11078 58.39536 0.46711 176 176 176
3.09370 58.40204 0.59152 162 162 162
3.07500 58.39861 0.71581 175 175 175
3.04243 58.40152 0.83724 168 168 168
3.02038 58.40022 0.96138 175 175 175
2.97582 58.40069 1.07923 174 174 174
2.93474 58.40100 1.19786 176 176 176
2.88739 58.39891 1.31411 178 178 178
2.84568 58.39676 1.43303 183 183 183
2.77843 58.39885 1.53998 184 184 184
2.72683 58.40082 1.65467 187 187 187
2.66734 58.39897 1.76554 189 189 189
2.59640 58.39706 1.86945 187 187 187
2.52444 58.39887 1.97249 181 181 181
2.45033 58.40512 2.07407 185 185 185
2.36789 58.39817 2.16901 188 188 188
2.28063 58.39837 2.25940 184 184 184
2.20059 58.39945 2.35669 187 187 187
2.10661 58.40177 2.44033 190 190 190
2.01220 58.39679 2.52317 186 186 186
1.91754 58.39814 2.60591 191 191 191
1.82024 58.39882 2.68586 191 191 191
1.71432 58.40100 2.75399 191 191 191
1.60393 58.40222 2.81447 192 192 192
1.49989 58.40385 2.88531 189 189 189
1.38802 58.39912 2.94270 193 193 193
1.27343 58.39659 2.99423 190 190 190
1.15798 58.39554 3.04347 186 186 186
1.04423 58.40151 3.09758 187 187 187
0.92301 58.39545 3.13164 194 194 194
0.80328 58.39832 3.16947 199 199 199
0.68183 58.39944 3.20147 198 198 198
0.55941 58.39850 3.22975 195 195 195
0.43581 58.40523 3.25245 199 199 199
0.31165 58.40149 3.27251 188 188 188
0.18583 58.39982 3.27680 191 191 191
0.06076 58.40205 3.28916 201 201 201
-0.06489 58.40292 3.28660 194 194 194
-0.19058 58.39621 3.29016 193 193 193
-0.31616 58.40043 3.28391 190 190 190
-0.44162 58.39950 3.27414 188 188 188
-0.56668 58.40377 3.25939 196 196 196
-0.68879 58.40017 3.22773 199 199 199
-0.81193 58.39825 3.20284 195 195 195
-0.93324 58.39891 3.17014 200 200 200
-1.05224 58.40301 3.12995 193 193 193
-1.17284 58.39850 3.09443 189 189 189
-1.29043 58.39815 3.04992 196 196 196
-1.40540 58.39819 2.99899 198 198 198
-1.51796 58.40048 2.94302 200 200 200
-1.62787 58.40174 2.88211 188 188 188
-1.73826 58.40278 2.82190 197 197 197
-1.84433 58.39886 2.75434 190 190 190
-1.94366 58.39822 2.67712 194 194 194
-2.04692 58.40087 2.60541 187 187 187
-2.14273 58.40197 2.52405 185 185 185
-2.23889 58.40206 2.44305 194 194 194
-2.33291 58.40002 2.35925 192 192 192
-2.41183 58.39811 2.26071 190 190 190
-2.49492 58.40214 2.16667 182 182 182
-2.57815 58.40195 2.07253 188 188 188
-2.65442 58.40173 1.97263 187 187 187
-2.71975 58.39934 1.86516 189 189 189
-2.79366 58.40070 1.76343 179 179 179
-2.85340 58.39851 1.65288 180 180 180
-2.91471 58.39675 1.54329 179 179 179
-2.97310 58.40294 1.43194 175 175 175
-3.01925 58.40675 1.31498 177 177 177
-3.06494 58.39897 1.19802 175 175 175
-3.10931 58.39861 1.08043 172 172 172
-3.15109 58.39585 0.96164 173 173 173
-3.17716 58.39995 0.83844 174 174 174
-3.20342 58.40090 0.71554 170 170 170
-3.22154 58.40395 0.59121 173 173 173
-3.23614 58.39622 0.46659 167 167 167
-3.25115 58.39832 0.34201 170 170 170
-3.26652 58.39755 0.21704 175 175 175
-3.26369 58.40498 0.09125 165 165 165
-3.26751 58.39964 -0.03458 167 167 167
-3.25705 58.40318 -0.15998 171 171 171
-3.24288 58.39552 -0.28490 163 163 163
-3.21881 58.39842 -0.40829 156 156 156
-3.20693 58.40316 -0.53375 159 159 159
-3.17815 58.40225 -0.65619 162 162 162
-3.14722 58.40244 -0.77807 159 159 159
-3.10462 58.40149 -0.89643 164 164 164
-3.06866 58.39775 -1.01692 155 155 155
-3.02478 58.40031 -1.13479 157 157 157
-2.96713 58.40253 -1.24672 159 159 159
-2.91168 58.40078 -1.35928 158 158 158
-2.85325 58.40338 -1.47033 167 167 167
-2.79497 58.40078 -1.58177 152 152 152
-2.72824 58.39683 -1.68837 161 161 161
-2.65184 58.40282 -1.78831 145 145 145
-2.57767 58.40565 -1.88969 154 154 154
-2.49356 58.39853 -1.98306 142 142 142
-2.41719 58.40203 -2.08322 149 149 149
-2.32930 58.40104 -2.17319 142 142 142
-2.23608 58.39668 -2.25756 140 140 140
-2.14190 58.39952 -2.34064 147 147 147
-2.04592 58.40062 -2.42171 146 146 146
-1.94924 58.39990 -2.50236 140 140 140
-1.84244 58.39837 -2.56907 138 138 138
-1.73420 58.40007 -2.63284 142 142 142
-1.62970 58.40360 -2.70294 140 140 140
-1.51591 58.40091 -2.75656 140 140 140
-1.40575 58.40337 -2.81733 140 140 140
-1.29124 58.40057 -2.86944 143 143 143
-1.17258 58.39816 -2.91131 142 142 142
-1.05318 58.40434 -2.95042 139 139 139
-0.93443 58.39855 -2.99193 139 139 139
-0.81238 58.40097 -3.02227 139 139 139
-0.68883 58.39640 -3.04552 141 141 141
-0.56590 58.40056 -3.07204 144 144 144
-0.44080 58.39905 -3.08480 138 138 138
-0.31621 58.39985 -3.10214 142 142 142
-0.19050 58.40004 -3.10568 138 138 138
-0.06489 58.39985 -3.10438 132 132 132
0.06051 58.39846 -3.10023 139 139 139
0.18606 58.39700 -3.09737 138 138 138
0.31140 58.40162 -3.08799 143 143 143
0.43659 58.39985 -3.07495 138 138 138
0.55951 58.40090 -3.04782 136 136 136
0.68369 58.39917 -3.02682 137 137 137
0.80548 58.40176 -2.99487 145 145 145
0.92445 58.39474 -2.95365 141 141 141
1.04125 58.39608 -2.90708 136 136 136
1.15955 58.39976 -2.86482 143 143 143
1.27375 58.40034 -2.81251 141 141 141
1.38980 58.39701 -2.76377 139 139 139
1.49811 58.39916 -2.69970 146 146 146
1.60565 58.40005 -2.63485 139 139 139
1.70837 58.39687 -2.56265 143 143 143
1.81609 58.39858 -2.49772 148 148 148
1.91789 58.40491 -2.42392 141 141 141
2.01487 58.40021 -2.34385 151 151 151
2.10617 58.40143 -2.25741 147 147 147
2.19776 58.40029 -2.17143 151 151 151
2.28487 58.40047 -2.08087 147 147 147
2.36710 58.39809 -1.98589 143 143 143
2.45093 58.39970 -1.89209 148 148 148
2.52779 58.39971 -1.79246 152 152 152
2.59374 58.40245 -1.68521 152 152 152
2.66221 58.40161 -1.57994 159 159 159
2.72405 58.39944 -1.47065 158 158 158
2.78114 58.40080 -1.35890 148 148 148
2.84274 58.40069 -1.24920 152 152 152
2.89492 58.39851 -1.13476 155 155 155
2.94257 58.40218 -1.01828 160 160 160
2.98058 58.39779 -0.89830 160 160 160
3.01671 58.40012 -0.77786 162 162 162
3.04628 58.40070 -0.65569 164 164 164
3.07714 58.40090 -0.53375 164 164 164
3.09789 58.39921 -0.40969 159 159 159
3.11405 58.40099 -0.28501 163 163 163
3.12676 58.39955 -0.15994 167 167 167
3.13155 58.39958 -0.03434 167 167 167
3.12257 58.79899 0.09187 169 169 169
3.12518 58.80040 0.21758 172 172 172
3.11378 58.80461 0.34278 173 173 173
3.10224 58.80095 0.46783 171 171 171
3.09220 58.80396 0.59339 174 174 174
3.06747 58.79558 0.71680 179 179 179
3.03586 58.79882 0.83854 178 178 178
3.00519 58.80311 0.96036 178 178 178
2.96785 58.79788 1.08030 168 168 168
2.92285 58.80116 1.19755 171 171 171
2.88223 58.80184 1.31648 171 171 171
2.83345 58.80354 1.43233 178 178 178
2.77659 58.79754 1.54443 180 180 180
2.71696 58.79698 1.65501 184 184 184
2.65532 58.80068 1.76454 186 186 186
2.58632 58.80260 1.86959 182 182 182
2.51111 58.79621 1.97023 184 184 184
2.43748 58.79673 2.07194 185 185 185
2.35490 58.79444 2.16654 187 187 187
2.27455 58.80051 2.26305 189 189 189
2.18784 58.79814 2.35393 188 188 188
2.09743 58.80193 2.44115 193 193 193
2.00305 58.79652 2.52404 187 187 187
1.90547 58.80017 2.60310 193 193 193
1.80676 58.80145 2.68082 196 196 196
1.70603 58.80038 2.75620 183 183 183
1.59844 58.80041 2.82141 197 197 197
1.48771 58.80018 2.88089 183 183 183
1.37793 58.80056 2.94188 190 190 190
1.26552 58.80084 2.99800 195 195 195
1.14970 58.80348 3.04668 192 192 192
1.03228 58.79726 3.09119 185 185 185
0.91579 58.80217 3.13881 198 198 198
0.79345 58.80128 3.16843 193 193 193
0.67114 58.80475 3.19656 196 196 196
0.54958 58.80045 3.22798 192 192 192
0.42625 58.79973 3.25180 197 197 197
0.30167 58.80259 3.26791 193 193 193
0.17707 58.80114 3.28502 192 192 192
0.05138 58.79826 3.28894 190 190 190
-0.07424 58.80110 3.29551 195 195 195
-0.19994 58.80080 3.29113 196 196 196
-0.32480 58.80118 3.27542 193 193 193
-0.45038 58.80074 3.26979 190 190 190
-0.57483 58.79539 3.25241 194 194 194
-0.69835 58.80334 3.22944 195 195 195
-0.82103 58.80319 3.20242 197 197 197
-0.94249 58.79852 3.17039 193 193 193
-1.06288 58.80029 3.13454 196 196 196
-1.18150 58.80196 3.09317 187 187 187
-1.30118 58.80045 3.05392 192 192 192
-1.41215 58.79882 2.99397 194 194 194
-1.52717 58.79875 2.94337 190 190 190
-1.63847 58.80094 2.88497 190 190 190
-1.74715 58.79972 2.82177 190 190 190
-1.85361 58.80332 2.75485 193 193 193
-1.95574 58.80305 2.68151 188 188 188
-2.05641 58.80037 2.60622 188 188 188
-2.15451 58.79987 2.52753 185 185 185
-2.24511 58.79960 2.44028 189 189 189
-2.33520 58.79649 2.35281 189 189 189
-2.42209 58.80277 2.26218 186 186 186
-2.50633 58.79841 2.16905 184 184 184
-2.58456 58.80172 2.07083 186 186 186
-2.66410 58.79601 1.97350 186 186 186
-2.73498 58.80324 1.86971 174 174 174
-2.80440 58.80041 1.76490 184 184 184
-2.86729 58.79842 1.65605 176 176 176
-2.92713 58.79962 1.54548 178 178 178
-2.98290 58.80398 1.43277 182 182 182
-3.02934 58.79985 1.31591 172 172 172
-3.07434 58.80061 1.19866 175 175 175
-3.11382 58.80099 1.07949 172 172 172
-3.15486 58.80072 0.96069 177 177 177
-3.18697 58.80020 0.83917 175 175 175
-3.21459 58.79724 0.71653 171 171 171
-3.23935 58.80257 0.59318 175 175 175
-3.25565 58.80012 0.46842 170 170 170
-3.26380 58.80036 0.34290 171 171 171
-3.27183 58.79997 0.21751 172 172 172
-3.27729 58.80475 0.09188 166 166 166
-3.26985 58.79959 -0.03368 167 167 167
-3.26771 58.80136 -0.15946 170 170 170
-3.25381 58.80268 -0.28446 160 160 160
-3.23460 58.79437 -0.40868 165 165 165
-3.21280 58.80099 -0.53243 166 166 166
-3.18133 58.80214 -0.65408 159 159 159
-3.15000 58.80106 -0.77559 165 165 165
-3.11792 58.79976 -0.89709 161 161 161
-3.08073 58.79443 -1.01729 156 156 156
-3.02421 58.80276 -1.13006 153 153 153
-2.97710 58.79900 -1.24638 151 151 151
-2.92396 58.79967 -1.36015 155 155 155
-2.86881 58.79585 -1.47318 151 151 151
-2.79866 58.80213 -1.57767 152 152 152
-2.73269 58.80429 -1.68447 153 153 153
-2.66504 58.79879 -1.79047 148 148 148
-2.58280 58.80101 -1.88573 149 149 149
-2.50939 58.79704 -1.98796 152 152 152
-2.42823 58.79572 -2.08415 152 152 152
-2.33761 58.79806 -2.17152 154 154 154
-2.24280 58.79971 -2.25408 146 146 146
-2.15624 58.79657 -2.34586 146 146 146
-2.05143 58.80146 -2.41620 146 146 146
-1.95707 58.80083 -2.49963 151 151 151
-1.85607 58.80208 -2.57484 141 141 141
-1.74546 58.80140 -2.63533 149 149 149
-1.63818 58.80076 -2.70076 139 139 139
-1.52715 58.79735 -2.75964 147 147 147
-1.41198 58.80131 -2.80993 139 139 139
-1.29716 58.79787 -2.86053 143 143 143
-1.18192 58.79879 -2.91064 137 137 137
-1.06123 58.80150 -2.94578 137 137 137
-0.94304 58.79867 -2.98868 139 139 139
-0.82307 58.79831 -3.02722 136 136 136
-0.69818 58.80386 -3.04490 138 138 138
-0.57346 58.79875 -3.06007 130 130 130
-0.45094 58.79933 -3.09085 140 140 140
-0.32547 58.79890 -3.10028 137 137 137
-0.19992 58.79890 -3.10689 133 133 133
-0.07424 58.79693 -3.10586 138 138 138
0.05138 58.80052 -3.10541 143 143 143
0.17676 58.80446 -3.09745 142 142 142
0.30201 58.80082 -3.08702 140 140 140
0.42637 58.79942 -3.06886 140 140 140
0.54957 58.79896 -3.04426 142 142 142
0.67232 58.80131 -3.01776 141 141 141
0.79516 58.79686 -2.99081 138 138 138
0.91689 58.80044 -2.95852 146 146 146
1.03406 58.80367 -2.91233 148 148 148
1.15002 58.80093 -2.86376 138 138 138
1.26737 58.80170 -2.81832 145 145 145
1.37874 58.80053 -2.75978 143 143 143
1.48893 58.79864 -2.69939 142 142 142
1.59490 58.80415 -2.63193 144 144 144
1.70650 58.79718 -2.57321 142 142 142
1.80712 58.80175 -2.49762 151 151 151
1.91250 58.80262 -2.42831 149 149 149
2.00559 58.80210 -2.34332 141 141 141
2.09716 58.80035 -2.25716 150 150 150
2.19193 58.80544 -2.17432 147 147 147
2.27667 58.80251 -2.08130 152 152 152
2.36232 58.79519 -1.98916 147 147 147
2.44090 58.79595 -1.89092 149 149 149
2.50613 58.80253 -1.78290 151 151 151
2.58342 58.79924 -1.68394 152 152 152
2.65582 58.79742 -1.58113 158 158 158
2.71791 58.79736 -1.47182 157 157 157
2.77685 58.80063 -1.36085 151 151 151
2.82965 58.79886 -1.24686 151 151 151
2.87851 58.80237 -1.13121 152 152 152
2.92706 58.79606 -1.01538 156 156 156
2.96805 58.80649 -0.89664 162 162 162
3.00208 58.79685 -0.77575 157 157 157
3.04093 58.79971 -0.65602 164 164 164
3.06137 58.79897 -0.53185 169 169 169
3.08552 58.80161 -0.40859 158 158 158
3.09892 58.79889 -0.28370 160 160 160
3.11470 58.80188 -0.15910 168 168 168
3.12191 58.80452 -0.03370 160 160 160
3.11317 59.19771 0.09250 173 173 173
3.12052 59.19811 0.21839 168 168 168
3.10782 59.19837 0.34367 168 168 168
3.09541 59.20031 0.46875 170 170 170
3.07787 59.19333 0.59322 166 166 166
3.05037 59.20199 0.71587 169 169 169
3.03100 59.20290 0.84023 169 169 169
2.99298 59.19994 0.96017 174 174 174
2.95938 59.19807 1.08120 179 179 179
2.91433 59.19334 1.19847 176 176 176
2.86865 59.20269 1.31534 179 179 179
2.81854 59.19997 1.43038 178 178 178
2.77347 59.19742 1.54822 183 183 183
2.71013 59.19657 1.65703 184 184 184
2.64641 59.19860 1.76541 187 187 187
2.58077 59.20102 1.87273 187 187 187
2.50500 59.19455 1.97318 178 178 178
2.43332 59.20332 2.07663 185 185 185
2.35323 59.19928 2.17370 184 184 184
2.26359 59.19853 2.26216 189 189 189
2.17984 59.19692 2.35587 177 177 177
2.08497 59.20133 2.43838 188 188 188
1.99271 59.20056 2.52346 190 190 190
1.89785 59.19822 2.60587 187 187 187
1.79767 59.20015 2.68175 189 189 189
1.69423 59.19840 2.75312 191 191 191
1.58572 59.20235 2.81649 191 191 191
1.47961 59.19843 2.88370 192 192 192
1.36818 59.20375 2.94165 191 191 191
1.25601 59.19945 2.99821 193 193 193
1.14310 59.19937 3.05388 197 197 197
1.02547 59.19926 3.09860 196 196 196
0.90572 59.19917 3.13714 191 191 191
0.78467 59.20296 3.17096 198 198 198
0.66295 59.20733 3.20187 199 199 199
0.54096 59.19835 3.23211 196 196 196
0.41682 59.19730 3.25171 189 189 189
0.29205 59.19792 3.26590 190 190 190
0.16799 59.20175 3.28865 190 190 190
0.04193 59.20259 3.28637 200 200 200
-0.08355 59.20008 3.29477 198 198 198
-0.20895 59.19825 3.28408 194 194 194
-0.33472 59.20081 3.28380 197 197 197
-0.45921 59.19871 3.26631 200 200 200
-0.58382 59.19687 3.25101 199 199 199
-0.70694 59.19926 3.22640 198 198 198
-0.83062 59.20240 3.20421 202 202 202
-0.95155 59.20369 3.17014 185 185 185
-1.07247 59.19936 3.13603 198 198 198
-1.19095 59.20437 3.09418 199 199 199
-1.30956 59.19956 3.05229 198 198 198
-1.42717 59.20038 3.00698 193 193 193
-1.53418 59.20172 2.93949 192 192 192
-1.64455 59.20313 2.87983 188 188 188
-1.75426 59.20750 2.81881 197 197 197
-1.86103 59.19698 2.75266 185 185 185
-1.95982 59.19884 2.67493 200 200 200
-2.06416 59.19893 2.60486 196 196 196
-2.16129 59.19776 2.52519 189 189 189
-2.25524 59.20316 2.44179 188 188 188
-2.34382 59.19993 2.35275 192 192 192
-2.43167 59.19839 2.26305 188 188 188
-2.51775 59.19913 2.17148 186 186 186
-2.59324 59.20096 2.07096 184 184 184
-2.67190 59.19651 1.97303 188 188 188
-2.74602 59.19777 1.87149 185 185 185
-2.81239 59.19856 1.76472 179 179 179
-2.87789 59.19887 1.65739 179 179 179
-2.93533 59.19487 1.54554 181 181 181
-2.98738 59.20138 1.43117 173 173 173
-3.04195 59.19908 1.31790 173 173 173
-3.08577 59.19965 1.20007 183 183 183
-3.12379 59.19945 1.08032 169 169 169
-3.16097 59.19648 0.96042 171 171 171
-3.19423 59.19554 0.83930 177 177 177
-3.21849 59.19634 0.71607 171 171 171
-3.24440 59.20334 0.59313 176 176 176
-3.25619 59.19918 0.46800 168 168 168
-3.27425 59.20410 0.34361 177 177 177
-3.27795 59.20082 0.21801 171 171 171
-3.28428 59.20145 0.09250 169 169 169
-3.27956 59.20080 -0.03307 152 152 152
-3.27062 59.19798 -0.15833 155 155 155
-3.26530 59.20231 -0.28409 165 165 165
-3.24664 59.20295 -0.40849 168 168 168
-3.22382 59.20062 -0.53214 162 162 162
-3.19648 59.19573 -0.65486 158 158 158
-3.15621 59.20434 -0.77409 156 156 156
-3.12654 59.20082 -0.89624 154 154 154
-3.08537 59.20336 -1.01494 158 158 158
-3.04327 59.19734 -1.13347 151 151 151
-2.98889 59.19907 -1.24689 157 157 157
-2.94000 59.20113 -1.36295 152 152 152
-2.87881 59.19640 -1.47293 160 160 160
-2.81428 59.19860 -1.58091 153 153 153
-2.73908 59.20271 -1.68188 153 153 153
-2.67198 59.20139 -1.78811 151 151 151
-2.59791 59.20147 -1.88968 150 150 150
-2.51945 59.19809 -1.98797 144 144 144
-2.43002 59.20606 -2.07657 150 150 150
-2.34701 59.20032 -2.17098 147 147 147
-2.25756 59.20016 -2.25934 149 149 149
-2.16229 59.19649 -2.34141 149 149 149
-2.06592 59.20354 -2.42214 148 148 148
-1.96663 59.20705 -2.49934 148 148 148
-1.86223 59.19813 -2.56949 144 144 144
-1.75512 59.20145 -2.63526 146 146 146
-1.64459 59.20392 -2.69495 141 141 141
-1.53581 59.19852 -2.75773 135 135 135
-1.42144 59.20074 -2.80961 143 143 143
-1.30616 59.19834 -2.85914 130 130 130
-1.19150 59.19816 -2.91073 137 137 137
-1.07300 59.20091 -2.95272 141 141 141
-0.95235 59.20584 -2.98803 142 142 142
-0.83093 59.19916 -3.02055 142 142 142
-0.70915 59.19886 -3.05259 144 144 144
-0.58344 59.19832 -3.06368 143 143 143
-0.45976 59.20145 -3.08609 137 137 137
-0.33456 59.19993 -3.09677 145 145 145
-0.20912 59.20122 -3.10330 146 146 146
-0.08355 59.20314 -3.10970 142 142 142
0.04197 59.19988 -3.10244 140 140 140
0.16741 59.19752 -3.09637 136 136 136
0.29301 59.19861 -3.08911 138 138 138
0.41643 59.19764 -3.06426 134 134 134
0.54129 59.19930 -3.04880 146 146 146
0.66498 59.20200 -3.02539 139 139 139
0.78613 59.19655 -2.99118 138 138 138
0.90609 59.19495 -2.95333 136 136 136
1.02275 59.19644 -2.90629 136 136 136
1.14068 59.20230 -2.86307 140 140 140
1.25551 59.20294 -2.81217 145 145 145
1.37011 59.19840 -2.76050 148 148 148
1.48065 59.20466 -2.70060 146 146 146
1.58812 59.20143 -2.63544 142 142 142
1.69330 59.19843 -2.56676 146 146 146
1.79518 59.20198 -2.49338 143 143 143
1.89645 59.19981 -2.41914 150 150 150
1.99410 59.20293 -2.34014 140 140 140
2.08394 59.20289 -2.25230 152 152 152
2.18029 59.19947 -2.17136 145 145 145
2.26524 59.19723 -2.07873 154 154 154
2.34709 59.20070 -1.98348 146 146 146
2.43254 59.20031 -1.89105 148 148 148
2.50639 59.19818 -1.78922 148 148 148
2.57512 59.19803 -1.68399 152 152 152
2.64521 59.19655 -1.57970 157 157 157
2.70553 59.20042 -1.46948 151 151 151
2.77057 59.19898 -1.36176 158 158 158
2.81798 59.20108 -1.24514 154 154 154
2.87092 59.19912 -1.13130 155 155 155
2.92271 59.20007 -1.01658 153 153 153
2.95797 59.20381 -0.89576 150 150 150
2.99781 59.20279 -0.77654 158 158 158
3.03009 59.20391 -0.65503 167 167 167
3.05698 59.19837 -0.53220 166 166 166
3.08151 59.19552 -0.40880 160 160 160
3.09295 59.19880 -0.28347 169 169 169
3.10363 59.20171 -0.15834 165 165 165
3.11357 59.19930 -0.03312 166 166 166
3.10856 59.60338 0.09313 163 163 163
3.10622 59.59937 0.21882 165 165 165
3.10076 59.59728 0.34446 168 168 168
3.08194 59.60335 0.46888 174 174 174
3.07057 59.59950 0.59416 169 169 169
3.04807 59.59994 0.71789 174 174 174
3.01997 59.60039 0.84044 173 173 173
2.97430 59.60116 0.95814 175 175 175
2.94620 59.60008 1.08056 173 173 173
2.90917 59.60200 1.20061 166 166 166
2.86082 59.59952 1.31656 179 179 179
2.81449 59.60069 1.43341 174 174 174
2.75879 59.60046 1.54609 175 175 175
2.69942 59.60005 1.65685 189 189 189
2.64025 59.60214 1.76795 180 180 180
2.56665 59.60000 1.87012 178 178 178
2.50043 59.59440 1.97723 185 185 185
2.42202 59.60394 2.07565 179 179 179
2.34237 59.59979 2.17296 187 187 187
2.26034 59.59977 2.26836 182 182 182
2.16798 59.60119 2.35392 185 185 185
2.07597 59.60056 2.43930 190 190 190
1.98724 59.60208 2.52855 190 190 190
1.88483 59.60107 2.60175 192 192 192
1.79019 59.59819 2.68485 194 194 194
1.68736 59.59435 2.75734 190 190 190
1.57650 59.60210 2.81719 193 193 193
1.47254 59.59802 2.88827 186 186 186
1.35880 59.60093 2.94208 196 196 196
1.24667 59.60395 2.99869 202 202 202
1.13162 59.59534 3.04916 188 188 188
1.01540 59.60437 3.09706 186 186 186
0.89560 59.60058 3.13515 197 197 197
0.77665 59.60075 3.17603 192 192 192
0.65252 59.59900 3.19766 201 201 201
0.53039 59.60282 3.22619 192 192 192
0.40784 59.60147 3.25414 189 189 189
0.28278 59.59818 3.26658 193 193 193
0.15802 59.60172 3.28044 202 202 202
0.03293 59.60268 3.29378 196 196 196
-0.09283 59.59801 3.29219 205 205 205
-0.21840 59.60054 3.28904 194 194 194
-0.34397 59.59582 3.28411 198 198 198
-0.46930 59.59954 3.27391 192 192 192
-0.59326 59.59785 3.25270 193 193 193
-0.71759 59.60253 3.23399 193 193 193
-0.84035 59.60251 3.20675 195 195 195
-0.96088 59.59929 3.17097 196 196 196
-1.08351 59.60028 3.14210 193 193 193
-1.19973 59.60138 3.09348 191 191 191
-1.31926 59.60226 3.05396 188 188 188
-1.43488 59.60038 3.00423 189 189 189
-1.54342 59.59635 2.94005 194 194 194
-1.65267 59.60352 2.87840 202 202 202
-1.76457 59.59756 2.82114 190 190 190
-1.86865 59.60001 2.75081 192 192 192
-1.97772 59.60062 2.68743 189 189 189
-2.07529 59.59944 2.60784 187 187 187
-2.17080 59.59749 2.52609 187 187 187
-2.26439 59.59903 2.44229 185 185 185
-2.35257 59.59545 2.35285 189 189 189
-2.44213 59.59958 2.26478 186 186 186
-2.52913 59.60143 2.17391 184 184 184
-2.60796 59.60043 2.07589 189 189 189
-2.68274 59.59924 1.97480 184 184 184
-2.75373 59.59526 1.87107 190 190 190
-2.82233 59.59969 1.76576 183 183 183
-2.88404 59.59636 1.65627 174 174 174
-2.93877 59.60252 1.54320 178 178 178
-3.00117 59.60181 1.43388 186 186 186
-3.05386 59.59802 1.31962 181 181 181
-3.09763 59.59955 1.20165 184 184 184
-3.13490 59.60058 1.08155 180 180 180
-3.17145 59.59816 0.96138 177 177 177
-3.20439 59.60149 0.84014 175 175 175
-3.23036 59.60399 0.71722 172 172 172
-3.24579 59.60274 0.59250 170 170 170
-3.26844 59.60313 0.46898 169 169 169
-3.28563 59.60080 0.34440 168 168 168
-3.29784 59.60348 0.21905 169 169 169
-3.29228 59.60442 0.09313 163 163 163
-3.29095 59.59842 -0.03253 164 164 164
-3.28104 59.59559 -0.15779 162 162 162
-3.27638 59.59939 -0.28368 171 171 171
-3.24995 59.59930 -0.40692 162 162 162
-3.23244 59.60056 -0.53139 165 165 165
-3.20540 59.60022 -0.65414 162 162 162
-3.17133 59.60423 -0.77511 155 155 155
-3.13705 59.60470 -0.89601 160 160 160
-3.10143 59.60360 -1.01682 158 158 158
-3.05360 59.60116 -1.13328 154 154 154
-2.99771 59.59969 -1.24606 154 154 154
-2.93852 59.59949 -1.35684 146 146 146
-2.88285 59.59728 -1.46938 151 151 151
-2.82372 59.59369 -1.58038 151 151 151
-2.75344 59.60412 -1.68465 154 154 154
-2.67799 59.60140 -1.78512 155 155 155
-2.60707 59.59673 -1.88896 151 151 151
-2.52319 59.60189 -1.98262 153 153 153
-2.44252 59.59876 -2.07893 146 146 146
-2.35769 59.60510 -2.17175 145 145 145
-2.26819 59.59635 -2.26018 145 145 145
-2.17668 59.60114 -2.34677 147 147 147
-2.07622 59.60435 -2.42281 143 143 143
-1.97225 59.60082 -2.49370 144 144 144
-1.87044 59.60233 -2.56728 141 141 141
-1.76659 59.60177 -2.63822 144 144 144
-1.65453 59.59673 -2.69551 148 148 148
-1.54710 59.59906 -2.76106 146 146 146
-1.43226 59.59952 -2.81234 150 150 150
-1.31725 59.59849 -2.86290 142 142 142
-1.20114 59.60334 -2.91110 140 140 140
-1.08077 59.60046 -2.94745 140 140 140
-0.96229 59.60041 -2.98976 134 134 134
-0.84016 59.59720 -3.01975 148 148 148
-0.71649 59.60566 -3.04227 139 139 139
-0.59361 59.59631 -3.06867 138 138 138
-0.46902 59.59982 -3.08531 145 145 145
-0.34376 59.60006 -3.09525 138 138 138
-0.21846 59.59995 -3.10440 127 127 127
-0.09283 59.59963 -3.11444 136 136 136
0.03267 59.59862 -3.10101 138 138 138
0.15828 59.59804 -3.09749 136 136 136
0.28328 59.60065 -3.08455 144 144 144
0.40842 59.59860 -3.07160 139 139 139
0.53160 59.59956 -3.04607 138 138 138
0.65480 59.59950 -3.02097 142 142 142
0.77607 59.60104 -2.98777 142 142 142
0.89677 59.59871 -2.95254 138 138 138
1.01415 59.59965 -2.90748 141 141 141
1.13089 59.59789 -2.86119 135 135 135
1.24728 59.60263 -2.81380 143 143 143
1.35865 59.60349 -2.75557 138 138 138
1.46866 59.59730 -2.69512 144 144 144
1.58054 59.59773 -2.63757 146 146 146
1.68196 59.59952 -2.56305 146 146 146
1.78920 59.59623 -2.49728 145 145 145
1.88670 59.60373 -2.41790 150 150 150
1.98824 59.59772 -2.34350 149 149 149
2.08007 59.60006 -2.25752 151 151 151
2.17076 59.59859 -2.17047 152 152 152
2.25309 59.60209 -2.07544 146 146 146
2.33779 59.60122 -1.98283 155 155 155
2.41941 59.60051 -1.88737 146 146 146
2.49828 59.59437 -1.78944 155 155 155
2.56528 59.60205 -1.68298 151 151 151
2.63588 59.59864 -1.57904 159 159 159
2.70085 59.60365 -1.47142 150 150 150
2.76246 59.59939 -1.36173 150 150 150
2.80739 59.59871 -1.24391 152 152 152
2.85976 59.60239 -1.12989 155 155 155
2.90800 59.59636 -1.01395 155 155 155
2.94857 59.60080 -0.89509 159 159 159
2.98855 59.59383 -0.77592 168 168 168
3.01570 59.60721 -0.65317 161 161 161
3.04606 59.60342 -0.53124 154 154 154
3.07160 59.59886 -0.40808 165 165 165
3.07815 59.59833 -0.28219 167 167 167
3.09650 59.59988 -0.15788 163 163 163
3.10384 59.59969 -0.03247 167 167 167
3.09786 59.99883 0.09375 171 171 171
3.09776 60.00147 0.21947 172 172 172
3.08370 60.00421 0.34447 162 162 162
3.07452 60.00094 0.46972 167 167 167
3.05137 60.00064 0.59320 177 177 177
3.04015 60.00118 0.71877 175 175 175
3.00644 59.99892 0.84003 179 179 179
2.98146 59.99947 0.96339 175 175 175
2.94482 60.00017 1.08373 178 178 178
2.89785 60.00149 1.20047 171 171 171
2.85031 59.99819 1.31665 176 176 176
2.80170 59.99788 1.43239 179 179 179
2.74694 59.99984 1.54538 186 186 186
2.69110 59.99875 1.65798 181 181 181
2.62108 60.00280 1.76248 180 180 180
2.55973 59.99929 1.87228 180 180 180
2.49090 59.99934 1.97763 182 182 182
2.41158 59.99949 2.07533 192 192 192
2.33015 59.99835 2.17104 182 182 182
2.24465 60.00222 2.26301 189 189 189
2.16024 60.00330 2.35603 184 184 184
2.07016 59.99896 2.44362 185 185 185
1.97581 60.00178 2.52660 186 186 186
1.87813 59.99992 2.60558 196 196 196
1.78223 60.00019 2.68722 190 190 190
1.67458 59.99871 2.75264 198 198 198
1.57230 59.99877 2.82601 184 184 184
1.46612 59.99785 2.89390 196 196 196
1.35100 60.00140 2.94550 193 193 193
1.24022 59.99965 3.00534 193 193 193
1.12171 60.00107 3.04814 189 189 189
1.00684 60.00077 3.09950 192 192 192
0.88590 59.99975 3.13432 190 190 190
0.76748 59.99896 3.17685 201 201 201
0.64474 60.00111 3.20431 201 201 201
0.52362 59.99689 3.23917 201 201 201
0.39860 59.99980 3.25472 190 190 190
0.27430 59.99806 3.27353 199 199 199
0.14915 60.00336 3.28555 198 198 198
0.02383 59.99948 3.29760 199 199 199
-0.10205 59.99950 3.29136 199 199 199
-0.22775 59.99881 3.29293 199 199 199
-0.35303 60.00162 3.28273 194 194 194
-0.47833 60.00131 3.27283 189 189 189
-0.60229 60.00036 3.25209 196 196 196
-0.72658 59.99875 3.23342 192 192 192
-0.84940 60.00277 3.20666 199 199 199
-0.97078 59.99775 3.17399 196 196 196
-1.08658 60.00073 3.12379 192 192 192
-1.20866 59.99834 3.09331 198 198 198
-1.32660 60.00253 3.05005 196 196 196
-1.44274 59.99892 3.00190 192 192 192
-1.55450 59.99896 2.94432 193 193 193
-1.66558 60.00078 2.88562 193 193 193
-1.77534 60.00233 2.82429 199 199 199
-1.87955 60.00282 2.75394 180 180 180
-1.98353 60.00346 2.68336 189 189 189
-2.08253 60.00420 2.60596 189 189 189
-2.17840 59.99849 2.52483 182 182 182
-2.27277 60.00367 2.44200 181 181 181
-2.36546 60.00150 2.35714 191 191 191
-2.44725 59.99947 2.26162 187 187 187
-2.53189 60.00591 2.16902 183 183 183
-2.61477 59.99910 2.07461 186 186 186
-2.68909 59.99933 1.97334 184 184 184
-2.76233 59.99795 1.87128 192 192 192
-2.82724 60.00024 1.76374 183 183 183
-2.88932 60.00179 1.65469 171 171 171
-2.95225 60.00153 1.54599 180 180 180
-3.00741 59.99522 1.43313 187 187 187
-3.05590 60.00027 1.31727 187 187 187
-3.10606 60.00070 1.20198 188 188 188
-3.14727 60.00084 1.08320 178 178 178
-3.18247 60.00022 0.96251 181 181 181
-3.21315 59.99984 0.84065 171 171 171
-3.23859 60.00025 0.71764 164 164 164
-3.26285 60.00010 0.59437 165 165 165
-3.27282 59.99971 0.46903 171 171 171
-3.28803 60.00049 0.34449 174 174 174
-3.30407 60.00065 0.21956 168 168 168
-3.30135 59.99825 0.09375 167 167 167
-3.30127 59.99914 -0.03195 165 165 165
-3.28708 60.00223 -0.15692 165 165 165
-3.28028 59.99829 -0.28242 160 160 160
-3.26033 60.00139 -0.40648 165 165 165
-3.24463 60.00098 -0.53135 163 163 163
-3.21512 59.99941 -0.65364 162 162 162
-3.18025 60.00149 -0.77440 164 164 164
-3.14612 59.99795 -0.89534 167 167 167
-3.10002 59.99905 -1.01227 154 154 154
-3.06040 59.99227 -1.13165 154 154 154
-3.00334 59.99818 -1.24377 152 152 152
-2.95433 60.00073 -1.35957 153 153 153
-2.89694 60.00449 -1.47148 151 151 151
-2.83406 59.99972 -1.58044 151 151 151
-2.76139 59.99866 -1.68318 155 155 155
-2.69078 59.99880 -1.78709 152 152 152
-2.61474 59.99966 -1.88711 150 150 150
-2.53724 59.99641 -1.98611 150 150 150
-2.45103 59.99543 -2.07763 148 148 148
-2.36190 60.00254 -2.16611 150 150 150
-2.27291 59.99611 -2.25469 145 145 145
-2.18251 59.99558 -2.34217 143 143 143
-2.08534 60.00347 -2.42205 145 145 145
-1.98169 59.99992 -2.49337 144 144 144
-1.88055 60.00748 -2.56798 144 144 144
-1.77330 59.99898 -2.63349 140 140 140
-1.66487 59.99627 -2.69688 141 141 141
-1.55378 60.00065 -2.75543 146 146 146
-1.44255 59.99427 -2.81402 146 146 146
-1.32836 60.00225 -2.86684 142 142 142
-1.20919 59.99880 -2.90730 141 141 141
-1.09069 59.99988 -2.94897 140 140 140
-0.97058 59.99795 -2.98584 131 131 131
-0.85011 60.00018 -3.02213 134 134 134
-0.72711 59.99970 -3.04865 136 136 136
-0.60356 60.00177 -3.07266 136 136 136
-0.47794 60.00365 -3.08213 142 142 142
-0.35309 59.99806 -3.09600 136 136 136
-0.22786 59.99590 -3.10817 138 138 138
-0.10205 59.99996 -3.10541 143 143 143
0.02369 59.99833 -3.10649 135 135 135
0.14901 60.00744 -3.09624 142 142 142
0.27434 60.00006 -3.08637 142 142 142
0.39796 59.99992 -3.06321 135 135 135
0.52305 59.99628 -3.04888 136 136 136
0.64537 60.00117 -3.01950 141 141 141
0.76593 60.00103 -2.98389 145 145 145
0.88517 60.00265 -2.94460 139 139 139
1.00816 60.00021 -2.91561 137 137 137
1.12345 60.00206 -2.86488 144 144 144
1.24097 60.00312 -2.81950 149 149 149
1.35184 60.00153 -2.75968 145 145 145
1.46043 60.00033 -2.69627 143 143 143
1.57105 60.00025 -2.63651 143 143 143
1.67444 60.00273 -2.56497 146 146 146
1.77686 60.00023 -2.49236 142 142 142
1.88187 60.00143 -2.42286 147 147 147
1.97677 59.99842 -2.34026 144 144 144
2.07086 59.99818 -2.25690 152 152 152
2.15797 59.99907 -2.16629 141 141 141
2.24730 59.99971 -2.07798 153 153 153
2.33417 59.99692 -1.98700 157 157 157
2.41393 59.99984 -1.88970 148 148 148
2.48659 60.00018 -1.78702 146 146 146
2.55198 59.99707 -1.67963 150 150 150
2.62721 59.99703 -1.57875 158 158 158
2.69573 60.00201 -1.47309 160 160 160
2.75235 60.00199 -1.36065 156 156 156
2.79738 59.99924 -1.24291 151 151 151
2.85118 60.00570 -1.12953 150 150 150
2.90084 59.99842 -1.01409 159 159 159
2.94242 60.00002 -0.89547 159 159 159
2.97676 59.99988 -0.77457 161 161 161
3.00826 59.99849 -0.65297 160 160 160
3.03529 59.99906 -0.53031 164 164 164
3.05685 60.00010 -0.40657 164 164 164
3.07006 60.00297 -0.28170 165 165 165
3.09003 60.00565 -0.15747 168 168 168
3.09522 60.00005 -0.03187 163 163 163
3.08517 60.40438 0.09438 172 172 172
3.08306 60.39775 0.21988 159 159 159
3.08167 60.40326 0.34566 167 167 167
3.06659 60.39665 0.47049 177 177 177
3.04297 60.40115 0.59395 168 168 168
3.02098 60.40271 0.71741 172 172 172
2.99917 60.39674 0.84111 177 177 177
2.96163 60.40024 0.96101 180 180 180
2.93391 60.39666 1.08379 175 175 175
2.88394 60.40110 1.19935 179 179 179
2.84651 60.40436 1.31950 182 182 182
2.79635 60.39965 1.43478 175 175 175
2.73794 60.40001 1.54609 178 178 178
2.68254 60.40115 1.65895 182 182 182
2.61943 60.40139 1.76771 183 183 183
2.54970 60.40129 1.87234 177 177 177
2.48428 60.40234 1.98011 188 188 188
2.40455 60.39937 2.07765 185 185 185
2.32011 60.40360 2.17092 189 189 189
2.23681 60.39453 2.26486 190 190 190
2.15413 60.40186 2.35972 188 188 188
2.06128 60.39999 2.44456 185 185 185
1.96634 60.39679 2.52688 190 190 190
1.87308 60.39900 2.61144 186 186 186
1.76853 60.39838 2.68162 194 194 194
1.66409 60.40029 2.75130 189 189 189
1.56003 60.39906 2.82160 196 196 196
1.45200 60.39993 2.88570 188 188 188
1.34278 60.39469 2.94801 193 193 193
1.22657 60.40467 2.99626 200 200 200
1.11096 60.40373 3.04496 197 197 197
0.99430 60.40171 3.09100 187 187 187
0.87616 60.39851 3.13320 201 201 201
0.75533 60.39851 3.16694 197 197 197
0.63595 60.39668 3.20657 198 198 198
0.51391 60.40225 3.23710 193 193 193
0.38867 60.40215 3.25055 200 200 200
0.26531 60.39862 3.27569 191 191 191
0.13966 60.39769 3.28218 196 196 196
0.01446 60.40054 3.29326 194 194 194
-0.11122 60.40114 3.29467 199 199 199
-0.23693 60.40238 3.29368 196 196 196
-0.36201 60.39962 3.28090 195 195 195
-0.48773 60.40101 3.27544 192 192 192
-0.61276 60.39890 3.26089 198 198 198
-0.73585 60.39793 3.23453 193 193 193
-0.85884 60.40634 3.20837 198 198 198
-0.98132 60.39947 3.17947 196 196 196
-1.10288 60.40355 3.14634 192 192 192
-1.21985 60.40402 3.09942 195 195 195
-1.33555 60.40188 3.05013 191 191 191
-1.45387 60.39920 3.00677 201 201 201
-1.56465 60.39996 2.94687 203 203 203
-1.67584 60.39839 2.88818 191 191 191
-1.78648 60.40335 2.82813 185 185 185
-1.88615 60.39943 2.75072 196 196 196
-1.99187 60.39742 2.68285 190 190 190
-2.08718 60.39819 2.60085 190 190 190
-2.18460 60.40051 2.52197 189 189 189
-2.28384 60.40683 2.44469 190 190 190
-2.37188 60.40070 2.35502 183 183 183
-2.46316 60.40005 2.26847 183 183 183
-2.54380 60.40211 2.17198 184 184 184
-2.62281 60.40339 2.07434 185 185 185
-2.70294 60.40153 1.97736 178 178 178
-2.77174 60.40099 1.87207 186 186 186
-2.83932 60.39937 1.76615 185 185 185
-2.90665 60.39989 1.65988 181 181 181
-2.95791 60.39951 1.54483 181 181 181
-3.01868 60.40045 1.43473 178 178 178
-3.07036 60.40293 1.32009 181 181 181
-3.11588 60.40123 1.20285 176 176 176
-3.15419 60.39999 1.08309 170 170 170
-3.18772 60.40478 0.96203 178 178 178
-3.22252 60.39688 0.84133 176 176 176
-3.25097 60.40151 0.71891 174 174 174
-3.27114 60.40110 0.59486 166 166 166
-3.28621 60.40138 0.47016 171 171 171
-3.30275 60.40326 0.34555 164 164 164
-3.31188 60.39899 0.22013 171 171 171
-3.30907 60.40035 0.09438 176 176 176
-3.30652 60.40201 -0.03117 168 168 168
-3.30321 60.40335 -0.15684 168 168 168
-3.29107 60.39525 -0.28199 162 162 162
-3.26986 60.40328 -0.40591 162 162 162
-3.24902 60.40197 -0.52978 164 164 164
-3.22081 60.39594 -0.65217 159 159 159
-3.18795 60.39832 -0.77336 152 152 152
-3.15091 60.39880 -0.89328 159 159 159
-3.11962 60.40094 -1.01549 156 156 156
-3.06719 60.39637 -1.13003 154 154 154
-3.01937 60.40110 -1.24631 147 147 147
-2.95987 60.40002 -1.35709 150 150 150
-2.90426 60.40184 -1.46981 155 155 155
-2.84092 60.39900 -1.57840 155 155 155
-2.77138 60.39923 -1.68310 148 148 148
-2.70202 60.39718 -1.78796 147 147 147
-2.62449 60.39997 -1.88693 149 149 149
-2.54405 60.40135 -1.98347 149 149 149
-2.45758 60.39520 -2.07458 151 151 151
-2.37259 60.40027 -2.16700 149 149 149
-2.28376 60.40059 -2.25587 142 142 142
-2.19028 60.39871 -2.33990 140 140 140
-2.09571 60.40243 -2.42295 136 136 136
-1.99490 60.40052 -2.49829 144 144 144
-1.89093 60.40018 -2.56916 141 141 141
-1.78197 60.39704 -2.63205 140 140 140
-1.67378 60.40079 -2.69577 142 142 142
-1.56331 60.39894 -2.75552 139 139 139
-1.45347 60.39906 -2.81720 144 144 144
-1.33556 60.40229 -2.86143 145 145 145
-1.21824 60.39764 -2.90633 138 138 138
-1.10033 60.40311 -2.94979 138 138 138
-0.98192 60.40342 -2.99287 136 136 136
-0.85846 60.40304 -3.01809 137 137 137
-0.73534 60.39719 -3.04326 150 150 150
-0.61095 60.39330 -3.06076 139 139 139
-0.48701 60.40233 -3.08060 135 135 135
-0.36270 60.39809 -3.10098 143 143 143
-0.23700 60.39828 -3.10690 148 148 148
-0.11122 60.39951 -3.10594 137 137 137
0.01442 60.40217 -3.10349 130 130 130
0.14003 60.39880 -3.09816 138 138 138
0.26389 60.39684 -3.07491 141 141 141
0.38945 60.39754 -3.06676 136 136 136
0.51323 60.39965 -3.04499 144 144 144
0.63622 60.40087 -3.01894 133 133 133
0.75796 60.39932 -2.98751 142 142 142
0.87855 60.40085 -2.95184 147 147 147
0.99663 60.40025 -2.90860 135 135 135
1.11132 60.39963 -2.85713 146 146 146
1.22653 60.40105 -2.80746 137 137 137
1.33881 60.40176 -2.75149 143 143 143
1.45263 60.39871 -2.69809 142 142 142
1.56090 60.39408 -2.63430 145 145 145
1.66495 60.39578 -2.56387 148 148 148
1.77053 60.39729 -2.49565 148 148 148
1.87221 60.39875 -2.42162 154 154 154
1.96800 60.40130 -2.34009 142 142 142
2.05764 60.40181 -2.25191 147 147 147
2.15004 60.40089 -2.16690 150 150 150
2.24212 60.40296 -2.08105 155 155 155
2.32449 60.39849 -1.98593 154 154 154
2.40003 60.39995 -1.88535 144 144 144
2.47819 60.39936 -1.78696 155 155 155
2.55303 60.40210 -1.68584 155 155 155
2.62028 60.39872 -1.57950 150 150 150
2.68385 60.40117 -1.47095 155 155 155
2.74343 60.39822 -1.36015 152 152 152
2.79300 60.40192 -1.24450 151 151 151
2.84484 60.40100 -1.13007 161 161 161
2.89298 60.40035 -1.01394 154 154 154
2.92885 60.40205 -0.89341 161 161 161
2.97399 60.39718 -0.77575 160 160 160
3.00192 60.39677 -0.65303 163 163 163
3.02167 60.39916 -0.52880 159 159 159
3.04130 60.39652 -0.40494 167 167 167
3.06204 60.39863 -0.28121 154 154 154
3.07583 60.40021 -0.15645 170 170 170
3.08308 60.39504 -0.03113 165 165 165
3.08211 60.79969 0.09500 163 163 163
3.07340 60.80230 0.22048 162 162 162
3.06762 60.79799 0.34590 171 171 171
3.05291 60.80120 0.47058 167 167 167
3.03684 60.80157 0.59505 182 182 182
3.01903 60.79912 0.71946 174 174 174
2.98910 60.80174 0.84151 179 179 179
2.95451 60.80268 0.96219 174 174 174
2.92470 60.79542 1.08439 176 176 176
2.88538 60.79730 1.20386 177 177 177
2.83825 60.80060 1.32048 176 176 176
2.78379 60.79795 1.43382 172 172 172
2.72629 60.79683 1.54542 182 182 182
2.67413 60.79935 1.65997 175 175 175
2.60992 60.79822 1.76810 178 178 178
2.53747 60.79604 1.87089 181 181 181
2.46928 60.79881 1.97646 185 185 185
2.39152 60.79716 2.07518 192 192 192
2.31190 60.79836 2.17232 183 183 183
2.23474 60.79914 2.27200 187 187 187
2.14314 60.80027 2.35847 183 183 183
2.05290 60.79703 2.44598 191 191 191
1.95790 60.79506 2.52829 188 188 188
1.85775 60.80274 2.60419 189 189 189
1.76171 60.79699 2.68541 188 188 188
1.65824 60.80303 2.75682 191 191 191
1.55046 60.79699 2.82149 184 184 184
1.44369 60.79940 2.88776 196 196 196
1.33179 60.80317 2.94495 188 188 188
1.21987 60.80163 3.00212 193 193 193
1.10247 60.80206 3.04710 195 195 195
0.98730 60.79989 3.09738 198 198 198
0.86720 60.80150 3.13432 193 193 193
0.74931 60.79916 3.17853 195 195 195
0.62673 60.80037 3.20677 199 199 199
0.50493 60.79889 3.23843 192 192 192
0.38077 60.80003 3.25889 200 200 200
0.25504 60.79936 3.26657 198 198 198
0.13070 60.80081 3.28469 203 203 203
0.00516 60.79789 3.28906 193 193 193
-0.12034 60.79907 3.29941 199 199 199
-0.24583 60.79928 3.28897 196 196 196
-0.37134 60.80219 3.28426 199 199 199
-0.49719 60.80094 3.27896 195 195 195
-0.62051 60.79969 3.25294 199 199 199
-0.74413 60.79999 3.23098 201 201 201
-0.86653 60.80052 3.20309 199 199 199
-0.98815 60.80164 3.17200 201 201 201
-1.10897 60.79761 3.13767 194 194 194
-1.22781 60.79969 3.09691 199 199 199
-1.34397 60.79894 3.04907 197 197 197
-1.46070 60.79436 3.00246 197 197 197
-1.57594 60.79879 2.95175 196 196 196
-1.68497 60.79539 2.88883 195 195 195
-1.79439 60.80427 2.82679 194 194 194
-1.89590 60.79922 2.75229 194 194 194
-1.99871 60.80263 2.68034 195 195 195
-2.09846 60.79878 2.60422 193 193 193
-2.19774 60.80604 2.52731 186 186 186
-2.29537 60.79605 2.44792 186 186 186
-2.38093 60.80073 2.35558 190 190 190
-2.47037 60.79575 2.26734 182 182 182
-2.55108 60.79636 2.17104 187 187 187
-2.63337 60.79938 2.07610 190 190 190
-2.70992 60.79879 1.97643 188 188 188
-2.78124 60.80329 1.87295 181 181 181
-2.84966 60.79726 1.76752 182 182 182
-2.90995 60.79801 1.65725 183 183 183
-2.96703 60.79643 1.54546 180 180 180
-3.02447 60.80669 1.43382 180 180 180
-3.07653 60.80131 1.31949 178 178 178
-3.12246 60.79673 1.20254 181 181 181
-3.16491 60.80042 1.08424 177 177 177
-3.20514 60.79755 0.96500 172 172 172
-3.23124 60.80201 0.84186 175 175 175
-3.25606 60.80037 0.71873 174 174 174
-3.27908 60.80075 0.59529 174 174 174
-3.29815 60.80213 0.47112 171 171 171
-3.31640 60.79959 0.34653 168 168 168
-3.31711 60.79765 0.22060 165 165 165
-3.31644 60.80177 0.09500 170 170 170
-3.32443 60.80122 -0.03089 165 165 165
-3.31204 60.79678 -0.15619 167 167 167
-3.30485 60.80586 -0.28191 167 167 167
-3.28337 60.80249 -0.40598 166 166 166
-3.26283 60.79719 -0.53008 159 159 159
-3.23561 60.80380 -0.65291 160 160 160
-3.20659 60.80100 -0.77542 159 159 159
-3.16665 60.79660 -0.89481 158 158 158
-3.12040 60.79908 -1.01179 156 156 156
-3.07644 60.80094 -1.12946 154 154 154
-3.03042 60.80302 -1.24657 161 161 161
-2.97457 60.80206 -1.35931 154 154 154
-2.91345 60.79789 -1.46923 152 152 152
-2.85499 60.80127 -1.58080 149 149 149
-2.78650 60.79196 -1.68648 146 146 146
-2.70823 60.80027 -1.78522 153 153 153
-2.63476 60.80065 -1.88721 151 151 151
-2.55222 60.79991 -1.98203 149 149 149
-2.46520 60.79933 -2.07258 151 151 151
-2.38000 60.80294 -2.16467 150 150 150
-2.29605 60.79848 -2.25868 150 150 150
-2.19831 60.80633 -2.33800 139 139 139
-2.10310 60.79890 -2.42012 144 144 144
-2.00035 60.79851 -2.49262 147 147 147
-1.89701 60.80273 -2.56399 138 138 138
-1.79419 60.80068 -2.63648 140 140 140
-1.68502 60.79789 -2.69894 142 142 142
-1.57471 60.80289 -2.75938 142 142 142
-1.45958 60.79857 -2.81005 146 146 146
-1.34659 60.79816 -2.86543 145 145 145
-1.22729 60.79883 -2.90554 140 140 140
-1.10901 60.79908 -2.94783 141 141 141
-0.98977 60.79696 -2.98777 134 134 134
-0.86903 60.80166 -3.02353 141 141 141
-0.74409 60.79910 -3.04079 143 143 143
-0.62098 60.79407 -3.06589 138 138 138
-0.49746 60.79807 -3.09123 141 141 141
-0.37203 60.79622 -3.10298 141 141 141
-0.24587 60.79501 -3.09989 134 134 134
-0.12034 60.80208 -3.10061 139 139 139
0.00512 60.79592 -3.09815 144 144 144
0.13053 60.79999 -3.09264 143 143 143
0.25530 60.80089 -3.07875 131 131 131
0.38165 60.80116 -3.07442 138 138 138
0.50330 60.79674 -3.04025 140 140 140
0.62668 60.79695 -3.01658 139 139 139
0.74752 60.80375 -2.98219 139 139 139
0.86753 60.79785 -2.94537 138 138 138
0.98787 60.80357 -2.90894 139 139 139
1.10311 60.79252 -2.85868 139 139 139
1.22124 60.79483 -2.81511 144 144 144
1.33453 60.79866 -2.76035 143 143 143
1.44343 60.79696 -2.69732 139 139 139
1.55165 60.80105 -2.63345 141 141 141
1.65388 60.80348 -2.56031 143 143 143
1.75783 60.79954 -2.49009 143 143 143
1.86282 60.79924 -2.42064 143 143 143
1.95833 60.80001 -2.33882 142 142 142
2.05020 60.79807 -2.25308 150 150 150
2.14232 60.80003 -2.16767 148 148 148
2.23123 60.79797 -2.07878 151 151 151
2.30811 60.80137 -1.97910 147 147 147
2.39243 60.80085 -1.88592 156 156 156
2.46755 60.79436 -1.78522 152 152 152
2.53774 60.80275 -1.68108 150 150 150
2.60761 60.79711 -1.57670 151 151 151
2.67397 60.79577 -1.46989 149 149 149
2.72978 60.80082 -1.35722 157 157 157
2.78111 60.80151 -1.24259 153 153 153
2.83990 60.79767 -1.13118 158 158 158
2.88321 60.80034 -1.01308 152 152 152
2.92624 60.79931 -0.89490 159 159 159
2.95771 60.79918 -0.77310 157 157 157
2.99562 60.80366 -0.65308 163 163 163
3.02112 60.80153 -0.52988 160 160 160
3.03581 60.79342 -0.40489 161 161 161
3.06329 60.80025 -0.28181 170 170 170
3.06660 60.79588 -0.15582 163 163 163
3.07576 60.79736 -0.03058 168 168 168
3.06901 61.19796 0.09563 172 172 172
3.06600 61.19898 0.22117 170 170 170
3.06581 61.20071 0.34709 172 172 172
3.05038 61.19909 0.47197 175 175 175
3.02705 61.20107 0.59556 179 179 179
3.01504 61.20083 0.72109 177 177 177
2.98068 61.19997 0.84228 172 172 172
2.95071 61.19662 0.96430 179 179 179
2.90896 61.19936 1.08284 172 172 172
2.87404 61.20252 1.20365 179 179 179
2.83046 61.19767 1.32163 177 177 177
2.77503 61.19856 1.43458 188 188 188
2.72142 61.19847 1.54818 178 178 178
2.66611 61.20229 1.66118 182 182 182
2.59731 61.20019 1.76655 181 181 181
2.53838 61.20003 1.87817 189 189 189
2.46139 61.20115 1.97793 182 182 182
2.38499 61.19890 2.07780 185 185 185
2.30426 61.20038 2.17415 186 186 186
2.21883 61.19743 2.26630 187 187 187
2.13641 61.19747 2.36143 185 185 185
2.04159 61.19900 2.44418 191 191 191
1.94650 61.19506 2.52618 186 186 186
1.85211 61.19700 2.60915 179 179 179
1.75595 61.20111 2.69057 187 187 187
1.64707 61.19936 2.75429 196 196 196
1.54188 61.20021 2.82289 187 187 187
1.43423 61.19920 2.88767 191 191 191
1.32498 61.19986 2.94998 187 187 187
1.21109 61.20343 3.00334 191 191 191
1.09541 61.20217 3.05256 199 199 199
0.97778 61.19630 3.09672 195 195 195
0.85747 61.19989 3.13288 185 185 185
0.73941 61.20222 3.17616 194 194 194
0.61645 61.20271 3.20228 195 195 195
0.49437 61.20024 3.23146 196 196 196
0.37074 61.19787 3.25336 192 192 192
0.24691 61.20141 3.27502 192 192 192
0.12205 61.19769 3.29053 198 198 198
-0.00390 61.19907 3.28966 199 199 199
-0.12939 61.20004 3.29333 194 194 194
-0.25496 61.19649 3.29148 200 200 200
-0.38055 61.20242 3.28683 200 200 200
-0.50531 61.19869 3.27173 188 188 188
-0.62946 61.19791 3.25288 193 193 193
-0.75387 61.19674 3.23504 198 198 198
-0.87563 61.20141 3.20389 192 192 192
-0.99769 61.20416 3.17436 198 198 198
-1.12097 61.19769 3.14738 186 186 186
-1.23745 61.19733 3.09912 200 200 200
-1.35236 61.19884 3.04810 193 193 193
-1.46791 61.19768 2.99907 194 194 194
-1.58090 61.19846 2.94434 188 188 188
-1.69398 61.20242 2.88938 185 185 185
-1.79905 61.20003 2.82023 194 194 194
-1.90818 61.20334 2.75775 191 191 191
-2.01013 61.20115 2.68422 192 192 192
-2.11071 61.19654 2.60890 194 194 194
-2.20287 61.20134 2.52334 180 180 180
-2.30162 61.20144 2.44552 194 194 194
-2.39232 61.19722 2.35854 188 188 188
-2.48129 61.19771 2.26969 190 190 190
-2.55829 61.20249 2.17009 185 185 185
-2.64407 61.19810 2.07803 175 175 175
-2.71507 61.19927 1.97422 189 189 189
-2.79050 61.20055 1.87371 188 188 188
-2.85853 61.20181 1.76804 185 185 185
-2.92070 61.20438 1.65883 184 184 184
-2.97680 61.19949 1.54645 184 184 184
-3.03366 61.20070 1.43451 183 183 183
-3.08742 61.19862 1.32087 179 179 179
-3.13201 61.19815 1.20334 180 180 180
-3.17099 61.19756 1.08390 174 174 174
-3.20687 61.19805 0.96356 177 177 177
-3.24159 61.19538 0.84280 178 178 178
-3.26955 61.19913 0.72024 175 175 175
-3.28209 61.19681 0.59496 168 168 168
-3.30813 61.19675 0.47185 174 174 174
-3.31679 61.19991 0.34648 167 167 167
-3.32343 61.19994 0.22112 162 162 162
-3.33304 61.20571 0.09563 163 163 163
-3.33003 61.19935 -0.03013 177 177 177
-3.31855 61.19793 -0.15537 164 164 164
-3.30870 61.19997 -0.28067 164 164 164
-3.29326 61.19816 -0.40548 168 168 168
-3.27106 61.20234 -0.52929 155 155 155
-3.24324 61.20017 -0.65195 166 166 166
-3.20877 61.19914 -0.77285 163 163 163
-3.17395 61.19777 -0.89361 150 150 150
-3.13302 61.19627 -1.01248 156 156 156
-3.08654 61.19853 -1.12927 162 162 162
-3.03542 61.20049 -1.24408 154 154 154
-2.97646 61.20088 -1.35503 152 152 152
-2.92248 61.19818 -1.46859 153 153 153
-2.85791 61.19927 -1.57642 152 152 152
-2.79182 61.19782 -1.68336 148 148 148
-2.72046 61.20182 -1.78690 153 153 153
-2.64093 61.20229 -1.88432 149 149 149
-2.56311 61.19529 -1.98297 148 148 148
-2.47411 61.20492 -2.07181 153 153 153
-2.39188 61.19780 -2.16687 139 139 139
-2.30268 61.19848 -2.25542 145 145 145
-2.20569 61.19981 -2.33541 145 145 145
-2.10925 61.19996 -2.41581 147 147 147
-2.00767 61.19855 -2.48960 143 143 143
-1.90913 61.19866 -2.56794 146 146 146
-1.80035 61.20003 -2.63114 152 152 152
-1.69344 61.19481 -2.69719 144 144 144
-1.58062 61.20381 -2.75258 139 139 139
-1.46891 61.19814 -2.81002 140 140 140
-1.35228 61.20179 -2.85668 134 134 134
-1.23508 61.19996 -2.90147 142 142 142
-1.11925 61.20145 -2.95083 140 140 140
-0.99881 61.20243 -2.98709 139 139 139
-0.87706 61.19839 -3.01861 143 143 143
-0.75469 61.19741 -3.04792 145 145 145
-0.63028 61.20050 -3.06683 141 141 141
-0.50527 61.19936 -3.08014 140 140 140
-0.38036 61.20205 -3.09321 135 135 135
-0.25488 61.19294 -3.09829 139 139 139
-0.12939 61.20093 -3.10579 143 143 143
-0.00400 61.19877 -3.09601 137 137 137
0.12151 61.20023 -3.09243 141 141 141
0.24767 61.19801 -3.09022 136 136 136
0.37082 61.20399 -3.06263 135 135 135
0.49525 61.20208 -3.04467 142 142 142
0.61690 61.20338 -3.01291 147 147 147
0.73876 61.20284 -2.98263 141 141 141
0.85903 61.20126 -2.94645 138 138 138
0.97738 61.20037 -2.90443 138 138 138
1.09668 61.19777 -2.86438 144 144 144
1.21072 61.20092 -2.81132 144 144 144
1.32357 61.19818 -2.75599 149 149 149
1.43515 61.19311 -2.69807 146 146 146
1.54400 61.19926 -2.63511 147 147 147
1.64903 61.19998 -2.56598 142 142 142
1.75174 61.19591 -2.49354 148 148 148
1.85100 61.20088 -2.41650 148 148 148
1.95075 61.19962 -2.33992 146 146 146
2.03769 61.20168 -2.24873 149 149 149
2.13404 61.20054 -2.16782 143 143 143
2.21926 61.20011 -2.07546 145 145 145
2.30555 61.19796 -1.98402 155 155 155
2.38444 61.19758 -1.88613 155 155 155
2.46075 61.19813 -1.78623 148 148 148
2.53039 61.19785 -1.68160 150 150 150
2.60132 61.20488 -1.57777 154 154 154
2.65962 61.20366 -1.46631 151 151 151
2.71830 61.20172 -1.35535 155 155 155
2.77319 61.20312 -1.24249 156 156 156
2.82386 61.19919 -1.12766 158 158 158
2.88297 61.20386 -1.01570 160 160 160
2.91603 61.19792 -0.89390 160 160 160
2.95392 61.20128 -0.77396 160 160 160
2.97954 61.19434 -0.65077 165 165 165
3.00443 61.20013 -0.52773 160 160 160
3.03091 61.19890 -0.40492 162 162 162
3.04862 61.19794 -0.28052 166 166 166
3.06568 61.19711 -0.15583 174 174 174
3.06342 61.20362 -0.02982 164 164 164
3.06469 61.59661 0.09625 169 169 169
3.06195 61.59821 0.22199 166 166 166
3.05386 61.59931 0.34748 171 171 171
3.04210 61.59581 0.47268 164 164 164
3.02226 61.59912 0.59685 178 178 178
3.00451 61.59919 0.72141 172 172 172
2.97187 61.59902 0.84295 171 171 171
2.93989 61.60562 0.96441 175 175 175
2.91020 61.60087 1.08679 179 179 179
2.86021 61.60501 1.20249 178 178 178
2.81454 61.59954 1.31939 181 181 181
2.76934 61.59925 1.43673 182 182 182
2.71247 61.60291 1.54883 172 172 172
2.65458 61.60069 1.66038 182 182 182
2.58971 61.60075 1.76802 181 181 181
2.52507 61.60401 1.87591 184 184 184
2.45338 61.59904 1.97927 182 182 182
2.37249 61.60657 2.07566 187 187 187
2.29411 61.59741 2.17379 184 184 184
2.21126 61.59940 2.26823 190 190 190
2.11880 61.59991 2.35342 180 180 180
2.03452 61.59625 2.44688 192 192 192
1.94369 61.59494 2.53403 189 189 189
1.84135 61.59936 2.60753 182 182 182
1.74357 61.60454 2.68653 183 183 183
1.63963 61.59979 2.75723 192 192 192
1.53737 61.59814 2.83081 190 190 190
1.42651 61.59466 2.89056 187 187 187
1.31522 61.60004 2.94909 189 189 189
1.20194 61.59564 3.00363 193 193 193
1.08789 61.60012 3.05673 193 193 193
0.96809 61.60093 3.09546 195 195 195
0.85104 61.60270 3.14136 195 195 195
0.72941 61.60369 3.17320 196 196 196
0.60866 61.59873 3.20790 193 193 193
0.48514 61.59983 3.23089 197 197 197
0.36254 61.60551 3.25895 197 197 197
0.23784 61.59212 3.27496 200 200 200
0.11322 61.60032 3.29321 198 198 198
-0.01294 61.60166 3.28896 198 198 198
-0.13838 61.59740 3.29522 196 196 196
-0.26377 61.59978 3.28747 191 191 191
-0.38948 61.59706 3.28675 192 192 192
-0.51436 61.60018 3.27283 187 187 187
-0.63869 61.60626 3.25504 194 194 194
-0.76217 61.60133 3.23223 196 196 196
-0.88379 61.59988 3.20108 188 188 188
-1.00871 61.59776 3.18216 190 190 190
-1.12713 61.60261 3.13929 191 191 191
-1.24571 61.60002 3.09777 194 194 194
-1.36477 61.60061 3.05700 188 188 188
-1.47698 61.60341 2.99988 196 196 196
-1.59244 61.59860 2.94998 196 196 196
-1.70543 61.60010 2.89440 189 189 189
-1.81289 61.60199 2.82878 189 189 189
-1.91442 61.60331 2.75427 187 187 187
-2.02013 61.59748 2.68624 188 188 188
-2.11581 61.60629 2.60459 190 190 190
-2.21418 61.60021 2.52669 184 184 184
-2.30886 61.59918 2.44425 185 185 185
-2.40319 61.59884 2.36105 187 187 187
-2.48846 61.59848 2.26864 191 191 191
-2.56792 61.59439 2.17127 187 187 187
-2.65108 61.60122 2.07709 185 185 185
-2.72830 61.60416 1.97793 182 182 182
-2.79917 61.59645 1.87413 182 182 182
-2.86482 61.59809 1.76701 178 178 178
-2.93295 61.59834 1.66128 185 185 185
-2.98857 61.59893 1.54849 178 178 178
-3.04574 61.60215 1.43656 176 176 176
-3.09143 61.60281 1.31944 174 174 174
-3.13896 61.60043 1.20322 178 178 178
-3.18542 61.59839 1.08629 179 179 179
-3.21832 61.60411 0.96488 171 171 171
-3.24711 61.60071 0.84259 181 181 181
-3.28495 61.60359 0.72214 168 168 168
-3.30059 61.60072 0.59709 172 172 172
-3.31399 61.59711 0.47211 176 176 176
-3.32762 61.59689 0.34725 171 171 171
-3.33772 61.60082 0.22195 164 164 164
-3.33926 61.59796 0.09625 172 172 172
-3.33533 61.59614 -0.02936 164 164 164
-3.32751 61.60474 -0.15474 161 161 161
-3.31133 61.59826 -0.27929 166 166 166
-3.29524 61.59553 -0.40375 162 162 162
-3.28309 61.60128 -0.52927 163 163 163
-3.24450 61.60124 -0.64946 163 163 163
-3.21277 61.59999 -0.77082 156 156 156
-3.18466 61.59930 -0.89355 155 155 155
-3.14328 61.60109 -1.01232 157 157 157
-3.09268 61.59978 -1.12747 155 155 155
-3.04817 61.59846 -1.24519 159 159 159
-2.99078 61.60256 -1.35713 156 156 156
-2.92860 61.59475 -1.46635 150 150 150
-2.87055 61.59746 -1.57803 148 148 148
-2.79853 61.59634 -1.68121 153 153 153
-2.72416 61.59417 -1.78243 159 159 159
-2.65163 61.60189 -1.88504 152 152 152
-2.56676 61.60189 -1.97779 148 148 148
-2.49284 61.59868 -2.08020 147 147 147
-2.40150 61.60204 -2.16687 151 151 151
-2.31280 61.60292 -2.25603 144 144 144
-2.21698 61.59956 -2.33748 144 144 144
-2.12199 61.59761 -2.41995 141 141 141
-2.01900 61.60410 -2.49221 145 145 145
-1.91598 61.60118 -2.56411 143 143 143
-1.81138 61.60197 -2.63384 139 139 139
-1.70426 61.59917 -2.69984 149 149 149
-1.58813 61.59991 -2.74905 142 142 142
-1.47826 61.59950 -2.81017 146 146 146
-1.36499 61.60337 -2.86505 136 136 136
-1.24660 61.60227 -2.90770 134 134 134
-1.12874 61.59423 -2.95175 139 139 139
-1.00700 61.60031 -2.98362 145 145 145
-0.88515 61.59909 -3.01426 145 145 145
-0.76190 61.59784 -3.03840 133 133 133
-0.63915 61.59923 -3.06547 142 142 142
-0.51439 61.60006 -3.08059 136 136 136
-0.38944 61.60220 -3.09366 141 141 141
-0.26389 61.60092 -3.09817 142 142 142
-0.13838 61.59996 -3.10469 137 137 137
-0.01284 61.59918 -3.09911 134 134 134
0.11267 61.60437 -3.09366 134 134 134
0.23811 61.59719 -3.08469 138 138 138
0.36225 61.59539 -3.06465 138 138 138
0.48701 61.59595 -3.04784 141 141 141
0.60804 61.60243 -3.01282 138 138 138
0.73013 61.59849 -2.98328 140 140 140
0.85118 61.59837 -2.94931 146 146 146
0.96965 61.59609 -2.90720 139 139 139
1.08705 61.60349 -2.86220 149 149 149
1.20077 61.60180 -2.80860 144 144 144
1.31414 61.60566 -2.75450 144 144 144
1.42293 61.60184 -2.69169 147 147 147
1.53565 61.59442 -2.63553 145 145 145
1.63883 61.60335 -2.56354 142 142 142
1.74399 61.59771 -2.49463 150 150 150
1.84266 61.59893 -2.41669 149 149 149
1.94318 61.60249 -2.34096 144 144 144
2.03254 61.60125 -2.25225 154 154 154
2.12656 61.60076 -2.16870 147 147 147
2.21047 61.60376 -2.07501 154 154 154
2.29599 61.59874 -1.98291 154 154 154
2.37614 61.60143 -1.88605 149 149 149
2.45324 61.59679 -1.78668 149 149 149
2.52171 61.59962 -1.68117 151 151 151
2.58733 61.59904 -1.57408 149 149 149
2.65889 61.59623 -1.47031 153 153 153
2.71452 61.59238 -1.35738 158 158 158
2.76553 61.59942 -1.24248 153 153 153
2.81536 61.59758 -1.12724 158 158 158
2.86242 61.59783 -1.01081 158 158 158
2.90909 61.59997 -0.89394 157 157 157
2.93959 61.60120 -0.77183 161 161 161
2.96798 61.59998 -0.64952 163 163 163
3.00041 61.59904 -0.52810 161 161 161
3.02538 61.59830 -0.40484 167 167 167
3.04224 61.59812 -0.28020 160 160 160
3.05336 61.60017 -0.15495 165 165 165
3.06080 61.60285 -0.02945 168 168 168
3.05528 62.00431 0.09688 168 168 168
3.04661 61.99855 0.22236 165 165 165
3.05292 61.99864 0.34874 166 166 166
3.03325 61.99409 0.47332 172 172 172
3.01754 62.00165 0.59814 170 170 170
2.99303 61.99994 0.72153 172 172 172
2.96536 62.00046 0.84416 171 171 171
2.93096 61.99729 0.96503 186 186 186
2.89541 61.99798 1.08551 173 173 173
2.85450 61.99534 1.20429 172 172 172
2.80214 61.99654 1.31857 175 175 175
2.75460 61.99980 1.43467 181 181 181
2.70023 61.99553 1.54776 179 179 179
2.64657 61.99822 1.66151 179 179 179
2.58333 62.00243 1.77020 179 179 179
2.51565 62.00355 1.87620 185 185 185
2.44455 62.00150 1.97996 182 182 182
2.36794 62.00149 2.07973 184 184 184
2.28659 62.00389 2.17561 185 185 185
2.19979 62.00172 2.26650 182 182 182
2.11677 61.99719 2.36094 186 186 186
2.02355 61.99878 2.44528 190 190 190
1.93172 61.99956 2.53109 191 191 191
1.83266 62.00091 2.60844 198 198 198
1.73610 61.99888 2.68915 189 189 189
1.62872 61.99751 2.75487 189 189 189
1.52761 61.99964 2.83007 187 187 187
1.41704 61.99889 2.89020 191 191 191
1.30818 62.00001 2.95342 193 193 193
1.19655 62.00093 3.01190 201 201 201
1.07914 61.99839 3.05775 192 192 192
0.96061 61.99636 3.10000 193 193 193
0.83943 62.00095 3.13370 194 194 194
0.72166 61.99916 3.17795 195 195 195
0.60001 61.99553 3.20963 192 192 192
0.47682 61.99846 3.23452 195 195 195
0.35340 61.99920 3.25819 197 197 197
0.22836 62.00056 3.27081 195 195 195
0.10360 62.00242 3.28489 198 198 198
-0.02165 61.99866 3.29486 193 193 193
-0.14730 61.99840 3.29463 194 194 194
-0.27293 61.99849 3.29443 202 202 202
-0.39796 61.99986 3.28184 185 185 185
-0.52388 61.99657 3.27854 194 194 194
-0.64858 62.00401 3.26182 196 196 196
-0.77074 61.99954 3.23112 197 197 197
-0.89412 61.99469 3.20760 195 195 195
-1.01619 61.99848 3.17772 195 195 195
-1.13682 62.00209 3.14229 198 198 198
-1.25617 62.00214 3.10258 194 194 194
-1.37195 61.99712 3.05342 192 192 192
-1.48686 62.00237 3.00260 202 202 202
-1.60123 61.99565 2.95036 198 198 198
-1.70897 62.00083 2.88542 191 191 191
-1.81910 62.00427 2.82500 187 187 187
-1.92709 61.99896 2.76051 191 191 191
-2.03013 61.99887 2.68836 184 184 184
-2.12868 62.00157 2.61023 185 185 185
-2.22706 62.00180 2.53195 188 188 188
-2.32031 61.99568 2.44761 190 190 190
-2.40820 62.00373 2.35777 187 187 187
-2.49625 61.99841 2.26821 192 192 192
-2.58079 62.00477 2.17526 183 183 183
-2.65704 61.99935 2.07539 178 178 178
-2.73688 62.00082 1.97831 185 185 185
-2.80677 61.99974 1.87387 177 177 177
-2.86848 61.99631 1.76441 190 190 190
-2.94078 62.00361 1.66129 174 174 174
-3.00359 61.99932 1.55222 185 185 185
-3.05200 62.00003 1.43595 179 179 179
-3.10394 61.99817 1.32155 181 181 181
-3.14908 61.99860 1.20429 176 176 176
-3.18785 61.99552 1.08481 178 178 178
-3.22435 61.99817 0.96469 175 175 175
-3.25367 61.99739 0.84265 171 171 171
-3.28589 61.99879 0.72118 172 172 172
-3.30926 61.99857 0.59768 175 175 175
-3.32250 62.00367 0.47268 172 172 172
-3.33907 61.99810 0.34807 167 167 167
-3.34356 61.99596 0.22246 168 168 168
-3.34855 62.00288 0.09688 170 170 170
-3.34825 62.00275 -0.02889 170 170 170
-3.33956 61.99919 -0.15436 164 164 164
-3.32421 62.00187 -0.27914 162 162 162
-3.30549 62.00215 -0.40333 165 165 165
-3.28781 62.00187 -0.52781 157 157 157
-3.25236 61.99560 -0.64859 159 159 159
-3.22531 62.00277 -0.77122 160 160 160
-3.18905 62.00258 -0.89145 154 154 154
-3.14513 61.99738 -1.00908 163 163 163
-3.10805 61.99506 -1.12951 161 161 161
-3.06081 62.00107 -1.24627 154 154 154
-2.99586 62.00242 -1.35454 157 157 157
-2.93596 62.00092 -1.46485 152 152 152
-2.87847 61.99985 -1.57679 153 153 153
-2.80845 61.99763 -1.68126 153 153 153
-2.73554 62.00287 -1.78360 147 147 147
-2.65512 62.00353 -1.88013 148 148 148
-2.57851 61.99777 -1.97958 141 141 141
-2.49793 62.00129 -2.07603 141 141 141
-2.40987 62.00153 -2.16570 146 146 146
-2.31935 62.00196 -2.25283 151 151 151
-2.23017 61.99901 -2.34186 142 142 142
-2.12706 62.00214 -2.41444 147 147 147
-2.03088 61.99680 -2.49566 148 148 148
-1.92507 61.99679 -2.56376 139 139 139
-1.81995 62.00459 -2.63264 142 142 142
-1.71166 61.99498 -2.69649 141 141 141
-1.59878 61.99971 -2.75182 150 150 150
-1.48520 62.00404 -2.80526 141 141 141
-1.37052 62.00107 -2.85624 140 140 140
-1.25538 61.99603 -2.90670 145 145 145
-1.13741 62.00149 -2.95038 141 141 141
-1.01656 62.00179 -2.98527 138 138 138
-0.89481 61.99900 -3.01672 140 140 140
-0.77149 61.99518 -3.04116 134 134 134
-0.64771 62.00085 -3.06258 139 139 139
-0.52390 61.99818 -3.08503 143 143 143
-0.39822 62.00135 -3.09129 143 143 143
-0.27280 61.99928 -3.09728 137 137 137
-0.14730 62.00034 -3.10263 146 146 146
-0.02165 61.99657 -3.10127 141 141 141
0.10341 61.99688 -3.08877 134 134 134
0.22842 61.99662 -3.07756 136 136 136
0.35277 61.99475 -3.06042 143 143 143
0.47700 61.99687 -3.04169 139 139 139
0.59929 62.00327 -3.01292 145 145 145
0.72217 62.00498 -2.98605 138 138 138
0.84251 61.99868 -2.94946 142 142 142
0.95916 62.00001 -2.90233 141 141 141
1.07653 61.99843 -2.85772 137 137 137
1.19120 62.00189 -2.80657 142 142 142
1.30409 61.99856 -2.75165 139 139 139
1.41768 61.99959 -2.69761 145 145 145
1.52061 62.00087 -2.62492 145 145 145
1.63136 61.99975 -2.56508 149 149 149
1.73319 62.00018 -2.49140 142 142 142
1.83188 62.00048 -2.41372 149 149 149
1.93322 62.00275 -2.33911 143 143 143
2.02589 61.99755 -2.25407 150 150 150
2.11553 62.00308 -2.16596 150 150 150
2.20600 62.00054 -2.07850 146 146 146
2.28532 62.00390 -1.98079 137 137 137
2.36629 62.00016 -1.88468 149 149 149
2.44216 61.99948 -1.78448 156 156 156
2.51831 61.99983 -1.68423 153 153 153
2.58739 62.00238 -1.57895 152 152 152
2.64615 62.00315 -1.46754 155 155 155
2.70808 61.99686 -1.35802 150 150 150
2.76075 61.99984 -1.24376 156 156 156
2.81194 61.99731 -1.12889 147 147 147
2.85605 61.99972 -1.01112 153 153 153
2.89446 61.99572 -0.89146 161 161 161
2.92536 61.99821 -0.76971 160 160 160
2.96714 62.00097 -0.65084 160 160 160
2.99262 61.99856 -0.52770 159 159 159
3.00889 62.00097 -0.40302 161 161 161
3.03086 62.00374 -0.27929 166 166 166
3.04301 61.99824 -0.15421 164 164 164
3.05396 62.00350 -0.02890 170 170 170
3.04306 62.39916 0.09750 171 171 171
3.04829 62.40510 0.22340 171 171 171
3.03305 62.39787 0.34849 170 170 170
3.02309 62.40290 0.47379 169 169 169
3.00235 62.39867 0.59776 180 180 180
2.98822 62.39681 0.72295 170 170 170
2.95627 62.39911 0.84472 174 174 174
2.92147 62.39845 0.96547 173 173 173
2.89129 62.40427 1.08767 176 176 176
2.84446 62.40346 1.20448 174 174 174
2.80191 62.40350 1.32276 179 179 179
2.75243 62.40124 1.43837 176 176 176
2.69264 62.40394 1.54903 175 175 175
2.63484 62.40095 1.66052 177 177 177
2.57241 62.39896 1.76956 186 186 186
2.50657 62.39785 1.87667 179 179 179
2.43759 62.39906 1.98196 179 179 179
2.35684 62.39707 2.07857 179 179 179
2.27528 62.39969 2.17413 187 187 187
2.19219 62.40236 2.26828 189 189 189
2.10785 62.39600 2.36149 183 183 183
2.01899 62.39582 2.45055 182 182 182
1.91719 62.39707 2.52506 189 189 189
1.82576 62.39937 2.61152 191 191 191
1.72372 62.39904 2.68491 195 195 195
1.62090 62.39836 2.75703 194 194 194
1.51563 62.39602 2.82558 197 197 197
1.40873 62.39971 2.89178 188 188 188
1.29489 62.39851 2.94530 195 195 195
1.18275 62.40255 3.00178 197 197 197
1.07059 62.40186 3.05909 186 186 186
0.95108 62.40023 3.09875 194 194 194
0.83338 62.40109 3.14294 195 195 195
0.71460 62.40070 3.18493 191 191 191
0.59175 62.39406 3.21270 198 198 198
0.46765 62.39986 3.23353 195 195 195
0.34436 62.40463 3.25753 199 199 199
0.21956 62.40227 3.27184 189 189 189
0.09541 62.39519 3.29378 196 196 196
-0.03047 62.39894 3.29625 189 189 189
-0.15614 62.39849 3.29916 196 196 196
-0.28189 62.40096 3.29791 195 195 195
-0.40758 62.40052 3.29223 201 201 201
-0.53218 62.40249 3.27459 202 202 202
-0.65748 62.40396 3.26281 190 190 190
-0.78006 62.39936 3.23411 201 201 201
-0.90382 62.39819 3.21180 199 199 199
-1.02657 62.39754 3.18377 199 199 199
-1.14446 62.40260 3.13923 197 197 197
-1.26395 62.40467 3.10032 201 201 201
-1.38040 62.40150 3.05311 195 195 195
-1.49574 62.39739 3.00329 194 194 194
-1.60883 62.40137 2.94854 201 201 201
-1.71983 62.39724 2.88966 196 196 196
-1.82736 62.40000 2.82467 186 186 186
-1.93593 62.39813 2.76114 188 188 188
-2.03800 62.39831 2.68764 191 191 191
-2.13583 62.40049 2.60871 185 185 185
-2.23301 62.40003 2.52919 185 185 185
-2.33068 62.40031 2.44990 186 186 186
-2.42016 62.39890 2.36151 187 187 187
-2.50735 62.39862 2.27093 180 180 180
-2.59040 62.40091 2.17654 192 192 192
-2.66735 62.39530 2.07717 188 188 188
-2.74591 62.40179 1.97907 184 184 184
-2.81898 62.39825 1.87675 188 188 188
-2.88596 62.39747 1.77033 184 184 184
-2.94585 62.40128 1.65981 186 186 186
-3.00640 62.40290 1.54977 178 178 178
-3.06254 62.40038 1.43737 180 180 180
-3.11547 62.39758 1.32329 185 185 185
-3.15872 62.40193 1.20521 170 170 170
-3.19475 62.40194 1.08480 179 179 179
-3.23362 62.40575 0.96544 174 174 174
-3.26421 62.40258 0.84368 169 169 169
-3.29486 62.40150 0.72183 173 173 173
-3.31031 62.39435 0.59707 171 171 171
-3.33568 62.40004 0.47382 166 166 166
-3.35052 62.39773 0.34890 162 162 162
-3.35229 62.39880 0.22308 163 163 163
-3.35678 62.39862 0.09750 178 178 178
-3.34654 62.40072 -0.02785 169 169 169
-3.34548 62.40280 -0.15351 156 156 156
-3.33113 62.39965 -0.27828 167 167 167
-3.32301 62.40069 -0.40408 165 165 165
-3.29864 62.40034 -0.52758 164 164 164
-3.27040 62.40215 -0.65017 158 158 158
-3.23460 62.39873 -0.77072 157 157 157
-3.20343 62.40177 -0.89263 163 163 163
-3.15898 62.39987 -1.01031 159 159 159
-3.11864 62.40247 -1.12961 158 158 158
-3.05895 62.39985 -1.24072 158 158 158
-3.00911 62.40113 -1.35616 156 156 156
-2.94965 62.40304 -1.46694 151 151 151
-2.88049 62.39989 -1.57198 150 150 150
-2.81508 62.39844 -1.67915 155 155 155
-2.74185 62.40015 -1.78113 152 152 152
-2.66809 62.40216 -1.88276 153 153 153
-2.58887 62.40012 -1.98025 147 147 147
-2.50295 62.40321 -2.07187 156 156 156
-2.42166 62.39989 -2.16802 149 149 149
-2.32549 62.40140 -2.24929 146 146 146
-2.23220 62.39956 -2.33325 148 148 148
-2.13741 62.39753 -2.41573 145 145 145
-2.04062 62.40209 -2.49626 144 144 144
-1.93415 62.39735 -2.56347 136 136 136
-1.83123 62.39881 -2.63599 144 144 144
-1.72318 62.39970 -2.70065 139 139 139
-1.60882 62.39809 -2.75355 142 142 142
-1.49463 62.39595 -2.80590 141 141 141
-1.37830 62.40213 -2.85305 138 138 138
-1.26593 62.39990 -2.91070 143 143 143
-1.14525 62.40400 -2.94665 143 143 143
-1.02326 62.40521 -2.97706 135 135 135
-0.90407 62.40118 -3.01782 140 140 140
-0.78232 62.40045 -3.05050 136 136 136
-0.65688 62.39985 -3.06399 141 141 141
-0.53176 62.40146 -3.07604 137 137 137
-0.40776 62.39566 -3.09955 142 142 142
-0.28192 62.39956 -3.10361 148 148 148
-0.15614 62.39830 -3.10424 143 143 143
-0.03063 62.39415 -3.09715 137 137 137
0.09475 62.40189 -3.09044 141 141 141
0.21974 62.40072 -3.07836 138 138 138
0.34507 62.40184 -3.06703 140 140 140
0.46802 62.40086 -3.04040 141 141 141
0.59106 62.39992 -3.01485 138 138 138
0.71164 62.40283 -2.97943 139 139 139
0.83123 62.40231 -2.94132 139 139 139
0.94944 62.40289 -2.89932 143 143 143
1.06976 62.39942 -2.86210 138 138 138
1.18268 62.40266 -2.80665 144 144 144
1.29466 62.40057 -2.74987 142 142 142
1.40559 62.40017 -2.69118 145 145 145
1.52278 62.40056 -2.64226 144 144 144
1.62237 62.39913 -2.56424 149 149 149
1.72587 62.40592 -2.49288 140 140 140
1.82533 62.40574 -2.41600 144 144 144
1.92356 62.40109 -2.33752 141 141 141
2.01843 62.40448 -2.25495 145 145 145
2.10591 62.39721 -2.16456 146 146 146
2.19444 62.40108 -2.07536 146 146 146
2.27601 62.40187 -1.97976 150 150 150
2.35505 62.40465 -1.88217 143 143 143
2.43556 62.40005 -1.78549 155 155 155
2.49830 62.39810 -1.67615 151 151 151
2.57633 62.40156 -1.57697 157 157 157
2.63491 62.40504 -1.46557 152 152 152
2.69700 62.40261 -1.35625 154 154 154
2.75242 62.40048 -1.24337 151 151 151
2.79853 62.40071 -1.12637 154 154 154
2.85130 62.39853 -1.01201 161 161 161
2.88569 62.39881 -0.89085 156 156 156
2.92464 62.39801 -0.77137 158 158 158
2.95626 62.40232 -0.64972 167 167 167
2.98721 62.40068 -0.52775 174 174 174
3.00594 62.40030 -0.40333 164 164 164
3.02093 62.39942 -0.27853 164 164 164
3.03331 62.40360 -0.15352 168 168 168
3.04193 62.39696 -0.02815 169 169 169
3.03890 62.80143 0.09813 163 163 163
3.03228 62.80321 0.22374 168 168 168
3.02479 62.79939 0.34916 178 178 178
3.01087 62.80080 0.47400 167 167 167
2.99630 62.79871 0.59881 170 170 170
2.96973 62.80216 0.72164 172 172 172
2.94350 62.79821 0.84439 171 171 171
2.91284 62.80149 0.96614 170 170 170
2.87304 62.79781 1.08521 172 172 172
2.84000 62.79979 1.20669 176 176 176
2.79992 62.79861 1.32619 182 182 182
2.73747 62.80104 1.43614 177 177 177
2.68285 62.79753 1.54913 178 178 178
2.62967 62.79788 1.66316 176 176 176
2.56706 62.79428 1.77227 182 182 182
2.49906 62.80104 1.87813 183 183 183
2.42310 62.80076 1.97842 185 185 185
2.35165 62.80152 2.08201 185 185 185
2.27047 62.79932 2.17814 189 189 189
2.18523 62.80009 2.27057 180 180 180
2.10146 62.80114 2.36449 187 187 187
2.00518 62.80315 2.44571 185 185 185
1.91764 62.80103 2.53648 186 186 186
1.81922 62.80274 2.61497 187 187 187
1.71889 62.79840 2.69094 190 190 190
1.61397 62.79903 2.76040 189 189 189
1.50655 62.79766 2.82570 192 192 192
1.39762 62.80469 2.88821 180 180 180
1.28544 62.79775 2.94459 191 191 191
1.17488 62.80364 3.00434 194 194 194
1.05816 62.80052 3.05087 191 191 191
0.94245 62.80205 3.09974 204 204 204
0.82351 62.79899 3.14014 193 193 193
0.70317 62.80085 3.17608 193 193 193
0.58273 62.80299 3.21227 197 197 197
0.45909 62.80154 3.23514 197 197 197
0.33497 62.80107 3.25422 198 198 198
0.21111 62.79923 3.27506 199 199 199
0.08608 62.79640 3.28716 197 197 197
-0.03948 62.80242 3.29036 204 204 204
-0.16491 62.79871 3.29778 195 195 195
-0.29046 62.79911 3.29372 197 197 197
-0.41654 62.80453 3.29543 205 205 205
-0.54130 62.80099 3.27827 195 195 195
-0.66621 62.79812 3.26319 192 192 192
-0.78860 62.79811 3.23363 197 197 197
-0.91205 62.80145 3.21017 196 196 196
-1.03207 62.80032 3.17285 196 196 196
-1.15232 62.79767 3.13705 196 196 196
-1.26970 62.80177 3.09278 187 187 187
-1.39241 62.80031 3.06156 190 190 190
-1.50356 62.79669 3.00187 186 186 186
-1.62018 62.79857 2.95425 194 194 194
-1.72906 62.79842 2.89111 189 189 189
-1.83890 62.79912 2.82983 195 195 195
-1.93961 62.80180 2.75415 184 184 184
-2.04505 62.79717 2.68591 185 185 185
-2.14809 62.79900 2.61378 189 189 189
-2.24208 62.80078 2.53018 187 187 187
-2.33804 62.80252 2.44900 190 190 190
-2.42952 62.79759 2.36273 188 188 188
-2.51573 62.79872 2.27120 184 184 184
-2.59914 62.79671 2.17715 185 185 185
-2.67596 62.80257 2.07767 186 186 186
-2.75086 62.79670 1.97692 192 192 192
-2.82051 62.80265 1.87254 187 187 187
-2.89041 62.80401 1.76831 185 185 185
-2.96028 62.80312 1.66360 180 180 180
-3.01810 62.80433 1.55190 174 174 174
-3.07123 62.80378 1.43796 181 181 181
-3.12184 62.79765 1.32293 184 184 184
-3.17028 62.79690 1.20686 185 185 185
-3.21320 62.80128 1.08857 175 175 175
-3.24946 62.79887 0.96806 176 176 176
-3.27324 62.79841 0.84437 176 176 176
-3.30113 62.80213 0.72196 177 177 177
-3.32989 62.80455 0.59941 172 172 172
-3.33900 62.80296 0.47380 172 172 172
-3.35439 62.80090 0.34914 173 173 173
-3.36006 62.80282 0.22366 166 166 166
-3.36853 62.80073 0.09813 161 161 161
-3.35838 62.79784 -0.02735 164 164 164
-3.36254 62.79424 -0.15353 165 165 165
-3.34729 62.80098 -0.27854 160 160 160
-3.32376 62.79711 -0.40219 167 167 167
-3.30376 62.80029 -0.52623 155 155 155
-3.27517 62.79554 -0.64858 153 153 153
-3.24509 62.79847 -0.77058 165 165 165
-3.20636 62.79722 -0.89011 153 153 153
-3.16904 62.79837 -1.01016 163 163 163
-3.11663 62.80134 -1.12452 159 159 159
-3.07311 62.79881 -1.24258 156 156 156
-3.01865 62.80143 -1.35593 153 153 153
-2.95504 62.79839 -1.46443 148 148 148
-2.89915 62.79456 -1.57742 144 144 144
-2.82198 62.79736 -1.67728 153 153 153
-2.75107 62.80221 -1.78083 143 143 143
-2.67673 62.79764 -1.88204 151 151 151
-2.59718 62.79864 -1.97924 150 150 150
-2.51379 62.80226 -2.07316 155 155 155
-2.42655 62.80089 -2.16353 145 145 145
-2.33822 62.80243 -2.25295 150 150 150
-2.24962 62.80330 -2.34277 143 143 143
-2.14648 62.79807 -2.41549 150 150 150
-2.04386 62.80165 -2.48803 139 139 139
-1.94284 62.79494 -2.56275 149 149 149
-1.83536 62.79918 -2.62780 141 141 141
-1.73130 62.80201 -2.69887 142 142 142
-1.61580 62.80326 -2.74941 140 140 140
-1.50412 62.80280 -2.80686 142 142 142
-1.38832 62.80214 -2.85545 143 143 143
-1.26899 62.80271 -2.89462 147 147 147
-1.15344 62.80286 -2.94428 143 143 143
-1.03217 62.79985 -2.97695 141 141 141
-0.91138 62.79819 -3.01115 132 132 132
-0.78914 62.80107 -3.04009 144 144 144
-0.66550 62.80186 -3.06249 144 144 144
-0.54108 62.79649 -3.08016 141 141 141
-0.41595 62.79922 -3.09166 140 140 140
-0.29058 62.80473 -3.10037 139 139 139
-0.16491 62.79599 -3.10391 135 135 135
-0.03957 62.80204 -3.09205 145 145 145
0.08596 62.79720 -3.08950 136 136 136
0.21162 62.79762 -3.08318 143 143 143
0.33468 62.80085 -3.05615 139 139 139
0.45899 62.80548 -3.03842 132 132 132
0.58246 62.80079 -3.01490 141 141 141
0.70405 62.79806 -2.98297 139 139 139
0.82170 62.80145 -2.93835 137 137 137
0.94319 62.80093 -2.90550 150 150 150
1.05874 62.79775 -2.85603 135 135 135
1.17497 62.80076 -2.80830 141 141 141
1.28991 62.79863 -2.75712 137 137 137
1.39740 62.79577 -2.69157 139 139 139
1.50621 62.80352 -2.62890 142 142 142
1.61575 62.80240 -2.56683 138 138 138
1.71863 62.79912 -2.49435 149 149 149
1.81657 62.79846 -2.41537 145 145 145
1.91100 62.79899 -2.33245 145 145 145
2.00535 62.79785 -2.24965 148 148 148
2.09954 62.79763 -2.16632 140 140 140
2.18147 62.79697 -2.07085 142 142 142
2.26790 62.80157 -1.97969 150 150 150
2.34625 62.80015 -1.88151 151 151 151
2.42443 62.80097 -1.78314 158 158 158
2.49264 62.79802 -1.67760 153 153 153
2.56339 62.80111 -1.57378 151 151 151
2.62863 62.80128 -1.46633 159 159 159
2.68272 62.80455 -1.35282 156 156 156
2.74145 62.79802 -1.24173 158 158 158
2.78736 62.80011 -1.12475 159 159 159
2.83894 62.79710 -1.01006 161 161 161
2.87500 62.80175 -0.88960 163 163 163
2.91450 62.80321 -0.77036 164 164 164
2.94727 62.79856 -0.64904 150 150 150
2.97373 62.79805 -0.52619 167 167 167
2.99366 62.79736 -0.40214 164 164 164
3.00865 62.79825 -0.27749 170 170 170
3.02681 62.79873 -0.15307 159 159 159
3.03656 62.79587 -0.02766 157 157 157
3.02729 63.19950 0.09875 166 166 166
3.02551 63.20215 0.22444 172 172 172
3.01709 63.19710 0.34986 170 170 170
3.00185 63.20118 0.47459 171 171 171
2.98164 63.20360 0.59849 167 167 167
2.97131 63.19638 0.72431 175 175 175
2.93354 63.20333 0.84470 176 176 176
2.90697 63.19877 0.96756 171 171 171
2.86715 63.19621 1.08675 170 170 170
2.82731 63.19769 1.20584 179 179 179
2.78617 63.20164 1.32472 181 181 181
2.73465 63.19832 1.43946 179 179 179
2.68132 63.19948 1.55340 186 186 186
2.62037 63.19681 1.66344 185 185 185
2.55711 63.19898 1.77212 186 186 186
2.48230 63.20258 1.87336 190 190 190
2.40928 63.20023 1.97531 179 179 179
2.34202 63.20065 2.08190 181 181 181
2.25842 63.19730 2.17588 183 183 183
2.17135 63.19393 2.26639 180 180 180
2.09032 63.20153 2.36265 181 181 181
1.99370 63.20293 2.44330 189 189 189
1.90380 63.19980 2.53106 186 186 186
1.81070 63.20092 2.61580 185 185 185
1.70953 63.20245 2.69064 188 188 188
1.60517 63.19682 2.76085 193 193 193
1.49756 63.20109 2.82581 196 196 196
1.39144 63.19889 2.89331 187 187 187
1.27929 63.20237 2.95018 198 198 198
1.16735 63.20228 3.00745 192 192 192
1.05275 63.19822 3.05938 195 195 195
0.93312 63.20134 3.09860 186 186 186
0.81468 63.20242 3.14033 193 193 193
0.69357 63.20118 3.17344 200 200 200
0.57215 63.19841 3.20497 190 190 190
0.45160 63.19778 3.24177 201 201 201
0.32780 63.19729 3.26436 193 193 193
0.20251 63.20430 3.27633 196 196 196
0.07756 63.20200 3.28986 198 198 198
-0.04795 63.19814 3.29654 192 192 192
-0.17359 63.20401 3.29526 197 197 197
-0.29930 63.20050 3.29844 194 194 194
-0.42466 63.20037 3.28894 196 196 196
-0.54988 63.19756 3.27804 200 200 200
-0.67429 63.20093 3.26004 196 196 196
-0.79693 63.19741 3.23252 198 198 198
-0.92043 63.19565 3.20955 192 192 192
-1.04257 63.20009 3.17994 194 194 194
-1.16183 63.19881 3.14024 193 193 193
-1.27864 63.19966 3.09413 193 193 193
-1.39833 63.20235 3.05553 193 193 193
-1.51303 63.20408 3.00423 201 201 201
-1.62628 63.19894 2.94980 191 191 191
-1.73751 63.19774 2.89133 192 192 192
-1.84455 63.19946 2.82550 192 192 192
-1.94805 63.20273 2.75442 193 193 193
-2.05418 63.19473 2.68715 190 190 190
-2.15099 63.19900 2.60706 191 191 191
-2.25257 63.20628 2.53292 187 187 187
-2.34449 63.20079 2.44722 190 190 190
-2.43778 63.19816 2.36294 186 186 186
-2.52115 63.19816 2.26881 187 187 187
-2.60871 63.19861 2.17854 184 184 184
-2.68549 63.20027 2.07897 183 183 183
-2.76354 63.19773 1.98046 189 189 189
-2.83132 63.19997 1.87459 184 184 184
-2.89955 63.19763 1.76922 179 179 179
-2.97063 63.19936 1.66517 177 177 177
-3.02498 63.19751 1.55161 184 184 184
-3.08226 63.20327 1.43966 177 177 177
-3.12790 63.20763 1.32246 182 182 182
-3.17792 63.20112 1.20711 177 177 177
-3.22145 63.20148 1.08906 187 187 187
-3.25554 63.19856 0.96795 173 173 173
-3.28744 63.20497 0.84632 174 174 174
-3.31547 63.19876 0.72371 170 170 170
-3.33488 63.20096 0.59945 171 171 171
-3.35635 63.19773 0.47545 169 169 169
-3.36439 63.20378 0.34987 170 170 170
-3.37652 63.20258 0.22459 163 163 163
-3.36536 63.19706 0.09875 164 164 164
-3.37016 63.19654 -0.02684 172 172 172
-3.36119 63.20681 -0.15212 161 161 161
-3.35274 63.19746 -0.27753 168 168 168
-3.33945 63.19914 -0.40267 161 161 161
-3.30912 63.20360 -0.52495 168 168 168
-3.28086 63.20212 -0.64724 157 157 157
-3.24725 63.20043 -0.76811 161 161 161
-3.21970 63.20146 -0.89099 157 157 157
-3.17535 63.20063 -1.00866 161 161 161
-3.13005 63.20194 -1.12586 158 158 158
-3.07970 63.19918 -1.24099 148 148 148
-3.02667 63.20217 -1.35497 148 148 148
-2.96817 63.20457 -1.46629 149 149 149
-2.90169 63.20216 -1.57304 155 155 155
-2.83413 63.20267 -1.67897 154 154 154
-2.76313 63.20319 -1.78267 145 145 145
-2.69210 63.19738 -1.88669 152 152 152
-2.61052 63.20028 -1.98259 152 152 152
-2.52116 63.19825 -2.07133 143 143 143
-2.42910 63.20077 -2.15677 145 145 145
-2.34243 63.20007 -2.24750 147 147 147
-2.25467 63.19579 -2.33789 144 144 144
-2.15545 63.20093 -2.41523 149 149 149
-2.05198 63.19720 -2.48664 142 142 142
-1.95248 63.19713 -2.56355 144 144 144
-1.84602 63.20276 -2.63041 148 148 148
-1.73485 63.20087 -2.68909 141 141 141
-1.62804 63.20042 -2.75577 138 138 138
-1.51310 63.19697 -2.80689 140 140 140
-1.39664 63.20188 -2.85395 145 145 145
-1.28061 63.20046 -2.90197 140 140 140
-1.16170 63.20004 -2.94234 138 138 138
-1.03928 63.20175 -2.97077 141 141 141
-0.92053 63.19684 -3.01249 131 131 131
-0.79726 63.19877 -3.03669 135 135 135
-0.67316 63.20019 -3.05542 142 142 142
-0.55002 63.19826 -3.08168 137 137 137
-0.42446 63.20015 -3.08891 136 136 136
-0.29923 63.20199 -3.09907 135 135 135
-0.17359 63.19786 -3.10183 142 142 142
-0.04803 63.19700 -3.09682 136 136 136
0.07740 63.19702 -3.09029 139 139 139
0.20207 63.20117 -3.07513 133 133 133
0.32697 63.20275 -3.06164 140 140 140
0.44998 63.19972 -3.03613 132 132 132
0.57388 63.20101 -3.01466 151 151 151
0.69473 63.20377 -2.98006 141 141 141
0.81595 63.19858 -2.94672 144 144 144
0.93424 63.20101 -2.90416 144 144 144
1.05239 63.20371 -2.86102 144 144 144
1.16545 63.19888 -2.80586 135 135 135
1.27715 63.19607 -2.74849 142 142 142
1.39020 63.20294 -2.69359 141 141 141
1.49970 63.19610 -2.63180 142 142 142
1.60923 63.20058 -2.56942 143 143 143
1.70660 63.20128 -2.48911 145 145 145
1.80970 63.20037 -2.41704 150 150 150
1.90721 63.20083 -2.33755 148 148 148
2.00272 63.20322 -2.25557 150 150 150
2.08680 63.20169 -2.16165 152 152 152
2.17580 63.20130 -2.07301 152 152 152
2.25988 63.20496 -1.97963 154 154 154
2.33762 63.19627 -1.88093 149 149 149
2.41804 63.20071 -1.78418 151 151 151
2.48813 63.19683 -1.67976 153 153 153
2.55580 63.20221 -1.57382 151 151 151
2.62181 63.19899 -1.46675 153 153 153
2.67389 63.20105 -1.35212 157 157 157
2.73331 63.20218 -1.24135 149 149 149
2.78096 63.19610 -1.12507 163 163 163
2.83864 63.20238 -1.01252 154 154 154
2.88001 63.20138 -0.89343 162 162 162
2.90483 63.19672 -0.76945 159 159 159
2.93203 63.20214 -0.64684 155 155 155
2.96411 63.19568 -0.52538 170 170 170
2.98288 63.20200 -0.40119 164 164 164
2.99774 63.19645 -0.27660 163 163 163
3.02004 63.20113 -0.15259 159 159 159
3.01844 63.19694 -0.02667 165 165 165
3.01736 63.60244 0.09938 160 160 160
3.01255 63.60126 0.22490 169 169 169
3.01064 63.60218 0.35065 176 176 176
2.99329 63.59946 0.47522 175 175 175
2.98263 63.59804 0.60063 176 176 176
2.95439 63.60295 0.72328 165 165 165
2.92216 63.59797 0.84466 175 175 175
2.89523 63.59742 0.96729 177 177 177
2.86695 63.60462 1.09010 177 177 177
2.82124 63.60282 1.20739 174 174 174
2.77410 63.60429 1.32391 180 180 180
2.72601 63.60013 1.44007 180 180 180
2.66843 63.59792 1.55183 187 187 187
2.61030 63.60085 1.66323 182 182 182
2.54362 63.59686 1.76974 177 177 177
2.47538 63.60057 1.87509 178 178 178
2.40704 63.60316 1.98055 185 185 185
2.33027 63.60165 2.08003 188 188 188
2.24972 63.60191 2.17641 180 180 180
2.16553 63.59640 2.26958 190 190 190
2.07846 63.59854 2.36001 185 185 185
1.99146 63.59748 2.45080 193 193 193
1.89892 63.60278 2.53603 186 186 186
1.80043 63.59806 2.61430 188 188 188
1.69858 63.59921 2.68801 186 186 186
1.59583 63.60146 2.76034 187 187 187
1.48618 63.60088 2.82188 196 196 196
1.38063 63.59638 2.88996 198 198 198
1.26879 63.60016 2.94706 191 191 191
1.15866 63.60051 3.00788 192 192 192
1.04268 63.60434 3.05644 198 198 198
0.92316 63.60056 3.09551 197 197 197
0.80723 63.60233 3.14444 197 197 197
0.68771 63.60155 3.18376 198 198 198
0.56502 63.60065 3.21166 193 193 193
0.44288 63.59797 3.24174 204 204 204
0.31884 63.59992 3.26267 193 193 193
0.19297 63.59907 3.26894 191 191 191
0.06908 63.59997 3.29191 194 194 194
-0.05666 63.60188 3.29412 196 196 196
-0.18218 63.59863 3.29834 194 194 194
-0.30774 63.60041 3.29511 195 195 195
-0.43320 63.60080 3.28896 186 186 186
-0.55835 63.59938 3.27764 194 194 194
-0.68255 63.60007 3.25862 190 190 190
-0.80609 63.59882 3.23598 202 202 202
-0.93034 63.59878 3.21567 194 194 194
-1.05086 63.60380 3.17949 193 193 193
-1.17064 63.60251 3.14156 196 196 196
-1.28874 63.60263 3.09884 190 190 190
-1.40680 63.59927 3.05587 189 189 189
-1.51970 63.60051 3.00068 192 192 192
-1.63268 63.59963 2.94615 192 192 192
-1.74736 63.59873 2.89421 197 197 197
-1.85320 63.59340 2.82623 195 195 195
-1.96277 63.59582 2.76421 189 189 189
-2.05902 63.59886 2.68262 186 186 186
-2.16118 63.59453 2.60972 192 192 192
-2.26552 63.60055 2.53865 191 191 191
-2.35410 63.60438 2.44894 195 195 195
-2.44724 63.59893 2.36443 187 187 187
-2.53236 63.59956 2.27186 188 188 188
-2.61409 63.59878 2.17642 189 189 189
-2.69825 63.59893 2.08288 193 193 193
-2.76616 63.59899 1.97675 186 186 186
-2.84537 63.60018 1.87886 182 182 182
-2.90810 63.60551 1.76982 180 180 180
-2.97430 63.60585 1.66303 191 191 191
-3.03810 63.60303 1.55454 172 172 172
-3.09071 63.59999 1.44022 185 185 185
-3.13973 63.59603 1.32443 179 179 179
-3.18339 63.60471 1.20658 177 177 177
-3.22453 63.60535 1.08789 173 173 173
-3.25467 63.60357 0.96591 169 169 169
-3.29564 63.60178 0.84685 175 175 175
-3.32062 63.60106 0.72365 176 176 176
-3.33811 63.60080 0.59923 171 171 171
-3.36163 63.59898 0.47569 171 171 171
-3.37602 63.59708 0.35074 177 177 177
-3.37615 63.60922 0.22487 170 170 170
-3.38722 63.60118 0.09938 171 171 171
-3.37687 63.60058 -0.02614 170 170 170
-3.37500 63.59547 -0.15191 165 165 165
-3.35826 63.60433 -0.27654 172 172 172
-3.34536 63.60083 -0.40163 161 161 161
-3.32318 63.60287 -0.52541 167 167 167
-3.29511 63.60022 -0.64797 166 166 166
-3.26213 63.60151 -0.76926 158 158 158
-3.22250 63.60175 -0.88849 155 155 155
-3.17801 63.59688 -1.00585 156 156 156
-3.13736 63.59647 -1.12470 151 151 151
-3.08746 63.60070 -1.23998 152 152 152
-3.02839 63.59418 -1.35084 154 154 154
-2.97238 63.59802 -1.46322 151 151 151
-2.91254 63.60296 -1.57379 155 155 155
-2.84518 63.60408 -1.67999 150 150 150
-2.76812 63.60136 -1.77943 150 150 150
-2.69162 63.60049 -1.87891 156 156 156
-2.61515 63.59892 -1.97858 153 153 153
-2.53275 63.59922 -2.07347 153 153 153
-2.44577 63.60221 -2.16422 143 143 143
-2.35490 63.59786 -2.25107 144 144 144
-2.25880 63.60082 -2.33204 144 144 144
-2.16026 63.59722 -2.40981 150 150 150
-2.06133 63.60128 -2.48705 142 142 142
-1.95766 63.60306 -2.55782 149 149 149
-1.85209 63.60138 -2.62568 139 139 139
-1.74729 63.60356 -2.69534 143 143 143
-1.63497 63.59919 -2.75190 147 147 147
-1.52245 63.59923 -2.80790 142 142 142
-1.40665 63.59990 -2.85676 145 145 145
-1.28825 63.60250 -2.89877 145 145 145
-1.17348 63.59923 -2.95155 139 139 139
-1.05144 63.60298 -2.98280 144 144 144
-0.93009 63.59849 -3.01589 138 138 138
-0.80672 63.60356 -3.04039 151 151 151
-0.68305 63.60058 -3.06302 143 143 143
-0.55826 63.59571 -3.07815 139 139 139
-0.43324 63.60104 -3.09062 133 133 133
-0.30777 63.59991 -3.09716 139 139 139
-0.18218 63.59739 -3.09918 141 141 141
-0.05654 63.60368 -3.09828 143 143 143
0.06893 63.59846 -3.09120 145 145 145
0.19373 63.59800 -3.07667 141 141 141
0.31829 63.60345 -3.06046 146 146 146
0.44232 63.60198 -3.04021 135 135 135
0.56606 63.60251 -3.01728 135 135 135
0.68736 63.59857 -2.98377 130 130 130
0.80809 63.59586 -2.94836 138 138 138
0.92633 63.59944 -2.90538 146 146 146
1.04446 63.60173 -2.86200 141 141 141
1.15923 63.60291 -2.81038 135 135 135
1.26859 63.60157 -2.74793 140 140 140
1.38119 63.59921 -2.69223 144 144 144
1.48967 63.60340 -2.62884 138 138 138
1.59515 63.59862 -2.56058 149 149 149
1.70023 63.60281 -2.49155 142 142 142
1.79411 63.59972 -2.40753 136 136 136
1.89804 63.59845 -2.33625 140 140 140
1.98847 63.59719 -2.24882 143 143 143
2.08257 63.59955 -2.16537 144 144 144
2.16551 63.59720 -2.07080 153 153 153
2.25102 63.59738 -1.97877 149 149 149
2.32957 63.60367 -1.88073 152 152 152
2.41043 63.60342 -1.78427 156 156 156
2.47508 63.59836 -1.67615 161 161 161
2.54473 63.60003 -1.57168 153 153 153
2.60693 63.59767 -1.46260 156 156 156
2.66284 63.60348 -1.35024 155 155 155
2.72048 63.60104 -1.23877 151 151 151
2.77799 63.60373 -1.12677 160 160 160
2.82896 63.60048 -1.01149 157 157 157
2.86617 63.59841 -0.89110 161 161 161
2.89563 63.59539 -0.76866 159 159 159
2.92207 63.60315 -0.64589 159 159 159
2.95683 63.60561 -0.52501 158 158 158
2.97833 63.60104 -0.40120 166 166 166
2.99067 63.59711 -0.27616 162 162 162
3.00560 63.60097 -0.15151 163 163 163
3.00815 63.59799 -0.02597 165 165 165
3.01297 64.00007 0.10000 177 177 177
3.01125 63.99720 0.22580 173 173 173
3.00181 63.99591 0.35125 173 173 173
2.99454 64.00251 0.47699 168 168 168
2.97119 63.99895 0.60079 171 171 171
2.94669 63.99840 0.72406 171 171 171
2.91897 63.99655 0.84656 179 179 179
2.89184 63.99899 0.96936 177 177 177
2.85378 63.99658 1.08920 176 176 176
2.81885 64.00213 1.21027 173 173 173
2.76387 64.00199 1.32381 189 189 189
2.71260 64.00034 1.43843 177 177 177
2.65368 64.00265 1.54927 180 180 180
2.60198 63.99667 1.66396 181 181 181
2.53369 63.99435 1.76949 183 183 183
2.47091 63.99761 1.87842 186 186 186
2.39970 63.99948 1.98202 188 188 188
2.32233 64.00018 2.08109 184 184 184
2.23604 63.99956 2.17261 189 189 189
2.16037 64.00304 2.27328 179 179 179
2.07460 64.00015 2.36527 183 183 183
1.98142 64.00393 2.44976 189 189 189
1.89016 63.99744 2.53634 192 192 192
1.79516 63.99597 2.61902 191 191 191
1.68981 64.00092 2.68826 191 191 191
1.58869 63.99925 2.76300 193 193 193
1.48251 64.00312 2.83039 199 199 199
1.37081 64.00444 2.88823 198 198 198
1.26208 63.99504 2.95118 189 189 189
1.14736 64.00570 3.00241 189 189 189
1.03628 64.00045 3.06213 194 194 194
0.91785 64.00194 3.10478 187 187 187
0.79866 63.99845 3.14487 194 194 194
0.67903 64.00221 3.18374 191 191 191
0.55564 63.99994 3.20862 193 193 193
0.43322 64.00010 3.23652 197 197 197
0.31013 63.99568 3.26195 198 198 198
0.18490 64.00234 3.27323 191 191 191
0.06030 63.99895 3.28901 193 193 193
-0.06501 63.99513 3.29834 197 197 197
-0.19068 64.00027 3.30193 199 199 199
-0.31643 64.00109 3.30064 197 197 197
-0.44174 63.99822 3.29002 195 195 195
-0.56681 64.00039 3.27795 196 196 196
-0.69117 63.99768 3.25998 194 194 194
-0.81486 63.99957 3.23798 191 191 191
-0.93919 64.00131 3.21777 191 191 191
-1.05942 64.00046 3.18033 196 196 196
-1.17924 64.00218 3.14249 190 190 190
-1.29840 63.99820 3.10262 188 188 188
-1.41715 64.00146 3.06097 190 190 190
-1.53186 64.00241 3.00924 197 197 197
-1.64341 63.99670 2.95115 192 192 192
-1.75587 63.99645 2.89485 193 193 193
-1.86462 63.99779 2.83162 186 186 186
-1.96400 64.00166 2.75397 185 185 185
-2.07409 64.00480 2.69229 187 187 187
-2.17409 63.99691 2.61594 183 183 183
-2.26600 63.99925 2.52989 187 187 187
-2.36298 63.99729 2.44999 187 187 187
-2.45518 63.99814 2.36451 190 190 190
-2.54654 64.00209 2.27774 194 194 194
-2.62375 64.00115 2.17804 188 188 188
-2.69836 63.99922 2.07690 181 181 181
-2.78469 63.99975 1.98466 178 178 178
-2.84991 64.00225 1.87684 189 189 189
-2.91973 63.99812 1.77236 180 180 180
-2.98655 64.00088 1.66576 182 182 182
-3.04099 64.00151 1.55230 178 178 178
-3.09635 63.99475 1.43953 183 183 183
-3.14883 63.99899 1.32531 172 172 172
-3.18979 64.00185 1.20643 171 171 171
-3.23805 63.99927 1.09015 182 182 182
-3.26962 64.00111 0.96835 177 177 177
-3.29734 64.00213 0.84584 173 173 173
-3.32761 64.00570 0.72398 166 166 166
-3.35233 64.00112 0.60076 175 175 175
-3.36774 64.00020 0.47603 169 169 169
-3.37828 63.99883 0.35087 174 174 174
-3.38488 64.00333 0.22550 172 172 172
-3.39237 64.00062 0.10000 168 168 168
-3.38780 64.00233 -0.02562 167 167 167
-3.38351 63.99831 -0.15128 167 167 167
-3.37085 64.00138 -0.27640 166 166 166
-3.35036 63.99814 -0.40044 163 163 163
-3.33007 63.99661 -0.52446 165 165 165
-3.30311 64.00138 -0.64723 161 161 161
-3.27247 64.00404 -0.76916 163 163 163
-3.23597 63.99763 -0.88948 158 158 158
-3.19180 63.99820 -1.00717 156 156 156
-3.15394 64.00512 -1.12742 154 154 154
-3.09480 63.99800 -1.23882 152 152 152
-3.04265 64.00218 -1.35315 154 154 154
-2.98612 64.00006 -1.46553 152 152 152
-2.91793 64.00068 -1.57127 156 156 156
-2.84989 63.99689 -1.67683 156 156 156
-2.78245 64.00419 -1.78304 153 153 153
-2.69971 64.00238 -1.87797 148 148 148
-2.62400 63.99849 -1.97826 150 150 150
-2.54106 64.00063 -2.07268 158 158 158
-2.45115 63.99708 -2.16048 144 144 144
-2.36087 63.99855 -2.24770 144 144 144
-2.27230 64.00148 -2.33727 153 153 153
-2.17254 64.00358 -2.41398 141 141 141
-2.07463 64.00287 -2.49304 153 153 153
-1.96691 63.99550 -2.55832 144 144 144
-1.86044 63.99827 -2.62481 144 144 144
-1.75597 64.00099 -2.69504 144 144 144
-1.64278 64.00374 -2.74991 148 148 148
-1.53066 64.00031 -2.80665 144 144 144
-1.41500 63.99968 -2.85578 142 142 142
-1.29966 64.00023 -2.90603 144 144 144
-1.17918 64.00351 -2.94230 141 141 141
-1.06032 63.99995 -2.98354 136 136 136
-0.93736 64.00250 -3.01018 144 144 144
-0.81497 64.00375 -3.03852 138 138 138
-0.69150 64.00109 -3.06206 131 131 131
-0.56699 64.00086 -3.07948 136 136 136
-0.44223 64.00036 -3.09627 138 138 138
-0.31619 63.99970 -3.09452 139 139 139
-0.19068 63.99835 -3.09908 134 134 134
-0.06507 63.99913 -3.09691 131 131 131
0.06025 64.00747 -3.08830 141 141 141
0.18530 64.00310 -3.07660 140 140 140
0.30969 63.99686 -3.05919 131 131 131
0.43362 64.00406 -3.03856 139 139 139
0.55701 64.00174 -3.01436 130 130 130
0.67917 64.00047 -2.98423 137 137 137
0.79897 63.99624 -2.94582 144 144 144
0.91764 64.00107 -2.90424 135 135 135
1.03582 64.00223 -2.86102 144 144 144
1.14799 63.99594 -2.80378 145 145 145
1.26072 64.00284 -2.74853 141 141 141
1.37502 64.00001 -2.69575 143 143 143
1.48077 63.99966 -2.62755 142 142 142
1.58585 63.99833 -2.55876 150 150 150
1.68887 63.99769 -2.48697 144 144 144
1.79081 63.99878 -2.41351 134 134 134
1.88535 64.00361 -2.33072 146 146 146
1.98245 63.99788 -2.25088 144 144 144
2.07097 63.99919 -2.16165 149 149 149
2.15822 63.99583 -2.07130 154 154 154
2.24434 63.99557 -1.97970 149 149 149
2.32538 63.99928 -1.88350 142 142 142
2.39713 63.99628 -1.78015 152 152 152
2.46492 63.99818 -1.67442 161 161 161
2.53826 64.00586 -1.57230 153 153 153
2.59883 64.00378 -1.46220 153 153 153
2.65979 63.99756 -1.35238 155 155 155
2.71848 64.00582 -1.24114 160 160 160
2.76652 63.99899 -1.12491 152 152 152
2.81486 63.99476 -1.00880 154 154 154
2.85441 63.99950 -0.88941 163 163 163
2.88632 63.99816 -0.76780 158 158 158
2.92096 63.99743 -0.64704 160 160 160
2.95011 63.99836 -0.52474 161 161 161
2.97064 63.99905 -0.40070 164 164 164
2.98455 63.99739 -0.27581 166 166 166
3.00075 64.00080 -0.15117 160 160 160
3.01241 63.99848 -0.02585 159 159 159
