3.19761 0.00238 0.00000 165 165 165
3.19961 0.00399 0.12571 163 163 163
3.18288 0.00217 0.25050 168 168 168
3.17764 0.00331 0.37610 170 170 170
3.16512 -0.00598 0.50131 178 178 178
3.13919 0.00093 0.62442 178 178 178
3.11793 0.00317 0.74855 176 176 176
3.08650 -0.00131 0.87048 174 174 174
3.04550 0.00117 0.98954 171 171 171
3.00333 0.00600 1.10799 172 172 172
2.95148 0.00245 1.22254 181 181 181
2.90195 -0.00154 1.33782 181 181 181
2.84919 -0.00107 1.45173 175 175 175
2.79352 0.00067 1.56445 174 174 174
2.72426 -0.00251 1.66943 182 182 182
2.65235 0.00103 1.77224 181 181 181
2.59552 -0.00430 1.88575 183 183 183
2.51214 -0.00001 1.98041 180 180 180
2.43238 0.00187 2.07745 189 189 189
2.34673 -0.00021 2.16930 184 184 184
2.26371 0.00154 2.26371 181 181 181
2.16692 -0.00038 2.34416 184 184 184
2.07382 0.00602 2.42813 191 191 191
1.97727 0.00220 2.50815 196 196 196
1.87876 -0.00117 2.58589 191 191 191
1.77703 -0.00358 2.65951 191 191 191
1.67163 0.00182 2.72785 191 191 191
1.56550 0.00456 2.79541 193 193 193
1.45111 0.00013 2.84796 190 190 190
1.33862 -0.00066 2.90368 193 193 193
1.22414 0.00493 2.95534 196 196 196
1.11054 0.00037 3.01026 196 196 196
0.98637 0.00285 3.03572 191 191 191
0.86925 0.00019 3.08212 201 201 201
0.74668 -0.00041 3.11017 196 196 196
0.62389 0.00320 3.13652 196 196 196
0.49987 -0.00366 3.15603 205 205 205
0.37708 -0.00200 3.18593 198 198 198
0.25094 0.00630 3.18851 191 191 191
0.12535 0.00606 3.19036 196 196 196
0.00000 0.00162 3.20429 194 194 194
-0.12541 0.00264 3.19179 193 193 193
-0.25070 0.00047 3.18540 198 198 198
-0.37657 0.00180 3.18159 193 193 193
-0.49935 0.00037 3.15278 190 190 190
-0.62506 -0.00128 3.14237 201 201 201
-0.74739 0.00011 3.11310 192 192 192
-0.87009 0.00264 3.08512 191 191 191
-0.99016 0.00232 3.04741 190 190 190
-1.10880 -0.00147 3.00554 187 187 187
-1.22251 -0.00518 2.95140 184 184 184
-1.33739 0.00273 2.90102 196 196 196
-1.45037 0.00156 2.84651 187 187 187
-1.55960 -0.00014 2.78487 196 196 196
-1.67428 -0.00015 2.73218 197 197 197
-1.77926 0.00463 2.66285 187 187 187
-1.88170 -0.00014 2.58993 193 193 193
-1.98410 -0.00081 2.51682 186 186 186
-2.07904 0.00101 2.43424 193 193 193
-2.16910 -0.00395 2.34652 184 184 184
-2.26712 -0.00109 2.26712 195 195 195
-2.34802 0.00148 2.17049 180 180 180
-2.43213 -0.00475 2.07724 175 175 175
-2.51411 -0.00056 1.98197 187 187 187
-2.58751 0.00167 1.87994 186 186 186
-2.66118 -0.00241 1.77815 179 179 179
-2.72826 0.00177 1.67188 180 180 180
-2.78447 0.00115 1.55938 175 175 175
-2.84406 -0.00024 1.44912 181 181 181
-2.90998 -0.00189 1.34152 175 175 175
-2.96031 0.00303 1.22620 176 176 176
-3.00087 0.00128 1.10708 179 179 179
-3.04209 -0.00119 0.98843 174 174 174
-3.08599 -0.00481 0.87034 186 186 186
-3.10948 -0.00018 0.74652 163 163 163
-3.13636 0.00082 0.62386 176 176 176
-3.15898 -0.00038 0.50033 171 171 171
-3.17090 -0.00384 0.37530 170 170 170
-3.18698 -0.00020 0.25082 174 174 174
-3.19261 -0.00239 0.12544 168 168 168
-3.19835 -0.00145 0.00000 162 162 162
-3.19327 0.00120 -0.12546 165 165 165
-3.18711 -0.00064 -0.25083 167 167 167
-3.18226 -0.00281 -0.37665 159 159 159
-3.16873 -0.00205 -0.50188 165 165 165
-3.14348 0.00079 -0.62528 157 157 157
-3.11482 -0.00088 -0.74780 164 164 164
-3.07797 0.00449 -0.86808 161 161 161
-3.04728 -0.00167 -0.99012 162 162 162
-3.00561 0.00002 -1.10883 156 156 156
-2.95285 -0.00032 -1.22311 163 163 163
-2.90482 -0.00463 -1.33914 156 156 156
-2.84773 0.00221 -1.45099 158 158 158
-2.79197 0.00124 -1.56358 150 150 150
-2.72911 0.00453 -1.67240 152 152 152
-2.66002 -0.00028 -1.77737 160 160 160
-2.58464 -0.00129 -1.87785 157 157 157
-2.50886 0.00224 -1.97783 153 153 153
-2.43630 -0.00201 -2.08080 150 150 150
-2.35199 0.00140 -2.17416 155 155 155
-2.25670 0.00182 -2.25670 150 150 150
-2.17289 0.00244 -2.35061 150 150 150
-2.07449 0.00178 -2.42891 149 149 149
-1.98384 -0.00092 -2.51649 149 149 149
-1.87505 -0.00000 -2.58079 144 144 144
-1.77854 -0.00091 -2.66177 143 143 143
-1.67512 0.00060 -2.73354 143 143 143
-1.55957 -0.00062 -2.78481 144 144 144
-1.45272 -0.00141 -2.85113 148 148 148
-1.34167 0.00297 -2.91031 142 142 142
-1.22452 0.00330 -2.95624 138 138 138
-1.10783 0.00300 -3.00290 140 140 140
-0.99264 0.00548 -3.05502 143 143 143
-0.86914 0.00636 -3.08175 145 145 145
-0.75028 -0.00390 -3.12515 151 151 151
-0.62354 0.00272 -3.13476 141 141 141
-0.50078 0.00013 -3.16181 144 144 144
-0.37620 0.00242 -3.17850 137 137 137
-0.25118 -0.00012 -3.19158 136 136 136
-0.12585 -0.00011 -3.20311 137 137 137
-0.00000 -0.00228 -3.20074 137 137 137
0.12540 -0.00359 -3.19158 141 141 141
0.25091 0.00051 -3.18817 140 140 140
0.37682 -0.00548 -3.18372 140 140 140
0.50103 -0.00946 -3.16337 141 141 141
0.62512 -0.00143 -3.14267 142 142 142
0.74828 -0.00260 -3.11683 140 140 140
0.86886 0.00036 -3.08073 142 142 142
0.98878 0.00047 -3.04314 146 146 146
1.10886 -0.00072 -3.00570 134 134 134
1.22572 0.00003 -2.95915 140 140 140
1.33839 -0.00038 -2.90319 143 143 143
1.45285 -0.00056 -2.85138 143 143 143
1.56026 0.00006 -2.78605 141 141 141
1.66898 0.00196 -2.72352 143 143 143
1.77870 0.00065 -2.66201 141 141 141
1.88325 0.00399 -2.59207 145 145 145
1.97523 0.00193 -2.50556 144 144 144
2.07597 -0.00107 -2.43065 143 143 143
2.16979 0.00002 -2.34726 143 143 143
2.26260 -0.00209 -2.26260 145 145 145
2.34831 -0.00396 -2.17076 145 145 145
2.43528 -0.00286 -2.07993 155 155 155
2.51053 0.00376 -1.97914 149 149 149
2.58691 -0.00009 -1.87950 143 143 143
2.66325 0.00560 -1.77953 152 152 152
2.72482 0.00322 -1.66977 155 155 155
2.79363 -0.00097 -1.56451 153 153 153
2.84667 -0.00097 -1.45045 156 156 156
2.90964 -0.00077 -1.34136 153 153 153
2.95658 0.00022 -1.22466 158 158 158
3.00017 -0.00185 -1.10682 162 162 162
3.03988 -0.00091 -0.98772 164 164 164
3.08257 0.00389 -0.86937 155 155 155
3.11012 0.00020 -0.74667 165 165 165
3.13793 0.00134 -0.62417 167 167 167
3.16207 -0.00326 -0.50082 162 162 162
3.17619 0.00033 -0.37593 158 158 158
3.18657 -0.00193 -0.25079 165 165 165
3.19960 0.00054 -0.12571 168 168 168
3.21276 0.39896 0.00063 171 171 171
3.20907 0.40342 0.12634 166 166 166
3.20371 0.39994 0.25202 168 168 168
3.18085 0.40153 0.37598 165 165 165
3.17480 0.39542 0.50196 172 172 172
3.14562 0.40145 0.62444 174 174 174
3.12071 0.40129 0.74756 170 170 170
3.09699 0.39897 0.87139 171 171 171
3.04643 0.39788 0.98739 177 177 177
3.02529 0.40203 1.11322 175 175 175
2.96077 0.39843 1.22309 168 168 168
2.91168 0.39884 1.33856 177 177 177
2.86272 0.40424 1.45442 191 191 191
2.80098 0.39494 1.56394 174 174 174
2.74234 0.39479 1.67532 176 176 176
2.66557 0.40168 1.77537 181 181 181
2.60057 0.39695 1.88316 181 181 181
2.52164 0.39807 1.98105 190 190 190
2.44475 0.39965 2.08054 186 186 186
2.35685 0.39828 2.17050 190 190 190
2.27106 0.39882 2.26220 185 185 185
2.18321 0.40010 2.35215 193 193 193
2.09365 0.40019 2.44087 190 190 190
1.99292 0.40102 2.51660 187 187 187
1.89100 0.39792 2.59032 196 196 196
1.78396 0.39576 2.65631 190 190 190
1.68191 0.40184 2.72977 191 191 191
1.57114 0.40126 2.78917 192 192 192
1.45894 0.40142 2.84535 200 200 200
1.34947 0.39620 2.90729 191 191 191
1.23565 0.39574 2.96087 186 186 186
1.11724 0.40446 3.00334 195 195 195
0.99984 0.40027 3.04864 201 201 201
0.87784 0.40419 3.07959 195 195 195
0.75641 0.39568 3.11182 195 195 195
0.63212 0.40260 3.13083 195 195 195
0.51129 0.39551 3.16891 197 197 197
0.38556 0.39867 3.17811 193 193 193
0.26019 0.40030 3.18617 196 196 196
0.13516 0.40410 3.19938 198 198 198
0.00948 0.40065 3.20872 198 198 198
-0.11596 0.40290 3.19346 195 195 195
-0.24156 0.39894 3.19047 198 198 198
-0.36641 0.40162 3.17651 196 196 196
-0.49018 0.39669 3.15539 196 196 196
-0.61495 0.39837 3.13985 199 199 199
-0.73662 0.39960 3.10838 189 189 189
-0.86186 0.39649 3.09019 197 197 197
-0.97848 0.40062 3.04127 188 188 188
-1.09704 0.39376 2.99999 194 194 194
-1.21693 0.39958 2.96144 195 195 195
-1.33071 0.39900 2.90772 199 199 199
-1.44613 0.39594 2.85743 190 190 190
-1.55105 0.39807 2.78715 190 190 190
-1.66456 0.39996 2.73242 191 191 191
-1.76948 0.39915 2.66303 197 197 197
-1.87010 0.40503 2.58765 193 193 193
-1.97232 0.40239 2.51453 190 190 190
-2.06415 0.40130 2.42854 195 195 195
-2.16159 0.40317 2.34927 192 192 192
-2.25180 0.40048 2.26191 187 187 187
-2.34155 0.39800 2.17390 188 188 188
-2.42896 0.40043 2.08325 182 182 182
-2.50877 0.40425 1.98586 186 186 186
-2.58088 0.39938 1.88264 188 188 188
-2.65107 0.39958 1.77835 179 179 179
-2.72424 0.39877 1.67585 181 181 181
-2.78047 0.39775 1.56307 179 179 179
-2.83424 0.40002 1.44957 179 179 179
-2.89698 0.40009 1.34052 187 187 187
-2.94465 0.39805 1.22427 180 180 180
-2.99669 0.40015 1.10966 177 177 177
-3.03896 0.40145 0.99112 172 172 172
-3.06917 0.39906 0.86890 168 168 168
-3.09906 0.40247 0.74692 173 173 173
-3.13312 0.39999 0.62573 174 174 174
-3.14572 0.40292 0.50036 176 176 176
-3.17327 0.40295 0.37733 171 171 171
-3.18842 0.39816 0.25231 168 168 168
-3.18537 0.39895 0.12615 169 169 169
-3.18758 0.39786 0.00063 168 168 168
-3.19095 0.39528 -0.12512 170 170 170
-3.18752 0.39937 -0.25098 168 168 168
-3.17348 0.40041 -0.37610 163 163 163
-3.15282 0.40319 -0.50024 163 163 163
-3.12379 0.39873 -0.62262 162 162 162
-3.10136 0.39744 -0.74622 158 158 158
-3.07103 0.39769 -0.86817 162 162 162
-3.03497 0.39911 -0.98858 158 158 158
-2.99383 0.40131 -1.10736 155 155 155
-2.95280 0.40074 -1.22639 156 156 156
-2.90387 0.40268 -1.34245 154 154 154
-2.84709 0.39750 -1.45487 143 143 143
-2.77717 0.40222 -1.55998 156 156 156
-2.71986 0.39751 -1.67192 157 157 157
-2.66141 0.39685 -1.78401 148 148 148
-2.58384 0.39907 -1.88353 145 145 145
-2.50115 0.40613 -1.97860 147 147 147
-2.42925 0.39861 -2.08225 148 148 148
-2.34326 0.40136 -2.17423 149 149 149
-2.25325 0.39378 -2.26211 146 146 146
-2.16839 0.39640 -2.35539 145 145 145
-2.06660 0.40234 -2.43016 143 143 143
-1.97225 0.39844 -2.51319 151 151 151
-1.87140 0.39666 -2.58819 140 140 140
-1.76361 0.39720 -2.65300 136 136 136
-1.66085 0.40087 -2.72512 145 145 145
-1.55482 0.39859 -2.79263 135 135 135
-1.44471 0.39789 -2.85339 147 147 147
-1.32877 0.39526 -2.90227 141 141 141
-1.21849 0.40179 -2.96397 143 143 143
-1.09979 0.39901 -3.00618 143 143 143
-0.98000 0.40171 -3.04470 146 146 146
-0.85967 0.40198 -3.08116 142 142 142
-0.73955 0.40392 -3.11931 136 136 136
-0.61604 0.40049 -3.14411 141 141 141
-0.48939 0.40255 -3.14916 146 146 146
-0.36627 0.40189 -3.17405 145 145 145
-0.24148 0.40222 -3.18821 134 134 134
-0.11606 0.40162 -3.19469 149 149 149
0.00948 0.40522 -3.20559 140 140 140
0.13541 0.39690 -3.20452 139 139 139
0.26057 0.40071 -3.18978 142 142 142
0.38623 0.39408 -3.18252 142 142 142
0.50923 0.40049 -3.15467 136 136 136
0.63217 0.40062 -3.12985 144 144 144
0.75606 0.39535 -3.10911 140 140 140
0.87928 0.39652 -3.08343 141 141 141
0.99588 0.39972 -3.03519 146 146 146
1.11994 0.40072 -3.00940 141 141 141
1.23303 0.40181 -2.95328 142 142 142
1.35155 0.39739 -2.91054 139 139 139
1.46297 0.39721 -2.85200 143 143 143
1.57331 0.40199 -2.79178 144 144 144
1.67795 0.39627 -2.72206 136 136 136
1.79052 0.40052 -2.66488 141 141 141
1.89105 0.40067 -2.58913 145 145 145
1.99225 0.39909 -2.51450 144 144 144
2.08433 0.39894 -2.42871 148 148 148
2.18868 0.39753 -2.35682 148 148 148
2.27590 0.39853 -2.26579 155 155 155
2.36215 0.40139 -2.17416 144 144 144
2.44038 0.39759 -2.07556 151 151 151
2.52626 0.39765 -1.98344 144 144 144
2.59882 0.40237 -1.88064 153 153 153
2.66916 0.39847 -1.77651 152 152 152
2.73469 0.39738 -1.66938 156 156 156
2.80328 0.39786 -1.56398 161 161 161
2.86396 0.40151 -1.45380 157 157 157
2.92252 0.39581 -1.34231 159 159 159
2.95642 0.39478 -1.22004 154 154 154
3.00175 0.39981 -1.10328 159 159 159
3.05554 0.39953 -0.98910 156 156 156
3.09781 0.40098 -0.87037 164 164 164
3.11912 0.39751 -0.74593 160 160 160
3.15335 0.40206 -0.62473 167 167 167
3.16611 0.40282 -0.49933 163 163 163
3.19093 0.39982 -0.37592 175 175 175
3.20208 0.40189 -0.25064 166 166 166
3.20520 0.39580 -0.12494 168 168 168
3.21787 0.79805 0.00125 167 167 167
3.21896 0.80209 0.12698 168 168 168
3.20940 0.80306 0.25234 169 169 169
3.19787 0.80436 0.37750 167 167 167
3.18051 0.79408 0.50199 173 173 173
3.15744 0.80014 0.62553 175 175 175
3.12589 0.80254 0.74716 180 180 180
3.09196 0.79736 0.86793 179 179 179
3.06582 0.80266 0.99123 179 179 179
3.02262 0.80170 1.10936 178 178 178
2.98459 0.80446 1.22965 176 176 176
2.92735 0.80370 1.34204 180 180 180
2.86586 0.79866 1.45182 180 180 180
2.81336 0.80178 1.56619 182 182 182
2.74812 0.79903 1.67368 184 184 184
2.68973 0.80152 1.78580 179 179 179
2.60491 0.79824 1.88005 190 190 190
2.53047 0.80269 1.98116 180 180 180
2.45416 0.79799 2.08111 183 183 183
2.37198 0.79813 2.17636 188 188 188
2.27977 0.80212 2.26206 193 193 193
2.18952 0.79822 2.34935 187 187 187
2.10091 0.79781 2.43890 189 189 189
2.00822 0.79739 2.52462 193 193 193
1.90352 0.79775 2.59512 192 192 192
1.79830 0.80110 2.66422 193 193 193
1.69156 0.79916 2.73068 184 184 184
1.58371 0.80049 2.79532 187 187 187
1.47210 0.80061 2.85320 190 190 190
1.35766 0.80230 2.90512 198 198 198
1.24418 0.80294 2.95918 195 195 195
1.12548 0.79905 3.00060 193 193 193
1.00816 0.80270 3.04570 194 194 194
0.88643 0.79743 3.07707 192 192 192
0.76759 0.80214 3.11952 195 195 195
0.64121 0.80177 3.12953 196 196 196
0.51987 0.79945 3.16389 188 188 188
0.39592 0.79901 3.18617 201 201 201
0.26955 0.80049 3.18534 200 200 200
0.14447 0.79878 3.19558 195 195 195
0.01896 0.79891 3.20271 199 199 199
-0.10680 0.79811 3.20198 194 194 194
-0.23184 0.79903 3.18795 200 200 200
-0.35611 0.80336 3.17021 201 201 201
-0.48111 0.79810 3.15860 195 195 195
-0.60566 0.79879 3.14144 194 194 194
-0.72814 0.80044 3.11316 197 197 197
-0.84953 0.80243 3.08069 199 199 199
-0.97094 0.80189 3.04785 197 197 197
-1.08732 0.79879 2.99996 191 191 191
-1.21053 0.80147 2.96951 198 198 198
-1.32193 0.79726 2.90986 194 194 194
-1.43706 0.79747 2.85885 191 191 191
-1.54557 0.80106 2.79491 192 192 192
-1.65708 0.79578 2.73630 194 194 194
-1.75340 0.80339 2.65377 187 187 187
-1.86513 0.79963 2.59448 187 187 187
-1.96685 0.79741 2.52023 197 197 197
-2.05830 0.79961 2.43341 183 183 183
-2.14664 0.80040 2.34399 184 184 184
-2.24104 0.79912 2.26125 185 185 185
-2.33095 0.80197 2.17349 192 192 192
-2.41686 0.80086 2.08163 190 190 190
-2.49311 0.80106 1.98161 185 185 185
-2.57431 0.80023 1.88537 184 184 184
-2.64256 0.80081 1.77962 178 178 178
-2.70888 0.79850 1.67287 173 173 173
-2.76988 0.79898 1.56307 177 177 177
-2.83639 0.79931 1.45613 186 186 186
-2.89361 0.80258 1.34396 182 182 182
-2.93504 0.80419 1.22484 177 177 177
-2.98515 0.79758 1.10952 177 177 177
-3.03178 0.80156 0.99249 179 179 179
-3.06500 0.80115 0.87102 173 173 173
-3.09399 0.79651 0.74860 179 179 179
-3.11558 0.80058 0.62475 162 162 162
-3.14106 0.80006 0.50175 170 170 170
-3.15819 0.79428 0.37729 177 177 177
-3.17717 0.80295 0.25279 168 168 168
-3.17672 0.80272 0.12681 166 166 166
-3.18539 0.80244 0.00125 165 165 165
-3.18055 0.79609 -0.12446 170 170 170
-3.17021 0.80307 -0.24974 159 159 159
-3.15735 0.80504 -0.37469 156 156 156
-3.14094 0.79449 -0.49923 161 161 161
-3.11695 0.79808 -0.62252 156 156 156
-3.09379 0.80319 -0.74605 157 157 157
-3.07247 0.79948 -0.87062 161 161 161
-3.02447 0.80366 -0.98762 153 153 153
-2.97699 0.80107 -1.10401 160 160 160
-2.92789 0.79872 -1.21938 155 155 155
-2.87573 0.80060 -1.33322 161 161 161
-2.83569 0.79556 -1.45327 153 153 153
-2.77725 0.80161 -1.56471 152 152 152
-2.70705 0.80229 -1.66925 150 150 150
-2.64299 0.79842 -1.77741 143 143 143
-2.56582 0.80123 -1.87670 143 143 143
-2.49545 0.79791 -1.98095 152 152 152
-2.41347 0.80167 -2.07624 151 151 151
-2.33239 0.79613 -2.17231 148 148 148
-2.24170 0.80078 -2.25941 146 146 146
-2.15427 0.79874 -2.34974 150 150 150
-2.05907 0.79954 -2.43182 140 140 140
-1.96106 0.80406 -2.51039 144 144 144
-1.86531 0.79827 -2.59223 144 144 144
-1.75512 0.79513 -2.65386 146 146 146
-1.65179 0.80238 -2.72516 143 143 143
-1.54345 0.79813 -2.78864 141 141 141
-1.43079 0.80172 -2.84405 140 140 140
-1.32013 0.80151 -2.90346 146 146 146
-1.20488 0.80322 -2.95336 139 139 139
-1.08970 0.80026 -3.00391 138 138 138
-0.97081 0.80202 -3.04496 145 145 145
-0.85079 0.79966 -3.08265 141 141 141
-0.73146 0.80048 -3.12449 143 143 143
-0.60617 0.80073 -3.14150 139 139 139
-0.48339 0.79648 -3.17044 144 144 144
-0.35665 0.80088 -3.17227 143 143 143
-0.23194 0.79686 -3.18675 143 143 143
-0.10662 0.79901 -3.19498 144 144 144
0.01896 0.80265 -3.19062 134 134 134
0.14471 0.79772 -3.19940 140 140 140
0.26912 0.79798 -3.17732 142 142 142
0.39581 0.80202 -3.18272 145 145 145
0.52012 0.80013 -3.16295 138 138 138
0.64321 0.79668 -3.13708 135 135 135
0.76510 0.80117 -3.10663 134 134 134
0.88978 0.79794 -3.08645 140 140 140
1.00713 0.79635 -3.04001 143 143 143
1.12720 0.80236 -3.00277 139 139 139
1.24096 0.80217 -2.94892 140 140 140
1.36268 0.80042 -2.91351 146 146 146
1.47248 0.80177 -2.85144 146 146 146
1.58452 0.79837 -2.79426 140 140 140
1.69080 0.79940 -2.72695 141 141 141
1.79690 0.79887 -2.65963 143 143 143
1.89800 0.79727 -2.58502 145 145 145
2.00044 0.79181 -2.51224 147 147 147
2.09866 0.79634 -2.43377 149 149 149
2.19581 0.79733 -2.35365 145 145 145
2.27979 0.79966 -2.25958 144 144 144
2.36474 0.79899 -2.16716 150 150 150
2.45735 0.80150 -2.08133 150 150 150
2.53598 0.80110 -1.98301 146 146 146
2.60455 0.80133 -1.87729 148 148 148
2.67220 0.79965 -1.77159 155 155 155
2.74957 0.80141 -1.67207 150 150 150
2.79959 0.79828 -1.55598 154 154 154
2.87485 0.80277 -1.45390 153 153 153
2.92381 0.80370 -1.33790 159 159 159
2.97640 0.80370 -1.22376 153 153 153
3.02285 0.80167 -1.10694 160 160 160
3.05897 0.79613 -0.98651 157 157 157
3.09836 0.79946 -0.86723 159 159 159
3.13558 0.80059 -0.74698 161 161 161
3.15407 0.79845 -0.62236 170 170 170
3.16788 0.79752 -0.49749 166 166 166
3.19418 0.79994 -0.37456 162 162 162
3.21082 0.80174 -0.24995 168 168 168
3.22239 0.79773 -0.12461 167 167 167
3.23758 1.20313 0.00187 173 173 173
3.22024 1.19784 0.12728 167 167 167
3.21680 1.20407 0.25281 166 166 166
3.20006 1.20412 0.37726 169 169 169
3.19012 1.19954 0.50264 169 169 169
3.16941 1.20132 0.62666 175 175 175
3.13822 1.19932 0.74847 175 175 175
3.11052 1.20110 0.87112 176 176 176
3.06838 1.20073 0.98962 177 177 177
3.03147 1.19957 1.10975 180 180 180
2.98705 1.20258 1.22737 179 179 179
2.93472 1.19875 1.34169 183 183 183
2.88126 1.20032 1.45546 177 177 177
2.81545 1.20132 1.56268 175 175 175
2.74869 1.19632 1.66885 184 184 184
2.68755 1.19908 1.77864 182 182 182
2.61574 1.20242 1.88167 181 181 181
2.54669 1.20019 1.98711 181 181 181
2.46385 1.19842 2.08192 184 184 184
2.38327 1.20202 2.17867 184 184 184
2.29660 1.19782 2.27004 181 181 181
2.19923 1.19210 2.35023 191 191 191
2.11020 1.20141 2.43932 194 194 194
2.00799 1.20070 2.51293 186 186 186
1.91119 1.20064 2.59327 188 188 188
1.80394 1.20347 2.65912 195 195 195
1.70082 1.19668 2.73096 189 189 189
1.59087 1.19985 2.79181 188 188 188
1.47838 1.19814 2.84757 196 196 196
1.36751 1.20503 2.90656 195 195 195
1.25470 1.19434 2.96235 194 194 194
1.13881 1.19955 3.01169 192 192 192
1.01709 1.19505 3.04465 192 192 192
0.89591 1.20343 3.07774 194 194 194
0.77627 1.19939 3.11686 192 192 192
0.65028 1.19975 3.12812 192 192 192
0.52908 1.19992 3.16289 192 192 192
0.40453 1.19511 3.17949 189 189 189
0.27943 1.20136 3.19118 194 194 194
0.15417 1.20230 3.20224 189 189 189
0.02843 1.20138 3.19998 193 193 193
-0.09685 1.20001 3.19047 200 200 200
-0.22239 1.19918 3.18878 191 191 191
-0.34708 1.19924 3.17456 195 195 195
-0.47359 1.20107 3.17151 194 194 194
-0.59713 1.20078 3.14679 192 192 192
-0.71814 1.19816 3.11154 185 185 185
-0.83883 1.19830 3.07695 193 193 193
-0.96135 1.20161 3.04811 197 197 197
-1.07833 1.20186 3.00186 188 188 188
-1.19638 1.19566 2.95882 190 190 190
-1.31143 1.19742 2.90824 193 193 193
-1.42274 1.19434 2.84995 195 195 195
-1.53884 1.20107 2.80043 193 193 193
-1.64503 1.19909 2.73271 194 194 194
-1.75239 1.19893 2.66706 192 192 192
-1.85462 1.20174 2.59367 189 189 189
-1.95123 1.20602 2.51306 191 191 191
-2.05120 1.20071 2.43681 184 184 184
-2.14108 1.20162 2.34884 187 187 187
-2.23692 1.20220 2.26722 191 191 191
-2.32111 1.20007 2.17377 188 188 188
-2.40321 1.20031 2.07869 189 189 189
-2.49331 1.19977 1.98985 195 195 195
-2.56163 1.20258 1.88367 175 175 175
-2.63374 1.20282 1.78068 181 181 181
-2.70167 1.20359 1.67488 178 178 178
-2.76126 1.19886 1.56418 181 181 181
-2.81908 1.20029 1.45275 177 177 177
-2.87751 1.20411 1.34153 180 180 180
-2.92928 1.19965 1.22700 177 177 177
-2.97908 1.19852 1.11140 175 175 175
-3.01847 1.19854 0.99187 178 178 178
-3.05360 1.20191 0.87110 179 179 179
-3.09021 1.19943 0.75059 169 169 169
-3.09968 1.19798 0.62409 172 172 172
-3.13106 1.20165 0.50229 172 172 172
-3.15877 1.20134 0.37910 171 171 171
-3.16126 1.20238 0.25291 160 160 160
-3.17493 1.20056 0.12774 164 164 164
-3.17628 1.20401 0.00188 172 172 172
-3.16774 1.19615 -0.12370 163 163 163
-3.16335 1.20124 -0.24932 164 164 164
-3.15259 1.20131 -0.37462 169 169 169
-3.12600 1.19983 -0.49774 164 164 164
-3.10864 1.19888 -0.62213 157 157 157
-3.07957 1.20002 -0.74429 167 167 167
-3.05053 1.19782 -0.86648 164 164 164
-3.02427 1.20445 -0.99001 164 164 164
-2.97061 1.19794 -1.10453 153 153 153
-2.92362 1.20064 -1.22090 154 154 154
-2.87447 1.20031 -1.33638 159 159 159
-2.82974 1.19780 -1.45443 163 163 163
-2.77180 1.19687 -1.56633 161 161 161
-2.70196 1.20409 -1.67131 149 149 149
-2.64082 1.19863 -1.78166 158 158 158
-2.55499 1.19709 -1.87509 157 157 157
-2.48526 1.20364 -1.97976 153 153 153
-2.40226 1.20128 -2.07413 148 148 148
-2.32701 1.20541 -2.17547 149 149 149
-2.23843 1.20397 -2.26498 143 143 143
-2.14131 1.20431 -2.34534 156 156 156
-2.04856 1.19701 -2.42997 141 141 141
-1.95619 1.20120 -2.51561 144 144 144
-1.85192 1.19909 -2.58620 153 153 153
-1.75024 1.20012 -2.66009 151 151 151
-1.64257 1.20067 -2.72495 147 147 147
-1.53663 1.20305 -2.79274 140 140 140
-1.42568 1.20314 -2.85198 142 142 142
-1.31273 1.20217 -2.90733 143 143 143
-1.19441 1.20082 -2.95032 142 142 142
-1.08209 1.20402 -3.00832 140 140 140
-0.96209 1.20083 -3.04662 147 147 147
-0.83935 1.20237 -3.07505 144 144 144
-0.71916 1.20024 -3.11206 145 145 145
-0.59544 1.20182 -3.13454 139 139 139
-0.47339 1.20071 -3.16646 140 140 140
-0.34813 1.19754 -3.17966 134 134 134
-0.22215 1.20116 -3.18204 134 134 134
-0.09720 1.19832 -3.19565 137 137 137
0.02843 1.19840 -3.20232 140 140 140
0.15385 1.20192 -3.19032 140 140 140
0.27963 1.19923 -3.18992 147 147 147
0.40442 1.19750 -3.17484 147 147 147
0.52973 1.20212 -3.16319 140 140 140
0.65086 1.20112 -3.12731 145 145 145
0.77651 1.20274 -3.11409 138 138 138
0.89912 1.19911 -3.08536 139 139 139
1.01759 1.19271 -3.04246 141 141 141
1.13703 1.20006 -3.00312 147 147 147
1.25176 1.19660 -2.95150 135 135 135
1.37034 1.19694 -2.90896 142 142 142
1.48091 1.20122 -2.84878 139 139 139
1.59687 1.20198 -2.79877 137 137 137
1.70027 1.20555 -2.72632 145 145 145
1.80152 1.20198 -2.65174 141 141 141
1.90430 1.20156 -2.58003 140 140 140
2.01230 1.20006 -2.51466 142 142 142
2.10852 1.19906 -2.43360 151 151 151
2.20222 1.19869 -2.34972 150 150 150
2.28905 1.20166 -2.25875 148 148 148
2.37676 1.19437 -2.16890 155 155 155
2.46107 1.19692 -2.07580 143 143 143
2.54174 1.20296 -1.97946 153 153 153
2.62597 1.19911 -1.88535 148 148 148
2.68683 1.20111 -1.77441 156 156 156
2.75350 1.19828 -1.66805 157 157 157
2.82058 1.19444 -1.56181 160 160 160
2.87668 1.19870 -1.44938 162 162 162
2.93759 1.19480 -1.33927 155 155 155
2.98811 1.19924 -1.22407 154 154 154
3.02846 1.20123 -1.10490 149 149 149
3.06856 1.19864 -0.98592 158 158 158
3.10969 1.20331 -0.86713 163 163 163
3.14574 1.20262 -0.74653 155 155 155
3.16392 1.19863 -0.62181 165 165 165
3.18997 1.20313 -0.49886 163 163 163
3.20802 1.20106 -0.37445 161 161 161
3.21470 1.19715 -0.24889 168 168 168
3.24184 1.20305 -0.12438 165 165 165
3.23374 1.60115 0.00250 159 159 159
3.24132 1.59902 0.12836 176 176 176
3.22318 1.60259 0.25319 167 167 167
3.21068 1.60010 0.37803 170 170 170
3.20023 1.59631 0.50337 169 169 169
3.17377 1.60008 0.62627 169 169 169
3.14641 1.60170 0.74879 173 173 173
3.11911 1.59970 0.87150 169 169 169
3.07999 1.60147 0.99094 177 177 177
3.05039 1.59952 1.11387 182 182 182
2.99635 1.59997 1.22794 172 172 172
2.95070 1.60105 1.34533 184 184 184
2.87889 1.60058 1.45007 174 174 174
2.83643 1.59932 1.56976 182 182 182
2.77418 1.59974 1.67930 180 180 180
2.69770 1.60209 1.77973 187 187 187
2.62622 1.60181 1.88304 188 188 188
2.55489 1.60457 1.98675 185 185 185
2.47544 1.60522 2.08437 185 185 185
2.38643 1.59769 2.17347 189 189 189
2.30543 1.59776 2.27005 195 195 195
2.21097 1.60392 2.35333 184 184 184
2.11150 1.59943 2.43040 192 192 192
2.02221 1.59921 2.51961 187 187 187
1.91933 1.60379 2.59209 186 186 186
1.81789 1.60318 2.66647 191 191 191
1.71214 1.59972 2.73464 194 194 194
1.60379 1.59730 2.79863 196 196 196
1.49155 1.59871 2.85547 187 187 187
1.37790 1.60181 2.90922 198 198 198
1.26154 1.59767 2.95668 196 196 196
1.14780 1.59796 3.01107 198 198 198
1.02425 1.60168 3.03823 183 183 183
0.90742 1.60079 3.08564 191 191 191
0.78421 1.59507 3.11117 200 200 200
0.66174 1.60395 3.13882 200 200 200
0.53740 1.60405 3.15630 194 194 194
0.41335 1.60154 3.17482 192 192 192
0.28917 1.59742 3.19545 203 203 203
0.16341 1.60039 3.19748 198 198 198
0.03788 1.59897 3.20022 199 199 199
-0.08771 1.59886 3.19893 190 190 190
-0.21320 1.60068 3.19280 199 199 199
-0.33792 1.59836 3.17762 193 193 193
-0.46262 1.59726 3.16254 191 191 191
-0.58534 1.59699 3.13564 197 197 197
-0.70692 1.60110 3.10484 189 189 189
-0.83278 1.60145 3.08963 189 189 189
-0.95298 1.60359 3.05208 192 192 192
-1.06898 1.60289 3.00279 189 189 189
-1.18637 1.60097 2.95811 191 191 191
-1.30213 1.59881 2.90920 192 192 192
-1.41641 1.59701 2.85671 196 196 196
-1.52345 1.60175 2.79046 192 192 192
-1.63396 1.60035 2.73069 193 193 193
-1.73897 1.60599 2.66174 191 191 191
-1.84315 1.60230 2.59152 190 190 190
-1.93666 1.60163 2.50719 188 188 188
-2.04115 1.59643 2.43674 190 190 190
-2.13434 1.59786 2.35239 186 186 186
-2.22276 1.59677 2.26314 189 189 189
-2.31947 1.60283 2.18161 182 182 182
-2.39040 1.59804 2.07645 187 187 187
-2.47186 1.59571 1.98102 186 186 186
-2.55400 1.60178 1.88561 186 186 186
-2.62107 1.59941 1.77916 187 187 187
-2.69797 1.59940 1.67904 187 187 187
-2.74752 1.59708 1.56240 181 181 181
-2.81018 1.59992 1.45366 180 180 180
-2.86796 1.59613 1.34211 178 178 178
-2.92300 1.59994 1.22894 176 176 176
-2.96336 1.60245 1.10972 172 172 172
-3.00033 1.59867 0.98967 174 174 174
-3.04169 1.60084 0.87103 169 169 169
-3.06918 1.59853 0.74844 184 184 184
-3.09775 1.59778 0.62622 174 174 174
-3.11509 1.60340 0.50188 172 172 172
-3.12502 1.60297 0.37685 174 174 174
-3.15441 1.59873 0.25374 164 164 164
-3.15954 1.59958 0.12813 171 171 171
-3.16709 1.59798 0.00250 167 167 167
-3.15480 1.59720 -0.12294 176 176 176
-3.14943 1.59803 -0.24835 165 165 165
-3.14011 1.60179 -0.37364 162 162 162
-3.11772 1.60115 -0.49730 163 163 163
-3.10563 1.60042 -0.62278 154 154 154
-3.07212 1.60097 -0.74415 163 163 163
-3.03994 1.60050 -0.86553 157 157 157
-3.00738 1.60471 -0.98697 167 167 167
-2.97353 1.60141 -1.10847 151 151 151
-2.91431 1.60252 -1.22034 159 159 159
-2.86988 1.59895 -1.33800 150 150 150
-2.80542 1.60048 -1.44624 159 159 159
-2.75552 1.59806 -1.56188 155 155 155
-2.69616 1.60349 -1.67292 155 155 155
-2.62442 1.60147 -1.77640 154 154 154
-2.54577 1.59749 -1.87464 154 154 154
-2.47508 1.60076 -1.97856 154 154 154
-2.39540 1.59914 -2.07572 152 152 152
-2.31438 1.59651 -2.17191 149 149 149
-2.22303 1.59802 -2.25841 146 146 146
-2.13631 1.60201 -2.34953 138 138 138
-2.04054 1.60275 -2.43102 149 149 149
-1.94829 1.59829 -2.51695 139 139 139
-1.83855 1.59853 -2.58019 149 149 149
-1.74239 1.59727 -2.66187 138 138 138
-1.63313 1.59630 -2.72435 145 145 145
-1.52977 1.60393 -2.79675 143 143 143
-1.41723 1.60117 -2.85332 145 145 145
-1.30356 1.60066 -2.90731 136 136 136
-1.18700 1.59600 -2.95463 142 142 142
-1.06760 1.59894 -2.99406 148 148 148
-0.95382 1.60398 -3.04964 133 133 133
-0.83029 1.60264 -3.07580 141 141 141
-0.70827 1.59872 -3.10546 141 141 141
-0.58696 1.60180 -3.13878 147 147 147
-0.46334 1.60349 -3.16210 140 140 140
-0.33858 1.60288 -3.17824 138 138 138
-0.21316 1.60106 -3.18726 145 145 145
-0.08766 1.59757 -3.19270 138 138 138
0.03788 1.60103 -3.19541 142 142 142
0.16352 1.59984 -3.19508 143 143 143
0.28870 1.59885 -3.18440 141 141 141
0.41452 1.60162 -3.17968 138 138 138
0.53788 1.60083 -3.15434 135 135 135
0.66258 1.60263 -3.13808 141 141 141
0.78400 1.60050 -3.10530 133 133 133
0.90553 1.60037 -3.07395 136 136 136
1.02662 1.60071 -3.04053 142 142 142
1.14291 1.59948 -2.99281 142 142 142
1.26053 1.59934 -2.94924 140 140 140
1.37714 1.59980 -2.90257 140 140 140
1.49396 1.60014 -2.85522 146 146 146
1.60040 1.60059 -2.78757 147 147 147
1.70896 1.60080 -2.72445 147 147 147
1.81005 1.59734 -2.64973 143 143 143
1.92300 1.59931 -2.59214 151 151 151
2.01932 1.59694 -2.51094 142 142 142
2.11313 1.60068 -2.42730 144 144 144
2.20635 1.59792 -2.34333 142 142 142
2.29867 1.60064 -2.25829 150 150 150
2.38407 1.59926 -2.16629 146 146 146
2.47060 1.60160 -2.07523 149 149 149
2.55080 1.59932 -1.97853 150 150 150
2.62712 1.60121 -1.87869 149 149 149
2.70261 1.59902 -1.77801 148 148 148
2.76243 1.59482 -1.66711 152 152 152
2.83260 1.59885 -1.56262 154 154 154
2.88722 1.59984 -1.44931 151 151 151
2.94022 1.60117 -1.33549 151 151 151
2.99654 1.60373 -1.22301 157 157 157
3.03500 1.60226 -1.10319 162 162 162
3.08211 1.60156 -0.98663 166 166 166
3.12487 1.60029 -0.86812 164 164 164
3.14587 1.59554 -0.74366 167 167 167
3.18444 1.60222 -0.62339 165 165 165
3.19760 1.60048 -0.49795 161 161 161
3.21340 1.60468 -0.37335 170 170 170
3.22622 1.59695 -0.24843 166 166 166
3.23529 1.60133 -0.12313 173 173 173
3.24832 1.99865 0.00313 166 166 166
3.24867 1.99924 0.12891 169 169 169
3.23365 2.00088 0.25389 171 171 171
3.23581 1.99887 0.38051 172 172 172
3.20648 1.99966 0.50349 168 168 168
3.18799 1.99692 0.62784 172 172 172
3.16597 2.00299 0.75185 172 172 172
3.11815 2.00141 0.86919 171 171 171
3.08877 1.99381 0.99135 175 175 175
3.03885 1.99777 1.10676 179 179 179
3.00803 1.99709 1.22949 175 175 175
2.94968 2.00188 1.34113 176 176 176
2.90341 2.00137 1.45838 180 180 180
2.83556 2.00017 1.56462 177 177 177
2.77517 2.00636 1.67475 185 185 185
2.71110 2.00029 1.78301 187 187 187
2.63271 1.99797 1.88152 188 188 188
2.56526 2.00561 1.98811 183 183 183
2.48212 2.00273 2.08264 185 185 185
2.40125 1.99912 2.17908 193 193 193
2.31951 1.99975 2.27532 183 183 183
2.22196 2.00665 2.35564 195 195 195
2.12844 1.99967 2.43981 184 184 184
2.03186 1.99930 2.52051 190 190 190
1.92621 2.00156 2.58919 187 187 187
1.82604 1.99617 2.66517 191 191 191
1.72222 2.00430 2.73632 187 187 187
1.60963 1.99689 2.79284 193 193 193
1.49494 1.99772 2.84425 189 189 189
1.38472 1.99965 2.90418 187 187 187
1.27309 2.00418 2.96239 192 192 192
1.15441 1.99798 3.00402 193 193 193
1.03922 2.00157 3.05589 185 185 185
0.91583 2.00072 3.08263 196 196 196
0.79340 2.00292 3.11079 195 195 195
0.67109 2.00021 3.13905 196 196 196
0.54763 2.00334 3.16195 192 192 192
0.42368 1.99698 3.18302 195 195 195
0.29860 2.00064 3.19591 191 191 191
0.17301 1.99921 3.20228 192 192 192
0.04732 1.99816 3.20808 193 193 193
-0.07805 1.99904 3.19400 194 194 194
-0.20371 2.00259 3.19268 194 194 194
-0.32927 1.99951 3.18488 198 198 198
-0.45244 1.99835 3.15850 197 197 197
-0.57779 2.00000 3.14576 192 192 192
-0.70267 1.99589 3.12705 195 195 195
-0.82271 1.99974 3.08799 196 196 196
-0.94382 1.99938 3.05354 196 196 196
-1.06097 2.00018 3.00726 192 192 192
-1.17426 2.00298 2.95228 194 194 194
-1.29059 1.99993 2.90527 191 191 191
-1.40421 2.00395 2.85191 186 186 186
-1.51734 1.99861 2.79702 196 196 196
-1.62806 1.99726 2.73709 190 190 190
-1.72866 2.00466 2.66106 189 189 189
-1.83132 1.99814 2.58885 191 191 191
-1.93723 1.99423 2.52051 193 193 193
-2.02843 1.99808 2.43352 185 185 185
-2.12691 2.00106 2.35519 182 182 182
-2.21613 2.00111 2.26657 190 190 190
-2.30063 2.00106 2.17355 191 191 191
-2.38470 2.00031 2.08027 185 185 185
-2.46817 2.00444 1.98617 183 183 183
-2.54120 1.99974 1.88380 185 185 185
-2.61699 2.00498 1.78336 182 182 182
-2.67976 2.00207 1.67428 186 186 186
-2.74840 1.99705 1.56880 187 187 187
-2.80439 2.00334 1.45614 179 179 179
-2.85639 1.99728 1.34175 184 184 184
-2.90857 1.99736 1.22750 177 177 177
-2.95814 2.00003 1.11190 175 175 175
-3.00411 1.99869 0.99459 172 172 172
-3.03020 1.99904 0.87107 171 171 171
-3.06808 2.00020 0.75107 173 173 173
-3.09485 2.00096 0.62814 176 176 176
-3.11203 2.00070 0.50352 172 172 172
-3.12311 1.99845 0.37837 167 167 167
-3.14200 1.99691 0.25413 172 172 172
-3.15747 1.99851 0.12904 165 165 165
-3.15207 1.99558 0.00313 169 169 169
-3.14588 2.00146 -0.12234 156 156 156
-3.14865 1.99653 -0.24840 162 162 162
-3.12317 1.99480 -0.37213 162 162 162
-3.11397 2.00114 -0.49757 164 164 164
-3.09444 2.00355 -0.62181 165 165 165
-3.06761 2.00130 -0.74470 162 162 162
-3.04056 1.99868 -0.86775 153 153 153
-2.99534 1.99746 -0.98549 159 159 159
-2.94456 1.99581 -1.10064 155 155 155
-2.90622 2.00190 -1.22027 159 159 159
-2.86483 1.99711 -1.33939 152 152 152
-2.81040 2.00266 -1.45296 154 154 154
-2.74234 2.00137 -1.55916 155 155 155
-2.68338 1.99725 -1.67025 149 149 149
-2.61074 1.99541 -1.77293 147 147 147
-2.53728 1.99725 -1.87470 139 139 139
-2.46772 1.99929 -1.97957 139 139 139
-2.38476 2.00041 -2.07407 147 147 147
-2.30340 1.99565 -2.16986 147 147 147
-2.21653 2.00108 -2.26072 139 139 139
-2.12409 2.00145 -2.34589 142 142 142
-2.03101 1.99726 -2.43029 146 146 146
-1.92966 1.99461 -2.50466 150 150 150
-1.83477 1.99693 -2.58735 141 141 141
-1.72795 2.00335 -2.65375 143 143 143
-1.62279 2.00332 -2.72224 145 145 145
-1.51490 1.99927 -2.78641 152 152 152
-1.40642 2.00003 -2.85000 142 142 142
-1.29520 2.00017 -2.90902 149 149 149
-1.17779 2.00144 -2.95456 148 148 148
-1.05919 2.00369 -2.99621 147 147 147
-0.94217 1.99884 -3.04219 143 143 143
-0.82246 1.99937 -3.08087 146 146 146
-0.69995 2.00292 -3.10947 144 144 144
-0.57646 2.00241 -3.13282 140 140 140
-0.45366 1.99868 -3.15993 143 143 143
-0.32842 2.00048 -3.17147 142 142 142
-0.20402 2.00164 -3.19047 139 139 139
-0.07798 2.00147 -3.18580 137 137 137
0.04732 1.99660 -3.19988 135 135 135
0.17286 1.99321 -3.19203 143 143 143
0.29774 2.00554 -3.17885 141 141 141
0.42301 1.99783 -3.17105 140 140 140
0.54783 2.00287 -3.15699 139 139 139
0.67375 2.00194 -3.14614 138 138 138
0.79390 2.00246 -3.10661 143 143 143
0.91371 2.00061 -3.06886 136 136 136
1.03616 2.00275 -3.04023 140 140 140
1.15317 1.99911 -2.99442 137 137 137
1.27055 2.00055 -2.95003 144 144 144
1.38840 2.00409 -2.90590 145 145 145
1.49674 1.99558 -2.84152 146 146 146
1.60594 2.00005 -2.78000 141 141 141
1.71715 2.00015 -2.72179 143 143 143
1.81987 2.00131 -2.64968 143 143 143
1.93148 2.00317 -2.59020 143 143 143
2.02988 1.99999 -2.51175 150 150 150
2.12446 1.99867 -2.42889 142 142 142
2.22019 1.99938 -2.34748 144 144 144
2.31150 2.00070 -2.26106 144 144 144
2.39579 2.00267 -2.16778 143 143 143
2.48347 1.99948 -2.07754 143 143 143
2.56424 2.00122 -1.98105 151 151 151
2.63297 2.00448 -1.87546 152 152 152
2.71089 2.00172 -1.77661 150 150 150
2.77887 1.99931 -1.67077 153 153 153
2.84014 2.00443 -1.56093 153 153 153
2.89878 2.00255 -1.44977 156 156 156
2.95726 2.00212 -1.33838 158 158 158
3.00401 2.00125 -1.22158 157 157 157
3.04800 2.00376 -1.10389 158 158 158
3.09633 2.00111 -0.98756 166 166 166
3.13134 1.99725 -0.86666 158 158 158
3.16727 2.00009 -0.74591 161 161 161
3.19430 2.00087 -0.62285 164 164 164
3.21257 1.99640 -0.49820 151 151 151
3.22691 1.99769 -0.37320 172 172 172
3.23771 1.99387 -0.24796 164 164 164
3.23398 1.99858 -0.12208 164 164 164
3.25590 2.39851 0.00375 168 168 168
3.24976 2.39855 0.12920 171 171 171
3.24889 2.40130 0.25498 165 165 165
3.23069 2.39937 0.37941 169 169 169
3.22104 2.39933 0.50493 173 173 173
3.20541 2.40283 0.63006 166 166 166
3.16668 2.40111 0.75038 178 178 178
3.14215 2.39734 0.87393 173 173 173
3.09590 2.40196 0.99124 180 180 180
3.06286 2.40235 1.11277 182 182 182
3.01675 2.39947 1.22983 178 178 178
2.96564 2.40194 1.34478 175 175 175
2.90896 2.40612 1.45703 185 185 185
2.84239 2.39820 1.56380 186 186 186
2.78150 2.40260 1.67349 179 179 179
2.72154 2.40356 1.78432 176 176 176
2.64290 2.40177 1.88271 189 189 189
2.56865 2.40213 1.98399 182 182 182
2.48292 2.40242 2.07591 189 189 189
2.40503 2.40264 2.17450 193 193 193
2.31831 2.40068 2.26533 183 183 183
2.22380 2.40636 2.34807 187 187 187
2.13426 2.39970 2.43623 190 190 190
2.03905 2.40076 2.51832 192 192 192
1.93560 2.40213 2.58979 191 191 191
1.83165 2.39663 2.66011 192 192 192
1.72471 2.39974 2.72565 191 191 191
1.62221 2.40063 2.79913 190 190 190
1.50803 2.39788 2.85210 193 193 193
1.39325 2.40091 2.90289 192 192 192
1.27868 2.39998 2.95381 197 197 197
1.16114 2.39806 2.99738 198 198 198
1.04751 2.40016 3.05307 193 193 193
0.92560 2.39737 3.08454 197 197 197
0.80404 2.40208 3.11654 193 193 193
0.67996 2.40103 3.13696 198 198 198
0.55829 2.39505 3.17051 196 196 196
0.43355 2.40469 3.18750 196 196 196
0.30785 2.40078 3.19462 191 191 191
0.18214 2.39952 3.19580 203 203 203
0.05673 2.40165 3.20124 190 190 190
-0.06867 2.40122 3.19544 198 198 198
-0.19418 2.39683 3.19184 199 199 199
-0.31995 2.39746 3.18625 196 196 196
-0.44372 2.40010 3.16348 203 203 203
-0.56648 2.39795 3.13685 196 196 196
-0.69126 2.39922 3.11934 195 195 195
-0.81079 2.39775 3.07975 192 192 192
-0.93252 2.39448 3.04833 187 187 187
-1.04890 2.39770 3.00067 197 197 197
-1.16811 2.40100 2.96077 194 194 194
-1.27965 2.40683 2.90258 184 184 184
-1.39877 2.40397 2.86033 198 198 198
-1.50341 2.39759 2.78958 195 195 195
-1.61709 2.39747 2.73518 194 194 194
-1.71994 2.39409 2.66272 188 188 188
-1.82691 2.40049 2.59635 196 196 196
-1.92204 2.39754 2.51380 183 183 183
-2.02602 2.40230 2.44234 186 186 186
-2.11510 2.39888 2.35322 182 182 182
-2.20222 2.40184 2.26270 180 180 180
-2.29645 2.39882 2.17900 185 185 185
-2.37604 2.40088 2.08153 184 184 184
-2.46046 2.40036 1.98814 187 187 187
-2.53422 2.39921 1.88618 169 169 169
-2.60179 2.39949 1.78011 183 183 183
-2.67062 2.39733 1.67507 186 186 186
-2.73688 2.39598 1.56825 181 181 181
-2.78952 2.40491 1.45398 184 184 184
-2.84634 2.40171 1.34208 183 183 183
-2.89122 2.40161 1.22483 182 182 182
-2.94266 2.39731 1.11028 184 184 184
-2.99500 2.39982 0.99532 173 173 173
-3.01465 2.40004 0.86997 175 175 175
-3.05590 2.40095 0.75103 175 175 175
-3.08369 2.40578 0.62842 175 175 175
-3.10717 2.40524 0.50486 176 176 176
-3.12530 2.40182 0.38037 174 174 174
-3.13127 2.39972 0.25465 172 172 172
-3.14255 2.39920 0.12945 167 167 167
-3.13966 2.39824 0.00375 170 170 170
-3.14311 2.40267 -0.12197 164 164 164
-3.12879 2.40181 -0.24696 160 160 160
-3.12121 2.40682 -0.37238 168 168 168
-3.10117 2.39749 -0.49641 165 165 165
-3.07512 2.39476 -0.61921 160 160 160
-3.05259 2.39905 -0.74273 155 155 155
-3.02397 2.39955 -0.86510 165 165 165
-2.98712 2.39896 -0.98526 159 159 159
-2.94713 2.39593 -1.10443 153 153 153
-2.90132 2.39905 -1.22151 154 154 154
-2.85258 2.40284 -1.33746 160 160 160
-2.79682 2.40333 -1.45021 158 158 158
-2.73778 2.39854 -1.56125 150 150 150
-2.67069 2.40287 -1.66761 150 150 150
-2.60286 2.40203 -1.77333 154 154 154
-2.53440 2.39981 -1.87881 153 153 153
-2.45540 2.40079 -1.97665 150 150 150
-2.37735 2.39854 -2.07515 150 150 150
-2.29092 2.39909 -2.16639 144 144 144
-2.20571 2.39748 -2.25869 146 146 146
-2.11514 2.39878 -2.34576 144 144 144
-2.02254 2.39946 -2.43076 151 151 151
-1.92425 2.40145 -2.50911 147 147 147
-1.82760 2.40449 -2.58980 141 141 141
-1.72209 2.39930 -2.65844 142 142 142
-1.61583 2.40200 -2.72561 147 147 147
-1.50470 2.39798 -2.78438 143 143 143
-1.39391 2.39954 -2.84330 145 145 145
-1.28163 2.39498 -2.89938 140 140 140
-1.16599 2.39971 -2.94816 137 137 137
-1.05185 2.40028 -3.00118 139 139 139
-0.93218 2.40164 -3.03979 143 143 143
-0.81051 2.40179 -3.07126 132 132 132
-0.69018 2.40242 -3.10734 143 143 143
-0.56642 2.39954 -3.12902 147 147 147
-0.44452 2.40335 -3.16100 137 137 137
-0.31955 2.40195 -3.17543 138 138 138
-0.19373 2.39911 -3.17865 144 144 144
-0.06920 2.39969 -3.20129 144 144 144
0.05673 2.40140 -3.19702 137 137 137
0.18259 2.39855 -3.19965 140 140 140
0.30795 2.40087 -3.18830 141 141 141
0.43221 2.40234 -3.16864 143 143 143
0.55714 2.39938 -3.15574 137 137 137
0.68172 2.39741 -3.13830 142 142 142
0.80226 2.39527 -3.10161 142 142 142
0.92556 2.40031 -3.07688 141 141 141
1.04341 2.40198 -3.03294 144 144 144
1.16056 2.40106 -2.98833 136 136 136
1.28194 2.39788 -2.95418 142 142 142
1.39604 2.40002 -2.90143 146 146 146
1.51032 2.39962 -2.84908 147 147 147
1.62301 2.39744 -2.79305 138 138 138
1.72480 2.39869 -2.71829 147 147 147
1.83496 2.39896 -2.65757 141 141 141
1.93967 2.40020 -2.58790 143 143 143
2.03797 2.40142 -2.50945 143 143 143
2.13111 2.40165 -2.42504 147 147 147
2.22945 2.39788 -2.34669 143 143 143
2.32372 2.40072 -2.26324 146 146 146
2.40796 2.39858 -2.16971 148 148 148
2.49560 2.40387 -2.07925 151 151 151
2.57096 2.39867 -1.97831 145 145 145
2.63981 2.40277 -1.87297 145 145 145
2.72242 2.39720 -1.77741 152 152 152
2.78566 2.40085 -1.66854 154 154 154
2.85249 2.39736 -1.56195 162 162 162
2.90757 2.40014 -1.44882 152 152 152
2.97274 2.40184 -1.34055 158 158 158
3.01527 2.39650 -1.22172 155 155 155
3.05948 2.39974 -1.10402 164 164 164
3.10049 2.40253 -0.98523 161 161 161
3.13327 2.39971 -0.86393 158 158 158
3.17372 2.40247 -0.74457 163 163 163
3.19590 2.40076 -0.62067 153 153 153
3.22440 2.40010 -0.49796 160 160 160
3.24227 2.39933 -0.37328 175 175 175
3.25365 2.40088 -0.24785 166 166 166
3.24759 2.39362 -0.12162 172 172 172
3.27659 2.80222 0.00437 165 165 165
3.26813 2.79987 0.13018 163 163 163
3.25598 2.79889 0.25542 172 172 172
3.24626 2.79876 0.38077 172 172 172
3.22575 2.79824 0.50481 173 173 173
3.19596 2.80061 0.62694 177 177 177
3.17924 2.80034 0.75177 168 168 168
3.14447 2.79865 0.87256 173 173 173
3.11464 2.79419 0.99490 175 175 175
3.07012 2.79396 1.11261 174 174 174
3.01514 2.79856 1.22590 186 186 186
2.97303 2.80125 1.34448 171 171 171
2.91513 2.80309 1.45602 186 186 186
2.84988 2.80051 1.56336 180 180 180
2.79211 2.80311 1.67487 186 186 186
2.72287 2.79870 1.77957 187 187 187
2.65208 2.79727 1.88319 182 182 182
2.57739 2.79832 1.98411 187 187 187
2.50648 2.79910 2.08865 188 188 188
2.41158 2.79654 2.17251 184 184 184
2.32746 2.80032 2.26573 188 188 188
2.23854 2.79574 2.35450 184 184 184
2.14346 2.80065 2.43664 192 192 192
2.04956 2.80048 2.52037 191 191 191
1.94408 2.80056 2.58918 191 191 191
1.83999 2.80192 2.65917 192 192 192
1.73486 2.79765 2.72753 194 194 194
1.62972 2.79437 2.79640 193 193 193
1.52195 2.80101 2.86162 187 187 187
1.40451 2.79892 2.90759 188 188 188
1.29361 2.79871 2.96783 196 196 196
1.17064 2.79836 2.99834 187 187 187
1.05482 2.80204 3.04731 196 196 196
0.93409 2.80174 3.08199 196 196 196
0.81189 2.80182 3.11077 194 194 194
0.69291 2.79699 3.15550 197 197 197
0.56799 2.79920 3.17311 192 192 192
0.44207 2.79864 3.18088 197 197 197
0.31683 2.80438 3.19011 191 191 191
0.19157 2.79746 3.19762 197 197 197
0.06611 2.80300 3.20827 193 193 193
-0.05964 2.80468 3.20493 204 204 204
-0.18496 2.80078 3.19453 195 195 195
-0.30935 2.80452 3.17659 191 191 191
-0.43502 2.80400 3.16837 199 199 199
-0.55664 2.80440 3.13513 198 198 198
-0.68202 2.80061 3.12054 189 189 189
-0.80349 2.79836 3.08775 201 201 201
-0.92151 2.80399 3.04397 191 191 191
-1.04105 2.79955 3.00546 187 187 187
-1.15775 2.80075 2.95904 188 188 188
-1.27474 2.79808 2.91290 190 190 190
-1.38941 2.80029 2.86099 193 193 193
-1.49788 2.80369 2.79708 192 192 192
-1.60346 2.80063 2.72887 191 191 191
-1.71038 2.79595 2.66309 184 184 184
-1.81375 2.79890 2.59177 198 198 198
-1.91433 2.79737 2.51655 183 183 183
-2.01534 2.80079 2.44144 193 193 193
-2.10596 2.79531 2.35410 193 193 193
-2.19660 2.79870 2.26708 182 182 182
-2.28097 2.80340 2.17400 190 190 190
-2.36926 2.79618 2.08438 178 178 178
-2.44599 2.79467 1.98475 188 188 188
-2.52469 2.79911 1.88670 181 181 181
-2.59723 2.79651 1.78396 175 175 175
-2.66475 2.80181 1.67785 180 180 180
-2.71878 2.80296 1.56399 184 184 184
-2.78026 2.79849 1.45467 174 174 174
-2.83818 2.80160 1.34327 174 174 174
-2.90284 2.79719 1.23416 178 178 178
-2.94044 2.80065 1.11355 171 171 171
-2.97428 2.80344 0.99226 175 175 175
-3.01821 2.80108 0.87424 173 173 173
-3.05094 2.80149 0.75271 178 178 178
-3.07181 2.80123 0.62855 168 168 168
-3.09693 2.80149 0.50535 172 172 172
-3.11751 2.80048 0.38118 169 169 169
-3.12071 2.80204 0.25518 166 166 166
-3.13465 2.79737 0.13013 166 166 166
-3.13652 2.79875 0.00438 172 172 172
-3.13057 2.80241 -0.12122 164 164 164
-3.13536 2.80042 -0.24759 171 171 171
-3.11218 2.80502 -0.37180 163 163 163
-3.09284 2.79557 -0.49595 165 165 165
-3.07476 2.80070 -0.62038 162 162 162
-3.03991 2.80051 -0.74131 164 164 164
-3.01441 2.80478 -0.86442 154 154 154
-2.98074 2.80057 -0.98561 152 152 152
-2.93563 2.80063 -1.10302 153 153 153
-2.88995 2.80072 -1.22006 163 163 163
-2.84128 2.80043 -1.33595 152 152 152
-2.78965 2.80061 -1.45071 145 145 145
-2.72008 2.79884 -1.55597 155 155 155
-2.65686 2.79951 -1.66426 155 155 155
-2.59784 2.80325 -1.77562 155 155 155
-2.52331 2.80465 -1.87695 155 155 155
-2.45142 2.80218 -1.98029 148 148 148
-2.36779 2.80056 -2.07437 141 141 141
-2.28637 2.79719 -2.17023 147 147 147
-2.19503 2.79917 -2.25677 142 142 142
-2.10355 2.80533 -2.34274 149 149 149
-2.01105 2.79902 -2.42766 149 149 149
-1.91552 2.79873 -2.50931 148 148 148
-1.80762 2.80046 -2.57459 150 150 150
-1.70920 2.80556 -2.65256 151 151 151
-1.60340 2.79979 -2.72002 140 140 140
-1.49934 2.79702 -2.79094 148 148 148
-1.38852 2.80230 -2.85050 132 132 132
-1.27537 2.79773 -2.90553 137 137 137
-1.15664 2.80446 -2.94761 149 149 149
-1.04083 2.79705 -2.99613 134 134 134
-0.92204 2.79690 -3.03685 144 144 144
-0.80109 2.80355 -3.07049 143 143 143
-0.68067 2.80427 -3.10620 143 143 143
-0.55673 2.80143 -3.12683 140 140 140
-0.43371 2.80078 -3.15134 138 138 138
-0.30986 2.80299 -3.17219 139 139 139
-0.18421 2.80261 -3.17620 136 136 136
-0.05944 2.80277 -3.19099 141 141 141
0.06611 2.79999 -3.19203 142 142 142
0.19161 2.80162 -3.18984 139 139 139
0.31720 2.80352 -3.18607 133 133 133
0.44194 2.80285 -3.17104 143 143 143
0.56630 2.79439 -3.15369 132 132 132
0.69070 2.80093 -3.13566 135 135 135
0.81276 2.80092 -3.10565 147 147 147
0.93369 2.79725 -3.07183 137 137 137
1.05496 2.79716 -3.03901 144 144 144
1.17288 2.80085 -2.99566 139 139 139
1.28717 2.80018 -2.94353 146 146 146
1.40631 2.79435 -2.90275 144 144 144
1.51964 2.79511 -2.84834 138 138 138
1.62641 2.79405 -2.78174 146 146 146
1.73730 2.79913 -2.72275 142 142 142
1.84257 2.79881 -2.65428 145 145 145
1.95027 2.80224 -2.58895 152 152 152
2.04523 2.79628 -2.50612 144 144 144
2.14899 2.79476 -2.43436 145 145 145
2.23804 2.79729 -2.34521 155 155 155
2.32610 2.80222 -2.25562 146 146 146
2.41708 2.80120 -2.16884 143 143 143
2.50008 2.79949 -2.07443 145 145 145
2.57233 2.79525 -1.97137 150 150 150
2.66014 2.79810 -1.88030 152 152 152
2.72913 2.79977 -1.77500 149 149 149
2.79946 2.80249 -1.67062 154 154 154
2.85211 2.79936 -1.55586 147 147 147
2.91375 2.79703 -1.44657 159 159 159
2.98273 2.80007 -1.34020 155 155 155
3.01838 2.80198 -1.21850 152 152 152
3.07072 2.79576 -1.10408 156 156 156
3.10767 2.79783 -0.98389 161 161 161
3.14999 2.80142 -0.86537 156 156 156
3.17526 2.80240 -0.74207 152 152 152
3.19829 2.79816 -0.61865 159 159 159
3.23099 2.80023 -0.49689 162 162 162
3.24870 2.80224 -0.37231 163 163 163
3.25495 2.79548 -0.24659 168 168 168
3.26381 2.80025 -0.12126 172 172 172
3.27494 3.20109 0.00500 162 162 162
3.27376 3.20023 0.13066 167 167 167
3.25454 3.20304 0.25520 165 165 165
3.25410 3.20172 0.38122 170 170 170
3.23375 3.20284 0.50522 169 169 169
3.21599 3.19776 0.62969 172 172 172
3.19268 3.20336 0.75338 181 181 181
3.15486 3.20056 0.87348 174 174 174
3.11341 3.19987 0.99209 176 176 176
3.06833 3.19512 1.10913 181 181 181
3.02514 3.19825 1.22680 180 180 180
2.98656 3.20109 1.34704 172 172 172
2.92726 3.19984 1.45807 183 183 183
2.86309 3.19770 1.56615 178 178 178
2.80890 3.20213 1.68005 185 185 185
2.73671 3.20290 1.78319 183 183 183
2.66226 3.19792 1.88442 188 188 188
2.59390 3.20203 1.99038 184 184 184
2.51136 3.19823 2.08546 191 191 191
2.42786 3.19943 2.17954 186 186 186
2.34310 3.19932 2.27264 188 188 188
2.25186 3.20153 2.35942 187 187 187
2.15374 3.20456 2.43836 188 188 188
2.06079 3.20083 2.52338 192 192 192
1.95935 3.20113 2.59796 189 189 189
1.85151 3.19927 2.66305 190 190 190
1.74368 3.19848 2.72728 192 192 192
1.64006 3.19930 2.79880 194 194 194
1.52896 3.19709 2.85767 196 196 196
1.41321 3.19799 2.90681 199 199 199
1.29958 3.19500 2.96030 187 187 187
1.18429 3.19802 3.01063 193 193 193
1.06314 3.19972 3.04477 186 186 186
0.94439 3.20474 3.08601 197 197 197
0.82266 3.19799 3.11734 194 194 194
0.69868 3.20031 3.13817 192 192 192
0.57569 3.20425 3.16336 195 195 195
0.45118 3.20175 3.17948 196 196 196
0.32711 3.20532 3.20255 197 197 197
0.20089 3.20276 3.19758 196 196 196
0.07546 3.19840 3.20208 194 194 194
-0.05019 3.19867 3.20296 194 194 194
-0.17553 3.20347 3.19414 194 194 194
-0.30034 3.19797 3.18008 196 196 196
-0.42546 3.20248 3.16766 198 198 198
-0.54891 3.19860 3.14393 197 197 197
-0.67121 3.20198 3.11511 194 194 194
-0.79239 3.20294 3.08214 199 199 199
-0.91254 3.19677 3.04573 195 195 195
-1.03300 3.20350 3.00960 194 194 194
-1.14717 3.19888 2.95668 192 192 192
-1.26260 3.19658 2.90746 190 190 190
-1.37441 3.19795 2.85052 187 187 187
-1.48619 3.19913 2.79352 190 190 190
-1.59574 3.19963 2.73215 191 191 191
-1.70103 3.20273 2.66369 190 190 190
-1.80617 3.20248 2.59484 188 188 188
-1.90497 3.20016 2.51716 193 193 193
-2.00236 3.19804 2.43782 190 190 190
-2.09707 3.19877 2.35522 189 189 189
-2.18247 3.20233 2.26292 189 189 189
-2.27137 3.20227 2.17438 189 189 189
-2.36034 3.20253 2.08537 189 189 189
-2.44179 3.19680 1.98944 185 185 185
-2.51154 3.19725 1.88457 177 177 177
-2.58626 3.19713 1.78350 184 184 184
-2.65332 3.19797 1.67720 188 188 188
-2.70867 3.19562 1.56418 172 172 172
-2.77807 3.19700 1.45894 183 183 183
-2.83445 3.20005 1.34649 185 185 185
-2.87965 3.19974 1.22904 178 178 178
-2.92821 3.19991 1.11311 181 181 181
-2.96567 3.19957 0.99312 180 180 180
-3.00518 3.19760 0.87383 177 177 177
-3.03717 3.19766 0.75228 173 173 173
-3.06563 3.20673 0.62980 173 173 173
-3.07723 3.19474 0.50434 164 164 164
-3.10490 3.19835 0.38142 176 176 176
-3.11290 3.19930 0.25593 164 164 164
-3.12914 3.20120 0.13091 164 164 164
-3.11809 3.20344 0.00500 165 165 165
-3.11655 3.19874 -0.12041 163 163 163
-3.11204 3.19953 -0.24586 169 169 169
-3.11076 3.19614 -0.37211 165 165 165
-3.08770 3.20177 -0.49600 168 168 168
-3.06149 3.19834 -0.61898 162 162 162
-3.03502 3.20062 -0.74176 168 168 168
-3.01644 3.20383 -0.86700 161 161 161
-2.97098 3.20303 -0.98485 154 154 154
-2.92217 3.19709 -1.10088 160 160 160
-2.88770 3.20010 -1.22238 151 151 151
-2.82944 3.20354 -1.33418 156 156 156
-2.78016 3.19759 -1.45001 151 151 151
-2.72008 3.20086 -1.56058 157 157 157
-2.64892 3.20200 -1.66450 149 149 149
-2.58899 3.19895 -1.77533 151 151 151
-2.51044 3.20382 -1.87376 148 148 148
-2.43089 3.20386 -1.97085 148 148 148
-2.35787 3.19890 -2.07325 148 148 148
-2.27283 3.20282 -2.16574 143 143 143
-2.18893 3.19898 -2.25939 151 151 151
-2.09502 3.19943 -2.34301 151 151 151
-2.00450 3.20107 -2.43032 151 151 151
-1.90159 3.19915 -2.50288 149 149 149
-1.80845 3.20210 -2.58797 144 144 144
-1.70159 3.19521 -2.65453 144 144 144
-1.59419 3.20079 -2.71961 146 146 146
-1.49158 3.20029 -2.79314 143 143 143
-1.37491 3.19953 -2.84151 140 140 140
-1.26584 3.20038 -2.90449 148 148 148
-1.14963 3.19723 -2.95262 138 138 138
-1.03252 3.19808 -2.99830 143 143 143
-0.91708 3.20317 -3.04973 133 133 133
-0.79345 3.20288 -3.07592 137 137 137
-0.67011 3.19622 -3.10051 139 139 139
-0.54824 3.20303 -3.13055 144 144 144
-0.42567 3.19982 -3.15902 140 140 140
-0.30038 3.20251 -3.17046 146 146 146
-0.17643 3.19915 -3.19558 132 132 132
-0.05018 3.20071 -3.19257 142 142 142
0.07546 3.20141 -3.19275 140 140 140
0.20097 3.19867 -3.18960 137 137 137
0.32587 3.19615 -3.17684 137 137 137
0.45059 3.19960 -3.16446 142 142 142
0.57676 3.19874 -3.16008 142 142 142
0.69925 3.20231 -3.13100 141 141 141
0.82337 3.19982 -3.11027 140 140 140
0.94238 3.19550 -3.06889 137 137 137
1.06733 3.19892 -3.04766 140 140 140
1.18311 3.19894 -2.99742 138 138 138
1.30139 3.20032 -2.95466 148 148 148
1.41754 3.20196 -2.90621 142 142 142
1.52675 3.20265 -2.84332 143 143 143
1.64146 3.20174 -2.79130 144 144 144
1.74877 3.19622 -2.72561 143 143 143
1.85471 3.19946 -2.65784 142 142 142
1.95983 3.19933 -2.58861 144 144 144
2.05906 3.20062 -2.51119 139 139 139
2.15222 3.19583 -2.42658 149 149 149
2.24346 3.19552 -2.34033 145 145 145
2.34366 3.19886 -2.26320 143 143 143
2.42271 3.19878 -2.16478 151 151 151
2.50947 3.19846 -2.07384 148 148 148
2.59566 3.19990 -1.98177 149 149 149
2.66119 3.20098 -1.87364 150 150 150
2.74164 3.20123 -1.77649 157 157 157
2.80253 3.19686 -1.66615 153 153 153
2.87192 3.20375 -1.56110 154 154 154
2.92407 3.20365 -1.44644 151 151 151
2.98283 3.20202 -1.33532 150 150 150
3.02791 3.20237 -1.21795 154 154 154
3.07931 3.20044 -1.10318 157 157 157
3.11951 3.19860 -0.98407 160 160 160
3.16523 3.20199 -0.86641 157 157 157
3.19105 3.19944 -0.74299 154 154 154
3.21546 3.19923 -0.61959 162 162 162
3.24066 3.19901 -0.49632 160 160 160
3.24409 3.20267 -0.37003 156 156 156
3.25844 3.20036 -0.24551 168 168 168
3.26891 3.20104 -0.12047 164 164 164
3.28225 3.59992 0.00563 164 164 164
3.28186 3.59987 0.13124 172 172 172
3.26868 3.60405 0.25620 165 165 165
3.26347 3.59701 0.38185 175 175 175
3.25481 3.60119 0.50771 172 172 172
3.21179 3.59916 0.62763 171 171 171
3.19383 3.60096 0.75204 172 172 172
3.15741 3.60372 0.87220 173 173 173
3.13416 3.60218 0.99643 181 181 181
3.08620 3.60383 1.11291 176 176 176
3.03796 3.60445 1.22888 177 177 177
2.98957 3.59690 1.34476 180 180 180
2.93602 3.59842 1.45841 175 175 175
2.87705 3.60030 1.56938 185 185 185
2.81504 3.59940 1.67874 190 190 190
2.75151 3.60217 1.78748 178 178 178
2.66752 3.60140 1.88210 178 178 178
2.60051 3.59707 1.98888 190 190 190
2.52134 3.60326 2.08666 190 190 190
2.43713 3.59676 2.18012 186 186 186
2.35045 3.59865 2.27131 191 191 191
2.25280 3.59906 2.35099 189 189 189
2.16004 3.60296 2.43546 185 185 185
2.06751 3.60021 2.52073 192 192 192
1.97018 3.60487 2.60067 195 195 195
1.86206 3.60117 2.66553 189 189 189
1.75623 3.59934 2.73320 196 196 196
1.64367 3.59793 2.78924 193 193 193
1.54131 3.59932 2.86425 192 192 192
1.42278 3.59688 2.90801 190 190 190
1.30836 3.59749 2.95965 187 187 187
1.19062 3.60216 3.00318 199 199 199
1.07440 3.60029 3.05141 194 194 194
0.95076 3.59841 3.07620 197 197 197
0.83121 3.59773 3.11480 186 186 186
0.70751 3.59604 3.13639 196 196 196
0.58587 3.60054 3.16947 192 192 192
0.46149 3.59415 3.18858 197 197 197
0.33601 3.60164 3.19801 188 188 188
0.21034 3.59843 3.20162 200 200 200
0.08477 3.59888 3.20509 194 194 194
-0.04110 3.60040 3.20915 201 201 201
-0.16595 3.60306 3.19126 199 199 199
-0.29158 3.59956 3.18534 195 195 195
-0.41606 3.60115 3.16771 199 199 199
-0.54046 3.60175 3.14884 207 207 207
-0.66462 3.59910 3.12705 196 196 196
-0.78326 3.60074 3.08343 199 199 199
-0.90265 3.60069 3.04458 201 201 201
-1.02268 3.60368 3.00749 190 190 190
-1.14095 3.60288 2.96476 200 200 200
-1.25612 3.60102 2.91423 192 192 192
-1.37113 3.60228 2.86299 190 190 190
-1.47112 3.59788 2.78386 191 191 191
-1.58676 3.59696 2.73331 190 190 190
-1.68998 3.60158 2.66172 193 193 193
-1.79476 3.60290 2.59258 186 186 186
-1.89711 3.60268 2.51962 184 184 184
-1.99203 3.59979 2.43724 189 189 189
-2.08587 3.59748 2.35380 182 182 182
-2.18002 3.59977 2.27041 182 182 182
-2.26486 3.59554 2.17760 188 188 188
-2.35118 3.59997 2.08612 187 187 187
-2.42713 3.59865 1.98585 184 184 184
-2.50217 3.60515 1.88514 176 176 176
-2.57850 3.59870 1.78516 182 182 182
-2.64725 3.59950 1.67981 187 187 187
-2.70531 3.60104 1.56814 178 178 178
-2.77209 3.60251 1.46127 178 178 178
-2.81873 3.60097 1.34416 176 176 176
-2.86794 3.59847 1.22868 180 180 180
-2.91232 3.60123 1.11131 175 175 175
-2.95321 3.60214 0.99272 178 178 178
-2.98831 3.60032 0.87232 175 175 175
-3.02848 3.60037 0.75305 174 174 174
-3.05202 3.59686 0.62957 172 172 172
-3.05657 3.60272 0.50316 177 177 177
-3.09517 3.60136 0.38199 171 171 171
-3.10366 3.59940 0.25656 174 174 174
-3.11537 3.60223 0.13136 172 172 172
-3.11284 3.60115 0.00563 176 176 176
-3.11718 3.59794 -0.12018 169 169 169
-3.10974 3.60503 -0.24579 161 161 161
-3.09062 3.59931 -0.37021 167 167 167
-3.06298 3.60196 -0.49293 163 163 163
-3.06048 3.59815 -0.62000 161 161 161
-3.01931 3.59775 -0.73960 160 160 160
-2.99468 3.59659 -0.86287 166 166 166
-2.95941 3.59968 -0.98349 160 160 160
-2.91898 3.59947 -1.10252 152 152 152
-2.87002 3.60324 -1.21829 157 157 157
-2.82308 3.60391 -1.33491 159 159 159
-2.77289 3.59851 -1.45042 157 157 157
-2.70234 3.60208 -1.55523 153 153 153
-2.64012 3.60049 -1.66419 156 156 156
-2.58015 3.60165 -1.77502 153 153 153
-2.49878 3.60112 -1.87143 158 158 158
-2.43174 3.59432 -1.97823 153 153 153
-2.35634 3.59996 -2.07927 149 149 149
-2.27050 3.60241 -2.17156 155 155 155
-2.18658 3.59878 -2.26572 145 145 145
-2.08620 3.59754 -2.34292 146 146 146
-1.99560 3.60178 -2.43017 145 145 145
-1.89653 3.59940 -2.50764 149 149 149
-1.79704 3.59681 -2.58446 148 148 148
-1.68873 3.60019 -2.64860 141 141 141
-1.58368 3.59846 -2.71703 134 134 134
-1.47845 3.59985 -2.78570 146 146 146
-1.36664 3.60176 -2.84291 145 145 145
-1.25861 3.59984 -2.90839 142 142 142
-1.13977 3.59936 -2.95067 141 141 141
-1.02295 3.59996 -2.99698 140 140 140
-0.90595 3.59948 -3.04348 135 135 135
-0.78280 3.60054 -3.07054 135 135 135
-0.66256 3.59926 -3.10721 142 142 142
-0.53856 3.59864 -3.12804 137 137 137
-0.41494 3.60017 -3.14940 140 140 140
-0.29170 3.59868 -3.17516 144 144 144
-0.16637 3.60222 -3.18535 136 136 136
-0.04072 3.60114 -3.18827 141 141 141
0.08477 3.60003 -3.19079 144 144 144
0.21013 3.59863 -3.18514 136 136 136
0.33600 3.59547 -3.18654 140 140 140
0.46055 3.59917 -3.16939 149 149 149
0.58646 3.59859 -3.16193 144 144 144
0.70895 3.60079 -3.13234 144 144 144
0.83177 3.60017 -3.10588 144 144 144
0.95296 3.60477 -3.07274 136 136 136
1.07314 3.60164 -3.03629 139 139 139
1.19148 3.59855 -2.99425 143 143 143
1.30825 3.59920 -2.94813 148 148 148
1.42487 3.59883 -2.90128 146 146 146
1.53973 3.60167 -2.84991 143 143 143
1.64826 3.59714 -2.78619 143 143 143
1.75766 3.59736 -2.72429 150 150 150
1.86782 3.59786 -2.66290 150 150 150
1.97128 3.59962 -2.59094 142 142 142
2.06970 3.59816 -2.51225 142 142 142
2.16094 3.59897 -2.42526 147 147 147
2.25813 3.59912 -2.34551 147 147 147
2.34582 3.60145 -2.25543 151 151 151
2.43269 3.59534 -2.16477 152 152 152
2.51803 3.60131 -2.07257 149 149 149
2.60035 3.59854 -1.97750 157 157 157
2.66983 3.59736 -1.87253 151 151 151
2.74262 3.59973 -1.77030 147 147 147
2.81722 3.60204 -1.66882 154 154 154
2.88253 3.60008 -1.56120 149 149 149
2.93725 3.60090 -1.44779 152 152 152
2.99859 3.60106 -1.33766 156 156 156
3.03978 3.59509 -1.21838 154 154 154
3.08285 3.59571 -1.10042 160 160 160
3.13198 3.59922 -0.98448 156 156 156
3.16284 3.60122 -0.86248 155 155 155
3.19956 3.60043 -0.74217 157 157 157
3.22684 3.59923 -0.61937 158 158 158
3.24555 3.60210 -0.49499 170 170 170
3.26525 3.59803 -0.37081 160 160 160
3.27281 3.59975 -0.24528 157 157 157
3.27894 3.60062 -0.11987 163 163 163
3.29121 3.99850 0.00625 166 166 166
3.29044 3.99578 0.13184 170 170 170
3.27613 4.00038 0.25669 168 168 168
3.27551 4.00101 0.38280 174 174 174
3.25960 3.99911 0.50763 172 172 172
3.23304 4.00037 0.63064 166 166 166
3.20891 4.00487 0.75407 175 175 175
3.17390 3.99653 0.87486 173 173 173
3.13011 4.00000 0.99273 180 180 180
3.09749 3.99596 1.11428 180 180 180
3.04891 3.99783 1.23020 183 183 183
2.98706 3.99763 1.33995 172 172 172
2.94512 3.99980 1.45895 184 184 184
2.89396 4.00014 1.57428 182 182 182
2.81806 3.99966 1.67554 186 186 186
2.75424 4.00061 1.78374 184 184 184
2.68493 4.00280 1.88864 178 178 178
2.60379 3.99906 1.98478 185 185 185
2.52901 3.99924 2.08592 189 189 189
2.44768 3.99860 2.18194 184 184 184
2.36491 4.00188 2.27712 189 189 189
2.26866 4.00302 2.35875 188 188 188
2.18272 4.00389 2.45179 190 190 190
2.07285 4.00292 2.51637 187 187 187
1.97483 4.00142 2.59495 189 189 189
1.86737 4.00095 2.66024 186 186 186
1.76598 3.99934 2.73461 195 195 195
1.66120 3.99762 2.80462 190 190 190
1.54289 3.99791 2.84979 196 196 196
1.43502 4.00364 2.91508 194 194 194
1.31952 4.00157 2.96483 187 187 187
1.20153 4.00113 3.00824 195 195 195
1.08469 3.99788 3.05517 200 200 200
0.96087 4.00059 3.07984 192 192 192
0.84239 3.99832 3.12340 193 193 193
0.71833 3.99593 3.14482 195 195 195
0.59476 3.99673 3.16773 197 197 197
0.47060 4.00347 3.18786 195 195 195
0.34510 3.99940 3.19630 193 193 193
0.21953 4.00024 3.20043 195 195 195
0.09403 4.00231 3.20215 201 201 201
-0.03174 4.00441 3.20736 188 188 188
-0.15649 3.99764 3.18941 202 202 202
-0.28160 3.99871 3.18000 208 208 208
-0.40649 3.99710 3.16642 203 203 203
-0.53339 3.99867 3.16051 194 194 194
-0.65410 4.00000 3.12245 197 197 197
-0.77225 4.00058 3.07786 200 200 200
-0.89293 3.99727 3.04381 198 198 198
-1.01363 3.99694 3.00872 195 195 195
-1.12883 3.99978 2.95851 198 198 198
-1.24548 4.00285 2.91188 195 195 195
-1.35770 3.99400 2.85543 190 190 190
-1.46867 3.99832 2.79665 190 190 190
-1.58053 4.00288 2.73889 187 187 187
-1.67912 4.00267 2.65996 197 197 197
-1.78636 4.00071 2.59439 187 187 187
-1.88697 3.99947 2.51914 182 182 182
-1.98322 3.99974 2.43840 191 191 191
-2.07527 4.00050 2.35299 184 184 184
-2.16556 3.99956 2.26584 182 182 182
-2.26319 4.00120 2.18524 186 186 186
-2.34321 3.99676 2.08785 192 192 192
-2.41149 4.00831 1.98145 187 187 187
-2.48386 4.00370 1.87920 184 184 184
-2.56684 4.00436 1.78419 183 183 183
-2.63072 3.99832 1.67598 185 185 185
-2.70255 3.99910 1.57241 180 180 180
-2.75307 4.00141 1.45692 181 181 181
-2.80840 4.00176 1.34429 180 180 180
-2.85887 3.99752 1.22938 183 183 183
-2.90852 4.00317 1.11395 183 183 183
-2.94253 4.00397 0.99289 179 179 179
-2.98696 3.99984 0.87518 174 174 174
-3.01456 4.00209 0.75256 176 176 176
-3.04884 3.99974 0.63141 169 169 169
-3.07392 4.00131 0.50800 171 171 171
-3.08074 3.99514 0.38201 167 167 167
-3.10217 4.00354 0.25780 165 165 165
-3.10037 3.99917 0.13176 163 163 163
-3.09501 4.00028 0.00625 168 168 168
-3.10303 3.99983 -0.11936 163 163 163
-3.09778 4.00078 -0.24495 162 162 162
-3.08828 4.00249 -0.37040 170 170 170
-3.06075 4.00217 -0.49342 165 165 165
-3.04321 4.00335 -0.61779 164 164 164
-3.01979 4.00085 -0.74131 165 165 165
-2.98683 4.00017 -0.86264 160 160 160
-2.95020 3.99888 -0.98288 158 158 158
-2.90101 3.99878 -1.09868 160 160 160
-2.85799 4.00480 -1.21652 163 163 163
-2.80551 4.00288 -1.33046 155 155 155
-2.76406 4.00046 -1.45002 159 159 159
-2.69385 4.00093 -1.55504 151 151 151
-2.63516 4.00250 -1.66620 155 155 155
-2.56424 4.00065 -1.76995 155 155 155
-2.48848 3.99569 -1.87006 149 149 149
-2.41633 4.00407 -1.97276 144 144 144
-2.34405 4.00021 -2.07607 150 150 150
-2.25596 4.00100 -2.16607 148 148 148
-2.17006 3.99954 -2.25784 148 148 148
-2.07598 4.00028 -2.34126 151 151 151
-1.98422 3.99738 -2.42707 146 146 146
-1.88271 3.99730 -2.50123 149 149 149
-1.78443 4.00510 -2.57923 148 148 148
-1.68739 4.00543 -2.65983 144 144 144
-1.57738 4.00228 -2.72124 143 143 143
-1.47330 3.99978 -2.79242 143 143 143
-1.35914 4.00440 -2.84576 144 144 144
-1.24411 3.99894 -2.89640 146 146 146
-1.13459 4.00203 -2.95991 138 138 138
-1.01316 4.00336 -2.99493 142 142 142
-0.89514 3.99880 -3.03810 142 142 142
-0.77236 4.00139 -3.06576 144 144 144
-0.65224 3.99940 -3.10221 148 148 148
-0.52915 3.99883 -3.12668 134 134 134
-0.40779 3.99874 -3.16214 138 138 138
-0.28143 3.99964 -3.16604 140 140 140
-0.15724 4.00224 -3.18643 133 133 133
-0.03177 4.00010 -3.19562 132 132 132
0.09403 4.00094 -3.18735 141 141 141
0.21963 4.00222 -3.19051 134 134 134
0.34543 4.00492 -3.18800 140 140 140
0.46975 3.99937 -3.16820 136 136 136
0.59396 3.99836 -3.15016 138 138 138
0.71761 4.00091 -3.12870 147 147 147
0.84295 4.00253 -3.11321 138 138 138
0.96486 3.99995 -3.08146 137 137 137
1.08296 4.00283 -3.03736 142 142 142
1.20006 3.99943 -2.99176 139 139 139
1.31994 3.99985 -2.95334 141 141 141
1.43140 4.00435 -2.89471 144 144 144
1.54642 4.00138 -2.84422 140 140 140
1.65732 4.00233 -2.78519 148 148 148
1.76611 3.99585 -2.72232 144 144 144
1.86869 4.00070 -2.64971 136 136 136
1.97970 4.00314 -2.58914 149 149 149
2.07290 4.00057 -2.50393 138 138 138
2.17217 4.00090 -2.42694 145 145 145
2.26344 4.00063 -2.34061 141 141 141
2.35670 3.99987 -2.25642 152 152 152
2.44090 3.99957 -2.16317 149 149 149
2.53152 3.99880 -2.07556 151 151 151
2.60634 3.99877 -1.97429 156 156 156
2.69023 3.99813 -1.88000 149 149 149
2.76330 3.99677 -1.77730 152 152 152
2.82679 3.99915 -1.66839 156 156 156
2.88754 4.00020 -1.55819 155 155 155
2.94879 4.00034 -1.44832 154 154 154
2.99997 4.00233 -1.33341 151 151 151
3.05184 4.00318 -1.21891 150 150 150
3.10485 4.00062 -1.10450 159 159 159
3.13432 4.00061 -0.98160 151 151 151
3.17843 3.99695 -0.86364 157 157 157
3.20888 3.99637 -0.74156 160 160 160
3.22456 3.99944 -0.61645 164 164 164
3.25646 4.00085 -0.49463 158 158 158
3.27325 4.00035 -0.37004 158 158 158
3.27674 4.00142 -0.24423 167 167 167
3.28900 4.00236 -0.11928 160 160 160
3.30834 4.39810 0.00688 171 171 171
3.29733 4.39969 0.13237 167 167 167
3.29608 4.39840 0.25816 166 166 166
3.27817 4.40039 0.38265 172 172 172
3.26358 4.40395 0.50742 178 178 178
3.23717 4.39959 0.63025 170 170 170
3.21488 4.40061 0.75391 178 178 178
3.18737 4.40030 0.87669 175 175 175
3.14046 4.39909 0.99372 178 178 178
3.10057 4.39825 1.11264 176 176 176
3.05770 4.39970 1.23065 181 181 181
3.00499 4.39896 1.34459 182 182 182
2.95762 4.39805 1.46125 183 183 183
2.89126 4.39814 1.56824 181 181 181
2.83830 4.40092 1.68291 186 186 186
2.76056 4.40225 1.78243 177 177 177
2.70015 4.40094 1.89363 189 189 189
2.62265 4.40038 1.99301 187 187 187
2.53904 4.39647 2.08724 182 182 182
2.44065 4.39836 2.16754 176 176 176
2.36711 4.40193 2.27074 179 179 179
2.27140 4.39609 2.35237 193 193 193
2.18378 4.39584 2.44287 192 192 192
2.08608 4.39872 2.52208 186 186 186
1.98689 4.40025 2.59949 190 190 190
1.88096 4.39917 2.66740 194 194 194
1.77449 4.40286 2.73410 199 199 199
1.66574 4.39988 2.79690 197 197 197
1.55744 4.40146 2.86087 196 196 196
1.44293 4.40302 2.91287 193 193 193
1.32760 4.40246 2.96272 187 187 187
1.21038 4.39829 3.00789 191 191 191
1.09022 4.39978 3.04445 194 194 194
0.97071 4.39919 3.08264 189 189 189
0.85030 4.39465 3.11857 192 192 192
0.72600 4.40338 3.13765 193 193 193
0.60482 4.39701 3.17368 194 194 194
0.47905 4.39883 3.18199 201 201 201
0.35379 4.39794 3.19025 198 198 198
0.22933 4.40035 3.21569 191 191 191
0.10325 4.40171 3.20804 198 198 198
-0.02264 4.40135 3.21112 193 193 193
-0.14774 4.40187 3.19600 193 193 193
-0.27270 4.40470 3.18327 186 186 186
-0.39693 4.40017 3.16489 196 196 196
-0.52142 4.39978 3.14732 192 192 192
-0.64400 4.40463 3.11941 193 193 193
-0.76704 4.40254 3.09268 193 193 193
-0.88590 4.39995 3.05117 193 193 193
-1.00514 4.39769 3.01131 190 190 190
-1.12026 4.40193 2.96069 188 188 188
-1.23715 4.39960 2.91443 191 191 191
-1.34786 4.39906 2.85485 199 199 199
-1.46044 4.40304 2.79905 192 192 192
-1.57169 4.40509 2.74013 187 187 187
-1.67643 4.39861 2.67035 191 191 191
-1.78661 4.39892 2.60804 190 190 190
-1.88187 4.39516 2.52499 180 180 180
-1.97857 4.40058 2.44438 187 187 187
-2.07116 4.39968 2.35914 186 186 186
-2.16793 4.39741 2.27806 189 189 189
-2.24634 4.39802 2.17882 184 184 184
-2.32942 4.39729 2.08457 186 186 186
-2.40326 4.39669 1.98285 183 183 183
-2.48725 4.39854 1.88898 177 177 177
-2.55338 4.39812 1.78198 187 187 187
-2.63030 4.40208 1.68200 182 182 182
-2.68928 4.40089 1.57077 179 179 179
-2.74724 4.39992 1.45927 188 188 188
-2.80161 4.40071 1.34604 179 179 179
-2.85233 4.39305 1.23112 175 175 175
-2.90170 4.40377 1.11546 181 181 181
-2.94007 4.40022 0.99571 182 182 182
-2.97889 4.40123 0.87613 172 172 172
-3.01167 4.39857 0.75470 172 172 172
-3.03287 4.40002 0.63069 170 170 170
-3.05412 4.40110 0.50695 173 173 173
-3.08543 4.39933 0.38428 174 174 174
-3.09641 4.39470 0.25869 165 165 165
-3.09612 4.40085 0.13258 170 170 170
-3.10450 4.39583 0.00688 169 169 169
-3.09214 4.40092 -0.11867 160 160 160
-3.08900 4.40109 -0.24436 165 165 165
-3.07728 4.40372 -0.36957 158 158 158
-3.05547 4.40177 -0.49342 158 158 158
-3.03113 4.39865 -0.61659 162 162 162
-3.00514 4.39932 -0.73938 158 158 158
-2.97849 4.40250 -0.86226 158 158 158
-2.94234 4.40323 -0.98270 160 160 160
-2.90174 4.40109 -1.10173 157 157 157
-2.85150 4.39948 -1.21702 160 160 160
-2.79979 4.40028 -1.33145 156 156 156
-2.74964 4.40036 -1.44675 158 158 158
-2.68479 4.40208 -1.55450 158 158 158
-2.61929 4.40181 -1.66150 147 147 147
-2.55466 4.40122 -1.76908 154 154 154
-2.49152 4.40194 -1.87833 149 149 149
-2.41437 4.39921 -1.97786 151 151 151
-2.32822 4.40233 -2.06980 152 152 152
-2.24668 4.39917 -2.16538 151 151 151
-2.16110 4.40039 -2.25748 143 143 143
-2.06597 4.40180 -2.33977 149 149 149
-1.97737 4.39483 -2.42922 150 150 150
-1.87586 4.39810 -2.50361 142 142 142
-1.77542 4.40043 -2.57889 147 147 147
-1.67622 4.40294 -2.65630 146 146 146
-1.56880 4.39849 -2.72166 145 145 145
-1.46073 4.40416 -2.78581 140 140 140
-1.34929 4.39771 -2.84391 143 143 143
-1.23462 4.39936 -2.89518 140 140 140
-1.12123 4.39592 -2.94929 140 140 140
-1.00326 4.39949 -2.99245 137 137 137
-0.88536 4.40058 -3.03576 136 136 136
-0.76190 4.40005 -3.06072 143 143 143
-0.64486 4.40077 -3.10924 138 138 138
-0.52051 4.40472 -3.12897 138 138 138
-0.39706 4.39910 -3.15200 137 137 137
-0.27415 4.39790 -3.18181 144 144 144
-0.14817 4.40079 -3.18779 141 141 141
-0.02250 4.40247 -3.19360 139 139 139
0.10325 4.39748 -3.18884 142 142 142
0.22889 4.40246 -3.19087 135 135 135
0.35434 4.40155 -3.18346 137 137 137
0.47937 4.39620 -3.17093 140 140 140
0.60383 4.40144 -3.15366 144 144 144
0.72719 4.40020 -3.12985 136 136 136
0.85102 4.39969 -3.10782 142 142 142
0.97381 4.39540 -3.07991 143 143 143
1.08932 4.39883 -3.02793 144 144 144
1.20972 4.40148 -2.99234 139 139 139
1.33183 4.40081 -2.95918 140 140 140
1.44256 4.40252 -2.89830 145 145 145
1.55851 4.40436 -2.84924 142 142 142
1.67038 4.39939 -2.79144 137 137 137
1.77209 4.40150 -2.71642 145 145 145
1.88435 4.39885 -2.65873 144 144 144
1.98743 4.39908 -2.58647 149 149 149
2.08268 4.40102 -2.50402 141 141 141
2.18356 4.40177 -2.42885 141 141 141
2.27701 4.39646 -2.34469 145 145 145
2.35945 4.39747 -2.24933 147 147 147
2.45184 4.39888 -2.16413 154 154 154
2.52972 4.39982 -2.06552 143 143 143
2.61869 4.40085 -1.97614 155 155 155
2.69232 4.39779 -1.87419 153 153 153
2.76825 4.40184 -1.77382 151 151 151
2.83318 4.40467 -1.66603 152 152 152
2.89292 4.40016 -1.55542 154 154 154
2.95625 4.39862 -1.44680 156 156 156
3.00878 4.40440 -1.33259 158 158 158
3.06235 4.39996 -1.21882 161 161 161
3.10441 4.40101 -1.10031 164 164 164
3.14247 4.40423 -0.98063 160 160 160
3.19178 4.40079 -0.86418 162 162 162
3.20769 4.39739 -0.73843 161 161 161
3.25151 4.39789 -0.61935 163 163 163
3.26213 4.40229 -0.49344 160 160 160
3.28362 4.40909 -0.36955 159 159 159
3.29028 4.39931 -0.24395 163 163 163
3.30190 4.39632 -0.11880 166 166 166
3.32091 4.80462 0.00750 168 168 168
3.30380 4.80054 0.13289 172 172 172
3.29863 4.79826 0.25826 166 166 166
3.29606 4.79978 0.38431 167 167 167
3.27402 4.80409 0.50825 171 171 171
3.25888 4.79677 0.63337 174 174 174
3.22668 4.80408 0.75517 182 182 182
3.20858 4.80093 0.88071 181 181 181
3.16241 4.79698 0.99850 180 180 180
3.11469 4.79966 1.11510 181 181 181
3.06610 4.79757 1.23096 173 173 173
3.02404 4.80384 1.34978 181 181 181
2.96358 4.80078 1.46024 172 172 172
2.90378 4.79630 1.57074 182 182 182
2.84518 4.80063 1.68214 185 185 185
2.77565 4.80483 1.78702 182 182 182
2.70046 4.79868 1.88783 189 189 189
2.63262 4.79346 1.99427 184 184 184
2.55195 4.79842 2.09106 185 185 185
2.46120 4.79871 2.17869 190 190 190
2.37550 4.79586 2.27058 191 191 191
2.28725 4.80393 2.36022 184 184 184
2.18532 4.79884 2.43456 194 194 194
2.08901 4.80140 2.51480 197 197 197
1.99902 4.80034 2.60419 192 192 192
1.88883 4.79764 2.66610 198 198 198
1.78759 4.79988 2.74113 195 195 195
1.67345 4.79817 2.79492 193 193 193
1.56420 4.79411 2.85678 189 189 189
1.45051 4.80094 2.91005 195 195 195
1.33836 4.80172 2.96719 198 198 198
1.21898 4.80020 3.00697 191 191 191
1.09639 4.80116 3.03587 192 192 192
0.97965 4.80095 3.08249 195 195 195
0.85915 4.80263 3.11786 194 194 194
0.73551 4.79999 3.13999 198 198 198
0.61372 4.79726 3.17263 199 199 199
0.48802 4.80063 3.18097 196 196 196
0.36322 4.79724 3.19425 191 191 191
0.23793 4.79731 3.20203 197 197 197
0.11242 4.80030 3.21531 188 188 188
-0.01295 4.79955 3.19818 197 197 197
-0.13903 4.79990 3.20237 195 195 195
-0.26366 4.80218 3.18496 197 197 197
-0.38911 4.79506 3.17403 190 190 190
-0.51198 4.79566 3.14654 196 196 196
-0.63335 4.79660 3.11384 193 193 193
-0.75638 4.80500 3.08802 199 199 199
-0.87634 4.79656 3.05059 192 192 192
-0.99537 4.79976 3.01028 191 191 191
-1.11200 4.79805 2.96349 196 196 196
-1.22797 4.80197 2.91502 190 190 190
-1.33916 4.79831 2.85639 191 191 191
-1.45244 4.80081 2.80176 188 188 188
-1.56367 4.80330 2.74262 197 197 197
-1.66843 4.79964 2.67272 190 190 190
-1.76741 4.79564 2.59486 187 187 187
-1.86648 4.79823 2.51772 184 184 184
-1.96889 4.79919 2.44440 186 186 186
-2.05998 4.80021 2.35759 192 192 192
-2.15013 4.80393 2.27004 185 185 185
-2.24032 4.80003 2.18235 175 175 175
-2.31723 4.79824 2.08262 183 183 183
-2.39936 4.79945 1.98763 184 184 184
-2.47607 4.80315 1.88815 185 185 185
-2.54177 4.79623 1.78097 184 184 184
-2.60817 4.80128 1.67468 185 185 185
-2.67963 4.80311 1.57112 181 181 181
-2.74858 4.79783 1.46525 175 175 175
-2.79384 4.80155 1.34730 185 185 185
-2.84039 4.79958 1.23059 180 180 180
-2.89033 4.80112 1.11527 181 181 181
-2.94391 4.79895 1.00056 175 175 175
-2.95967 4.79894 0.87392 173 173 173
-3.00856 4.79641 0.75678 176 176 176
-3.02689 4.79961 0.63195 176 176 176
-3.04637 4.80053 0.50780 170 170 170
-3.07483 4.79863 0.38474 176 176 176
-3.07330 4.80004 0.25822 162 162 162
-3.08629 4.79605 0.13318 165 165 165
-3.08814 4.80153 0.00750 172 172 172
-3.08886 4.80048 -0.11828 167 167 167
-3.07492 4.79739 -0.24335 164 164 164
-3.06274 4.79913 -0.36831 164 164 164
-3.04939 4.80325 -0.49328 162 162 162
-3.02792 4.80434 -0.61715 164 164 164
-2.99929 4.79637 -0.73955 161 161 161
-2.96594 4.79535 -0.86069 153 153 153
-2.92739 4.80447 -0.98019 155 155 155
-2.89184 4.80589 -1.10083 156 156 156
-2.84756 4.79807 -1.21856 157 157 157
-2.79134 4.80185 -1.33115 158 158 158
-2.73565 4.79848 -1.44366 156 156 156
-2.68213 4.79709 -1.55752 151 151 151
-2.60687 4.79593 -1.65888 150 150 150
-2.54077 4.80464 -1.76531 152 152 152
-2.48076 4.79955 -1.87656 151 151 151
-2.39957 4.80159 -1.97279 152 152 152
-2.32525 4.79802 -2.07446 153 153 153
-2.23482 4.80049 -2.16227 151 151 151
-2.15329 4.79898 -2.25821 153 153 153
-2.06131 4.79960 -2.34402 140 140 140
-1.96892 4.79533 -2.42943 149 149 149
-1.86620 4.79426 -2.50236 146 146 146
-1.76940 4.80036 -2.58260 141 141 141
-1.66936 4.79573 -2.65911 140 140 140
-1.55863 4.80460 -2.71940 140 140 140
-1.44871 4.79817 -2.78008 147 147 147
-1.34026 4.80010 -2.84355 143 143 143
-1.22870 4.80219 -2.90161 142 142 142
-1.11178 4.79925 -2.94798 142 142 142
-0.99698 4.79803 -2.99965 143 143 143
-0.87507 4.79961 -3.03168 140 140 140
-0.75596 4.79975 -3.07152 142 142 142
-0.63130 4.79395 -3.09029 146 146 146
-0.51125 4.79684 -3.12789 137 137 137
-0.38721 4.79506 -3.14703 137 137 137
-0.26448 4.80067 -3.17692 141 141 141
-0.13868 4.80000 -3.18301 141 141 141
-0.01345 4.80012 -3.19591 147 147 147
0.11242 4.80331 -3.19567 141 141 141
0.23792 4.80000 -3.18684 138 138 138
0.36398 4.80148 -3.18887 139 139 139
0.48791 4.79460 -3.16505 136 136 136
0.61240 4.80391 -3.14928 140 140 140
0.73614 4.80345 -3.12816 136 136 136
0.85821 4.80097 -3.09895 143 143 143
0.98012 4.80140 -3.06914 142 142 142
1.10051 4.80347 -3.03355 139 139 139
1.21679 4.79924 -2.98604 146 146 146
1.33762 4.79913 -2.95040 134 134 134
1.45360 4.79759 -2.90175 143 143 143
1.56793 4.80243 -2.84910 138 138 138
1.67547 4.79989 -2.78353 145 145 145
1.78434 4.79723 -2.72084 140 140 140
1.89424 4.80069 -2.65919 148 148 148
1.99626 4.79711 -2.58539 148 148 148
2.09374 4.80070 -2.50580 139 139 139
2.19111 4.79697 -2.42633 145 145 145
2.28270 4.80586 -2.34030 147 147 147
2.37195 4.80033 -2.25204 153 153 153
2.45729 4.79889 -2.16008 143 143 143
2.54808 4.80118 -2.07275 144 144 144
2.62437 4.80076 -1.97277 152 152 152
2.70382 4.80484 -1.87526 154 154 154
2.76903 4.79680 -1.76759 148 148 148
2.84263 4.80352 -1.66558 158 158 158
2.90500 4.79841 -1.55642 151 151 151
2.96272 4.80081 -1.44480 162 162 162
3.02103 4.79521 -1.33339 158 158 158
3.06387 4.79998 -1.21503 159 159 159
3.11349 4.80096 -1.09966 157 157 157
3.15321 4.79654 -0.98051 159 159 159
3.19027 4.80280 -0.86054 160 160 160
3.22133 4.80644 -0.73888 160 160 160
3.24893 4.79862 -0.61639 160 160 160
3.27440 4.80423 -0.49331 166 166 166
3.29186 4.80128 -0.36881 168 168 168
3.30777 4.80250 -0.24398 168 168 168
3.30859 4.80008 -0.11808 170 170 170
3.31883 5.19680 0.00813 160 160 160
3.31149 5.20427 0.13346 160 160 160
3.31409 5.20018 0.25939 175 175 175
3.29964 5.19981 0.38428 178 178 178
3.27563 5.19928 0.50769 176 176 176
3.26696 5.19984 0.63379 177 177 177
3.23605 5.19761 0.75586 177 177 177
3.19244 5.19740 0.87421 179 179 179
3.17453 5.19803 1.00011 180 180 180
3.11639 5.20028 1.11299 182 182 182
3.07427 5.19513 1.23119 173 173 173
3.02678 5.19761 1.34747 176 176 176
2.96848 5.20403 1.45872 180 180 180
2.91487 5.20125 1.57247 178 178 178
2.84057 5.20094 1.67436 174 174 174
2.77801 5.19733 1.78313 171 171 171
2.70417 5.19850 1.88453 170 170 170
2.63462 5.20031 1.98929 187 187 187
2.55960 5.19955 2.09044 185 185 185
2.46971 5.19993 2.17876 183 183 183
2.38928 5.19685 2.27588 191 191 191
2.29255 5.19929 2.35673 181 181 181
2.19483 5.19805 2.43565 190 190 190
2.10134 5.20520 2.51951 186 186 186
2.00120 5.20299 2.59527 187 187 187
1.90257 5.20131 2.67365 183 183 183
1.79208 5.20161 2.73423 187 187 187
1.68479 5.20176 2.79953 201 201 201
1.57397 5.20096 2.85872 197 197 197
1.46489 5.20174 2.92210 190 190 190
1.34574 5.20103 2.96364 197 197 197
1.23095 5.20379 3.01534 198 198 198
1.11359 5.20391 3.06139 192 192 192
0.99067 5.19731 3.08988 200 200 200
0.86994 5.19504 3.12548 189 189 189
0.74759 5.19791 3.15557 194 194 194
0.62323 5.19904 3.17575 202 202 202
0.49739 5.20043 3.18379 198 198 198
0.37246 5.19932 3.19660 195 195 195
0.24725 5.20308 3.20807 184 184 184
0.12152 5.20176 3.21309 197 197 197
-0.00421 5.20011 3.20832 198 198 198
-0.12916 5.20006 3.19337 198 198 198
-0.25419 5.19603 3.18256 187 187 187
-0.37939 5.19493 3.17075 203 203 203
-0.50330 5.20163 3.14932 198 198 198
-0.62556 5.20177 3.11994 197 197 197
-0.74837 5.20003 3.09254 194 194 194
-0.86997 5.20139 3.05963 200 200 200
-0.98886 5.20273 3.01796 184 184 184
-1.10450 5.19176 2.96801 198 198 198
-1.21586 5.19912 2.90914 188 188 188
-1.33682 5.20383 2.87028 191 191 191
-1.44055 5.19906 2.79741 197 197 197
-1.55514 5.20083 2.74419 190 190 190
-1.65236 5.19619 2.66293 187 187 187
-1.75819 5.19578 2.59533 188 188 188
-1.86083 5.20077 2.52272 183 183 183
-1.95584 5.20016 2.44041 194 194 194
-2.05477 5.20106 2.36243 189 189 189
-2.14550 5.20042 2.27515 185 185 185
-2.22963 5.19817 2.18151 188 188 188
-2.30938 5.20345 2.08431 181 181 181
-2.38004 5.19832 1.98020 181 181 181
-2.47150 5.19452 1.89206 184 184 184
-2.53139 5.20331 1.78074 179 179 179
-2.60055 5.20140 1.67621 182 182 182
-2.68097 5.19602 1.57760 184 184 184
-2.72637 5.19925 1.45920 183 183 183
-2.78196 5.19908 1.34665 179 179 179
-2.83589 5.19810 1.23313 179 179 179
-2.88589 5.19714 1.11762 171 171 171
-2.92122 5.20129 0.99677 172 172 172
-2.96020 5.19868 0.87726 174 174 174
-2.98864 5.19891 0.75481 177 177 177
-3.02280 5.19774 0.63357 173 173 173
-3.04325 5.19783 0.50938 170 170 170
-3.06110 5.19801 0.38481 174 174 174
-3.06844 5.19726 0.25918 170 170 170
-3.07781 5.20145 0.13383 168 168 168
-3.08376 5.20555 0.00813 171 171 171
-3.08025 5.19960 -0.11767 165 165 165
-3.05827 5.19869 -0.24213 170 170 170
-3.05923 5.19696 -0.36834 165 165 165
-3.04296 5.19977 -0.49308 158 158 158
-3.00960 5.19785 -0.61470 168 168 168
-2.99362 5.20541 -0.73975 160 160 160
-2.96555 5.19694 -0.86252 159 159 159
-2.92446 5.19357 -0.98158 159 159 159
-2.87873 5.19927 -1.09873 152 152 152
-2.83004 5.20260 -1.21445 157 157 157
-2.78608 5.19498 -1.33230 166 166 166
-2.73690 5.20357 -1.44831 154 154 154
-2.67348 5.19932 -1.55715 149 149 149
-2.60643 5.19910 -1.66357 154 154 154
-2.53223 5.19856 -1.76506 150 150 150
-2.46994 5.20290 -1.87468 155 155 155
-2.39202 5.20139 -1.97339 142 142 142
-2.30712 5.19617 -2.06614 161 161 161
-2.22614 5.20434 -2.16204 159 159 159
-2.14209 5.19997 -2.25549 152 152 152
-2.04703 5.20166 -2.33780 147 147 147
-1.95555 5.19776 -2.42381 147 147 147
-1.86696 5.19705 -2.51426 146 146 146
-1.75111 5.20023 -2.56933 145 145 145
-1.65808 5.20144 -2.65525 150 150 150
-1.55163 5.20249 -2.72221 146 146 146
-1.44456 5.20397 -2.78833 151 151 151
-1.32722 5.19593 -2.83520 141 141 141
-1.21810 5.20531 -2.89774 140 140 140
-1.10019 5.19616 -2.94134 144 144 144
-0.98788 5.20092 -2.99904 143 143 143
-0.86691 5.19787 -3.03396 147 147 147
-0.74816 5.20119 -3.07556 141 141 141
-0.62564 5.19899 -3.10404 130 130 130
-0.50271 5.20187 -3.13013 133 133 133
-0.37939 5.19827 -3.15453 145 145 145
-0.25446 5.20542 -3.16853 133 133 133
-0.13025 5.20163 -3.19096 133 133 133
-0.00393 5.19513 -3.18492 137 137 137
0.12152 5.20016 -3.18714 139 139 139
0.24705 5.19905 -3.18659 140 140 140
0.37267 5.20110 -3.18300 135 135 135
0.49747 5.20401 -3.16823 139 139 139
0.62321 5.20158 -3.15942 145 145 145
0.74640 5.20011 -3.13336 139 139 139
0.86625 5.19720 -3.09390 139 139 139
0.98893 5.19673 -3.06745 143 143 143
1.11339 5.20033 -3.04452 137 137 137
1.22895 5.19814 -2.99369 135 135 135
1.34411 5.19654 -2.94347 147 147 147
1.45944 5.20011 -2.89404 140 140 140
1.57549 5.20090 -2.84545 144 144 144
1.68610 5.20251 -2.78563 144 144 144
1.79435 5.19945 -2.72167 144 144 144
1.89829 5.19697 -2.65099 142 142 142
2.00071 5.20094 -2.57835 149 149 149
2.10711 5.19829 -2.51057 143 143 143
2.20039 5.20258 -2.42591 150 150 150
2.28772 5.20160 -2.33525 147 147 147
2.38333 5.20361 -2.25368 142 142 142
2.47309 5.19947 -2.16564 147 147 147
2.55795 5.19895 -2.07278 144 144 144
2.63539 5.20201 -1.97365 149 149 149
2.71198 5.20368 -1.87395 151 151 151
2.77961 5.20472 -1.76795 147 147 147
2.84816 5.20081 -1.66276 151 151 151
2.91889 5.19862 -1.55848 154 154 154
2.96885 5.20263 -1.44266 151 151 151
3.02466 5.19552 -1.33024 154 154 154
3.07219 5.19906 -1.21408 152 152 152
3.12738 5.19906 -1.10079 162 162 162
3.16941 5.20467 -0.98219 168 168 168
3.20881 5.20011 -0.86258 158 158 158
3.22394 5.19702 -0.73670 159 159 159
3.25345 5.19666 -0.61485 160 160 160
3.27782 5.19957 -0.49178 156 156 156
3.30090 5.19902 -0.36818 170 170 170
3.31575 5.19643 -0.24327 162 162 162
3.31699 5.19956 -0.11743 168 168 168
3.32707 5.60194 0.00875 173 173 173
3.32618 5.59892 0.13431 171 171 171
3.31529 5.60052 0.25939 166 166 166
3.30748 5.59946 0.38476 177 177 177
3.30261 5.60001 0.51115 171 171 171
3.26641 5.60069 0.63251 169 169 169
3.24282 5.59874 0.75593 177 177 177
3.20989 5.59569 0.87721 176 176 176
3.17775 5.60052 0.99884 173 173 173
3.12978 5.59646 1.11522 180 180 180
3.09564 5.60069 1.23692 181 181 181
3.04331 5.60529 1.35154 185 185 185
2.98653 5.59868 1.46393 182 182 182
2.91415 5.59981 1.56763 173 173 173
2.85447 5.60618 1.67795 182 182 182
2.78104 5.59845 1.77974 178 178 178
2.71807 5.59857 1.88868 184 184 184
2.64675 5.60154 1.99234 192 192 192
2.56864 5.59951 2.09106 190 190 190
2.47318 5.59672 2.17423 190 190 190
2.39422 5.59898 2.27240 185 185 185
2.29758 5.59921 2.35301 186 186 186
2.20385 5.60058 2.43625 186 186 186
2.11229 5.60192 2.52255 186 186 186
2.00937 5.59861 2.59469 188 188 188
1.91109 5.60295 2.67349 192 192 192
1.80581 5.59677 2.74249 194 194 194
1.68976 5.59980 2.79287 193 193 193
1.57842 5.60189 2.85032 202 202 202
1.47126 5.60127 2.91693 192 192 192
1.35498 5.59773 2.96472 194 194 194
1.23835 5.60092 3.01151 192 192 192
1.12269 5.60363 3.06219 196 196 196
0.99919 5.60073 3.08865 194 194 194
0.87707 5.60031 3.11814 196 196 196
0.75527 5.59601 3.14932 191 191 191
0.63107 5.60195 3.16876 194 194 194
0.50650 5.60539 3.18491 189 189 189
0.38088 5.59962 3.18924 193 193 193
0.25632 5.60271 3.20934 191 191 191
0.13057 5.59795 3.20526 190 190 190
0.00491 5.59716 3.20706 198 198 198
-0.12019 5.59931 3.19492 195 195 195
-0.24611 5.60199 3.19129 198 198 198
-0.37039 5.60129 3.17171 195 195 195
-0.49300 5.59959 3.14367 199 199 199
-0.61509 5.59715 3.11466 198 198 198
-0.73812 5.60251 3.08890 205 205 205
-0.85999 5.59839 3.05739 194 194 194
-0.97798 5.60369 3.01362 198 198 198
-1.09560 5.59885 2.96898 194 194 194
-1.20881 5.59638 2.91408 193 193 193
-1.32458 5.59948 2.86464 186 186 186
-1.43640 5.60403 2.80677 188 188 188
-1.54280 5.60214 2.73945 189 189 189
-1.64763 5.59819 2.67002 196 196 196
-1.74982 5.59714 2.59689 187 187 187
-1.84753 5.60269 2.51796 185 185 185
-1.94978 5.59740 2.44453 193 193 193
-2.03823 5.59523 2.35495 192 192 192
-2.12984 5.60072 2.26916 191 191 191
-2.21992 5.59922 2.18153 183 183 183
-2.30956 5.60310 2.09282 193 193 193
-2.37894 5.59662 1.98709 177 177 177
-2.46484 5.60267 1.89443 178 178 178
-2.52602 5.59476 1.78383 183 183 183
-2.59426 5.59376 1.67853 181 181 181
-2.66543 5.59907 1.57459 186 186 186
-2.71721 5.60110 1.45977 180 180 180
-2.77210 5.60032 1.34690 181 181 181
-2.83577 5.59825 1.23745 181 181 181
-2.88615 5.59678 1.12168 179 179 179
-2.90500 5.59737 0.99507 176 176 176
-2.95020 5.59705 0.87762 174 174 174
-2.98357 5.59899 0.75639 178 178 178
-3.00702 5.60296 0.63286 173 173 173
-3.02922 5.60155 0.50921 176 176 176
-3.05216 5.59624 0.38545 173 173 173
-3.06860 5.59651 0.26053 171 171 171
-3.06897 5.59779 0.13446 169 169 169
-3.07094 5.59935 0.00875 168 168 168
-3.06051 5.60411 -0.11663 169 169 169
-3.05941 5.60049 -0.24231 161 161 161
-3.04527 5.60420 -0.36714 165 165 165
-3.02430 5.59904 -0.49093 160 160 160
-3.00092 5.59757 -0.61414 162 162 162
-2.97201 5.60158 -0.73611 162 162 162
-2.95395 5.60337 -0.86118 162 162 162
-2.90905 5.60530 -0.97888 155 155 155
-2.86721 5.60139 -1.09719 153 153 153
-2.82259 5.60300 -1.21449 164 164 164
-2.77279 5.59859 -1.32972 150 150 150
-2.72131 5.59965 -1.44436 152 152 152
-2.65571 5.59640 -1.55164 149 149 149
-2.59286 5.60210 -1.66017 160 160 160
-2.53145 5.59764 -1.76996 149 149 149
-2.46210 5.59875 -1.87493 155 155 155
-2.38200 5.59812 -1.97200 154 154 154
-2.30603 5.59557 -2.07231 149 149 149
-2.21508 5.59559 -2.15955 140 140 140
-2.13013 5.60368 -2.25195 151 151 151
-2.04524 5.60179 -2.34503 153 153 153
-1.95150 5.59969 -2.42904 154 154 154
-1.84392 5.59932 -2.49588 143 143 143
-1.75391 5.59627 -2.58501 146 146 146
-1.65189 5.60483 -2.65889 136 136 136
-1.54073 5.59990 -2.71857 147 147 147
-1.43144 5.60286 -2.78043 144 144 144
-1.32263 5.60186 -2.84333 135 135 135
-1.20948 5.59905 -2.89804 141 141 141
-1.09583 5.60273 -2.95205 142 142 142
-0.97566 5.59650 -2.98982 150 150 150
-0.85736 5.60215 -3.03178 148 148 148
-0.73829 5.59838 -3.07200 142 142 142
-0.61697 5.59981 -3.10499 144 144 144
-0.49393 5.60357 -3.13083 140 140 140
-0.36915 5.60475 -3.14638 140 140 140
-0.24541 5.60588 -3.16789 139 139 139
-0.12027 5.60377 -3.17853 143 143 143
0.00491 5.59817 -3.18965 144 144 144
0.13057 5.60266 -3.19380 135 135 135
0.25597 5.59731 -3.18295 146 146 146
0.38091 5.59758 -3.17211 143 143 143
0.50677 5.59737 -3.16978 136 136 136
0.63089 5.59747 -3.15017 145 145 145
0.75479 5.60186 -3.12943 138 138 138
0.87718 5.59893 -3.10111 139 139 139
0.99857 5.60068 -3.06893 139 139 139
1.12060 5.60155 -3.03824 140 140 140
1.23753 5.60030 -2.99179 135 135 135
1.35801 5.59957 -2.95455 141 141 141
1.47077 5.59529 -2.89836 144 144 144
1.58641 5.59878 -2.84849 143 143 143
1.69678 5.60434 -2.78792 144 144 144
1.79990 5.59832 -2.71534 145 145 145
1.90735 5.59852 -2.65038 147 147 147
2.01010 5.59851 -2.57820 145 145 145
2.11185 5.60132 -2.50449 144 144 144
2.21277 5.59839 -2.42919 138 138 138
2.29869 5.59838 -2.33671 144 144 144
2.39861 5.59996 -2.25929 150 150 150
2.47751 5.59967 -2.16074 152 152 152
2.55801 5.59224 -2.06448 149 149 149
2.64007 5.59931 -1.96958 151 151 151
2.71758 5.59968 -1.87082 154 154 154
2.78863 5.60174 -1.76731 147 147 147
2.85720 5.59871 -1.66213 159 159 159
2.92499 5.59889 -1.55620 157 157 157
2.98066 5.60113 -1.44344 156 156 156
3.03884 5.59422 -1.33198 156 156 156
3.08907 5.59592 -1.21670 157 157 157
3.13225 5.59841 -1.09863 161 161 161
3.17461 5.59982 -0.98032 160 160 160
3.20468 5.59826 -0.85824 166 166 166
3.24231 5.60080 -0.73831 159 159 159
3.26534 5.60559 -0.61479 161 161 161
3.30109 5.60190 -0.49341 163 163 163
3.31160 5.59691 -0.36775 161 161 161
3.32463 5.59861 -0.24263 168 168 168
3.32316 5.59939 -0.11669 163 163 163
3.34816 6.00294 0.00938 167 167 167
3.32706 5.99977 0.13461 167 167 167
3.32999 6.00187 0.26047 164 164 164
3.31812 6.00304 0.38558 169 169 169
3.29895 5.99984 0.50977 171 171 171
3.28301 5.99824 0.63465 168 168 168
3.25432 6.00772 0.75717 172 172 172
3.21948 5.99719 0.87800 170 170 170
3.18680 6.00173 0.99949 169 169 169
3.14319 5.99444 1.11748 177 177 177
3.09544 5.99906 1.23374 179 179 179
3.05233 5.99997 1.35218 170 170 170
2.99344 6.00319 1.46351 175 175 175
2.93450 5.99797 1.57462 187 187 187
2.86903 5.99914 1.68200 176 176 176
2.80448 5.99679 1.79002 180 180 180
2.72393 6.00240 1.88703 183 183 183
2.65011 6.00318 1.98854 186 186 186
2.57518 6.00196 2.08960 183 183 183
2.49042 6.00050 2.18250 181 181 181
2.40788 5.99736 2.27771 184 184 184
2.30604 6.00242 2.35307 185 185 185
2.22279 6.00230 2.44854 188 188 188
2.11899 6.00072 2.52028 189 189 189
2.01533 6.00366 2.59116 190 190 190
1.91729 5.99732 2.66995 188 188 188
1.81231 5.99931 2.73907 196 196 196
1.70031 5.99945 2.79630 200 200 200
1.58996 6.00361 2.85596 200 200 200
1.47782 6.00111 2.91230 196 196 196
1.36293 5.99959 2.96286 193 193 193
1.24541 6.00052 3.00694 195 195 195
1.12871 5.99971 3.05371 200 200 200
1.00824 5.99941 3.08952 198 198 198
0.88492 5.99754 3.11407 195 195 195
0.76338 6.00077 3.14558 203 203 203
0.63955 5.99807 3.16623 193 193 193
0.51558 5.99724 3.18646 194 194 194
0.39098 6.00062 3.20408 203 203 203
0.26497 6.00073 3.20150 192 192 192
0.13955 5.99967 3.21015 190 190 190
0.01406 5.99835 3.20338 196 196 196
-0.11122 5.99886 3.19573 197 197 197
-0.23697 6.00389 3.19056 193 193 193
-0.36132 6.00190 3.17178 197 197 197
-0.48347 6.00029 3.14150 196 196 196
-0.60691 6.00059 3.11860 189 189 189
-0.72839 5.99772 3.08687 199 199 199
-0.84746 6.00155 3.04708 189 189 189
-0.97055 6.00097 3.01844 190 190 190
-1.08782 6.00454 2.97251 195 195 195
-1.20033 6.00128 2.91580 190 190 190
-1.31076 5.99408 2.85578 199 199 199
-1.42110 6.00208 2.79612 195 195 195
-1.53545 5.99394 2.74272 198 198 198
-1.63856 5.99693 2.67050 191 191 191
-1.73518 5.99716 2.58972 185 185 185
-1.83765 6.00452 2.51744 184 184 184
-1.94395 5.99837 2.44884 184 184 184
-2.03199 6.00139 2.35854 185 185 185
-2.12742 6.00187 2.27635 185 185 185
-2.20437 5.99544 2.17608 182 182 182
-2.29495 6.00024 2.08864 184 184 184
-2.36914 5.99667 1.98707 184 184 184
-2.44394 5.99808 1.88639 190 190 190
-2.52129 5.99929 1.78729 185 185 185
-2.58742 6.00371 1.68047 180 180 180
-2.64993 5.99822 1.57156 185 185 185
-2.71358 6.00012 1.46312 180 180 180
-2.76538 6.00249 1.34857 182 182 182
-2.81760 5.99684 1.23427 180 180 180
-2.86363 6.00182 1.11731 173 173 173
-2.90591 6.00317 0.99890 179 179 179
-2.93199 6.00011 0.87564 176 176 176
-2.98140 5.99955 0.75865 171 171 171
-2.99770 5.99911 0.63341 173 173 173
-3.02325 5.99577 0.51031 175 175 175
-3.03907 6.00202 0.38559 173 173 173
-3.05226 6.00170 0.26058 172 172 172
-3.05890 5.99654 0.13504 167 167 167
-3.05970 5.99748 0.00938 172 172 172
-3.04652 5.99877 -0.11581 168 168 168
-3.05704 6.00004 -0.24220 163 163 163
-3.02757 6.00017 -0.36548 165 165 165
-3.02786 6.00155 -0.49229 166 166 166
-2.99530 6.00397 -0.61419 165 165 165
-2.97403 5.99878 -0.73813 160 160 160
-2.93778 6.00124 -0.85852 157 157 157
-2.90296 6.00382 -0.97920 155 155 155
-2.86099 5.99811 -1.09758 154 154 154
-2.82124 5.99592 -1.21703 161 161 161
-2.76867 5.99981 -1.33133 154 154 154
-2.71435 6.00103 -1.44476 160 160 160
-2.65034 6.00232 -1.55304 149 149 149
-2.59185 5.99962 -1.66443 151 151 151
-2.51746 5.99975 -1.76598 146 146 146
-2.44779 6.00209 -1.87044 150 150 150
-2.37496 5.99800 -1.97290 155 155 155
-2.29914 5.99898 -2.07346 155 155 155
-2.21692 6.00096 -2.16893 146 146 146
-2.12553 5.99926 -2.25570 155 155 155
-2.03887 5.99461 -2.34723 147 147 147
-1.93590 5.99662 -2.42067 146 146 146
-1.83866 6.00155 -2.49997 146 146 146
-1.74637 6.00050 -2.58637 140 140 140
-1.64178 5.99942 -2.65658 142 142 142
-1.53053 6.00149 -2.71595 140 140 140
-1.42460 6.00079 -2.78361 151 151 151
-1.31903 5.99858 -2.85325 147 147 147
-1.20040 5.99760 -2.89721 141 141 141
-1.08197 6.00430 -2.93964 138 138 138
-0.96604 5.99620 -2.98747 142 142 142
-0.85017 6.00219 -3.03667 143 143 143
-0.72880 6.00035 -3.06957 142 142 142
-0.60961 6.00228 -3.11111 138 138 138
-0.48454 5.99929 -3.12814 141 141 141
-0.36139 5.99901 -3.15346 141 141 141
-0.23643 5.99940 -3.16725 141 141 141
-0.11138 6.00352 -3.17905 139 139 139
0.01394 6.00210 -3.18772 136 136 136
0.13955 6.00074 -3.19337 136 136 136
0.26546 6.00121 -3.19518 139 139 139
0.38980 5.99963 -3.17037 139 139 139
0.51540 5.99862 -3.16618 139 139 139
0.64015 6.00362 -3.15128 144 144 144
0.76329 5.99597 -3.12638 142 142 142
0.88800 6.00016 -3.10812 142 142 142
1.00676 5.99928 -3.06550 143 143 143
1.12432 6.00040 -3.02142 143 143 143
1.24438 5.99878 -2.98538 140 140 140
1.36586 5.99610 -2.95120 143 143 143
1.48327 5.99841 -2.90538 139 139 139
1.58818 6.00077 -2.83372 145 145 145
1.70523 6.00196 -2.78635 148 148 148
1.81385 6.00133 -2.72283 142 142 142
1.91938 6.00008 -2.65433 143 143 143
2.02153 5.99769 -2.58094 151 151 151
2.11711 6.00200 -2.49915 149 149 149
2.22083 6.00205 -2.42749 141 141 141
2.30570 6.00307 -2.33395 151 151 151
2.40692 5.99768 -2.25799 144 144 144
2.49134 6.00166 -2.16460 148 148 148
2.56847 6.00176 -2.06512 157 157 157
2.65262 6.00438 -1.97177 147 147 147
2.72944 6.00148 -1.87229 154 154 154
2.80380 6.00147 -1.77082 158 158 158
2.86905 6.00465 -1.66327 151 151 151
2.93077 5.99620 -1.55379 153 153 153
2.98892 6.00274 -1.44245 154 154 154
3.05158 6.00169 -1.33309 156 156 156
3.09659 6.00167 -1.21547 159 159 159
3.14045 5.99692 -1.09771 160 160 160
3.18010 6.00272 -0.97856 155 155 155
3.21743 6.00068 -0.85868 154 154 154
3.24746 5.99956 -0.73677 163 163 163
3.28166 5.99931 -0.61563 163 163 163
3.29254 6.00286 -0.49001 165 165 165
3.31338 6.00229 -0.36627 163 163 163
3.32968 6.00289 -0.24169 165 165 165
3.34025 6.00487 -0.11638 167 167 167
3.34922 6.40359 0.01000 162 162 162
3.35149 6.40237 0.13585 171 171 171
3.33584 6.40119 0.26085 169 169 169
3.32483 6.39672 0.38595 177 177 177
3.30537 6.40002 0.51001 172 172 172
3.30116 6.39608 0.63711 176 176 176
3.27073 6.39756 0.75959 171 171 171
3.23443 6.39934 0.88033 173 173 173
3.19713 6.40066 1.00057 183 183 183
3.14899 6.39789 1.11695 175 175 175
3.10253 6.40092 1.23362 176 176 176
3.06658 6.39798 1.35527 184 184 184
3.00492 6.40361 1.46544 183 183 183
2.94152 6.40024 1.57419 181 181 181
2.88012 6.40182 1.68396 179 179 179
2.81002 6.39820 1.78840 178 178 178
2.73905 6.40179 1.89217 191 191 191
2.66263 6.39783 1.99201 183 183 183
2.58151 6.39975 2.08803 189 189 189
2.49661 6.40318 2.18060 187 187 187
2.41053 6.40218 2.27207 188 188 188
2.32497 6.39772 2.36453 195 195 195
2.23335 6.39603 2.45109 186 186 186
2.12855 6.39784 2.52173 182 182 182
2.02923 6.40073 2.59867 197 197 197
1.92501 6.39810 2.66879 190 190 190
1.81885 6.40278 2.73584 193 193 193
1.71060 6.39779 2.79939 185 185 185
1.59938 6.40135 2.85760 191 191 191
1.48914 6.40201 2.91815 189 189 189
1.37434 6.39779 2.96955 189 189 189
1.25620 6.39677 3.01266 194 194 194
1.13833 6.39847 3.05650 192 192 192
1.01716 6.40046 3.09017 195 195 195
0.89401 6.39574 3.11543 202 202 202
0.77004 6.40714 3.13488 195 195 195
0.64985 6.40289 3.17564 194 194 194
0.52475 6.39824 3.18926 197 197 197
0.39941 6.40117 3.19861 203 203 203
0.27409 6.40177 3.20747 198 198 198
0.14846 6.40043 3.20431 195 195 195
0.02241 6.40123 3.21814 196 196 196
-0.10266 6.39589 3.20076 194 194 194
-0.22820 6.39806 3.19234 194 194 194
-0.35067 6.40052 3.16136 201 201 201
-0.47495 6.39857 3.14411 193 193 193
-0.59959 6.39889 3.12584 191 191 191
-0.72301 6.40155 3.10000 197 197 197
-0.83847 6.40238 3.04746 196 196 196
-0.96032 6.39866 3.01547 198 198 198
-1.07313 6.40336 2.95917 193 193 193
-1.19011 6.39950 2.91357 191 191 191
-1.30659 6.39902 2.86569 193 193 193
-1.41500 6.40161 2.80175 190 190 190
-1.51805 6.39864 2.72950 189 189 189
-1.63243 6.40144 2.67528 194 194 194
-1.73296 6.39621 2.59956 191 191 191
-1.83554 6.40073 2.52669 190 190 190
-1.92628 6.40204 2.43920 192 192 192
-2.02795 6.39728 2.36442 189 189 189
-2.11300 6.39738 2.27146 184 184 184
-2.19736 6.39735 2.17846 189 189 189
-2.28486 6.39930 2.08825 187 187 187
-2.36218 6.40033 1.98923 188 188 188
-2.43674 6.39907 1.88826 189 189 189
-2.50732 6.39841 1.78453 183 183 183
-2.57702 6.40501 1.68018 183 183 183
-2.64781 6.40236 1.57599 182 182 182
-2.70361 6.40086 1.46320 180 180 180
-2.74968 6.40217 1.34606 182 182 182
-2.80709 6.39983 1.23423 176 176 176
-2.85608 6.39585 1.11843 179 179 179
-2.89573 6.40271 0.99912 181 181 181
-2.93673 6.40147 0.88011 173 173 173
-2.95907 6.40316 0.75605 167 167 167
-2.99369 6.40286 0.63501 172 172 172
-3.01705 6.39894 0.51137 170 170 170
-3.03458 6.39933 0.38674 166 166 166
-3.04027 6.40047 0.26096 170 170 170
-3.04518 6.39960 0.13548 169 169 169
-3.03935 6.39957 0.01000 167 167 167
-3.04766 6.40074 -0.11558 162 162 162
-3.03201 6.40265 -0.24031 165 165 165
-3.02544 6.39806 -0.36566 160 160 160
-3.01127 6.39804 -0.49045 166 166 166
-2.99200 6.40090 -0.61468 155 155 155
-2.96499 6.40488 -0.73747 158 158 158
-2.92634 6.40041 -0.85718 156 156 156
-2.89767 6.40137 -0.97975 154 154 154
-2.86013 6.40370 -1.09993 162 162 162
-2.80142 6.39870 -1.21188 157 157 157
-2.76155 6.39789 -1.33153 155 155 155
-2.70210 6.39819 -1.44243 154 154 154
-2.64152 6.39927 -1.55246 164 164 164
-2.57899 6.39902 -1.66138 154 154 154
-2.51197 6.39957 -1.76764 151 151 151
-2.43586 6.40088 -1.86762 152 152 152
-2.36267 6.40006 -1.96962 154 154 154
-2.27886 6.39799 -2.06313 146 146 146
-2.19779 6.39910 -2.15885 157 157 157
-2.11960 6.39936 -2.25806 146 146 146
-2.02398 6.39917 -2.34013 152 152 152
-1.92881 6.40330 -2.42218 150 150 150
-1.82744 6.39694 -2.49641 144 144 144
-1.73846 6.39869 -2.58712 145 145 145
-1.62945 6.39332 -2.65082 145 145 145
-1.52263 6.40017 -2.71697 136 136 136
-1.41270 6.40146 -2.77765 145 145 145
-1.30563 6.39678 -2.84381 150 150 150
-1.19322 6.40248 -2.90033 145 145 145
-1.07231 6.40312 -2.93720 142 142 142
-0.95875 6.39500 -2.99122 137 137 137
-0.83997 6.39962 -3.03206 142 142 142
-0.72094 6.40109 -3.07268 141 141 141
-0.59767 6.39908 -3.09783 143 143 143
-0.47562 6.40151 -3.12748 136 136 136
-0.35149 6.39712 -3.14655 137 137 137
-0.22715 6.40486 -3.16353 142 142 142
-0.10283 6.39770 -3.18290 139 139 139
0.02300 6.40039 -3.18326 137 137 137
0.14846 6.39941 -3.19225 135 135 135
0.27402 6.40235 -3.18574 141 141 141
0.39959 6.40197 -3.18088 139 139 139
0.52461 6.39843 -3.16808 140 140 140
0.64970 6.40000 -3.15469 145 145 145
0.77404 6.40242 -3.13501 141 141 141
0.89486 6.40105 -3.09898 137 137 137
1.01780 6.39929 -3.07246 144 144 144
1.13747 6.40663 -3.03387 142 142 142
1.25762 6.39907 -2.99650 138 138 138
1.37503 6.40241 -2.95119 141 141 141
1.48962 6.40150 -2.89919 140 140 140
1.59680 6.39585 -2.83252 144 144 144
1.70984 6.39897 -2.77804 145 145 145
1.82245 6.40055 -2.72170 141 141 141
1.92766 6.40060 -2.65276 140 140 140
2.02804 6.39818 -2.57702 144 144 144
2.13105 6.40005 -2.50491 147 147 147
2.21911 6.39887 -2.41442 139 139 139
2.32023 6.39788 -2.33941 152 152 152
2.41688 6.39875 -2.25842 143 143 143
2.50353 6.39792 -2.16700 152 152 152
2.58361 6.39920 -2.06981 151 151 151
2.66166 6.40182 -1.97125 152 152 152
2.73374 6.39908 -1.86831 152 152 152
2.81213 6.40117 -1.76981 145 145 145
2.87808 6.39920 -1.66271 158 158 158
2.93683 6.40192 -1.55156 149 149 149
3.00144 6.40096 -1.44367 150 150 150
3.05566 6.40063 -1.33024 163 163 163
3.10317 6.39634 -1.21388 156 156 156
3.14613 6.40047 -1.09590 154 154 154
3.20123 6.40308 -0.98191 154 154 154
3.22448 6.39930 -0.85753 153 153 153
3.25661 6.39950 -0.73620 162 162 162
3.29374 6.40347 -0.61564 160 160 160
3.30361 6.40547 -0.48973 165 165 165
3.32297 6.40030 -0.36573 162 162 162
3.33818 6.40074 -0.24104 157 157 157
3.34872 6.40415 -0.11574 168 168 168
3.36076 6.79580 0.01063 166 166 166
3.36087 6.79504 0.13649 169 169 169
3.34331 6.80092 0.26137 169 169 169
3.33162 6.80067 0.38633 169 169 169
3.31663 6.80233 0.51102 168 168 168
3.29572 6.79803 0.63490 167 167 167
3.27195 6.80068 0.75839 175 175 175
3.23513 6.80433 0.87867 174 174 174
3.19934 6.79697 0.99905 178 178 178
3.15561 6.79936 1.11676 180 180 180
3.11504 6.79886 1.23577 175 175 175
3.06898 6.80033 1.35293 183 183 183
3.01140 6.79915 1.46486 182 182 182
2.94824 6.79850 1.57363 186 186 186
2.88980 6.80006 1.68511 190 190 190
2.81963 6.80470 1.78954 181 181 181
2.74741 6.79864 1.89246 180 180 180
2.67014 6.80227 1.99159 185 185 185
2.59674 6.80500 2.09411 179 179 179
2.50620 6.79985 2.18193 184 184 184
2.41835 6.79741 2.27169 189 189 189
2.32483 6.80229 2.35546 190 190 190
2.23393 6.80125 2.44205 189 189 189
2.13890 6.80171 2.52428 191 191 191
2.03735 6.79778 2.59831 191 191 191
1.93395 6.80376 2.66958 193 193 193
1.82808 6.80259 2.73710 189 189 189
1.71991 6.80211 2.80089 189 189 189
1.61007 6.80185 2.86186 189 189 189
1.49824 6.80373 2.91936 194 194 194
1.38549 6.80035 2.97576 191 191 191
1.26797 6.79849 3.02126 193 193 193
1.14934 6.79987 3.06382 198 198 198
1.02416 6.79979 3.08430 196 196 196
0.90513 6.79694 3.12560 199 199 199
0.78181 6.79927 3.15031 192 192 192
0.65836 6.79956 3.17425 193 193 193
0.53442 6.79759 3.19693 196 196 196
0.40849 6.79972 3.20237 194 194 194
0.28311 6.79906 3.21278 192 192 192
0.15729 6.80053 3.21062 200 200 200
0.03148 6.80504 3.21282 194 194 194
-0.09420 6.80053 3.20619 194 194 194
-0.21828 6.79673 3.18379 201 201 201
-0.34371 6.80103 3.17384 196 196 196
-0.46726 6.79755 3.15047 197 197 197
-0.58952 6.80116 3.12134 196 196 196
-0.71194 6.80191 3.09269 198 198 198
-0.83333 6.80051 3.05944 189 189 189
-0.95462 6.79991 3.02460 199 199 199
-1.06897 6.80161 2.97108 195 195 195
-1.18463 6.80107 2.92147 193 193 193
-1.29353 6.80526 2.85803 191 191 191
-1.40643 6.79934 2.80285 189 189 189
-1.51816 6.79883 2.74471 187 187 187
-1.61965 6.80049 2.67001 190 190 190
-1.72548 6.80283 2.60203 185 185 185
-1.82386 6.80076 2.52370 189 189 189
-1.92302 6.80127 2.44636 196 196 196
-2.01490 6.80109 2.36049 183 183 183
-2.11014 6.80281 2.27805 187 187 187
-2.18925 6.79789 2.17975 192 192 192
-2.27802 6.80222 2.09058 189 189 189
-2.36047 6.79662 1.99547 194 194 194
-2.43207 6.79911 1.89191 185 185 185
-2.50059 6.80330 1.78656 186 186 186
-2.57000 6.79990 1.68191 182 182 182
-2.63295 6.79882 1.57324 187 187 187
-2.70386 6.79843 1.46846 181 181 181
-2.74677 6.79945 1.34942 182 182 182
-2.79557 6.79749 1.23374 174 174 174
-2.84340 6.80264 1.11764 178 178 178
-2.88977 6.79877 1.00068 174 174 174
-2.92522 6.79579 0.87998 180 180 180
-2.96332 6.80024 0.75982 169 169 169
-2.98893 6.80403 0.63645 174 174 174
-3.00126 6.79883 0.51089 178 178 178
-3.02205 6.79907 0.38692 171 171 171
-3.03377 6.80064 0.26177 169 169 169
-3.04001 6.80261 0.13625 171 171 171
-3.04671 6.80160 0.01063 169 169 169
-3.03228 6.79640 -0.11469 171 171 171
-3.02936 6.80040 -0.24017 164 164 164
-3.01459 6.80079 -0.36479 168 168 168
-2.99990 6.79926 -0.48943 159 159 159
-2.98247 6.79982 -0.61391 170 170 170
-2.95012 6.80029 -0.73540 153 153 153
-2.92303 6.79975 -0.85812 164 164 164
-2.88198 6.79935 -0.97689 156 156 156
-2.84267 6.80265 -1.09612 159 159 159
-2.79209 6.79985 -1.21105 163 163 163
-2.75142 6.80158 -1.33031 151 151 151
-2.70004 6.79706 -1.44526 149 149 149
-2.62912 6.80667 -1.54984 157 157 157
-2.56943 6.79828 -1.66031 153 153 153
-2.49887 6.80200 -1.76417 149 149 149
-2.42735 6.79996 -1.86722 152 152 152
-2.36019 6.80363 -1.97400 150 150 150
-2.27594 6.80379 -2.06755 153 153 153
-2.19569 6.79734 -2.16445 146 146 146
-2.10223 6.79979 -2.24890 145 145 145
-2.01839 6.79913 -2.34301 144 144 144
-1.92192 6.80080 -2.42381 142 142 142
-1.82163 6.79931 -2.49963 146 146 146
-1.71948 6.80089 -2.57253 139 139 139
-1.62033 6.79766 -2.64978 142 142 142
-1.51796 6.79831 -2.72314 143 143 143
-1.40773 6.79905 -2.78392 140 140 140
-1.29382 6.79848 -2.83734 142 142 142
-1.17807 6.79869 -2.88599 143 143 143
-1.06907 6.79983 -2.95007 147 147 147
-0.94717 6.80043 -2.98314 146 146 146
-0.83400 6.79987 -3.04025 147 147 147
-0.71069 6.79965 -3.06700 135 135 135
-0.59176 6.79613 -3.10941 136 136 136
-0.46728 6.80063 -3.12930 145 145 145
-0.34274 6.80283 -3.14648 138 138 138
-0.21909 6.80215 -3.16943 138 138 138
-0.09396 6.80250 -3.18179 138 138 138
0.03155 6.80146 -3.18973 140 140 140
0.15729 6.79944 -3.19207 136 136 136
0.28303 6.80005 -3.18971 138 138 138
0.40849 6.79931 -3.18113 135 135 135
0.53231 6.80158 -3.15790 137 137 137
0.65805 6.79808 -3.15106 142 142 142
0.78137 6.80189 -3.12681 140 140 140
0.90408 6.79878 -3.09998 145 145 145
1.02767 6.80337 -3.07548 138 138 138
1.14741 6.80300 -3.03663 145 145 145
1.26518 6.79960 -2.99244 139 139 139
1.38348 6.79788 -2.94966 139 139 139
1.49726 6.79925 -2.89599 135 135 135
1.61175 6.80215 -2.84391 135 135 135
1.71840 6.79929 -2.77693 142 142 142
1.82676 6.80252 -2.71369 146 146 146
1.94180 6.80124 -2.66008 146 146 146
2.03884 6.79706 -2.57911 142 142 142
2.13169 6.80032 -2.49388 148 148 148
2.23738 6.80084 -2.42485 147 147 147
2.33411 6.80236 -2.34424 147 147 147
2.41965 6.80063 -2.25174 152 152 152
2.50277 6.80090 -2.15751 153 153 153
2.59376 6.80468 -2.07031 147 147 147
2.66895 6.80417 -1.96941 156 156 156
2.74460 6.79878 -1.86917 150 150 150
2.81281 6.79946 -1.76374 150 150 150
2.89300 6.80043 -1.66582 147 147 147
2.94607 6.79693 -1.55117 152 152 152
3.00564 6.79756 -1.44068 152 152 152
3.06039 6.79898 -1.32772 158 158 158
3.11743 6.80014 -1.21550 155 155 155
3.15393 6.80046 -1.09489 162 162 162
3.19575 6.79717 -0.97663 158 158 158
3.24869 6.80166 -0.86124 161 161 161
3.26600 6.79494 -0.73571 158 158 158
3.29125 6.80004 -0.61276 158 158 158
3.32234 6.79598 -0.49067 164 164 164
3.33542 6.80249 -0.36553 164 164 164
3.34809 6.80018 -0.24050 164 164 164
3.35542 6.79753 -0.11503 172 172 172
3.36460 7.19686 0.01125 167 167 167
3.37009 7.19674 0.13714 158 158 158
3.35207 7.19270 0.26200 168 168 168
3.34873 7.20093 0.38795 173 173 173
3.32890 7.19672 0.51220 179 179 179
3.30546 7.20133 0.63572 167 167 167
3.28285 7.19996 0.75953 176 176 176
3.24454 7.20235 0.87948 174 174 174
3.20302 7.20291 0.99802 176 176 176
3.16134 7.20001 1.11627 173 173 173
3.12413 7.19588 1.23653 182 182 182
3.07403 7.19748 1.35185 183 183 183
3.01565 7.20469 1.46319 177 177 177
2.95342 7.19927 1.57226 182 182 182
2.89673 7.20128 1.68462 178 178 178
2.83152 7.20248 1.79226 180 180 180
2.75394 7.20152 1.89147 187 187 187
2.68272 7.19975 1.99524 187 187 187
2.59477 7.20459 2.08558 185 185 185
2.51741 7.20010 2.18483 182 182 182
2.42484 7.19687 2.27005 185 185 185
2.33427 7.19454 2.35682 179 179 179
2.24880 7.19967 2.44985 192 192 192
2.14918 7.20084 2.52684 187 187 187
2.04918 7.20089 2.60316 188 188 188
1.94559 7.20117 2.67453 188 188 188
1.84320 7.19926 2.74811 198 198 198
1.72862 7.20048 2.80142 192 192 192
1.61725 7.20295 2.85941 196 196 196
1.50638 7.19814 2.91866 183 183 183
1.38861 7.20595 2.96279 192 192 192
1.27304 7.20425 3.01188 195 195 195
1.15282 7.20076 3.04823 190 190 190
1.03167 7.20505 3.08051 197 197 197
0.91269 7.19827 3.12123 193 193 193
0.79102 7.19901 3.15321 183 183 183
0.66816 7.20202 3.18148 190 190 190
0.54307 7.19447 3.19671 198 198 198
0.41569 7.20164 3.18330 201 201 201
0.29157 7.19875 3.20619 194 194 194
0.16604 7.19631 3.21959 194 194 194
0.04023 7.19997 3.21352 192 192 192
-0.08498 7.19940 3.20081 198 198 198
-0.20946 7.19851 3.18390 195 195 195
-0.33327 7.19661 3.16378 200 200 200
-0.45609 7.19978 3.13894 192 192 192
-0.58122 7.20041 3.12382 199 199 199
-0.70186 7.19653 3.08861 193 193 193
-0.82444 7.20025 3.05965 192 192 192
-0.94376 7.20366 3.01951 184 184 184
-1.06080 7.19786 2.97312 193 193 193
-1.17704 7.20156 2.92462 199 199 199
-1.28518 7.19782 2.85944 193 193 193
-1.39673 7.19784 2.80179 191 191 191
-1.50515 7.20199 2.73839 193 193 193
-1.61332 7.20014 2.67426 197 197 197
-1.71224 7.19510 2.59649 195 195 195
-1.81206 7.19993 2.52046 181 181 181
-1.90720 7.19853 2.43871 187 187 187
-2.00219 7.20159 2.35683 188 188 188
-2.09286 7.19928 2.27015 187 187 187
-2.18812 7.20261 2.18741 193 193 193
-2.27543 7.19778 2.09646 189 189 189
-2.34003 7.19959 1.98688 181 181 181
-2.41762 7.19973 1.88839 188 188 188
-2.49105 7.19877 1.78666 181 181 181
-2.56193 7.20261 1.68296 184 184 184
-2.62694 7.20203 1.57540 175 175 175
-2.68510 7.20202 1.46398 180 180 180
-2.73668 7.20151 1.34943 182 182 182
-2.78780 7.20192 1.23477 176 176 176
-2.83804 7.19822 1.11951 183 183 183
-2.87890 7.20385 1.00061 175 175 175
-2.91113 7.20237 0.87910 173 173 173
-2.95535 7.20367 0.76063 179 179 179
-2.97178 7.20189 0.63540 177 177 177
-2.99458 7.20360 0.51184 170 170 170
-3.01544 7.19948 0.38780 174 174 174
-3.02317 7.19815 0.26225 169 169 169
-3.02996 7.19991 0.13682 163 163 163
-3.03914 7.20227 0.01125 166 166 166
-3.03606 7.19951 -0.11456 163 163 163
-3.02448 7.19809 -0.23985 168 168 168
-3.01652 7.19753 -0.36543 162 162 162
-2.99779 7.19863 -0.48985 155 155 155
-2.95963 7.20255 -0.61049 169 169 169
-2.94289 7.20190 -0.73514 161 161 161
-2.91568 7.20504 -0.85789 162 162 162
-2.87175 7.19763 -0.97579 157 157 157
-2.83723 7.19907 -1.09672 165 165 165
-2.79379 7.19876 -1.21475 160 160 160
-2.73639 7.19920 -1.32679 148 148 148
-2.68863 7.19869 -1.44328 159 159 159
-2.62363 7.20172 -1.55104 156 156 156
-2.55903 7.19940 -1.65868 157 157 157
-2.49509 7.20076 -1.76686 142 142 142
-2.42583 7.19812 -1.87186 158 158 158
-2.34452 7.20033 -1.96792 151 151 151
-2.26827 7.20017 -2.06786 148 148 148
-2.18762 7.19995 -2.16445 145 145 145
-2.09506 7.19875 -2.24986 148 148 148
-2.00310 7.20149 -2.33531 149 149 149
-1.91116 7.19968 -2.42084 142 142 142
-1.81599 7.19677 -2.50295 148 148 148
-1.71458 7.19929 -2.57721 150 150 150
-1.61661 7.19986 -2.65668 142 142 142
-1.50558 7.20307 -2.71659 144 144 144
-1.39881 7.20514 -2.78300 141 141 141
-1.28646 7.20441 -2.83946 140 140 140
-1.17535 7.20307 -2.89845 143 143 143
-1.06163 7.19960 -2.95262 142 142 142
-0.94239 7.19762 -2.99329 144 144 144
-0.82339 7.20062 -3.03392 143 143 143
-0.70387 7.19847 -3.07323 139 139 139
-0.57953 7.20103 -3.09430 139 139 139
-0.45729 7.19827 -3.12246 140 140 140
-0.33353 7.19635 -3.14292 146 146 146
-0.21072 7.20012 -3.17203 141 141 141
-0.08497 7.19547 -3.17823 146 146 146
0.04049 7.20166 -3.18423 150 150 150
0.16604 7.20005 -3.19646 147 147 147
0.29170 7.19718 -3.18682 129 129 129
0.41687 7.20534 -3.17584 141 141 141
0.54153 7.20081 -3.16117 142 142 142
0.66756 7.19785 -3.15521 144 144 144
0.79126 7.20372 -3.13190 139 139 139
0.91098 7.20194 -3.09163 137 137 137
1.03430 7.20078 -3.06734 134 134 134
1.15569 7.20168 -3.03456 138 138 138
1.27364 7.20029 -2.99101 142 142 142
1.39190 7.20382 -2.94824 140 140 140
1.49990 7.20284 -2.88212 148 148 148
1.61568 7.20208 -2.83382 147 147 147
1.73122 7.19925 -2.78358 143 143 143
1.83979 7.19939 -2.72005 143 143 143
1.94386 7.19854 -2.64943 142 142 142
2.04675 7.19575 -2.57732 148 148 148
2.14828 7.19737 -2.50321 149 149 149
2.24438 7.19953 -2.42216 144 144 144
2.33465 7.20042 -2.33474 144 144 144
2.42955 7.19682 -2.25226 146 146 146
2.51898 7.19818 -2.16379 145 145 145
2.59655 7.20364 -2.06460 155 155 155
2.68095 7.19964 -1.97134 150 150 150
2.75833 7.19894 -1.87215 156 156 156
2.82753 7.20123 -1.76710 143 143 143
2.89031 7.20127 -1.65818 159 159 159
2.95340 7.20391 -1.54974 154 154 154
3.01484 7.20062 -1.44028 156 156 156
3.08240 7.19959 -1.33321 162 162 162
3.12147 7.20090 -1.21293 156 156 156
3.16692 7.19918 -1.09583 158 158 158
3.20702 7.20118 -0.97682 157 157 157
3.25205 7.20227 -0.85909 161 161 161
3.28048 7.19941 -0.73646 160 160 160
3.31456 7.20104 -0.61503 166 166 166
3.32264 7.19727 -0.48871 158 158 158
3.33396 7.19447 -0.36370 163 163 163
3.35707 7.20416 -0.23989 161 161 161
3.36574 7.19548 -0.11447 161 161 161
3.37387 7.60090 0.01188 167 167 167
3.36782 7.59731 0.13733 175 175 175
3.36676 7.59511 0.26309 169 169 169
3.35096 7.59902 0.38781 174 174 174
3.33174 7.60211 0.51190 170 170 170
3.30222 7.60280 0.63397 174 174 174
3.28596 7.60480 0.75882 178 178 178
3.25445 7.59894 0.88045 177 177 177
3.21362 7.59977 0.99927 177 177 177
3.17549 7.59858 1.11892 178 178 178
3.13668 7.60318 1.23876 182 182 182
3.08757 7.60046 1.35472 175 175 175
3.02945 7.59720 1.46644 187 187 187
2.96716 7.59854 1.57572 182 182 182
2.91055 7.60058 1.68840 180 180 180
2.82733 7.59829 1.78430 183 183 183
2.76146 7.60325 1.89125 184 184 184
2.69276 7.59526 1.99695 184 184 184
2.60758 7.59947 2.08974 184 184 184
2.52726 7.60157 2.18654 182 182 182
2.43140 7.60199 2.26856 178 178 178
2.34707 7.59933 2.36192 192 192 192
2.25205 7.60152 2.44412 190 190 190
2.15288 7.59815 2.52117 191 191 191
2.05088 7.60149 2.59419 188 188 188
1.94924 7.59995 2.66764 187 187 187
1.84745 7.59981 2.74153 191 191 191
1.73696 7.59970 2.80147 184 184 184
1.62976 7.60268 2.86757 193 193 193
1.51738 7.60071 2.92434 186 186 186
1.39827 7.59836 2.96580 196 196 196
1.28023 7.59823 3.00851 189 189 189
1.16724 7.59658 3.06656 197 197 197
1.04105 7.59980 3.08368 188 188 188
0.92258 7.59715 3.12698 191 191 191
0.79777 7.60008 3.14419 198 198 198
0.67539 7.59747 3.17304 197 197 197
0.55027 7.60370 3.18495 193 193 193
0.42556 7.60100 3.19914 194 194 194
0.30025 7.59971 3.20696 190 190 190
0.17471 7.60072 3.21203 195 195 195
0.04888 7.60304 3.21448 192 192 192
-0.07655 7.59589 3.20454 191 191 191
-0.20151 7.60181 3.19053 194 194 194
-0.32627 7.60128 3.17497 191 191 191
-0.44810 7.59882 3.14297 192 192 192
-0.57123 7.60020 3.11894 196 196 196
-0.69205 7.59841 3.08519 192 192 192
-0.81308 7.59810 3.05200 196 196 196
-0.93317 7.60311 3.01493 202 202 202
-1.05781 7.59940 2.98746 187 187 187
-1.16695 7.59893 2.92216 189 189 189
-1.27849 7.59617 2.86394 198 198 198
-1.39065 7.60386 2.80704 197 197 197
-1.49903 7.59773 2.74318 190 190 190
-1.60511 7.60085 2.67556 195 195 195
-1.70818 7.60181 2.60346 186 186 186
-1.80340 7.59708 2.52110 194 194 194
-1.90434 7.59647 2.44614 191 191 191
-2.00087 7.60185 2.36541 189 189 189
-2.08619 7.60100 2.27278 187 187 187
-2.17613 7.60253 2.18497 187 187 187
-2.26281 7.59879 2.09372 185 185 185
-2.33610 7.59950 1.99124 183 183 183
-2.41267 7.59946 1.89172 181 181 181
-2.49049 7.59451 1.79271 184 184 184
-2.55901 7.60131 1.68710 181 181 181
-2.61428 7.60112 1.57379 183 183 183
-2.68211 7.59525 1.46750 189 189 189
-2.72686 7.60330 1.34952 181 181 181
-2.78319 7.59685 1.23708 181 181 181
-2.83330 7.59735 1.12159 173 173 173
-2.87636 7.59768 1.00323 177 177 177
-2.90160 7.60207 0.87948 179 179 179
-2.94249 7.60107 0.76025 183 183 183
-2.97235 7.60177 0.63786 176 176 176
-2.98321 7.59991 0.51204 172 172 172
-3.00265 7.60155 0.38794 175 175 175
-3.01887 7.59598 0.26322 170 170 170
-3.01420 7.59682 0.13717 168 168 168
-3.02765 7.59826 0.01188 169 169 169
-3.03202 7.59806 -0.11412 168 168 168
-3.01832 7.59740 -0.23942 172 172 172
-3.00285 7.60076 -0.36421 165 165 165
-2.98346 7.59895 -0.48833 164 164 164
-2.95549 7.59346 -0.61076 168 168 168
-2.93588 7.60237 -0.73491 162 162 162
-2.91178 7.59553 -0.85861 160 160 160
-2.87757 7.60506 -0.97987 162 162 162
-2.82808 7.59885 -1.09591 160 160 160
-2.78002 7.60051 -1.21201 153 153 153
-2.73536 7.59764 -1.32969 156 156 156
-2.68003 7.59935 -1.44269 156 156 156
-2.61703 7.59698 -1.55157 157 157 157
-2.55891 7.59839 -1.66329 158 158 158
-2.49508 7.59738 -1.77202 149 149 149
-2.41752 7.60236 -1.87149 153 153 153
-2.33831 7.60252 -1.96923 155 155 155
-2.25586 7.59930 -2.06403 148 148 148
-2.17391 7.60031 -2.15917 147 147 147
-2.08812 7.59923 -2.25096 149 149 149
-1.99774 7.59948 -2.33827 149 149 149
-1.90872 7.60172 -2.42751 144 144 144
-1.80438 7.59992 -2.49859 150 150 150
-1.70706 7.59600 -2.57817 146 146 146
-1.60315 7.60651 -2.64889 145 145 145
-1.48870 7.60117 -2.70256 143 143 143
-1.38814 7.60028 -2.77880 141 141 141
-1.28138 7.59602 -2.84587 143 143 143
-1.16443 7.59948 -2.89295 143 143 143
-1.05231 7.60240 -2.95042 147 147 147
-0.93081 7.60366 -2.98477 143 143 143
-0.81259 7.60231 -3.02673 141 141 141
-0.69449 7.60187 -3.07009 141 141 141
-0.57295 7.59970 -3.10236 144 144 144
-0.44973 7.60130 -3.12740 140 140 140
-0.32658 7.59841 -3.15318 137 137 137
-0.20153 7.60059 -3.16695 142 142 142
-0.07631 7.59919 -3.17764 141 141 141
0.04919 7.60435 -3.18297 131 131 131
0.17471 7.59642 -3.18548 140 140 140
0.30019 7.59649 -3.18162 137 137 137
0.42581 7.60249 -3.17858 146 146 146
0.54984 7.59989 -3.15754 138 138 138
0.67590 7.59826 -3.15252 139 139 139
0.79975 7.59832 -3.13042 139 139 139
0.92067 7.59900 -3.09524 139 139 139
1.04350 7.59782 -3.06863 139 139 139
1.16444 7.60010 -3.03418 133 133 133
1.28448 7.60056 -2.99629 140 140 140
1.39932 7.59692 -2.94458 145 145 145
1.51031 7.59951 -2.88526 141 141 141
1.62998 7.59880 -2.84426 144 144 144
1.73947 7.60144 -2.78221 141 141 141
1.84796 7.60061 -2.71862 140 140 140
1.94984 7.60162 -2.64480 137 137 137
2.05632 7.59934 -2.57793 144 144 144
2.15375 7.60111 -2.49852 140 140 140
2.25415 7.59813 -2.42283 144 144 144
2.35259 7.59719 -2.34413 150 150 150
2.43325 7.60137 -2.24666 153 153 153
2.52675 7.59891 -2.16232 153 153 153
2.61159 7.59716 -2.06942 150 150 150
2.68057 7.60066 -1.96359 150 150 150
2.75792 7.59756 -1.86493 143 143 143
2.83193 7.59687 -1.76362 156 156 156
2.90574 7.60040 -1.66170 163 163 163
2.96967 7.59854 -1.55338 152 152 152
3.03053 7.60188 -1.44324 152 152 152
3.07727 7.59551 -1.32622 147 147 147
3.13094 7.59907 -1.21263 156 156 156
3.18020 7.60525 -1.09691 158 158 158
3.21567 7.59840 -0.97619 165 165 165
3.25632 7.60183 -0.85723 154 154 154
3.28245 7.59713 -0.73423 157 157 157
3.31232 7.59791 -0.61223 162 162 162
3.32541 7.59876 -0.48715 164 164 164
3.35673 7.59770 -0.36474 164 164 164
3.36992 7.60572 -0.23959 165 165 165
3.37683 7.59957 -0.11394 176 176 176
3.39361 7.99745 0.01250 180 180 180
3.38903 7.99557 0.13845 167 167 167
3.38183 7.99825 0.26423 168 168 168
3.35973 8.00092 0.38846 167 167 167
3.34711 7.99994 0.51360 168 168 168
3.32154 7.99688 0.63674 176 176 176
3.29565 8.00321 0.75971 172 172 172
3.26801 7.99171 0.88248 180 180 180
3.23916 7.99610 1.00541 171 171 171
3.18461 7.99886 1.11975 181 181 181
3.13929 8.00086 1.23692 180 180 180
3.09091 7.99784 1.35293 178 178 178
3.03566 8.00002 1.46585 179 179 179
2.97794 8.00218 1.57758 177 177 177
2.92127 8.00205 1.69034 179 179 179
2.84989 8.00056 1.79426 180 180 180
2.76830 8.00162 1.89062 182 182 182
2.69186 7.99748 1.99010 179 179 179
2.62266 8.00249 2.09591 185 185 185
2.52804 8.00008 2.17996 190 190 190
2.44853 8.00179 2.27773 188 188 188
2.35844 8.00274 2.36556 189 189 189
2.25960 8.00093 2.44354 190 190 190
2.16512 8.00275 2.52643 189 189 189
2.06686 7.99724 2.60501 195 195 195
1.96475 7.99893 2.67865 186 186 186
1.85793 7.99837 2.74526 194 194 194
1.74499 8.00026 2.80112 187 187 187
1.63779 7.99822 2.86711 192 192 192
1.52704 7.99581 2.92731 194 194 194
1.40826 7.99903 2.96982 191 191 191
1.28821 8.00135 3.00752 196 196 196
1.17282 8.00111 3.05795 194 194 194
1.05233 8.00056 3.09388 198 198 198
0.93110 7.99832 3.12733 195 195 195
0.80943 7.99730 3.16028 198 198 198
0.68280 8.00035 3.16628 198 198 198
0.55809 8.00058 3.17914 192 192 192
0.43463 8.00376 3.20601 188 188 188
0.30915 7.99929 3.21569 193 193 193
0.18329 7.99819 3.21045 196 196 196
0.05765 7.99994 3.21025 198 198 198
-0.06752 7.99964 3.19943 191 191 191
-0.19385 8.00093 3.19893 195 195 195
-0.31730 7.99728 3.17310 190 190 190
-0.44057 7.99789 3.14884 203 203 203
-0.56256 7.99926 3.11921 195 195 195
-0.68608 8.00371 3.09508 198 198 198
-0.80471 7.99813 3.05324 187 187 187
-0.92487 7.99934 3.01631 190 190 190
-1.04219 8.00044 2.97108 194 194 194
-1.15547 7.99742 2.91649 195 195 195
-1.26875 8.00190 2.86229 188 188 188
-1.38305 7.99981 2.80940 197 197 197
-1.48998 7.99971 2.74304 195 195 195
-1.59122 7.99710 2.66824 192 192 192
-1.69708 7.99856 2.60062 197 197 197
-1.80146 7.99744 2.53015 184 184 184
-1.90108 7.99886 2.45299 191 191 191
-1.98930 8.00110 2.36280 200 200 200
-2.08269 7.99787 2.27848 189 189 189
-2.16923 8.00328 2.18715 182 182 182
-2.25389 8.00067 2.09405 184 184 184
-2.33315 8.00032 1.99630 187 187 187
-2.40822 8.00090 1.89534 192 192 192
-2.47881 8.00118 1.79126 183 183 183
-2.54962 7.99710 1.68723 184 184 184
-2.60278 8.00154 1.57278 178 178 178
-2.66799 8.00139 1.46530 185 185 185
-2.71712 7.99906 1.34961 181 181 181
-2.76982 8.00059 1.23572 170 170 170
-2.81635 8.00141 1.11913 179 179 179
-2.86372 7.99690 1.00254 179 179 179
-2.89853 7.99960 0.88166 167 167 167
-2.92861 8.00129 0.75960 171 171 171
-2.96214 8.00058 0.63816 175 175 175
-2.97624 8.00260 0.51292 167 167 167
-2.99412 8.00032 0.38857 175 175 175
-3.00308 7.99984 0.26327 167 167 167
-3.00758 7.99849 0.13787 169 169 169
-3.01902 7.99747 0.01250 168 168 168
-3.00427 8.00043 -0.11274 165 165 165
-3.00702 7.99727 -0.23858 167 167 167
-2.99641 7.99909 -0.36384 171 171 171
-2.97368 7.99881 -0.48751 148 148 148
-2.94856 7.99605 -0.61046 163 163 163
-2.93076 8.00000 -0.73512 167 167 167
-2.89863 7.99892 -0.85669 158 158 158
-2.86819 8.00039 -0.97899 163 163 163
-2.81866 7.99901 -1.09498 158 158 158
-2.77008 8.00045 -1.21083 154 154 154
-2.71338 7.99895 -1.32288 153 153 153
-2.67850 7.99808 -1.44566 154 154 154
-2.60950 7.99491 -1.55154 152 152 152
-2.54738 7.99891 -1.66086 145 145 145
-2.48522 7.99883 -1.77054 154 154 154
-2.40816 7.99895 -1.87030 147 147 147
-2.33067 7.99891 -1.96935 145 145 145
-2.24896 7.99582 -2.06484 149 149 149
-2.16687 8.00125 -2.15997 151 151 151
-2.07799 8.00172 -2.24878 145 145 145
-1.99457 7.99898 -2.34350 140 140 140
-1.89067 8.00194 -2.41580 144 144 144
-1.79443 8.00135 -2.49622 147 147 147
-1.69768 8.00053 -2.57644 145 145 145
-1.59330 7.99962 -2.64636 143 143 143
-1.49323 8.00506 -2.72333 146 146 146
-1.37767 8.00339 -2.77480 145 145 145
-1.26673 7.99870 -2.83333 133 133 133
-1.15666 8.00160 -2.89408 148 148 148
-1.04117 7.99716 -2.94362 139 139 139
-0.92176 8.00138 -2.98286 147 147 147
-0.80607 7.99907 -3.03244 142 142 142
-0.68570 8.00260 -3.06872 149 149 149
-0.56313 7.99848 -3.09656 143 143 143
-0.43984 8.00087 -3.12021 142 142 142
-0.31754 7.99981 -3.14960 140 140 140
-0.19266 8.00193 -3.16389 136 136 136
-0.06750 7.99612 -3.17413 143 143 143
0.05802 8.00530 -3.17585 144 144 144
0.18329 7.99774 -3.19181 139 139 139
0.30874 8.00111 -3.18029 142 142 142
0.43456 8.00026 -3.18018 138 138 138
0.55975 8.00053 -3.16821 144 144 144
0.68460 7.99892 -3.15262 139 139 139
0.80813 8.00540 -3.12875 150 150 150
0.92841 7.99844 -3.09116 141 141 141
1.05395 8.00024 -3.07463 137 137 137
1.17240 7.99709 -3.03166 142 142 142
1.28902 8.00034 -2.98470 136 136 136
1.40776 8.00307 -2.94363 138 138 138
1.52025 7.99877 -2.88759 146 146 146
1.63453 7.99570 -2.83571 145 145 145
1.74764 8.00045 -2.78084 143 143 143
1.85450 7.99836 -2.71466 136 136 136
1.96158 8.00092 -2.64890 138 138 138
2.06197 8.00102 -2.57327 149 149 149
2.16431 8.00238 -2.50042 144 144 144
2.25752 8.00296 -2.41611 150 150 150
2.36171 8.00006 -2.34410 146 146 146
2.44323 7.99696 -2.24743 144 144 144
2.52640 8.00186 -2.15344 147 147 147
2.61682 8.00057 -2.06593 151 151 151
2.69907 8.00129 -1.97078 147 147 147
2.78046 7.99906 -1.87445 154 154 154
2.84029 8.00195 -1.76285 147 147 147
2.91155 7.99856 -1.65938 153 153 153
2.97841 7.99494 -1.55284 166 166 166
3.03612 8.00199 -1.44109 149 149 149
3.08376 8.00334 -1.32463 156 156 156
3.13807 8.00133 -1.21141 156 156 156
3.18413 8.00077 -1.09457 162 162 162
3.22916 8.00086 -0.97716 157 157 157
3.26693 8.00203 -0.85718 160 160 160
3.29141 7.99720 -0.73369 161 161 161
3.32299 7.99835 -0.61203 166 166 166
3.33725 8.00217 -0.48704 159 159 159
3.36924 8.00030 -0.36458 166 166 166
3.36369 7.99810 -0.23780 159 159 159
3.37786 8.00071 -0.11302 171 171 171
3.39199 8.39862 0.01313 169 169 169
3.38718 8.39916 0.13867 170 170 170
3.37322 8.40115 0.26351 175 175 175
3.37480 8.39593 0.38986 168 168 168
3.35708 8.40206 0.51446 173 173 173
3.32979 8.39782 0.63732 182 182 182
3.30172 8.40133 0.75976 179 179 179
3.27284 8.39377 0.88208 177 177 177
3.22943 8.40000 1.00012 169 169 169
3.20101 8.40250 1.12329 173 173 173
3.13981 8.40236 1.23424 184 184 184
3.09653 8.40047 1.35223 179 179 179
3.04071 8.39920 1.46473 182 182 182
2.99128 8.39816 1.58092 178 178 178
2.91587 8.40468 1.68245 183 183 183
2.85967 8.40569 1.79575 190 190 190
2.78785 8.39298 1.89928 186 186 186
2.70360 8.40000 1.99329 186 186 186
2.63096 8.40564 2.09638 189 189 189
2.53816 8.39801 2.18210 183 183 183
2.45230 8.39821 2.27365 194 194 194
2.35910 8.40739 2.35772 188 188 188
2.27215 8.39977 2.44892 192 192 192
2.17421 8.40068 2.52783 187 187 187
2.07466 8.39803 2.60469 193 193 193
1.96934 8.40234 2.67344 195 195 195
1.86481 8.39941 2.74327 191 191 191
1.75413 8.39907 2.80290 189 189 189
1.64576 8.40134 2.86673 195 195 195
1.53001 8.40237 2.91597 191 191 191
1.41742 8.39733 2.97208 191 191 191
1.29676 8.39652 3.00830 193 193 193
1.17906 8.39851 3.05168 194 194 194
1.06064 8.40297 3.09388 190 190 190
0.93777 8.39806 3.12042 197 197 197
0.81585 8.40217 3.15056 192 192 192
0.69203 8.40455 3.17161 195 195 195
0.56751 8.40064 3.18771 198 198 198
0.44292 8.40183 3.20425 193 193 193
0.31737 8.39915 3.20957 195 195 195
0.19178 8.40460 3.22247 196 196 196
0.06578 8.39804 3.21992 193 193 193
-0.05922 8.40405 3.20240 193 193 193
-0.18404 8.39799 3.18843 202 202 202
-0.30894 8.39831 3.17453 200 200 200
-0.43088 8.39988 3.14345 193 193 193
-0.55449 8.40061 3.12154 194 194 194
-0.67836 8.39960 3.09840 200 200 200
-0.79828 8.40266 3.06020 191 191 191
-0.91504 8.39680 3.01328 188 188 188
-1.03329 8.39818 2.97069 193 193 193
-1.14876 8.40354 2.92097 198 198 198
-1.26348 8.39711 2.86923 194 194 194
-1.37175 8.40101 2.80501 190 190 190
-1.47992 8.39775 2.74109 196 196 196
-1.59470 8.40047 2.68678 187 187 187
-1.69213 8.40183 2.60611 184 184 184
-1.78808 8.39791 2.52457 185 185 185
-1.88818 8.40179 2.44844 190 190 190
-1.97700 8.40281 2.35929 180 180 180
-2.07112 8.39856 2.27603 186 186 186
-2.15986 8.39905 2.18695 180 180 180
-2.24443 8.39815 2.09384 185 185 185
-2.31041 8.40615 1.98569 192 192 192
-2.38740 8.39781 1.88701 191 191 191
-2.47231 8.39899 1.79321 187 187 187
-2.54008 8.39694 1.68721 179 179 179
-2.60511 8.39942 1.57946 185 185 185
-2.66063 8.39918 1.46650 189 189 189
-2.71577 8.40353 1.35352 185 185 185
-2.76489 8.40461 1.23782 179 179 179
-2.80897 8.39664 1.12016 175 175 175
-2.84861 8.39849 1.00101 174 174 174
-2.89243 8.40207 0.88296 174 174 174
-2.91776 8.39850 0.75966 175 175 175
-2.94953 8.40327 0.63797 172 172 172
-2.96660 8.40019 0.51336 169 169 169
-2.98108 8.40083 0.38866 167 167 167
-2.98840 8.39887 0.26341 176 176 176
-3.00815 8.39902 0.13885 172 172 172
-3.00436 8.40022 0.01313 166 166 166
-3.00511 8.40103 -0.11248 170 170 170
-2.98965 8.39807 -0.23726 159 159 159
-2.98969 8.40085 -0.36343 154 154 154
-2.97401 8.40123 -0.48829 161 161 161
-2.94687 8.40219 -0.61119 163 163 163
-2.92121 8.39816 -0.73424 162 162 162
-2.89284 8.40225 -0.85683 159 159 159
-2.85553 8.39663 -0.97701 159 159 159
-2.79929 8.40042 -1.09034 158 158 158
-2.77041 8.40223 -1.21385 154 154 154
-2.71135 8.40097 -1.32524 154 154 154
-2.66512 8.40322 -1.44254 160 160 160
-2.60316 8.39741 -1.55212 155 155 155
-2.53681 8.39986 -1.65895 155 155 155
-2.47231 8.40361 -1.76696 145 145 145
-2.39522 8.40090 -1.86644 150 150 150
-2.31858 8.40023 -1.96588 145 145 145
-2.25241 8.40026 -2.07440 146 146 146
-2.15959 8.40114 -2.16045 149 149 149
-2.07269 8.39925 -2.25134 139 139 139
-1.98313 8.39929 -2.33967 143 143 143
-1.88986 8.40102 -2.42416 149 149 149
-1.78832 8.39909 -2.49861 145 145 145
-1.69244 8.40067 -2.58028 147 147 147
-1.58790 8.40001 -2.65035 147 147 147
-1.48175 8.39955 -2.71782 141 141 141
-1.36653 8.40330 -2.76943 140 140 140
-1.25905 8.39602 -2.83429 141 141 141
-1.14746 8.39840 -2.89190 149 149 149
-1.03362 8.39785 -2.94524 139 139 139
-0.91365 8.39895 -2.98327 142 142 142
-0.79681 8.40084 -3.02944 145 145 145
-0.67655 8.40201 -3.06572 139 139 139
-0.55575 8.40100 -3.10054 142 142 142
-0.43254 8.39996 -3.12551 144 144 144
-0.30840 8.39987 -3.14486 136 136 136
-0.18399 8.40265 -3.16171 136 136 136
-0.05913 8.40133 -3.17499 133 133 133
0.06590 8.39733 -3.19076 147 147 147
0.19178 8.39700 -3.17826 143 143 143
0.31745 8.39903 -3.18544 145 145 145
0.44292 8.39943 -3.17801 135 135 135
0.56796 8.40034 -3.16520 142 142 142
0.69358 8.40488 -3.15512 135 135 135
0.81616 8.40081 -3.12586 143 143 143
0.93866 8.40246 -3.09785 144 144 144
1.05888 8.40055 -3.06140 149 149 149
1.17987 8.40219 -3.02793 140 140 140
1.29801 8.39571 -2.98545 143 143 143
1.41558 8.39746 -2.94141 138 138 138
1.53138 8.40043 -2.89269 143 143 143
1.64579 8.39564 -2.84053 140 140 140
1.75491 8.39991 -2.77806 142 142 142
1.86402 8.39611 -2.71573 141 141 141
1.96766 8.40094 -2.64467 147 147 147
2.07407 8.40048 -2.57764 142 142 142
2.17243 8.39410 -2.49932 138 138 138
2.27505 8.40053 -2.42608 145 145 145
2.36575 8.39837 -2.33867 145 145 145
2.45071 8.39788 -2.24581 146 146 146
2.54436 8.40475 -2.16158 155 155 155
2.62043 8.40299 -2.06114 150 150 150
2.70577 8.40052 -1.96875 151 151 151
2.77330 8.39991 -1.86246 155 155 155
2.85697 8.39862 -1.76770 148 148 148
2.92218 8.39982 -1.66007 151 151 151
2.97896 8.39888 -1.54777 157 157 157
3.03809 8.40026 -1.43714 159 159 159
3.10125 8.39725 -1.32816 156 156 156
3.14725 8.40303 -1.21107 155 155 155
3.19160 8.40082 -1.09357 155 155 155
3.22827 8.39704 -0.97349 153 153 153
3.27788 8.39793 -0.85725 157 157 157
3.30700 8.39947 -0.73477 157 157 157
3.33828 8.39796 -0.61275 164 164 164
3.34713 8.39755 -0.48663 159 159 159
3.37754 8.40341 -0.36393 166 166 166
3.37274 8.40188 -0.23722 168 168 168
3.39377 8.39955 -0.11268 169 169 169
3.40264 8.79966 0.01375 175 175 175
3.39536 8.80381 0.13929 170 170 170
3.39021 8.80047 0.26481 172 172 172
3.36807 8.80142 0.38870 174 174 174
3.36238 8.80067 0.51460 170 170 170
3.33958 8.79907 0.63822 169 169 169
3.31464 8.79838 0.76147 174 174 174
3.28028 8.79799 0.88243 186 186 186
3.24560 8.79659 1.00327 177 177 177
3.20331 8.80244 1.12167 172 172 172
3.15256 8.80063 1.23667 174 174 174
3.10671 8.80187 1.35368 176 176 176
3.04980 8.80199 1.46571 179 179 179
2.99460 8.80184 1.57871 179 179 179
2.92704 8.80527 1.68478 175 175 175
2.85330 8.80046 1.78652 179 179 179
2.79364 8.79974 1.89802 187 187 187
2.71065 8.80288 1.99285 184 184 184
2.63542 8.79992 2.09365 181 181 181
2.54595 8.79839 2.18217 182 182 182
2.46359 8.79795 2.27718 185 185 185
2.37553 8.79803 2.36704 187 187 187
2.27709 8.80147 2.44552 187 187 187
2.18440 8.79959 2.53074 182 182 182
2.08351 8.79803 2.60596 187 187 187
1.98014 8.79807 2.67766 191 191 191
1.87696 8.79745 2.75003 190 190 190
1.76473 8.79957 2.80748 195 195 195
1.65192 8.80093 2.86297 197 197 197
1.54191 8.80231 2.92422 189 189 189
1.42594 8.79530 2.97303 196 196 196
1.30892 8.79820 3.01917 196 196 196
1.19143 8.80433 3.06455 197 197 197
1.06565 8.80270 3.08251 196 196 196
0.94749 8.79907 3.12657 193 193 193
0.82522 8.80095 3.15610 201 201 201
0.70289 8.80287 3.18785 204 204 204
0.57630 8.80206 3.19170 194 194 194
0.45129 8.79879 3.20463 195 195 195
0.32560 8.80021 3.20640 194 194 194
0.20017 8.79969 3.22011 194 194 194
0.07403 8.79847 3.22414 191 191 191
-0.05113 8.79888 3.20675 192 192 192
-0.17496 8.80280 3.18318 195 195 195
-0.30043 8.79928 3.17441 192 192 192
-0.42522 8.79973 3.15779 198 198 198
-0.54735 8.79666 3.12739 197 197 197
-0.66738 8.79928 3.08984 189 189 189
-0.78967 8.79867 3.06015 190 190 190
-0.90834 8.79672 3.01848 202 202 202
-1.02424 8.80061 2.96974 187 187 187
-1.14094 8.80038 2.92283 192 192 192
-1.24992 8.79932 2.85971 199 199 199
-1.36388 8.80044 2.80656 199 199 199
-1.47350 8.79672 2.74492 193 193 193
-1.57769 8.80441 2.67449 186 186 186
-1.67849 8.80051 2.59950 189 189 189
-1.78593 8.80147 2.53310 189 189 189
-1.87604 8.79879 2.44467 186 186 186
-1.97550 8.80132 2.36737 190 190 190
-2.05794 8.80266 2.27186 189 189 189
-2.15388 8.79856 2.18981 191 191 191
-2.22808 8.79942 2.08767 189 189 189
-2.30871 8.80219 1.99159 186 186 186
-2.38923 8.79631 1.89505 188 188 188
-2.46205 8.79740 1.79259 185 185 185
-2.52137 8.80011 1.68151 186 186 186
-2.58574 8.80076 1.57393 185 185 185
-2.65600 8.80217 1.46904 187 187 187
-2.70521 8.79908 1.35315 177 177 177
-2.74980 8.80131 1.23567 172 172 172
-2.80329 8.80020 1.12178 169 169 169
-2.83703 8.79635 1.00060 174 174 174
-2.87815 8.79988 0.88192 176 176 176
-2.90926 8.80074 0.76026 174 174 174
-2.93884 8.79624 0.63814 174 174 174
-2.96481 8.80054 0.51503 170 170 170
-2.97219 8.79990 0.38922 166 166 166
-2.99026 8.80300 0.26484 166 166 166
-3.00055 8.80175 0.13951 169 169 169
-3.00266 8.80282 0.01375 169 169 169
-3.00475 8.80270 -0.11217 168 168 168
-2.98581 8.80016 -0.23699 165 165 165
-2.97378 8.79872 -0.36191 162 162 162
-2.95918 8.80229 -0.48664 160 160 160
-2.94422 8.80303 -0.61171 168 168 168
-2.91269 8.79945 -0.73358 161 161 161
-2.88523 8.80300 -0.85642 159 159 159
-2.84512 8.79706 -0.97572 161 161 161
-2.80858 8.79933 -1.09624 158 158 158
-2.75643 8.79715 -1.21091 161 161 161
-2.70480 8.80091 -1.32546 158 158 158
-2.65298 8.79744 -1.44000 152 152 152
-2.59581 8.80019 -1.55207 155 155 155
-2.52763 8.80146 -1.65784 152 152 152
-2.46516 8.79949 -1.76716 154 154 154
-2.38985 8.80153 -1.86801 153 153 153
-2.32340 8.79633 -1.97567 149 149 149
-2.22784 8.80242 -2.05996 151 151 151
-2.14781 8.79768 -2.15669 141 141 141
-2.05870 8.80022 -2.24511 143 143 143
-1.96867 8.79947 -2.33248 145 145 145
-1.87968 8.79862 -2.42144 141 141 141
-1.77957 8.79799 -2.49753 145 145 145
-1.67836 8.80288 -2.57182 149 149 149
-1.57877 8.80497 -2.64861 146 146 146
-1.46776 8.80024 -2.70806 148 148 148
-1.36566 8.80046 -2.78223 141 141 141
-1.25666 8.80438 -2.84543 135 135 135
-1.13836 8.79970 -2.88973 141 141 141
-1.02548 8.79984 -2.94522 135 135 135
-0.90852 8.79802 -2.99147 141 141 141
-0.78747 8.80211 -3.02589 141 141 141
-0.66766 8.79662 -3.06332 134 134 134
-0.54699 8.80323 -3.09838 139 139 139
-0.42261 8.79968 -3.11713 142 142 142
-0.30081 8.80092 -3.14927 140 140 140
-0.17648 8.80020 -3.16848 134 134 134
-0.05129 8.79894 -3.18126 140 140 140
0.07462 8.79943 -3.18169 130 130 130
0.20017 8.80080 -3.18953 144 144 144
0.32578 8.80096 -3.18343 141 141 141
0.45147 8.80219 -3.17936 143 143 143
0.57629 8.80076 -3.16410 137 137 137
0.70121 8.80596 -3.14971 144 144 144
0.82290 8.79735 -3.11695 142 142 142
0.94619 8.79943 -3.09367 142 142 142
1.07068 8.79966 -3.07286 135 135 135
1.18752 8.80232 -3.02501 138 138 138
1.30989 8.79704 -2.99430 151 151 151
1.42426 8.80066 -2.94148 148 148 148
1.53720 8.79797 -2.88650 140 140 140
1.65155 8.80494 -2.83476 144 144 144
1.76482 8.80053 -2.78015 145 145 145
1.87265 8.79858 -2.71550 140 140 140
1.97929 8.80191 -2.64890 144 144 144
2.08123 8.80360 -2.57531 149 149 149
2.19187 8.80069 -2.51272 146 146 146
2.27988 8.79798 -2.42129 154 154 154
2.37218 8.80179 -2.33592 149 149 149
2.46862 8.79994 -2.25470 152 152 152
2.54650 8.80217 -2.15518 149 149 149
2.63715 8.80531 -2.06763 152 152 152
2.70799 8.80454 -1.96326 158 158 158
2.78848 8.80223 -1.86677 152 152 152
2.86485 8.79679 -1.76673 143 143 143
2.92495 8.80009 -1.65600 159 159 159
2.99496 8.79791 -1.55141 153 153 153
3.04432 8.80422 -1.43542 151 151 151
3.10575 8.80093 -1.32574 156 156 156
3.15909 8.79991 -1.21188 148 148 148
3.19757 8.79943 -1.09205 154 154 154
3.24229 8.80467 -0.97470 158 158 158
3.27671 8.79903 -0.85393 165 165 165
3.30735 8.79787 -0.73222 158 158 158
3.33729 8.80168 -0.61026 159 159 159
3.35841 8.79834 -0.48647 163 163 163
3.36567 8.79821 -0.36091 163 163 163
3.38632 8.79752 -0.23701 165 165 165
3.40033 8.79825 -0.11198 163 163 163
3.41296 9.20548 0.01437 163 163 163
3.40499 9.19884 0.13997 163 163 163
3.39087 9.19992 0.26484 167 167 167
3.38895 9.20026 0.39081 175 175 175
3.36510 9.20007 0.51434 172 172 172
3.33796 9.20583 0.63687 172 172 172
3.31644 9.19810 0.76054 173 173 173
3.29173 9.20028 0.88395 175 175 175
3.25109 9.19881 1.00299 167 167 167
3.21305 9.19919 1.12283 184 184 184
3.16659 9.20115 1.23967 186 186 186
3.11617 9.20410 1.35485 184 184 184
3.06425 9.20259 1.46948 186 186 186
3.00410 9.19884 1.58002 178 178 178
2.93319 9.20010 1.68410 184 184 184
2.87142 9.19475 1.79372 180 180 180
2.79491 9.20203 1.89355 182 182 182
2.72725 9.19964 2.00003 181 181 181
2.64081 9.19610 2.09181 185 185 185
2.56151 9.19584 2.18952 180 180 180
2.47692 9.19628 2.28285 184 184 184
2.38500 9.20238 2.36895 189 189 189
2.28780 9.19683 2.44898 190 190 190
2.19283 9.20288 2.53154 191 191 191
2.08861 9.20123 2.60220 194 194 194
1.97643 9.20371 2.66035 200 200 200
1.88050 9.19889 2.74291 190 190 190
1.77029 9.19926 2.80324 195 195 195
1.65947 9.20377 2.86216 196 196 196
1.54432 9.19597 2.91211 201 201 201
1.43265 9.20037 2.96986 192 192 192
1.31715 9.20505 3.01964 193 193 193
1.19744 9.19683 3.05817 198 198 198
1.07747 9.19674 3.09567 194 194 194
0.95398 9.19865 3.11972 190 190 190
0.83117 9.19928 3.14498 193 193 193
0.71002 9.20013 3.18116 197 197 197
0.58421 9.20155 3.18912 194 194 194
0.45929 9.19939 3.20163 193 193 193
0.33395 9.19871 3.20853 196 196 196
0.20845 9.20195 3.21597 191 191 191
0.08273 9.19854 3.21430 190 190 190
-0.04251 9.19662 3.20308 192 192 192
-0.16867 9.20271 3.20063 195 195 195
-0.29023 9.20064 3.16292 198 198 198
-0.41637 9.20022 3.15554 191 191 191
-0.53817 9.19880 3.12428 197 197 197
-0.65878 9.19951 3.08936 191 191 191
-0.78062 9.19312 3.05843 190 190 190
-0.89918 9.19887 3.01674 192 192 192
-1.01699 9.20208 2.97284 193 193 193
-1.13546 9.19879 2.92955 189 189 189
-1.24165 9.19927 2.86037 190 190 190
-1.35424 9.19866 2.80476 193 193 193
-1.46563 9.19713 2.74622 192 192 192
-1.56873 9.19914 2.67412 194 194 194
-1.67187 9.20135 2.60241 197 197 197
-1.77292 9.19800 2.52773 196 196 196
-1.87310 9.20036 2.45156 191 191 191
-1.96061 9.20276 2.36085 191 191 191
-2.05268 9.20214 2.27551 189 189 189
-2.12967 9.20072 2.17571 186 186 186
-2.22769 9.20038 2.09503 187 187 187
-2.30931 9.19932 1.99922 181 181 181
-2.38393 9.20182 1.89785 189 189 189
-2.45629 9.20178 1.79490 189 189 189
-2.52233 9.20060 1.68780 183 183 183
-2.58789 9.20184 1.58040 190 190 190
-2.64008 9.20122 1.46577 181 181 181
-2.70831 9.20418 1.35902 184 184 184
-2.74941 9.19893 1.23956 176 176 176
-2.80359 9.20081 1.12557 175 175 175
-2.82862 9.19811 1.00118 180 180 180
-2.86077 9.20152 0.87998 180 180 180
-2.90561 9.19792 0.76199 172 172 172
-2.93101 9.20452 0.63885 166 166 166
-2.93856 9.20364 0.51281 171 171 171
-2.96663 9.20012 0.39017 172 172 172
-2.98442 9.20027 0.26566 174 174 174
-2.99575 9.20152 0.14027 176 176 176
-2.98962 9.20082 0.01438 163 163 163
-2.98618 9.20109 -0.11114 168 168 168
-2.98650 9.19826 -0.23707 164 164 164
-2.96908 9.20108 -0.36171 162 162 162
-2.95035 9.20290 -0.48593 163 163 163
-2.93379 9.19609 -0.61065 158 158 158
-2.89822 9.20717 -0.73147 165 165 165
-2.87665 9.19925 -0.85571 165 165 165
-2.83252 9.19602 -0.97370 157 157 157
-2.79391 9.20174 -1.09325 167 167 167
-2.75220 9.19926 -1.21197 154 154 154
-2.69058 9.20066 -1.32209 157 157 157
-2.64267 9.20314 -1.43835 157 157 157
-2.58369 9.19844 -1.54930 158 158 158
-2.52237 9.20236 -1.65907 155 155 155
-2.45135 9.20372 -1.76285 153 153 153
-2.37993 9.20148 -1.86619 153 153 153
-2.31409 9.20101 -1.97424 152 152 152
-2.22109 9.20026 -2.06065 150 150 150
-2.14260 9.20003 -2.15892 148 148 148
-2.05373 9.20081 -2.24781 146 146 146
-1.96743 9.19880 -2.33948 148 148 148
-1.86600 9.19787 -2.41450 141 141 141
-1.76765 9.19919 -2.49230 146 146 146
-1.67201 9.20483 -2.57386 146 146 146
-1.56602 9.19827 -2.64131 144 144 144
-1.46273 9.19888 -2.71274 139 139 139
-1.35583 9.20082 -2.77885 145 145 145
-1.24449 9.20322 -2.83718 143 143 143
-1.13118 9.19910 -2.89150 145 145 145
-1.01826 9.19915 -2.94716 134 134 134
-0.89880 9.20199 -2.98695 142 142 142
-0.77820 9.19828 -3.02223 138 138 138
-0.65923 9.20285 -3.06220 141 141 141
-0.53844 9.20248 -3.09666 149 149 149
-0.41615 9.20118 -3.12569 139 139 139
-0.29375 9.19779 -3.15638 134 134 134
-0.16744 9.19885 -3.16148 141 141 141
-0.04357 9.19864 -3.18781 137 137 137
0.08273 9.20273 -3.18540 140 140 140
0.20845 9.19842 -3.18244 140 140 140
0.33400 9.20013 -3.18119 133 133 133
0.45858 9.20029 -3.16382 135 135 135
0.58434 9.20458 -3.16151 144 144 144
0.70866 9.19644 -3.14381 144 144 144
0.83374 9.20360 -3.12916 142 142 142
0.95573 9.19990 -3.09829 143 143 143
1.07501 9.20490 -3.05820 141 141 141
1.19925 9.19811 -3.03500 139 139 139
1.31770 9.20470 -2.99237 134 134 134
1.43390 9.19546 -2.94412 145 145 145
1.54511 9.20140 -2.88506 139 139 139
1.66196 9.20409 -2.83830 145 145 145
1.76993 9.20283 -2.77384 144 144 144
1.88259 9.20080 -2.71757 148 148 148
1.98751 9.20200 -2.64817 144 144 144
2.08904 9.20398 -2.57403 140 140 140
2.19252 9.20041 -2.50241 146 146 146
2.29042 9.20193 -2.42330 151 151 151
2.38145 9.19809 -2.33637 144 144 144
2.47162 9.19943 -2.24879 142 142 142
2.56024 9.20023 -2.15960 151 151 151
2.63918 9.20373 -2.06167 147 147 147
2.72176 9.19995 -1.96696 149 149 149
2.79196 9.19969 -1.86266 151 151 151
2.87078 9.20099 -1.76454 154 154 154
2.93263 9.19599 -1.65501 149 149 149
2.99852 9.20220 -1.54814 156 156 156
3.05317 9.19977 -1.43508 161 161 161
3.11473 9.20630 -1.32544 152 152 152
3.16580 9.20195 -1.21060 156 156 156
3.20548 9.19789 -1.09129 157 157 157
3.25221 9.20107 -0.97460 163 163 163
3.28766 9.20037 -0.85405 162 162 162
3.33206 9.19909 -0.73554 158 158 158
3.34621 9.19767 -0.60976 163 163 163
3.37344 9.20136 -0.48691 162 162 162
3.37913 9.20084 -0.36090 164 164 164
3.40325 9.20041 -0.23706 164 164 164
3.40549 9.19801 -0.11124 165 165 165
3.41151 9.60152 0.01500 164 164 164
3.41713 9.60111 0.14075 175 175 175
3.40455 9.59764 0.26589 172 172 172
3.38762 9.60244 0.39031 172 172 172
3.38482 9.59992 0.51679 172 172 172
3.35266 9.60166 0.63880 172 172 172
3.32673 9.60381 0.76167 167 167 167
3.30272 9.59971 0.88537 182 182 182
3.25196 9.60004 1.00124 172 172 172
3.21851 9.60209 1.12245 183 183 183
3.17501 9.59902 1.24040 182 182 182
3.12005 9.59947 1.35350 177 177 177
3.07311 9.59793 1.47045 181 181 181
3.00676 9.59817 1.57755 183 183 183
2.93945 9.60342 1.68354 182 182 182
2.87705 9.59800 1.79264 179 179 179
2.80902 9.59882 1.89848 182 182 182
2.73090 9.59754 1.99709 186 186 186
2.65152 9.59888 2.09459 186 186 186
2.56474 9.60046 2.18557 181 181 181
2.47821 9.60228 2.27658 188 188 188
2.39269 9.60089 2.36905 192 192 192
2.29683 9.60121 2.45060 188 188 188
2.19634 9.60025 2.52625 192 192 192
2.10567 9.59519 2.61504 192 192 192
1.99223 9.60014 2.67237 195 195 195
1.89023 9.60307 2.74607 189 189 189
1.78198 9.60075 2.81014 191 191 191
1.67113 9.60399 2.86961 191 191 191
1.55442 9.60043 2.91690 195 195 195
1.44324 9.60137 2.97631 183 183 183
1.32246 9.60495 3.01249 192 192 192
1.20767 9.59921 3.06511 201 201 201
1.08296 9.59876 3.08677 191 191 191
0.96477 9.59872 3.13122 193 193 193
0.84217 9.59809 3.15983 196 196 196
0.71626 9.60010 3.16955 199 199 199
0.59294 9.59931 3.19446 189 189 189
0.46769 9.59843 3.20499 199 199 199
0.34237 9.60025 3.21520 194 194 194
0.21663 9.60089 3.21836 192 192 192
0.09086 9.59832 3.21616 188 188 188
-0.03438 9.59891 3.20433 196 196 196
-0.15995 9.59994 3.19672 199 199 199
-0.28477 9.59972 3.18071 196 196 196
-0.40809 9.60255 3.15569 188 188 188
-0.53015 9.60200 3.12557 195 195 195
-0.65338 9.60350 3.09983 194 194 194
-0.77301 9.59869 3.06080 195 195 195
-0.89147 9.60123 3.01863 188 188 188
-1.00468 9.59703 2.96350 197 197 197
-1.12610 9.59944 2.92760 188 188 188
-1.23595 9.60136 2.86584 195 195 195
-1.34533 9.59909 2.80408 193 193 193
-1.45413 9.59879 2.74144 197 197 197
-1.56128 9.59787 2.67584 184 184 184
-1.65671 9.60215 2.59343 183 183 183
-1.76594 9.59936 2.52988 193 193 193
-1.86504 9.60233 2.45232 190 190 190
-1.96087 9.59507 2.37060 177 177 177
-2.04615 9.59766 2.27778 186 186 186
-2.13583 9.59593 2.18959 186 186 186
-2.21700 9.59840 2.09352 185 185 185
-2.30038 9.59987 1.99925 187 187 187
-2.37438 9.60119 1.89748 189 189 189
-2.44080 9.60167 1.79064 185 185 185
-2.51375 9.60331 1.68818 193 193 193
-2.57245 9.59672 1.57696 176 176 176
-2.63711 9.59825 1.46905 180 180 180
-2.69136 9.60330 1.35560 181 181 181
-2.74228 9.59524 1.24062 185 185 185
-2.79060 9.59891 1.12443 180 180 180
-2.82964 9.59746 1.00479 175 175 175
-2.86728 9.60194 0.88475 169 169 169
-2.89448 9.60071 0.76191 174 174 174
-2.92257 9.59575 0.63943 180 180 180
-2.95183 9.59921 0.51684 178 178 178
-2.96119 9.60094 0.39112 172 172 172
-2.97592 9.59634 0.26626 173 173 173
-2.98140 9.59985 0.14065 163 163 163
-2.98166 9.59856 0.01500 171 171 171
-2.98329 9.60020 -0.11073 158 158 158
-2.96792 9.60086 -0.23563 166 166 166
-2.96290 9.59803 -0.36132 166 166 166
-2.94457 9.60136 -0.48569 163 163 163
-2.92445 9.60063 -0.60980 160 160 160
-2.90001 9.59569 -0.73324 160 160 160
-2.86728 9.60176 -0.85475 161 161 161
-2.82233 9.60139 -0.97242 157 157 157
-2.78114 9.60054 -1.09094 151 151 151
-2.74617 9.60130 -1.21223 157 157 157
-2.68879 9.59893 -1.32442 157 157 157
-2.63617 9.59515 -1.43858 151 151 151
-2.56856 9.60323 -1.54478 155 155 155
-2.50851 9.60045 -1.65497 153 153 153
-2.44832 9.59926 -1.76566 156 156 156
-2.37821 9.59827 -1.87026 154 154 154
-2.29906 9.59806 -1.96821 154 154 154
-2.21212 9.59937 -2.05935 152 152 152
-2.13491 9.59244 -2.15874 148 148 148
-2.04784 9.60102 -2.24947 152 152 152
-1.95636 9.60078 -2.33573 154 154 154
-1.86105 9.59746 -2.41765 145 145 145
-1.75980 9.59985 -2.49209 143 143 143
-1.66890 9.60008 -2.58022 147 147 147
-1.56336 9.59996 -2.64895 144 144 144
-1.44995 9.60030 -2.70461 143 143 143
-1.34715 9.60461 -2.77734 150 150 150
-1.23513 9.59747 -2.83424 137 137 137
-1.12324 9.60115 -2.89140 141 141 141
-1.00834 9.59704 -2.94233 141 141 141
-0.89254 9.59981 -2.99154 137 137 137
-0.77277 9.59905 -3.03006 136 136 136
-0.65206 9.60057 -3.06515 143 143 143
-0.53036 9.60337 -3.09642 143 143 143
-0.40787 9.59981 -3.12458 140 140 140
-0.28388 9.60238 -3.14512 138 138 138
-0.15889 9.60257 -3.15773 140 140 140
-0.03394 9.60103 -3.16877 135 135 135
0.09096 9.60271 -3.18362 139 139 139
0.21663 9.59971 -3.18853 128 128 128
0.34267 9.59884 -3.19302 141 141 141
0.46775 9.60247 -3.17573 139 139 139
0.59237 9.59987 -3.15960 144 144 144
0.71750 9.60137 -3.14739 147 147 147
0.84167 9.60028 -3.12731 142 142 142
0.96173 9.60010 -3.08857 141 141 141
1.08266 9.59337 -3.05572 142 142 142
1.20490 9.60097 -3.02660 144 144 144
1.32254 9.60263 -2.98270 143 143 143
1.44543 9.60201 -2.95159 146 146 146
1.55673 9.59887 -2.89191 136 136 136
1.66645 9.60012 -2.83044 142 142 142
1.78365 9.60068 -2.78312 141 141 141
1.89162 9.60048 -2.71833 137 137 137
1.99840 9.60186 -2.65160 143 143 143
2.09287 9.59492 -2.56742 145 145 145
2.20153 9.60298 -2.50283 150 150 150
2.29834 9.59950 -2.42237 144 144 144
2.38512 9.60273 -2.33086 146 146 146
2.47940 9.60044 -2.24777 151 151 151
2.57015 9.60294 -2.16058 145 145 145
2.64409 9.60039 -2.05825 150 150 150
2.73526 9.60310 -1.97053 152 152 152
2.79752 9.59851 -1.86012 149 149 149
2.87366 9.60059 -1.76037 155 155 155
2.95560 9.60320 -1.66344 155 155 155
3.01330 9.60002 -1.55121 151 151 151
3.06939 9.60419 -1.43855 151 151 151
3.12208 9.60191 -1.32443 144 144 144
3.17043 9.60246 -1.20851 156 156 156
3.21817 9.59925 -1.09233 158 158 158
3.26194 9.59800 -0.97448 162 162 162
3.29649 9.59344 -0.85361 163 163 163
3.33317 9.59809 -0.73321 166 166 166
3.35224 9.59552 -0.60871 164 164 164
3.38057 9.59452 -0.48612 160 160 160
3.40009 9.59940 -0.36179 169 169 169
3.40613 9.60962 -0.23602 167 167 167
3.41227 9.59791 -0.11056 169 169 169
3.42621 9.99935 0.01562 158 158 158
3.41433 10.00143 0.14095 167 167 167
3.41891 9.99439 0.26701 178 178 178
3.40840 9.99903 0.39244 173 173 173
3.39237 9.99971 0.51734 175 175 175
3.35812 10.00087 0.63890 171 171 171
3.33790 9.99936 0.76304 174 174 174
3.30615 9.99717 0.88468 180 180 180
3.27025 10.00309 1.00519 171 171 171
3.21395 9.99827 1.11842 178 178 178
3.18243 10.00013 1.24076 179 179 179
3.13023 10.00290 1.35509 186 186 186
3.07959 10.00003 1.47026 187 187 187
3.01753 10.00081 1.57968 188 188 188
2.94877 9.99746 1.68494 175 175 175
2.88921 10.00409 1.79600 183 183 183
2.81080 9.99974 1.89454 183 183 183
2.73742 9.99718 1.99649 183 183 183
2.66215 9.99713 2.09741 185 185 185
2.57433 10.00231 2.18761 185 185 185
2.48643 10.00012 2.27735 184 184 184
2.39403 9.99488 2.36240 190 190 190
2.30764 10.00316 2.45443 181 181 181
2.20582 10.00227 2.52867 191 191 191
2.10556 10.00171 2.60441 190 190 190
2.00391 10.00055 2.67840 186 186 186
1.89560 10.00271 2.74229 196 196 196
1.78617 9.99695 2.80383 193 193 193
1.68039 10.00161 2.87258 196 196 196
1.56603 10.00163 2.92520 191 191 191
1.44600 10.00279 2.96411 199 199 199
1.33179 9.99892 3.01653 196 196 196
1.21570 9.99973 3.06562 195 195 195
1.09355 10.00194 3.09635 197 197 197
0.96974 9.99467 3.11894 201 201 201
0.84933 9.99742 3.15585 194 194 194
0.72415 9.99914 3.16903 198 198 198
0.60056 10.00164 3.19122 195 195 195
0.47593 10.00091 3.20781 196 196 196
0.35039 9.99604 3.21475 196 196 196
0.22470 10.00152 3.20992 196 196 196
0.09916 10.00137 3.21085 194 194 194
-0.02711 10.00110 3.21516 198 198 198
-0.15209 10.00126 3.19913 196 196 196
-0.27750 10.00713 3.18642 194 194 194
-0.39967 10.00433 3.15455 200 200 200
-0.52312 10.00021 3.13052 199 199 199
-0.64596 9.99736 3.10274 194 194 194
-0.76297 9.99787 3.05537 197 197 197
-0.88208 10.00068 3.01569 198 198 198
-1.00074 10.00247 2.97409 191 191 191
-1.11070 10.00119 2.91233 196 196 196
-1.22917 9.99986 2.86901 195 195 195
-1.33648 9.99911 2.80332 189 189 189
-1.44267 10.00052 2.73652 183 183 183
-1.55123 10.00045 2.67348 188 188 188
-1.65845 10.00326 2.60756 193 193 193
-1.74770 10.00443 2.51760 184 184 184
-1.85027 10.00271 2.44510 188 188 188
-1.94759 10.00086 2.36559 183 183 183
-2.03301 10.00034 2.27334 184 184 184
-2.13184 9.99850 2.19399 190 190 190
-2.20939 10.00678 2.09454 186 186 186
-2.28909 10.00004 1.99733 190 190 190
-2.36178 9.99928 1.89481 191 191 191
-2.44088 10.00102 1.79671 186 186 186
-2.51174 10.00230 1.69252 179 179 179
-2.57258 9.99749 1.58217 181 181 181
-2.62888 9.99788 1.46960 175 175 175
-2.68521 10.00017 1.35711 177 177 177
-2.74396 10.00291 1.24528 182 182 182
-2.77303 9.99996 1.12154 180 180 180
-2.82209 10.00285 1.00559 180 180 180
-2.86282 9.99967 0.88639 183 183 183
-2.88010 9.99876 0.76102 172 172 172
-2.91662 10.00305 0.64047 177 177 177
-2.93419 10.00026 0.51594 174 174 174
-2.95590 10.00106 0.39207 176 176 176
-2.96761 10.00001 0.26686 167 167 167
-2.96737 10.00023 0.14104 161 161 161
-2.96657 9.99782 0.01563 166 166 166
-2.96973 9.99437 -0.10988 168 168 168
-2.95092 9.99631 -0.23430 167 167 167
-2.95615 9.99671 -0.36085 156 156 156
-2.93490 10.00003 -0.48481 167 167 167
-2.92254 9.99760 -0.61040 160 160 160
-2.89171 10.00209 -0.73256 164 164 164
-2.84808 10.00398 -0.85099 161 161 161
-2.80717 9.99817 -0.96949 154 154 154
-2.78632 9.99621 -1.09520 157 157 157
-2.72830 9.99890 -1.20755 154 154 154
-2.68649 9.99917 -1.32645 164 164 164
-2.63105 9.99729 -1.43945 153 153 153
-2.56286 9.99516 -1.54548 154 154 154
-2.50327 9.99591 -1.65608 152 152 152
-2.43869 10.00001 -1.76399 146 146 146
-2.36728 10.00322 -1.86755 150 150 150
-2.28086 10.00232 -1.95960 149 149 149
-2.20625 10.00019 -2.06060 154 154 154
-2.12947 10.00236 -2.16054 152 152 152
-2.04210 10.00362 -2.25117 147 147 147
-1.94558 9.99931 -2.33217 149 149 149
-1.85379 10.00266 -2.41797 148 148 148
-1.76084 9.99927 -2.50301 142 142 142
-1.65287 9.99901 -2.56863 145 145 145
-1.55215 10.00376 -2.64361 146 146 146
-1.44705 10.00159 -2.71242 142 142 142
-1.34082 10.00160 -2.77981 139 139 139
-1.22607 10.00416 -2.83167 152 152 152
-1.11413 9.99474 -2.88853 143 143 143
-0.99881 10.00174 -2.93818 137 137 137
-0.88725 9.99620 -2.99846 141 141 141
-0.76460 9.99843 -3.02914 140 140 140
-0.64176 9.99555 -3.05662 141 141 141
-0.52425 10.00187 -3.10398 137 137 137
-0.39996 10.00110 -3.12475 144 144 144
-0.27615 10.00152 -3.14661 140 140 140
-0.15080 10.00035 -3.15695 138 138 138
-0.02614 9.99504 -3.17163 146 146 146
0.09922 9.99862 -3.17813 140 140 140
0.22470 9.99729 -3.18555 141 141 141
0.35043 9.99752 -3.18441 147 147 147
0.47609 10.00302 -3.17861 136 136 136
0.60078 10.00394 -3.16186 135 135 135
0.72725 9.99638 -3.15739 144 144 144
0.84974 10.00174 -3.12668 144 144 144
0.97085 9.99988 -3.09230 141 141 141
1.09323 10.00180 -3.06395 149 149 149
1.21236 10.00228 -3.02407 146 146 146
1.33054 9.99936 -2.98189 146 146 146
1.44874 10.00154 -2.93946 143 143 143
1.56387 9.99759 -2.88926 147 147 147
1.67583 9.99958 -2.83238 146 146 146
1.78855 10.00016 -2.77683 145 145 145
1.89846 9.99850 -2.71571 138 138 138
2.00241 10.00061 -2.64491 144 144 144
2.10141 9.99807 -2.56744 150 150 150
2.20857 10.00238 -2.50090 143 143 143
2.30214 10.00109 -2.41674 148 148 148
2.39900 10.00124 -2.33652 146 146 146
2.48330 10.00096 -2.24298 146 146 146
2.57285 9.99989 -2.15498 146 146 146
2.65257 9.99972 -2.05797 149 149 149
2.73386 10.00231 -1.96244 151 151 151
2.81423 10.00009 -1.86578 145 145 145
2.89186 10.00074 -1.76652 155 155 155
2.95359 10.00271 -1.65664 157 157 157
3.02032 9.99861 -1.55000 149 149 149
3.08129 10.00116 -1.43988 154 154 154
3.12111 10.00324 -1.31964 158 158 158
3.18790 9.99751 -1.21177 155 155 155
3.22720 10.00273 -1.09206 151 151 151
3.26454 10.00148 -0.97208 162 162 162
3.29747 9.99796 -0.85099 164 164 164
3.33901 10.00098 -0.73205 158 158 158
3.36809 10.00057 -0.60963 161 161 161
3.38820 10.00097 -0.48542 163 163 163
3.40172 9.99811 -0.36040 172 172 172
3.42003 9.99998 -0.23585 166 166 166
3.41929 10.00258 -0.10989 172 172 172
3.43996 10.40255 0.01625 172 172 172
3.43029 10.40433 0.14189 167 167 167
3.42148 10.39986 0.26722 165 165 165
3.41131 10.39984 0.39247 165 165 165
3.39102 10.40484 0.51649 175 175 175
3.37611 10.39940 0.64152 170 170 170
3.34123 10.40126 0.76255 168 168 168
3.31402 10.40142 0.88529 177 177 177
3.27965 10.39941 1.00628 171 171 171
3.22347 10.40408 1.11962 178 178 178
3.19387 10.40411 1.24282 181 181 181
3.13857 10.39727 1.35589 179 179 179
3.08259 10.40355 1.46836 177 177 177
3.02975 10.39930 1.58270 174 174 174
2.95524 10.39768 1.68465 187 187 187
2.89426 10.39947 1.79468 187 187 187
2.82000 10.39962 1.89607 187 187 187
2.74757 10.40053 1.99885 184 184 184
2.66680 10.40094 2.09521 184 184 184
2.58059 10.40162 2.18666 180 180 180
2.49669 10.39850 2.28028 187 187 187
2.40728 10.39645 2.36874 186 186 186
2.31354 10.39967 2.45265 184 184 184
2.21461 10.39856 2.53035 189 189 189
2.10800 10.39980 2.59744 192 192 192
2.00565 10.40166 2.66973 190 190 190
1.90635 10.39872 2.74748 187 187 187
1.79771 10.40183 2.81086 197 197 197
1.68445 10.39738 2.86555 197 197 197
1.57163 10.40174 2.92071 192 192 192
1.45443 10.40548 2.96587 191 191 191
1.33927 10.39897 3.01588 193 193 193
1.22096 10.39858 3.05793 199 199 199
1.10038 10.40269 3.09298 201 201 201
0.97701 10.39997 3.11672 193 193 193
0.85720 10.39805 3.15607 186 186 186
0.73252 10.39966 3.17228 194 194 194
0.60943 10.39823 3.19960 200 200 200
0.48310 10.39888 3.19842 191 191 191
0.35840 10.40067 3.21665 193 193 193
0.23265 10.40353 3.22070 196 196 196
0.10718 10.40483 3.20977 190 190 190
-0.01810 10.40394 3.20232 197 197 197
-0.14303 10.40177 3.19041 198 198 198
-0.26925 10.39694 3.18516 198 198 198
-0.39202 10.40080 3.15667 197 197 197
-0.51436 10.40167 3.12780 197 197 197
-0.63699 10.40127 3.09979 189 189 189
-0.75682 10.39695 3.06155 193 193 193
-0.87590 10.40511 3.02112 195 195 195
-0.99211 10.39853 2.97309 193 193 193
-1.11069 10.40008 2.93019 186 186 186
-1.22090 10.40345 2.86900 197 197 197
-1.33439 10.39757 2.81441 186 186 186
-1.43752 10.40505 2.74172 192 192 192
-1.54382 10.40302 2.67493 194 194 194
-1.64995 10.40315 2.60743 200 200 200
-1.74451 10.39693 2.52426 191 191 191
-1.85132 10.40211 2.45627 193 193 193
-1.94080 10.39919 2.36748 192 192 192
-2.02995 10.40023 2.27885 185 185 185
-2.11701 10.40247 2.18826 188 188 188
-2.19759 10.39638 2.09188 190 190 190
-2.28283 10.40378 1.99930 183 183 183
-2.35204 10.40158 1.89414 187 187 187
-2.42750 10.39855 1.79371 188 188 188
-2.50302 10.39984 1.69267 184 184 184
-2.56243 10.40068 1.58157 182 182 182
-2.61543 10.40118 1.46742 177 177 177
-2.67579 10.40035 1.35706 181 181 181
-2.73067 10.39819 1.24370 177 177 177
-2.76950 10.39956 1.12380 178 178 178
-2.80569 10.39896 1.00347 181 181 181
-2.84586 10.40343 0.88448 184 184 184
-2.87917 10.39776 0.76333 171 171 171
-2.91296 10.39836 0.64195 175 175 175
-2.92719 10.40125 0.51672 175 175 175
-2.94233 10.39702 0.39203 169 169 169
-2.95674 10.40106 0.26726 168 168 168
-2.96843 10.40142 0.14202 172 172 172
-2.96598 10.39926 0.01625 174 174 174
-2.97218 10.39890 -0.10967 175 175 175
-2.95642 10.39731 -0.23474 170 170 170
-2.95163 10.40143 -0.36064 158 158 158
-2.93034 10.39834 -0.48472 167 167 167
-2.90365 10.40370 -0.60760 155 155 155
-2.86424 10.39644 -0.72725 172 172 172
-2.86251 10.40032 -0.85668 156 156 156
-2.81691 10.40498 -0.97461 157 157 157
-2.76946 10.40128 -1.09129 162 162 162
-2.72206 10.39868 -1.20763 163 163 163
-2.68271 10.40290 -1.32775 150 150 150
-2.61795 10.40297 -1.43620 153 153 153
-2.56406 10.40202 -1.54998 158 158 158
-2.49207 10.40069 -1.65346 148 148 148
-2.43199 10.40237 -1.76420 154 154 154
-2.36043 10.39484 -1.86774 150 150 150
-2.27906 10.40302 -1.96383 149 149 149
-2.20041 10.40068 -2.06178 145 145 145
-2.11613 10.39965 -2.15494 149 149 149
-2.03375 10.40133 -2.25015 142 142 142
-1.94448 10.39874 -2.33896 143 143 143
-1.84786 10.40124 -2.41971 146 146 146
-1.74787 10.39965 -2.49603 149 149 149
-1.65153 10.39822 -2.57710 145 145 145
-1.54601 10.39729 -2.64570 147 147 147
-1.43997 10.39970 -2.71322 141 141 141
-1.33444 10.40374 -2.78200 144 144 144
-1.22113 10.39795 -2.83696 144 144 144
-1.10354 10.40485 -2.88218 139 139 139
-0.98892 10.40012 -2.93288 145 145 145
-0.87403 10.39533 -2.98355 143 143 143
-0.75773 10.40144 -3.03184 142 142 142
-0.63693 10.39552 -3.06704 139 139 139
-0.51435 10.39992 -3.09524 140 140 140
-0.39358 10.39843 -3.13203 146 146 146
-0.26697 10.40110 -3.13827 142 142 142
-0.14370 10.40137 -3.16354 136 136 136
-0.01846 10.40004 -3.17449 136 136 136
0.10692 10.39651 -3.18379 139 139 139
0.23265 10.39743 -3.17879 140 140 140
0.35849 10.39818 -3.18649 142 142 142
0.48336 10.40034 -3.16923 140 140 140
0.60914 10.40130 -3.16465 144 144 144
0.73301 10.39839 -3.14288 133 133 133
0.85829 10.39890 -3.12904 140 140 140
0.97980 10.40190 -3.09583 144 144 144
1.10206 10.39252 -3.06642 138 138 138
1.21982 10.39876 -3.02193 137 137 137
1.34038 10.39928 -2.98636 141 141 141
1.45409 10.39843 -2.93255 137 137 137
1.56964 10.39671 -2.88389 141 141 141
1.68688 10.40335 -2.83782 148 148 148
1.79864 10.40102 -2.78001 146 146 146
1.90262 10.40088 -2.70889 139 139 139
2.00685 10.39949 -2.63903 139 139 139
2.10904 10.39422 -2.56638 146 146 146
2.21526 10.40237 -2.49868 151 151 151
2.30823 10.39878 -2.41394 156 156 156
2.40454 10.40329 -2.33328 142 142 142
2.48972 10.39901 -2.24082 147 147 147
2.58284 10.40320 -2.15624 150 150 150
2.67552 10.40078 -2.07015 152 152 152
2.74635 10.39827 -1.96539 148 148 148
2.81990 10.40248 -1.86349 151 151 151
2.89654 10.40063 -1.76370 157 157 157
2.95932 10.39901 -1.65465 149 149 149
3.02252 10.40214 -1.54615 151 151 151
3.08175 10.39927 -1.43544 156 156 156
3.14983 10.40265 -1.32859 150 150 150
3.18842 10.40021 -1.20807 151 151 151
3.23855 10.39842 -1.09268 156 156 156
3.28346 10.39536 -0.97502 154 154 154
3.31823 10.39686 -0.85397 162 162 162
3.33806 10.40243 -0.72929 156 156 156
3.37591 10.40387 -0.60898 169 169 169
3.39490 10.40037 -0.48460 165 165 165
3.41075 10.40281 -0.35990 166 166 166
3.41534 10.40021 -0.23423 165 165 165
3.44089 10.40004 -0.10980 161 161 161
3.43546 10.80011 0.01688 170 170 170
3.44315 10.80518 0.14271 171 171 171
3.43412 10.79918 0.26822 167 167 167
3.41633 10.80226 0.39276 170 170 170
3.40339 10.80343 0.51783 173 173 173
3.38751 10.79962 0.64286 166 166 166
3.35021 10.79951 0.76345 169 169 169
3.30805 10.80119 0.88202 178 178 178
3.27652 10.80046 1.00334 175 175 175
3.24059 10.80129 1.12367 179 179 179
3.19841 10.79978 1.24208 179 179 179
3.14462 10.79992 1.35570 186 186 186
3.10125 10.79798 1.47450 190 190 190
3.03404 10.79906 1.58134 176 176 176
2.96920 10.79885 1.68903 175 175 175
2.90230 10.79774 1.79544 189 189 189
2.82628 10.79899 1.89556 181 181 181
2.75440 10.79972 1.99869 170 170 170
2.67272 10.79948 2.09419 191 191 191
2.59158 10.79934 2.19020 184 184 184
2.50908 10.79742 2.28547 186 186 186
2.40879 10.80332 2.36253 191 191 191
2.31695 10.79678 2.44809 198 198 198
2.22190 10.80639 2.53029 187 187 187
2.12119 10.80200 2.60544 192 192 192
2.02137 10.80057 2.68215 190 190 190
1.91711 10.79987 2.75288 196 196 196
1.80836 10.79465 2.81651 192 192 192
1.69297 10.79650 2.86753 196 196 196
1.57857 10.79773 2.91940 192 192 192
1.46564 10.79829 2.97466 189 189 189
1.34773 10.80217 3.01819 197 197 197
1.22883 10.80079 3.05867 199 199 199
1.10783 10.79980 3.09223 196 196 196
0.98667 10.80361 3.12496 187 187 187
0.86423 10.80456 3.15264 196 196 196
0.74083 10.80156 3.17591 191 191 191
0.61608 10.79871 3.19019 196 196 196
0.49142 10.80111 3.20525 194 194 194
0.36618 10.79441 3.21599 190 190 190
0.24049 10.79893 3.22013 194 194 194
0.11503 10.79633 3.21005 196 196 196
-0.01104 10.79749 3.21281 199 199 199
-0.13475 10.80022 3.18725 191 191 191
-0.26057 10.79968 3.18044 195 195 195
-0.38350 10.80344 3.15387 195 195 195
-0.50710 10.79840 3.13081 193 193 193
-0.62923 10.80192 3.10065 197 197 197
-0.74677 10.79785 3.05535 196 196 196
-0.86551 10.79417 3.01482 191 191 191
-0.98901 10.80048 2.98515 192 192 192
-1.09968 10.79289 2.92393 196 196 196
-1.21302 10.79434 2.86954 187 187 187
-1.32562 10.80085 2.81336 188 188 188
-1.43115 10.80234 2.74473 188 188 188
-1.53881 10.79785 2.67978 188 188 188
-1.64404 10.80072 2.61071 194 194 194
-1.74155 10.80179 2.53108 189 189 189
-1.83605 10.79757 2.44818 194 194 194
-1.93029 10.80229 2.36521 188 188 188
-2.02188 10.80009 2.27925 186 186 186
-2.11701 10.79985 2.19612 190 190 190
-2.19313 10.80317 2.09538 189 189 189
-2.26570 10.80388 1.99260 191 191 191
-2.34519 10.80495 1.89548 177 177 177
-2.42199 10.80361 1.79589 182 182 182
-2.48565 10.79610 1.68746 175 175 175
-2.54925 10.79955 1.57920 182 182 182
-2.61228 10.80699 1.47043 173 173 173
-2.66926 10.79977 1.35829 181 181 181
-2.72026 10.80043 1.24326 175 175 175
-2.75350 10.79996 1.12141 170 170 170
-2.81311 10.80223 1.00905 178 178 178
-2.84477 10.80412 0.88701 179 179 179
-2.86475 10.79809 0.76238 173 173 173
-2.88620 10.80097 0.63881 174 174 174
-2.92266 10.79883 0.51787 171 171 171
-2.93840 10.79718 0.39312 171 171 171
-2.95019 10.80039 0.26799 169 169 169
-2.95799 10.79780 0.14254 167 167 167
-2.96677 10.80118 0.01688 168 168 168
-2.95925 10.80076 -0.10884 168 168 168
-2.94845 10.80282 -0.23410 170 170 170
-2.93697 10.79774 -0.35920 159 159 159
-2.92005 10.80067 -0.48370 162 162 162
-2.90465 10.79997 -0.60873 160 160 160
-2.86895 10.80150 -0.72964 161 161 161
-2.84130 10.80253 -0.85228 159 159 159
-2.79489 10.80041 -0.96938 157 157 157
-2.75517 10.79875 -1.08828 162 162 162
-2.72553 10.79814 -1.21169 160 160 160
-2.67023 10.80174 -1.32498 161 161 161
-2.61598 10.79847 -1.43857 154 154 154
-2.55660 10.80050 -1.54957 150 150 150
-2.49004 10.79962 -1.65640 153 153 153
-2.42019 10.79757 -1.76093 156 156 156
-2.35134 10.80044 -1.86620 149 149 149
-2.27749 10.79835 -1.96814 147 147 147
-2.19830 10.79901 -2.06605 148 148 148
-2.11306 10.80017 -2.15872 149 149 149
-2.01547 10.80072 -2.23909 142 142 142
-1.93176 10.80034 -2.33305 152 152 152
-1.83982 10.80035 -2.41886 143 143 143
-1.73934 10.79822 -2.49453 139 139 139
-1.63923 10.80112 -2.57034 147 147 147
-1.53653 10.80218 -2.64262 145 145 145
-1.43337 10.80305 -2.71461 144 144 144
-1.32088 10.79783 -2.77115 142 142 142
-1.21556 10.80354 -2.84077 139 139 139
-1.09538 10.80115 -2.88086 139 139 139
-0.98305 10.79958 -2.93701 150 150 150
-0.86610 10.80195 -2.98266 142 142 142
-0.74527 10.80046 -3.01697 141 141 141
-0.62664 10.80550 -3.05773 141 141 141
-0.50800 10.80522 -3.10080 145 145 145
-0.38320 10.79997 -3.11861 143 143 143
-0.26039 10.80293 -3.14552 140 140 140
-0.13498 10.79847 -3.15542 137 137 137
-0.01016 10.80108 -3.16789 147 147 147
0.11496 10.80325 -3.17811 141 141 141
0.24049 10.80201 -3.18211 136 136 136
0.36602 10.79988 -3.17798 133 133 133
0.49159 10.79847 -3.17371 146 146 146
0.61606 10.79994 -3.15627 133 133 133
0.74190 10.79814 -3.14888 131 131 131
0.86512 10.80308 -3.12337 137 137 137
0.98633 10.80440 -3.08977 149 149 149
1.10778 10.79736 -3.05829 135 135 135
1.23170 10.80215 -3.03376 137 137 137
1.34932 10.79782 -2.98875 141 141 141
1.46885 10.80426 -2.94866 142 142 142
1.58100 10.80047 -2.89091 130 130 130
1.68863 10.80056 -2.82526 142 142 142
1.80385 10.79969 -2.77471 148 148 148
1.91237 10.80449 -2.71139 148 148 148
2.01499 10.79804 -2.63885 143 143 143
2.11856 10.80300 -2.56807 149 149 149
2.22445 10.80076 -2.49977 148 148 148
2.31571 10.80344 -2.41290 149 149 149
2.41730 10.79635 -2.33799 152 152 152
2.50394 10.80269 -2.24658 145 145 145
2.59199 10.80155 -2.15683 144 144 144
2.67404 10.79890 -2.06158 145 145 145
2.75147 10.79771 -1.96262 152 152 152
2.82406 10.79990 -1.86020 150 150 150
2.90863 10.79595 -1.76592 151 151 151
2.96372 10.80423 -1.65192 151 151 151
3.02704 10.79466 -1.54367 156 156 156
3.09481 10.79948 -1.43748 151 151 151
3.15515 10.79985 -1.32680 153 153 153
3.20051 10.79852 -1.20921 146 146 146
3.24495 10.79999 -1.09153 157 157 157
3.28964 10.80348 -0.97385 160 160 160
3.32324 10.79995 -0.85255 163 163 163
3.34686 10.80092 -0.72890 157 157 157
3.37926 10.80107 -0.60746 169 169 169
3.40164 10.80210 -0.48380 168 168 168
3.41487 10.80308 -0.35884 165 165 165
3.42960 10.79843 -0.23411 169 169 169
3.44056 10.80280 -0.10886 168 168 168
3.44738 11.19824 0.01750 164 164 164
3.44700 11.19768 0.14318 168 168 168
3.44192 11.20312 0.26885 166 166 166
3.42424 11.19915 0.39341 169 169 169
3.40591 11.19941 0.51763 171 171 171
3.38944 11.19718 0.64233 165 165 165
3.36447 11.19445 0.76565 171 171 171
3.32254 11.20159 0.88455 170 170 170
3.29750 11.19985 1.00828 176 176 176
3.24900 11.20039 1.12455 179 179 179
3.19906 11.19523 1.23979 176 176 176
3.15766 11.19511 1.35878 186 186 186
3.09697 11.19567 1.46902 180 180 180
3.03400 11.19807 1.57762 181 181 181
2.97925 11.20029 1.69109 181 181 181
2.90843 11.19994 1.79500 184 184 184
2.83423 11.19812 1.89636 182 182 182
2.76053 11.20538 1.99806 185 185 185
2.68140 11.19819 2.09565 188 188 188
2.59194 11.20004 2.18402 183 183 183
2.50910 11.20057 2.27839 187 187 187
2.41635 11.20051 2.36299 183 183 183
2.32804 11.20052 2.45267 181 181 181
2.23098 11.19923 2.53264 194 194 194
2.13060 11.19830 2.60840 182 182 182
2.02982 11.19765 2.68388 185 185 185
1.92165 11.20699 2.74833 197 197 197
1.80983 11.19791 2.80599 193 193 193
1.70441 11.19706 2.87547 194 194 194
1.58667 11.20226 2.92085 189 189 189
1.47012 11.19672 2.96747 200 200 200
1.35574 11.20132 3.01963 198 198 198
1.23290 11.19548 3.04808 193 193 193
1.11601 11.20005 3.09452 190 190 190
0.99503 11.19935 3.12826 191 191 191
0.87289 11.19798 3.15799 194 194 194
0.74886 11.20493 3.17851 191 191 191
0.62391 11.19981 3.19183 194 194 194
0.49886 11.20067 3.20243 206 206 206
0.37399 11.19654 3.21896 195 195 195
0.24820 11.19953 3.21978 193 193 193
0.12251 11.19762 3.21671 199 199 199
-0.00336 11.19953 3.21384 197 197 197
-0.12732 11.20040 3.19025 191 191 191
-0.25303 11.20075 3.18219 201 201 201
-0.37650 11.20078 3.15808 191 191 191
-0.49999 11.19974 3.13393 197 197 197
-0.61976 11.19987 3.09505 191 191 191
-0.74257 11.20065 3.06679 191 191 191
-0.85882 11.19672 3.01820 189 189 189
-0.97656 11.20254 2.97433 193 193 193
-1.08849 11.19493 2.91702 192 192 192
-1.20493 11.19823 2.86943 190 190 190
-1.31320 11.19851 2.80559 183 183 183
-1.42471 11.20205 2.74745 190 190 190
-1.53139 11.19974 2.68085 191 191 191
-1.62317 11.20085 2.59322 188 188 188
-1.72977 11.20171 2.52655 187 187 187
-1.82699 11.20385 2.44723 191 191 191
-1.92035 11.20239 2.36342 191 191 191
-2.01451 11.19766 2.28022 183 183 183
-2.10439 11.20205 2.19222 189 189 189
-2.17883 11.19865 2.09038 185 185 185
-2.26455 11.20138 1.99839 193 193 193
-2.34335 11.19283 1.90037 185 185 185
-2.40946 11.20105 1.79329 185 185 185
-2.48648 11.19959 1.69332 183 183 183
-2.54378 11.19979 1.58108 178 178 178
-2.59543 11.20348 1.46640 178 178 178
-2.65741 11.20404 1.35701 183 183 183
-2.70546 11.19615 1.24095 179 179 179
-2.75845 11.19529 1.12671 181 181 181
-2.79531 11.19563 1.00640 177 177 177
-2.83479 11.20168 0.88699 181 181 181
-2.86452 11.19432 0.76480 176 176 176
-2.88444 11.19634 0.64062 169 169 169
-2.91749 11.20068 0.51890 166 166 166
-2.93452 11.20224 0.39420 175 175 175
-2.93225 11.19959 0.26781 171 171 171
-2.95070 11.19688 0.14319 173 173 173
-2.95517 11.19902 0.01750 170 170 170
-2.95566 11.19662 -0.10838 167 167 167
-2.94260 11.19741 -0.23362 168 168 168
-2.93061 11.20475 -0.35874 162 162 162
-2.91187 11.19780 -0.48301 158 158 158
-2.89019 11.20015 -0.60677 158 158 158
-2.86287 11.20088 -0.72940 156 156 156
-2.83156 11.20554 -0.85108 157 157 157
-2.80315 11.20188 -0.97394 153 153 153
-2.75634 11.19820 -1.09093 157 157 157
-2.70373 11.19967 -1.20523 161 161 161
-2.65387 11.20298 -1.32037 151 151 151
-2.60065 11.20059 -1.43406 156 156 156
-2.55202 11.20030 -1.55070 156 156 156
-2.47895 11.19587 -1.65370 150 150 150
-2.41299 11.20197 -1.76065 156 156 156
-2.34322 11.20223 -1.86528 150 150 150
-2.26120 11.20051 -1.96075 150 150 150
-2.18941 11.19924 -2.06442 148 148 148
-2.09987 11.19679 -2.15304 153 153 153
-2.01549 11.20043 -2.24620 143 143 143
-1.92685 11.20085 -2.33545 147 147 147
-1.83347 11.20288 -2.41983 148 148 148
-1.73106 11.20441 -2.49319 145 145 145
-1.62901 11.19390 -2.56625 139 139 139
-1.53195 11.19923 -2.64669 136 136 136
-1.42104 11.20127 -2.70646 145 145 145
-1.31236 11.19628 -2.76908 137 137 137
-1.20431 11.19898 -2.83321 144 144 144
-1.09044 11.19711 -2.88624 138 138 138
-0.97501 11.19611 -2.93559 146 146 146
-0.85763 11.19851 -2.98000 146 146 146
-0.74307 11.19773 -3.03332 137 137 137
-0.61915 11.20583 -3.05791 142 142 142
-0.49873 11.20267 -3.09370 141 141 141
-0.37577 11.19987 -3.11942 142 142 142
-0.25303 11.20220 -3.14718 145 145 145
-0.12758 11.20074 -3.15751 142 142 142
-0.00239 11.20177 -3.16662 139 139 139
0.12239 11.20457 -3.18464 137 137 137
0.24820 11.20036 -3.17637 140 140 140
0.37394 11.19536 -3.18262 137 137 137
0.49937 11.20014 -3.17388 139 139 139
0.62427 11.20113 -3.15985 141 141 141
0.74769 11.20424 -3.13613 133 133 133
0.87424 11.19827 -3.12980 135 135 135
0.99606 11.20050 -3.09754 143 143 143
1.11731 11.19998 -3.06413 139 139 139
1.23737 11.19952 -3.02686 137 137 137
1.35423 11.20177 -2.98053 136 136 136
1.47433 11.19899 -2.94264 134 134 134
1.58822 11.19960 -2.88922 140 140 140
1.70537 11.19915 -2.84235 145 145 145
1.81253 11.20383 -2.77581 143 143 143
1.91698 11.20093 -2.70569 139 139 139
2.02778 11.19952 -2.64583 143 143 143
2.12912 11.20564 -2.57135 141 141 141
2.23066 11.19870 -2.49723 145 145 145
2.32104 11.20248 -2.40948 144 144 144
2.42414 11.20490 -2.33642 141 141 141
2.51044 11.20408 -2.24474 148 148 148
2.60005 11.20142 -2.15652 151 151 151
2.67817 11.20225 -2.05789 148 148 148
2.75500 11.19892 -1.95870 148 148 148
2.84150 11.20567 -1.86664 147 147 147
2.91485 11.19983 -1.76430 150 150 150
2.97495 11.19708 -1.65345 154 154 154
3.04492 11.19970 -1.54874 148 148 148
3.09740 11.19691 -1.43424 159 159 159
3.15396 11.20099 -1.32207 152 152 152
3.21345 11.20527 -1.21075 157 157 157
3.25484 11.19919 -1.09171 163 163 163
3.29170 11.20050 -0.97139 161 161 161
3.33360 11.20185 -0.85267 155 155 155
3.36094 11.19963 -0.72980 160 160 160
3.38978 11.20031 -0.60740 160 160 160
3.39908 11.19804 -0.48155 159 159 159
3.42557 11.20133 -0.35857 164 164 164
3.43849 11.20059 -0.23358 169 169 169
3.44107 11.20013 -0.10795 166 166 166
3.45771 11.59882 0.01812 162 162 162
3.45638 11.59848 0.14388 168 168 168
3.44808 11.59812 0.26936 171 171 171
3.42860 11.60500 0.39365 167 167 167
3.41205 11.60064 0.51803 169 169 169
3.39635 11.59868 0.64282 170 170 170
3.36199 11.59660 0.76386 175 175 175
3.32913 11.59842 0.88490 179 179 179
3.29910 11.59644 1.00696 170 170 170
3.26443 11.59924 1.12807 175 175 175
3.21349 11.60241 1.24325 173 173 173
3.15985 11.59699 1.35691 173 173 173
3.11346 11.60023 1.47418 186 186 186
3.04979 11.60187 1.58284 181 181 181
2.98099 11.59720 1.68813 177 177 177
2.91982 11.59881 1.79817 182 182 182
2.84122 11.59900 1.89655 189 189 189
2.76790 11.60247 1.99851 188 188 188
2.69034 11.59947 2.09743 188 188 188
2.60429 11.60346 2.18906 192 192 192
2.51438 11.59732 2.27671 191 191 191
2.42656 11.59794 2.36645 192 192 192
2.33826 11.60482 2.45639 191 191 191
2.24103 11.59868 2.53639 186 186 186
2.13821 11.59694 2.60905 186 186 186
2.03079 11.60165 2.67460 190 190 190
1.92647 11.60427 2.74443 199 199 199
1.81863 11.60014 2.80877 193 193 193
1.71021 11.59893 2.87259 194 194 194
1.59510 11.60248 2.92331 196 196 196
1.48163 11.60095 2.97758 194 194 194
1.36350 11.60179 3.02070 187 187 187
1.24423 11.59978 3.06023 194 194 194
1.12568 11.59957 3.10253 193 193 193
1.00217 11.59753 3.12704 186 186 186
0.87942 11.60268 3.15333 192 192 192
0.75730 11.60240 3.18456 192 192 192
0.63196 11.60038 3.19636 196 196 196
0.50603 11.60457 3.19780 194 194 194
0.38113 11.60033 3.20814 196 196 196
0.25579 11.59831 3.22053 204 204 204
0.12993 11.59969 3.22138 199 199 199
0.00471 11.59995 3.20836 200 200 200
-0.11991 11.59875 3.19240 197 197 197
-0.24347 11.60212 3.17033 202 202 202
-0.36920 11.60062 3.16013 194 194 194
-0.49172 11.60249 3.13172 192 192 192
-0.61519 11.60189 3.10638 188 188 188
-0.73449 11.59418 3.06590 198 198 198
-0.85272 11.59758 3.02287 195 195 195
-0.96796 11.60121 2.97252 188 188 188
-1.08398 11.60595 2.92431 195 195 195
-1.20248 11.59482 2.88014 192 192 192
-1.30689 11.60173 2.80849 197 197 197
-1.41804 11.59476 2.74957 193 193 193
-1.52152 11.59825 2.67806 187 187 187
-1.62620 11.59074 2.60846 190 190 190
-1.72781 11.60317 2.53430 192 192 192
-1.82141 11.60042 2.45021 189 189 189
-1.91919 11.59987 2.37100 189 189 189
-2.01019 11.59785 2.28411 185 185 185
-2.09506 11.60394 2.19123 187 187 187
-2.17709 11.59746 2.09600 185 185 185
-2.24694 11.59783 1.99112 183 183 183
-2.32683 11.60276 1.89450 184 184 184
-2.40841 11.60012 1.79829 177 177 177
-2.47227 11.60612 1.68988 186 186 186
-2.53419 11.60113 1.58059 183 183 183
-2.59285 11.60039 1.46958 181 181 181
-2.65306 11.60160 1.35912 178 178 178
-2.70273 11.59942 1.24359 176 176 176
-2.73679 11.59785 1.12214 174 174 174
-2.78927 11.59899 1.00752 172 172 172
-2.81999 11.59757 0.88558 179 179 179
-2.85571 11.60338 0.76513 173 173 173
-2.87890 11.59775 0.64165 169 169 169
-2.89937 11.60939 0.51785 172 172 172
-2.91258 11.60152 0.39313 173 173 173
-2.94404 11.60517 0.26996 171 171 171
-2.93864 11.59754 0.14363 168 168 168
-2.94047 11.59645 0.01813 168 168 168
-2.93879 11.60554 -0.10739 166 166 166
-2.93877 11.59783 -0.23329 164 164 164
-2.91656 11.59817 -0.35735 160 160 160
-2.90679 11.59822 -0.48278 158 158 158
-2.89481 11.59828 -0.60857 161 161 161
-2.86185 11.60031 -0.73035 162 162 162
-2.82490 11.59956 -0.85072 159 159 159
-2.79016 11.60269 -0.97156 156 156 156
-2.73945 11.60209 -1.08688 158 158 158
-2.70317 11.59890 -1.20751 149 149 149
-2.64882 11.59744 -1.32092 155 155 155
-2.59751 11.60225 -1.43570 153 153 153
-2.53311 11.59604 -1.54374 150 150 150
-2.47683 11.60002 -1.65643 155 155 155
-2.40519 11.60216 -1.75988 153 153 153
-2.33310 11.60117 -1.86281 152 152 152
-2.25177 11.59885 -1.95868 153 153 153
-2.18714 11.60253 -2.06834 155 155 155
-2.09283 11.59766 -2.15292 145 145 145
-2.00482 11.59730 -2.24248 151 151 151
-1.91645 11.59909 -2.33179 144 144 144
-1.82174 11.59860 -2.41435 153 153 153
-1.72398 11.60350 -2.49320 143 143 143
-1.63221 11.59818 -2.58048 146 146 146
-1.52155 11.59825 -2.64184 145 145 145
-1.41454 11.59661 -2.70761 135 135 135
-1.31128 11.59734 -2.78008 134 134 134
-1.19597 11.59979 -2.83111 145 145 145
-1.08237 11.59830 -2.88457 139 139 139
-0.96836 11.60168 -2.93722 135 135 135
-0.85579 11.60463 -2.99494 151 151 151
-0.73594 11.60184 -3.03411 133 133 133
-0.61322 11.60256 -3.06316 143 143 143
-0.49044 11.60295 -3.09014 143 143 143
-0.36964 11.60168 -3.12614 143 143 143
-0.24508 11.59245 -3.14422 141 141 141
-0.12012 11.59875 -3.15794 138 138 138
0.00480 11.60015 -3.17100 137 137 137
0.13009 11.59760 -3.18116 141 141 141
0.25579 11.59688 -3.18437 136 136 136
0.38149 11.59715 -3.18120 139 139 139
0.50720 11.59516 -3.17632 138 138 138
0.63170 11.59792 -3.15793 142 142 142
0.75628 11.60008 -3.14182 147 147 147
0.88076 11.59787 -3.12383 139 139 139
1.00358 11.59812 -3.09664 139 139 139
1.12357 11.60294 -3.05881 141 141 141
1.24659 11.60160 -3.03126 140 140 140
1.36573 11.60244 -2.99051 135 135 135
1.48212 11.59860 -2.94251 143 143 143
1.59510 11.59719 -2.88706 154 154 154
1.70997 11.60099 -2.83586 150 150 150
1.81967 11.59857 -2.77439 144 144 144
1.92903 11.60308 -2.71236 142 142 142
2.02865 11.59878 -2.63515 146 146 146
2.13825 11.59897 -2.57286 144 144 144
2.23873 11.59879 -2.49722 146 146 146
2.33887 11.60092 -2.42085 146 146 146
2.42266 11.60167 -2.32598 151 151 151
2.51758 11.59623 -2.24367 142 142 142
2.60028 11.60066 -2.14910 144 144 144
2.68997 11.60384 -2.06086 147 147 147
2.76011 11.59919 -1.95612 143 143 143
2.84798 11.59543 -1.86521 145 145 145
2.90968 11.60037 -1.75515 149 149 149
2.99212 11.60342 -1.65870 153 153 153
3.04594 11.60030 -1.54443 155 155 155
3.11053 11.60001 -1.43644 145 145 145
3.16111 11.59679 -1.32125 150 150 150
3.21825 11.60000 -1.20897 154 154 154
3.26284 11.59688 -1.09123 168 168 168
3.29377 11.59922 -0.96897 151 151 151
3.33856 11.60481 -0.85131 157 157 157
3.36646 11.60118 -0.72868 161 161 161
3.39476 11.60178 -0.60626 163 163 163
3.42464 11.60043 -0.48377 160 160 160
3.43774 11.59874 -0.35848 164 164 164
3.45087 11.59957 -0.23333 162 162 162
3.45502 11.59910 -0.10757 165 165 165
3.46395 12.00262 0.01875 166 166 166
3.46778 11.99956 0.14466 169 169 169
3.45099 11.99891 0.26963 168 168 168
3.43906 11.99792 0.39463 166 166 166
3.42222 11.99974 0.51908 172 172 172
3.40430 11.99860 0.64355 167 167 167
3.37698 11.99476 0.76629 173 173 173
3.34469 11.99691 0.88781 180 180 180
3.31236 11.99897 1.00947 175 175 175
3.26150 11.99997 1.12487 181 181 181
3.21277 12.00444 1.24048 176 176 176
3.16817 11.99955 1.35794 180 180 180
3.10409 12.00091 1.46623 184 184 184
3.05688 11.99648 1.58326 191 191 191
2.98687 12.00047 1.68779 186 186 186
2.92038 12.00293 1.79419 182 182 182
2.85283 11.99828 1.90020 185 185 185
2.77006 11.99874 1.99496 185 185 185
2.70056 11.99610 2.10041 187 187 187
2.61233 12.00541 2.19022 185 185 185
2.52749 12.00028 2.28300 190 190 190
2.43367 12.00291 2.36670 189 189 189
2.34404 12.00137 2.45505 185 185 185
2.24855 12.00030 2.53710 192 192 192
2.14517 11.99647 2.60899 193 193 193
2.04510 12.00281 2.68549 189 189 189
1.93766 11.99975 2.75115 196 196 196
1.82731 11.99531 2.81160 198 198 198
1.71403 12.00090 2.86608 190 190 190
1.60253 11.99596 2.92388 186 186 186
1.49107 12.00184 2.98297 189 189 189
1.37140 11.99776 3.02253 199 199 199
1.25276 11.99618 3.06417 192 192 192
1.13369 11.99639 3.10513 193 193 193
1.01101 11.99966 3.13343 195 195 195
0.88853 11.99929 3.16228 192 192 192
0.76417 12.00116 3.18148 197 197 197
0.63986 12.00316 3.20077 199 199 199
0.51445 11.99970 3.21067 201 201 201
0.38865 11.99846 3.21063 197 197 197
0.26325 11.99813 3.21306 192 192 192
0.13736 12.00174 3.22279 196 196 196
0.01198 12.00164 3.21135 196 196 196
-0.11206 12.00129 3.18966 192 192 192
-0.23709 11.99834 3.17776 197 197 197
-0.36003 11.99790 3.15215 204 204 204
-0.48403 12.00256 3.13139 192 192 192
-0.60564 11.99916 3.09960 191 191 191
-0.72621 11.99817 3.06398 191 191 191
-0.84489 12.00089 3.02249 195 195 195
-0.95778 12.00039 2.96658 197 197 197
-1.07401 11.99978 2.91948 193 193 193
-1.18839 11.99696 2.86775 188 188 188
-1.30512 11.99841 2.81926 188 188 188
-1.40929 11.99961 2.74808 192 192 192
-1.51572 12.00026 2.68116 193 193 193
-1.61921 12.00216 2.60973 183 183 183
-1.72035 11.99733 2.53493 193 193 193
-1.81459 12.00030 2.45158 190 190 190
-1.91220 11.99910 2.37213 192 192 192
-1.99930 11.99639 2.28129 183 183 183
-2.08989 11.99826 2.19396 189 189 189
-2.16871 11.99794 2.09583 185 185 185
-2.24986 11.99742 1.99992 186 186 186
-2.31948 12.00237 1.89521 189 189 189
-2.39455 12.00165 1.79463 188 188 188
-2.46006 11.99758 1.68759 175 175 175
-2.53228 12.00098 1.58432 176 176 176
-2.58493 11.99706 1.46997 179 179 179
-2.64541 11.99853 1.35966 176 176 176
-2.68607 11.99955 1.24040 177 177 177
-2.73093 11.99788 1.12336 180 180 180
-2.77885 11.99788 1.00719 175 175 175
-2.81726 12.00285 0.88754 168 168 168
-2.85024 11.99890 0.76623 179 179 179
-2.87832 11.99699 0.64365 175 175 175
-2.89930 11.99437 0.51965 175 175 175
-2.91732 12.00050 0.39519 170 170 170
-2.92579 11.99995 0.26973 174 174 174
-2.93143 11.99639 0.14427 168 168 168
-2.94169 11.99869 0.01875 168 168 168
-2.93123 11.99888 -0.10676 165 165 165
-2.92493 11.99830 -0.23216 170 170 170
-2.91923 11.99848 -0.35792 162 162 162
-2.89361 11.99955 -0.48125 164 164 164
-2.88195 12.00460 -0.60687 163 163 163
-2.84425 11.99984 -0.72729 164 164 164
-2.81487 11.99928 -0.84937 163 163 163
-2.76769 11.99833 -0.96606 159 159 159
-2.74510 12.00144 -1.09109 159 159 159
-2.69930 12.00194 -1.20838 153 153 153
-2.64320 11.99596 -1.32114 162 162 162
-2.57801 12.00272 -1.42894 159 159 159
-2.52493 11.99913 -1.54270 156 156 156
-2.46733 11.99745 -1.65455 157 157 157
-2.39399 12.00092 -1.75676 149 149 149
-2.32460 11.99806 -1.86143 153 153 153
-2.25106 11.99967 -1.96336 145 145 145
-2.16963 11.99434 -2.05912 150 150 150
-2.08324 11.99699 -2.15032 156 156 156
-2.00608 12.00462 -2.25058 152 152 152
-1.91038 12.00125 -2.33267 157 157 157
-1.81534 12.00158 -2.41495 149 149 149
-1.71683 11.99659 -2.49296 151 151 151
-1.61996 11.99904 -2.57326 144 144 144
-1.51590 11.99949 -2.64393 138 138 138
-1.41129 12.00292 -2.71385 146 146 146
-1.29599 11.99427 -2.76547 134 134 134
-1.18960 12.00226 -2.83262 149 149 149
-1.07595 12.00563 -2.88619 145 145 145
-0.95895 11.99910 -2.93189 143 143 143
-0.84595 12.00086 -2.98785 135 135 135
-0.72473 11.99943 -3.02191 140 140 140
-0.60525 12.00214 -3.06069 140 140 140
-0.48579 12.00016 -3.10119 141 141 141
-0.36257 12.00387 -3.12745 138 138 138
-0.23755 11.99831 -3.14315 137 137 137
-0.11249 11.99871 -3.15582 147 147 147
0.01242 12.00028 -3.16833 137 137 137
0.13752 11.99935 -3.18112 139 139 139
0.26325 12.00365 -3.17907 142 142 142
0.38883 11.99799 -3.17761 138 138 138
0.51492 11.99682 -3.17913 138 138 138
0.63987 11.99951 -3.16332 137 137 137
0.76477 11.99879 -3.14773 131 131 131
0.88658 11.99939 -3.11498 144 144 144
1.01042 12.00050 -3.09347 137 137 137
1.13304 12.00216 -3.06530 140 140 140
1.25467 11.99853 -3.03254 140 140 140
1.36904 12.00066 -2.97864 141 141 141
1.48970 12.00484 -2.94218 146 146 146
1.60327 11.99787 -2.88800 136 136 136
1.71735 12.00178 -2.83510 140 140 140
1.82663 12.00044 -2.77287 139 139 139
1.93412 11.99933 -2.70787 144 144 144
2.04315 11.99816 -2.64506 143 143 143
2.14481 12.00053 -2.57101 140 140 140
2.24629 12.00102 -2.49674 149 149 149
2.34117 12.00097 -2.41419 149 149 149
2.43860 11.99875 -2.33454 143 143 143
2.53003 12.00009 -2.24803 150 150 150
2.61432 12.00322 -2.15457 144 144 144
2.70284 11.99886 -2.06486 154 154 154
2.77352 11.99903 -1.96019 152 152 152
2.84875 12.00019 -1.85973 155 155 155
2.92452 11.99783 -1.75946 152 152 152
2.99102 12.00160 -1.65283 155 155 155
3.05403 11.99777 -1.54417 153 153 153
3.11233 11.99570 -1.43293 158 158 158
3.17391 11.99873 -1.32309 160 160 160
3.22463 12.00014 -1.20790 154 154 154
3.25694 11.99547 -1.08568 151 151 151
3.30956 12.00067 -0.97106 160 160 160
3.33708 11.99840 -0.84816 163 163 163
3.38433 12.00276 -0.73056 163 163 163
3.40408 12.00487 -0.60600 152 152 152
3.42100 11.99897 -0.48139 163 163 163
3.43701 11.99883 -0.35689 157 157 157
3.45854 12.00275 -0.23273 166 166 166
3.46294 11.99953 -0.10697 166 166 166
3.46801 12.39781 0.01938 177 177 177
3.46742 12.39985 0.14498 169 169 169
3.46982 12.39662 0.27116 168 168 168
3.44508 12.39697 0.39510 172 172 172
3.43639 12.40158 0.52079 171 171 171
3.40425 12.39897 0.64270 174 174 174
3.37899 12.40060 0.76564 177 177 177
3.35458 12.39862 0.88916 162 162 162
3.30765 12.39720 1.00618 179 179 179
3.27927 12.39342 1.12934 180 180 180
3.23379 12.40326 1.24678 173 173 173
3.17765 12.39871 1.35956 182 182 182
3.12735 12.40340 1.47498 180 180 180
3.06435 12.40204 1.58397 187 187 187
2.99974 12.39884 1.69182 183 183 183
2.93321 12.39897 1.79850 181 181 181
2.86549 12.39869 1.90470 179 179 179
2.78481 12.39972 2.00144 184 184 184
2.70588 12.40299 2.09933 183 183 183
2.61815 12.39596 2.18946 188 188 188
2.53668 12.39747 2.28549 184 184 184
2.44020 12.40053 2.36647 191 191 191
2.34979 12.40021 2.45383 185 185 185
2.24768 12.39539 2.52734 195 195 195
2.15074 12.40600 2.60722 186 186 186
2.04980 12.40253 2.68219 192 192 192
1.94229 12.40465 2.74738 194 194 194
1.83636 12.39975 2.81530 189 189 189
1.72022 12.39887 2.86447 194 194 194
1.60800 12.39867 2.92050 187 187 187
1.49296 12.39984 2.97050 192 192 192
1.37834 12.40297 3.02212 200 200 200
1.25891 12.39984 3.06118 191 191 191
1.14005 12.40105 3.10234 186 186 186
1.02069 12.39769 3.14385 192 192 192
0.89461 12.40495 3.15665 198 198 198
0.77081 12.39688 3.17776 193 193 193
0.64734 12.40045 3.20271 189 189 189
0.52112 12.40015 3.20293 201 201 201
0.39618 12.40357 3.21655 193 193 193
0.27057 12.40149 3.20736 195 195 195
0.14511 12.40485 3.21250 194 194 194
0.01967 12.39908 3.20734 193 193 193
-0.10490 12.40500 3.19166 192 192 192
-0.22928 12.40335 3.17526 196 196 196
-0.35373 12.39963 3.15793 191 191 191
-0.47735 12.40076 3.13469 192 192 192
-0.59675 12.39587 3.09464 185 185 185
-0.71796 12.40158 3.06174 192 192 192
-0.84119 12.39806 3.03293 189 189 189
-0.95428 12.40012 2.97641 203 203 203
-1.06717 12.39964 2.92115 191 191 191
-1.18516 12.40482 2.87641 184 184 184
-1.29342 12.39659 2.81208 190 190 190
-1.39768 12.39995 2.74171 189 189 189
-1.50518 12.39792 2.67697 192 192 192
-1.61231 12.40064 2.61093 186 186 186
-1.71442 12.40115 2.53732 188 188 188
-1.80491 12.40167 2.44945 190 190 190
-1.90005 12.39820 2.36753 185 185 185
-1.98620 12.39957 2.27614 188 188 188
-2.07844 12.40172 2.19077 194 194 194
-2.15933 12.39797 2.09470 190 190 190
-2.24564 12.39962 2.00299 189 189 189
-2.31797 12.40001 1.90006 186 186 186
-2.38979 12.40062 1.79697 185 185 185
-2.45949 12.40163 1.69236 178 178 178
-2.51756 12.40000 1.58080 191 191 191
-2.58016 12.39713 1.47189 185 185 185
-2.63455 12.39975 1.35865 178 178 178
-2.69060 12.40113 1.24593 180 180 180
-2.73317 12.39943 1.12751 176 176 176
-2.77108 12.40218 1.00767 173 173 173
-2.80867 12.39771 0.88781 179 179 179
-2.83991 12.40015 0.76613 177 177 177
-2.87809 12.40226 0.64568 173 173 173
-2.88755 12.39785 0.51957 170 170 170
-2.90566 12.40566 0.39531 175 175 175
-2.91262 12.40684 0.26990 172 172 172
-2.91168 12.40308 0.14441 167 167 167
-2.93042 12.39768 0.01938 166 166 166
-2.93551 12.40128 -0.10659 172 172 172
-2.91839 12.39878 -0.23160 165 165 165
-2.90891 12.40183 -0.35694 162 162 162
-2.88274 12.39878 -0.48006 167 167 167
-2.86631 12.39642 -0.60459 162 162 162
-2.83656 12.39832 -0.72658 162 162 162
-2.81106 12.39909 -0.84973 166 166 166
-2.76967 12.40264 -0.96846 159 159 159
-2.72970 12.40117 -1.08748 164 164 164
-2.69058 12.40381 -1.20717 158 158 158
-2.64371 12.39397 -1.32413 156 156 156
-2.58059 12.39700 -1.43336 154 154 154
-2.52444 12.39539 -1.54590 150 150 150
-2.45875 12.40459 -1.65315 148 148 148
-2.39005 12.39689 -1.75839 148 148 148
-2.31798 12.39702 -1.86132 151 151 151
-2.24806 12.40161 -1.96615 153 153 153
-2.16581 12.40694 -2.06149 149 149 149
-2.08271 12.40210 -2.15598 154 154 154
-1.99628 12.39718 -2.24747 149 149 149
-1.90711 12.39764 -2.33643 149 149 149
-1.81084 12.40210 -2.41764 144 144 144
-1.71572 12.40148 -2.50021 147 147 147
-1.61349 12.39968 -2.57381 140 140 140
-1.50772 12.39943 -2.64202 146 146 146
-1.39815 12.40125 -2.70372 143 143 143
-1.29300 12.40417 -2.77257 141 141 141
-1.18835 12.39812 -2.84390 141 141 141
-1.06908 12.39784 -2.88655 142 142 142
-0.95460 12.40229 -2.93844 135 135 135
-0.83888 12.39849 -2.98790 132 132 132
-0.71548 12.40020 -3.01537 138 138 138
-0.59963 12.39909 -3.06611 134 134 134
-0.47586 12.40122 -3.08973 146 146 146
-0.35387 12.39797 -3.11986 138 138 138
-0.22993 12.40107 -3.14065 142 142 142
-0.10566 12.40001 -3.15939 137 137 137
0.01893 12.40119 -3.17793 140 140 140
0.14507 12.40241 -3.17463 135 135 135
0.27057 12.40129 -3.17604 137 137 137
0.39595 12.40127 -3.17175 145 145 145
0.52234 12.39786 -3.17966 143 143 143
0.64694 12.40058 -3.16055 138 138 138
0.77158 12.40128 -3.14391 135 135 135
0.89538 12.40259 -3.12175 144 144 144
1.01812 12.39906 -3.09443 144 144 144
1.14126 12.39749 -3.06788 137 137 137
1.25949 12.40398 -3.02421 142 142 142
1.37946 12.40325 -2.98641 146 146 146
1.49432 12.39978 -2.93503 137 137 137
1.61079 12.39947 -2.88780 142 142 142
1.72062 12.40495 -2.82651 139 139 139
1.83657 12.39977 -2.77692 143 143 143
1.94180 12.39244 -2.70782 146 146 146
2.04516 12.39949 -2.63649 143 143 143
2.15360 12.40133 -2.57240 141 141 141
2.24683 12.40119 -2.48750 142 142 142
2.34913 12.40183 -2.41431 147 147 147
2.44591 12.40157 -2.33390 145 145 145
2.53139 12.40276 -2.24145 148 148 148
2.61390 12.39759 -2.14678 149 149 149
2.70332 12.39986 -2.05839 148 148 148
2.78436 12.40119 -1.96234 149 149 149
2.86573 12.40083 -1.86612 149 149 149
2.93261 12.39955 -1.75934 148 148 148
2.99743 12.39793 -1.65165 157 157 157
3.06121 12.40318 -1.54346 154 154 154
3.11990 12.40149 -1.43243 156 156 156
3.17667 12.39521 -1.32036 156 156 156
3.22796 12.39852 -1.20562 161 161 161
3.28237 12.40182 -1.09174 158 158 158
3.31736 12.39751 -0.97059 167 167 167
3.35395 12.39249 -0.85023 163 163 163
3.37431 12.40028 -0.72577 159 159 159
3.41041 12.39460 -0.60518 161 161 161
3.43635 12.39810 -0.48204 161 161 161
3.44657 12.40119 -0.35653 162 162 162
3.46601 12.40331 -0.23211 161 161 161
3.46457 12.39883 -0.10612 163 163 163
3.47697 12.80102 0.02000 170 170 170
3.48469 12.79972 0.14600 174 174 174
3.46893 12.79970 0.27115 165 165 165
3.46079 12.80214 0.39674 170 170 170
3.44205 12.79665 0.52118 171 171 171
3.41977 12.79685 0.64499 178 178 178
3.39127 12.80293 0.76749 176 176 176
3.34780 12.79838 0.88584 172 172 172
3.32668 12.80158 1.01066 173 173 173
3.27412 12.79648 1.12542 174 174 174
3.23222 12.80158 1.24378 185 185 185
3.18424 12.79864 1.35991 178 178 178
3.13299 12.80051 1.47482 176 176 176
3.07223 12.79720 1.58498 188 188 188
3.00992 12.80018 1.69428 182 182 182
2.93970 12.79611 1.79866 186 186 186
2.86632 12.80260 1.90070 187 187 187
2.79288 12.80086 2.00277 185 185 185
2.70709 12.80043 2.09485 181 181 181
2.62463 12.80018 2.18943 187 187 187
2.53849 12.80205 2.28074 192 192 192
2.44919 12.80706 2.36905 190 190 190
2.35652 12.79677 2.45392 188 188 188
2.25892 12.79834 2.53310 185 185 185
2.16282 12.79875 2.61458 190 190 190
2.05017 12.79760 2.67261 190 190 190
1.94842 12.79838 2.74629 185 185 185
1.84000 12.79581 2.80960 190 190 190
1.73214 12.79829 2.87440 195 195 195
1.61806 12.79985 2.92735 193 193 193
1.50137 12.79977 2.97408 192 192 192
1.38355 12.80266 3.01739 191 191 191
1.26532 12.80526 3.05942 190 190 190
1.14626 12.80060 3.09951 198 198 198
1.02455 12.80335 3.13063 195 195 195
0.90328 12.80257 3.16476 194 194 194
0.77714 12.80081 3.17300 192 192 192
0.65425 12.80345 3.20105 197 197 197
0.52927 12.79672 3.21581 196 196 196
0.40320 12.79819 3.21285 199 199 199
0.27775 12.79805 3.21774 191 191 191
0.15186 12.79986 3.22415 199 199 199
0.02663 12.80477 3.21074 195 195 195
-0.09755 12.79925 3.19088 193 193 193
-0.22304 12.79839 3.18184 199 199 199
-0.34507 12.80327 3.15112 199 199 199
-0.47026 12.79577 3.13570 197 197 197
-0.58895 12.80017 3.09310 191 191 191
-0.71094 12.79805 3.06287 200 200 200
-0.82921 12.80141 3.02056 196 196 196
-0.94680 12.79759 2.97634 188 188 188
-1.06068 12.79863 2.92329 189 189 189
-1.17391 12.80501 2.86904 192 192 192
-1.28951 12.80168 2.81855 196 196 196
-1.39875 12.80036 2.75580 192 192 192
-1.50377 12.80091 2.68623 188 188 188
-1.59669 12.79962 2.59995 183 183 183
-1.70125 12.80239 2.53034 183 183 183
-1.80087 12.79704 2.45375 191 191 191
-1.89506 12.80771 2.37053 193 193 193
-1.98138 12.79976 2.27913 190 190 190
-2.07167 12.79905 2.19179 187 187 187
-2.16428 12.80073 2.10569 180 180 180
-2.23726 12.79581 2.00267 191 191 191
-2.31079 12.80250 1.90069 186 186 186
-2.37715 12.80260 1.79395 184 184 184
-2.44835 12.79807 1.69056 183 183 183
-2.51017 12.80229 1.58131 179 179 179
-2.57771 12.79824 1.47493 175 175 175
-2.62430 12.80193 1.35786 175 175 175
-2.68086 12.80023 1.24550 179 179 179
-2.72524 12.79983 1.12786 174 174 174
-2.76998 12.79787 1.01027 175 175 175
-2.79403 12.80157 0.88633 178 178 178
-2.83396 12.80083 0.76706 173 173 173
-2.86203 12.79868 0.64454 171 171 171
-2.87507 12.80486 0.51936 172 172 172
-2.90341 12.80347 0.39652 166 166 166
-2.91744 12.79874 0.27147 169 169 169
-2.92541 12.80044 0.14585 171 171 171
-2.92349 12.79661 0.02000 176 176 176
-2.92036 12.80125 -0.10565 168 168 168
-2.91202 12.79827 -0.23104 174 174 174
-2.90166 12.80206 -0.35631 169 169 169
-2.88076 12.80397 -0.48026 160 160 160
-2.86404 12.80034 -0.60494 162 162 162
-2.83544 12.80013 -0.72741 161 161 161
-2.80514 12.80050 -0.84947 158 158 158
-2.77055 12.80150 -0.97045 158 158 158
-2.72708 12.79712 -1.08854 157 157 157
-2.68229 12.80008 -1.20609 157 157 157
-2.63071 12.79630 -1.32082 161 161 161
-2.56922 12.79600 -1.43060 149 149 149
-2.51572 12.80162 -1.54442 156 156 156
-2.45385 12.80071 -1.65393 147 147 147
-2.39321 12.80107 -1.76468 154 154 154
-2.31281 12.79357 -1.86215 145 145 145
-2.23768 12.80425 -1.96301 151 151 151
-2.15692 12.80207 -2.05940 159 159 159
-2.07728 12.80028 -2.15697 150 150 150
-1.98034 12.80479 -2.23809 145 145 145
-1.89594 12.80134 -2.33149 145 145 145
-1.80306 12.80115 -2.41632 139 139 139
-1.70358 12.79490 -2.49330 150 150 150
-1.60544 12.79845 -2.57199 143 143 143
-1.50052 12.80433 -2.64137 141 141 141
-1.39532 12.80297 -2.71020 141 141 141
-1.28400 12.80054 -2.76871 139 139 139
-1.17362 12.80367 -2.82848 140 140 140
-1.05908 12.80322 -2.87980 148 148 148
-0.94643 12.79696 -2.93544 138 138 138
-0.83026 12.79622 -2.98338 134 134 134
-0.71344 12.80177 -3.03056 141 141 141
-0.59023 12.79925 -3.05763 144 144 144
-0.46967 12.80693 -3.09324 137 137 137
-0.34705 12.79937 -3.12111 136 136 136
-0.22364 12.79218 -3.14566 150 150 150
-0.09915 12.79693 -3.16446 141 141 141
0.02678 12.79708 -3.16884 139 139 139
0.15225 12.79922 -3.17433 144 144 144
0.27775 12.80141 -3.17861 137 137 137
0.40321 12.79732 -3.17312 132 132 132
0.52842 12.79988 -3.16509 138 138 138
0.65380 12.79838 -3.15719 144 144 144
0.77883 12.79910 -3.14372 145 145 145
0.90154 12.79687 -3.11599 143 143 143
1.02412 12.80370 -3.08887 140 140 140
1.14587 12.80257 -3.05812 140 140 140
1.26757 12.79907 -3.02634 135 135 135
1.38274 12.79707 -2.97519 146 146 146
1.50441 12.79869 -2.94141 142 142 142
1.61592 12.80242 -2.88271 143 143 143
1.73213 12.80083 -2.83437 138 138 138
1.84079 12.80076 -2.77102 143 143 143
1.94868 12.80156 -2.70672 144 144 144
2.05370 12.79638 -2.63790 149 149 149
2.16125 12.80226 -2.57241 143 143 143
2.26272 12.80039 -2.49792 142 142 142
2.35863 12.80131 -2.41639 147 147 147
2.44912 12.79969 -2.32897 147 147 147
2.54213 12.79847 -2.24438 144 144 144
2.63096 12.80142 -2.15528 153 153 153
2.70579 12.80292 -2.05374 149 149 149
2.79164 12.79970 -1.96179 148 148 148
2.85863 12.80025 -1.85512 151 151 151
2.93572 12.80289 -1.75600 149 149 149
3.00396 12.80293 -1.65062 147 147 147
3.06839 12.80027 -1.54283 155 155 155
3.12710 12.80401 -1.43182 165 165 165
3.18426 12.80176 -1.31992 158 158 158
3.23641 12.80319 -1.20552 156 156 156
3.27706 12.79740 -1.08650 153 153 153
3.31927 12.80203 -0.96825 153 153 153
3.35156 12.80525 -0.84690 157 157 157
3.38858 12.80430 -0.72684 163 163 163
3.41962 12.80095 -0.60496 158 158 158
3.44253 12.79558 -0.48125 160 160 160
3.45238 12.79967 -0.35574 160 160 160
3.46855 12.79713 -0.23112 165 165 165
3.48263 12.80383 -0.10592 164 164 164
3.49183 13.19880 0.02063 163 163 163
3.48793 13.20267 0.14648 167 167 167
3.47087 13.19807 0.27138 169 169 169
3.46270 13.20069 0.39676 168 168 168
3.44900 13.19291 0.52179 174 174 174
3.42121 13.19833 0.64450 172 172 172
3.39486 13.19799 0.76729 175 175 175
3.36918 13.20078 0.89051 180 180 180
3.33602 13.20037 1.01203 183 183 183
3.29226 13.20084 1.13014 174 174 174
3.24665 13.20137 1.24747 180 180 180
3.19146 13.19839 1.36062 178 178 178
3.13087 13.19942 1.47077 182 182 182
3.06892 13.19824 1.57981 181 181 181
3.01782 13.19780 1.69543 181 181 181
2.94303 13.19946 1.79680 179 179 179
2.87023 13.19800 1.89905 184 184 184
2.80034 13.20179 2.00372 178 178 178
2.71750 13.19666 2.09836 183 183 183
2.63714 13.20234 2.19512 189 189 189
2.55315 13.20474 2.28898 181 181 181
2.45663 13.20008 2.37011 189 189 189
2.36428 13.20033 2.45539 189 189 189
2.26766 13.19979 2.53588 188 188 188
2.16004 13.20065 2.60168 193 193 193
2.06003 13.19570 2.67745 193 193 193
1.95891 13.19904 2.75253 194 194 194
1.84998 13.20011 2.81546 198 198 198
1.73716 13.19838 2.87105 187 187 187
1.62379 13.20556 2.92513 194 194 194
1.50893 13.19861 2.97595 196 196 196
1.39264 13.19986 3.02356 189 189 189
1.27385 13.20233 3.06463 197 197 197
1.15306 13.19854 3.09928 190 190 190
1.03156 13.19741 3.13113 199 199 199
0.90894 13.20143 3.15844 194 194 194
0.78536 13.20045 3.18108 195 195 195
0.66122 13.19701 3.20104 198 198 198
0.53576 13.19561 3.20947 196 196 196
0.41025 13.19647 3.21367 193 193 193
0.28479 13.20147 3.21901 193 193 193
0.15905 13.19768 3.22110 197 197 197
0.03361 13.19615 3.21219 191 191 191
-0.09129 13.20089 3.19812 199 199 199
-0.21495 13.20066 3.17590 194 194 194
-0.33936 13.20131 3.15847 194 194 194
-0.46376 13.20183 3.13857 191 191 191
-0.58444 13.19781 3.10271 195 195 195
-0.70100 13.19887 3.05457 192 192 192
-0.82291 13.20281 3.02319 200 200 200
-0.93698 13.19834 2.97025 194 194 194
-1.05505 13.19984 2.92696 194 194 194
-1.17075 13.20054 2.87729 183 183 183
-1.28095 13.19808 2.81647 187 187 187
-1.38775 13.20047 2.74996 194 194 194
-1.49722 13.20576 2.68760 199 199 199
-1.59397 13.20049 2.60652 191 191 191
-1.69539 13.19979 2.53248 192 192 192
-1.79473 13.19804 2.45543 194 194 194
-1.88378 13.20039 2.36657 184 184 184
-1.98078 13.20395 2.28620 188 188 188
-2.06351 13.19609 2.19138 186 186 186
-2.14784 13.20358 2.09829 190 190 190
-2.22390 13.20157 1.99832 181 181 181
-2.30587 13.20129 1.90285 187 187 187
-2.37774 13.19884 1.79968 193 193 193
-2.43869 13.20313 1.68958 184 184 184
-2.51075 13.19877 1.58620 178 178 178
-2.56160 13.20096 1.47093 175 175 175
-2.62070 13.20210 1.36008 179 179 179
-2.67917 13.19969 1.24834 181 181 181
-2.71752 13.19871 1.12824 180 180 180
-2.75285 13.19869 1.00761 173 173 173
-2.78973 13.20118 0.88773 175 175 175
-2.82430 13.20141 0.76705 171 171 171
-2.85042 13.20483 0.64426 166 166 166
-2.87009 13.20303 0.52031 174 174 174
-2.89407 13.19856 0.39687 176 176 176
-2.90851 13.20167 0.27194 168 168 168
-2.91805 13.19858 0.14647 170 170 170
-2.90842 13.19904 0.02063 169 169 169
-2.91403 13.19916 -0.10506 165 165 165
-2.90779 13.19773 -0.23064 171 171 171
-2.88984 13.19752 -0.35512 159 159 159
-2.86946 13.19784 -0.47896 160 160 160
-2.85452 13.19882 -0.60382 167 167 167
-2.82430 13.19810 -0.72580 172 172 172
-2.79817 13.19881 -0.84886 154 154 154
-2.75291 13.19667 -0.96639 157 157 157
-2.71914 13.20042 -1.08758 155 155 155
-2.67480 13.20075 -1.20528 151 151 151
-2.62475 13.19565 -1.32069 149 149 149
-2.57006 13.20134 -1.43399 153 153 153
-2.50195 13.19761 -1.54003 152 152 152
-2.44808 13.19861 -1.65408 158 158 158
-2.37964 13.19791 -1.75969 157 157 157
-2.31211 13.20225 -1.86613 151 151 151
-2.22539 13.19800 -1.95824 154 154 154
-2.14604 13.20571 -2.05550 145 145 145
-2.06077 13.20228 -2.14760 153 153 153
-1.98204 13.19923 -2.24621 152 152 152
-1.87963 13.20165 -2.32084 146 146 146
-1.78784 13.19998 -2.40612 148 148 148
-1.69383 13.19924 -2.48925 146 146 146
-1.58761 13.19734 -2.55652 137 137 137
-1.49789 13.19855 -2.64735 143 143 143
-1.38340 13.19854 -2.70162 139 139 139
-1.27981 13.19980 -2.77318 150 150 150
-1.16971 13.20206 -2.83400 142 142 142
-1.05472 13.20285 -2.88501 138 138 138
-0.93971 13.19669 -2.93560 145 145 145
-0.81991 13.19973 -2.97381 141 141 141
-0.70463 13.19781 -3.02451 142 142 142
-0.58269 13.19906 -3.05522 141 141 141
-0.46152 13.19620 -3.08801 142 142 142
-0.34088 13.20508 -3.12483 149 149 149
-0.21415 13.19660 -3.12956 141 141 141
-0.09153 13.19910 -3.15888 136 136 136
0.03328 13.20237 -3.17514 139 139 139
0.15919 13.19557 -3.17618 137 137 137
0.28479 13.19702 -3.17962 138 138 138
0.41032 13.20188 -3.17435 138 138 138
0.53552 13.20314 -3.16516 140 140 140
0.66102 13.19975 -3.15814 137 137 137
0.78417 13.19892 -3.13229 140 140 140
0.90996 13.20017 -3.12232 138 138 138
1.03232 13.19652 -3.09306 154 154 154
1.15266 13.19687 -3.05660 143 143 143
1.27548 13.19831 -3.02838 138 138 138
1.39492 13.19850 -2.98852 138 138 138
1.50689 13.20000 -2.92977 144 144 144
1.62320 13.20013 -2.88261 144 144 144
1.73953 13.19851 -2.83446 142 142 142
1.84868 13.19864 -2.77190 140 140 140
1.95570 13.19846 -2.70604 142 142 142
2.06642 13.19731 -2.64577 142 142 142
2.16691 13.19689 -2.56989 144 144 144
2.26869 13.19921 -2.49594 145 145 145
2.35476 13.20147 -2.40300 144 144 144
2.45441 13.19515 -2.32645 146 146 146
2.54485 13.20050 -2.23943 149 149 149
2.62643 13.20246 -2.14396 149 149 149
2.72004 13.19888 -2.05927 144 144 144
2.79937 13.20244 -1.96171 147 147 147
2.87241 13.20611 -1.85939 146 146 146
2.94392 13.20001 -1.75615 147 147 147
3.01037 13.19793 -1.64961 155 155 155
3.07567 13.19763 -1.54234 146 146 146
3.13421 13.20286 -1.43123 159 159 159
3.19439 13.19992 -1.32072 161 161 161
3.24077 13.20458 -1.20378 159 159 159
3.29050 13.20186 -1.08824 161 161 161
3.32985 13.19618 -0.96877 161 161 161
3.35922 13.20031 -0.84645 160 160 160
3.38856 13.19837 -0.72452 165 165 165
3.42792 13.20181 -0.60458 160 160 160
3.43860 13.19939 -0.47889 162 162 162
3.46022 13.20282 -0.35521 167 167 167
3.46107 13.19988 -0.22935 155 155 155
3.48170 13.19837 -0.10498 163 163 163
3.49505 13.60445 0.02125 167 167 167
3.48488 13.59954 0.14671 172 172 172
3.49095 13.60004 0.27304 166 166 166
3.47053 13.59542 0.39749 176 176 176
3.45948 13.59993 0.52298 170 170 170
3.43034 13.59941 0.64557 173 173 173
3.40943 13.59291 0.76975 181 181 181
3.36923 13.59884 0.88920 175 175 175
3.34099 13.60278 1.01203 179 179 179
3.29863 13.60008 1.13057 175 175 175
3.25454 13.59702 1.24850 178 178 178
3.20017 13.60267 1.36208 183 183 183
3.14258 13.60014 1.47385 186 186 186
3.07435 13.60080 1.57962 180 180 180
3.02250 13.59731 1.69469 182 182 182
2.95657 13.59500 1.80186 187 187 187
2.87652 13.60217 1.89924 189 189 189
2.80420 13.59790 2.00195 183 183 183
2.72870 13.59811 2.10265 189 189 189
2.64290 13.59632 2.19469 187 187 187
2.55626 13.59646 2.28582 184 184 184
2.46493 13.60218 2.37225 186 186 186
2.36577 13.60314 2.44968 188 188 188
2.27204 13.59970 2.53331 188 188 188
2.17338 13.60363 2.61117 194 194 194
2.06836 13.59982 2.68023 184 184 184
1.96231 13.59835 2.74745 193 193 193
1.85594 13.59732 2.81441 190 190 190
1.74056 13.60097 2.86481 187 187 187
1.63121 13.59857 2.92689 195 195 195
1.51856 13.60050 2.98318 187 187 187
1.39697 13.60366 3.01723 195 195 195
1.28104 13.60234 3.06614 197 197 197
1.16158 13.60062 3.10563 193 193 193
1.03795 13.60028 3.12966 197 197 197
0.91725 13.59545 3.16613 196 196 196
0.79407 13.59943 3.19312 194 194 194
0.66767 13.59901 3.19786 196 196 196
0.54253 13.59892 3.20845 200 200 200
0.41724 13.59730 3.21657 202 202 202
0.29169 13.60147 3.21783 199 199 199
0.16607 13.59713 3.21842 197 197 197
0.04065 13.60010 3.21102 192 192 192
-0.08498 13.59906 3.20376 196 196 196
-0.20850 13.59981 3.17936 185 185 185
-0.33373 13.59870 3.16545 191 191 191
-0.45523 13.60053 3.13240 192 192 192
-0.57906 13.60122 3.10870 193 193 193
-0.69859 13.60290 3.06902 198 198 198
-0.81899 13.60663 3.03189 197 197 197
-0.93320 13.59903 2.97839 193 193 193
-1.04828 13.59595 2.92787 192 192 192
-1.16187 13.60144 2.87402 188 188 188
-1.27174 13.60254 2.81295 190 190 190
-1.38025 13.60224 2.74961 188 188 188
-1.49182 13.59918 2.69047 188 188 188
-1.58753 13.60285 2.60778 189 189 189
-1.68598 13.60089 2.52991 194 194 194
-1.78753 13.59473 2.45571 187 187 187
-1.87895 13.60018 2.36944 190 190 190
-1.97604 13.59853 2.28898 181 181 181
-2.05599 13.60044 2.19142 182 182 182
-2.14588 13.60137 2.10313 184 184 184
-2.22128 13.60110 2.00232 187 187 187
-2.29456 13.59811 1.90027 183 183 183
-2.37654 13.60094 1.80410 185 185 185
-2.43704 13.59600 1.69342 185 185 185
-2.50175 13.60094 1.58565 180 180 180
-2.56262 13.60055 1.47559 181 181 181
-2.61937 13.60384 1.36327 180 180 180
-2.66620 13.60104 1.24645 176 176 176
-2.70750 13.60105 1.12771 181 181 181
-2.75292 13.59530 1.01050 178 178 178
-2.78045 13.59888 0.88768 172 172 172
-2.82190 13.60157 0.76876 174 174 174
-2.84365 13.59928 0.64491 168 168 168
-2.87490 13.59880 0.52279 170 170 170
-2.88925 13.60013 0.39774 166 166 166
-2.89979 13.60107 0.27243 173 173 173
-2.90315 13.60089 0.14678 172 172 172
-2.91402 13.59599 0.02125 171 171 171
-2.91686 13.60489 -0.10481 161 161 161
-2.89749 13.59800 -0.22974 161 161 161
-2.88352 13.59677 -0.35456 162 162 162
-2.87033 13.59871 -0.47957 163 163 163
-2.84109 13.59515 -0.60190 154 154 154
-2.81685 13.59817 -0.72505 169 169 169
-2.78673 13.59826 -0.84695 161 161 161
-2.75324 13.59645 -0.96811 158 158 158
-2.70561 13.60012 -1.08451 158 158 158
-2.66310 13.60189 -1.20267 157 157 157
-2.60554 13.60021 -1.31439 160 160 160
-2.56041 13.60122 -1.43197 151 151 151
-2.49853 13.59826 -1.54135 160 160 160
-2.43665 13.60069 -1.65068 152 152 152
-2.37325 13.60321 -1.75941 149 149 149
-2.28773 13.60130 -1.85281 156 156 156
-2.22245 13.59768 -1.96074 152 152 152
-2.14202 13.59756 -2.05734 153 153 153
-2.05533 13.59909 -2.14831 146 146 146
-1.97464 13.60174 -2.24508 148 148 148
-1.88009 13.59913 -2.32817 149 149 149
-1.79156 13.59913 -2.41792 144 144 144
-1.69145 13.59783 -2.49435 144 144 144
-1.59100 13.59769 -2.57005 145 145 145
-1.48720 13.61004 -2.64105 151 151 151
-1.37781 13.60309 -2.70313 141 141 141
-1.26969 13.59699 -2.76679 143 143 143
-1.16207 13.60092 -2.83191 146 146 146
-1.04713 13.59789 -2.88288 140 140 140
-0.93368 13.59997 -2.93707 148 148 148
-0.81594 13.59780 -2.98110 145 145 145
-0.70096 13.59934 -3.03380 140 140 140
-0.57790 13.60236 -3.06210 147 147 147
-0.45588 13.60263 -3.09259 139 139 139
-0.33279 13.60292 -3.11823 151 151 151
-0.20806 13.60353 -3.13406 147 147 147
-0.08488 13.59637 -3.16038 140 140 140
0.04109 13.59928 -3.16290 133 133 133
0.16598 13.59908 -3.17828 139 139 139
0.29169 13.59652 -3.17463 143 143 143
0.41727 13.60044 -3.17496 141 141 141
0.54328 13.59824 -3.17553 146 146 146
0.66817 13.59647 -3.15960 136 136 136
0.79316 13.59847 -3.14493 143 143 143
0.91762 13.59688 -3.12551 139 139 139
1.03975 13.60301 -3.09466 143 143 143
1.16048 13.59640 -3.05924 139 139 139
1.28042 13.59939 -3.02174 145 145 145
1.40194 13.60007 -2.98822 138 138 138
1.51647 13.60147 -2.93563 143 143 143
1.63175 13.60432 -2.88557 143 143 143
1.74838 13.59769 -2.83767 139 139 139
1.85072 13.59817 -2.76260 143 143 143
1.96082 13.60087 -2.70251 142 142 142
2.06915 13.59870 -2.63890 140 140 140
2.17186 13.59914 -2.56658 138 138 138
2.27581 13.59998 -2.49560 149 149 149
2.36891 13.59966 -2.41086 141 141 141
2.46211 13.59910 -2.32670 148 148 148
2.56232 13.60208 -2.24938 153 153 153
2.64538 13.60070 -2.15448 143 143 143
2.72773 13.60160 -2.05933 144 144 144
2.79730 13.59611 -1.95401 153 153 153
2.88692 13.59641 -1.86429 154 154 154
2.95277 13.59920 -1.75683 147 147 147
3.01785 13.60039 -1.64934 152 152 152
3.08429 13.60515 -1.54268 155 155 155
3.14211 13.59854 -1.43111 156 156 156
3.19281 13.60090 -1.31618 152 152 152
3.24162 13.60132 -1.20065 155 155 155
3.29450 13.59711 -1.08655 162 162 162
3.33840 13.60280 -0.96868 156 156 156
3.36989 13.59964 -0.84689 160 160 160
3.40191 13.59993 -0.72545 161 161 161
3.42605 13.59927 -0.60221 161 161 161
3.45596 13.60325 -0.47992 156 156 156
3.46395 13.60173 -0.35421 166 166 166
3.48011 13.59858 -0.22968 165 165 165
3.49524 13.59801 -0.10462 163 163 163
3.50168 14.00406 0.02188 162 162 162
3.50136 13.99972 0.14772 168 168 168
3.48898 13.99947 0.27298 173 173 173
3.47955 14.00374 0.39838 170 170 170
3.45585 13.99581 0.52196 171 171 171
3.43607 14.00458 0.64599 172 172 172
3.41297 13.99831 0.76961 172 172 172
3.38298 13.99858 0.89181 172 172 172
3.33981 14.00030 1.01008 177 177 177
3.30953 14.00330 1.13272 173 173 173
3.25596 13.99920 1.24692 177 177 177
3.20811 13.99803 1.36325 182 182 182
3.14698 14.00255 1.47328 175 175 175
3.09600 13.99571 1.58859 182 182 182
3.02449 14.00211 1.69240 183 183 183
2.95408 13.99980 1.79632 179 179 179
2.89129 13.99906 1.90569 186 186 186
2.81030 14.00104 2.00207 190 190 190
2.73116 14.00217 2.09962 192 192 192
2.64297 13.99881 2.18914 175 175 175
2.56670 14.00236 2.29014 189 189 189
2.46310 14.00384 2.36359 187 187 187
2.37555 14.00244 2.45386 190 190 190
2.27605 14.00111 2.53046 188 188 188
2.18408 13.99399 2.61724 190 190 190
2.07614 13.99798 2.68240 193 193 193
1.96586 14.00259 2.74286 197 197 197
1.86085 13.99916 2.81176 195 195 195
1.74719 13.99380 2.86520 189 189 189
1.63667 14.00316 2.92471 186 186 186
1.52388 13.99656 2.98035 190 190 190
1.40688 13.99771 3.02642 195 195 195
1.28774 13.99995 3.06664 194 194 194
1.16848 14.00077 3.10680 195 195 195
1.04534 14.00097 3.13293 195 195 195
0.92276 13.99976 3.16053 196 196 196
0.80009 13.99660 3.18915 199 199 199
0.67479 14.00281 3.20163 202 202 202
0.54890 13.99981 3.20424 203 203 203
0.42463 14.00031 3.23358 196 196 196
0.29844 14.00422 3.21161 199 199 199
0.17286 13.99994 3.21799 195 195 195
0.04750 13.99981 3.21040 200 200 200
-0.07835 13.99774 3.20533 198 198 198
-0.20241 14.00332 3.18413 194 194 194
-0.32667 14.00145 3.16452 196 196 196
-0.44923 14.00107 3.13616 201 201 201
-0.57201 14.00333 3.10826 191 191 191
-0.69083 14.00297 3.06655 196 196 196
-0.80899 14.00178 3.02369 196 196 196
-0.92691 14.00171 2.98014 201 201 201
-1.04025 14.00095 2.92572 196 196 196
-1.15419 14.00323 2.87283 193 193 193
-1.26364 14.00344 2.81116 201 201 201
-1.36618 13.99993 2.73829 197 197 197
-1.48282 13.99903 2.68771 185 185 185
-1.58060 13.99736 2.60815 189 189 189
-1.67992 13.99700 2.53141 187 187 187
-1.77287 14.00123 2.44707 188 188 188
-1.87742 14.00245 2.37570 188 188 188
-1.97052 14.00147 2.29084 181 181 181
-2.04809 14.00144 2.19098 185 185 185
-2.13948 14.00089 2.10405 190 190 190
-2.21570 13.99525 2.00386 184 184 184
-2.29138 14.00193 1.90349 180 180 180
-2.35362 14.00008 1.79392 186 186 186
-2.43004 13.99512 1.69389 180 180 180
-2.49054 13.99966 1.58378 173 173 173
-2.55771 13.99878 1.47716 175 175 175
-2.61030 13.99861 1.36282 174 174 174
-2.66206 13.99658 1.24815 172 172 172
-2.70908 13.99896 1.13141 178 178 178
-2.74581 13.99832 1.01101 170 170 170
-2.77921 13.99885 0.88986 177 177 177
-2.82110 14.00219 0.77081 174 174 174
-2.85093 14.00081 0.64832 170 170 170
-2.87327 13.99920 0.52422 174 174 174
-2.87757 13.99708 0.39778 167 167 167
-2.88978 14.00075 0.27279 166 166 166
-2.89926 14.00204 0.14751 168 168 168
-2.89343 14.00264 0.02188 162 162 162
-2.89924 13.99804 -0.10376 170 170 170
-2.89322 13.99942 -0.22931 164 164 164
-2.87696 13.99385 -0.35396 167 167 167
-2.86322 14.00109 -0.47888 162 162 162
-2.84168 13.99655 -0.60273 161 161 161
-2.81381 14.00149 -0.72531 160 160 160
-2.78376 14.00066 -0.84739 161 161 161
-2.73926 14.00279 -0.96513 154 154 154
-2.70784 13.99794 -1.08720 161 161 161
-2.65425 13.99890 -1.20117 154 154 154
-2.61479 13.99771 -1.32114 149 149 149
-2.55417 14.00143 -1.43160 151 151 151
-2.49794 13.99838 -1.54417 156 156 156
-2.43667 14.00193 -1.65420 145 145 145
-2.36246 13.99822 -1.75608 145 145 145
-2.28789 13.99613 -1.85721 157 157 157
-2.20724 13.99708 -1.95345 150 150 150
-2.12912 14.00025 -2.05146 158 158 158
-2.05632 14.00087 -2.15484 148 148 148
-1.96078 13.99990 -2.23734 144 144 144
-1.87536 14.00057 -2.32973 150 150 150
-1.78273 14.00419 -2.41486 144 144 144
-1.67963 13.99762 -2.48730 142 142 142
-1.58309 14.00099 -2.56783 151 151 151
-1.48069 13.99382 -2.64078 149 149 149
-1.37376 14.00190 -2.70690 147 147 147
-1.26921 14.00104 -2.77736 150 150 150
-1.15355 13.99358 -2.82781 140 140 140
-1.04316 14.00087 -2.88827 142 142 142
-0.92494 14.00293 -2.93162 141 141 141
-0.80896 13.99962 -2.97987 142 142 142
-0.69105 13.99768 -3.02347 137 137 137
-0.57114 13.99954 -3.06142 137 137 137
-0.44792 13.99738 -3.08692 143 143 143
-0.32806 13.99972 -3.12775 138 138 138
-0.20342 14.00080 -3.14676 143 143 143
-0.07771 13.99692 -3.15623 132 132 132
0.04760 13.99806 -3.16530 137 137 137
0.17299 14.00017 -3.17094 136 136 136
0.29844 13.99806 -3.17847 137 137 137
0.42375 14.00187 -3.16743 135 135 135
0.54921 13.99786 -3.16452 139 139 139
0.67448 13.99992 -3.15527 139 139 139
0.79876 13.99656 -3.13706 139 139 139
0.92233 14.00078 -3.11466 139 139 139
1.04527 13.99956 -3.08889 135 135 135
1.16767 14.00168 -3.06017 144 144 144
1.28595 13.99766 -3.01736 140 140 140
1.40493 14.00322 -2.97741 141 141 141
1.52758 14.00083 -2.94553 138 138 138
1.63846 13.99857 -2.88485 144 144 144
1.74994 14.00013 -2.82686 142 142 142
1.86294 13.99789 -2.77174 144 144 144
1.96837 13.99887 -2.70320 147 147 147
2.07493 14.00217 -2.63683 139 139 139
2.17470 14.00043 -2.56058 144 144 144
2.27998 13.99998 -2.49170 143 143 143
2.37895 13.99866 -2.41409 149 149 149
2.46572 14.00013 -2.32268 145 145 145
2.55762 14.00144 -2.23731 146 146 146
2.64276 14.00076 -2.14519 146 146 146
2.72924 14.00094 -2.05422 148 148 148
2.81015 13.99464 -1.95819 147 147 147
2.89203 13.99697 -1.86248 146 146 146
2.96482 13.99945 -1.75975 153 153 153
3.02561 13.99919 -1.64934 159 159 159
3.08590 14.00082 -1.53918 156 156 156
3.13964 14.00093 -1.42579 158 158 158
3.20006 14.00023 -1.31579 156 156 156
3.25732 14.00518 -1.20373 160 160 160
3.29830 13.99951 -1.08483 162 162 162
3.33641 13.99980 -0.96522 159 159 159
3.37505 14.00204 -0.84582 167 167 167
3.41641 14.00215 -0.72668 163 163 163
3.44565 14.00116 -0.60415 165 165 165
3.46134 13.99754 -0.47908 165 165 165
3.48277 13.99857 -0.35502 158 158 158
3.49327 13.99551 -0.22956 161 161 161
3.50426 13.99744 -0.10408 168 168 168
3.50458 14.40239 0.02250 171 171 171
3.50666 14.39906 0.14829 167 167 167
3.49279 14.39826 0.27338 171 171 171
3.48752 14.39692 0.39917 175 175 175
3.46901 14.39628 0.52362 172 172 172
3.44888 14.39939 0.64785 178 178 178
3.40840 14.40159 0.76755 178 178 178
3.38034 14.39818 0.88983 178 178 178
3.34696 14.40342 1.01088 178 178 178
3.31270 14.39834 1.13209 173 173 173
3.26658 14.39866 1.24921 184 184 184
3.21324 14.40073 1.36320 174 174 174
3.15014 14.39844 1.47215 181 181 181
3.09488 14.40040 1.58489 183 183 183
3.03498 14.40127 1.69541 182 182 182
2.97101 14.40078 1.80385 183 183 183
2.89298 14.40530 1.90275 180 180 180
2.81536 14.40338 2.00148 182 182 182
2.73331 14.40023 2.09644 188 188 188
2.65558 14.39833 2.19532 188 188 188
2.57354 14.39885 2.29101 188 188 188
2.47532 14.39958 2.37030 189 189 189
2.37918 14.40049 2.45101 193 193 193
2.28877 14.40672 2.53885 190 190 190
2.19388 14.39647 2.62227 185 185 185
2.08255 14.39828 2.68274 192 192 192
1.97522 14.39808 2.74800 189 189 189
1.86656 14.39632 2.81081 196 196 196
1.75671 14.39792 2.87158 191 191 191
1.64451 14.40172 2.92805 188 188 188
1.53147 14.40056 2.98337 191 191 191
1.41431 14.39570 3.02932 192 192 192
1.28997 14.39989 3.05382 196 196 196
1.17638 14.39905 3.11204 193 193 193
1.05165 14.40391 3.13238 193 193 193
0.93156 14.40091 3.17225 191 191 191
0.80546 14.40044 3.18204 202 202 202
0.68146 14.40070 3.20289 203 203 203
0.55609 14.40372 3.21246 194 194 194
0.43066 14.40094 3.21992 199 199 199
0.30504 14.40064 3.22304 199 199 199
0.17994 14.40506 3.20641 194 194 194
0.05360 14.39723 3.21734 191 191 191
-0.07086 14.40321 3.19843 194 194 194
-0.19563 14.40078 3.18359 192 192 192
-0.31878 14.39933 3.15863 192 192 192
-0.43997 14.39458 3.12566 196 196 196
-0.56358 14.40201 3.10239 195 195 195
-0.68780 14.40283 3.07814 190 190 190
-0.80619 14.40081 3.03461 194 194 194
-0.92098 14.39622 2.98235 186 186 186
-1.03369 14.40057 2.92642 184 184 184
-1.14635 14.40282 2.87101 195 195 195
-1.25699 14.39585 2.81170 193 193 193
-1.36778 14.39905 2.75229 195 195 195
-1.47286 14.40758 2.68330 188 188 188
-1.57397 14.39873 2.60873 186 186 186
-1.67417 14.39846 2.53312 191 191 191
-1.77594 14.39953 2.45901 191 191 191
-1.86339 14.40403 2.36829 182 182 182
-1.95496 14.40285 2.28250 180 180 180
-2.04127 14.39818 2.19140 181 181 181
-2.13107 14.40199 2.10313 183 183 183
-2.20058 14.39896 1.99776 191 191 191
-2.28168 14.40153 1.90186 191 191 191
-2.35663 14.39899 1.80097 186 186 186
-2.42123 14.39827 1.69316 179 179 179
-2.48660 14.39922 1.58589 179 179 179
-2.54360 14.39826 1.47395 178 178 178
-2.60223 14.40249 1.36277 175 175 175
-2.64547 14.39892 1.24464 179 179 179
-2.69582 14.40307 1.12957 181 181 181
-2.74126 14.39651 1.01230 180 180 180
-2.77053 14.40093 0.88990 180 180 180
-2.80569 14.40430 0.76932 174 174 174
-2.83028 14.40145 0.64615 176 176 176
-2.85674 14.40116 0.52328 168 168 168
-2.86791 14.39942 0.39804 170 170 170
-2.89182 14.39713 0.27410 174 174 174
-2.88361 14.39651 0.14778 171 171 171
-2.90252 14.39565 0.02250 169 169 169
-2.88830 14.39939 -0.10297 164 164 164
-2.88564 14.39922 -0.22861 165 165 165
-2.88284 14.39794 -0.35481 164 164 164
-2.85383 14.40060 -0.47781 163 163 163
-2.83502 14.39978 -0.60210 164 164 164
-2.80742 14.39785 -0.72473 155 155 155
-2.77186 14.39891 -0.84527 156 156 156
-2.73408 14.39963 -0.96497 153 153 153
-2.69989 14.40339 -1.08608 153 153 153
-2.64728 14.40363 -1.20039 155 155 155
-2.59850 14.40024 -1.31605 157 157 157
-2.54165 14.40008 -1.42796 157 157 157
-2.48296 14.40111 -1.53885 158 158 158
-2.41111 14.39965 -1.64196 151 151 151
-2.35554 14.39886 -1.75524 147 147 147
-2.28313 14.40163 -1.85791 149 149 149
-2.20659 14.39808 -1.95750 144 144 144
-2.13006 14.40093 -2.05727 143 143 143
-2.04389 14.39976 -2.14882 154 154 154
-1.95217 14.39676 -2.23470 150 150 150
-1.86506 14.39806 -2.32510 151 151 151
-1.77344 14.40070 -2.41109 149 149 149
-1.68037 14.40044 -2.49597 143 143 143
-1.57621 14.39691 -2.56682 144 144 144
-1.47243 14.39931 -2.63766 149 149 149
-1.36764 14.39855 -2.70706 147 147 147
-1.26046 14.39786 -2.77289 141 141 141
-1.14931 14.39681 -2.83181 136 136 136
-1.03183 14.40129 -2.87739 139 139 139
-0.91852 14.39817 -2.93142 147 147 147
-0.80217 14.39905 -2.97871 145 145 145
-0.68102 14.40050 -3.01227 141 141 141
-0.56389 14.40226 -3.05847 140 140 140
-0.44243 14.39837 -3.09093 134 134 134
-0.31938 14.39794 -3.11662 138 138 138
-0.19572 14.39971 -3.13916 133 133 133
-0.07096 14.39778 -3.15430 135 135 135
0.05436 14.40228 -3.16263 140 140 140
0.17947 14.40237 -3.17324 136 136 136
0.30504 14.40426 -3.17034 134 134 134
0.43058 14.39914 -3.17292 141 141 141
0.55585 14.40068 -3.16445 142 142 142
0.68131 14.39926 -3.15665 140 140 140
0.80590 14.40182 -3.13982 136 136 136
0.92711 14.39846 -3.10489 140 140 140
1.05209 14.39934 -3.08923 138 138 138
1.17338 14.40338 -3.05641 143 143 143
1.29428 14.40193 -3.02208 144 144 144
1.41148 14.39918 -2.97666 140 140 140
1.52830 14.39999 -2.93071 141 141 141
1.64360 14.39417 -2.88108 147 147 147
1.75625 14.40230 -2.82566 143 143 143
1.87208 14.39545 -2.77565 151 151 151
1.97619 14.40059 -2.70457 149 149 149
2.08555 14.39777 -2.64224 144 144 144
2.18819 14.40377 -2.56944 144 144 144
2.28399 14.40130 -2.48779 148 148 148
2.38620 14.39940 -2.41423 140 140 140
2.47858 14.40457 -2.32883 152 152 152
2.57928 14.40291 -2.25175 148 148 148
2.65303 14.40107 -2.14797 149 149 149
2.74157 14.39993 -2.05849 144 144 144
2.82311 14.40171 -1.96259 152 152 152
2.89066 14.40425 -1.85606 155 155 155
2.96335 14.40208 -1.75373 146 146 146
3.03212 14.39978 -1.64866 157 157 157
3.09913 14.40401 -1.54227 156 156 156
3.15842 14.39971 -1.43137 152 152 152
3.21318 14.39964 -1.31817 157 157 157
3.25575 14.39957 -1.19973 150 150 150
3.31198 14.39761 -1.08682 160 160 160
3.35503 14.40106 -0.96850 160 160 160
3.39309 14.40301 -0.84842 153 153 153
3.41302 14.39873 -0.72366 161 161 161
3.43380 14.39977 -0.59985 161 161 161
3.45657 14.39943 -0.47665 162 162 162
3.48240 14.40077 -0.35357 163 163 163
3.49629 14.40298 -0.22866 176 176 176
3.50236 14.39925 -0.10312 165 165 165
3.50371 14.79840 0.02313 168 168 168
3.50685 14.79271 0.14867 173 173 173
3.49289 14.80134 0.27351 170 170 170
3.48185 14.79904 0.39836 165 165 165
3.46941 14.80089 0.52329 167 167 167
3.44585 14.79772 0.64659 169 169 169
3.42775 14.80224 0.77128 175 175 175
3.38756 14.80032 0.89067 178 178 178
3.36002 14.79891 1.01366 179 179 179
3.30187 14.80151 1.12634 174 174 174
3.26673 14.79424 1.24723 175 175 175
3.21783 14.80090 1.36297 179 179 179
3.16393 14.80218 1.47652 182 182 182
3.10270 14.79728 1.58629 182 182 182
3.04210 14.79722 1.69645 180 180 180
2.97710 14.79870 1.80424 182 182 182
2.89919 14.79723 1.90321 181 181 181
2.82235 14.79932 2.00254 191 191 191
2.74345 14.80099 2.10023 187 187 187
2.65856 14.79797 2.19275 185 185 185
2.57841 14.80805 2.29006 189 189 189
2.48503 14.80121 2.37446 197 197 197
2.38572 14.79887 2.45175 190 190 190
2.29065 14.80462 2.53370 187 187 187
2.19170 14.79947 2.61104 183 183 183
2.09256 14.80214 2.68870 188 188 188
1.98472 14.79766 2.75361 190 190 190
1.87201 14.79337 2.80966 188 188 188
1.76383 14.80036 2.87353 193 193 193
1.64973 14.79948 2.92602 192 192 192
1.53590 14.80097 2.97914 188 188 188
1.41703 14.79724 3.01986 196 196 196
1.30035 14.80193 3.06658 190 190 190
1.18024 14.79824 3.10353 193 193 193
1.05999 14.79525 3.14090 187 187 187
0.93739 14.80201 3.16981 198 198 198
0.81417 14.79753 3.19698 194 194 194
0.68772 14.79693 3.20196 195 195 195
0.56315 14.80217 3.22088 190 190 190
0.43691 14.79836 3.21573 192 192 192
0.31148 14.79869 3.22438 195 195 195
0.18560 14.80072 3.22684 187 187 187
0.06019 14.79577 3.21599 194 194 194
-0.06402 14.79936 3.19565 193 193 193
-0.18973 14.79888 3.18763 196 196 196
-0.31388 14.80001 3.16702 201 201 201
-0.43603 14.79751 3.13670 199 199 199
-0.55470 14.79425 3.09437 190 190 190
-0.67494 14.79990 3.05899 196 196 196
-0.79528 14.79751 3.02313 189 189 189
-0.91110 14.79908 2.97468 192 192 192
-1.02876 14.80327 2.93032 183 183 183
-1.14406 14.79882 2.87978 189 189 189
-1.25328 14.79956 2.81720 189 189 189
-1.35778 14.79820 2.74711 195 195 195
-1.47058 14.79988 2.69016 196 196 196
-1.57176 14.79957 2.61518 189 189 189
-1.66597 14.80038 2.53150 190 190 190
-1.76951 14.80063 2.45964 188 188 188
-1.86065 14.80151 2.37292 189 189 189
-1.94654 14.80609 2.28114 189 189 189
-2.03665 14.79592 2.19371 184 184 184
-2.12640 14.80101 2.10527 191 191 191
-2.20174 14.79858 2.00438 186 186 186
-2.27738 14.79730 1.90404 182 182 182
-2.34575 14.79749 1.79863 181 181 181
-2.41536 14.80010 1.69413 182 182 182
-2.48008 14.79774 1.58647 183 183 183
-2.53988 14.80300 1.47596 172 172 172
-2.60017 14.80047 1.36541 178 178 178
-2.63990 14.79660 1.24562 178 178 178
-2.68571 14.79941 1.12885 181 181 181
-2.73251 14.79899 1.01218 175 175 175
-2.77582 14.79963 0.89383 175 175 175
-2.80942 14.79888 0.77239 176 176 176
-2.82813 14.79712 0.64763 171 171 171
-2.84761 14.79804 0.52348 165 165 165
-2.86995 14.80070 0.39967 176 176 176
-2.87948 14.80037 0.27426 174 174 174
-2.89002 14.79626 0.14891 169 169 169
-2.88861 14.79374 0.02313 173 173 173
-2.88384 14.80333 -0.10242 168 168 168
-2.88351 14.80117 -0.22833 166 166 166
-2.86422 14.80291 -0.35274 166 166 166
-2.86186 14.79859 -0.47948 161 161 161
-2.82597 14.80107 -0.60095 160 160 160
-2.79715 14.79808 -0.72319 158 158 158
-2.76731 14.79859 -0.84518 156 156 156
-2.73036 14.80263 -0.96523 163 163 163
-2.69061 14.80086 -1.08440 159 159 159
-2.64401 14.79869 -1.20108 158 158 158
-2.59713 14.80363 -1.31776 155 155 155
-2.54370 14.80209 -1.43166 149 149 149
-2.48251 14.79979 -1.54158 159 159 159
-2.41791 14.79527 -1.64945 150 150 150
-2.34500 14.79570 -1.75188 149 149 149
-2.28393 14.80253 -1.86255 146 146 146
-2.19992 14.79821 -1.95670 149 149 149
-2.12194 14.80076 -2.05521 148 148 148
-2.04308 14.79862 -2.15341 151 151 151
-1.94592 14.80051 -2.23427 147 147 147
-1.86293 14.80142 -2.32914 143 143 143
-1.76672 14.79557 -2.41013 144 144 144
-1.67155 14.80575 -2.49234 143 143 143
-1.57036 14.80192 -2.56700 157 157 157
-1.46180 14.79965 -2.63076 137 137 137
-1.35616 14.80023 -2.69820 139 139 139
-1.25156 14.79879 -2.76788 149 149 149
-1.14011 14.79809 -2.82577 144 144 144
-1.02971 14.79743 -2.88613 139 139 139
-0.91136 14.79799 -2.92906 137 137 137
-0.79413 14.79593 -2.97376 135 135 135
-0.67588 14.79837 -3.01564 143 143 143
-0.55866 14.79929 -3.06215 141 141 141
-0.43433 14.79537 -3.08340 139 139 139
-0.31274 14.80007 -3.11502 146 146 146
-0.18987 14.80038 -3.14226 135 135 135
-0.06348 14.80134 -3.14486 135 135 135
0.05979 14.80265 -3.17482 135 135 135
0.18589 14.80533 -3.17328 135 135 135
0.31148 14.80238 -3.17953 135 135 135
0.43739 14.80037 -3.18167 142 142 142
0.56201 14.80032 -3.16024 147 147 147
0.68801 14.79632 -3.15819 140 140 140
0.81275 14.79726 -3.14181 137 137 137
0.93602 14.79978 -3.11669 138 138 138
1.05847 14.80186 -3.08831 142 142 142
1.17904 14.80184 -3.05303 142 142 142
1.30393 14.79856 -3.03134 136 136 136
1.41902 14.79801 -2.97902 137 137 137
1.53588 14.79883 -2.93285 141 141 141
1.65169 14.79771 -2.88402 136 136 136
1.76694 14.79915 -2.83339 145 145 145
1.87355 14.79913 -2.76616 137 137 137
1.98695 14.80181 -2.71101 141 141 141
2.08803 14.79755 -2.63568 143 143 143
2.19424 14.79980 -2.56828 149 149 149
2.29295 14.79692 -2.49036 155 155 155
2.38550 14.80045 -2.40524 146 146 146
2.48334 14.79648 -2.32638 152 152 152
2.57706 14.80013 -2.24246 147 147 147
2.65522 14.79941 -2.14341 150 150 150
2.74729 14.79659 -2.05726 151 151 151
2.82261 14.79990 -1.95649 148 148 148
2.90685 14.79428 -1.86252 149 149 149
2.97133 14.79827 -1.75413 148 148 148
3.03950 14.80328 -1.64861 159 159 159
3.09950 14.80107 -1.53825 155 155 155
3.16281 14.80337 -1.42970 158 158 158
3.21985 14.79729 -1.31766 156 156 156
3.26554 14.80152 -1.20049 157 157 157
3.31451 14.79847 -1.08475 158 158 158
3.35004 14.80358 -0.96417 155 155 155
3.38477 14.79734 -0.84363 161 161 161
3.42791 14.79994 -0.72507 157 157 157
3.45149 14.80302 -0.60146 164 164 164
3.48254 14.80305 -0.47912 167 167 167
3.48424 14.80178 -0.35240 162 162 162
3.49963 14.79836 -0.22779 167 167 167
3.51086 14.80094 -0.10258 161 161 161
3.51829 15.20031 0.02375 173 173 173
3.51175 15.19881 0.14924 167 167 167
3.50879 15.20183 0.27489 177 177 177
3.48647 15.19116 0.39879 164 164 164
3.48136 15.19445 0.52482 174 174 174
3.45979 15.20046 0.64874 182 182 182
3.42644 15.19970 0.77008 173 173 173
3.39485 15.20093 0.89158 178 178 178
3.36332 15.20263 1.01331 173 173 173
3.32874 15.20043 1.13456 182 182 182
3.27465 15.19858 1.24854 179 179 179
3.22482 15.19813 1.36392 171 171 171
3.16602 15.20055 1.47501 179 179 179
3.11165 15.19947 1.58841 181 181 181
3.04844 15.19569 1.69712 176 176 176
2.98340 15.19937 1.80487 178 178 178
2.90239 15.20175 1.90159 194 194 194
2.82424 15.19881 1.99970 190 190 190
2.74899 15.20431 2.10022 190 190 190
2.66695 15.20035 2.19532 186 186 186
2.57707 15.19950 2.28306 191 191 191
2.49020 15.19619 2.37388 189 189 189
2.40289 15.19627 2.46512 191 191 191
2.29636 15.20132 2.53360 189 189 189
2.19959 15.19290 2.61387 189 189 189
2.09081 15.20147 2.67730 197 197 197
1.98547 15.20064 2.74521 191 191 191
1.88236 15.20351 2.81754 198 198 198
1.76823 15.19617 2.87045 198 198 198
1.65481 15.20090 2.92403 194 194 194
1.54477 15.20268 2.98601 194 194 194
1.42381 15.20443 3.02184 193 193 193
1.30810 15.20031 3.07171 190 190 190
1.18691 15.20321 3.10552 195 195 195
1.06694 15.19909 3.14432 195 195 195
0.94240 15.19621 3.16403 197 197 197
0.81922 15.19602 3.18984 194 194 194
0.69383 15.19648 3.20118 200 200 200
0.56877 15.19964 3.21312 198 198 198
0.44338 15.19424 3.22096 195 195 195
0.31776 15.20040 3.21593 193 193 193
0.19175 15.20049 3.23085 198 198 198
0.06665 15.19819 3.21443 200 200 200
-0.05888 15.19987 3.20591 190 190 190
-0.18382 15.20165 3.19056 194 194 194
-0.30597 15.19625 3.15946 199 199 199
-0.43028 15.20215 3.13954 192 192 192
-0.55157 15.20049 3.10616 196 196 196
-0.67251 15.20015 3.07147 196 196 196
-0.78906 15.20369 3.02392 189 189 189
-0.90562 15.20021 2.97724 195 195 195
-1.02736 15.20403 2.94153 198 198 198
-1.13209 15.20364 2.86923 192 192 192
-1.24388 15.19705 2.81225 193 193 193
-1.35282 15.19637 2.74988 191 191 191
-1.46396 15.19755 2.69029 197 197 197
-1.55758 15.20060 2.60494 187 187 187
-1.66341 15.19857 2.53684 184 184 184
-1.76075 15.20224 2.45737 195 195 195
-1.84719 15.19850 2.36578 188 188 188
-1.93762 15.19807 2.27913 184 184 184
-2.02900 15.20645 2.19307 183 183 183
-2.11458 15.20148 2.10116 184 184 184
-2.20066 15.19932 2.00911 182 182 182
-2.27173 15.19978 1.90512 183 183 183
-2.34397 15.20138 1.80226 178 178 178
-2.40529 15.19704 1.69244 184 184 184
-2.47802 15.20242 1.58946 177 177 177
-2.53251 15.20033 1.47604 186 186 186
-2.58048 15.19578 1.35986 177 177 177
-2.64534 15.20055 1.25111 178 178 178
-2.67975 15.20037 1.12959 176 176 176
-2.73334 15.19849 1.01511 185 185 185
-2.76473 15.19956 0.89310 174 174 174
-2.79005 15.19773 0.76987 178 178 178
-2.81811 15.19376 0.64751 175 175 175
-2.83378 15.19737 0.52290 180 180 180
-2.86018 15.20072 0.39988 172 172 172
-2.87095 15.19851 0.27471 167 167 167
-2.87623 15.20432 0.14924 175 175 175
-2.88590 15.19748 0.02375 163 163 163
-2.88177 15.20024 -0.10196 167 167 167
-2.86600 15.20002 -0.22682 166 166 166
-2.86225 15.20424 -0.35263 162 162 162
-2.85646 15.19319 -0.47900 159 159 159
-2.82343 15.19596 -0.60107 163 163 163
-2.79133 15.20210 -0.72268 161 161 161
-2.75868 15.20010 -0.84390 161 161 161
-2.71722 15.19612 -0.96237 160 160 160
-2.68804 15.20251 -1.08515 156 156 156
-2.63137 15.20003 -1.19782 155 155 155
-2.58485 15.20172 -1.31437 157 157 157
-2.53174 15.19934 -1.42814 147 147 147
-2.47666 15.19668 -1.54120 155 155 155
-2.41145 15.20008 -1.64871 165 165 165
-2.34079 15.19919 -1.75264 151 151 151
-2.27430 15.20221 -1.85949 152 152 152
-2.19380 15.19940 -1.95621 148 148 148
-2.12096 15.19693 -2.05911 146 146 146
-2.04348 15.20259 -2.15896 149 149 149
-1.94096 15.20398 -2.23496 150 150 150
-1.85613 15.20047 -2.32795 150 150 150
-1.76042 15.19488 -2.40948 149 149 149
-1.66110 15.19719 -2.48642 153 153 153
-1.55986 15.19908 -2.56057 142 142 142
-1.45360 15.20104 -2.62727 138 138 138
-1.35257 15.19974 -2.70198 150 150 150
-1.24409 15.19801 -2.76513 139 139 139
-1.13356 15.20559 -2.82462 144 144 144
-1.02050 15.19683 -2.87916 142 142 142
-0.90590 15.20453 -2.93043 132 132 132
-0.78998 15.20033 -2.97892 133 133 133
-0.67042 15.19768 -3.01755 146 146 146
-0.55184 15.19828 -3.05962 147 147 147
-0.42938 15.19815 -3.08830 139 139 139
-0.30629 15.19225 -3.11356 140 140 140
-0.18207 15.20407 -3.13207 137 137 137
-0.05870 15.20414 -3.15690 143 143 143
0.06664 15.20099 -3.16696 136 136 136
0.19185 15.20378 -3.18090 135 135 135
0.31776 15.20062 -3.18408 143 143 143
0.44319 15.20107 -3.16869 147 147 147
0.56798 15.19798 -3.15562 139 139 139
0.69311 15.20247 -3.14754 136 136 136
0.81830 15.20215 -3.13655 142 142 142
0.94212 15.20422 -3.11511 142 142 142
1.06582 15.20019 -3.09216 138 138 138
1.18668 15.19830 -3.05722 135 135 135
1.30663 15.19838 -3.01970 145 145 145
1.42789 15.19714 -2.98539 143 143 143
1.54239 15.19825 -2.93278 142 142 142
1.65795 15.19900 -2.88335 143 143 143
1.76763 15.19865 -2.82179 147 147 147
1.88012 15.19943 -2.76605 149 149 149
1.98969 15.19951 -2.70459 147 147 147
2.09462 15.19971 -2.63551 137 137 137
2.19738 15.19998 -2.56333 140 140 140
2.30252 15.20249 -2.49391 145 145 145
2.39206 15.19637 -2.40494 141 141 141
2.49036 15.20081 -2.32656 147 147 147
2.58479 15.19769 -2.24328 146 146 146
2.66805 15.20184 -2.14883 150 150 150
2.74575 15.19697 -2.04995 146 146 146
2.82046 15.19825 -1.94922 160 160 160
2.90574 15.20092 -1.85653 151 151 151
2.98007 15.20051 -1.75515 152 152 152
3.04787 15.19909 -1.64926 153 153 153
3.11119 15.20358 -1.54065 158 158 158
3.17149 15.19833 -1.43030 156 156 156
3.22694 15.20667 -1.31740 164 164 164
3.28007 15.19985 -1.20328 160 160 160
3.31971 15.19878 -1.08373 157 157 157
3.36990 15.20089 -0.96795 156 156 156
3.39470 15.19818 -0.84404 161 161 161
3.43090 15.20161 -0.72365 155 155 155
3.45521 15.19830 -0.60033 163 163 163
3.47621 15.19859 -0.47650 161 161 161
3.49575 15.19791 -0.35239 164 164 164
3.50186 15.20208 -0.22684 166 166 166
3.51740 15.20211 -0.10196 172 172 172
3.51823 15.60049 0.02438 171 171 171
3.52484 15.59828 0.15014 168 168 168
3.51100 15.59997 0.27521 166 166 166
3.50083 15.60493 0.40039 174 174 174
3.48963 15.60250 0.52578 171 171 171
3.46062 15.60264 0.64831 179 179 179
3.42906 15.60037 0.76986 178 178 178
3.40165 15.60262 0.89240 174 174 174
3.37172 15.60047 1.01468 177 177 177
3.32369 15.60043 1.13107 179 179 179
3.27610 15.60151 1.24723 173 173 173
3.22980 15.60348 1.36402 175 175 175
3.17923 15.59994 1.47925 175 175 175
3.12367 15.60205 1.59233 183 183 183
3.04483 15.59715 1.69177 182 182 182
2.98863 15.59927 1.80491 185 185 185
2.91731 15.59925 1.90861 178 178 178
2.83699 15.60291 2.00555 187 187 187
2.75008 15.60063 2.09655 179 179 179
2.67511 15.60527 2.19783 182 182 182
2.58729 15.60173 2.28779 178 178 178
2.49738 15.59996 2.37566 190 190 190
2.40412 15.60073 2.46003 190 190 190
2.30726 15.60449 2.54028 193 193 193
2.20853 15.60333 2.61838 186 186 186
2.09976 15.60088 2.68217 193 193 193
1.99383 15.60118 2.74948 195 195 195
1.88717 15.60321 2.81583 193 193 193
1.77484 15.59844 2.87206 193 193 193
1.66197 15.60109 2.92693 183 183 183
1.54588 15.60127 2.97455 192 192 192
1.43075 15.59919 3.02469 199 199 199
1.31455 15.59914 3.07333 197 197 197
1.19087 15.60136 3.09849 198 198 198
1.07044 15.59708 3.13404 196 196 196
0.95071 15.59838 3.17569 196 196 196
0.82318 15.60408 3.17687 191 191 191
0.70069 15.60370 3.20806 194 194 194
0.57492 15.60365 3.21411 192 192 192
0.44934 15.59803 3.21747 194 194 194
0.32388 15.60109 3.23329 196 196 196
0.19793 15.59974 3.22991 203 203 203
0.07284 15.60020 3.21407 193 193 193
-0.05200 15.60189 3.20014 196 196 196
-0.17796 15.59499 3.19285 195 195 195
-0.30037 15.60016 3.16270 197 197 197
-0.42474 15.60722 3.14260 191 191 191
-0.54298 15.60243 3.09802 202 202 202
-0.66561 15.59573 3.06970 198 198 198
-0.78500 15.59858 3.03011 190 190 190
-0.90221 15.59702 2.98441 197 197 197
-1.01316 15.59869 2.92463 190 190 190
-1.12834 15.60009 2.87451 188 188 188
-1.24161 15.60031 2.81976 192 192 192
-1.34975 15.60028 2.75549 195 195 195
-1.45219 15.60485 2.68245 187 187 187
-1.55856 15.60029 2.61533 188 188 188
-1.65662 15.59873 2.53663 189 189 189
-1.75332 15.59883 2.45646 190 190 190
-1.84519 15.59807 2.37087 185 185 185
-1.93734 15.60078 2.28559 187 187 187
-2.02839 15.59406 2.19879 180 180 180
-2.11500 15.60419 2.10738 190 190 190
-2.18847 15.59809 2.00495 187 187 187
-2.26163 15.59801 1.90286 173 173 173
-2.34073 15.60254 1.80481 181 181 181
-2.40701 15.60117 1.69787 184 184 184
-2.46785 15.60194 1.58782 187 187 187
-2.52444 15.59534 1.47567 181 181 181
-2.57926 15.60275 1.36274 181 181 181
-2.63710 15.59636 1.25085 170 170 170
-2.67662 15.59956 1.13132 171 171 171
-2.71882 15.60075 1.01301 172 172 172
-2.75405 15.60096 0.89244 174 174 174
-2.78747 15.60167 0.77134 181 181 181
-2.82188 15.59839 0.65011 175 175 175
-2.83149 15.60544 0.52414 173 173 173
-2.85570 15.60240 0.40070 172 172 172
-2.85890 15.60075 0.27486 172 172 172
-2.87140 15.60273 0.14992 177 177 177
-2.88259 15.60136 0.02438 163 163 163
-2.87653 15.59986 -0.10137 166 166 166
-2.85704 15.60573 -0.22597 165 165 165
-2.85853 15.59653 -0.35229 166 166 166
-2.83976 15.60309 -0.47670 165 165 165
-2.81880 15.59618 -0.60074 167 167 167
-2.78188 15.60549 -0.72125 160 160 160
-2.74658 15.60094 -0.84158 162 162 162
-2.71859 15.59881 -0.96418 153 153 153
-2.68197 15.60154 -1.08454 157 157 157
-2.62980 15.59655 -1.19908 155 155 155
-2.57828 15.60173 -1.31354 159 159 159
-2.53669 15.59616 -1.43316 156 156 156
-2.47710 15.60088 -1.54425 155 155 155
-2.40036 15.59719 -1.64504 154 154 154
-2.34353 15.60151 -1.75793 152 152 152
-2.26387 15.60102 -1.85573 153 153 153
-2.19518 15.59776 -1.96149 155 155 155
-2.10551 15.60272 -2.05052 150 150 150
-2.02327 15.60050 -2.14531 148 148 148
-1.94534 15.59839 -2.24484 146 146 146
-1.84999 15.59823 -2.32730 142 142 142
-1.75118 15.60096 -2.40521 148 148 148
-1.65511 15.60274 -2.48596 150 150 150
-1.56067 15.60242 -2.56948 144 144 144
-1.45493 15.59879 -2.63780 141 141 141
-1.34614 15.59723 -2.70085 143 143 143
-1.24413 15.59966 -2.77551 147 147 147
-1.12610 15.60001 -2.82137 137 137 137
-1.01570 15.59814 -2.88139 148 148 148
-0.89945 15.59976 -2.92901 144 144 144
-0.78306 15.59441 -2.97612 140 140 140
-0.66596 15.60356 -3.02204 142 142 142
-0.54333 15.60029 -3.05050 142 142 142
-0.42276 15.59811 -3.08559 146 146 146
-0.29867 15.60305 -3.10538 134 134 134
-0.17724 15.59733 -3.13954 143 143 143
-0.05195 15.60406 -3.15102 146 146 146
0.07255 15.59994 -3.16910 139 139 139
0.19828 15.59788 -3.17221 142 142 142
0.32388 15.59705 -3.16477 134 134 134
0.44970 15.59735 -3.17805 135 135 135
0.57572 15.59923 -3.17556 140 140 140
0.69928 15.60330 -3.14740 139 139 139
0.82375 15.60049 -3.13172 137 137 137
0.94834 15.60308 -3.11502 145 145 145
1.06944 15.59786 -3.08112 139 139 139
1.19287 15.59823 -3.05685 132 132 132
1.31316 15.59923 -3.02031 141 141 141
1.42995 15.59846 -2.97376 132 132 132
1.54409 15.59931 -2.92147 144 144 144
1.66352 15.59756 -2.88154 147 147 147
1.77692 15.59933 -2.82738 152 152 152
1.88919 15.59989 -2.77069 141 141 141
1.99419 15.59835 -2.70132 145 145 145
2.10359 15.59948 -2.63914 141 141 141
2.20315 15.60067 -2.56222 147 147 147
2.30100 15.59526 -2.48359 144 144 144
2.40739 15.59550 -2.41510 144 144 144
2.50148 15.59876 -2.33134 148 148 148
2.58651 15.59673 -2.23825 151 151 151
2.67796 15.59808 -2.15172 153 153 153
2.75762 15.60117 -2.05424 149 149 149
2.83392 15.59742 -1.95438 149 149 149
2.90747 15.60514 -1.85271 150 150 150
2.98400 15.60070 -1.75306 152 152 152
3.06048 15.60360 -1.65262 153 153 153
3.12291 15.60108 -1.54316 158 158 158
3.17253 15.60002 -1.42708 146 146 146
3.22670 15.59540 -1.31385 154 154 154
3.28030 15.60086 -1.20022 162 162 162
3.31977 15.60111 -1.08087 163 163 163
3.36674 15.60236 -0.96431 162 162 162
3.40592 15.60149 -0.84485 163 163 163
3.44003 15.59984 -0.72375 169 169 169
3.45889 15.60525 -0.59922 158 158 158
3.48660 15.60208 -0.47655 170 170 170
3.51691 15.59798 -0.35355 162 162 162
3.51201 15.59654 -0.22654 161 161 161
3.52463 15.59777 -0.10138 166 166 166
3.53137 15.99910 0.02500 169 169 169
3.52339 16.00085 0.15048 163 163 163
3.52398 15.99821 0.27638 175 175 175
3.50393 16.00077 0.40068 173 173 173
3.49274 15.99640 0.52596 170 170 170
3.46800 16.00382 0.64922 177 177 177
3.44347 16.00143 0.77252 180 180 180
3.41225 15.99810 0.89433 175 175 175
3.37873 16.00065 1.01565 175 175 175
3.33570 15.99911 1.13392 178 178 178
3.27950 16.00036 1.24679 183 183 183
3.24702 16.00135 1.36984 172 172 172
3.18152 16.00226 1.47801 175 175 175
3.11994 16.00237 1.58753 177 177 177
3.05803 15.99577 1.69684 182 182 182
2.99515 16.00082 1.80590 177 177 177
2.91812 16.00432 1.90550 188 188 188
2.84644 16.00002 2.00893 186 186 186
2.76128 16.00110 2.10165 193 193 193
2.68211 15.99528 2.19942 187 187 187
2.59290 16.00105 2.28807 189 189 189
2.49807 15.99858 2.37059 187 187 187
2.40388 16.00473 2.45340 182 182 182
2.31092 16.00106 2.53800 197 197 197
2.20578 16.00328 2.60702 185 185 185
2.11094 15.99855 2.69061 192 192 192
1.99892 16.00231 2.74870 188 188 188
1.89446 16.00326 2.81885 190 190 190
1.78673 15.99361 2.88433 200 200 200
1.66956 16.00376 2.93110 191 191 191
1.55836 15.99910 2.99093 195 195 195
1.43428 15.99906 3.01873 194 194 194
1.31868 15.99513 3.06835 195 195 195
1.19772 16.00326 3.10228 190 190 190
1.07607 15.99785 3.13328 194 194 194
0.95344 15.99791 3.16008 191 191 191
0.83045 16.00032 3.18579 195 195 195
0.70635 15.99598 3.20619 201 201 201
0.58055 16.00262 3.21065 193 193 193
0.45564 15.99974 3.22688 199 199 199
0.32983 16.00350 3.22061 194 194 194
0.20416 16.00166 3.22351 193 193 193
0.07824 16.00020 3.22177 196 196 196
-0.04597 15.99736 3.20013 192 192 192
-0.17136 15.99438 3.18942 202 202 202
-0.29523 15.99687 3.16741 187 187 187
-0.41965 15.99974 3.14684 195 195 195
-0.53799 15.99503 3.10207 190 190 190
-0.65814 16.00280 3.06567 192 192 192
-0.77796 16.00108 3.02782 201 201 201
-0.89593 15.99992 2.98425 195 195 195
-1.01317 15.99971 2.93820 186 186 186
-1.11986 16.00410 2.87018 191 191 191
-1.23275 16.00664 2.81519 195 195 195
-1.34342 15.99936 2.75551 186 186 186
-1.44293 16.00001 2.67813 183 183 183
-1.55162 15.99906 2.61460 195 195 195
-1.64910 15.99772 2.53527 186 186 186
-1.74706 16.00019 2.45673 186 186 186
-1.83919 15.99911 2.37144 195 195 195
-1.93519 16.00070 2.29002 190 190 190
-2.02225 15.99798 2.19924 184 184 184
-2.09966 15.99968 2.09998 190 190 190
-2.17917 15.99844 2.00294 181 181 181
-2.26336 15.99866 1.90906 185 185 185
-2.32918 16.00219 1.80169 178 178 178
-2.39498 16.00071 1.69477 188 188 188
-2.46045 15.99810 1.58763 181 181 181
-2.52022 15.99936 1.47717 174 174 174
-2.57238 16.00020 1.36294 174 174 174
-2.62191 15.99871 1.24765 176 176 176
-2.67200 15.99470 1.13243 184 184 184
-2.71314 16.00198 1.01372 179 179 179
-2.74595 15.99939 0.89246 176 176 176
-2.78536 16.00537 0.77289 172 172 172
-2.80445 16.00122 0.64845 173 173 173
-2.83569 16.00135 0.52637 169 169 169
-2.85320 15.99974 0.40174 172 172 172
-2.85605 16.00052 0.27573 176 176 176
-2.87048 16.00339 0.15074 172 172 172
-2.87289 15.99989 0.02500 162 162 162
-2.86238 16.00153 -0.10042 164 164 164
-2.86091 15.99631 -0.22612 169 169 169
-2.84975 15.99742 -0.35133 165 165 165
-2.82565 15.99821 -0.47478 162 162 162
-2.80419 16.00043 -0.59840 157 157 157
-2.78177 16.00043 -0.72203 167 167 167
-2.75575 16.00326 -0.84522 159 159 159
-2.71330 15.99411 -0.96377 160 160 160
-2.66842 16.00230 -1.08112 160 160 160
-2.63005 16.00248 -1.20102 154 154 154
-2.58025 16.00072 -1.31657 163 163 163
-2.52354 16.00317 -1.42887 151 151 151
-2.46579 16.00065 -1.54062 158 158 158
-2.39735 15.99698 -1.64622 155 155 155
-2.32705 15.99652 -1.75027 154 154 154
-2.26764 16.00042 -1.86217 148 148 148
-2.18898 15.99679 -1.96068 149 149 149
-2.10316 15.99794 -2.05297 159 159 159
-2.02043 16.00356 -2.14756 149 149 149
-1.93013 16.00113 -2.23496 140 140 140
-1.84581 16.00041 -2.32860 140 140 140
-1.74927 15.99946 -2.40932 144 144 144
-1.65123 15.99994 -2.48796 145 145 145
-1.54865 15.99871 -2.56051 147 147 147
-1.44492 16.00043 -2.63111 150 150 150
-1.34252 15.99936 -2.70403 135 135 135
-1.22986 16.00384 -2.76004 142 142 142
-1.12282 16.00005 -2.82599 147 147 147
-1.01031 16.00425 -2.88200 140 140 140
-0.89421 15.99862 -2.93011 146 146 146
-0.77963 15.99916 -2.98233 146 146 146
-0.66181 16.00333 -3.02697 141 141 141
-0.53813 16.00532 -3.05256 140 140 140
-0.41602 15.99987 -3.08170 134 134 134
-0.29359 16.00353 -3.10917 147 147 147
-0.17111 16.00243 -3.13785 141 141 141
-0.04488 16.00103 -3.14091 134 134 134
0.07879 15.99464 -3.16480 134 134 134
0.20436 15.99975 -3.16847 142 142 142
0.32983 15.99217 -3.17390 142 142 142
0.45570 15.99791 -3.17856 138 138 138
0.58115 16.00194 -3.16828 135 135 135
0.70615 15.99972 -3.15446 140 140 140
0.83100 15.99832 -3.13925 141 141 141
0.95355 15.99981 -3.11066 145 145 145
1.07856 16.00115 -3.09369 136 136 136
1.19967 16.00210 -3.05921 141 141 141
1.31928 16.00073 -3.02020 139 139 139
1.43796 16.00108 -2.97871 146 146 146
1.55357 16.00449 -2.92935 136 136 136
1.66887 16.00091 -2.87959 142 142 142
1.78722 16.00179 -2.83528 138 138 138
1.89048 15.99359 -2.76173 142 142 142
2.00413 15.99986 -2.70721 153 153 153
2.10513 16.00072 -2.63192 148 148 148
2.21270 15.99916 -2.56655 149 149 149
2.31320 16.00208 -2.49088 136 136 136
2.40640 16.00308 -2.40635 144 144 144
2.50167 15.99282 -2.32448 146 146 146
2.59330 15.99742 -2.23847 159 159 159
2.67990 16.00412 -2.14738 146 146 146
2.76163 15.99823 -2.05195 154 154 154
2.84810 15.99927 -1.96024 152 152 152
2.91639 16.00220 -1.85424 152 152 152
2.99254 15.99990 -1.75416 145 145 145
3.05647 16.00282 -1.64589 156 156 156
3.12290 16.00051 -1.53919 152 152 152
3.18445 16.00239 -1.42950 148 148 148
3.24087 16.00106 -1.31701 154 154 154
3.28992 16.00434 -1.20111 160 160 160
3.33171 15.99611 -1.08245 168 168 168
3.37704 16.00201 -0.96510 165 165 165
3.40592 15.99583 -0.84255 154 154 154
3.43478 15.99944 -0.72043 154 154 154
3.46637 15.99863 -0.59890 166 166 166
3.47608 16.00119 -0.47332 168 168 168
3.50726 15.99990 -0.35107 162 162 162
3.52232 16.00243 -0.22625 169 169 169
3.52512 16.00164 -0.10054 169 169 169
3.53393 16.40052 0.02562 171 171 171
3.52903 16.39930 0.15109 165 165 165
3.51781 16.39965 0.27607 177 177 177
3.51769 16.40102 0.40225 170 170 170
3.50104 16.40126 0.52698 173 173 173
3.47946 16.39845 0.65097 170 170 170
3.45157 16.39962 0.77370 167 167 167
3.41674 16.39997 0.89459 171 171 171
3.37447 16.40385 1.01301 178 178 178
3.33987 16.39914 1.13395 177 177 177
3.28979 16.39975 1.24928 180 180 180
3.23619 16.39999 1.36281 178 178 178
3.18165 16.39493 1.47575 185 185 185
3.13084 16.40093 1.59102 183 183 183
3.05477 16.39841 1.69192 186 186 186
2.99557 16.39878 1.80295 183 183 183
2.92181 16.39682 1.90460 181 181 181
2.83763 16.39911 1.99805 187 187 187
2.76228 16.40099 2.09819 186 186 186
2.68423 16.39841 2.19666 188 188 188
2.60094 16.40347 2.29094 187 187 187
2.50748 16.40154 2.37513 186 186 186
2.41769 16.40291 2.46341 188 188 188
2.31726 16.39807 2.53933 186 186 186
2.21654 16.39734 2.61449 191 191 191
2.11189 16.40581 2.68400 189 189 189
2.00457 16.40169 2.74911 193 193 193
1.89573 16.39870 2.81140 193 193 193
1.78836 16.39789 2.87680 200 200 200
1.66965 16.40059 2.91936 199 199 199
1.56072 16.40385 2.98328 193 193 193
1.43936 16.39742 3.01744 195 195 195
1.32671 16.40544 3.07590 195 195 195
1.20528 16.40301 3.10922 195 195 195
1.08320 16.39859 3.13952 194 194 194
0.96100 16.40646 3.16960 192 192 192
0.83569 16.40059 3.18294 193 193 193
0.71214 16.40021 3.20684 202 202 202
0.58658 16.39707 3.21435 195 195 195
0.46130 16.39877 3.22439 192 192 192
0.33562 16.40434 3.22982 200 200 200
0.21012 16.39803 3.21980 196 196 196
0.08444 16.39942 3.21713 199 199 199
-0.04021 16.40109 3.20098 191 191 191
-0.16500 16.40184 3.18644 198 198 198
-0.29015 16.39764 3.17158 195 195 195
-0.41211 16.39959 3.14013 196 196 196
-0.53075 16.39819 3.09754 193 193 193
-0.65311 16.40048 3.06863 197 197 197
-0.77445 16.40196 3.03461 191 191 191
-0.89045 16.40160 2.98563 186 186 186
-1.00448 16.39841 2.93252 192 192 192
-1.11780 16.39967 2.87812 192 192 192
-1.22974 16.40349 2.82078 186 186 186
-1.33699 16.39890 2.75508 198 198 198
-1.44374 16.40014 2.68863 188 188 188
-1.54708 16.39920 2.61694 193 193 193
-1.64214 16.40129 2.53440 188 188 188
-1.74324 16.40051 2.45965 187 187 187
-1.83940 16.39745 2.37854 187 187 187
-1.92986 16.39973 2.29110 187 187 187
-2.02063 16.40078 2.20372 183 183 183
-2.09968 16.40506 2.10557 188 188 188
-2.17803 16.40167 2.00722 181 181 181
-2.25526 16.39489 1.90801 183 183 183
-2.33297 16.40148 1.80872 181 181 181
-2.39517 16.40012 1.69906 191 191 191
-2.45543 16.39821 1.58869 176 176 176
-2.51368 16.40104 1.47742 182 182 182
-2.57008 16.39804 1.36517 181 181 181
-2.63242 16.39893 1.25503 180 180 180
-2.66380 16.39845 1.13217 170 170 170
-2.71506 16.39798 1.01685 170 170 170
-2.74840 16.40183 0.89541 178 178 178
-2.77184 16.39728 0.77166 174 174 174
-2.79890 16.40044 0.64912 177 177 177
-2.82431 16.39640 0.52611 169 169 169
-2.83794 16.40197 0.40124 170 170 170
-2.85349 16.40355 0.27661 164 164 164
-2.85929 16.40253 0.15115 172 172 172
-2.86500 16.39957 0.02563 169 169 169
-2.85489 16.39688 -0.09973 175 175 175
-2.85626 16.40276 -0.22558 164 164 164
-2.83697 16.39972 -0.34988 164 164 164
-2.82238 16.40062 -0.47455 163 163 163
-2.80932 16.39661 -0.59994 165 165 165
-2.77606 16.40024 -0.72142 169 169 169
-2.74239 16.39980 -0.84246 162 162 162
-2.71521 16.40167 -0.96565 152 152 152
-2.66709 16.40054 -1.08213 155 155 155
-2.61556 16.40382 -1.19679 159 159 159
-2.56781 16.39873 -1.31288 156 156 156
-2.52097 16.39816 -1.42988 154 154 154
-2.45582 16.40132 -1.53766 154 154 154
-2.38098 16.39785 -1.63911 149 149 149
-2.33075 16.39546 -1.75599 149 149 149
-2.25129 16.39888 -1.85388 153 153 153
-2.17345 16.40217 -1.95237 149 149 149
-2.09637 16.40004 -2.05149 148 148 148
-2.01238 16.39945 -2.14484 150 150 150
-1.93139 16.39680 -2.24138 154 154 154
-1.83422 16.40095 -2.32169 142 142 142
-1.74368 16.39789 -2.40893 143 143 143
-1.64369 16.40142 -2.48511 146 146 146
-1.54633 16.40053 -2.56466 146 146 146
-1.44723 16.39738 -2.64261 146 146 146
-1.33990 16.40292 -2.70858 141 141 141
-1.22550 16.40362 -2.76196 142 142 142
-1.11358 16.39949 -2.81860 144 144 144
-1.00343 16.40119 -2.87901 142 142 142
-0.88748 16.39962 -2.92719 147 147 147
-0.77154 16.39840 -2.97547 147 147 147
-0.65594 16.40285 -3.02607 143 143 143
-0.53417 16.39922 -3.05842 142 142 142
-0.40908 16.40008 -3.07629 137 137 137
-0.28995 16.40159 -3.11934 144 144 144
-0.16603 16.39212 -3.14165 134 134 134
-0.04164 16.39923 -3.16181 139 139 139
0.08420 16.40062 -3.16895 135 135 135
0.20994 16.39489 -3.17322 135 135 135
0.33562 16.40021 -3.17559 138 138 138
0.46128 16.39935 -3.17263 138 138 138
0.58635 16.39988 -3.16020 132 132 132
0.71187 16.39939 -3.15328 142 142 142
0.83666 16.39644 -3.13781 140 140 140
0.95890 16.40035 -3.10779 146 146 146
1.08309 16.39863 -3.08782 142 142 142
1.20498 16.40501 -3.05690 141 141 141
1.32283 16.39955 -3.01269 142 142 142
1.44229 16.39975 -2.97412 143 143 143
1.55791 16.39459 -2.92524 135 135 135
1.67601 16.40039 -2.88191 138 138 138
1.78826 16.39565 -2.82535 150 150 150
1.89412 16.40541 -2.75728 146 146 146
2.00906 16.40131 -2.70519 144 144 144
2.11447 16.39912 -2.63661 142 142 142
2.21479 16.39854 -2.56083 140 140 140
2.31747 16.39644 -2.48835 143 143 143
2.41318 16.39962 -2.40688 144 144 144
2.50489 16.40246 -2.32108 148 148 148
2.60128 16.39858 -2.24003 155 155 155
2.68717 16.39730 -2.14813 149 149 149
2.76955 16.40189 -2.05315 153 153 153
2.84695 16.39925 -1.95414 152 152 152
2.92335 16.39568 -1.85447 155 155 155
2.99185 16.39913 -1.74921 153 153 153
3.06106 16.40237 -1.64453 146 146 146
3.13349 16.39972 -1.54126 153 153 153
3.18840 16.40038 -1.42794 148 148 148
3.24706 16.39716 -1.31657 156 156 156
3.28854 16.40034 -1.19752 156 156 156
3.33984 16.40153 -1.08269 157 157 157
3.38945 16.40348 -0.96663 160 160 160
3.41751 16.39787 -0.84356 155 155 155
3.44871 16.40192 -0.72176 155 155 155
3.47679 16.40185 -0.59919 157 157 157
3.49883 16.39843 -0.47538 165 165 165
3.51446 16.39655 -0.35062 160 160 160
3.52971 16.39865 -0.22576 163 163 163
3.52874 16.39843 -0.09983 160 160 160
3.54013 16.80225 0.02625 162 162 162
3.54369 16.80477 0.15207 173 173 173
3.53312 16.80093 0.27746 171 171 171
3.51517 16.80203 0.40191 169 169 169
3.50117 16.79680 0.52673 174 174 174
3.48239 16.79499 0.65106 174 174 174
3.45439 16.79943 0.77365 170 170 170
3.41512 16.80154 0.89317 179 179 179
3.38151 16.79924 1.01409 179 179 179
3.34249 16.79452 1.13347 173 173 173
3.28786 16.80255 1.24678 179 179 179
3.25132 16.80093 1.36782 174 174 174
3.19570 16.79317 1.48067 178 178 178
3.12806 16.79602 1.58695 182 182 182
3.06623 16.80149 1.69613 185 185 185
3.00197 16.80112 1.80409 181 181 181
2.92965 16.79885 1.90684 182 182 182
2.84725 16.79279 2.00183 185 185 185
2.77750 16.80248 2.10702 184 184 184
2.69448 16.80190 2.20157 183 183 183
2.60288 16.80051 2.28789 188 188 188
2.51593 16.80051 2.37882 193 193 193
2.41959 16.80498 2.45969 188 188 188
2.32138 16.79403 2.53805 196 196 196
2.22117 16.80182 2.61375 188 188 188
2.11756 16.80564 2.68471 189 189 189
2.01282 16.80335 2.75403 195 195 195
1.90477 16.80260 2.81815 197 197 197
1.79647 16.79924 2.88232 195 195 195
1.68425 16.80051 2.93947 201 201 201
1.56436 16.79748 2.97914 195 195 195
1.45145 16.79909 3.03563 193 193 193
1.32846 16.79832 3.06462 192 192 192
1.20864 16.79864 3.10183 195 195 195
1.08882 16.80557 3.14016 191 191 191
0.96694 16.80123 3.17187 195 195 195
0.84181 16.80473 3.18676 199 199 199
0.71772 16.79498 3.20717 196 196 196
0.59246 16.79550 3.21837 196 196 196
0.46667 16.79882 3.21889 196 196 196
0.34124 16.80151 3.23632 196 196 196
0.21541 16.80256 3.22872 193 193 193
0.08989 16.80087 3.21996 191 191 191
-0.03513 16.79801 3.20619 200 200 200
-0.15881 16.79786 3.18338 198 198 198
-0.28297 16.80183 3.16435 202 202 202
-0.40799 16.79454 3.14700 194 194 194
-0.52731 16.80155 3.10587 194 194 194
-0.64868 16.80144 3.07290 193 193 193
-0.76477 16.80096 3.02420 193 193 193
-0.88336 16.79907 2.98269 191 191 191
-1.00142 16.79812 2.93869 190 190 190
-1.11324 16.80470 2.88083 192 192 192
-1.22506 16.79845 2.82308 190 190 190
-1.33199 16.79568 2.75670 189 189 189
-1.43798 16.80218 2.68903 203 203 203
-1.54239 16.80001 2.61883 185 185 185
-1.63711 16.80204 2.53577 182 182 182
-1.73669 16.80914 2.45918 185 185 185
-1.83082 16.79831 2.37597 193 193 193
-1.91726 16.80874 2.28475 192 192 192
-2.00335 16.79409 2.19356 180 180 180
-2.09235 16.79496 2.10473 184 184 184
-2.17084 16.80394 2.00661 187 187 187
-2.24654 16.80135 1.90638 190 190 190
-2.31855 16.80451 1.80346 192 192 192
-2.39193 16.80011 1.70113 183 183 183
-2.45098 16.79773 1.58997 180 180 180
-2.50944 16.80006 1.47874 176 176 176
-2.56505 16.79993 1.36606 180 180 180
-2.60995 16.79837 1.24867 175 175 175
-2.66342 16.79738 1.13473 172 172 172
-2.70345 16.79751 1.01553 176 176 176
-2.74023 16.79895 0.89531 175 175 175
-2.76621 16.79980 0.77228 175 175 175
-2.79510 16.80077 0.65011 169 169 169
-2.81686 16.79816 0.52644 175 175 175
-2.83606 16.80422 0.40231 173 173 173
-2.85557 16.80059 0.27784 168 168 168
-2.85696 16.80064 0.15191 170 170 170
-2.85907 16.80250 0.02625 160 160 160
-2.85919 16.80026 -0.09950 170 170 170
-2.84698 16.79799 -0.22467 161 161 161
-2.82973 16.80223 -0.34906 159 159 159
-2.81978 16.79960 -0.47441 160 160 160
-2.79368 16.80308 -0.59732 158 158 158
-2.76797 16.79826 -0.72020 167 167 167
-2.73135 16.79775 -0.84031 157 157 157
-2.69997 16.79175 -0.96190 163 163 163
-2.65991 16.79785 -1.08093 152 152 152
-2.60976 16.79903 -1.19609 156 156 156
-2.56651 16.79843 -1.31424 149 149 149
-2.50746 16.80144 -1.42523 152 152 152
-2.44451 16.80175 -1.53384 149 149 149
-2.38960 16.80113 -1.64721 157 157 157
-2.31636 16.80174 -1.74950 154 154 154
-2.25031 16.79800 -1.85662 156 156 156
-2.17504 16.80054 -1.95742 150 150 150
-2.09348 16.80009 -2.05319 150 150 150
-2.00266 16.79922 -2.14042 152 152 152
-1.91924 16.79574 -2.23423 146 146 146
-1.83075 16.80350 -2.32339 142 142 142
-1.73592 16.79498 -2.40579 150 150 150
-1.64186 16.80003 -2.48929 145 145 145
-1.53989 16.80114 -2.56290 144 144 144
-1.43727 16.79754 -2.63547 140 140 140
-1.33451 16.80186 -2.70831 142 142 142
-1.22127 16.80189 -2.76380 141 141 141
-1.11103 16.80055 -2.82398 140 140 140
-0.99959 16.80010 -2.88222 147 147 147
-0.88328 16.80023 -2.93000 138 138 138
-0.76605 16.79728 -2.97519 137 137 137
-0.64692 16.79762 -3.01498 145 145 145
-0.52905 16.79971 -3.05956 140 140 140
-0.40590 16.79925 -3.08581 140 140 140
-0.28305 16.80357 -3.11223 135 135 135
-0.16011 16.79720 -3.13912 144 144 144
-0.03409 16.80306 -3.14489 145 145 145
0.09020 16.80240 -3.16340 137 137 137
0.21562 16.80553 -3.17093 139 139 139
0.34124 16.80352 -3.18311 142 142 142
0.46662 16.80164 -3.16511 140 140 140
0.59263 16.79862 -3.16802 139 139 139
0.71792 16.79914 -3.15635 142 142 142
0.83994 16.79961 -3.12247 140 140 140
0.96561 16.80113 -3.11270 132 132 132
1.08723 16.80200 -3.08103 132 132 132
1.20937 16.79534 -3.05192 146 146 146
1.33072 16.79933 -3.01906 134 134 134
1.44672 16.79760 -2.97028 133 133 133
1.56719 16.79506 -2.93346 151 151 151
1.68147 16.80408 -2.88095 142 142 142
1.79285 16.79559 -2.82270 143 143 143
1.90614 16.80123 -2.76809 141 141 141
2.00995 16.80255 -2.69684 145 145 145
2.11980 16.80017 -2.63556 147 147 147
2.22205 16.80199 -2.56247 141 141 141
2.31741 16.80771 -2.48052 143 143 143
2.41827 16.80008 -2.40565 148 148 148
2.51511 16.80350 -2.32544 142 142 142
2.60486 16.79866 -2.23737 152 152 152
2.69228 16.79901 -2.14703 142 142 142
2.77876 16.79848 -2.05559 148 148 148
2.85405 16.79281 -1.95469 153 153 153
2.93217 16.79895 -1.85618 151 151 151
3.00889 16.80344 -1.75622 154 154 154
3.06935 16.80024 -1.64554 155 155 155
3.14171 16.80136 -1.54209 163 163 163
3.18967 16.80031 -1.42510 147 147 147
3.24782 16.79970 -1.31370 157 157 157
3.29112 16.80054 -1.19563 158 158 158
3.35180 16.79947 -1.08440 162 162 162
3.38903 16.79776 -0.96404 159 159 159
3.41715 16.79812 -0.84125 160 160 160
3.45254 16.80183 -0.72071 159 159 159
3.48239 16.80323 -0.59856 161 161 161
3.50691 16.79873 -0.47514 170 170 170
3.51769 16.79754 -0.34971 161 161 161
3.53360 16.79911 -0.22499 161 161 161
3.53906 16.80211 -0.09939 168 168 168
3.54402 17.20046 0.02687 171 171 171
3.54347 17.19915 0.15248 175 175 175
3.52834 17.19871 0.27728 167 167 167
3.51976 17.20294 0.40243 167 167 167
3.51045 17.20077 0.52797 176 176 176
3.48360 17.20174 0.65085 171 171 171
3.45661 17.20153 0.77351 171 171 171
3.41400 17.19829 0.89195 174 174 174
3.38926 17.19876 1.01547 176 176 176
3.35456 17.19939 1.13654 178 178 178
3.30260 17.19942 1.25126 184 184 184
3.24919 17.20044 1.36495 187 187 187
3.19737 17.19757 1.47938 178 178 178
3.13090 17.20146 1.58612 184 184 184
3.07229 17.20040 1.69713 183 183 183
3.00344 17.20386 1.80207 183 183 183
2.94064 17.19860 1.91150 180 180 180
2.86036 17.19896 2.00850 187 187 187
2.78783 17.20143 2.11182 188 188 188
2.69776 17.20113 2.20019 192 192 192
2.61194 17.20253 2.29214 184 184 184
2.51812 17.20440 2.37593 192 192 192
2.42556 17.19363 2.46094 196 196 196
2.33118 17.20077 2.54420 193 193 193
2.23559 17.20474 2.62674 196 196 196
2.12470 17.19662 2.68787 194 194 194
2.02031 17.20125 2.75799 193 193 193
1.91018 17.20157 2.81872 191 191 191
1.80242 17.19917 2.88394 195 195 195
1.68736 17.20119 2.93505 194 194 194
1.56821 17.20233 2.97592 188 188 188
1.45223 17.19690 3.02361 190 190 190
1.33406 17.19620 3.06574 194 194 194
1.21619 17.20005 3.10992 195 195 195
1.09348 17.20005 3.13755 195 195 195
0.96967 17.19933 3.15889 195 195 195
0.84719 17.19609 3.18698 198 198 198
0.72323 17.20015 3.20836 192 192 192
0.59747 17.20366 3.21347 194 194 194
0.47216 17.20151 3.22067 185 185 185
0.34668 17.19853 3.23219 199 199 199
0.22133 17.20264 3.21719 191 191 191
0.09553 17.19961 3.21795 189 189 189
-0.02916 17.19980 3.20233 205 205 205
-0.15434 17.19877 3.19020 202 202 202
-0.27781 17.19895 3.16639 195 195 195
-0.40071 17.20045 3.13996 196 196 196
-0.52201 17.20445 3.10700 193 193 193
-0.64059 17.20384 3.06537 192 192 192
-0.75913 17.20536 3.02428 195 195 195
-0.88014 17.20294 2.98868 200 200 200
-0.99486 17.19842 2.93688 198 198 198
-1.10482 17.20167 2.87559 187 187 187
-1.21631 17.19934 2.81779 189 189 189
-1.32377 17.20300 2.75279 193 193 193
-1.43279 17.20057 2.69003 196 196 196
-1.53282 17.19990 2.61378 189 189 189
-1.63288 17.19808 2.53794 193 193 193
-1.73558 17.19821 2.46489 187 187 187
-1.82400 17.19675 2.37510 186 186 186
-1.91081 17.19991 2.28436 189 189 189
-2.00471 17.19893 2.20047 188 188 188
-2.08739 17.19916 2.10576 188 188 188
-2.16289 17.19663 2.00526 185 185 185
-2.24266 17.19962 1.90814 182 182 182
-2.31404 17.19897 1.80471 182 182 182
-2.38518 17.20599 1.70096 184 184 184
-2.44399 17.20006 1.58972 187 187 187
-2.50675 17.19887 1.48077 180 180 180
-2.56433 17.20221 1.36887 183 183 183
-2.60789 17.20335 1.25070 184 184 184
-2.65387 17.19870 1.13383 172 172 172
-2.70128 17.19897 1.01722 171 171 171
-2.73162 17.19759 0.89504 177 177 177
-2.77136 17.20167 0.77545 176 176 176
-2.78801 17.19688 0.65040 176 176 176
-2.81839 17.20019 0.52817 175 175 175
-2.82722 17.20477 0.40253 170 170 170
-2.85119 17.19902 0.27855 178 178 178
-2.84937 17.20038 0.15245 173 173 173
-2.84925 17.19959 0.02688 169 169 169
-2.85368 17.20377 -0.09887 171 171 171
-2.84177 17.20259 -0.22406 162 162 162
-2.83271 17.20032 -0.34943 165 165 165
-2.81830 17.20274 -0.47441 168 168 168
-2.80120 17.19428 -0.59928 156 156 156
-2.76964 17.20369 -0.72129 161 161 161
-2.73431 17.20508 -0.84205 165 165 165
-2.69036 17.20152 -0.95992 152 152 152
-2.65364 17.20266 -1.08000 162 162 162
-2.61039 17.20090 -1.19798 160 160 160
-2.55055 17.20255 -1.30876 154 154 154
-2.50431 17.20098 -1.42577 156 156 156
-2.44582 17.19975 -1.53700 151 151 151
-2.38330 17.20072 -1.64605 151 151 151
-2.31181 17.19747 -1.74947 155 155 155
-2.24332 17.20016 -1.85487 149 149 149
-2.16421 17.20244 -1.95255 152 152 152
-2.08404 17.20446 -2.04916 147 147 147
-1.99810 17.19896 -2.14062 154 154 154
-1.91643 17.20164 -2.23623 151 151 151
-1.82451 17.19882 -2.32190 147 147 147
-1.73262 17.19944 -2.40767 150 150 150
-1.63921 17.20093 -2.49221 141 141 141
-1.53034 17.20209 -2.55662 149 149 149
-1.43370 17.19756 -2.63765 143 143 143
-1.32848 17.19331 -2.70674 146 146 146
-1.22121 17.19887 -2.77279 141 141 141
-1.10384 17.20110 -2.81993 140 140 140
-0.99174 17.19663 -2.87638 139 139 139
-0.87871 17.20239 -2.93147 142 142 142
-0.76211 17.20003 -2.97863 139 139 139
-0.64070 17.20531 -3.01197 140 140 140
-0.52243 17.20152 -3.05476 137 137 137
-0.39945 17.20026 -3.08095 145 145 145
-0.27817 17.20210 -3.11447 148 148 148
-0.15390 17.20386 -3.13367 143 143 143
-0.02862 17.20374 -3.14398 133 133 133
0.09608 17.19704 -3.15726 146 146 146
0.22104 17.20224 -3.17071 142 142 142
0.34668 17.20105 -3.17188 140 140 140
0.47240 17.19747 -3.17300 141 141 141
0.59783 17.20195 -3.16436 142 142 142
0.72209 17.19535 -3.14496 151 151 151
0.84804 17.20370 -3.13861 141 141 141
0.97115 17.19896 -3.11255 143 143 143
1.09208 17.19743 -3.07795 138 138 138
1.21430 17.20150 -3.04947 138 138 138
1.33559 17.20249 -3.01668 141 141 141
1.45348 17.20443 -2.97325 143 143 143
1.56898 17.19996 -2.92403 133 133 133
1.68554 17.20142 -2.87734 139 139 139
1.80016 17.20313 -2.82575 144 144 144
1.91118 17.19870 -2.76674 139 139 139
2.01460 17.19905 -2.69493 144 144 144
2.11996 17.19926 -2.62703 144 144 144
2.23086 17.20471 -2.56648 143 143 143
2.33158 17.20239 -2.49097 146 146 146
2.42452 17.19995 -2.40597 157 157 157
2.51963 17.20192 -2.32381 149 149 149
2.60973 17.19390 -2.23618 146 146 146
2.70107 17.19515 -2.14951 149 149 149
2.77927 17.19665 -2.05075 148 148 148
2.85138 17.20105 -1.94768 150 150 150
2.93438 17.19924 -1.85320 150 150 150
3.01585 17.19893 -1.75661 157 157 157
3.07866 17.19935 -1.64729 151 151 151
3.14522 17.19944 -1.54038 162 162 162
3.20102 17.20427 -1.42749 156 156 156
3.24908 17.19474 -1.31115 159 159 159
3.30158 17.19653 -1.19708 156 156 156
3.36114 17.20268 -1.08522 158 158 158
3.38392 17.19545 -0.95999 156 156 156
3.43726 17.19887 -0.84476 165 165 165
3.47185 17.19714 -0.72341 163 163 163
3.48827 17.20002 -0.59803 162 162 162
3.51139 17.19859 -0.47437 163 163 163
3.52950 17.20499 -0.34984 164 164 164
3.53964 17.20297 -0.22442 166 166 166
3.54830 17.19927 -0.09892 169 169 169
3.55358 17.59716 0.02750 171 171 171
3.54043 17.59691 0.15278 169 169 169
3.54583 17.60134 0.27886 167 167 167
3.53010 17.60029 0.40366 168 168 168
3.51319 17.60014 0.52819 167 167 167
3.48830 17.59918 0.65136 175 175 175
3.45352 17.59749 0.77212 184 184 184
3.43942 17.60004 0.89826 167 167 167
3.39396 17.60159 1.01591 175 175 175
3.35058 17.59341 1.13375 172 172 172
3.30905 17.60332 1.25237 175 175 175
3.25321 17.60167 1.36500 178 178 178
3.19982 17.60009 1.47856 179 179 179
3.14138 17.60375 1.58966 186 186 186
3.07916 17.60195 1.69874 188 188 188
3.01191 17.59843 1.80483 186 186 186
2.93867 17.60035 1.90687 182 182 182
2.86742 17.60347 2.01054 183 183 183
2.78909 17.59925 2.10902 184 184 184
2.69655 17.60232 2.19483 187 187 187
2.60946 17.59746 2.28502 187 187 187
2.52643 17.60111 2.37985 188 188 188
2.42613 17.60284 2.45607 189 189 189
2.33544 17.59878 2.54355 185 185 185
2.22991 17.60371 2.61230 196 196 196
2.13067 17.60014 2.68955 188 188 188
2.02580 17.60109 2.75898 187 187 187
1.91241 17.59759 2.81391 188 188 188
1.80565 17.60282 2.88056 182 182 182
1.69382 17.59937 2.93826 184 184 184
1.57658 17.59931 2.98404 194 194 194
1.45607 17.59980 3.02036 193 193 193
1.33989 17.59850 3.06810 198 198 198
1.22005 17.59906 3.10559 191 191 191
1.09886 17.59646 3.13865 200 200 200
0.97713 17.60287 3.17053 193 193 193
0.85164 17.59680 3.18249 200 200 200
0.72799 17.59808 3.20471 190 190 190
0.60264 17.60261 3.21290 202 202 202
0.47754 17.60144 3.22419 201 201 201
0.35194 17.60073 3.22306 197 197 197
0.22631 17.59947 3.22500 197 197 197
0.10092 17.59895 3.21705 201 201 201
-0.02438 17.59282 3.20706 193 193 193
-0.14911 17.60096 3.19102 195 195 195
-0.27144 17.60576 3.16148 199 199 199
-0.39465 17.59998 3.13729 199 199 199
-0.51868 17.59967 3.11449 200 200 200
-0.63739 17.59870 3.07236 197 197 197
-0.75367 17.59795 3.02439 194 194 194
-0.87496 17.59829 2.98951 188 188 188
-0.98147 17.59442 2.91990 195 195 195
-1.10284 17.59650 2.88267 190 190 190
-1.21020 17.59689 2.81691 190 190 190
-1.31595 17.60382 2.74926 180 180 180
-1.42585 17.60007 2.68815 193 193 193
-1.53065 17.60130 2.61866 179 179 179
-1.62717 17.60297 2.53799 191 191 191
-1.72470 17.60048 2.45894 184 184 184
-1.82353 17.60111 2.38092 191 191 191
-1.91062 17.59995 2.29006 191 191 191
-1.99672 17.59906 2.19858 181 181 181
-2.07678 17.60491 2.10182 185 185 185
-2.15892 17.59813 2.00690 185 185 185
-2.23776 17.59999 1.90903 183 183 183
-2.30705 17.60299 1.80418 183 183 183
-2.37618 17.59799 1.69930 176 176 176
-2.44105 17.60129 1.59165 179 179 179
-2.50007 17.59946 1.48067 177 177 177
-2.55877 17.59796 1.36936 186 186 186
-2.59852 17.59953 1.24962 183 183 183
-2.64598 17.60297 1.13349 173 173 173
-2.68830 17.60148 1.01533 175 175 175
-2.73836 17.59605 0.89905 168 168 168
-2.75104 17.60180 0.77246 175 175 175
-2.79106 17.60044 0.65268 174 174 174
-2.80415 17.60230 0.52738 178 178 178
-2.81947 17.60050 0.40286 169 169 169
-2.83936 17.60360 0.27866 168 168 168
-2.83873 17.60007 0.15286 169 169 169
-2.84542 17.59468 0.02750 164 164 164
-2.84588 17.59732 -0.09814 160 160 160
-2.83746 17.60175 -0.22351 160 160 160
-2.83100 17.60237 -0.34923 161 161 161
-2.81079 17.60405 -0.47343 163 163 163
-2.79156 17.59871 -0.59778 160 160 160
-2.75569 17.59430 -0.71858 159 159 159
-2.72544 17.60032 -0.84041 164 164 164
-2.68936 17.59523 -0.96068 150 150 150
-2.64674 17.59832 -1.07877 166 166 166
-2.60580 17.60080 -1.19764 162 162 162
-2.55487 17.60066 -1.31256 157 157 157
-2.49868 17.60258 -1.42496 156 156 156
-2.43577 17.60275 -1.53369 150 150 150
-2.37549 17.60237 -1.64387 154 154 154
-2.31500 17.60107 -1.75449 147 147 147
-2.23039 17.59664 -1.84868 149 149 149
-2.15996 17.59776 -1.95272 148 148 148
-2.08044 17.60222 -2.04995 146 146 146
-2.00403 17.60247 -2.15034 145 145 145
-1.91281 17.59946 -2.23725 150 150 150
-1.81492 17.60102 -2.31660 145 145 145
-1.71514 17.59669 -2.39274 146 146 146
-1.62634 17.59960 -2.48193 157 157 157
-1.52643 17.59986 -2.55786 146 146 146
-1.42762 17.59833 -2.63581 142 142 142
-1.32365 17.60178 -2.70682 144 144 144
-1.21287 17.59865 -2.76668 147 147 147
-1.09905 17.59400 -2.82024 142 142 142
-0.98586 17.60161 -2.87442 132 132 132
-0.87420 17.59984 -2.93268 140 140 140
-0.75590 17.60376 -2.97545 139 139 139
-0.63769 17.60091 -3.01827 145 145 145
-0.51764 17.59730 -3.05579 140 140 140
-0.39464 17.59715 -3.08224 142 142 142
-0.27197 17.60192 -3.10912 147 147 147
-0.14907 17.59436 -3.13577 141 141 141
-0.02346 17.60028 -3.14428 138 138 138
0.10200 17.60158 -3.14837 143 143 143
0.22640 17.59765 -3.16768 139 139 139
0.35194 17.59996 -3.17496 139 139 139
0.47769 17.60096 -3.17307 137 137 137
0.60313 17.60144 -3.16411 136 136 136
0.72816 17.60193 -3.15117 134 134 134
0.85286 17.59803 -3.13520 141 141 141
0.97755 17.60123 -3.11763 143 143 143
1.09885 17.60070 -3.08359 141 141 141
1.22132 17.60049 -3.05508 141 141 141
1.34188 17.59971 -3.01920 151 151 151
1.45948 17.60472 -2.97462 143 143 143
1.57476 17.59964 -2.92464 148 148 148
1.69125 17.59951 -2.87769 145 145 145
1.80429 17.60292 -2.82290 143 143 143
1.91575 17.60101 -2.76488 144 144 144
2.02423 17.60121 -2.70143 148 148 148
2.13029 17.60001 -2.63399 143 143 143
2.23760 17.59880 -2.56788 146 146 146
2.33355 17.60217 -2.48615 144 144 144
2.43432 17.60444 -2.41065 142 142 142
2.52003 17.59930 -2.31792 150 150 150
2.61348 17.60153 -2.23404 147 147 147
2.70503 17.59687 -2.14767 155 155 155
2.79233 17.60257 -2.05679 147 147 147
2.85946 17.59497 -1.94927 146 146 146
2.94362 17.59567 -1.85546 146 146 146
3.01287 17.59806 -1.75047 157 157 157
3.08229 17.59893 -1.64566 154 154 154
3.14622 17.60275 -1.53737 152 152 152
3.20326 17.60085 -1.42532 149 149 149
3.26078 17.60164 -1.31349 157 157 157
3.30066 17.59830 -1.19390 157 157 157
3.35566 17.60091 -1.08063 152 152 152
3.38788 17.59992 -0.95894 159 159 159
3.42970 17.60101 -0.84052 158 158 158
3.46195 17.60310 -0.71915 161 161 161
3.48052 17.60140 -0.59481 161 161 161
3.50770 17.60238 -0.47232 163 163 163
3.52043 17.59835 -0.34752 166 166 166
3.54025 17.60121 -0.22343 170 170 170
3.56250 17.59497 -0.09864 159 159 159
3.56013 18.00376 0.02813 169 169 169
3.55401 18.00269 0.15373 172 172 172
3.54575 18.00276 0.27908 165 165 165
3.54321 17.99885 0.40523 175 175 175
3.51487 18.00048 0.52828 174 174 174
3.49868 18.00133 0.65304 174 174 174
3.47028 17.99725 0.77555 175 175 175
3.43748 17.99986 0.89690 179 179 179
3.40565 18.00147 1.01868 180 180 180
3.35981 18.00054 1.13591 179 179 179
3.31720 17.99519 1.25427 183 183 183
3.25588 17.99705 1.36451 176 176 176
3.20918 18.00365 1.48137 185 185 185
3.14896 18.00643 1.59168 187 187 187
3.07857 17.99825 1.69589 185 185 185
3.01050 18.00343 1.80112 190 190 190
2.94502 17.99863 1.90841 180 180 180
2.86557 17.99976 2.00570 186 186 186
2.79015 18.00195 2.10621 187 187 187
2.70747 17.99708 2.20085 182 182 182
2.61540 18.00162 2.28649 189 189 189
2.52260 18.00167 2.37083 185 185 185
2.43563 17.99874 2.46185 189 189 189
2.33938 18.00239 2.54273 188 188 188
2.23838 17.99674 2.61759 199 199 199
2.13525 18.00146 2.68943 189 189 189
2.03255 18.00128 2.76233 194 194 194
1.91670 18.00039 2.81312 192 192 192
1.81108 17.99437 2.88186 190 190 190
1.69747 18.00283 2.93576 190 190 190
1.58304 17.99644 2.98797 187 187 187
1.46298 17.99929 3.02593 193 193 193
1.34497 17.99852 3.06870 193 193 193
1.22548 17.99836 3.10743 194 194 194
1.10311 18.00182 3.13579 193 193 193
0.98076 18.00134 3.16386 192 192 192
0.85813 18.00321 3.19199 193 193 193
0.73278 17.99881 3.20282 202 202 202
0.60780 17.99723 3.21445 196 196 196
0.48271 17.99766 3.22696 195 195 195
0.35703 17.99908 3.23591 198 198 198
0.23155 18.00205 3.22180 195 195 195
0.10530 18.00246 3.22657 192 192 192
-0.01925 17.99850 3.20726 197 197 197
-0.14473 17.99826 3.19608 198 198 198
-0.26747 17.99813 3.16768 191 191 191
-0.39290 17.99937 3.15180 192 192 192
-0.51093 17.99868 3.10568 189 189 189
-0.63306 18.00037 3.07530 195 195 195
-0.74973 17.99984 3.02812 191 191 191
-0.86678 17.99993 2.98266 192 192 192
-0.98720 17.99867 2.94397 197 197 197
-1.09660 17.99792 2.88102 188 188 188
-1.20663 17.99900 2.82024 187 187 187
-1.31595 18.00500 2.75818 194 194 194
-1.41839 18.00117 2.68523 189 189 189
-1.52375 17.99831 2.61680 192 192 192
-1.62089 18.00187 2.53710 187 187 187
-1.71860 17.99911 2.45837 188 188 188
-1.81911 18.00394 2.38226 192 192 192
-1.90055 18.00145 2.28570 185 185 185
-1.99391 17.99905 2.20131 193 193 193
-2.07345 17.99818 2.10395 187 187 187
-2.16077 17.99728 2.01299 188 188 188
-2.22857 17.99612 1.90667 184 184 184
-2.29932 18.00159 1.80304 172 172 172
-2.37545 18.00370 1.70259 182 182 182
-2.43432 18.00186 1.59136 178 178 178
-2.49706 17.99985 1.48236 181 181 181
-2.54724 18.00399 1.36701 178 178 178
-2.59877 17.99994 1.25246 174 174 174
-2.65628 18.00011 1.13979 181 181 181
-2.68221 18.00181 1.01563 179 179 179
-2.71615 18.00288 0.89485 180 180 180
-2.76086 18.00266 0.77666 165 165 165
-2.78631 18.00499 0.65337 170 170 170
-2.81349 17.99925 0.53029 167 167 167
-2.83237 18.00378 0.40562 170 170 170
-2.83496 18.00245 0.27934 172 172 172
-2.84576 17.99841 0.15396 169 169 169
-2.84062 18.00233 0.02813 174 174 174
-2.83189 18.00278 -0.09717 166 166 166
-2.83679 18.00251 -0.22323 163 163 163
-2.83259 17.99935 -0.34939 165 165 165
-2.80171 18.00331 -0.47217 167 167 167
-2.78951 18.00465 -0.59776 169 169 169
-2.75208 18.00227 -0.71830 167 167 167
-2.72036 17.99660 -0.83979 159 159 159
-2.68890 17.99773 -0.96156 168 168 168
-2.64695 18.00029 -1.08010 155 155 155
-2.59445 17.99878 -1.19442 160 160 160
-2.54979 18.00270 -1.31194 159 159 159
-2.48949 17.99848 -1.42225 154 154 154
-2.43337 17.99869 -1.53458 152 152 152
-2.37741 18.00051 -1.64754 152 152 152
-2.30844 18.00095 -1.75289 152 152 152
-2.23068 17.99709 -1.85196 153 153 153
-2.15792 18.00146 -1.95450 155 155 155
-2.07091 18.00136 -2.04553 151 151 151
-1.98425 18.00078 -2.13613 150 150 150
-1.90295 17.99707 -2.23186 151 151 151
-1.81186 18.00020 -2.31816 143 143 143
-1.72060 17.99824 -2.40446 152 152 152
-1.62638 17.99856 -2.48781 142 142 142
-1.52493 18.00119 -2.56217 147 147 147
-1.41839 17.99780 -2.62897 144 144 144
-1.31525 17.99588 -2.70079 144 144 144
-1.20679 17.99890 -2.76427 145 145 145
-1.09364 18.00070 -2.81897 145 145 145
-0.98180 18.00292 -2.87601 143 143 143
-0.86859 17.99584 -2.93077 142 142 142
-0.74890 18.00031 -2.96962 140 140 140
-0.63324 18.00219 -3.01960 137 137 137
-0.51374 17.99939 -3.05937 142 142 142
-0.39046 18.00133 -3.08537 151 151 151
-0.26885 18.00154 -3.11838 141 141 141
-0.14476 18.00123 -3.14001 138 138 138
-0.01929 18.00112 -3.15137 140 140 140
0.10648 17.99996 -3.15543 139 139 139
0.23148 18.00072 -3.16732 145 145 145
0.35703 17.99210 -3.16845 143 143 143
0.48256 17.99597 -3.16688 136 136 136
0.60812 18.00642 -3.16227 141 141 141
0.73340 17.99555 -3.15185 140 140 140
0.85762 17.99922 -3.13249 132 132 132
0.98174 18.00205 -3.11251 134 134 134
1.10737 18.00011 -3.09726 140 140 140
1.22399 17.99995 -3.04588 139 139 139
1.34673 17.99898 -3.01788 143 143 143
1.46329 18.00626 -2.97053 145 145 145
1.58198 17.99869 -2.92918 139 139 139
1.69960 18.00054 -2.88415 143 143 143
1.81080 18.00056 -2.82507 144 144 144
1.92525 17.99624 -2.77213 142 142 142
2.03044 17.99987 -2.70263 143 143 143
2.13146 18.00159 -2.62750 143 143 143
2.24042 17.99603 -2.56414 142 142 142
2.33915 18.00041 -2.48618 145 145 145
2.43682 18.00005 -2.40700 143 143 143
2.52356 17.99657 -2.31561 146 146 146
2.61727 18.00295 -2.23212 150 150 150
2.70616 17.99937 -2.14339 149 149 149
2.79869 18.00212 -2.05725 146 146 146
2.87257 18.00188 -1.95497 154 154 154
2.94560 17.99748 -1.85258 149 149 149
3.01370 18.00418 -1.74701 153 153 153
3.08133 18.00531 -1.64133 143 143 143
3.14598 17.99735 -1.53376 156 156 156
3.21189 17.99623 -1.42650 156 156 156
3.25950 18.00412 -1.30993 162 162 162
3.31361 18.00151 -1.19653 153 153 153
3.35979 18.00209 -1.07965 162 162 162
3.39414 17.99701 -0.95869 160 160 160
3.43970 17.99743 -0.84128 159 159 159
3.47245 18.00642 -0.71982 162 162 162
3.50006 17.99698 -0.59706 161 161 161
3.51933 18.00084 -0.47273 163 163 163
3.54636 17.99830 -0.34936 158 158 158
3.54564 18.00187 -0.22282 172 172 172
3.56003 18.00175 -0.09772 165 165 165
3.56283 18.40194 0.02875 164 164 164
3.56057 18.39763 0.15442 168 168 168
3.56086 18.39881 0.28051 170 170 170
3.53688 18.39836 0.40453 167 167 167
3.51202 18.40169 0.52767 170 170 170
3.49558 18.39942 0.65207 171 171 171
3.47473 18.40143 0.77607 176 176 176
3.45326 18.40307 0.90059 176 176 176
3.40053 18.39869 1.01605 179 179 179
3.37179 18.39972 1.13914 176 176 176
3.32593 18.40339 1.25648 175 175 175
3.26336 18.39836 1.36633 177 177 177
3.21270 18.40190 1.48129 180 180 180
3.14992 18.39901 1.59010 179 179 179
3.08915 18.40092 1.69999 179 179 179
3.01530 18.40389 1.80167 184 184 184
2.95258 18.39955 1.91097 180 180 180
2.87397 18.40241 2.00908 178 178 178
2.80009 18.39916 2.11113 182 182 182
2.71265 18.39834 2.20173 186 186 186
2.62365 18.39670 2.29047 183 183 183
2.53350 18.39775 2.37794 185 185 185
2.43874 18.39736 2.46039 183 183 183
2.34163 18.40394 2.53999 185 185 185
2.23834 18.39758 2.61141 186 186 186
2.13722 18.39833 2.68565 190 190 190
2.03503 18.40154 2.75901 193 193 193
1.92617 18.39867 2.82191 187 187 187
1.81513 18.39609 2.88081 191 191 191
1.70123 18.39873 2.93392 195 195 195
1.58816 18.39677 2.98912 193 193 193
1.46899 18.39681 3.02957 187 187 187
1.35072 18.40342 3.07193 198 198 198
1.22923 18.39968 3.10396 195 195 195
1.11087 18.40156 3.14831 194 194 194
0.98701 18.40230 3.17124 198 198 198
0.86207 18.39789 3.18652 192 192 192
0.73846 18.40017 3.21007 198 198 198
0.61340 18.39863 3.22391 200 200 200
0.48770 18.39889 3.22988 188 188 188
0.36193 18.39795 3.22688 197 197 197
0.23645 18.39724 3.22245 201 201 201
0.11130 18.39855 3.21336 198 198 198
-0.01418 18.40186 3.20647 200 200 200
-0.13887 18.40048 3.19069 197 197 197
-0.26097 18.40029 3.16028 200 200 200
-0.38532 18.39969 3.14128 196 196 196
-0.50847 18.39863 3.11497 193 193 193
-0.62833 18.40039 3.07646 191 191 191
-0.74576 18.39615 3.03127 198 198 198
-0.86329 18.39952 2.98669 203 203 203
-0.97816 18.39879 2.93564 193 193 193
-1.09072 18.40149 2.87974 188 188 188
-1.19846 18.40231 2.81503 193 193 193
-1.30872 18.39987 2.75500 186 186 186
-1.41605 18.39995 2.68969 182 182 182
-1.51951 18.39809 2.61833 194 194 194
-1.62383 18.39862 2.54767 199 199 199
-1.71577 18.39943 2.46143 186 186 186
-1.80633 18.40188 2.37436 181 181 181
-1.89439 18.39940 2.28507 191 191 191
-1.98804 18.40075 2.20104 183 183 183
-2.06509 18.39920 2.10162 184 184 184
-2.14888 18.40104 2.00811 192 192 192
-2.22606 18.39765 1.90903 185 185 185
-2.30047 18.40237 1.80771 186 186 186
-2.37259 18.40064 1.70447 184 184 184
-2.43363 18.39997 1.59434 182 182 182
-2.49082 18.40220 1.48230 174 174 174
-2.54380 18.39757 1.36831 183 183 183
-2.59492 18.40148 1.25352 173 173 173
-2.63227 18.40130 1.13337 178 178 178
-2.67302 18.40013 1.01487 178 178 178
-2.71512 18.40060 0.89657 181 181 181
-2.74282 18.40219 0.77413 172 172 172
-2.76747 18.40263 0.65123 172 172 172
-2.79368 18.39920 0.52855 172 172 172
-2.80886 18.39966 0.40404 174 174 174
-2.82916 18.39673 0.27989 169 169 169
-2.82681 18.40158 0.15404 161 161 161
-2.84075 18.40356 0.02875 172 172 172
-2.83522 18.39905 -0.09687 166 166 166
-2.83742 18.40316 -0.22304 167 167 167
-2.81797 18.40010 -0.34762 166 166 166
-2.79398 18.39797 -0.47110 162 162 162
-2.78656 18.39469 -0.59752 157 157 157
-2.75555 18.40233 -0.71969 161 161 161
-2.72237 18.40233 -0.84111 154 154 154
-2.67249 18.40142 -0.95719 158 158 158
-2.63513 18.40161 -1.07692 159 159 159
-2.59850 18.40448 -1.19750 154 154 154
-2.53687 18.40091 -1.30762 163 163 163
-2.48946 18.39761 -1.42411 156 156 156
-2.43229 18.40127 -1.53609 151 151 151
-2.22968 18.40156 -1.85417 149 149 149
-2.07141 18.39430 -2.04952 149 149 149
-1.90150 18.39475 -2.23468 145 145 145
-1.71522 18.39947 -2.40328 148 148 148
-1.51911 18.39834 -2.56028 145 145 145
-1.41704 18.39859 -2.63367 145 145 145
-1.20508 18.39803 -2.76935 139 139 139
-1.09237 18.39827 -2.82547 146 146 146
-0.97844 18.40223 -2.87874 148 148 148
-0.38689 18.39923 -3.09029 138 138 138
-0.26327 18.40284 -3.11437 150 150 150
-0.01479 18.39815 -3.15412 133 133 133
0.11069 18.40276 -3.16360 145 145 145
0.73802 18.39844 -3.14878 140 140 140
0.86264 18.40607 -3.13263 137 137 137
0.98545 18.40153 -3.10590 144 144 144
1.10777 18.39697 -3.07788 142 142 142
1.23132 18.40027 -3.05386 139 139 139
1.34867 18.40198 -3.00811 148 148 148
1.46664 18.39980 -2.96570 138 138 138
1.58434 18.39865 -2.92241 143 143 143
1.70391 18.39880 -2.88223 147 147 147
1.81673 18.39758 -2.82645 145 145 145
1.92330 18.39787 -2.75928 144 144 144
2.03107 18.40053 -2.69504 138 138 138
2.14153 18.40078 -2.63460 150 150 150
2.24411 18.39829 -2.56185 144 144 144
2.34350 18.40025 -2.48486 149 149 149
2.44786 18.39707 -2.41356 150 150 150
2.53997 18.40037 -2.32744 152 152 152
2.62675 18.40106 -2.23607 148 148 148
2.70512 18.39758 -2.13727 143 143 143
2.79623 18.40039 -2.05034 156 156 156
2.87612 18.39812 -1.95328 151 151 151
2.94578 18.40222 -1.84853 148 148 148
3.01811 18.40119 -1.74605 163 163 163
3.08569 18.40029 -1.64037 159 159 159
3.15794 18.40157 -1.53709 156 156 156
3.21490 18.40271 -1.42491 151 151 151
3.26875 18.40408 -1.31131 162 162 162
3.32093 18.40123 -1.19691 154 154 154
3.36112 18.40023 -1.07771 163 163 163
3.40405 18.39899 -0.95969 162 162 162
3.44807 18.39842 -0.84163 162 162 162
3.47501 18.40589 -0.71863 156 156 156
3.50670 18.39841 -0.59678 163 163 163
3.52304 18.39932 -0.47192 165 165 165
3.54687 18.40100 -0.34821 164 164 164
3.55702 18.40140 -0.22271 165 165 165
3.55252 18.40606 -0.09661 172 172 172
3.56297 18.80263 0.02938 170 170 170
3.57327 18.79807 0.15536 177 177 177
3.56039 18.80178 0.28073 170 170 170
3.54479 18.80265 0.40553 176 176 176
3.53198 18.79970 0.53071 166 166 166
3.50136 18.80027 0.65291 167 167 167
3.47067 18.80333 0.77458 178 178 178
3.44190 18.80007 0.89669 176 176 176
3.41016 18.79716 1.01827 176 176 176
3.37278 18.79750 1.13839 178 178 178
3.32389 18.80141 1.25431 178 178 178
3.26962 18.79879 1.36766 176 176 176
3.21834 18.80091 1.48238 177 177 177
3.15494 18.80358 1.59089 181 181 181
3.09703 18.80095 1.70255 181 181 181
3.02735 18.80201 1.80720 185 185 185
2.95344 18.80007 1.90879 180 180 180
2.88291 18.80189 2.01303 190 190 190
2.80071 18.79799 2.10826 188 188 188
2.71569 18.80391 2.20081 188 188 188
2.62846 18.80465 2.29119 188 188 188
2.54279 18.80181 2.38352 192 192 192
2.44396 18.80298 2.46159 195 195 195
2.34793 18.80031 2.54262 192 192 192
2.24485 18.80117 2.61450 194 194 194
2.14399 18.79896 2.68935 194 194 194
2.04081 18.79823 2.76135 193 193 193
1.93354 18.80122 2.82726 201 201 201
1.81901 18.80327 2.87979 197 197 197
1.70773 18.80094 2.93841 193 193 193
1.59079 18.80014 2.98470 187 187 187
1.47388 18.79807 3.03065 191 191 191
1.35643 18.80306 3.07559 194 194 194
1.23570 18.79688 3.11081 194 194 194
1.11624 18.80051 3.15166 191 191 191
0.99101 18.79931 3.16827 189 189 189
0.86791 18.80183 3.19421 198 198 198
0.74215 18.80343 3.20192 200 200 200
0.61821 18.79929 3.22571 200 200 200
0.49196 18.80295 3.21869 201 201 201
0.36665 18.79942 3.22677 195 195 195
0.24103 18.79823 3.22648 205 205 205
0.11547 18.79898 3.22091 194 194 194
-0.00955 18.80128 3.20788 198 198 198
-0.13335 18.80185 3.18627 198 198 198
-0.25819 18.79594 3.17067 197 197 197
-0.38043 18.80098 3.14119 197 197 197
-0.50141 18.80215 3.10729 193 193 193
-0.62273 18.80022 3.07437 197 197 197
-0.74045 18.80011 3.03029 191 191 191
-0.85659 18.79832 2.98255 192 192 192
-0.97186 18.80680 2.93282 189 189 189
-1.08787 18.79893 2.88402 188 188 188
-1.19779 18.80391 2.82288 189 189 189
-1.30584 18.79951 2.75863 187 187 187
-1.41590 18.80401 2.69715 191 191 191
-1.51376 18.80570 2.61754 193 193 193
-1.61343 18.80104 2.54109 189 189 189
-1.71349 18.80018 2.46491 192 192 192
-1.81172 18.80388 2.38592 187 187 187
-1.89807 18.80227 2.29409 187 187 187
-1.97912 18.80134 2.19778 183 183 183
-2.06393 18.80033 2.10528 182 182 182
-2.14663 18.80092 2.01068 177 177 177
-2.22988 18.80033 1.91586 185 185 185
-2.28826 18.80128 1.80333 181 181 181
-2.36459 18.80128 1.70308 187 187 187
-2.42342 18.79912 1.59189 180 180 180
-2.48872 18.79863 1.48426 176 176 176
-2.53252 18.80306 1.36591 182 182 182
-2.59274 18.79864 1.25519 183 183 183
-2.63026 18.80297 1.13500 183 183 183
-2.67960 18.80025 1.01916 177 177 177
-2.71594 18.79960 0.89875 174 174 174
-2.73974 18.80050 0.77515 175 175 175
-2.77391 18.80128 0.65407 173 173 173
-2.79803 18.80419 0.53061 173 173 173
-2.81359 18.79912 0.40578 179 179 179
-2.82379 18.79792 0.28047 179 179 179
-2.82377 18.80221 0.15473 167 167 167
-2.84815 18.79752 0.02938 163 163 163
-2.83295 18.80060 -0.09634 161 161 161
-2.81956 18.80200 -0.22139 174 174 174
-2.81612 18.80163 -0.34733 163 163 163
-2.79342 18.79853 -0.47113 160 160 160
-2.77670 18.79680 -0.59588 160 160 160
-2.74996 18.80524 -0.71886 161 161 161
-2.71861 18.80112 -0.84076 165 165 165
-2.67750 18.79843 -0.95973 154 154 154
-2.63589 18.80053 -1.07832 154 154 154
-2.58389 18.79833 -1.19278 160 160 160
-2.54073 18.80181 -1.31095 159 159 159
-2.49790 18.79681 -1.43019 160 160 160
-2.42921 18.79868 -1.53638 146 146 146
-2.36552 18.80328 -1.64490 158 158 158
-1.80222 18.80121 -2.31690 146 146 146
-1.51369 18.80024 -2.55869 146 146 146
-1.41004 18.79899 -2.62963 150 150 150
-1.30079 18.79681 -2.69163 140 140 140
-1.19806 18.79624 -2.76461 142 142 142
-1.08703 18.80019 -2.82364 143 143 143
-0.74067 18.79546 -2.97216 141 141 141
-0.62328 18.80237 -3.01732 130 130 130
-0.25663 18.80047 -3.10405 140 140 140
0.61700 18.79933 -3.15158 142 142 142
0.74228 18.79989 -3.14430 137 137 137
0.86817 18.80014 -3.13712 147 147 147
0.98995 18.80190 -3.10417 152 152 152
1.11484 18.80034 -3.08706 142 142 142
1.23940 18.79635 -3.06518 139 139 139
1.35428 18.80136 -3.01023 144 144 144
1.47130 18.80147 -2.96491 141 141 141
1.59146 18.79920 -2.92758 148 148 148
1.70627 18.79852 -2.87649 142 142 142
1.81911 18.80345 -2.82123 142 142 142
1.93261 18.80356 -2.76685 149 149 149
2.03611 18.80046 -2.69494 139 139 139
2.14800 18.80479 -2.63661 148 148 148
2.24497 18.79865 -2.55591 145 145 145
2.35392 18.80529 -2.49147 149 149 149
2.44182 18.80393 -2.40034 145 145 145
2.53763 18.80029 -2.31918 153 153 153
2.62613 18.80028 -2.23010 154 154 154
2.71494 18.79886 -2.14136 140 140 140
2.80405 18.79842 -2.05236 151 151 151
2.87298 18.79871 -1.94646 153 153 153
2.95436 18.79707 -1.85071 154 154 154
3.02933 18.79700 -1.74977 149 149 149
3.09841 18.80105 -1.64465 153 153 153
3.15817 18.80156 -1.53395 158 158 158
3.22104 18.79757 -1.42501 157 157 157
3.27044 18.80325 -1.30929 157 157 157
3.33390 18.80508 -1.19970 159 159 159
3.37392 18.79854 -1.08007 159 159 159
3.41514 18.79801 -0.96114 158 158 158
3.43621 18.79642 -0.83633 158 158 158
3.48267 18.79776 -0.71872 167 167 167
3.50173 18.80492 -0.59423 167 167 167
3.52957 18.80076 -0.47158 163 163 163
3.54023 18.79760 -0.34624 164 164 164
3.56272 18.79820 -0.22216 155 155 155
3.55787 18.79805 -0.09601 164 164 164
3.57686 19.19660 0.03000 169 169 169
3.56875 19.20450 0.15563 174 174 174
3.56858 19.20408 0.28164 169 169 169
3.54568 19.20061 0.40573 175 175 175
3.53188 19.20199 0.53061 174 174 174
3.50711 19.19987 0.65377 165 165 165
3.47618 19.19961 0.77544 173 173 173
3.45377 19.19968 0.89938 178 178 178
3.41295 19.20378 1.01833 177 177 177
3.37034 19.19881 1.13645 179 179 179
3.32477 19.20073 1.25342 175 175 175
3.27300 19.20636 1.36776 180 180 180
3.22607 19.20087 1.48464 179 179 179
3.15696 19.19950 1.59011 187 187 187
3.10064 19.19666 1.70261 186 186 186
3.03551 19.20135 1.81025 189 189 189
2.95948 19.20143 1.91051 178 178 178
2.87745 19.20443 2.00579 190 190 190
2.80726 19.20099 2.11061 185 185 185
2.72468 19.19832 2.20555 192 192 192
2.63543 19.20449 2.29424 188 188 188
2.54313 19.20432 2.37960 193 193 193
2.45165 19.20264 2.46591 185 185 185
2.34403 19.19729 2.53254 194 194 194
2.25332 19.19915 2.62054 196 196 196
2.14552 19.19613 2.68549 199 199 199
2.04199 19.19995 2.75651 194 194 194
1.93426 19.19952 2.82107 196 196 196
1.82291 19.20353 2.87918 190 190 190
1.70929 19.20133 2.93258 197 197 197
1.59642 19.19988 2.98798 196 196 196
1.47804 19.19897 3.03028 194 194 194
1.36197 19.20418 3.07933 194 194 194
1.23760 19.20334 3.10211 195 195 195
1.11841 19.20029 3.14243 195 195 195
0.99619 19.19846 3.17211 187 187 187
0.87308 19.20100 3.19888 188 188 188
0.74782 19.19592 3.21223 199 199 199
0.62220 19.19797 3.21946 189 189 189
0.49652 19.19898 3.21998 199 199 199
0.37118 19.20156 3.22593 187 187 187
0.24559 19.20125 3.22640 198 198 198
0.11983 19.19680 3.22377 194 194 194
-0.00549 19.19518 3.21249 195 195 195
-0.12899 19.20103 3.18796 195 195 195
-0.25324 19.20403 3.16919 191 191 191
-0.37501 19.20364 3.13811 200 200 200
-0.49818 19.19979 3.11252 196 196 196
-0.61720 19.20214 3.07192 196 196 196
-0.73652 19.19997 3.03255 195 195 195
-0.85162 19.19851 2.98211 193 193 193
-0.96604 19.19624 2.93066 189 189 189
-1.08157 19.20024 2.88119 195 195 195
-1.19137 19.19976 2.82014 193 193 193
-1.30221 19.19592 2.76073 187 187 187
-1.40900 19.19953 2.69423 188 188 188
-1.51264 19.20055 2.62286 189 189 189
-1.61192 19.20376 2.54555 191 191 191
-1.71060 19.19820 2.46746 186 186 186
-1.80328 19.19856 2.38232 187 187 187
-1.90056 19.19875 2.30174 197 197 197
-1.97976 19.20116 2.20319 183 183 183
-2.06244 19.19898 2.10851 192 192 192
-2.14515 19.19926 2.01371 186 186 186
-2.21849 19.20358 1.91150 183 183 183
-2.28263 19.20180 1.80322 186 186 186
-2.35947 19.20148 1.70334 183 183 183
-2.42776 19.19864 1.59748 178 178 178
-2.48059 19.19971 1.48305 183 183 183
-2.53285 19.19832 1.36878 173 173 173
-2.59031 19.20196 1.25669 177 177 177
-2.63213 19.19898 1.13798 172 172 172
-2.66803 19.20004 1.01750 173 173 173
-2.71468 19.20194 0.90030 173 173 173
-2.73435 19.19469 0.77557 178 178 178
-2.76311 19.20391 0.65345 167 167 167
-2.79218 19.19725 0.53103 173 173 173
-2.79637 19.20112 0.40490 168 168 168
-2.81627 19.19861 0.28086 171 171 171
-2.82167 19.19733 0.15545 173 173 173
-2.83376 19.20140 0.03000 170 170 170
-2.83464 19.19912 -0.09596 165 165 165
-2.81278 19.19864 -0.22058 164 164 164
-2.80743 19.19295 -0.34621 163 163 163
-2.78989 19.19786 -0.47066 166 166 166
-2.76246 19.19774 -0.59332 167 167 167
-2.73246 19.19946 -0.71512 164 164 164
-2.71521 19.19694 -0.84045 162 162 162
-2.67850 19.20044 -0.96090 155 155 155
-2.63071 19.20221 -1.07746 166 166 166
-2.58070 19.19693 -1.19271 155 155 155
-2.53052 19.20106 -1.30770 157 157 157
-2.47647 19.20034 -1.42095 158 158 158
-2.42327 19.19535 -1.53497 147 147 147
-1.89628 19.19785 -2.23747 145 145 145
-1.19331 19.20059 -2.76359 156 156 156
-0.73470 19.20178 -2.96762 142 142 142
-0.25377 19.19938 -3.11186 136 136 136
0.37118 19.20007 -3.16138 134 134 134
0.62261 19.20138 -3.16474 141 141 141
0.74777 19.20358 -3.15176 133 133 133
0.87183 19.19538 -3.13097 136 136 136
0.99438 19.19749 -3.10305 138 138 138
1.11890 19.20099 -3.08446 145 145 145
1.23985 19.19959 -3.05008 145 145 145
1.36046 19.19786 -3.01470 141 141 141
1.47770 19.19869 -2.96935 136 136 136
1.59171 19.20321 -2.91662 143 143 143
1.70739 19.19896 -2.86845 147 147 147
1.82380 19.20612 -2.82093 142 142 142
1.93705 19.20149 -2.76606 139 139 139
2.04443 19.19865 -2.70050 141 141 141
2.15046 19.20411 -2.63288 150 150 150
2.25477 19.20078 -2.56253 149 149 149
2.35440 19.20010 -2.48570 146 146 146
2.44670 19.19937 -2.40012 142 142 142
2.54861 19.19935 -2.32553 145 145 145
2.63781 19.20408 -2.23663 144 144 144
2.72365 19.20308 -2.14460 145 145 145
2.80330 19.19965 -2.04723 148 148 148
2.88759 19.19813 -1.95378 151 151 151
2.96102 19.19945 -1.85163 151 151 151
3.03431 19.20218 -1.74945 152 152 152
3.10310 19.20222 -1.64412 154 154 154
3.16382 19.19911 -1.53395 158 158 158
3.22416 19.19805 -1.42367 157 157 157
3.26886 19.19944 -1.30585 155 155 155
3.32841 19.20150 -1.19493 158 158 158
3.37760 19.20248 -1.07912 154 154 154
3.41967 19.19652 -0.96051 157 157 157
3.45118 19.20139 -0.83865 156 156 156
3.48849 19.20020 -0.71840 163 163 163
3.50852 19.19934 -0.59405 154 154 154
3.53286 19.19742 -0.47076 158 158 158
3.55143 19.20019 -0.34641 160 160 160
3.56561 19.19788 -0.22141 170 170 170
3.56493 19.19882 -0.09548 167 167 167
3.56892 19.60183 0.03063 165 165 165
3.57582 19.60182 0.15636 165 165 165
3.57206 19.59980 0.28220 165 165 165
3.55419 19.60277 0.40684 170 170 170
3.54031 19.60007 0.53188 173 173 173
3.51188 19.60126 0.65449 172 172 172
3.49044 19.59900 0.77845 171 171 171
3.45465 19.59610 0.89903 171 171 171
3.41901 19.59363 1.01951 176 176 176
3.37117 19.59947 1.13578 173 173 173
3.32780 19.59963 1.25350 177 177 177
3.28251 19.60070 1.37076 178 178 178
3.22783 19.59978 1.48395 180 180 180
3.16275 19.59889 1.59155 180 180 180
3.09410 19.59587 1.69657 179 179 179
3.03895 19.60040 1.81027 179 179 179
2.96849 19.60220 1.91452 182 182 182
2.88654 19.60045 2.01015 187 187 187
2.80403 19.60080 2.10477 183 183 183
2.72618 19.59977 2.20355 184 184 184
2.63834 19.59720 2.29344 177 177 177
2.55241 19.59884 2.38557 193 193 193
2.45525 19.60600 2.46567 191 191 191
2.35304 19.59777 2.53909 192 192 192
2.25438 19.59976 2.61665 191 191 191
2.15302 19.59600 2.69083 198 198 198
2.04920 19.59728 2.76182 192 192 192
1.94300 19.59393 2.82956 186 186 186
1.83080 19.59906 2.88676 192 192 192
1.71550 19.59819 2.93727 190 190 190
1.60382 19.59930 2.99599 194 194 194
1.48189 19.59498 3.02956 192 192 192
1.36703 19.59759 3.08216 197 197 197
1.24374 19.59499 3.10910 190 190 190
1.12101 19.59900 3.13579 194 194 194
0.99732 19.60114 3.15660 204 204 204
0.87509 19.59431 3.18476 189 189 189
0.75186 19.59798 3.21026 196 196 196
0.62607 19.59694 3.21410 199 199 199
0.50133 19.60131 3.23251 197 197 197
0.37552 19.59748 3.22752 198 198 198
0.24994 19.60230 3.22697 196 196 196
0.12436 19.60319 3.22197 190 190 190
-0.00082 19.60011 3.21031 190 190 190
-0.12464 19.59795 3.18854 192 192 192
-0.24868 19.60470 3.16870 195 195 195
-0.37056 19.59612 3.13828 195 195 195
-0.49479 19.59539 3.11652 192 192 192
-0.61598 19.60023 3.08215 192 192 192
-0.73281 19.60208 3.03489 192 192 192
-0.85063 19.59686 2.99082 192 192 192
-0.96048 19.60295 2.92864 193 193 193
-1.07477 19.59905 2.87699 198 198 198
-1.18798 19.59823 2.82246 197 197 197
-1.29426 19.59862 2.75546 192 192 192
-1.40412 19.60038 2.69405 191 191 191
-1.50932 19.59956 2.62489 186 186 186
-1.60641 19.59948 2.54470 187 187 187
-1.70116 19.59305 2.46211 186 186 186
-1.79574 19.59792 2.37949 183 183 183
-1.89339 19.59949 2.29954 188 188 188
-1.96568 19.60035 2.19482 187 187 187
-2.05589 19.60049 2.10724 185 185 185
-2.14033 19.60058 2.01397 179 179 179
-2.21218 19.60293 1.91070 180 180 180
-2.28328 19.59926 1.80718 189 189 189
-2.35001 19.59822 1.70083 177 177 177
-2.41241 19.59960 1.59194 179 179 179
-2.47296 19.60196 1.48200 181 181 181
-2.52393 19.60261 1.36729 182 182 182
-2.58319 19.60048 1.25617 178 178 178
-2.62661 19.60386 1.13817 172 172 172
-2.65837 19.59462 1.01640 178 178 178
-2.69734 19.59704 0.89726 175 175 175
-2.73795 19.60328 0.77810 171 171 171
-2.75969 19.60024 0.65426 171 171 171
-2.79075 19.59768 0.53211 176 176 176
-2.79558 19.60000 0.40595 180 180 180
-2.81668 19.59597 0.28186 166 166 166
-2.81164 19.59935 0.15585 163 163 163
-2.82664 19.59580 0.03063 166 166 166
-2.82419 19.60057 -0.09509 166 166 166
-2.82201 19.59570 -0.22103 171 171 171
-2.80686 19.60377 -0.34604 165 165 165
-2.79779 19.59610 -0.47198 157 157 157
-2.76186 19.59882 -0.59344 165 165 165
-2.72969 19.60121 -0.71487 158 158 158
-2.70158 19.60351 -0.83721 172 172 172
-2.66455 19.60429 -0.95716 154 154 154
-2.63030 19.60184 -1.07828 159 159 159
-2.57826 19.60228 -1.19287 160 160 160
-2.53122 19.60112 -1.30940 153 153 153
-2.47905 19.60016 -1.42385 156 156 156
-2.41614 19.59911 -1.53278 160 160 160
-2.13522 19.59922 -1.94869 154 154 154
-1.97005 19.59401 -2.13760 155 155 155
-1.29179 19.60282 -2.69018 139 139 139
-0.49297 19.60154 -3.04883 142 142 142
-0.37075 19.59859 -3.07783 145 145 145
0.12414 19.59936 -3.16355 141 141 141
0.75103 19.59529 -3.14201 142 142 142
0.87483 19.60089 -3.12185 145 145 145
0.99924 19.60460 -3.10502 139 139 139
1.12258 19.60333 -3.08110 137 137 137
1.24544 19.59598 -3.05386 140 140 140
1.36662 19.60121 -3.01964 139 139 139
1.48128 19.59744 -2.96665 144 144 144
1.60149 19.60061 -2.92913 145 145 145
1.71133 19.59615 -2.86696 139 139 139
1.83210 19.59925 -2.82807 140 140 140
1.93861 19.60310 -2.76047 138 138 138
2.04683 19.59870 -2.69669 144 144 144
2.15781 19.60124 -2.63675 151 151 151
2.25747 19.59806 -2.55965 154 154 154
2.35343 19.60021 -2.47833 143 143 143
2.45213 19.59828 -2.40077 151 151 151
2.54862 19.59566 -2.32022 142 142 142
2.63870 19.59774 -2.23255 145 145 145
2.72392 19.59981 -2.14021 142 142 142
2.80856 19.59763 -2.04738 149 149 149
2.88665 19.60056 -1.94899 153 153 153
2.96101 19.59640 -1.84784 154 154 154
3.02897 19.60492 -1.74235 158 158 158
3.10714 19.59984 -1.64331 153 153 153
3.16523 19.59989 -1.53168 159 159 159
3.24112 19.60200 -1.42947 155 155 155
3.27780 19.60211 -1.30734 152 152 152
3.33821 19.59857 -1.19656 152 152 152
3.37702 19.59793 -1.07668 160 160 160
3.41117 19.60244 -0.95572 159 159 159
3.46561 19.60015 -0.84087 159 159 159
3.48591 19.60416 -0.71611 161 161 161
3.50722 19.59681 -0.59231 162 162 162
3.53899 19.59916 -0.47042 164 164 164
3.55984 19.60381 -0.34626 167 167 167
3.56421 19.59733 -0.22033 165 165 165
3.58047 19.60052 -0.09530 163 163 163
3.57655 19.99970 0.03125 167 167 167
3.57923 19.99633 0.15696 169 169 169
3.56996 19.99947 0.28233 173 173 173
3.55877 19.99948 0.40752 176 176 176
3.52985 19.99659 0.53019 175 175 175
3.52372 20.00040 0.65664 175 175 175
3.48985 20.00015 0.77794 181 181 181
3.46576 20.00034 0.90162 169 169 169
3.42727 19.99708 1.02147 176 176 176
3.37969 19.99878 1.13801 180 180 180
3.33216 20.00025 1.25421 178 178 178
3.28939 19.99979 1.37264 172 172 172
3.23528 20.00116 1.48625 185 185 185
3.16971 19.99639 1.59375 183 183 183
3.10832 19.99655 1.70336 183 183 183
3.03522 19.99258 1.80563 185 185 185
2.97247 19.99804 1.91503 187 187 187
2.90070 20.00088 2.01867 182 182 182
2.81898 19.99908 2.11461 183 183 183
2.72360 20.00338 2.19795 191 191 191
2.64365 20.00003 2.29523 188 188 188
2.54970 19.99641 2.37877 195 195 195
2.45245 20.00324 2.45816 193 193 193
2.36324 20.00034 2.54739 190 190 190
2.25807 19.99775 2.61664 184 184 184
2.15470 20.00180 2.68777 195 195 195
2.05269 19.99919 2.76136 193 193 193
1.94268 20.00414 2.82220 194 194 194
1.82968 19.99945 2.87704 192 192 192
1.72015 20.00069 2.93897 198 198 198
1.60157 19.99836 2.98116 201 201 201
1.48854 19.99894 3.03697 193 193 193
1.36939 19.99731 3.07728 188 188 188
1.24576 19.99618 3.10214 198 198 198
1.12473 20.00026 3.13461 202 202 202
1.00466 20.00554 3.17325 189 189 189
0.87990 19.99476 3.18955 200 200 200
0.75578 20.00370 3.20896 198 198 198
0.63061 20.00273 3.21967 199 199 199
0.50558 20.00194 3.23577 200 200 200
0.37968 20.00126 3.22636 190 190 190
0.25361 20.00067 3.23992 194 194 194
0.12891 20.00276 3.21757 194 194 194
0.00333 20.00094 3.21097 198 198 198
-0.12080 19.99667 3.19112 201 201 201
-0.24544 19.99760 3.17391 194 194 194
-0.36655 19.99438 3.13951 187 187 187
-0.48917 20.00168 3.11193 193 193 193
-0.60855 19.99981 3.07269 192 192 192
-0.72601 19.99952 3.02834 190 190 190
-0.84693 20.00103 2.99254 188 188 188
-0.96114 20.00198 2.93969 194 194 194
-1.07462 19.99747 2.88546 196 196 196
-1.18781 20.00269 2.83020 195 195 195
-1.28797 19.99819 2.75260 189 189 189
-1.39860 20.00361 2.69263 190 190 190
-1.50351 20.00060 2.62323 190 190 190
-1.60094 20.00058 2.54364 193 193 193
-1.69748 20.00401 2.46328 191 191 191
-1.79160 20.00181 2.38012 187 187 187
-1.88413 19.99687 2.29505 187 187 187
-1.97130 19.99962 2.20447 183 183 183
-2.06134 19.99915 2.11608 190 190 190
-2.12912 20.00143 2.00902 186 186 186
-2.20756 20.00075 1.91098 179 179 179
-2.28415 20.00059 1.81116 187 187 187
-2.35237 19.99902 1.70545 186 186 186
-2.41370 20.00235 1.59562 180 180 180
-2.47712 20.00029 1.48686 181 181 181
-2.52509 20.00083 1.37037 181 181 181
-2.57469 20.00124 1.25499 171 171 171
-2.62145 20.00331 1.13843 187 187 187
-2.66951 19.99736 1.02199 174 174 174
-2.69790 19.99835 0.89922 168 168 168
-2.73168 20.00144 0.77822 174 174 174
-2.75255 20.00144 0.65429 169 169 169
-2.79071 19.99947 0.53339 176 176 176
-2.79661 20.00224 0.40719 171 171 171
-2.80969 20.00076 0.28226 168 168 168
-2.82012 20.00304 0.15697 158 158 158
-2.81518 20.00200 0.03125 172 172 172
-2.81417 19.99984 -0.09424 165 165 165
-2.80177 19.99801 -0.21913 162 162 162
-2.80040 20.00013 -0.34514 159 159 159
-2.77132 19.99755 -0.46782 158 158 158
-2.75890 19.99854 -0.59305 157 157 157
-2.72747 19.99999 -0.71471 157 157 157
-2.70433 20.00199 -0.83853 167 167 167
-2.66203 20.00075 -0.95706 163 163 163
-2.62677 19.99773 -1.07789 160 160 160
-2.57478 19.99949 -1.19252 162 162 162
-2.52840 19.99738 -1.30939 159 159 159
-2.48336 20.00045 -1.42754 156 156 156
-2.41546 20.00258 -1.53410 155 155 155
-2.34199 19.99720 -1.63659 147 147 147
-2.28085 20.00635 -1.74646 152 152 152
-1.97021 19.99956 -2.14096 156 156 156
-1.79280 19.99834 -2.31892 152 152 152
-1.39790 20.00107 -2.62907 144 144 144
-1.29664 19.99837 -2.70426 144 144 144
-0.72590 20.00375 -2.96554 149 149 149
0.00298 19.99945 -3.15143 140 140 140
0.12868 19.99785 -3.15792 139 139 139
0.25391 19.99508 -3.16958 137 137 137
0.75644 20.00268 -3.15199 147 147 147
0.87986 20.00380 -3.12682 141 141 141
1.00346 19.99830 -3.10471 136 136 136
1.12660 19.99876 -3.07993 142 142 142
1.24528 19.99633 -3.03794 138 138 138
1.36944 19.99590 -3.01494 144 144 144
1.48703 19.99869 -2.97036 142 142 142
1.60411 19.99901 -2.92480 146 146 146
1.71827 20.00135 -2.87238 146 146 146
1.82916 19.99896 -2.81353 141 141 141
1.94307 20.00327 -2.76040 141 141 141
2.05635 20.00423 -2.70483 146 146 146
2.15413 19.99966 -2.62441 147 147 147
2.26266 20.00263 -2.56045 157 157 157
2.35770 19.99989 -2.47787 147 147 147
2.45637 20.00481 -2.40025 148 148 148
2.54852 20.00045 -2.31499 151 151 151
2.64478 19.99224 -2.23386 152 152 152
2.72762 20.00490 -2.13916 155 155 155
2.81754 19.99560 -2.05088 153 153 153
2.89184 19.99542 -1.94918 156 156 156
2.97375 20.00024 -1.85345 153 153 153
3.04096 19.99738 -1.74696 152 152 152
3.10730 20.00297 -1.64024 154 154 154
3.17729 19.99910 -1.53549 153 153 153
3.21971 20.00005 -1.41582 157 157 157
3.29227 20.00267 -1.31147 155 155 155
3.33495 20.00043 -1.19286 156 156 156
3.37706 19.99996 -1.07454 155 155 155
3.42136 19.99941 -0.95705 154 154 154
3.45976 19.99444 -0.83742 152 152 152
3.49621 19.99823 -0.71696 159 159 159
3.51183 20.00344 -0.59177 157 157 157
3.53640 19.99663 -0.46873 160 160 160
3.56434 19.99916 -0.34568 167 167 167
3.56868 19.99555 -0.21973 163 163 163
3.57540 20.00098 -0.09431 166 166 166
3.58128 20.40236 0.03188 175 175 175
3.58104 20.39895 0.15750 171 171 171
3.58086 20.39824 0.28350 163 163 163
3.55027 20.39628 0.40667 168 168 168
3.54394 20.39992 0.53242 165 165 165
3.52825 20.39685 0.65738 170 170 170
3.48963 20.40276 0.77756 174 174 174
3.45826 20.39868 0.89901 184 184 184
3.42996 20.40030 1.02169 178 178 178
3.38977 20.39923 1.14090 177 177 177
3.34030 20.40671 1.25657 171 171 171
3.28800 20.40203 1.37081 181 181 181
3.23325 20.39950 1.48383 181 181 181
3.17009 20.40072 1.59237 178 178 178
3.11881 20.39953 1.70800 186 186 186
3.03588 20.40261 1.80405 188 188 188
2.98026 20.39946 1.91844 177 177 177
2.89903 20.40208 2.01485 183 183 183
2.82589 20.40107 2.11776 190 190 190
2.73354 20.40052 2.20410 188 188 188
2.64540 20.39809 2.29364 189 189 189
2.55065 20.40235 2.37614 191 191 191
2.46065 20.39777 2.46375 193 193 193
2.36677 20.40253 2.54747 188 188 188
2.26564 20.39635 2.62224 190 190 190
2.15987 20.40184 2.69021 196 196 196
2.05722 20.39710 2.76292 193 193 193
1.94546 20.40190 2.82072 193 193 193
1.83468 20.40143 2.87971 191 191 191
1.72568 20.40121 2.94299 188 188 188
1.61217 20.39697 2.99782 191 191 191
1.49244 20.39918 3.03743 191 191 191
1.37300 20.40017 3.07682 199 199 199
1.25279 20.39772 3.11367 196 196 196
1.13147 20.39740 3.14683 196 196 196
1.00783 20.39961 3.16991 199 199 199
0.88325 20.40005 3.18634 201 201 201
0.76019 20.39741 3.21336 192 192 192
0.63492 20.39995 3.22483 196 196 196
0.50907 20.39838 3.22440 190 190 190
0.38363 20.40398 3.22532 191 191 191
0.25810 20.40149 3.22686 198 198 198
0.13258 20.40053 3.22183 202 202 202
0.00616 20.39771 3.22111 197 197 197
-0.11653 20.39865 3.18976 197 197 197
-0.23967 20.39751 3.16543 190 190 190
-0.36370 20.40156 3.14473 195 195 195
-0.48519 20.40752 3.11248 188 188 188
-0.60666 20.39852 3.07968 199 199 199
-0.72354 20.40312 3.03301 196 196 196
-0.83898 20.39147 2.98352 194 194 194
-0.95509 20.40260 2.93580 203 203 203
-1.07017 20.39910 2.88513 192 192 192
-1.17892 20.40218 2.82201 190 190 190
-1.28953 20.40250 2.76222 189 189 189
-1.39940 20.39983 2.70037 188 188 188
-1.50131 20.39968 2.62628 196 196 196
-1.59765 20.40217 2.54513 191 191 191
-1.69335 20.39982 2.46372 190 190 190
-1.79005 20.40141 2.38335 188 188 188
-1.88113 20.39978 2.29663 185 185 185
-1.96589 20.40403 2.20375 184 184 184
-2.05117 20.39933 2.11140 180 180 180
-2.13342 20.40011 2.01616 186 186 186
-2.20037 20.39608 1.90926 182 182 182
-2.27649 20.40002 1.80931 184 184 184
-2.34476 20.40117 1.70383 183 183 183
-2.40883 20.40007 1.59573 174 174 174
-2.46331 20.40033 1.48247 181 181 181
-2.52089 20.40293 1.37088 177 177 177
-2.57087 20.39805 1.25567 179 179 179
-2.61869 20.40116 1.13949 183 183 183
-2.66301 20.40112 1.02179 176 176 176
-2.68985 20.40264 0.89869 173 173 173
-2.73060 20.39477 0.77954 173 173 173
-2.74850 20.40146 0.65490 171 171 171
-2.77608 20.39285 0.53233 170 170 170
-2.79537 20.39724 0.40813 171 171 171
-2.81040 20.39747 0.28325 169 169 169
-2.81665 20.40181 0.15761 173 173 173
-2.81249 20.40081 0.03188 168 168 168
-2.81122 20.39978 -0.09365 165 165 165
-2.80256 20.40171 -0.21888 168 168 168
-2.78649 20.39744 -0.34333 165 165 165
-2.77752 20.39947 -0.46880 166 166 166
-2.74724 20.40307 -0.59090 163 163 163
-2.72589 20.40051 -0.71466 161 161 161
-2.69252 20.40059 -0.83569 155 155 155
-2.66206 20.40246 -0.95773 160 160 160
-2.61725 20.39868 -1.07521 155 155 155
-2.57483 20.40193 -1.19356 158 158 158
-2.51832 20.40020 -1.30595 162 162 162
-2.46799 20.40086 -1.42110 158 158 158
-2.40604 20.40372 -1.53042 159 159 159
-2.33358 20.39638 -1.63323 153 153 153
-2.28232 20.39939 -1.74946 154 154 154
-2.13371 20.39629 -1.95263 141 141 141
-1.96834 20.40066 -2.14226 141 141 141
-1.59889 20.39969 -2.48294 148 148 148
-1.49920 20.39250 -2.55962 144 144 144
-1.39530 20.40235 -2.63049 141 141 141
-1.28500 20.39524 -2.69108 146 146 146
-1.06974 20.39562 -2.82054 141 141 141
-0.48352 20.39846 -3.04281 152 152 152
0.38363 20.39592 -3.16463 135 135 135
0.63534 20.40041 -3.16634 142 142 142
0.76018 20.40120 -3.14952 133 133 133
0.88404 20.39780 -3.12758 143 143 143
1.00627 20.39634 -3.09835 143 143 143
1.12746 20.40074 -3.06637 140 140 140
1.25092 20.40307 -3.04331 140 140 140
1.37329 20.40058 -3.01398 137 137 137
1.49098 20.40140 -2.96971 139 139 139
1.60822 20.40163 -2.92454 137 137 137
1.72245 20.40083 -2.87225 144 144 144
1.83867 20.40087 -2.82380 140 140 140
1.94710 20.40000 -2.75990 141 141 141
2.05882 20.40382 -2.70178 147 147 147
2.16219 20.39644 -2.62992 145 145 145
2.26381 20.39934 -2.55597 143 143 143
2.36207 20.39989 -2.47776 157 157 157
2.46829 20.40090 -2.40894 146 146 146
2.54995 20.40253 -2.31163 147 147 147
2.64873 20.40296 -2.23322 147 147 147
2.73035 20.40231 -2.13741 145 145 145
2.82557 20.40063 -2.05374 150 150 150
2.89367 20.39631 -1.94688 150 150 150
2.97101 20.40226 -1.84797 157 157 157
3.04310 20.40150 -1.74512 152 152 152
3.11100 20.39639 -1.63946 156 156 156
3.17818 20.39575 -1.53315 156 156 156
3.23122 20.40037 -1.41904 147 147 147
3.28316 20.39523 -1.30482 152 152 152
3.34010 20.40379 -1.19274 163 163 163
3.38924 20.40405 -1.07695 154 154 154
3.43168 20.39955 -0.95849 156 156 156
3.47655 20.39993 -0.84042 160 160 160
3.49746 20.39791 -0.71569 162 162 162
3.52195 20.40365 -0.59237 163 163 163
3.54778 20.39933 -0.46928 164 164 164
3.56050 20.39766 -0.34413 156 156 156
3.57392 20.39866 -0.21921 163 163 163
3.58469 20.40120 -0.09389 163 163 163
3.58089 20.80233 0.03250 168 168 168
3.57726 20.80264 0.15783 171 171 171
3.58194 20.79748 0.28392 166 166 166
3.56662 20.79713 0.40879 172 172 172
3.54067 20.80345 0.53193 176 176 176
3.52955 20.79986 0.65751 165 165 165
3.50533 20.80061 0.78105 178 178 178
3.46824 20.80079 0.90139 167 167 167
3.43333 20.79953 1.02219 175 175 175
3.39639 20.80261 1.14258 180 180 180
3.34655 20.80554 1.25822 181 181 181
3.28707 20.79701 1.36927 180 180 180
3.24029 20.79901 1.48612 181 181 181
3.18449 20.79906 1.59895 175 175 175
3.10277 20.79675 1.69648 180 180 180
3.03974 20.79869 1.80474 183 183 183
2.97677 20.80219 1.91379 184 184 184
2.88713 20.79646 2.00313 187 187 187
2.82517 20.80289 2.11456 185 185 185
2.74306 20.79723 2.21005 186 186 186
2.65039 20.80043 2.29550 181 181 181
2.55718 20.79868 2.37976 183 183 183
2.46984 20.80145 2.47073 191 191 191
2.37205 20.80276 2.55002 185 185 185
2.27188 20.79981 2.62627 186 186 186
2.15960 20.79891 2.68479 192 192 192
2.05628 20.79989 2.75587 193 193 193
1.95216 20.80231 2.82658 186 186 186
1.83796 20.79958 2.87940 189 189 189
1.72807 20.80218 2.94065 192 192 192
1.61079 20.79792 2.98603 196 196 196
1.49403 20.79823 3.03216 195 195 195
1.37887 20.79549 3.08395 199 199 199
1.25665 20.79530 3.11463 197 197 197
1.13544 20.79675 3.14832 194 194 194
1.01276 20.79859 3.17640 194 194 194
0.88959 20.79886 3.20326 192 192 192
0.76369 20.79944 3.21182 183 183 183
0.63808 20.79994 3.21777 194 194 194
0.51278 20.79786 3.22363 192 192 192
0.38740 20.79832 3.23391 206 206 206
0.26150 20.80271 3.23666 200 200 200
0.13579 20.80004 3.22946 194 194 194
0.01090 20.79928 3.21350 193 193 193
-0.11137 20.79953 3.18161 194 194 194
-0.23476 20.80065 3.16028 196 196 196
-0.36051 20.79655 3.14774 191 191 191
-0.48144 20.79894 3.11317 191 191 191
-0.60120 20.79527 3.07507 197 197 197
-0.72076 20.79937 3.03628 197 197 197
-0.84087 20.79832 2.99779 197 197 197
-0.94742 20.80162 2.92795 190 190 190
-1.06573 20.79753 2.88443 191 191 191
-1.17410 20.79565 2.82076 195 195 195
-1.28514 20.79949 2.76183 189 189 189
-1.39098 20.80217 2.69403 188 188 188
-1.49429 20.79899 2.62242 189 189 189
-1.59375 20.79602 2.54557 193 193 193
-1.68869 20.80228 2.46328 182 182 182
-1.78031 20.80073 2.37751 194 194 194
-1.87881 20.79787 2.29870 177 177 177
-1.96677 20.80207 2.20867 189 189 189
-2.04627 20.80243 2.11105 182 182 182
-2.12472 20.80362 2.01289 186 186 186
-2.20118 20.80002 1.91321 187 187 187
-2.28132 20.79824 1.81568 182 182 182
-2.33885 20.79964 1.70315 188 188 188
-2.40080 20.79742 1.59396 169 169 169
-2.46607 20.80257 1.48641 176 176 176
-2.52009 20.80296 1.37287 183 183 183
-2.56559 20.79896 1.25567 175 175 175
-2.61912 20.79745 1.14166 173 173 173
-2.66174 20.79904 1.02322 178 178 178
-2.69081 20.80188 0.90064 177 177 177
-2.72678 20.80045 0.78015 171 171 171
-2.75079 20.79752 0.65672 168 168 168
-2.76611 20.79976 0.53197 175 175 175
-2.79221 20.80567 0.40883 178 178 178
-2.79902 20.80125 0.28328 167 167 167
-2.81921 20.80230 0.15849 169 169 169
-2.81206 20.80105 0.03250 161 161 161
-2.82053 20.79782 -0.09354 169 169 169
-2.80453 20.80114 -0.21871 165 165 165
-2.78374 20.79992 -0.34283 171 171 171
-2.76611 20.80048 -0.46697 154 154 154
-2.75424 20.79938 -0.59241 153 153 153
-2.72399 20.79906 -0.71448 166 166 166
-2.68425 20.79853 -0.83379 162 162 162
-2.65804 20.80264 -0.95702 157 157 157
-2.61201 20.80163 -1.07404 160 160 160
-2.56706 20.80087 -1.19128 152 152 152
-2.52273 20.79964 -1.30909 153 153 153
-2.46006 20.79577 -1.41835 152 152 152
-2.40583 20.79778 -1.53178 159 159 159
-2.19948 20.79981 -1.84697 158 158 158
-2.03966 20.79857 -2.04040 150 150 150
-1.28280 20.79884 -2.69301 144 144 144
-1.06428 20.80020 -2.81657 150 150 150
-0.71855 20.80127 -2.96530 141 141 141
-0.48229 20.80181 -3.05118 141 141 141
-0.23804 20.80137 -3.11178 136 136 136
0.51291 20.79837 -3.16202 141 141 141
0.76240 20.79719 -3.13594 136 136 136
0.88798 20.79900 -3.12806 139 139 139
1.01215 20.80184 -3.10833 135 135 135
1.13259 20.79822 -3.07146 146 146 146
1.25767 20.79888 -3.05327 148 148 148
1.37688 20.79591 -3.01283 146 146 146
1.49362 20.79972 -2.96605 146 146 146
1.61031 20.79798 -2.91987 143 143 143
1.72777 20.79829 -2.87500 145 145 145
1.83749 20.79787 -2.81347 141 141 141
1.94783 20.80289 -2.75386 142 142 142
2.05634 20.79847 -2.69097 140 140 140
2.16740 20.80076 -2.63146 146 146 146
2.26937 20.79542 -2.55781 143 143 143
2.36928 20.79769 -2.48151 152 152 152
2.46436 20.80277 -2.39931 146 146 146
2.55645 20.79820 -2.31397 142 142 142
2.65673 20.80060 -2.23684 151 151 151
2.73790 20.79711 -2.14028 148 148 148
2.81695 20.79750 -2.04253 140 140 140
2.90195 20.79760 -1.94982 152 152 152
2.98734 20.80234 -1.85647 152 152 152
3.04008 20.79869 -1.73997 155 155 155
3.12062 20.79951 -1.64242 150 150 150
3.18203 20.80167 -1.53257 150 150 150
3.23275 20.80081 -1.41728 159 159 159
3.29620 20.80072 -1.30848 153 153 153
3.34251 20.80402 -1.19155 158 158 158
3.39085 20.79623 -1.07553 150 150 150
3.42597 20.80290 -0.95479 165 165 165
3.46476 20.80394 -0.83541 152 152 152
3.50393 20.80097 -0.71571 166 166 166
3.52716 20.79911 -0.59204 160 160 160
3.55367 20.79828 -0.46899 165 165 165
3.56716 20.79580 -0.34385 158 158 158
3.57565 20.79859 -0.21842 161 161 161
3.58203 20.80332 -0.09302 164 164 164
3.59094 21.20175 0.03313 166 166 166
3.58710 21.20078 0.15870 166 166 166
3.57446 21.20136 0.28367 173 173 173
3.56491 21.20011 0.40879 173 173 173
3.55662 21.20024 0.53452 176 176 176
3.52579 21.19727 0.65668 177 177 177
3.50552 21.19866 0.78086 169 169 169
3.46529 21.20135 0.90017 179 179 179
3.43435 21.20036 1.02198 179 179 179
3.39184 21.19834 1.14021 183 183 183
3.34996 21.20097 1.25878 182 182 182
3.29531 21.20264 1.37205 170 170 170
3.24753 21.20096 1.48862 183 183 183
3.18446 21.19960 1.59756 187 187 187
3.11705 21.20089 1.70368 179 179 179
3.05130 21.19548 1.81071 185 185 185
2.98237 21.19667 1.91590 181 181 181
2.90364 21.20321 2.01396 178 178 178
2.82820 21.20118 2.11472 184 184 184
2.74503 21.19284 2.20921 194 194 194
2.65575 21.19844 2.29792 182 182 182
2.56515 21.20140 2.38515 190 190 190
2.47432 21.19939 2.47243 192 192 192
2.37411 21.20372 2.54873 187 187 187
2.27491 21.20092 2.62616 188 188 188
2.16560 21.19817 2.68906 194 194 194
2.06307 21.19920 2.76177 185 185 185
1.95646 21.19788 2.82852 190 190 190
1.84686 21.19616 2.89049 195 195 195
1.72946 21.19583 2.93656 197 197 197
1.61945 21.20048 2.99897 196 196 196
1.49818 21.20455 3.03439 194 194 194
1.38020 21.19964 3.07770 196 196 196
1.25964 21.20289 3.11322 202 202 202
1.13769 21.19919 3.14350 192 192 192
1.01563 21.20184 3.17353 195 195 195
0.89043 21.20150 3.18663 199 199 199
0.76729 21.20085 3.21272 198 198 198
0.64266 21.19915 3.23122 185 185 185
0.51684 21.20321 3.23703 192 192 192
0.39096 21.20110 3.23589 206 206 206
0.26551 21.20533 3.22611 198 198 198
0.14046 21.19921 3.21602 195 195 195
0.01475 21.19873 3.21167 200 200 200
-0.10937 21.20069 3.19208 198 198 198
-0.23318 21.19832 3.17088 199 199 199
-0.35500 21.19960 3.14025 188 188 188
-0.47601 21.19871 3.10716 193 193 193
-0.59706 21.19962 3.07394 195 195 195
-0.71649 21.20076 3.03500 191 191 191
-0.83452 21.19497 2.99170 189 189 189
-0.94733 21.20262 2.93610 190 190 190
-1.06340 21.19952 2.88747 193 193 193
-1.17819 21.20086 2.83504 187 187 187
-1.27871 21.19752 2.75779 195 195 195
-1.39117 21.19988 2.70027 194 194 194
-1.49090 21.20026 2.62328 194 194 194
-1.58865 21.19924 2.54425 189 189 189
-1.68944 21.19867 2.46896 185 185 185
-1.77914 21.19726 2.38072 195 195 195
-1.87498 21.19582 2.29906 188 188 188
-1.96333 21.19500 2.20941 190 190 190
-2.04192 21.19967 2.11100 188 188 188
-2.12366 21.19970 2.01549 180 180 180
-2.20023 21.19876 1.91573 184 184 184
-2.26761 21.19983 1.80953 182 182 182
-2.34301 21.20196 1.70850 184 184 184
-2.40668 21.19914 1.59988 177 177 177
-2.45490 21.20466 1.48316 180 180 180
-2.52767 21.20244 1.37863 174 174 174
-2.56337 21.19807 1.25685 178 178 178
-2.61498 21.19733 1.14208 173 173 173
-2.65613 21.20110 1.02319 179 179 179
-2.68932 21.20070 0.90185 175 175 175
-2.72526 21.19968 0.78126 171 171 171
-2.74723 21.20527 0.65735 182 182 182
-2.76936 21.19582 0.53367 166 166 166
-2.78306 21.20429 0.40879 174 174 174
-2.80125 21.19924 0.28436 165 165 165
-2.80117 21.19874 0.15854 172 172 172
-2.80894 21.20015 0.03313 167 167 167
-2.80801 21.19667 -0.09256 163 163 163
-2.80334 21.20008 -0.21827 173 173 173
-2.78429 21.20214 -0.34269 166 166 166
-2.77385 21.20108 -0.46813 167 167 167
-2.75021 21.20486 -0.59169 167 167 167
-2.71984 21.19974 -0.71371 169 169 169
-2.68829 21.19777 -0.83531 154 154 154
-2.65266 21.19855 -0.95581 165 165 165
-2.61000 21.20295 -1.07399 158 158 158
-2.56843 21.19747 -1.19269 154 154 154
-2.51692 21.19515 -1.30743 148 148 148
-2.46400 21.19463 -1.42155 155 155 155
-2.39656 21.19855 -1.52796 161 161 161
-2.19807 21.20304 -1.84791 156 156 156
-1.78714 21.20237 -2.32313 145 145 145
-1.38789 21.19944 -2.62911 142 142 142
-1.17153 21.20450 -2.75691 144 144 144
-0.71545 21.20272 -2.96592 140 140 140
-0.59893 21.20456 -3.01345 144 144 144
-0.23312 21.20463 -3.10433 139 139 139
0.76744 21.20018 -3.14775 140 140 140
0.89187 21.19882 -3.12950 138 138 138
1.01473 21.20031 -3.10276 135 135 135
1.13839 21.19770 -3.08014 145 145 145
1.25951 21.20170 -3.04651 140 140 140
1.38305 21.20073 -3.02021 138 138 138
1.49994 21.20206 -2.97290 130 130 130
1.61668 21.20222 -2.92604 139 139 139
1.72799 21.20305 -2.86712 144 144 144
1.84688 21.20178 -2.82427 140 140 140
1.95874 21.19622 -2.76634 148 148 148
2.05714 21.20186 -2.68584 138 138 138
2.16755 21.20117 -2.62572 141 141 141
2.27446 21.20422 -2.55929 142 142 142
2.37479 21.20050 -2.48336 152 152 152
2.47191 21.20082 -2.40335 147 147 147
2.56420 21.20091 -2.31788 148 148 148
2.65574 21.19981 -2.23166 142 142 142
2.74392 21.19887 -2.14193 150 150 150
2.83008 21.19866 -2.05008 145 145 145
2.90831 21.20035 -1.95139 155 155 155
2.97544 21.19981 -1.84461 148 148 148
3.04415 21.20044 -1.73968 156 156 156
3.11460 21.20229 -1.63592 149 149 149
3.18570 21.20020 -1.53200 165 165 165
3.24487 21.19966 -1.42102 161 161 161
3.30547 21.19829 -1.31048 151 151 151
3.33447 21.20002 -1.18612 159 159 159
3.38810 21.20250 -1.07258 158 158 158
3.42809 21.19868 -0.95370 155 155 155
3.47954 21.19679 -0.83794 165 165 165
3.50454 21.19944 -0.71438 162 162 162
3.52979 21.20106 -0.59123 166 166 166
3.55045 21.19991 -0.46729 168 168 168
3.57048 21.19881 -0.34320 166 166 166
3.58399 21.19896 -0.21817 170 170 170
3.59166 21.19736 -0.09263 166 166 166
3.59770 21.60260 0.03375 168 168 168
3.57799 21.59828 0.15884 171 171 171
3.57084 21.60226 0.28375 168 168 168
3.57181 21.60004 0.40983 169 169 169
3.55001 21.60067 0.53356 177 177 177
3.53900 21.60000 0.65926 167 167 167
3.50562 21.59642 0.78071 172 172 172
3.47692 21.59998 0.90313 182 182 182
3.44766 21.59880 1.02584 181 181 181
3.40681 21.60140 1.14511 171 171 171
3.34654 21.60264 1.25660 177 177 177
3.29333 21.60216 1.37021 173 173 173
3.24310 21.60245 1.48527 187 187 187
3.19127 21.60351 1.60012 182 182 182
3.12312 21.60062 1.70596 182 182 182
3.06228 21.60097 1.81642 180 180 180
2.98389 21.60463 1.91518 186 186 186
2.89998 21.59932 2.00905 178 178 178
2.82439 21.60212 2.10922 180 180 180
2.74473 21.59846 2.20644 182 182 182
2.65632 21.59915 2.29575 186 186 186
2.56600 21.60242 2.38305 189 189 189
2.47242 21.60331 2.46688 188 188 188
2.37294 21.60314 2.54361 192 192 192
2.27256 21.59972 2.61892 184 184 184
2.17335 21.60355 2.69624 192 192 192
2.06200 21.60081 2.75515 189 189 189
1.95774 21.60215 2.82543 193 193 193
1.85396 21.59679 2.89845 197 197 197
1.73555 21.60255 2.94310 193 193 193
1.62132 21.60434 2.99598 188 188 188
1.50229 21.59687 3.03701 191 191 191
1.38441 21.60448 3.08093 196 196 196
1.26393 21.59887 3.11713 192 192 192
1.14221 21.59645 3.14893 193 193 193
1.01852 21.59771 3.17178 199 199 199
0.89361 21.59904 3.18612 194 194 194
0.77036 21.60226 3.21085 192 192 192
0.64617 21.59702 3.23371 188 188 188
0.52008 21.59701 3.23433 194 194 194
0.39433 21.60181 3.24185 196 196 196
0.26892 21.59792 3.22545 191 191 191
0.14383 21.60105 3.21659 205 205 205
0.01812 21.60000 3.21226 198 198 198
-0.10602 21.60010 3.19280 200 200 200
-0.22801 21.60026 3.16246 187 187 187
-0.35071 21.59523 3.13703 191 191 191
-0.47159 21.60427 3.10404 199 199 199
-0.59894 21.60036 3.09071 194 194 194
-0.71326 21.59832 3.03599 204 204 204
-0.83055 21.59794 2.99087 198 198 198
-0.94822 21.60333 2.94596 192 192 192
-1.05828 21.60442 2.88464 200 200 200
-1.16548 21.59508 2.81899 195 195 195
-1.27826 21.59872 2.76316 195 195 195
-1.38189 21.60037 2.69204 186 186 186
-1.48318 21.59920 2.61792 196 196 196
-1.58581 21.60111 2.54554 194 194 194
-1.68705 21.59823 2.47072 181 181 181
-1.78014 21.59897 2.38607 194 194 194
-1.86977 21.60218 2.29785 186 186 186
-1.95960 21.59859 2.20969 192 192 192
-2.03013 21.60017 2.10443 181 181 181
-2.12119 21.60198 2.01682 187 187 187
-2.19548 21.59969 1.91536 185 185 185
-2.26907 21.59976 1.81337 176 176 176
-2.33261 21.60385 1.70482 182 182 182
-2.39191 21.59697 1.59412 176 176 176
-2.46266 21.60113 1.48946 177 177 177
-2.50964 21.59582 1.37250 181 181 181
-2.57101 21.59808 1.26203 174 174 174
-2.61257 21.60254 1.14305 169 169 169
-2.65446 21.59611 1.02436 175 175 175
-2.68576 21.60042 0.90242 171 171 171
-2.70925 21.60367 0.77885 179 179 179
-2.73965 21.60339 0.65714 171 171 171
-2.76364 21.59828 0.53392 176 176 176
-2.78300 21.59958 0.40981 166 166 166
-2.79830 21.60139 0.28502 167 167 167
-2.80548 21.60079 0.15947 160 160 160
-2.80241 21.60410 0.03375 161 161 161
-2.81011 21.60284 -0.09215 166 166 166
-2.78878 21.59947 -0.21677 165 165 165
-2.78168 21.59763 -0.34216 171 171 171
-2.76372 21.59889 -0.46643 161 161 161
-2.73364 21.60239 -0.58844 164 164 164
-2.71782 21.60451 -0.71341 159 159 159
-2.68643 21.60122 -0.83511 164 164 164
-2.64931 21.59806 -0.95519 158 158 158
-2.60407 21.59771 -1.07241 161 161 161
-2.55691 21.60153 -1.18869 159 159 159
-2.51072 21.60100 -1.30549 150 150 150
-2.45949 21.60393 -1.42034 155 155 155
-2.39478 21.59684 -1.52822 160 160 160
-2.03487 21.60053 -2.04098 150 150 150
-1.87667 21.59892 -2.23725 146 146 146
-1.68704 21.60236 -2.40321 142 142 142
-1.48398 21.60142 -2.55151 147 147 147
-1.27788 21.60431 -2.69504 149 149 149
-0.35288 21.59671 -3.07858 144 144 144
0.52008 21.59913 -3.16684 138 138 138
0.64536 21.59895 -3.15591 136 136 136
0.77051 21.60290 -3.14466 148 148 148
0.89362 21.60217 -3.11870 145 145 145
1.01914 21.59894 -3.10741 141 141 141
1.14090 21.59934 -3.07597 138 138 138
1.26211 21.60187 -3.04318 139 139 139
1.38159 21.59569 -3.00474 142 142 142
1.50137 21.59849 -2.96701 142 142 142
1.61694 21.59510 -2.91791 142 142 142
1.73308 21.60586 -2.87024 142 142 142
1.85068 21.60108 -2.82450 148 148 148
1.95842 21.60096 -2.75915 150 150 150
2.06626 21.59794 -2.69459 140 140 140
2.17421 21.59796 -2.63004 152 152 152
2.27136 21.59593 -2.54977 145 145 145
2.37482 21.59970 -2.47850 141 141 141
2.47241 21.59953 -2.39938 141 141 141
2.57099 21.59877 -2.32096 142 142 142
2.65659 21.60306 -2.22851 150 150 150
2.74695 21.59940 -2.14100 149 149 149
2.82670 21.60035 -2.04370 146 146 146
2.90323 21.60041 -1.94411 153 153 153
2.98243 21.59943 -1.84662 153 153 153
3.05779 21.59990 -1.74592 161 161 161
3.12202 21.59728 -1.63778 147 147 147
3.18653 21.60152 -1.52996 155 155 155
3.25336 21.59892 -1.42300 156 156 156
3.30279 21.60567 -1.30707 155 155 155
3.35321 21.59742 -1.19186 151 151 151
3.39799 21.59823 -1.07436 149 149 149
3.43323 21.59964 -0.95365 157 157 157
3.48587 21.60421 -0.83816 156 156 156
3.49316 21.60271 -0.71021 160 160 160
3.52625 21.59870 -0.58923 158 158 158
3.55621 21.59800 -0.46704 164 164 164
3.57251 21.60160 -0.34241 163 163 163
3.57352 21.59016 -0.21646 171 171 171
3.59115 21.60065 -0.09185 168 168 168
3.60107 22.00021 0.03438 171 171 171
3.59845 22.00190 0.16014 173 173 173
3.58162 21.99990 0.28497 171 171 171
3.58231 22.00111 0.41132 173 173 173
3.56168 21.99904 0.53553 170 170 170
3.54381 22.00347 0.66022 170 170 170
3.51288 21.99515 0.78231 175 175 175
3.48137 21.99997 0.90412 171 171 171
3.43704 21.99721 1.02199 173 173 173
3.40712 21.99760 1.14468 180 180 180
3.35562 21.99385 1.25967 174 174 174
3.30672 22.00033 1.37555 189 189 189
3.24279 22.00190 1.48413 181 181 181
3.18836 21.99635 1.59734 179 179 179
3.13179 22.00167 1.70996 178 178 178
3.05868 21.99723 1.81253 176 176 176
2.98571 21.99934 1.91483 183 183 183
2.90490 21.99973 2.01106 192 192 192
2.82631 22.00109 2.10878 181 181 181
2.74902 21.99914 2.20811 185 185 185
2.66430 22.00035 2.30119 194 194 194
2.56723 22.00122 2.38159 196 196 196
2.47461 22.00275 2.46637 179 179 179
2.37496 22.00259 2.54279 189 189 189
2.28095 21.99871 2.62674 186 186 186
2.17566 22.00111 2.69560 186 186 186
2.06822 21.99700 2.76077 196 196 196
1.96379 21.99953 2.83120 184 184 184
1.85137 21.99754 2.88778 199 199 199
1.73488 21.99471 2.93539 189 189 189
1.61865 21.99950 2.98252 193 193 193
1.50425 22.00206 3.03439 188 188 188
1.38394 21.99975 3.07035 198 198 198
1.26831 21.99787 3.12208 192 192 192
1.14531 22.00117 3.14927 193 193 193
1.02052 21.99900 3.16656 196 196 196
0.89724 21.99999 3.18968 195 195 195
0.77293 21.99679 3.20648 192 192 192
0.64920 21.99867 3.23266 187 187 187
0.52302 21.99502 3.22928 190 190 190
0.39749 22.00057 3.23413 192 192 192
0.27215 21.99872 3.22442 201 201 201
0.14679 22.00008 3.21977 195 195 195
0.02120 22.00351 3.21366 197 197 197
-0.10298 21.99636 3.19421 195 195 195
-0.22681 22.00425 3.17295 199 199 199
-0.34907 21.99686 3.14404 193 193 193
-0.46969 21.99780 3.10916 198 198 198
-0.58991 21.99795 3.07327 190 190 190
-0.71152 21.99668 3.04048 196 196 196
-0.82881 21.99950 2.99491 191 191 191
-0.94348 21.99844 2.94316 190 190 190
-1.05330 22.00148 2.88171 189 189 189
-1.16826 21.99959 2.83023 199 199 199
-1.27595 22.00161 2.76518 189 189 189
-1.37898 22.00150 2.69305 194 194 194
-1.48453 21.99992 2.62475 188 188 188
-1.58599 22.00492 2.55040 184 184 184
-1.67855 22.00244 2.46510 193 193 193
-1.77777 22.00187 2.38756 189 189 189
-1.86730 22.00110 2.29916 186 186 186
-1.95645 21.99687 2.21034 183 183 183
-2.03394 22.00139 2.11102 184 184 184
-2.11102 21.99899 2.01192 192 192 192
-2.19512 21.99783 1.91802 183 183 183
-2.26131 21.99589 1.81093 173 173 173
-2.32587 21.99842 1.70325 174 174 174
-2.39104 21.99362 1.59603 181 181 181
-2.44890 22.00260 1.48468 183 183 183
-2.51481 21.99592 1.37696 176 176 176
-2.56562 22.00132 1.26173 176 176 176
-2.60164 21.99646 1.14081 182 182 182
-2.63923 21.99722 1.02107 182 182 182
-2.67441 21.99538 0.90074 175 175 175
-2.70857 21.99968 0.78007 167 167 167
-2.74505 21.99866 0.65947 167 167 167
-2.75323 21.99792 0.53340 172 172 172
-2.76613 21.99673 0.40881 171 171 171
-2.77125 21.99985 0.28376 171 171 171
-2.79681 21.99475 0.15988 167 167 167
-2.80545 21.99932 0.03438 164 164 164
-2.79813 21.99765 -0.09118 162 162 162
-2.79871 22.00129 -0.21717 164 164 164
-2.77749 22.00039 -0.34141 161 161 161
-2.76050 21.99843 -0.46580 164 164 164
-2.74232 22.00009 -0.59017 165 165 165
-2.71873 22.00383 -0.71376 163 163 163
-2.67614 22.00333 -0.83248 159 159 159
-2.64243 22.00341 -0.95336 159 159 159
-2.60678 22.00081 -1.07396 157 157 157
-2.56473 22.00295 -1.19262 154 154 154
-2.50756 22.00269 -1.30487 150 150 150
-2.44967 21.99938 -1.41633 159 159 159
-2.39094 22.00212 -1.52722 152 152 152
-2.03448 21.99717 -2.04272 151 151 151
-1.95444 22.00005 -2.13973 147 147 147
-1.58073 22.00301 -2.47499 146 146 146
-0.22387 21.99799 -3.08942 139 139 139
0.14547 21.99575 -3.16789 144 144 144
0.27223 21.99683 -3.15363 145 145 145
0.77467 22.00264 -3.15244 136 136 136
0.89874 21.99589 -3.13041 145 145 145
1.02211 22.00278 -3.10579 136 136 136
1.14377 22.00132 -3.07411 135 135 135
1.26559 22.00162 -3.04369 140 140 140
1.38354 21.99481 -3.00039 137 137 137
1.50722 21.99877 -2.97368 138 138 138
1.62273 22.00155 -2.92361 144 144 144
1.73877 21.99995 -2.87508 143 143 143
1.85091 21.99781 -2.81813 138 138 138
1.95997 22.00396 -2.75563 142 142 142
2.07236 21.99947 -2.69876 147 147 147
2.17042 22.00220 -2.61901 148 148 148
2.28317 21.99670 -2.56104 151 151 151
2.37825 22.00267 -2.47821 145 145 145
2.47691 22.00019 -2.40031 149 149 149
2.57248 22.00256 -2.31852 141 141 141
2.65777 22.00428 -2.22591 147 147 147
2.74681 22.00027 -2.13732 153 153 153
2.83060 21.99686 -2.04370 160 160 160
2.91754 22.00046 -1.95227 147 147 147
2.98670 21.99819 -1.84680 155 155 155
3.05486 22.00016 -1.74122 157 157 157
3.12469 22.00018 -1.63685 147 147 147
3.18692 22.00103 -1.52778 151 151 151
3.24915 22.00328 -1.41862 158 158 158
3.30303 21.99690 -1.30510 157 157 157
3.35656 21.99902 -1.19131 155 155 155
3.39665 21.99751 -1.07207 163 163 163
3.43088 21.99840 -0.95123 152 152 152
3.47622 21.99802 -0.83392 159 159 159
3.50876 22.00197 -0.71258 159 159 159
3.53850 22.00017 -0.59041 165 165 165
3.55620 22.00038 -0.46592 164 164 164
3.57900 21.99601 -0.34218 166 166 166
3.59378 22.00585 -0.21718 161 161 161
3.60630 22.00128 -0.09170 170 170 170
3.59948 22.39983 0.03500 169 169 169
3.58763 22.40258 0.16022 169 169 169
3.59037 22.39521 0.28605 165 165 165
3.58243 22.39866 0.41161 181 181 181
3.55972 22.39984 0.53538 175 175 175
3.53722 22.39992 0.65894 172 172 172
3.50561 22.40070 0.78048 173 173 173
3.47357 22.40118 0.90171 173 173 173
3.44689 22.39675 1.02485 176 176 176
3.40214 22.40127 1.14238 181 181 181
3.35801 22.40428 1.26006 180 180 180
3.30259 22.40183 1.37290 181 181 181
3.24384 22.40374 1.48378 177 177 177
3.19616 22.39934 1.60067 185 185 185
3.13349 22.39830 1.70981 182 182 182
3.06185 22.39844 1.81329 187 187 187
3.00271 22.39904 1.92565 185 185 185
2.91491 22.40642 2.01724 183 183 183
2.83345 22.39765 2.11298 173 173 173
2.74527 22.39871 2.20253 186 186 186
2.66927 22.40244 2.30382 182 182 182
2.56954 22.40363 2.38151 190 190 190
2.47667 22.39957 2.46594 184 184 184
2.38195 22.39805 2.54852 182 182 182
2.28240 22.39726 2.62528 185 185 185
2.18458 22.40262 2.70513 194 194 194
2.07288 22.40641 2.76415 191 191 191
1.96330 22.40267 2.82568 193 193 193
1.85735 22.39865 2.89433 197 197 197
1.74100 22.39947 2.94288 194 194 194
1.62443 22.40174 2.98996 191 191 191
1.50815 22.39886 3.03755 197 197 197
1.39151 22.39841 3.08518 189 189 189
1.26799 22.40004 3.11105 195 195 195
1.14881 22.40212 3.15215 197 197 197
1.02433 22.40213 3.17146 193 193 193
0.90062 22.39665 3.19296 196 196 196
0.77730 22.40196 3.21898 199 199 199
0.65149 22.40349 3.22473 189 189 189
0.52604 22.39860 3.23135 199 199 199
0.40045 22.39847 3.22747 200 200 200
0.27482 22.40334 3.23252 198 198 198
0.14956 22.40056 3.22281 198 198 198
0.02422 22.39825 3.21376 200 200 200
-0.09974 22.39686 3.19310 196 196 196
-0.22388 22.39994 3.17372 196 196 196
-0.34664 22.40033 3.14685 199 199 199
-0.46707 22.40218 3.11100 199 199 199
-0.59207 22.39991 3.08967 195 195 195
-0.70802 22.39441 3.03965 189 189 189
-0.82266 22.39530 2.98785 198 198 198
-0.93413 22.39834 2.92993 196 196 196
-1.05149 22.40108 2.88459 196 196 196
-1.16523 22.40091 2.83073 186 186 186
-1.27345 22.40354 2.76656 196 196 196
-1.37860 22.40195 2.69754 187 187 187
-1.48302 22.39611 2.62738 187 187 187
-1.57795 22.39796 2.54459 186 186 186
-1.67402 22.40267 2.46389 194 194 194
-1.77016 22.39985 2.38315 194 194 194
-1.85540 22.40274 2.29085 192 192 192
-1.95051 22.39849 2.20820 186 186 186
-2.02687 22.39822 2.10813 189 189 189
-2.11482 22.39973 2.01788 187 187 187
-2.19169 22.39794 1.91830 186 186 186
-2.26603 22.40267 1.81669 180 180 180
-2.32746 22.40250 1.70667 184 184 184
-2.39053 22.39882 1.59803 180 180 180
-2.44526 22.39736 1.48496 175 175 175
-2.50135 22.39933 1.37275 182 182 182
-2.55296 22.39989 1.25834 176 176 176
-2.61116 22.39361 1.14604 184 184 184
-2.64721 22.40246 1.02525 172 172 172
-2.68079 22.39834 0.90400 177 177 177
-2.70792 22.40091 0.78125 175 175 175
-2.74589 22.39492 0.66085 175 175 175
-2.76091 22.40126 0.53571 175 175 175
-2.77502 22.40373 0.41084 173 173 173
-2.78549 22.39868 0.28574 165 165 165
-2.79850 22.40313 0.16069 166 166 166
-2.79213 22.40339 0.03500 164 164 164
-2.79654 22.39928 -0.09061 172 172 172
-2.79756 22.40359 -0.21669 167 167 167
-2.76532 22.39902 -0.33969 166 166 166
-2.75627 22.39939 -0.46498 159 159 159
-2.73777 22.39895 -0.58923 154 154 154
-2.71709 22.40416 -0.71346 164 164 164
-2.67692 22.39644 -0.83291 158 158 158
-2.63732 22.40090 -0.95203 161 161 161
-2.60240 22.39837 -1.07281 165 165 165
-2.55229 22.40014 -1.18807 153 153 153
-2.51087 22.39535 -1.30714 158 158 158
-2.44489 22.40032 -1.41477 155 155 155
-2.39084 22.40609 -1.52820 152 152 152
-2.11048 22.39895 -1.94445 149 149 149
-1.76930 22.40117 -2.31222 159 159 159
-0.70357 22.40284 -2.95758 135 135 135
-0.59116 22.39460 -3.01686 136 136 136
-0.46855 22.40002 -3.04624 141 141 141
-0.34689 22.40307 -3.07791 142 142 142
0.02456 22.40088 -3.14084 137 137 137
0.14910 22.40320 -3.15866 133 133 133
0.27507 22.39926 -3.15614 136 136 136
0.77645 22.40021 -3.14181 135 135 135
0.90074 22.39889 -3.12370 143 143 143
1.02437 22.39812 -3.10165 133 133 133
1.14587 22.39845 -3.06988 140 140 140
1.26733 22.39904 -3.03874 143 143 143
1.38930 22.39711 -3.00837 142 142 142
1.50834 22.39640 -2.96806 143 143 143
1.62475 22.40498 -2.92071 144 144 144
1.73933 22.39831 -2.86926 144 144 144
1.85233 22.39703 -2.81448 138 138 138
1.96344 22.39871 -2.75592 145 145 145
2.07595 22.39995 -2.69917 145 145 145
2.17479 22.40039 -2.62048 150 150 150
2.28289 22.40223 -2.55596 142 142 142
2.38223 22.40154 -2.47888 141 141 141
2.47900 22.39755 -2.39867 154 154 154
2.57009 22.39780 -2.31210 142 142 142
2.66329 22.39727 -2.22784 156 156 156
2.75427 22.39774 -2.14085 147 147 147
2.83390 22.40205 -2.04336 145 145 145
2.92097 22.39863 -1.95202 149 149 149
2.98193 22.40044 -1.84055 154 154 154
3.05616 22.39734 -1.73949 146 146 146
3.12631 22.40042 -1.63541 150 150 150
3.19349 22.40104 -1.52918 154 154 154
3.25511 22.39839 -1.41952 159 159 159
3.31055 22.39991 -1.30657 154 154 154
3.35195 22.40001 -1.18755 149 149 149
3.39989 22.39838 -1.07155 154 154 154
3.44123 22.39789 -0.95301 159 159 159
3.48389 22.40207 -0.83462 163 163 163
3.51306 22.40164 -0.71227 160 160 160
3.53928 22.39336 -0.58935 163 163 163
3.56873 22.40110 -0.46681 162 162 162
3.58018 22.40241 -0.34135 166 166 166
3.58685 22.39675 -0.21577 161 161 161
3.59389 22.39637 -0.09047 164 164 164
3.60386 22.80032 0.03563 169 169 169
3.59907 22.80438 0.16119 172 172 172
3.59077 22.79770 0.28649 172 172 172
3.57230 22.80434 0.41071 171 171 171
3.55654 22.80006 0.53506 172 172 172
3.54380 22.80347 0.66033 170 170 170
3.50495 22.80336 0.78029 173 173 173
3.48293 22.80123 0.90420 176 176 176
3.44355 22.79725 1.02349 171 171 171
3.40866 22.80071 1.14439 185 185 185
3.35956 22.79805 1.26019 176 176 176
3.31086 22.80120 1.37607 181 181 181
3.24339 22.79488 1.48277 181 181 181
3.19492 22.80072 1.59906 182 182 182
3.13727 22.80243 1.71106 177 177 177
3.06150 22.80105 1.81184 187 187 187
2.99550 22.79806 1.91903 181 181 181
2.91670 22.80165 2.01710 187 187 187
2.83366 22.79932 2.11143 180 180 180
2.75267 22.79800 2.20744 181 181 181
2.65630 22.79994 2.28872 184 184 184
2.57853 22.79273 2.38887 188 188 188
2.48051 22.80088 2.46783 193 193 193
2.38333 22.79859 2.54740 195 195 195
2.28211 22.79817 2.62171 187 187 187
2.18168 22.80017 2.69730 189 189 189
2.07631 22.80045 2.76587 190 190 190
1.96228 22.79968 2.81955 196 196 196
1.85563 22.80118 2.88617 193 193 193
1.74121 22.80055 2.93797 189 189 189
1.62552 22.80565 2.98655 190 190 190
1.51375 22.79981 3.04588 197 197 197
1.39285 22.79755 3.08144 195 195 195
1.27162 22.79936 3.11477 192 192 192
1.14858 22.79915 3.14033 197 197 197
1.02708 22.79837 3.17205 191 191 191
0.90578 22.79947 3.20875 201 201 201
0.77855 22.79843 3.20686 194 194 194
0.65490 22.80089 3.23363 201 201 201
0.52905 22.79696 3.23858 200 200 200
0.40321 22.80344 3.22551 196 196 196
0.27765 22.80108 3.23135 201 201 201
0.15278 22.79919 3.21756 190 190 190
0.02644 22.79919 3.21891 195 195 195
-0.09802 22.79974 3.20026 194 194 194
-0.22026 22.80096 3.17003 196 196 196
-0.34329 22.79286 3.14500 192 192 192
-0.46385 22.79727 3.10999 201 201 201
-0.58384 22.79507 3.07345 189 189 189
-0.70317 22.79778 3.03459 194 194 194
-0.81751 22.80202 2.98271 197 197 197
-0.93454 22.80266 2.93742 196 196 196
-1.05083 22.79626 2.88933 201 201 201
-1.16474 22.80007 2.83539 199 199 199
-1.27450 22.79647 2.77339 192 192 192
-1.37813 22.80263 2.70159 190 190 190
-1.47947 22.79766 2.62691 182 182 182
-1.57834 22.79660 2.54921 186 186 186
-1.67470 22.79941 2.46854 190 190 190
-1.76693 22.80286 2.38327 192 192 192
-1.85848 22.79836 2.29731 188 188 188
-1.95525 22.80431 2.21576 195 195 195
-2.03203 22.80072 2.11551 187 187 187
-2.10798 22.80087 2.01529 180 180 180
-2.18290 22.80293 1.91455 186 186 186
-2.25477 22.79688 1.81163 192 192 192
-2.31785 22.80241 1.70309 173 173 173
-2.37990 22.79966 1.59424 183 183 183
-2.44564 22.80122 1.48719 186 186 186
-2.49799 22.79680 1.37310 184 184 184
-2.55318 22.80382 1.26020 175 175 175
-2.59511 22.79867 1.14176 187 187 187
-2.64478 22.80171 1.02598 169 169 169
-2.67575 22.79771 0.90398 172 172 172
-2.71678 22.79721 0.78467 175 175 175
-2.73697 22.79990 0.66024 168 168 168
-2.76624 22.80209 0.53762 179 179 179
-2.77854 22.79995 0.41221 170 170 170
-2.78972 22.80105 0.28691 166 166 166
-2.78862 22.79844 0.16103 172 172 172
-2.79529 22.80137 0.03563 172 172 172
-2.79234 22.79908 -0.08993 166 166 166
-2.79031 22.80188 -0.21571 159 159 159
-2.76382 22.79874 -0.33922 163 163 163
-2.75903 22.80089 -0.46522 163 163 163
-2.73686 22.80241 -0.58897 155 155 155
-2.70309 22.79678 -0.71013 159 159 159
-2.67056 22.80184 -0.83127 160 160 160
-2.63861 22.79877 -0.95272 156 156 156
-2.60378 22.79811 -1.07371 165 165 165
-2.55462 22.80174 -1.18955 151 151 151
-2.50240 22.79952 -1.30388 157 157 157
-2.44500 22.80507 -1.41561 152 152 152
-2.39172 22.79878 -1.52961 157 157 157
-2.18745 22.80230 -1.84660 154 154 154
-2.10929 22.79889 -1.94507 148 148 148
-1.84992 22.80006 -2.21751 150 150 150
-1.57729 22.79824 -2.47662 146 146 146
-1.47407 22.79936 -2.54823 151 151 151
-1.37452 22.80137 -2.62493 148 148 148
-0.34147 22.79916 -3.06620 139 139 139
-0.22152 22.80010 -3.10508 137 137 137
0.02757 22.79834 -3.13812 139 139 139
0.65457 22.79645 -3.15822 137 137 137
0.77957 22.80105 -3.14424 138 138 138
0.90348 22.79943 -3.12298 138 138 138
1.02847 22.80053 -3.10778 138 138 138
1.15048 22.79780 -3.07700 146 146 146
1.26880 22.80196 -3.03355 143 143 143
1.39104 22.79905 -3.00461 141 141 141
1.51393 22.80196 -2.97512 147 147 147
1.62829 22.79762 -2.92198 136 136 136
1.74056 22.80123 -2.86531 150 150 150
1.85273 22.79979 -2.80923 144 144 144
1.96907 22.80063 -2.76043 141 141 141
2.08024 22.79742 -2.70104 141 141 141
2.18247 22.79899 -2.62723 143 143 143
2.28241 22.80064 -2.55087 147 147 147
2.38347 22.80112 -2.47632 149 149 149
2.48105 22.80001 -2.39722 142 142 142
2.57887 22.80109 -2.31799 146 146 146
2.66198 22.80180 -2.22314 152 152 152
2.75374 22.80135 -2.13718 143 143 143
2.83396 22.80209 -2.04043 156 156 156
2.91574 22.80142 -1.94510 153 153 153
2.99207 22.79961 -1.84529 153 153 153
3.07315 22.79614 -1.74837 155 155 155
3.12930 22.79552 -1.63493 155 155 155
3.19188 22.80213 -1.52610 154 154 154
3.25889 22.79851 -1.41942 155 155 155
3.31376 22.79991 -1.30616 153 153 153
3.35896 22.80053 -1.18869 156 156 156
3.40061 22.80034 -1.07018 159 159 159
3.45840 22.80303 -0.95707 152 152 152
3.47788 22.80619 -0.83152 159 159 159
3.52184 22.80423 -0.71309 158 158 158
3.53663 22.80144 -0.58765 164 164 164
3.56789 22.79934 -0.46561 163 163 163
3.57720 22.79549 -0.34004 161 161 161
3.58754 22.79946 -0.21499 161 161 161
3.60012 22.80319 -0.08998 164 164 164
3.60487 23.20622 0.03625 162 162 162
3.60033 23.19964 0.16176 164 164 164
3.59801 23.19776 0.28749 177 177 177
3.58466 23.20434 0.41250 160 160 160
3.57041 23.20551 0.53748 169 169 169
3.54696 23.19573 0.66107 179 179 179
3.51084 23.20216 0.78171 171 171 171
3.48729 23.19522 0.90533 179 179 179
3.45132 23.19801 1.02581 173 173 173
3.41043 23.19890 1.14473 178 178 178
3.36206 23.19730 1.26079 180 180 180
3.30608 23.19855 1.37331 174 174 174
3.25953 23.20609 1.49032 180 180 180
3.19501 23.20118 1.59831 180 180 180
3.13602 23.19907 1.70936 183 183 183
3.06243 23.20461 1.81138 181 181 181
2.98983 23.19536 1.91368 180 180 180
2.91709 23.20021 2.01602 191 191 191
2.83690 23.20094 2.11264 183 183 183
2.75634 23.19877 2.20910 190 190 190
2.66476 23.19929 2.29525 191 191 191
2.57459 23.20113 2.38248 187 187 187
2.48744 23.20051 2.47359 186 186 186
2.38502 23.20151 2.54693 188 188 188
2.28736 23.19763 2.62606 192 192 192
2.18182 23.20117 2.69431 195 195 195
2.07751 23.19920 2.76430 194 194 194
1.96376 23.20230 2.81825 198 198 198
1.85867 23.19918 2.88775 193 193 193
1.74436 23.20265 2.93989 190 190 190
1.63391 23.20028 3.00127 206 206 206
1.51405 23.20110 3.04041 198 198 198
1.39612 23.19702 3.08427 196 196 196
1.27552 23.20143 3.12020 192 192 192
1.15325 23.19630 3.14977 200 200 200
1.03017 23.19845 3.17538 187 187 187
0.90553 23.20196 3.19166 195 195 195
0.78209 23.19968 3.21583 190 190 190
0.65690 23.20238 3.22733 192 192 192
0.53138 23.20175 3.23349 197 197 197
0.40576 23.20104 3.22619 196 196 196
0.28009 23.20231 3.23479 189 189 189
0.15430 23.20304 3.23136 193 193 193
0.02967 23.20337 3.21385 199 199 199
-0.09463 23.20151 3.19560 199 199 199
-0.21898 23.19767 3.17701 196 196 196
-0.34171 23.20373 3.14968 197 197 197
-0.46173 23.20128 3.11214 200 200 200
-0.58047 23.20042 3.07157 191 191 191
-0.70193 23.20050 3.03877 189 189 189
-0.82001 23.19796 2.99552 195 195 195
-0.93207 23.19879 2.93822 194 194 194
-1.04912 23.20165 2.89162 191 191 191
-1.15919 23.20002 2.83068 185 185 185
-1.26592 23.20133 2.76419 193 193 193
-1.37311 23.19689 2.69852 190 190 190
-1.47413 23.20111 2.62370 189 189 189
-1.57948 23.20129 2.55451 186 186 186
-1.67601 23.19936 2.47369 191 191 191
-1.76417 23.20246 2.38367 187 187 187
-1.86178 23.19956 2.30379 195 195 195
-1.94142 23.19975 2.20596 186 186 186
-2.02739 23.19792 2.11436 183 183 183
-2.10465 23.19885 2.01530 186 186 186
-2.18295 23.20438 1.91706 180 180 180
-2.25233 23.20117 1.81233 183 183 183
-2.32286 23.20293 1.70835 188 188 188
-2.38994 23.19924 1.60192 178 178 178
-2.43673 23.19978 1.48457 182 182 182
-2.50165 23.20416 1.37658 181 181 181
-2.55587 23.20113 1.26300 177 177 177
-2.60108 23.20125 1.14553 183 183 183
-2.64346 23.19847 1.02700 176 176 176
-2.67883 23.19556 0.90619 181 181 181
-2.71265 23.19989 0.78492 183 183 183
-2.72460 23.20121 0.65892 168 168 168
-2.74950 23.19721 0.53599 169 169 169
-2.76991 23.20292 0.41211 169 169 169
-2.78063 23.20005 0.28702 171 171 171
-2.78743 23.20062 0.16171 164 164 164
-2.80050 23.20083 0.03625 168 168 168
-2.78794 23.20073 -0.08923 159 159 159
-2.77935 23.20069 -0.21442 170 170 170
-2.76672 23.20037 -0.33924 165 165 165
-2.74201 23.20487 -0.46231 164 164 164
-2.74322 23.20227 -0.59012 162 162 162
-2.70435 23.19951 -0.71042 161 161 161
-2.67170 23.20123 -0.83168 162 162 162
-2.63335 23.20178 -0.95122 158 158 158
-2.60155 23.19537 -1.07321 160 160 160
-2.55833 23.19585 -1.19152 152 152 152
-2.50241 23.20103 -1.30443 155 155 155
-2.44954 23.20259 -1.41860 149 149 149
-2.38630 23.19981 -1.52738 150 150 150
-2.31718 23.19942 -1.63237 147 147 147
-1.93909 23.20389 -2.13131 152 152 152
-1.26517 23.20069 -2.69046 146 146 146
-0.46373 23.19952 -3.04673 135 135 135
-0.21740 23.19735 -3.09658 148 148 148
0.78249 23.19648 -3.14675 138 138 138
0.90673 23.19831 -3.12675 143 143 143
1.02925 23.19966 -3.09822 133 133 133
1.15334 23.20164 -3.07765 142 142 142
1.27247 23.20022 -3.03689 140 140 140
1.39883 23.20081 -3.02012 141 141 141
1.51063 23.19995 -2.95863 136 136 136
1.63117 23.20257 -2.92215 143 143 143
1.74564 23.20279 -2.87018 142 142 142
1.85922 23.20455 -2.81632 143 143 143
1.96917 23.20010 -2.75542 143 143 143
2.07612 23.20026 -2.68952 146 146 146
2.19003 23.19739 -2.63410 145 145 145
2.28113 23.20381 -2.54497 149 149 149
2.39122 23.19665 -2.48229 150 150 150
2.48449 23.20094 -2.39763 145 145 145
2.58160 23.20004 -2.31756 138 138 138
2.66614 23.20188 -2.22414 144 144 144
2.75522 23.20152 -2.13556 153 153 153
2.83806 23.19725 -2.04113 149 149 149
2.92099 23.20088 -1.94660 155 155 155
2.98779 23.20518 -1.83970 150 150 150
3.05699 23.20154 -1.73525 152 152 152
3.12636 23.20199 -1.63094 154 154 154
3.19386 23.20120 -1.52516 153 153 153
3.25977 23.19988 -1.41794 154 154 154
3.31031 23.19943 -1.30277 153 153 153
3.36348 23.19465 -1.18888 151 151 151
3.41583 23.20101 -1.07422 147 147 147
3.44954 23.20082 -0.95274 156 156 156
3.48287 23.19395 -0.83158 159 159 159
3.53017 23.19306 -0.71385 160 160 160
3.53519 23.20063 -0.58623 161 161 161
3.57298 23.19955 -0.46539 169 169 169
3.58741 23.20026 -0.34032 162 162 162
3.59437 23.19957 -0.21470 166 166 166
3.60110 23.20021 -0.08930 170 170 170
3.60597 23.60116 0.03688 167 167 167
3.60602 23.60245 0.16252 166 166 166
3.60227 23.60554 0.28826 174 174 174
3.58714 23.59977 0.41314 169 169 169
3.56551 23.59827 0.53696 171 171 171
3.54523 23.60048 0.66089 163 163 163
3.52112 23.60174 0.78424 168 168 168
3.48703 23.60352 0.90522 181 181 181
3.45235 23.60301 1.02601 180 180 180
3.41597 23.60291 1.14654 182 182 182
3.36132 23.59766 1.26014 175 175 175
3.31172 23.60276 1.37546 181 181 181
3.26299 23.59986 1.49151 177 177 177
3.19402 23.60077 1.59706 176 176 176
3.13924 23.59636 1.71052 180 180 180
3.07209 23.59935 1.81689 179 179 179
2.99484 23.59948 1.91625 178 178 178
2.91632 23.59922 2.01419 186 186 186
2.83923 23.60194 2.11325 194 194 194
2.75753 23.59944 2.20866 188 188 188
2.67119 23.59591 2.29996 189 189 189
2.57831 23.59991 2.38459 183 183 183
2.48550 23.60162 2.46919 192 192 192
2.38913 23.59677 2.54979 184 184 184
2.28522 23.59805 2.62051 188 188 188
2.18616 23.59939 2.69792 190 190 190
2.08295 23.59707 2.76998 191 191 191
1.97628 23.60361 2.83705 187 187 187
1.85616 23.60174 2.87884 199 199 199
1.74533 23.59890 2.93753 190 190 190
1.63198 23.60294 2.99158 191 191 191
1.51379 23.60149 3.03397 200 200 200
1.39922 23.60062 3.08723 195 195 195
1.27664 23.59765 3.11647 202 202 202
1.15519 23.59810 3.14869 201 201 201
1.03259 23.59900 3.17638 193 193 193
0.90873 23.60120 3.19771 195 195 195
0.78457 23.59748 3.21762 198 198 198
0.65932 23.60452 3.22886 198 198 198
0.53365 23.59833 3.23216 196 196 196
0.40810 23.59863 3.24346 192 192 192
0.28253 23.60442 3.23305 204 204 204
0.15698 23.59852 3.22775 198 198 198
0.03260 23.59481 3.20950 195 195 195
-0.09223 23.60122 3.19583 194 194 194
-0.21777 23.59950 3.18336 198 198 198
-0.33388 23.60215 3.12745 196 196 196
-0.46117 23.60169 3.11910 190 190 190
-0.58072 23.59329 3.08016 201 201 201
-0.70009 23.60452 3.04076 195 195 195
-0.81382 23.60070 2.98686 194 194 194
-0.92821 23.59683 2.93557 191 191 191
-1.04765 23.59956 2.89395 193 193 193
-1.15786 23.59973 2.83311 193 193 193
-1.26165 23.59897 2.76167 196 196 196
-1.37533 23.60094 2.70598 191 191 191
-1.47465 23.59807 2.62827 193 193 193
-1.57429 23.59577 2.55153 190 190 190
-1.66844 23.59940 2.46819 187 187 187
-1.76071 23.60009 2.38308 180 180 180
-1.85319 23.60251 2.29817 189 189 189
-1.93733 23.59708 2.20497 181 181 181
-2.02681 23.59859 2.11649 180 180 180
-2.10580 23.59795 2.01868 185 185 185
-2.17938 23.60322 1.91679 172 172 172
-2.24340 23.59827 1.80856 182 182 182
-2.31544 23.60305 1.70587 187 187 187
-2.38879 23.59558 1.60321 185 185 185
-2.43771 23.60172 1.48689 179 179 179
-2.49629 23.59761 1.37582 184 184 184
-2.54418 23.59543 1.25975 178 178 178
-2.59334 23.60483 1.14417 175 175 175
-2.63276 23.59926 1.02491 170 170 170
-2.67836 23.60061 0.90735 176 176 176
-2.70399 23.60161 0.78402 166 166 166
-2.73176 23.59738 0.66143 168 168 168
-2.74543 23.59992 0.53635 174 174 174
-2.77671 23.60196 0.41382 168 168 168
-2.77804 23.60153 0.28763 170 170 170
-2.79835 23.59645 0.16286 174 174 174
-2.78243 23.60067 0.03688 169 169 169
-2.79189 23.60011 -0.08885 165 165 165
-2.78786 23.60197 -0.21465 163 163 163
-2.76340 23.59648 -0.33850 165 165 165
-2.75339 23.60100 -0.46386 161 161 161
-2.72567 23.59870 -0.58647 168 168 168
-2.70267 23.59853 -0.70996 167 167 167
-2.67172 23.59377 -0.83173 156 156 156
-2.63253 23.60134 -0.95109 155 155 155
-2.59811 23.59864 -1.07218 161 161 161
-2.54620 23.60360 -1.18684 160 160 160
-2.50206 23.59325 -1.30473 156 156 156
-2.44336 23.59830 -1.41602 156 156 156
-2.38282 23.59893 -1.52612 158 158 158
-1.94097 23.60295 -2.13459 141 141 141
-1.85650 23.60035 -2.22773 144 144 144
-1.76536 23.59598 -2.31437 141 141 141
-1.36887 23.60007 -2.62256 148 148 148
-1.15720 23.59703 -2.75818 140 140 140
-0.69970 23.59584 -2.96596 143 143 143
-0.58437 23.59940 -3.01765 145 145 145
-0.46214 23.60003 -3.04880 134 134 134
0.15666 23.59987 -3.15802 140 140 140
0.65891 23.59912 -3.14991 140 140 140
0.78456 23.59757 -3.14376 141 141 141
0.90900 23.59815 -3.12566 142 142 142
1.03288 23.59987 -3.10407 139 139 139
1.15636 23.60031 -3.07982 141 141 141
1.27774 23.59865 -3.04664 131 131 131
1.39773 23.60100 -3.00887 140 140 140
1.51497 23.60168 -2.96342 146 146 146
1.63287 23.60273 -2.91996 134 134 134
1.74953 23.60046 -2.87291 143 143 143
1.86027 23.60148 -2.81316 143 143 143
1.97910 23.60477 -2.76834 152 152 152
2.07962 23.59691 -2.69078 151 151 151
2.18657 23.59802 -2.62478 134 134 134
2.29686 23.59997 -2.56277 143 143 143
2.39183 23.60179 -2.47947 159 159 159
2.48291 23.59997 -2.39241 145 145 145
2.57852 23.59734 -2.31106 142 142 142
2.67427 23.59805 -2.22929 144 144 144
2.75061 23.60013 -2.12852 145 145 145
2.83495 23.59810 -2.03584 151 151 151
2.91608 23.59985 -1.94025 146 146 146
3.00125 23.59589 -1.84716 150 150 150
3.07261 23.59684 -1.74349 153 153 153
3.14084 23.59743 -1.63775 154 154 154
3.20321 23.59586 -1.52846 151 151 151
3.25528 23.60121 -1.41383 163 163 163
3.31076 23.59954 -1.30127 157 157 157
3.37305 23.60123 -1.19125 157 157 157
3.41355 23.60137 -1.07189 154 154 154
3.45714 23.60219 -0.95382 154 154 154
3.49188 23.59711 -0.83284 159 159 159
3.51409 23.59968 -0.70881 165 165 165
3.54191 23.60371 -0.58648 155 155 155
3.56395 23.60015 -0.46296 164 164 164
3.56947 23.60027 -0.33730 166 166 166
3.59851 23.59612 -0.21422 164 164 164
3.60777 23.59653 -0.08884 160 160 160
3.61475 23.99811 0.03750 171 171 171
3.60954 24.00113 0.16320 174 174 174
3.60245 23.99652 0.28873 169 169 169
3.58422 24.00476 0.41316 171 171 171
3.57154 24.00030 0.53820 170 170 170
3.55623 23.99964 0.66328 174 174 174
3.52480 24.00084 0.78524 175 175 175
3.49350 24.00173 0.90707 172 172 172
3.45858 24.00094 1.02797 175 175 175
3.40968 23.99767 1.14405 180 180 180
3.37217 24.00494 1.26437 177 177 177
3.32923 24.00134 1.38317 184 184 184
3.26044 23.99792 1.48975 187 187 187
3.20117 23.99510 1.60049 185 185 185
3.13841 23.99719 1.70933 184 184 184
3.07222 24.00286 1.81618 180 180 180
2.99543 24.00454 1.91575 187 187 187
2.91800 23.99835 2.01446 183 183 183
2.84604 24.00090 2.11787 184 184 184
2.76055 24.00028 2.21010 190 190 190
2.67681 23.99932 2.30407 187 187 187
2.58496 24.00068 2.39010 186 186 186
2.48837 23.99725 2.47068 189 189 189
2.39138 23.99916 2.55056 191 191 191
2.28939 24.00086 2.62392 188 188 188
2.19453 23.99357 2.70788 193 193 193
2.08270 24.00029 2.76670 193 193 193
1.97243 24.00030 2.82698 190 190 190
1.85925 24.00674 2.88133 190 190 190
1.75155 24.00137 2.94702 194 194 194
1.63603 23.99815 2.99681 201 201 201
1.51818 23.99900 3.04068 193 193 193
1.40114 24.00169 3.08718 191 191 191
1.28001 24.00273 3.12146 196 196 196
1.15583 24.00312 3.14310 196 196 196
1.03250 24.00313 3.16579 196 196 196
0.91181 24.00087 3.20429 195 195 195
0.78651 23.99760 3.21660 193 193 193
0.66102 23.99769 3.22393 199 199 199
0.53565 24.00127 3.22934 194 194 194
0.41024 23.99887 3.23935 194 194 194
0.28488 23.99796 3.22829 197 197 197
0.16021 23.99855 3.21444 197 197 197
0.03404 23.99968 3.21601 194 194 194
-0.09020 24.00025 3.19718 193 193 193
-0.21412 24.00192 3.17638 194 194 194
-0.33524 23.99800 3.14267 197 197 197
-0.45950 24.00046 3.12137 200 200 200
-0.57856 23.99766 3.08071 194 194 194
-0.69708 23.99959 3.03903 198 198 198
-0.81586 23.99812 2.99757 197 197 197
-0.92945 23.99837 2.94351 193 193 193
-1.04571 24.00197 2.89496 190 190 190
-1.15375 24.00267 2.83020 201 201 201
-1.26037 24.00031 2.76369 189 189 189
-1.36782 23.99986 2.69856 187 187 187
-1.47241 23.99734 2.62875 193 193 193
-1.57519 23.99896 2.55601 193 193 193
-1.67031 24.00501 2.47352 187 187 187
-1.76437 23.99750 2.38998 187 187 187
-1.84999 24.00153 2.29773 183 183 183
-1.94401 23.99800 2.21375 186 186 186
-2.01750 23.99642 2.11099 183 183 183
-2.10624 24.00341 2.02134 189 189 189
-2.18251 24.00042 1.92125 195 195 195
-2.24757 24.00024 1.81340 186 186 186
-2.32135 23.99657 1.71142 183 183 183
-2.38111 24.00436 1.60073 180 180 180
-2.44155 23.99867 1.49056 189 189 189
-2.49475 24.00260 1.37672 184 184 184
-2.54951 23.99426 1.26347 179 179 179
-2.58822 23.99662 1.14369 178 178 178
-2.63846 24.00179 1.02808 173 173 173
-2.66646 24.00078 0.90522 174 174 174
-2.70801 23.99770 0.78613 177 177 177
-2.73299 24.00156 0.66273 172 172 172
-2.74096 24.00342 0.53660 175 175 175
-2.77115 24.00218 0.41404 172 172 172
-2.77829 23.99815 0.28844 166 166 166
-2.79043 24.00439 0.16325 169 169 169
-2.78665 23.99627 0.03750 170 170 170
-2.78379 24.00071 -0.08799 169 169 169
-2.77494 23.99693 -0.21318 167 167 167
-2.77057 23.99734 -0.33897 162 162 162
-2.75109 23.99950 -0.46320 165 165 165
-2.72371 24.00041 -0.58588 162 162 162
-2.70347 23.99532 -0.71004 159 159 159
-2.66286 24.00164 -0.82920 151 151 151
-2.63016 24.00089 -0.95039 158 158 158
-2.59001 24.00380 -1.06935 163 163 163
-2.54274 24.00750 -1.18566 155 155 155
-2.49480 23.99656 -1.30174 156 156 156
-2.44632 23.99710 -1.41799 151 151 151
-2.37411 23.99860 -1.52181 152 152 152
-1.66919 23.99876 -2.39720 148 148 148
-1.36667 23.99769 -2.62183 145 145 145
-1.26579 23.99905 -2.69753 144 144 144
-0.57959 23.99688 -3.00890 140 140 140
-0.46006 24.00338 -3.04836 138 138 138
-0.33743 23.99949 -3.07678 138 138 138
-0.21275 24.00175 -3.09448 133 133 133
0.28461 23.99993 -3.16014 134 134 134
0.41024 24.00324 -3.16047 142 142 142
0.78615 23.99817 -3.13854 145 145 145
0.91183 24.00376 -3.12943 136 136 136
1.03421 23.99356 -3.09938 145 145 145
1.15469 23.99962 -3.06336 135 135 135
1.27772 23.99806 -3.03835 142 142 142
1.40011 23.99543 -3.00901 137 137 137
1.51599 24.00078 -2.95976 139 139 139
1.63448 23.99924 -2.91806 138 138 138
1.75223 23.99943 -2.87351 143 143 143
1.86802 24.00040 -2.82356 137 137 137
1.97476 24.00055 -2.75616 144 144 144
2.08611 24.00106 -2.69726 149 149 149
2.18628 23.99917 -2.62053 141 141 141
2.29446 23.99708 -2.55591 146 146 146
2.39119 24.00466 -2.47532 149 149 149
2.48958 23.99945 -2.39709 148 148 148
2.57959 24.00508 -2.30929 146 146 146
2.67999 24.00008 -2.23225 148 148 148
2.76082 23.99931 -2.13535 153 153 153
2.83791 24.00213 -2.03593 145 145 145
2.92238 24.00303 -1.94291 152 152 152
2.99579 23.99709 -1.84101 152 152 152
3.06430 23.99955 -1.73588 152 152 152
3.13906 23.99708 -1.63472 157 157 157
3.19295 23.99936 -1.52089 153 153 153
3.26099 24.00130 -1.41503 153 153 153
3.32213 24.00387 -1.30490 158 158 158
3.37383 24.00285 -1.19006 168 168 168
3.41121 24.00457 -1.06962 160 160 160
3.44989 23.99989 -0.95014 160 160 160
3.48592 23.99835 -0.82993 156 156 156
3.51296 23.99787 -0.70740 164 164 164
3.54936 24.00153 -0.58691 164 164 164
3.57170 24.00040 -0.46323 164 164 164
3.59100 23.99924 -0.33897 170 170 170
3.60919 24.00086 -0.21426 164 164 164
3.60010 23.99882 -0.08783 167 167 167
3.61066 24.40543 0.03812 167 167 167
3.61056 24.39858 0.16379 170 170 170
3.60712 24.40075 0.28957 172 172 172
3.58669 24.39645 0.41385 169 169 169
3.57821 24.39672 0.53958 169 169 169
3.55388 24.39717 0.66305 169 169 169
3.52529 24.39928 0.78552 172 172 172
3.48473 24.40308 0.90468 177 177 177
3.46074 24.40034 1.02867 175 175 175
3.41493 24.39986 1.14590 181 181 181
3.36537 24.40436 1.26138 182 182 182
3.30639 24.39964 1.37238 182 182 182
3.26801 24.39829 1.49325 179 179 179
3.20394 24.39939 1.60159 188 188 188
3.14313 24.40081 1.71166 190 190 190
3.07403 24.39793 1.81672 181 181 181
2.99919 24.39886 1.91771 180 180 180
2.92820 24.39656 2.02160 189 189 189
2.83646 24.39843 2.10866 180 180 180
2.76734 24.40427 2.21522 186 186 186
2.67588 24.39881 2.30184 192 192 192
2.58287 24.40223 2.38637 189 189 189
2.49041 24.39662 2.47144 182 182 182
2.38823 24.39908 2.54475 188 188 188
2.29560 24.39847 2.63045 194 194 194
2.19122 24.40171 2.70066 191 191 191
2.08852 24.40231 2.77369 190 190 190
1.97690 24.40364 2.83215 196 196 196
1.86547 24.40016 2.89038 196 196 196
1.75495 24.40216 2.95085 190 190 190
1.63815 24.40042 2.99789 198 198 198
1.52013 24.40087 3.04139 192 192 192
1.39818 24.40154 3.07277 192 192 192
1.27810 24.40086 3.10847 192 192 192
1.15930 24.40185 3.15014 191 191 191
1.03760 24.40027 3.18240 195 195 195
0.91309 24.40339 3.20080 197 197 197
0.78999 24.40157 3.23036 194 194 194
0.66295 24.40060 3.22458 192 192 192
0.53762 24.40474 3.23117 192 192 192
0.41217 24.40174 3.23401 198 198 198
0.28642 24.39821 3.23866 197 197 197
0.16072 24.40122 3.23308 189 189 189
0.03675 24.39802 3.21000 201 201 201
-0.08844 24.40344 3.19887 192 192 192
-0.21230 24.39918 3.17754 201 201 201
-0.33371 24.39904 3.14495 195 195 195
-0.45641 24.40356 3.11788 188 188 188
-0.57623 24.40238 3.08012 198 198 198
-0.69543 24.40449 3.04040 195 195 195
-0.81354 24.40125 2.99725 196 196 196
-0.92500 24.40012 2.93866 195 195 195
-1.04168 24.39746 2.89147 197 197 197
-1.15309 24.39718 2.83309 196 196 196
-1.25991 24.39927 2.76672 192 192 192
-1.36519 24.39609 2.69814 193 193 193
-1.47230 24.39998 2.63187 190 190 190
-1.56933 24.39820 2.55164 190 190 190
-1.67059 24.39554 2.47672 197 197 197
-1.76338 24.39948 2.39162 194 194 194
-1.84899 24.40556 2.29929 180 180 180
-1.93151 24.39579 2.20460 188 188 188
-2.02624 24.39474 2.12072 182 182 182
-2.09894 24.40211 2.01772 188 188 188
-2.16877 24.40449 1.91329 183 183 183
-2.24588 24.40037 1.81418 180 180 180
-2.31205 24.40067 1.70753 186 186 186
-2.37596 24.40329 1.59955 181 181 181
-2.44408 24.40400 1.49346 180 180 180
-2.49741 24.40399 1.37946 175 175 175
-2.53777 24.39958 1.26003 176 176 176
-2.58523 24.39840 1.14393 181 181 181
-2.62974 24.39896 1.02650 175 175 175
-2.67362 24.39806 0.90841 186 186 186
-2.71042 24.39969 0.78779 173 173 173
-2.71518 24.39707 0.66019 173 173 173
-2.74448 24.39935 0.53809 170 170 170
-2.77422 24.40235 0.41526 173 173 173
-2.77396 24.40064 0.28888 168 168 168
-2.78355 24.39714 0.16369 170 170 170
-2.78830 24.39946 0.03813 166 166 166
-2.78842 24.39900 -0.08763 166 166 166
-2.78055 24.40375 -0.21315 168 168 168
-2.77099 24.39605 -0.33863 165 165 165
-2.74230 24.40246 -0.46149 158 158 158
-2.72976 24.40391 -0.58684 163 163 163
-2.70592 24.39981 -0.71046 165 165 165
-2.66487 24.40174 -0.82969 155 155 155
-2.62776 24.40265 -0.94961 159 159 159
-2.58845 24.40044 -1.06886 156 156 156
-2.54261 24.40209 -1.18579 163 163 163
-2.49771 24.40211 -1.30335 153 153 153
-2.43956 24.40217 -1.41490 152 152 152
-2.37618 24.40087 -1.52343 156 156 156
-1.93618 24.39911 -2.13267 150 150 150
-1.66588 24.39958 -2.39496 141 141 141
-1.25777 24.40101 -2.68697 147 147 147
-1.15094 24.39866 -2.75302 148 148 148
0.41217 24.40213 -3.15992 141 141 141
0.53765 24.40100 -3.15562 136 136 136
0.66374 24.39956 -3.15835 134 134 134
0.78861 24.39585 -3.14238 136 136 136
0.91280 24.40578 -3.12274 135 135 135
1.03714 24.40456 -3.10382 145 145 145
1.15955 24.39754 -3.07494 141 141 141
1.27973 24.39885 -3.03801 147 147 147
1.39946 24.40270 -3.00043 139 139 139
1.51926 24.39879 -2.96277 133 133 133
1.63744 24.40016 -2.91994 147 147 147
1.75288 24.39870 -2.87009 137 137 137
1.86494 24.39836 -2.81309 146 146 146
1.97304 24.40044 -2.74900 145 145 145
2.08525 24.39823 -2.69210 138 138 138
2.19353 24.39961 -2.62787 152 152 152
2.29290 24.40262 -2.55048 145 145 145
2.39055 24.40149 -2.47144 148 148 148
2.49083 24.40347 -2.39567 155 155 155
2.58023 24.40106 -2.30727 143 143 143
2.67100 24.39989 -2.22071 146 146 146
2.76438 24.39950 -2.13624 148 148 148
2.84544 24.40198 -2.04009 149 149 149
2.92136 24.39853 -1.93996 151 151 151
3.00553 24.39901 -1.84606 151 151 151
3.07455 24.39932 -1.74082 153 153 153
3.13626 24.39594 -1.63120 150 150 150
3.20868 24.40305 -1.52799 160 160 160
3.26435 24.39614 -1.41513 156 156 156
3.32001 24.39725 -1.30241 153 153 153
3.36004 24.39631 -1.18292 150 150 150
3.41910 24.40135 -1.07119 158 158 158
3.45999 24.40082 -0.95217 161 161 161
3.48691 24.39905 -0.82904 161 161 161
3.52432 24.39882 -0.70904 164 164 164
3.55918 24.39666 -0.58785 163 163 163
3.58130 24.39979 -0.46382 164 164 164
3.59454 24.39115 -0.33853 170 170 170
3.59998 24.39490 -0.21276 166 166 166
3.59780 24.40168 -0.08704 168 168 168
3.61261 24.79952 0.03875 166 166 166
3.61481 24.79977 0.16451 169 169 169
3.60640 24.79623 0.29001 163 163 163
3.59485 24.80115 0.41524 174 174 174
3.56519 24.79608 0.53787 165 165 165
3.55775 24.79787 0.66410 169 169 169
3.51687 24.79898 0.78371 169 169 169
3.49508 24.80070 0.90774 180 180 180
3.45770 24.79947 1.02774 173 173 173
3.40690 24.79750 1.14293 177 177 177
3.37324 24.79582 1.26455 179 179 179
3.32318 24.80196 1.37995 177 177 177
3.26315 24.79674 1.49052 180 180 180
3.21030 24.79748 1.60481 181 181 181
3.14612 24.80118 1.71306 178 178 178
3.08036 24.79639 1.82043 186 186 186
3.00349 24.80192 1.92021 186 186 186
2.93184 24.80202 2.02375 187 187 187
2.84325 24.80042 2.11362 182 182 182
2.76737 24.79709 2.21428 192 192 192
2.67708 24.79593 2.30194 193 193 193
2.58787 24.79850 2.39056 190 190 190
2.48793 24.80341 2.46714 187 187 187
2.38874 24.79608 2.54384 192 192 192
2.29256 24.79743 2.62452 198 198 198
2.18862 24.80024 2.69482 191 191 191
2.08629 24.80205 2.76786 183 183 183
1.98135 24.80085 2.83765 191 191 191
1.86492 24.80027 2.88655 194 194 194
1.75219 24.79945 2.94175 195 195 195
1.63867 24.79852 2.99565 191 191 191
1.52378 24.80284 3.04726 194 194 194
1.40254 24.79823 3.08151 200 200 200
1.28519 24.80223 3.12814 200 200 200
1.15978 24.79978 3.14561 193 193 193
1.03939 24.79967 3.18336 198 198 198
0.91587 24.80160 3.20815 197 197 197
0.79023 24.79611 3.21846 195 195 195
0.66482 24.80044 3.22721 192 192 192
0.53938 24.79681 3.23265 201 201 201
0.41389 24.80166 3.23814 202 202 202
0.28811 24.79623 3.24005 194 194 194
0.16207 24.80130 3.23841 198 198 198
0.03817 24.80096 3.21313 196 196 196
-0.08646 24.79967 3.19783 189 189 189
-0.20985 24.80655 3.17448 192 192 192
-0.33184 24.80106 3.14494 189 189 189
-0.45421 24.80064 3.11680 190 190 190
-0.57598 24.80279 3.08523 194 194 194
-0.69421 24.79776 3.04239 199 199 199
-0.81173 24.80420 2.99764 199 199 199
-0.92669 24.79715 2.94669 192 192 192
-1.03833 24.79637 2.88889 191 191 191
-1.14863 24.80946 2.82882 194 194 194
-1.25835 24.79729 2.76759 188 188 188
-1.36593 24.79868 2.70244 189 189 189
-1.46625 24.80432 2.62654 189 189 189
-1.56497 24.80127 2.54892 196 196 196
-1.66432 24.79354 2.47202 187 187 187
-1.75609 24.80203 2.38622 183 183 183
-1.85295 24.80449 2.30559 187 187 187
-1.93644 24.79814 2.21137 190 190 190
-2.01755 24.79762 2.11540 191 191 191
-2.10240 24.79924 2.02243 180 180 180
-2.18154 24.80031 1.92444 182 182 182
-2.24835 24.79918 1.81760 182 182 182
-2.31331 24.79749 1.70998 183 183 183
-2.37328 24.80083 1.59964 188 188 188
-2.44125 24.79524 1.49351 180 180 180
-2.48864 24.79943 1.37683 176 176 176
-2.54528 24.80641 1.26448 181 181 181
-2.58760 24.79911 1.14606 181 181 181
-2.63257 24.80185 1.02860 175 175 175
-2.67227 24.80116 0.90914 171 171 171
-2.69969 24.80335 0.78625 178 178 178
-2.72257 24.80082 0.66263 170 170 170
-2.74368 24.80266 0.53886 175 175 175
-2.75329 24.80447 0.41361 176 176 176
-2.78411 24.79910 0.29044 168 168 168
-2.78343 24.79781 0.16437 172 172 172
-2.78741 24.80102 0.03875 168 168 168
-2.79459 24.80154 -0.08731 165 165 165
-2.78682 24.80372 -0.21315 171 171 171
-2.75667 24.80271 -0.33651 170 170 170
-2.74324 24.79998 -0.46129 170 170 170
-2.73232 24.80098 -0.58707 162 162 162
-2.70699 24.80075 -0.71051 164 164 164
-2.66692 24.79573 -0.83013 161 161 161
-2.62510 24.80107 -0.94868 158 158 158
-2.59199 24.79728 -1.07018 160 160 160
-2.54208 24.80189 -1.18565 161 161 161
-2.48990 24.80143 -1.29992 155 155 155
-2.43383 24.80043 -1.41223 151 151 151
-2.37655 24.80237 -1.52397 151 151 151
-2.25144 24.80126 -1.74216 158 158 158
-2.17897 24.80281 -1.84507 154 154 154
-1.85732 24.79702 -2.23245 147 147 147
-1.57287 24.80201 -2.48144 152 152 152
-1.46561 24.80189 -2.54815 147 147 147
-1.36192 24.79691 -2.61893 153 153 153
-1.25760 24.80237 -2.68887 143 143 143
-1.14887 24.80251 -2.75176 144 144 144
-1.03829 24.79816 -2.81130 143 143 143
-0.80921 24.79906 -2.91408 145 145 145
-0.33382 24.80385 -3.07565 140 140 140
-0.08542 24.80238 -3.11373 133 133 133
0.03752 24.80240 -3.14119 138 138 138
0.78957 24.80303 -3.13536 140 140 140
0.91533 24.79942 -3.12721 137 137 137
1.03871 24.79799 -3.10245 142 142 142
1.16249 24.79887 -3.07940 136 136 136
1.28177 24.80033 -3.03855 141 141 141
1.40238 24.80402 -3.00352 143 143 143
1.52046 24.80592 -2.96076 144 144 144
1.63871 24.80432 -2.91824 142 142 142
1.75703 24.80250 -2.87476 145 145 145
1.87238 24.80048 -2.82369 140 140 140
1.97963 24.79708 -2.75709 141 141 141
2.08760 24.80101 -2.69250 152 152 152
2.19675 24.80013 -2.62950 141 141 141
2.29414 24.80045 -2.54920 142 142 142
2.39549 24.80102 -2.47490 147 147 147
2.48803 24.80162 -2.38976 149 149 149
2.58347 24.79920 -2.30829 151 151 151
2.67844 24.79917 -2.22580 147 147 147
2.75892 24.79787 -2.12898 146 146 146
2.85321 24.80031 -2.04463 161 161 161
2.92049 24.80324 -1.93729 154 154 154
3.00255 24.79926 -1.84202 148 148 148
3.06860 24.79713 -1.73507 150 150 150
3.14448 24.79995 -1.63456 157 157 157
3.20587 24.80317 -1.52484 154 154 154
3.26453 24.79904 -1.41372 163 163 163
3.31976 24.80312 -1.30088 162 162 162
3.36731 24.80099 -1.18460 154 154 154
3.42003 24.80168 -1.07027 154 154 154
3.45342 24.79620 -0.94885 156 156 156
3.49834 24.80467 -0.83115 160 160 160
3.52565 24.80203 -0.70832 161 161 161
3.54849 24.79931 -0.58476 156 156 156
3.57321 24.80024 -0.46164 163 163 163
3.59168 24.79909 -0.33737 162 162 162
3.60842 24.79840 -0.21267 165 165 165
3.60560 24.79393 -0.08665 163 163 163
3.61490 25.20386 0.03938 163 163 163
3.61052 25.19862 0.16491 163 163 163
3.60632 25.20202 0.29051 168 168 168
3.59270 25.19864 0.41543 173 173 173
3.57258 25.19902 0.53942 167 167 167
3.54887 25.19997 0.66266 172 172 172
3.52579 25.20058 0.78612 169 169 169
3.49400 25.20086 0.90763 170 170 170
3.45549 25.20584 1.02716 178 178 178
3.41630 25.20155 1.14647 174 174 174
3.37087 25.19689 1.26357 179 179 179
3.32203 25.19656 1.37935 177 177 177
3.26556 25.20126 1.49161 187 187 187
3.20732 25.20208 1.60293 184 184 184
3.14252 25.19693 1.71056 186 186 186
3.07431 25.20403 1.81601 183 183 183
3.00822 25.20085 1.92317 187 187 187
2.93126 25.19906 2.02272 184 184 184
2.84542 25.20299 2.11481 185 185 185
2.76578 25.20297 2.21205 188 188 188
2.67737 25.19859 2.30135 191 191 191
2.58681 25.20243 2.38840 192 192 192
2.49605 25.20074 2.47551 189 189 189
2.40292 25.19716 2.56054 188 188 188
2.29379 25.20112 2.62477 197 197 197
2.18925 25.20296 2.69413 195 195 195
2.08804 25.20019 2.76888 193 193 193
1.97917 25.20135 2.83170 189 189 189
1.87160 25.20213 2.89735 187 187 187
1.75595 25.19863 2.94726 192 192 192
1.63950 25.20016 2.99462 198 198 198
1.51977 25.19952 3.03292 194 194 194
1.40301 25.20207 3.07896 190 190 190
1.28207 25.19639 3.11238 195 195 195
1.16444 25.20316 3.15937 193 193 193
1.03964 25.20319 3.17765 196 196 196
0.91667 25.19779 3.20428 190 190 190
0.79138 25.19988 3.21607 189 189 189
0.66660 25.20088 3.23129 200 200 200
0.54110 25.20122 3.23891 196 196 196
0.41539 25.19781 3.23464 201 201 201
0.28980 25.19983 3.23600 197 197 197
0.16450 25.19705 3.22732 195 195 195
0.03935 25.20473 3.21659 195 195 195
-0.08427 25.19755 3.19411 190 190 190
-0.20936 25.19586 3.18022 194 194 194
-0.33007 25.20029 3.14445 199 199 199
-0.45476 25.20265 3.12470 188 188 188
-0.57362 25.19848 3.08323 199 199 199
-0.69379 25.20062 3.04595 202 202 202
-0.80611 25.20067 2.98835 189 189 189
-0.92950 25.20224 2.95668 189 189 189
-1.03542 25.19723 2.88676 189 189 189
-1.14846 25.20002 2.83183 190 190 190
-1.25952 25.20069 2.77259 192 192 192
-1.35969 25.19981 2.69598 189 189 189
-1.46070 25.20366 2.62160 188 188 188
-1.56503 25.20283 2.55153 191 191 191
-1.66129 25.19801 2.47086 193 193 193
-1.75829 25.20160 2.39085 188 188 188
-1.84719 25.19789 2.30196 190 190 190
-1.92896 25.20093 2.20647 195 195 195
-2.02529 25.20375 2.12392 184 184 184
-2.09574 25.19946 2.01899 182 182 182
-2.17157 25.20371 1.91891 187 187 187
-2.24365 25.20084 1.81609 184 184 184
-2.31223 25.20233 1.71086 185 185 185
-2.37395 25.19790 1.60149 179 179 179
-2.43648 25.20124 1.49247 179 179 179
-2.49329 25.19879 1.38030 170 170 170
-2.54211 25.19843 1.26441 184 184 184
-2.58762 25.19744 1.14725 181 181 181
-2.62654 25.19955 1.02776 181 181 181
-2.66912 25.19996 0.90930 172 172 172
-2.69613 25.19525 0.78638 166 166 166
-2.72511 25.20129 0.66406 173 173 173
-2.75071 25.19972 0.54084 174 174 174
-2.75073 25.20055 0.41411 169 169 169
-2.77164 25.20048 0.29020 168 168 168
-2.78166 25.19889 0.16499 171 171 171
-2.79155 25.20134 0.03938 170 170 170
-2.77466 25.20026 -0.08596 161 161 161
-2.77192 25.19766 -0.21147 169 169 169
-2.76802 25.19904 -0.33741 168 168 168
-2.74469 25.19664 -0.46113 166 166 166
-2.72424 25.20215 -0.58514 158 158 158
-2.69633 25.20031 -0.70768 160 160 160
-2.66824 25.20291 -0.83030 163 163 163
-2.62674 25.19707 -0.94907 157 157 157
-2.58112 25.19606 -1.06610 163 163 163
-2.54340 25.20486 -1.18620 156 156 156
-2.48756 25.20458 -1.29891 150 150 150
-2.43634 25.20051 -1.41366 152 152 152
-2.37365 25.19787 -1.52256 155 155 155
-1.85118 25.19631 -2.22720 145 145 145
-1.56378 25.19956 -2.47119 143 143 143
-1.25881 25.20309 -2.69268 141 141 141
-0.92279 25.19877 -2.86338 147 147 147
-0.69257 25.19922 -2.96389 140 140 140
-0.57324 25.19799 -3.00333 143 143 143
0.28948 25.19998 -3.16546 137 137 137
0.41539 25.20362 -3.15789 140 140 140
0.79113 25.19691 -3.13523 138 138 138
0.91606 25.20013 -3.12172 144 144 144
1.03901 25.19772 -3.09576 140 140 140
1.16136 25.19612 -3.06780 144 144 144
1.28306 25.19814 -3.03715 144 144 144
1.40425 25.20119 -3.00400 134 134 134
1.52536 25.19809 -2.96931 142 142 142
1.64100 25.19939 -2.91950 147 147 147
1.75240 25.20368 -2.86082 142 142 142
1.86816 25.19814 -2.81185 139 139 139
1.97642 25.20337 -2.74804 138 138 138
2.08507 25.20430 -2.68529 143 143 143
2.18893 25.19989 -2.61491 139 139 139
2.29770 25.20018 -2.55140 146 146 146
2.40033 25.19903 -2.47850 153 153 153
2.49089 25.20156 -2.39071 144 144 144
2.58176 25.19651 -2.30418 146 146 146
2.67387 25.19863 -2.21910 151 151 151
2.76247 25.20542 -2.13024 151 151 151
2.84896 25.20150 -2.03909 150 150 150
2.92479 25.19658 -1.93888 146 146 146
3.00566 25.19956 -1.84256 146 146 146
3.07142 25.19925 -1.73533 155 155 155
3.14950 25.20384 -1.63609 160 160 160
3.20196 25.19435 -1.52118 148 148 148
3.26258 25.20024 -1.41134 152 152 152
3.31531 25.19435 -1.29750 158 158 158
3.37116 25.20125 -1.18494 158 158 158
3.42303 25.19932 -1.07020 151 151 151
3.46237 25.19779 -0.95065 159 159 159
3.50153 25.20248 -0.83101 163 163 163
3.53022 25.19970 -0.70843 159 159 159
3.54748 25.20185 -0.58364 161 161 161
3.58014 25.20344 -0.46187 164 164 164
3.58782 25.19905 -0.33611 161 161 161
3.60323 25.20000 -0.21151 165 165 165
3.61204 25.20093 -0.08622 166 166 166
3.62142 25.59823 0.04000 165 165 165
3.61766 25.59917 0.16577 173 173 173
3.60273 25.60195 0.29075 175 175 175
3.59855 25.59667 0.41660 169 169 169
3.58488 25.59927 0.54179 174 174 174
3.55174 25.60171 0.66360 177 177 177
3.52400 25.59797 0.78600 171 171 171
3.49796 25.59910 0.90901 177 177 177
3.45213 25.60302 1.02627 166 166 166
3.42187 25.60031 1.14867 177 177 177
3.37494 25.59959 1.26535 182 182 182
3.32532 25.60028 1.38090 181 181 181
3.26654 25.59670 1.49207 180 180 180
3.21480 25.59946 1.60702 176 176 176
3.14880 25.59432 1.71424 180 180 180
3.07922 25.59391 1.81905 187 187 187
3.00454 25.60006 1.92019 181 181 181
2.93078 25.60254 2.02195 181 181 181
2.85143 25.60454 2.11947 189 189 189
2.76641 25.60319 2.21206 186 186 186
2.67560 25.59880 2.29892 184 184 184
2.58787 25.60403 2.38877 184 184 184
2.49179 25.59800 2.46963 189 189 189
2.39772 25.59874 2.55293 194 194 194
2.30278 25.60020 2.63599 192 192 192
2.19765 25.59973 2.70540 186 186 186
2.09370 25.59889 2.77664 197 197 197
1.97823 25.60290 2.82834 197 197 197
1.87259 25.60044 2.89737 192 192 192
1.75950 25.60158 2.95278 193 193 193
1.64308 25.60044 3.00078 193 193 193
1.52345 25.59827 3.04000 192 192 192
1.40675 25.59810 3.08711 195 195 195
1.28354 25.59963 3.11364 193 193 193
1.16209 25.60513 3.14480 195 195 195
1.03990 25.60057 3.17311 194 194 194
0.91640 25.59878 3.19504 196 196 196
0.79239 25.60200 3.21428 195 195 195
0.66790 25.59926 3.23189 194 194 194
0.54226 25.60025 3.23601 196 196 196
0.41669 25.60234 3.23709 198 198 198
0.29110 25.60199 3.23645 191 191 191
0.16532 25.60454 3.23397 200 200 200
0.04090 25.59687 3.21502 195 195 195
-0.08339 25.59384 3.19736 193 193 193
-0.20763 25.60286 3.17867 192 192 192
-0.33049 25.60222 3.15223 198 198 198
-0.44925 25.60629 3.11038 203 203 203
-0.57223 25.60226 3.08359 191 191 191
-0.69166 25.60048 3.04430 189 189 189
-0.80860 25.59443 2.99811 194 194 194
-0.91923 25.60073 2.93783 199 199 199
-1.03694 25.59836 2.89291 198 198 198
-1.14758 25.59920 2.83320 197 197 197
-1.25481 25.59618 2.76763 189 189 189
-1.35750 25.59519 2.69526 190 190 190
-1.47383 25.59922 2.64208 191 191 191
-1.56279 25.59804 2.55095 195 195 195
-1.66032 25.59542 2.47186 189 189 189
-1.75915 25.60262 2.39381 181 181 181
-1.84750 25.60031 2.30419 189 189 189
-1.92937 25.60516 2.20867 184 184 184
-2.01328 25.60039 2.11539 187 187 187
-2.08845 25.59845 2.01489 183 183 183
-2.16711 25.60075 1.91724 182 182 182
-2.24856 25.59932 1.82086 182 182 182
-2.30868 25.60079 1.71011 179 179 179
-2.38949 25.60027 1.61153 184 184 184
-2.43747 25.60377 1.49426 177 177 177
-2.49510 25.59858 1.38235 187 187 187
-2.54152 25.59720 1.26533 175 175 175
-2.59436 25.59989 1.15084 178 178 178
-2.62896 25.60305 1.02959 175 175 175
-2.65386 25.60036 0.90598 173 173 173
-2.69786 25.59883 0.78774 173 173 173
-2.72638 25.59992 0.66520 175 175 175
-2.74721 25.59795 0.54111 177 177 177
-2.76838 25.59793 0.41698 161 161 161
-2.77433 25.59662 0.29114 167 167 167
-2.78260 25.59832 0.16570 169 169 169
-2.78788 25.60223 0.04000 173 173 173
-2.77629 25.60021 -0.08545 170 170 170
-2.77087 25.60177 -0.21087 168 168 168
-2.76564 25.60290 -0.33665 164 164 164
-2.74825 25.60161 -0.46128 167 167 167
-2.72130 25.60294 -0.58418 159 159 159
-2.69723 25.60177 -0.70759 156 156 156
-2.66635 25.60325 -0.82951 158 158 158
-2.62734 25.60092 -0.94906 155 155 155
-2.58662 25.59643 -1.06798 162 162 162
-2.53718 25.59957 -1.18353 152 152 152
-2.49393 25.60011 -1.30181 155 155 155
-2.43313 25.59520 -1.41205 149 149 149
-2.37687 25.59950 -1.52447 161 161 161
-2.09013 25.60339 -1.93621 154 154 154
-2.01065 25.60185 -2.03314 154 154 154
-1.93033 25.60253 -2.12957 151 151 151
-1.66312 25.60020 -2.39514 141 141 141
-0.92169 25.59878 -2.86316 142 142 142
-0.80831 25.59888 -2.91741 139 139 139
-0.33249 25.59752 -3.08057 142 142 142
0.29103 25.60055 -3.15816 140 140 140
0.79367 25.60364 -3.14512 143 143 143
0.91679 25.59441 -3.11751 139 139 139
1.04124 25.60099 -3.09984 139 139 139
1.16136 25.59983 -3.06180 136 136 136
1.28626 25.59993 -3.04328 141 141 141
1.40297 25.60315 -2.99548 139 139 139
1.52405 25.59912 -2.96164 143 143 143
1.64165 25.59800 -2.91732 141 141 141
1.76192 25.59826 -2.87804 142 142 142
1.86917 25.60068 -2.81066 141 141 141
1.97774 25.59990 -2.74746 144 144 144
2.08934 25.60037 -2.68952 148 148 148
2.19337 25.59617 -2.61899 143 143 143
2.29681 25.59753 -2.54777 143 143 143
2.39987 25.59848 -2.47565 151 151 151
2.49903 25.59780 -2.39811 148 148 148
2.58498 25.59488 -2.30565 141 141 141
2.68354 25.60221 -2.22685 142 142 142
2.76473 25.59911 -2.13051 147 147 147
2.84565 25.59795 -2.03453 148 148 148
2.94019 25.60357 -1.94936 147 147 147
3.00183 25.59400 -1.83821 158 158 158
3.07864 25.60166 -1.73866 148 148 148
3.14344 25.60096 -1.63095 152 152 152
3.20245 25.59825 -1.52010 151 151 151
3.26655 25.59956 -1.41207 155 155 155
3.32317 25.60189 -1.29991 161 161 161
3.36949 25.60254 -1.18309 148 148 148
3.42041 25.59799 -1.06813 160 160 160
3.46124 25.60042 -0.94923 153 153 153
3.49960 25.59717 -0.82947 154 154 154
3.52104 25.59823 -0.70529 162 162 162
3.55189 25.59904 -0.58363 169 169 169
3.57666 25.60261 -0.46049 160 160 160
3.60228 25.59641 -0.33704 167 167 167
3.60512 25.59904 -0.21093 163 163 163
3.61983 25.60220 -0.08585 167 167 167
3.61726 26.00016 0.04063 167 167 167
3.61199 25.99888 0.16613 175 175 175
3.60786 26.00258 0.29169 162 162 162
3.60243 25.99771 0.41755 172 172 172
3.58366 25.99900 0.54205 170 170 170
3.55576 25.99472 0.66481 180 180 180
3.52610 25.99766 0.78687 182 182 182
3.48882 26.00164 0.90675 175 175 175
3.46091 26.00212 1.02940 171 171 171
3.41730 26.00226 1.14721 179 179 179
3.37523 26.00217 1.26564 185 185 185
3.32434 26.00129 1.38057 182 182 182
3.26476 25.99889 1.49124 175 175 175
3.20865 26.00060 1.60359 185 185 185
3.14954 25.99749 1.71466 180 180 180
3.07833 25.99563 1.81835 180 180 180
3.00686 26.00245 1.92171 179 179 179
2.94084 26.00285 2.02965 175 175 175
2.85593 25.99840 2.12301 187 187 187
2.76955 26.00000 2.21459 188 188 188
2.67167 25.99786 2.29453 196 196 196
2.59242 25.99771 2.39314 181 181 181
2.49933 25.99939 2.47782 179 179 179
2.39292 25.99952 2.54609 194 194 194
2.30294 25.99885 2.63533 194 194 194
2.19356 25.99732 2.69828 188 188 188
2.09091 26.00200 2.77093 198 198 198
1.98806 25.99822 2.84459 188 188 188
1.86858 25.99955 2.88801 194 194 194
1.75926 26.00243 2.95054 194 194 194
1.64397 26.00396 3.00094 197 197 197
1.52875 25.99998 3.05206 192 192 192
1.40810 25.99787 3.08853 194 194 194
1.28483 25.99885 3.11497 191 191 191
1.16441 26.00337 3.15059 188 188 188
1.04053 25.99766 3.17146 198 198 198
0.91985 25.99883 3.21063 192 192 192
0.79424 26.00273 3.22140 196 196 196
0.66886 26.00089 3.23104 191 191 191
0.54319 26.00503 3.23281 196 196 196
0.41777 25.99858 3.24084 193 193 193
0.29201 25.99856 3.24142 204 204 204
0.16703 26.00380 3.22653 193 193 193
0.04169 26.00083 3.21810 205 205 205
-0.08299 25.99880 3.20232 192 192 192
-0.20654 26.00149 3.17924 196 196 196
-0.32975 26.00132 3.15429 199 199 199
-0.45093 25.99919 3.12079 203 203 203
-0.57190 26.00078 3.08651 191 191 191
-0.69237 25.99821 3.04980 189 189 189
-0.81008 26.00012 3.00491 188 188 188
-0.92107 26.00143 2.94479 192 192 192
-1.03412 26.00176 2.89013 194 194 194
-1.14546 26.00073 2.83197 191 191 191
-1.25341 25.99495 2.76774 191 191 191
-1.35711 26.00055 2.69692 187 187 187
-1.46006 25.99711 2.62523 198 198 198
-1.56314 26.00326 2.55340 190 190 190
-1.66221 26.00349 2.47597 189 189 189
-1.75419 26.00228 2.39024 190 190 190
-1.85052 25.99641 2.30892 186 186 186
-1.93018 26.00389 2.21105 185 185 185
-2.01762 25.99806 2.12065 191 191 191
-2.09486 26.00182 2.02143 184 184 184
-2.17054 25.99702 1.92114 184 184 184
-2.24397 25.99849 1.81915 182 182 182
-2.30878 25.99572 1.71145 180 180 180
-2.37474 26.00500 1.60451 184 184 184
-2.43152 25.99877 1.49241 183 183 183
-2.49237 26.00190 1.38222 190 190 190
-2.54384 25.99977 1.26737 177 177 177
-2.59460 26.00077 1.15195 176 176 176
-2.62745 26.00064 1.03008 179 179 179
-2.65943 26.00267 0.90849 177 177 177
-2.69841 25.99857 0.78875 174 174 174
-2.70889 26.00174 0.66256 164 164 164
-2.74266 26.00170 0.54119 172 172 172
-2.76061 25.99888 0.41681 168 168 168
-2.77023 25.99814 0.29153 166 166 166
-2.78695 25.99840 0.16654 170 170 170
-2.78116 26.00188 0.04063 167 167 167
-2.77925 25.99873 -0.08499 166 166 166
-2.77698 26.00021 -0.21081 165 165 165
-2.75883 25.99724 -0.33535 163 163 163
-2.74731 26.00264 -0.46067 166 166 166
-2.72559 25.99423 -0.58463 165 165 165
-2.69777 26.00030 -0.70735 158 158 158
-2.65821 26.00319 -0.82689 161 161 161
-2.62060 26.00170 -0.94660 156 156 156
-2.58658 26.00291 -1.06774 156 156 156
-2.53970 26.00019 -1.18440 154 154 154
-2.48797 25.99927 -1.29894 156 156 156
-2.43652 26.00810 -1.41371 153 153 153
-2.37729 25.99808 -1.52468 156 156 156
-2.24416 25.99528 -1.73802 157 157 157
-2.09471 26.00062 -1.94006 147 147 147
-1.55977 25.99662 -2.46787 145 145 145
-1.25488 26.00024 -2.68890 151 151 151
-1.03816 25.99664 -2.81680 145 145 145
-0.91747 26.00190 -2.85573 141 141 141
-0.69247 26.00114 -2.96882 144 144 144
-0.44902 26.00032 -3.03280 137 137 137
-0.33088 26.00505 -3.07771 136 136 136
0.04104 26.00080 -3.14236 132 132 132
0.29232 26.00169 -3.15221 142 142 142
0.79428 25.99798 -3.14048 142 142 142
0.91674 25.99768 -3.10973 139 139 139
1.04179 25.99474 -3.09653 143 143 143
1.16573 26.00095 -3.07484 138 138 138
1.28974 26.00450 -3.05114 145 145 145
1.40682 26.00089 -3.00336 142 142 142
1.52363 25.99822 -2.95695 134 134 134
1.64325 25.99700 -2.91795 139 139 139
1.76024 26.00062 -2.87142 144 144 144
1.87064 26.00188 -2.81079 139 139 139
1.98157 25.99950 -2.75174 142 142 142
2.09059 26.00287 -2.68917 143 143 143
2.19427 25.99647 -2.61809 148 148 148
2.29443 26.00455 -2.54237 138 138 138
2.39597 26.00083 -2.46871 141 141 141
2.49526 26.00296 -2.39180 150 150 150
2.58950 26.00135 -2.30874 156 156 156
2.68296 26.00017 -2.22457 151 151 151
2.76573 25.99667 -2.12981 153 153 153
2.85300 26.00246 -2.03926 150 150 150
2.92762 26.00129 -1.93798 147 147 147
3.00771 25.99603 -1.84108 154 154 154
3.07611 25.99962 -1.73562 152 152 152
3.14684 26.00154 -1.63175 155 155 155
3.20618 25.99898 -1.52096 156 156 156
3.26357 26.00069 -1.40938 157 157 157
3.32318 26.00115 -1.29879 161 161 161
3.37463 25.99422 -1.18415 160 160 160
3.41863 26.00408 -1.06645 162 162 162
3.46485 26.00063 -0.94943 161 161 161
3.49757 25.99630 -0.82797 167 167 167
3.53058 26.00282 -0.70669 159 159 159
3.56260 25.99817 -0.58492 164 164 164
3.58347 26.00364 -0.46077 164 164 164
3.58949 26.00145 -0.33477 166 166 166
3.61000 25.99576 -0.21061 171 171 171
3.62322 25.99835 -0.08532 168 168 168
3.62669 26.40522 0.04125 162 162 162
3.62830 26.39862 0.16736 168 168 168
3.61090 26.39642 0.29249 170 170 170
3.60300 26.39772 0.41814 175 175 175
3.57599 26.40462 0.54132 169 169 169
3.55249 26.40008 0.66461 178 178 178
3.53407 26.39833 0.78920 172 172 172
3.50294 26.39995 0.91111 175 175 175
3.46140 26.39666 1.02990 178 178 178
3.42566 26.39987 1.15060 171 171 171
3.36960 26.40098 1.26358 175 175 175
3.31752 26.40282 1.37765 172 172 172
3.28002 26.40194 1.49919 172 172 172
3.21706 26.39707 1.60844 185 185 185
3.15022 26.39821 1.71516 182 182 182
3.08222 26.40210 1.82099 192 192 192
3.00250 26.39797 1.91853 187 187 187
2.93124 26.40046 2.02202 186 186 186
2.84866 26.39945 2.11668 183 183 183
2.77230 26.40092 2.21695 183 183 183
2.68167 26.39993 2.30428 188 188 188
2.58524 26.40217 2.38506 187 187 187
2.49444 26.39813 2.47170 187 187 187
2.39742 26.40090 2.55131 187 187 187
2.29763 26.39987 2.62746 187 187 187
2.19715 26.40667 2.70297 194 194 194
2.09109 26.40335 2.77045 193 193 193
1.98528 26.40062 2.83869 189 189 189
1.87161 26.39944 2.89286 196 196 196
1.75798 26.40486 2.94651 190 190 190
1.64176 26.40215 2.99412 194 194 194
1.52925 26.40292 3.05170 198 198 198
1.40798 26.40209 3.08613 193 193 193
1.28973 26.40065 3.12991 192 192 192
1.16568 26.40066 3.15290 194 194 194
1.04192 26.40147 3.17470 197 197 197
0.92075 26.40122 3.21145 190 190 190
0.79528 26.39759 3.22350 192 192 192
0.66986 26.39947 3.23326 196 196 196
0.54467 26.39723 3.24893 196 196 196
0.41864 26.40556 3.22801 190 190 190
0.29285 26.40098 3.24294 194 194 194
0.16763 26.40390 3.23060 201 201 201
0.04145 26.39963 3.22813 189 189 189
-0.08316 26.40272 3.20947 192 192 192
-0.20672 26.40420 3.18513 192 192 192
-0.32942 26.40309 3.15716 195 195 195
-0.44819 26.39898 3.11479 193 193 193
-0.56923 26.39747 3.08159 197 197 197
-0.69091 26.40246 3.04881 195 195 195
-0.80771 26.39764 3.00193 195 195 195
-0.92029 26.39755 2.94562 197 197 197
-1.03416 26.39730 2.89252 194 194 194
-1.14495 26.40318 2.83324 190 190 190
-1.25683 26.39796 2.77536 192 192 192
-1.36131 26.40251 2.70514 184 184 184
-1.46034 26.40150 2.62744 198 198 198
-1.55814 26.40141 2.54879 181 181 181
-1.65502 26.40409 2.46919 184 184 184
-1.75465 26.39534 2.39230 196 196 196
-1.84687 26.40089 2.30676 181 181 181
-1.92724 26.39845 2.20976 185 185 185
-2.01636 26.39808 2.12094 189 189 189
-2.09924 26.39959 2.02618 189 189 189
-2.16985 26.39675 1.92189 186 186 186
-2.24338 26.39506 1.81995 187 187 187
-2.31278 26.39904 1.71507 171 171 171
-2.37310 26.40041 1.60470 181 181 181
-2.42392 26.40460 1.48961 175 175 175
-2.49041 26.39586 1.38234 182 182 182
-2.53692 26.40226 1.26548 178 178 178
-2.58583 26.39716 1.14966 180 180 180
-2.62604 26.39948 1.03053 178 178 178
-2.66044 26.39966 0.90964 177 177 177
-2.68705 26.40061 0.78686 179 179 179
-2.71382 26.39770 0.66434 171 171 171
-2.73335 26.40097 0.54048 170 170 170
-2.77046 26.40210 0.41871 169 169 169
-2.77074 26.39769 0.29226 165 165 165
-2.77695 26.40141 0.16680 168 168 168
-2.78498 26.40229 0.04125 169 169 169
-2.78344 26.39610 -0.08456 163 163 163
-2.76311 26.40269 -0.20916 165 165 165
-2.76775 26.39866 -0.33588 163 163 163
-2.73344 26.40344 -0.45799 163 163 163
-2.71806 26.39773 -0.58268 164 164 164
-2.68953 26.39841 -0.70495 165 165 165
-2.66373 26.40504 -0.82807 156 156 156
-2.62660 26.40155 -0.94821 159 159 159
-2.58029 26.39987 -1.06511 162 162 162
-2.53212 26.39980 -1.18099 159 159 159
-2.48182 26.40672 -1.29588 155 155 155
-2.43301 26.40135 -1.41174 155 155 155
-2.36718 26.39344 -1.51888 153 153 153
-2.24284 26.39779 -1.73709 151 151 151
-2.16963 26.40199 -1.83924 142 142 142
-0.68651 26.40180 -2.95439 141 141 141
0.41864 26.39835 -3.15430 140 140 140
0.66929 26.39891 -3.14356 140 140 140
0.79470 26.40366 -3.13603 149 149 149
0.91899 26.40136 -3.11786 143 143 143
1.04403 26.40189 -3.10278 137 137 137
1.16598 26.39826 -3.07163 139 139 139
1.28534 26.39577 -3.03183 142 142 142
1.40735 26.40044 -3.00169 140 140 140
1.52704 26.40187 -2.96320 138 138 138
1.64376 26.39979 -2.91645 144 144 144
1.75758 26.40363 -2.86314 145 145 145
1.87335 26.40080 -2.81378 149 149 149
1.98039 26.40081 -2.74746 138 138 138
2.08881 26.39788 -2.68422 148 148 148
2.19695 26.39852 -2.62018 148 148 148
2.29429 26.39877 -2.54036 142 142 142
2.40263 26.40004 -2.47543 148 148 148
2.49833 26.39820 -2.39375 146 146 146
2.59248 26.39889 -2.31040 145 145 145
2.68105 26.40241 -2.22116 142 142 142
2.77166 26.40183 -2.13386 148 148 148
2.84816 26.39389 -2.03376 153 153 153
2.93012 26.40437 -1.93864 151 151 151
3.00602 26.39890 -1.83859 155 155 155
3.08469 26.40047 -1.74015 150 150 150
3.14011 26.40365 -1.62647 149 149 149
3.20835 26.40342 -1.52106 155 155 155
3.27492 26.39814 -1.41410 154 154 154
3.33102 26.40276 -1.30137 159 159 159
3.37487 26.40184 -1.18326 155 155 155
3.41840 26.40094 -1.06542 162 162 162
3.46662 26.40147 -0.94910 155 155 155
3.49708 26.40340 -0.82696 154 154 154
3.52864 26.40471 -0.70540 160 160 160
3.55662 26.40013 -0.58293 166 166 166
3.57592 26.39962 -0.45881 159 159 159
3.59374 26.40160 -0.33455 166 166 166
3.60726 26.39660 -0.20970 168 168 168
3.61716 26.40329 -0.08442 166 166 166
3.61854 26.79910 0.04188 170 170 170
3.62889 26.79626 0.16798 172 172 172
3.60814 26.79264 0.29284 173 173 173
3.59406 26.80390 0.41763 167 167 167
3.58090 26.80461 0.54262 171 171 171
3.55193 26.79640 0.66500 175 175 175
3.53583 26.79729 0.79009 174 174 174
3.49362 26.80038 0.90892 173 173 173
3.46035 26.80701 1.02997 177 177 177
3.42689 26.80007 1.15144 175 175 175
3.37697 26.79863 1.26698 188 188 188
3.32149 26.79669 1.37980 179 179 179
3.27541 26.79694 1.49714 181 181 181
3.21386 26.79913 1.60691 176 176 176
3.14806 26.79936 1.71407 187 187 187
3.07981 26.80159 1.81957 185 185 185
3.00821 26.80249 1.92283 180 180 180
2.93856 26.79953 2.02790 186 186 186
2.85502 26.79730 2.12218 186 186 186
2.77199 26.80068 2.21669 179 179 179
2.67888 26.80056 2.30146 188 188 188
2.58911 26.79978 2.38917 192 192 192
2.50196 26.79659 2.48036 188 188 188
2.40317 26.80039 2.55841 187 187 187
2.30473 26.79614 2.63696 187 187 187
2.20017 26.79962 2.70714 194 194 194
2.09128 26.79961 2.77031 192 192 192
1.98504 26.79539 2.83771 193 193 193
1.87418 26.79839 2.89725 196 196 196
1.76034 26.79881 2.95083 197 197 197
1.64275 26.80009 2.99557 202 202 202
1.52959 26.80135 3.05146 193 193 193
1.40574 26.80214 3.07785 188 188 188
1.28893 26.79964 3.12538 192 192 192
1.16665 26.80274 3.15485 194 194 194
1.04401 26.80021 3.18250 187 187 187
0.91990 26.79927 3.20259 197 197 197
0.79525 26.80010 3.21832 194 194 194
0.67138 26.79862 3.24487 190 190 190
0.54482 26.79897 3.23673 198 198 198
0.41930 26.80389 3.24018 198 198 198
0.29349 26.80187 3.24390 196 196 196
0.16791 26.80067 3.23599 198 198 198
0.04336 26.80007 3.21818 195 195 195
-0.08168 26.80113 3.20493 193 193 193
-0.20436 26.80298 3.17719 187 187 187
-0.33015 26.79810 3.16352 187 187 187
-0.45151 26.80130 3.12953 193 193 193
-0.56901 26.79711 3.08357 197 197 197
-0.68799 26.79900 3.04331 196 196 196
-0.80087 26.80244 2.98762 197 197 197
-0.91810 26.79851 2.94290 196 196 196
-1.03307 26.80052 2.89231 189 189 189
-1.14312 26.79813 2.83177 193 193 193
-1.25108 26.79681 2.76768 192 192 192
-1.35774 26.80168 2.70139 191 191 191
-1.45854 26.80072 2.62649 189 189 189
-1.56078 26.79865 2.55359 185 185 185
-1.65695 26.79701 2.47285 190 190 190
-1.75577 26.79608 2.39484 185 185 185
-1.83550 26.79810 2.29667 187 187 187
-1.92887 26.79653 2.21250 184 184 184
-2.01797 26.80063 2.12350 188 188 188
-2.09377 26.79943 2.02302 181 181 181
-2.16677 26.79648 1.92076 181 181 181
-2.24179 26.79852 1.81996 180 180 180
-2.30727 26.79905 1.71272 181 181 181
-2.36916 26.79922 1.60348 185 185 185
-2.44204 26.79908 1.49980 186 186 186
-2.48514 26.79963 1.38084 186 186 186
-2.53982 26.79917 1.26758 185 185 185
-2.58175 26.80084 1.14902 175 175 175
-2.62306 26.79483 1.03040 173 173 173
-2.65396 26.80070 0.90862 175 175 175
-2.69827 26.80397 0.79034 171 171 171
-2.72482 26.80423 0.66728 173 173 173
-2.73546 26.79978 0.54154 172 172 172
-2.75965 26.80270 0.41813 176 176 176
-2.76319 26.80119 0.29234 165 165 165
-2.76942 26.80098 0.16716 166 166 166
-2.77359 26.79839 0.04188 172 172 172
-2.77853 26.79722 -0.08377 162 162 162
-2.77934 26.80128 -0.20986 164 164 164
-2.76480 26.79805 -0.33499 162 162 162
-2.74078 26.79906 -0.45863 159 159 159
-2.71446 26.80163 -0.58147 162 162 162
-2.69942 26.79859 -0.70686 155 155 155
-2.66169 26.79829 -0.82705 160 160 160
-2.62418 26.80122 -0.94701 156 156 156
-2.58224 26.80251 -1.06545 156 156 156
-2.53143 26.79866 -1.18035 158 158 158
-2.48895 26.79942 -1.29885 155 155 155
-2.43653 26.79951 -1.41324 153 153 153
-2.36992 26.80184 -1.52016 155 155 155
-2.09733 26.80050 -1.94208 149 149 149
-2.01235 26.80146 -2.03494 150 150 150
-1.75649 26.80373 -2.31188 145 145 145
-1.65725 26.79761 -2.38945 146 146 146
-1.35398 26.80302 -2.61202 145 145 145
-1.25289 26.79892 -2.68688 136 136 136
-0.92020 26.80075 -2.86372 144 144 144
-0.80769 26.80418 -2.92033 144 144 144
-0.44954 26.80308 -3.03878 137 137 137
0.29394 26.79801 -3.14862 142 142 142
0.67107 26.80139 -3.15722 141 141 141
0.79479 26.80118 -3.13069 136 136 136
0.91951 26.79619 -3.11635 136 136 136
1.04256 26.79853 -3.09147 139 139 139
1.16347 26.79791 -3.05782 135 135 135
1.28823 26.80393 -3.03913 133 133 133
1.40801 26.79833 -3.00108 136 136 136
1.52488 26.79879 -2.95493 142 142 142
1.64166 26.80248 -2.90917 145 145 145
1.76217 26.80138 -2.87105 139 139 139
1.87614 26.79507 -2.81735 143 143 143
1.98581 26.79957 -2.75535 145 145 145
2.08740 26.80059 -2.68022 144 144 144
2.19889 26.80636 -2.62148 148 148 148
2.29744 26.80108 -2.54316 146 146 146
2.40377 26.79968 -2.47542 149 149 149
2.49722 26.79934 -2.39107 140 140 140
2.58908 26.80207 -2.30538 142 142 142
2.68402 26.80408 -2.22285 149 149 149
2.77497 26.80246 -2.13569 148 148 148
2.85502 26.79952 -2.03843 155 155 155
2.93326 26.80044 -1.93997 146 146 146
3.00921 26.80108 -1.83981 152 152 152
3.08371 26.80033 -1.73843 152 152 152
3.13765 26.79851 -1.62393 152 152 152
3.21362 26.79279 -1.52302 147 147 147
3.27169 26.79882 -1.41149 160 160 160
3.32331 26.80199 -1.29689 163 163 163
3.37453 26.79265 -1.18222 161 161 161
3.41477 26.80234 -1.06321 156 156 156
3.45913 26.80386 -0.94583 152 152 152
3.49750 26.80309 -0.82627 169 169 169
3.53237 26.79691 -0.70551 155 155 155
3.56044 26.80281 -0.58294 159 159 159
3.57544 26.80027 -0.45801 161 161 161
3.59568 26.79626 -0.33407 168 168 168
3.60569 26.79706 -0.20890 170 170 170
3.62483 26.79772 -0.08407 167 167 167
3.62264 27.19663 0.04250 166 166 166
3.62365 27.19967 0.16838 167 167 167
3.60791 27.19971 0.29341 163 163 163
3.58817 27.19815 0.41751 168 168 168
3.58124 27.20002 0.54323 174 174 174
3.55242 27.19551 0.66563 173 173 173
3.53331 27.19824 0.79000 179 179 179
3.49555 27.19737 0.90997 177 177 177
3.46070 27.20490 1.03057 179 179 179
3.41557 27.19777 1.14772 175 175 175
3.37187 27.20265 1.26531 185 185 185
3.33006 27.20496 1.38418 187 187 187
3.27514 27.19962 1.49740 179 179 179
3.21183 27.20121 1.60615 185 185 185
3.14154 27.19736 1.71042 185 185 185
3.08000 27.20130 1.82003 176 176 176
3.00509 27.19984 1.92087 186 186 186
2.93807 27.19852 2.02780 185 185 185
2.85542 27.20305 2.12277 177 177 177
2.77284 27.19960 2.21768 187 187 187
2.67857 27.20598 2.30133 184 184 184
2.58952 27.19513 2.38976 189 189 189
2.49977 27.19948 2.47791 191 191 191
2.39830 27.19849 2.55230 190 190 190
2.29345 27.20014 2.62144 192 192 192
2.19717 27.19699 2.70262 188 188 188
2.08504 27.20126 2.76003 197 197 197
1.98202 27.20169 2.83215 191 191 191
1.87235 27.19868 2.89342 191 191 191
1.76149 27.19811 2.95299 192 192 192
1.64481 27.19944 3.00009 191 191 191
1.52568 27.19920 3.04030 195 195 195
1.40618 27.20104 3.07846 187 187 187
1.29086 27.19904 3.13128 193 193 193
1.16856 27.19800 3.16159 194 194 194
1.04552 27.19915 3.18852 199 199 199
0.92137 27.20008 3.20968 190 190 190
0.79541 27.19362 3.21653 186 186 186
0.67080 27.19926 3.23256 192 192 192
0.54566 27.20049 3.24745 190 190 190
0.41974 27.19929 3.24391 190 190 190
0.29391 27.20176 3.24515 195 195 195
0.16774 27.19719 3.24442 201 201 201
0.04446 27.19762 3.21322 191 191 191
-0.08219 27.20489 3.21157 195 195 195
-0.20363 27.20076 3.17639 195 195 195
-0.32878 27.19860 3.16032 198 198 198
-0.44894 27.20154 3.12259 193 193 193
-0.56750 27.20122 3.08090 197 197 197
-0.68938 27.20218 3.04891 199 199 199
-0.80508 27.20202 2.99948 195 195 195
-0.91966 27.20132 2.94787 193 193 193
-1.03480 27.20105 2.89718 187 187 187
-1.14094 27.19947 2.82930 191 191 191
-1.25355 27.19907 2.77306 187 187 187
-1.36308 27.20371 2.71068 189 189 189
-1.46141 27.20107 2.63168 194 194 194
-1.56255 27.20277 2.55702 190 190 190
-1.66213 27.19756 2.48006 189 189 189
-1.74482 27.19657 2.38410 186 186 186
-1.84067 27.19531 2.30290 188 188 188
-1.93200 27.20338 2.21642 190 190 190
-2.01507 27.19847 2.12203 181 181 181
-2.08991 27.20230 2.02095 181 181 181
-2.16999 27.20240 1.92405 191 191 191
-2.24261 27.19530 1.82143 188 188 188
-2.30900 27.19661 1.71467 183 183 183
-2.37509 27.20167 1.60768 177 177 177
-2.42944 27.20271 1.49423 184 184 184
-2.48673 27.20009 1.38240 177 177 177
-2.53795 27.19733 1.26762 170 170 170
-2.58122 27.19214 1.14961 180 180 180
-2.62748 27.20014 1.03260 177 177 177
-2.65973 27.20388 0.91100 180 180 180
-2.69030 27.20100 0.78915 178 178 178
-2.72224 27.19770 0.66748 172 172 172
-2.74083 27.20227 0.54308 179 179 179
-2.75871 27.20086 0.41869 167 167 167
-2.77049 27.19402 0.29358 179 179 179
-2.77407 27.19663 0.16799 168 168 168
-2.77603 27.19730 0.04250 168 168 168
-2.77861 27.19850 -0.08316 167 167 167
-2.76326 27.20358 -0.20801 165 165 165
-2.76483 27.20208 -0.33442 168 168 168
-2.75080 27.20055 -0.45966 165 165 165
-2.72099 27.19739 -0.58223 157 157 157
-2.68589 27.19538 -0.70309 160 160 160
-2.66427 27.20152 -0.82728 155 155 155
-2.62253 27.20401 -0.94599 154 154 154
-2.58834 27.20034 -1.06724 162 162 162
-2.54393 27.20275 -1.18509 150 150 150
-2.48205 27.20333 -1.29524 161 161 161
-2.43030 27.20142 -1.40967 155 155 155
-2.36794 27.19945 -1.51867 152 152 152
-2.30555 27.20266 -1.62756 153 153 153
-2.08771 27.19849 -1.93422 146 146 146
-1.84236 27.20132 -2.21960 156 156 156
-1.56110 27.20274 -2.47018 148 148 148
-1.25080 27.20160 -2.68358 144 144 144
-0.92029 27.20301 -2.86425 146 146 146
-0.80963 27.20290 -2.92547 141 141 141
-0.32915 27.19965 -3.07683 140 140 140
-0.08064 27.19957 -3.11676 140 140 140
0.29413 27.20255 -3.15431 142 142 142
0.54561 27.20058 -3.16112 138 138 138
0.79578 27.20032 -3.13470 141 141 141
0.91992 27.20193 -3.11552 136 136 136
1.04394 27.20212 -3.09559 143 143 143
1.16627 27.19958 -3.06702 141 141 141
1.28661 27.20327 -3.03119 138 138 138
1.40803 27.19996 -2.99916 137 137 137
1.52684 27.19980 -2.95844 144 144 144
1.64043 27.19811 -2.90451 146 146 146
1.76193 27.19985 -2.86893 141 141 141
1.87217 27.19921 -2.80806 138 138 138
1.98387 27.20209 -2.75046 143 143 143
2.09468 27.20466 -2.69076 140 140 140
2.19676 27.20189 -2.61700 146 146 146
2.29987 27.19836 -2.54528 145 145 145
2.40360 27.19750 -2.47402 141 141 141
2.49749 27.20152 -2.39024 142 142 142
2.59421 27.19970 -2.30983 151 151 151
2.68456 27.20451 -2.22232 153 153 153
2.77376 27.19647 -2.13353 145 145 145
2.85652 27.20076 -2.03871 150 150 150
2.92962 27.20015 -1.93613 150 150 150
3.00814 27.19851 -1.83808 147 147 147
3.07953 27.20254 -1.73472 155 155 155
3.14656 27.20056 -1.62850 151 151 151
3.21316 27.20387 -1.52189 151 151 151
3.27572 27.19772 -1.41270 154 154 154
3.31938 27.20028 -1.29425 158 158 158
3.36724 27.19664 -1.17840 158 158 158
3.42241 27.20268 -1.06525 162 162 162
3.46257 27.19955 -0.94618 154 154 154
3.50218 27.20244 -0.82684 155 155 155
3.53405 27.20036 -0.70518 167 167 167
3.55652 27.19846 -0.58144 160 160 160
3.57886 27.20209 -0.45786 164 164 164
3.60359 27.20239 -0.33433 158 158 158
3.61028 27.20169 -0.20860 166 166 166
3.61367 27.20070 -0.08299 167 167 167
3.62153 27.60114 0.04313 174 174 174
3.62360 27.60412 0.16900 167 167 167
3.61945 27.59879 0.29493 175 175 175
3.60416 27.60236 0.42000 176 176 176
3.57653 27.59624 0.54308 179 179 179
3.55453 27.59831 0.66663 178 178 178
3.53309 27.60287 0.79052 178 178 178
3.49686 27.59685 0.91090 175 175 175
3.47082 27.60206 1.03441 173 173 173
3.41923 27.59968 1.14961 182 182 182
3.37740 27.59925 1.26814 181 181 181
3.33008 27.59503 1.38471 176 176 176
3.28200 27.60309 1.50140 177 177 177
3.21059 27.60146 1.60595 191 191 191
3.14792 27.59843 1.71482 181 181 181
3.08263 27.60018 1.82226 179 179 179
3.01145 27.60057 1.92595 185 185 185
2.92790 27.60015 2.02022 184 184 184
2.85484 27.59960 2.12271 181 181 181
2.75801 27.59878 2.20439 183 183 183
2.67878 27.59899 2.30194 191 191 191
2.59007 27.59938 2.39073 182 182 182
2.50202 27.60331 2.48089 181 181 181
2.39849 27.59750 2.55287 198 198 198
2.30029 27.60082 2.63116 195 195 195
2.19274 27.60134 2.69627 195 195 195
2.09082 27.59821 2.76972 194 194 194
1.98082 27.60027 2.83022 190 190 190
1.87362 27.59825 2.89608 192 192 192
1.75598 27.59781 2.94117 195 195 195
1.64675 27.60010 3.00484 198 198 198
1.52714 27.59676 3.04426 188 188 188
1.41122 27.60083 3.09389 190 190 190
1.28928 27.60083 3.12547 198 198 198
1.16738 27.60396 3.15632 198 198 198
1.04393 27.59804 3.18002 192 192 192
0.92197 27.60600 3.21268 199 199 199
0.79493 27.60034 3.21122 191 191 191
0.67168 27.59916 3.24140 192 192 192
0.54562 27.59987 3.24113 192 192 192
0.41997 27.60106 3.24066 199 199 199
0.29440 27.60047 3.23905 196 196 196
0.16965 27.60048 3.22374 195 195 195
0.04401 27.60087 3.21953 195 195 195
-0.08090 27.59831 3.20549 200 200 200
-0.20475 27.59835 3.18379 194 194 194
-0.32928 27.60215 3.16395 186 186 186
-0.44760 27.59427 3.11928 190 190 190
-0.56897 27.59747 3.08676 194 194 194
-0.68980 27.60151 3.05129 196 196 196
-0.80025 27.59797 2.98899 193 193 193
-0.92216 27.60052 2.95441 190 190 190
-1.03362 27.60244 2.89596 196 196 196
-1.14309 27.59548 2.83416 189 189 189
-1.25365 27.60082 2.77421 192 192 192
-1.35801 27.60206 2.70406 193 193 193
-1.46182 27.59782 2.63318 193 193 193
-1.56038 27.59846 2.55518 186 186 186
-1.65562 27.59739 2.47332 184 184 184
-1.75209 27.59806 2.39285 181 181 181
-1.84007 27.60030 2.30316 190 190 190
-1.92618 27.60317 2.21188 185 185 185
-2.01927 27.60063 2.12643 184 184 184
-2.08872 27.60134 2.02081 182 182 182
-2.16961 27.59728 1.92456 187 187 187
-2.23689 27.60205 1.81838 190 190 190
-2.30558 27.59817 1.71334 180 180 180
-2.37372 27.59677 1.60766 172 172 172
-2.43492 27.60004 1.49776 183 183 183
-2.49037 27.59898 1.38481 186 186 186
-2.53615 27.60171 1.26759 178 178 178
-2.58585 27.60134 1.15203 177 177 177
-2.62524 27.59597 1.03257 178 178 178
-2.66458 27.59859 0.91306 176 176 176
-2.69174 27.59769 0.79018 177 177 177
-2.72661 27.60239 0.66902 179 179 179
-2.74095 27.59782 0.54376 175 175 175
-2.74770 27.59854 0.41804 172 172 172
-2.75803 27.59996 0.29324 173 173 173
-2.78060 27.59852 0.16888 166 166 166
-2.78166 27.59535 0.04313 168 168 168
-2.78117 27.59886 -0.08265 171 171 171
-2.77283 27.60347 -0.20815 171 171 171
-2.76216 27.59865 -0.33350 165 165 165
-2.73727 27.60245 -0.45693 164 164 164
-2.71607 27.60227 -0.58067 165 165 165
-2.69494 27.59957 -0.70470 164 164 164
-2.66368 27.60270 -0.82655 162 162 162
-2.62488 27.59968 -0.94621 159 159 159
-2.58523 27.59653 -1.06555 156 156 156
-2.53896 27.59818 -1.18250 153 153 153
-2.48792 27.60618 -1.29743 158 158 158
-2.42684 27.60203 -1.40739 156 156 156
-2.37409 27.60133 -1.52162 151 151 151
-1.93370 27.59827 -2.13258 148 148 148
-1.84062 27.59614 -2.21746 151 151 151
-1.75245 27.60103 -2.30698 149 149 149
-0.32554 27.60150 -3.06214 143 143 143
0.04274 27.59893 -3.14407 145 145 145
0.54547 27.59884 -3.15110 140 140 140
0.79581 27.59784 -3.13237 137 137 137
0.92007 27.59964 -3.11444 140 140 140
1.04490 27.59998 -3.09861 133 133 133
1.16640 27.60782 -3.06599 139 139 139
1.28735 27.59908 -3.03240 146 146 146
1.40979 27.60447 -3.00323 141 141 141
1.52859 27.60378 -2.96194 137 137 137
1.64922 27.60105 -2.92455 143 143 143
1.75674 27.60425 -2.85656 141 141 141
1.87472 27.59928 -2.81199 144 144 144
1.98182 27.60321 -2.74576 146 146 146
2.09362 27.60304 -2.68803 143 143 143
2.20078 27.59848 -2.62205 142 142 142
2.30032 27.60086 -2.54497 148 148 148
2.40080 27.59852 -2.46956 143 143 143
2.49810 27.59793 -2.39006 145 145 145
2.59433 27.59943 -2.30909 148 148 148
2.68224 27.60231 -2.21915 148 148 148
2.77405 27.60036 -2.13297 145 145 145
2.85106 27.59953 -2.03323 154 154 154
2.92982 27.59702 -1.93549 146 146 146
3.00371 27.60009 -1.83408 146 146 146
3.07707 27.59826 -1.73229 154 154 154
3.15269 27.59890 -1.63149 155 155 155
3.21866 27.59821 -1.52422 151 151 151
3.27116 27.59877 -1.40963 153 153 153
3.32628 27.59703 -1.29670 160 160 160
3.37547 27.60196 -1.18108 160 160 160
3.43538 27.59936 -1.06932 157 157 157
3.46638 27.60099 -0.94672 163 163 163
3.50770 27.60169 -0.82771 162 162 162
3.53094 27.60206 -0.70375 160 160 160
3.56164 27.60130 -0.58179 159 159 159
3.57968 27.59915 -0.45732 158 158 158
3.59902 27.59793 -0.33314 165 165 165
3.60884 27.60067 -0.20784 168 168 168
3.61634 27.60072 -0.08246 167 167 167
3.61383 28.00070 0.04375 166 166 166
3.61628 27.99961 0.16933 172 172 172
3.62157 28.00075 0.29572 177 177 177
3.59036 28.00278 0.41899 162 162 162
3.58264 28.00102 0.54467 178 178 178
3.55450 28.00002 0.66724 168 168 168
3.52679 28.00033 0.78963 173 173 173
3.49715 28.00083 0.91160 178 178 178
3.46724 27.99813 1.03387 170 170 170
3.42183 27.99777 1.15119 176 176 176
3.37263 28.00216 1.26678 178 178 178
3.32536 27.99635 1.38315 169 169 169
3.26862 27.99990 1.49520 178 178 178
3.21088 28.00236 1.60673 184 184 184
3.14399 27.99599 1.71303 183 183 183
3.08554 27.99435 1.82482 186 186 186
3.00643 28.00200 1.92291 184 184 184
2.93144 27.99843 2.02363 189 189 189
2.85688 28.00469 2.12506 193 193 193
2.76977 27.99891 2.21588 183 183 183
2.68240 28.00049 2.30617 183 183 183
2.58903 27.99837 2.39022 189 189 189
2.49356 28.00172 2.47160 186 186 186
2.40788 28.00198 2.56538 189 189 189
2.30111 28.00220 2.63291 193 193 193
2.20085 28.00120 2.70901 190 190 190
2.09370 28.00016 2.77501 186 186 186
1.98601 27.99615 2.84009 190 190 190
1.87317 28.00303 2.89580 198 198 198
1.75641 28.00031 2.94270 198 198 198
1.64392 27.99832 2.99860 199 199 199
1.52447 27.99643 3.03760 195 195 195
1.40848 27.99939 3.08606 189 189 189
1.28907 27.99684 3.12532 188 188 188
1.16598 28.00298 3.15106 194 194 194
1.04563 28.00097 3.18911 192 192 192
0.92147 28.00489 3.21002 191 191 191
0.79667 28.00115 3.22642 192 192 192
0.67094 28.00356 3.23249 192 192 192
0.54525 27.99694 3.23206 195 195 195
0.41998 27.99928 3.24439 196 196 196
0.29414 28.00001 3.24662 191 191 191
0.16924 28.00084 3.22970 201 201 201
0.04306 28.00012 3.22829 188 188 188
-0.08105 28.00309 3.20712 196 196 196
-0.20490 28.00146 3.18524 197 197 197
-0.32807 27.99953 3.15959 193 193 193
-0.44921 28.00052 3.12567 197 197 197
-0.56849 27.99919 3.08596 196 196 196
-0.69032 28.00112 3.05335 193 193 193
-0.80417 28.00031 2.99911 195 195 195
-0.91724 27.99858 2.94440 196 196 196
-1.03397 27.99991 2.89728 197 197 197
-1.14220 27.99936 2.83323 193 193 193
-1.25382 28.00551 2.77515 183 183 183
-1.35364 27.99861 2.69815 196 196 196
-1.46190 27.99956 2.63394 194 194 194
-1.56228 27.99835 2.55823 187 187 187
-1.65453 28.00145 2.47269 183 183 183
-1.74943 27.99894 2.39060 188 188 188
-1.84194 27.99958 2.30567 184 184 184
-1.92655 28.00005 2.21286 186 186 186
-2.01913 27.99635 2.12695 180 180 180
-2.08944 28.00098 2.02202 191 191 191
-2.15774 28.00012 1.91657 181 181 181
-2.23107 27.99990 1.81513 188 188 188
-2.31013 28.00354 1.71676 182 182 182
-2.37773 28.00401 1.61054 184 184 184
-2.43386 28.00458 1.49785 173 173 173
-2.48783 27.99726 1.38427 178 178 178
-2.53593 28.00023 1.26813 178 178 178
-2.58245 27.99762 1.15141 180 180 180
-2.61962 27.99678 1.03138 182 182 182
-2.66357 27.99806 0.91340 174 174 174
-2.69202 28.00578 0.79088 169 169 169
-2.71680 27.99927 0.66769 177 177 177
-2.74249 28.00256 0.54464 168 168 168
-2.76131 27.99906 0.42028 174 174 174
-2.76312 27.99776 0.29427 174 174 174
-2.78121 28.00004 0.16952 164 164 164
-2.78436 28.00129 0.04375 166 166 166
-2.78009 28.00078 -0.08198 162 162 162
-2.76979 28.00134 -0.20729 159 159 159
-2.75944 27.99337 -0.33256 164 164 164
-2.72930 27.99383 -0.45505 161 161 161
-2.71768 28.00380 -0.58037 165 165 165
-2.69077 28.00532 -0.70308 157 157 157
-2.65994 27.99964 -0.82488 161 161 161
-2.62857 28.00108 -0.94678 161 161 161
-2.58574 28.00067 -1.06512 160 160 160
-2.53009 28.00560 -1.17821 152 152 152
-2.49063 27.99874 -1.29806 149 149 149
-2.43300 27.99732 -1.40992 153 153 153
-2.37259 28.00024 -1.52016 158 158 158
-2.30805 27.99862 -1.62799 154 154 154
-2.17284 28.00164 -1.84004 158 158 158
-2.01551 27.99745 -2.03636 147 147 147
-1.92808 27.99991 -2.12678 152 152 152
-1.66179 27.99751 -2.39369 148 148 148
-1.56194 27.99813 -2.47031 141 141 141
-1.14829 28.00013 -2.75660 139 139 139
-1.03477 28.00341 -2.81135 145 145 145
-0.91903 28.00080 -2.86078 131 131 131
-0.44590 28.00359 -3.02643 134 134 134
-0.20467 27.99970 -3.09655 139 139 139
-0.08124 27.99758 -3.12082 138 138 138
0.54570 27.99935 -3.15610 142 142 142
0.79598 27.99915 -3.13305 133 133 133
0.92069 27.99971 -3.11761 142 142 142
1.04428 28.00134 -3.09483 137 137 137
1.16632 27.99983 -3.06496 147 147 147
1.28885 28.00005 -3.03702 137 137 137
1.40950 27.99850 -3.00167 146 146 146
1.53235 27.99529 -2.97147 139 139 139
1.64655 28.00301 -2.91745 145 145 145
1.76128 28.00212 -2.86575 148 148 148
1.87129 28.00358 -2.80460 141 141 141
1.97902 28.00006 -2.74013 141 141 141
2.09052 27.99516 -2.68232 142 142 142
2.19831 27.99992 -2.61770 139 139 139
2.30250 28.00100 -2.54732 146 146 146
2.40115 28.00500 -2.46936 136 136 136
2.49793 28.00339 -2.38921 138 138 138
2.59648 27.99938 -2.31077 141 141 141
2.68364 27.99904 -2.21991 150 150 150
2.77359 27.99808 -2.13190 145 145 145
2.85689 28.00015 -2.03756 149 149 149
2.93167 27.99656 -1.93630 152 152 152
3.01189 28.00046 -1.83939 148 148 148
3.08369 27.99900 -1.73609 159 159 159
3.14509 28.00240 -1.62620 152 152 152
3.21108 28.00285 -1.51934 153 153 153
3.27230 28.00019 -1.40958 157 157 157
3.33117 28.00088 -1.29833 161 161 161
3.37367 28.00131 -1.17971 161 161 161
3.42426 28.00554 -1.06459 159 159 159
3.46594 28.00398 -0.94594 160 160 160
3.50131 27.99884 -0.82527 155 155 155
3.52460 27.99936 -0.70160 166 166 166
3.55766 27.99948 -0.58037 167 167 167
3.57612 27.99875 -0.45613 163 163 163
3.60161 28.00040 -0.33282 165 165 165
3.60443 28.00135 -0.20687 163 163 163
3.62409 27.99945 -0.08214 166 166 166
3.61120 28.39744 0.04437 163 163 163
3.62198 28.39641 0.17019 166 166 166
3.60926 28.39990 0.29539 167 167 167
3.59876 28.40435 0.42063 170 170 170
3.58016 28.40158 0.54493 171 171 171
3.55396 28.39904 0.66780 178 178 178
3.52910 28.40087 0.79086 168 168 168
3.50757 28.39986 0.91522 178 178 178
3.46014 28.40113 1.03225 180 180 180
3.42094 28.39826 1.15156 178 178 178
3.37877 28.40012 1.27003 171 171 171
3.33135 28.39735 1.38663 183 183 183
3.27172 28.40175 1.49751 182 182 182
3.21191 28.39952 1.60804 180 180 180
3.15337 28.39422 1.71952 183 183 183
3.07915 28.39964 1.82131 183 183 183
3.00747 28.39862 1.92444 182 182 182
2.93650 28.40029 2.02840 188 188 188
2.85294 28.39651 2.12249 191 191 191
2.77152 28.39789 2.21830 187 187 187
2.68569 28.39743 2.31028 182 182 182
2.59211 28.39908 2.39438 183 183 183
2.49229 28.40092 2.47097 192 192 192
2.39978 28.40123 2.55599 189 189 189
2.30175 28.39929 2.63468 197 197 197
2.19407 28.39868 2.69978 189 189 189
2.09032 28.40398 2.77045 188 188 188
1.98222 28.40300 2.83431 193 193 193
1.87262 28.39946 2.89573 194 194 194
1.75912 28.40031 2.94963 192 192 192
1.64347 28.39845 2.99862 197 197 197
1.52824 28.40076 3.04898 194 194 194
1.40871 28.39642 3.08800 197 197 197
1.28915 28.39787 3.12692 192 192 192
1.16695 28.40189 3.15657 196 196 196
1.04435 28.39609 3.18429 198 198 198
0.92111 28.39903 3.20964 195 195 195
0.79608 28.39938 3.22373 188 188 188
0.67065 28.39904 3.23196 200 200 200
0.54521 28.39871 3.23680 199 199 199
0.41978 28.39891 3.24898 196 196 196
0.29439 28.39747 3.23584 199 199 199
0.16835 28.39937 3.23903 194 194 194
0.04334 28.39739 3.22493 198 198 198
-0.07934 28.39343 3.19569 200 200 200
-0.20483 28.40123 3.18448 188 188 188
-0.32797 28.40012 3.15898 191 191 191
-0.44745 28.40050 3.11935 193 193 193
-0.57090 28.40046 3.09338 192 192 192
-0.68880 28.40120 3.04930 186 186 186
-0.80042 28.40141 2.99021 188 188 188
-0.92007 28.39352 2.95074 187 187 187
-1.03207 28.40298 2.89379 189 189 189
-1.14308 28.40019 2.83506 190 190 190
-1.24991 28.39944 2.76906 192 192 192
-1.35503 28.39718 2.70057 191 191 191
-1.45957 28.39604 2.63108 195 195 195
-1.56012 28.39878 2.55587 191 191 191
-1.66085 28.40194 2.48047 189 189 189
-1.75356 28.40198 2.39548 192 192 192
-1.84327 28.39984 2.30742 191 191 191
-1.92941 28.39441 2.21594 184 184 184
-2.01543 28.40294 2.12424 185 185 185
-2.09489 28.39577 2.02678 184 184 184
-2.16746 28.39645 1.92411 187 187 187
-2.24561 28.39820 1.82533 182 182 182
-2.31370 28.40116 1.71945 181 181 181
-2.38095 28.40031 1.61286 172 172 172
-2.43222 28.40060 1.49754 181 181 181
-2.47871 28.40082 1.38060 183 183 183
-2.53947 28.39689 1.27013 187 187 187
-2.58893 28.40262 1.15435 173 173 173
-2.62044 28.39566 1.03220 176 176 176
-2.66581 28.40068 0.91460 178 178 178
-2.68789 28.40019 0.79046 172 172 172
-2.72166 28.40224 0.66925 172 172 172
-2.75041 28.40085 0.54648 182 182 182
-2.76753 28.39882 0.42162 170 170 170
-2.77188 28.39979 0.29556 170 170 170
-2.77629 28.40130 0.16995 167 167 167
-2.78162 28.40008 0.04438 164 164 164
-2.78163 28.39658 -0.08141 175 175 175
-2.77075 28.40112 -0.20673 157 157 157
-2.76095 28.39878 -0.33209 159 159 159
-2.73638 28.40520 -0.45551 163 163 163
-2.71945 28.40229 -0.58006 157 157 157
-2.68902 28.40101 -0.70198 170 170 170
-2.66163 28.39861 -0.82467 156 156 156
-2.62671 28.40123 -0.94549 156 156 156
-2.57597 28.39813 -1.06081 159 159 159
-2.53584 28.40237 -1.17988 158 158 158
-2.48578 28.39968 -1.29511 162 162 162
-2.42865 28.40000 -1.40697 160 160 160
-2.37765 28.39700 -1.52226 158 158 158
-2.23639 28.40226 -1.73042 149 149 149
-2.09665 28.39717 -1.93942 145 145 145
-1.75120 28.40374 -2.30418 153 153 153
-1.66447 28.40511 -2.39597 144 144 144
-0.92041 28.40293 -2.86272 136 136 136
-0.56852 28.40203 -2.99731 139 139 139
-0.44883 28.39817 -3.03549 137 137 137
-0.32718 28.39501 -3.06692 133 133 133
-0.08091 28.39669 -3.11687 135 135 135
0.04366 28.39618 -3.13341 147 147 147
0.67077 28.39811 -3.14481 145 145 145
0.79541 28.39907 -3.12933 142 142 142
0.91984 28.39912 -3.11287 136 136 136
1.04205 28.40167 -3.08401 138 138 138
1.16847 28.39896 -3.07413 144 144 144
1.28907 28.40108 -3.03788 141 141 141
1.41138 28.40098 -3.00746 137 137 137
1.52773 28.40338 -2.95884 128 128 128
1.64630 28.39957 -2.91671 136 136 136
1.75992 28.39957 -2.86261 142 142 142
1.87377 28.39821 -2.80925 145 145 145
1.98359 28.40308 -2.74801 144 144 144
2.09362 28.40103 -2.68709 149 149 149
2.19071 28.40191 -2.60601 144 144 144
2.29615 28.39911 -2.53823 153 153 153
2.39799 28.39951 -2.46498 143 143 143
2.49891 28.40188 -2.38997 140 140 140
2.59289 28.39988 -2.30648 144 144 144
2.67879 28.40012 -2.21464 148 148 148
2.77273 28.40009 -2.13067 150 150 150
2.85398 28.39885 -2.03463 150 150 150
2.93280 28.40107 -1.93673 148 148 148
3.01501 28.39915 -1.84117 148 148 148
3.07828 28.39885 -1.73198 149 149 149
3.14461 28.40540 -1.62540 161 161 161
3.21560 28.39969 -1.52136 160 160 160
3.27025 28.40631 -1.40801 160 160 160
3.32607 28.39531 -1.29545 155 155 155
3.36245 28.40037 -1.17452 157 157 157
3.42316 28.40147 -1.06363 153 153 153
3.45399 28.40300 -0.94150 158 158 158
3.49592 28.40147 -0.82319 165 165 165
3.52736 28.40405 -0.70169 170 170 170
3.56406 28.40212 -0.58106 163 163 163
3.57933 28.39814 -0.45605 164 164 164
3.60454 28.39784 -0.33257 167 167 167
3.60049 28.39755 -0.20595 163 163 163
3.61824 28.40033 -0.08129 164 164 164
3.61976 28.80354 0.04500 170 170 170
3.60956 28.80100 0.17034 167 167 167
3.61212 28.79847 0.29627 163 163 163
3.60249 28.80452 0.42175 174 174 174
3.58009 28.79478 0.54561 169 169 169
3.56133 28.79904 0.66997 172 172 172
3.52974 28.80092 0.79173 176 176 176
3.49994 28.79892 0.91381 174 174 174
3.46115 28.79968 1.03334 175 175 175
3.42525 28.80707 1.15393 176 176 176
3.38045 28.79884 1.27152 180 180 180
3.32593 28.79759 1.38495 180 180 180
3.27490 28.79951 1.49997 181 181 181
3.21081 28.79806 1.60829 184 184 184
3.15201 28.80223 1.71957 185 185 185
3.07971 28.79933 1.82258 186 186 186
3.01094 28.80275 1.92789 189 189 189
2.92796 28.80201 2.02262 187 187 187
2.85132 28.80028 2.12208 186 186 186
2.76640 28.79978 2.21458 186 186 186
2.68186 28.80041 2.30750 187 187 187
2.58694 28.80037 2.38986 189 189 189
2.49726 28.80394 2.47790 182 182 182
2.40306 28.79486 2.56131 187 187 187
2.29988 28.80484 2.63330 182 182 182
2.19925 28.80142 2.70878 190 190 190
2.09293 28.80444 2.77600 183 183 183
1.98477 28.80084 2.84023 195 195 195
1.87560 28.80099 2.90302 193 193 193
1.76108 28.80282 2.95540 185 185 185
1.64646 28.79925 3.00747 192 192 192
1.52618 28.80178 3.04514 200 200 200
1.40726 28.79840 3.08544 191 191 191
1.28742 28.79950 3.12289 198 198 198
1.16617 28.80170 3.15569 194 194 194
1.04328 28.80023 3.18161 200 200 200
0.91908 28.80059 3.20010 201 201 201
0.79582 28.79789 3.22564 196 196 196
0.67084 28.79964 3.24026 190 190 190
0.54489 28.79872 3.23974 198 198 198
0.41937 28.80584 3.24299 195 195 195
0.29357 28.79672 3.24659 192 192 192
0.16863 28.79953 3.23094 203 203 203
0.04288 28.80000 3.22587 201 201 201
-0.07903 28.80136 3.19176 191 191 191
-0.20450 28.80026 3.18137 194 194 194
-0.32908 28.80231 3.16251 193 193 193
-0.44944 28.80212 3.12554 193 193 193
-0.56967 28.79909 3.08894 191 191 191
-0.69001 28.80368 3.05210 192 192 192
-0.80516 28.79848 3.00127 187 187 187
-0.91974 28.79777 2.94974 197 197 197
-1.03291 28.80028 2.89525 194 194 194
-1.14476 28.80110 2.83794 187 187 187
-1.25213 28.79634 2.77263 191 191 191
-1.35607 28.79852 2.70213 187 187 187
-1.45793 28.79910 2.62887 191 191 191
-1.55866 28.79784 2.55412 190 190 190
-1.66101 28.79757 2.48080 183 183 183
-1.75153 28.79454 2.39347 190 190 190
-1.84491 28.80287 2.30927 188 188 188
-1.93394 28.80371 2.22037 186 186 186
-2.01536 28.80120 2.12445 188 188 188
-2.09999 28.79981 2.03110 184 184 184
-2.16732 28.80213 1.92434 191 191 191
-2.23829 28.80188 1.82079 177 177 177
-2.31110 28.79984 1.71823 174 174 174
-2.37850 28.80176 1.61188 180 180 180
-2.43849 28.80462 1.50115 178 178 178
-2.48561 28.79858 1.38421 182 182 182
-2.53988 28.80079 1.27076 183 183 183
-2.57982 28.80237 1.15146 182 182 182
-2.62106 28.80243 1.03290 177 177 177
-2.66576 28.80036 0.91509 185 185 185
-2.69373 28.79622 0.79239 174 174 174
-2.72696 28.79936 0.67084 175 175 175
-2.74685 28.79922 0.54648 176 176 176
-2.75606 28.80309 0.42084 171 171 171
-2.77829 28.79614 0.29666 163 163 163
-2.78038 28.79942 0.17072 173 173 173
-2.77935 28.79943 0.04500 166 166 166
-2.78577 28.79852 -0.08093 163 163 163
-2.77080 28.80059 -0.20607 164 164 164
-2.76778 28.79724 -0.33222 168 168 168
-2.73456 28.79731 -0.45453 167 167 167
-2.71848 28.80241 -0.57916 162 162 162
-2.69438 28.79846 -0.70254 167 167 167
-2.66252 28.80125 -0.82418 154 154 154
-2.62085 28.79917 -0.94283 160 160 160
-2.57954 28.80143 -1.06135 165 165 165
-2.53072 28.79863 -1.17696 157 157 157
-2.48523 28.80551 -1.29404 158 158 158
-2.42921 28.80182 -1.40642 152 152 152
-2.37146 28.80083 -1.51794 155 155 155
-2.30675 28.79378 -1.62557 154 154 154
-2.09210 28.79665 -1.93488 148 148 148
-2.01804 28.80036 -2.03674 159 159 159
-1.84632 28.80071 -2.22068 149 149 149
-1.75965 28.80637 -2.31225 146 146 146
-1.56202 28.80392 -2.46837 151 151 151
-1.46119 28.79986 -2.54336 151 151 151
-1.35830 28.79692 -2.61546 150 150 150
-0.57304 28.80208 -3.00930 140 140 140
-0.20498 28.79763 -3.09381 142 142 142
-0.08166 28.79640 -3.11834 139 139 139
0.04410 28.80338 -3.12562 146 146 146
0.16814 28.79931 -3.14713 147 147 147
0.67023 28.79723 -3.14252 148 148 148
0.79433 28.80080 -3.12307 135 135 135
0.92012 28.79966 -3.11666 144 144 144
1.04372 28.79617 -3.09385 135 135 135
1.16793 28.79636 -3.07301 147 147 147
1.28932 28.79943 -3.03964 134 134 134
1.40783 28.80180 -2.99718 144 144 144
1.52761 28.79680 -2.95902 138 138 138
1.64552 28.80078 -2.91519 141 141 141
1.75797 28.80109 -2.85865 136 136 136
1.87277 28.80304 -2.80747 142 142 142
1.98614 28.80003 -2.75267 144 144 144
2.09318 28.80336 -2.68641 144 144 144
2.19874 28.79968 -2.61803 146 146 146
2.30189 28.80371 -2.54607 145 145 145
2.40295 28.79985 -2.47116 143 143 143
2.49553 28.79852 -2.38588 144 144 144
2.59712 28.79951 -2.31088 151 151 151
2.67762 28.80237 -2.21326 149 149 149
2.77093 28.80032 -2.12877 145 145 145
2.84776 28.79697 -2.02904 152 152 152
2.93305 28.80038 -1.93663 150 150 150
3.00846 28.79782 -1.83609 147 147 147
3.08423 28.80035 -1.73560 151 151 151
3.14533 28.79546 -1.62547 148 148 148
3.21419 28.80034 -1.52018 149 149 149
3.27545 28.79955 -1.41025 150 150 150
3.32570 28.80131 -1.29484 162 162 162
3.37030 28.80157 -1.17732 160 160 160
3.42495 28.79567 -1.06382 156 156 156
3.46254 28.79885 -0.94379 155 155 155
3.50002 28.79921 -0.82384 160 160 160
3.52963 28.79734 -0.70171 161 161 161
3.55177 28.80051 -0.57807 165 165 165
3.57665 28.80199 -0.45506 169 169 169
3.59488 28.80393 -0.33085 163 163 163
3.60959 28.80385 -0.20608 169 169 169
3.61857 28.79887 -0.08070 168 168 168
3.61403 29.19717 0.04562 166 166 166
3.61871 29.20206 0.17135 173 173 173
3.60681 29.20159 0.29653 172 172 172
3.59744 29.20276 0.42185 173 173 173
3.57757 29.20312 0.54593 169 169 169
3.55314 29.19901 0.66910 171 171 171
3.53409 29.19344 0.79356 172 172 172
3.49817 29.20141 0.91412 184 184 184
3.46962 29.19989 1.03692 175 175 175
3.42394 29.20477 1.15430 188 188 188
3.37340 29.19914 1.26949 178 178 178
3.31834 29.20226 1.38236 176 176 176
3.25947 29.19716 1.49305 177 177 177
3.21309 29.20415 1.61054 179 179 179
3.15116 29.19969 1.72006 184 184 184
3.07437 29.20427 1.82006 179 179 179
3.01078 29.19804 1.92885 183 183 183
2.93477 29.20433 2.02910 191 191 191
2.85037 29.20145 2.12243 184 184 184
2.77557 29.19885 2.22426 188 188 188
2.68339 29.19694 2.31027 188 188 188
2.58812 29.19570 2.39245 191 191 191
2.50080 29.19969 2.48340 190 190 190
2.40068 29.19943 2.55971 192 192 192
2.29569 29.20447 2.62903 185 185 185
2.19324 29.19908 2.70136 190 190 190
2.08815 29.19875 2.76986 193 193 193
1.98251 29.20199 2.83794 193 193 193
1.87256 29.19733 2.89891 193 193 193
1.75762 29.19482 2.94990 200 200 200
1.64264 29.20053 3.00039 195 195 195
1.52701 29.20230 3.04973 188 188 188
1.40972 29.19957 3.09555 195 195 195
1.28734 29.20053 3.12546 191 191 191
1.16557 29.20314 3.15642 191 191 191
1.04324 29.19900 3.18523 195 195 195
0.91726 29.19730 3.19315 199 199 199
0.79483 29.19709 3.22323 193 193 193
0.66923 29.19825 3.22845 196 196 196
0.54421 29.19992 3.23918 199 199 199
0.41874 29.20172 3.24050 196 196 196
0.29300 29.19723 3.24589 197 197 197
0.16786 29.19609 3.23330 191 191 191
0.04276 29.20084 3.22224 191 191 191
-0.08154 29.19862 3.20426 200 200 200
-0.20621 29.19758 3.18743 191 191 191
-0.33028 29.19866 3.16551 191 191 191
-0.45194 29.19985 3.13282 202 202 202
-0.57025 29.19726 3.08941 195 195 195
-0.69182 29.20042 3.05591 195 195 195
-0.80247 29.20012 2.99387 199 199 199
-0.91735 29.19730 2.94382 190 190 190
-1.03366 29.20168 2.89612 193 193 193
-1.14651 29.20074 2.84058 193 193 193
-1.25560 29.19912 2.77790 189 189 189
-1.36243 29.20464 2.71133 189 189 189
-1.46106 29.19809 2.63294 187 187 187
-1.56586 29.19439 2.56307 195 195 195
-1.65783 29.20023 2.47698 183 183 183
-1.75760 29.20376 2.39998 179 179 179
-1.83768 29.20222 2.30204 188 188 188
-1.93134 29.19811 2.21802 185 185 185
-2.01099 29.20335 2.12081 186 186 186
-2.09639 29.19976 2.02839 186 186 186
-2.17042 29.20187 1.92676 182 182 182
-2.23580 29.20319 1.81933 179 179 179
-2.31408 29.20059 1.72030 187 187 187
-2.37335 29.20319 1.60927 184 184 184
-2.43490 29.20046 1.49963 180 180 180
-2.48622 29.20067 1.38483 182 182 182
-2.53931 29.20245 1.27089 182 182 182
-2.58355 29.20141 1.15323 175 175 175
-2.62525 29.20075 1.03468 179 179 179
-2.65760 29.19904 0.91324 175 175 175
-2.69355 29.20128 0.79282 179 179 179
-2.72076 29.19976 0.67011 178 178 178
-2.74204 29.20387 0.54624 171 171 171
-2.76246 29.19310 0.42214 171 171 171
-2.77077 29.20527 0.29664 169 169 169
-2.78026 29.20148 0.17131 167 167 167
-2.77889 29.19799 0.04563 169 169 169
-2.78189 29.20001 -0.08013 167 167 167
-2.75976 29.19751 -0.20453 157 157 157
-2.75762 29.19877 -0.33032 162 162 162
-2.74692 29.20324 -0.45577 166 166 166
-2.71674 29.19810 -0.57806 161 161 161
-2.69357 29.19872 -0.70157 158 158 158
-2.66355 29.20097 -0.82367 155 155 155
-2.61991 29.20472 -0.94169 154 154 154
-2.59078 29.20632 -1.06464 165 165 165
-2.54170 29.20375 -1.18063 164 164 164
-2.48639 29.19985 -1.29366 150 150 150
-2.42806 29.19837 -1.40489 154 154 154
-2.37329 29.19781 -1.51798 158 158 158
-2.24784 29.20043 -1.73612 155 155 155
-2.08522 29.20020 -1.92833 155 155 155
-1.35205 29.20315 -2.60454 144 144 144
-1.25525 29.20199 -2.68607 138 138 138
-1.14359 29.19969 -2.74412 141 141 141
-0.68983 29.20386 -2.95929 147 147 147
-0.56879 29.20289 -2.99367 143 143 143
0.04272 29.19842 -3.13133 138 138 138
0.79526 29.19723 -3.13562 139 139 139
0.91912 29.19613 -3.11366 140 140 140
1.04276 29.20036 -3.09153 141 141 141
1.16658 29.19766 -3.06938 143 143 143
1.28797 29.19619 -3.03644 140 140 140
1.40547 29.19839 -2.99124 143 143 143
1.52466 29.19729 -2.95210 142 142 142
1.64154 29.19990 -2.90647 150 150 150
1.75172 29.19973 -2.84584 138 138 138
1.86874 29.20325 -2.80016 145 145 145
1.98067 29.20030 -2.74341 142 142 142
2.09159 29.20266 -2.68422 142 142 142
2.19713 29.19714 -2.61593 140 140 140
2.29546 29.20344 -2.53746 151 151 151
2.40277 29.20558 -2.47111 146 146 146
2.49877 29.20226 -2.38978 142 142 142
2.58712 29.20246 -2.30012 147 147 147
2.67739 29.19693 -2.21303 146 146 146
2.77184 29.19703 -2.12956 149 149 149
2.85595 29.19543 -2.03595 150 150 150
2.92854 29.20452 -1.93295 150 150 150
3.01534 29.19942 -1.84092 151 151 151
3.08078 29.19794 -1.73310 151 151 151
3.14428 29.19996 -1.62459 159 159 159
3.20792 29.19534 -1.51639 149 149 149
3.26845 29.20022 -1.40637 150 150 150
3.32195 29.19854 -1.29277 150 150 150
3.38041 29.19948 -1.18114 159 159 159
3.42793 29.20365 -1.06452 155 155 155
3.45852 29.20131 -0.94206 158 158 158
3.50454 29.20265 -0.82466 156 156 156
3.53029 29.20338 -0.70139 163 163 163
3.56033 29.19986 -0.57928 164 164 164
3.59237 29.19381 -0.45703 163 163 163
3.60327 29.20286 -0.33129 162 162 162
3.60974 29.19873 -0.20551 167 167 167
3.61703 29.20042 -0.08004 155 155 155
3.61180 29.59902 0.04625 168 168 168
3.60929 29.60205 0.17164 172 172 172
3.60970 29.59852 0.29745 175 175 175
3.59955 29.59717 0.42282 175 175 175
3.57568 29.59870 0.54639 169 169 169
3.55423 29.59534 0.67010 171 171 171
3.53717 29.59856 0.79512 180 180 180
3.49298 29.59884 0.91351 184 184 184
3.45968 29.60065 1.03458 180 180 180
3.42411 29.59525 1.15530 182 182 182
3.37357 29.60360 1.27053 183 183 183
3.32628 29.59978 1.38703 182 182 182
3.27229 29.60161 1.50064 185 185 185
3.20944 29.59858 1.60959 181 181 181
3.14343 29.59645 1.71646 184 184 184
3.07885 29.60092 1.82424 192 192 192
3.00748 29.59815 1.92769 177 177 177
2.93190 29.60015 2.02813 177 177 177
2.86338 29.59802 2.13489 189 189 189
2.76632 29.60214 2.21711 189 189 189
2.68235 29.60108 2.31070 194 194 194
2.58795 29.60015 2.39380 185 185 185
2.49807 29.59820 2.48182 193 193 193
2.39757 29.60136 2.55745 188 188 188
2.30320 29.59761 2.64114 183 183 183
2.19609 29.60428 2.70751 195 195 195
2.08896 29.59676 2.77318 190 190 190
1.98340 29.60188 2.84166 188 188 188
1.86689 29.59740 2.89006 191 191 191
1.76055 29.60067 2.95870 195 195 195
1.64175 29.60095 3.00089 190 190 190
1.52274 29.59926 3.04106 191 191 191
1.40899 29.59843 3.09651 190 190 190
1.28748 29.60351 3.12955 195 195 195
1.16470 29.59933 3.15691 196 196 196
1.04111 29.60297 3.17937 195 195 195
0.91793 29.60321 3.20337 191 191 191
0.79394 29.59683 3.22341 193 193 193
0.66889 29.60029 3.23548 198 198 198
0.54356 29.59618 3.24457 200 200 200
0.41790 29.60275 3.23979 199 199 199
0.29190 29.59991 3.25299 194 194 194
0.16766 29.60006 3.22579 200 200 200
0.04221 29.59588 3.22044 196 196 196
-0.08314 29.59797 3.20966 195 195 195
-0.20636 29.59495 3.18459 189 189 189
-0.32978 29.59781 3.16055 189 189 189
-0.45229 29.59784 3.13170 193 193 193
-0.57176 29.60171 3.09211 199 199 199
-0.68771 29.59866 3.04312 196 196 196
-0.80873 29.59830 3.00758 193 193 193
-0.92525 29.59593 2.95976 190 190 190
-1.03210 29.60333 2.89203 200 200 200
-1.14884 29.59959 2.84386 192 192 192
-1.25240 29.60251 2.77193 195 195 195
-1.36288 29.60251 2.71136 181 181 181
-1.46665 29.60125 2.64011 188 188 188
-1.55800 29.59836 2.55266 194 194 194
-1.65917 29.59933 2.47818 188 188 188
-1.75983 29.60053 2.40210 192 192 192
-1.84744 29.60028 2.31159 191 191 191
-1.93399 29.60424 2.22031 193 193 193
-2.01955 29.60253 2.12802 188 188 188
-2.10121 29.59828 2.03215 185 185 185
-2.16821 29.60402 1.92517 191 191 191
-2.24108 29.60248 1.82292 188 188 188
-2.30726 29.60068 1.71623 183 183 183
-2.38126 29.60050 1.61385 183 183 183
-2.43256 29.60178 1.49863 186 186 186
-2.48932 29.60058 1.38650 185 185 185
-2.53983 29.60015 1.27138 182 182 182
-2.57635 29.60013 1.15088 178 178 178
-2.61993 29.59824 1.03330 175 175 175
-2.65556 29.60279 0.91305 172 172 172
-2.68600 29.60045 0.79143 169 169 169
-2.72979 29.60007 0.67236 181 181 181
-2.74105 29.60097 0.54658 171 171 171
-2.76413 29.59965 0.42287 172 172 172
-2.76767 29.60275 0.29696 176 176 176
-2.78318 29.59879 0.17202 173 173 173
-2.78317 29.60399 0.04625 165 165 165
-2.78168 29.60136 -0.07946 163 163 163
-2.77553 29.59687 -0.20508 163 163 163
-2.76529 29.60172 -0.33050 162 162 162
-2.73997 29.59576 -0.45391 169 169 169
-2.72100 29.59828 -0.57812 166 166 166
-2.68888 29.59860 -0.69962 162 162 162
-2.65947 29.60362 -0.82166 164 164 164
-2.62220 29.59992 -0.94154 164 164 164
-2.59328 29.60135 -1.06463 156 156 156
-2.53136 29.60227 -1.17537 148 148 148
-2.49262 29.60157 -1.29552 152 152 152
-2.43253 29.60320 -1.40612 153 153 153
-2.37916 29.60132 -1.52017 157 157 157
-1.84519 29.59932 -2.21684 140 140 140
-1.65989 29.59782 -2.38652 147 147 147
-1.56634 29.60543 -2.47074 149 149 149
-0.92200 29.60234 -2.86022 143 143 143
-0.80374 29.60164 -2.90304 139 139 139
-0.45101 29.60210 -3.03466 140 140 140
-0.08399 29.59951 -3.12256 134 134 134
0.04197 29.59609 -3.12994 139 139 139
0.16719 29.59992 -3.13922 139 139 139
0.41790 29.59931 -3.15354 141 141 141
0.54345 29.59624 -3.14934 142 142 142
0.79309 29.59954 -3.12379 134 134 134
0.91865 29.59797 -3.11540 145 145 145
1.04243 29.59965 -3.09349 141 141 141
1.16689 29.60226 -3.07353 144 144 144
1.28731 29.60399 -3.03647 140 140 140
1.40653 29.60227 -2.99644 139 139 139
1.52525 29.59890 -2.95536 146 146 146
1.64347 29.59904 -2.91255 144 144 144
1.75863 29.59751 -2.86203 138 138 138
1.87107 29.59540 -2.80577 142 142 142
1.98216 29.60288 -2.74694 145 145 145
2.08724 29.60101 -2.67787 150 150 150
2.19655 29.60249 -2.61569 145 145 145
2.29331 29.60461 -2.53504 141 141 141
2.40238 29.59868 -2.47105 144 144 144
2.48941 29.59837 -2.37918 149 149 149
2.59303 29.59961 -2.30680 151 151 151
2.68218 29.59719 -2.21803 151 151 151
2.76286 29.59983 -2.12141 148 148 148
2.85087 29.59576 -2.03171 147 147 147
2.93360 29.59837 -1.93697 151 151 151
3.00570 29.59588 -1.83390 156 156 156
3.08558 29.60502 -1.73624 158 158 158
3.14589 29.60081 -1.62547 161 161 161
3.21497 29.59697 -1.52019 149 149 149
3.26549 29.59934 -1.40467 157 157 157
3.33250 29.60334 -1.29740 159 159 159
3.37789 29.59637 -1.17982 159 159 159
3.42468 29.59906 -1.06301 160 160 160
3.46590 29.60067 -0.94411 163 163 163
3.49491 29.60259 -0.82156 160 160 160
3.52743 29.60045 -0.70028 156 156 156
3.56116 29.60019 -0.57898 165 165 165
3.58473 29.60561 -0.45533 160 160 160
3.58871 29.60026 -0.32904 157 157 157
3.61235 29.59753 -0.20516 170 170 170
3.60865 29.60454 -0.07912 171 171 171
3.62636 29.99954 0.04688 172 172 172
3.61376 29.99663 0.17248 163 163 163
3.60856 29.99928 0.29807 175 175 175
3.59478 29.99788 0.42301 173 173 173
3.58067 29.99675 0.54798 174 174 174
3.55592 29.99870 0.67128 171 171 171
3.52777 30.00056 0.79374 172 172 172
3.49582 29.99922 0.91524 172 172 172
3.45201 29.99897 1.03306 177 177 177
3.41909 30.00336 1.15446 183 183 183
3.37311 30.00313 1.27140 176 176 176
3.32638 29.99919 1.38819 179 179 179
3.26159 30.00169 1.49635 177 177 177
3.20233 29.99663 1.60683 188 188 188
3.14312 30.00127 1.71754 190 190 190
3.07627 30.00079 1.82385 183 183 183
3.00618 30.00033 1.92814 180 180 180
2.93226 29.99912 2.02987 193 193 193
2.85352 29.99525 2.12799 181 181 181
2.76237 29.99694 2.21506 188 188 188
2.67373 30.00034 2.30377 189 189 189
2.59133 30.00089 2.39922 193 193 193
2.49684 29.99935 2.48224 191 191 191
2.39958 29.99780 2.56196 190 190 190
2.30191 29.99751 2.64145 189 189 189
2.19621 29.99822 2.70988 191 191 191
2.08737 30.00368 2.77292 189 189 189
1.98070 30.00433 2.83935 192 192 192
1.86523 29.99963 2.88950 191 191 191
1.75679 30.00042 2.95346 193 193 193
1.63699 29.99947 2.99256 181 181 181
1.52713 30.00061 3.05645 193 193 193
1.40586 30.00266 3.09077 189 189 189
1.28625 29.99570 3.12958 193 193 193
1.16240 29.99890 3.15236 197 197 197
1.04104 30.00583 3.18494 194 194 194
0.91865 29.99896 3.21515 198 198 198
0.79269 29.99901 3.22238 193 193 193
0.66804 29.99941 3.23871 191 191 191
0.54219 29.99832 3.23729 201 201 201
0.41684 30.00152 3.24018 195 195 195
0.29130 30.00518 3.24203 195 195 195
0.16566 30.00435 3.23844 196 196 196
0.04036 29.99842 3.22773 198 198 198
-0.08289 30.00164 3.20203 194 194 194
-0.20740 29.99876 3.18514 196 196 196
-0.33021 29.99714 3.15856 195 195 195
-0.45016 30.00096 3.12102 192 192 192
-0.56970 29.99388 3.08314 198 198 198
-0.69117 30.00267 3.05026 198 198 198
-0.80867 30.00145 3.00552 191 191 191
-0.92412 29.99964 2.95565 192 192 192
-1.03453 30.00111 2.89535 197 197 197
-1.15075 30.00060 2.84602 187 187 187
-1.25553 29.99899 2.77594 198 198 198
-1.35619 29.99756 2.70040 189 189 189
-1.47096 29.99880 2.64521 192 192 192
-1.56471 29.99918 2.56047 194 194 194
-1.66144 30.00200 2.48023 192 192 192
-1.76033 30.00586 2.40212 186 186 186
-1.84199 29.99765 2.30570 185 185 185
-1.93463 30.00171 2.22055 186 186 186
-2.02230 30.00044 2.13010 190 190 190
-2.09953 30.00211 2.03062 190 190 190
-2.16951 29.99853 1.92597 181 181 181
-2.24453 29.99739 1.82515 183 183 183
-2.31519 30.00090 1.72107 182 182 182
-2.38050 29.99773 1.61346 179 179 179
-2.43175 29.99993 1.49831 181 181 181
-2.49423 30.00287 1.38890 180 180 180
-2.54342 29.99837 1.27306 184 184 184
-2.58398 29.99789 1.15394 175 175 175
-2.62394 30.00001 1.03488 175 175 175
-2.67021 29.99747 0.91751 176 176 176
-2.68980 29.99171 0.79271 168 168 168
-2.71613 30.00186 0.67006 176 176 176
-2.74743 29.99865 0.54805 170 170 170
-2.75654 30.00183 0.42247 167 167 167
-2.78206 29.99979 0.29863 167 167 167
-2.78013 29.99832 0.17248 174 174 174
-2.77781 29.99865 0.04688 168 168 168
-2.77417 29.99962 -0.07850 167 167 167
-2.77171 30.00662 -0.20407 168 168 168
-2.75452 29.99971 -0.32848 171 171 171
-2.74071 30.00095 -0.45323 168 168 168
-2.72493 30.00082 -0.57806 164 164 164
-2.69530 30.00005 -0.70028 163 163 163
-2.66717 30.00599 -0.82291 156 156 156
-2.63157 29.99729 -0.94361 157 157 157
-2.58995 29.99775 -1.06239 159 159 159
-2.54242 30.00289 -1.17889 156 156 156
-2.49238 29.99854 -1.29430 158 158 158
-2.43682 30.00224 -1.40714 149 149 149
-2.37545 30.00262 -1.51688 159 159 159
-2.31461 29.99948 -1.62696 155 155 155
-2.17629 30.00097 -1.83714 144 144 144
-1.93390 30.00024 -2.12613 145 145 145
-1.84746 29.99582 -2.21742 150 150 150
-1.46264 29.99583 -2.54001 148 148 148
-0.69019 29.99502 -2.95387 137 137 137
-0.45298 29.99446 -3.03727 144 144 144
-0.20791 29.99745 -3.09397 134 134 134
0.16523 30.00535 -3.15017 141 141 141
0.29139 30.00149 -3.14617 141 141 141
0.79333 30.00021 -3.13407 141 141 141
0.91772 30.00306 -3.11554 150 150 150
1.03992 29.99762 -3.08555 138 138 138
1.16419 30.00034 -3.06607 140 140 140
1.28666 30.00395 -3.03728 137 137 137
1.40454 30.00261 -2.99295 141 141 141
1.52133 30.00156 -2.94697 140 140 140
1.64088 29.99789 -2.90821 150 150 150
1.75617 29.99469 -2.85836 145 145 145
1.86761 29.99828 -2.80042 144 144 144
1.98215 29.99926 -2.74818 134 134 134
2.08789 30.00187 -2.68002 150 150 150
2.19703 30.00162 -2.61737 147 147 147
2.29506 29.99598 -2.53827 142 142 142
2.39582 30.00283 -2.46345 146 146 146
2.49340 29.99991 -2.38446 148 148 148
2.58713 30.00111 -2.30094 145 145 145
2.67022 29.99989 -2.20650 147 147 147
2.77136 29.99863 -2.12962 152 152 152
2.84763 29.99899 -2.02921 157 157 157
2.92659 30.00343 -1.93165 150 150 150
3.00627 29.99792 -1.83445 150 150 150
3.08006 29.99720 -1.73263 155 155 155
3.13485 30.00096 -1.61872 156 156 156
3.20909 29.99996 -1.51686 154 154 154
3.26511 30.00046 -1.40439 158 158 158
3.32404 30.00265 -1.29336 158 158 158
3.36712 29.99632 -1.17517 159 159 159
3.41646 29.99952 -1.05974 153 153 153
3.46533 30.00277 -0.94364 158 158 158
3.49461 30.00114 -0.82115 167 167 167
3.52747 30.00313 -0.69992 158 158 158
3.55460 29.99877 -0.57726 169 169 169
3.57347 29.99745 -0.45309 158 158 158
3.59774 30.00153 -0.32961 160 160 160
3.60062 29.99673 -0.20369 170 170 170
3.61386 30.00217 -0.07874 162 162 162
3.62186 30.39928 0.04750 167 167 167
3.60650 30.40228 0.17287 163 163 163
3.59966 30.40103 0.29809 170 170 170
3.59662 30.39637 0.42400 166 166 166
3.57442 30.40206 0.54781 173 173 173
3.55858 30.40229 0.67268 174 174 174
3.53909 30.40241 0.79739 175 175 175
3.48563 30.40190 0.91335 182 182 182
3.46160 30.40001 1.03721 174 174 174
3.41717 30.39986 1.15485 182 182 182
3.37555 30.39851 1.27356 173 173 173
3.32953 30.39931 1.39085 181 181 181
3.27940 30.40041 1.50669 175 175 175
3.20205 30.39892 1.60800 176 176 176
3.14220 30.40232 1.71838 187 187 187
3.08688 30.40239 1.83241 184 184 184
3.00299 30.40086 1.92737 187 187 187
2.92942 30.39408 2.02925 182 182 182
2.85467 30.40192 2.13069 192 192 192
2.76501 30.39964 2.21929 192 192 192
2.67648 30.40302 2.30841 187 187 187
2.58585 30.39974 2.39529 189 189 189
2.49638 30.40347 2.48381 196 196 196
2.40017 30.40308 2.56495 192 192 192
2.29297 30.39922 2.63151 186 186 186
2.19197 30.40115 2.70607 190 190 190
2.08615 30.39803 2.77362 191 191 191
1.97705 30.40289 2.83572 183 183 183
1.87030 30.40213 2.90257 198 198 198
1.75323 30.39995 2.94910 196 196 196
1.63964 30.40211 3.00265 192 192 192
1.52426 30.40251 3.05272 193 193 193
1.40433 30.39737 3.09057 189 189 189
1.28418 30.40171 3.12733 199 199 199
1.16333 30.40069 3.16213 198 198 198
1.04024 30.40175 3.18789 207 207 207
0.91625 30.39555 3.20863 194 194 194
0.79183 30.40293 3.22644 195 195 195
0.66650 30.40329 3.23577 188 188 188
0.54123 30.39883 3.24566 192 192 192
0.41557 30.40082 3.25293 196 196 196
0.28987 30.39942 3.24695 196 196 196
0.16441 30.40181 3.23885 199 199 199
0.03867 30.39791 3.23197 193 193 193
-0.08396 30.39972 3.20146 195 195 195
-0.20807 30.40100 3.18276 198 198 198
-0.33068 30.40510 3.15586 196 196 196
-0.45306 30.40382 3.12745 193 193 193
-0.57162 30.39856 3.08577 187 187 187
-0.69330 30.39754 3.05324 197 197 197
-0.81010 30.40317 3.00654 186 186 186
-0.92336 30.40176 2.95187 194 194 194
-1.03704 30.39643 2.89841 195 195 195
-1.14961 30.39904 2.84234 193 193 193
-1.25939 30.40163 2.78079 191 191 191
-1.35982 30.39886 2.70457 189 189 189
-1.47027 30.39497 2.64314 192 192 192
-1.56764 30.39859 2.56319 188 188 188
-1.65964 30.40095 2.47726 198 198 198
-1.75357 30.39837 2.39406 182 182 182
-1.84114 30.39520 2.30422 186 186 186
-1.93497 30.39533 2.22032 188 188 188
-2.02121 30.39868 2.12871 182 182 182
-2.10357 30.39714 2.03343 184 184 184
-2.17266 30.40153 1.92796 181 181 181
-2.24308 30.40099 1.82396 177 177 177
-2.32025 30.40083 1.72402 183 183 183
-2.37164 30.40161 1.60842 178 178 178
-2.43435 30.39922 1.49961 175 175 175
-2.49207 30.40002 1.38794 176 176 176
-2.53611 30.40246 1.27013 173 173 173
-2.59081 30.40114 1.15661 181 181 181
-2.62923 30.40102 1.03682 179 179 179
-2.67002 30.40097 0.91773 174 174 174
-2.70363 30.40154 0.79635 177 177 177
-2.71964 30.40090 0.67113 175 175 175
-2.74264 30.40338 0.54771 178 178 178
-2.75839 30.39710 0.42316 171 171 171
-2.77431 30.39809 0.29855 162 162 162
-2.78379 30.40115 0.17320 168 168 168
-2.77924 30.39883 0.04750 164 164 164
-2.78257 30.39973 -0.07816 165 165 165
-2.77815 30.40067 -0.20385 162 162 162
-2.76440 30.39763 -0.32887 167 167 167
-2.73749 30.39852 -0.45190 168 168 168
-2.72479 30.40011 -0.57716 166 166 166
-2.69812 30.39995 -0.70003 158 158 158
-2.67340 30.40261 -0.82368 161 161 161
-2.62807 30.40184 -0.94144 163 163 163
-2.58751 30.40174 -1.06040 155 155 155
-2.54470 30.40572 -1.17868 155 155 155
-2.49627 30.40004 -1.29488 156 156 156
-2.43023 30.40072 -1.40251 151 151 151
-2.38306 30.40199 -1.51981 151 151 151
-2.17805 30.39785 -1.83688 142 142 142
-2.01793 30.40011 -2.03091 155 155 155
-1.83930 30.39669 -2.20737 153 153 153
-1.56448 30.40364 -2.46419 151 151 151
-1.46558 30.39778 -2.54169 140 140 140
-1.26112 30.39652 -2.68861 139 139 139
-0.57169 30.39780 -2.99099 148 148 148
0.66623 30.39992 -3.13736 137 137 137
0.79167 30.40137 -3.13011 131 131 131
0.91723 30.39323 -3.11985 137 137 137
1.03890 30.40022 -3.08617 144 144 144
1.16374 30.39605 -3.06884 140 140 140
1.28610 30.39336 -3.03914 139 139 139
1.40349 30.39772 -2.99299 147 147 147
1.52198 30.40420 -2.95155 133 133 133
1.63856 30.40014 -2.90505 144 144 144
1.75624 30.40348 -2.86062 145 145 145
1.87039 30.40021 -2.80774 141 141 141
1.97908 30.39741 -2.74434 151 151 151
2.08570 30.39942 -2.67790 142 142 142
2.19076 30.39932 -2.60925 144 144 144
2.29523 30.40343 -2.53962 147 147 147
2.39195 30.40240 -2.45952 143 143 143
2.49176 30.39878 -2.38340 140 140 140
2.59133 30.40397 -2.30622 156 156 156
2.67308 30.40272 -2.21000 148 148 148
2.77056 30.40151 -2.12942 144 144 144
2.85054 30.40216 -2.03215 142 142 142
2.93411 30.39953 -1.93796 147 147 147
3.00858 30.39789 -1.83643 158 158 158
3.07534 30.40009 -1.72970 157 157 157
3.13201 30.40046 -1.61713 155 155 155
3.20525 30.40115 -1.51480 151 151 151
3.25942 30.39827 -1.40151 151 151 151
3.32521 30.39712 -1.29386 160 160 160
3.37258 30.39872 -1.17733 153 153 153
3.41324 30.40273 -1.05840 165 165 165
3.45575 30.39658 -0.94031 162 162 162
3.48926 30.39762 -0.81937 160 160 160
3.52013 30.39526 -0.69784 166 166 166
3.55246 30.40059 -0.57647 166 166 166
3.57390 30.39839 -0.45273 163 163 163
3.59827 30.40580 -0.32920 166 166 166
3.60751 30.40325 -0.20371 171 171 171
3.60984 30.39762 -0.07800 168 168 168
3.62239 30.80098 0.04813 165 165 165
3.60384 30.79872 0.17345 166 166 166
3.59845 30.80048 0.29874 170 170 170
3.58163 30.80107 0.42303 163 163 163
3.58151 30.80027 0.54979 172 172 172
3.54316 30.80273 0.67053 177 177 177
3.52760 30.79855 0.79561 177 177 177
3.48704 30.80044 0.91478 179 179 179
3.45461 30.79882 1.03605 175 175 175
3.41520 30.79820 1.15529 176 176 176
3.37366 30.79887 1.27402 181 181 181
3.32224 30.80305 1.38880 172 172 172
3.26616 30.79789 1.50133 185 185 185
3.19882 30.79976 1.60764 178 178 178
3.13833 30.79716 1.71754 181 181 181
3.07192 30.79785 1.82403 181 181 181
3.00360 30.79700 1.92951 185 185 185
2.92832 30.79757 2.03018 183 183 183
2.84624 30.80010 2.12538 186 186 186
2.76779 30.79798 2.22386 196 196 196
2.68157 30.79727 2.31560 180 180 180
2.59226 30.80022 2.40445 189 189 189
2.49023 30.79920 2.47897 192 192 192
2.39447 30.80362 2.56022 183 183 183
2.28855 30.80252 2.62809 181 181 181
2.18929 30.80372 2.70489 193 193 193
2.08950 30.80036 2.78213 190 190 190
1.97353 30.80345 2.83270 192 192 192
1.86709 30.80181 2.89978 186 186 186
1.75341 30.80247 2.95333 207 207 207
1.63614 30.79924 2.99841 196 196 196
1.52254 30.79998 3.05270 194 194 194
1.40080 30.80078 3.08489 196 196 196
1.28374 30.79641 3.13166 195 195 195
1.15894 30.79602 3.15065 196 196 196
1.03803 30.79801 3.18484 191 191 191
0.91429 30.80025 3.20623 194 194 194
0.79042 30.79804 3.22767 198 198 198
0.66458 30.80059 3.23084 192 192 192
0.53981 30.80026 3.24773 196 196 196
0.41410 30.79745 3.24759 200 200 200
0.28838 30.80039 3.24783 191 191 191
0.16288 30.80284 3.24010 196 196 196
0.03853 30.79987 3.22125 186 186 186
-0.08576 30.79871 3.20410 203 203 203
-0.21301 30.80012 3.20079 199 199 199
-0.33395 30.80342 3.16396 196 196 196
-0.45372 30.79597 3.12516 195 195 195
-0.57241 30.79947 3.08428 198 198 198
-0.69551 30.80144 3.05584 197 197 197
-0.81299 30.79848 3.01057 196 196 196
-0.92434 30.80127 2.95141 194 194 194
-1.03718 30.79916 2.89642 190 190 190
-1.15270 30.79946 2.84584 200 200 200
-1.25679 30.79688 2.77477 194 194 194
-1.36618 30.80230 2.71249 186 186 186
-1.46497 30.79926 2.63444 189 189 189
-1.56404 30.79881 2.55738 186 186 186
-1.66175 30.80130 2.47863 185 185 185
-1.75423 30.79656 2.39381 196 196 196
-1.85405 30.80110 2.31627 189 189 189
-1.93680 30.79850 2.22127 187 187 187
-2.01680 30.79833 2.12431 188 188 188
-2.09439 30.80144 2.02565 181 181 181
-2.17330 30.79927 1.92798 186 186 186
-2.24189 30.79586 1.82280 180 180 180
-2.31601 30.79676 1.72113 175 175 175
-2.38124 30.80462 1.61359 177 177 177
-2.42807 30.80086 1.49628 183 183 183
-2.49212 30.80447 1.38791 177 177 177
-2.54167 30.79719 1.27244 177 177 177
-2.58639 30.80026 1.15506 178 178 178
-2.63090 30.80156 1.03750 176 176 176
-2.66052 30.79675 0.91526 174 174 174
-2.69824 30.79885 0.79533 179 179 179
-2.72065 30.79954 0.67166 170 170 170
-2.75121 30.79813 0.54946 172 172 172
-2.76589 30.80066 0.42450 170 170 170
-2.78061 30.79787 0.29955 171 171 171
-2.78204 30.79704 0.17370 171 171 171
-2.78425 30.80422 0.04813 163 163 163
-2.78126 30.80239 -0.07742 158 158 158
-2.77953 30.79956 -0.20322 166 166 166
-2.75858 30.79832 -0.32739 161 161 161
-2.74527 30.79834 -0.45227 162 162 162
-2.71766 30.79873 -0.57482 157 157 157
-2.70509 30.79917 -0.70072 167 167 167
-2.66707 30.79577 -0.82085 160 160 160
-2.62841 30.79986 -0.94045 161 161 161
-2.59586 30.79862 -1.06231 169 169 169
-2.54663 30.79994 -1.17825 157 157 157
-2.49418 30.80309 -1.29261 165 165 165
-2.44557 30.80002 -1.40895 153 153 153
-2.37696 30.79839 -1.51494 146 146 146
-2.24663 30.79561 -1.72972 153 153 153
-2.17921 30.79875 -1.83603 153 153 153
-1.85100 30.79635 -2.21697 155 155 155
-1.47012 30.80111 -2.54527 148 148 148
-1.36594 30.79796 -2.61589 154 154 154
-1.25658 30.80143 -2.67817 143 143 143
-1.14810 30.80049 -2.74137 147 147 147
-0.81127 30.80155 -2.91018 149 149 149
-0.69268 30.79886 -2.95193 135 135 135
-0.45567 30.80149 -3.03583 143 143 143
-0.33339 30.79499 -3.06537 144 144 144
0.79090 30.80109 -3.13545 140 140 140
0.91518 30.79838 -3.11558 140 140 140
1.03895 30.79997 -3.09325 145 145 145
1.16176 30.80170 -3.06613 137 137 137
1.28385 30.79858 -3.03578 144 144 144
1.40191 30.80273 -2.99205 138 138 138
1.51936 30.79818 -2.94783 147 147 147
1.64004 30.80028 -2.91156 144 144 144
1.75828 30.79854 -2.86764 137 137 137
1.86931 30.79720 -2.80789 145 145 145
1.97821 30.80089 -2.74481 146 146 146
2.08862 30.80424 -2.68445 142 142 142
2.19491 30.80309 -2.61706 146 146 146
2.29457 30.80013 -2.54013 147 147 147
2.39457 30.79532 -2.46410 142 142 142
2.50026 30.79785 -2.39445 147 147 147
2.58687 30.79867 -2.30237 146 146 146
2.67517 30.79439 -2.21295 143 143 143
2.75999 30.80098 -2.12040 151 151 151
2.84398 30.80221 -2.02719 154 154 154
2.92943 30.80173 -1.93480 151 151 151
3.00371 30.79992 -1.83334 151 151 151
3.07486 30.79768 -1.72974 144 144 144
3.13484 30.79970 -1.61915 151 151 151
3.20163 30.80066 -1.51297 155 155 155
3.27402 30.80592 -1.40908 149 149 149
3.33036 30.80218 -1.29629 153 153 153
3.37385 30.80111 -1.17784 159 159 159
3.41400 30.79699 -1.05860 159 159 159
3.45133 30.79769 -0.93873 154 154 154
3.48047 30.79827 -0.81668 160 160 160
3.52288 30.79692 -0.69823 162 162 162
3.56134 30.79860 -0.57790 157 157 157
3.57548 30.79894 -0.45259 161 161 161
3.59461 30.80202 -0.32831 166 166 166
3.59940 30.80008 -0.20256 164 164 164
3.61360 30.79930 -0.07758 171 171 171
3.60466 31.19652 0.04875 169 169 169
3.61399 31.19827 0.17454 172 172 172
3.60218 31.20023 0.29979 169 169 169
3.58648 31.20254 0.42443 176 176 176
3.58471 31.19907 0.55119 169 169 169
3.54475 31.19986 0.67181 176 176 176
3.52392 31.19941 0.79576 173 173 173
3.49226 31.19964 0.91736 174 174 174
3.45691 31.20263 1.03797 168 168 168
3.41540 31.19956 1.15661 180 180 180
3.37244 31.20113 1.27484 187 187 187
3.31870 31.19857 1.38857 179 179 179
3.26159 31.19628 1.50048 178 178 178
3.19555 31.19766 1.60739 184 184 184
3.14300 31.20070 1.72206 186 186 186
3.07608 31.20118 1.82856 182 182 182
3.00356 31.20101 1.93133 184 184 184
2.92001 31.19952 2.02559 175 175 175
2.85086 31.20618 2.13139 186 186 186
2.75943 31.19653 2.21832 192 192 192
2.67615 31.19867 2.31249 181 181 181
2.59143 31.20276 2.40601 194 194 194
2.49100 31.19767 2.48247 187 187 187
2.39308 31.20071 2.56122 190 190 190
2.29040 31.20179 2.63358 190 190 190
2.18644 31.20001 2.70378 190 190 190
2.08837 31.20015 2.78367 193 193 193
1.97231 31.20521 2.83416 188 188 188
1.86345 31.20398 2.89658 189 189 189
1.75414 31.19889 2.95919 193 193 193
1.63821 31.19729 3.00809 190 190 190
1.52019 31.20128 3.05153 199 199 199
1.40162 31.19464 3.09325 199 199 199
1.28371 31.19994 3.13817 195 195 195
1.15714 31.19835 3.15080 192 192 192
1.03691 31.20194 3.18833 198 198 198
0.91161 31.20106 3.20059 199 199 199
0.78845 31.19665 3.22598 200 200 200
0.66340 31.19854 3.23797 198 198 198
0.53839 31.20280 3.25524 198 198 198
0.41241 31.19893 3.24366 190 190 190
0.28703 31.20097 3.23980 188 188 188
0.16133 31.20265 3.23894 194 194 194
0.03595 31.19687 3.22943 189 189 189
-0.08756 31.19782 3.20543 190 190 190
-0.21070 31.19901 3.18133 193 193 193
-0.33381 31.20083 3.15698 191 191 191
-0.45689 31.19490 3.13105 195 195 195
-0.57536 31.20064 3.08878 200 200 200
-0.69759 31.20120 3.05752 200 200 200
-0.80817 31.20054 2.99547 198 198 198
-0.92695 31.20038 2.95404 188 188 188
-1.04299 31.19509 2.90513 189 189 189
-1.15017 31.19654 2.83893 195 195 195
-1.25970 31.20499 2.77738 188 188 188
-1.36825 31.19874 2.71368 196 196 196
-1.46704 31.19635 2.63558 197 197 197
-1.57207 31.19705 2.56604 188 188 188
-1.66920 31.19822 2.48600 193 193 193
-1.75853 31.20224 2.39726 189 189 189
-1.85758 31.19958 2.31873 189 189 189
-1.93814 31.20568 2.22157 184 184 184
-2.01592 31.19554 2.12274 190 190 190
-2.09567 31.20000 2.02596 192 192 192
-2.17828 31.20026 1.93099 176 176 176
-2.25081 31.19106 1.82826 182 182 182
-2.31497 31.19862 1.72009 180 180 180
-2.37628 31.20020 1.61049 177 177 177
-2.44200 31.19931 1.50314 178 178 178
-2.48903 31.19800 1.38633 175 175 175
-2.54942 31.20160 1.27558 170 170 170
-2.59121 31.20473 1.15684 183 183 183
-2.63158 31.19799 1.03780 173 173 173
-2.66370 31.20054 0.91630 177 177 177
-2.69221 31.19697 0.79410 177 177 177
-2.72485 31.19957 0.67279 171 171 171
-2.74824 31.20262 0.54935 176 176 176
-2.76865 31.19640 0.42525 165 165 165
-2.77320 31.20512 0.29946 171 171 171
-2.78722 31.20002 0.17446 168 168 168
-2.79029 31.19981 0.04875 166 166 166
-2.78483 31.19502 -0.07687 164 164 164
-2.77376 31.19809 -0.20201 165 165 165
-2.75769 31.20186 -0.32646 162 162 162
-2.74925 31.20078 -0.45201 157 157 157
-2.72673 31.20055 -0.57566 158 158 158
-2.70432 31.20209 -0.69951 158 158 158
-2.67366 31.19805 -0.82161 153 153 153
-2.63673 31.20021 -0.94197 159 159 159
-2.58948 31.20017 -1.05870 152 152 152
-2.55065 31.19343 -1.17859 158 158 158
-2.50445 31.20044 -1.29594 145 145 145
-2.43348 31.19918 -1.40130 153 153 153
-2.38250 31.20368 -1.51647 147 147 147
-2.10126 31.19593 -1.93287 156 156 156
-1.36760 31.19740 -2.61522 140 140 140
-0.92577 31.20043 -2.85398 137 137 137
-0.08981 31.19753 -3.12214 141 141 141
0.41241 31.19716 -3.15485 136 136 136
0.78831 31.20010 -3.12728 147 147 147
0.91283 31.19829 -3.11078 144 144 144
1.03797 31.20202 -3.09616 137 137 137
1.15913 31.20012 -3.06158 135 135 135
1.28207 31.19818 -3.03485 133 133 133
1.40105 31.19629 -2.99398 149 149 149
1.51684 31.20572 -2.94494 138 138 138
1.63803 31.20071 -2.91018 138 138 138
1.75279 31.20339 -2.85878 141 141 141
1.86621 31.19838 -2.80450 141 141 141
1.97669 31.20555 -2.74449 143 143 143
2.08443 31.20104 -2.67975 137 137 137
2.19075 31.20040 -2.61273 144 144 144
2.29381 31.19984 -2.54078 148 148 148
2.38967 31.19695 -2.45940 148 148 148
2.48972 31.19748 -2.38348 148 148 148
2.58620 31.20085 -2.30285 148 148 148
2.67669 31.19990 -2.21554 142 142 142
2.75980 31.19784 -2.12116 151 151 151
2.84821 31.20343 -2.03162 156 156 156
2.92672 31.19809 -1.93337 148 148 148
3.00218 31.20356 -1.83283 155 155 155
3.07235 31.19936 -1.72857 152 152 152
3.14121 31.20330 -1.62346 157 157 157
3.19995 31.19853 -1.51235 159 159 159
3.26342 31.19567 -1.40391 158 158 158
3.32014 31.19981 -1.29173 154 154 154
3.36317 31.20140 -1.17350 160 160 160
3.42016 31.20164 -1.06087 151 151 151
3.44501 31.19769 -0.93660 163 163 163
3.48644 31.19875 -0.81822 154 154 154
3.52575 31.19423 -0.69870 172 172 172
3.54766 31.20554 -0.57489 162 162 162
3.58194 31.19613 -0.45325 161 161 161
3.58544 31.20200 -0.32680 159 159 159
3.60654 31.19865 -0.20263 167 167 167
3.60815 31.20277 -0.07681 166 166 166
3.61309 31.59707 0.04938 171 171 171
3.61299 31.60120 0.17520 168 168 168
3.59695 31.60098 0.30015 169 169 169
3.58222 31.60262 0.42477 172 172 172
3.56617 31.59852 0.54918 172 172 172
3.55181 31.60307 0.67422 171 171 171
3.52283 31.60293 0.79658 176 176 176
3.49158 31.59881 0.91833 179 179 179
3.44781 31.60086 1.03626 176 176 176
3.41804 31.59293 1.15891 175 175 175
3.36289 31.59834 1.27229 174 174 174
3.31719 31.59798 1.38938 182 182 182
3.26312 31.60292 1.50286 182 182 182
3.20591 31.59764 1.61488 183 183 183
3.13907 31.59909 1.72144 186 186 186
3.06959 31.60156 1.82612 184 184 184
3.00543 31.59945 1.93470 182 182 182
2.92311 31.59961 2.03016 179 179 179
2.84128 31.59808 2.12545 189 189 189
2.75696 31.60072 2.21842 183 183 183
2.67511 31.59668 2.31398 190 190 190
2.57885 31.59656 2.39508 182 182 182
2.49013 31.60065 2.48430 193 193 193
2.38439 31.60185 2.55323 189 189 189
2.29280 31.59896 2.64013 194 194 194
2.19152 31.60146 2.71485 189 189 189
2.08376 31.59924 2.77988 196 196 196
1.97479 31.59697 2.84260 186 186 186
1.86559 31.60398 2.90514 197 197 197
1.74619 31.59943 2.94671 191 191 191
1.63465 31.60138 3.00473 196 196 196
1.51841 31.60313 3.05247 192 192 192
1.40058 31.59718 3.09652 187 187 187
1.28017 31.59881 3.13296 193 193 193
1.15620 31.59730 3.15542 198 198 198
1.03615 31.60050 3.19468 198 198 198
0.91193 31.60015 3.21526 190 190 190
0.78704 31.59467 3.23069 189 189 189
0.66125 31.59554 3.23540 186 186 186
0.53618 31.59874 3.24802 197 197 197
0.41050 31.60262 3.24589 191 191 191
0.28483 31.59972 3.24797 191 191 191
0.15944 31.59864 3.23944 201 201 201
0.03494 31.60246 3.22254 194 194 194
-0.08969 31.60393 3.20750 196 196 196
-0.21327 31.59921 3.18532 200 200 200
-0.33728 31.60417 3.16413 200 200 200
-0.46157 31.59853 3.14152 187 187 187
-0.57883 31.60055 3.09423 196 196 196
-0.69434 31.59913 3.04419 194 194 194
-0.81253 31.60129 3.00205 196 196 196
-0.92969 31.59627 2.95649 190 190 190
-1.04257 31.59873 2.90119 193 193 193
-1.15434 31.60060 2.84360 193 193 193
-1.26077 31.59995 2.77665 196 196 196
-1.36924 31.59673 2.71295 194 194 194
-1.47256 31.59530 2.64119 192 192 192
-1.56992 31.59953 2.56153 178 178 178
-1.66484 31.59956 2.47929 191 191 191
-1.75483 31.59935 2.39182 189 189 189
-1.85329 31.60186 2.31317 186 186 186
-1.94185 31.59917 2.22387 186 186 186
-2.02282 31.60069 2.12763 180 180 180
-2.10405 31.59859 2.03169 191 191 191
-2.17550 31.59785 1.92821 184 184 184
-2.25105 31.59993 1.82777 189 189 189
-2.32363 31.59744 1.72486 185 185 185
-2.37351 31.60163 1.60850 190 190 190
-2.44744 31.60441 1.50557 175 175 175
-2.48924 31.60541 1.38618 187 187 187
-2.53998 31.59998 1.27150 178 178 178
-2.59774 31.59696 1.15918 176 176 176
-2.63391 31.60036 1.03856 176 176 176
-2.66227 31.60030 0.91599 177 177 177
-2.69633 31.60400 0.79526 172 172 172
-2.73494 31.60227 0.67504 170 170 170
-2.75020 31.60040 0.54998 171 171 171
-2.76723 31.59845 0.42549 173 173 173
-2.77685 31.60034 0.30023 169 169 169
-2.77864 31.59999 0.17468 175 175 175
-2.80122 31.59926 0.04938 172 172 172
-2.79399 31.60103 -0.07653 166 166 166
-2.76877 31.60109 -0.20084 169 169 169
-2.76979 31.60071 -0.32704 165 165 165
-2.75192 31.60307 -0.45150 161 161 161
-2.71987 31.60152 -0.57330 168 168 168
-2.70306 31.60135 -0.69813 163 163 163
-2.66754 31.59404 -0.81872 162 162 162
-2.63317 31.60152 -0.93957 161 161 161
-2.60020 31.59814 -1.06133 148 148 148
-2.54611 31.59849 -1.17530 150 150 150
-2.48871 31.60195 -1.28718 160 160 160
-2.44286 31.60339 -1.40449 154 154 154
-2.37784 31.59983 -1.51217 147 147 147
-2.25693 31.60138 -1.73295 154 154 154
-2.01925 31.59799 -2.02583 151 151 151
-1.86046 31.60026 -2.22159 144 144 144
-1.66930 31.59964 -2.38576 145 145 145
-0.81294 31.59985 -2.90427 141 141 141
0.28496 31.60312 -3.14598 135 135 135
0.41050 31.59859 -3.14981 144 144 144
0.78725 31.59708 -3.13369 142 142 142
0.91145 31.59755 -3.11347 135 135 135
1.03507 31.60066 -3.09054 140 140 140
1.15587 31.60441 -3.05530 140 140 140
1.28077 31.59619 -3.03634 148 148 148
1.39865 31.59762 -2.99183 143 143 143
1.51626 31.59567 -2.94791 140 140 140
1.63109 31.59935 -2.89737 140 140 140
1.75190 31.60407 -2.86033 139 139 139
1.86728 31.60130 -2.80970 144 144 144
1.97568 31.60282 -2.74545 148 148 148
2.08464 31.60241 -2.68256 141 141 141
2.18663 31.59704 -2.60879 146 146 146
2.29300 31.60217 -2.54165 150 150 150
2.39125 31.59613 -2.46319 145 145 145
2.48596 31.59820 -2.38067 145 145 145
2.58643 31.60330 -2.30453 146 146 146
2.67486 31.59729 -2.21498 150 150 150
2.76016 31.59988 -2.12263 150 150 150
2.84689 31.59639 -2.03150 151 151 151
2.92126 31.60320 -1.92995 153 153 153
2.99969 31.60119 -1.83178 152 152 152
3.07837 31.59866 -1.73323 157 157 157
3.13627 31.60113 -1.62098 152 152 152
3.20790 31.60377 -1.51724 151 151 151
3.26532 31.60241 -1.40523 154 154 154
3.31658 31.60150 -1.29034 151 151 151
3.36266 31.59632 -1.17345 163 163 163
3.41686 31.59796 -1.05973 158 158 158
3.45428 31.59983 -0.93961 161 161 161
3.50270 31.59805 -0.82271 163 163 163
3.51999 31.59640 -0.69715 160 160 160
3.54769 31.59890 -0.57465 156 156 156
3.56866 31.59828 -0.45083 159 159 159
3.59728 31.60172 -0.32780 165 165 165
3.60285 31.59744 -0.20187 168 168 168
3.61427 31.59573 -0.07650 169 169 169
3.61414 32.00114 0.05000 180 180 180
3.61452 31.99901 0.17597 172 172 172
3.59329 31.99798 0.30066 180 180 180
3.59131 31.99816 0.42672 171 171 171
3.56790 32.00082 0.55042 169 169 169
3.54000 31.99617 0.67291 177 177 177
3.51916 32.00317 0.79683 178 178 178
3.48297 31.99731 0.91712 176 176 176
3.45253 31.99671 1.03910 176 176 176
3.41011 31.99983 1.15739 184 184 184
3.36665 31.99837 1.27535 176 176 176
3.31041 32.00078 1.38785 176 176 176
3.25826 31.99694 1.50208 188 188 188
3.19129 32.00303 1.60850 179 179 179
3.13747 32.00041 1.72238 180 180 180
3.06996 32.00031 1.82840 186 186 186
2.99809 31.99924 1.93152 188 188 188
2.92281 32.00357 2.03220 182 182 182
2.84178 32.00825 2.12831 181 181 181
2.76005 32.00095 2.22384 189 189 189
2.67034 31.99664 2.31194 187 187 187
2.57841 32.00268 2.39751 182 182 182
2.48792 31.99653 2.48481 192 192 192
2.39136 31.99816 2.56538 188 188 188
2.28977 32.00184 2.63949 187 187 187
2.18456 32.00112 2.70822 189 189 189
2.07952 32.00324 2.77703 194 194 194
1.96808 31.99452 2.83502 186 186 186
1.86355 32.00139 2.90591 198 198 198
1.74979 31.99849 2.95970 192 192 192
1.63415 31.99540 3.00923 197 197 197
1.51949 31.99859 3.06176 201 201 201
1.39821 32.00306 3.09635 201 201 201
1.27866 32.00013 3.13573 193 193 193
1.15453 31.99738 3.15788 189 189 189
1.03018 31.99921 3.17593 192 192 192
0.90808 31.99955 3.20486 195 195 195
0.78460 31.99725 3.22856 189 189 189
0.65927 31.99839 3.23766 199 199 199
0.53378 31.99648 3.24116 198 198 198
0.40840 31.99695 3.25592 194 194 194
0.28281 31.99693 3.24636 194 194 194
0.15726 31.99575 3.24103 191 191 191
0.03249 32.00274 3.22600 199 199 199
-0.09143 32.00326 3.20578 194 194 194
-0.21774 31.99832 3.19778 193 193 193
-0.33976 31.99904 3.16630 193 193 193
-0.45924 31.99594 3.12639 197 197 197
-0.57635 31.99626 3.08074 190 190 190
-0.69888 32.00133 3.05141 193 193 193
-0.81717 31.99718 3.00878 198 198 198
-0.93126 32.00209 2.95593 202 202 202
-1.04456 31.99980 2.90159 189 189 189
-1.15229 32.00399 2.83680 185 185 185
-1.26101 31.99675 2.77421 195 195 195
-1.37055 32.00464 2.71238 190 190 190
-1.47560 31.99697 2.64310 196 196 196
-1.57744 32.00090 2.56902 184 184 184
-1.66363 32.00181 2.47602 186 186 186
-1.76051 32.00398 2.39631 186 186 186
-1.85024 32.00105 2.30864 186 186 186
-1.94453 32.00032 2.22502 189 189 189
-2.02590 32.00238 2.12909 187 187 187
-2.10124 31.99977 2.02844 186 186 186
-2.18377 31.99915 1.93332 194 194 194
-2.24266 32.00131 1.82138 183 183 183
-2.31749 31.99488 1.72043 185 185 185
-2.38361 31.99703 1.61360 184 184 184
-2.44798 31.99974 1.50540 179 179 179
-2.50296 32.00098 1.39215 182 182 182
-2.54937 31.99654 1.27515 176 176 176
-2.59171 32.00111 1.15680 181 181 181
-2.63330 31.99719 1.03831 173 173 173
-2.67337 31.99552 0.91915 174 174 174
-2.70201 32.00201 0.79674 174 174 174
-2.73031 32.00031 0.67433 172 172 172
-2.75057 32.00366 0.55033 170 170 170
-2.77327 31.99978 0.42658 159 159 159
-2.78071 31.99578 0.30099 178 178 178
-2.78691 32.00135 0.17554 165 165 165
-2.79232 32.00012 0.05000 158 158 158
-2.78605 31.99933 -0.07551 166 166 166
-2.78316 32.00092 -0.20118 162 162 162
-2.76862 31.99819 -0.32602 162 162 162
-2.75830 32.00308 -0.45156 157 157 157
-2.72727 31.99926 -0.57372 161 161 161
-2.69527 32.00079 -0.69512 158 158 158
-2.67313 31.99979 -0.81908 157 157 157
-2.62420 32.00160 -0.93535 153 153 153
-2.58799 32.00310 -1.05543 158 158 158
-2.55414 32.00272 -1.17712 154 154 154
-2.49719 32.00297 -1.28949 153 153 153
-2.44256 31.99866 -1.40263 160 160 160
-2.38472 31.99973 -1.51422 155 155 155
-2.31885 32.00561 -1.62126 152 152 152
-2.02706 31.99997 -2.03008 152 152 152
-1.85129 32.00305 -2.20968 155 155 155
-1.26065 32.00333 -2.67364 137 137 137
-0.93472 32.00030 -2.86344 141 141 141
-0.21691 31.99631 -3.09362 142 142 142
-0.09210 31.99946 -3.11002 145 145 145
0.40840 32.00068 -3.14760 136 136 136
0.78488 31.99835 -3.13087 142 142 142
0.90881 31.99809 -3.10949 139 139 139
1.03273 32.00064 -3.08875 140 140 140
1.15590 32.00059 -3.06359 139 139 139
1.27519 31.99918 -3.02341 141 141 141
1.39599 31.99921 -2.98951 134 134 134
1.51451 32.00346 -2.94824 142 142 142
1.63227 32.00042 -2.90469 148 148 148
1.75264 31.99902 -2.86590 141 141 141
1.85969 32.00194 -2.79833 147 147 147
1.96668 32.00216 -2.73251 140 140 140
2.08263 32.00236 -2.68210 150 150 150
2.18593 31.99751 -2.61026 151 151 151
2.28563 31.99788 -2.53379 143 143 143
2.39076 32.00081 -2.46461 151 151 151
2.48561 32.00464 -2.38211 152 152 152
2.58048 32.00026 -2.29975 142 142 142
2.67363 31.99829 -2.21524 152 152 152
2.75089 31.99788 -2.11538 150 150 150
2.84576 31.99748 -2.03171 150 150 150
2.91661 32.00397 -1.92732 152 152 152
2.98952 31.99741 -1.82529 152 152 152
3.07004 32.00510 -1.72846 141 141 141
3.13346 31.99459 -1.61992 157 157 157
3.19448 32.00141 -1.51028 161 161 161
3.25268 32.00003 -1.39923 158 158 158
3.31336 32.00086 -1.28921 163 163 163
3.36661 32.00375 -1.17533 157 157 157
3.41383 32.00022 -1.05876 159 159 159
3.45709 32.00250 -0.94058 161 161 161
3.48732 32.00104 -0.81835 157 157 157
3.51223 31.99880 -0.69516 157 157 157
3.54419 31.99726 -0.57375 161 161 161
3.56361 32.00005 -0.44974 160 160 160
3.58299 31.99797 -0.32574 162 162 162
3.60291 32.00155 -0.20141 168 168 168
3.60107 31.99757 -0.07544 166 166 166
3.60386 32.39960 0.05063 171 171 171
3.60358 32.39888 0.17626 168 168 168
3.58589 32.40112 0.30088 171 171 171
3.57976 32.39684 0.42625 173 173 173
3.56655 32.39924 0.55119 174 174 174
3.53948 32.40064 0.67390 175 175 175
3.51785 32.39980 0.79770 177 177 177
3.49071 32.40005 0.92058 177 177 177
3.45587 32.40467 1.04156 178 178 178
3.40514 32.40215 1.15704 174 174 174
3.36228 32.39391 1.27513 181 181 181
3.31385 32.40324 1.39113 182 182 182
3.25831 32.39656 1.50391 184 184 184
3.19435 32.40019 1.61213 177 177 177
3.13000 32.40188 1.71984 180 180 180
3.07083 32.40027 1.83116 183 183 183
2.99462 32.40081 1.93131 184 184 184
2.91712 32.40276 2.03017 186 186 186
2.83777 32.39788 2.12749 183 183 183
2.74496 32.40361 2.21267 185 185 185
2.67300 32.39817 2.31755 192 192 192
2.58024 32.40143 2.40262 192 192 192
2.47922 32.40074 2.47796 191 191 191
2.38591 32.40199 2.56203 187 187 187
2.28680 32.40374 2.63921 191 191 191
2.18295 32.40159 2.70990 192 192 192
2.08006 32.39900 2.78232 194 194 194
1.96820 32.40175 2.84000 193 193 193
1.85700 32.39580 2.89822 189 189 189
1.74229 32.40480 2.94909 183 183 183
1.63153 32.40089 3.00913 202 202 202
1.51269 32.39904 3.05024 187 187 187
1.39297 32.39794 3.08798 192 192 192
1.27298 32.39739 3.12442 192 192 192
1.15200 32.40133 3.15761 190 190 190
1.03078 32.39622 3.19120 197 197 197
0.90778 32.39980 3.21825 191 191 191
0.78250 32.40301 3.23101 192 192 192
0.65690 32.40492 3.23768 198 198 198
0.53148 32.40210 3.24245 195 195 195
0.40608 32.39343 3.24855 198 198 198
0.28069 32.39962 3.24207 187 187 187
0.15519 32.39935 3.23840 196 196 196
0.03001 32.40191 3.22804 193 193 193
-0.09505 32.40141 3.21463 198 198 198
-0.21726 32.39995 3.18434 197 197 197
-0.34168 32.40674 3.16528 190 190 190
-0.46149 32.40223 3.12679 193 193 193
-0.58247 32.39967 3.09306 193 193 193
-0.69964 32.39783 3.04781 195 195 195
-0.81497 32.40230 2.99849 187 187 187
-0.93215 32.39846 2.95348 194 194 194
-1.04704 32.40075 2.90254 197 197 197
-1.16257 32.40095 2.85164 193 193 193
-1.26646 32.40324 2.77996 190 190 190
-1.37091 32.39905 2.71007 185 185 185
-1.47285 32.39774 2.63675 191 191 191
-1.57567 32.39870 2.56447 187 187 187
-1.67545 32.40303 2.48778 200 200 200
-1.76628 32.40073 2.40067 190 190 190
-1.85325 32.40031 2.30995 183 183 183
-1.94467 32.39960 2.22364 188 188 188
-2.03219 32.40102 2.13310 190 190 190
-2.10863 32.39822 2.03306 191 191 191
-2.17599 32.40160 1.92660 187 187 187
-2.25402 32.39740 1.82804 176 176 176
-2.31805 32.39970 1.71998 183 183 183
-2.39174 32.40333 1.61748 187 187 187
-2.44691 32.39633 1.50429 180 180 180
-2.50359 32.39983 1.39200 182 182 182
-2.55729 32.39993 1.27809 172 172 172
-2.59981 32.39989 1.15955 177 177 177
-2.63681 32.40203 1.03932 173 173 173
-2.67797 32.40126 0.92042 173 173 173
-2.70261 32.39868 0.79696 175 175 175
-2.73282 32.40139 0.67499 171 171 171
-2.74999 32.40137 0.55050 172 172 172
-2.77004 32.39911 0.42654 172 172 172
-2.78429 32.39836 0.30171 180 180 180
-2.79263 32.40491 0.17630 173 173 173
-2.79361 32.40120 0.05063 171 171 171
-2.79889 32.39796 -0.07530 158 158 158
-2.78473 32.39817 -0.20050 155 155 155
-2.77407 32.39675 -0.32577 161 161 161
-2.75371 32.39488 -0.44984 160 160 160
-2.73915 32.40144 -0.57500 163 163 163
-2.70398 32.40460 -0.69603 157 157 157
-2.67157 32.39748 -0.81736 164 164 164
-2.64046 32.39989 -0.93926 158 158 158
-2.59313 32.40072 -1.05584 161 161 161
-2.53962 32.39907 -1.16952 155 155 155
-2.49528 32.40313 -1.28692 156 156 156
-2.43543 32.40300 -1.39720 145 145 145
-2.39098 32.40336 -1.51580 160 160 160
-2.10246 32.40125 -1.92695 146 146 146
-2.02038 32.40194 -2.02177 144 144 144
-1.85625 32.40256 -2.21170 149 149 149
-1.58057 32.39978 -2.46942 149 149 149
-1.37577 32.39898 -2.61610 144 144 144
-0.58006 32.39745 -2.98440 142 142 142
-0.21688 32.40491 -3.08120 142 142 142
0.02917 32.40037 -3.13381 134 134 134
0.28018 32.40059 -3.15356 137 137 137
0.78212 32.40257 -3.12652 137 137 137
0.90659 32.39843 -3.10948 141 141 141
1.02983 32.40284 -3.08519 138 138 138
1.15428 32.40096 -3.06586 141 141 141
1.27556 32.39970 -3.03232 140 140 140
1.39720 32.39830 -2.99973 141 141 141
1.50933 32.40046 -2.93988 138 138 138
1.62872 32.39852 -2.90110 147 147 147
1.74105 32.39904 -2.84515 140 140 140
1.86183 32.40291 -2.80646 144 144 144
1.96541 32.39914 -2.73377 149 149 149
2.07835 32.40005 -2.67827 145 145 145
2.18303 32.40005 -2.60877 147 147 147
2.28827 32.39841 -2.53999 140 140 140
2.38824 32.40234 -2.46373 152 152 152
2.48409 32.39953 -2.38242 151 151 151
2.58127 32.39711 -2.30249 146 146 146
2.66636 32.40035 -2.20966 149 149 149
2.75816 32.39787 -2.12362 144 144 144
2.84415 32.40232 -2.03169 150 150 150
2.92160 32.40035 -1.93246 152 152 152
2.99438 32.40051 -1.82989 148 148 148
3.06975 32.40144 -1.72918 148 148 148
3.13905 32.40142 -1.62414 154 154 154
3.20267 32.40026 -1.51554 150 150 150
3.26461 32.39657 -1.40587 155 155 155
3.30998 32.39958 -1.28809 153 153 153
3.35530 32.39751 -1.17098 152 152 152
3.40223 32.40178 -1.05472 155 155 155
3.44399 32.40067 -0.93645 159 159 159
3.48367 32.39979 -0.81735 161 161 161
3.51595 32.39886 -0.69599 160 160 160
3.54766 32.40217 -0.57427 160 160 160
3.56889 32.40055 -0.45031 162 162 162
3.58026 32.40213 -0.32506 171 171 171
3.60139 32.40083 -0.20085 166 166 166
3.60342 32.39966 -0.07500 164 164 164
3.60788 32.79754 0.05125 173 173 173
3.60027 32.79822 0.17685 177 177 177
3.60118 32.80040 0.30291 163 163 163
3.57890 32.80202 0.42708 167 167 167
3.55986 32.80457 0.55116 173 173 173
3.55050 32.80052 0.67722 167 167 167
3.51696 32.80185 0.79871 172 172 172
3.48447 32.80097 0.92016 173 173 173
3.44255 32.80369 1.03868 179 179 179
3.40372 32.79877 1.15807 174 174 174
3.35521 32.79795 1.27387 178 178 178
3.31392 32.80251 1.39295 181 181 181
3.25237 32.79941 1.50279 183 183 183
3.19828 32.80008 1.61637 174 174 174
3.13897 32.79725 1.72752 182 182 182
3.06683 32.80349 1.83079 183 183 183
2.99430 32.80287 1.93353 182 182 182
2.91407 32.79987 2.03039 181 181 181
2.83710 32.80185 2.12970 183 183 183
2.75298 32.79929 2.22304 189 189 189
2.66294 32.80314 2.31063 187 187 187
2.57650 32.79534 2.40193 188 188 188
2.48550 32.80048 2.48890 193 193 193
2.38244 32.80041 2.56146 187 187 187
2.28377 32.79686 2.63915 197 197 197
2.18157 32.80047 2.71225 191 191 191
2.07706 32.79797 2.78216 191 191 191
1.96798 32.80020 2.84474 194 194 194
1.85506 32.79700 2.89999 190 190 190
1.74393 32.79581 2.95876 189 189 189
1.62607 32.80216 3.00267 193 193 193
1.51019 32.80066 3.05091 195 195 195
1.39372 32.79991 3.09866 191 191 191
1.27289 32.79813 3.13368 193 193 193
1.15057 32.79812 3.16281 196 196 196
1.02703 32.80179 3.18568 201 201 201
0.90440 32.79797 3.21349 194 194 194
0.78087 32.80001 3.23921 191 191 191
0.65431 32.80152 3.23742 199 199 199
0.52949 32.80033 3.25646 196 196 196
0.40355 32.80102 3.25245 198 198 198
0.27785 32.79856 3.25055 205 205 205
0.15258 32.79986 3.24021 201 201 201
0.02836 32.80506 3.22120 196 196 196
-0.09806 32.79955 3.21830 192 192 192
-0.22006 32.80183 3.18638 193 193 193
-0.34452 32.79809 3.16719 199 199 199
-0.46634 32.79871 3.13565 190 190 190
-0.58363 32.80452 3.08950 199 199 199
-0.70346 32.80430 3.05193 200 200 200
-0.81907 32.80119 3.00293 196 196 196
-0.93650 32.79809 2.95805 192 192 192
-1.05153 32.79906 2.90701 187 187 187
-1.16642 32.80356 2.85463 184 184 184
-1.26667 32.79697 2.77680 188 188 188
-1.37031 32.80281 2.70602 185 185 185
-1.47102 32.80152 2.63138 193 193 193
-1.57379 32.80079 2.55950 190 190 190
-1.67448 32.79927 2.48432 192 192 192
-1.76314 32.80336 2.39517 192 192 192
-1.85343 32.79443 2.30823 190 190 190
-1.94765 32.80227 2.22468 188 188 188
-2.03507 32.80105 2.13403 192 192 192
-2.10331 32.79745 2.02750 182 182 182
-2.18418 32.80225 1.93135 184 184 184
-2.25905 32.80165 1.83034 182 182 182
-2.32198 32.79716 1.72146 177 177 177
-2.39115 32.79822 1.61636 179 179 179
-2.45243 32.79771 1.50645 181 181 181
-2.50824 32.79821 1.39360 182 182 182
-2.55684 32.80139 1.27748 181 181 181
-2.59129 32.79303 1.15610 175 175 175
-2.63962 32.79871 1.04004 180 180 180
-2.68549 32.80224 0.92245 173 173 173
-2.70713 32.80162 0.79806 174 174 174
-2.73417 32.80361 0.67538 171 171 171
-2.75935 32.79730 0.55220 177 177 177
-2.78267 32.79541 0.42836 169 169 169
-2.78305 32.79585 0.30204 179 179 179
-2.79545 32.79959 0.17694 169 169 169
-2.80226 32.80249 0.05125 171 171 171
-2.80031 32.80007 -0.07463 166 166 166
-2.78635 32.79632 -0.19980 162 162 162
-2.76087 32.80493 -0.32328 170 170 170
-2.76102 32.79626 -0.44997 166 166 166
-2.73738 32.80158 -0.57352 157 157 157
-2.70840 32.80427 -0.69586 163 163 163
-2.67718 32.79778 -0.81761 160 160 160
-2.63548 32.80072 -0.93619 159 159 159
-2.60870 32.79906 -1.06003 155 155 155
-2.54837 32.80081 -1.17148 159 159 159
-2.50316 32.80463 -1.28876 150 150 150
-2.44891 32.80127 -1.40215 152 152 152
-2.38706 32.80211 -1.51157 156 156 156
-2.32221 32.79945 -1.61910 142 142 142
-2.26146 32.79827 -1.72946 155 155 155
-2.10579 32.79831 -1.92696 148 148 148
-2.02732 32.80116 -2.02491 153 153 153
-1.94281 32.80049 -2.11771 150 150 150
-1.47738 32.80084 -2.53763 147 147 147
-1.37829 32.79975 -2.61547 144 144 144
-0.09635 32.79893 -3.10504 142 142 142
0.27776 32.79811 -3.15042 138 138 138
0.65422 32.80051 -3.13374 136 136 136
0.77962 32.80357 -3.12609 148 148 148
0.90442 32.80423 -3.11108 137 137 137
1.02656 32.80223 -3.08082 137 137 137
1.15241 32.79982 -3.06794 138 138 138
1.27297 32.80260 -3.03147 144 144 144
1.39150 32.79709 -2.98935 146 146 146
1.51015 32.79804 -2.94831 137 137 137
1.62761 32.79920 -2.90388 138 138 138
1.74553 32.80123 -2.85972 146 146 146
1.85480 32.80106 -2.79698 145 145 145
1.97180 32.80558 -2.74905 136 136 136
2.07305 32.79876 -2.67313 146 146 146
2.17915 32.80027 -2.60612 135 135 135
2.28888 32.80166 -2.54369 145 145 145
2.38377 32.80113 -2.46064 146 146 146
2.47984 32.80036 -2.37977 148 148 148
2.57882 32.80047 -2.30195 146 146 146
2.66417 32.80150 -2.20937 145 145 145
2.74722 32.79977 -2.11521 143 143 143
2.83422 32.80009 -2.02473 153 153 153
2.91534 32.80145 -1.92888 151 151 151
2.99340 32.79844 -1.83038 152 152 152
3.05140 32.80052 -1.71799 156 156 156
3.13647 32.80046 -1.62348 153 153 153
3.19333 32.79937 -1.51110 149 149 149
3.25445 32.79998 -1.40136 152 152 152
3.31594 32.80138 -1.29138 150 150 150
3.36665 32.80176 -1.17611 157 157 157
3.40360 32.79838 -1.05553 156 156 156
3.45123 32.79544 -0.93900 155 155 155
3.48721 32.79902 -0.81843 156 156 156
3.52163 32.79440 -0.69733 159 159 159
3.54275 32.79794 -0.57317 162 162 162
3.56894 32.80098 -0.45010 164 164 164
3.58640 32.79891 -0.32546 164 164 164
3.59305 32.80059 -0.19977 165 165 165
3.59635 32.79781 -0.07420 164 164 164
3.60026 33.19969 0.05188 166 166 166
3.60578 33.20037 0.17780 167 167 167
3.59226 33.20303 0.30305 171 171 171
3.57493 33.19583 0.42756 165 165 165
3.56355 33.19849 0.55280 169 169 169
3.53863 33.19988 0.67602 175 175 175
3.51801 33.19694 0.80024 173 173 173
3.47757 33.20226 0.91961 171 171 171
3.45006 33.19867 1.04263 174 174 174
3.40172 33.20250 1.15897 176 176 176
3.35255 33.19940 1.27452 182 182 182
3.30471 33.19716 1.39059 179 179 179
3.24810 33.19965 1.50264 186 186 186
3.18957 33.19822 1.61365 180 180 180
3.12820 33.19811 1.72321 186 186 186
3.06634 33.20016 1.83292 181 181 181
2.99064 33.19963 1.93349 188 188 188
2.92271 33.20226 2.03997 184 184 184
2.83135 33.19902 2.12774 183 183 183
2.74891 33.20327 2.22243 186 186 186
2.66789 33.19808 2.31894 186 186 186
2.57488 33.19823 2.40375 187 187 187
2.47395 33.20101 2.47920 194 194 194
2.38362 33.19398 2.56704 185 185 185
2.28201 33.20317 2.64111 192 192 192
2.18066 33.20272 2.71559 193 193 193
2.07507 33.19912 2.78400 188 188 188
1.96547 33.19796 2.84576 190 190 190
1.85126 33.20396 2.89853 201 201 201
1.74279 33.20257 2.96282 197 197 197
1.62648 33.19903 3.01088 194 194 194
1.50683 33.20173 3.04984 188 188 188
1.39094 33.19805 3.09915 194 194 194
1.26937 33.20341 3.13151 196 196 196
1.14855 33.20085 3.16640 198 198 198
1.02539 33.20028 3.19181 189 189 189
0.90206 33.20140 3.21658 196 196 196
0.77689 33.19884 3.22926 202 202 202
0.65155 33.19771 3.23770 190 190 190
0.52660 33.19863 3.25315 192 192 192
0.40082 33.19879 3.26038 196 196 196
0.27503 33.20559 3.25357 197 197 197
0.14928 33.19920 3.24800 202 202 202
0.02476 33.19446 3.22917 191 191 191
-0.09830 33.20398 3.20319 190 190 190
-0.22226 33.20482 3.18430 199 199 199
-0.34640 33.20009 3.16429 195 195 195
-0.46622 33.19785 3.12618 187 187 187
-0.58906 33.19851 3.09843 195 195 195
-0.70830 33.20173 3.05827 187 187 187
-0.82160 33.19922 3.00305 196 196 196
-0.94113 33.20079 2.96280 196 196 196
-1.05105 33.19946 2.90134 194 194 194
-1.16199 33.19820 2.84249 194 194 194
-1.26698 33.19637 2.77349 199 199 199
-1.37588 33.20153 2.71090 197 197 197
-1.47693 33.20449 2.63638 193 193 193
-1.57849 33.20084 2.56262 187 187 187
-1.67933 33.20342 2.48742 190 190 190
-1.77132 33.19994 2.40168 196 196 196
-1.85861 33.19172 2.31130 187 187 187
-1.94080 33.20307 2.21645 189 189 189
-2.02634 33.20415 2.12487 183 183 183
-2.11437 33.19795 2.03469 190 190 190
-2.18622 33.19879 1.93147 190 190 190
-2.26212 33.19684 1.83120 190 190 190
-2.32458 33.19691 1.72200 182 182 182
-2.39212 33.19933 1.61600 181 181 181
-2.44634 33.20068 1.50258 183 183 183
-2.50438 33.19734 1.39119 180 180 180
-2.56420 33.20346 1.28003 170 170 170
-2.60208 33.19886 1.15970 175 175 175
-2.64306 33.19897 1.04089 177 177 177
-2.67937 33.20357 0.92058 174 174 174
-2.70034 33.20602 0.79640 174 174 174
-2.73430 33.20069 0.67549 178 178 178
-2.76152 33.19457 0.55274 167 167 167
-2.77258 33.20135 0.42747 164 164 164
-2.78864 33.20136 0.30289 167 167 167
-2.78944 33.20034 0.17722 171 171 171
-2.79610 33.20159 0.05188 166 166 166
-2.79718 33.19803 -0.07377 163 163 163
-2.79438 33.20127 -0.19959 158 158 158
-2.77826 33.19941 -0.32439 162 162 162
-2.75467 33.19782 -0.44791 160 160 160
-2.73905 33.19533 -0.57268 163 163 163
-2.71194 33.20129 -0.69543 163 163 163
-2.68320 33.19867 -0.81791 162 162 162
-2.64242 33.20044 -0.93693 162 162 162
-2.59752 33.20138 -1.05427 154 154 154
-2.55381 33.19615 -1.17197 157 157 157
-2.51345 33.20068 -1.29162 161 161 161
-2.44950 33.20099 -1.40044 154 154 154
-2.39595 33.19790 -1.51439 149 149 149
-2.32310 33.20249 -1.61735 145 145 145
-2.19321 33.20502 -1.83280 157 157 157
-1.77167 33.19529 -2.29832 146 146 146
-1.37203 33.20191 -2.60139 147 147 147
-1.26939 33.20387 -2.67367 139 139 139
-0.94176 33.20120 -2.86042 148 148 148
-0.46692 33.20195 -3.02491 138 138 138
-0.34703 33.19804 -3.06314 145 145 145
-0.22349 33.19800 -3.08675 142 142 142
-0.10070 33.19900 -3.11463 140 140 140
0.02410 33.20260 -3.13106 143 143 143
0.15001 33.20246 -3.13499 138 138 138
0.27527 33.20137 -3.14371 143 143 143
0.65168 33.20376 -3.13560 144 144 144
0.77705 33.19951 -3.12686 141 141 141
0.90182 33.19683 -3.11128 146 146 146
1.02558 33.19624 -3.08901 140 140 140
1.14771 33.20029 -3.05915 134 134 134
1.26872 33.19806 -3.02544 144 144 144
1.38995 33.19924 -2.99234 138 138 138
1.50907 33.20296 -2.95215 144 144 144
1.62439 33.19847 -2.90208 139 139 139
1.74076 33.20196 -2.85468 140 140 140
1.85316 33.19954 -2.79850 146 146 146
1.96460 33.19419 -2.74045 147 147 147
2.07183 33.20091 -2.67497 142 142 142
2.17837 33.19865 -2.60841 146 146 146
2.28047 33.20026 -2.53523 145 145 145
2.38127 33.20073 -2.46031 145 145 145
2.47387 33.20175 -2.37535 148 148 148
2.56738 33.19930 -2.29190 145 145 145
2.66883 33.20129 -2.21614 140 140 140
2.75055 33.20476 -2.12019 146 146 146
2.84303 33.19878 -2.03397 157 157 157
2.91016 33.19692 -1.92633 154 154 154
2.99351 33.19559 -1.83183 161 161 161
3.06363 33.19732 -1.72735 141 141 141
3.12760 33.20226 -1.61910 153 153 153
3.19396 33.20750 -1.51236 155 155 155
3.25034 33.19693 -1.40003 158 158 158
3.30394 33.20319 -1.28648 162 162 162
3.34676 33.19575 -1.16837 161 161 161
3.41380 33.19823 -1.05967 159 159 159
3.44405 33.19918 -0.93693 160 160 160
3.48834 33.20254 -0.81890 162 162 162
3.50961 33.19911 -0.69448 153 153 153
3.54145 33.20337 -0.57283 167 167 167
3.55629 33.19791 -0.44790 161 161 161
3.58447 33.20294 -0.32493 162 162 162
3.59463 33.19877 -0.19948 165 165 165
3.59207 33.20549 -0.07351 171 171 171
3.60279 33.60318 0.05250 167 167 167
3.58707 33.59885 0.17780 173 173 173
3.58836 33.60263 0.30360 170 170 170
3.57803 33.60137 0.42889 170 170 170
3.55172 33.60055 0.55202 177 177 177
3.53914 33.60126 0.67733 171 171 171
3.50793 33.60228 0.79915 175 175 175
3.47563 33.60238 0.92051 182 182 182
3.43705 33.60372 1.03998 173 173 173
3.40318 33.60195 1.16121 176 176 176
3.35229 33.60130 1.27625 174 174 174
3.31237 33.60416 1.39609 180 180 180
3.25278 33.59779 1.50714 176 176 176
3.18598 33.59992 1.61391 186 186 186
3.11624 33.59723 1.71831 181 181 181
3.06584 33.59334 1.83517 184 184 184
2.99001 33.60222 1.93579 186 186 186
2.91802 33.59796 2.03921 190 190 190
2.83049 33.60117 2.13014 188 188 188
2.75416 33.60349 2.23062 185 185 185
2.66194 33.59693 2.31655 189 189 189
2.56966 33.59812 2.40191 186 186 186
2.47529 33.60787 2.48483 183 183 183
2.37596 33.60043 2.56168 196 196 196
2.27846 33.60118 2.64088 188 188 188
2.17254 33.59685 2.70845 186 186 186
2.06926 33.60482 2.77993 187 187 187
1.96394 33.59817 2.84890 194 194 194
1.85347 33.60138 2.90924 190 190 190
1.73682 33.60091 2.95688 192 192 192
1.62215 33.60113 3.00813 188 188 188
1.50343 33.59873 3.04921 196 196 196
1.38616 33.59948 3.09410 194 194 194
1.26840 33.60003 3.13912 189 189 189
1.14761 33.60440 3.17533 202 202 202
1.02265 33.59894 3.19339 195 195 195
0.89916 33.60510 3.21741 192 192 192
0.77304 33.59917 3.22219 193 193 193
0.64829 33.59929 3.23411 192 192 192
0.52334 33.59751 3.24561 202 202 202
0.39789 33.60121 3.25743 193 193 193
0.27269 33.59926 3.23905 199 199 199
0.14687 33.60232 3.24195 192 192 192
0.02187 33.60049 3.22947 203 203 203
-0.10266 33.60019 3.21283 187 187 187
-0.22696 33.59637 3.19383 192 192 192
-0.34967 33.59678 3.16631 207 207 207
-0.47012 33.59714 3.13021 200 200 200
-0.59128 33.60224 3.09684 198 198 198
-0.70998 33.60038 3.05550 192 192 192
-0.82603 33.59798 3.00730 197 197 197
-0.94265 33.59726 2.96035 190 190 190
-1.05422 33.60058 2.90243 198 198 198
-1.16566 33.60102 2.84441 196 196 196
-1.27366 33.59916 2.78021 190 190 190
-1.38375 33.59999 2.71890 193 193 193
-1.48569 33.59661 2.64503 187 187 187
-1.58302 33.59909 2.56527 193 193 193
-1.67695 33.60101 2.48183 193 193 193
-1.77609 33.60052 2.40430 191 191 191
-1.86195 33.60263 2.31234 181 181 181
-1.94901 33.60475 2.22195 182 182 182
-2.03954 33.59890 2.13426 174 174 174
-2.12314 33.59883 2.03992 183 183 183
-2.18674 33.60167 1.93034 182 182 182
-2.26895 33.60096 1.83443 181 181 181
-2.33204 33.59759 1.72540 181 181 181
-2.38959 33.59880 1.61356 185 185 185
-2.45676 33.60160 1.50702 182 182 182
-2.51320 33.60327 1.39453 171 171 171
-2.55924 33.60221 1.27738 177 177 177
-2.61005 33.59541 1.16219 181 181 181
-2.64386 33.60312 1.04082 179 179 179
-2.68257 33.60029 0.92128 182 182 182
-2.71605 33.59846 0.80009 176 176 176
-2.74024 33.60009 0.67671 171 171 171
-2.76187 33.59657 0.55296 173 173 173
-2.78024 33.59743 0.42866 168 168 168
-2.78595 33.59919 0.30307 172 172 172
-2.79590 33.60207 0.17798 169 169 169
-2.79201 33.59805 0.05250 164 164 164
-2.79645 33.60294 -0.07301 164 164 164
-2.79504 33.60117 -0.19879 168 168 168
-2.77765 33.59866 -0.32335 166 166 166
-2.76007 33.60031 -0.44767 160 160 160
-2.73703 33.59935 -0.57107 154 154 154
-2.71936 33.59866 -0.69588 161 161 161
-2.67789 33.59745 -0.81496 161 161 161
-2.64534 33.60331 -0.93631 158 158 158
-2.60810 33.60136 -1.05647 154 154 154
-2.56746 33.59299 -1.17579 156 156 156
-2.51129 33.60045 -1.28865 152 152 152
-2.45573 33.59822 -1.40149 156 156 156
-2.38750 33.59748 -1.50739 152 152 152
-1.27836 33.59869 -2.68288 146 146 146
-0.94032 33.60001 -2.85030 143 143 143
-0.10298 33.60230 -3.10983 138 138 138
0.27202 33.59787 -3.15107 140 140 140
0.39789 33.60578 -3.14495 138 138 138
0.52357 33.59697 -3.14630 141 141 141
0.77359 33.59615 -3.12180 135 135 135
0.89789 33.59366 -3.10439 134 134 134
1.02106 33.60117 -3.08042 137 137 137
1.14589 33.60160 -3.06314 140 140 140
1.26721 33.60266 -3.02989 138 138 138
1.38648 33.59977 -2.99009 139 139 139
1.50643 33.59910 -2.95234 142 142 142
1.62635 33.59934 -2.91328 139 139 139
1.73334 33.59866 -2.84433 140 140 140
1.85378 33.60088 -2.80485 143 143 143
1.96141 33.59626 -2.73937 149 149 149
2.07374 33.60119 -2.68224 148 148 148
2.17153 33.60029 -2.60194 147 147 147
2.27786 33.59714 -2.53506 144 144 144
2.38119 33.59886 -2.46331 151 151 151
2.47687 33.60066 -2.38167 140 140 140
2.57338 33.60084 -2.30094 145 145 145
2.66102 33.59694 -2.21063 145 145 145
2.74639 33.60049 -2.11843 151 151 151
2.82581 33.60132 -2.02114 146 146 146
2.92101 33.59981 -1.93657 154 154 154
2.98443 33.60107 -1.82673 156 156 156
3.05863 33.60052 -1.72535 152 152 152
3.12479 33.59916 -1.61855 156 156 156
3.18559 33.59870 -1.50869 155 155 155
3.25257 33.60227 -1.40203 156 156 156
3.30886 33.59808 -1.28948 158 158 158
3.36065 33.60049 -1.17472 153 153 153
3.39676 33.60218 -1.05384 152 152 152
3.44265 33.59863 -0.93680 156 156 156
3.47562 33.59800 -0.81551 158 158 158
3.51094 33.59575 -0.69488 166 166 166
3.53792 33.60115 -0.57209 165 165 165
3.57053 33.60145 -0.45000 162 162 162
3.57746 33.59844 -0.32383 169 169 169
3.59513 33.59854 -0.19913 167 167 167
3.59187 33.60647 -0.07299 168 168 168
3.59762 34.00423 0.05313 170 170 170
3.59297 34.00215 0.17878 167 167 167
3.58125 34.00185 0.30391 175 175 175
3.57182 33.99933 0.42916 167 167 167
3.55134 33.99880 0.55308 175 175 175
3.53097 33.99859 0.67696 173 173 173
3.50423 34.00345 0.79965 176 176 176
3.46882 33.99650 0.92010 183 183 183
3.43822 34.00246 1.04201 178 178 178
3.39598 34.00139 1.16034 178 178 178
3.34913 34.00173 1.27687 181 181 181
3.29488 33.99810 1.39010 179 179 179
3.24928 33.99759 1.50758 170 170 170
3.18571 34.00182 1.61614 186 186 186
3.12933 33.99738 1.72888 173 173 173
3.05737 33.99984 1.83223 186 186 186
2.97843 33.99945 1.93028 185 185 185
2.90665 33.99837 2.03335 190 190 190
2.82875 34.00186 2.13196 180 180 180
2.74861 33.99842 2.22901 185 185 185
2.65558 34.00257 2.31395 183 183 183
2.57361 34.00103 2.41020 194 194 194
2.46806 33.99941 2.48066 190 190 190
2.37349 34.00076 2.56315 190 190 190
2.27535 33.99788 2.64155 186 186 186
2.17187 33.99818 2.71277 190 190 190
2.06809 33.99935 2.78377 190 190 190
1.95794 34.00100 2.84441 190 190 190
1.84519 34.00204 2.89977 188 188 188
1.73523 33.99818 2.96085 193 193 193
1.62229 33.99708 3.01667 196 196 196
1.50136 33.99454 3.05273 194 194 194
1.38137 33.99918 3.08964 195 195 195
1.26243 33.99872 3.12968 196 196 196
1.14270 34.00107 3.16855 194 194 194
1.01881 34.00076 3.19047 195 195 195
0.89483 34.00052 3.21049 197 197 197
0.77103 33.99655 3.23231 195 195 195
0.64614 34.00099 3.24738 199 199 199
0.52035 34.00329 3.24978 197 197 197
0.39475 34.00009 3.26324 195 195 195
0.26932 33.99838 3.24552 195 195 195
0.14437 33.99711 3.23449 199 199 199
0.01785 34.00170 3.23754 195 195 195
-0.10556 33.99893 3.21195 196 196 196
-0.22915 33.99664 3.18969 197 197 197
-0.35353 33.99536 3.16993 201 201 201
-0.47165 33.99876 3.12513 195 195 195
-0.59828 34.00008 3.10936 186 186 186
-0.71009 34.00124 3.04793 189 189 189
-0.82660 33.99983 3.00172 193 193 193
-0.94453 33.99944 2.95824 188 188 188
-1.05958 33.99699 2.90741 187 187 187
-1.16823 34.00244 2.84402 193 193 193
-1.27538 34.00136 2.77852 190 190 190
-1.38059 34.00062 2.71011 188 188 188
-1.48267 34.00146 2.63717 182 182 182
-1.58637 34.00244 2.56616 189 189 189
-1.68964 33.99853 2.49364 184 184 184
-1.78012 34.00001 2.40588 193 193 193
-1.86886 33.99764 2.31673 186 186 186
-1.95821 34.00340 2.22817 188 188 188
-2.04647 33.99730 2.13812 194 194 194
-2.11682 34.00128 2.03309 180 180 180
-2.19787 34.00023 1.93677 187 187 187
-2.26301 34.00019 1.82898 178 178 178
-2.32950 34.00279 1.72255 181 181 181
-2.39613 34.00120 1.61609 182 182 182
-2.44775 33.99828 1.50145 181 181 181
-2.51205 34.00003 1.39318 178 178 178
-2.55327 33.99866 1.27423 180 180 180
-2.60853 34.00074 1.16109 174 174 174
-2.64645 34.00192 1.04127 174 174 174
-2.68931 34.00016 0.92292 181 181 181
-2.71962 33.99997 0.80082 173 173 173
-2.75305 34.00093 0.67926 169 169 169
-2.76757 34.00233 0.55399 173 173 173
-2.78053 33.99910 0.42894 164 164 164
-2.80277 34.00060 0.30478 163 163 163
-2.80471 34.00101 0.17883 167 167 167
-2.80241 34.00440 0.05313 169 169 169
-2.80635 33.99982 -0.07265 169 169 169
-2.80275 33.99850 -0.19852 165 165 165
-2.78065 33.99941 -0.32271 168 168 168
-2.76295 34.00004 -0.44701 159 159 159
-2.75162 34.00119 -0.57273 168 168 168
-2.72267 34.00251 -0.69530 159 159 159
-2.68663 34.00753 -0.81591 156 156 156
-2.64959 34.00040 -0.93604 160 160 160
-2.60842 33.99930 -1.05480 162 162 162
-2.55798 33.99886 -1.16994 157 157 157
-2.50655 34.00267 -1.28439 159 159 159
-2.45833 33.99992 -1.40059 150 150 150
-2.40486 34.00347 -1.51473 156 156 156
-2.19849 33.99979 -1.83097 150 150 150
-1.95182 34.00028 -2.11602 146 146 146
-1.27435 34.00174 -2.67060 140 140 140
-0.71532 34.00013 -2.95585 135 135 135
0.39475 33.99986 -3.15243 135 135 135
0.77095 33.99944 -3.12534 138 138 138
0.89466 34.00063 -3.10318 134 134 134
1.01981 34.00249 -3.08929 141 141 141
1.14083 33.99908 -3.05452 143 143 143
1.26595 33.99906 -3.03593 140 140 140
1.38512 34.00078 -2.99494 146 146 146
1.50297 34.00148 -2.95083 143 143 143
1.62167 34.00546 -2.90892 142 142 142
1.73237 33.99873 -2.84841 145 145 145
1.84717 33.99727 -2.79740 143 143 143
1.95989 33.99913 -2.74163 139 139 139
2.06723 33.99635 -2.67611 143 143 143
2.17354 34.00386 -2.60902 140 140 140
2.27551 34.00536 -2.53553 151 151 151
2.37534 33.99981 -2.45924 143 143 143
2.47178 33.99505 -2.37877 149 149 149
2.56547 33.99897 -2.29515 149 149 149
2.65743 34.00716 -2.20955 150 150 150
2.74582 34.00105 -2.12018 153 153 153
2.82901 33.99766 -2.02593 148 148 148
2.91319 33.99849 -1.93226 158 158 158
2.98442 34.00007 -1.82838 157 157 157
3.04663 34.00027 -1.71880 146 146 146
3.12484 34.00194 -1.61988 156 156 156
3.18058 34.00159 -1.50702 154 154 154
3.25173 33.99800 -1.40258 152 152 152
3.30496 34.00078 -1.28850 160 160 160
3.34911 34.00010 -1.17061 153 153 153
3.39162 34.00079 -1.05248 155 155 155
3.43894 33.99772 -0.93599 160 160 160
3.47875 34.00010 -0.81665 159 159 159
3.50804 34.00061 -0.69431 158 158 158
3.53418 33.99575 -0.57135 160 160 160
3.54463 34.00107 -0.44577 164 164 164
3.57056 34.00436 -0.32276 165 165 165
3.59012 34.00021 -0.19836 168 168 168
3.58957 34.00007 -0.07240 171 171 171
3.58542 34.40015 0.05375 165 165 165
3.58513 34.39791 0.17923 166 166 166
3.59183 34.39590 0.30563 172 172 172
3.57495 34.39869 0.43055 176 176 176
3.55652 34.39626 0.55505 167 167 167
3.53449 34.39679 0.67895 168 168 168
3.49946 34.39601 0.79993 178 178 178
3.46731 34.39789 0.92124 177 177 177
3.43343 34.39665 1.04216 183 183 183
3.38555 34.40322 1.15835 179 179 179
3.33917 34.39759 1.27475 178 178 178
3.29348 34.39932 1.39162 183 183 183
3.24181 34.40276 1.50610 183 183 183
3.18861 34.40257 1.62026 177 177 177
3.12023 34.39957 1.72597 181 181 181
3.05025 34.40179 1.83033 181 181 181
2.97817 34.40233 1.93314 186 186 186
2.90606 34.39968 2.03614 185 185 185
2.82769 34.39838 2.13453 192 192 192
2.74294 34.40501 2.22748 183 183 183
2.65171 34.40034 2.31405 183 183 183
2.56631 34.40384 2.40655 188 188 188
2.47032 34.40016 2.48784 192 192 192
2.37051 34.39762 2.56422 193 193 193
2.27300 34.39907 2.64354 185 185 185
2.17094 34.39860 2.71701 187 187 187
2.06709 34.39828 2.78820 188 188 188
1.95604 34.40096 2.84759 202 202 202
1.84514 34.40313 2.90686 189 189 189
1.73046 34.40164 2.95838 196 196 196
1.61524 34.40113 3.00833 194 194 194
1.49779 34.40496 3.05274 199 199 199
1.37966 34.40320 3.09528 201 201 201
1.26054 34.39902 3.13545 200 200 200
1.13905 34.40081 3.16789 204 204 204
1.01583 34.39748 3.19292 200 200 200
0.89216 34.39934 3.21533 199 199 199
0.76741 34.39879 3.23055 197 197 197
0.64227 34.40772 3.24118 195 195 195
0.51702 34.40129 3.25078 194 194 194
0.39141 34.39923 3.24751 197 197 197
0.26561 34.39963 3.25564 190 190 190
0.14038 34.40146 3.24343 190 190 190
0.01474 34.39846 3.23626 196 196 196
-0.10806 34.40080 3.20727 195 195 195
-0.23405 34.39738 3.19815 195 195 195
-0.35611 34.39932 3.16741 197 197 197
-0.47849 34.40221 3.13819 194 194 194
-0.59861 34.39760 3.10073 193 193 193
-0.71628 34.39685 3.05628 194 194 194
-0.83516 34.40350 3.01495 192 192 192
-0.94751 34.40055 2.95809 191 191 191
-1.06234 34.39972 2.90690 197 197 197
-1.17633 34.40288 2.85315 198 198 198
-1.28186 34.40134 2.78428 191 191 191
-1.38999 34.40407 2.71981 196 196 196
-1.48993 34.40700 2.64319 190 190 190
-1.59251 34.40329 2.57034 191 191 191
-1.69056 34.39570 2.49143 183 183 183
-1.78236 34.40111 2.40532 190 190 190
-1.87383 34.39409 2.31899 194 194 194
-1.95614 34.40007 2.22381 189 189 189
-2.03955 34.40118 2.12999 177 177 177
-2.11642 34.40001 2.03077 184 184 184
-2.19388 34.40071 1.93207 175 175 175
-2.26518 34.39839 1.82883 181 181 181
-2.33209 34.39635 1.72271 184 184 184
-2.40390 34.39859 1.61920 178 178 178
-2.46133 34.39959 1.50729 182 182 182
-2.52142 34.39808 1.39659 181 181 181
-2.56470 34.40020 1.27821 184 184 184
-2.61370 34.39730 1.16239 178 178 178
-2.64988 34.40114 1.04192 174 174 174
-2.69489 34.39928 0.92418 169 169 169
-2.72102 34.40377 0.80098 170 170 170
-2.74682 34.40032 0.67798 160 160 160
-2.76718 34.40001 0.55402 178 178 178
-2.78378 34.39838 0.42956 173 173 173
-2.80378 34.39719 0.30522 171 171 171
-2.80656 34.39986 0.17940 171 171 171
-2.81072 34.40077 0.05375 167 167 167
-2.80639 34.40464 -0.07189 167 167 167
-2.79736 34.39486 -0.19721 166 166 166
-2.79599 34.40317 -0.32350 163 163 163
-2.76776 34.40043 -0.44661 165 165 165
-2.74493 34.39575 -0.57011 159 159 159
-2.71911 34.39884 -0.69302 165 165 165
-2.69449 34.39520 -0.81656 163 163 163
-2.65537 34.40203 -0.93621 167 167 167
-2.61628 34.40109 -1.05585 156 156 156
-2.56404 34.40162 -1.17044 161 161 161
-2.51757 34.40065 -1.28731 155 155 155
-2.45650 34.39934 -1.39733 148 148 148
-2.40021 34.40038 -1.50963 150 150 150
-2.11857 34.40088 -1.92496 150 150 150
-1.95005 34.39975 -2.11067 144 144 144
-1.69171 34.39911 -2.38527 151 151 151
-1.49379 34.39825 -2.54100 140 140 140
-1.27830 34.40032 -2.67098 146 146 146
-1.16895 34.39978 -2.73248 143 143 143
-1.06313 34.39799 -2.80095 144 144 144
-0.95086 34.40271 -2.85785 149 149 149
-0.71796 34.40074 -2.95333 141 141 141
-0.35304 34.40084 -3.04712 138 138 138
0.01611 34.40161 -3.11713 135 135 135
0.14057 34.39926 -3.13351 143 143 143
0.26558 34.39581 -3.14891 142 142 142
0.76770 34.40238 -3.12548 135 135 135
0.89192 34.40103 -3.10637 139 139 139
1.01367 34.40126 -3.07458 141 141 141
1.13744 34.40323 -3.05371 142 142 142
1.25859 34.39716 -3.02105 138 138 138
1.38087 34.39746 -2.99151 136 136 136
1.49897 34.40370 -2.94841 140 140 140
1.61312 34.40234 -2.89572 142 142 142
1.73141 34.39796 -2.85293 150 150 150
1.84516 34.40058 -2.79939 142 142 142
1.95744 34.40212 -2.74260 143 143 143
2.06405 34.40239 -2.67574 148 148 148
2.16952 34.40116 -2.60738 148 148 148
2.27208 34.39605 -2.53477 140 140 140
2.37279 34.39553 -2.45962 140 140 140
2.46897 34.40146 -2.37876 150 150 150
2.56635 34.40034 -2.29909 143 143 143
2.65160 34.39842 -2.20644 148 148 148
2.74523 34.39933 -2.12210 143 143 143
2.82929 34.39978 -2.02840 151 151 151
2.90046 34.40010 -1.92422 152 152 152
2.97730 34.39974 -1.82501 143 143 143
3.05403 34.40023 -1.72535 153 153 153
3.12343 34.40058 -1.62043 153 153 153
3.18654 34.39588 -1.51160 153 153 153
3.24572 34.39795 -1.40059 155 155 155
3.29843 34.39987 -1.28641 152 152 152
3.35807 34.40084 -1.17508 159 159 159
3.39429 34.40518 -1.05407 155 155 155
3.44446 34.40226 -0.93825 153 153 153
3.47078 34.40211 -0.81472 164 164 164
3.50187 34.40055 -0.69301 170 170 170
3.52639 34.40176 -0.56984 164 164 164
3.56755 34.39896 -0.44930 165 165 165
3.57063 34.40178 -0.32254 161 161 161
3.58072 34.39966 -0.19725 165 165 165
3.59850 34.39847 -0.07226 172 172 172
3.59003 34.79853 0.05437 173 173 173
3.58913 34.79945 0.18015 171 171 171
3.58131 34.79921 0.30570 165 165 165
3.56001 34.80290 0.42982 175 175 175
3.54424 34.79979 0.55430 173 173 173
3.52281 34.79860 0.67795 174 174 174
3.51178 34.80383 0.80436 174 174 174
3.46659 34.79790 0.92266 178 178 178
3.43998 34.79981 1.04606 181 181 181
3.39159 34.79597 1.16251 172 172 172
3.34448 34.79861 1.27904 181 181 181
3.29651 34.79674 1.39528 187 187 187
3.22984 34.79967 1.50243 172 172 172
3.17683 34.80084 1.61627 178 178 178
3.12061 34.79971 1.72900 182 182 182
3.05050 34.79647 1.83349 191 191 191
2.98064 34.80152 1.93813 185 185 185
2.90506 34.80428 2.03877 190 190 190
2.81366 34.80000 2.12619 186 186 186
2.73347 34.80284 2.22263 185 185 185
2.64819 34.80154 2.31469 189 189 189
2.55724 34.79728 2.40119 194 194 194
2.46265 34.79831 2.48363 190 190 190
2.36751 34.79749 2.56554 188 188 188
2.26470 34.79951 2.63760 187 187 187
2.16494 34.80185 2.71395 196 196 196
2.06066 34.80240 2.78412 193 193 193
1.95418 34.80242 2.85122 197 197 197
1.84195 34.79778 2.90817 184 184 184
1.72824 34.79891 2.96187 191 191 191
1.61444 34.80132 3.01558 195 195 195
1.49623 34.79928 3.05872 194 194 194
1.37811 34.80085 3.10201 199 199 199
1.25663 34.79967 3.13476 196 196 196
1.13557 34.79902 3.16875 200 200 200
1.01201 34.79974 3.19215 197 197 197
0.88903 34.79585 3.21856 200 200 200
0.76393 34.80198 3.23165 192 192 192
0.63871 34.80440 3.24154 189 189 189
0.51344 34.80047 3.25027 193 193 193
0.38787 34.80213 3.25999 189 189 189
0.26216 34.80149 3.25383 189 189 189
0.13657 34.80345 3.24748 202 202 202
0.01170 34.79997 3.23265 199 199 199
-0.11306 34.80037 3.21712 196 196 196
-0.23654 34.79023 3.19348 192 192 192
-0.35891 34.79829 3.16493 198 198 198
-0.47954 34.80015 3.12997 192 192 192
-0.60423 34.80005 3.10776 195 195 195
-0.72166 34.79715 3.06189 194 194 194
-0.84066 34.79940 3.02031 197 197 197
-0.95274 34.79737 2.96239 195 195 195
-1.06523 34.80040 2.90625 186 186 186
-1.17390 34.79754 2.84312 192 192 192
-1.27823 34.79855 2.77321 193 193 193
-1.38750 34.79838 2.71140 192 192 192
-1.49718 34.80095 2.64892 196 196 196
-1.58908 34.80258 2.56213 191 191 191
-1.68813 34.80290 2.48507 193 193 193
-1.79253 34.80605 2.41312 186 186 186
-1.86437 34.79891 2.30661 184 184 184
-1.96185 34.80250 2.22643 184 184 184
-2.04250 34.80111 2.13011 185 185 185
-2.12559 34.80525 2.03583 191 191 191
-2.19725 34.79915 1.93258 177 177 177
-2.28219 34.80234 1.83845 182 182 182
-2.34523 34.80238 1.72922 180 180 180
-2.40158 34.80138 1.61655 177 177 177
-2.45957 34.79858 1.50522 180 180 180
-2.51778 34.79842 1.39390 183 183 183
-2.56939 34.79980 1.27931 179 179 179
-2.61829 34.79776 1.16341 178 178 178
-2.65584 34.80360 1.04334 181 181 181
-2.69253 34.79819 0.92314 181 181 181
-2.72682 34.80353 0.80215 180 180 180
-2.75001 34.80178 0.67854 169 169 169
-2.77945 34.80099 0.55603 174 174 174
-2.79613 34.80224 0.43123 172 172 172
-2.80294 34.80007 0.30550 170 170 170
-2.80348 34.79835 0.17976 170 170 170
-2.82224 34.79835 0.05438 158 158 158
-2.81592 34.80009 -0.07150 158 158 158
-2.80305 34.80208 -0.19676 156 156 156
-2.79243 34.79880 -0.32204 167 167 167
-2.77260 34.80055 -0.44619 164 164 164
-2.74488 34.80026 -0.56877 165 165 165
-2.72471 34.79959 -0.69289 168 168 168
-2.69191 34.80062 -0.81421 157 157 157
-2.65374 34.80200 -0.93390 167 167 167
-2.60803 34.79543 -1.05087 152 152 152
-2.56395 34.79982 -1.16831 161 161 161
-2.51875 34.79712 -1.28559 161 161 161
-2.46212 34.79790 -1.39777 158 158 158
-2.40240 34.79903 -1.50825 153 153 153
-2.20231 34.79840 -1.82750 154 154 154
-1.95833 34.80372 -2.11443 153 153 153
-1.87049 34.80316 -2.20399 146 146 146
-1.78731 34.80341 -2.29873 140 140 140
-1.59086 34.80132 -2.45563 143 143 143
-1.17220 34.80429 -2.73133 137 137 137
-0.48138 34.80103 -3.02776 143 143 143
-0.35754 34.79880 -3.05047 139 139 139
-0.11234 34.80343 -3.10381 142 142 142
0.26231 34.79964 -3.14134 144 144 144
0.63861 34.80483 -3.13156 137 137 137
0.76441 34.79850 -3.12702 138 138 138
0.88853 34.80071 -3.10666 139 139 139
1.01170 34.79973 -3.08182 146 146 146
1.13486 34.80094 -3.05704 148 148 148
1.25811 34.79862 -3.03127 136 136 136
1.37741 34.79798 -2.99112 136 136 136
1.49457 34.79971 -2.94546 135 135 135
1.61296 34.80158 -2.90326 144 144 144
1.72644 34.79791 -2.84920 147 147 147
1.83844 34.79639 -2.79253 149 149 149
1.95239 34.80179 -2.73927 142 142 142
2.06536 34.80013 -2.68304 144 144 144
2.16699 34.79808 -2.60827 142 142 142
2.26718 34.79678 -2.53228 145 145 145
2.37304 34.80120 -2.46380 150 150 150
2.46207 34.79930 -2.37420 148 148 148
2.55788 34.80107 -2.29313 147 147 147
2.64831 34.80481 -2.20607 150 150 150
2.73401 34.79916 -2.11437 151 151 151
2.82052 34.79827 -2.02330 154 154 154
2.89861 34.80461 -1.92493 146 146 146
2.98133 34.80279 -1.82988 149 149 149
3.05291 34.79363 -1.72634 148 148 148
3.11874 34.80301 -1.61910 143 143 143
3.18080 34.79902 -1.50974 162 162 162
3.24225 34.80242 -1.40000 156 156 156
3.29092 34.79824 -1.28395 158 158 158
3.33973 34.80286 -1.16832 151 151 151
3.39553 34.80134 -1.05521 154 154 154
3.42750 34.79883 -0.93326 157 157 157
3.46830 34.79919 -0.81440 160 160 160
3.50134 34.79890 -0.69310 163 163 163
3.52905 34.79702 -0.57044 171 171 171
3.54670 34.80176 -0.44593 164 164 164
3.56723 34.79913 -0.32193 166 166 166
3.58090 34.80087 -0.19692 158 158 158
3.58217 34.80227 -0.07113 162 162 162
3.58420 35.19756 0.05500 169 169 169
3.57603 35.19959 0.18041 168 168 168
3.57977 35.20073 0.30650 163 163 163
3.55982 35.20055 0.43087 166 166 166
3.54070 35.20103 0.55495 170 170 170
3.51773 35.19790 0.67831 171 171 171
3.49763 35.20472 0.80249 176 176 176
3.46444 35.20091 0.92373 175 175 175
3.42098 35.19985 1.04173 176 176 176
3.38168 35.20148 1.16085 171 171 171
3.35013 35.20142 1.28355 178 178 178
3.29015 35.19754 1.39469 180 180 180
3.23031 35.20142 1.50520 181 181 181
3.17968 35.19987 1.62058 187 187 187
3.11245 35.20343 1.72692 181 181 181
3.05331 35.20325 1.83849 182 182 182
2.96989 35.20197 1.93366 191 191 191
2.89678 35.20202 2.03581 190 190 190
2.81486 35.19700 2.13103 187 187 187
2.74149 35.20034 2.23412 181 181 181
2.64151 35.20034 2.31238 189 189 189
2.55238 35.20082 2.40059 191 191 191
2.46177 35.19582 2.48760 184 184 184
2.36616 35.20269 2.56919 187 187 187
2.26503 35.20019 2.64383 190 190 190
2.16306 35.20004 2.71735 194 194 194
2.05048 35.20314 2.77423 189 189 189
1.94614 35.20078 2.84416 193 193 193
1.83383 35.19953 2.90019 191 191 191
1.72156 35.19936 2.95609 195 195 195
1.60867 35.20084 3.01130 197 197 197
1.48966 35.20077 3.05165 184 184 184
1.37457 35.19987 3.10325 191 191 191
1.25304 35.19837 3.13590 190 190 190
1.13293 35.20023 3.17396 195 195 195
1.00877 35.19428 3.19526 195 195 195
0.88441 35.19797 3.21359 186 186 186
0.76028 35.19994 3.23302 187 187 187
0.63605 35.20164 3.25589 189 189 189
0.50969 35.20168 3.25048 194 194 194
0.38414 35.20312 3.25529 201 201 201
0.25827 35.19993 3.25856 196 196 196
0.13264 35.20394 3.25058 198 198 198
0.00853 35.19722 3.22849 196 196 196
-0.11666 35.19862 3.21690 195 195 195
-0.24169 35.19891 3.20121 193 193 193
-0.36343 35.20118 3.16883 193 193 193
-0.48501 35.20371 3.13675 201 201 201
-0.60351 35.19851 3.09467 199 199 199
-0.72035 35.19770 3.04885 187 187 187
-0.84040 35.20002 3.01129 195 195 195
-0.95474 35.19997 2.95924 198 198 198
-1.06624 35.19609 2.90152 192 192 192
-1.17648 35.20071 2.84167 187 187 187
-1.28577 35.19930 2.78003 194 194 194
-1.39999 35.20214 2.72513 183 183 183
-1.49596 35.20343 2.64273 185 185 185
-1.59283 35.19998 2.56276 190 190 190
-1.69334 35.19530 2.48741 189 189 189
-1.78390 35.20026 2.40037 183 183 183
-1.87709 35.20037 2.31622 188 188 188
-1.95242 35.19912 2.21489 192 192 192
-2.05134 35.19890 2.13509 182 182 182
-2.13020 35.19800 2.03714 186 186 186
-2.20767 35.19955 1.93806 178 178 178
-2.27670 35.19899 1.83291 182 182 182
-2.34485 35.19522 1.72732 183 183 183
-2.40269 35.19858 1.61570 181 181 181
-2.46023 35.19672 1.50428 182 182 182
-2.51820 35.20632 1.39300 181 181 181
-2.57499 35.20170 1.28071 178 178 178
-2.61959 35.19663 1.16313 176 176 176
-2.64752 35.20277 1.04004 180 180 180
-2.69436 35.19970 0.92323 175 175 175
-2.72917 35.19564 0.80244 172 172 172
-2.75635 35.20026 0.67968 171 171 171
-2.77513 35.19786 0.55538 169 169 169
-2.79379 35.20196 0.43113 173 173 173
-2.80684 35.20356 0.30614 173 173 173
-2.82490 35.20050 0.18108 161 161 161
-2.82422 35.20413 0.05500 168 168 168
-2.81526 35.20299 -0.07070 166 166 166
-2.80425 35.19905 -0.19593 166 166 166
-2.78651 35.20008 -0.32027 161 161 161
-2.78319 35.19675 -0.44666 155 155 155
-2.75851 35.19968 -0.57011 168 168 168
-2.73444 35.20392 -0.69370 157 157 157
-2.69243 35.20136 -0.81268 160 160 160
-2.66428 35.19851 -0.93549 156 156 156
-2.61669 35.19569 -1.05206 154 154 154
-2.57242 35.19680 -1.16964 162 162 162
-2.51869 35.19923 -1.28322 155 155 155
-2.45980 35.20059 -1.39406 146 146 146
-2.40302 35.19815 -1.50588 148 148 148
-2.33397 35.20185 -1.61065 153 153 153
-1.96419 35.19848 -2.11577 150 150 150
-1.87152 35.20034 -2.20066 150 150 150
-1.49611 35.20120 -2.53294 146 146 146
-0.95335 35.19880 -2.84624 149 149 149
-0.60621 35.19507 -2.99296 143 143 143
0.50986 35.19744 -3.14490 140 140 140
0.76084 35.20245 -3.12779 136 136 136
0.88469 35.20086 -3.10540 137 137 137
1.00710 35.19955 -3.07686 148 148 148
1.13053 35.19715 -3.05396 144 144 144
1.25252 35.19901 -3.02404 142 142 142
1.37171 35.19511 -2.98444 139 139 139
1.49253 35.19811 -2.94945 138 138 138
1.61253 35.19950 -2.91062 135 135 135
1.71890 35.19681 -2.84033 143 143 143
1.84039 35.19827 -2.80307 151 151 151
1.94211 35.20065 -2.72697 144 144 144
2.05687 35.20140 -2.67465 140 140 140
2.15657 35.19991 -2.59764 140 140 140
2.26276 35.19965 -2.53070 148 148 148
2.36640 35.19887 -2.45949 153 153 153
2.45789 35.19807 -2.37305 141 141 141
2.55583 35.20082 -2.29433 153 153 153
2.64376 35.19942 -2.20462 141 141 141
2.73282 35.20320 -2.11610 147 147 147
2.82051 35.19855 -2.02586 163 163 163
2.89271 35.20235 -1.92260 149 149 149
2.97172 35.19729 -1.82499 159 159 159
3.03974 35.20226 -1.71942 155 155 155
3.11227 35.20131 -1.61681 158 158 158
3.17546 35.19719 -1.50822 152 152 152
3.23676 35.20402 -1.39848 149 149 149
3.29324 35.19594 -1.28611 151 151 151
3.34852 35.20134 -1.17289 160 160 160
3.38974 35.20122 -1.05383 160 160 160
3.43325 35.20144 -0.93572 162 162 162
3.46799 35.19870 -0.81474 154 154 154
3.49767 35.19909 -0.69249 163 163 163
3.52110 35.19978 -0.56898 173 173 173
3.54439 35.20015 -0.44554 169 169 169
3.56125 35.20265 -0.32104 167 167 167
3.57581 35.19839 -0.19619 167 167 167
3.58116 35.19888 -0.07061 166 166 166
3.57376 35.60290 0.05563 175 175 175
3.58575 35.59992 0.18157 168 168 168
3.57477 35.60182 0.30704 171 171 171
3.55807 35.60089 0.43175 170 170 170
3.54094 35.59895 0.55624 175 175 175
3.52032 35.59605 0.68023 172 172 172
3.48851 35.60054 0.80186 181 181 181
3.46199 35.59576 0.92478 168 168 168
3.41839 35.60154 1.04279 171 171 171
3.38997 35.59760 1.16599 179 179 179
3.32937 35.59947 1.27721 178 178 178
3.27812 35.60120 1.39158 171 171 171
3.23274 35.59582 1.50907 178 178 178
3.16961 35.60065 1.61777 183 183 183
3.10230 35.59570 1.72373 179 179 179
3.03460 35.60200 1.82923 190 190 190
2.97350 35.60280 1.93977 188 188 188
2.89909 35.60053 2.04135 179 179 179
2.81475 35.59734 2.13492 182 182 182
2.72951 35.60343 2.22730 186 186 186
2.64140 35.60193 2.31682 191 191 191
2.54809 35.59989 2.40083 182 182 182
2.46187 35.59843 2.49294 181 181 181
2.35813 35.60118 2.56461 184 184 184
2.26493 35.59666 2.64973 189 189 189
2.15654 35.60166 2.71411 195 195 195
2.05336 35.60350 2.78598 190 190 190
1.94212 35.60093 2.84463 184 184 184
1.83214 35.59902 2.90521 193 193 193
1.72073 35.60245 2.96344 193 193 193
1.60469 35.59951 3.01180 192 192 192
1.49365 35.59645 3.07375 190 190 190
1.36953 35.60186 3.10047 192 192 192
1.24846 35.60143 3.13424 198 198 198
1.12640 35.60202 3.16376 198 198 198
1.00464 35.59955 3.19486 195 195 195
0.88007 35.59465 3.21164 199 199 199
0.75622 35.60162 3.23262 193 193 193
0.63156 35.60082 3.24948 197 197 197
0.50588 35.59949 3.25440 198 198 198
0.38020 35.60107 3.25020 197 197 197
0.25447 35.59731 3.25565 193 193 193
0.12990 35.59967 3.23608 197 197 197
0.00420 35.59812 3.23248 202 202 202
-0.12082 35.60252 3.21897 191 191 191
-0.24458 35.59790 3.19661 197 197 197
-0.36753 35.59556 3.17017 191 191 191
-0.49093 35.59931 3.14442 193 193 193
-0.60749 35.60026 3.09544 200 200 200
-0.72840 35.60281 3.06063 198 198 198
-0.84590 35.60172 3.01570 192 192 192
-0.95661 35.59440 2.95540 192 192 192
-1.07438 35.59967 2.91040 189 189 189
-1.18595 35.59872 2.85218 187 187 187
-1.28946 35.60404 2.78027 191 191 191
-1.40119 35.59968 2.72167 188 188 188
-1.50154 35.59955 2.64562 191 191 191
-1.59968 35.59862 2.56709 189 189 189
-1.69711 35.60083 2.48784 198 198 198
-1.78722 35.60239 2.40033 189 189 189
-1.88739 35.60199 2.32322 181 181 181
-1.97328 35.60014 2.23116 191 191 191
-2.04791 35.59915 2.12943 186 186 186
-2.13093 35.59791 2.03524 180 180 180
-2.21074 35.59868 1.93805 184 184 184
-2.28684 35.60449 1.83768 186 186 186
-2.34510 35.59935 1.72569 175 175 175
-2.41227 35.60018 1.61948 175 175 175
-2.47208 35.59392 1.50894 182 182 182
-2.52602 35.59979 1.39541 184 184 184
-2.58433 35.59759 1.28358 182 182 182
-2.62157 35.60186 1.16304 181 181 181
-2.66471 35.59692 1.04498 180 180 180
-2.70169 35.59947 0.92481 181 181 181
-2.73778 35.60085 0.80419 179 179 179
-2.76001 35.60489 0.68025 174 174 174
-2.78613 35.59697 0.55712 177 177 177
-2.79555 35.60189 0.43150 166 166 166
-2.81119 35.59501 0.30679 166 166 166
-2.81784 35.60081 0.18128 167 167 167
-2.81573 35.60080 0.05563 163 163 163
-2.81560 35.60418 -0.06994 163 163 163
-2.81427 35.59914 -0.19579 167 167 167
-2.80173 35.60121 -0.32098 170 170 170
-2.77763 35.59741 -0.44453 165 165 165
-2.75265 35.60313 -0.56754 157 157 157
-2.72886 35.60299 -0.69080 161 161 161
-2.69672 35.59883 -0.81216 162 162 162
-2.66068 35.59624 -0.93242 160 160 160
-2.61482 35.60186 -1.04930 156 156 156
-2.57387 35.59891 -1.16799 155 155 155
-2.51928 35.60225 -1.28106 158 158 158
-2.47261 35.59818 -1.39796 154 154 154
-2.41180 35.60293 -1.50797 148 148 148
-2.05580 35.59885 -2.02491 148 148 148
-1.60136 35.59442 -2.45798 145 145 145
-1.07063 35.60458 -2.79180 145 145 145
-0.84479 35.59695 -2.90177 132 132 132
0.00421 35.59746 -3.12108 136 136 136
0.75680 35.59600 -3.12621 143 143 143
0.88084 35.59986 -3.10527 142 142 142
1.00448 35.60001 -3.08285 134 134 134
1.12793 35.59985 -3.05889 141 141 141
1.24961 35.60174 -3.02705 131 131 131
1.36812 35.59872 -2.98487 135 135 135
1.49003 35.59857 -2.95269 148 148 148
1.60522 35.60168 -2.90183 143 143 143
1.72253 35.60401 -2.85611 142 142 142
1.83522 35.60402 -2.80001 140 140 140
1.94502 35.60167 -2.73855 144 144 144
2.05422 35.60162 -2.67612 149 149 149
2.15681 35.59696 -2.60326 142 142 142
2.26036 35.60242 -2.53219 140 140 140
2.35997 35.59973 -2.45570 148 148 148
2.45534 35.59777 -2.37405 153 153 153
2.55446 35.60019 -2.29648 140 140 140
2.64315 35.60037 -2.20732 146 146 146
2.73559 35.60331 -2.12167 142 142 142
2.81992 35.60007 -2.02809 153 153 153
2.88924 35.59742 -1.92234 155 155 155
2.96666 35.59802 -1.82355 150 150 150
3.04061 35.59953 -1.72200 156 156 156
3.10387 35.59786 -1.61344 155 155 155
3.17533 35.60104 -1.50972 153 153 153
3.22215 35.60071 -1.39242 157 157 157
3.28853 35.60302 -1.28513 150 150 150
3.33827 35.59876 -1.16965 153 153 153
3.37711 35.59984 -1.04999 154 154 154
3.41913 35.59802 -0.93178 153 153 153
3.45667 35.60034 -0.81203 165 165 165
3.50229 35.60331 -0.69392 161 161 161
3.51356 35.59716 -0.56764 169 169 169
3.53995 35.60028 -0.44483 160 160 160
3.56319 35.59829 -0.32111 163 163 163
3.57411 35.60391 -0.19574 168 168 168
3.57065 35.59727 -0.06973 162 162 162
3.57181 36.00415 0.05625 164 164 164
3.57303 35.99656 0.18186 162 162 162
3.56185 36.00058 0.30698 170 170 170
3.55281 36.00178 0.43224 174 174 174
3.53484 36.00178 0.55655 170 170 170
3.52000 36.00273 0.68162 170 170 170
3.49098 35.99962 0.80407 174 174 174
3.45209 36.00653 0.92378 177 177 177
3.41683 35.99576 1.04425 172 172 172
3.38329 35.99714 1.16567 182 182 182
3.32839 35.99890 1.27914 176 176 176
3.27851 35.99395 1.39429 180 180 180
3.23674 35.99899 1.51383 182 182 182
3.17056 35.99530 1.62124 175 175 175
3.10221 35.99980 1.72683 175 175 175
3.04244 36.00024 1.83786 182 182 182
2.96739 36.00232 1.93895 181 181 181
2.88689 36.00061 2.03561 184 184 184
2.81113 36.00282 2.13598 182 182 182
2.72495 35.99889 2.22753 190 190 190
2.63266 35.99857 2.31283 183 183 183
2.54948 36.00202 2.40742 187 187 187
2.44871 35.99513 2.48299 188 188 188
2.36235 36.00133 2.57583 190 190 190
2.26048 36.00505 2.64991 197 197 197
2.15041 36.00087 2.71173 191 191 191
2.04872 35.99954 2.78576 196 196 196
1.93715 35.99951 2.84375 190 190 190
1.82711 36.00244 2.90406 192 192 192
1.71489 36.00602 2.96036 189 189 189
1.59954 36.00473 3.00996 192 192 192
1.48580 35.99899 3.06429 193 193 193
1.36476 35.99877 3.09912 188 188 188
1.24400 36.00121 3.13368 190 190 190
1.12226 35.99989 3.16434 189 189 189
1.00045 35.99872 3.19521 192 192 192
0.87625 36.00007 3.21424 201 201 201
0.75186 36.00128 3.23119 192 192 192
0.62680 36.00135 3.24194 193 193 193
0.50195 36.00497 3.25986 194 194 194
0.37608 36.00169 3.25395 198 198 198
0.25023 36.00408 3.25936 192 192 192
0.12553 36.00228 3.23978 196 196 196
0.00027 35.99615 3.23146 199 199 199
-0.12353 36.00078 3.21066 199 199 199
-0.24723 36.00267 3.18981 188 188 188
-0.37328 35.99942 3.17755 201 201 201
-0.49059 35.99567 3.12922 193 193 193
-0.61390 35.99957 3.10310 197 197 197
-0.73002 35.99967 3.05447 197 197 197
-0.84913 36.00058 3.01417 193 193 193
-0.96323 35.99976 2.96143 195 195 195
-1.07477 36.00283 2.90369 190 190 190
-1.18238 35.99940 2.83908 197 197 197
-1.30007 36.00092 2.79147 193 193 193
-1.39982 36.00189 2.71407 192 192 192
-1.50497 35.99986 2.64528 181 181 181
-1.60430 35.99943 2.56835 188 188 188
-1.70799 35.99579 2.49638 190 190 190
-1.79933 35.99683 2.40959 186 186 186
-1.88710 36.00203 2.31942 189 189 189
-1.97212 36.00015 2.22690 191 191 191
-2.06271 36.00327 2.13917 182 182 182
-2.13885 35.99776 2.03886 185 185 185
-2.21025 36.00284 1.93533 183 183 183
-2.28580 36.00110 1.83486 184 184 184
-2.35429 36.00411 1.72942 177 177 177
-2.41594 35.99818 1.61985 174 174 174
-2.47447 36.00122 1.50868 181 181 181
-2.54174 36.00375 1.40138 175 175 175
-2.58444 36.00047 1.28254 176 176 176
-2.62815 35.99705 1.16457 175 175 175
-2.66057 35.99602 1.04292 178 178 178
-2.70196 36.00263 0.92435 173 173 173
-2.73311 35.99717 0.80270 175 175 175
-2.76766 36.00292 0.68158 170 170 170
-2.78865 35.99886 0.55749 176 176 176
-2.79801 36.00057 0.43193 168 168 168
-2.81389 35.99789 0.30731 169 169 169
-2.82596 35.99888 0.18206 161 161 161
-2.82089 36.00094 0.05625 169 169 169
-2.81492 36.00091 -0.06912 173 173 173
-2.81463 35.99603 -0.19486 166 166 166
-2.79968 36.00202 -0.31963 161 161 161
-2.77885 35.99765 -0.44344 156 156 156
-2.75296 35.99903 -0.56615 164 164 164
-2.72902 35.99890 -0.68922 160 160 160
-2.71393 36.00085 -0.81522 162 162 162
-2.66722 36.00328 -0.93258 154 154 154
-2.62317 35.99698 -1.05023 158 158 158
-2.57694 36.00089 -1.16693 154 154 154
-2.52641 35.99958 -1.28182 153 153 153
-2.47798 36.00103 -1.39796 156 156 156
-2.41563 36.00099 -1.50718 153 153 153
-2.35645 36.00213 -1.61825 157 157 157
-2.13570 36.00088 -1.92388 152 152 152
-1.97247 36.00068 -2.11472 144 144 144
-1.88313 36.00179 -2.20295 146 146 146
-0.73095 36.00220 -2.94447 144 144 144
-0.12422 35.99844 -3.10250 133 133 133
0.62774 35.99681 -3.14147 137 137 137
0.75252 36.00187 -3.12434 142 142 142
0.87550 36.00498 -3.09697 141 141 141
0.99960 36.00130 -3.07842 140 140 140
1.12463 36.00103 -3.06169 146 146 146
1.24283 35.99929 -3.01701 138 138 138
1.36481 36.00257 -2.98676 141 141 141
1.48341 35.99829 -2.94530 136 136 136
1.60382 36.00009 -2.90779 136 136 136
1.71490 36.00079 -2.84787 139 139 139
1.83012 35.99572 -2.79747 137 137 137
1.94189 36.00195 -2.73972 141 141 141
2.04866 36.00138 -2.67316 140 140 140
2.15619 36.00145 -2.60788 143 143 143
2.25998 35.99752 -2.53672 144 144 144
2.35546 36.00079 -2.45458 146 146 146
2.44995 35.99775 -2.37194 151 151 151
2.54930 35.99727 -2.29473 144 144 144
2.64125 35.99870 -2.20892 153 153 153
2.72892 36.00105 -2.11870 143 143 143
2.81215 36.00073 -2.02436 150 150 150
2.88860 35.99801 -1.92446 147 147 147
2.96181 36.00077 -1.82240 151 151 151
3.03301 36.00222 -1.71906 159 159 159
3.11133 35.99685 -1.61992 150 150 150
3.16866 35.99841 -1.50767 153 153 153
3.23203 36.00065 -1.39893 153 153 153
3.27912 35.99642 -1.28207 151 151 151
3.33843 36.00149 -1.17080 157 157 157
3.38054 36.00003 -1.05216 159 159 159
3.42088 36.00036 -0.93307 165 165 165
3.45112 35.99529 -0.81100 160 160 160
3.48366 35.99831 -0.68981 158 158 158
3.52078 36.00200 -0.56927 164 164 164
3.54390 35.99989 -0.44548 169 169 169
3.56036 35.99990 -0.32063 166 166 166
3.56703 35.99858 -0.19488 171 171 171
3.57652 35.99887 -0.06950 164 164 164
3.56734 36.39855 0.05688 164 164 164
3.56668 36.40154 0.18240 168 168 168
3.55619 36.39779 0.30749 168 168 168
3.53817 36.40246 0.43164 168 168 168
3.52535 36.39945 0.55635 178 178 178
3.50344 36.39579 0.67980 170 170 170
3.48556 36.39963 0.80443 168 168 168
3.45709 36.40239 0.92703 180 180 180
3.41927 36.39379 1.04707 182 182 182
3.37407 36.39689 1.16449 180 180 180
3.32917 36.39814 1.28188 169 169 169
3.27815 36.39935 1.39674 184 184 184
3.22712 36.39697 1.51175 186 186 186
3.16567 36.40334 1.62154 183 183 183
3.09769 36.39815 1.72733 180 180 180
3.03585 36.40197 1.83697 186 186 186
2.95718 36.40057 1.93530 184 184 184
2.88486 36.40289 2.03804 187 187 187
2.80229 36.40164 2.13275 186 186 186
2.71558 36.39894 2.22348 186 186 186
2.63024 36.40199 2.31536 180 180 180
2.54892 36.40035 2.41211 190 190 190
2.44707 36.39735 2.48675 190 190 190
2.35467 36.40310 2.57219 184 184 184
2.25035 36.40201 2.64254 193 193 193
2.14866 36.40129 2.71619 185 185 185
2.04533 36.39521 2.78789 189 189 189
1.93868 36.39758 2.85481 203 203 203
1.82325 36.39948 2.90559 186 186 186
1.71308 36.40122 2.96643 189 189 189
1.59851 36.40110 3.01852 188 188 188
1.47808 36.40393 3.05570 190 190 190
1.36178 36.40075 3.10385 192 192 192
1.24129 36.40464 3.14000 204 204 204
1.11986 36.40002 3.17295 202 202 202
0.99668 36.39806 3.19857 195 195 195
0.87265 36.40056 3.21935 196 196 196
0.74785 36.39684 3.23441 198 198 198
0.62256 36.39772 3.24355 194 194 194
0.49738 36.40213 3.25410 193 193 193
0.37176 36.39918 3.25247 199 199 199
0.24601 36.39861 3.25738 200 200 200
0.12004 36.40050 3.25529 192 192 192
-0.00335 36.40046 3.22612 198 198 198
-0.12859 36.39813 3.21595 205 205 205
-0.25401 36.39874 3.20281 200 200 200
-0.37537 36.40263 3.16889 189 189 189
-0.49864 36.40157 3.14307 189 189 189
-0.61584 36.39856 3.09639 193 193 193
-0.73859 36.39909 3.06660 197 197 197
-0.85051 36.40221 3.00770 194 194 194
-0.96622 36.39571 2.95917 193 193 193
-1.07991 36.39813 2.90593 190 190 190
-1.19254 36.39850 2.85014 190 190 190
-1.30104 36.40174 2.78664 194 194 194
-1.39928 36.40226 2.70742 198 198 198
-1.51014 36.40406 2.64709 188 188 188
-1.60812 36.40310 2.56834 189 189 189
-1.70841 36.40158 2.49244 188 188 188
-1.79650 36.40141 2.40248 182 182 182
-1.89154 36.40133 2.32017 190 190 190
-1.97978 36.39646 2.23061 184 184 184
-2.06044 36.40073 2.13417 185 185 185
-2.13469 36.40146 2.03280 185 185 185
-2.21421 36.40170 1.93569 178 178 178
-2.29056 36.40128 1.83578 181 181 181
-2.36931 36.39877 1.73661 186 186 186
-2.41741 36.40181 1.61888 179 179 179
-2.48795 36.40045 1.51397 177 177 177
-2.53405 36.39953 1.39647 181 181 181
-2.58538 36.39674 1.28176 178 178 178
-2.63970 36.40007 1.16786 175 175 175
-2.67265 36.40228 1.04606 180 180 180
-2.70647 36.40093 0.92502 171 171 171
-2.73466 36.39332 0.80266 181 181 181
-2.76164 36.40302 0.68015 174 174 174
-2.78986 36.39946 0.55763 173 173 173
-2.81644 36.40071 0.43422 166 166 166
-2.81193 36.39781 0.30744 174 174 174
-2.82655 36.40120 0.18254 168 168 168
-2.83304 36.39684 0.05688 165 165 165
-2.82165 36.39755 -0.06859 159 159 159
-2.81463 36.39805 -0.19390 162 162 162
-2.81259 36.40021 -0.32002 156 156 156
-2.78778 36.39858 -0.44355 159 159 159
-2.77426 36.39793 -0.56891 160 160 160
-2.74455 36.40393 -0.69129 163 163 163
-2.70970 36.40130 -0.81218 166 166 166
-2.67526 36.39936 -0.93316 157 157 157
-2.63338 36.40007 -1.05178 155 155 155
-2.58792 36.39883 -1.16907 159 159 159
-2.53862 36.39797 -1.28483 157 157 157
-2.48211 36.40226 -1.39724 150 150 150
-2.41620 36.40244 -1.50445 147 147 147
-2.21520 36.39796 -1.82266 154 154 154
-2.14624 36.40060 -1.92815 150 150 150
-1.97512 36.40216 -2.11255 151 151 151
-1.88972 36.40121 -2.20460 141 141 141
-1.61344 36.40175 -2.46133 146 146 146
-1.40560 36.40163 -2.60313 143 143 143
-1.07907 36.40154 -2.79053 150 150 150
-0.96656 36.40470 -2.84616 135 135 135
-0.85165 36.39524 -2.89670 136 136 136
-0.61601 36.39792 -2.98315 140 140 140
-0.12916 36.39669 -3.10577 136 136 136
0.62235 36.40321 -3.12720 137 137 137
0.74743 36.40066 -3.11718 147 147 147
0.87286 36.40012 -3.10697 140 140 140
0.99623 36.39910 -3.08253 138 138 138
1.11936 36.39988 -3.05710 143 143 143
1.23987 36.40012 -3.02122 136 136 136
1.36047 36.39764 -2.98607 143 143 143
1.48276 36.39898 -2.95462 137 137 137
1.59538 36.40478 -2.89722 144 144 144
1.70878 36.40003 -2.84334 141 141 141
1.82318 36.39858 -2.79170 140 140 140
1.93961 36.39838 -2.74272 149 149 149
2.04538 36.39881 -2.67422 148 148 148
2.15438 36.39729 -2.61100 142 142 142
2.25120 36.40121 -2.52995 146 146 146
2.35187 36.40174 -2.45488 143 143 143
2.45294 36.40310 -2.37987 149 149 149
2.53945 36.40160 -2.28812 146 146 146
2.63348 36.40121 -2.20484 153 153 153
2.71593 36.39916 -2.11006 152 152 152
2.80297 36.40257 -2.01958 149 149 149
2.88415 36.39808 -1.92373 157 157 157
2.96834 36.39814 -1.82965 155 155 155
3.04058 36.39529 -1.72638 155 155 155
3.09267 36.40084 -1.61050 158 158 158
3.16267 36.40121 -1.50611 150 150 150
3.21430 36.39998 -1.39147 151 151 151
3.27868 36.39736 -1.28323 155 155 155
3.32467 36.39939 -1.16626 162 162 162
3.36332 36.40019 -1.04677 151 151 151
3.40626 36.40171 -0.92909 162 162 162
3.45457 36.39833 -0.81257 159 159 159
3.48312 36.40063 -0.69010 161 161 161
3.51378 36.39719 -0.56811 161 161 161
3.52684 36.39986 -0.44284 166 166 166
3.55177 36.40085 -0.31950 160 160 160
3.56127 36.39890 -0.19415 166 166 166
3.56348 36.39880 -0.06853 174 174 174
3.57354 36.80067 0.05750 170 170 170
3.56486 36.80028 0.18313 165 165 165
3.55952 36.79864 0.30874 160 160 160
3.54853 36.79743 0.43403 171 171 171
3.52089 36.80154 0.55699 168 168 168
3.51016 36.80016 0.68266 168 168 168
3.47546 36.80311 0.80371 168 168 168
3.44587 36.80252 0.92576 170 170 170
3.40208 36.80334 1.04358 178 178 178
3.37142 36.80149 1.16580 176 176 176
3.32632 36.80457 1.28318 175 175 175
3.27389 36.80106 1.39748 176 176 176
3.21952 36.79702 1.51080 177 177 177
3.16598 36.79536 1.62486 182 182 182
3.09211 36.79988 1.72729 186 186 186
3.03212 36.80147 1.83811 188 188 188
2.94910 36.79400 1.93332 189 189 189
2.88499 36.80112 2.04233 186 186 186
2.80284 36.80172 2.13769 182 182 182
2.72025 36.80289 2.23259 191 191 191
2.63802 36.79640 2.32827 178 178 178
2.53862 36.79708 2.40647 185 185 185
2.44336 36.80234 2.48831 192 192 192
2.34844 36.79877 2.57062 191 191 191
2.25186 36.79446 2.65143 193 193 193
2.14305 36.79850 2.71517 190 190 190
2.03867 36.80303 2.78501 185 185 185
1.93501 36.79702 2.85694 185 185 185
1.81826 36.79944 2.90526 197 197 197
1.70354 36.79731 2.95614 192 192 192
1.59226 36.80120 3.01493 194 194 194
1.47391 36.80345 3.05722 191 191 191
1.35482 36.79770 3.09694 193 193 193
1.23531 36.80397 3.13539 194 194 194
1.11579 36.79982 3.17539 200 200 200
0.99024 36.80069 3.18948 204 204 204
0.86783 36.79823 3.21802 191 191 191
0.74384 36.80132 3.23926 191 191 191
0.61805 36.80065 3.24414 199 199 199
0.49279 36.79783 3.25279 186 186 186
0.36725 36.79792 3.25711 192 192 192
0.24149 36.79761 3.25840 195 195 195
0.11572 36.80187 3.25350 194 194 194
-0.00943 36.79777 3.24004 198 198 198
-0.13445 36.80368 3.22514 192 192 192
-0.25641 36.80645 3.19286 193 193 193
-0.38004 36.80079 3.17021 194 194 194
-0.49989 36.80290 3.13215 195 195 195
-0.62208 36.79746 3.10236 197 197 197
-0.73927 36.80069 3.05685 199 199 199
-0.85891 36.79830 3.01772 198 198 198
-0.97208 36.80093 2.96273 184 184 184
-1.08771 36.79932 2.91302 193 193 193
-1.19944 36.79869 2.85503 193 193 193
-1.30799 36.80152 2.79124 195 195 195
-1.40786 36.80364 2.71414 194 194 194
-1.51564 36.79921 2.64908 188 188 188
-1.61341 36.80017 2.56995 181 181 181
-1.70756 36.79973 2.48679 186 186 186
-1.80805 36.80069 2.41072 192 192 192
-1.89261 36.79986 2.31736 188 188 188
-1.98232 36.80198 2.22942 190 190 190
-2.07188 36.80112 2.14071 187 187 187
-2.14355 36.79987 2.03685 183 183 183
-2.22263 36.79863 1.93916 183 183 183
-2.29509 36.80214 1.83642 181 181 181
-2.36866 36.80009 1.73407 178 178 178
-2.42420 36.79756 1.62079 184 184 184
-2.47912 36.79783 1.50780 174 174 174
-2.53987 36.80022 1.39770 177 177 177
-2.58933 36.79784 1.28216 174 174 174
-2.63853 36.80059 1.16639 180 180 180
-2.67526 36.79838 1.04607 169 169 169
-2.71700 36.79638 0.92735 173 173 173
-2.73697 36.80010 0.80276 179 179 179
-2.76827 36.79925 0.68119 170 170 170
-2.79488 36.79809 0.55833 174 174 174
-2.82085 36.79764 0.43484 167 167 167
-2.82561 36.80367 0.30878 171 171 171
-2.82411 36.79933 0.18289 164 164 164
-2.83129 36.80651 0.05750 164 164 164
-2.82116 36.79867 -0.06777 167 167 167
-2.82895 36.79686 -0.19405 165 165 165
-2.81603 36.79825 -0.31927 155 155 155
-2.79179 36.79672 -0.44284 167 167 167
-2.76942 36.79751 -0.56642 168 168 168
-2.74373 36.80072 -0.68938 158 158 158
-2.71295 36.79949 -0.81121 152 152 152
-2.68121 36.80098 -0.93301 158 158 158
-2.62958 36.79731 -1.04809 157 157 157
-2.59617 36.79951 -1.16999 160 160 160
-2.53934 36.80080 -1.28245 157 157 157
-2.47925 36.80205 -1.39287 150 150 150
-2.42527 36.80015 -1.50639 159 159 159
-2.36595 36.79788 -1.61741 159 159 159
-2.28966 36.79929 -1.71779 148 148 148
-2.14268 36.80279 -1.92117 148 148 148
-2.07219 36.80134 -2.02598 149 149 149
-1.98345 36.80165 -2.11547 150 150 150
-1.80462 36.79963 -2.29202 150 150 150
-1.71508 36.80158 -2.38060 147 147 147
-1.08316 36.80363 -2.78910 143 143 143
-0.97735 36.79664 -2.85917 140 140 140
-0.85819 36.80572 -2.90097 140 140 140
-0.38054 36.79731 -3.05728 142 142 142
0.24160 36.79784 -3.14053 134 134 134
0.49257 36.79889 -3.13218 132 132 132
0.61872 36.79790 -3.13771 141 141 141
0.74373 36.79877 -3.12332 146 146 146
0.86993 36.79642 -3.11627 139 139 139
0.99267 36.79490 -3.08671 134 134 134
1.11233 36.80146 -3.04596 148 148 148
1.23501 36.79906 -3.01932 136 136 136
1.35625 36.79601 -2.98631 143 143 143
1.47483 36.80139 -2.94472 141 141 141
1.59653 36.80026 -2.91024 145 145 145
1.70999 36.80042 -2.85513 139 139 139
1.81734 36.80474 -2.78846 143 143 143
1.93209 36.79731 -2.73672 150 150 150
2.04229 36.80218 -2.67591 143 143 143
2.14857 36.79604 -2.60844 143 143 143
2.25043 36.79685 -2.53448 146 146 146
2.34452 36.80220 -2.45065 144 144 144
2.44499 36.79999 -2.37522 142 142 142
2.53939 36.80026 -2.29230 146 146 146
2.63396 36.80292 -2.20921 153 153 153
2.72005 36.79888 -2.11740 138 138 138
2.80393 36.79342 -2.02362 153 153 153
2.87997 36.79750 -1.92337 152 152 152
2.94888 36.79916 -1.81816 143 143 143
3.02084 36.79781 -1.71557 157 157 157
3.09804 36.80041 -1.61593 154 154 154
3.15868 36.79909 -1.50577 150 150 150
3.21535 36.80118 -1.39368 157 157 157
3.28109 36.80243 -1.28580 155 155 155
3.31940 36.80137 -1.16532 165 165 165
3.37010 36.80051 -1.05031 160 160 160
3.40725 36.79854 -0.93026 157 157 157
3.44706 36.79885 -0.81109 165 165 165
3.48459 36.80032 -0.69091 163 163 163
3.49996 36.79884 -0.56564 161 161 161
3.51975 36.80071 -0.44181 166 166 166
3.54086 36.79678 -0.31812 161 161 161
3.55294 36.79828 -0.19322 163 163 163
3.55768 36.79324 -0.06785 171 171 171
3.56058 37.20666 0.05813 162 162 162
3.56449 37.19662 0.18393 175 175 175
3.55397 37.19763 0.30929 174 174 174
3.54019 37.20232 0.43422 170 170 170
3.52217 37.20252 0.55856 172 172 172
3.50521 37.20445 0.68324 176 176 176
3.47404 37.20080 0.80513 169 169 169
3.43826 37.19493 0.92556 172 172 172
3.40990 37.19582 1.04827 180 180 180
3.36238 37.20033 1.16482 179 179 179
3.31911 37.20035 1.28277 188 188 188
3.26852 37.20488 1.39779 178 178 178
3.21041 37.19787 1.50918 184 184 184
3.15619 37.20269 1.62263 184 184 184
3.08265 37.20086 1.72500 191 191 191
3.02206 37.20689 1.83515 180 180 180
2.94807 37.20174 1.93661 177 177 177
2.87595 37.20071 2.03953 190 190 190
2.80169 37.19973 2.14135 180 180 180
2.71602 37.20217 2.23364 191 191 191
2.62736 37.19793 2.32293 192 192 192
2.53024 37.20209 2.40311 188 188 188
2.43882 37.19733 2.48912 190 190 190
2.34322 37.19714 2.57058 181 181 181
2.24030 37.20199 2.64262 186 186 186
2.14064 37.19919 2.71922 187 187 187
2.02840 37.19588 2.77654 187 187 187
1.92522 37.20119 2.84847 199 199 199
1.81580 37.20302 2.91027 194 194 194
1.70372 37.20656 2.96734 188 188 188
1.58368 37.20163 3.00618 195 195 195
1.47068 37.20339 3.06182 195 195 195
1.34948 37.19645 3.09556 199 199 199
1.23075 37.19963 3.13650 198 198 198
1.11027 37.20126 3.17259 189 189 189
0.98764 37.19765 3.20065 190 190 190
0.86243 37.20541 3.21419 195 195 195
0.73894 37.19884 3.23819 202 202 202
0.61420 37.20056 3.25551 195 195 195
0.48819 37.19960 3.25578 198 198 198
0.36256 37.20023 3.25003 198 198 198
0.23668 37.20162 3.26190 198 198 198
0.11139 37.19989 3.24953 207 207 207
-0.01388 37.19910 3.23865 193 193 193
-0.13687 37.20386 3.21136 198 198 198
-0.26066 37.20222 3.19125 196 196 196
-0.38414 37.19797 3.16833 190 190 190
-0.50431 37.19736 3.13180 198 198 198
-0.62663 37.20283 3.10254 185 185 185
-0.74402 37.20310 3.05763 196 196 196
-0.86152 37.20119 3.01330 203 203 203
-0.97531 37.20027 2.96018 196 196 196
-1.08317 37.19922 2.89553 192 192 192
-1.20076 37.20040 2.84963 192 192 192
-1.30807 37.20265 2.78434 185 185 185
-1.41488 37.20256 2.71824 191 191 191
-1.52214 37.20140 2.65219 190 190 190
-1.61861 37.19616 2.57122 197 197 197
-1.71339 37.20181 2.48875 193 193 193
-1.80891 37.19981 2.40720 181 181 181
-1.90082 37.20405 2.32150 187 187 187
-1.99443 37.20185 2.23690 189 189 189
-2.07592 37.20139 2.14078 182 182 182
-2.14682 37.20350 2.03636 184 184 184
-2.22794 37.20029 1.94023 180 180 180
-2.30059 37.20303 1.83759 189 189 189
-2.37203 37.19971 1.73388 177 177 177
-2.43514 37.20272 1.62491 178 178 178
-2.48837 37.19799 1.51074 179 179 179
-2.54668 37.20148 1.39930 188 188 188
-2.59636 37.20073 1.28375 181 181 181
-2.64424 37.19858 1.16739 169 169 169
-2.68726 37.19920 1.04907 170 170 170
-2.71057 37.19956 0.92484 175 175 175
-2.74797 37.19638 0.80490 177 177 177
-2.77009 37.19949 0.68125 176 176 176
-2.79358 37.20290 0.55801 170 170 170
-2.81888 37.20084 0.43467 168 168 168
-2.83043 37.19657 0.30942 172 172 172
-2.83610 37.19747 0.18380 168 168 168
-2.82743 37.19821 0.05813 168 168 168
-2.82779 37.20133 -0.06722 163 163 163
-2.82931 37.20086 -0.19308 166 166 166
-2.81532 37.20447 -0.31800 162 162 162
-2.80911 37.20120 -0.44422 168 168 168
-2.77955 37.20255 -0.56688 161 161 161
-2.75605 37.20258 -0.69059 164 164 164
-2.71309 37.20254 -0.80930 156 156 156
-2.68433 37.19816 -0.93187 155 155 155
-2.64463 37.20149 -1.05128 166 166 166
-2.59736 37.19887 -1.16791 157 157 157
-2.54976 37.20177 -1.28447 149 149 149
-2.47904 37.20000 -1.38974 158 158 158
-2.44004 37.19818 -1.51140 153 153 153
-1.51537 37.20069 -2.52662 144 144 144
-1.20612 37.19987 -2.74295 147 147 147
-0.74242 37.19947 -2.93706 142 142 142
-0.62707 37.19916 -2.98762 141 141 141
-0.50846 37.19687 -3.03028 132 132 132
0.11172 37.20380 -3.12909 142 142 142
0.73866 37.19379 -3.11954 146 146 146
0.86239 37.20017 -3.09771 138 138 138
0.98759 37.19995 -3.08412 135 135 135
1.11014 37.19986 -3.05578 133 133 133
1.22928 37.19905 -3.01503 141 141 141
1.35079 37.19689 -2.98335 137 137 137
1.46793 37.20140 -2.93812 144 144 144
1.58816 37.20021 -2.90074 147 147 147
1.69923 37.19962 -2.84134 149 149 149
1.81356 37.19597 -2.78962 145 145 145
1.92818 37.19932 -2.73749 145 145 145
2.03323 37.20057 -2.66816 141 141 141
2.14291 37.19877 -2.60636 140 140 140
2.24569 37.19995 -2.53378 148 148 148
2.34171 37.19976 -2.45241 146 146 146
2.43985 37.20658 -2.37407 154 154 154
2.53384 37.19945 -2.29076 143 143 143
2.62499 37.20341 -2.20431 145 145 145
2.70691 37.19138 -2.10898 147 147 147
2.79739 37.19685 -2.02142 150 150 150
2.87414 37.19687 -1.92185 140 140 140
2.95447 37.20462 -1.82501 147 147 147
3.02222 37.19977 -1.71900 148 148 148
3.09596 37.20038 -1.61691 153 153 153
3.15928 37.20249 -1.50812 149 149 149
3.21495 37.19857 -1.39524 151 151 151
3.26860 37.19865 -1.28158 157 157 157
3.31921 37.20013 -1.16656 164 164 164
3.36616 37.19930 -1.04996 151 151 151
3.40229 37.19882 -0.92955 156 156 156
3.43722 37.20192 -0.80902 159 159 159
3.47095 37.19804 -0.68813 158 158 158
3.50545 37.20649 -0.56704 172 172 172
3.51911 37.20306 -0.44182 163 163 163
3.54539 37.19578 -0.31859 169 169 169
3.55506 37.19903 -0.19313 169 169 169
3.55648 37.20188 -0.06736 169 169 169
3.55440 37.60139 0.05875 173 173 173
3.56099 37.60086 0.18461 166 166 166
3.54379 37.60293 0.30950 176 176 176
3.54378 37.60014 0.43585 172 172 172
3.51260 37.59837 0.55844 171 171 171
3.49566 37.60319 0.68293 164 164 164
3.47546 37.60000 0.80726 171 171 171
3.43396 37.60142 0.92635 174 174 174
3.39824 37.60320 1.04669 184 184 184
3.35603 37.60116 1.16490 178 178 178
3.31347 37.59646 1.28308 174 174 174
3.26039 37.59728 1.39692 173 173 173
3.20062 37.59946 1.50730 184 184 184
3.15453 37.59805 1.62506 184 184 184
3.09122 37.60347 1.73387 181 181 181
3.02014 37.59931 1.83775 188 188 188
2.94272 37.59798 1.93690 180 180 180
2.86656 37.59868 2.03659 189 189 189
2.79644 37.60063 2.14165 185 185 185
2.71265 37.59739 2.23567 188 188 188
2.62611 37.59521 2.32718 184 184 184
2.52797 37.60035 2.40656 185 185 185
2.44575 37.59930 2.50356 188 188 188
2.34023 37.60130 2.57361 193 193 193
2.23821 37.60289 2.64709 193 193 193
2.13220 37.59861 2.71451 190 190 190
2.03159 37.59978 2.79033 187 187 187
1.92226 37.60134 2.85251 193 193 193
1.81291 37.60114 2.91480 192 192 192
1.69355 37.60027 2.95649 192 192 192
1.58073 37.59695 3.01145 196 196 196
1.46249 37.60211 3.05347 195 195 195
1.34779 37.60377 3.10600 187 187 187
1.22822 37.60268 3.14545 193 193 193
1.10524 37.60047 3.17258 191 191 191
0.98286 37.59742 3.20178 199 199 199
0.85855 37.59881 3.22116 192 192 192
0.73387 37.59935 3.23721 192 192 192
0.60904 37.59922 3.25265 191 191 191
0.48327 37.60443 3.25533 198 198 198
0.35768 37.60160 3.25827 190 190 190
0.23226 37.60148 3.25084 195 195 195
0.10732 37.60387 3.23987 194 194 194
-0.01859 37.59833 3.23778 194 194 194
-0.14200 37.60480 3.21361 190 190 190
-0.26711 37.60198 3.19975 192 192 192
-0.39003 37.59745 3.17316 196 196 196
-0.51200 37.59326 3.14240 194 194 194
-0.63221 37.60037 3.10531 198 198 198
-0.74990 37.59893 3.06098 197 197 197
-0.86780 37.60328 3.01732 202 202 202
-0.98025 37.59785 2.96095 190 190 190
-1.09532 37.59968 2.91041 195 195 195
-1.20488 37.60082 2.84890 193 193 193
-1.31503 37.60073 2.78836 188 188 188
-1.42103 37.59759 2.72078 192 192 192
-1.52221 37.60150 2.64619 187 187 187
-1.62255 37.60021 2.57066 191 191 191
-1.72484 37.59420 2.49706 192 192 192
-1.81070 37.60050 2.40449 183 183 183
-1.90664 37.59998 2.32307 186 186 186
-1.99243 37.60181 2.23117 186 186 186
-2.07828 37.60630 2.13926 186 186 186
-2.14873 37.60396 2.03464 183 183 183
-2.22701 37.59808 1.93663 182 182 182
-2.30798 37.59790 1.83988 181 181 181
-2.36971 37.59885 1.73009 187 187 187
-2.43757 37.59838 1.62416 184 184 184
-2.49737 37.60213 1.51347 185 185 185
-2.55922 37.60053 1.40346 182 182 182
-2.59034 37.60198 1.27986 177 177 177
-2.65248 37.59891 1.16926 177 177 177
-2.68563 37.60219 1.04758 177 177 177
-2.72053 37.59778 0.92689 172 172 172
-2.76093 37.60332 0.80746 169 169 169
-2.77923 37.59726 0.68272 169 169 169
-2.79734 37.59960 0.55846 170 170 170
-2.81924 37.59907 0.43476 168 168 168
-2.83368 37.59944 0.30992 175 175 175
-2.84490 37.60165 0.18458 168 168 168
-2.83658 37.59878 0.05875 163 163 163
-2.83994 37.59772 -0.06688 166 166 166
-2.83323 37.59797 -0.19238 164 164 164
-2.82007 37.60243 -0.31736 174 174 174
-2.80622 37.60133 -0.44236 161 161 161
-2.78695 37.60026 -0.56676 162 162 162
-2.76495 37.60169 -0.69093 158 158 158
-2.71682 37.60510 -0.80835 155 155 155
-2.69119 37.59622 -0.93189 166 166 166
-2.64750 37.60228 -1.04992 158 158 158
-2.60311 37.59704 -1.16765 157 157 157
-2.54570 37.59551 -1.27972 155 155 155
-2.50117 37.59954 -1.39790 150 150 150
-2.42484 37.59736 -1.49953 154 154 154
-1.99323 37.59731 -2.11441 148 148 148
-1.62272 37.59923 -2.45337 151 151 151
-1.09208 37.59946 -2.78656 146 146 146
-0.75154 37.60325 -2.94791 144 144 144
-0.63101 37.60087 -2.98413 137 137 137
-0.38993 37.60149 -3.05526 140 140 140
-0.26568 37.59891 -3.07505 140 140 140
-0.14283 37.59578 -3.10134 140 140 140
0.10669 37.60092 -3.13028 138 138 138
0.23224 37.60096 -3.13390 142 142 142
0.35768 37.59788 -3.14251 137 137 137
0.48343 37.60184 -3.14187 138 138 138
0.60896 37.59489 -3.13414 139 139 139
0.73448 37.59615 -3.12486 141 141 141
0.85744 37.60093 -3.09664 141 141 141
0.98201 37.59779 -3.07996 146 146 146
1.10720 37.60051 -3.06322 145 145 145
1.22659 37.59731 -3.02219 138 138 138
1.34713 37.59812 -2.98648 144 144 144
1.46458 37.59928 -2.94163 139 139 139
1.58954 37.59982 -2.91522 142 142 142
1.69454 37.60294 -2.84114 141 141 141
1.81200 37.60096 -2.79552 145 145 145
1.91860 37.60156 -2.72848 145 145 145
2.02907 37.59770 -2.66872 142 142 142
2.13554 37.59705 -2.60202 148 148 148
2.23222 37.59950 -2.52133 152 152 152
2.33478 37.59700 -2.44919 146 146 146
2.43981 37.60225 -2.37911 151 151 151
2.53037 37.59556 -2.29165 141 141 141
2.61600 37.60295 -2.19957 152 152 152
2.71377 37.60038 -2.11920 150 150 150
2.79120 37.59610 -2.01968 160 160 160
2.87353 37.59964 -1.92459 154 154 154
2.94588 37.59867 -1.82169 153 153 153
3.00998 37.59949 -1.71346 145 145 145
3.08400 37.60261 -1.61194 150 150 150
3.15701 37.60117 -1.50895 155 155 155
3.21155 37.60476 -1.39537 154 154 154
3.26642 37.60179 -1.28220 153 153 153
3.31122 37.59961 -1.16465 162 162 162
3.35417 37.59847 -1.04672 154 154 154
3.39212 37.59707 -0.92720 154 154 154
3.43650 37.60215 -0.80957 154 154 154
3.46981 37.60006 -0.68841 153 153 153
3.49327 37.60316 -0.56496 164 164 164
3.51315 37.60395 -0.44103 159 159 159
3.53928 37.59994 -0.31782 170 170 170
3.55119 37.59929 -0.19258 163 163 163
3.56427 37.60060 -0.06724 168 168 168
3.54628 38.00024 0.05938 165 165 165
3.55833 37.99915 0.18533 170 170 170
3.53856 37.99610 0.31011 171 171 171
3.53444 37.99746 0.43597 165 165 165
3.51582 37.99936 0.56038 175 175 175
3.49096 37.99889 0.68363 178 178 178
3.46165 38.00223 0.80579 172 172 172
3.43059 38.00034 0.92745 179 179 179
3.39909 37.99646 1.04923 176 176 176
3.35756 38.00005 1.16796 179 179 179
3.30179 37.99701 1.28096 168 168 168
3.25745 37.99803 1.39852 176 176 176
3.20082 37.99951 1.51061 178 178 178
3.14763 37.99956 1.62466 182 182 182
3.08425 38.00183 1.73332 192 192 192
3.01840 37.99988 1.84059 183 183 183
2.93939 37.99728 1.93877 181 181 181
2.86616 37.99905 2.04089 180 180 180
2.78171 37.99662 2.13402 190 190 190
2.69937 37.99938 2.22870 180 180 180
2.61393 38.00069 2.32069 185 185 185
2.52097 38.00141 2.40509 192 192 192
2.43483 38.00578 2.49733 187 187 187
2.33188 38.00543 2.57006 185 185 185
2.23238 38.00172 2.64665 194 194 194
2.13200 37.99512 2.72242 194 194 194
2.02177 37.99982 2.78319 195 195 195
1.91465 37.99770 2.84858 193 193 193
1.80887 38.00184 2.91743 194 194 194
1.69275 38.00495 2.96634 194 194 194
1.57583 38.00392 3.01247 193 193 193
1.46010 37.99644 3.06133 195 195 195
1.34204 37.99586 3.10452 192 192 192
1.21863 37.99706 3.13004 188 188 188
1.10066 37.99925 3.17520 200 200 200
0.97807 37.99910 3.20373 190 190 190
0.85344 38.00328 3.22148 193 193 193
0.72832 37.99295 3.23370 193 193 193
0.60345 37.99851 3.24654 200 200 200
0.47843 37.99968 3.26155 200 200 200
0.35262 37.99684 3.25866 191 191 191
0.22719 38.00123 3.25177 193 193 193
0.10132 38.00149 3.25234 192 192 192
-0.02272 38.00057 3.23055 196 196 196
-0.14715 38.00088 3.21479 191 191 191
-0.27147 37.99866 3.19684 196 196 196
-0.39362 37.99682 3.16767 187 187 187
-0.51723 37.99612 3.14362 190 190 190
-0.63508 38.00011 3.09918 195 195 195
-0.75393 37.99763 3.05880 195 195 195
-0.86850 38.00004 3.00742 197 197 197
-0.98775 37.99831 2.96685 196 196 196
-1.10010 38.00532 2.91049 196 196 196
-1.21129 38.00170 2.85193 191 191 191
-1.31845 37.99915 2.78631 199 199 199
-1.42802 37.99846 2.72428 196 196 196
-1.52669 37.99838 2.64601 193 193 193
-1.62466 37.99994 2.56754 192 192 192
-1.72727 38.00472 2.49461 186 186 186
-1.82007 37.99614 2.40977 188 188 188
-1.90599 38.00123 2.31798 187 187 187
-1.99546 38.00278 2.22991 186 186 186
-2.07904 38.00296 2.13620 183 183 183
-2.15967 37.99978 2.03990 183 183 183
-2.23434 38.00279 1.93891 184 184 184
-2.30535 38.00129 1.83537 187 187 187
-2.37396 38.00099 1.73022 179 179 179
-2.43297 38.00122 1.61938 181 181 181
-2.49552 37.99559 1.51057 182 182 182
-2.55849 38.00638 1.40141 179 179 179
-2.59059 37.99698 1.27849 178 178 178
-2.66169 37.99757 1.17141 178 178 178
-2.69088 37.99876 1.04827 175 175 175
-2.72629 37.99950 0.92772 190 190 190
-2.76007 37.99534 0.80667 181 181 181
-2.78430 37.99921 0.68335 172 172 172
-2.81259 37.99557 0.56069 169 169 169
-2.81843 38.00237 0.43469 170 170 170
-2.84391 37.99818 0.31095 166 166 166
-2.82858 38.00133 0.18436 169 169 169
-2.84513 38.00119 0.05938 168 168 168
-2.84714 37.99635 -0.06634 165 165 165
-2.83904 38.00020 -0.19181 163 163 163
-2.82435 37.99910 -0.31664 166 166 166
-2.80675 37.99862 -0.44102 165 165 165
-2.79810 37.99503 -0.56734 160 160 160
-2.76190 38.00466 -0.68835 164 164 164
-2.72448 38.00334 -0.80846 163 163 163
-2.69063 37.99681 -0.92944 161 161 161
-2.64952 37.99602 -1.04817 157 157 157
-2.60211 38.00277 -1.16451 153 153 153
-2.55059 38.00080 -1.27902 156 156 156
-2.49294 37.99765 -1.39051 161 161 161
-2.44101 37.99681 -1.50513 155 155 155
-2.38076 37.99789 -1.61564 147 147 147
-1.32056 37.99821 -2.67100 147 147 147
-0.87414 38.00064 -2.90228 147 147 147
-0.27208 37.99951 -3.08119 143 143 143
0.10235 37.99959 -3.12051 138 138 138
0.22721 38.00244 -3.13232 142 142 142
0.47864 37.99996 -3.14817 133 133 133
0.72861 38.00413 -3.11739 140 140 140
0.85290 37.99899 -3.09927 138 138 138
0.97681 37.99900 -3.07868 133 133 133
1.10086 38.00000 -3.05729 141 141 141
1.22152 38.00021 -3.02152 132 132 132
1.34436 38.00158 -2.99291 141 141 141
1.45867 37.99856 -2.93871 151 151 151
1.57575 38.00405 -2.89352 142 142 142
1.69223 38.00300 -2.84648 145 145 145
1.80647 38.00013 -2.79397 145 145 145
1.91597 37.99904 -2.73219 144 144 144
2.02852 38.00187 -2.67545 150 150 150
2.12826 38.00045 -2.59806 145 145 145
2.23028 37.99960 -2.52500 138 138 138
2.32952 38.00023 -2.44832 147 147 147
2.42949 38.00040 -2.37233 147 147 147
2.52676 38.00228 -2.29261 145 145 145
2.62317 38.00169 -2.21118 151 151 151
2.70356 37.99948 -2.11382 141 141 141
2.78093 37.99879 -2.01460 149 149 149
2.86788 37.99868 -1.92350 150 150 150
2.94035 38.00417 -1.82072 151 151 151
3.00900 38.00580 -1.71556 153 153 153
3.07559 38.00160 -1.60926 147 147 147
3.14942 37.99757 -1.50691 158 158 158
3.20536 37.99718 -1.39417 158 158 158
3.26126 38.00050 -1.28153 159 159 159
3.31221 37.99669 -1.16653 164 164 164
3.34703 37.99561 -1.04532 161 161 161
3.39101 38.00353 -0.92786 155 155 155
3.42831 38.00027 -0.80806 157 157 157
3.46654 37.99656 -0.68821 163 163 163
3.49346 37.99939 -0.56538 162 162 162
3.50952 37.99893 -0.44063 160 160 160
3.52855 37.99934 -0.31652 164 164 164
3.54370 38.00204 -0.19177 166 166 166
3.55199 38.00103 -0.06633 162 162 162
3.54390 38.40189 0.06000 175 175 175
3.54811 38.39925 0.18576 166 166 166
3.54671 38.40124 0.31179 156 156 156
3.53963 38.40001 0.43783 169 169 169
3.51696 38.40250 0.56201 176 176 176
3.48380 38.39914 0.68387 175 175 175
3.45470 38.39562 0.80600 171 171 171
3.43008 38.39975 0.92941 176 176 176
3.38704 38.39954 1.04765 173 173 173
3.35181 38.39607 1.16839 177 177 177
3.30058 38.40119 1.28326 179 179 179
3.24691 38.39847 1.39670 180 180 180
3.19818 38.40440 1.51256 178 178 178
3.14425 38.39758 1.62632 185 185 185
3.07482 38.40050 1.73138 181 181 181
3.00409 38.39969 1.83516 182 182 182
2.94224 38.39679 1.94528 186 186 186
2.86253 38.40262 2.04279 186 186 186
2.78173 38.39942 2.13914 184 184 184
2.70062 38.40158 2.23531 187 187 187
2.61041 38.39794 2.32303 190 190 190
2.51529 38.40272 2.40524 183 183 183
2.41969 38.40078 2.48638 199 199 199
2.32721 38.40130 2.57140 193 193 193
2.22577 38.39885 2.64540 189 189 189
2.12061 38.39888 2.71384 188 188 188
2.01513 38.39848 2.78153 191 191 191
1.91204 38.39890 2.85392 184 184 184
1.79535 38.39810 2.90181 190 190 190
1.68696 38.40138 2.96579 196 196 196
1.57160 38.40144 3.01554 191 191 191
1.45480 38.39856 3.06182 192 192 192
1.33800 38.40122 3.10885 187 187 187
1.21583 38.39749 3.13930 195 195 195
1.09612 38.40232 3.17876 196 196 196
0.97245 38.39966 3.20248 196 196 196
0.84871 38.40196 3.22529 200 200 200
0.72329 38.40357 3.23611 194 194 194
0.59836 38.39451 3.24905 188 188 188
0.47332 38.40063 3.26543 196 196 196
0.34737 38.39722 3.25599 186 186 186
0.22144 38.39966 3.26534 199 199 199
0.09554 38.39959 3.25989 194 194 194
-0.02808 38.40164 3.23218 194 194 194
-0.15418 38.40013 3.22666 200 200 200
-0.27684 38.39744 3.19815 194 194 194
-0.40146 38.40151 3.17913 197 197 197
-0.52140 38.40005 3.14043 198 198 198
-0.64118 38.39928 3.10245 195 195 195
-0.76116 38.40108 3.06480 194 194 194
-0.87930 38.39710 3.02145 193 193 193
-0.99073 38.39923 2.96257 192 192 192
-1.10468 38.40460 2.90981 193 193 193
-1.21745 38.40003 2.85419 195 195 195
-1.32420 38.39941 2.78775 190 190 190
-1.42945 38.39892 2.71920 196 196 196
-1.53215 38.40020 2.64695 190 190 190
-1.63122 38.39710 2.56983 190 190 190
-1.72635 38.39982 2.48801 185 185 185
-1.82760 38.40069 2.41287 190 190 190
-1.91757 38.39894 2.32494 181 181 181
-1.99675 38.39707 2.22688 185 185 185
-2.08118 38.40425 2.13418 188 188 188
-2.17056 38.40225 2.04498 180 180 180
-2.23739 38.39916 1.93794 188 188 188
-2.31136 38.39659 1.83651 182 182 182
-2.38256 38.39800 1.73291 179 179 179
-2.44994 38.40130 1.62657 181 181 181
-2.50087 38.39597 1.51125 179 179 179
-2.55773 38.39805 1.39927 178 178 178
-2.60233 38.40027 1.28181 176 176 176
-2.65830 38.40183 1.16885 178 178 178
-2.69236 38.39942 1.04767 174 174 174
-2.73076 38.39979 0.92812 176 176 176
-2.76502 38.40107 0.80722 177 177 177
-2.79660 38.39854 0.68538 177 177 177
-2.81620 38.39961 0.56106 172 172 172
-2.82754 38.39958 0.43578 180 180 180
-2.84581 38.40462 0.31131 169 169 169
-2.85117 38.40135 0.18567 164 164 164
-2.83841 38.40357 0.06000 173 173 173
-2.84434 38.40195 -0.06540 169 169 169
-2.84065 38.40027 -0.19090 163 163 163
-2.83700 38.40180 -0.31690 165 165 165
-2.81007 38.39869 -0.44009 164 164 164
-2.79046 38.39855 -0.56415 168 168 168
-2.76794 38.40025 -0.68792 158 158 158
-2.73169 38.40077 -0.80838 159 159 159
-2.70345 38.40223 -0.93127 161 161 161
-2.65298 38.40474 -1.04689 162 162 162
-2.60685 38.40267 -1.16368 157 157 157
-2.55846 38.40023 -1.27961 160 160 160
-2.49694 38.40087 -1.38925 157 157 157
-2.45081 38.40127 -1.50706 155 155 155
-2.37830 38.39408 -1.61030 151 151 151
-2.24290 38.39977 -1.82194 153 153 153
-1.99999 38.40114 -2.10988 154 154 154
-1.63430 38.39731 -2.45375 143 143 143
-1.21616 38.40060 -2.73189 141 141 141
-0.76121 38.40053 -2.94495 137 137 137
0.09653 38.39756 -3.12734 146 146 146
0.72357 38.40442 -3.11849 144 144 144
0.84673 38.39947 -3.09281 143 143 143
0.97126 38.39525 -3.07650 138 138 138
1.09592 38.40305 -3.05791 137 137 137
1.21556 38.39991 -3.01836 144 144 144
1.33822 38.39750 -2.98950 136 136 136
1.45073 38.39854 -2.93078 146 146 146
1.57360 38.39971 -2.90037 140 140 140
1.69157 38.40083 -2.85579 145 145 145
1.80287 38.39899 -2.79657 138 138 138
1.91037 38.39717 -2.73093 142 142 142
2.01962 38.39806 -2.66886 140 140 140
2.12232 38.40162 -2.59640 152 152 152
2.22463 38.40193 -2.52383 151 151 151
2.33180 38.39877 -2.45723 142 142 142
2.42556 38.39943 -2.37324 152 152 152
2.52031 38.40035 -2.29067 145 145 145
2.60477 38.40090 -2.19740 152 152 152
2.69932 38.39721 -2.11412 143 143 143
2.79045 38.40029 -2.02658 150 150 150
2.86879 38.40098 -1.92772 150 150 150
2.93654 38.40757 -1.82114 148 148 148
3.01467 38.39850 -1.72223 154 154 154
3.07212 38.40025 -1.60973 159 159 159
3.14146 38.40245 -1.50476 157 157 157
3.19982 38.39913 -1.39339 158 158 158
3.25540 38.40353 -1.28062 164 164 164
3.30393 38.40093 -1.16464 157 157 157
3.34923 38.40027 -1.04744 161 161 161
3.39265 38.40188 -0.92947 159 159 159
3.43254 38.40205 -0.81011 160 160 160
3.46440 38.39785 -0.68833 158 158 158
3.48734 38.39577 -0.56458 163 163 163
3.50677 38.40222 -0.44040 158 158 158
3.53805 38.39543 -0.31764 165 165 165
3.53559 38.40198 -0.19092 167 167 167
3.54489 38.40242 -0.06563 166 166 166
3.53793 38.80265 0.06062 166 166 166
3.53294 38.79955 0.18600 173 173 173
3.53695 38.79905 0.31208 163 163 163
3.52393 38.79994 0.43724 166 166 166
3.49815 38.79677 0.56052 166 166 166
3.47602 38.79772 0.68403 169 169 169
3.45772 38.79988 0.80865 170 170 170
3.42115 38.79854 0.92905 174 174 174
3.38076 38.80496 1.04799 182 182 182
3.33798 38.79860 1.16592 176 176 176
3.30469 38.80235 1.28783 182 182 182
3.25005 38.79920 1.40127 178 178 178
3.19164 38.79649 1.51261 185 185 185
3.13875 38.80114 1.62690 186 186 186
3.06896 38.80041 1.73174 179 179 179
3.00627 38.79959 1.84086 178 178 178
2.92599 38.80051 1.93804 181 181 181
2.86011 38.80057 2.04578 183 183 183
2.77296 38.80047 2.13690 185 185 185
2.69120 38.80211 2.23224 180 180 180
2.60842 38.80162 2.32709 194 194 194
2.51257 38.79817 2.40878 188 188 188
2.41951 38.79929 2.49313 190 190 190
2.32133 38.80189 2.57145 189 189 189
2.22523 38.79834 2.65274 190 190 190
2.12426 38.80049 2.72803 184 184 184
2.01680 38.79523 2.79373 190 190 190
1.90175 38.79827 2.84585 197 197 197
1.79507 38.80119 2.91252 189 189 189
1.67972 38.80387 2.96245 190 190 190
1.56981 38.79612 3.02493 195 195 195
1.45261 38.80113 3.07119 197 197 197
1.32828 38.79713 3.09622 194 194 194
1.21154 38.80058 3.14393 200 200 200
1.08961 38.80251 3.17484 186 186 186
0.96716 38.79719 3.20372 199 199 199
0.84258 38.80131 3.22143 199 199 199
0.71849 38.80182 3.24196 191 191 191
0.59323 38.79969 3.25334 195 195 195
0.46734 38.79842 3.25185 196 196 196
0.34196 38.79680 3.26732 203 203 203
0.21620 38.80147 3.26139 206 206 206
0.09080 38.79817 3.25188 196 196 196
-0.03360 38.79763 3.23365 192 192 192
-0.15919 38.79993 3.22470 197 197 197
-0.28111 38.79817 3.19299 196 196 196
-0.40403 38.79995 3.16788 196 196 196
-0.52755 38.80161 3.14366 201 201 201
-0.64725 38.80084 3.10509 190 190 190
-0.76598 38.80176 3.06381 190 190 190
-0.88601 38.80139 3.02520 196 196 196
-0.99772 38.79864 2.96660 198 198 198
-1.11196 38.79826 2.91409 199 199 199
-1.21971 38.80270 2.84917 195 195 195
-1.32902 38.79837 2.78741 193 193 193
-1.43456 38.79956 2.71937 185 185 185
-1.54238 38.79829 2.65418 185 185 185
-1.63253 38.79524 2.56524 187 187 187
-1.73865 38.79698 2.49670 182 182 182
-1.82753 38.79758 2.40756 191 191 191
-1.92078 38.79733 2.32336 187 187 187
-2.00500 38.79655 2.23013 187 187 187
-2.08991 38.80324 2.13763 192 192 192
-2.17337 38.80199 2.04354 187 187 187
-2.24914 38.80044 1.94316 178 178 178
-2.31814 38.80314 1.83804 181 181 181
-2.38602 38.80134 1.73233 173 173 173
-2.44812 38.80107 1.62314 178 178 178
-2.50071 38.80121 1.50904 175 175 175
-2.56785 38.80027 1.40206 178 178 178
-2.62312 38.80088 1.28880 175 175 175
-2.65897 38.80063 1.16772 176 176 176
-2.70061 38.80638 1.04921 180 180 180
-2.72915 38.80002 0.92677 178 178 178
-2.76455 38.80124 0.80643 171 171 171
-2.80186 38.80056 0.68597 174 174 174
-2.81985 38.79713 0.56141 174 174 174
-2.83631 38.80311 0.43680 169 169 169
-2.85435 38.80292 0.31218 178 178 178
-2.84962 38.80273 0.18602 171 171 171
-2.85725 38.79857 0.06063 160 160 160
-2.85491 38.79642 -0.06498 171 171 171
-2.85014 38.79752 -0.19060 160 160 160
-2.83810 38.80213 -0.31576 164 164 164
-2.81492 38.80160 -0.43937 167 167 167
-2.79098 38.80283 -0.56255 158 158 158
-2.77042 38.80307 -0.68659 163 163 163
-2.73786 38.80284 -0.80797 167 167 167
-2.70344 38.80101 -0.92888 167 167 167
-2.66090 38.80150 -1.04719 160 160 160
-2.61855 38.79916 -1.16565 159 159 159
-2.56521 38.80262 -1.27960 159 159 159
-2.50194 38.80067 -1.38841 158 158 158
-2.45480 38.80394 -1.50563 154 154 154
-2.31167 38.80274 -1.71247 151 151 151
-2.08786 38.80351 -2.01464 150 150 150
-1.73566 38.79728 -2.37195 143 143 143
-1.53645 38.80060 -2.52477 139 139 139
-0.15974 38.80060 -3.10694 147 147 147
0.09073 38.79753 -3.13146 143 143 143
0.21654 38.79831 -3.13143 142 142 142
0.46773 38.80053 -3.14051 140 140 140
0.71710 38.80137 -3.10892 144 144 144
0.84267 38.80096 -3.10078 142 142 142
0.96621 38.80458 -3.07771 142 142 142
1.08897 38.79645 -3.05093 138 138 138
1.21111 38.80005 -3.02118 143 143 143
1.33176 38.79813 -2.98567 138 138 138
1.44617 38.79835 -2.93248 136 136 136
1.56668 38.79703 -2.89612 138 138 138
1.68096 38.80266 -2.84390 138 138 138
1.79421 38.79978 -2.78958 145 145 145
1.90738 38.80245 -2.73464 146 146 146
2.01283 38.79843 -2.66600 141 141 141
2.11994 38.80016 -2.60032 151 151 151
2.22260 38.79341 -2.52786 141 141 141
2.32366 38.79785 -2.45315 141 141 141
2.41459 38.80089 -2.36612 140 140 140
2.51997 38.79845 -2.29554 147 147 147
2.60277 38.80005 -2.20019 147 147 147
2.68902 38.79942 -2.10898 146 146 146
2.77270 38.80017 -2.01543 144 144 144
2.84671 38.80308 -1.91397 157 157 157
2.92964 38.80111 -1.81944 147 147 147
3.00157 38.80140 -1.71647 156 156 156
3.07319 38.79841 -1.61308 150 150 150
3.13028 38.80184 -1.50091 158 158 158
3.19387 38.79594 -1.39250 148 148 148
3.25355 38.79954 -1.28164 157 157 157
3.29276 38.80007 -1.16164 159 159 159
3.34494 38.79401 -1.04724 155 155 155
3.39587 38.80000 -0.93165 161 161 161
3.41002 38.79941 -0.80466 161 161 161
3.45057 38.80053 -0.68569 154 154 154
3.48634 38.80230 -0.56483 159 159 159
3.50067 38.80779 -0.43967 168 168 168
3.52028 38.80314 -0.31555 161 161 161
3.52990 38.80087 -0.19027 169 169 169
3.53354 38.80211 -0.06477 162 162 162
3.54251 39.19918 0.06125 170 170 170
3.53626 39.20046 0.18697 168 168 168
3.51267 39.19930 0.31123 172 172 172
3.51464 39.20335 0.43742 167 167 167
3.49679 39.20158 0.56181 174 174 174
3.47621 39.19885 0.68581 180 180 180
3.43895 39.20111 0.80612 171 171 171
3.42021 39.19886 0.93098 181 181 181
3.37401 39.20046 1.04824 178 178 178
3.33622 39.19914 1.16796 179 179 179
3.28628 39.20187 1.28315 177 177 177
3.23887 39.20115 1.39933 177 177 177
3.18859 39.19930 1.51453 182 182 182
3.12863 39.19805 1.62500 183 183 183
3.06454 39.19715 1.73308 183 183 183
3.00101 39.19981 1.84171 183 183 183
2.93284 39.20363 1.94770 187 187 187
2.85366 39.20310 2.04573 181 181 181
2.77350 39.19808 2.14276 182 182 182
2.68307 39.19935 2.23053 188 188 188
2.59632 39.19724 2.32121 193 193 193
2.50842 39.20090 2.41097 179 179 179
2.40844 39.19917 2.48734 188 188 188
2.31700 39.19617 2.57367 193 193 193
2.21861 39.19970 2.65195 193 193 193
2.11517 39.19412 2.72343 192 192 192
2.00399 39.19547 2.78257 199 199 199
1.90289 39.20198 2.85849 197 197 197
1.78885 39.19815 2.91191 196 196 196
1.67501 39.19539 2.96499 197 197 197
1.55993 39.20336 3.01519 200 200 200
1.44403 39.19610 3.06372 192 192 192
1.32850 39.19713 3.11473 191 191 191
1.20660 39.20002 3.14688 194 194 194
1.08367 39.20098 3.17400 199 199 199
0.96093 39.20084 3.20118 196 196 196
0.83684 39.19779 3.22116 193 193 193
0.71193 39.19779 3.23437 194 194 194
0.58747 39.20003 3.25189 192 192 192
0.46205 39.20238 3.26026 201 201 201
0.33636 39.19890 3.24884 189 189 189
0.21051 39.19629 3.26439 189 189 189
0.08535 39.20077 3.25068 199 199 199
-0.04083 39.19996 3.24812 192 192 192
-0.16445 39.19424 3.22328 191 191 191
-0.28605 39.20093 3.19031 193 193 193
-0.41108 39.20177 3.17457 192 192 192
-0.53232 39.19741 3.14136 191 191 191
-0.65386 39.19676 3.10884 188 188 188
-0.77272 39.19959 3.06755 191 191 191
-0.88608 39.20283 3.01248 185 185 185
-1.00080 39.19610 2.96179 192 192 192
-1.11657 39.20411 2.91279 195 195 195
-1.23336 39.19979 2.86420 195 195 195
-1.33624 39.20275 2.79069 194 194 194
-1.44026 39.20415 2.72015 188 188 188
-1.54625 39.20341 2.65244 195 195 195
-1.64148 39.20228 2.57012 193 193 193
-1.74172 39.20380 2.49437 195 195 195
-1.83709 39.19998 2.41248 187 187 187
-1.92115 39.19947 2.31876 187 187 187
-2.01562 39.19879 2.23540 185 185 185
-2.09171 39.19615 2.13502 181 181 181
-2.17489 39.20207 2.04096 183 183 183
-2.24294 39.19845 1.93523 180 180 180
-2.32852 39.20021 1.84187 185 185 185
-2.39212 39.20394 1.73327 186 186 186
-2.45692 39.19747 1.62556 178 178 178
-2.51244 39.20224 1.51279 176 176 176
-2.57182 39.19840 1.40194 182 182 182
-2.62639 39.20154 1.28846 176 176 176
-2.66087 39.19739 1.16699 185 185 185
-2.70510 39.20009 1.04948 183 183 183
-2.74261 39.19845 0.92961 176 176 176
-2.77473 39.19793 0.80816 171 171 171
-2.80575 39.19795 0.68626 166 166 166
-2.82908 39.19678 0.56261 168 168 168
-2.84662 39.20166 0.43798 169 169 169
-2.85383 39.19875 0.31232 173 173 173
-2.86354 39.20146 0.18697 163 163 163
-2.85903 39.20140 0.06125 164 164 164
-2.86297 39.20265 -0.06445 173 173 173
-2.85629 39.19702 -0.19002 161 161 161
-2.84986 39.19238 -0.31586 162 162 162
-2.82549 39.19867 -0.43954 160 160 160
-2.80086 39.19787 -0.56278 168 168 168
-2.78103 39.20215 -0.68717 169 169 169
-2.74052 39.20377 -0.80652 157 157 157
-2.70315 39.20254 -0.92635 156 156 156
-2.66663 39.20683 -1.04661 160 160 160
-2.61218 39.20108 -1.16008 150 150 150
-2.57181 39.19655 -1.27944 158 158 158
-2.51652 39.20220 -1.39236 152 152 152
-2.45870 39.19985 -1.50406 151 151 151
-2.17803 39.19589 -1.92094 143 143 143
-2.01253 39.20207 -2.11004 151 151 151
-1.64581 39.20215 -2.45312 150 150 150
-1.44835 39.20198 -2.60976 147 147 147
-0.88733 39.20049 -2.89302 138 138 138
-0.76845 39.19804 -2.93348 143 143 143
-0.65406 39.20494 -2.98696 141 141 141
-0.53079 39.20485 -3.01345 135 135 135
-0.29027 39.19745 -3.08905 138 138 138
-0.16280 39.19873 -3.09034 144 144 144
0.46176 39.20111 -3.13024 139 139 139
0.58722 39.19853 -3.12614 142 142 142
0.71352 39.19570 -3.12532 135 135 135
0.83712 39.20119 -3.10040 143 143 143
0.95984 39.20004 -3.07319 141 141 141
1.08259 39.20036 -3.04703 145 145 145
1.20362 39.19799 -3.01383 141 141 141
1.32478 39.19762 -2.98078 137 137 137
1.44308 39.19878 -2.93864 142 142 142
1.55766 39.19921 -2.88723 147 147 147
1.67579 39.20137 -2.84419 145 145 145
1.79190 39.19782 -2.79541 144 144 144
1.89772 39.19562 -2.72675 141 141 141
2.01138 39.20100 -2.67213 143 143 143
2.11434 39.19668 -2.59968 140 140 140
2.21541 39.20182 -2.52504 149 149 149
2.31941 39.19618 -2.45424 150 150 150
2.41399 39.19777 -2.37134 143 143 143
2.50795 39.20061 -2.28796 144 144 144
2.59257 39.19971 -2.19496 148 148 148
2.68439 39.19992 -2.10925 150 150 150
2.76986 39.19681 -2.01716 153 153 153
2.85106 39.20222 -1.92118 154 154 154
2.92715 39.19527 -1.82107 153 153 153
2.99089 39.20282 -1.71245 151 151 151
3.06206 39.20261 -1.60906 157 157 157
3.12792 39.19980 -1.50210 157 157 157
3.19267 39.19815 -1.39411 153 153 153
3.24363 39.19818 -1.27902 151 151 151
3.28778 39.20364 -1.16127 152 152 152
3.33709 39.19771 -1.04578 166 166 166
3.38439 39.20059 -0.92911 159 159 159
3.41640 39.19826 -0.80741 161 161 161
3.45340 39.20085 -0.68709 157 157 157
3.46676 39.19876 -0.56142 163 163 163
3.49589 39.20313 -0.43917 164 164 164
3.52323 39.20091 -0.31594 161 161 161
3.52406 39.19527 -0.18963 164 164 164
3.53186 39.19864 -0.06430 172 172 172
3.52119 39.60356 0.06188 168 168 168
3.53023 39.59867 0.18759 168 168 168
3.52303 39.60331 0.31313 166 166 166
3.52019 39.60108 0.43939 166 166 166
3.49311 39.60110 0.56277 174 174 174
3.46523 39.59629 0.68539 172 172 172
3.44351 39.59571 0.80922 174 174 174
3.41249 39.60277 0.93106 177 177 177
3.37051 39.59939 1.04960 177 177 177
3.33271 39.60243 1.16941 175 175 175
3.27984 39.60196 1.28349 178 178 178
3.23468 39.60067 1.40068 176 176 176
3.18780 39.60181 1.51769 179 179 179
3.11952 39.59903 1.62375 175 175 175
3.06040 39.59867 1.73470 179 179 179
2.99468 39.59348 1.84196 176 176 176
2.92119 39.60117 1.94405 181 181 181
2.84252 39.59837 2.04211 181 181 181
2.76747 39.59374 2.14316 186 186 186
2.67647 39.59774 2.23037 188 188 188
2.59183 39.60100 2.32311 188 188 188
2.50688 39.60182 2.41616 183 183 183
2.40830 39.60396 2.49456 182 182 182
2.31519 39.59539 2.57932 190 190 190
2.21363 39.60023 2.65365 190 190 190
2.11633 39.59955 2.73441 193 193 193
2.00415 39.60337 2.79286 192 192 192
1.89475 39.60086 2.85487 186 186 186
1.78441 39.60149 2.91514 185 185 185
1.67311 39.59920 2.97402 194 194 194
1.55556 39.59859 3.01919 192 192 192
1.43947 39.60239 3.06760 195 195 195
1.31869 39.60223 3.10291 197 197 197
1.19746 39.59838 3.13552 195 195 195
1.07821 39.60073 3.17589 194 194 194
0.95404 39.59876 3.19613 200 200 200
0.83300 39.60174 3.23392 195 195 195
0.70677 39.59951 3.24013 200 200 200
0.58166 39.59643 3.25187 193 193 193
0.45619 39.60074 3.25838 195 195 195
0.33060 39.59979 3.26592 203 203 203
0.20446 39.59877 3.27236 189 189 189
0.07939 39.59978 3.25376 195 195 195
-0.04524 39.59823 3.23727 195 195 195
-0.17001 39.59830 3.22261 203 203 203
-0.29295 39.60094 3.19668 199 199 199
-0.41805 39.59712 3.18022 191 191 191
-0.53778 39.60509 3.14090 194 194 194
-0.65680 39.60402 3.10076 196 196 196
-0.77934 39.60161 3.07048 191 191 191
-0.89252 39.59930 3.01473 194 194 194
-1.00960 39.59800 2.96898 193 193 193
-1.12292 39.59976 2.91456 189 189 189
-1.23024 39.60045 2.84895 199 199 199
-1.34650 39.59902 2.79865 190 190 190
-1.44538 39.59927 2.71981 187 187 187
-1.55260 39.60185 2.65387 189 189 189
-1.65147 39.59591 2.57611 191 191 191
-1.75097 39.59801 2.49907 188 188 188
-1.84812 39.59633 2.41880 183 183 183
-1.93370 39.60159 2.32618 190 190 190
-2.01385 39.60165 2.22906 191 191 191
-2.10005 39.60296 2.13784 189 189 189
-2.18322 39.60076 2.04361 180 180 180
-2.25833 39.59700 1.94284 184 184 184
-2.33085 39.59966 1.84019 183 183 183
-2.39709 39.60164 1.73340 174 174 174
-2.46054 39.60037 1.62499 185 185 185
-2.51705 39.60118 1.51282 179 179 179
-2.58000 39.59466 1.40368 182 182 182
-2.62708 39.59678 1.28698 180 180 180
-2.67122 39.59748 1.16930 175 175 175
-2.70547 39.60261 1.04835 182 182 182
-2.73802 39.60191 0.92731 178 178 178
-2.77688 39.59864 0.80791 176 176 176
-2.81033 39.59789 0.68664 170 170 170
-2.83119 39.60335 0.56265 172 172 172
-2.85482 39.59552 0.43889 178 178 178
-2.86541 39.60081 0.31341 166 166 166
-2.87109 39.60422 0.18767 169 169 169
-2.87233 39.59298 0.06188 168 168 168
-2.86731 39.59804 -0.06377 160 160 160
-2.86846 39.60053 -0.18990 161 161 161
-2.85130 39.59617 -0.31473 165 165 165
-2.82321 39.59897 -0.43764 162 162 162
-2.80432 39.59935 -0.56170 171 171 171
-2.77845 39.60122 -0.68454 155 155 155
-2.75399 39.59945 -0.80807 159 159 159
-2.72025 39.59985 -0.92941 159 159 159
-2.67043 39.59489 -1.04526 161 161 161
-2.61852 39.59577 -1.15969 152 152 152
-2.57432 39.59734 -1.27731 154 154 154
-2.51633 39.60152 -1.38871 157 157 157
-2.45882 39.60321 -1.50028 156 156 156
-2.02529 39.60351 -2.11589 145 145 145
-1.92813 39.60288 -2.19685 144 144 144
-1.75108 39.60072 -2.37546 145 145 145
-1.55066 39.60089 -2.52745 148 148 148
-1.33814 39.59982 -2.66125 143 143 143
-1.23080 39.59714 -2.72620 148 148 148
-0.53764 39.60122 -3.01665 144 144 144
0.20475 39.60141 -3.14115 133 133 133
0.33060 39.60125 -3.14957 142 142 142
0.45644 39.60256 -3.14114 139 139 139
0.70729 39.59989 -3.12075 140 140 140
0.83217 39.59833 -3.10492 142 142 142
0.95576 39.60349 -3.08103 134 134 134
1.07833 39.60134 -3.05266 142 142 142
1.20007 39.60155 -3.02103 138 138 138
1.32090 39.59836 -2.98598 136 136 136
1.43804 39.60170 -2.93999 145 145 145
1.55474 39.59844 -2.89347 142 142 142
1.66907 39.59903 -2.84149 142 142 142
1.78546 39.60209 -2.79345 145 145 145
1.89674 39.59905 -2.73468 146 146 146
2.00026 39.59982 -2.66277 153 153 153
2.11338 39.60063 -2.60625 144 144 144
2.21481 39.60162 -2.53151 148 148 148
2.30990 39.60555 -2.44885 147 147 147
2.40428 39.60143 -2.36610 150 150 150
2.50478 39.59831 -2.29014 148 148 148
2.59036 39.59747 -2.19788 144 144 144
2.68181 39.59962 -2.11157 144 144 144
2.76655 39.60198 -2.01862 145 145 145
2.84055 39.59937 -1.91681 149 149 149
2.92491 39.59987 -1.82300 143 143 143
2.98919 39.59744 -1.71454 144 144 144
3.06380 39.59838 -1.61303 147 147 147
3.12550 39.59977 -1.50335 157 157 157
3.17191 39.59713 -1.38584 150 150 150
3.24102 39.59782 -1.27985 153 153 153
3.28443 39.59568 -1.16164 159 159 159
3.33912 39.60137 -1.04803 161 161 161
3.37777 39.59626 -0.92821 159 159 159
3.41274 39.60446 -0.80738 163 163 163
3.44568 39.60111 -0.68599 161 161 161
3.47079 39.59845 -0.56275 154 154 154
3.48773 39.59835 -0.43817 164 164 164
3.51289 39.60030 -0.31477 164 164 164
3.51958 39.59974 -0.18910 167 167 167
3.52156 39.59724 -0.06350 168 168 168
3.52852 40.00076 0.06250 166 166 166
3.52632 39.99420 0.18829 161 161 161
3.52136 39.99797 0.31409 165 165 165
3.50311 40.00254 0.43869 174 174 174
3.48778 39.99555 0.56349 174 174 174
3.46828 39.99806 0.68780 175 175 175
3.44329 39.99833 0.81122 169 169 169
3.40607 39.99882 0.93155 177 177 177
3.36080 39.99887 1.04900 174 174 174
3.31899 40.00263 1.16716 174 174 174
3.27947 39.99978 1.28642 171 171 171
3.22503 39.99769 1.39959 178 178 178
3.17274 39.99918 1.51367 177 177 177
3.11010 40.00213 1.62242 180 180 180
3.05805 39.99890 1.73752 185 185 185
2.98135 40.00475 1.83764 181 181 181
2.91530 40.00113 1.94471 177 177 177
2.83692 40.00199 2.04301 189 189 189
2.75926 40.00759 2.14184 184 184 184
2.67537 40.00337 2.23547 192 192 192
2.59408 39.99810 2.33192 186 186 186
2.49612 40.00034 2.41157 186 186 186
2.40107 40.00243 2.49366 188 188 188
2.30757 39.99665 2.57780 193 193 193
2.20568 39.99706 2.65149 186 186 186
2.10515 39.99710 2.72718 191 191 191
1.99174 39.99753 2.78292 191 191 191
1.88843 39.99708 2.85481 192 192 192
1.77905 40.00203 2.91690 188 188 188
1.66553 40.00087 2.97107 191 191 191
1.55002 39.99688 3.02078 197 197 197
1.43125 39.99825 3.06204 193 193 193
1.31487 39.99964 3.11004 196 196 196
1.19477 39.99630 3.14768 189 189 189
1.07108 39.99343 3.17156 198 198 198
0.94984 40.00168 3.20546 193 193 193
0.82502 40.00252 3.22164 192 192 192
0.70099 39.99737 3.24208 196 196 196
0.57562 39.99844 3.25118 195 195 195
0.45044 40.00158 3.26375 198 198 198
0.32466 40.00244 3.26887 198 198 198
0.19885 40.00041 3.26463 196 196 196
0.07403 39.99564 3.24714 200 200 200
-0.05100 39.99839 3.23646 191 191 191
-0.17515 39.99829 3.21820 191 191 191
-0.29916 40.00022 3.19868 195 195 195
-0.42157 40.00352 3.17079 195 195 195
-0.54208 39.99884 3.13574 194 194 194
-0.66429 40.00160 3.10620 188 188 188
-0.78527 40.00031 3.07112 199 199 199
-0.90064 40.00165 3.02064 188 188 188
-1.01696 39.99809 2.97270 194 194 194
-1.12990 39.99891 2.91724 189 189 189
-1.23447 40.00423 2.84654 189 189 189
-1.34865 39.99671 2.79309 193 193 193
-1.45613 40.00110 2.72764 182 182 182
-1.55405 39.99444 2.64833 191 191 191
-1.65794 39.99817 2.57743 186 186 186
-1.75348 39.99727 2.49570 193 193 193
-1.84735 40.00222 2.41217 179 179 179
-1.93996 39.99790 2.32712 184 184 184
-2.02026 40.00345 2.23013 183 183 183
-2.10721 40.00029 2.13951 194 194 194
-2.18727 39.99677 2.04275 183 183 183
-2.26216 39.99836 1.94194 180 180 180
-2.33315 39.99895 1.83840 188 188 188
-2.40263 40.00348 1.73379 177 177 177
-2.46689 39.99867 1.62585 179 179 179
-2.52192 39.99776 1.51291 175 175 175
-2.58532 40.00114 1.40402 179 179 179
-2.62822 39.99714 1.28563 183 183 183
-2.67839 40.00178 1.17039 178 178 178
-2.72534 40.00261 1.05351 169 169 169
-2.75606 39.99882 0.93135 172 172 172
-2.78226 39.99707 0.80841 178 178 178
-2.81865 39.99776 0.68774 174 174 174
-2.84233 40.00030 0.56410 172 172 172
-2.85286 40.00115 0.43858 170 170 170
-2.86334 39.99542 0.31340 173 173 173
-2.87938 40.00025 0.18839 167 167 167
-2.88334 40.00704 0.06250 161 161 161
-2.87921 40.00187 -0.06338 168 168 168
-2.86741 39.99942 -0.18872 160 160 160
-2.84633 40.00125 -0.31281 166 166 166
-2.83393 40.00346 -0.43777 171 171 171
-2.81570 39.99870 -0.56216 156 156 156
-2.79065 39.99383 -0.68542 166 166 166
-2.75513 39.99933 -0.80609 159 159 159
-2.71392 40.00007 -0.92480 151 151 151
-2.67597 39.99938 -1.04449 160 160 160
-2.62696 39.99975 -1.16010 154 154 154
-2.57495 39.99787 -1.27424 156 156 156
-2.52606 39.99898 -1.39002 156 156 156
-2.46598 40.00006 -1.50033 154 154 154
-2.26275 40.00156 -1.81737 150 150 150
-1.93969 40.00212 -2.20186 148 148 148
-1.45403 40.00141 -2.59950 140 140 140
-0.42135 39.99764 -3.04488 146 146 146
-0.05157 40.00129 -3.11628 139 139 139
0.07324 39.99612 -3.13221 147 147 147
0.32466 39.99933 -3.13684 133 133 133
0.70105 40.00273 -3.11758 143 143 143
0.82609 39.99924 -3.10336 141 141 141
0.94999 40.00018 -3.08120 150 150 150
1.07212 40.00344 -3.05087 141 141 141
1.19437 40.00025 -3.02124 138 138 138
1.31421 40.00009 -2.98302 135 135 135
1.43205 40.00463 -2.93921 133 133 133
1.54981 39.99708 -2.89527 146 146 146
1.66537 39.99875 -2.84571 149 149 149
1.77861 39.99968 -2.79102 139 139 139
1.88720 40.00486 -2.72760 142 142 142
1.99456 40.00005 -2.66252 148 148 148
2.10406 39.99713 -2.60055 141 141 141
2.20159 39.99757 -2.52086 141 141 141
2.30473 40.00192 -2.44921 150 150 150
2.40339 39.99753 -2.37138 139 139 139
2.49781 40.00140 -2.28840 149 149 149
2.58531 40.00115 -2.19814 148 148 148
2.67458 40.00117 -2.10974 148 148 148
2.76041 39.99631 -2.01782 149 149 149
2.83247 39.99442 -1.91449 151 151 151
2.91258 40.00072 -1.81773 154 154 154
2.99147 40.00248 -1.71940 153 153 153
3.06001 39.99978 -1.61372 150 150 150
3.12177 40.00542 -1.50395 155 155 155
3.17665 39.99808 -1.39066 153 153 153
3.22950 39.99816 -1.27665 155 155 155
3.28118 40.00510 -1.16213 163 163 163
3.32883 39.99580 -1.04580 158 158 158
3.36584 40.00160 -0.92564 152 152 152
3.40024 39.99732 -0.80490 154 154 154
3.43993 40.00244 -0.68541 157 157 157
3.46644 40.00709 -0.56244 166 166 166
3.48157 40.00232 -0.43751 163 163 163
3.50244 40.00371 -0.31361 162 162 162
3.51235 39.99794 -0.18838 159 159 159
3.51435 40.00054 -0.06282 167 167 167
3.51399 40.39906 0.06313 166 166 166
3.51876 40.40258 0.18886 174 174 174
3.50898 40.40631 0.31422 173 173 173
3.49852 40.40052 0.43950 171 171 171
3.48329 40.40015 0.56437 175 175 175
3.44962 40.40551 0.68593 179 179 179
3.43543 40.40081 0.81142 183 183 183
3.39852 40.39600 0.93176 173 173 173
3.36478 40.40338 1.05290 180 180 180
3.32533 40.40430 1.17238 171 171 171
3.27448 40.39480 1.28751 180 180 180
3.22595 40.40139 1.40345 173 173 173
3.16665 40.40329 1.51430 181 181 181
3.11332 40.39898 1.62826 178 178 178
3.04436 40.40131 1.73349 180 180 180
2.98416 40.39994 1.84422 183 183 183
2.90890 40.40384 1.94511 184 184 184
2.82635 40.40113 2.04010 183 183 183
2.76157 40.40195 2.14965 181 181 181
2.66663 40.39917 2.23365 193 193 193
2.58060 40.40113 2.32516 189 189 189
2.49309 40.39644 2.41551 186 186 186
2.39655 40.39842 2.49614 189 189 189
2.30233 40.39775 2.57951 184 184 184
2.19761 40.40219 2.64941 186 186 186
2.09546 40.40193 2.72243 189 189 189
1.99117 40.40002 2.79257 187 187 187
1.87869 40.40283 2.84892 196 196 196
1.76959 40.39832 2.91092 187 187 187
1.65707 40.40178 2.96657 195 195 195
1.54272 40.40299 3.01849 192 192 192
1.42606 40.40047 3.06513 188 188 188
1.30697 40.40143 3.10512 200 200 200
1.18751 40.39981 3.14418 193 193 193
1.06620 40.40188 3.17724 191 191 191
0.94227 40.39725 3.19870 194 194 194
0.82015 40.40192 3.23003 194 194 194
0.69549 40.40007 3.24774 199 199 199
0.56975 40.39814 3.25477 191 191 191
0.44405 40.40074 3.25689 199 199 199
0.31857 40.39944 3.26588 195 195 195
0.19345 40.39732 3.24761 195 195 195
0.06756 40.40179 3.25244 194 194 194
-0.05780 40.40389 3.24298 184 184 184
-0.18288 40.39507 3.22911 187 187 187
-0.30577 40.39744 3.20188 203 203 203
-0.42745 40.40187 3.17051 195 195 195
-0.54894 40.40196 3.13906 196 196 196
-0.67016 40.39885 3.10610 192 192 192
-0.78914 40.40020 3.06569 194 194 194
-0.90632 40.40185 3.02026 193 193 193
-1.02521 40.39486 2.97800 190 190 190
-1.13392 40.40136 2.91378 192 192 192
-1.24619 40.39764 2.85719 189 189 189
-1.35199 40.39889 2.78923 183 183 183
-1.45973 40.40181 2.72453 190 190 190
-1.56696 40.40277 2.65833 190 190 190
-1.66024 40.40238 2.57323 185 185 185
-1.76151 40.39902 2.49858 195 195 195
-1.85277 40.39731 2.41206 187 187 187
-1.94329 40.40134 2.32499 190 190 190
-2.02817 40.39859 2.23243 184 184 184
-2.10931 40.40038 2.13673 194 194 194
-2.19350 40.39641 2.04348 187 187 187
-2.26648 40.40366 1.94127 186 186 186
-2.34634 40.40110 1.84376 182 182 182
-2.41549 40.39756 1.73856 174 174 174
-2.47276 40.40209 1.62634 174 174 174
-2.53671 40.40452 1.51796 179 179 179
-2.58940 40.39795 1.40372 186 186 186
-2.64130 40.39783 1.28914 176 176 176
-2.67898 40.39880 1.16898 175 175 175
-2.72919 40.40000 1.05340 172 172 172
-2.76981 40.39987 0.93414 178 178 178
-2.79871 40.39916 0.81152 177 177 177
-2.81137 40.40156 0.68571 176 176 176
-2.84796 40.39577 0.56465 176 176 176
-2.86171 40.40583 0.43954 173 173 173
-2.86789 40.40289 0.31390 166 166 166
-2.88062 40.40133 0.18882 167 167 167
-2.88199 40.40037 0.06313 161 161 161
-2.87585 40.40045 -0.06238 167 167 167
-2.87379 40.39713 -0.18812 171 171 171
-2.86666 40.40049 -0.31387 158 158 158
-2.84696 40.40174 -0.43825 165 165 165
-2.81498 40.39706 -0.56018 169 169 169
-2.79159 40.39888 -0.68356 162 162 162
-2.76379 40.40127 -0.80619 160 160 160
-2.71689 40.39847 -0.92315 157 157 157
-2.68093 40.39941 -1.04345 160 160 160
-2.63191 40.39918 -1.15900 159 159 159
-2.59056 40.40006 -1.27800 153 153 153
-2.52705 40.39618 -1.38679 153 153 153
-2.46994 40.40102 -1.49851 158 158 158
-2.41186 40.39705 -1.61008 150 150 150
-2.19254 40.40375 -1.91647 147 147 147
-2.02960 40.40132 -2.10750 150 150 150
-1.94435 40.39871 -2.19979 148 148 148
-1.01975 40.39639 -2.83991 145 145 145
-0.90702 40.40236 -2.89571 139 139 139
-0.42940 40.39782 -3.05236 140 140 140
-0.05750 40.40219 -3.11426 132 132 132
0.06755 40.40220 -3.12628 143 143 143
0.31857 40.39696 -3.13580 136 136 136
0.69538 40.40222 -3.12055 134 134 134
0.81939 40.40068 -3.09897 142 142 142
0.94254 40.40176 -3.07382 142 142 142
1.06480 40.40029 -3.04517 146 146 146
1.18540 40.39688 -3.01045 142 142 142
1.30495 40.40260 -2.97264 147 147 147
1.42582 40.39875 -2.93822 138 138 138
1.54160 40.40105 -2.88954 149 149 149
1.65482 40.40351 -2.83543 143 143 143
1.76909 40.39920 -2.78370 140 140 140
1.88622 40.40105 -2.73612 146 146 146
1.99150 40.39846 -2.66685 146 146 146
2.10144 40.40338 -2.60514 145 145 145
2.19754 40.40266 -2.52306 139 139 139
2.29587 40.40383 -2.44507 144 144 144
2.39775 40.39993 -2.37129 144 144 144
2.49427 40.40089 -2.29054 148 148 148
2.57594 40.39881 -2.19425 146 146 146
2.67467 40.40177 -2.11483 145 145 145
2.75372 40.39733 -2.01669 149 149 149
2.83775 40.40279 -1.92284 153 153 153
2.90743 40.40040 -1.81779 147 147 147
2.97599 40.40081 -1.71251 153 153 153
3.05202 40.39795 -1.61194 155 155 155
3.10461 40.39831 -1.49714 154 154 154
3.17627 40.39826 -1.39295 149 149 149
3.21929 40.39757 -1.27413 155 155 155
3.28015 40.40151 -1.16360 153 153 153
3.32248 40.40019 -1.04508 166 166 166
3.36657 40.39608 -0.92723 155 155 155
3.39811 40.39935 -0.80540 163 163 163
3.42831 40.40142 -0.68346 160 160 160
3.45283 40.39902 -0.56032 159 159 159
3.47757 40.40035 -0.43721 167 167 167
3.49005 40.40392 -0.31224 165 165 165
3.51039 40.39917 -0.18808 160 160 160
3.51527 40.40140 -0.06247 168 168 168
3.51310 40.79593 0.06375 163 163 163
3.50509 40.80066 0.18919 169 169 169
3.50151 40.79812 0.31475 164 164 164
3.48789 40.79897 0.43961 164 164 164
3.47564 40.80073 0.56477 174 174 174
3.46083 40.80175 0.69003 172 172 172
3.42635 40.80205 0.81137 175 175 175
3.39699 40.80066 0.93372 173 173 173
3.34817 40.79916 1.05016 178 178 178
3.31420 40.79540 1.17121 175 175 175
3.28264 40.80237 1.29410 181 181 181
3.21706 40.79979 1.40286 184 184 184
3.16572 40.79843 1.51764 187 187 187
3.10154 40.80285 1.62580 180 180 180
3.03810 40.80074 1.73412 178 178 178
2.97638 40.79925 1.84383 181 181 181
2.90195 40.79998 1.94524 190 190 190
2.82277 40.79962 2.04284 179 179 179
2.75105 40.79465 2.14664 192 192 192
2.65770 40.79893 2.23181 185 185 185
2.57653 40.80408 2.32798 186 186 186
2.48776 40.80293 2.41715 195 195 195
2.38738 40.80092 2.49335 192 192 192
2.29526 40.79919 2.57912 195 195 195
2.19762 40.80289 2.65867 187 187 187
2.09445 40.79884 2.73092 185 185 185
1.98695 40.80640 2.79652 193 193 193
1.87624 40.79960 2.85636 190 190 190
1.76618 40.80249 2.91714 196 196 196
1.65405 40.79674 2.97421 193 193 193
1.53710 40.80005 3.02067 196 196 196
1.42275 40.79746 3.07374 189 189 189
1.30026 40.79501 3.10435 189 189 189
1.18031 40.80224 3.14145 197 197 197
1.05876 40.80407 3.17296 201 201 201
0.93687 40.80091 3.20366 189 189 189
0.81308 40.80109 3.22552 197 197 197
0.68752 40.79987 3.23392 198 198 198
0.56261 40.80319 3.24416 192 192 192
0.43798 40.79827 3.26237 200 200 200
0.31230 40.79882 3.25608 194 194 194
0.18683 40.79968 3.25734 193 193 193
0.06096 40.80421 3.25743 190 190 190
-0.06342 40.80298 3.23823 191 191 191
-0.18828 40.79210 3.22435 195 195 195
-0.31033 40.79953 3.19394 198 198 198
-0.43521 40.80383 3.17738 197 197 197
-0.55681 40.80006 3.14541 195 195 195
-0.67611 40.80187 3.10577 201 201 201
-0.79685 40.79734 3.07025 189 189 189
-0.91277 40.80100 3.02133 195 195 195
-1.02888 40.80079 2.97300 186 186 186
-1.13915 40.80162 2.91240 196 196 196
-1.24997 40.80482 2.85339 192 192 192
-1.35858 40.79812 2.79039 191 191 191
-1.46893 40.80140 2.72956 191 191 191
-1.57062 40.79655 2.65538 185 185 185
-1.66494 40.80026 2.57188 184 184 184
-1.77102 40.80314 2.50301 189 189 189
-1.85576 40.79873 2.40915 185 185 185
-1.94965 40.80293 2.32570 189 189 189
-2.02903 40.79872 2.22805 192 192 192
-2.12163 40.79690 2.14252 183 183 183
-2.20454 40.79884 2.04787 180 180 180
-2.27152 40.79949 1.94101 191 191 191
-2.34742 40.79935 1.84092 182 182 182
-2.41331 40.80547 1.73401 184 184 184
-2.47755 40.80108 1.62614 183 183 183
-2.53486 40.79126 1.51445 179 179 179
-2.60263 40.80151 1.40755 176 176 176
-2.64410 40.80367 1.28833 178 178 178
-2.68427 40.79654 1.16924 181 181 181
-2.74055 40.79890 1.05568 174 174 174
-2.76124 40.79672 0.93058 177 177 177
-2.80147 40.79913 0.81130 173 173 173
-2.83650 40.80191 0.69009 176 176 176
-2.85108 40.80125 0.56478 172 172 172
-2.87090 40.80111 0.44051 164 164 164
-2.87435 40.79737 0.31455 168 168 168
-2.88598 40.79818 0.18941 167 167 167
-2.88794 40.80155 0.06375 168 168 168
-2.88728 40.80316 -0.06196 165 165 165
-2.87005 40.79823 -0.18671 163 163 163
-2.86852 40.80026 -0.31273 159 159 159
-2.84190 40.79682 -0.43583 160 160 160
-2.82966 40.80013 -0.56123 154 154 154
-2.79353 40.79971 -0.68189 163 163 163
-2.77356 40.80217 -0.80655 160 160 160
-2.73490 40.79897 -0.92635 163 163 163
-2.68819 40.79972 -1.04319 156 156 156
-2.64360 40.79573 -1.16063 154 154 154
-2.58877 40.80487 -1.27366 161 161 161
-2.53672 40.79474 -1.38790 157 157 157
-2.47687 40.80045 -1.49826 152 152 152
-2.41603 40.79752 -1.60818 158 158 158
-1.67365 40.80128 -2.45542 142 142 142
-0.79524 40.80255 -2.93838 142 142 142
-0.67668 40.79724 -2.98002 142 142 142
-0.55426 40.80309 -3.00884 140 140 140
-0.31308 40.80267 -3.08029 141 141 141
0.68799 40.79969 -3.11042 139 139 139
0.81301 40.80340 -3.09760 138 138 138
0.93560 40.79795 -3.06979 142 142 142
1.06079 40.80231 -3.05392 141 141 141
1.18248 40.79846 -3.02165 142 142 142
1.30161 40.79960 -2.98103 141 141 141
1.42043 40.79913 -2.93994 147 147 147
1.53722 40.79974 -2.89346 145 145 145
1.65207 40.80236 -2.84242 140 140 140
1.76676 40.79877 -2.79078 136 136 136
1.87432 40.79772 -2.72542 134 134 134
1.98891 40.80022 -2.67223 145 145 145
2.08873 40.80343 -2.59485 149 149 149
2.18962 40.79893 -2.52016 145 145 145
2.28925 40.80363 -2.44399 144 144 144
2.38904 40.80004 -2.36779 148 148 148
2.48199 40.79887 -2.28340 151 151 151
2.56772 40.80015 -2.19167 150 150 150
2.66344 40.79989 -2.10962 152 152 152
2.75035 40.79831 -2.01854 148 148 148
2.82634 40.80468 -1.91815 152 152 152
2.89689 40.80243 -1.81406 148 148 148
2.97104 40.79740 -1.71276 153 153 153
3.04443 40.79723 -1.61050 149 149 149
3.09934 40.79965 -1.49706 150 150 150
3.15980 40.79598 -1.38712 160 160 160
3.21322 40.80364 -1.27359 159 159 159
3.26710 40.80366 -1.16017 160 160 160
3.31513 40.79431 -1.04405 160 160 160
3.36445 40.79769 -0.92795 158 158 158
3.39932 40.80343 -0.80688 161 161 161
3.42715 40.79888 -0.68406 160 160 160
3.45392 40.79581 -0.56116 167 167 167
3.47053 40.80031 -0.43646 161 161 161
3.49614 40.79719 -0.31308 163 163 163
3.50273 40.79933 -0.18734 165 165 165
3.49946 40.79926 -0.06147 164 164 164
3.49827 41.19897 0.06438 170 170 170
3.51207 41.19811 0.19035 163 163 163
3.48662 41.19934 0.31470 170 170 170
3.48710 41.19961 0.44090 176 176 176
3.46751 41.19578 0.56513 170 170 170
3.44546 41.20107 0.68888 172 172 172
3.43559 41.20744 0.81575 181 181 181
3.38922 41.19995 0.93397 174 174 174
3.34647 41.20052 1.05232 177 177 177
3.30196 41.20260 1.16969 173 173 173
3.26236 41.19855 1.28899 176 176 176
3.21232 41.20057 1.40426 177 177 177
3.16733 41.20220 1.52236 176 176 176
3.09520 41.19757 1.62646 190 190 190
3.03483 41.19928 1.73667 186 186 186
2.96423 41.20237 1.84063 179 179 179
2.89680 41.19900 1.94679 181 181 181
2.81748 41.20545 2.04436 188 188 188
2.74255 41.20187 2.14548 185 185 185
2.65930 41.20151 2.23985 183 183 183
2.57104 41.20358 2.32953 197 197 197
2.47877 41.19625 2.41499 192 192 192
2.38622 41.20166 2.50014 190 190 190
2.28860 41.19964 2.57944 190 190 190
2.18876 41.20000 2.65593 194 194 194
2.08451 41.20368 2.72627 191 191 191
1.97631 41.20059 2.79026 192 192 192
1.87374 41.19868 2.86399 191 191 191
1.75956 41.20050 2.91737 195 195 195
1.64369 41.19787 2.96629 190 190 190
1.53344 41.19990 3.02796 191 191 191
1.41023 41.20155 3.05784 200 200 200
1.29486 41.20187 3.10814 198 198 198
1.17461 41.20142 3.14465 196 196 196
1.05326 41.20058 3.17742 195 195 195
0.92971 41.19953 3.20054 201 201 201
0.80659 41.20254 3.22569 195 195 195
0.68161 41.20390 3.23884 200 200 200
0.55754 41.19982 3.26191 194 194 194
0.43159 41.19541 3.26380 188 188 188
0.30588 41.19937 3.26253 194 194 194
0.18013 41.20250 3.26515 192 192 192
0.05532 41.20177 3.24809 197 197 197
-0.07060 41.19952 3.24528 193 193 193
-0.19534 41.19604 3.22898 200 200 200
-0.32079 41.20208 3.21487 188 188 188
-0.44149 41.20010 3.17740 187 187 187
-0.56326 41.20132 3.14615 201 201 201
-0.68202 41.19885 3.10482 201 201 201
-0.79981 41.20100 3.06149 197 197 197
-0.91849 41.20107 3.02027 195 195 195
-1.03620 41.19840 2.97558 192 192 192
-1.14836 41.19673 2.91849 191 191 191
-1.25568 41.19571 2.85276 193 193 193
-1.36251 41.19974 2.78695 195 195 195
-1.47543 41.20245 2.73029 186 186 186
-1.57561 41.20032 2.65403 191 191 191
-1.67215 41.19946 2.57350 199 199 199
-1.77126 41.20099 2.49640 191 191 191
-1.86791 41.20016 2.41597 190 190 190
-1.95878 41.19960 2.32904 190 190 190
-2.03494 41.19899 2.22821 190 190 190
-2.12619 41.19927 2.14156 196 196 196
-2.20843 41.19950 2.04650 182 182 182
-2.27489 41.19611 1.93942 187 187 187
-2.35626 41.19635 1.84316 184 184 184
-2.42304 41.20166 1.73666 176 176 176
-2.48808 41.19906 1.62907 177 177 177
-2.54994 41.19405 1.51949 184 184 184
-2.59974 41.20152 1.40389 179 179 179
-2.64378 41.19996 1.28617 179 179 179
-2.70291 41.19566 1.17438 176 176 176
-2.74084 41.20279 1.05432 178 178 178
-2.77852 41.20205 0.93427 177 177 177
-2.80934 41.19982 0.81227 174 174 174
-2.83408 41.19881 0.68895 171 171 171
-2.85400 41.19807 0.56485 180 180 180
-2.86812 41.19805 0.44004 167 167 167
-2.88483 41.19530 0.31549 169 169 169
-2.89227 41.20459 0.19003 173 173 173
-2.88813 41.20116 0.06438 169 169 169
-2.88825 41.20058 -0.06112 170 170 170
-2.88297 41.19890 -0.18659 169 169 169
-2.86762 41.19791 -0.31123 165 165 165
-2.85685 41.20112 -0.43655 164 164 164
-2.82496 41.19834 -0.55839 158 158 158
-2.79784 41.20549 -0.68076 157 157 157
-2.77219 41.19809 -0.80373 162 162 162
-2.74044 41.19895 -0.92544 158 158 158
-2.69341 41.19847 -1.04212 156 156 156
-2.64537 41.19761 -1.15807 160 160 160
-2.60107 41.20096 -1.27575 150 150 150
-2.54516 41.19807 -1.38831 154 154 154
-2.48610 41.20220 -1.49921 157 157 157
-2.35689 41.20185 -1.71483 155 155 155
-2.27635 41.19802 -1.81173 150 150 150
-2.04687 41.19900 -2.11048 145 145 145
-1.77485 41.19842 -2.37185 142 142 142
-1.36362 41.20203 -2.66001 142 142 142
-1.25302 41.19894 -2.71925 143 143 143
-0.67961 41.19915 -2.96867 143 143 143
-0.56563 41.19636 -3.02580 141 141 141
-0.06952 41.19919 -3.10744 142 142 142
0.05476 41.19833 -3.12651 142 142 142
0.55744 41.19944 -3.13192 142 142 142
0.68178 41.20120 -3.11158 134 134 134
0.80582 41.19889 -3.09210 142 142 142
0.92949 41.20509 -3.07068 137 137 137
1.05253 41.20063 -3.04562 147 147 147
1.17349 41.19946 -3.01193 144 144 144
1.29375 41.19838 -2.97595 145 145 145
1.41357 41.20226 -2.93814 141 141 141
1.53385 41.19945 -2.90019 141 141 141
1.64535 41.20363 -2.84114 141 141 141
1.76002 41.19899 -2.78952 144 144 144
1.87028 41.20086 -2.72906 143 143 143
1.97673 41.19897 -2.66220 149 149 149
2.08478 41.20070 -2.59793 144 144 144
2.19209 41.19901 -2.53176 138 138 138
2.29421 41.19523 -2.45780 141 141 141
2.39054 41.20255 -2.37644 141 141 141
2.47153 41.19920 -2.27841 150 150 150
2.56688 41.19660 -2.19662 150 150 150
2.65259 41.19791 -2.10490 148 148 148
2.74313 41.20071 -2.01723 143 143 143
2.80797 41.19966 -1.90811 149 149 149
2.89627 41.19849 -1.81765 151 151 151
2.95791 41.20015 -1.70765 155 155 155
3.02559 41.19929 -1.60226 144 144 144
3.10276 41.20028 -1.50195 155 155 155
3.15970 41.20170 -1.38972 148 148 148
3.21156 41.20034 -1.27516 148 148 148
3.26295 41.20119 -1.16048 160 160 160
3.30752 41.20037 -1.04299 154 154 154
3.34980 41.19498 -0.92465 159 159 159
3.39134 41.20090 -0.80581 163 163 163
3.40429 41.20704 -0.67949 159 159 159
3.44358 41.19548 -0.55975 155 155 155
3.46277 41.20005 -0.43563 167 167 167
3.48603 41.19571 -0.31202 162 162 162
3.49882 41.19760 -0.18691 162 162 162
3.50047 41.20540 -0.06114 164 164 164
3.50329 41.60006 0.06500 172 172 172
3.49180 41.59921 0.19043 171 171 171
3.48670 41.60196 0.31585 165 165 165
3.47591 41.60204 0.44098 175 175 175
3.46299 41.59954 0.56608 170 170 170
3.43919 41.60147 0.68956 164 164 164
3.40418 41.59662 0.81041 170 170 170
3.38130 41.59866 0.93421 174 174 174
3.34791 41.60189 1.05555 174 174 174
3.30119 41.60447 1.17245 173 173 173
3.26151 41.60086 1.29198 183 183 183
3.21344 41.60691 1.40843 172 172 172
3.14862 41.59637 1.51680 182 182 182
3.09251 41.60271 1.62927 181 181 181
3.02627 41.59725 1.73608 179 179 179
2.95226 41.59840 1.83764 184 184 184
2.89014 41.59815 1.94735 180 180 180
2.80996 41.59955 2.04424 189 189 189
2.74201 41.60208 2.15126 181 181 181
2.63960 41.60048 2.22835 184 184 184
2.56546 41.59586 2.33115 200 200 200
2.46849 41.59738 2.41161 178 178 178
2.37589 41.60022 2.49636 187 187 187
2.28550 41.59686 2.58448 186 186 186
2.18395 41.60307 2.65899 193 193 193
2.08218 41.60163 2.73325 187 187 187
1.97289 41.60125 2.79603 192 192 192
1.85828 41.59937 2.84874 189 189 189
1.74972 41.60031 2.91159 188 188 188
1.63891 41.60616 2.97082 193 193 193
1.52260 41.59729 3.01828 193 193 193
1.40789 41.60043 3.06994 198 198 198
1.28716 41.60064 3.10531 199 199 199
1.17023 41.60180 3.15307 194 194 194
1.04615 41.60016 3.17581 191 191 191
0.92279 41.59716 3.19947 194 194 194
0.80011 41.59940 3.22695 193 193 193
0.67573 41.60033 3.24536 199 199 199
0.54986 41.60015 3.24856 201 201 201
0.42512 41.60048 3.26709 193 193 193
0.29931 41.59671 3.25066 195 195 195
0.17366 41.59828 3.26297 201 201 201
0.04852 41.59824 3.25156 194 194 194
-0.07683 41.59526 3.24296 194 194 194
-0.20047 41.59863 3.22048 187 187 187
-0.32470 41.59674 3.20212 204 204 204
-0.44778 41.59917 3.17683 201 201 201
-0.57100 41.59966 3.15090 199 199 199
-0.68976 41.60167 3.10903 197 197 197
-0.81042 41.59599 3.07304 194 194 194
-0.92624 41.59912 3.02375 193 193 193
-1.04075 41.60365 2.97181 179 179 179
-1.15462 41.59839 2.91849 189 189 189
-1.26587 41.60419 2.85982 192 192 192
-1.36950 41.60182 2.78824 196 196 196
-1.48315 41.59960 2.73264 194 194 194
-1.58102 41.59844 2.65306 194 194 194
-1.68140 41.60386 2.57752 189 189 189
-1.77832 41.59889 2.49759 198 198 198
-1.87019 41.59883 2.41195 188 188 188
-1.96441 41.59943 2.32872 184 184 184
-2.04849 41.60228 2.23529 181 181 181
-2.13320 41.60044 2.14256 187 187 187
-2.21485 41.59668 2.04700 184 184 184
-2.28429 41.59904 1.94209 193 193 193
-2.35930 41.59692 1.84143 180 180 180
-2.43028 41.59844 1.73769 174 174 174
-2.49769 41.59615 1.63140 188 188 188
-2.54963 41.59847 1.51660 179 179 179
-2.60802 41.60226 1.40530 188 188 188
-2.66104 41.60020 1.29122 180 180 180
-2.69817 41.60278 1.17083 177 177 177
-2.73117 41.59704 1.04966 173 173 173
-2.78467 41.60288 0.93477 171 171 171
-2.81352 41.59662 0.81232 170 170 170
-2.83861 41.59521 0.68917 176 176 176
-2.86549 41.60235 0.56625 166 166 166
-2.88388 41.59945 0.44175 171 171 171
-2.88571 41.59964 0.31567 169 169 169
-2.89923 41.60065 0.19067 163 163 163
-2.90789 41.59910 0.06500 168 168 168
-2.89859 41.60053 -0.06065 162 162 162
-2.89399 41.59876 -0.18632 167 167 167
-2.87744 41.60368 -0.31099 170 170 170
-2.86960 41.59616 -0.43691 163 163 163
-2.83503 41.59796 -0.55846 167 167 167
-2.80446 41.60075 -0.68015 159 159 159
-2.78489 41.60044 -0.80483 162 162 162
-2.74924 41.59774 -0.92553 167 167 167
-2.70277 41.60204 -1.04253 156 156 156
-2.66108 41.60243 -1.16123 155 155 155
-2.60189 41.60009 -1.27247 158 158 158
-2.55216 41.60183 -1.38790 154 154 154
-2.48612 41.59902 -1.49492 155 155 155
-2.41710 41.60184 -1.59961 150 150 150
-2.28845 41.60364 -1.81511 149 149 149
-1.96182 41.59886 -2.19613 143 143 143
-0.80936 41.59891 -2.94018 144 144 144
-0.68777 41.60455 -2.97293 142 142 142
-0.57045 41.59898 -3.01892 138 138 138
-0.44709 41.59864 -3.04396 138 138 138
-0.20075 41.59929 -3.09222 147 147 147
0.17346 41.59962 -3.13810 144 144 144
0.29931 41.59904 -3.12637 138 138 138
0.67539 41.59834 -3.11247 144 144 144
0.79916 41.59820 -3.09092 132 132 132
0.92307 41.59845 -3.07088 142 142 142
1.04888 41.59626 -3.05720 141 141 141
1.16665 41.60091 -3.01037 135 135 135
1.28703 41.60024 -2.97488 143 143 143
1.40834 41.59967 -2.94117 143 143 143
1.51939 41.59999 -2.88054 146 146 146
1.63926 41.60528 -2.84157 142 142 142
1.75056 41.59901 -2.78325 146 146 146
1.85961 41.60298 -2.72111 141 141 141
1.96943 41.59763 -2.66040 137 137 137
2.07634 41.59868 -2.59452 140 140 140
2.18178 41.60307 -2.52600 153 153 153
2.28191 41.60020 -2.44992 137 137 137
2.37927 41.59744 -2.37032 151 151 151
2.46858 41.59694 -2.28171 147 147 147
2.56615 41.60001 -2.20185 150 150 150
2.65288 41.60238 -2.11062 157 157 157
2.73981 41.60193 -2.01938 151 151 151
2.81504 41.59825 -1.91824 145 145 145
2.89087 41.60041 -1.81788 151 151 151
2.95433 41.60209 -1.70903 152 152 152
3.02842 41.59781 -1.60740 152 152 152
3.09200 41.60540 -1.49898 158 158 158
3.16063 41.59863 -1.39291 151 151 151
3.20844 41.60278 -1.27613 158 158 158
3.25109 41.59923 -1.15767 157 157 157
3.30214 41.60332 -1.04280 161 161 161
3.33576 41.59931 -0.92160 159 159 159
3.38062 41.60146 -0.80402 160 160 160
3.41264 41.60165 -0.68244 159 159 159
3.43371 41.60343 -0.55847 162 162 162
3.45379 41.59752 -0.43462 168 168 168
3.47772 41.60326 -0.31119 162 162 162
3.49539 41.60085 -0.18654 164 164 164
3.50222 41.59880 -0.06084 164 164 164
3.49312 41.99928 0.06563 166 166 166
3.49836 42.00013 0.19158 167 167 167
3.48470 42.00031 0.31685 170 170 170
3.47313 41.99822 0.44207 171 171 171
3.46018 42.00463 0.56732 171 171 171
3.43057 41.99898 0.68981 169 169 169
3.39613 41.99811 0.81072 174 174 174
3.37269 42.00032 0.93431 175 175 175
3.33686 42.00200 1.05477 174 174 174
3.29327 41.99872 1.17264 174 174 174
3.25518 41.99766 1.29278 180 180 180
3.20530 41.99846 1.40841 181 181 181
3.14285 41.99965 1.51791 182 182 182
3.08131 41.99797 1.62739 179 179 179
3.01435 42.00141 1.73353 182 182 182
2.95723 41.99653 1.84609 180 180 180
2.88243 41.99662 1.94726 185 185 185
2.80172 41.99840 2.04367 181 181 181
2.73037 42.00122 2.14769 187 187 187
2.64587 41.99802 2.24098 190 190 190
2.55845 42.00186 2.33149 183 183 183
2.46620 42.00270 2.41703 195 195 195
2.37263 41.99869 2.50105 186 186 186
2.27083 42.00128 2.57502 185 185 185
2.17402 41.99726 2.65521 184 184 184
2.07404 41.99930 2.73176 195 195 195
1.96060 42.00396 2.78758 195 195 195
1.85135 42.00507 2.84900 189 189 189
1.74642 42.00335 2.91896 189 189 189
1.63426 41.99579 2.97596 192 192 192
1.51949 41.99978 3.02765 199 199 199
1.40286 41.99417 3.07517 191 191 191
1.27880 41.99868 3.10090 190 190 190
1.15968 42.00349 3.14013 196 196 196
1.03718 42.00135 3.16710 196 196 196
0.91828 42.00301 3.21122 197 197 197
0.79205 42.00188 3.21918 189 189 189
0.66839 41.99810 3.24085 196 196 196
0.54312 42.00018 3.24908 195 195 195
0.41813 42.00132 3.26117 201 201 201
0.29258 42.00012 3.26837 190 190 190
0.16718 41.99600 3.25725 190 190 190
0.04216 42.00466 3.24746 193 193 193
-0.08350 41.99746 3.24314 195 195 195
-0.20807 41.99650 3.22660 198 198 198
-0.33215 41.99914 3.20633 199 199 199
-0.45306 42.00189 3.17145 193 193 193
-0.57429 42.00587 3.13932 195 195 195
-0.69522 42.00109 3.10577 189 189 189
-0.81462 42.00106 3.06681 196 196 196
-0.93412 42.00154 3.02713 197 197 197
-1.04511 42.00304 2.96730 194 194 194
-1.16427 41.99726 2.92486 192 192 192
-1.27377 42.00108 2.86255 196 196 196
-1.37975 42.00220 2.79462 189 189 189
-1.48500 42.00306 2.72596 190 190 190
-1.58299 41.99565 2.64712 187 187 187
-1.69121 41.99799 2.58206 188 188 188
-1.78830 41.99747 2.50202 186 186 186
-1.87359 41.99553 2.40897 186 186 186
-1.96687 41.99976 2.32507 184 184 184
-2.05276 42.00039 2.23364 180 180 180
-2.14645 42.00451 2.14876 185 185 185
-2.22671 41.99785 2.05167 184 184 184
-2.29278 41.99366 1.94400 182 182 182
-2.36978 42.00024 1.84456 181 181 181
-2.43392 42.00243 1.73643 176 176 176
-2.49794 41.99878 1.62839 184 184 184
-2.55760 41.99685 1.51786 179 179 179
-2.60789 42.00005 1.40276 180 180 180
-2.66777 41.99711 1.29184 173 173 173
-2.70673 42.00292 1.17213 181 181 181
-2.75603 41.99879 1.05618 177 177 177
-2.79392 41.99798 0.93611 180 180 180
-2.82035 42.00194 0.81297 173 173 173
-2.83852 42.00067 0.68844 175 175 175
-2.86971 41.99873 0.56648 174 174 174
-2.88177 41.99180 0.44133 176 176 176
-2.89330 42.00199 0.31636 168 168 168
-2.89872 41.99873 0.19101 161 161 161
-2.90049 42.00045 0.06563 166 166 166
-2.89999 42.00189 -0.05981 167 167 167
-2.90466 41.99823 -0.18600 171 171 171
-2.89248 41.99897 -0.31135 172 172 172
-2.86389 42.00130 -0.43431 168 168 168
-2.85061 42.00387 -0.55959 165 165 165
-2.81899 42.00098 -0.68140 164 164 164
-2.79321 42.00292 -0.80466 171 171 171
-2.74856 42.00246 -0.92250 157 157 157
-2.71502 41.99702 -1.04394 154 154 154
-2.66355 41.99864 -1.15884 157 157 157
-2.62485 41.99921 -1.27933 160 160 160
-2.56171 41.99748 -1.38871 146 146 146
-2.49562 42.00421 -1.49584 153 153 153
-2.43088 41.99816 -1.60331 151 151 151
-2.35710 42.00176 -1.70483 145 145 145
-1.68709 42.00397 -2.44558 148 148 148
-1.48199 42.00058 -2.59020 142 142 142
-1.16296 42.00543 -2.79102 145 145 145
-1.05050 41.99597 -2.84773 144 144 144
-0.69702 42.00447 -2.98006 137 137 137
0.16730 41.99847 -3.12290 135 135 135
0.29258 41.99926 -3.13736 141 141 141
0.54326 41.99951 -3.11956 142 142 142
0.66917 41.99591 -3.11617 141 141 141
0.79321 41.99901 -3.09521 153 153 153
0.91594 41.99829 -3.06822 138 138 138
1.03793 42.00238 -3.03899 139 139 139
1.16186 41.99875 -3.01660 140 140 140
1.28252 41.99760 -2.98110 141 141 141
1.40134 42.00287 -2.93982 145 145 145
1.51530 41.99737 -2.88628 139 139 139
1.63211 42.00119 -2.84003 138 138 138
1.74442 42.00000 -2.78378 143 143 143
1.85689 42.00136 -2.72765 140 140 140
1.96684 41.99548 -2.66653 145 145 145
2.07312 41.99729 -2.59914 142 142 142
2.16888 41.99884 -2.51689 140 140 140
2.27306 41.99833 -2.44661 144 144 144
2.37477 42.00059 -2.37230 146 146 146
2.46668 42.00061 -2.28630 149 149 149
2.55698 41.99985 -2.19877 151 151 151
2.64096 42.00178 -2.10519 146 146 146
2.72778 42.00178 -2.01423 147 147 147
2.81221 41.99910 -1.92069 148 148 148
2.89102 42.00153 -1.82225 150 150 150
2.94996 41.99941 -1.70998 152 152 152
3.01543 42.00456 -1.60294 149 149 149
3.08984 41.99942 -1.50092 145 145 145
3.14324 41.99927 -1.38686 159 159 159
3.18979 42.00071 -1.27001 150 150 150
3.24396 41.99994 -1.15688 162 162 162
3.29227 41.99952 -1.04102 159 159 159
3.34640 41.99968 -0.92662 161 161 161
3.37050 42.00338 -0.80244 154 154 154
3.40429 42.00110 -0.68143 159 159 159
3.42502 41.99798 -0.55746 163 163 163
3.44829 42.00494 -0.43419 168 168 168
3.46667 41.99621 -0.31005 166 166 166
3.46965 42.00094 -0.18442 169 169 169
3.48786 41.99912 -0.05992 163 163 163
3.48467 42.39875 0.06625 169 169 169
3.48166 42.40274 0.19182 169 169 169
3.47817 42.40387 0.31750 170 170 170
3.45795 42.40079 0.44171 173 173 173
3.44635 42.40010 0.56685 174 174 174
3.42790 42.40130 0.69127 172 172 172
3.39128 42.39758 0.81183 171 171 171
3.36415 42.40199 0.93446 171 171 171
3.33173 42.40200 1.05596 178 178 178
3.28541 42.40547 1.17290 174 174 174
3.24418 42.40102 1.29169 178 178 178
3.19731 42.39697 1.40852 178 178 178
3.14325 42.40025 1.52224 183 183 183
3.08071 42.39930 1.63153 184 184 184
3.01413 42.39775 1.73823 183 183 183
2.94918 42.39764 1.84593 185 185 185
2.88074 42.40174 1.95166 178 178 178
2.79090 42.39931 2.04119 176 176 176
2.72136 42.39936 2.14650 182 182 182
2.63574 42.40264 2.23860 187 187 187
2.54460 42.40124 2.32515 186 186 186
2.45164 42.40087 2.40935 182 182 182
2.36360 42.40133 2.49916 191 191 191
2.27390 42.39937 2.58826 192 192 192
2.16864 42.40035 2.65789 186 186 186
2.06260 42.40023 2.72557 190 190 190
1.95444 42.40210 2.78938 192 192 192
1.85068 42.40437 2.86073 195 195 195
1.73554 42.39904 2.91171 191 191 191
1.62814 42.39809 2.97821 199 199 199
1.51146 42.39986 3.02549 184 184 184
1.39270 42.40057 3.06690 195 195 195
1.27335 42.40093 3.10591 195 195 195
1.15363 42.40173 3.14370 190 190 190
1.03396 42.40457 3.18297 194 194 194
0.91098 42.39900 3.20973 193 193 193
0.78672 42.40126 3.22956 191 191 191
0.66228 42.40153 3.24793 195 195 195
0.53638 42.39989 3.25144 193 193 193
0.41128 42.39807 3.26233 191 191 191
0.28570 42.40087 3.26532 195 195 195
0.16006 42.39799 3.26391 195 195 195
0.03449 42.39772 3.25814 197 197 197
-0.09070 42.39774 3.24647 198 198 198
-0.21376 42.40009 3.21972 197 197 197
-0.33801 42.40213 3.20185 206 206 206
-0.46087 42.40167 3.17593 196 196 196
-0.58404 42.40222 3.15011 189 189 189
-0.70569 42.39744 3.11743 193 193 193
-0.82093 42.39757 3.06591 189 189 189
-0.94039 42.39836 3.02630 193 193 193
-1.05374 42.40141 2.97172 191 191 191
-1.16644 42.40162 2.91623 195 195 195
-1.28039 42.39945 2.86271 191 191 191
-1.38473 42.40269 2.79214 198 198 198
-1.48565 42.40411 2.71726 188 188 188
-1.59214 42.39904 2.65088 191 191 191
-1.69397 42.40036 2.57745 196 196 196
-1.78824 42.40103 2.49452 191 191 191
-1.88854 42.40213 2.41833 184 184 184
-1.97837 42.40181 2.33032 181 181 181
-2.06835 42.39772 2.24231 189 189 189
-2.15065 42.39774 2.14709 183 183 183
-2.22924 42.40678 2.04887 187 187 187
-2.30893 42.39709 1.95136 181 181 181
-2.37546 42.39917 1.84438 180 180 180
-2.44568 42.39804 1.74004 183 183 183
-2.50208 42.39922 1.62748 184 184 184
-2.57099 42.40479 1.52181 182 182 182
-2.62530 42.39803 1.40824 181 181 181
-2.66721 42.39851 1.28939 182 182 182
-2.70855 42.40054 1.17089 172 172 172
-2.76258 42.40276 1.05670 176 176 176
-2.79148 42.39777 0.93411 181 181 181
-2.83382 42.40148 0.81518 175 175 175
-2.85657 42.40283 0.69129 174 174 174
-2.87952 42.39709 0.56757 174 174 174
-2.88767 42.40236 0.44184 170 170 170
-2.90737 42.39733 0.31755 171 171 171
-2.91310 42.39937 0.19193 173 173 173
-2.91376 42.40163 0.06625 164 164 164
-2.91580 42.39546 -0.05954 166 166 166
-2.90145 42.40138 -0.18458 168 168 168
-2.89294 42.40328 -0.30997 164 164 164
-2.86958 42.40427 -0.43350 162 162 162
-2.85569 42.39847 -0.55861 164 164 164
-2.82757 42.40591 -0.68118 157 157 157
-2.79501 42.39798 -0.80260 166 166 166
-2.75281 42.40316 -0.92102 159 159 159
-2.71247 42.39862 -1.03983 156 156 156
-2.66937 42.40416 -1.15778 167 167 167
-2.61606 42.39831 -1.27148 152 152 152
-2.56459 42.39676 -1.38605 151 151 151
-2.50820 42.40003 -1.49841 159 159 159
-2.37412 42.39965 -1.71098 152 152 152
-1.16565 42.39666 -2.78218 134 134 134
-0.58131 42.39867 -3.00793 138 138 138
-0.21514 42.40043 -3.09594 137 137 137
0.03453 42.39816 -3.12522 144 144 144
0.66242 42.40240 -3.11664 143 143 143
0.78675 42.40322 -3.09724 138 138 138
0.90967 42.39968 -3.07063 144 144 144
1.03269 42.40149 -3.04517 141 141 141
1.15566 42.40091 -3.01839 142 142 142
1.27310 42.39925 -2.97265 146 146 146
1.39164 42.39922 -2.93153 134 134 134
1.51186 42.39547 -2.89396 144 144 144
1.62804 42.40012 -2.84552 141 141 141
1.73780 42.40220 -2.78365 139 139 139
1.85169 42.39866 -2.73003 145 145 145
1.95495 42.40210 -2.65772 143 143 143
2.06132 42.39868 -2.59115 137 137 137
2.16696 42.39681 -2.52308 149 149 149
2.26603 42.40212 -2.44579 150 150 150
2.36502 42.40137 -2.36832 147 147 147
2.46684 42.39980 -2.29329 147 147 147
2.54786 42.39789 -2.19590 146 146 146
2.64047 42.40475 -2.11048 150 150 150
2.72412 42.40222 -2.01636 145 145 145
2.80366 42.39931 -1.91875 150 150 150
2.87617 42.39896 -1.81584 147 147 147
2.94857 42.40307 -1.71302 154 154 154
3.00774 42.40011 -1.60182 157 157 157
3.07738 42.40310 -1.49716 158 158 158
3.13681 42.39611 -1.38646 156 156 156
3.19619 42.39996 -1.27550 157 157 157
3.24051 42.39990 -1.15767 154 154 154
3.28722 42.40316 -1.04107 156 156 156
3.33315 42.39827 -0.92393 165 165 165
3.35388 42.39933 -0.79906 165 165 165
3.39525 42.39933 -0.68029 165 165 165
3.42100 42.40077 -0.55740 169 169 169
3.44695 42.40208 -0.43444 161 161 161
3.46115 42.40201 -0.30959 167 167 167
3.47157 42.40020 -0.18448 167 167 167
3.49388 42.40260 -0.05980 162 162 162
3.47764 42.79800 0.06688 171 171 171
3.47575 42.80169 0.19249 166 166 166
3.46791 42.80410 0.31787 174 174 174
3.45097 42.80163 0.44234 172 172 172
3.43880 42.80077 0.56739 175 175 175
3.40410 42.79921 0.68856 164 164 164
3.38871 42.79632 0.81353 174 174 174
3.36295 42.79984 0.93673 177 177 177
3.33196 42.79901 1.05895 171 171 171
3.27747 42.79525 1.17319 182 182 182
3.23378 42.79711 1.29092 181 181 181
3.18798 42.80402 1.40808 183 183 183
3.13547 42.79808 1.52248 172 172 172
3.07202 42.80319 1.63122 187 187 187
3.01549 42.79809 1.74400 179 179 179
2.92967 42.79994 1.83821 178 178 178
2.86846 42.80198 1.94846 178 178 178
2.78320 42.80106 2.04128 189 189 189
2.70819 42.80043 2.14188 188 188 188
2.62615 42.80254 2.23686 187 187 187
2.54067 42.79971 2.32886 184 184 184
2.45315 42.80017 2.41920 183 183 183
2.36011 42.80200 2.50392 193 193 193
2.26037 42.79988 2.58065 185 185 185
2.15616 42.79478 2.65100 188 188 188
2.05283 42.80189 2.72209 191 191 191
1.94974 42.80189 2.79380 191 191 191
1.84375 42.79658 2.86151 188 188 188
1.73188 42.79960 2.91894 202 202 202
1.62186 42.80170 2.98047 184 184 184
1.50243 42.79460 3.02127 203 203 203
1.38612 42.79679 3.06872 190 190 190
1.26689 42.79696 3.10828 187 187 187
1.14835 42.79921 3.15050 200 200 200
1.02499 42.80037 3.17547 200 200 200
0.90458 42.79965 3.21349 197 197 197
0.78094 42.80104 3.23803 193 193 193
0.65409 42.79975 3.23868 194 194 194
0.52916 42.80274 3.24959 198 198 198
0.40425 42.79803 3.26290 194 194 194
0.27868 42.80013 3.25743 200 200 200
0.15326 42.80093 3.25905 204 204 204
0.02805 42.80578 3.25136 193 193 193
-0.09737 42.80377 3.24410 192 192 192
-0.22246 42.80157 3.23096 190 190 190
-0.34539 42.80087 3.20428 197 197 197
-0.46781 42.79807 3.17623 200 200 200
-0.58930 42.79789 3.14449 196 196 196
-0.71401 42.79633 3.12205 193 193 193
-0.83063 42.79977 3.07380 183 183 183
-0.94440 42.80123 3.01965 191 191 191
-1.05823 42.79971 2.96686 192 192 192
-1.17021 42.80085 2.91047 186 186 186
-1.28707 42.80436 2.86272 194 194 194
-1.39161 42.79982 2.79253 190 190 190
-1.49788 42.79691 2.72568 195 195 195
-1.59853 42.79629 2.65063 190 190 190
-1.70157 42.80069 2.57881 182 182 182
-1.79697 42.79967 2.49714 195 195 195
-1.89428 42.79906 2.41757 193 193 193
-1.97611 42.79867 2.32166 192 192 192
-2.07138 42.79790 2.23925 190 190 190
-2.14945 42.79744 2.14069 192 192 192
-2.23700 42.79935 2.05008 181 181 181
-2.31678 42.79595 1.95259 178 178 178
-2.37988 42.79959 1.84327 188 188 188
-2.45489 42.79974 1.74201 180 180 180
-2.50852 42.80084 1.62778 177 177 177
-2.57502 42.80300 1.52091 186 186 186
-2.62701 42.79680 1.40642 176 176 176
-2.67447 42.80110 1.29011 172 172 172
-2.72347 42.80070 1.17443 178 178 178
-2.75830 42.79860 1.05365 174 174 174
-2.80477 42.79860 0.93650 178 178 178
-2.83382 42.79820 0.81412 179 179 179
-2.86844 42.79861 0.69288 173 173 173
-2.87685 42.79724 0.56666 171 171 171
-2.90458 42.80502 0.44364 169 169 169
-2.91513 42.80421 0.31823 167 167 167
-2.92838 42.79613 0.19288 167 167 167
-2.92790 42.79982 0.06688 171 171 171
-2.91736 42.79886 -0.05870 161 161 161
-2.91143 42.79806 -0.18419 167 167 167
-2.89931 42.80126 -0.30926 168 168 168
-2.88023 42.79825 -0.43345 166 166 166
-2.85676 42.80159 -0.55680 166 166 166
-2.84356 42.79527 -0.68271 163 163 163
-2.79974 42.80160 -0.80133 158 158 158
-2.76868 42.79590 -0.92327 162 162 162
-2.71843 42.80127 -1.03882 158 158 158
-2.68304 42.80171 -1.15991 159 159 159
-2.63544 42.80266 -1.27655 152 152 152
-2.57911 42.80388 -1.38924 154 154 154
-2.51822 42.80387 -1.49947 149 149 149
-2.44619 42.79943 -1.60292 153 153 153
-2.30443 42.79669 -1.80986 153 153 153
-1.50097 42.79698 -2.59655 145 145 145
-1.28256 42.79776 -2.72091 140 140 140
-0.82951 42.79911 -2.93699 143 143 143
-0.71166 42.79558 -2.98106 145 145 145
0.15288 42.80039 -3.13495 139 139 139
0.65501 42.80141 -3.11274 138 138 138
0.77834 42.79672 -3.08785 134 134 134
0.90175 42.79660 -3.06552 146 146 146
1.02680 42.79766 -3.04926 139 139 139
1.14851 42.80099 -3.01732 144 144 144
1.26868 42.80066 -2.98004 143 143 143
1.38688 42.79979 -2.93703 142 142 142
1.50335 42.80086 -2.88974 145 145 145
1.61645 42.80390 -2.83498 136 136 136
1.73248 42.79370 -2.78637 148 148 148
1.84722 42.80050 -2.73395 147 147 147
1.95250 42.80190 -2.66456 144 144 144
2.05996 42.79890 -2.59900 152 152 152
2.16239 42.79796 -2.52583 142 142 142
2.25634 42.80052 -2.44178 144 144 144
2.35468 42.80042 -2.36382 149 149 149
2.45193 42.80776 -2.28414 148 148 148
2.54393 42.80021 -2.19837 146 146 146
2.62566 42.79639 -2.10266 150 150 150
2.71006 42.80318 -2.00972 152 152 152
2.79473 42.79760 -1.91662 144 144 144
2.86527 42.80046 -1.81240 155 155 155
2.93407 42.79578 -1.70740 152 152 152
3.00637 42.79950 -1.60466 153 153 153
3.07155 42.80467 -1.49721 152 152 152
3.13034 42.79779 -1.38612 153 153 153
3.17969 42.79923 -1.27051 149 149 149
3.23138 42.79926 -1.15617 161 161 161
3.27872 42.80045 -1.03990 156 156 156
3.32327 42.79756 -0.92237 152 152 152
3.35541 42.80004 -0.80085 159 159 159
3.39201 42.79815 -0.68057 156 156 156
3.42120 42.80030 -0.55821 163 163 163
3.44501 42.80197 -0.43462 157 157 157
3.46435 42.80129 -0.31017 165 165 165
3.47031 42.79954 -0.18431 166 166 166
3.48487 42.80202 -0.05910 162 162 162
3.46526 43.19402 0.06750 172 172 172
3.46461 43.20378 0.19296 175 175 175
3.46540 43.20064 0.31886 168 168 168
3.44890 43.19687 0.44357 168 168 168
3.43387 43.20017 0.56837 168 168 168
3.41188 43.20154 0.69216 176 176 176
3.38231 43.19925 0.81434 175 175 175
3.35562 43.20367 0.93731 179 179 179
3.31475 43.20083 1.05631 179 179 179
3.27450 43.20310 1.17536 178 178 178
3.22825 43.20041 1.29222 178 178 178
3.17913 43.19708 1.40793 176 176 176
3.12757 43.19632 1.52273 182 182 182
3.06243 43.20024 1.63049 182 182 182
3.00547 43.20163 1.74287 183 183 183
2.92811 43.20338 1.84258 180 180 180
2.86527 43.19958 1.95197 182 182 182
2.79211 43.20125 2.05458 181 181 181
2.70702 43.19530 2.14762 184 184 184
2.62590 43.19999 2.24388 183 183 183
2.53025 43.20270 2.32624 193 193 193
2.44360 43.20262 2.41725 186 186 186
2.35243 43.20063 2.50395 187 187 187
2.25129 43.20133 2.57883 194 194 194
2.15093 43.19467 2.65429 190 190 190
2.05436 43.19482 2.73571 195 195 195
1.94253 43.19783 2.79436 187 187 187
1.83518 43.19823 2.85964 196 196 196
1.72468 43.19839 2.91950 196 196 196
1.61168 43.19614 2.97455 187 187 187
1.49748 43.20054 3.02725 199 199 199
1.37792 43.19774 3.06656 191 191 191
1.26030 43.19888 3.11068 197 197 197
1.14038 43.20185 3.14827 197 197 197
1.01843 43.20359 3.17862 199 199 199
0.89733 43.20072 3.21370 197 197 197
0.77272 43.19548 3.23198 196 196 196
0.64769 43.20213 3.24583 197 197 197
0.52280 43.20325 3.26039 199 199 199
0.39715 43.19410 3.26523 194 194 194
0.27151 43.20128 3.26423 201 201 201
0.14597 43.19601 3.26275 199 199 199
0.02079 43.20253 3.25321 195 195 195
-0.10446 43.20186 3.24407 192 192 192
-0.22997 43.19539 3.23373 195 195 195
-0.35431 43.19591 3.21373 198 198 198
-0.47595 43.20006 3.18092 198 198 198
-0.59892 43.19985 3.15381 199 199 199
-0.71868 43.20001 3.11498 201 201 201
-0.83859 43.20118 3.07657 190 190 190
-0.95482 43.19919 3.02814 194 194 194
-1.06544 43.19846 2.96758 197 197 197
-1.18283 43.19591 2.92181 192 192 192
-1.29223 43.19995 2.85975 184 184 184
-1.40049 43.19688 2.79596 189 189 189
-1.50378 43.19979 2.72442 196 196 196
-1.61635 43.19863 2.66592 192 192 192
-1.71233 43.19834 2.58399 185 185 185
-1.81272 43.19543 2.50782 195 195 195
-1.90506 43.20198 2.42210 190 190 190
-1.98821 43.19995 2.32723 186 186 186
-2.07676 43.20269 2.23822 184 184 184
-2.15966 43.19983 2.14392 184 184 184
-2.23807 43.20385 2.04589 186 186 186
-2.31938 43.19990 1.94989 183 183 183
-2.39353 43.20120 1.84822 190 190 190
-2.45806 43.20190 1.74018 178 178 178
-2.52170 43.20159 1.63177 184 184 184
-2.56921 43.20399 1.51492 177 177 177
-2.63435 43.19284 1.40712 180 180 180
-2.68753 43.19972 1.29317 182 182 182
-2.73246 43.19909 1.17572 179 179 179
-2.78320 43.20140 1.06004 176 176 176
-2.81150 43.20429 0.93700 175 175 175
-2.84919 43.19879 0.81672 168 168 168
-2.87115 43.19663 0.69261 171 171 171
-2.89371 43.19676 0.56882 179 179 179
-2.90642 43.19737 0.44363 167 167 167
-2.91819 43.19636 0.31853 169 169 169
-2.92745 43.19970 0.19319 165 165 165
-2.93762 43.19761 0.06750 167 167 167
-2.92528 43.20037 -0.05810 168 168 168
-2.91573 43.19925 -0.18334 162 162 162
-2.91038 43.19982 -0.30910 168 168 168
-2.89190 43.19860 -0.43353 161 161 161
-2.86863 43.19876 -0.55711 162 162 162
-2.83761 43.20018 -0.67893 159 159 159
-2.81698 43.19941 -0.80354 168 168 168
-2.76799 43.20232 -0.92009 151 151 151
-2.73764 43.19953 -1.04263 157 157 157
-2.68312 43.20465 -1.15635 156 156 156
-2.63297 43.19767 -1.27149 157 157 157
-2.58742 43.20394 -1.38920 155 155 155
-2.52096 43.20233 -1.49636 155 155 155
-2.32346 43.19928 -1.81786 146 146 146
-1.99770 43.19895 -2.20171 150 150 150
-1.81229 43.20247 -2.37232 146 146 146
-1.70715 43.20046 -2.44242 148 148 148
-1.60897 43.20185 -2.52077 146 146 146
-0.95087 43.20237 -2.88359 148 148 148
-0.59438 43.20120 -3.00271 142 142 142
0.39726 43.19777 -3.13296 146 146 146
0.64928 43.19970 -3.12422 142 142 142
0.77448 43.20055 -3.10812 144 144 144
0.89523 43.20163 -3.06816 141 141 141
1.01886 43.19928 -3.04543 139 139 139
1.14278 43.20125 -3.02178 135 135 135
1.26014 43.20362 -2.97517 134 134 134
1.37980 43.19750 -2.93665 140 140 140
1.49439 43.19773 -2.88478 142 142 142
1.61365 43.20281 -2.84382 139 139 139
1.72495 43.19630 -2.78504 141 141 141
1.83489 43.20014 -2.72411 142 142 142
1.94135 43.19953 -2.65742 142 142 142
2.05141 43.20188 -2.59631 138 138 138
2.15337 43.19620 -2.52265 150 150 150
2.24998 43.20106 -2.44217 145 145 145
2.35601 43.20069 -2.37314 147 147 147
2.44181 43.20325 -2.28031 144 144 144
2.53376 43.20226 -2.19475 137 137 137
2.61803 43.20047 -2.10160 153 153 153
2.70373 43.20098 -2.00981 148 148 148
2.78108 43.19811 -1.91089 155 155 155
2.85963 43.20120 -1.81287 156 156 156
2.92509 43.20106 -1.70556 151 151 151
3.00093 43.20110 -1.60509 157 157 157
3.05924 43.20185 -1.49370 150 150 150
3.11874 43.20041 -1.38323 158 158 158
3.17855 43.19951 -1.27266 155 155 155
3.23271 43.19904 -1.15907 154 154 154
3.27257 43.20021 -1.03965 158 158 158
3.31386 43.19905 -0.92102 159 159 159
3.35376 43.19841 -0.80178 160 160 160
3.38251 43.19943 -0.67938 165 165 165
3.41431 43.20001 -0.55764 156 156 156
3.42936 43.20062 -0.43265 167 167 167
3.45218 43.19870 -0.30896 165 165 165
3.45651 43.19708 -0.18316 179 179 179
3.46571 43.19663 -0.05800 170 170 170
3.46053 43.59882 0.06813 170 170 170
3.46798 43.59992 0.19400 173 173 173
3.46247 43.60023 0.31983 169 169 169
3.43533 43.59753 0.44345 164 164 164
3.42176 43.59634 0.56823 168 168 168
3.40748 43.59703 0.69336 181 181 181
3.37153 43.60037 0.81413 176 176 176
3.34890 43.59938 0.93810 174 174 174
3.30415 43.59999 1.05586 175 175 175
3.27400 43.60502 1.17850 183 183 183
3.22557 43.60165 1.29476 176 176 176
3.17793 43.59830 1.41137 177 177 177
3.10841 43.59699 1.51732 171 171 171
3.05903 43.59863 1.63330 181 181 181
2.99158 43.59987 1.73946 185 185 185
2.92670 43.59745 1.84715 184 184 184
2.85672 43.60228 1.95169 190 190 190
2.78316 43.60218 2.05391 180 180 180
2.69735 43.59974 2.14623 190 190 190
2.61391 43.60569 2.24017 190 190 190
2.52759 43.59717 2.33151 189 189 189
2.43247 43.59809 2.41374 188 188 188
2.34406 43.59948 2.50332 191 191 191
2.24636 43.60258 2.58247 184 184 184
2.14762 43.59756 2.66042 190 190 190
2.04327 43.59841 2.73067 185 185 185
1.93336 43.60084 2.79194 187 187 187
1.82548 43.60141 2.85599 191 191 191
1.71775 43.59906 2.92086 194 194 194
1.60114 43.60306 2.96816 190 190 190
1.48928 43.60214 3.02571 194 194 194
1.37426 43.60041 3.07705 190 190 190
1.25400 43.60407 3.11440 193 193 193
1.13342 43.59922 3.15010 190 190 190
1.01173 43.59878 3.18179 205 205 205
0.88940 43.60201 3.21119 199 199 199
0.76416 43.59787 3.22473 194 194 194
0.64018 43.59723 3.24472 191 191 191
0.51508 43.60144 3.25574 197 197 197
0.38975 43.59759 3.26351 192 192 192
0.26421 43.59957 3.26318 202 202 202
0.13849 43.60079 3.26777 201 201 201
0.01266 43.59742 3.26433 193 193 193
-0.11193 43.59989 3.24607 198 198 198
-0.23692 43.59870 3.23210 194 194 194
-0.36011 43.59855 3.20676 202 202 202
-0.48117 43.60137 3.17285 188 188 188
-0.60394 43.59720 3.14635 188 188 188
-0.72432 43.59485 3.11050 192 192 192
-0.84453 43.59891 3.07350 192 192 192
-0.95812 43.60136 3.01910 196 196 196
-1.07411 43.60254 2.97116 191 191 191
-1.19266 43.60261 2.92740 194 194 194
-1.29480 43.59879 2.85193 188 188 188
-1.40530 43.60000 2.79251 190 190 190
-1.50551 43.60033 2.71669 191 191 191
-1.61290 43.59876 2.65175 188 188 188
-1.71916 43.59557 2.58402 188 188 188
-1.81250 43.59945 2.49964 198 198 198
-1.90825 43.60138 2.41828 188 188 188
-1.99679 43.59650 2.32912 176 176 176
-2.08935 43.59896 2.24373 185 185 185
-2.16962 43.60032 2.14681 193 193 193
-2.24816 43.60037 2.04871 188 188 188
-2.32490 43.59818 1.94922 186 186 186
-2.39402 43.59611 1.84429 180 180 180
-2.46525 43.59763 1.74074 187 187 187
-2.52867 43.59934 1.63221 190 190 190
-2.58781 43.60268 1.52130 183 183 183
-2.64505 43.60121 1.40931 180 180 180
-2.68979 43.59643 1.29171 179 179 179
-2.74414 43.60216 1.17796 173 173 173
-2.77449 43.60199 1.05546 176 176 176
-2.81596 43.59419 0.93682 179 179 179
-2.84369 43.59575 0.81426 164 164 164
-2.87677 43.60121 0.69290 179 179 179
-2.89450 43.59943 0.56842 167 167 167
-2.91701 43.59726 0.44465 174 174 174
-2.92643 43.60140 0.31923 164 164 164
-2.92613 43.59995 0.19347 172 172 172
-2.93356 43.60098 0.06813 164 164 164
-2.92391 43.60149 -0.05714 166 166 166
-2.92682 43.59859 -0.18301 169 169 169
-2.92371 43.59587 -0.30919 167 167 167
-2.89816 43.59545 -0.43274 157 157 157
-2.86941 43.60117 -0.55519 163 163 163
-2.84724 43.59799 -0.67887 159 159 159
-2.81243 43.59884 -0.79958 155 155 155
-2.77717 43.60098 -0.92008 158 158 158
-2.73583 43.59878 -1.03865 157 157 157
-2.69112 43.60318 -1.15601 160 160 160
-2.64405 43.59784 -1.27260 150 150 150
-2.58849 43.60214 -1.38540 158 158 158
-2.52730 43.60059 -1.49519 149 149 149
-2.46229 43.59667 -1.60268 147 147 147
-1.90786 43.60048 -2.28160 152 152 152
-1.81179 43.59787 -2.36256 135 135 135
-1.71743 43.60053 -2.44557 147 147 147
-1.29730 43.59851 -2.72015 151 151 151
-0.84389 43.60439 -2.93549 145 145 145
-0.60277 43.59944 -3.00596 133 133 133
-0.23649 43.59814 -3.09315 143 143 143
0.51551 43.60255 -3.12494 142 142 142
0.64059 43.60071 -3.11189 142 142 142
0.76497 43.59881 -3.09356 133 133 133
0.89020 43.59788 -3.07897 140 140 140
1.01261 43.60317 -3.04921 142 142 142
1.13405 43.60328 -3.01611 142 142 142
1.25137 43.60215 -2.97004 139 139 139
1.37470 43.60083 -2.94199 145 145 145
1.48889 43.59751 -2.88852 137 137 137
1.60197 43.59970 -2.83370 141 141 141
1.71557 43.60188 -2.78033 143 143 143
1.82732 43.59678 -2.72302 142 142 142
1.93504 43.59978 -2.65842 139 139 139
2.04367 43.60025 -2.59503 151 151 151
2.14450 43.60094 -2.51987 156 156 156
2.24125 43.60182 -2.43974 136 136 136
2.34180 43.60605 -2.36442 148 148 148
2.43172 43.60374 -2.27667 153 153 153
2.52634 43.60005 -2.19401 148 148 148
2.61178 43.60231 -2.10194 146 146 146
2.69981 43.60269 -2.01208 151 151 151
2.77813 43.59492 -1.91369 153 153 153
2.85692 43.59884 -1.81559 152 152 152
2.93033 43.59453 -1.71332 146 146 146
3.00262 43.60080 -1.60998 151 151 151
3.05681 43.60156 -1.49581 153 153 153
3.12142 43.60153 -1.38770 154 154 154
3.17044 43.60525 -1.27167 162 162 162
3.22588 43.59989 -1.15864 161 161 161
3.26000 43.60443 -1.03708 155 155 155
3.31057 43.60208 -0.92170 162 162 162
3.34750 43.59729 -0.80145 166 166 166
3.37198 43.59964 -0.67799 157 157 157
3.40194 43.60020 -0.55601 168 168 168
3.41788 43.59629 -0.43137 163 163 163
3.44173 43.59986 -0.30796 166 166 166
3.45265 43.59947 -0.18281 171 171 171
3.47142 43.59890 -0.05789 166 166 166
3.45574 44.00209 0.06875 169 169 169
3.45801 44.00101 0.19453 177 177 177
3.44843 44.00059 0.31994 164 164 164
3.43498 43.99950 0.44492 172 172 172
3.41423 44.00396 0.56884 171 171 171
3.40294 44.00095 0.69456 171 171 171
3.36519 43.99660 0.81502 178 178 178
3.33774 43.99658 0.93767 176 176 176
3.30303 43.99947 1.05854 173 173 173
3.25289 44.00034 1.17408 186 186 186
3.20980 44.00031 1.29194 179 179 179
3.15651 43.99995 1.40555 177 177 177
3.10302 44.00078 1.51899 185 185 185
3.05513 44.00241 1.63591 182 182 182
2.98616 43.99793 1.74132 181 181 181
2.91702 44.00203 1.84627 181 181 181
2.84841 44.00098 1.95169 189 189 189
2.77208 43.99644 2.05166 183 183 183
2.68935 44.00584 2.14637 180 180 180
2.60623 44.00339 2.24057 182 182 182
2.52457 44.00016 2.33655 185 185 185
2.43028 43.99950 2.42004 193 193 193
2.33675 43.99820 2.50409 190 190 190
2.23732 44.00440 2.58107 184 184 184
2.13854 44.00139 2.65879 191 191 191
2.03860 44.00232 2.73545 192 192 192
1.93293 44.00092 2.80400 187 187 187
1.81816 44.00075 2.85682 195 195 195
1.71186 44.00078 2.92453 198 198 198
1.59981 43.99837 2.98203 196 196 196
1.48280 43.99973 3.02864 190 190 190
1.36260 43.99509 3.06623 194 194 194
1.24521 43.99988 3.11086 191 191 191
1.12476 44.00054 3.14642 194 194 194
1.00386 43.99903 3.18059 201 201 201
0.88032 43.99256 3.20357 188 188 188
0.75823 44.00045 3.23482 194 194 194
0.63256 44.00070 3.24380 197 197 197
0.50786 44.00261 3.25921 191 191 191
0.38217 43.99629 3.26048 196 196 196
0.25677 43.99729 3.27349 194 194 194
0.13150 43.99780 3.25717 200 200 200
0.00521 43.99833 3.26516 196 196 196
-0.11868 43.99794 3.24088 199 199 199
-0.24454 44.00342 3.23389 199 199 199
-0.36780 44.00202 3.20865 200 200 200
-0.48990 44.00233 3.17884 202 202 202
-0.61221 43.99974 3.14992 196 196 196
-0.73100 43.99899 3.10879 185 185 185
-0.85289 44.00168 3.07663 189 189 189
-0.97139 43.99721 3.03379 197 197 197
-1.08206 44.00248 2.97290 194 194 194
-1.19765 44.00129 2.92322 186 186 186
-1.30737 44.00175 2.86172 202 202 202
-1.41025 44.00053 2.78908 185 185 185
-1.51766 43.99890 2.72437 194 194 194
-1.62266 43.99816 2.65557 188 188 188
-1.72122 44.00132 2.57782 191 191 191
-1.82136 43.99816 2.50193 188 188 188
-1.91547 43.99423 2.41866 191 191 191
-2.00716 43.99558 2.33268 193 193 193
-2.08730 43.99774 2.23559 183 183 183
-2.17942 44.00025 2.14945 182 182 182
-2.25993 43.99907 2.05276 185 185 185
-2.33160 44.00056 1.94931 184 184 184
-2.40209 44.00136 1.84534 188 188 188
-2.46468 43.99395 1.73646 181 181 181
-2.52896 44.00062 1.62883 180 180 180
-2.59782 44.00178 1.52323 172 172 172
-2.65177 43.99731 1.40961 183 183 183
-2.68929 43.99683 1.28905 174 174 174
-2.74346 43.99777 1.17559 176 176 176
-2.78785 44.00363 1.05801 176 176 176
-2.81482 44.00608 0.93503 170 170 170
-2.85773 43.99922 0.81648 174 174 174
-2.87652 44.00046 0.69200 176 176 176
-2.90848 44.00138 0.57008 170 170 170
-2.91758 44.00049 0.44446 172 172 172
-2.93021 43.99743 0.31957 170 170 170
-2.94225 44.00318 0.19444 169 169 169
-2.93677 44.00107 0.06875 165 165 165
-2.93662 43.99664 -0.05672 164 164 164
-2.93385 43.99915 -0.18236 167 167 167
-2.91895 43.99811 -0.30712 161 161 161
-2.91628 43.99879 -0.43381 162 162 162
-2.88552 44.00275 -0.55629 164 164 164
-2.85342 43.99620 -0.67794 165 165 165
-2.82543 43.99919 -0.80052 162 162 162
-2.79065 44.00025 -0.92141 155 155 155
-2.74725 44.00194 -1.03949 158 158 158
-2.69691 43.99412 -1.15470 160 160 160
-2.65131 43.99765 -1.27189 155 155 155
-2.59472 43.99982 -1.38416 152 152 152
-2.54220 44.00735 -1.49875 142 142 142
-2.26153 44.00016 -1.91652 155 155 155
-1.62709 44.00080 -2.52417 150 150 150
-1.41461 43.99834 -2.65869 146 146 146
-0.61204 44.00020 -3.01181 136 136 136
-0.48861 43.99358 -3.03599 144 144 144
0.25677 44.00268 -3.12791 142 142 142
0.50756 43.99628 -3.11784 140 140 140
0.63302 44.00792 -3.11021 141 141 141
0.75825 43.99947 -3.09747 136 136 136
0.88096 44.00068 -3.06925 139 139 139
1.00296 43.99836 -3.03936 141 141 141
1.12346 43.99984 -3.00430 143 143 143
1.24453 43.99851 -2.97126 138 138 138
1.36236 44.00271 -2.92808 142 142 142
1.48123 43.99656 -2.88736 135 135 135
1.59693 43.99820 -2.83828 132 132 132
1.70775 44.00405 -2.77896 138 138 138
1.82124 44.00382 -2.72482 137 137 137
1.92711 43.99890 -2.65701 148 148 148
2.03241 43.99700 -2.58869 140 140 140
2.13570 44.00196 -2.51738 144 144 144
2.23928 44.00015 -2.44605 145 145 145
2.33117 44.00046 -2.36006 150 150 150
2.42903 44.00091 -2.28119 150 150 150
2.52427 44.00095 -2.19875 150 150 150
2.60967 44.00192 -2.10625 158 158 158
2.68675 43.99893 -2.00665 156 156 156
2.76972 44.00014 -1.91230 149 149 149
2.83853 44.00193 -1.80701 149 149 149
2.91794 44.00344 -1.70939 156 156 156
2.97828 44.00159 -1.59900 152 152 152
3.04589 44.00133 -1.49323 153 153 153
3.11476 43.99649 -1.38747 151 151 151
3.16525 43.99843 -1.27208 161 161 161
3.21378 43.99873 -1.15608 151 151 151
3.25564 43.99581 -1.03759 159 159 159
3.29266 44.00207 -0.91767 156 156 156
3.33631 43.99696 -0.79977 164 164 164
3.37097 44.00161 -0.67890 162 162 162
3.38887 43.99879 -0.55426 162 162 162
3.41944 43.99982 -0.43217 162 162 162
3.42709 43.99840 -0.30648 164 164 164
3.44152 43.99928 -0.18190 168 168 168
3.45564 43.99446 -0.05693 168 168 168
3.44997 44.40330 0.06938 171 171 171
3.44393 44.40059 0.19490 166 166 166
3.43680 44.40376 0.32024 171 171 171
3.43824 44.40092 0.44682 172 172 172
3.40299 44.39907 0.56889 168 168 168
3.38806 44.40182 0.69373 178 178 178
3.36224 44.39775 0.81675 166 166 166
3.32874 44.39867 0.93790 174 174 174
3.29301 44.40087 1.05837 172 172 172
3.25415 44.40344 1.17796 176 176 176
3.20614 44.39933 1.29418 171 171 171
3.14752 44.40021 1.40552 182 182 182
3.09525 44.40004 1.51951 182 182 182
3.05038 44.39975 1.63811 180 180 180
2.96983 44.40248 1.73658 183 183 183
2.90490 44.39941 1.84386 181 181 181
2.83570 44.39626 1.94858 181 181 181
2.75664 44.39960 2.04608 187 187 187
2.68303 44.39922 2.14807 185 185 185
2.59699 44.40044 2.23965 187 187 187
2.50857 44.39865 2.32874 189 189 189
2.41719 44.39845 2.41470 192 192 192
2.32856 44.39650 2.50399 188 188 188
2.22819 44.40305 2.57971 194 194 194
2.13146 44.40045 2.66008 189 189 189
2.02772 44.40215 2.73112 183 183 183
1.92388 44.40180 2.80220 188 188 188
1.81332 44.39823 2.86231 192 192 192
1.69576 44.39971 2.90842 193 193 193
1.58704 44.39861 2.97137 192 192 192
1.47417 44.39711 3.02671 187 187 187
1.35684 44.39823 3.07177 187 187 187
1.23905 44.40279 3.11582 192 192 192
1.11783 44.40444 3.14932 189 189 189
0.99710 44.40253 3.18460 197 197 197
0.87331 44.40242 3.20700 194 194 194
0.75062 44.39558 3.23520 195 195 195
0.62454 44.40038 3.24058 187 187 187
0.50037 44.40107 3.26085 198 198 198
0.37480 44.39855 3.26617 193 193 193
0.24920 44.40253 3.26898 192 192 192
0.12346 44.40094 3.26976 192 192 192
-0.00194 44.40060 3.26043 194 194 194
-0.12727 44.40236 3.25011 199 199 199
-0.25178 44.40215 3.23245 195 195 195
-0.37576 44.40217 3.21127 197 197 197
-0.49508 44.39826 3.16952 194 194 194
-0.61816 44.40146 3.14479 192 192 192
-0.73920 44.40173 3.11134 193 193 193
-0.85716 44.39891 3.06828 193 193 193
-0.97740 44.40154 3.03066 192 192 192
-1.08642 44.39999 2.96655 192 192 192
-1.20182 44.40340 2.91717 196 196 196
-1.31014 44.39824 2.85378 197 197 197
-1.42135 44.40100 2.79547 188 188 188
-1.52771 44.40201 2.72870 183 183 183
-1.62897 44.40147 2.65445 190 190 190
-1.73592 44.40199 2.58749 194 194 194
-1.82412 44.40026 2.49692 191 191 191
-1.92238 44.39569 2.41857 188 188 188
-2.01779 44.39616 2.33637 185 185 185
-2.09630 44.39940 2.23753 183 183 183
-2.18355 44.39770 2.14714 184 184 184
-2.25925 44.40175 2.04688 183 183 183
-2.33242 44.39857 1.94503 182 182 182
-2.41087 44.40026 1.84678 178 178 178
-2.47792 44.40345 1.74056 189 189 189
-2.54131 44.40003 1.63213 184 184 184
-2.60248 44.40036 1.52238 182 182 182
-2.65640 44.39886 1.40888 178 178 178
-2.70456 44.40392 1.29286 171 171 171
-2.76171 44.39783 1.18016 174 174 174
-2.80219 44.40147 1.06083 178 178 178
-2.82567 44.40216 0.93658 182 182 182
-2.86735 44.39853 0.81759 169 169 169
-2.88487 44.39766 0.69278 172 172 172
-2.91330 44.39373 0.57026 169 169 169
-2.93482 44.39833 0.44623 174 174 174
-2.93685 44.40097 0.32012 172 172 172
-2.94406 44.39996 0.19484 167 167 167
-2.94547 44.40632 0.06938 170 170 170
-2.94667 44.39718 -0.05619 161 161 161
-2.94078 44.39703 -0.18168 162 162 162
-2.93128 44.39511 -0.30706 163 163 163
-2.91172 44.40229 -0.43127 168 168 168
-2.89693 44.39710 -0.55643 157 157 157
-2.86649 44.39991 -0.67864 158 158 158
-2.82954 44.40359 -0.79892 161 161 161
-2.79736 44.39807 -0.92051 159 159 159
-2.74797 44.40291 -1.03634 165 165 165
-2.70499 44.39901 -1.15429 157 157 157
-2.64650 44.40304 -1.26556 153 153 153
-2.59880 44.39732 -1.38175 149 149 149
-2.54350 44.40124 -1.49461 158 158 158
-1.42397 44.40132 -2.66099 141 141 141
-1.08991 44.39967 -2.83538 147 147 147
-0.62229 44.39818 -3.02070 147 147 147
-0.49658 44.39904 -3.03702 138 138 138
-0.25116 44.39664 -3.08980 139 139 139
-0.00241 44.39928 -3.12767 141 141 141
0.12374 44.39627 -3.12376 137 137 137
0.37484 44.40031 -3.12848 143 143 143
0.62575 44.39687 -3.11208 141 141 141
0.75046 44.39998 -3.09546 135 135 135
0.87396 44.40096 -3.07152 140 140 140
0.99605 44.39700 -3.04150 142 142 142
1.11570 44.40209 -3.00300 147 147 147
1.23625 44.39773 -2.96845 138 138 138
1.35788 44.39812 -2.93583 143 143 143
1.47728 44.39647 -2.89546 141 141 141
1.59032 44.40280 -2.83975 139 139 139
1.70027 44.40151 -2.77852 145 145 145
1.81415 44.39854 -2.72505 138 138 138
1.91805 44.39941 -2.65395 153 153 153
2.02731 44.40373 -2.59175 143 143 143
2.13183 44.39885 -2.52185 137 137 137
2.23367 44.39786 -2.44792 147 147 147
2.32973 44.39643 -2.36662 148 148 148
2.41350 44.40185 -2.27195 144 144 144
2.51482 44.39704 -2.19624 151 151 151
2.60286 44.40154 -2.10633 148 148 148
2.67784 44.40218 -2.00488 157 157 157
2.76243 44.40196 -1.91190 151 151 151
2.84162 44.39872 -1.81413 149 149 149
2.91123 44.39508 -1.70934 151 151 151
2.97602 44.40430 -1.60162 156 156 156
3.03499 44.39682 -1.49074 154 154 154
3.09713 44.40101 -1.38172 150 150 150
3.15648 44.39680 -1.27090 159 159 159
3.20369 44.39725 -1.15442 160 160 160
3.25504 44.40235 -1.03954 159 159 159
3.29234 44.40039 -0.91940 156 156 156
3.33327 44.39942 -0.80042 166 166 166
3.35260 44.40044 -0.67569 155 155 155
3.39343 44.39803 -0.55605 163 163 163
3.41452 44.39953 -0.43196 159 159 159
3.42294 44.40075 -0.30626 158 158 158
3.43850 44.40238 -0.18163 176 176 176
3.45390 44.39731 -0.05654 163 163 163
3.44381 44.80141 0.07000 170 170 170
3.44176 44.80207 0.19574 182 182 182
3.43653 44.79958 0.32145 162 162 162
3.41856 44.80553 0.44603 163 163 163
3.39944 44.80151 0.57017 169 169 169
3.38119 44.79814 0.69452 165 165 165
3.35818 44.79872 0.81825 168 168 168
3.32471 44.79638 0.93955 178 178 178
3.29315 44.80039 1.06154 176 176 176
3.24595 44.80211 1.17840 179 179 179
3.19973 44.80401 1.29534 188 188 188
3.15316 44.79675 1.41229 185 185 185
3.09509 44.80404 1.52398 174 174 174
3.02829 44.80226 1.63068 178 178 178
2.97153 44.79916 1.74296 188 188 188
2.89867 44.80244 1.84546 188 188 188
2.82825 44.80241 1.94938 179 179 179
2.75652 44.79848 2.05268 184 184 184
2.67285 44.79407 2.14657 185 185 185
2.58295 44.80185 2.23441 187 187 187
2.50628 44.79832 2.33478 184 184 184
2.41522 44.79797 2.42151 182 182 182
2.31941 44.79959 2.50291 191 191 191
2.21933 44.80338 2.57886 188 188 188
2.12358 44.79735 2.66045 190 190 190
2.01939 44.79637 2.73080 186 186 186
1.91895 44.80081 2.80735 192 192 192
1.80070 44.79995 2.85414 184 184 184
1.69698 44.79858 2.92654 201 201 201
1.58130 44.80066 2.97624 196 196 196
1.46589 44.80382 3.02593 195 195 195
1.34815 44.79911 3.06970 200 200 200
1.23094 44.80178 3.11518 190 190 190
1.10943 44.79970 3.14745 190 190 190
0.98889 44.79977 3.18311 190 190 190
0.86581 44.79700 3.20863 197 197 197
0.73984 44.79957 3.21639 193 193 193
0.61807 44.79877 3.25157 187 187 187
0.49312 44.79875 3.26716 193 193 193
0.36699 44.79706 3.26400 191 191 191
0.24150 44.79958 3.27129 195 195 195
0.11555 44.80643 3.27564 193 193 193
-0.00992 44.80208 3.26466 198 198 198
-0.13545 44.79949 3.25489 192 192 192
-0.25736 44.80152 3.21971 199 199 199
-0.38264 44.79759 3.20780 191 191 191
-0.50446 44.79719 3.17717 198 198 198
-0.62808 44.79827 3.15331 197 197 197
-0.74854 44.80248 3.11703 193 193 193
-0.86535 44.80268 3.07025 194 194 194
-0.98382 44.79633 3.02819 195 195 195
-1.10038 44.79975 2.98077 198 198 198
-1.21259 44.79606 2.92381 186 186 186
-1.32175 44.79613 2.86140 194 194 194
-1.42918 44.79607 2.79631 188 188 188
-1.53531 44.80131 2.72919 186 186 186
-1.64041 44.80630 2.66023 192 192 192
-1.74050 44.80100 2.58416 187 187 187
-1.84036 44.79778 2.50755 184 184 184
-1.92542 44.80090 2.41416 185 185 185
-2.01945 44.79910 2.33095 186 186 186
-2.10616 44.80118 2.24016 182 182 182
-2.19408 44.80176 2.15019 178 178 178
-2.27207 44.80175 2.05154 182 182 182
-2.35013 44.79818 1.95293 181 181 181
-2.41868 44.80105 1.84748 181 181 181
-2.48563 44.79893 1.74119 183 183 183
-2.55164 44.79750 1.63423 183 183 183
-2.61819 44.80159 1.52708 173 173 173
-2.65393 44.80149 1.40481 182 182 182
-2.71242 44.80228 1.29355 176 176 176
-2.76101 44.80128 1.17768 175 175 175
-2.80599 44.79882 1.06019 171 171 171
-2.84164 44.80008 0.93954 177 177 177
-2.86713 44.79669 0.81632 171 171 171
-2.89215 44.79827 0.69332 174 174 174
-2.91756 44.80014 0.57035 168 168 168
-2.93256 44.79803 0.44567 171 171 171
-2.95661 44.80010 0.32170 170 170 170
-2.96377 44.79750 0.19594 173 173 173
-2.95790 44.79885 0.07000 168 168 168
-2.96582 44.79674 -0.05602 170 170 170
-2.95108 44.79938 -0.18126 165 165 165
-2.93162 44.79973 -0.30556 167 167 167
-2.91230 44.80166 -0.42951 161 161 161
-2.90177 44.80118 -0.55524 157 157 157
-2.86476 44.79888 -0.67575 165 165 165
-2.83292 44.80341 -0.79708 159 159 159
-2.79288 44.79853 -0.91593 166 166 166
-2.76266 44.79951 -1.03830 159 159 159
-2.71934 44.79911 -1.15642 163 163 163
-2.66499 44.79876 -1.26991 161 161 161
-2.60136 44.80104 -1.37851 149 149 149
-2.54697 44.80698 -1.49162 156 156 156
-2.48772 44.80147 -1.60247 151 151 151
-2.34737 44.80130 -1.81093 149 149 149
-2.27048 44.79902 -1.91029 158 158 158
-2.19940 44.80072 -2.01473 153 153 153
-1.83424 44.79990 -2.36038 141 141 141
-1.31835 44.80291 -2.71531 136 136 136
-1.21124 44.80207 -2.78116 144 144 144
-0.86741 44.79998 -2.93584 146 146 146
-0.74640 44.80259 -2.97045 146 146 146
-0.25897 44.80229 -3.08987 146 146 146
-0.13490 44.80304 -3.11021 139 139 139
-0.00940 44.79815 -3.11800 139 139 139
0.11584 44.80093 -3.12838 143 143 143
0.61735 44.79721 -3.10550 142 142 142
0.74128 44.79624 -3.08548 150 150 150
0.86642 44.79759 -3.07170 140 140 140
0.98784 44.80124 -3.03873 134 134 134
1.11187 44.80152 -3.01610 138 138 138
1.22835 44.80016 -2.96721 145 145 145
1.35057 44.79864 -2.93625 148 148 148
1.46471 44.80095 -2.88308 135 135 135
1.58392 44.80221 -2.84193 139 139 139
1.69286 44.80128 -2.77844 143 143 143
1.80328 44.79744 -2.71876 144 144 144
1.90967 44.80223 -2.65220 144 144 144
2.01669 44.79752 -2.58675 147 147 147
2.12219 44.79540 -2.51854 145 145 145
2.21911 44.80315 -2.43858 150 150 150
2.31748 44.80286 -2.36066 159 159 159
2.41162 44.79845 -2.27762 149 149 149
2.50825 44.80398 -2.19675 148 148 148
2.59832 44.79902 -2.10862 152 152 152
2.67017 44.80036 -2.00428 149 149 149
2.75630 44.79999 -1.91251 150 150 150
2.83305 44.79949 -1.81287 151 151 151
2.89805 44.80038 -1.70505 153 153 153
2.96570 44.79986 -1.59939 160 160 160
3.03553 44.79523 -1.49473 151 151 151
3.09418 44.80185 -1.38351 150 150 150
3.15112 44.79524 -1.27135 154 154 154
3.20209 44.80021 -1.15631 152 152 152
3.24516 44.79923 -1.03811 161 161 161
3.27941 44.79843 -0.91708 166 166 166
3.32394 44.80060 -0.79934 165 165 165
3.34663 44.79897 -0.67548 158 158 158
3.37673 44.79942 -0.55364 166 166 166
3.40302 44.79889 -0.43074 168 168 168
3.41906 44.80268 -0.30609 165 165 165
3.43283 44.79836 -0.18116 165 165 165
3.44562 44.80044 -0.05589 179 179 179
3.43766 45.20155 0.07063 168 168 168
3.42864 45.19748 0.19616 172 172 172
3.42990 45.19521 0.32217 161 161 161
3.41562 45.20054 0.44723 172 172 172
3.39624 45.19962 0.57152 175 175 175
3.37777 45.19988 0.69602 174 174 174
3.34552 45.20055 0.81771 170 170 170
3.31020 45.19990 0.93829 177 177 177
3.27736 45.19944 1.05957 175 175 175
3.22946 45.20169 1.17583 170 170 170
3.18840 45.19673 1.29451 173 173 173
3.14165 45.19671 1.41122 183 183 183
3.07975 45.20192 1.52077 187 187 187
3.02555 45.20113 1.63415 180 180 180
2.95573 45.19800 1.73870 187 187 187
2.89624 45.19985 1.84969 185 185 185
2.82333 45.20079 1.95211 188 188 188
2.74441 45.19940 2.04993 179 179 179
2.66138 45.20332 2.14408 184 184 184
2.58271 45.19697 2.24205 185 185 185
2.49470 45.20263 2.33165 183 183 183
2.40795 45.19770 2.42274 188 188 188
2.31127 45.20090 2.50316 191 191 191
2.21363 45.19803 2.58217 184 184 184
2.11647 45.20281 2.66205 189 189 189
2.01125 45.19407 2.73094 186 186 186
1.90514 45.19713 2.79820 189 189 189
1.79379 45.20295 2.85640 192 192 192
1.69063 45.20287 2.93005 188 188 188
1.57300 45.19751 2.97582 188 188 188
1.45602 45.19952 3.02162 196 196 196
1.34172 45.20471 3.07409 193 193 193
1.22047 45.19727 3.10764 190 190 190
1.10275 45.20420 3.15211 195 195 195
0.97972 45.19867 3.17809 197 197 197
0.85769 45.19448 3.20774 197 197 197
0.73487 45.19673 3.23499 196 196 196
0.61005 45.20267 3.25054 197 197 197
0.48359 45.19720 3.24603 200 200 200
0.35886 45.19785 3.25651 196 196 196
0.23368 45.20012 3.27590 193 193 193
0.10757 45.20189 3.28041 198 198 198
-0.01738 45.19853 3.26064 186 186 186
-0.14239 45.20058 3.24808 196 196 196
-0.26574 45.20220 3.22388 190 190 190
-0.39259 45.19949 3.21913 200 200 200
-0.51415 45.19558 3.18555 188 188 188
-0.63667 45.20246 3.15667 194 194 194
-0.75274 45.19937 3.10653 197 197 197
-0.87366 45.20130 3.07221 195 195 195
-0.98689 45.19938 3.01736 191 191 191
-1.10730 45.20371 2.97943 195 195 195
-1.21657 45.20362 2.91690 200 200 200
-1.33243 45.20414 2.86712 193 193 193
-1.43564 45.19789 2.79471 185 185 185
-1.54191 45.20405 2.72799 191 191 191
-1.64867 45.19736 2.66146 187 187 187
-1.74268 45.19692 2.57762 183 183 183
-1.84666 45.20282 2.50639 189 189 189
-1.93691 45.19867 2.41876 183 183 183
-2.02740 45.19361 2.33171 186 186 186
-2.11827 45.19959 2.24475 192 192 192
-2.19655 45.20384 2.14624 186 186 186
-2.27504 45.20506 2.04835 190 190 190
-2.36325 45.20017 1.95741 182 182 182
-2.42960 45.19881 1.85018 178 178 178
-2.50706 45.20127 1.75016 185 185 185
-2.55974 45.20011 1.63501 181 181 181
-2.61581 45.20011 1.52251 175 175 175
-2.67523 45.19913 1.41165 181 181 181
-2.72475 45.20211 1.29605 172 172 172
-2.76811 45.20255 1.17804 168 168 168
-2.81221 45.20143 1.06030 176 176 176
-2.85059 45.20366 0.94048 177 177 177
-2.88043 45.20117 0.81826 177 177 177
-2.90201 45.19778 0.69435 170 170 170
-2.92671 45.19852 0.57118 168 168 168
-2.94467 45.20066 0.44681 167 167 167
-2.95061 45.20115 0.32123 170 170 170
-2.96053 45.19938 0.19613 166 166 166
-2.95886 45.20002 0.07063 167 167 167
-2.96439 45.20088 -0.05503 167 167 167
-2.94915 45.19547 -0.17987 166 166 166
-2.94220 45.19707 -0.30527 165 165 165
-2.92296 45.19719 -0.42934 160 160 160
-2.90633 45.19750 -0.55396 163 163 163
-2.87014 45.19904 -0.67454 158 158 158
-2.84452 45.20147 -0.79752 157 157 157
-2.80782 45.20385 -0.91762 161 161 161
-2.77289 45.19977 -1.03856 166 166 166
-2.73433 45.20296 -1.15877 160 160 160
-2.67272 45.19693 -1.26925 153 153 153
-2.61540 45.20264 -1.38105 159 159 159
-2.55445 45.20203 -1.49080 152 152 152
-2.49816 45.20140 -1.60345 159 159 159
-1.93736 45.20277 -2.27799 154 154 154
-1.75167 45.20212 -2.44779 148 148 148
-1.33015 45.19657 -2.72180 148 148 148
-1.21800 45.20006 -2.77846 138 138 138
-0.98829 45.20030 -2.87947 141 141 141
-0.87527 45.19891 -2.93532 137 137 137
-0.38912 45.20041 -3.06043 136 136 136
0.48448 45.19711 -3.11612 144 144 144
0.60868 45.20248 -3.09772 142 142 142
0.73395 45.20005 -3.08795 140 140 140
0.85839 45.20035 -3.07000 142 142 142
0.98078 45.19833 -3.04127 137 137 137
1.10297 45.19877 -3.01163 138 138 138
1.22345 45.20162 -2.97555 139 139 139
1.34323 45.20303 -2.93694 143 143 143
1.45776 45.20155 -2.88455 143 143 143
1.57252 45.20004 -2.83353 137 137 137
1.68397 45.20252 -2.77572 139 139 139
1.79519 45.20787 -2.71764 141 141 141
1.91034 45.20462 -2.66543 140 140 140
2.01233 45.20176 -2.59131 141 141 141
2.11752 45.20781 -2.52225 147 147 147
2.22108 45.20169 -2.45037 143 143 143
2.31227 45.19977 -2.36309 146 146 146
2.40175 45.20588 -2.27477 146 146 146
2.49533 45.19887 -2.19103 147 147 147
2.58828 45.19497 -2.10594 153 153 153
2.66410 45.19913 -2.00515 150 150 150
2.74505 45.19595 -1.90918 153 153 153
2.82209 45.20014 -1.80996 147 147 147
2.89780 45.20091 -1.70948 151 151 151
2.96285 45.19959 -1.60181 156 156 156
3.02220 45.19981 -1.49102 147 147 147
3.08278 45.19956 -1.38106 148 148 148
3.13706 45.19767 -1.26785 153 153 153
3.18143 45.19812 -1.15037 160 160 160
3.22889 45.20089 -1.03437 163 163 163
3.27485 45.20178 -0.91751 163 163 163
3.31857 45.20028 -0.79940 167 167 167
3.34461 45.19900 -0.67624 164 164 164
3.37616 45.19999 -0.55445 164 164 164
3.39627 45.20119 -0.43028 156 156 156
3.40735 45.20055 -0.30500 160 160 160
3.41974 45.19808 -0.18012 164 164 164
3.44268 45.20313 -0.05546 158 158 158
3.43077 45.59753 0.07125 166 166 166
3.42313 45.59858 0.19688 172 172 172
3.41594 45.60332 0.32232 169 169 169
3.39735 45.60403 0.44663 164 164 164
3.38401 45.60210 0.57147 177 177 177
3.36579 45.60486 0.69584 171 171 171
3.33893 45.59917 0.81866 174 174 174
3.30576 45.59773 0.93990 180 180 180
3.26627 45.59801 1.05918 176 176 176
3.23227 45.60238 1.18042 183 183 183
3.17772 45.60117 1.29400 187 187 187
3.12779 45.60478 1.40911 182 182 182
3.07459 45.60115 1.52281 181 181 181
3.01967 45.60092 1.63593 185 185 185
2.94942 45.60177 1.74032 181 181 181
2.88140 45.59825 1.84570 179 179 179
2.81116 45.60103 1.94966 181 181 181
2.73405 45.60056 2.04864 192 192 192
2.65304 45.59831 2.14436 190 190 190
2.57957 45.60535 2.24711 181 181 181
2.49753 45.59933 2.34304 189 189 189
2.39986 45.59775 2.42319 190 190 190
2.30662 45.59869 2.50764 187 187 187
2.21046 45.59805 2.58885 188 188 188
2.10956 45.60242 2.66410 195 195 195
2.00393 45.60382 2.73250 189 189 189
1.89636 45.60058 2.79745 190 190 190
1.79173 45.60480 2.86752 190 190 190
1.67853 45.59935 2.92250 196 196 196
1.56514 45.59900 2.97662 195 195 195
1.45048 45.60330 3.02803 200 200 200
1.33551 45.60008 3.07941 199 199 199
1.21226 45.59950 3.10743 194 194 194
1.09459 45.60398 3.15196 199 199 199
0.97453 45.60188 3.19018 199 199 199
0.85055 45.60203 3.21238 202 202 202
0.72512 45.60214 3.22418 191 191 191
0.60187 45.60065 3.24916 194 194 194
0.47702 45.60261 3.26399 194 194 194
0.35122 45.60173 3.26473 196 196 196
0.22574 45.60229 3.27537 201 201 201
0.10023 45.60544 3.26577 194 194 194
-0.02576 45.59709 3.26688 195 195 195
-0.15125 45.60092 3.25649 193 193 193
-0.27510 45.59984 3.23342 199 199 199
-0.39841 45.59839 3.20906 196 196 196
-0.52152 45.59903 3.18381 195 195 195
-0.64354 45.59753 3.15351 202 202 202
-0.76371 45.59917 3.11649 196 196 196
-0.87933 45.59901 3.06669 193 193 193
-0.99624 45.59927 3.02138 192 192 192
-1.11338 45.59499 2.97604 186 186 186
-1.22678 45.60269 2.92199 191 191 191
-1.33788 45.59987 2.86331 185 185 185
-1.44046 45.60679 2.79024 186 186 186
-1.55354 45.59682 2.73414 194 194 194
-1.65748 45.59960 2.66328 187 187 187
-1.75528 45.59908 2.58417 188 188 188
-1.85002 45.60552 2.50166 196 196 196
-1.95105 45.60290 2.42609 188 188 188
-2.03732 45.59899 2.33432 190 190 190
-2.11943 45.60101 2.23910 191 191 191
-2.20149 45.59743 2.14430 188 188 188
-2.29488 45.60037 2.05835 182 182 182
-2.35533 45.59790 1.94651 179 179 179
-2.43309 45.59704 1.84783 184 184 184
-2.50138 45.59864 1.74244 186 186 186
-2.57152 45.59854 1.63779 188 188 188
-2.63323 45.60060 1.52797 174 174 174
-2.67800 45.60183 1.40989 185 185 185
-2.73165 45.60036 1.29624 179 179 179
-2.78244 45.60234 1.18103 176 176 176
-2.81852 45.60168 1.06039 178 178 178
-2.85598 45.60583 0.94038 178 178 178
-2.89422 45.59958 0.82029 173 173 173
-2.91463 45.60117 0.69591 169 169 169
-2.92624 45.60216 0.57047 182 182 182
-2.95610 45.59689 0.44785 173 173 173
-2.97449 45.60202 0.32311 168 168 168
-2.96833 45.60380 0.19675 173 173 173
-2.97636 45.59718 0.07125 165 165 165
-2.97619 45.59865 -0.05455 171 171 171
-2.96588 45.59924 -0.17994 166 166 166
-2.94999 45.60139 -0.30462 166 166 166
-2.93734 45.60066 -0.42973 159 159 159
-2.91376 45.59460 -0.55324 164 164 164
-2.89860 45.60606 -0.67884 160 160 160
-2.84476 45.60061 -0.79472 164 164 164
-2.82043 45.60380 -0.91851 160 160 160
-2.77635 45.59601 -1.03628 148 148 148
-2.73040 45.60395 -1.15322 157 157 157
-2.68374 45.60269 -1.27004 150 150 150
-2.62894 45.59715 -1.38329 154 154 154
-2.56363 45.60285 -1.49087 160 160 160
-2.49804 45.59963 -1.59789 158 158 158
-2.43009 45.60041 -1.70332 149 149 149
-2.36393 45.60193 -1.81026 149 149 149
-2.28550 45.59961 -1.90846 152 152 152
-2.21498 45.59983 -2.01332 154 154 154
-1.94095 45.59981 -2.27267 154 154 154
-1.75734 45.59727 -2.44428 145 145 145
-1.22834 45.59527 -2.78256 137 137 137
-1.11696 45.59908 -2.84130 148 148 148
-0.64223 45.59998 -3.00634 143 143 143
0.10013 45.59997 -3.12574 140 140 140
0.35123 45.59877 -3.12255 136 136 136
0.47688 45.59763 -3.11980 138 138 138
0.60214 45.60037 -3.10894 138 138 138
0.72645 45.59779 -3.09007 149 149 149
0.85098 45.59556 -3.07202 142 142 142
0.97417 45.60126 -3.04618 134 134 134
1.09412 45.60034 -3.00777 145 145 145
1.21929 45.60078 -2.98658 135 135 135
1.33067 45.60275 -2.92380 148 148 148
1.44847 45.60325 -2.88067 142 142 142
1.56937 45.59491 -2.84330 139 139 139
1.67880 45.59929 -2.78053 135 135 135
1.78923 45.59813 -2.72056 138 138 138
1.89227 45.60023 -2.64827 148 148 148
2.00090 45.60090 -2.58546 145 145 145
2.10537 45.59961 -2.51584 144 144 144
2.20338 45.59296 -2.43737 146 146 146
2.30203 45.59950 -2.35978 147 147 147
2.40343 45.59813 -2.28456 148 148 148
2.48579 45.60115 -2.18880 146 146 146
2.57615 45.60403 -2.10144 147 147 147
2.65722 45.59828 -2.00543 148 148 148
2.73532 45.60343 -1.90714 151 151 151
2.80771 45.59804 -1.80466 144 144 144
2.87868 45.60410 -1.70139 152 152 152
2.95430 45.59964 -1.60081 149 149 149
3.02211 45.59587 -1.49479 153 153 153
3.07549 45.60281 -1.38077 155 155 155
3.13374 45.59770 -1.26935 157 157 157
3.18135 45.59713 -1.15300 155 155 155
3.23063 45.60159 -1.03731 163 163 163
3.26818 45.60064 -0.91730 160 160 160
3.30391 45.59689 -0.79688 159 159 159
3.33880 45.59927 -0.67613 159 159 159
3.37036 45.60062 -0.55425 169 169 169
3.39198 45.59944 -0.43023 167 167 167
3.40771 45.60107 -0.30536 169 169 169
3.41665 45.60126 -0.17988 173 173 173
3.42496 45.59586 -0.05445 164 164 164
3.41832 45.99762 0.07188 166 166 166
3.41698 45.99636 0.19758 167 167 167
3.39692 45.99907 0.32209 168 168 168
3.39724 46.00381 0.44820 168 168 168
3.37623 46.00046 0.57214 173 173 173
3.35743 45.99905 0.69641 171 171 171
3.33768 45.99760 0.82092 166 166 166
3.29780 45.99957 0.94056 180 180 180
3.27261 46.00037 1.06448 179 179 179
3.21378 46.00058 1.17719 174 174 174
3.17287 46.00503 1.29595 183 183 183
3.12694 45.99556 1.41306 181 181 181
3.07056 45.99689 1.52548 179 179 179
3.01078 46.00159 1.63608 182 182 182
2.94547 45.99910 1.74346 178 178 178
2.87875 45.99882 1.84994 183 183 183
2.79912 45.99557 1.94739 183 183 183
2.72370 46.00265 2.04746 184 184 184
2.65310 45.99355 2.15191 190 190 190
2.56899 45.99903 2.24539 185 185 185
2.47838 46.00202 2.33256 190 190 190
2.38709 45.99407 2.41872 183 183 183
2.29708 45.99794 2.50653 184 184 184
2.19366 46.00089 2.57839 189 189 189
2.09588 46.00127 2.65698 200 200 200
1.99369 45.99520 2.72985 189 189 189
1.89704 46.00023 2.81233 197 197 197
1.78047 45.99962 2.86242 189 189 189
1.66909 46.00053 2.92042 198 198 198
1.55622 46.00467 2.97536 190 190 190
1.44275 46.00032 3.02944 189 189 189
1.32453 45.99764 3.07209 191 191 191
1.20683 45.99927 3.11615 194 194 194
1.08647 45.99692 3.15233 189 189 189
0.96507 45.99707 3.18493 195 195 195
0.84182 45.99993 3.20958 198 198 198
0.71880 45.99923 3.23575 199 199 199
0.59364 46.00102 3.24826 193 193 193
0.46822 45.99331 3.25520 190 190 190
0.34316 45.99972 3.26535 198 198 198
0.21769 46.00698 3.27757 203 203 203
0.09232 46.00473 3.26283 196 196 196
-0.03364 45.99743 3.26537 196 196 196
-0.15951 46.00047 3.25884 193 193 193
-0.28288 46.00457 3.23234 198 198 198
-0.40618 46.00037 3.20826 198 198 198
-0.53040 46.00093 3.18790 194 194 194
-0.64975 45.99989 3.14759 198 198 198
-0.77115 46.00019 3.11521 199 199 199
-0.88782 46.00017 3.06850 199 199 199
-1.00458 46.00104 3.02270 187 187 187
-1.12189 45.99948 2.97764 187 187 187
-1.23174 45.99384 2.91653 193 193 193
-1.34204 45.99959 2.85697 188 188 188
-1.45410 46.00251 2.79998 192 192 192
-1.55944 45.99957 2.73154 197 197 197
-1.66137 46.00226 2.65818 189 189 189
-1.76471 46.00153 2.58654 184 184 184
-1.86166 45.99871 2.50648 189 189 189
-1.95069 46.00102 2.41761 186 186 186
-2.04621 46.00163 2.33578 190 190 190
-2.14162 46.00436 2.25280 187 187 187
-2.21620 45.99821 2.15062 177 177 177
-2.30317 46.00280 2.05916 187 187 187
-2.36721 45.99907 1.94992 186 186 186
-2.44072 45.99913 1.84817 184 184 184
-2.51724 46.00145 1.74784 182 182 182
-2.57454 45.99701 1.63560 177 177 177
-2.62307 45.99983 1.51931 181 181 181
-2.68477 45.99872 1.40993 175 175 175
-2.74066 46.00082 1.29726 183 183 183
-2.78266 45.99873 1.17876 180 180 180
-2.83044 46.00234 1.06227 178 178 178
-2.86187 45.99855 0.94040 171 171 171
-2.89430 46.00415 0.81900 177 177 177
-2.91966 46.00092 0.69593 170 170 170
-2.94593 45.99542 0.57294 177 177 177
-2.95993 45.99713 0.44797 173 173 173
-2.97489 46.00151 0.32314 170 170 170
-2.98195 45.99455 0.19759 175 175 175
-2.97934 45.99647 0.07188 166 166 166
-2.98912 46.00194 -0.05412 164 164 164
-2.96468 46.00549 -0.17858 163 163 163
-2.95505 45.99831 -0.30364 165 165 165
-2.94388 46.00005 -0.42887 162 162 162
-2.91755 45.99987 -0.55176 164 164 164
-2.89654 46.00420 -0.67579 160 160 160
-2.86251 46.00247 -0.79683 156 156 156
-2.83399 45.99573 -0.91968 159 159 159
-2.78865 45.99746 -1.03722 161 161 161
-2.74030 46.00886 -1.15336 158 158 158
-2.68106 46.00359 -1.26446 160 160 160
-2.63678 45.99830 -1.38255 156 156 156
-2.58557 45.99665 -1.49803 151 151 151
-2.37132 46.00200 -1.80915 151 151 151
-2.12869 46.00399 -2.09710 143 143 143
-1.94600 46.00100 -2.26879 147 147 147
-1.45513 46.00153 -2.65791 142 142 142
-1.11709 45.99587 -2.82348 140 140 140
-0.89002 46.00212 -2.93071 141 141 141
-0.40609 46.00139 -3.06410 146 146 146
-0.28327 46.00040 -3.09104 134 134 134
0.09193 45.99636 -3.12886 136 136 136
0.46872 46.00010 -3.11779 135 135 135
0.59355 46.00058 -3.10373 141 141 141
0.71773 46.00166 -3.08524 140 140 140
0.84236 46.00229 -3.06857 141 141 141
0.96719 46.00497 -3.05003 144 144 144
1.08619 45.99928 -3.00760 139 139 139
1.20519 45.99877 -2.96733 142 142 142
1.32509 45.99994 -2.92986 141 141 141
1.43920 45.99863 -2.87712 140 140 140
1.56180 45.99856 -2.84373 141 141 141
1.67006 45.99816 -2.77857 146 146 146
1.78061 45.99886 -2.71891 144 144 144
1.88844 46.00063 -2.65454 140 140 140
1.99951 46.00228 -2.59481 138 138 138
2.09916 45.99860 -2.51775 142 142 142
2.20249 45.99726 -2.44583 139 139 139
2.29595 45.99476 -2.36145 154 154 154
2.38815 46.00018 -2.27612 144 144 144
2.48170 45.99837 -2.19214 143 143 143
2.56961 46.00543 -2.10222 151 151 151
2.65242 45.99866 -2.00758 153 153 153
2.72813 45.99983 -1.90720 149 149 149
2.80476 45.99785 -1.80774 155 155 155
2.87238 46.00062 -1.70193 152 152 152
2.95134 46.00196 -1.60331 150 150 150
3.00728 46.00248 -1.49037 150 150 150
3.06453 46.00068 -1.37866 157 157 157
3.12459 45.99811 -1.26822 159 159 159
3.17386 46.00216 -1.15261 155 155 155
3.21852 45.99914 -1.03519 161 161 161
3.26081 46.00134 -0.91690 151 151 151
3.29631 45.99686 -0.79639 167 167 167
3.32617 45.99902 -0.67441 162 162 162
3.35291 46.00428 -0.55176 162 162 162
3.37966 46.00192 -0.42893 167 167 167
3.39473 46.00207 -0.30415 171 171 171
3.40949 45.99794 -0.17933 165 165 165
3.40924 45.99960 -0.05352 171 171 171
3.41756 46.40054 0.07250 166 166 166
3.40796 46.39736 0.19817 164 164 164
3.40361 46.40177 0.32388 168 168 168
3.39353 46.40163 0.44935 170 170 170
3.37075 46.40073 0.57319 174 174 174
3.34782 46.40090 0.69675 168 168 168
3.32291 46.40158 0.81996 177 177 177
3.29143 46.39624 0.94169 183 183 183
3.25076 46.39827 1.06066 171 171 171
3.20725 46.40096 1.17842 181 181 181
3.16557 46.39958 1.29694 175 175 175
3.11611 46.39784 1.41245 180 180 180
3.05852 46.39771 1.52414 181 181 181
3.00149 46.39636 1.63608 182 182 182
2.93939 46.40056 1.74536 178 178 178
2.87194 46.39536 1.85147 187 187 187
2.79096 46.39814 1.94803 185 185 185
2.72685 46.39983 2.05700 184 184 184
2.64487 46.39766 2.15248 180 180 180
2.55903 46.40338 2.24436 190 190 190
2.46923 46.39726 2.33221 193 193 193
2.37734 46.40086 2.41763 190 190 190
2.28451 46.40003 2.50200 189 189 189
2.19523 46.40014 2.59135 189 189 189
2.08885 46.40242 2.65918 189 189 189
1.98505 46.40483 2.72976 198 198 198
1.87973 46.39617 2.79803 188 188 188
1.76726 46.39729 2.85404 200 200 200
1.66180 46.39897 2.92275 196 196 196
1.55196 46.39732 2.98446 194 194 194
1.43631 46.39703 3.03421 196 196 196
1.31820 46.39527 3.07770 197 197 197
1.19975 46.39951 3.12010 200 200 200
1.07812 46.40040 3.15230 199 199 199
0.95625 46.39805 3.18282 189 189 189
0.83437 46.40136 3.21382 188 188 188
0.70976 46.39811 3.23089 204 204 204
0.58583 46.40129 3.25187 193 193 193
0.46070 46.39795 3.26403 191 191 191
0.33499 46.40141 3.26571 196 196 196
0.20952 46.39922 3.27418 195 195 195
0.08381 46.40020 3.27204 191 191 191
-0.04143 46.39948 3.26121 185 185 185
-0.16691 46.39591 3.25299 189 189 189
-0.29118 46.39859 3.23385 193 193 193
-0.41572 46.40239 3.21581 195 195 195
-0.53665 46.39719 3.18054 197 197 197
-0.65864 46.39870 3.15078 200 200 200
-0.77704 46.39770 3.10883 189 189 189
-0.89793 46.39499 3.07437 192 192 192
-1.01326 46.39650 3.02456 196 196 196
-1.13148 46.39597 2.98136 188 188 188
-1.24391 46.40004 2.92502 195 195 195
-1.34837 46.40047 2.85432 194 194 194
-1.46283 46.39547 2.80153 194 194 194
-1.56920 46.40341 2.73455 194 194 194
-1.67115 46.39785 2.66103 195 195 195
-1.77022 46.39794 2.58379 190 190 190
-1.86874 46.39906 2.50584 180 180 180
-1.96046 46.40195 2.41998 191 191 191
-2.05383 46.39834 2.33585 186 186 186
-2.14171 46.39984 2.24595 190 190 190
-2.22021 46.39754 2.14769 178 178 178
-2.30936 46.40156 2.05823 188 188 188
-2.37994 46.40380 1.95385 185 185 185
-2.44717 46.40227 1.84765 183 183 183
-2.52886 46.40086 1.75058 181 181 181
-2.58425 46.40534 1.63709 183 183 183
-2.64200 46.40120 1.52542 177 177 177
-2.69659 46.40651 1.41224 175 175 175
-2.74570 46.40493 1.29659 175 175 175
-2.78812 46.39944 1.17839 171 171 171
-2.83366 46.39834 1.06129 175 175 175
-2.87110 46.40118 0.94132 172 172 172
-2.90280 46.39729 0.81970 174 174 174
-2.93086 46.39907 0.69716 167 167 167
-2.94532 46.40212 0.57218 182 182 182
-2.96673 46.39964 0.44843 174 174 174
-2.97520 46.40008 0.32314 173 173 173
-2.98835 46.40142 0.19814 172 172 172
-2.98357 46.39622 0.07250 171 171 171
-2.97708 46.40308 -0.05270 166 166 166
-2.99333 46.39880 -0.17957 158 158 158
-2.97509 46.40436 -0.30442 164 164 164
-2.94907 46.39991 -0.42777 165 165 165
-2.93112 46.40117 -0.55221 169 169 169
-2.90939 46.39542 -0.67629 163 163 163
-2.86985 46.40278 -0.79597 154 154 154
-2.83401 46.39694 -0.91641 161 161 161
-2.79183 46.40235 -1.03476 147 147 147
-2.74735 46.40228 -1.15228 154 154 154
-2.69589 46.40352 -1.26691 160 160 160
-2.64574 46.39792 -1.38233 152 152 152
-2.58033 46.39636 -1.48989 151 151 151
-2.52021 46.39850 -1.60028 153 153 153
-2.37281 46.39983 -1.80367 148 148 148
-2.22344 46.39388 -2.00544 154 154 154
-2.05701 46.39960 -2.19403 145 145 145
-1.86516 46.39647 -2.35664 154 154 154
-1.24425 46.40056 -2.78069 148 148 148
-1.12902 46.40345 -2.83103 140 140 140
-0.66177 46.39788 -3.01688 146 146 146
-0.41611 46.40277 -3.07276 144 144 144
-0.29150 46.39843 -3.09082 142 142 142
-0.16682 46.39786 -3.10721 135 135 135
-0.04097 46.40079 -3.11029 136 136 136
0.58506 46.39966 -3.10039 138 138 138
0.70842 46.39522 -3.07739 137 137 137
0.83665 46.40192 -3.08027 142 142 142
0.95853 46.40187 -3.04732 136 136 136
1.07824 46.40124 -3.00772 137 137 137
1.19726 46.40029 -2.96743 150 150 150
1.31710 46.39891 -2.92973 140 140 140
1.43404 46.39777 -2.88374 147 147 147
1.54840 46.40491 -2.83175 147 147 147
1.66132 46.39877 -2.77681 141 141 141
1.77023 46.40202 -2.71433 142 142 142
1.87865 46.40231 -2.65127 144 144 144
1.99251 46.40223 -2.59592 141 141 141
2.09756 46.39726 -2.52616 146 146 146
2.18774 46.39938 -2.43686 148 148 148
2.28406 46.40153 -2.35647 150 150 150
2.37578 46.39781 -2.27094 151 151 151
2.47151 46.39885 -2.18948 146 146 146
2.56629 46.39571 -2.10607 155 155 155
2.64533 46.39883 -2.00787 146 146 146
2.71274 46.40366 -1.90088 155 155 155
2.79761 46.39998 -1.80786 158 158 158
2.87403 46.40292 -1.70787 153 153 153
2.93660 46.40206 -1.59866 145 145 145
3.00197 46.40305 -1.49134 152 152 152
3.06519 46.40077 -1.38254 154 154 154
3.11551 46.40162 -1.26718 154 154 154
3.16764 46.40437 -1.15279 158 158 158
3.21197 46.39585 -1.03516 153 153 153
3.25039 46.39973 -0.91554 164 164 164
3.28989 46.40170 -0.79625 161 161 161
3.32266 46.39761 -0.67490 159 159 159
3.34415 46.40395 -0.55102 165 165 165
3.37319 46.40121 -0.42858 168 168 168
3.38638 46.40235 -0.30351 171 171 171
3.40148 46.40395 -0.17871 159 159 159
3.40201 46.40523 -0.05293 167 167 167
3.39984 46.80214 0.07312 170 170 170
3.39935 46.80003 0.19878 171 171 171
3.39425 46.79794 0.32442 168 168 168
3.37110 46.80278 0.44830 168 168 168
3.36389 46.79798 0.57404 173 173 173
3.34037 46.79853 0.69754 167 167 167
3.30922 46.79969 0.81928 176 176 176
3.27357 46.80166 0.93961 170 170 170
3.23930 46.80137 1.06025 176 176 176
3.20546 46.79836 1.18144 170 170 170
3.16189 46.80030 1.29946 182 182 182
3.10028 46.80057 1.40960 173 173 173
3.05718 46.80083 1.52829 174 174 174
2.99966 46.80182 1.64031 181 181 181
2.92791 46.80192 1.74402 184 184 184
2.86029 46.79806 1.84984 174 174 174
2.78673 46.79766 1.95158 179 179 179
2.70616 46.80352 2.04784 186 186 186
2.63775 46.79846 2.15409 187 187 187
2.55559 46.80424 2.24945 189 189 189
2.46337 46.80199 2.33524 192 192 192
2.37339 46.79665 2.42293 191 191 191
2.28210 46.80238 2.50949 194 194 194
2.17876 46.79887 2.58158 196 196 196
2.08770 46.80206 2.66960 195 195 195
1.97765 46.80183 2.73170 185 185 185
1.87383 46.80072 2.80253 194 194 194
1.76309 46.79746 2.86199 203 203 203
1.65082 46.79741 2.91805 186 186 186
1.53844 46.80249 2.97372 192 192 192
1.42449 46.80353 3.02628 189 189 189
1.30770 46.79915 3.07228 197 197 197
1.18995 46.80188 3.11602 199 199 199
1.06860 46.79910 3.14851 190 190 190
0.94921 46.79923 3.18858 195 195 195
0.82493 46.79491 3.20855 196 196 196
0.70087 46.79857 3.22759 197 197 197
0.57634 46.79809 3.24221 195 195 195
0.45297 46.80091 3.27151 200 200 200
0.32708 46.80379 3.27569 194 194 194
0.20125 46.79972 3.27122 196 196 196
0.07544 46.80136 3.27537 193 193 193
-0.05041 46.79733 3.27080 203 203 203
-0.17464 46.80241 3.24903 185 185 185
-0.29967 46.79782 3.23580 196 196 196
-0.42177 46.79610 3.20526 197 197 197
-0.54609 46.80129 3.18603 197 197 197
-0.66893 46.80111 3.15855 197 197 197
-0.78734 46.79769 3.11570 195 195 195
-0.90266 46.80109 3.06541 195 195 195
-1.02402 46.79778 3.03120 193 193 193
-1.13721 46.80041 2.97648 189 189 189
-1.24787 46.79667 2.91719 193 193 193
-1.36610 46.80227 2.87182 194 194 194
-1.47533 46.79839 2.80906 194 194 194
-1.57662 46.79506 2.73390 193 193 193
-1.68153 46.80482 2.66455 195 195 195
-1.77783 46.80316 2.58358 189 189 189
-1.87553 46.79498 2.50473 189 189 189
-1.97708 46.79639 2.42963 182 182 182
-2.05809 46.79980 2.33247 185 185 185
-2.14837 46.80495 2.24509 187 187 187
-2.23679 46.80370 2.15541 193 193 193
-2.31972 46.79586 2.06050 187 187 187
-2.38901 46.79917 1.95506 188 188 188
-2.45900 46.79892 1.85065 180 180 180
-2.52382 46.79855 1.74305 178 178 178
-2.59563 46.79865 1.63945 181 181 181
-2.65139 46.79919 1.52662 184 184 184
-2.70494 46.80095 1.41290 173 173 173
-2.76373 46.80027 1.30126 176 176 176
-2.80433 46.80216 1.18194 180 180 180
-2.84359 46.80272 1.06245 175 175 175
-2.87848 46.79615 0.94170 177 177 177
-2.90346 46.79783 0.81850 170 170 170
-2.93683 46.80183 0.69733 171 171 171
-2.96084 46.79546 0.57395 160 160 160
-2.97130 46.79868 0.44862 168 168 168
-2.98810 46.80033 0.32413 178 178 178
-3.00521 46.80005 0.19911 172 172 172
-3.00154 46.80255 0.07313 162 162 162
-2.99764 46.79777 -0.05256 173 173 173
-2.99863 46.80042 -0.17871 166 166 166
-2.98761 46.80377 -0.30430 161 161 161
-2.96065 46.80073 -0.42767 158 158 158
-2.94799 46.79862 -0.55330 163 163 163
-2.90113 46.80280 -0.67169 159 159 159
-2.88227 46.80380 -0.79652 156 156 156
-2.84576 46.79793 -0.91691 158 158 158
-2.80069 46.80633 -1.03435 159 159 159
-2.75295 46.79769 -1.15055 156 156 156
-2.70052 46.80163 -1.26461 160 160 160
-2.64419 46.79689 -1.37670 155 155 155
-2.58812 46.79934 -1.48900 158 158 158
-2.46126 46.80266 -1.70591 153 153 153
-2.15252 46.79885 -2.10268 153 153 153
-1.78258 46.79704 -2.44335 139 139 139
-1.57507 46.80248 -2.58532 140 140 140
-1.46913 46.79843 -2.65270 141 141 141
-1.36218 46.79940 -2.71858 140 140 140
-1.25608 46.79715 -2.78705 138 138 138
-1.02335 46.79421 -2.88332 143 143 143
-0.29880 46.80262 -3.08408 142 142 142
0.20125 46.80524 -3.12679 143 143 143
0.32680 46.79918 -3.12238 137 137 137
0.57777 46.80192 -3.10804 138 138 138
0.70194 46.80100 -3.08811 139 139 139
0.82520 46.79538 -3.06368 147 147 147
0.94822 46.80032 -3.03821 137 137 137
1.07077 46.79984 -3.00997 147 147 147
1.18863 46.79969 -2.96571 142 142 142
1.30715 46.79987 -2.92455 150 150 150
1.42629 46.79575 -2.88438 138 138 138
1.54261 46.79897 -2.83650 138 138 138
1.65389 46.79988 -2.77785 148 148 148
1.76631 46.80254 -2.72148 145 145 145
1.87413 46.79807 -2.65676 145 145 145
1.98491 46.79837 -2.59631 146 146 146
2.07908 46.80151 -2.51148 147 147 147
2.18614 46.80535 -2.44470 143 143 143
2.28151 46.79615 -2.36255 141 141 141
2.37471 46.79535 -2.27811 147 147 147
2.45902 46.79745 -2.18464 146 146 146
2.54829 46.80154 -2.09645 146 146 146
2.63666 46.79894 -2.00691 143 143 143
2.71272 46.79700 -1.90676 144 144 144
2.79696 46.80097 -1.81277 154 154 154
2.87367 46.80273 -1.71253 156 156 156
2.92213 46.80191 -1.59423 154 154 154
2.99667 46.79998 -1.49238 153 153 153
3.05882 46.79915 -1.38288 161 161 161
3.10764 46.79630 -1.26674 157 157 157
3.16763 46.80062 -1.15559 153 153 153
3.20251 46.80328 -1.03410 162 162 162
3.24357 46.80147 -0.91538 164 164 164
3.28379 46.79684 -0.79624 158 158 158
3.31609 46.79173 -0.67468 160 160 160
3.33045 46.79964 -0.54931 160 160 160
3.36239 46.79767 -0.42755 162 162 162
3.37632 46.80194 -0.30267 170 170 170
3.39175 46.80821 -0.17797 160 160 160
3.40053 46.80032 -0.05258 159 159 159
3.38786 47.20446 0.07375 170 170 170
3.39192 47.19699 0.19944 165 165 165
3.38145 47.19809 0.32470 172 172 172
3.37507 47.19545 0.45039 171 171 171
3.35610 47.19877 0.57475 165 165 165
3.32045 47.20118 0.69586 168 168 168
3.30841 47.20380 0.82172 177 177 177
3.26218 47.20467 0.93938 173 173 173
3.22635 47.20631 1.05938 181 181 181
3.20063 47.20263 1.18337 166 166 166
3.15221 47.20098 1.29954 182 182 182
3.10658 47.20244 1.41699 181 181 181
3.04349 47.19129 1.52621 181 181 181
2.98915 47.19960 1.63974 179 179 179
2.92691 47.20101 1.74917 178 178 178
2.85109 47.20120 1.84991 178 178 178
2.77991 47.19747 1.95334 178 178 178
2.70338 47.20101 2.05287 184 184 184
2.62407 47.19836 2.15018 188 188 188
2.54033 47.20167 2.24371 185 185 185
2.46063 47.20440 2.34150 189 189 189
2.36495 47.19862 2.42348 187 187 187
2.27390 47.20163 2.51031 192 192 192
2.17045 47.20045 2.58229 196 196 196
2.07567 47.20294 2.66519 179 179 179
1.97067 47.20318 2.73440 190 190 190
1.86997 47.20124 2.81051 195 195 195
1.75691 47.19755 2.86653 193 193 193
1.65049 47.20012 2.93448 198 198 198
1.53344 47.20216 2.98166 190 190 190
1.41735 47.20219 3.02989 194 194 194
1.30049 47.19619 3.07605 189 189 189
1.18378 47.19944 3.12344 189 189 189
1.05981 47.19823 3.14766 197 197 197
0.93879 47.20213 3.18072 191 191 191
0.81844 47.19950 3.21866 186 186 186
0.69573 47.20116 3.24863 190 190 190
0.56782 47.20044 3.24162 191 191 191
0.44363 47.19899 3.25991 199 199 199
0.31845 47.20014 3.26985 197 197 197
0.19288 47.19482 3.27467 189 189 189
0.06681 47.19877 3.28248 194 194 194
-0.05812 47.20284 3.26298 201 201 201
-0.18335 47.19942 3.25250 187 187 187
-0.30687 47.20033 3.22905 199 199 199
-0.43325 47.20076 3.22149 192 192 192
-0.55313 47.19800 3.18109 191 191 191
-0.67816 47.19784 3.16220 205 205 205
-0.79321 47.19875 3.10860 193 193 193
-0.91495 47.19821 3.07664 198 198 198
-1.03196 47.19810 3.03076 197 197 197
-1.15024 47.19942 2.98720 195 195 195
-1.25782 47.19803 2.92090 194 194 194
-1.36933 47.20040 2.86328 191 191 191
-1.47929 47.20087 2.80249 200 200 200
-1.59100 47.19865 2.74351 188 188 188
-1.69520 47.20147 2.67247 187 187 187
-1.78235 47.19924 2.57932 194 194 194
-1.88468 47.19641 2.50626 194 194 194
-1.97955 47.20323 2.42386 192 192 192
-2.06989 47.20096 2.33652 191 191 191
-2.14999 47.20381 2.23948 187 187 187
-2.23959 47.20238 2.15127 181 181 181
-2.32018 47.19777 2.05489 191 191 191
-2.39136 47.19762 1.95131 187 187 187
-2.45948 47.19788 1.84600 186 186 186
-2.53117 47.19999 1.74305 187 187 187
-2.59127 47.20013 1.63295 178 178 178
-2.65598 47.20123 1.52531 175 175 175
-2.70698 47.19587 1.41060 177 177 177
-2.75981 47.20270 1.29679 181 181 181
-2.81508 47.20122 1.18344 175 175 175
-2.85667 47.19852 1.06461 179 179 179
-2.88567 47.19996 0.94199 176 176 176
-2.92082 47.20299 0.82128 174 174 174
-2.94712 47.20425 0.69833 175 175 175
-2.96238 47.20233 0.57349 173 173 173
-2.98304 47.19906 0.44964 169 169 169
-3.00164 47.20262 0.32516 168 168 168
-3.00015 47.19831 0.19920 162 162 162
-3.00209 47.20088 0.07375 160 160 160
-3.00801 47.20090 -0.05201 167 167 167
-3.00029 47.19740 -0.17756 164 164 164
-2.98687 47.20256 -0.30260 167 167 167
-2.96250 47.20206 -0.42601 166 166 166
-2.94538 47.20029 -0.55049 170 170 170
-2.92126 47.20253 -0.67389 164 164 164
-2.87755 47.20071 -0.79220 153 153 153
-2.85066 47.20336 -0.91516 152 152 152
-2.81597 47.19899 -1.03627 161 161 161
-2.77112 47.20334 -1.15398 158 158 158
-2.71512 47.20221 -1.26685 148 148 148
-2.65433 47.19895 -1.37698 161 161 161
-2.59985 47.19915 -1.49025 159 159 159
-2.53063 47.19854 -1.59521 152 152 152
-2.46812 47.19970 -1.70427 157 157 157
-2.39511 47.19624 -1.80653 148 148 148
-2.31469 47.19907 -1.90306 143 143 143
-1.97665 47.20623 -2.27324 145 145 145
-1.88572 47.20239 -2.35998 147 147 147
-1.47652 47.20190 -2.65046 146 146 146
-1.03580 47.20070 -2.89254 142 142 142
0.31863 47.19745 -3.12699 131 131 131
0.56934 47.19907 -3.10698 132 132 132
0.69405 47.19809 -3.09054 147 147 147
0.81654 47.19936 -3.06164 140 140 140
0.94100 47.19682 -3.04241 139 139 139
1.06219 47.19906 -3.00861 138 138 138
1.18118 47.19885 -2.96794 145 145 145
1.29854 47.20265 -2.92328 139 139 139
1.41822 47.20072 -2.88449 138 138 138
1.53103 47.20044 -2.82892 136 136 136
1.64627 47.20146 -2.77869 136 136 136
1.75792 47.19874 -2.72084 149 149 149
1.86046 47.19776 -2.64749 150 150 150
1.97145 47.20147 -2.58808 145 145 145
2.07347 47.19908 -2.51466 145 145 145
2.17610 47.19877 -2.44196 147 147 147
2.27458 47.19886 -2.36361 150 150 150
2.36475 47.20002 -2.27577 144 144 144
2.45321 47.19630 -2.18659 148 148 148
2.53861 47.19925 -2.09462 152 152 152
2.61904 47.20283 -1.99839 158 158 158
2.70808 47.20023 -1.90907 142 142 142
2.78572 47.20271 -1.81006 157 157 157
2.85276 47.20210 -1.70352 147 147 147
2.91747 47.19841 -1.59588 150 150 150
2.98430 47.20240 -1.48952 154 154 154
3.04749 47.19778 -1.38075 158 158 158
3.09761 47.19991 -1.26535 155 155 155
3.15166 47.19734 -1.15182 159 159 159
3.19226 47.20259 -1.03278 154 154 154
3.23912 47.19967 -0.91603 162 162 162
3.27190 47.20531 -0.79462 165 165 165
3.30349 47.19939 -0.67304 158 158 158
3.33001 47.20151 -0.55027 165 165 165
3.35276 47.20123 -0.42673 162 162 162
3.37446 47.20126 -0.30281 156 156 156
3.37556 47.20498 -0.17673 166 166 166
3.38951 47.20070 -0.05185 171 171 171
3.38276 47.59832 0.07438 165 165 165
3.38811 47.59921 0.20025 165 165 165
3.37136 47.60081 0.32519 162 162 162
3.37559 47.60334 0.45208 176 176 176
3.34414 47.60024 0.57483 172 172 172
3.31986 47.59818 0.69806 176 176 176
3.29091 47.59761 0.82018 172 172 172
3.27148 47.60160 0.94502 170 170 170
3.22674 47.60134 1.06289 175 175 175
3.18714 47.59936 1.18214 184 184 184
3.14182 47.60096 1.29938 176 176 176
3.08929 47.60144 1.41355 173 173 173
3.03886 47.59815 1.52879 174 174 174
2.97012 47.59472 1.63445 178 178 178
2.91526 47.59862 1.74784 184 184 184
2.84076 47.60238 1.84930 179 179 179
2.77497 47.59625 1.95653 185 185 185
2.69997 47.59701 2.05749 189 189 189
2.62088 47.59865 2.15532 187 187 187
2.53474 47.59808 2.24701 186 186 186
2.44549 47.59910 2.33546 186 186 186
2.35521 47.59634 2.42274 185 185 185
2.25784 47.59958 2.50205 185 185 185
2.16587 47.60121 2.58786 189 189 189
2.07203 47.60254 2.67246 193 193 193
1.96035 47.60009 2.73227 192 192 192
1.85907 47.59699 2.80719 187 187 187
1.74754 47.59588 2.86555 199 199 199
1.63666 47.59673 2.92458 198 198 198
1.52352 47.60159 2.97913 193 193 193
1.40780 47.59788 3.02792 191 191 191
1.29492 47.60060 3.08456 202 202 202
1.17257 47.60169 3.11562 195 195 195
1.05029 47.60013 3.14458 193 193 193
0.93239 47.59902 3.18998 201 201 201
0.80996 47.59934 3.21927 195 195 195
0.68400 47.60124 3.22868 191 191 191
0.56084 47.60215 3.25484 194 194 194
0.43594 47.60273 3.27044 194 194 194
0.31018 47.60154 3.27550 196 196 196
0.18440 47.60274 3.26853 199 199 199
0.05841 47.60137 3.28111 199 199 199
-0.06732 47.59363 3.27278 196 196 196
-0.19130 47.59615 3.24871 185 185 185
-0.31496 47.60139 3.22722 195 195 195
-0.44014 47.60163 3.21418 187 187 187
-0.56221 47.60093 3.18423 197 197 197
-0.68597 47.60277 3.16050 192 192 192
-0.80718 47.60168 3.12617 195 195 195
-0.92521 47.59975 3.08211 199 199 199
-1.04155 47.59669 3.03408 190 190 190
-1.15507 47.60265 2.97991 190 190 190
-1.27303 47.59833 2.93475 190 190 190
-1.38027 47.59930 2.86830 189 189 189
-1.48954 47.59856 2.80600 187 187 187
-1.59449 47.59970 2.73668 191 191 191
-1.69978 47.59791 2.66773 190 190 190
-1.79909 47.59882 2.59043 187 187 187
-1.89264 47.60347 2.50628 188 188 188
-1.98291 47.59989 2.41897 186 186 186
-2.07285 47.59868 2.33163 185 185 185
-2.16676 47.60354 2.24777 184 184 184
-2.24523 47.59684 2.14948 184 184 184
-2.32947 47.60064 2.05616 184 184 184
-2.40174 47.60002 1.95332 188 188 188
-2.46478 47.59830 1.84450 184 184 184
-2.54783 47.59980 1.74869 186 186 186
-2.60747 47.59748 1.63790 176 176 176
-2.66742 47.60044 1.52745 184 184 184
-2.72379 47.60694 1.41507 180 180 180
-2.77449 47.60037 1.29999 186 186 186
-2.81832 47.60060 1.18214 174 174 174
-2.85721 47.60155 1.06266 179 179 179
-2.89458 47.60125 0.94274 171 171 171
-2.93345 47.59951 0.82291 181 181 181
-2.95014 47.60066 0.69787 172 172 172
-2.97140 47.59781 0.57421 172 172 172
-2.99201 47.59989 0.45033 169 169 169
-3.01482 47.59708 0.32616 177 177 177
-3.01353 47.60143 0.20002 170 170 170
-3.00741 47.59963 0.07438 169 169 169
-3.01794 47.59713 -0.05145 170 170 170
-3.00151 47.60285 -0.17636 164 164 164
-2.98596 47.60214 -0.30086 169 169 169
-2.96846 47.60042 -0.42499 164 164 164
-2.95606 47.59995 -0.55030 160 160 160
-2.92584 47.60087 -0.67233 172 172 172
-2.89442 47.59668 -0.79394 160 160 160
-2.85834 47.59936 -0.91427 165 165 165
-2.82012 47.59804 -1.03405 170 170 170
-2.77916 47.60612 -1.15317 156 156 156
-2.71999 47.60238 -1.26457 154 154 154
-2.67566 47.60544 -1.38290 157 157 157
-2.60640 47.59734 -1.48855 153 153 153
-2.55177 47.60467 -1.60236 143 143 143
-1.98693 47.60387 -2.27456 141 141 141
-1.69980 47.60028 -2.51901 143 143 143
-1.59862 47.60343 -2.59410 148 148 148
-0.31683 47.60157 -3.09027 144 144 144
0.56065 47.59771 -3.10450 138 138 138
0.68369 47.59814 -3.07798 140 140 140
0.80826 47.59752 -3.06196 140 140 140
0.93168 47.59844 -3.03824 139 139 139
1.05566 47.59848 -3.01487 145 145 145
1.17476 47.59523 -2.97364 137 137 137
1.29403 47.60035 -2.93341 147 147 147
1.40934 47.59891 -2.88287 147 147 147
1.52558 47.59878 -2.83486 146 146 146
1.63945 47.59660 -2.78131 139 139 139
1.74709 47.59734 -2.71601 138 138 138
1.85529 47.59800 -2.65226 145 145 145
1.96268 47.60174 -2.58700 144 144 144
2.06828 47.59898 -2.51855 138 138 138
2.16917 47.59805 -2.44329 145 145 145
2.26074 47.60275 -2.35670 149 149 149
2.35447 47.59619 -2.27319 151 151 151
2.44809 47.59894 -2.18931 146 146 146
2.53254 47.59796 -2.09622 159 159 159
2.61791 47.59837 -2.00403 138 138 138
2.68642 47.60072 -1.89806 151 151 151
2.77664 47.59958 -1.80900 149 149 149
2.84996 47.60035 -1.70669 154 154 154
2.91210 47.60014 -1.59716 155 155 155
2.97343 47.60257 -1.48755 157 157 157
3.03272 47.60176 -1.37691 156 156 156
3.08826 47.60129 -1.26432 148 148 148
3.13397 47.59417 -1.14738 150 150 150
3.18610 47.59991 -1.03301 160 160 160
3.22322 47.60396 -0.91300 153 153 153
3.26597 47.60095 -0.79472 160 160 160
3.29150 47.59878 -0.67157 156 156 156
3.32464 47.60071 -0.55026 169 169 169
3.34732 47.60095 -0.42658 167 167 167
3.36971 47.59633 -0.30263 169 169 169
3.37088 47.59959 -0.17641 165 165 165
3.38306 47.60011 -0.05130 170 170 170
3.37188 48.00166 0.07500 167 167 167
3.36872 48.00111 0.20045 175 175 175
3.36684 47.99994 0.32614 174 174 174
3.35611 47.99969 0.45141 177 177 177
3.33310 47.99655 0.57506 168 168 168
3.31165 48.00346 0.69875 176 176 176
3.28834 48.00041 0.82225 175 175 175
3.25942 48.00192 0.94466 175 175 175
3.21830 48.00047 1.06356 173 173 173
3.17533 48.00396 1.18157 177 177 177
3.12601 48.00372 1.29700 178 178 178
3.09407 48.00171 1.42032 179 179 179
3.02601 48.00157 1.52723 174 174 174
2.97314 48.00311 1.64156 181 181 181
2.90896 47.99937 1.74986 190 190 190
2.83228 47.99335 1.84998 181 181 181
2.76443 47.99938 1.95572 184 184 184
2.68887 48.00044 2.05611 184 184 184
2.62127 47.99876 2.16360 177 177 177
2.53159 47.99906 2.25263 188 188 188
2.43229 47.99864 2.33145 188 188 188
2.35292 48.00189 2.43015 194 194 194
2.25613 47.99859 2.51071 190 190 190
2.15754 47.99489 2.58878 193 193 193
2.05684 48.00158 2.66398 187 187 187
1.95053 47.99668 2.73101 191 191 191
1.84861 48.00220 2.80472 189 189 189
1.74210 48.00437 2.87176 187 187 187
1.62973 48.00027 2.92842 182 182 182
1.51507 48.00323 2.98001 193 193 193
1.39781 48.00012 3.02511 189 189 189
1.28674 47.99625 3.08624 200 200 200
1.16507 48.00829 3.11955 197 197 197
1.04556 48.00155 3.15880 184 184 184
0.92240 47.99577 3.18467 191 191 191
0.79990 47.99718 3.21235 190 190 190
0.67659 47.99910 3.23662 202 202 202
0.55169 47.99994 3.25053 196 196 196
0.42723 47.99910 3.26931 191 191 191
0.30141 47.99526 3.27099 201 201 201
0.17584 48.00078 3.27687 198 198 198
0.05035 48.00095 3.26888 193 193 193
-0.07482 48.00336 3.25990 194 194 194
-0.19969 47.99708 3.24783 196 196 196
-0.32443 48.00042 3.23358 201 201 201
-0.44775 48.00033 3.20998 191 191 191
-0.57026 47.99878 3.18272 196 196 196
-0.69314 47.99909 3.15617 199 199 199
-0.81539 47.99839 3.12569 199 199 199
-0.93192 48.00480 3.07771 191 191 191
-1.04864 48.00030 3.03115 194 194 194
-1.16510 48.00016 2.98371 195 195 195
-1.27956 48.00513 2.93139 189 189 189
-1.38767 47.99937 2.86684 192 192 192
-1.49658 48.00115 2.80414 186 186 186
-1.60176 47.99739 2.73536 186 186 186
-1.70886 47.99614 2.66906 188 188 188
-1.80952 48.00226 2.59341 185 185 185
-1.89843 47.99855 2.50365 196 196 196
-2.00073 47.99896 2.42959 186 186 186
-2.08570 47.99804 2.33654 190 190 190
-2.17194 47.99986 2.24526 187 187 187
-2.24919 47.99710 2.14617 186 186 186
-2.33777 47.99595 2.05657 185 185 185
-2.41710 47.99830 1.95888 192 192 192
-2.48812 47.99855 1.85500 190 190 190
-2.55505 48.00177 1.74849 189 189 189
-2.61044 48.00334 1.63539 185 185 185
-2.67096 47.99901 1.52552 174 174 174
-2.72542 48.00336 1.41250 182 182 182
-2.77597 48.00501 1.29768 176 176 176
-2.82620 47.99999 1.18251 179 179 179
-2.86568 48.00109 1.06325 178 178 178
-2.90985 47.99876 0.94525 176 176 176
-2.94681 48.00256 0.82468 173 173 173
-2.96172 47.99898 0.69910 168 168 168
-2.98530 47.99555 0.57568 173 173 173
-3.00153 47.99938 0.45107 172 172 172
-3.00785 47.99728 0.32556 165 165 165
-3.02795 47.99750 0.20088 168 168 168
-3.02281 48.00070 0.07500 168 168 168
-3.02636 48.00065 -0.05081 164 164 164
-3.02113 47.99975 -0.17661 163 163 163
-3.00409 48.00204 -0.30137 169 169 169
-2.98502 48.00228 -0.42563 164 164 164
-2.96024 48.00087 -0.54880 162 162 162
-2.93044 47.99241 -0.67075 166 166 166
-2.89526 48.00179 -0.79114 160 160 160
-2.87116 47.99692 -0.91503 170 170 170
-2.82680 48.00193 -1.03273 156 156 156
-2.78375 47.99671 -1.15090 149 149 149
-2.73540 48.00043 -1.26710 150 150 150
-2.67083 47.99970 -1.37545 154 154 154
-2.61229 48.00020 -1.48642 153 153 153
-2.55527 47.99750 -1.59862 155 155 155
-2.08187 47.99890 -2.18271 148 148 148
-0.69001 47.99990 -2.99505 142 142 142
-0.20058 47.99682 -3.10534 144 144 144
0.04997 47.99835 -3.12851 138 138 138
0.55091 47.99745 -3.09399 146 146 146
0.67662 48.00079 -3.08680 137 137 137
0.80123 47.99978 -3.06909 141 141 141
0.92323 47.99705 -3.03812 146 146 146
1.04378 48.00020 -3.00249 138 138 138
1.16637 48.00187 -2.97354 141 141 141
1.28461 48.00304 -2.93045 137 137 137
1.39959 48.00049 -2.87939 138 138 138
1.51339 47.99727 -2.82637 138 138 138
1.62440 48.00091 -2.76797 138 138 138
1.74234 48.00261 -2.72220 145 145 145
1.84905 48.00310 -2.65544 147 147 147
1.95377 48.00023 -2.58587 141 141 141
2.06040 48.00210 -2.51888 148 148 148
2.15685 48.00020 -2.43791 145 145 145
2.26159 47.99984 -2.36710 141 141 141
2.34715 47.99740 -2.27391 146 146 146
2.44334 47.99988 -2.19250 143 143 143
2.52941 48.00079 -2.10062 156 156 156
2.61339 47.99973 -2.00686 153 153 153
2.68351 47.99606 -1.90189 153 153 153
2.76470 47.99756 -1.80592 152 152 152
2.83498 48.00086 -1.70178 148 148 148
2.90214 48.00172 -1.59568 150 150 150
2.95862 47.99602 -1.48343 158 158 158
3.02874 47.99990 -1.37862 156 156 156
3.08276 47.99994 -1.26511 156 156 156
3.13580 47.99978 -1.15105 164 164 164
3.17796 47.99740 -1.03254 162 162 162
3.21430 47.99572 -0.91226 156 156 156
3.25952 47.99970 -0.79469 155 155 155
3.28571 47.99847 -0.67161 162 162 162
3.31817 48.00323 -0.55005 159 159 159
3.34157 48.00077 -0.42640 161 161 161
3.35765 47.99754 -0.30159 164 164 164
3.36814 48.00114 -0.17624 163 163 163
3.36823 47.99325 -0.05043 162 162 162
3.37783 48.40257 0.07562 167 167 167
3.37173 48.39796 0.20153 168 168 168
3.35490 48.39707 0.32650 163 163 163
3.34811 48.40352 0.45211 171 171 171
3.33082 48.39869 0.57670 170 170 170
3.30875 48.39793 0.70052 172 172 172
3.28391 48.39786 0.82389 182 182 182
3.24207 48.40019 0.94283 173 173 173
3.20560 48.39941 1.06287 180 180 180
3.16937 48.39986 1.18319 165 165 165
3.12140 48.39890 1.29930 174 174 174
3.07213 48.40114 1.41482 179 179 179
3.01500 48.39793 1.52666 177 177 177
2.95814 48.40096 1.63864 184 184 184
2.89776 48.40179 1.74893 188 188 188
2.83112 48.40121 1.85561 182 182 182
2.76115 48.39907 1.96025 184 184 184
2.67716 48.40147 2.05433 190 190 190
2.59557 48.40019 2.14967 181 181 181
2.51297 48.40146 2.24405 181 181 181
2.43000 48.40026 2.33844 183 183 183
2.33953 48.40028 2.42566 189 189 189
2.24363 48.40057 2.50683 192 192 192
2.14944 48.40507 2.59011 183 183 183
2.04145 48.40093 2.65534 188 188 188
1.94746 48.39644 2.74000 186 186 186
1.83629 48.40350 2.79937 197 197 197
1.73401 48.40478 2.87341 194 194 194
1.62060 48.40094 2.92812 197 197 197
1.50549 48.39695 2.97865 191 191 191
1.38807 48.39883 3.02312 197 197 197
1.27407 48.40158 3.07598 193 193 193
1.15524 48.40125 3.11656 200 200 200
1.03448 48.39988 3.15084 192 192 192
0.91563 48.39615 3.19314 197 197 197
0.79147 48.39727 3.21414 197 197 197
0.66854 48.39458 3.24107 196 196 196
0.54242 48.39812 3.24604 191 191 191
0.41833 48.39797 3.26675 193 193 193
0.29277 48.40060 3.27222 198 198 198
0.16718 48.40225 3.27620 189 189 189
0.04139 48.40032 3.27722 197 197 197
-0.08409 48.40208 3.26833 199 199 199
-0.20890 48.39844 3.25308 192 192 192
-0.33306 48.40288 3.23403 191 191 191
-0.45881 48.40048 3.22268 199 199 199
-0.58236 48.39734 3.19770 190 190 190
-0.70148 48.40352 3.15565 192 192 192
-0.82357 48.39911 3.12483 200 200 200
-0.94187 48.40115 3.08185 191 191 191
-1.05593 48.39827 3.02848 190 190 190
-1.17422 48.40069 2.98535 187 187 187
-1.27986 48.40123 2.91559 197 197 197
-1.40070 48.40032 2.87528 192 192 192
-1.51070 48.39722 2.81367 190 190 190
-1.61043 48.40367 2.73601 186 186 186
-1.70776 48.40454 2.65626 193 193 193
-1.81574 48.40556 2.59095 192 192 192
-1.91312 48.39696 2.51134 188 188 188
-2.00847 48.39868 2.42923 185 185 185
-2.09527 48.39856 2.33807 182 182 182
-2.18109 48.40066 2.24635 188 188 188
-2.26806 48.39928 2.15552 193 193 193
-2.34526 48.40031 2.05627 192 192 192
-2.42331 48.40465 1.95773 183 183 183
-2.48926 48.39721 1.85060 179 179 179
-2.55969 48.40125 1.74666 180 180 180
-2.62063 48.39814 1.63688 181 181 181
-2.68101 48.40084 1.52685 175 175 175
-2.74786 48.39929 1.41948 180 180 180
-2.79641 48.39907 1.30318 189 189 189
-2.83584 48.40172 1.18350 175 175 175
-2.87973 48.39784 1.06563 183 183 183
-2.92237 48.39874 0.94697 175 175 175
-2.93953 48.39525 0.82148 179 179 179
-2.96824 48.40145 0.69930 179 179 179
-2.98834 48.39809 0.57541 172 172 172
-3.01246 48.39828 0.45196 172 172 172
-3.01648 48.39817 0.32618 174 174 174
-3.03598 48.40233 0.20148 172 172 172
-3.03647 48.39606 0.07563 166 166 166
-3.03217 48.39835 -0.05008 167 167 167
-3.02422 48.39759 -0.17554 169 169 169
-3.00931 48.40330 -0.30034 159 159 159
-2.99543 48.40092 -0.42528 167 167 167
-2.97072 48.40034 -0.54854 164 164 164
-2.93920 48.40284 -0.67015 173 173 173
-2.91009 48.39961 -0.79226 156 156 156
-2.86999 48.40055 -0.91121 159 159 159
-2.83411 48.39947 -1.03161 158 158 158
-2.78371 48.40061 -1.14668 156 156 156
-2.74132 48.40026 -1.26521 164 164 164
-2.68647 48.39734 -1.37838 156 156 156
-2.62939 48.39439 -1.49053 155 155 155
-2.56043 48.40122 -1.59585 148 148 148
-2.34560 48.40043 -1.90529 151 151 151
-2.18020 48.40483 -2.09427 149 149 149
-2.08947 48.40364 -2.18103 146 146 146
-2.00757 48.39735 -2.27701 144 144 144
-0.93775 48.39943 -2.91943 140 140 140
-0.08414 48.39908 -3.11772 141 141 141
0.04156 48.39898 -3.12153 140 140 140
0.54371 48.39693 -3.10565 136 136 136
0.66827 48.40031 -3.08815 143 143 143
0.79125 48.40096 -3.06177 146 146 146
0.91531 48.39834 -3.04057 136 136 136
1.03499 48.40175 -3.00138 137 137 137
1.15943 48.40036 -2.97822 138 138 138
1.27697 48.39969 -2.93260 139 139 139
1.39260 48.40252 -2.88280 144 144 144
1.50737 48.39957 -2.83148 139 139 139
1.61907 48.39486 -2.77387 138 138 138
1.73186 48.39697 -2.71832 141 141 141
1.83936 48.40132 -2.65312 140 140 140
1.94157 48.40099 -2.57994 138 138 138
2.04431 48.40230 -2.50802 148 148 148
2.14689 48.40244 -2.43562 145 145 145
2.25086 48.39765 -2.36405 148 148 148
2.34416 48.39733 -2.27942 150 150 150
2.43259 48.40222 -2.18978 142 142 142
2.51099 48.40187 -2.09097 151 151 151
2.60232 48.40263 -2.00418 144 144 144
2.68312 48.40119 -1.90778 147 147 147
2.75872 48.40322 -1.80724 156 156 156
2.83283 48.40438 -1.70550 140 140 140
2.89612 48.40056 -1.59667 154 154 154
2.96432 48.40042 -1.49085 158 158 158
3.00697 48.40464 -1.37132 149 149 149
3.07088 48.40231 -1.26300 155 155 155
3.13179 48.40275 -1.15236 158 158 158
3.17274 48.39933 -1.03318 157 157 157
3.20557 48.40165 -0.91161 160 160 160
3.25123 48.39993 -0.79417 154 154 154
3.27569 48.39931 -0.67066 159 159 159
3.30387 48.40008 -0.54830 158 158 158
3.32910 48.40135 -0.42517 167 167 167
3.34861 48.40106 -0.30092 179 179 179
3.35373 48.39726 -0.17516 165 165 165
3.35695 48.39871 -0.04970 161 161 161
3.34986 48.79894 0.07625 167 167 167
3.36272 48.79584 0.20215 167 167 167
3.34368 48.80499 0.32693 171 171 171
3.34411 48.79952 0.45330 178 178 178
3.31429 48.79763 0.57609 167 167 167
3.30100 48.79984 0.70134 175 175 175
3.27214 48.80003 0.82378 177 177 177
3.23742 48.80151 0.94461 183 183 183
3.19175 48.80203 1.06183 174 174 174
3.16692 48.79750 1.18614 176 176 176
3.11045 48.80105 1.29901 178 178 178
3.07233 48.79744 1.41957 181 181 181
3.00796 48.80171 1.52815 184 184 184
2.95076 48.80154 1.64003 179 179 179
2.88494 48.80740 1.74705 182 182 182
2.82567 48.79988 1.85844 183 183 183
2.74060 48.80139 1.95230 185 185 185
2.67061 48.80008 2.05668 187 187 187
2.59720 48.79816 2.15915 187 187 187
2.49986 48.79698 2.24063 178 178 178
2.41430 48.80472 2.33211 191 191 191
2.33477 48.79980 2.43059 184 184 184
2.23404 48.79687 2.50647 198 198 198
2.13612 48.79947 2.58492 187 187 187
2.03924 48.80664 2.66495 185 185 185
1.93805 48.80421 2.73962 194 194 194
1.83397 48.79931 2.81046 195 195 195
1.72176 48.79605 2.86777 191 191 191
1.61603 48.79632 2.93693 190 190 190
1.49832 48.79839 2.98268 192 192 192
1.38032 48.79754 3.02613 192 192 192
1.26750 48.80003 3.08248 193 193 193
1.14708 48.79678 3.11898 193 193 193
1.02709 48.80083 3.15624 194 194 194
0.90526 48.80167 3.18697 196 196 196
0.78189 48.79925 3.21054 196 196 196
0.66018 48.79897 3.24411 196 196 196
0.53503 48.80092 3.25809 194 194 194
0.40982 48.80252 3.27031 199 199 199
0.28385 48.80110 3.26820 191 191 191
0.15844 48.79575 3.27573 201 201 201
0.03272 48.79844 3.27595 198 198 198
-0.09327 48.79349 3.27456 195 195 195
-0.21768 48.80215 3.25403 202 202 202
-0.34169 48.79627 3.23394 192 192 192
-0.46450 48.79616 3.20795 193 193 193
-0.58662 48.80038 3.17963 197 197 197
-0.70998 48.79969 3.15544 200 200 200
-0.83124 48.80222 3.12217 189 189 189
-0.94663 48.79981 3.07167 201 201 201
-1.06329 48.79852 3.02576 188 188 188
-1.18275 48.80449 2.98551 188 188 188
-1.29210 48.80032 2.92309 197 197 197
-1.40312 48.79982 2.86461 190 190 190
-1.51396 48.80342 2.80536 193 193 193
-1.62303 48.80135 2.74240 187 187 187
-1.72232 48.79884 2.66489 190 190 190
-1.82847 48.80327 2.59664 186 186 186
-1.92008 48.79503 2.50988 190 190 190
-2.00849 48.79389 2.42042 188 188 188
-2.10314 48.79932 2.33783 195 195 195
-2.19562 48.80193 2.25232 190 190 190
-2.27822 48.79738 2.15735 187 187 187
-2.34738 48.80297 2.05167 187 187 187
-2.43050 48.79732 1.95722 180 180 180
-2.49460 48.79883 1.84896 183 183 183
-2.57359 48.79941 1.75044 177 177 177
-2.63226 48.80304 1.63911 183 183 183
-2.69906 48.79990 1.53222 181 181 181
-2.74385 48.79616 1.41422 172 172 172
-2.79690 48.80006 1.30039 175 175 175
-2.84381 48.80324 1.18384 177 177 177
-2.88261 48.80132 1.06435 174 174 174
-2.91543 48.80369 0.94317 176 176 176
-2.95442 48.80187 0.82358 169 169 169
-2.98276 48.79907 0.70107 172 172 172
-3.00432 48.79888 0.57718 163 163 163
-3.01885 48.79726 0.45231 172 172 172
-3.03800 48.80205 0.32781 170 170 170
-3.04499 48.80325 0.20211 169 169 169
-3.03493 48.79527 0.07625 173 173 173
-3.05147 48.80118 -0.04987 170 170 170
-3.04457 48.79895 -0.17583 164 164 164
-3.02228 48.79773 -0.30021 160 160 160
-2.99626 48.80517 -0.42341 162 162 162
-2.97494 48.79741 -0.54702 154 154 154
-2.95473 48.79801 -0.67116 161 161 161
-2.92242 48.79831 -0.79264 161 161 161
-2.87494 48.79863 -0.90936 162 162 162
-2.83444 48.79701 -1.02788 159 159 159
-2.80607 48.80089 -1.15169 161 161 161
-2.74440 48.80050 -1.26198 155 155 155
-2.69487 48.79969 -1.37758 159 159 159
-2.63625 48.79887 -1.48885 154 154 154
-2.26471 48.80565 -1.99331 150 150 150
-1.61554 48.79964 -2.57869 137 137 137
-1.17932 48.80055 -2.82557 146 146 146
-0.94966 48.79856 -2.92738 142 142 142
-0.21734 48.80474 -3.09868 137 137 137
0.15844 48.80144 -3.11876 135 135 135
0.53447 48.79916 -3.10083 141 141 141
0.65906 48.79795 -3.08452 141 141 141
0.78324 48.79833 -3.06486 142 142 142
0.90652 48.79548 -3.03975 141 141 141
1.02815 48.80175 -3.00750 134 134 134
1.14725 48.79771 -2.96700 134 134 134
1.26460 48.79622 -2.92212 140 140 140
1.38063 48.80224 -2.87437 141 141 141
1.49803 48.80094 -2.82955 143 143 143
1.61168 48.79709 -2.77589 146 146 146
1.71834 48.80262 -2.70916 145 145 145
1.83174 48.79972 -2.65434 144 144 144
1.93503 48.79464 -2.58261 151 151 151
2.03902 48.80115 -2.51215 145 145 145
2.13863 48.80200 -2.43561 144 144 144
2.23252 48.80076 -2.35219 144 144 144
2.33166 48.79635 -2.27472 147 147 147
2.42111 48.79637 -2.18642 146 146 146
2.50890 48.80439 -2.09649 144 144 144
2.58824 48.79924 -1.99899 144 144 144
2.67254 48.79963 -1.90571 147 147 147
2.74826 48.79697 -1.80537 149 149 149
2.82346 48.79521 -1.70446 154 154 154
2.88634 48.80243 -1.59541 156 156 156
2.95934 48.79983 -1.49233 152 152 152
3.01007 48.79418 -1.37673 159 159 159
3.06501 48.80329 -1.26370 154 154 154
3.11493 48.80033 -1.14837 163 163 163
3.15933 48.80007 -1.03084 160 160 160
3.20570 48.80099 -0.91386 163 163 163
3.24190 48.80088 -0.79338 161 161 161
3.27780 48.79975 -0.67264 163 163 163
3.29424 48.80265 -0.54750 165 165 165
3.32335 48.80021 -0.42502 161 161 161
3.33660 48.80144 -0.29991 164 164 164
3.34982 48.79944 -0.17492 166 166 166
3.36563 48.80043 -0.04976 160 160 160
3.34903 49.19587 0.07688 162 162 162
3.34258 49.19743 0.20233 165 165 165
3.35102 49.19403 0.32883 166 166 166
3.32347 49.20051 0.45253 171 171 171
3.31643 49.20438 0.57845 163 163 163
3.29110 49.20379 0.70175 180 180 180
3.26108 49.20192 0.82387 178 178 178
3.23680 49.20057 0.94755 170 170 170
3.19741 49.19703 1.06716 179 179 179
3.15174 49.20276 1.18442 180 180 180
3.10238 49.20332 1.29995 173 173 173
3.06187 49.19778 1.41944 185 185 185
3.00215 49.20279 1.53031 180 180 180
2.94510 49.20114 1.64242 182 182 182
2.87834 49.19898 1.74904 170 170 170
2.80893 49.19967 1.85377 184 184 184
2.73769 49.19887 1.95722 182 182 182
2.66602 49.19924 2.06064 185 185 185
2.57860 49.19989 2.15142 176 176 176
2.49896 49.20288 2.24858 178 178 178
2.41044 49.19794 2.33770 194 194 194
2.32167 49.19568 2.42659 189 189 189
2.23089 49.20002 2.51374 191 191 191
2.12447 49.19801 2.58196 193 193 193
2.02758 49.19883 2.66167 187 187 187
1.92710 49.19928 2.73707 188 188 188
1.82407 49.20125 2.80934 191 191 191
1.71535 49.19978 2.87269 198 198 198
1.60472 49.20281 2.93268 186 186 186
1.49031 49.20457 2.98505 195 195 195
1.37734 49.19797 3.04086 196 196 196
1.25745 49.20179 3.07980 188 188 188
1.13913 49.20293 3.12228 194 194 194
1.01827 49.20058 3.15688 192 192 192
0.89601 49.20027 3.18583 191 191 191
0.77274 49.20056 3.20951 200 200 200
0.65054 49.19911 3.23956 193 193 193
0.52579 49.19879 3.25516 200 200 200
0.40089 49.19823 3.26968 199 199 199
0.27520 49.19974 3.27309 192 192 192
0.14962 49.19488 3.27607 192 192 192
0.02392 49.20229 3.27597 196 196 196
-0.10106 49.20061 3.26207 193 193 193
-0.22646 49.19790 3.25429 181 181 181
-0.35058 49.19891 3.23497 194 194 194
-0.47558 49.20167 3.21994 186 186 186
-0.59669 49.20315 3.18546 197 197 197
-0.71953 49.20014 3.15864 193 193 193
-0.83762 49.20179 3.11529 195 195 195
-0.95709 49.20050 3.07672 200 200 200
-1.07656 49.20293 3.03713 189 189 189
-1.19294 49.19830 2.98911 197 197 197
-1.30713 49.19775 2.93589 187 187 187
-1.41306 49.19740 2.86723 197 197 197
-1.52374 49.20129 2.80755 189 189 189
-1.63043 49.20002 2.74090 190 190 190
-1.73481 49.20112 2.67057 195 195 195
-1.83390 49.20285 2.59295 195 195 195
-1.92868 49.19846 2.51024 194 194 194
-2.02473 49.19533 2.42907 184 184 184
-2.11925 49.20123 2.34574 194 194 194
-2.19891 49.19862 2.24783 179 179 179
-2.29122 49.19944 2.16154 189 189 189
-2.36214 49.19527 2.05698 181 181 181
-2.44261 49.19197 1.96023 190 190 190
-2.50824 49.20132 1.85280 178 178 178
-2.58377 49.19623 1.75189 179 179 179
-2.64419 49.20023 1.64148 181 181 181
-2.70606 49.19797 1.53192 178 178 178
-2.76255 49.19790 1.41940 177 177 177
-2.80463 49.20131 1.30056 179 179 179
-2.85209 49.20677 1.18426 175 175 175
-2.89093 49.20559 1.06481 178 178 178
-2.93743 49.19946 0.94751 168 168 168
-2.96915 49.20102 0.82563 171 171 171
-2.98890 49.20151 0.70116 172 172 172
-3.01942 49.19917 0.57880 170 170 170
-3.02996 49.19897 0.45320 168 168 168
-3.04698 49.19702 0.32845 167 167 167
-3.04625 49.20303 0.20244 168 168 168
-3.05475 49.19626 0.07688 168 168 168
-3.04364 49.20068 -0.04859 164 164 164
-3.04017 49.19914 -0.17417 165 165 165
-3.03138 49.20288 -0.29962 164 164 164
-3.00166 49.19987 -0.42224 163 163 163
-2.97923 49.19910 -0.54549 161 161 161
-2.96147 49.20154 -0.67003 161 161 161
-2.92826 49.19763 -0.79118 154 154 154
-2.89837 49.20152 -0.91347 165 165 165
-2.85589 49.19868 -1.03191 153 153 153
-2.80985 49.20029 -1.14898 159 159 159
-2.75796 49.19956 -1.26354 158 158 158
-2.70393 49.20082 -1.37708 150 150 150
-2.63831 49.20220 -1.48444 159 159 159
-2.57992 49.19635 -1.59579 154 154 154
-2.10967 49.19766 -2.18241 144 144 144
-2.01872 49.19582 -2.26881 147 147 147
-1.83347 49.19784 -2.43866 153 153 153
-1.30629 49.19811 -2.78051 134 134 134
-0.71865 49.20031 -3.00177 148 148 148
-0.59719 49.19688 -3.03379 138 138 138
-0.47505 49.19775 -3.06352 141 141 141
0.27516 49.20034 -3.11840 138 138 138
0.52616 49.19640 -3.10450 142 142 142
0.65103 49.19410 -3.08894 146 146 146
0.77268 49.19963 -3.05549 140 140 140
0.89854 49.20043 -3.04264 138 138 138
1.01875 49.19908 -3.00483 133 133 133
1.13761 49.20134 -2.96385 141 141 141
1.25832 49.20178 -2.92839 142 142 142
1.37644 49.20342 -2.88493 146 146 146
1.49077 49.19738 -2.83231 143 143 143
1.60596 49.20063 -2.78137 143 143 143
1.71657 49.20114 -2.72111 140 140 140
1.82840 49.19722 -2.66264 144 144 144
1.92715 49.19874 -2.58339 138 138 138
2.03165 49.20148 -2.51352 143 143 143
2.13510 49.19725 -2.44170 142 142 142
2.22806 49.20100 -2.35668 144 144 144
2.32294 49.20076 -2.27421 146 146 146
2.40936 49.19676 -2.18287 147 147 147
2.49925 49.20173 -2.09510 148 148 148
2.58117 49.20313 -1.99987 148 148 148
2.66099 49.20507 -1.90294 150 150 150
2.74326 49.20487 -1.80752 155 155 155
2.80718 49.20084 -1.69885 160 160 160
2.87685 49.20361 -1.59438 149 149 149
2.94287 49.20141 -1.48742 156 156 156
3.00364 49.19668 -1.37732 155 155 155
3.06371 49.20228 -1.26654 153 153 153
3.09886 49.20048 -1.14474 157 157 157
3.15553 49.20372 -1.03207 155 155 155
3.18982 49.19870 -0.91095 163 163 163
3.23458 49.20052 -0.79317 158 158 158
3.26151 49.20084 -0.67023 157 157 157
3.29590 49.19957 -0.54896 153 153 153
3.30947 49.19772 -0.42360 158 158 158
3.32048 49.19678 -0.29842 158 158 158
3.34897 49.20088 -0.17492 160 160 160
3.34787 49.19784 -0.04878 160 160 160
3.34833 49.60093 0.07750 173 173 173
3.34087 49.60110 0.20323 167 167 167
3.32807 49.59802 0.32835 171 171 171
3.31629 49.60151 0.45335 174 174 174
3.30713 49.60097 0.57901 168 168 168
3.28053 49.60031 0.70205 178 178 178
3.24690 49.60123 0.82323 170 170 170
3.21623 49.59681 0.94488 178 178 178
3.18945 49.59861 1.06809 171 171 171
3.14121 49.60512 1.18444 186 186 186
3.09577 49.60181 1.30152 176 176 176
3.05269 49.60300 1.41994 181 181 181
2.99190 49.60348 1.53025 185 185 185
2.93342 49.59358 1.64149 182 182 182
2.86593 49.59797 1.74751 183 183 183
2.79783 49.59788 1.85293 186 186 186
2.73335 49.59953 1.96116 186 186 186
2.65158 49.60361 2.05691 186 186 186
2.57719 49.60014 2.15844 191 191 191
2.48764 49.60124 2.24697 183 183 183
2.40402 49.60383 2.34080 188 188 188
2.31934 49.60002 2.43433 192 192 192
2.22040 49.60139 2.51249 186 186 186
2.12073 49.59632 2.58913 185 185 185
2.02335 49.60224 2.66872 193 193 193
1.91661 49.59728 2.73531 193 193 193
1.81427 49.59952 2.80848 198 198 198
1.70783 49.59536 2.87578 194 194 194
1.59538 49.60140 2.93244 189 189 189
1.48462 49.60227 2.99264 194 194 194
1.36556 49.59787 3.03452 191 191 191
1.24716 49.59858 3.07666 197 197 197
1.12809 49.59923 3.11632 193 193 193
1.01095 49.59744 3.16310 193 193 193
0.88712 49.59885 3.18650 196 196 196
0.76618 49.60162 3.22189 189 189 189
0.64102 49.60084 3.23629 189 189 189
0.51650 49.59767 3.25249 194 194 194
0.39227 49.59922 3.27376 198 198 198
0.26615 49.59882 3.26993 202 202 202
0.14072 49.60200 3.27808 191 191 191
0.01510 49.59392 3.27479 198 198 198
-0.11052 49.60105 3.26978 197 197 197
-0.23574 49.60085 3.25819 196 196 196
-0.36085 49.59840 3.24424 195 195 195
-0.48414 49.60174 3.21888 188 188 188
-0.60727 49.60185 3.19310 189 189 189
-0.72601 49.59990 3.15068 191 191 191
-0.84699 49.60016 3.11735 191 191 191
-0.96704 49.60285 3.08021 191 191 191
-1.08561 49.60291 3.03811 193 193 193
-1.20206 49.60122 2.99020 187 187 187
-1.30677 49.60038 2.91835 199 199 199
-1.42421 49.60108 2.87188 188 188 188
-1.52955 49.60219 2.80312 196 196 196
-1.63583 49.59697 2.73629 189 189 189
-1.74141 49.59653 2.66802 191 191 191
-1.84469 49.60005 2.59598 189 189 189
-1.94081 49.60133 2.51466 185 185 185
-2.03320 49.59978 2.42923 185 185 185
-2.12261 49.59913 2.34083 188 188 188
-2.21535 49.59727 2.25543 194 194 194
-2.29438 49.59710 2.15727 188 188 188
-2.37198 49.60025 2.05835 191 191 191
-2.44636 49.60056 1.95712 187 187 187
-2.51941 49.60105 1.85494 184 184 184
-2.59386 49.60220 1.75325 186 186 186
-2.65419 49.59843 1.64272 181 181 181
-2.71138 49.60026 1.53072 183 183 183
-2.76671 49.60043 1.41784 183 183 183
-2.81590 49.59714 1.30217 176 176 176
-2.86718 49.60355 1.18717 184 184 184
-2.90343 49.60285 1.06660 175 175 175
-2.94063 49.60392 0.94653 178 178 178
-2.96334 49.59813 0.82272 169 169 169
-2.99790 49.60084 0.70181 173 173 173
-3.02271 49.59530 0.57854 165 165 165
-3.04078 49.60262 0.45405 166 166 166
-3.03993 49.59845 0.32782 169 169 169
-3.05683 49.60317 0.20313 164 164 164
-3.05517 49.59869 0.07750 164 164 164
-3.05366 49.59904 -0.04801 169 169 169
-3.04672 49.59676 -0.17336 162 162 162
-3.03987 49.59891 -0.29895 168 168 168
-3.01629 49.60298 -0.42252 166 166 166
-2.99955 49.60420 -0.54714 160 160 160
-2.97110 49.59935 -0.66958 162 162 162
-2.93825 49.59621 -0.79086 153 153 153
-2.90014 49.60056 -0.91053 155 155 155
-2.86582 49.60322 -1.03167 163 163 163
-2.81208 49.59867 -1.14559 157 157 157
-2.77017 49.59826 -1.26444 164 164 164
-2.71085 49.59660 -1.37545 152 152 152
-2.64496 49.59993 -1.48255 151 151 151
-2.44972 49.59917 -1.80456 150 150 150
-2.36847 49.59976 -1.90059 154 154 154
-2.12095 49.59862 -2.18417 147 147 147
-1.83818 49.60222 -2.43272 147 147 147
-1.73850 49.60128 -2.50902 146 146 146
-0.84913 49.60113 -2.96893 137 137 137
0.01494 49.60361 -3.12371 137 137 137
0.14072 49.59823 -3.11762 134 134 134
0.51685 49.60003 -3.10047 135 135 135
0.64117 49.59991 -3.08221 136 136 136
0.76461 49.59816 -3.05902 140 140 140
0.88775 49.59775 -3.03413 145 145 145
1.00982 49.60220 -3.00412 138 138 138
1.12722 49.59604 -2.95864 145 145 145
1.24620 49.59672 -2.91903 142 142 142
1.36312 49.59866 -2.87365 146 146 146
1.48049 49.60106 -2.82869 141 141 141
1.59547 49.59719 -2.77762 137 137 137
1.70508 49.60006 -2.71588 145 145 145
1.81333 49.60044 -2.65196 145 145 145
1.91803 49.60016 -2.58244 144 144 144
2.02511 49.59758 -2.51614 144 144 144
2.11598 49.60030 -2.42811 151 151 151
2.21830 49.59563 -2.35504 156 156 156
2.31301 49.60095 -2.27247 139 139 139
2.40592 49.59974 -2.18770 146 146 146
2.48977 49.60115 -2.09395 153 153 153
2.57259 49.59930 -1.99951 147 147 147
2.65142 49.60060 -1.90178 151 151 151
2.73078 49.59867 -1.80429 147 147 147
2.79910 49.60130 -1.69878 151 151 151
2.86368 49.59824 -1.59113 153 153 153
2.93682 49.60301 -1.48840 160 160 160
2.99351 49.60113 -1.37607 158 158 158
3.04414 49.60091 -1.26099 153 153 153
3.08999 49.60550 -1.14413 161 161 161
3.14852 49.60040 -1.03214 159 159 159
3.17771 49.59951 -0.90928 163 163 163
3.22167 49.60188 -0.79142 166 166 166
3.25332 49.60099 -0.66977 155 155 155
3.27753 49.59934 -0.54645 170 170 170
3.30465 49.60925 -0.42362 162 162 162
3.31880 49.59893 -0.29865 159 159 159
3.32697 49.60257 -0.17326 169 169 169
3.33664 49.59869 -0.04807 158 158 158
3.33573 49.99817 0.07812 173 173 173
3.33052 49.99465 0.20381 169 169 169
3.31799 50.00303 0.32889 168 168 168
3.30718 50.00102 0.45396 165 165 165
3.29560 49.99603 0.57923 169 169 169
3.27412 49.99460 0.70318 175 175 175
3.24006 50.00041 0.82436 173 173 173
3.21238 49.99853 0.94695 175 175 175
3.16714 50.00118 1.06438 180 180 180
3.14190 50.00059 1.18863 178 178 178
3.09353 50.00025 1.30494 179 179 179
3.03716 49.99526 1.41754 179 179 179
2.98486 49.99960 1.53186 182 182 182
2.91731 50.00080 1.63811 178 178 178
2.86280 50.00253 1.75171 180 180 180
2.78207 50.00087 1.84902 181 181 181
2.72651 49.99765 1.96333 180 180 180
2.64152 50.00073 2.05667 193 193 193
2.56402 50.00560 2.15548 186 186 186
2.48502 49.99981 2.25347 189 189 189
2.39975 49.99746 2.34613 192 192 192
2.30180 50.00697 2.42567 187 187 187
2.21480 50.00023 2.51706 195 195 195
2.11398 49.99907 2.59257 186 186 186
2.01327 49.99951 2.66782 188 188 188
1.90344 49.99992 2.72965 193 193 193
1.80594 50.00360 2.81016 194 194 194
1.69638 50.00032 2.87199 198 198 198
1.58369 50.00054 2.92772 194 194 194
1.47215 50.00244 2.98568 198 198 198
1.35520 49.99622 3.03181 198 198 198
1.23651 50.00359 3.07272 194 194 194
1.11964 49.99954 3.11855 196 196 196
0.99889 49.99666 3.15278 187 187 187
0.87900 49.99735 3.19065 193 193 193
0.75727 50.00457 3.22283 200 200 200
0.63242 49.99702 3.23927 194 194 194
0.50781 49.99890 3.25546 191 191 191
0.38292 49.99850 3.26954 192 192 192
0.25716 49.99749 3.27023 193 193 193
0.13175 49.99964 3.28141 198 198 198
0.00612 49.99799 3.27554 193 193 193
-0.11881 49.99965 3.26170 191 191 191
-0.24380 50.00384 3.25111 195 195 195
-0.36851 49.99630 3.23661 192 192 192
-0.49264 49.99534 3.21712 199 199 199
-0.61383 49.99871 3.18367 197 197 197
-0.73685 49.99801 3.15794 199 199 199
-0.85945 50.00530 3.12871 196 196 196
-0.97532 50.00156 3.07896 198 198 198
-1.09529 49.99967 3.04045 193 193 193
-1.20850 50.00238 2.98535 192 192 192
-1.32130 50.00265 2.92988 200 200 200
-1.43530 50.00019 2.87629 189 189 189
-1.54635 50.00412 2.81654 187 187 187
-1.64651 50.00169 2.73947 186 186 186
-1.75118 49.99899 2.66975 194 194 194
-1.85102 49.99786 2.59326 192 192 192
-1.94456 50.00413 2.50916 186 186 186
-2.03932 50.00043 2.42677 185 185 185
-2.12845 49.99898 2.33832 189 189 189
-2.22426 50.00250 2.25600 183 183 183
-2.29557 50.00055 2.15125 187 187 187
-2.38619 50.00147 2.06311 184 184 184
-2.45821 50.00050 1.95984 186 186 186
-2.53529 50.00149 1.86018 177 177 177
-2.59044 49.99576 1.74628 175 175 175
-2.65327 49.99748 1.63781 184 184 184
-2.72623 50.00340 1.53434 185 185 185
-2.77842 49.99897 1.41973 178 178 178
-2.82828 50.00112 1.30421 178 178 178
-2.86938 50.00120 1.18530 177 177 177
-2.91950 49.99540 1.06953 173 173 173
-2.95453 50.00368 0.94855 172 172 172
-2.98794 50.00135 0.82710 175 175 175
-3.00691 50.00099 0.70244 175 175 175
-3.02580 50.00521 0.57823 176 176 176
-3.04838 50.00021 0.45452 170 170 170
-3.05389 49.99898 0.32884 167 167 167
-3.06150 50.00159 0.20359 171 171 171
-3.06746 49.99578 0.07813 162 162 162
-3.06851 50.00088 -0.04761 164 164 164
-3.05307 49.99910 -0.17253 164 164 164
-3.05889 49.99718 -0.29951 160 160 160
-3.03098 50.00201 -0.42280 164 164 164
-3.00736 49.99820 -0.54628 165 165 165
-2.98885 49.99999 -0.67106 170 170 170
-2.94059 50.00359 -0.78836 155 155 155
-2.91853 49.99999 -0.91297 154 154 154
-2.87353 50.00193 -1.03058 153 153 153
-2.82588 50.00161 -1.14696 161 161 161
-2.77488 49.99854 -1.26185 153 153 153
-2.72727 49.99881 -1.37861 154 154 154
-2.66388 50.00172 -1.48750 148 148 148
-2.58952 49.99929 -1.58947 154 154 154
-2.53357 49.99909 -1.70278 155 155 155
-2.45015 49.99547 -1.79773 144 144 144
-2.03711 50.00138 -2.26813 152 152 152
-1.94319 49.99495 -2.35132 143 143 143
-1.74863 49.99704 -2.50999 146 146 146
-1.54228 50.00221 -2.65363 145 145 145
-1.32201 49.99744 -2.77502 140 140 140
-1.20560 49.99851 -2.82280 139 139 139
-0.97408 50.00041 -2.91934 135 135 135
-0.24397 50.00092 -3.09627 138 138 138
0.50738 49.99882 -3.09560 139 139 139
0.63192 50.00030 -3.07987 140 140 140
0.75800 49.99337 -3.07025 142 142 142
0.87901 49.99835 -3.03446 143 143 143
0.99917 49.99992 -2.99752 144 144 144
1.12277 50.00031 -2.97194 143 143 143
1.23840 50.00396 -2.92158 140 140 140
1.35359 50.00256 -2.87166 136 136 136
1.47338 50.00026 -2.83210 141 141 141
1.58585 50.00069 -2.77571 143 143 143
1.69424 49.99979 -2.71191 149 149 149
1.80455 50.00212 -2.65164 149 149 149
1.91045 49.99916 -2.58390 151 151 151
2.00991 49.99964 -2.50695 143 143 143
2.11932 49.99652 -2.44310 153 153 153
2.21387 49.99855 -2.35973 137 137 137
2.31266 49.99955 -2.28117 147 147 147
2.39662 50.00077 -2.18674 143 143 143
2.48032 50.00211 -2.09287 150 150 150
2.56102 50.00027 -1.99667 150 150 150
2.63710 49.99744 -1.89694 156 156 156
2.71628 50.00102 -1.79965 147 147 147
2.78637 50.00348 -1.69564 154 154 154
2.86849 50.00031 -1.59895 151 151 151
2.92655 49.99545 -1.48704 160 160 160
2.97735 49.99770 -1.37178 148 148 148
3.03674 49.99767 -1.26109 157 157 157
3.08526 49.99890 -1.14526 162 162 162
3.12449 50.00105 -1.02596 153 153 153
3.16195 49.99843 -0.90645 158 158 158
3.21030 49.99817 -0.79012 157 157 157
3.24168 50.00024 -0.66850 162 162 162
3.27084 49.99910 -0.54628 166 166 166
3.29067 50.00506 -0.42220 166 166 166
3.30661 50.00130 -0.29765 159 159 159
3.31072 49.99841 -0.17207 169 169 169
3.32584 50.00181 -0.04737 162 162 162
3.31784 50.39928 0.07875 164 164 164
3.32551 50.40267 0.20459 169 169 169
3.31470 50.39894 0.32997 168 168 168
3.30440 50.40372 0.45533 177 177 177
3.28911 50.40072 0.58026 171 171 171
3.26099 50.39717 0.70299 178 178 178
3.23449 50.39906 0.82582 177 177 177
3.20895 50.40093 0.94916 180 180 180
3.16895 50.40411 1.06854 183 183 183
3.12204 50.40359 1.18526 171 171 171
3.07712 50.40305 1.30251 179 179 179
3.03130 50.40061 1.41963 176 176 176
2.97722 50.39674 1.53320 181 181 181
2.91504 50.39892 1.64253 182 182 182
2.84597 50.40617 1.74757 182 182 182
2.79029 50.40048 1.86117 179 179 179
2.71507 50.40050 1.96221 178 178 178
2.64009 50.40097 2.06330 187 187 187
2.55239 50.39935 2.15390 190 190 190
2.47691 50.40098 2.25495 190 190 190
2.38302 50.40058 2.33906 183 183 183
2.29655 50.39804 2.43040 188 188 188
2.20672 50.39643 2.51881 186 186 186
2.10587 50.39769 2.59437 191 191 191
2.00345 50.40280 2.66736 187 187 187
1.90490 50.39756 2.74598 190 190 190
1.79562 50.40440 2.80869 193 193 193
1.68731 50.39776 2.87254 202 202 202
1.57228 50.39667 2.92370 185 185 185
1.46111 50.40055 2.98197 190 190 190
1.34626 50.39850 3.03266 192 192 192
1.22961 50.40142 3.07914 200 200 200
1.11110 50.39657 3.12072 189 189 189
0.99028 50.39718 3.15493 195 195 195
0.86876 50.39571 3.18629 189 189 189
0.74637 50.39928 3.21413 195 195 195
0.62272 50.39057 3.23570 193 193 193
0.49931 50.39912 3.26066 199 199 199
0.37405 50.39762 3.27235 193 193 193
0.24813 50.40375 3.27103 199 199 199
0.12271 50.39931 3.28143 194 194 194
-0.00288 50.40130 3.27530 201 201 201
-0.12857 50.39844 3.27157 199 199 199
-0.25442 50.39874 3.26510 196 196 196
-0.37715 50.39431 3.23476 188 188 188
-0.50161 50.40077 3.21741 197 197 197
-0.62465 50.40290 3.19172 201 201 201
-0.74899 50.39926 3.16956 192 192 192
-0.86907 50.40567 3.13113 194 194 194
-0.98408 50.39924 3.07882 194 194 194
-1.10204 50.40205 3.03556 193 193 193
-1.21868 50.40144 2.98844 196 196 196
-1.32953 50.40225 2.92892 200 200 200
-1.44248 50.39900 2.87359 194 194 194
-1.55138 50.40007 2.81062 190 190 190
-1.65772 50.40103 2.74335 194 194 194
-1.76031 50.39992 2.67050 188 188 188
-1.85684 50.40176 2.58979 193 193 193
-1.95876 50.39721 2.51584 186 186 186
-2.04965 50.39948 2.42880 189 189 189
-2.14018 50.40253 2.34164 187 187 187
-2.22883 50.40183 2.25249 188 188 188
-2.31402 50.39992 2.15991 187 187 187
-2.39051 50.39843 2.06001 189 189 189
-2.47128 50.39617 1.96340 184 184 184
-2.53475 50.39719 1.85441 181 181 181
-2.60737 50.39915 1.75175 176 176 176
-2.66612 50.39829 1.64057 189 189 189
-2.73042 50.39890 1.53249 186 186 186
-2.78349 50.39954 1.41853 177 177 177
-2.83253 50.40105 1.30285 179 179 179
-2.88027 50.40465 1.18661 174 174 174
-2.91732 50.39744 1.06651 181 181 181
-2.96017 50.40362 0.94821 179 179 179
-2.98977 50.39850 0.82599 169 169 169
-3.01924 50.40271 0.70372 171 171 171
-3.02964 50.40068 0.57803 173 173 173
-3.05373 50.39731 0.45471 177 177 177
-3.06559 50.39424 0.32967 169 169 169
-3.07656 50.39722 0.20445 163 163 163
-3.07803 50.40132 0.07875 170 170 170
-3.07605 50.39878 -0.04693 168 168 168
-3.06603 50.40018 -0.17221 165 165 165
-3.06402 50.39750 -0.29842 165 165 165
-3.03290 50.40074 -0.42105 163 163 163
-3.01619 50.40092 -0.54562 162 162 162
-2.98464 50.39936 -0.66726 166 166 166
-2.96438 50.39400 -0.79190 156 156 156
-2.91950 50.40218 -0.90972 162 162 162
-2.88115 50.40041 -1.02943 155 155 155
-2.83029 50.39659 -1.14442 162 162 162
-2.77828 50.39769 -1.25862 162 162 162
-2.73246 50.40229 -1.37603 156 156 156
-2.67182 50.39821 -1.48626 152 152 152
-2.54034 50.39859 -1.70064 149 149 149
-2.22642 50.40557 -2.09276 156 156 156
-2.04940 50.40151 -2.27102 144 144 144
-1.43989 50.39767 -2.71147 140 140 140
-0.50052 50.40354 -3.05444 137 137 137
-0.25296 50.40199 -3.09522 141 141 141
0.12271 50.40030 -3.12031 135 135 135
0.24818 50.39683 -3.11462 140 140 140
0.49865 50.40201 -3.09755 138 138 138
0.62320 50.40485 -3.08125 142 142 142
0.74904 50.40022 -3.07002 137 137 137
0.87044 50.40031 -3.03579 141 141 141
0.98969 50.39752 -2.99534 144 144 144
1.11166 50.40292 -2.96493 147 147 147
1.23152 50.40181 -2.92682 138 138 138
1.34930 50.39998 -2.88251 139 139 139
1.46179 50.40339 -2.82595 135 135 135
1.57575 50.39989 -2.77300 142 142 142
1.68907 50.39592 -2.71819 148 148 148
1.79391 50.39952 -2.64840 150 150 150
1.89814 50.40231 -2.57838 141 141 141
2.00124 50.39970 -2.50682 147 147 147
2.10124 50.39944 -2.43101 143 143 143
2.20195 50.39794 -2.35572 151 151 151
2.29605 50.39966 -2.27236 142 142 142
2.38014 50.40234 -2.17868 152 152 152
2.47446 50.40108 -2.09518 147 147 147
2.56203 50.39650 -2.00463 147 147 147
2.63275 50.40630 -1.90001 146 146 146
2.71492 50.40149 -1.80460 148 148 148
2.78479 50.40173 -1.70000 157 157 157
2.84753 50.40569 -1.59102 159 159 159
2.90775 50.40255 -1.48095 153 153 153
2.97432 50.40032 -1.37422 161 161 161
3.03116 50.40274 -1.26207 149 149 149
3.08531 50.40165 -1.14840 159 159 159
3.11938 50.40615 -1.02678 152 152 152
3.16181 50.40010 -0.90871 162 162 162
3.21198 50.40028 -0.79252 157 157 157
3.23453 50.40111 -0.66833 162 162 162
3.25074 50.39288 -0.54345 154 154 154
3.28079 50.39817 -0.42144 170 170 170
3.30861 50.40279 -0.29833 158 158 158
3.30660 50.40314 -0.17183 171 171 171
3.31500 50.39733 -0.04668 167 167 167
3.30616 50.79492 0.07938 165 165 165
3.30765 50.79531 0.20487 171 171 171
3.30513 50.79620 0.33055 169 169 169
3.29893 50.80014 0.45638 170 170 170
3.27406 50.79898 0.57994 166 166 166
3.25006 50.80469 0.70325 170 170 170
3.22108 50.80176 0.82541 170 170 170
3.19272 50.80279 0.94777 171 171 171
3.14425 50.79541 1.06409 176 176 176
3.11092 50.79897 1.18514 178 178 178
3.07366 50.79809 1.30547 181 181 181
3.02065 50.80187 1.41954 174 174 174
2.96523 50.79913 1.53235 181 181 181
2.90671 50.79788 1.64359 176 176 176
2.83996 50.80273 1.75009 189 189 189
2.76588 50.80037 1.85156 180 180 180
2.70772 50.79794 1.96411 185 185 185
2.62396 50.79980 2.05838 182 182 182
2.54531 50.79885 2.15625 185 185 185
2.46408 50.80143 2.25213 184 184 184
2.37437 50.79882 2.34014 193 193 193
2.28165 50.80195 2.42475 185 185 185
2.19236 50.79839 2.51328 187 187 187
2.09248 50.79750 2.58956 195 195 195
1.98851 50.80064 2.65995 190 190 190
1.89228 50.79758 2.74134 191 191 191
1.78498 50.79983 2.80681 185 185 185
1.68047 50.80387 2.87720 185 185 185
1.56558 50.79966 2.92903 192 192 192
1.45486 50.79366 2.98878 193 193 193
1.33939 50.79716 3.03866 186 186 186
1.22179 50.80029 3.08324 188 188 188
1.09988 50.79890 3.11482 196 196 196
0.98279 50.79858 3.16124 194 194 194
0.85853 50.79707 3.18220 197 197 197
0.73796 50.79869 3.21821 192 192 192
0.61418 50.79818 3.23985 193 193 193
0.49034 50.79749 3.26235 193 193 193
0.36397 50.80229 3.26050 203 203 203
0.23894 50.79978 3.26925 189 189 189
0.11361 50.79756 3.27852 196 196 196
-0.01183 50.79841 3.27198 204 204 204
-0.13793 50.80106 3.27550 190 190 190
-0.26324 50.79688 3.26334 198 198 198
-0.38751 50.80367 3.24331 193 193 193
-0.51058 50.79750 3.21737 202 202 202
-0.63467 50.80360 3.19618 199 199 199
-0.75281 50.80242 3.15145 197 197 197
-0.87457 50.80200 3.12068 191 191 191
-0.99480 50.80265 3.08384 187 187 187
-1.10828 50.80421 3.02926 188 188 188
-1.22528 50.79999 2.98365 188 188 188
-1.33512 50.79832 2.92266 195 195 195
-1.44990 50.79549 2.87122 193 193 193
-1.56156 50.80004 2.81300 194 194 194
-1.66323 50.79935 2.73859 186 186 186
-1.77352 50.79947 2.67679 189 189 189
-1.87273 50.80237 2.59903 188 188 188
-1.96417 50.79688 2.51214 192 192 192
-2.05976 50.79847 2.43052 187 187 187
-2.14823 50.79775 2.34121 194 194 194
-2.23963 50.79907 2.25468 189 189 189
-2.31492 50.80399 2.15354 184 184 184
-2.40559 50.79710 2.06535 186 186 186
-2.47658 50.79987 1.96126 186 186 186
-2.54400 50.80238 1.85513 181 181 181
-2.62085 50.80237 1.75506 182 182 182
-2.68201 50.79981 1.64500 179 179 179
-2.74106 50.80134 1.53390 187 187 187
-2.79326 50.80048 1.41946 177 177 177
-2.84207 50.79598 1.30366 181 181 181
-2.88657 50.80304 1.18620 179 179 179
-2.92730 50.80065 1.06743 173 173 173
-2.96961 50.80004 0.94893 177 177 177
-2.99213 50.79896 0.82500 174 174 174
-3.02412 50.80101 0.70351 179 179 179
-3.04757 50.79971 0.58006 166 166 166
-3.06587 50.79866 0.45569 168 168 168
-3.07503 50.79877 0.33033 171 171 171
-3.08717 50.79879 0.20513 169 169 169
-3.08387 50.80140 0.07938 171 171 171
-3.08882 50.79948 -0.04645 169 169 169
-3.06782 50.80291 -0.17101 171 171 171
-3.06465 50.79835 -0.29680 165 165 165
-3.04280 50.80146 -0.42055 168 168 168
-3.02365 50.80014 -0.54466 154 154 154
-3.00307 50.79857 -0.66887 164 164 164
-2.95965 50.79773 -0.78737 150 150 150
-2.93263 50.80392 -0.91041 157 157 157
-2.88997 50.80435 -1.02871 157 157 157
-2.85102 50.79675 -1.14862 152 152 152
-2.80180 50.80022 -1.26464 156 156 156
-2.74279 50.79849 -1.37603 149 149 149
-2.67829 50.80021 -1.48416 154 154 154
-2.61233 50.79494 -1.59108 149 149 149
-2.15492 50.80178 -2.18915 153 153 153
-2.06328 50.80359 -2.27557 144 144 144
-1.76750 50.80425 -2.50974 147 147 147
-1.44841 50.80110 -2.70981 146 146 146
-1.33725 50.79859 -2.76809 143 143 143
-1.22619 50.80080 -2.82688 148 148 148
-1.10766 50.80222 -2.86902 143 143 143
-0.51141 50.79577 -3.06280 139 139 139
0.11361 50.79881 -3.12468 142 142 142
0.23934 50.79771 -3.12081 138 138 138
0.48904 50.80084 -3.09260 137 137 137
0.61346 50.80447 -3.07659 146 146 146
0.73788 50.80077 -3.05907 138 138 138
0.86182 50.80239 -3.03716 139 139 139
0.98086 50.79841 -2.99568 140 140 140
1.10259 50.79630 -2.96441 137 137 137
1.21772 50.79855 -2.91346 141 141 141
1.33752 50.80023 -2.87541 139 139 139
1.45155 50.80032 -2.82285 144 144 144
1.56758 50.79608 -2.77420 147 147 147
1.67876 50.79919 -2.71540 145 145 145
1.78930 50.79737 -2.65511 144 144 144
1.89008 50.79632 -2.57930 147 147 147
1.99586 50.79922 -2.51132 144 144 144
2.09336 50.80040 -2.43193 148 148 148
2.19238 50.80354 -2.35456 151 151 151
2.28806 50.80007 -2.27293 153 153 153
2.37849 50.80141 -2.18551 149 149 149
2.45830 50.80116 -2.08803 141 141 141
2.54667 50.80426 -1.99865 148 148 148
2.62400 50.80044 -1.89966 152 152 152
2.70755 50.80294 -1.80523 150 150 150
2.77256 50.79819 -1.69728 146 146 146
2.83595 50.80285 -1.58888 148 148 148
2.90362 50.80247 -1.48310 152 152 152
2.96916 50.79807 -1.37560 156 156 156
3.01827 50.80265 -1.25969 149 149 149
3.07799 50.79768 -1.14851 158 158 158
3.12096 50.79635 -1.03010 150 150 150
3.15516 50.80125 -0.90889 168 168 168
3.19558 50.79929 -0.78983 165 165 165
3.23105 50.80259 -0.66906 163 163 163
3.25218 50.80143 -0.54493 156 156 156
3.26904 50.80300 -0.42040 164 164 164
3.28380 50.80274 -0.29584 164 164 164
3.29854 50.80161 -0.17128 169 169 169
3.31230 50.80121 -0.04630 164 164 164
3.29201 51.19577 0.08000 165 165 165
3.30658 51.20062 0.20581 166 166 166
3.29355 51.20139 0.33099 171 171 171
3.27973 51.20009 0.45582 181 181 181
3.27330 51.19623 0.58190 174 174 174
3.23969 51.20237 0.70364 178 178 178
3.21555 51.20068 0.82691 172 172 172
3.18569 51.20147 0.94900 161 161 161
3.14453 51.19574 1.06778 165 165 165
3.11329 51.20392 1.19002 170 170 170
3.05206 51.19932 1.30094 185 185 185
3.00292 51.19534 1.41621 178 178 178
2.95294 51.20190 1.53138 179 179 179
2.89968 51.20002 1.64541 188 188 188
2.82866 51.19790 1.74940 181 181 181
2.75958 51.20195 1.85410 183 183 183
2.69935 51.20158 1.96530 182 182 182
2.61994 51.19954 2.06305 188 188 188
2.53772 51.19737 2.15821 187 187 187
2.45727 51.20132 2.25492 188 188 188
2.36611 51.19875 2.34166 183 183 183
2.27569 51.20616 2.42883 194 194 194
2.18224 51.20179 2.51278 187 187 187
2.08521 51.20200 2.59258 186 186 186
1.98842 51.20284 2.67306 196 196 196
1.88415 51.19918 2.74351 187 187 187
1.77897 51.20065 2.81257 190 190 190
1.66452 51.19819 2.86570 190 190 190
1.55569 51.19794 2.92822 198 198 198
1.44084 51.19813 2.97884 191 191 191
1.33094 51.19673 3.04101 193 193 193
1.21207 51.20079 3.08232 194 194 194
1.09357 51.20178 3.12419 184 184 184
0.97196 51.19747 3.15597 191 191 191
0.84963 51.19663 3.18391 198 198 198
0.72891 51.20054 3.21940 186 186 186
0.60652 51.19599 3.24994 201 201 201
0.47949 51.20266 3.24870 194 194 194
0.35471 51.20156 3.25980 197 197 197
0.23043 51.19813 3.28638 195 195 195
0.10445 51.20253 3.27818 195 195 195
-0.02130 51.20272 3.28053 201 201 201
-0.14669 51.19999 3.27104 193 193 193
-0.27180 51.19862 3.25892 198 198 198
-0.39603 51.20031 3.23993 202 202 202
-0.52195 51.19685 3.22911 194 194 194
-0.64419 51.19647 3.19829 192 192 192
-0.76288 51.20077 3.15531 193 193 193
-0.88144 51.20212 3.11426 194 194 194
-1.00259 51.19689 3.08077 194 194 194
-1.11922 51.19966 3.03419 194 194 194
-1.23481 51.19630 2.98507 193 193 193
-1.35121 51.19886 2.93690 192 192 192
-1.46003 51.20465 2.87358 188 188 188
-1.56724 51.19852 2.80796 188 188 188
-1.67085 51.20006 2.73692 188 188 188
-1.77622 51.20342 2.66852 192 192 192
-1.87604 51.20209 2.59224 196 196 196
-1.97685 51.20200 2.51688 191 191 191
-2.06557 51.20062 2.42751 189 189 189
-2.16120 51.19684 2.34565 186 186 186
-2.24429 51.20384 2.25115 192 192 192
-2.32310 51.19977 2.15332 184 184 184
-2.40901 51.19676 2.06145 188 188 188
-2.48957 51.20119 1.96466 180 180 180
-2.55832 51.19517 1.85920 184 184 184
-2.61912 51.20481 1.74901 180 180 180
-2.68052 51.20137 1.63966 175 175 175
-2.75634 51.19733 1.53765 178 178 178
-2.80248 51.20221 1.42011 180 180 180
-2.85185 51.19802 1.30454 176 176 176
-2.90419 51.19834 1.18995 176 176 176
-2.93923 51.20054 1.06895 175 175 175
-2.97467 51.19943 0.94840 172 172 172
-3.00227 51.19884 0.82586 177 177 177
-3.03509 51.20061 0.70449 173 173 173
-3.04757 51.20102 0.57923 174 174 174
-3.06726 51.19732 0.45540 170 170 170
-3.08021 51.19981 0.33064 178 178 178
-3.09070 51.19950 0.20554 172 172 172
-3.09824 51.20196 0.08000 170 170 170
-3.09204 51.19593 -0.04559 168 168 168
-3.08134 51.19865 -0.17073 167 167 167
-3.07408 51.20260 -0.29620 174 174 174
-3.06140 51.20001 -0.42142 159 159 159
-3.01922 51.20141 -0.54134 159 159 159
-3.01068 51.19698 -0.66788 152 152 152
-2.97428 51.19779 -0.78829 156 156 156
-2.93733 51.20083 -0.90833 154 154 154
-2.90276 51.20097 -1.02942 163 163 163
-2.84878 51.19863 -1.14327 146 146 146
-2.79858 51.19546 -1.25831 159 159 159
-2.75855 51.19838 -1.37877 147 147 147
-2.68536 51.19827 -1.48237 151 151 151
-2.56203 51.19837 -1.70168 146 146 146
-2.32981 51.20136 -1.99906 151 151 151
-2.24037 51.20148 -2.08752 157 157 157
-2.15586 51.19970 -2.18031 150 150 150
-2.06630 51.20268 -2.26831 145 145 145
-1.34698 51.20008 -2.76859 142 142 142
-0.52001 51.20444 -3.05939 135 135 135
-0.39652 51.19876 -3.08301 142 142 142
0.10445 51.20030 -3.12295 145 145 145
0.35536 51.20053 -3.10814 146 146 146
0.48095 51.20472 -3.10107 143 143 143
0.60480 51.20088 -3.07910 144 144 144
0.72895 51.20215 -3.05958 139 139 139
0.85066 51.19943 -3.02817 140 140 140
0.96963 51.19630 -2.98769 149 149 149
1.09600 51.20234 -2.97168 138 138 138
1.21150 51.19932 -2.92080 138 138 138
1.32821 51.20204 -2.87441 139 139 139
1.44024 51.20142 -2.81755 140 140 140
1.55644 51.20040 -2.76970 140 140 140
1.67124 51.20320 -2.71771 139 139 139
1.77565 51.20256 -2.64715 136 136 136
1.88199 51.19797 -2.58027 141 141 141
1.98460 51.20058 -2.50780 145 145 145
2.08423 51.19985 -2.43133 142 142 142
2.18343 51.20349 -2.35417 147 147 147
2.27184 51.20339 -2.26467 148 148 148
2.36516 51.19721 -2.18071 153 153 153
2.45987 51.20146 -2.09733 153 153 153
2.53555 51.20269 -1.99636 143 143 143
2.61987 51.19841 -1.90300 143 143 143
2.69447 51.20430 -1.80176 150 150 150
2.76457 51.20181 -1.69744 152 152 152
2.83568 51.19901 -1.59370 158 158 158
2.89069 51.19453 -1.48037 161 161 161
2.95230 51.20085 -1.37105 147 147 147
3.00875 51.20226 -1.25890 156 156 156
3.06418 51.20445 -1.14596 160 160 160
3.10870 51.20082 -1.02833 158 158 158
3.14552 51.19892 -0.90810 162 162 162
3.19377 51.19770 -0.79128 159 159 159
3.21500 51.20275 -0.66678 164 164 164
3.24142 51.19737 -0.54398 163 163 163
3.26284 51.19942 -0.42024 162 162 162
3.28323 51.20558 -0.29623 170 170 170
3.30204 51.19594 -0.17166 168 168 168
3.29934 51.20352 -0.04553 164 164 164
3.30705 51.60036 0.08063 168 168 168
3.29921 51.60057 0.20651 164 164 164
3.27952 51.59806 0.33123 173 173 173
3.26477 51.59758 0.45576 168 168 168
3.25831 51.60430 0.58161 174 174 174
3.23270 51.60059 0.70471 174 174 174
3.20741 51.60247 0.82779 180 180 180
3.17562 51.60167 0.94938 175 175 175
3.13809 51.59666 1.06931 176 176 176
3.09620 51.59878 1.18774 175 175 175
3.04232 51.60326 1.30135 175 175 175
2.99582 51.60212 1.41781 171 171 171
2.94623 51.59803 1.53328 184 184 184
2.88909 51.60576 1.64526 175 175 175
2.82376 51.59821 1.75267 189 189 189
2.76109 51.59797 1.86189 192 192 192
2.68571 51.60057 1.96272 186 186 186
2.60237 51.59561 2.05709 185 185 185
2.52801 51.59880 2.15841 187 187 187
2.44318 51.59819 2.25104 190 190 190
2.35559 51.59672 2.34098 189 189 189
2.26653 51.60170 2.42951 191 191 191
2.17822 51.60512 2.51948 187 187 187
2.08002 51.59850 2.59831 184 184 184
1.97607 51.60169 2.66936 196 196 196
1.87107 51.60404 2.73834 190 190 190
1.77028 51.60050 2.81405 186 186 186
1.65587 51.59882 2.86733 191 191 191
1.54661 51.60357 2.92909 193 193 193
1.43114 51.60039 2.97843 193 193 193
1.31559 51.59832 3.02681 190 190 190
1.20168 51.60286 3.07976 192 192 192
1.08672 51.60126 3.13208 195 195 195
0.96471 51.60148 3.16355 196 196 196
0.84160 51.60262 3.18946 202 202 202
0.72058 51.60020 3.22446 197 197 197
0.59661 51.60063 3.24617 191 191 191
0.47000 51.59484 3.24696 200 200 200
0.34621 51.60026 3.26952 191 191 191
0.22065 51.59976 3.27266 193 193 193
0.09524 51.60022 3.27822 196 196 196
-0.03049 51.59835 3.28073 192 192 192
-0.15625 51.59797 3.27607 192 192 192
-0.28004 51.60050 3.25138 203 203 203
-0.40586 51.59993 3.24444 194 194 194
-0.52902 51.59819 3.21897 196 196 196
-0.65209 51.60096 3.19345 193 193 193
-0.77511 51.59970 3.16664 195 195 195
-0.89607 51.60274 3.13155 195 195 195
-1.01491 51.60241 3.08983 196 196 196
-1.12670 51.59836 3.03065 193 193 193
-1.24362 51.60075 2.98484 199 199 199
-1.35979 51.60161 2.93629 197 197 197
-1.46884 51.60226 2.87349 196 196 196
-1.57261 51.60245 2.80231 190 190 190
-1.68246 51.59825 2.74114 191 191 191
-1.78576 51.59955 2.66960 189 189 189
-1.88669 51.60289 2.59469 185 185 185
-1.98287 51.60398 2.51378 186 186 186
-2.07810 51.60053 2.43173 189 189 189
-2.16905 51.59989 2.34492 188 188 188
-2.25351 51.60057 2.25179 184 184 184
-2.34150 51.60266 2.16179 186 186 186
-2.42577 51.59996 2.06803 195 195 195
-2.49658 51.60001 1.96369 182 182 182
-2.56119 51.59905 1.85559 180 180 180
-2.63389 51.60072 1.75304 189 189 189
-2.69123 51.59735 1.64112 187 187 187
-2.76421 51.60376 1.53759 176 176 176
-2.80846 51.60066 1.41925 173 173 173
-2.85030 51.60208 1.30071 182 182 182
-2.90467 51.59952 1.18735 178 178 178
-2.94933 51.59977 1.06986 179 179 179
-2.98112 51.59855 0.94825 169 169 169
-3.01919 51.60056 0.82833 173 173 173
-3.04418 51.59873 0.70509 174 174 174
-3.05910 51.59796 0.58022 174 174 174
-3.08322 51.60013 0.45682 174 174 174
-3.10188 51.59985 0.33224 170 170 170
-3.10205 51.59935 0.20625 171 171 171
-3.09999 51.60134 0.08063 168 168 168
-3.10329 51.60339 -0.04505 177 177 177
-3.10115 51.60030 -0.17094 159 159 159
-3.09076 51.60271 -0.29646 167 167 167
-3.05820 51.60399 -0.41883 161 161 161
-3.03900 51.60016 -0.54281 166 166 166
-3.00525 51.59638 -0.66374 160 160 160
-2.97486 51.60356 -0.78523 157 157 157
-2.94284 51.60026 -0.90651 165 165 165
-2.90363 51.60123 -1.02572 157 157 157
-2.86270 51.59974 -1.14459 157 157 157
-2.81745 51.60272 -1.26214 162 162 162
-2.75600 51.59969 -1.37216 162 162 162
-2.69767 51.60156 -1.48348 150 150 150
-2.63847 51.60169 -1.59459 150 150 150
-1.97861 51.60076 -2.34754 155 155 155
-1.88311 51.59973 -2.42890 147 147 147
-1.78793 51.60117 -2.51134 138 138 138
-1.36015 51.60162 -2.77574 147 147 147
-1.24378 51.60188 -2.82394 147 147 147
-1.12906 51.60090 -2.87509 139 139 139
-0.77415 51.59762 -3.00199 142 142 142
-0.52959 51.60137 -3.06062 137 137 137
-0.28065 51.60336 -3.09527 138 138 138
-0.15611 51.59864 -3.11302 143 143 143
0.22029 51.60192 -3.10226 140 140 140
0.47042 51.59835 -3.08923 142 142 142
0.59543 51.59868 -3.07745 143 143 143
0.71922 51.59880 -3.05632 138 138 138
0.84207 51.60016 -3.03013 145 145 145
0.96436 51.60092 -3.00104 140 140 140
1.08399 51.60226 -2.96243 135 135 135
1.20408 51.59781 -2.92503 136 136 136
1.31674 51.59888 -2.86834 133 133 133
1.43903 51.60023 -2.83428 141 141 141
1.54610 51.59972 -2.76686 148 148 148
1.65647 51.59773 -2.70716 139 139 139
1.76595 51.60367 -2.64572 141 141 141
1.87413 51.59874 -2.58167 147 147 147
1.97776 51.59830 -2.51044 149 149 149
2.08143 51.59970 -2.43885 143 143 143
2.17783 51.59899 -2.35778 143 143 143
2.26702 51.60105 -2.26880 142 142 142
2.35393 51.59798 -2.17806 151 151 151
2.45209 51.59788 -2.09803 151 151 151
2.53282 51.60038 -2.00127 155 155 155
2.61525 51.60157 -1.90599 158 158 158
2.68447 51.59983 -1.80056 158 158 158
2.75755 51.60188 -1.69828 149 149 149
2.82440 51.59660 -1.59181 152 152 152
2.88449 51.60241 -1.48143 156 156 156
2.94432 51.59503 -1.37105 156 156 156
2.99660 51.59875 -1.25692 152 152 152
3.04579 51.59984 -1.14153 152 152 152
3.09722 51.60113 -1.02687 156 156 156
3.13671 51.59708 -0.90761 159 159 159
3.17348 51.60015 -0.78753 165 165 165
3.20774 51.59955 -0.66662 158 158 158
3.23076 51.59909 -0.54307 158 158 158
3.26252 51.59942 -0.42102 167 167 167
3.27434 51.59782 -0.29565 155 155 155
3.27934 51.60151 -0.16997 169 169 169
3.29371 51.59973 -0.04504 164 164 164
3.28447 51.99837 0.08125 163 163 163
3.28100 51.99819 0.20678 167 167 167
3.27930 52.00356 0.33257 172 172 172
3.26237 52.00059 0.45720 171 171 171
3.24929 52.00123 0.58227 173 173 173
3.22965 51.99831 0.70657 171 171 171
3.18765 52.00141 0.82590 174 174 174
3.16530 51.99973 0.94971 174 174 174
3.12721 52.00141 1.06941 178 178 178
3.09418 51.99419 1.19103 177 177 177
3.04075 52.00049 1.30516 177 177 177
2.99434 51.99640 1.42202 182 182 182
2.93387 52.00283 1.53233 181 181 181
2.87833 51.99862 1.64504 184 184 184
2.81237 51.99915 1.75198 185 185 185
2.74742 52.00067 1.85957 175 175 175
2.66116 52.00237 1.95223 181 181 181
2.59728 51.99952 2.06100 189 189 189
2.51490 51.99909 2.15574 187 187 187
2.43680 52.00403 2.25433 183 183 183
2.35416 52.00493 2.34943 188 188 188
2.25645 52.00242 2.42926 194 194 194
2.16799 51.99731 2.51897 185 185 185
2.06740 51.99726 2.59468 187 187 187
1.96879 51.99769 2.67272 191 191 191
1.86321 52.00314 2.74107 188 188 188
1.76190 52.00086 2.81610 191 191 191
1.65305 51.99865 2.87946 190 190 190
1.53891 51.99636 2.93279 191 191 191
1.42209 51.99763 2.97951 197 197 197
1.31049 52.00095 3.03748 195 195 195
1.19262 51.99582 3.08093 197 197 197
1.07215 51.99582 3.11638 191 191 191
0.95552 52.00362 3.16442 200 200 200
0.83209 51.99970 3.18905 194 194 194
0.70774 51.99905 3.20708 197 197 197
0.58651 51.99740 3.24151 194 194 194
0.46258 51.99852 3.26312 194 194 194
0.33770 52.00302 3.27962 196 196 196
0.21150 51.99778 3.27610 195 195 195
0.08598 52.00189 3.29002 197 197 197
-0.03966 51.99612 3.27905 191 191 191
-0.16536 52.00046 3.27483 198 198 198
-0.29017 52.00040 3.25933 200 200 200
-0.41466 51.99954 3.24212 192 192 192
-0.53817 52.00163 3.21906 192 192 192
-0.66219 52.00533 3.19759 185 185 185
-0.78202 52.00209 3.15895 200 200 200
-0.90325 51.99965 3.12578 195 195 195
-1.02350 51.99745 3.08861 194 194 194
-1.13923 51.99999 3.03916 186 186 186
-1.24939 51.99448 2.97789 198 198 198
-1.36559 51.99653 2.93012 194 194 194
-1.48168 51.99753 2.88051 194 194 194
-1.58635 52.00428 2.81024 193 193 193
-1.69585 51.99922 2.74794 186 186 186
-1.79885 52.00109 2.67549 187 187 187
-1.89951 52.00005 2.59983 189 189 189
-1.99202 51.99915 2.51428 194 194 194
-2.08002 52.00107 2.42442 184 184 184
-2.18087 52.00123 2.34810 189 189 189
-2.26494 52.00091 2.25441 185 185 185
-2.35191 52.00204 2.16340 189 189 189
-2.42604 51.99970 2.06156 187 187 187
-2.50657 52.00028 1.96485 184 184 184
-2.57447 52.00136 1.85891 182 182 182
-2.64556 52.00261 1.75514 179 179 179
-2.70446 51.99746 1.64397 174 174 174
-2.77023 51.99951 1.53656 181 181 181
-2.82060 52.00076 1.42120 183 183 183
-2.87057 52.00415 1.30589 175 175 175
-2.90948 52.00004 1.18633 178 178 178
-2.95320 51.99805 1.06874 178 178 178
-2.98895 52.00084 0.94847 180 180 180
-3.03045 52.00285 0.82944 176 176 176
-3.05510 52.00020 0.70605 170 170 170
-3.07227 51.99642 0.58147 168 168 168
-3.08786 51.99977 0.45690 168 168 168
-3.10775 51.99854 0.33260 171 171 171
-3.11019 52.00013 0.20683 165 165 165
-3.11385 52.00019 0.08125 164 164 164
-3.11836 52.00202 -0.04465 176 176 176
-3.09964 51.99785 -0.16946 173 173 173
-3.09464 52.00101 -0.29520 165 165 165
-3.07548 52.00214 -0.41948 167 167 167
-3.04673 52.00444 -0.54188 163 163 163
-3.02149 52.00134 -0.66479 157 157 157
-2.98777 52.00296 -0.78564 160 160 160
-2.96674 52.00025 -0.91064 156 156 156
-2.92081 52.00101 -1.02801 158 158 158
-2.86785 52.00337 -1.14227 156 156 156
-2.82301 52.00484 -1.25981 157 157 157
-2.76193 51.99943 -1.36983 161 161 161
-2.69798 51.99797 -1.47784 148 148 148
-2.64528 52.00061 -1.59247 154 154 154
-2.34344 51.99957 -1.99367 155 155 155
-1.99747 52.00055 -2.35815 142 142 142
-1.78927 51.99834 -2.49981 149 149 149
-1.36789 52.00035 -2.77213 145 145 145
-1.25652 52.00042 -2.83084 137 137 137
-0.29092 51.99819 -3.10312 139 139 139
-0.03964 52.00296 -3.11606 146 146 146
0.21135 52.00030 -3.10972 139 139 139
0.46200 51.99639 -3.09571 144 144 144
0.58646 51.99759 -3.07867 136 136 136
0.71032 51.99748 -3.05755 141 141 141
0.83336 51.99778 -3.03183 142 142 142
0.95592 52.00316 -3.00332 145 145 145
1.07501 51.99930 -2.96267 140 140 140
1.19404 51.99677 -2.92229 145 145 145
1.31302 51.99930 -2.88109 142 142 142
1.42582 52.00585 -2.82509 147 147 147
1.53725 51.99896 -2.76704 138 138 138
1.65277 52.00290 -2.71646 140 140 140
1.76099 52.00073 -2.65212 139 139 139
1.86065 52.00144 -2.57473 145 145 145
1.96477 52.00334 -2.50468 148 148 148
2.06220 52.00544 -2.42557 145 145 145
2.15774 52.00231 -2.34447 144 144 144
2.26243 51.99761 -2.27322 147 147 147
2.34579 51.99885 -2.17857 141 141 141
2.43522 51.99913 -2.09037 152 152 152
2.51984 51.99779 -1.99747 150 150 150
2.60403 51.99889 -1.90382 152 152 152
2.67275 51.99672 -1.79815 152 152 152
2.74604 52.00288 -1.69615 155 155 155
2.81258 52.00391 -1.58961 151 151 151
2.87991 51.99984 -1.48342 152 152 152
2.93667 51.99601 -1.37125 160 160 160
2.98991 51.99611 -1.25748 152 152 152
3.04349 52.00346 -1.14379 154 154 154
3.08295 52.00205 -1.02439 156 156 156
3.13301 51.99793 -0.90879 167 167 167
3.15996 52.00061 -0.78570 163 163 163
3.20238 52.00096 -0.66693 161 161 161
3.22158 52.00516 -0.54246 164 164 164
3.24327 51.99883 -0.41882 159 159 159
3.26325 52.00292 -0.29480 159 159 159
3.27142 52.00133 -0.16945 169 169 169
3.27726 51.99747 -0.04414 168 168 168
3.27275 52.39913 0.08188 162 162 162
3.26832 52.39830 0.20727 172 172 172
3.26931 52.40433 0.33314 163 163 163
3.26696 52.39866 0.45947 171 171 171
3.23584 52.39996 0.58224 174 174 174
3.21080 52.39806 0.70529 173 173 173
3.18946 52.39838 0.82919 176 176 176
3.15895 52.40074 0.95117 183 183 183
3.12694 52.39974 1.07297 180 180 180
3.07907 52.39751 1.18952 177 177 177
3.02958 52.39875 1.30501 173 173 173
2.98106 52.39942 1.42081 179 179 179
2.92669 52.39810 1.53403 179 179 179
2.86549 52.39983 1.64368 183 183 183
2.81217 52.39851 1.75819 183 183 183
2.74189 52.39856 1.86272 175 175 175
2.66206 52.40399 1.96027 179 179 179
2.58982 52.39876 2.06308 187 187 187
2.51032 52.40404 2.16040 187 187 187
2.42985 52.39464 2.25713 193 193 193
2.33620 52.40128 2.34140 187 187 187
2.24902 52.39957 2.43191 186 186 186
2.15526 52.40429 2.51559 183 183 183
2.06034 52.39966 2.59814 182 182 182
1.95711 52.39900 2.67008 188 188 188
1.85323 52.39870 2.74068 191 191 191
1.74899 52.39509 2.81085 196 196 196
1.63764 52.40326 2.86919 187 187 187
1.52543 52.40054 2.92521 198 198 198
1.41661 52.40000 2.98841 199 199 199
1.30260 52.40046 3.04152 196 196 196
1.18504 52.39852 3.08624 194 194 194
1.06232 52.39825 3.11537 195 195 195
0.94463 52.40076 3.15943 192 192 192
0.82219 52.39708 3.18716 195 195 195
0.70237 52.40104 3.22746 190 190 190
0.57757 52.40340 3.24439 195 195 195
0.45274 52.39837 3.25927 196 196 196
0.32756 52.39554 3.26971 196 196 196
0.20244 52.40138 3.28294 194 194 194
0.07667 52.39578 3.29573 200 200 200
-0.04900 52.39875 3.28046 195 195 195
-0.17511 52.40185 3.28114 191 191 191
-0.29895 52.39714 3.25553 195 195 195
-0.42245 52.39990 3.23325 195 195 195
-0.54763 52.40368 3.22049 197 197 197
-0.66988 52.39774 3.19151 197 197 197
-0.79393 52.39770 3.16882 187 187 187
-0.91147 52.39943 3.12306 194 194 194
-1.03109 52.40461 3.08459 189 189 189
-1.14683 52.39711 3.03568 190 190 190
-1.26461 52.40563 2.99136 193 193 193
-1.37502 52.39870 2.93098 189 189 189
-1.48712 52.40076 2.87424 191 191 191
-1.59179 52.39691 2.80457 198 198 198
-1.69837 52.40062 2.73841 192 192 192
-1.80343 52.39946 2.66962 188 188 188
-1.90859 52.39999 2.60017 193 193 193
-1.99949 52.39706 2.51275 183 183 183
-2.09828 52.40128 2.43473 189 189 189
-2.18726 52.39724 2.34581 189 189 189
-2.27133 52.40125 2.25235 183 183 183
-2.35809 52.40204 2.16136 186 186 186
-2.43875 52.39995 2.06488 185 185 185
-2.51055 52.39649 1.96160 181 181 181
-2.58669 52.40174 1.86148 181 181 181
-2.65057 52.39445 1.75313 187 187 187
-2.71290 52.39906 1.64411 174 174 174
-2.76378 52.39807 1.52916 180 180 180
-2.83407 52.40166 1.42375 179 179 179
-2.87966 52.39935 1.30643 182 182 182
-2.92605 52.40162 1.18964 185 185 185
-2.97748 52.40107 1.07423 177 177 177
-3.00334 52.39950 0.95053 176 176 176
-3.03644 52.39793 0.82927 176 176 176
-3.06384 52.39741 0.70656 175 175 175
-3.08423 52.39895 0.58251 173 173 173
-3.10821 52.40304 0.45883 168 168 168
-3.10827 52.39793 0.33254 169 169 169
-3.11805 52.39927 0.20740 163 163 163
-3.12329 52.40099 0.08188 166 166 166
-3.12679 52.39894 -0.04399 163 163 163
-3.12148 52.39853 -0.16983 163 163 163
-3.09635 52.40235 -0.29368 161 161 161
-3.08075 52.39770 -0.41821 168 168 168
-3.05800 52.40191 -0.54165 160 160 160
-3.03541 52.39900 -0.66527 157 157 157
-3.00431 52.39712 -0.78705 161 161 161
-2.96383 52.40181 -0.90605 167 167 167
-2.92685 52.39788 -1.02618 155 155 155
-2.87963 52.40165 -1.14267 146 146 146
-2.83508 52.40059 -1.26046 156 156 156
-2.77225 52.39740 -1.36973 157 157 157
-2.71512 52.40376 -1.48160 147 147 147
-2.51380 52.40270 -1.80021 158 158 158
-2.18863 52.40066 -2.18343 150 150 150
-2.09557 52.40103 -2.26805 150 150 150
-2.00408 52.39897 -2.35437 148 148 148
-1.80436 52.39759 -2.50714 133 133 133
-1.59198 52.40006 -2.64112 142 142 142
-1.48735 52.39686 -2.71090 144 144 144
-1.03424 52.40314 -2.92940 137 137 137
-0.91105 52.40019 -2.95802 140 140 140
0.45308 52.40065 -3.09835 135 135 135
0.57769 52.39870 -3.08142 141 141 141
0.70208 52.40298 -3.06228 138 138 138
0.82166 52.40208 -3.02122 146 146 146
0.94460 52.40022 -2.99555 142 142 142
1.06707 52.39888 -2.96625 141 141 141
1.18411 52.39614 -2.91997 138 138 138
1.30132 52.39579 -2.87469 139 139 139
1.41655 52.39744 -2.82454 141 141 141
1.52800 52.39958 -2.76651 146 146 146
1.63791 52.39503 -2.70591 138 138 138
1.75081 52.40002 -2.65006 144 144 144
1.84956 52.39891 -2.57143 141 141 141
1.95449 52.40005 -2.50271 144 144 144
2.05736 52.39483 -2.43061 144 144 144
2.14832 52.39934 -2.34371 145 145 145
2.25138 52.40095 -2.27071 144 144 144
2.33589 52.40410 -2.17735 147 147 147
2.42821 52.39922 -2.09186 139 139 139
2.51219 52.40028 -1.99825 148 148 148
2.59420 52.39917 -1.90278 154 154 154
2.66294 52.40351 -1.79716 155 155 155
2.73794 52.40110 -1.69632 157 157 157
2.80683 52.39663 -1.59117 146 146 146
2.86681 52.40068 -1.48068 151 151 151
2.93221 52.40158 -1.37309 148 148 148
2.98352 52.40070 -1.25820 153 153 153
3.03843 52.39783 -1.14492 157 157 157
3.08728 52.40266 -1.02880 160 160 160
3.11491 52.40435 -0.90531 155 155 155
3.16026 52.40522 -0.78779 164 164 164
3.19216 52.39897 -0.66609 164 164 164
3.21538 52.40191 -0.54245 162 162 162
3.24426 52.40558 -0.41982 162 162 162
3.25052 52.39899 -0.29377 162 162 162
3.26992 52.39919 -0.16944 165 165 165
3.27887 52.40396 -0.04394 160 160 160
3.25695 52.79925 0.08250 163 163 163
3.26662 52.80186 0.20820 171 171 171
3.26240 52.80158 0.33396 166 166 166
3.24034 52.79714 0.45805 166 166 166
3.22507 52.79791 0.58264 173 173 173
3.20321 52.80000 0.70627 173 173 173
3.18733 52.79946 0.83155 168 168 168
3.13669 52.79913 0.94815 180 180 180
3.10882 52.79939 1.07074 177 177 177
3.06318 52.79901 1.18773 173 173 173
3.01662 52.79749 1.30413 175 175 175
2.97912 52.80134 1.42485 175 175 175
2.92572 52.80152 1.53892 178 178 178
2.86171 52.79773 1.64743 189 189 189
2.79888 52.79823 1.75639 185 185 185
2.73315 52.80028 1.86374 182 182 182
2.65347 52.80190 1.96144 184 184 184
2.57594 52.80180 2.06013 184 184 184
2.49697 52.79460 2.15761 180 180 180
2.41234 52.79827 2.25020 182 182 182
2.32537 52.79766 2.34054 192 192 192
2.23954 52.79947 2.43239 187 187 187
2.14265 52.80146 2.51239 186 186 186
2.04667 52.79892 2.59328 188 188 188
1.94888 52.79764 2.67224 194 194 194
1.84548 52.79859 2.74369 191 191 191
1.74048 52.80128 2.81284 192 192 192
1.62688 52.80270 2.86727 196 196 196
1.52029 52.80154 2.93410 192 192 192
1.40792 52.80010 2.99046 191 191 191
1.29125 52.80031 3.03729 195 195 195
1.17592 52.79738 3.08747 192 192 192
1.05585 52.80357 3.12483 197 197 197
0.93736 52.80009 3.16738 192 192 192
0.81428 52.80100 3.19378 196 196 196
0.69263 52.79967 3.22609 194 194 194
0.56883 52.79678 3.24886 190 190 190
0.44336 52.80114 3.25957 190 190 190
0.31878 52.80024 3.27751 194 194 194
0.19332 52.80061 3.28914 194 194 194
0.06733 52.80327 3.27655 199 199 199
-0.05834 52.80152 3.28115 197 197 197
-0.18351 52.79821 3.26973 195 195 195
-0.30779 52.79883 3.25187 196 196 196
-0.43266 52.80263 3.23931 197 197 197
-0.55660 52.80087 3.21921 196 196 196
-0.67905 52.79519 3.19141 190 190 190
-0.80093 52.79922 3.16113 200 200 200
-0.92143 52.79677 3.12559 202 202 202
-1.03726 52.79996 3.07663 194 194 194
-1.15531 52.79936 3.03422 190 190 190
-1.27167 52.80191 2.98701 197 197 197
-1.38567 52.80097 2.93417 194 194 194
-1.49468 52.80464 2.87168 196 196 196
-1.60761 52.79848 2.81576 194 194 194
-1.70988 52.80136 2.74228 196 196 196
-1.81297 52.79530 2.67052 192 192 192
-1.91624 52.79879 2.59865 195 195 195
-2.00978 52.79856 2.51449 193 193 193
-2.10577 52.79883 2.43335 193 193 193
-2.20074 52.80332 2.35057 184 184 184
-2.28230 52.80231 2.25448 190 190 190
-2.36502 52.80126 2.15993 181 181 181
-2.44867 52.79965 2.06596 178 178 178
-2.52547 52.79452 1.96628 185 185 185
-2.59930 52.80016 1.86429 176 176 176
-2.66469 52.79571 1.75669 182 182 182
-2.73071 52.80078 1.64948 172 172 172
-2.78034 52.80206 1.53346 177 177 177
-2.83341 52.79765 1.41976 177 177 177
-2.88170 52.80059 1.30403 175 175 175
-2.94477 52.79733 1.19372 172 172 172
-2.97394 52.80394 1.07067 179 179 179
-3.00283 52.80501 0.94838 171 171 171
-3.04799 52.80041 0.83042 174 174 174
-3.07341 52.79902 0.70723 173 173 173
-3.08635 52.80451 0.58199 168 168 168
-3.11270 52.79503 0.45888 179 179 179
-3.12317 52.80046 0.33360 170 170 170
-3.13285 52.80264 0.20824 169 169 169
-3.13808 52.79859 0.08250 160 160 160
-3.13982 52.80148 -0.04351 169 169 169
-3.11629 52.80004 -0.16806 164 164 164
-3.11141 52.80289 -0.29373 159 159 159
-3.09281 52.80241 -0.41802 168 168 168
-3.06718 52.80253 -0.54099 162 162 162
-3.04704 52.80279 -0.66519 159 159 159
-3.01707 52.80373 -0.78739 167 167 167
-2.96887 52.79789 -0.90402 155 155 155
-2.93765 52.79686 -1.02610 153 153 153
-2.88673 52.80105 -1.14111 162 162 162
-2.83854 52.80373 -1.25712 153 153 153
-2.78683 52.79960 -1.37177 156 156 156
-2.72643 52.79773 -1.48208 154 154 154
-2.52151 52.79763 -1.79840 145 145 145
-2.36666 52.80211 -1.99632 149 149 149
-2.28258 52.80064 -2.08973 153 153 153
-2.19851 52.80055 -2.18334 156 156 156
-2.10429 52.79983 -2.26675 146 146 146
-1.81167 52.80197 -2.50372 141 141 141
-1.49777 52.79897 -2.71219 137 137 137
-1.27304 52.79957 -2.82499 145 145 145
-0.80099 52.79901 -2.99632 142 142 142
0.06733 52.79660 -3.12070 147 147 147
0.44390 52.80080 -3.09916 135 135 135
0.56854 52.79867 -3.08201 145 145 145
0.69122 52.80032 -3.05400 143 143 143
0.81369 52.80273 -3.02631 141 141 141
0.93345 52.80205 -2.98853 139 139 139
1.05753 52.80088 -2.96502 138 138 138
1.17220 52.79937 -2.91237 148 148 148
1.29207 52.79817 -2.87429 143 143 143
1.40429 52.80045 -2.81758 149 149 149
1.52036 52.79810 -2.76923 145 145 145
1.62989 52.79934 -2.70765 142 142 142
1.73906 52.80153 -2.64551 140 140 140
1.84417 52.79783 -2.57673 148 148 148
1.94597 52.79629 -2.50322 140 140 140
2.04964 52.80070 -2.43205 154 154 154
2.14299 52.80411 -2.34778 143 143 143
2.24306 52.79901 -2.27119 150 150 150
2.32595 52.80072 -2.17612 150 150 150
2.41557 52.79917 -2.08819 154 154 154
2.49422 52.79945 -1.99026 148 148 148
2.57661 52.80409 -1.89566 151 151 151
2.66119 52.79618 -1.80205 153 153 153
2.73120 52.80111 -1.69744 156 156 156
2.78795 52.79762 -1.58470 155 155 155
2.86243 52.79706 -1.48283 149 149 149
2.91782 52.80009 -1.36990 158 158 158
2.96782 52.79769 -1.25465 156 156 156
3.02314 52.79546 -1.14184 160 160 160
3.06494 52.80303 -1.02338 159 159 159
3.11194 52.80327 -0.90675 165 165 165
3.15025 52.80436 -0.78697 165 165 165
3.17686 52.79918 -0.66403 156 156 156
3.20871 52.79978 -0.54236 155 155 155
3.23195 52.80603 -0.41873 170 170 170
3.23580 52.80428 -0.29251 162 162 162
3.25895 52.79896 -0.16869 165 165 165
3.25691 52.79818 -0.04282 161 161 161
3.26533 53.19699 0.08313 169 169 169
3.25547 53.19815 0.20876 165 165 165
3.24675 53.20122 0.33409 163 163 163
3.22790 53.19989 0.45831 167 167 167
3.22110 53.19764 0.58412 175 175 175
3.20784 53.20196 0.70968 177 177 177
3.16973 53.20344 0.83020 169 169 169
3.14311 53.19884 0.95323 182 182 182
3.10657 53.19880 1.07368 177 177 177
3.05876 53.20278 1.19018 178 178 178
3.01103 53.20200 1.30633 175 175 175
2.96607 53.20373 1.42378 182 182 182
2.91357 53.19879 1.53813 181 181 181
2.84949 53.20381 1.64646 180 180 180
2.78589 53.20061 1.75481 178 178 178
2.71420 53.20391 1.85797 186 186 186
2.64531 53.20237 1.96295 183 183 183
2.57876 53.19999 2.07037 184 184 184
2.49299 53.19994 2.16284 179 179 179
2.40496 53.19960 2.25268 191 191 191
2.31996 53.19929 2.34513 187 187 187
2.23411 53.20252 2.43728 194 194 194
2.13378 53.19614 2.51361 191 191 191
2.03492 53.19719 2.59089 187 187 187
1.93875 53.20393 2.67182 197 197 197
1.83710 53.20025 2.74581 190 190 190
1.72783 53.20953 2.80812 191 191 191
1.61674 53.20042 2.86654 188 188 188
1.50873 53.19668 2.93043 194 194 194
1.39889 53.19883 2.99184 190 190 190
1.28117 53.20310 3.03623 205 205 205
1.16444 53.19766 3.08238 195 195 195
1.05042 53.19955 3.13761 190 190 190
0.92601 53.20091 3.16101 198 198 198
0.80332 53.19797 3.18780 200 200 200
0.68319 53.20356 3.22638 197 197 197
0.55957 53.19754 3.25019 200 200 200
0.43448 53.20067 3.26434 198 198 198
0.30950 53.19961 3.27933 202 202 202
0.18374 53.20260 3.28455 196 196 196
0.05795 53.19918 3.27990 198 198 198
-0.06748 53.19806 3.27572 190 190 190
-0.19327 53.20326 3.27525 190 190 190
-0.31813 53.20040 3.26067 194 194 194
-0.44254 53.20267 3.24313 193 193 193
-0.56681 53.20038 3.22403 193 193 193
-0.68869 53.19899 3.19313 188 188 188
-0.80993 53.19870 3.16041 194 194 194
-0.93205 53.19957 3.13005 191 191 191
-1.04903 53.19640 3.08374 189 189 189
-1.16595 53.20212 3.03789 193 193 193
-1.28025 53.20016 2.98591 193 193 193
-1.39679 53.19950 2.93822 190 190 190
-1.50676 53.20023 2.87712 192 192 192
-1.61602 53.19979 2.81480 189 189 189
-1.71828 53.20417 2.74144 189 189 189
-1.81982 53.19573 2.66766 198 198 198
-1.92084 53.20158 2.59321 188 188 188
-2.02792 53.19824 2.52537 184 184 184
-2.11846 53.19734 2.43756 191 191 191
-2.20366 53.19740 2.34474 189 189 189
-2.28628 53.20010 2.25011 182 182 182
-2.38043 53.19956 2.16570 184 184 184
-2.45632 53.19912 2.06522 182 182 182
-2.52760 53.19956 1.96164 182 182 182
-2.60847 53.20341 1.86477 180 180 180
-2.67152 53.20078 1.75575 181 181 181
-2.73064 53.20175 1.64481 184 184 184
-2.79227 53.20358 1.53539 181 181 181
-2.85061 53.20143 1.42399 189 189 189
-2.90527 53.19962 1.31053 181 181 181
-2.94437 53.19900 1.19074 169 169 169
-2.98853 53.19969 1.07299 178 178 178
-3.02122 53.20162 0.95154 170 170 170
-3.05199 53.19973 0.82976 178 178 178
-3.07540 53.20249 0.70639 173 173 173
-3.10751 53.19817 0.58449 172 172 172
-3.12054 53.19611 0.45932 163 163 163
-3.13622 53.20509 0.33451 167 167 167
-3.13892 53.20061 0.20873 164 164 164
-3.14064 53.20036 0.08313 164 164 164
-3.13855 53.19989 -0.04247 165 165 165
-3.13246 53.19806 -0.16797 164 164 164
-3.11559 53.19802 -0.29249 166 166 166
-3.10114 53.20009 -0.41723 159 159 159
-3.07708 53.19684 -0.54047 160 160 160
-3.05603 53.20206 -0.66448 160 160 160
-3.03293 53.19768 -0.78859 160 160 160
-2.98108 53.20470 -0.90432 161 161 161
-2.94314 53.19780 -1.02404 162 162 162
-2.90673 53.20067 -1.14489 155 155 155
-2.86058 53.19700 -1.26234 158 158 158
-2.79046 53.20298 -1.36822 161 161 161
-2.73261 53.20134 -1.47967 152 152 152
-2.53280 53.20218 -1.79916 146 146 146
-2.45230 53.19867 -1.89580 156 156 156
-2.29725 53.20151 -2.09400 146 146 146
-2.20661 53.20015 -2.18144 145 145 145
-1.82551 53.20323 -2.50924 146 146 146
-1.72388 53.20181 -2.58358 148 148 148
-1.61371 53.20040 -2.64478 138 138 138
-1.16562 53.20164 -2.87085 139 139 139
-0.81228 53.20053 -3.00248 144 144 144
-0.56610 53.19730 -3.05420 144 144 144
-0.31739 53.20172 -3.08815 134 134 134
0.43405 53.19956 -3.09446 136 136 136
0.55817 53.19719 -3.07513 142 142 142
0.68172 53.19634 -3.05278 146 146 146
0.80592 53.20215 -3.03236 140 140 140
0.92608 53.19854 -2.99502 137 137 137
1.04540 53.19851 -2.95591 142 142 142
1.16609 53.19421 -2.92061 143 143 143
1.28041 53.19964 -2.86814 147 147 147
1.39499 53.20265 -2.81714 144 144 144
1.50948 53.20723 -2.76565 150 150 150
1.62316 53.20285 -2.71175 148 148 148
1.72963 53.20016 -2.64480 144 144 144
1.84142 53.19821 -2.58602 141 141 141
1.93817 53.19959 -2.50477 146 146 146
2.03516 53.19832 -2.42494 143 143 143
2.13064 53.20179 -2.34368 150 150 150
2.23862 53.19531 -2.27591 140 140 140
2.32057 53.20058 -2.17949 146 146 146
2.41130 53.19899 -2.09228 147 147 147
2.48803 53.20249 -1.99235 147 147 147
2.57408 53.20290 -1.90043 150 150 150
2.65084 53.20386 -1.80072 150 150 150
2.72407 53.19598 -1.69832 152 152 152
2.77889 53.20043 -1.58427 147 147 147
2.84915 53.19910 -1.48002 152 152 152
2.90308 53.19987 -1.36654 150 150 150
2.96459 53.19975 -1.25685 163 163 163
3.00601 53.20084 -1.13800 157 157 157
3.06482 53.20171 -1.02617 157 157 157
3.10830 53.20430 -0.90799 153 153 153
3.13568 53.19728 -0.78488 161 161 161
3.17175 53.19664 -0.66443 163 163 163
3.19711 53.20174 -0.54129 164 164 164
3.21704 53.19968 -0.41722 157 157 157
3.23275 53.19875 -0.29264 163 163 163
3.24761 53.20445 -0.16791 166 166 166
3.25591 53.20205 -0.04252 168 168 168
3.24138 53.60292 0.08375 163 163 163
3.24783 53.60177 0.20945 169 169 169
3.24370 53.59842 0.33521 168 168 168
3.23439 53.60085 0.46082 177 177 177
3.20664 53.60068 0.58394 173 173 173
3.19080 53.59862 0.70878 175 175 175
3.16089 53.59859 0.83096 171 171 171
3.11827 53.59957 0.94950 178 178 178
3.09423 53.59927 1.07335 176 176 176
3.05222 53.59817 1.19187 169 169 169
2.99968 53.59990 1.30615 173 173 173
2.95191 53.59982 1.42222 178 178 178
2.89668 53.60317 1.53494 189 189 189
2.84288 53.60099 1.64865 184 184 184
2.77922 53.59926 1.75711 183 183 183
2.70951 53.59997 1.86175 181 181 181
2.63836 53.59819 1.96536 186 186 186
2.55928 53.59729 2.06305 189 189 189
2.48289 53.60223 2.16288 187 187 187
2.39906 53.59739 2.25654 185 185 185
2.31729 53.60426 2.35250 192 192 192
2.22462 53.59849 2.43781 187 187 187
2.12900 53.59799 2.51965 197 197 197
2.02880 53.60239 2.59569 195 195 195
1.93110 53.59953 2.67486 188 188 188
1.82732 53.60169 2.74588 189 189 189
1.72678 53.59825 2.82237 192 192 192
1.61342 53.59555 2.87804 189 189 189
1.49848 53.60050 2.92941 192 192 192
1.38969 53.59709 2.99291 202 202 202
1.27298 53.60193 3.03980 190 190 190
1.15644 53.60222 3.08682 192 192 192
1.03714 53.60113 3.12633 196 196 196
0.91684 53.59849 3.16249 198 198 198
0.79630 53.60009 3.19839 193 193 193
0.67330 53.59947 3.22460 201 201 201
0.54938 53.60382 3.24589 192 192 192
0.42519 53.59760 3.26603 202 202 202
0.29947 53.60334 3.27207 193 193 193
0.17402 53.59993 3.27733 190 190 190
0.04855 53.60091 3.27618 193 193 193
-0.07710 53.59746 3.28177 196 196 196
-0.20321 53.59809 3.28266 194 194 194
-0.32816 53.59926 3.26657 195 195 195
-0.45235 53.59578 3.24627 194 194 194
-0.57726 53.60208 3.22988 198 198 198
-0.69887 53.60146 3.19697 194 194 194
-0.81941 53.60349 3.16128 199 199 199
-0.94247 53.60172 3.13378 195 195 195
-1.06096 53.60099 3.09121 189 189 189
-1.17708 53.60287 3.04267 186 186 186
-1.29230 53.60129 2.99228 192 192 192
-1.40608 53.60094 2.93861 199 199 199
-1.51568 53.59869 2.87688 194 194 194
-1.62329 53.60028 2.81193 189 189 189
-1.73554 53.59918 2.75383 190 190 190
-1.83175 53.60325 2.67175 190 190 190
-1.93728 53.59986 2.60276 194 194 194
-2.03005 53.60129 2.51748 190 190 190
-2.12577 53.60169 2.43591 193 193 193
-2.21494 53.59922 2.34723 186 186 186
-2.29424 53.60379 2.24940 183 183 183
-2.38421 53.59647 2.16152 181 181 181
-2.46827 53.59963 2.06785 177 177 177
-2.54045 53.59812 1.96476 187 187 187
-2.60874 53.59634 1.85929 174 174 174
-2.67978 53.59878 1.75567 188 188 188
-2.74662 53.60313 1.64912 181 181 181
-2.80058 53.60193 1.53545 183 183 183
-2.86601 53.59927 1.42738 179 179 179
-2.90512 53.60060 1.30720 176 176 176
-2.95755 53.59880 1.19276 181 181 181
-2.99691 53.60302 1.07328 175 175 175
-3.02695 53.59461 0.95113 177 177 177
-3.05667 53.60106 0.82925 166 166 166
-3.08074 53.60042 0.70620 169 169 169
-3.11105 53.59640 0.58418 172 172 172
-3.13490 53.59956 0.46054 167 167 167
-3.13998 53.59800 0.33469 169 169 169
-3.14301 53.59839 0.20915 165 165 165
-3.15833 53.60208 0.08375 167 167 167
-3.14588 53.60011 -0.04176 165 165 165
-3.13872 53.60050 -0.16709 165 165 165
-3.12953 53.60053 -0.29240 171 171 171
-3.11820 53.60164 -0.41781 163 163 163
-3.08722 53.59519 -0.53999 158 158 158
-3.05409 53.59886 -0.66113 163 163 163
-3.03663 53.60156 -0.78636 153 153 153
-2.99355 53.60331 -0.90469 152 152 152
-2.95784 53.59763 -1.02537 163 163 163
-2.91769 53.59941 -1.14490 156 156 156
-2.85906 53.59865 -1.25668 158 158 158
-2.80481 53.60194 -1.37011 150 150 150
-2.74723 53.59605 -1.48196 150 150 150
-2.67462 53.60071 -1.58501 155 155 155
-2.53370 53.60019 -1.79236 151 151 151
-2.46614 53.60411 -1.89867 154 154 154
-1.83350 53.59944 -2.50666 146 146 146
-1.62340 53.59817 -2.64461 143 143 143
-1.51285 53.60161 -2.70432 144 144 144
-1.40742 53.60207 -2.77374 137 137 137
-0.93908 53.60205 -2.95587 138 138 138
-0.32713 53.59747 -3.09035 142 142 142
0.04855 53.59959 -3.11116 132 132 132
0.29962 53.59813 -3.10639 142 142 142
0.42385 53.60151 -3.08715 145 145 145
0.54866 53.60345 -3.07386 144 144 144
0.67334 53.59781 -3.05731 143 143 143
0.79513 53.59951 -3.02599 145 145 145
0.91660 53.60255 -2.99413 140 140 140
1.03919 53.59599 -2.96513 144 144 144
1.15640 53.60203 -2.91922 144 144 144
1.27208 53.60247 -2.87013 137 137 137
1.38662 53.60159 -2.81875 147 147 147
1.50410 53.60098 -2.77294 146 146 146
1.61275 53.59666 -2.70934 142 142 142
1.72069 53.60132 -2.64494 142 142 142
1.82209 53.60141 -2.57055 144 144 144
1.92675 53.59744 -2.50137 143 143 143
2.03238 53.59541 -2.43273 150 150 150
2.13105 53.59845 -2.35455 141 141 141
2.22430 53.60239 -2.26997 141 141 141
2.30792 53.59956 -2.17562 141 141 141
2.40809 53.60058 -2.09739 149 149 149
2.48804 53.59786 -1.99978 145 145 145
2.55617 53.60107 -1.89310 148 148 148
2.63250 53.60138 -1.79360 151 151 151
2.70969 53.59673 -1.69437 149 149 149
2.77770 53.59825 -1.58868 160 160 160
2.83753 53.59863 -1.47816 144 144 144
2.89585 53.59721 -1.36702 156 156 156
2.95938 53.60265 -1.25816 147 147 147
3.00749 53.60124 -1.14188 156 156 156
3.04938 53.60135 -1.02332 165 165 165
3.09651 53.59457 -0.90659 155 155 155
3.12331 53.59775 -0.78342 159 159 159
3.16751 53.59896 -0.66505 153 153 153
3.18475 53.59962 -0.54008 157 157 157
3.20929 53.59842 -0.41686 158 158 158
3.22779 53.60153 -0.29254 161 161 161
3.23871 53.59206 -0.16732 164 164 164
3.24223 53.59896 -0.04173 166 166 166
3.23796 54.00097 0.08438 170 170 170
3.23009 53.99439 0.20975 172 172 172
3.22495 53.99964 0.33511 167 167 167
3.21537 53.99781 0.46031 166 166 166
3.20634 53.99990 0.58601 175 175 175
3.17583 53.99912 0.70831 177 177 177
3.15022 53.99341 0.83128 174 174 174
3.11610 54.00481 0.95217 174 174 174
3.08890 53.99939 1.07531 170 170 170
3.04334 54.00168 1.19269 179 179 179
2.98802 53.99993 1.30585 178 178 178
2.94508 54.00185 1.42404 187 187 187
2.89422 54.00156 1.53912 176 176 176
2.83115 53.99939 1.64799 184 184 184
2.77916 53.99896 1.76348 179 179 179
2.70216 53.99908 1.86376 186 186 186
2.62881 53.99769 1.96590 193 193 193
2.55674 53.99825 2.06911 183 183 183
2.47408 54.00153 2.16403 191 191 191
2.38854 54.00146 2.25616 183 183 183
2.30378 53.99844 2.34904 194 194 194
2.20674 54.00182 2.42930 193 193 193
2.12380 53.99717 2.52523 189 189 189
2.02052 53.99745 2.59778 189 189 189
1.91917 54.00409 2.67204 195 195 195
1.81590 54.00140 2.74352 188 188 188
1.71514 53.99943 2.81940 193 193 193
1.60180 53.99673 2.87474 193 193 193
1.48870 54.00174 2.92934 190 190 190
1.38086 53.99953 2.99485 194 194 194
1.26604 53.99711 3.04644 193 193 193
1.14638 53.99949 3.08575 200 200 200
1.02678 53.99914 3.12409 194 194 194
0.90667 54.00355 3.16049 190 190 190
0.78665 53.99850 3.19810 183 183 183
0.66224 54.00553 3.21703 188 188 188
0.53877 53.99608 3.23910 199 199 199
0.41550 54.00038 3.26447 198 198 198
0.29029 54.00115 3.27583 192 192 192
0.16473 53.99843 3.28148 193 193 193
0.03911 54.00027 3.28636 186 186 186
-0.08664 53.99875 3.28494 191 191 191
-0.21198 54.00027 3.27483 193 193 193
-0.33672 53.99706 3.25977 204 204 204
-0.46135 53.99745 3.24419 190 190 190
-0.58560 54.00677 3.22501 192 192 192
-0.70751 54.00048 3.19427 198 198 198
-0.83104 53.99797 3.16972 198 198 198
-0.95150 54.00183 3.13317 185 185 185
-1.06786 53.99467 3.08497 200 200 200
-1.18765 54.00376 3.04606 198 198 198
-1.29787 54.00494 2.98453 192 192 192
-1.41020 53.99713 2.92882 186 186 186
-1.52447 53.99755 2.87636 202 202 202
-1.63102 54.00100 2.80980 187 187 187
-1.73912 53.99862 2.74569 189 189 189
-1.84035 54.00344 2.67124 192 192 192
-1.94506 53.99463 2.60129 192 192 192
-2.03151 54.00039 2.50877 192 192 192
-2.13210 53.99931 2.43318 191 191 191
-2.22802 53.99997 2.35151 178 178 178
-2.31019 54.00280 2.25605 188 188 188
-2.39286 53.99771 2.16147 185 185 185
-2.48339 54.00109 2.07296 182 182 182
-2.55109 54.00129 1.96627 184 184 184
-2.62485 54.00171 1.86438 184 184 184
-2.69407 53.99885 1.75927 184 184 184
-2.75484 53.99863 1.64907 185 185 185
-2.80649 54.00198 1.53428 184 184 184
-2.86604 53.99948 1.42367 175 175 175
-2.90736 53.99771 1.30484 180 180 180
-2.96463 54.00106 1.19251 177 177 177
-2.99407 54.00019 1.06992 171 171 171
-3.03433 53.99424 0.95118 174 174 174
-3.06649 54.00053 0.82996 170 170 170
-3.10333 54.00037 0.70945 174 174 174
-3.13402 53.99745 0.58695 176 176 176
-3.13434 54.00188 0.45998 173 173 173
-3.14444 54.00166 0.33493 171 171 171
-3.15265 54.00111 0.20978 169 169 169
-3.15731 53.99822 0.08438 172 172 172
-3.16003 54.00162 -0.04132 176 176 176
-3.14757 54.00106 -0.16642 166 166 166
-3.14836 54.00147 -0.29289 169 169 169
-3.11932 53.99938 -0.41587 159 159 159
-3.09510 54.00105 -0.53906 162 162 162
-3.07596 54.00318 -0.66349 168 168 168
-3.03427 54.00097 -0.78241 158 158 158
-2.99940 54.00288 -0.90290 160 160 160
-2.96711 54.00347 -1.02468 160 160 160
-2.91724 54.00061 -1.14019 156 156 156
-2.85693 54.00067 -1.25072 157 157 157
-2.80819 53.99969 -1.36640 154 154 154
-2.75801 54.00215 -1.48209 152 152 152
-2.69064 53.99868 -1.58842 151 151 151
-2.61786 53.99389 -1.69096 152 152 152
-2.54613 54.00264 -1.79391 148 148 148
-2.47573 54.00159 -1.89817 142 142 142
-2.39809 54.00356 -1.99720 154 154 154
-2.31141 53.99729 -2.08843 149 149 149
-2.22440 54.00120 -2.17914 149 149 149
-2.13133 53.99947 -2.26360 139 139 139
-2.03635 54.00277 -2.34568 152 152 152
-1.94474 54.00759 -2.43213 145 145 145
-1.84035 53.99746 -2.50249 149 149 149
-1.73658 53.99952 -2.57314 147 147 147
-1.62766 53.99995 -2.63556 144 144 144
-1.52161 54.00213 -2.70250 144 144 144
-1.41201 54.00324 -2.76361 144 144 144
-1.29786 53.99987 -2.81574 143 143 143
-1.18418 53.99951 -2.86893 146 146 146
-1.07051 53.99714 -2.92339 137 137 137
-0.95056 54.00216 -2.96152 143 143 143
-0.82905 54.00088 -2.99390 135 135 135
-0.70977 53.99706 -3.03497 139 139 139
-0.58511 54.00091 -3.05383 141 141 141
-0.46228 53.99733 -3.08134 139 139 139
-0.33737 53.99835 -3.09655 146 146 146
-0.21211 54.00048 -3.10769 137 137 137
-0.08678 53.99885 -3.11978 146 146 146
0.03911 54.00258 -3.12139 142 142 142
0.16475 54.00040 -3.11331 141 141 141
0.28954 54.00172 -3.09761 144 144 144
0.41534 53.99808 -3.09432 135 135 135
0.53949 53.99911 -3.07489 136 136 136
0.66326 54.00388 -3.05341 143 143 143
0.78667 53.99943 -3.02940 130 130 130
0.90543 53.99361 -2.98735 143 143 143
1.02653 53.99589 -2.95458 140 140 140
1.14918 54.00039 -2.92458 138 138 138
1.26046 53.99892 -2.86420 142 142 142
1.37716 53.99673 -2.81808 150 150 150
1.48817 53.99883 -2.75955 147 147 147
1.60478 53.99724 -2.71131 144 144 144
1.70890 53.99878 -2.64047 148 148 148
1.81617 54.00428 -2.57518 149 149 149
1.92046 53.99666 -2.50508 150 150 150
2.01975 53.99759 -2.42805 138 138 138
2.11360 54.00182 -2.34453 148 148 148
2.20821 54.00125 -2.26214 142 142 142
2.30460 53.99668 -2.18111 142 142 142
2.38873 54.00247 -2.08759 144 144 144
2.47606 54.00039 -1.99697 144 144 144
2.55459 54.00159 -1.89866 151 151 151
2.63129 53.99896 -1.79895 148 148 148
2.70088 54.00166 -1.69416 153 153 153
2.77204 53.99760 -1.59036 155 155 155
2.82522 53.99540 -1.47592 153 153 153
2.88972 54.00061 -1.36808 159 159 159
2.93861 54.00092 -1.25231 155 155 155
3.00118 54.00085 -1.14255 159 159 159
3.03899 54.00232 -1.02234 151 151 151
3.08109 53.99883 -0.90402 163 163 163
3.11879 53.99608 -0.78418 159 159 159
3.15055 53.99963 -0.66261 162 162 162
3.17693 54.00226 -0.53978 167 167 167
3.19695 54.00147 -0.41578 164 164 164
3.21407 54.00391 -0.29141 170 170 170
3.23456 54.00248 -0.16711 167 167 167
3.23536 54.00237 -0.04121 168 168 168
3.23658 54.40040 0.08500 171 171 171
3.23112 54.39783 0.21079 169 169 169
3.22293 54.39711 0.33632 166 166 166
3.20681 54.39827 0.46104 179 179 179
3.18728 54.39760 0.58512 170 170 170
3.17473 54.39907 0.71059 174 174 174
3.14865 54.40031 0.83380 178 178 178
3.10833 54.40039 0.95327 170 170 170
3.07809 54.39553 1.07549 170 170 170
3.03790 54.39472 1.19480 175 175 175
2.99476 54.39985 1.31318 184 184 184
2.93650 54.40008 1.42507 175 175 175
2.88372 54.39785 1.53922 179 179 179
2.81972 54.39730 1.64751 180 180 180
2.75955 54.40018 1.75788 181 181 181
2.69408 54.39847 1.86531 181 181 181
2.62028 54.39677 1.96719 182 182 182
2.55065 54.39674 2.07239 187 187 187
2.46507 54.39758 2.16504 182 182 182
2.38738 54.39857 2.26445 184 184 184
2.29494 54.40055 2.35028 192 192 192
2.20002 54.39965 2.43288 190 190 190
2.11146 54.39755 2.52247 184 184 184
2.00601 54.39979 2.59198 199 199 199
1.91080 54.40082 2.67416 188 188 188
1.80809 54.39867 2.74661 187 187 187
1.69983 54.39873 2.81046 185 185 185
1.58931 54.40546 2.86995 190 190 190
1.48239 54.39764 2.93613 197 197 197
1.37137 54.40134 2.99538 191 191 191
1.25273 54.40103 3.03773 192 192 192
1.14239 54.39662 3.10118 191 191 191
1.01653 54.39624 3.12227 198 198 198
0.89884 54.39956 3.16685 191 191 191
0.77813 54.40229 3.20260 196 196 196
0.65302 54.40078 3.21881 202 202 202
0.53032 54.40219 3.24600 192 192 192
0.40528 54.39984 3.25861 186 186 186
0.28072 54.39984 3.27499 204 204 204
0.15520 54.40161 3.28010 193 193 193
0.02966 54.39683 3.28920 197 197 197
-0.09632 54.40106 3.29138 191 191 191
-0.22100 54.39976 3.26998 197 197 197
-0.34653 54.40238 3.26344 194 194 194
-0.47002 54.40052 3.23986 191 191 191
-0.59424 54.40081 3.22157 195 195 195
-0.71573 54.39947 3.18979 196 196 196
-0.83662 54.39982 3.15660 193 193 193
-0.95714 54.39593 3.12206 198 198 198
-1.07945 54.39653 3.09137 195 195 195
-1.19193 54.40365 3.03420 197 197 197
-1.31361 54.39494 2.99879 194 194 194
-1.42084 54.39987 2.93177 193 193 193
-1.53003 54.40034 2.87004 196 196 196
-1.64225 54.39932 2.81332 191 191 191
-1.74610 54.40138 2.74261 191 191 191
-1.85055 54.39926 2.67289 185 185 185
-1.95173 54.39772 2.59838 189 189 189
-2.04765 54.39962 2.51722 184 184 184
-2.14439 54.39987 2.43688 189 189 189
-2.23008 54.39896 2.34474 187 187 187
-2.31911 54.40119 2.25619 185 185 185
-2.40487 54.39946 2.16429 182 182 182
-2.48660 54.39873 2.06867 189 189 189
-2.55165 54.40375 1.96043 181 181 181
-2.63543 54.39968 1.86576 185 185 185
-2.69982 54.40040 1.75763 181 181 181
-2.76691 54.40339 1.65115 178 178 178
-2.81820 54.40168 1.53606 191 191 191
-2.86883 54.39866 1.42123 181 181 181
-2.92340 54.39894 1.30820 180 180 180
-2.97649 54.40003 1.19403 178 178 178
-3.01214 54.39562 1.07334 186 186 186
-3.04348 54.40202 0.95172 174 174 174
-3.08442 54.39703 0.83263 177 177 177
-3.10819 54.40046 0.70916 171 171 171
-3.13757 54.40268 0.58664 171 171 171
-3.15025 54.39941 0.46137 166 166 166
-3.15524 54.39915 0.33566 167 167 167
-3.16338 54.40126 0.21046 168 168 168
-3.17124 54.39102 0.08500 163 163 163
-3.16602 54.39834 -0.04056 167 167 167
-3.16854 54.39894 -0.16670 170 170 170
-3.14855 54.39907 -0.29117 166 166 166
-3.13445 54.39967 -0.41615 163 163 163
-3.11610 54.39758 -0.54073 160 160 160
-3.08346 54.39759 -0.66239 167 167 167
-3.05009 54.39880 -0.78358 160 160 160
-3.01405 54.39419 -0.90396 158 158 158
-2.96780 54.39943 -1.02082 159 159 159
-2.92823 54.40039 -1.14020 153 153 153
-2.88224 54.39667 -1.25741 153 153 153
-2.83056 54.40075 -1.37236 154 154 154
-2.76717 54.39940 -1.48130 151 151 151
-2.69717 54.39794 -1.58600 147 147 147
-2.63145 54.40083 -1.69310 154 154 154
-2.56478 54.40174 -1.79997 153 153 153
-2.48144 54.39911 -1.89459 146 146 146
-2.40659 54.39451 -1.99576 152 152 152
-2.31977 54.39823 -2.08679 150 150 150
-2.23283 54.40064 -2.17750 145 145 145
-2.14690 54.40502 -2.26959 146 146 146
-2.05090 54.40126 -2.35103 145 145 145
-1.95785 54.40001 -2.43615 142 142 142
-1.84932 54.40230 -2.50120 142 142 142
-1.74827 54.39786 -2.57586 145 145 145
-1.64316 54.40072 -2.64480 154 154 154
-1.53499 54.39998 -2.70889 137 137 137
-1.42295 54.40120 -2.76591 141 141 141
-1.31290 54.40253 -2.82724 141 141 141
-1.19294 54.40244 -2.86664 137 137 137
-1.08036 54.40310 -2.92384 141 141 141
-0.96022 54.40430 -2.96155 145 145 145
-0.83884 54.39897 -2.99448 134 134 134
-0.71908 54.39979 -3.03373 143 143 143
-0.59498 54.40075 -3.05529 139 139 139
-0.47088 54.39807 -3.07532 139 139 139
-0.34588 54.40093 -3.08799 140 140 140
-0.22129 54.39876 -3.10369 136 136 136
-0.09552 54.40090 -3.10112 145 145 145
0.02966 54.40358 -3.10314 137 137 137
0.15553 54.40043 -3.11845 141 141 141
0.28081 54.39845 -3.10613 137 137 137
0.40509 54.39966 -3.08698 141 141 141
0.52878 54.40108 -3.06630 138 138 138
0.65306 54.39834 -3.04901 144 144 144
0.77492 54.40065 -3.01923 142 142 142
0.89632 54.40241 -2.98792 143 143 143
1.01796 54.39885 -2.95665 139 139 139
1.13596 54.39633 -2.91376 141 141 141
1.25247 54.39792 -2.86711 146 146 146
1.36750 54.39925 -2.81700 144 144 144
1.48313 54.39922 -2.76759 143 143 143
1.59264 54.39908 -2.70590 143 143 143
1.70010 54.39791 -2.64090 138 138 138
1.80551 54.39752 -2.57274 134 134 134
1.91024 54.39717 -2.50339 144 144 144
2.01086 54.40339 -2.42814 144 144 144
2.11038 54.40031 -2.35121 146 146 146
2.20227 54.39709 -2.26531 143 143 143
2.29207 54.39543 -2.17741 153 153 153
2.38546 54.40122 -2.09268 158 158 158
2.46327 54.39864 -1.99350 154 154 154
2.55093 54.40060 -1.90261 145 145 145
2.62169 54.39914 -1.79822 150 150 150
2.70302 54.39870 -1.70128 146 146 146
2.75367 54.39783 -1.58427 158 158 158
2.81753 54.40803 -1.47628 159 159 159
2.88228 54.39628 -1.36848 155 155 155
2.92733 54.39989 -1.25084 151 151 151
2.98833 54.39906 -1.14052 159 159 159
3.03658 54.39928 -1.02431 161 161 161
3.06992 54.40005 -0.90284 153 153 153
3.10797 54.40006 -0.78317 156 156 156
3.14868 54.40152 -0.66381 162 162 162
3.17210 54.39692 -0.54007 161 161 161
3.18359 54.40445 -0.41453 169 169 169
3.21414 54.40283 -0.29191 169 169 169
3.20602 54.40159 -0.16498 176 176 176
3.22369 54.39872 -0.04049 167 167 167
3.22398 54.80264 0.08563 166 166 166
3.20176 54.79533 0.21063 167 167 167
3.20793 54.80179 0.33650 167 167 167
3.20076 54.79990 0.46207 173 173 173
3.17807 54.80105 0.58578 171 171 171
3.16322 54.79885 0.71081 166 166 166
3.13129 54.79776 0.83253 176 176 176
3.09944 54.79919 0.95406 176 176 176
3.06283 54.80075 1.07424 179 179 179
3.02049 54.79817 1.19249 174 174 174
2.97798 54.79967 1.31078 174 174 174
2.92585 54.80590 1.42515 174 174 174
2.88015 54.79710 1.54284 178 178 178
2.81415 54.80147 1.65032 176 176 176
2.75039 54.80190 1.75869 184 184 184
2.68211 54.79858 1.86426 183 183 183
2.61039 54.79818 1.96751 186 186 186
2.53627 54.79752 2.06914 188 188 188
2.45460 54.80196 2.16481 190 190 190
2.36793 54.79744 2.25585 183 183 183
2.29080 54.79728 2.35623 182 182 182
2.18859 54.79766 2.43138 196 196 196
2.10469 54.79973 2.52625 193 193 193
2.00363 54.79703 2.60160 184 184 184
1.90176 54.80156 2.67538 184 184 184
1.80154 54.80112 2.75160 188 188 188
1.69571 54.80343 2.81982 197 197 197
1.58482 54.79733 2.87946 192 192 192
1.47357 54.80014 2.93804 195 195 195
1.36005 54.79800 2.99199 193 193 193
1.24738 54.79785 3.04830 190 190 190
1.12722 54.80097 3.08635 200 200 200
1.00903 54.79639 3.12895 196 196 196
0.88825 54.79943 3.16352 198 198 198
0.76886 54.80275 3.20404 198 198 198
0.64428 54.80051 3.22309 187 187 187
0.52028 54.80005 3.24300 201 201 201
0.39647 54.79790 3.26471 197 197 197
0.27124 54.80184 3.27540 204 204 204
0.14548 54.80323 3.27437 189 189 189
0.02020 54.80496 3.29825 188 188 188
-0.10559 54.80139 3.28719 189 189 189
-0.23174 54.79733 3.28673 188 188 188
-0.35582 54.79732 3.26257 206 206 206
-0.48058 54.79995 3.24743 202 202 202
-0.60436 54.79927 3.22549 199 199 199
-0.72707 54.79980 3.19823 192 192 192
-0.84776 54.80775 3.16318 193 193 193
-0.96880 54.79924 3.12946 186 186 186
-1.08749 54.79993 3.08815 194 194 194
-1.20202 54.80406 3.03632 193 193 193
-1.31840 54.80372 2.98926 192 192 192
-1.42892 54.79710 2.92967 194 194 194
-1.54316 54.80014 2.87720 194 194 194
-1.65820 54.80183 2.82452 195 195 195
-1.75917 54.80289 2.74864 185 185 185
-1.86117 54.80101 2.67511 188 188 188
-1.96220 54.80215 2.60028 186 186 186
-2.05660 54.79913 2.51724 187 187 187
-2.15346 54.80078 2.43708 192 192 192
-2.23991 54.80141 2.34573 188 188 188
-2.32771 54.80435 2.25601 185 185 185
-2.42047 54.80669 2.17015 185 185 185
-2.49537 54.79763 2.06873 190 190 190
-2.56761 54.80239 1.96578 180 180 180
-2.64510 54.79838 1.86652 182 182 182
-2.70165 54.79710 1.75357 173 173 173
-2.77182 54.79789 1.64923 187 187 187
-2.82890 54.80121 1.53731 178 178 178
-2.88814 54.79739 1.42639 181 181 181
-2.93272 54.79644 1.30877 180 180 180
-2.98597 54.80079 1.19466 178 178 178
-3.02850 54.79943 1.07621 182 182 182
-3.05772 54.79822 0.95369 179 179 179
-3.08489 54.79744 0.83109 175 175 175
-3.11593 54.80245 0.70944 171 171 171
-3.13588 54.80115 0.58550 175 175 175
-3.14973 54.80140 0.46081 175 175 175
-3.17262 54.79396 0.33691 172 172 172
-3.18253 54.80024 0.21146 168 168 168
-3.19127 54.79967 0.08563 156 156 156
-3.18137 54.79956 -0.04017 171 171 171
-3.17735 54.80139 -0.16603 166 166 166
-3.16509 54.79573 -0.29138 161 161 161
-3.13744 54.79704 -0.41449 168 168 168
-3.11650 54.79865 -0.53830 160 160 160
-3.09668 54.79597 -0.66267 167 167 167
-3.06533 54.80166 -0.78458 165 165 165
-3.03137 54.79778 -0.90589 159 159 159
-2.97938 54.79990 -1.02098 161 161 161
-2.93947 54.79938 -1.14031 152 152 152
-2.88443 54.80014 -1.25342 157 157 157
-2.83076 54.80117 -1.36701 156 156 156
-2.77340 54.79740 -1.47886 147 147 147
-2.71292 54.80016 -1.58923 155 155 155
-2.63772 54.80104 -1.69034 155 155 155
-2.56582 54.79782 -1.79323 146 146 146
-2.49066 54.80661 -1.89377 147 147 147
-2.41438 54.79723 -1.99370 150 150 150
-2.32466 54.80163 -2.08194 151 151 151
-2.24601 54.80546 -2.18059 153 153 153
-2.15476 54.80031 -2.26722 150 150 150
-2.05989 54.79878 -2.34984 141 141 141
-1.95386 54.79722 -2.41846 144 144 144
-1.86175 54.79835 -2.50465 143 143 143
-1.75587 54.79892 -2.57245 144 144 144
-1.65371 54.80107 -2.64593 142 142 142
-1.54055 54.79597 -2.70128 145 145 145
-1.43223 54.80440 -2.76491 134 134 134
-1.31839 54.80257 -2.81799 144 144 144
-1.20297 54.80266 -2.86737 140 140 140
-1.08630 54.79702 -2.91365 147 147 147
-0.96780 54.79735 -2.95512 147 147 147
-0.84909 54.79994 -2.99664 151 151 151
-0.72640 54.79956 -3.02416 144 144 144
-0.60337 54.80029 -3.04926 139 139 139
-0.48023 54.80034 -3.07394 141 141 141
-0.35542 54.80025 -3.08797 142 142 142
-0.23153 54.79932 -3.11288 141 141 141
-0.10531 54.80219 -3.10878 135 135 135
0.02020 54.80243 -3.12356 133 133 133
0.14573 54.80126 -3.10951 144 144 144
0.27116 54.79971 -3.10319 138 138 138
0.39567 54.79933 -3.08676 140 140 140
0.51923 54.79928 -3.06512 137 137 137
0.64333 54.79594 -3.04708 138 138 138
0.76688 54.79980 -3.02454 137 137 137
0.88861 54.80110 -2.99354 144 144 144
1.01062 54.79778 -2.96259 145 145 145
1.13097 54.80369 -2.92526 143 143 143
1.24501 54.79807 -2.87134 137 137 137
1.35885 54.79818 -2.81815 147 147 147
1.47034 54.79614 -2.76043 140 140 140
1.57952 54.79685 -2.69874 143 143 143
1.69469 54.80053 -2.64690 144 144 144
1.79387 54.79686 -2.56886 147 147 147
1.90345 54.79951 -2.50645 141 141 141
1.99919 54.80135 -2.42471 146 146 146
2.09569 54.79320 -2.34447 143 143 143
2.19057 54.79679 -2.26227 149 149 149
2.28112 54.80017 -2.17530 148 148 148
2.37728 54.80350 -2.09324 148 148 148
2.44966 54.79846 -1.98933 152 152 152
2.53341 54.79867 -1.89564 156 156 156
2.61205 54.80515 -1.79746 147 147 147
2.67568 54.80257 -1.68871 155 155 155
2.74478 54.80022 -1.58400 159 159 159
2.80972 54.79892 -1.47658 144 144 144
2.87519 54.80225 -1.36907 156 156 156
2.92252 54.80303 -1.25236 158 158 158
2.97201 54.79778 -1.13706 159 159 159
3.02304 54.79695 -1.02218 160 160 160
3.06049 54.79748 -0.90223 160 160 160
3.10185 54.80238 -0.78349 156 156 156
3.13680 54.80202 -0.66261 163 163 163
3.15866 54.80017 -0.53866 159 159 159
3.18470 54.79977 -0.41558 163 163 163
3.20344 54.80104 -0.29114 168 168 168
3.20265 54.79775 -0.16484 165 165 165
3.22004 54.80231 -0.04010 175 175 175
3.21034 55.20152 0.08625 167 167 167
3.21442 55.20041 0.21212 165 165 165
3.19868 55.20046 0.33715 168 168 168
3.19614 55.20192 0.46327 165 165 165
3.17720 55.20259 0.58777 168 168 168
3.14356 55.19892 0.70941 175 175 175
3.12454 55.19804 0.83381 176 176 176
3.09607 55.20194 0.95641 171 171 171
3.05794 55.20299 1.07635 175 175 175
3.00585 55.20028 1.19121 178 178 178
2.96732 55.19812 1.31092 177 177 177
2.91408 55.19914 1.42472 177 177 177
2.86395 55.19421 1.54004 181 181 181
2.80660 55.19794 1.65202 178 178 178
2.73577 55.19973 1.75616 184 184 184
2.67454 55.20258 1.86616 178 178 178
2.59691 55.19823 1.96522 184 184 184
2.52247 55.20090 2.06635 183 183 183
2.44429 55.20018 2.16472 189 189 189
2.35633 55.20073 2.25451 186 186 186
2.27671 55.20015 2.35224 177 177 177
2.17436 55.19830 2.42686 194 194 194
2.09309 55.19851 2.52439 183 183 183
1.99148 55.19923 2.59884 191 191 191
1.88922 55.19711 2.67179 191 191 191
1.78829 55.20133 2.74657 189 189 189
1.68076 55.19808 2.81151 189 189 189
1.57971 55.20010 2.88788 195 195 195
1.46550 55.19776 2.94141 195 195 195
1.34976 55.20178 2.99086 187 187 187
1.23447 55.20138 3.04064 193 193 193
1.12024 55.20105 3.09375 199 199 199
0.99725 55.19577 3.12249 190 190 190
0.87896 55.20028 3.16479 195 195 195
0.75762 55.20051 3.19731 188 188 188
0.63645 55.20066 3.23199 197 197 197
0.51138 55.20112 3.24727 194 194 194
0.38612 55.20406 3.25796 195 195 195
0.26154 55.19907 3.27327 196 196 196
0.13652 55.20268 3.28806 198 198 198
0.01072 55.20426 3.28601 188 188 188
-0.11465 55.19948 3.27712 197 197 197
-0.24055 55.19748 3.27894 194 194 194
-0.36426 55.19875 3.25445 192 192 192
-0.48924 55.19720 3.24286 197 197 197
-0.61210 55.20127 3.21736 199 199 199
-0.73587 55.20128 3.19603 196 196 196
-0.85868 55.19864 3.16893 197 197 197
-0.97811 55.19901 3.12956 193 193 193
-1.09533 55.19905 3.08432 194 194 194
-1.21099 55.20317 3.03572 200 200 200
-1.32750 55.20173 2.98907 188 188 188
-1.44458 55.20139 2.94244 188 188 188
-1.55087 55.19980 2.87466 189 189 189
-1.66321 55.20555 2.81785 199 199 199
-1.76670 55.20065 2.74634 192 192 192
-1.87095 55.20117 2.67614 189 189 189
-1.97655 55.19995 2.60710 191 191 191
-2.06852 55.19883 2.52073 189 189 189
-2.16210 55.19806 2.43679 187 187 187
-2.25213 55.19907 2.34910 194 194 194
-2.33912 55.20018 2.25842 184 184 184
-2.42429 55.20035 2.16595 183 183 183
-2.49382 55.20211 2.06067 184 184 184
-2.58135 55.19701 1.96950 191 191 191
-2.64415 55.19971 1.86018 193 193 193
-2.71073 55.20316 1.75396 181 181 181
-2.78013 55.20114 1.64920 186 186 186
-2.83461 55.20180 1.53602 179 179 179
-2.89296 55.20036 1.42486 182 182 182
-2.94091 55.19464 1.30885 171 171 171
-3.00153 55.19779 1.19753 179 179 179
-3.02869 55.19556 1.07382 172 172 172
-3.06426 55.20032 0.95348 174 174 174
-3.10952 55.20126 0.83535 174 174 174
-3.13148 55.20234 0.71127 180 180 180
-3.15127 55.19633 0.58706 172 172 172
-3.16543 55.20004 0.46217 165 165 165
-3.17377 55.20156 0.33687 166 166 166
-3.19446 55.19813 0.21218 162 162 162
-3.19411 55.20370 0.08625 172 172 172
-3.18693 55.19976 -0.03939 168 168 168
-3.18457 55.20095 -0.16522 162 162 162
-3.16265 55.19947 -0.28934 163 163 163
-3.14801 55.19704 -0.41404 161 161 161
-3.12254 55.19819 -0.53699 161 161 161
-3.11677 55.20394 -0.66459 159 159 159
-3.06599 55.19854 -0.78147 168 168 168
-3.03313 55.19983 -0.90276 157 157 157
-2.99104 55.19907 -1.02116 156 156 156
-2.94453 55.19942 -1.13785 153 153 153
-2.88802 55.19835 -1.25009 161 161 161
-2.83996 55.19970 -1.36624 148 148 148
-2.77819 55.20315 -1.47562 152 152 152
-2.72287 55.19909 -1.58890 151 151 151
-2.64656 55.20006 -1.68929 160 160 160
-2.58090 55.20233 -1.79668 150 150 150
-2.50734 55.20158 -1.89883 145 145 145
-2.42475 55.20287 -1.99383 146 146 146
-2.33559 55.20002 -2.08265 151 151 151
-2.24950 55.20096 -2.17397 148 148 148
-2.16699 55.20216 -2.26958 146 146 146
-2.06905 55.19935 -2.34884 148 148 148
-1.97411 55.20018 -2.43150 147 147 147
-1.87272 55.20003 -2.50609 137 137 137
-1.76703 55.19764 -2.57434 141 141 141
-1.66063 55.19823 -2.64114 142 142 142
-1.55349 55.20050 -2.70685 135 135 135
-1.44240 55.19870 -2.76565 149 149 149
-1.32835 55.20018 -2.81841 134 134 134
-1.21492 55.19695 -2.87271 143 143 143
-1.09712 55.20413 -2.91667 139 139 139
-0.97697 55.19547 -2.95355 135 135 135
-0.85401 55.19969 -2.97984 144 144 144
-0.73772 55.19613 -3.03124 147 147 147
-0.61639 55.19708 -3.06642 140 140 140
-0.48947 55.19692 -3.07182 138 138 138
-0.36487 55.20252 -3.08712 131 131 131
-0.24045 55.20091 -3.10514 139 139 139
-0.11526 55.19789 -3.12002 145 145 145
0.01072 55.20007 -3.11819 140 140 140
0.13596 55.20241 -3.10143 141 141 141
0.26254 55.19900 -3.11347 137 137 137
0.38606 55.20045 -3.08500 137 137 137
0.51060 55.20130 -3.06985 146 146 146
0.63341 55.19774 -3.04420 143 143 143
0.75956 55.19970 -3.03288 138 138 138
0.88137 55.19955 -3.00083 142 142 142
0.99803 55.20138 -2.95237 128 128 128
1.11695 55.19661 -2.91232 154 154 154
1.23393 55.20075 -2.86684 138 138 138
1.34677 55.20160 -2.81187 136 136 136
1.46393 55.19618 -2.76584 144 144 144
1.57350 55.19808 -2.70429 144 144 144
1.67916 55.19672 -2.63640 146 146 146
1.78783 55.19983 -2.57339 146 146 146
1.89518 55.19624 -2.50748 145 145 145
1.99509 55.20743 -2.43092 152 152 152
2.09095 55.19707 -2.34938 145 145 145
2.18284 55.19908 -2.26354 149 149 149
2.27852 55.19936 -2.18155 144 144 144
2.36195 55.20060 -2.08721 143 143 143
2.44278 55.19760 -1.99093 146 146 146
2.52542 55.20210 -1.89618 160 160 160
2.59833 55.19904 -1.79376 158 158 158
2.67394 55.19983 -1.69326 143 143 143
2.74048 55.19749 -1.58655 153 153 153
2.80072 55.19885 -1.47623 155 155 155
2.86404 55.20141 -1.36759 157 157 157
2.92383 55.20077 -1.25671 154 154 154
2.96004 55.20174 -1.13540 153 153 153
3.00739 55.19871 -1.01928 158 158 158
3.05402 55.20163 -0.90258 154 154 154
3.08498 55.19952 -0.78078 160 160 160
3.13088 55.19786 -0.66283 151 151 151
3.15802 55.20216 -0.53979 162 162 162
3.17982 55.19752 -0.41569 159 159 159
3.18934 55.19617 -0.28996 162 162 162
3.19673 55.19686 -0.16449 158 158 158
3.19971 55.20080 -0.03905 166 166 166
3.19638 55.59618 0.08688 164 164 164
3.19338 55.60208 0.21229 164 164 164
3.19512 55.60130 0.33824 170 170 170
3.17908 55.59717 0.46300 169 169 169
3.14999 55.59966 0.58559 177 177 177
3.13937 55.60079 0.71109 175 175 175
3.11414 55.59645 0.83422 172 172 172
3.07315 55.60155 0.95324 171 171 171
3.05047 55.59853 1.07763 175 175 175
3.00958 55.60016 1.19671 177 177 177
2.95690 55.60310 1.31115 181 181 181
2.90539 55.59890 1.42571 184 184 184
2.85134 55.60237 1.53908 178 178 178
2.79426 55.60172 1.65104 176 176 176
2.72575 55.59899 1.75646 182 182 182
2.65751 55.60352 1.86174 179 179 179
2.59763 55.60339 1.97326 179 179 179
2.51017 55.59954 2.06476 192 192 192
2.43755 55.59992 2.16769 190 190 190
2.34932 55.59605 2.25742 187 187 187
2.26473 55.60412 2.35037 187 187 187
2.17692 55.60312 2.44051 187 187 187
2.07775 55.59601 2.51816 191 191 191
1.97936 55.60050 2.59611 189 189 189
1.88223 55.60151 2.67584 190 190 190
1.78094 55.59747 2.75039 193 193 193
1.67202 55.60225 2.81334 195 195 195
1.56381 55.60255 2.87705 189 189 189
1.45766 55.60496 2.94527 189 189 189
1.34227 55.60054 2.99580 192 192 192
1.22236 55.59825 3.03493 194 194 194
1.11037 55.60000 3.09332 198 198 198
0.98928 55.60198 3.12775 191 191 191
0.87151 55.59966 3.17262 192 192 192
0.74929 55.59907 3.20273 198 198 198
0.62547 55.60142 3.22509 194 194 194
0.50144 55.59954 3.24503 198 198 198
0.37668 55.60120 3.25896 195 195 195
0.25231 55.60147 3.27702 198 198 198
0.12676 55.60134 3.28153 197 197 197
0.00124 55.59760 3.28472 197 197 197
-0.12421 55.59791 3.27981 189 189 189
-0.24993 55.60155 3.27822 193 193 193
-0.37488 55.60205 3.26470 200 200 200
-0.49877 55.60064 3.24377 199 199 199
-0.62307 55.59422 3.22548 187 187 187
-0.74542 55.60510 3.19694 193 193 193
-0.86714 55.60443 3.16591 189 189 189
-0.98969 55.60224 3.13663 195 195 195
-1.10672 55.60047 3.09012 197 197 197
-1.22431 55.60561 3.04562 196 196 196
-1.34131 55.59961 2.99907 190 190 190
-1.45112 55.60239 2.93728 187 187 187
-1.56358 55.60208 2.88106 193 193 193
-1.67244 55.60044 2.81807 194 194 194
-1.77182 55.59824 2.74044 191 191 191
-1.87993 55.60039 2.67607 183 183 183
-1.98470 55.59927 2.60602 190 190 190
-2.07608 55.60154 2.51910 187 187 187
-2.17341 55.59853 2.43939 186 186 186
-2.25843 55.60214 2.34654 187 187 187
-2.34338 55.60141 2.25421 189 189 189
-2.43566 55.60090 2.16818 180 180 180
-2.51522 55.59596 2.07069 193 193 193
-2.59028 55.60092 1.96972 182 182 182
-2.66045 55.59719 1.86536 182 182 182
-2.73371 55.60073 1.76285 182 182 182
-2.78765 55.60038 1.64873 179 179 179
-2.85394 55.60098 1.54166 185 185 185
-2.90823 55.60186 1.42816 175 175 175
-2.96092 55.59872 1.31384 173 173 173
-2.99869 55.60526 1.19361 182 182 182
-3.03674 55.59670 1.07397 173 173 173
-3.08208 55.59774 0.95646 170 170 170
-3.10195 55.59911 0.83188 179 179 179
-3.14027 55.60141 0.71176 179 179 179
-3.16267 55.60145 0.58799 169 169 169
-3.17654 55.59578 0.46299 171 171 171
-3.18247 55.59342 0.33744 170 170 170
-3.20113 55.59520 0.21270 170 170 170
-3.19355 55.60140 0.08688 174 174 174
-3.18571 55.59702 -0.03834 172 172 172
-3.19190 55.59955 -0.16443 165 165 165
-3.17107 55.59838 -0.28859 164 164 164
-3.15691 55.60040 -0.41333 166 166 166
-3.13813 55.59868 -0.53758 162 162 162
-3.10592 55.59817 -0.65909 157 157 157
-3.07477 55.60147 -0.78065 157 157 157
-3.04448 55.60054 -0.90274 157 157 157
-3.01072 55.59832 -1.02429 155 155 155
-2.95740 55.60174 -1.13863 151 151 151
-2.90867 55.60089 -1.25461 157 157 157
-2.85401 55.59455 -1.36795 162 162 162
-2.78634 55.60063 -1.47424 150 150 150
-2.72240 55.60354 -1.58217 150 150 150
-2.66527 55.60303 -1.69483 151 151 151
-2.59116 55.60239 -1.79661 153 153 153
-2.50682 55.60464 -1.89032 145 145 145
-2.43041 55.60088 -1.98995 138 138 138
-2.35215 55.60250 -2.08858 149 149 149
-2.26052 55.59819 -2.17488 148 148 148
-2.17343 55.60121 -2.26567 142 142 142
-2.07621 55.59698 -2.34551 144 144 144
-1.98112 55.60323 -2.42773 142 142 142
-1.88274 55.60175 -2.50620 153 153 153
-1.77219 55.59653 -2.56725 140 140 140
-1.66541 55.60131 -2.63285 146 146 146
-1.55837 55.60665 -2.69800 144 144 144
-1.45331 55.59841 -2.76784 151 151 151
-1.33315 55.60046 -2.80763 145 145 145
-1.22613 55.59889 -2.87626 140 140 140
-1.10418 55.60048 -2.90948 145 145 145
-0.98763 55.59883 -2.95655 133 133 133
-0.86770 55.60123 -2.99416 151 151 151
-0.74623 55.59830 -3.02656 142 142 142
-0.62328 55.60419 -3.05281 140 140 140
-0.49968 55.60238 -3.07580 147 147 147
-0.37439 55.59801 -3.08680 140 140 140
-0.25064 55.60002 -3.11353 143 143 143
-0.12431 55.59955 -3.10840 140 140 140
0.00124 55.59846 -3.10650 138 138 138
0.12704 55.60077 -3.11500 143 143 143
0.25248 55.59904 -3.10552 134 134 134
0.37825 55.60222 -3.09850 139 139 139
0.50154 55.59943 -3.07191 139 139 139
0.62548 55.60301 -3.05140 138 138 138
0.74808 55.60257 -3.02397 137 137 137
0.87112 55.59429 -2.99750 142 142 142
0.98975 55.59963 -2.95546 143 143 143
1.11020 55.60354 -2.91911 144 144 144
1.22603 55.59659 -2.87004 151 151 151
1.34360 55.59714 -2.82493 141 141 141
1.45422 55.59909 -2.76476 145 145 145
1.56568 55.60256 -2.70664 139 139 139
1.67298 55.59637 -2.64116 142 142 142
1.78123 55.60052 -2.57708 135 135 135
1.88312 55.60076 -2.50332 147 147 147
1.98241 55.59760 -2.42622 146 146 146
2.08412 55.59929 -2.35186 144 144 144
2.17529 55.59584 -2.26500 154 154 154
2.26504 55.60145 -2.17693 148 148 148
2.35044 55.59810 -2.08470 144 144 144
2.43254 55.60092 -1.98965 143 143 143
2.51390 55.60753 -1.89395 148 148 148
2.58781 55.60073 -1.79238 154 154 154
2.66122 55.60075 -1.69047 152 152 152
2.72351 55.60317 -1.58133 147 147 147
2.79586 55.59993 -1.47819 156 156 156
2.85355 55.60313 -1.36645 154 154 154
2.90948 55.60073 -1.25384 159 159 159
2.96283 55.59957 -1.13986 157 157 157
3.00695 55.60195 -1.02199 163 163 163
3.04337 55.60003 -0.90157 160 160 160
3.07343 55.59791 -0.77957 159 159 159
3.10717 55.60680 -0.65879 162 162 162
3.14594 55.59943 -0.53865 167 167 167
3.15928 55.59431 -0.41331 166 166 166
3.18267 55.59639 -0.28967 164 164 164
3.19751 55.60534 -0.16468 170 170 170
3.20019 55.60241 -0.03881 171 171 171
3.18872 55.99866 0.08750 168 168 168
3.17956 55.99993 0.21275 163 163 163
3.18515 56.00173 0.33883 166 166 166
3.17261 56.00157 0.46398 176 176 176
3.15242 55.99726 0.58810 172 172 172
3.12426 55.99975 0.71059 171 171 171
3.10325 55.99363 0.83450 181 181 181
3.07470 55.99881 0.95698 170 170 170
3.03224 56.00187 1.07541 190 190 190
2.99553 56.00395 1.19565 182 182 182
2.94227 55.99803 1.30964 175 175 175
2.90415 55.99829 1.43013 174 174 174
2.83946 56.00086 1.53848 176 176 176
2.78078 55.99792 1.64943 177 177 177
2.72071 56.00231 1.75980 179 179 179
2.65172 56.00276 1.86483 182 182 182
2.58546 55.99799 1.97194 184 184 184
2.50915 55.99975 2.07205 185 185 185
2.41712 55.99758 2.15896 189 189 189
2.34380 56.00027 2.26171 183 183 183
2.25599 55.99938 2.35173 186 186 186
2.16327 56.00389 2.43663 182 182 182
2.07316 55.99950 2.52451 189 189 189
1.97890 55.99876 2.60819 194 194 194
1.86872 56.00038 2.67093 185 185 185
1.76971 56.00243 2.74839 196 196 196
1.65946 55.99531 2.80895 185 185 185
1.55507 56.00104 2.87900 186 186 186
1.44683 56.00028 2.94325 198 198 198
1.33350 55.99971 2.99798 190 190 190
1.21606 55.99947 3.04325 194 194 194
1.09918 56.00159 3.08930 190 190 190
0.98057 56.00228 3.13077 199 199 199
0.85983 55.99729 3.16546 202 202 202
0.73956 55.99862 3.20234 200 200 200
0.61645 55.99753 3.22808 191 191 191
0.49344 56.00088 3.25505 199 199 199
0.36710 56.00367 3.25880 198 198 198
0.24332 55.99753 3.28393 194 194 194
0.11745 56.00578 3.28659 186 186 186
-0.00825 56.00065 3.28143 194 194 194
-0.13413 56.00081 3.29142 193 193 193
-0.25933 55.99412 3.27776 189 189 189
-0.38403 56.00397 3.26251 196 196 196
-0.50770 56.00143 3.24091 194 194 194
-0.62982 55.99992 3.21234 200 200 200
-0.75587 56.00251 3.20158 189 189 189
-0.87738 55.99780 3.16922 198 198 198
-0.99686 55.99414 3.13015 195 195 195
-1.11454 55.99834 3.08625 198 198 198
-1.23136 56.00744 3.04037 198 198 198
-1.35134 55.99787 3.00089 190 190 190
-1.46348 56.00341 2.94355 195 195 195
-1.57363 55.99620 2.88269 194 194 194
-1.68070 55.99901 2.81670 189 189 189
-1.78744 55.99786 2.75025 197 197 197
-1.88657 55.99864 2.67279 190 190 190
-1.99443 56.00163 2.60697 184 184 184
-2.08699 56.00550 2.52139 186 186 186
-2.18766 56.00295 2.44518 178 178 178
-2.26810 55.99801 2.34736 185 185 185
-2.35638 55.99771 2.25809 181 181 181
-2.44548 56.00125 2.16910 191 191 191
-2.51882 55.99694 2.06668 184 184 184
-2.59829 55.99762 1.96928 185 185 185
-2.66744 56.00170 1.86431 181 181 181
-2.74100 56.00340 1.76213 186 186 186
-2.79978 56.00305 1.65084 177 177 177
-2.85567 56.00246 1.53833 181 181 181
-2.91942 56.00328 1.42957 178 178 178
-2.96185 55.99493 1.31092 179 179 179
-3.01382 55.99517 1.19632 178 178 178
-3.05279 56.00320 1.07673 172 172 172
-3.09198 56.00239 0.95720 175 175 175
-3.13022 55.99584 0.83702 177 177 177
-3.13953 55.99754 0.71035 165 165 165
-3.17050 56.00508 0.58835 166 166 166
-3.19264 55.99743 0.46440 173 173 173
-3.20224 55.99875 0.33887 173 173 173
-3.20896 56.00053 0.21326 171 171 171
-3.20324 55.99660 0.08750 167 167 167
-3.19620 55.99945 -0.03776 164 164 164
-3.19688 56.00287 -0.16345 167 167 167
-3.19390 55.99603 -0.28955 157 157 157
-3.17413 55.99992 -0.41393 164 164 164
-3.14626 56.00253 -0.53669 158 158 158
-3.13007 56.00046 -0.66198 161 161 161
-3.08666 56.00202 -0.78070 164 164 164
-3.05628 55.99965 -0.90287 154 154 154
-3.01317 56.00292 -1.02107 157 157 157
-2.96505 55.99986 -1.13725 157 157 157
-2.91334 56.00138 -1.25176 159 159 159
-2.86022 55.99943 -1.36566 152 152 152
-2.80873 55.99924 -1.48084 154 154 154
-2.73361 55.99828 -1.58261 156 156 156
-2.67510 56.00026 -1.69444 148 148 148
-2.59208 56.00373 -1.78976 149 149 149
-2.51563 56.00459 -1.88916 145 145 145
-2.43305 56.00310 -1.98348 145 145 145
-2.35283 56.00087 -2.07981 153 153 153
-2.27376 56.00040 -2.17802 143 143 143
-2.17706 55.99941 -2.25871 140 140 140
-2.08558 55.99860 -2.34475 145 145 145
-1.99442 56.00029 -2.43195 152 152 152
-1.88661 55.99667 -2.49784 154 154 154
-1.78501 56.00069 -2.57162 141 141 141
-1.68240 56.00233 -2.64446 147 147 147
-1.57050 56.00294 -2.70210 140 140 140
-1.46117 56.00089 -2.76403 139 139 139
-1.35122 55.99964 -2.82564 148 148 148
-1.23553 55.99713 -2.87542 138 138 138
-1.11724 56.00131 -2.91856 146 146 146
-0.99756 56.00305 -2.95730 144 144 144
-0.87688 55.99615 -2.99245 141 141 141
-0.75532 55.99675 -3.02427 141 141 141
-0.63305 55.99993 -3.05359 136 136 136
-0.50925 56.00011 -3.07571 141 141 141
-0.38441 55.99813 -3.09071 145 145 145
-0.25937 56.00235 -3.10332 139 139 139
-0.13380 56.00010 -3.10817 137 137 137
-0.00825 55.99619 -3.11420 140 140 140
0.11784 55.99975 -3.12148 138 138 138
0.24288 56.00185 -3.10335 138 138 138
0.36846 55.99597 -3.09526 135 135 135
0.49270 55.99641 -3.07534 140 140 140
0.61807 55.99839 -3.06122 140 140 140
0.73904 55.99917 -3.02515 137 137 137
0.85987 55.99911 -2.99061 135 135 135
0.98177 56.00298 -2.95947 140 140 140
1.09938 56.00293 -2.91486 144 144 144
1.21923 55.99671 -2.87589 139 139 139
1.32989 56.00034 -2.81514 150 150 150
1.44026 55.99862 -2.75536 143 143 143
1.55511 56.00187 -2.70407 139 139 139
1.66510 56.00008 -2.64315 148 148 148
1.76944 55.99655 -2.57300 142 142 142
1.86940 55.99530 -2.49686 141 141 141
1.97252 56.00117 -2.42509 146 146 146
2.06826 55.99882 -2.34377 153 153 153
2.16126 56.00355 -2.25946 140 140 140
2.25805 55.99975 -2.17880 149 149 149
2.33460 56.00036 -2.07820 149 149 149
2.42863 56.00165 -1.99379 155 155 155
2.49390 55.99763 -1.88503 152 152 152
2.58226 56.00250 -1.79461 144 144 144
2.65122 55.99775 -1.68950 150 150 150
2.72456 56.00426 -1.58717 153 153 153
2.78302 55.99901 -1.47569 156 156 156
2.84408 56.00061 -1.36583 159 159 159
2.89472 55.99595 -1.25078 162 162 162
2.94533 56.00205 -1.13591 160 160 160
2.98696 55.99850 -1.01749 160 160 160
3.04024 56.00145 -0.90301 160 160 160
3.06739 55.99648 -0.77992 161 161 161
3.09899 55.99567 -0.65848 163 163 163
3.12445 56.00005 -0.53563 157 157 157
3.15260 56.00268 -0.41313 168 168 168
3.15767 56.00045 -0.28721 169 169 169
3.18988 56.00177 -0.16420 164 164 164
3.18434 55.99865 -0.03794 171 171 171
3.18192 56.39897 0.08813 166 166 166
3.18382 56.39955 0.21391 168 168 168
3.16235 56.40321 0.33840 169 169 169
3.16345 56.39931 0.46464 167 167 167
3.14181 56.39590 0.58855 161 161 161
3.11727 56.40070 0.71171 169 169 169
3.09310 56.39587 0.83497 178 178 178
3.06598 56.40167 0.95782 174 174 174
3.02436 56.40290 1.07656 177 177 177
2.97844 56.39867 1.19347 176 176 176
2.93798 56.39694 1.31242 176 176 176
2.89388 56.40020 1.43039 185 185 185
2.83587 56.40138 1.54210 175 175 175
2.77093 56.39902 1.64985 178 178 178
2.71228 56.39742 1.76107 178 178 178
2.64986 56.39804 1.87055 181 181 181
2.57488 56.40162 1.97176 191 191 191
2.49410 56.39757 2.06829 185 185 185
2.41680 56.40069 2.16741 189 189 189
2.33717 56.39937 2.26497 190 190 190
2.24830 56.40107 2.35415 180 180 180
2.15035 56.39793 2.43353 184 184 184
2.06053 56.40162 2.52145 187 187 187
1.96218 56.40311 2.59962 186 186 186
1.86567 56.39936 2.68040 182 182 182
1.76048 56.40243 2.74940 190 190 190
1.65755 56.39918 2.82193 198 198 198
1.54601 56.39861 2.88038 191 191 191
1.43455 56.39538 2.93838 191 191 191
1.32277 56.39892 2.99588 196 196 196
1.20617 56.40269 3.04288 192 192 192
1.09262 56.40359 3.09786 194 194 194
0.96814 56.39843 3.12231 200 200 200
0.85175 56.40113 3.17104 200 200 200
0.72813 56.39723 3.19482 195 195 195
0.60620 56.40095 3.22479 187 187 187
0.48207 56.39700 3.24371 198 198 198
0.35883 56.39786 3.26966 192 192 192
0.23327 56.40256 3.27737 198 198 198
0.10777 56.40087 3.28213 195 195 195
-0.01773 56.39925 3.28264 191 191 191
-0.14346 56.40195 3.28824 201 201 201
-0.26865 56.40001 3.27648 194 194 194
-0.39351 56.40339 3.26313 199 199 199
-0.51794 56.39994 3.24635 190 190 190
-0.64095 56.39854 3.22131 193 193 193
-0.76582 56.39828 3.20415 190 190 190
-0.88662 56.39869 3.16898 196 196 196
-1.00959 56.39862 3.14078 190 190 190
-1.12549 56.40255 3.09087 197 197 197
-1.24262 56.40132 3.04528 187 187 187
-1.35834 56.40487 2.99614 190 190 190
-1.46671 56.40221 2.93192 196 196 196
-1.57952 56.39894 2.87692 193 193 193
-1.68905 56.39960 2.81548 192 192 192
-1.79649 56.40153 2.75024 187 187 187
-1.89747 56.39706 2.67538 195 195 195
-1.99870 56.40207 2.60097 193 193 193
-2.09337 56.39636 2.51839 192 192 192
-2.19014 56.40185 2.43823 186 186 186
-2.27685 56.40553 2.34725 189 189 189
-2.36399 56.40295 2.25699 187 187 187
-2.45669 56.39936 2.17120 189 189 189
-2.52738 56.40389 2.06658 190 190 190
-2.59921 56.40194 1.96368 182 182 182
-2.67888 56.40004 1.86625 179 179 179
-2.75101 56.40143 1.76309 189 189 189
-2.80807 56.40195 1.65079 183 183 183
-2.86318 56.39753 1.53796 174 174 174
-2.92100 56.40019 1.42655 180 180 180
-2.97886 56.40316 1.31467 174 174 174
-3.02268 56.39719 1.19671 182 182 182
-3.05688 56.40175 1.07560 176 176 176
-3.10132 56.40033 0.95779 179 179 179
-3.13595 56.39833 0.83675 170 170 170
-3.15649 56.39830 0.71246 173 173 173
-3.17831 56.39811 0.58871 173 173 173
-3.20352 56.39630 0.46519 166 166 166
-3.20568 56.39805 0.33902 163 163 163
-3.21750 56.39760 0.21384 171 171 171
-3.21685 56.40264 0.08813 175 175 175
-3.20797 56.40295 -0.03722 168 168 168
-3.20192 56.39802 -0.16248 165 165 165
-3.20051 56.39479 -0.28858 161 161 161
-3.18165 56.40085 -0.41299 166 166 166
-3.15553 56.40346 -0.53602 160 160 160
-3.13880 56.40487 -0.66118 160 160 160
-3.09617 56.39827 -0.78009 159 159 159
-3.05895 56.40110 -0.90003 162 162 162
-3.02767 56.40079 -1.02230 163 163 163
-2.97628 56.40104 -1.13735 152 152 152
-2.92820 56.39928 -1.25362 155 155 155
-2.86230 56.39866 -1.36126 159 159 159
-2.81526 56.39845 -1.47857 149 149 149
-2.75311 56.40209 -1.58812 154 154 154
-2.67586 56.39992 -1.68798 153 153 153
-2.61466 56.39782 -1.79866 155 155 155
-2.52711 56.39458 -1.89011 157 157 157
-2.45176 56.39766 -1.99073 150 150 150
-2.36559 56.39914 -2.08222 151 151 151
-2.27590 56.39946 -2.17005 152 152 152
-2.19119 56.40101 -2.26312 144 144 144
-2.09552 56.39706 -2.34466 137 137 137
-2.00477 56.40066 -2.43243 144 144 144
-1.89774 56.40292 -2.49950 141 141 141
-1.79164 56.39345 -2.56672 148 148 148
-1.68858 56.39467 -2.63847 141 141 141
-1.57858 56.39861 -2.69899 136 136 136
-1.47036 56.40500 -2.76283 141 141 141
-1.35897 56.40152 -2.82126 147 147 147
-1.23859 56.40075 -2.85929 144 144 144
-1.12335 56.39585 -2.90881 138 138 138
-1.00641 56.39540 -2.95473 136 136 136
-0.88729 56.40178 -2.99512 142 142 142
-0.76511 56.40195 -3.02494 143 143 143
-0.64234 56.40327 -3.05200 138 138 138
-0.51946 56.40193 -3.07973 138 138 138
-0.39470 56.40014 -3.09694 135 135 135
-0.26873 56.39801 -3.10114 139 139 139
-0.14334 56.40311 -3.10890 144 144 144
-0.01773 56.40285 -3.11428 138 138 138
0.10789 56.39296 -3.10889 136 136 136
0.23387 56.40239 -3.10870 141 141 141
0.35960 56.40452 -3.09987 130 130 130
0.48209 56.40201 -3.06759 142 142 142
0.60484 56.39731 -3.04171 149 149 149
0.72884 56.40457 -3.02155 147 147 147
0.85226 56.40066 -2.99659 147 147 147
0.96984 56.39955 -2.95127 140 140 140
1.08982 56.40013 -2.91402 140 140 140
1.20847 56.40075 -2.87218 142 142 142
1.32242 56.39978 -2.81887 141 141 141
1.43676 56.39637 -2.76646 141 141 141
1.54251 56.39818 -2.69788 142 142 142
1.65816 56.39959 -2.64668 142 142 142
1.76175 56.39675 -2.57505 141 141 141
1.86413 56.40138 -2.50202 147 147 147
1.96672 56.39820 -2.42913 151 151 151
2.05839 56.40273 -2.34270 139 139 139
2.15366 56.40352 -2.26086 142 142 142
2.24542 56.40254 -2.17502 147 147 147
2.33325 56.40469 -2.08509 145 145 145
2.41714 56.39777 -1.99145 155 155 155
2.49049 56.40158 -1.88919 155 155 155
2.56613 56.40143 -1.78916 149 149 149
2.64955 56.40357 -1.69409 156 156 156
2.70858 56.39915 -1.58256 148 148 148
2.77266 56.40106 -1.47456 149 149 149
2.83717 56.39684 -1.36652 147 147 147
2.88490 56.39924 -1.25001 156 156 156
2.93749 56.39849 -1.13597 156 156 156
2.98074 56.40139 -1.01807 161 161 161
3.02037 56.40030 -0.89901 154 154 154
3.05421 56.40031 -0.77825 154 154 154
3.09265 56.39927 -0.65861 162 162 162
3.12315 56.40450 -0.53663 156 156 156
3.14945 56.39954 -0.41351 160 160 160
3.15724 56.40185 -0.28766 169 169 169
3.17334 56.39665 -0.16302 175 175 175
3.17755 56.40140 -0.03742 169 169 169
3.17393 56.79830 0.08875 168 168 168
3.16361 56.80216 0.21412 161 161 161
3.16449 56.79907 0.33994 174 174 174
3.14601 56.79872 0.46432 172 172 172
3.13047 56.79843 0.58888 174 174 174
3.11246 56.79525 0.71327 179 179 179
3.07988 56.79811 0.83469 166 166 166
3.05274 56.80303 0.95738 168 168 168
3.02743 56.80209 1.08126 182 182 182
2.97722 56.80046 1.19714 173 173 173
2.93223 56.79686 1.31458 174 174 174
2.87374 56.80127 1.42610 175 175 175
2.82158 56.80136 1.54027 179 179 179
2.76561 56.80365 1.65280 187 187 187
2.70211 56.79975 1.76127 177 177 177
2.62602 56.79864 1.86157 193 193 193
2.55911 56.79728 1.96781 188 188 188
2.48717 56.79715 2.07091 182 182 182
2.41133 56.79987 2.17145 187 187 187
2.32199 56.80060 2.26031 187 187 187
2.23960 56.79993 2.35555 187 187 187
2.14411 56.80300 2.43765 191 191 191
2.05063 56.80360 2.52157 181 181 181
1.95215 56.80317 2.59954 189 189 189
1.84946 56.79856 2.67174 193 193 193
1.74624 56.80367 2.74289 189 189 189
1.64665 56.79737 2.82021 199 199 199
1.53330 56.80078 2.87522 196 196 196
1.42688 56.79878 2.94253 197 197 197
1.31113 56.79918 2.99180 190 190 190
1.19632 56.79962 3.04258 197 197 197
1.08246 56.80554 3.09659 199 199 199
0.96103 56.79746 3.13019 199 199 199
0.84174 56.79534 3.16976 191 191 191
0.72056 56.79780 3.20337 187 187 187
0.59629 56.79514 3.22323 202 202 202
0.47247 56.79977 3.24352 196 196 196
0.34871 56.79823 3.26479 191 191 191
0.22438 56.80142 3.28526 192 192 192
0.09834 56.80004 3.28374 198 198 198
-0.02720 56.80077 3.29480 193 193 193
-0.15283 56.80221 3.28645 187 187 187
-0.27830 56.79592 3.27938 190 190 190
-0.40335 56.79904 3.26684 196 196 196
-0.52676 56.79343 3.24286 199 199 199
-0.65223 56.80027 3.23100 192 192 192
-0.77230 56.80473 3.19234 198 198 198
-0.89779 56.79712 3.17564 201 201 201
-1.01417 56.80025 3.12636 189 189 189
-1.13329 56.80213 3.08694 193 193 193
-1.25193 56.80098 3.04551 190 190 190
-1.36657 56.80357 2.99408 188 188 188
-1.47948 56.80054 2.93902 191 191 191
-1.59063 56.79850 2.88046 188 188 188
-1.69462 56.80044 2.80974 200 200 200
-1.80096 56.80156 2.74337 195 195 195
-1.90906 56.79989 2.67891 193 193 193
-2.00706 56.80404 2.60019 192 192 192
-2.10436 56.80630 2.52080 191 191 191
-2.19878 56.79803 2.43796 194 194 194
-2.29035 56.79894 2.35190 192 192 192
-2.38119 56.79767 2.26476 196 196 196
-2.45828 56.79549 2.16509 185 185 185
-2.54303 56.79788 2.07207 188 188 188
-2.61046 56.79438 1.96560 186 186 186
-2.68443 56.80067 1.86425 177 177 177
-2.75376 56.80310 1.75959 188 188 188
-2.81947 56.80248 1.65250 175 175 175
-2.88251 56.80642 1.54361 189 189 189
-2.93148 56.79783 1.42764 173 173 173
-2.98257 56.79847 1.31291 179 179 179
-3.03071 56.80222 1.19681 182 182 182
-3.07311 56.79956 1.07843 170 170 170
-3.10502 56.79612 0.95679 178 178 178
-3.14430 56.79977 0.83710 177 177 177
-3.16252 56.80357 0.71241 174 174 174
-3.18589 56.79882 0.58904 170 170 170
-3.20550 56.80230 0.46493 166 166 166
-3.20767 56.79934 0.33906 169 169 169
-3.22554 56.80142 0.21441 167 167 167
-3.22806 56.79815 0.08875 164 164 164
-3.21594 56.80033 -0.03654 160 160 160
-3.21248 56.79704 -0.16194 172 172 172
-3.20173 56.79999 -0.28698 168 168 168
-3.19267 56.79837 -0.41261 158 158 158
-3.16911 56.79989 -0.53622 161 161 161
-3.14019 56.80751 -0.65861 160 160 160
-3.10869 56.80051 -0.78032 161 161 161
-3.06406 56.80179 -0.89799 155 155 155
-3.02976 56.80476 -1.01896 152 152 152
-2.97611 56.79903 -1.13273 152 152 152
-2.92747 56.79645 -1.24830 157 157 157
-2.88361 56.79533 -1.36667 155 155 155
-2.82476 56.79902 -1.47796 158 158 158
-2.75873 56.79748 -1.58514 151 151 151
-2.68772 56.80240 -1.68896 154 154 154
-2.61950 56.79569 -1.79467 147 147 147
-2.54508 56.80016 -1.89619 149 149 149
-2.46165 56.80111 -1.99047 150 150 150
-2.38364 56.79627 -2.08953 152 152 152
-2.28839 56.79846 -2.17244 149 149 149
-2.20150 56.79927 -2.26340 155 155 155
-2.09933 56.79860 -2.33740 138 138 138
-2.00911 56.79685 -2.42530 141 141 141
-1.90757 56.79867 -2.49937 144 144 144
-1.80712 56.80378 -2.57510 138 138 138
-1.69933 56.80190 -2.63993 144 144 144
-1.58908 56.80106 -2.70020 146 146 146
-1.48368 56.79769 -2.76976 144 144 144
-1.36760 56.80179 -2.81882 142 142 142
-1.25088 56.80094 -2.86548 140 140 140
-1.13726 56.79373 -2.92021 137 137 137
-1.01584 56.79803 -2.95400 140 140 140
-0.89824 56.79933 -2.99973 140 140 140
-0.77479 56.79938 -3.02519 140 140 140
-0.65411 56.80165 -3.06298 143 143 143
-0.52744 56.79875 -3.06966 144 144 144
-0.40310 56.80267 -3.08725 144 144 144
-0.27784 56.80335 -3.09600 137 137 137
-0.15249 56.79728 -3.10034 143 143 143
-0.02720 56.79655 -3.12003 142 142 142
0.09837 56.79883 -3.10711 140 140 140
0.22379 56.79948 -3.10030 138 138 138
0.34815 56.80215 -3.08251 141 141 141
0.47482 56.80288 -3.08088 135 135 135
0.59852 56.80153 -3.05694 149 149 149
0.71837 56.79822 -3.01673 131 131 131
0.84177 56.80005 -2.99237 134 134 134
0.96320 56.79707 -2.95937 144 144 144
1.07951 56.80332 -2.91111 144 144 144
1.19786 56.80299 -2.86880 135 135 135
1.30991 56.79964 -2.81165 135 135 135
1.42969 56.80061 -2.77054 150 150 150
1.53803 56.80422 -2.70615 141 141 141
1.64642 56.79984 -2.64234 141 141 141
1.75066 56.80048 -2.57200 142 142 142
1.85498 56.79748 -2.50184 148 148 148
1.95372 56.80178 -2.42402 141 141 141
2.05522 56.80178 -2.34944 143 143 143
2.14641 56.79976 -2.26265 150 150 150
2.23271 56.80083 -2.17115 147 147 147
2.32300 56.79772 -2.08375 156 156 156
2.40441 56.80075 -1.98804 151 151 151
2.49022 56.80196 -1.89582 152 152 152
2.55746 56.79970 -1.78911 155 155 155
2.63250 56.80095 -1.68840 154 154 154
2.69815 56.80188 -1.58134 151 151 151
2.76165 56.80185 -1.47308 161 161 161
2.82390 56.79852 -1.36396 159 159 159
2.87728 56.80028 -1.25023 160 160 160
2.92776 56.79906 -1.13523 161 161 161
2.97889 56.80151 -1.02025 155 155 155
3.01457 56.79639 -0.89958 156 156 156
3.05853 56.80340 -0.78151 157 157 157
3.07737 56.80122 -0.65659 163 163 163
3.11291 56.79926 -0.53585 170 170 170
3.12936 56.79898 -0.41120 163 163 163
3.14646 56.79922 -0.28688 161 161 161
3.15627 56.79985 -0.16179 164 164 164
3.16108 56.79513 -0.03652 170 170 170
3.16711 57.19686 0.08938 170 170 170
3.16318 57.19863 0.21510 171 171 171
3.15511 57.20176 0.34057 171 171 171
3.13664 57.19809 0.46496 167 167 167
3.12376 57.20039 0.58993 169 169 169
3.09991 57.19542 0.71328 178 178 178
3.07516 57.20192 0.83646 175 175 175
3.03698 57.20106 0.95623 178 178 178
3.00117 57.19945 1.07642 174 174 174
2.95880 57.20222 1.19446 176 176 176
2.92561 57.20183 1.31638 173 173 173
2.86702 57.20047 1.42799 188 188 188
2.80750 57.20615 1.53854 182 182 182
2.75610 57.20099 1.65339 183 183 183
2.69280 57.20060 1.76199 177 177 177
2.62688 57.19666 1.86909 183 183 183
2.55417 57.19959 1.97172 186 186 186
2.47961 57.19991 2.07304 183 183 183
2.39407 57.19873 2.16541 188 188 188
2.31184 57.20076 2.26030 182 182 182
2.22980 57.20144 2.35582 190 190 190
2.13483 57.19418 2.43847 184 184 184
2.03978 57.20064 2.52056 186 186 186
1.94476 57.19850 2.60279 190 190 190
1.84296 57.20051 2.67644 183 183 183
1.73685 57.19801 2.74361 197 197 197
1.63242 57.19916 2.81305 194 194 194
1.52598 57.19815 2.87966 197 197 197
1.41897 57.20178 2.94620 192 192 192
1.30289 57.19920 2.99507 190 190 190
1.18718 57.20303 3.04395 196 196 196
1.07109 57.20225 3.09203 196 196 196
0.95253 57.19785 3.13376 197 197 197
0.83205 57.20252 3.16956 193 193 193
0.70946 57.20343 3.19716 192 192 192
0.58762 57.20106 3.22780 187 187 187
0.46381 57.20302 3.24916 201 201 201
0.33895 57.20210 3.26280 199 199 199
0.21447 57.20226 3.28022 196 196 196
0.08909 57.20099 3.28976 192 192 192
-0.03665 57.20351 3.29588 200 200 200
-0.16207 57.20194 3.28140 204 204 204
-0.28802 57.19829 3.28330 194 194 194
-0.41299 57.20331 3.26904 195 195 195
-0.53657 57.20034 3.24573 198 198 198
-0.65919 57.20031 3.21909 192 192 192
-0.78466 57.20009 3.20505 200 200 200
-0.90690 57.19673 3.17504 193 193 193
-1.02378 57.20316 3.12744 197 197 197
-1.14147 57.20140 3.08413 187 187 187
-1.26151 57.20042 3.04646 192 192 192
-1.37969 57.20013 3.00264 187 187 187
-1.48961 57.20167 2.94096 197 197 197
-1.60352 57.20074 2.88723 193 193 193
-1.71555 57.20050 2.82909 190 190 190
-1.80972 57.20220 2.74297 189 189 189
-1.91702 57.20208 2.67749 193 193 193
-2.01895 57.19853 2.60391 189 189 189
-2.11558 57.20058 2.52349 195 195 195
-2.20814 57.20224 2.43848 190 190 190
-2.29467 57.19900 2.34739 185 185 185
-2.38609 57.19669 2.26118 190 190 190
-2.46737 57.19785 2.16540 185 185 185
-2.55731 57.20263 2.07651 179 179 179
-2.62680 57.19943 1.97123 188 188 188
-2.69763 57.19997 1.86738 191 191 191
-2.76674 57.19700 1.76238 183 183 183
-2.82626 57.20167 1.65163 178 178 178
-2.89103 57.20151 1.54376 180 180 180
-2.95071 57.19921 1.43277 181 181 181
-2.99461 57.20375 1.31460 176 176 176
-3.03728 57.20219 1.19637 171 171 171
-3.08438 57.20135 1.07964 170 170 170
-3.11146 57.19973 0.95656 174 174 174
-3.14086 57.20023 0.83463 176 176 176
-3.16334 57.20118 0.71131 173 173 173
-3.19306 57.19751 0.58930 169 169 169
-3.22013 57.20369 0.46616 177 177 177
-3.21861 57.20470 0.33980 171 171 171
-3.24378 57.19818 0.21538 168 168 168
-3.23560 57.19784 0.08938 165 165 165
-3.24504 57.19790 -0.03668 162 162 162
-3.22891 57.19933 -0.16186 168 168 168
-3.21471 57.20226 -0.28677 167 167 167
-3.19124 57.20247 -0.41026 162 162 162
-3.16799 57.19752 -0.53349 165 165 165
-3.14649 57.20182 -0.65723 159 159 159
-3.10700 57.20011 -0.77655 161 161 161
-3.07601 57.20017 -0.89817 159 159 159
-3.03883 57.19681 -1.01819 163 163 163
-2.99736 57.20231 -1.13699 154 154 154
-2.94699 57.19701 -1.25231 154 154 154
-2.88809 57.19956 -1.36351 156 156 156
-2.82648 57.20219 -1.47300 148 148 148
-2.76419 57.20285 -1.58206 160 160 160
-2.70413 57.20191 -1.69298 149 149 149
-2.62739 57.19894 -1.79290 153 153 153
-2.54763 57.20004 -1.89012 149 149 149
-2.46919 57.19884 -1.98821 141 141 141
-2.38272 57.19744 -2.07931 148 148 148
-2.30639 57.20420 -2.18037 149 149 149
-2.20734 57.20080 -2.25887 153 153 153
-2.11502 57.19821 -2.34408 149 149 149
-2.01911 57.20250 -2.42536 141 141 141
-1.91901 57.19899 -2.50148 145 145 145
-1.81038 57.19957 -2.56519 147 147 147
-1.70073 57.20030 -2.62616 134 134 134
-1.59556 57.20067 -2.69426 143 143 143
-1.48910 57.19866 -2.76122 143 143 143
-1.37600 57.20266 -2.81590 142 142 142
-1.26243 57.19760 -2.86992 141 141 141
-1.14423 57.19819 -2.91284 137 137 137
-1.02481 57.19947 -2.95187 149 149 149
-0.90684 57.19616 -2.99609 144 144 144
-0.78593 57.20236 -3.03162 140 140 140
-0.66245 57.20306 -3.05671 142 142 142
-0.53700 57.19742 -3.06970 144 144 144
-0.41375 57.20003 -3.09674 130 130 130
-0.28787 57.19716 -3.10268 141 141 141
-0.16219 57.19868 -3.10591 138 138 138
-0.03665 57.19668 -3.11123 139 139 139
0.08920 57.20041 -3.11380 133 133 133
0.21443 57.20153 -3.10092 146 146 146
0.33951 57.20167 -3.08881 138 138 138
0.46190 57.19808 -3.05837 139 139 139
0.58811 57.19750 -3.05151 143 143 143
0.71084 57.19492 -3.02416 142 142 142
0.83422 57.20079 -2.99852 139 139 139
0.95329 57.20258 -2.95735 139 139 139
1.07068 57.20240 -2.91218 140 140 140
1.18923 57.19922 -2.87016 141 141 141
1.30386 57.19816 -2.81841 144 144 144
1.41451 57.19582 -2.75868 149 149 149
1.52448 57.20525 -2.69822 144 144 144
1.63242 57.20134 -2.63430 144 144 144
1.73742 57.20187 -2.56571 147 147 147
1.84061 57.19979 -2.49445 144 144 144
1.94868 57.20154 -2.42901 145 145 145
2.04200 57.19702 -2.34441 144 144 144
2.13724 57.20590 -2.26233 148 148 148
2.22469 57.19420 -2.17197 152 152 152
2.31813 57.19942 -2.08736 145 145 145
2.39674 57.20444 -1.98894 148 148 148
2.47967 57.20030 -1.89433 151 151 151
2.55141 57.20027 -1.79096 150 150 150
2.61839 57.19759 -1.68467 152 152 152
2.69052 57.20263 -1.58184 151 151 151
2.74935 57.19995 -1.47086 153 153 153
2.81421 57.19842 -1.36321 155 155 155
2.86742 57.19784 -1.24942 152 152 152
2.92414 57.20434 -1.13703 162 162 162
2.96498 57.20046 -1.01799 161 161 161
3.01431 57.19918 -0.90194 160 160 160
3.04387 57.20437 -0.77942 165 165 165
3.07630 57.20116 -0.65798 158 158 158
3.10132 57.20298 -0.53481 159 159 159
3.11984 57.20381 -0.41056 168 168 168
3.14115 57.20066 -0.28674 164 164 164
3.15405 57.19888 -0.16174 167 167 167
3.16578 57.19820 -0.03645 168 168 168
3.15179 57.59625 0.09000 174 174 174
3.15420 57.59946 0.21574 162 162 162
3.14678 57.60219 0.34128 161 161 161
3.13466 57.60177 0.46647 173 173 173
3.10650 57.60368 0.58932 175 175 175
3.09306 57.60278 0.71442 172 172 172
3.06396 57.59717 0.83666 170 170 170
3.03954 57.59940 0.96024 173 173 173
2.99661 57.60419 1.07863 171 171 171
2.94579 57.60196 1.19376 173 173 173
2.90794 57.60117 1.31360 178 178 178
2.85203 57.59801 1.42605 180 180 180
2.80331 57.59746 1.54184 180 180 180
2.74159 57.60462 1.65118 181 181 181
2.68521 57.59971 1.76374 180 180 180
2.61494 57.60017 1.86804 186 186 186
2.53857 57.60312 1.96786 183 183 183
2.45895 57.59854 2.06481 186 186 186
2.38785 57.59770 2.16878 187 187 187
2.30212 57.60487 2.26066 188 188 188
2.21249 57.60029 2.34858 179 179 179
2.12167 57.59740 2.43506 186 186 186
2.03225 57.60168 2.52342 194 194 194
1.93129 57.60032 2.59829 187 187 187
1.82651 57.59976 2.66742 189 189 189
1.73291 57.59759 2.75246 192 192 192
1.62420 57.59989 2.81566 195 195 195
1.51449 57.60217 2.87662 196 196 196
1.40853 57.59931 2.94486 190 190 190
1.29368 57.60268 2.99619 190 190 190
1.17836 57.59904 3.04607 192 192 192
1.06389 57.60459 3.09872 196 196 196
0.94084 57.59829 3.12745 198 198 198
0.82220 57.60442 3.16873 190 190 190
0.70311 57.59940 3.21062 194 194 194
0.58115 57.59612 3.24332 193 193 193
0.45346 57.60027 3.24400 192 192 192
0.32971 57.60078 3.26510 195 195 195
0.20475 57.60207 3.27715 191 191 191
0.07947 57.59751 3.28564 203 203 203
-0.04609 57.59787 3.29405 188 188 188
-0.17176 57.60174 3.28858 207 207 207
-0.29728 57.59886 3.28164 198 198 198
-0.42242 57.59983 3.26962 192 192 192
-0.54687 57.59826 3.25183 197 197 197
-0.67046 57.60035 3.22895 197 197 197
-0.79245 57.59974 3.19884 190 190 190
-0.91314 57.59888 3.16434 196 196 196
-1.03490 57.59598 3.13326 194 194 194
-1.15205 57.60021 3.08785 182 182 182
-1.27085 57.59961 3.04684 194 194 194
-1.38620 57.60202 2.99693 190 190 190
-1.49661 57.59971 2.93680 195 195 195
-1.60513 57.59765 2.87388 190 190 190
-1.71996 57.59554 2.82151 190 190 190
-1.82368 57.59737 2.75035 190 190 190
-1.92624 57.60010 2.67780 194 194 194
-2.03106 57.60300 2.60793 188 188 188
-2.12187 57.59701 2.52043 186 186 186
-2.21841 57.59988 2.44000 184 184 184
-2.31150 57.60072 2.35541 191 191 191
-2.39918 57.60013 2.26518 187 187 187
-2.47871 57.60054 2.16765 189 189 189
-2.56110 57.59926 2.07268 182 182 182
-2.62937 57.60038 1.96686 191 191 191
-2.71001 57.60088 1.86998 188 188 188
-2.77585 57.59498 1.76280 188 188 188
-2.83880 57.59895 1.65399 177 177 177
-2.90327 57.60155 1.54581 183 183 183
-2.95411 57.59654 1.43062 180 180 180
-2.99593 57.59713 1.31187 183 183 183
-3.04659 57.60323 1.19694 179 179 179
-3.09168 57.59877 1.07957 180 180 180
-3.12132 57.59675 0.95731 171 171 171
-3.15184 57.59938 0.83563 176 176 176
-3.18554 57.59567 0.71448 178 178 178
-3.20563 57.59909 0.59042 173 173 173
-3.22382 57.60431 0.46611 165 165 165
-3.24001 57.60114 0.34137 171 171 171
-3.23850 57.60205 0.21543 172 172 172
-3.24162 57.60242 0.09000 167 167 167
-3.24171 57.59697 -0.03556 164 164 164
-3.23805 57.60295 -0.16121 161 161 161
-3.21832 57.59950 -0.28546 156 156 156
-3.20263 57.59904 -0.40995 162 162 162
-3.17991 57.59980 -0.53336 154 154 154
-3.15801 57.59711 -0.65711 163 163 163
-3.12488 57.60010 -0.77831 163 163 163
-3.09850 57.59911 -0.90179 159 159 159
-3.04609 57.59494 -1.01676 160 160 160
-3.00300 57.59935 -1.13479 154 154 154
-2.95221 57.60050 -1.24974 151 151 151
-2.89838 57.59990 -1.36331 160 160 160
-2.83468 57.59842 -1.47169 152 152 152
-2.77180 57.60017 -1.58032 151 151 151
-2.70499 57.59845 -1.68662 154 154 154
-2.63925 57.60035 -1.79404 156 156 156
-2.55966 57.59885 -1.89154 151 151 151
-2.48088 57.60176 -1.98951 148 148 148
-2.40045 57.59721 -2.08635 150 150 150
-2.30812 57.60217 -2.17203 151 151 151
-2.22071 57.59786 -2.26250 145 145 145
-2.12408 57.59655 -2.34302 154 154 154
-2.02450 57.59603 -2.41961 151 151 151
-1.92557 57.59800 -2.49689 144 144 144
-1.82831 57.59832 -2.57728 142 142 142
-1.71862 57.59917 -2.63933 139 139 139
-1.60863 57.59951 -2.70012 142 142 142
-1.50097 57.60307 -2.76537 141 141 141
-1.38816 57.60073 -2.82118 143 143 143
-1.27058 57.60281 -2.86619 144 144 144
-1.15364 57.60134 -2.91215 145 145 145
-1.03500 57.60174 -2.95354 138 138 138
-0.91407 57.59841 -2.98763 142 142 142
-0.79331 57.59905 -3.02241 143 143 143
-0.67148 57.60540 -3.05406 141 141 141
-0.54641 57.59517 -3.06888 146 146 146
-0.42165 57.60172 -3.08307 146 146 146
-0.29723 57.59896 -3.10111 132 132 132
-0.17164 57.60218 -3.10538 141 141 141
-0.04609 57.60135 -3.10993 138 138 138
0.07930 57.59676 -3.10146 142 142 142
0.20542 57.60040 -3.10567 150 150 150
0.32994 57.60031 -3.08705 135 135 135
0.45398 57.60091 -3.06728 135 135 135
0.57842 57.60101 -3.04960 141 141 141
0.70226 57.59919 -3.02708 144 144 144
0.82180 57.59850 -2.98730 141 141 141
0.94076 57.59532 -2.94720 140 140 140
1.06032 57.60038 -2.90905 137 137 137
1.17758 57.59889 -2.86420 145 145 145
1.29181 57.59647 -2.81212 150 150 150
1.40073 57.59758 -2.74954 148 148 148
1.51623 57.59515 -2.69972 146 146 146
1.63110 57.59683 -2.64693 146 146 146
1.73141 57.59860 -2.57022 139 139 139
1.83824 57.59661 -2.50356 139 139 139
1.93726 57.59896 -2.42587 148 148 148
2.02800 57.60095 -2.33844 147 147 147
2.12637 57.59569 -2.26016 156 156 156
2.21982 57.59773 -2.17590 149 149 149
2.30197 57.59776 -2.08052 155 155 155
2.39167 57.59785 -1.99205 155 155 155
2.46416 57.59776 -1.88892 151 151 151
2.53783 57.60358 -1.78732 153 153 153
2.62048 57.60017 -1.69174 152 152 152
2.67433 57.60345 -1.57707 161 161 161
2.74287 57.60015 -1.47189 158 158 158
2.80764 57.60040 -1.36405 159 159 159
2.85310 57.59784 -1.24655 158 158 158
2.91324 57.60062 -1.13580 163 163 163
2.95172 57.60783 -1.01595 151 151 151
2.99583 57.60486 -0.89838 164 164 164
3.04235 57.59902 -0.78103 154 154 154
3.07452 57.59957 -0.65919 168 168 168
3.09821 57.60622 -0.53544 170 170 170
3.11222 57.59946 -0.41023 173 173 173
3.12731 57.60196 -0.28560 168 168 168
3.14023 57.59919 -0.16077 168 168 168
3.15894 57.59683 -0.03593 171 171 171
3.14581 58.00404 0.09063 161 161 161
3.14023 58.00052 0.21619 169 169 169
3.14096 57.99603 0.34219 170 170 170
3.12780 57.99581 0.46739 171 171 171
3.10340 58.00238 0.59095 175 175 175
3.07735 57.99800 0.71379 177 177 177
3.05619 58.00127 0.83768 175 175 175
3.01784 58.00243 0.95740 172 172 172
2.98743 57.99587 1.07933 172 172 172
2.94164 57.99797 1.19633 176 176 176
2.89890 58.00144 1.31438 181 181 181
2.85050 57.99985 1.43031 181 181 181
2.79202 57.99762 1.54151 170 170 170
2.73851 57.99871 1.65535 183 183 183
2.67860 57.99930 1.76609 180 180 180
2.59935 57.99961 1.86454 191 191 191
2.53373 58.00067 1.97181 177 177 177
2.45438 58.00110 2.06925 182 182 182
2.37631 57.99915 2.16759 187 187 187
2.29591 58.00227 2.26425 188 188 188
2.20957 57.99960 2.35569 182 182 182
2.11815 57.99843 2.44206 189 189 189
2.01883 57.99985 2.51935 179 179 179
1.92461 58.00285 2.60238 196 196 196
1.82578 57.99740 2.67999 195 195 195
1.72261 57.99875 2.75175 192 192 192
1.61744 57.99905 2.82062 186 186 186
1.50889 57.99976 2.88405 203 203 203
1.39507 58.00118 2.93753 191 191 191
1.28428 58.00469 2.99684 188 188 188
1.17114 57.99762 3.05199 191 191 191
1.05475 57.99573 3.10009 197 197 197
0.93274 58.00317 3.13212 192 192 192
0.81255 57.99854 3.16850 200 200 200
0.69239 57.99573 3.20582 193 193 193
0.56730 58.00001 3.22164 203 203 203
0.44420 58.00174 3.24560 193 193 193
0.32069 58.00259 3.26907 199 199 199
0.19499 57.99935 3.27346 196 196 196
0.07009 58.00290 3.28725 199 199 199
-0.05550 57.99970 3.29178 198 198 198
-0.18122 58.00010 3.29027 198 198 198
-0.30615 58.00042 3.27540 201 201 201
-0.43182 58.00088 3.27008 196 196 196
-0.55618 57.99667 3.25178 191 191 191
-0.67971 57.99598 3.22874 196 196 196
-0.80194 58.00266 3.19976 194 194 194
-0.92462 57.99980 3.17227 189 189 189
-1.04550 58.00156 3.13752 190 190 190
-1.16310 57.99930 3.09290 192 192 192
-1.27898 58.00566 3.04437 194 194 194
-1.39266 57.99750 2.99114 197 197 197
-1.51329 58.00204 2.95170 190 190 190
-1.61916 58.00310 2.88274 192 192 192
-1.72065 58.00270 2.80789 194 194 194
-1.82903 58.00080 2.74490 192 192 192
-1.94238 57.99878 2.68769 188 188 188
-2.03834 58.00388 2.60585 188 188 188
-2.13481 58.00100 2.52518 185 185 185
-2.23481 57.99683 2.44818 194 194 194
-2.32134 57.99995 2.35646 184 184 184
-2.40562 57.99987 2.26305 186 186 186
-2.49964 57.99775 2.17811 184 184 184
-2.56104 58.00035 2.06583 186 186 186
-2.64209 58.00720 1.96989 175 175 175
-2.71875 58.00038 1.87015 181 181 181
-2.78303 57.99724 1.76206 189 189 189
-2.85633 57.99705 1.65916 183 183 183
-2.90824 58.00051 1.54417 181 181 181
-2.96570 57.99813 1.43225 179 179 179
-3.01778 57.99905 1.31764 179 179 179
-3.05418 57.99984 1.19689 179 179 179
-3.09627 57.99682 1.07863 178 178 178
-3.13756 57.99753 0.95986 167 167 167
-3.15984 58.00213 0.83591 174 174 174
-3.19275 58.00194 0.71466 176 176 176
-3.21120 57.99733 0.59044 170 170 170
-3.23237 57.99836 0.46663 168 168 168
-3.23747 58.00150 0.34105 166 166 166
-3.25937 57.99954 0.21651 169 169 169
-3.26060 57.99639 0.09063 173 173 173
-3.25008 57.99707 -0.03489 171 171 171
-3.25062 57.99885 -0.16084 165 165 165
-3.23621 58.00506 -0.28584 173 173 173
-3.22210 57.99739 -0.41092 158 158 158
-3.19049 58.00095 -0.53296 162 162 162
-3.16052 58.00342 -0.65482 163 163 163
-3.12850 58.00606 -0.77605 156 156 156
-3.10621 58.00027 -0.90061 153 153 153
-3.06403 57.99906 -1.01928 159 159 159
-3.00755 57.99893 -1.13215 152 152 152
-2.96331 58.00108 -1.24989 151 151 151
-2.90899 57.99877 -1.36330 151 151 151
-2.85387 58.00068 -1.47653 156 156 156
-2.77558 58.00039 -1.57624 149 149 149
-2.72151 58.00123 -1.69074 158 158 158
-2.63752 58.00259 -1.78532 156 156 156
-2.57249 57.99293 -1.89361 146 146 146
-2.49216 57.99929 -1.99048 145 145 145
-2.40585 57.99920 -2.08201 144 144 144
-2.32285 58.00016 -2.17673 151 151 151
-2.22598 57.99831 -2.25739 144 144 144
-2.13266 57.99696 -2.34141 145 145 145
-2.03100 58.00046 -2.41528 143 143 143
-1.94338 58.00432 -2.50781 145 145 145
-1.83260 57.99825 -2.56899 142 142 142
-1.72844 57.99873 -2.63937 136 136 136
-1.61767 58.00295 -2.69883 148 148 148
-1.51038 58.00449 -2.76473 143 143 143
-1.39358 58.00038 -2.81190 138 138 138
-1.27602 58.00185 -2.85596 147 147 147
-1.16324 57.99777 -2.91203 143 143 143
-1.04155 58.00056 -2.94413 145 145 145
-0.92517 58.00449 -2.99298 140 140 140
-0.80210 58.00295 -3.01916 137 137 137
-0.67969 57.99983 -3.04739 137 137 137
-0.55614 58.00048 -3.07028 139 139 139
-0.43148 57.99949 -3.08597 138 138 138
-0.30662 57.99174 -3.10007 136 136 136
-0.18107 57.99902 -3.10519 139 139 139
-0.05550 57.99585 -3.11723 146 146 146
0.06993 57.99459 -3.10195 143 143 143
0.19550 58.00143 -3.09861 138 138 138
0.32067 57.99865 -3.08765 134 134 134
0.44367 58.00169 -3.06103 142 142 142
0.56757 57.99813 -3.04179 144 144 144
0.69119 58.00079 -3.01959 145 145 145
0.81301 57.99940 -2.98889 140 140 140
0.93351 58.00033 -2.95323 142 142 142
1.04973 57.99716 -2.90523 144 144 144
1.16842 58.00262 -2.86419 134 134 134
1.28187 57.99948 -2.81035 134 134 134
1.39389 57.99749 -2.75397 145 145 145
1.51100 58.00112 -2.70656 146 146 146
1.61605 58.00091 -2.63710 138 138 138
1.72424 57.99983 -2.57295 137 137 137
1.82162 57.99846 -2.49301 149 149 149
1.92177 57.99963 -2.41753 143 143 143
2.01935 58.00347 -2.33872 147 147 147
2.11551 57.99817 -2.25796 148 148 148
2.20702 58.00053 -2.17190 156 156 156
2.29533 58.00307 -2.08246 148 148 148
2.37888 57.99783 -1.98853 154 154 154
2.45638 57.99963 -1.88958 152 152 152
2.53279 58.00182 -1.78988 149 149 149
2.60459 57.99861 -1.68679 150 150 150
2.67371 57.99736 -1.58184 148 148 148
2.74118 57.99755 -1.47559 155 155 155
2.79160 58.00258 -1.36005 154 154 154
2.84560 58.00295 -1.24680 160 160 160
2.89738 58.00099 -1.13250 165 165 165
2.95554 58.00123 -1.02021 161 161 161
2.98482 58.00431 -0.89723 156 156 156
3.02763 57.99994 -0.77891 163 163 163
3.04901 58.00168 -0.65470 155 155 155
3.08555 57.99913 -0.53417 156 156 156
3.11357 57.99747 -0.41131 168 168 168
3.11389 57.99956 -0.28450 165 165 165
3.13903 57.99797 -0.16079 168 168 168
3.13820 57.99861 -0.03486 163 163 163
3.13806 58.40468 0.09125 177 177 177
3.13000 58.39749 0.21678 172 172 172
3.11951 58.40272 0.34187 168 168 168
3.10908 58.40130 0.46691 174 174 174
3.09575 58.39707 0.59185 169 169 169
3.07404 58.39976 0.71562 180 180 180
3.04535 58.39550 0.83795 172 172 172
3.01774 58.39478 0.96064 165 165 165
2.97446 58.39683 1.07880 180 180 180
2.94344 58.39983 1.20108 176 176 176
2.89016 58.39675 1.31527 173 173 173
2.83986 58.40132 1.43036 173 173 173
2.79191 58.39960 1.54686 181 181 181
2.72822 58.39907 1.65547 187 187 187
2.66033 58.39945 1.76127 181 181 181
2.59991 58.40215 1.87181 178 178 178
2.52453 58.39498 1.97257 184 184 184
2.44439 58.40073 2.06940 178 178 178
2.36713 58.40275 2.16839 189 189 189
2.29062 58.40091 2.26866 186 186 186
2.19760 58.39502 2.35374 188 188 188
2.09978 58.39779 2.43298 189 189 189
2.01546 58.39874 2.52703 186 186 186
1.91368 58.40070 2.60105 194 194 194
1.81934 58.40342 2.68466 193 193 193
1.71127 58.40113 2.74945 194 194 194
1.60412 58.40326 2.81482 193 193 193
1.50177 58.40168 2.88872 199 199 199
1.38951 58.40057 2.94567 191 191 191
1.27220 58.39998 2.99162 189 189 189
1.15993 58.39786 3.04821 195 195 195
1.04305 58.40189 3.09445 193 193 193
0.92087 58.40036 3.12509 187 187 187
0.80336 58.39929 3.16983 196 196 196
0.68124 58.39817 3.19909 201 201 201
0.55807 58.39937 3.22307 196 196 196
0.43575 58.40071 3.25214 192 192 192
0.31194 58.39722 3.27509 198 198 198
0.18670 58.40088 3.28794 203 203 203
0.06096 58.40043 3.29423 195 195 195
-0.06489 58.40105 3.29238 205 205 205
-0.19045 58.39692 3.28697 201 201 201
-0.31611 58.40192 3.28336 198 198 198
-0.44017 58.40219 3.26196 193 193 193
-0.56459 58.39793 3.24622 197 197 197
-0.68867 58.40123 3.22723 193 193 193
-0.81078 58.40046 3.19813 193 193 193
-0.93321 58.40008 3.17010 197 197 197
-1.05443 58.39956 3.13675 199 199 199
-1.17302 58.40237 3.09497 192 192 192
-1.29055 58.39926 3.05026 194 194 194
-1.40719 58.39951 3.00293 190 190 190
-1.51947 58.40065 2.94603 189 189 189
-1.62877 58.40187 2.88375 188 188 188
-1.73814 58.39942 2.82175 192 192 192
-1.84530 58.39846 2.75583 188 188 188
-1.94604 58.39963 2.68044 191 191 191
-2.04728 58.40056 2.60591 192 192 192
-2.14088 58.39825 2.52192 191 191 191
-2.23632 58.39885 2.44029 187 187 187
-2.32528 58.40235 2.35164 186 186 186
-2.41451 58.39758 2.26322 184 184 184
-2.50150 58.39927 2.17232 182 182 182
-2.58602 58.40185 2.07875 186 186 186
-2.65869 58.39931 1.97576 188 188 188
-2.72370 58.39941 1.86781 183 183 183
-2.80101 58.40182 1.76795 179 179 179
-2.85941 58.39514 1.65626 190 190 190
-2.91963 58.39743 1.54581 178 178 178
-2.96819 58.40189 1.42969 185 185 185
-3.02639 58.39637 1.31794 176 176 176
-3.06416 58.40106 1.19774 175 175 175
-3.11150 58.39882 1.08115 175 175 175
-3.14044 58.39751 0.95865 175 175 175
-3.18203 58.39982 0.83961 176 176 176
-3.19928 58.39628 0.71472 169 169 169
-3.22709 58.39985 0.59209 174 174 174
-3.23479 58.39788 0.46643 173 173 173
-3.25055 58.39819 0.34197 170 170 170
-3.26302 58.39840 0.21691 169 169 169
-3.25836 58.40148 0.09125 172 172 172
-3.26851 58.40296 -0.03462 167 167 167
-3.25084 58.40298 -0.15949 170 170 170
-3.24936 58.40198 -0.28566 160 160 160
-3.22525 58.40250 -0.40930 168 168 168
-3.20226 58.39891 -0.53281 168 168 168
-3.18094 58.39638 -0.65685 163 163 163
-3.14536 58.40502 -0.77753 154 154 154
-3.10639 58.40066 -0.89700 159 159 159
-3.06189 58.39710 -1.01440 157 157 157
-3.01783 58.39646 -1.13190 161 161 161
-2.97539 58.40361 -1.25051 161 161 161
-2.90630 58.40307 -1.35652 150 150 150
-2.84895 58.40160 -1.46790 154 154 154
-2.78620 58.40318 -1.57637 150 150 150
-2.72054 58.40484 -1.68320 155 155 155
-2.65199 58.40153 -1.78839 148 148 148
-2.56855 58.39616 -1.88248 146 146 146
-2.49631 58.39605 -1.98538 147 147 147
-2.42038 58.40081 -2.08615 155 155 155
-2.32809 58.39662 -2.17195 146 146 146
-2.24183 58.39867 -2.26375 142 142 142
-2.14140 58.40312 -2.34003 150 150 150
-2.04691 58.40161 -2.42294 139 139 139
-1.94553 58.39690 -2.49724 145 145 145
-1.84325 58.40098 -2.57026 148 148 148
-1.73539 58.39781 -2.63477 144 144 144
-1.62636 58.40028 -2.69696 146 146 146
-1.51642 58.39929 -2.75753 145 145 145
-1.40547 58.40337 -2.81671 137 137 137
-1.28943 58.40288 -2.86507 133 133 133
-1.17317 58.39827 -2.91288 144 144 144
-1.05478 58.40639 -2.95533 147 147 147
-0.93463 58.39921 -2.99261 138 138 138
-0.81211 58.40122 -3.02117 135 135 135
-0.69073 58.39912 -3.05506 144 144 144
-0.56522 58.40183 -3.06770 144 144 144
-0.44000 58.39779 -3.07805 144 144 144
-0.31644 58.40077 -3.10501 148 148 148
-0.19048 58.40152 -3.10521 137 137 137
-0.06489 58.40144 -3.10396 141 141 141
0.06066 58.40301 -3.10414 140 140 140
0.18634 58.40008 -3.10094 142 142 142
0.31040 58.40047 -3.07955 138 138 138
0.43667 58.40099 -3.07544 143 143 143
0.55951 58.40111 -3.04781 141 141 141
0.67965 58.40020 -3.00999 140 140 140
0.80526 58.39756 -2.99407 138 138 138
0.92365 58.40062 -2.95116 136 136 136
1.04408 58.40041 -2.91474 142 142 142
1.15970 58.40608 -2.86518 145 145 145
1.27367 58.40114 -2.81231 138 138 138
1.39220 58.39970 -2.76844 145 145 145
1.49852 58.39509 -2.70041 139 139 139
1.61052 58.40193 -2.64277 137 137 137
1.71356 58.39778 -2.57038 144 144 144
1.81692 58.39861 -2.49883 140 140 140
1.91927 58.39819 -2.42564 149 149 149
2.01137 58.39737 -2.33973 149 149 149
2.10370 58.40434 -2.25471 153 153 153
2.20234 58.39632 -2.17598 146 146 146
2.28642 58.39440 -2.08228 152 152 152
2.37270 58.39984 -1.99065 149 149 149
2.44291 58.39934 -1.88574 152 152 152
2.52435 58.39830 -1.78994 152 152 152
2.59731 58.39767 -1.68757 154 154 154
2.66111 58.40106 -1.57925 153 153 153
2.72464 58.40091 -1.47096 148 148 148
2.78198 58.40129 -1.35930 156 156 156
2.83631 58.40020 -1.24622 153 153 153
2.88762 58.40005 -1.13172 156 156 156
2.93277 58.40178 -1.01464 164 164 164
2.97822 58.40017 -0.89751 154 154 154
3.01808 58.40323 -0.77824 164 164 164
3.05321 58.40279 -0.65734 167 167 167
3.07107 58.39890 -0.53253 166 166 166
3.09363 58.39429 -0.40901 163 163 163
3.11478 58.39657 -0.28509 165 165 165
3.12861 58.40169 -0.16008 159 159 159
3.12666 58.39990 -0.03415 166 166 166
3.12466 58.79597 0.09187 169 169 169
3.11636 58.79883 0.21723 165 165 165
3.11256 58.80000 0.34268 168 168 168
3.10179 58.80207 0.46778 176 176 176
3.08563 58.79911 0.59235 173 173 173
3.06036 58.80002 0.71539 174 174 174
3.03697 58.80075 0.83881 176 176 176
3.01263 58.80016 0.96246 175 175 175
2.96859 58.80143 1.08055 174 174 174
2.93209 58.80005 1.20097 176 176 176
2.87746 58.79807 1.31451 181 181 181
2.82894 58.79726 1.43026 179 179 179
2.78090 58.80037 1.54664 176 176 176
2.72099 58.80226 1.65728 177 177 177
2.64963 58.79367 1.76106 183 183 183
2.58309 58.79676 1.86745 185 185 185
2.51478 58.80231 1.97291 187 187 187
2.45082 58.80261 2.08247 184 184 184
2.34906 58.80082 2.16157 184 184 184
2.27632 58.79947 2.26471 194 194 194
2.18509 58.79939 2.35120 190 190 190
2.09991 58.80086 2.44386 186 186 186
2.00929 58.79661 2.53138 190 190 190
1.90689 58.79785 2.60492 187 187 187
1.80414 58.79809 2.67724 191 191 191
1.70421 58.79758 2.75351 189 189 189
1.59693 58.79940 2.81898 188 188 188
1.48921 58.79828 2.88362 180 180 180
1.37974 58.80201 2.94547 190 190 190
1.26475 58.79651 2.99637 187 187 187
1.15118 58.79769 3.05030 195 195 195
1.03352 58.80204 3.09459 186 186 186
0.91548 58.79832 3.13793 189 189 189
0.79388 58.80171 3.16999 191 191 191
0.67241 58.80203 3.20189 195 195 195
0.54876 58.80091 3.22391 196 196 196
0.42498 58.80074 3.24386 189 189 189
0.30224 58.80286 3.27271 194 194 194
0.17730 58.79956 3.28799 196 196 196
0.05074 58.80119 3.27286 196 196 196
-0.07424 58.80212 3.29742 189 189 189
-0.19974 58.79740 3.28608 192 192 192
-0.32479 58.79859 3.27547 196 196 196
-0.45043 58.80095 3.27026 196 196 196
-0.57489 58.79497 3.25282 192 192 192
-0.69947 58.79654 3.23513 196 196 196
-0.82208 58.80036 3.20683 205 205 205
-0.94041 58.80278 3.16306 196 196 196
-1.06150 58.80015 3.13034 194 194 194
-1.17968 58.79843 3.08829 192 192 192
-1.30029 58.79688 3.05182 185 185 185
-1.41388 58.79963 2.99778 189 189 189
-1.52421 58.80017 2.93761 189 189 189
-1.63584 58.79552 2.88031 192 192 192
-1.74479 58.79465 2.81797 188 188 188
-1.85317 58.79949 2.75424 192 192 192
-1.95953 58.80012 2.68675 197 197 197
-2.05904 58.79836 2.60958 194 194 194
-2.15435 58.79676 2.52737 189 189 189
-2.24596 58.79894 2.44123 182 182 182
-2.33604 58.80208 2.35367 191 191 191
-2.42871 58.79891 2.26833 182 182 182
-2.50439 58.80153 2.16742 182 182 182
-2.59207 58.80123 2.07677 185 185 185
-2.66867 58.80043 1.97684 183 183 183
-2.73134 58.79796 1.86729 176 176 176
-2.80961 58.80396 1.76811 183 183 183
-2.85880 58.79515 1.65130 179 179 179
-2.92429 58.79625 1.54405 185 185 185
-2.97627 58.80124 1.42973 176 176 176
-3.02806 58.80095 1.31539 176 176 176
-3.06869 58.79993 1.19659 175 175 175
-3.11808 58.79967 1.08088 176 176 176
-3.15367 58.80478 0.96036 182 182 182
-3.17888 58.79861 0.83723 178 178 178
-3.21263 58.80069 0.71614 161 161 161
-3.23192 58.79572 0.59200 164 164 164
-3.25140 58.80176 0.46792 176 176 176
-3.26615 58.79510 0.34308 170 170 170
-3.26026 58.80137 0.21705 172 172 172
-3.28105 58.79925 0.09188 165 165 165
-3.27224 58.80343 -0.03377 174 174 174
-3.26577 58.79771 -0.15930 165 165 165
-3.25767 58.79626 -0.28491 164 164 164
-3.23644 58.80141 -0.40897 157 157 157
-3.21972 58.79902 -0.53380 171 171 171
-3.18585 58.79882 -0.65516 160 160 160
-3.15488 58.80231 -0.77696 160 160 160
-3.12067 58.79470 -0.89797 159 159 159
-3.07595 58.79953 -1.01552 161 161 161
-3.03352 58.80350 -1.13390 151 151 151
-2.96911 58.79775 -1.24268 159 159 159
-2.93265 58.80129 -1.36456 154 154 154
-2.86591 58.80016 -1.47154 154 154 154
-2.81005 58.80163 -1.58463 156 156 156
-2.73337 58.80458 -1.68490 163 163 163
-2.66041 58.79818 -1.78709 155 155 155
-2.59065 58.79753 -1.89191 143 143 143
-2.50911 58.80242 -1.98770 151 151 151
-2.42291 58.79713 -2.07921 156 156 156
-2.34199 58.79778 -2.17588 146 146 146
-2.24704 58.79738 -2.25865 147 147 147
-2.14921 58.80054 -2.33760 155 155 155
-2.05423 58.79848 -2.41973 150 150 150
-1.95618 58.79746 -2.49839 144 144 144
-1.84865 58.80213 -2.56372 138 138 138
-1.74255 58.80008 -2.63056 142 142 142
-1.63876 58.79595 -2.70178 145 145 145
-1.52626 58.80090 -2.75787 138 138 138
-1.41129 58.80057 -2.80840 144 144 144
-1.29766 58.79657 -2.86171 138 138 138
-1.18055 58.80052 -2.90690 133 133 133
-1.06314 58.80081 -2.95166 141 141 141
-0.94298 58.79750 -2.98844 141 141 141
-0.82205 58.79717 -3.02297 137 137 137
-0.69923 58.79866 -3.05018 132 132 132
-0.57619 58.80047 -3.07731 143 143 143
-0.45055 58.80203 -3.08751 148 148 148
-0.32489 58.79908 -3.09287 142 142 142
-0.19984 58.80179 -3.10479 142 142 142
-0.07424 58.79843 -3.09765 133 133 133
0.05152 58.79669 -3.10899 134 134 134
0.17642 58.79497 -3.09310 137 137 137
0.30097 58.79798 -3.07822 132 132 132
0.42651 58.79879 -3.06972 142 142 142
0.55052 58.79915 -3.04901 140 140 140
0.67197 58.79897 -3.01633 137 137 137
0.79465 58.80608 -2.98899 144 144 144
0.91262 58.80001 -2.94536 142 142 142
1.03213 58.80466 -2.90706 138 138 138
1.15548 58.79408 -2.87693 141 141 141
1.26277 58.79696 -2.80832 144 144 144
1.37858 58.80319 -2.75945 143 143 143
1.48546 58.79816 -2.69316 149 149 149
1.59928 58.79883 -2.63907 150 150 150
1.70216 58.80155 -2.56669 146 146 146
1.80564 58.80317 -2.49556 149 149 149
1.90735 58.80180 -2.42175 144 144 144
2.00259 58.79998 -2.33978 151 151 151
2.09886 58.79770 -2.25897 144 144 144
2.18780 58.80279 -2.17016 140 140 140
2.27203 58.80519 -2.07700 148 148 148
2.35909 58.80136 -1.98639 152 152 152
2.43702 58.80442 -1.88784 156 156 156
2.51783 58.79862 -1.79137 143 143 143
2.58740 58.79977 -1.68658 154 154 154
2.64935 58.80434 -1.57714 151 151 151
2.71895 58.79973 -1.47238 149 149 149
2.77732 58.80020 -1.36107 150 150 150
2.82233 58.80249 -1.24346 153 153 153
2.87406 58.80417 -1.12935 160 160 160
2.92642 58.80183 -1.01513 157 157 157
2.96594 58.80098 -0.89594 154 154 154
3.00723 58.79850 -0.77719 152 152 152
3.03803 58.79919 -0.65532 157 157 157
3.06168 58.79931 -0.53190 159 159 159
3.08367 58.79657 -0.40829 167 167 167
3.10848 58.79708 -0.28483 168 168 168
3.10825 58.79911 -0.15859 167 167 167
3.12895 58.79973 -0.03398 170 170 170
3.11885 59.20134 0.09250 161 161 161
3.11464 59.19859 0.21816 174 174 174
3.09745 59.20073 0.34285 166 166 166
3.09773 59.20078 0.46903 166 166 166
3.08664 59.20132 0.59461 174 174 174
3.05408 59.19921 0.71662 172 172 172
3.01967 59.19720 0.83752 170 170 170
2.99784 59.19440 0.96154 171 171 171
2.95837 59.19313 1.08088 179 179 179
2.90910 59.20326 1.19655 178 178 178
2.87196 59.20329 1.31671 189 189 189
2.82798 59.19750 1.43473 180 180 180
2.77110 59.20065 1.54702 184 184 184
2.70000 59.20012 1.65136 179 179 179
2.63763 59.20173 1.76004 184 184 184
2.57656 59.20174 1.86993 178 178 178
2.49852 59.19958 1.96849 180 180 180
2.43142 59.19701 2.07515 182 182 182
2.35299 59.19684 2.17350 184 184 184
2.26235 59.20302 2.26103 187 187 187
2.18069 59.20059 2.35674 187 187 187
2.08914 59.20217 2.44291 191 191 191
1.99919 59.19787 2.53108 188 188 188
1.89589 59.19831 2.60341 184 184 184
1.79616 59.20005 2.67970 192 192 192
1.69281 59.20009 2.75102 189 189 189
1.58441 59.19953 2.81437 194 194 194
1.47969 59.19800 2.88388 190 190 190
1.36998 59.19611 2.94523 201 201 201
1.25532 59.19701 2.99675 198 198 198
1.14356 59.20095 3.05503 193 193 193
1.02307 59.19993 3.09213 192 192 192
0.90785 59.19805 3.14372 197 197 197
0.78559 59.19824 3.17427 198 198 198
0.66495 59.19618 3.21025 190 190 190
0.53978 59.20141 3.22623 188 188 188
0.41590 59.19884 3.24593 199 199 199
0.29338 59.20159 3.27725 193 193 193
0.16763 59.19879 3.28413 198 198 198
0.04181 59.19906 3.28334 196 196 196
-0.08355 59.20002 3.29146 193 193 193
-0.20919 59.20087 3.29022 195 195 195
-0.33446 59.19690 3.28050 196 196 196
-0.46072 59.19710 3.27919 199 199 199
-0.58443 59.20149 3.25492 195 195 195
-0.70816 59.19897 3.23261 193 193 193
-0.82959 59.19624 3.19997 192 192 192
-0.95099 59.19670 3.16818 194 194 194
-1.07607 59.20311 3.14714 195 195 195
-1.19045 59.19989 3.09288 194 194 194
-1.30981 59.20281 3.05294 189 189 189
-1.42393 59.19847 3.00001 186 186 186
-1.53641 59.19516 2.94390 193 193 193
-1.64880 59.20016 2.88744 182 182 182
-1.75664 59.19894 2.82273 188 188 188
-1.85908 59.20166 2.74976 181 181 181
-1.96526 59.20060 2.68244 188 188 188
-2.06201 59.19939 2.60216 190 190 190
-2.15986 59.19701 2.52354 187 187 187
-2.25170 59.20067 2.43799 194 194 194
-2.34652 59.19951 2.35546 191 191 191
-2.42896 59.19925 2.26057 186 186 186
-2.51672 59.19851 2.17062 181 181 181
-2.59915 59.19792 2.07563 183 183 183
-2.67592 59.19736 1.97596 183 183 183
-2.74908 59.20052 1.87355 186 186 186
-2.81128 59.19902 1.76405 180 180 180
-2.87385 59.20067 1.65514 184 184 184
-2.93542 59.20152 1.54560 180 180 180
-2.98799 59.19968 1.43146 175 175 175
-3.04436 59.20021 1.31891 175 175 175
-3.08325 59.19937 1.19915 173 173 173
-3.12844 59.19928 1.08184 179 179 179
-3.15797 59.20299 0.95958 180 180 180
-3.20104 59.20165 0.84094 179 179 179
-3.21089 59.19906 0.71457 164 164 164
-3.24734 59.20023 0.59359 170 170 170
-3.25855 59.19956 0.46829 167 167 167
-3.27768 59.19937 0.34388 180 180 180
-3.28931 59.20110 0.21845 173 173 173
-3.27376 59.20633 0.09250 162 162 162
-3.28229 59.19817 -0.03318 167 167 167
-3.27241 59.20015 -0.15847 162 162 162
-3.25990 59.19926 -0.28345 158 158 158
-3.24642 59.20203 -0.40845 163 163 163
-3.22239 59.19698 -0.53185 162 162 162
-3.20066 59.19783 -0.65585 160 160 160
-3.16144 59.20018 -0.77555 152 152 152
-3.13121 59.20264 -0.89774 154 154 154
-3.09230 59.20101 -1.01748 159 159 159
-3.03805 59.19754 -1.13129 160 160 160
-2.98900 59.19751 -1.24693 152 152 152
-2.94361 59.19609 -1.36477 160 160 160
-2.87364 59.19560 -1.47002 150 150 150
-2.81124 59.19753 -1.57903 156 156 156
-2.74149 59.20119 -1.68348 154 154 154
-2.67570 59.20285 -1.79081 150 150 150
-2.59866 59.19824 -1.89025 151 151 151
-2.51927 59.20105 -1.98780 145 145 145
-2.43193 59.20007 -2.07832 156 156 156
-2.33735 59.20463 -2.16130 146 146 146
-2.25979 59.20005 -2.26173 140 140 140
-2.16180 59.19772 -2.34081 147 147 147
-2.05717 59.20616 -2.41101 142 142 142
-1.96321 59.19888 -2.49463 145 145 145
-1.86356 59.19805 -2.57146 141 141 141
-1.75627 59.20112 -2.63712 145 145 145
-1.64485 59.20206 -2.69540 142 142 142
-1.53530 59.19910 -2.75671 145 145 145
-1.42530 59.19915 -2.81796 135 135 135
-1.30828 59.19872 -2.86425 137 137 137
-1.19133 59.20385 -2.91025 137 137 137
-1.07175 59.20089 -2.94886 137 137 137
-0.95240 59.20089 -2.98819 138 138 138
-0.83023 59.20018 -3.01764 139 139 139
-0.70850 59.19926 -3.04931 136 136 136
-0.58295 59.20547 -3.06059 134 134 134
-0.45805 59.19932 -3.07163 140 140 140
-0.33472 59.19959 -3.09880 141 141 141
-0.20903 59.19773 -3.10103 139 139 139
-0.08355 59.20075 -3.10370 143 143 143
0.04189 59.20032 -3.10017 137 137 137
0.16756 59.19814 -3.09825 140 140 140
0.29268 59.19955 -3.08632 143 143 143
0.41705 59.20334 -3.06819 143 143 143
0.54056 59.19828 -3.04513 146 146 146
0.66201 59.19788 -3.01300 136 136 136
0.78424 59.20113 -2.98448 147 147 147
0.90323 59.20228 -2.94452 136 136 136
1.02246 59.19803 -2.90548 140 140 140
1.14162 59.20289 -2.86534 142 142 142
1.25644 59.20106 -2.81417 143 143 143
1.37088 59.19845 -2.76200 142 142 142
1.47686 59.20159 -2.69382 145 145 145
1.58855 59.19929 -2.63612 143 143 143
1.69547 59.19879 -2.57000 144 144 144
1.80062 59.20167 -2.50085 143 143 143
1.89585 59.19682 -2.41836 145 145 145
1.99452 59.19874 -2.34062 145 145 145
2.09568 59.19261 -2.26498 144 144 144
2.17833 59.19781 -2.16938 144 144 144
2.27308 59.19558 -2.08595 145 145 145
2.34998 59.19657 -1.98594 146 146 146
2.43390 59.20214 -1.89210 154 154 154
2.50844 59.20121 -1.79070 149 149 149
2.58258 59.20336 -1.68895 147 147 147
2.64400 59.19736 -1.57895 147 147 147
2.70336 59.19841 -1.46825 158 158 158
2.76632 59.19746 -1.35958 151 151 151
2.82175 59.20202 -1.24687 156 156 156
2.87256 59.19864 -1.13196 156 156 156
2.91462 59.19600 -1.01359 157 157 157
2.95764 59.20023 -0.89564 154 154 154
2.99932 59.19509 -0.77696 157 157 157
3.03055 59.19947 -0.65513 161 161 161
3.06283 59.20384 -0.53335 165 165 165
3.07767 59.19899 -0.40819 167 167 167
3.08910 59.19889 -0.28301 165 165 165
3.10876 59.20100 -0.15874 158 158 158
3.11514 59.19848 -0.03318 167 167 167
3.09568 59.59613 0.09313 170 170 170
3.10239 59.59940 0.21867 164 164 164
3.10254 59.59770 0.34461 174 174 174
3.07943 59.60117 0.46859 172 172 172
3.07188 59.60435 0.59437 170 170 170
3.04686 59.60357 0.71765 173 173 173
3.01771 59.59593 0.83990 178 178 178
2.98485 59.59892 0.96112 177 177 177
2.95039 59.59692 1.08193 176 176 176
2.90679 59.59959 1.19974 179 179 179
2.86346 59.59657 1.31766 177 177 177
2.81931 59.59946 1.43564 179 179 179
2.76159 59.59964 1.54752 182 182 182
2.69550 59.60059 1.65467 177 177 177
2.63059 59.60256 1.76203 190 190 190
2.56767 59.59719 1.87081 186 186 186
2.49810 59.60029 1.97555 176 176 176
2.42098 59.60448 2.07485 187 187 187
2.33736 59.59805 2.16870 195 195 195
2.25715 59.59999 2.26542 194 194 194
2.17358 59.59878 2.35953 182 182 182
2.07634 59.59786 2.43972 192 192 192
1.98243 59.59981 2.52294 189 189 189
1.88700 59.60412 2.60452 194 194 194
1.79092 59.59931 2.68587 196 196 196
1.68410 59.59890 2.75248 189 189 189
1.57452 59.60217 2.81400 191 191 191
1.46836 59.60050 2.88082 193 193 193
1.36256 59.59945 2.94949 187 187 187
1.24850 59.59848 3.00268 192 192 192
1.13299 59.59577 3.05251 191 191 191
1.01529 59.60161 3.09681 195 195 195
0.89519 59.59961 3.13393 195 195 195
0.77548 59.59544 3.17189 192 192 192
0.65274 59.59820 3.19865 195 195 195
0.53290 59.59920 3.23886 195 195 195
0.40694 59.59993 3.24855 198 198 198
0.28251 59.59912 3.26430 192 192 192
0.15806 59.59623 3.28097 193 193 193
0.03271 59.60190 3.28834 199 199 199
-0.09283 59.59617 3.29294 196 196 196
-0.21860 59.60274 3.29437 198 198 198
-0.34378 59.59943 3.28173 197 197 197
-0.46875 59.60207 3.26928 200 200 200
-0.59419 59.60326 3.25859 199 199 199
-0.71539 59.59576 3.22296 194 194 194
-0.84151 59.59830 3.21159 195 195 195
-0.96290 59.59716 3.17818 196 196 196
-1.08362 59.59861 3.14247 199 199 199
-1.20292 59.60009 3.10215 189 189 189
-1.31667 59.59820 3.04774 191 191 191
-1.43238 59.59885 2.99883 205 205 205
-1.54517 59.59503 2.94350 193 193 193
-1.65405 59.60000 2.88089 197 197 197
-1.76673 59.59844 2.82469 182 182 182
-1.86558 59.60047 2.74624 185 185 185
-1.97574 59.60132 2.68473 190 190 190
-2.06934 59.60243 2.60032 188 188 188
-2.17268 59.59766 2.52832 191 191 191
-2.26925 59.59715 2.44757 188 188 188
-2.35322 59.59785 2.35351 195 195 195
-2.43339 59.59531 2.25671 189 189 189
-2.52339 59.60103 2.16902 183 183 183
-2.60619 59.59615 2.07450 182 182 182
-2.68488 59.60178 1.97636 187 187 187
-2.75642 59.59851 1.87288 186 186 186
-2.82142 59.60106 1.76521 178 178 178
-2.88003 59.60083 1.65403 181 181 181
-2.93781 59.60329 1.54272 182 182 182
-3.00463 59.60040 1.43548 177 177 177
-3.04931 59.60217 1.31774 176 176 176
-3.09657 59.59865 1.20126 176 176 176
-3.13402 59.59901 1.08127 184 184 184
-3.17028 59.59832 0.96106 176 176 176
-3.20725 59.59819 0.84083 174 174 174
-3.23428 59.60249 0.71800 181 181 181
-3.25567 59.60138 0.59407 164 164 164
-3.27140 59.60287 0.46933 176 176 176
-3.28538 59.60225 0.34438 171 171 171
-3.28732 59.59606 0.21864 163 163 163
-3.30006 59.60339 0.09313 168 168 168
-3.28600 59.60207 -0.03234 160 160 160
-3.28683 59.60283 -0.15825 164 164 164
-3.27218 59.60052 -0.28318 153 153 153
-3.25128 59.60348 -0.40713 168 168 168
-3.23310 59.60588 -0.53151 164 164 164
-3.20819 59.60094 -0.65481 162 162 162
-3.16512 59.59969 -0.77335 159 159 159
-3.14255 59.60291 -0.89779 158 158 158
-3.09198 59.59828 -1.01332 156 156 156
-3.04808 59.60111 -1.13098 159 159 159
-2.99840 59.59785 -1.24636 155 155 155
-2.94410 59.60320 -1.35967 160 160 160
-2.89152 59.60057 -1.47422 156 156 156
-2.81898 59.59563 -1.57746 152 152 152
-2.75052 59.59968 -1.68269 144 144 144
-2.67940 59.60049 -1.78613 152 152 152
-2.59855 59.60030 -1.88223 149 149 149
-2.52870 59.59659 -1.98731 145 145 145
-2.43880 59.59988 -2.07547 146 146 146
-2.35585 59.60185 -2.16990 152 152 152
-2.26534 59.59995 -2.25709 149 149 149
-2.17237 59.60363 -2.34171 148 148 148
-2.07725 59.60123 -2.42410 147 147 147
-1.96987 59.59809 -2.49041 153 153 153
-1.87043 59.60322 -2.56725 141 141 141
-1.76544 59.60195 -2.63633 143 143 143
-1.65279 59.59905 -2.69239 142 142 142
-1.54916 59.60389 -2.76509 142 142 142
-1.43563 59.59665 -2.81964 144 144 144
-1.31645 59.60220 -2.86096 139 139 139
-1.20255 59.59902 -2.91492 142 142 142
-1.08131 59.59939 -2.94912 137 137 137
-0.96241 59.59751 -2.99018 141 141 141
-0.84001 59.59832 -3.01911 141 141 141
-0.71710 59.60065 -3.04530 139 139 139
-0.59273 59.59955 -3.06311 134 134 134
-0.46947 59.60177 -3.08915 140 140 140
-0.34398 59.60320 -3.09804 143 143 143
-0.21846 59.60096 -3.10451 140 140 140
-0.09283 59.59857 -3.09539 136 136 136
0.03300 59.60040 -3.10949 127 127 127
0.15852 59.60102 -3.10058 147 147 147
0.28316 59.60195 -3.08357 137 137 137
0.40689 59.59877 -3.06199 136 136 136
0.52957 59.60397 -3.03589 135 135 135
0.65290 59.59997 -3.01305 140 140 140
0.77567 59.59909 -2.98634 138 138 138
0.89441 59.60149 -2.94527 147 147 147
1.01624 59.60119 -2.91314 149 149 149
1.13191 59.60455 -2.86364 146 146 146
1.24559 59.59780 -2.81013 143 143 143
1.36141 59.59997 -2.76098 138 138 138
1.46918 59.59679 -2.69603 144 144 144
1.58224 59.60313 -2.64034 152 152 152
1.68475 59.60423 -2.56721 145 145 145
1.78640 59.60280 -2.49340 142 142 142
1.89201 59.60298 -2.42462 146 146 146
1.98185 59.59961 -2.33601 143 143 143
2.08342 59.59835 -2.26112 151 151 151
2.16928 59.60185 -2.16898 150 150 150
2.26176 59.60094 -2.08343 151 151 151
2.34038 59.59846 -1.98503 156 156 156
2.42473 59.60631 -1.89155 151 151 151
2.49494 59.60427 -1.78700 148 148 148
2.57488 59.59744 -1.68938 153 153 153
2.63606 59.59891 -1.57914 153 153 153
2.69980 59.60046 -1.47082 148 148 148
2.75592 59.59729 -1.35839 149 149 149
2.80984 59.59779 -1.24502 159 159 159
2.85585 59.60073 -1.12826 158 158 158
2.91461 59.59992 -1.01638 162 162 162
2.95081 59.60116 -0.89581 158 158 158
2.98553 59.60150 -0.77506 167 167 167
3.02342 59.60118 -0.65502 163 163 163
3.05171 59.60080 -0.53236 159 159 159
3.06167 59.59968 -0.40650 164 164 164
3.07682 59.60376 -0.28203 163 163 163
3.09915 59.59747 -0.15809 169 169 169
3.10159 59.60264 -0.03238 165 165 165
3.11020 60.00022 0.09375 164 164 164
3.09323 59.99977 0.21929 165 165 165
3.08076 60.00050 0.34424 171 171 171
3.07271 59.99661 0.46951 160 160 160
3.06579 60.00152 0.59549 174 174 174
3.03513 59.99908 0.71777 181 181 181
3.00723 59.99861 0.84022 178 178 178
2.97807 59.99586 0.96244 173 173 173
2.93429 59.99873 1.08032 169 169 169
2.90179 59.99960 1.20192 176 176 176
2.85599 60.00444 1.31901 179 179 179
2.80403 59.99976 1.43347 178 178 178
2.75702 59.99602 1.55052 183 183 183
2.69558 59.99845 1.66050 181 181 181
2.63212 60.00148 1.76926 184 184 184
2.55903 59.99841 1.87183 183 183 183
2.48795 60.00161 1.97550 189 189 189
2.40873 60.00339 2.07309 177 177 177
2.32421 59.99896 2.16597 184 184 184
2.24320 60.00323 2.26168 189 189 189
2.15691 60.00151 2.35271 192 192 192
2.07035 60.00091 2.44384 196 196 196
1.97701 60.00157 2.52802 188 188 188
1.87754 60.00313 2.60486 194 194 194
1.77798 59.99987 2.68139 182 182 182
1.67566 60.00530 2.75429 190 190 190
1.56586 60.00390 2.81553 183 183 183
1.45906 60.00120 2.88132 188 188 188
1.35440 60.00156 2.95219 192 192 192
1.23660 60.00094 2.99750 193 193 193
1.12151 59.99722 3.04770 192 192 192
1.00639 59.99607 3.09831 196 196 196
0.88828 60.00444 3.14169 198 198 198
0.76579 59.99747 3.17088 192 192 192
0.64513 59.99736 3.20597 200 200 200
0.52285 60.00345 3.23534 193 193 193
0.39792 60.00197 3.25043 189 189 189
0.27379 60.00212 3.26919 199 199 199
0.14896 60.00286 3.28320 198 198 198
0.02347 59.99777 3.28840 201 201 201
-0.10205 60.00183 3.28844 188 188 188
-0.22760 59.99873 3.28909 197 197 197
-0.35357 59.99893 3.28962 197 197 197
-0.47818 60.00098 3.27160 201 201 201
-0.60269 59.99777 3.25466 197 197 197
-0.72766 59.99480 3.23888 201 201 201
-0.85117 60.00111 3.21405 192 192 192
-0.97068 59.99681 3.17368 186 186 186
-1.09261 60.00096 3.14238 184 184 184
-1.20861 60.00021 3.09321 193 193 193
-1.32835 59.99493 3.05429 190 190 190
-1.44117 59.99831 2.99851 200 200 200
-1.55496 59.99755 2.94525 199 199 199
-1.66691 60.00203 2.88800 195 195 195
-1.76646 60.00028 2.80981 189 189 189
-1.88111 60.00359 2.75629 187 187 187
-1.98378 60.00048 2.68373 186 186 186
-2.07998 59.99820 2.60274 187 187 187
-2.17869 59.99815 2.52518 185 185 185
-2.27898 59.99878 2.44874 184 184 184
-2.36115 59.99906 2.35285 187 187 187
-2.45219 60.00105 2.26620 194 194 194
-2.53245 60.00218 2.16950 194 194 194
-2.62148 60.00020 2.07990 189 189 189
-2.69302 59.99956 1.97620 187 187 187
-2.76099 60.00088 1.87040 184 184 184
-2.83082 59.99913 1.76594 186 186 186
-2.89427 59.99751 1.65747 188 188 188
-2.95536 59.99776 1.54758 182 182 182
-3.01139 59.99724 1.43498 175 175 175
-3.05467 60.00008 1.31676 177 177 177
-3.10453 59.99594 1.20142 174 174 174
-3.13914 60.00395 1.08056 174 174 174
-3.19154 60.00061 0.96508 170 170 170
-3.21473 60.00139 0.84104 179 179 179
-3.23291 59.99769 0.71652 175 175 175
-3.26919 60.00285 0.59538 168 168 168
-3.27522 59.99994 0.46932 175 175 175
-3.29012 59.99985 0.34466 174 174 174
-3.29496 59.99686 0.21920 174 174 174
-3.30696 60.00107 0.09375 167 167 167
-3.29926 60.00301 -0.03187 176 176 176
-3.29057 60.00315 -0.15719 157 157 157
-3.28156 60.00011 -0.28257 168 168 168
-3.26255 59.99957 -0.40682 155 155 155
-3.23790 60.00352 -0.53001 160 160 160
-3.21928 60.00321 -0.65463 146 146 146
-3.17712 60.00110 -0.77351 161 161 161
-3.13433 59.99645 -0.89150 156 156 156
-3.10576 59.99952 -1.01438 161 161 161
-3.06895 59.99820 -1.13518 153 153 153
-3.01287 60.00112 -1.24815 159 159 159
-2.95990 59.99934 -1.36240 156 156 156
-2.90312 60.00269 -1.47493 155 155 155
-2.83797 59.99763 -1.58282 152 152 152
-2.76309 59.99796 -1.68430 157 157 157
-2.68986 60.00261 -1.78640 149 149 149
-2.61235 60.00015 -1.88521 151 151 151
-2.54220 60.00047 -1.99034 150 150 150
-2.45242 60.00381 -2.07891 152 152 152
-2.35992 59.99896 -2.16412 151 151 151
-2.27473 59.99968 -2.25664 149 149 149
-2.18194 60.00158 -2.34149 149 149 149
-2.09076 59.99886 -2.42891 148 148 148
-1.98330 60.00282 -2.49557 144 144 144
-1.88041 59.99796 -2.56775 140 140 140
-1.77598 60.00048 -2.63785 144 144 144
-1.66834 59.99804 -2.70307 143 143 143
-1.55298 59.99822 -2.75386 149 149 149
-1.44201 59.99760 -2.81283 142 142 142
-1.32648 60.00044 -2.86228 137 137 137
-1.20640 60.00019 -2.89972 144 144 144
-1.09152 60.00135 -2.95151 140 140 140
-0.96903 59.99964 -2.98031 137 137 137
-0.84664 59.99909 -3.00767 137 137 137
-0.72592 59.99828 -3.04265 138 138 138
-0.60327 59.99617 -3.07085 136 136 136
-0.47744 60.00211 -3.07787 134 134 134
-0.35322 60.00166 -3.09762 134 134 134
-0.22786 59.99778 -3.10837 140 140 140
-0.10205 59.99843 -3.10613 141 141 141
0.02387 59.99754 -3.11130 138 138 138
0.14868 60.00022 -3.09211 137 137 137
0.27453 59.99960 -3.08797 150 150 150
0.39733 59.99903 -3.05925 138 138 138
0.52234 60.00050 -3.04527 144 144 144
0.64479 59.99807 -3.01706 144 144 144
0.76846 59.99901 -2.99285 139 139 139
0.88546 59.99955 -2.94551 142 142 142
1.00341 59.99637 -2.90272 138 138 138
1.12194 59.99897 -2.86123 137 137 137
1.23918 59.99720 -2.81561 144 144 144
1.34932 60.00300 -2.75472 144 144 144
1.46522 59.99601 -2.70482 146 146 146
1.56883 59.99795 -2.63289 142 142 142
1.67363 59.99839 -2.56375 138 138 138
1.77951 59.99804 -2.49600 139 139 139
1.88252 59.99987 -2.42366 148 148 148
1.97728 59.99758 -2.34083 149 149 149
2.07088 59.99368 -2.25691 150 150 150
2.16036 59.99688 -2.16866 148 148 148
2.24669 59.99475 -2.07741 150 150 150
2.33037 59.99835 -1.98373 152 152 152
2.40799 60.00184 -1.88501 146 146 146
2.49190 60.00359 -1.79087 149 149 149
2.55835 59.99805 -1.68388 159 159 159
2.62238 60.00082 -1.57579 154 154 154
2.68914 60.00238 -1.46939 155 155 155
2.74556 59.99720 -1.35718 152 152 152
2.79797 60.00060 -1.24318 152 152 152
2.85652 59.99481 -1.13173 159 159 159
2.89834 59.99971 -1.01315 157 157 157
2.94491 59.99931 -0.89627 157 157 157
2.97569 60.00216 -0.77426 162 162 162
3.00918 59.99732 -0.65319 162 162 162
3.03164 59.99596 -0.52958 159 159 159
3.05617 59.99573 -0.40646 166 166 166
3.07980 60.00229 -0.28285 170 170 170
3.08687 59.99500 -0.15722 168 168 168
3.09784 60.00496 -0.03197 162 162 162
3.09366 60.40191 0.09438 170 170 170
3.08792 60.39787 0.22007 162 162 162
3.07227 60.40247 0.34492 169 169 169
3.06111 60.39749 0.46985 168 168 168
3.05504 60.39587 0.59586 178 178 178
3.03531 60.40111 0.72026 171 171 171
3.00339 60.40538 0.84213 172 172 172
2.96732 60.40371 0.96262 182 182 182
2.93990 60.40392 1.08575 181 181 181
2.89048 60.40355 1.20176 170 170 170
2.83616 60.40110 1.31522 177 177 177
2.79078 60.40270 1.43222 177 177 177
2.73603 60.40076 1.54512 180 180 180
2.68349 60.40200 1.65949 177 177 177
2.61837 60.39804 1.76707 182 182 182
2.54914 60.40056 1.87197 188 188 188
2.48293 60.40114 1.97914 181 181 181
2.40792 60.40521 2.08031 186 186 186
2.33200 60.40003 2.18108 186 186 186
2.23622 60.39668 2.26433 185 185 185
2.15129 60.39992 2.35689 183 183 183
2.05995 60.39823 2.44314 193 193 193
1.96637 60.40257 2.52692 196 196 196
1.87185 60.39899 2.60990 190 190 190
1.76871 60.40285 2.68189 193 193 193
1.66653 60.40158 2.75497 174 174 174
1.55745 60.40252 2.81740 197 197 197
1.45185 60.39985 2.88545 191 191 191
1.33607 60.39655 2.93484 193 193 193
1.23086 60.40389 3.00559 191 191 191
1.11229 60.40095 3.04821 203 203 203
0.99788 60.40269 3.10073 194 194 194
0.87839 60.40083 3.14009 192 192 192
0.75720 60.39933 3.17358 202 202 202
0.63637 60.39715 3.20831 192 192 192
0.51240 60.39226 3.22955 203 203 203
0.39008 60.39624 3.25947 191 191 191
0.26570 60.40186 3.27898 198 198 198
0.13950 60.40091 3.28011 189 189 189
0.01469 60.39577 3.29914 189 189 189
-0.11122 60.40510 3.28675 194 194 194
-0.23684 60.39715 3.29142 195 195 195
-0.36251 60.40193 3.28723 189 189 189
-0.48776 60.39962 3.27574 199 199 199
-0.61150 60.39832 3.25302 194 194 194
-0.73677 60.39768 3.23920 196 196 196
-0.85783 60.40088 3.20421 193 193 193
-0.97879 60.40203 3.17055 188 188 188
-1.10056 60.40097 3.13923 192 192 192
-1.21777 60.40106 3.09381 200 200 200
-1.33756 60.40416 3.05500 192 192 192
-1.44800 60.40282 2.99406 189 189 189
-1.56082 60.40145 2.93937 187 187 187
-1.67663 60.39763 2.88960 187 187 187
-1.77898 60.40296 2.81591 190 190 190
-1.89292 60.39756 2.76087 183 183 183
-1.98985 60.40138 2.68008 187 187 187
-2.09233 60.40072 2.60739 189 189 189
-2.19233 60.40040 2.53103 188 188 188
-2.28391 60.39868 2.44478 186 186 186
-2.37508 60.40003 2.35824 196 196 196
-2.46586 60.39775 2.27098 188 188 188
-2.54566 60.39485 2.17358 186 186 186
-2.62228 60.40344 2.07393 179 179 179
-2.70655 60.40078 1.97999 186 186 186
-2.77219 60.40025 1.87238 187 187 187
-2.83762 60.40250 1.76511 178 178 178
-2.90461 60.40414 1.65875 178 178 178
-2.96339 60.40003 1.54763 182 182 182
-3.01648 60.39950 1.43372 177 177 177
-3.06897 60.39942 1.31951 176 176 176
-3.11425 60.40448 1.20225 178 178 178
-3.15615 60.40332 1.08373 173 173 173
-3.19470 60.40269 0.96400 173 173 173
-3.22094 60.39756 0.84095 173 173 173
-3.25047 60.39953 0.71881 173 173 173
-3.26892 60.40329 0.59451 172 172 172
-3.29416 60.39906 0.47110 165 165 165
-3.30024 60.39915 0.34536 166 166 166
-3.30873 60.39699 0.22001 164 164 164
-3.31861 60.39721 0.09438 163 163 163
-3.31142 60.39902 -0.03136 168 168 168
-3.30053 60.40202 -0.15663 163 163 163
-3.28158 60.39646 -0.28086 170 170 170
-3.27495 60.39934 -0.40671 163 163 163
-3.25369 60.40328 -0.53070 168 168 168
-3.22740 60.39802 -0.65375 165 165 165
-3.18841 60.39997 -0.77348 161 161 161
-3.16064 60.40075 -0.89644 166 166 166
-3.11282 60.39755 -1.01297 161 161 161
-3.06672 60.39954 -1.12983 150 150 150
-3.02279 60.39766 -1.24787 161 161 161
-2.96334 60.40207 -1.35885 157 157 157
-2.90954 60.39960 -1.47276 152 152 152
-2.83615 60.39932 -1.57546 153 153 153
-2.77170 60.40063 -1.68330 153 153 153
-2.69991 60.39910 -1.78641 153 153 153
-2.62074 60.39807 -1.88397 148 148 148
-2.54418 60.40427 -1.98357 139 139 139
-2.46182 60.39792 -2.07849 147 147 147
-2.37128 60.39903 -2.16568 143 143 143
-2.28170 60.40207 -2.25363 145 145 145
-2.19093 60.40250 -2.34065 146 146 146
-2.09472 60.39985 -2.42168 144 144 144
-1.98579 60.39756 -2.48574 145 145 145
-1.89057 60.39682 -2.56861 142 142 142
-1.78286 60.39995 -2.63349 144 144 144
-1.67466 60.39806 -2.69734 141 141 141
-1.56669 60.39900 -2.76213 146 146 146
-1.45150 60.39753 -2.81291 145 145 145
-1.33398 60.40207 -2.85763 143 143 143
-1.21822 60.40004 -2.90626 137 137 137
-1.10143 60.39956 -2.95316 141 141 141
-0.97730 60.40247 -2.97649 145 145 145
-0.85644 60.40158 -3.00968 142 142 142
-0.73617 60.39984 -3.04744 139 139 139
-0.61147 60.40287 -3.06406 143 143 143
-0.48754 60.39889 -3.08512 142 142 142
-0.36270 60.39972 -3.10088 141 141 141
-0.23684 60.39621 -3.10277 138 138 138
-0.11122 60.40185 -3.10654 144 144 144
0.01423 60.40035 -3.09874 141 141 141
0.13996 60.39783 -3.09724 139 139 139
0.26569 60.40058 -3.09017 132 132 132
0.38972 60.39702 -3.06844 146 146 146
0.51245 60.40222 -3.04103 139 139 139
0.63490 60.39893 -3.01344 134 134 134
0.75592 60.39963 -2.98028 143 143 143
0.87632 60.39876 -2.94497 136 136 136
0.99695 60.39655 -2.90946 147 147 147
1.11474 60.39873 -2.86537 143 143 143
1.22690 60.39761 -2.80825 139 139 139
1.33833 60.39981 -2.75053 144 144 144
1.45535 60.39911 -2.70295 137 137 137
1.56441 60.39775 -2.64002 145 145 145
1.66649 60.40160 -2.56617 142 142 142
1.77548 60.40034 -2.50245 151 151 151
1.86960 60.40757 -2.41829 145 145 145
1.96744 60.40282 -2.33943 151 151 151
2.05773 60.40171 -2.25199 151 151 151
2.15375 60.40099 -2.17060 147 147 147
2.23722 60.39579 -2.07650 146 146 146
2.31981 60.40082 -1.98193 144 144 144
2.40068 60.39552 -1.88585 151 151 151
2.47695 60.39350 -1.78605 154 154 154
2.54519 60.39583 -1.68059 156 156 156
2.61457 60.39581 -1.57599 152 152 152
2.68330 60.40255 -1.47063 150 150 150
2.73646 60.39848 -1.35659 152 152 152
2.78927 60.40059 -1.24277 161 161 161
2.84727 60.40277 -1.13108 153 153 153
2.88061 60.40022 -1.00937 160 160 160
2.92678 60.39676 -0.89273 150 150 150
2.97047 60.40181 -0.77475 161 161 161
2.99605 60.40164 -0.65162 158 158 158
3.03046 60.40078 -0.53055 158 158 158
3.05215 60.40034 -0.40665 163 163 163
3.06600 60.39967 -0.28167 161 161 161
3.08256 60.39977 -0.15698 162 162 162
3.08767 60.40296 -0.03131 164 164 164
3.07891 60.80218 0.09500 168 168 168
3.07857 60.80140 0.22069 167 167 167
3.07280 60.79962 0.34631 173 173 173
3.06059 60.80132 0.47149 170 170 170
3.04668 60.80155 0.59661 174 174 174
3.01837 60.79978 0.71933 166 166 166
2.99437 60.79982 0.84278 174 174 174
2.96626 60.79741 0.96551 178 178 178
2.92018 60.80356 1.08292 182 182 182
2.88714 60.80222 1.20452 176 176 176
2.83153 60.79897 1.31770 178 178 178
2.79054 60.80451 1.43694 179 179 179
2.73378 60.80061 1.54925 175 175 175
2.67256 60.80110 1.65910 185 185 185
2.60577 60.79922 1.76556 179 179 179
2.53838 60.80236 1.87150 184 184 184
2.46829 60.79914 1.97575 186 186 186
2.38246 60.79937 2.06805 184 184 184
2.31734 60.79704 2.17697 181 181 181
2.22694 60.80109 2.26480 186 186 186
2.14334 60.79867 2.35868 189 189 189
2.04967 60.79669 2.44250 188 188 188
1.95802 60.80109 2.52845 183 183 183
1.86243 60.80178 2.61014 191 191 191
1.76273 60.79879 2.68682 187 187 187
1.65534 60.79954 2.75249 196 196 196
1.55075 60.79922 2.82197 186 186 186
1.44026 60.80229 2.88165 193 193 193
1.33611 60.80222 2.95344 180 180 180
1.22208 60.79844 3.00693 195 195 195
1.10518 60.79849 3.05366 195 195 195
0.98683 60.80188 3.09610 198 198 198
0.86899 60.80034 3.13985 190 190 190
0.74669 60.80071 3.16926 197 197 197
0.62653 60.79624 3.20592 192 192 192
0.50366 60.79781 3.23207 194 194 194
0.38024 60.79809 3.25553 192 192 192
0.25576 60.80194 3.27269 196 196 196
0.13047 60.80090 3.28187 189 189 189
0.00544 60.80148 3.29623 191 191 191
-0.12034 60.80160 3.29053 193 193 193
-0.24620 60.79980 3.29825 199 199 199
-0.37144 60.80078 3.28547 194 194 194
-0.49700 60.79959 3.27737 191 191 191
-0.62176 60.79871 3.26082 197 197 197
-0.74354 60.79931 3.22803 189 189 189
-0.86520 60.79817 3.19756 198 198 198
-0.98843 60.79673 3.17300 190 190 190
-1.11038 60.80586 3.14202 201 201 201
-1.22790 60.79865 3.09717 195 195 195
-1.34224 60.80206 3.04494 191 191 191
-1.45774 60.79731 2.99604 199 199 199
-1.57129 60.80274 2.94265 197 197 197
-1.68774 60.79976 2.89380 187 187 187
-1.79434 60.79922 2.82672 190 190 190
-1.89795 60.80063 2.75538 185 185 185
-2.00087 60.79884 2.68333 186 186 186
-2.10237 60.80455 2.60919 187 187 187
-2.19700 60.80235 2.52645 197 197 197
-2.28984 60.80433 2.44195 184 184 184
-2.38427 60.79964 2.35893 187 187 187
-2.46747 60.79637 2.26467 193 193 193
-2.56045 60.79759 2.17905 191 191 191
-2.62644 60.80318 2.07065 188 188 188
-2.71103 60.79863 1.97725 183 183 183
-2.78182 60.80117 1.87334 176 176 176
-2.84946 60.79661 1.76741 179 179 179
-2.90970 60.80289 1.65712 182 182 182
-2.97392 60.79680 1.54897 180 180 180
-3.02045 60.80093 1.43197 180 180 180
-3.07890 60.79760 1.32048 178 178 178
-3.11891 60.80338 1.20123 183 183 183
-3.16665 60.79673 1.08481 182 182 182
-3.20234 60.80073 0.96421 172 172 172
-3.22860 60.80266 0.84123 183 183 183
-3.25788 60.80057 0.71910 170 170 170
-3.27801 60.79505 0.59513 171 171 171
-3.29238 60.79985 0.47044 178 178 178
-3.30398 60.80268 0.34556 166 166 166
-3.32571 60.79810 0.22094 167 167 167
-3.32156 60.80539 0.09500 172 172 172
-3.31809 60.79530 -0.03064 169 169 169
-3.30706 60.79806 -0.15580 167 167 167
-3.29897 60.80211 -0.28122 170 170 170
-3.29158 60.80237 -0.40728 161 161 161
-3.26022 60.80084 -0.52956 162 162 162
-3.22975 60.80129 -0.65150 152 152 152
-3.19570 60.79865 -0.77234 162 162 162
-3.16578 60.80099 -0.89452 160 160 160
-3.12517 60.79745 -1.01354 159 159 159
-3.06933 60.79843 -1.12651 153 153 153
-3.02719 60.79981 -1.24508 157 157 157
-2.96445 60.80031 -1.35414 154 154 154
-2.91628 60.80710 -1.47080 149 149 149
-2.85439 60.79793 -1.58043 153 153 153
-2.78307 60.79998 -1.68418 152 152 152
-2.71265 60.80192 -1.78843 155 155 155
-2.63750 60.80284 -1.88937 154 154 154
-2.55411 60.79660 -1.98364 155 155 155
-2.47214 60.80361 -2.07899 148 148 148
-2.37614 60.79913 -2.16080 144 144 144
-2.29580 60.79951 -2.25840 143 143 143
-2.19655 60.79490 -2.33593 142 142 142
-2.10365 60.80237 -2.42081 143 143 143
-2.00203 60.79520 -2.49493 141 141 141
-1.89177 60.79860 -2.55613 142 142 142
-1.79312 60.80470 -2.63473 141 141 141
-1.68455 60.80174 -2.69809 154 154 154
-1.57145 60.79954 -2.75297 135 135 135
-1.45959 60.80258 -2.81005 148 148 148
-1.34774 60.80421 -2.86821 141 141 141
-1.22813 60.80035 -2.90780 136 136 136
-1.11371 60.79942 -2.96227 140 140 140
-0.98947 60.80222 -2.98670 139 139 139
-0.86814 60.80242 -3.01980 133 133 133
-0.74364 60.79964 -3.03855 140 140 140
-0.62149 60.79886 -3.06915 137 137 137
-0.49664 60.79858 -3.08435 131 131 131
-0.37126 60.80050 -3.09320 139 139 139
-0.24619 60.79635 -3.10810 136 136 136
-0.12034 60.79922 -3.11139 143 143 143
0.00524 60.79770 -3.10116 134 134 134
0.13146 60.80321 -3.10446 142 142 142
0.25573 60.79823 -3.08240 137 137 137
0.38100 60.80004 -3.07031 139 139 139
0.50450 60.80519 -3.04629 139 139 139
0.62577 60.80375 -3.01277 137 137 137
0.74873 60.79892 -2.98649 142 142 142
0.86746 60.79957 -2.94514 143 143 143
0.98513 60.80110 -2.90150 145 145 145
1.10621 60.80194 -2.86615 147 147 147
1.22091 60.80112 -2.81440 139 139 139
1.32977 60.80149 -2.75101 140 140 140
1.44312 60.79817 -2.69676 145 145 145
1.55098 60.79987 -2.63235 141 141 141
1.65984 60.79959 -2.56923 147 147 147
1.76212 60.80210 -2.49599 148 148 148
1.85996 60.79959 -2.41700 145 145 145
1.95320 60.79795 -2.33280 147 147 147
2.05170 60.80035 -2.25470 150 150 150
2.14038 60.80149 -2.16572 152 152 152
2.22456 60.80298 -2.07260 144 144 144
2.31782 60.80315 -1.98738 152 152 152
2.39666 60.80663 -1.88925 154 154 154
2.46572 60.80208 -1.78388 152 152 152
2.53953 60.80099 -1.68227 150 150 150
2.60687 60.80016 -1.57624 154 154 154
2.67250 60.79462 -1.46907 162 162 162
2.72666 60.80142 -1.35562 150 150 150
2.77684 60.79943 -1.24062 156 156 156
2.83178 60.80288 -1.12781 161 161 161
2.88173 60.80047 -1.01252 158 158 158
2.91659 60.79685 -0.89176 155 155 155
2.95497 60.79756 -0.77233 160 160 160
2.99578 60.80197 -0.65311 166 166 166
3.01559 60.79855 -0.52878 161 161 161
3.03952 60.79681 -0.40547 162 162 162
3.06016 60.79988 -0.28144 166 166 166
3.06445 60.79821 -0.15565 159 159 159
3.07284 60.79617 -0.03046 165 165 165
3.07593 61.19571 0.09563 165 165 165
3.06787 61.20071 0.22125 162 162 162
3.05381 61.20209 0.34615 167 167 167
3.04685 61.19715 0.47156 169 169 169
3.03558 61.19830 0.59691 170 170 170
3.01028 61.19945 0.72015 171 171 171
2.97465 61.20138 0.84084 173 173 173
2.95008 61.20322 0.96413 169 169 169
2.91366 61.19898 1.08437 177 177 177
2.85976 61.20235 1.19838 181 181 181
2.82831 61.19075 1.32074 165 165 165
2.77312 61.20242 1.43370 180 180 180
2.72039 61.20303 1.54766 187 187 187
2.66380 61.20122 1.65989 184 184 184
2.60030 61.20172 1.76838 175 175 175
2.53655 61.20380 1.87695 181 181 181
2.46269 61.20202 1.97888 185 185 185
2.38594 61.20024 2.07855 178 178 178
2.30214 61.19988 2.17235 187 187 187
2.22357 61.20535 2.27068 186 186 186
2.13150 61.20390 2.35652 184 184 184
2.04138 61.20291 2.44395 185 185 185
1.95259 61.19977 2.53331 186 186 186
1.84878 61.20388 2.60493 202 202 202
1.74830 61.20289 2.68005 193 193 193
1.64918 61.20220 2.75745 189 189 189
1.54025 61.19882 2.82023 196 196 196
1.43539 61.20336 2.88975 196 196 196
1.32274 61.20054 2.94559 192 192 192
1.21278 61.19961 3.00702 193 193 193
1.09467 61.19997 3.05078 197 197 197
0.97747 61.20046 3.09592 190 190 190
0.86156 61.19695 3.14548 191 191 191
0.73946 61.20067 3.17634 194 194 194
0.61707 61.20241 3.20487 194 194 194
0.49619 61.19889 3.24066 197 197 197
0.37153 61.20111 3.25837 195 195 195
0.24609 61.20320 3.26806 189 189 189
0.12215 61.20095 3.29179 198 198 198
-0.00362 61.19963 3.29689 193 193 193
-0.12939 61.19641 3.29967 203 203 203
-0.25488 61.20080 3.28940 205 205 205
-0.38029 61.20334 3.28356 193 193 193
-0.50511 61.19681 3.27001 198 198 198
-0.62899 61.19677 3.24992 202 202 202
-0.75520 61.19980 3.24176 200 200 200
-0.87521 61.19819 3.20217 194 194 194
-1.00006 61.19849 3.18276 194 194 194
-1.11683 61.19892 3.13463 194 194 194
-1.23599 61.19838 3.09519 192 192 192
-1.35229 61.19837 3.04797 186 186 186
-1.46898 61.19735 3.00141 193 193 193
-1.58278 61.19938 2.94806 187 187 187
-1.69117 61.19569 2.88438 191 191 191
-1.80091 61.19893 2.82328 193 193 193
-1.91091 61.19798 2.76185 190 190 190
-2.01077 61.20058 2.68512 188 188 188
-2.10709 61.19632 2.60432 187 187 187
-2.21068 61.20065 2.53249 188 188 188
-2.30722 61.20298 2.45158 184 184 184
-2.38966 61.19515 2.35589 189 189 189
-2.48061 61.19933 2.26907 182 182 182
-2.55957 61.19529 2.17119 186 186 186
-2.63743 61.19958 2.07280 189 189 189
-2.71880 61.19825 1.97694 184 184 184
-2.78830 61.19801 1.87225 182 182 182
-2.85824 61.19678 1.76786 187 187 187
-2.91321 61.20284 1.65464 184 184 184
-2.98748 61.20021 1.55189 178 178 178
-3.03718 61.20140 1.43613 180 180 180
-3.08419 61.20240 1.31954 179 179 179
-3.13792 61.20254 1.20553 177 177 177
-3.16705 61.20281 1.08262 177 177 177
-3.20444 61.20387 0.96288 177 177 177
-3.23912 61.20090 0.84220 175 175 175
-3.26165 61.20312 0.71867 177 177 177
-3.28894 61.19771 0.59605 177 177 177
-3.30518 61.19876 0.47150 174 174 174
-3.32396 61.20081 0.34704 173 173 173
-3.33103 61.20009 0.22142 165 165 165
-3.32716 61.20207 0.09563 169 169 169
-3.32985 61.20398 -0.03012 163 163 163
-3.32204 61.20249 -0.15564 162 162 162
-3.30218 61.20548 -0.27990 163 163 163
-3.28656 61.20354 -0.40442 165 165 165
-3.26991 61.19742 -0.52906 163 163 163
-3.24268 61.19880 -0.65181 162 162 162
-3.20952 61.20044 -0.77306 161 161 161
-3.16617 61.20031 -0.89108 162 162 162
-3.13357 61.19889 -1.01267 165 165 165
-3.08804 61.20080 -1.12989 156 156 156
-3.03283 61.19910 -1.24288 154 154 154
-2.97328 61.20217 -1.35341 148 148 148
-2.92245 61.19702 -1.46856 147 147 147
-2.85865 61.20037 -1.57686 150 150 150
-2.79511 61.19897 -1.68555 152 152 152
-2.71888 61.19956 -1.78574 149 149 149
-2.64170 61.20305 -1.88491 150 150 150
-2.56050 61.19688 -1.98074 145 145 145
-2.47818 61.20206 -2.07557 140 140 140
-2.38403 61.20426 -2.15901 144 144 144
-2.30351 61.19743 -2.25632 148 148 148
-2.21199 61.20424 -2.34279 149 149 149
-2.11321 61.19648 -2.42083 141 141 141
-2.00937 61.19939 -2.49193 149 149 149
-1.90592 61.20197 -2.56314 152 152 152
-1.80229 61.20194 -2.63430 144 144 144
-1.69829 61.19711 -2.70584 144 144 144
-1.58776 61.20104 -2.76658 139 139 139
-1.47458 61.20079 -2.82231 145 145 145
-1.35048 61.19670 -2.85234 142 142 142
-1.23995 61.20038 -2.91466 136 136 136
-1.11717 61.19777 -2.94444 146 146 146
-0.99696 61.20589 -2.98054 136 136 136
-0.87571 61.19749 -3.01299 139 139 139
-0.75425 61.19824 -3.04573 142 142 142
-0.62961 61.19924 -3.06263 139 139 139
-0.50602 61.20269 -3.08645 141 141 141
-0.38050 61.19612 -3.09491 149 149 149
-0.25503 61.20153 -3.10203 139 139 139
-0.12939 61.19830 -3.10609 138 138 138
-0.00374 61.20238 -3.10254 135 135 135
0.12188 61.20143 -3.09710 142 142 142
0.24671 61.19673 -3.08208 131 131 131
0.37134 61.19667 -3.06590 138 138 138
0.49380 61.19869 -3.03737 139 139 139
0.61701 61.19611 -3.01336 149 149 149
0.74072 61.20401 -2.98957 145 145 145
0.86048 61.19901 -2.95090 142 142 142
0.97744 61.19730 -2.90459 146 146 146
1.09388 61.19779 -2.85763 144 144 144
1.20624 61.19838 -2.80159 144 144 144
1.32132 61.20158 -2.75157 141 141 141
1.43190 61.19483 -2.69226 138 138 138
1.54484 61.19975 -2.63648 154 154 154
1.64777 61.19858 -2.56409 146 146 146
1.75372 61.19787 -2.49627 150 150 150
1.84934 61.19838 -2.41438 147 147 147
1.94581 61.20469 -2.33413 137 137 137
2.04440 61.20542 -2.25597 146 146 146
2.14128 61.20279 -2.17505 147 147 147
2.22067 61.19747 -2.07676 150 150 150
2.31193 61.19859 -1.98946 154 154 154
2.37575 61.19386 -1.87927 143 143 143
2.45987 61.20083 -1.78559 153 153 153
2.53111 61.20067 -1.68207 152 152 152
2.60593 61.20192 -1.58058 147 147 147
2.66838 61.19963 -1.47121 151 151 151
2.72365 61.20098 -1.35808 157 157 157
2.78198 61.20192 -1.24654 156 156 156
2.82075 61.19975 -1.12636 157 157 157
2.86644 61.19889 -1.00960 147 147 147
2.91717 61.19681 -0.89426 167 167 167
2.95386 61.19976 -0.77394 158 158 158
2.98353 61.20261 -0.65172 155 155 155
3.00752 61.19915 -0.52835 170 170 170
3.02981 61.20168 -0.40474 162 162 162
3.04389 61.20081 -0.27996 169 169 169
3.05942 61.19939 -0.15534 163 163 163
3.07090 61.20129 -0.03011 171 171 171
3.06523 61.59964 0.09625 175 175 175
3.05819 61.59641 0.22184 169 169 169
3.05407 61.59547 0.34750 168 168 168
3.03129 61.59523 0.47141 177 177 177
3.01290 61.60201 0.59536 176 176 176
3.00656 61.59924 0.72182 170 170 170
2.96681 61.60286 0.84174 171 171 171
2.94712 61.59473 0.96645 174 174 174
2.91025 61.60051 1.08681 175 175 175
2.86306 61.59630 1.20354 176 176 176
2.82052 61.60519 1.32187 181 181 181
2.77118 61.59815 1.43758 176 176 176
2.71325 61.60183 1.54923 181 181 181
2.65428 61.60333 1.66022 180 180 180
2.59163 61.60287 1.76920 180 180 180
2.52257 61.59794 1.87424 186 186 186
2.45087 61.59907 1.97746 179 179 179
2.36771 61.60189 2.07189 180 180 180
2.28962 61.59980 2.16996 187 187 187
2.21411 61.60204 2.27088 189 189 189
2.12299 61.59911 2.35762 184 184 184
2.04239 61.60271 2.45540 188 188 188
1.93440 61.60213 2.52317 183 183 183
1.84783 61.60120 2.61575 189 189 189
1.74333 61.60240 2.68621 179 179 179
1.63888 61.60177 2.75612 188 188 188
1.54139 61.59648 2.83738 194 194 194
1.42847 61.60062 2.89406 193 193 193
1.31374 61.60404 2.94620 194 194 194
1.20307 61.60081 3.00608 195 195 195
1.08878 61.60501 3.05889 193 193 193
0.97083 61.60299 3.10291 200 200 200
0.84934 61.59733 3.13614 198 198 198
0.72737 61.59725 3.16598 192 192 192
0.60888 61.59931 3.20885 185 185 185
0.48380 61.60200 3.22417 194 194 194
0.36236 61.59798 3.25785 202 202 202
0.23745 61.59831 3.27167 196 196 196
0.11316 61.60181 3.29242 197 197 197
-0.01247 61.59884 3.30085 194 194 194
-0.13838 61.59698 3.28578 199 199 199
-0.26405 61.59726 3.29461 201 201 201
-0.38929 61.60063 3.28429 196 196 196
-0.51480 61.59721 3.27658 202 202 202
-0.63987 61.60078 3.26251 192 192 192
-0.76361 61.59776 3.23946 194 194 194
-0.88548 61.60107 3.20815 194 194 194
-1.00793 61.60087 3.17943 189 189 189
-1.12917 61.60239 3.14559 195 195 195
-1.24905 61.60027 3.10684 191 191 191
-1.36447 61.59783 3.05629 191 191 191
-1.48021 61.59788 3.00689 196 196 196
-1.59160 61.60007 2.94836 190 190 190
-1.70213 61.59857 2.88851 186 186 186
-1.80961 61.60499 2.82345 194 194 194
-1.92037 61.59879 2.76318 189 189 189
-2.01798 61.59960 2.68329 192 192 192
-2.12114 61.60202 2.61136 181 181 181
-2.21697 61.59826 2.52996 187 187 187
-2.30885 61.60136 2.44425 190 190 190
-2.40280 61.59979 2.36067 190 190 190
-2.48380 61.59964 2.26433 184 184 184
-2.57720 61.59564 2.17920 189 189 189
-2.65349 61.59940 2.07900 183 183 183
-2.73288 61.60316 1.98127 181 181 181
-2.79455 61.60124 1.87104 183 183 183
-2.87099 61.60087 1.77079 184 184 184
-2.92366 61.59953 1.65608 182 182 182
-2.98405 61.59766 1.54619 183 183 183
-3.04338 61.60297 1.43547 173 173 173
-3.09194 61.60021 1.31965 190 190 190
-3.14299 61.60028 1.20471 173 173 173
-3.18304 61.60668 1.08552 170 170 170
-3.21929 61.59886 0.96515 173 173 173
-3.24920 61.59862 0.84309 174 174 174
-3.26990 61.59986 0.71915 173 173 173
-3.30203 61.60313 0.59732 169 169 169
-3.31557 61.59811 0.47229 178 178 178
-3.33003 61.60158 0.34744 170 170 170
-3.34023 61.60083 0.22205 165 165 165
-3.33336 61.59821 0.09625 166 166 166
-3.33211 61.59787 -0.02923 163 163 163
-3.32081 61.60037 -0.15421 167 167 167
-3.31687 61.59863 -0.27995 162 162 162
-3.29233 61.59865 -0.40329 157 157 157
-3.27705 61.59984 -0.52807 162 162 162
-3.24324 61.59950 -0.64916 155 155 155
-3.21664 61.59831 -0.77191 162 162 162
-3.18444 61.59856 -0.89347 156 156 156
-3.14252 61.59324 -1.01204 155 155 155
-3.08626 61.60095 -1.12480 146 146 146
-3.04228 61.60229 -1.24246 159 159 159
-2.98569 61.60339 -1.35452 159 159 159
-2.93419 61.60087 -1.46948 157 157 157
-2.86453 61.60274 -1.57434 154 154 154
-2.79742 61.59583 -1.68046 155 155 155
-2.73159 61.59735 -1.78782 148 148 148
-2.65230 61.59512 -1.88556 149 149 149
-2.57006 61.59936 -1.98060 153 153 153
-2.48293 61.60411 -2.07103 144 144 144
-2.40697 61.60021 -2.17233 147 147 147
-2.31616 61.60186 -2.25965 144 144 144
-2.21654 61.59960 -2.33696 147 147 147
-2.12109 61.60124 -2.41880 134 134 134
-2.01925 61.59852 -2.49253 151 151 151
-1.91666 61.59813 -2.56513 140 140 140
-1.81428 61.59758 -2.63856 138 138 138
-1.69796 61.59435 -2.68858 146 146 146
-1.59650 61.60152 -2.76546 146 146 146
-1.48028 61.60141 -2.81454 150 150 150
-1.36346 61.59864 -2.86134 144 144 144
-1.24705 61.60117 -2.90893 139 139 139
-1.12852 61.59946 -2.95106 140 140 140
-1.00716 61.60025 -2.98421 146 146 146
-0.88392 61.59765 -3.00912 143 143 143
-0.76335 61.60376 -3.04567 138 138 138
-0.63849 61.59543 -3.06130 140 140 140
-0.51469 61.59809 -3.08314 135 135 135
-0.38914 61.60085 -3.08992 138 138 138
-0.26407 61.59700 -3.10261 144 144 144
-0.13838 61.60121 -3.11176 141 141 141
-0.01312 61.59936 -3.09204 135 135 135
0.11243 61.60012 -3.09069 143 143 143
0.23755 61.59955 -3.08001 141 141 141
0.36153 61.59937 -3.06011 139 139 139
0.48723 61.60085 -3.04894 131 131 131
0.60890 61.59994 -3.01643 139 139 139
0.72937 61.60530 -2.98058 142 142 142
0.84981 61.59972 -2.94510 139 139 139
0.97178 61.60177 -2.91298 139 139 139
1.08428 61.59878 -2.85551 139 139 139
1.20323 61.60085 -2.81392 139 139 139
1.30790 61.60165 -2.74224 142 142 142
1.42871 61.59927 -2.70200 146 146 146
1.53171 61.59873 -2.62909 137 137 137
1.64314 61.59896 -2.56999 140 140 140
1.74248 61.59393 -2.49254 144 144 144
1.84402 61.59518 -2.41842 144 144 144
1.93901 61.60198 -2.33607 141 141 141
2.03402 61.59635 -2.25384 150 150 150
2.12224 61.60191 -2.16438 142 142 142
2.20780 61.59514 -2.07254 153 153 153
2.29178 61.60023 -1.97931 153 153 153
2.37459 61.59998 -1.88482 153 153 153
2.44940 61.59369 -1.78389 149 149 149
2.51923 61.60054 -1.67951 152 152 152
2.59107 61.60048 -1.57636 150 150 150
2.65547 61.60075 -1.46838 151 151 151
2.71667 61.59978 -1.35847 158 158 158
2.77499 61.60138 -1.24683 161 161 161
2.81164 61.59854 -1.12569 156 156 156
2.86411 61.60057 -1.01143 156 156 156
2.90434 61.60154 -0.89239 157 157 157
2.93816 61.60405 -0.77142 162 162 162
2.97525 61.60349 -0.65127 154 154 154
2.99397 61.60215 -0.52681 161 161 161
3.02695 61.60224 -0.40509 161 161 161
3.03962 61.59996 -0.27989 168 168 168
3.05745 61.60110 -0.15527 169 169 169
3.05814 61.59706 -0.02934 167 167 167
3.04620 62.00068 0.09688 168 168 168
3.04932 62.00171 0.22247 170 170 170
3.04000 62.00256 0.34772 173 173 173
3.02988 62.00000 0.47292 173 173 173
3.01383 62.00307 0.59755 169 169 169
2.99200 61.99592 0.72132 174 174 174
2.96361 62.00047 0.84374 172 172 172
2.94409 61.99756 0.96874 176 176 176
2.89376 61.99829 1.08497 168 168 168
2.85850 62.00475 1.20577 173 173 173
2.80627 62.00338 1.32028 170 170 170
2.76683 62.00320 1.44031 186 186 186
2.70901 61.99837 1.55224 179 179 179
2.63913 62.00387 1.65735 186 186 186
2.58048 62.00052 1.76846 183 183 183
2.50717 61.99809 1.87054 187 187 187
2.43737 62.00018 1.97475 180 180 180
2.36973 61.99835 2.08114 188 188 188
2.29358 61.99868 2.18159 194 194 194
2.20260 61.99766 2.26910 189 189 189
2.12136 62.00176 2.36554 191 191 191
2.02289 61.99843 2.44457 191 191 191
1.93351 62.00042 2.53319 186 186 186
1.83496 62.00218 2.61137 185 185 185
1.73605 62.00037 2.68909 193 193 193
1.62732 62.00361 2.75279 191 191 191
1.52399 62.00446 2.82418 191 191 191
1.41663 62.00137 2.88948 192 192 192
1.30257 62.00063 2.94240 185 185 185
1.19343 62.00179 3.00514 192 192 192
1.07572 61.99821 3.04951 194 194 194
0.95996 62.00596 3.09824 198 198 198
0.84055 62.00162 3.13719 196 196 196
0.71925 62.00100 3.16943 190 190 190
0.59859 61.99670 3.20376 198 198 198
0.47553 62.00267 3.22805 192 192 192
0.35420 61.99900 3.26323 191 191 191
0.22810 62.00051 3.26862 198 198 198
0.10429 61.99739 3.29366 193 193 193
-0.02133 61.99996 3.30308 195 195 195
-0.14730 62.00013 3.29629 197 197 197
-0.27286 62.00202 3.29245 194 194 194
-0.39842 62.00332 3.28766 200 200 200
-0.52409 61.99920 3.28031 193 193 193
-0.64862 62.00010 3.26206 198 198 198
-0.77312 61.99835 3.24310 192 192 192
-0.89291 62.00194 3.20257 198 198 198
-1.01648 62.00086 3.17874 193 193 193
-1.13552 61.99698 3.13830 196 196 196
-1.25626 61.99773 3.10284 191 191 191
-1.37325 61.99548 3.05657 197 197 197
-1.48643 62.00012 3.00168 191 191 191
-1.60284 62.00175 2.95352 190 190 190
-1.71171 61.99516 2.89033 193 193 193
-1.82076 61.99961 2.82772 190 190 190
-1.93002 61.99891 2.76490 193 193 193
-2.03161 61.99875 2.69040 193 193 193
-2.12907 62.00078 2.61073 191 191 191
-2.22432 61.99813 2.52875 191 191 191
-2.32091 62.00281 2.44827 183 183 183
-2.41013 62.00042 2.35970 180 180 180
-2.49849 62.00146 2.27029 190 190 190
-2.58167 62.00411 2.17602 185 185 185
-2.65651 61.99936 2.07497 175 175 175
-2.72981 62.00130 1.97318 182 182 182
-2.80958 62.00364 1.87575 179 179 179
-2.87209 62.00206 1.76663 187 187 187
-2.94615 62.00193 1.66430 183 183 183
-2.99145 62.00154 1.54604 180 180 180
-3.05132 62.00194 1.43565 178 178 178
-3.10230 62.00372 1.32087 179 179 179
-3.14712 61.99918 1.20357 176 176 176
-3.19680 62.00295 1.08772 174 174 174
-3.23168 61.99650 0.96676 168 168 168
-3.25863 62.00325 0.84384 173 173 173
-3.28352 61.99693 0.72071 175 175 175
-3.30890 61.99962 0.59762 174 174 174
-3.32523 61.99997 0.47301 175 175 175
-3.33904 62.00142 0.34807 164 164 164
-3.33811 61.99737 0.22224 168 168 168
-3.34945 62.00481 0.09688 165 165 165
-3.33626 61.99930 -0.02842 163 163 163
-3.33704 61.99983 -0.15416 158 158 158
-3.32066 61.99777 -0.27872 160 160 160
-3.30111 62.00130 -0.40264 171 171 171
-3.27758 61.99274 -0.52578 160 160 160
-3.25549 61.99853 -0.64934 167 167 167
-3.23379 62.00105 -0.77361 161 161 161
-3.18332 61.99755 -0.88959 155 155 155
-3.15346 62.00398 -1.01216 156 156 156
-3.10341 62.00120 -1.12758 156 156 156
-3.05457 61.99826 -1.24340 150 150 150
-3.00068 61.99601 -1.35699 157 157 157
-2.93998 62.00100 -1.46710 155 155 155
-2.87093 62.00178 -1.57217 151 151 151
-2.80551 62.00074 -1.67928 150 150 150
-2.73353 62.00113 -1.78213 156 156 156
-2.66429 61.99887 -1.88736 155 155 155
-2.57743 62.00007 -1.97865 153 153 153
-2.49349 61.99759 -2.07191 155 155 155
-2.41152 62.00243 -2.16734 146 146 146
-2.31624 61.99439 -2.24946 150 150 150
-2.22993 62.00209 -2.34157 144 144 144
-2.12631 61.99885 -2.41349 142 142 142
-2.02881 61.99717 -2.49280 141 141 141
-1.92580 62.00510 -2.56483 137 137 137
-1.81918 62.00416 -2.63138 147 147 147
-1.71175 62.00418 -2.69665 138 138 138
-1.60064 62.00606 -2.75546 145 145 145
-1.48367 61.99989 -2.80193 140 140 140
-1.36817 62.00289 -2.85055 141 141 141
-1.25275 62.00129 -2.89957 137 137 137
-1.13513 62.00271 -2.94336 142 142 142
-1.01445 62.00236 -2.97780 139 139 139
-0.89297 62.00272 -3.00907 135 135 135
-0.77224 61.99931 -3.04491 144 144 144
-0.64902 62.00062 -3.07087 141 141 141
-0.52309 62.00174 -3.07814 136 136 136
-0.39847 61.99547 -3.09449 138 138 138
-0.27301 62.00154 -3.10262 138 138 138
-0.14730 62.00023 -3.10409 139 139 139
-0.02160 61.99834 -3.10244 141 141 141
0.10373 62.00076 -3.09273 145 145 145
0.22905 61.99878 -3.08288 137 137 137
0.35319 62.00154 -3.06313 144 144 144
0.47648 62.00315 -3.03907 145 145 145
0.60007 61.99775 -3.01614 136 136 136
0.72139 62.00005 -2.98326 136 136 136
0.84270 61.99942 -2.95004 138 138 138
0.96032 61.99904 -2.90545 142 142 142
1.07971 61.99933 -2.86540 136 136 136
1.19466 62.00202 -2.81407 140 140 140
1.30378 62.00377 -2.75103 140 140 140
1.41369 61.99816 -2.69047 141 141 141
1.52211 62.00194 -2.62735 148 148 148
1.62919 62.00235 -2.56184 156 156 156
1.73337 62.00104 -2.49165 148 148 148
1.83213 62.00068 -2.41403 143 143 143
1.93107 61.99858 -2.33659 146 146 146
2.02196 61.99978 -2.24982 144 144 144
2.11056 62.00200 -2.16099 146 146 146
2.20210 62.00171 -2.07489 147 147 147
2.28397 62.00045 -1.97963 150 150 150
2.37116 61.99792 -1.88852 157 157 157
2.44263 61.99862 -1.78482 156 156 156
2.51634 62.00281 -1.68292 149 149 149
2.58127 61.99991 -1.57520 156 156 156
2.64456 61.99994 -1.46664 148 148 148
2.70145 61.99808 -1.35463 151 151 151
2.75290 61.99366 -1.24014 157 157 157
2.81112 62.00028 -1.12854 165 165 165
2.85758 61.99912 -1.01168 155 155 155
2.89588 61.99956 -0.89192 157 157 157
2.92683 61.99676 -0.77012 156 156 156
2.96125 61.99866 -0.64942 157 157 157
2.98710 62.00245 -0.52660 158 158 158
3.00182 61.99899 -0.40190 167 167 167
3.02736 62.00031 -0.27887 168 168 168
3.04105 61.99912 -0.15405 165 165 165
3.05080 62.00437 -0.02878 166 166 166
3.04406 62.40034 0.09750 171 171 171
3.03657 62.39562 0.22294 168 168 168
3.03322 62.39884 0.34851 165 165 165
3.01443 62.40385 0.47276 175 175 175
2.99994 62.40171 0.59737 169 169 169
2.97983 62.39739 0.72128 174 174 174
2.95474 62.40082 0.84436 175 175 175
2.92789 62.39913 0.96729 177 177 177
2.88847 62.40419 1.08675 173 173 173
2.84718 62.40095 1.20548 177 177 177
2.80218 62.40379 1.32288 179 179 179
2.74490 62.39822 1.43490 176 176 176
2.69864 62.39704 1.55209 176 176 176
2.63400 62.40063 1.66006 182 182 182
2.57466 62.40204 1.77094 186 186 186
2.50954 62.40106 1.87865 190 190 190
2.43838 62.39653 1.98253 188 188 188
2.35888 62.40263 2.08018 190 190 190
2.27807 62.40111 2.17652 184 184 184
2.19388 62.39960 2.26985 181 181 181
2.10907 62.39628 2.36271 190 190 190
2.01238 62.40487 2.44340 184 184 184
1.91793 62.39527 2.52593 192 192 192
1.82360 62.40346 2.60879 194 194 194
1.72710 62.40296 2.68956 191 191 191
1.61911 62.39860 2.75436 195 195 195
1.51778 62.39517 2.82910 192 192 192
1.40866 62.39796 2.89167 194 194 194
1.29665 62.40020 2.94878 194 194 194
1.18286 62.39967 3.00202 198 198 198
1.06872 62.39814 3.05459 195 195 195
0.95122 62.39621 3.09914 188 188 188
0.83116 62.40003 3.13610 191 191 191
0.71214 62.40102 3.17620 195 195 195
0.59181 62.39361 3.21296 196 196 196
0.46584 62.40163 3.22444 200 200 200
0.34338 62.40054 3.25137 196 196 196
0.21905 62.39545 3.26747 192 192 192
0.09549 62.39832 3.29484 196 196 196
-0.03034 62.39987 3.29950 199 199 199
-0.15614 62.40415 3.30582 199 199 199
-0.28192 62.39703 3.29860 197 197 197
-0.40758 62.39882 3.29227 197 197 197
-0.53310 62.39954 3.28234 194 194 194
-0.65539 62.40327 3.24963 199 199 199
-0.78071 62.39907 3.23738 195 195 195
-0.90359 62.39887 3.21083 193 193 193
-1.02269 62.39756 3.17005 196 196 196
-1.14714 62.39833 3.14748 198 198 198
-1.26664 62.39584 3.10762 194 194 194
-1.38054 62.40551 3.05345 195 195 195
-1.49508 62.40377 3.00188 206 206 206
-1.60845 62.39665 2.94780 184 184 184
-1.71884 62.39901 2.88790 190 190 190
-1.82603 62.40181 2.82250 185 185 185
-1.93975 62.40282 2.76685 192 192 192
-2.04065 62.40009 2.69130 189 189 189
-2.13869 62.39902 2.61235 191 191 191
-2.23759 62.39959 2.53456 197 197 197
-2.32612 62.40051 2.44497 187 187 187
-2.41751 62.40100 2.35887 182 182 182
-2.50431 62.40399 2.26812 194 194 194
-2.58532 62.40084 2.17221 186 186 186
-2.67087 62.39748 2.07995 190 190 190
-2.73972 62.39963 1.97458 190 190 190
-2.82009 62.39792 1.87749 176 176 176
-2.88365 62.39997 1.76892 177 177 177
-2.95062 62.39768 1.66248 183 183 183
-3.01392 62.39733 1.55361 173 173 173
-3.05624 62.40080 1.43446 184 184 184
-3.11961 62.40267 1.32501 182 182 182
-3.15737 62.40720 1.20471 179 179 179
-3.19414 62.40166 1.08460 174 174 174
-3.23081 62.39981 0.96464 181 181 181
-3.25955 62.39609 0.84256 179 179 179
-3.30394 62.39895 0.72363 165 165 165
-3.32952 62.39960 0.60011 174 174 174
-3.32067 62.40007 0.47205 167 167 167
-3.33437 62.39905 0.34763 168 168 168
-3.34736 62.40362 0.22288 168 168 168
-3.35903 62.39914 0.09750 166 166 166
-3.35299 62.40163 -0.02810 169 169 169
-3.34257 62.39946 -0.15328 170 170 170
-3.33498 62.40046 -0.27874 158 158 158
-3.32354 62.39491 -0.40417 168 168 168
-3.28714 62.39811 -0.52529 163 163 163
-3.27227 62.40211 -0.65061 160 160 160
-3.22826 62.40077 -0.76893 155 155 155
-3.20867 62.39952 -0.89432 162 162 162
-3.14921 62.39803 -1.00670 157 157 157
-3.11279 62.40108 -1.12718 161 161 161
-3.06166 62.40184 -1.24196 144 144 144
-3.00800 62.40184 -1.35559 152 152 152
-2.94981 62.39797 -1.46703 152 152 152
-2.87845 62.40584 -1.57073 146 146 146
-2.81684 62.40082 -1.68032 146 146 146
-2.74708 62.39691 -1.78492 147 147 147
-2.67120 62.40120 -1.88521 150 150 150
-2.59052 62.40520 -1.98165 150 150 150
-2.50508 62.40454 -2.07383 155 155 155
-2.42021 62.40355 -2.16657 150 150 150
-2.33314 62.39927 -2.25756 144 144 144
-2.23425 62.40251 -2.33565 154 154 154
-2.14136 62.39915 -2.42073 141 141 141
-2.03671 62.39978 -2.49088 137 137 137
-1.93270 62.40174 -2.56131 144 144 144
-1.82771 62.39662 -2.63025 139 139 139
-1.72037 62.40139 -2.69563 145 145 145
-1.60839 62.40180 -2.75269 148 148 148
-1.49949 62.39718 -2.81644 142 142 142
-1.38165 62.40104 -2.86112 137 137 137
-1.26011 62.39322 -2.89493 140 140 140
-1.14673 62.40198 -2.95121 133 133 133
-1.02273 62.39795 -2.97517 133 133 133
-0.90266 62.39968 -3.01196 145 145 145
-0.78106 62.39841 -3.04414 140 140 140
-0.65597 62.40130 -3.05825 142 142 142
-0.53199 62.39942 -3.07796 145 145 145
-0.40701 62.40150 -3.09004 134 134 134
-0.28157 62.39818 -3.09469 138 138 138
-0.15614 62.39757 -3.10823 141 141 141
-0.03097 62.40114 -3.08836 137 137 137
0.09437 62.40161 -3.08561 136 136 136
0.21942 62.39867 -3.07560 148 148 148
0.34472 62.40017 -3.06482 143 143 143
0.46820 62.39652 -3.04130 137 137 137
0.59290 62.40164 -3.02250 148 148 148
0.71227 62.39793 -2.98167 140 140 140
0.83510 62.39937 -2.95323 141 141 141
0.95160 62.40157 -2.90518 143 143 143
1.06802 62.39873 -2.85788 142 142 142
1.18503 62.40168 -2.81174 146 146 146
1.29507 62.39762 -2.75066 143 143 143
1.40848 62.40487 -2.69634 139 139 139
1.51448 62.39933 -2.62871 138 138 138
1.61905 62.39926 -2.55927 145 145 145
1.72008 62.39933 -2.48490 146 146 146
1.82480 62.39986 -2.41532 155 155 155
1.92317 62.39580 -2.33706 148 148 148
2.01150 62.39905 -2.24745 145 145 145
2.10591 62.40056 -2.16455 147 147 147
2.19286 62.39708 -2.07390 155 155 155
2.27900 62.40088 -1.98231 147 147 147
2.35562 62.39955 -1.88262 146 146 146
2.43337 62.40033 -1.78389 153 153 153
2.50297 62.40216 -1.67926 146 146 146
2.57365 62.39519 -1.57532 160 160 160
2.64048 62.39822 -1.46869 150 150 150
2.69161 62.39827 -1.35350 155 155 155
2.74861 62.39855 -1.24161 161 161 161
2.79471 62.39528 -1.12478 152 152 152
2.84779 62.40036 -1.01071 154 154 154
2.88919 62.39942 -0.89199 166 166 166
2.92408 62.40182 -0.77121 161 161 161
2.96153 62.39640 -0.65099 163 163 163
2.98500 62.40032 -0.52731 159 159 159
3.00270 62.39530 -0.40281 160 160 160
3.01933 62.39892 -0.27834 164 164 164
3.02758 62.39622 -0.15306 164 164 164
3.04093 62.39932 -0.02811 160 160 160
3.02888 62.80168 0.09813 171 171 171
3.03056 62.79806 0.22368 166 166 166
3.02563 62.79969 0.34923 172 172 172
3.01596 62.80012 0.47461 171 171 171
3.00000 62.79917 0.59940 174 174 174
2.96951 62.80032 0.72160 175 175 175
2.93954 62.79987 0.84344 176 176 176
2.92262 62.79916 0.96890 180 180 180
2.87809 62.80148 1.08685 178 178 178
2.83777 62.79929 1.20587 177 177 177
2.79430 62.80370 1.32387 180 180 180
2.73859 62.80265 1.43666 177 177 177
2.69457 62.79725 1.55510 179 179 179
2.61504 62.80307 1.65497 179 179 179
2.56356 62.79542 1.77013 176 176 176
2.49669 62.79894 1.87655 176 176 176
2.42712 62.79652 1.98134 179 179 179
2.34027 62.79844 2.07305 179 179 179
2.27070 62.80021 2.17833 185 185 185
2.18226 62.80341 2.26782 192 192 192
2.09800 62.80388 2.36103 188 188 188
2.00229 62.80364 2.44259 189 189 189
1.91002 62.80252 2.52755 184 184 184
1.81085 62.80166 2.60436 185 185 185
1.71598 62.80005 2.68695 184 184 184
1.61138 62.80284 2.75652 187 187 187
1.50813 62.80041 2.82828 192 192 192
1.39976 62.80243 2.89203 191 191 191
1.28353 62.79868 2.94084 196 196 196
1.17941 62.80114 3.01417 189 189 189
1.05959 62.80253 3.05432 195 195 195
0.94058 62.80077 3.09468 196 196 196
0.82378 62.80268 3.14100 188 188 188
0.70335 62.79881 3.17673 187 187 187
0.58162 62.80032 3.20764 191 191 191
0.45955 62.79444 3.23749 193 193 193
0.33609 62.80199 3.26129 189 189 189
0.21184 62.80245 3.28124 200 200 200
0.08626 62.79814 3.28947 197 197 197
-0.03930 62.79900 3.29505 194 194 194
-0.16491 62.80542 3.30040 190 190 190
-0.29057 62.80033 3.29647 190 190 190
-0.41611 62.80154 3.28997 196 196 196
-0.54168 62.80053 3.28147 199 199 199
-0.66611 62.80115 3.26259 199 199 199
-0.78881 62.80166 3.23469 195 195 195
-0.91230 62.79901 3.21125 193 193 193
-1.03439 62.79858 3.18108 193 193 193
-1.15413 62.80092 3.14263 192 192 192
-1.27100 62.80088 3.09631 197 197 197
-1.39126 62.80138 3.05881 192 192 192
-1.50622 62.80097 3.00765 196 196 196
-1.61645 62.79989 2.94694 191 191 191
-1.72736 62.79899 2.88809 190 190 190
-1.83795 62.80330 2.82829 194 194 194
-1.93976 62.80067 2.75438 188 188 188
-2.04396 62.79651 2.68442 192 192 192
-2.14837 62.80143 2.61413 186 186 186
-2.24193 62.79765 2.53001 187 187 187
-2.33783 62.80014 2.44878 187 187 187
-2.42858 62.79967 2.36179 181 181 181
-2.51547 62.79854 2.27096 189 189 189
-2.60556 62.79955 2.18264 189 189 189
-2.66998 62.79612 2.07296 182 182 182
-2.75200 62.79688 1.97775 187 187 187
-2.82560 62.79859 1.87594 186 186 186
-2.88850 62.79906 1.76714 182 182 182
-2.95795 62.80021 1.66230 182 182 182
-3.00884 62.80039 1.54718 178 178 178
-3.07500 62.80163 1.43970 180 180 180
-3.12203 62.80272 1.32300 183 183 183
-3.16649 62.79731 1.20547 175 175 175
-3.20131 62.79781 1.08471 176 176 176
-3.24388 62.79756 0.96648 175 175 175
-3.27546 62.79772 0.84490 180 180 180
-3.31459 62.80098 0.72464 169 169 169
-3.32251 62.79865 0.59824 174 174 174
-3.33463 62.79465 0.47329 165 165 165
-3.34529 62.80253 0.34843 167 167 167
-3.36258 62.80089 0.22376 171 171 171
-3.35815 62.79711 0.09813 167 167 167
-3.36727 62.80039 -0.02770 166 166 166
-3.35832 62.80096 -0.15320 164 164 164
-3.34290 62.80554 -0.27801 164 164 164
-3.33570 62.80161 -0.40408 164 164 164
-3.29729 62.79914 -0.52495 159 159 159
-3.27383 62.79843 -0.64826 168 168 168
-3.24860 62.79688 -0.77157 167 167 167
-3.20504 62.80176 -0.88967 159 159 159
-3.16164 62.79873 -1.00743 162 162 162
-3.11972 62.79542 -1.12580 159 159 159
-3.07411 62.79999 -1.24303 156 156 156
-3.02019 62.80331 -1.35671 157 157 157
-2.95927 62.79642 -1.46679 155 155 155
-2.89608 62.80016 -1.57554 149 149 149
-2.82227 62.80155 -1.67747 154 154 154
-2.75675 62.79559 -1.78496 153 153 153
-2.67593 62.79825 -1.88140 146 146 146
-2.59560 62.79784 -1.97788 148 148 148
-2.50996 62.79920 -2.06962 148 148 148
-2.42100 62.79741 -2.15797 145 145 145
-2.33319 62.79902 -2.24750 147 147 147
-2.24108 62.80125 -2.33276 147 147 147
-2.14814 62.79929 -2.41759 145 145 145
-2.04659 62.80500 -2.49179 145 145 145
-1.94664 62.79981 -2.56843 134 134 134
-1.83763 62.80014 -2.63151 141 141 141
-1.72945 62.80088 -2.69557 141 141 141
-1.61621 62.80421 -2.75021 141 141 141
-1.50484 62.79899 -2.80841 140 140 140
-1.38969 62.79947 -2.85876 149 149 149
-1.27036 62.80015 -2.89833 140 140 140
-1.15183 62.79820 -2.93931 136 136 136
-1.03216 62.80101 -2.97693 137 137 137
-0.91121 62.80273 -3.01046 138 138 138
-0.78830 62.80628 -3.03586 142 142 142
-0.66477 62.79887 -3.05789 138 138 138
-0.54122 62.79880 -3.08133 144 144 144
-0.41589 62.80266 -3.09095 138 138 138
-0.29058 62.80339 -3.10034 138 138 138
-0.16491 62.80035 -3.09236 133 133 133
-0.03928 62.80409 -3.09937 142 142 142
0.08629 62.80375 -3.09361 140 140 140
0.21144 62.79928 -3.08163 139 139 139
0.33584 62.80009 -3.06350 142 142 142
0.45917 62.80402 -3.03932 139 139 139
0.58322 62.80205 -3.01804 136 136 136
0.70136 62.79863 -2.97342 138 138 138
0.82572 62.80427 -2.95071 143 143 143
0.94224 62.80068 -2.90293 138 138 138
1.05818 62.79961 -2.85467 144 144 144
1.17372 62.80127 -2.80559 137 137 137
1.28983 62.80300 -2.75696 142 142 142
1.39660 62.80259 -2.69014 132 132 132
1.50848 62.79253 -2.63260 143 143 143
1.60904 62.80044 -2.55678 152 152 152
1.71641 62.80076 -2.49129 140 140 140
1.82223 62.80064 -2.42254 141 141 141
1.91630 62.80111 -2.33866 144 144 144
2.00825 62.79628 -2.25278 148 148 148
2.10244 62.80106 -2.16922 146 146 146
2.17886 62.79707 -2.06843 147 147 147
2.26869 62.80115 -1.98036 147 147 147
2.34525 62.80194 -1.88073 150 150 150
2.43076 62.79779 -1.78773 143 143 143
2.50098 62.79851 -1.68317 160 160 160
2.56386 62.79899 -1.57406 147 147 147
2.62013 62.80067 -1.46157 151 151 151
2.68745 62.80008 -1.35523 152 152 152
2.74436 62.79874 -1.24306 151 151 151
2.80656 62.80043 -1.13270 163 163 163
2.83288 62.79925 -1.00782 151 151 151
2.87924 62.80008 -0.89098 163 163 163
2.91342 62.79867 -0.77005 159 159 159
2.94919 62.79652 -0.64950 160 160 160
2.96266 62.80091 -0.52399 164 164 164
2.99361 62.79795 -0.40213 167 167 167
3.01836 62.80051 -0.27864 165 165 165
3.03065 62.79837 -0.15337 160 160 160
3.02827 62.80230 -0.02734 167 167 167
3.01693 63.20167 0.09875 164 164 164
3.02787 63.20257 0.22454 170 170 170
3.01853 63.20506 0.34998 171 171 171
3.00015 63.20356 0.47439 168 168 168
2.99258 63.19722 0.60022 169 169 169
2.96056 63.20201 0.72217 174 174 174
2.93660 63.19559 0.84544 172 172 172
2.90828 63.19913 0.96793 176 176 176
2.88135 63.19588 1.09136 172 172 172
2.82393 63.19714 1.20459 174 174 174
2.77970 63.20150 1.32204 178 178 178
2.72958 63.19792 1.43713 183 183 183
2.67190 63.20036 1.54860 186 186 186
2.61223 63.20303 1.65888 180 180 180
2.55772 63.19777 1.77250 181 181 181
2.49231 63.19671 1.88005 180 180 180
2.41731 63.19815 1.98115 187 187 187
2.34479 63.19718 2.08408 184 184 184
2.25721 63.20166 2.17485 195 195 195
2.17556 63.20076 2.27028 189 189 189
2.08868 63.19798 2.36102 188 188 188
1.99594 63.19738 2.44573 185 185 185
1.90179 63.20074 2.52871 191 191 191
1.80520 63.20418 2.60883 188 188 188
1.70788 63.20144 2.68837 188 188 188
1.60822 63.19824 2.76541 193 193 193
1.50127 63.20546 2.83186 197 197 197
1.38737 63.19687 2.88603 198 198 198
1.27878 63.20263 2.94919 185 185 185
1.16811 63.20254 3.00911 199 199 199
1.04971 63.20092 3.05205 194 194 194
0.93271 63.20115 3.09749 197 197 197
0.81240 63.19593 3.13329 190 190 190
0.69612 63.19908 3.18250 196 196 196
0.57328 63.20021 3.20969 193 193 193
0.45058 63.19845 3.23664 193 193 193
0.32703 63.19717 3.25952 192 192 192
0.20227 63.20067 3.27434 202 202 202
0.07742 63.19787 3.28815 191 191 191
-0.04782 63.20256 3.29962 202 202 202
-0.17359 63.20390 3.30681 195 195 195
-0.29891 63.19999 3.28855 191 191 191
-0.42409 63.19958 3.28169 193 193 193
-0.54865 63.19951 3.26762 190 190 190
-0.67362 63.19834 3.25580 192 192 192
-0.79741 63.19877 3.23494 198 198 198
-0.92024 63.19968 3.20880 194 194 194
-1.04196 63.19815 3.17777 196 196 196
-1.16635 63.19819 3.15416 194 194 194
-1.28220 63.20031 3.10379 195 195 195
-1.39654 63.19953 3.05122 197 197 197
-1.51225 63.20033 3.00254 198 198 198
-1.62524 63.19694 2.94777 193 193 193
-1.73004 63.20149 2.87800 189 189 189
-1.84836 63.20383 2.83173 193 193 193
-1.95431 63.19760 2.76379 190 190 190
-2.05583 63.20008 2.68943 188 188 188
-2.15406 63.20287 2.61097 196 196 196
-2.24918 63.19930 2.52895 189 189 189
-2.34865 63.19982 2.45172 193 193 193
-2.43407 63.20094 2.35923 188 188 188
-2.52617 63.20339 2.27345 189 189 189
-2.60279 63.20173 2.17348 193 193 193
-2.68987 63.20004 2.08243 187 187 187
-2.76449 63.20270 1.98115 176 176 176
-2.83073 63.20223 1.87419 179 179 179
-2.89890 63.19934 1.76882 181 181 181
-2.96861 63.20089 1.66404 185 185 185
-3.02291 63.20035 1.55055 182 182 182
-3.08191 63.19798 1.43951 176 176 176
-3.12752 63.19846 1.32231 183 183 183
-3.17969 63.20034 1.20776 182 182 182
-3.21035 63.20040 1.08545 176 176 176
-3.24952 63.20055 0.96625 173 173 173
-3.28827 63.19924 0.84652 175 175 175
-3.31173 63.19375 0.72297 177 177 177
-3.33586 63.20484 0.59960 175 175 175
-3.35379 63.19507 0.47515 170 170 170
-3.36204 63.19698 0.34969 170 170 170
-3.37606 63.19872 0.22458 156 156 156
-3.37695 63.20134 0.09875 173 173 173
-3.36296 63.19955 -0.02656 166 166 166
-3.36761 63.20140 -0.15263 165 165 165
-3.35496 63.20290 -0.27779 168 168 168
-3.33173 63.19982 -0.40145 161 161 161
-3.30790 63.19770 -0.52470 170 170 170
-3.28537 63.20297 -0.64832 164 164 164
-3.25626 63.20306 -0.77065 168 168 168
-3.21343 63.19722 -0.88896 155 155 155
-3.17016 63.20068 -1.00674 160 160 160
-3.12493 63.20136 -1.12374 160 160 160
-3.07573 63.19698 -1.23916 156 156 156
-3.02284 63.19462 -1.35302 152 152 152
-2.96943 63.19907 -1.46700 149 149 149
-2.90492 63.19701 -1.57502 154 154 154
-2.82758 63.20340 -1.67459 144 144 144
-2.75950 63.19674 -1.78003 159 159 159
-2.69197 63.20040 -1.88658 150 150 150
-2.60719 63.19829 -1.97974 152 152 152
-2.53087 63.20432 -2.08030 149 149 149
-2.43781 63.20187 -2.16548 153 153 153
-2.34581 63.19592 -2.25115 144 144 144
-2.25641 63.20432 -2.33993 151 151 151
-2.15357 63.20082 -2.41285 152 152 152
-2.05754 63.20140 -2.49429 143 143 143
-1.95328 63.19705 -2.56474 141 141 141
-1.84797 63.19853 -2.63360 144 144 144
-1.73981 63.20444 -2.69793 143 143 143
-1.62252 63.19680 -2.74495 144 144 144
-1.51620 63.19667 -2.81360 139 139 139
-1.40029 63.19937 -2.86277 141 141 141
-1.28126 63.19952 -2.90372 144 144 144
-1.16046 63.20085 -2.93854 140 140 140
-1.04300 63.19752 -2.98396 139 139 139
-0.92124 63.20363 -3.01545 135 135 135
-0.79633 63.19490 -3.03198 142 142 142
-0.67445 63.20042 -3.06356 141 141 141
-0.54926 63.20244 -3.07526 140 140 140
-0.42472 63.20051 -3.09224 137 137 137
-0.29963 63.19715 -3.10930 142 142 142
-0.17359 63.19982 -3.09590 145 145 145
-0.04794 63.19621 -3.09930 140 140 140
0.07731 63.19866 -3.08922 141 141 141
0.20296 63.19979 -3.08268 138 138 138
0.32684 63.19883 -3.06085 142 142 142
0.44927 63.19620 -3.03256 136 136 136
0.57362 63.20541 -3.01357 138 138 138
0.69541 63.19805 -2.98248 131 131 131
0.81424 63.20026 -2.94147 141 141 141
0.93411 63.19700 -2.90378 142 142 142
1.05227 63.20166 -2.86074 140 140 140
1.16453 63.19941 -2.80385 141 141 141
1.28122 63.19894 -2.75646 148 148 148
1.38632 63.20020 -2.68667 146 146 146
1.49843 63.19751 -2.62973 137 137 137
1.60637 63.19991 -2.56515 144 144 144
1.70435 63.19993 -2.48601 144 144 144
1.80805 63.20090 -2.41494 152 152 152
1.90329 63.20044 -2.33296 152 152 152
1.99812 63.19945 -2.25058 144 144 144
2.09176 63.19621 -2.16659 147 147 147
2.17599 63.20101 -2.07318 150 150 150
2.25872 63.19708 -1.97864 151 151 151
2.33863 63.20314 -1.88172 156 156 156
2.41559 63.19874 -1.78240 146 146 146
2.49334 63.20115 -1.68323 150 150 150
2.55564 63.19916 -1.57372 154 154 154
2.61945 63.20093 -1.46542 154 154 154
2.67183 63.20070 -1.35106 152 152 152
2.73200 63.19933 -1.24075 153 153 153
2.77940 63.19976 -1.12442 154 154 154
2.82759 63.19942 -1.00844 156 156 156
2.86898 63.20070 -0.88984 160 160 160
2.90682 63.19985 -0.77001 163 163 163
2.93949 63.20012 -0.64863 160 160 160
2.96423 63.19850 -0.52540 163 163 163
2.98961 63.20155 -0.40225 165 165 165
3.00799 63.19847 -0.27781 165 165 165
3.01250 63.20294 -0.15200 159 159 159
3.01266 63.19947 -0.02644 164 164 164
3.01423 63.60018 0.09938 168 168 168
3.01612 63.60167 0.22504 164 164 164
3.00397 63.60046 0.35013 168 168 168
2.98933 63.60079 0.47475 165 165 165
2.97006 63.59881 0.59864 172 172 172
2.95751 63.59686 0.72390 173 173 173
2.93148 63.60157 0.84690 175 175 175
2.89731 63.60320 0.96788 173 173 173
2.85965 63.59975 1.08772 176 176 176
2.82467 63.59587 1.20866 178 178 178
2.77419 63.59944 1.32394 184 184 184
2.72629 63.59814 1.44020 177 177 177
2.66907 63.59728 1.55216 186 186 186
2.61108 63.59980 1.66368 177 177 177
2.54030 63.60614 1.76771 175 175 175
2.47566 63.59502 1.87528 182 182 182
2.40723 63.59997 1.98069 180 180 180
2.33222 63.60114 2.08157 186 186 186
2.25169 63.60096 2.17810 188 188 188
2.17102 63.59880 2.27464 186 186 186
2.08236 63.59898 2.36391 195 195 195
1.98901 63.60468 2.44815 188 188 188
1.89866 63.60290 2.53572 189 189 189
1.79959 63.59891 2.61324 188 188 188
1.69868 63.59445 2.68816 191 191 191
1.59747 63.59776 2.76280 190 190 190
1.49221 63.60163 2.83173 197 197 197
1.38522 63.60006 2.89817 188 188 188
1.26684 63.60074 2.94323 197 197 197
1.15780 63.60407 3.00602 188 188 188
1.04105 63.60195 3.05251 195 195 195
0.92379 63.59949 3.09722 190 190 190
0.80675 63.59774 3.14297 194 194 194
0.68466 63.59806 3.17295 192 192 192
0.56659 63.60101 3.21820 193 193 193
0.44165 63.60060 3.23559 194 194 194
0.31949 63.59929 3.26678 195 195 195
0.19380 63.60245 3.27597 190 190 190
0.06903 63.59834 3.29134 192 192 192
-0.05676 63.60305 3.29159 199 199 199
-0.18218 63.59541 3.30617 193 193 193
-0.30808 63.59820 3.30388 196 196 196
-0.43278 63.59952 3.28354 200 200 200
-0.55831 63.59703 3.27730 192 192 192
-0.68338 63.60139 3.26383 196 196 196
-0.80442 63.60179 3.22760 192 192 192
-0.92763 63.60177 3.20441 195 195 195
-1.05102 63.60154 3.18004 201 201 201
-1.16999 63.60105 3.13954 192 192 192
-1.28973 63.59767 3.10153 195 195 195
-1.40813 63.60071 3.05909 189 189 189
-1.51971 63.60202 3.00071 191 191 191
-1.63439 63.60057 2.94950 196 196 196
-1.74607 63.59931 2.89191 201 201 201
-1.85362 63.59831 2.82692 193 193 193
-1.95971 63.59861 2.75964 192 192 192
-2.06658 63.60075 2.69303 194 194 194
-2.16538 63.59997 2.61505 193 193 193
-2.26290 63.59926 2.53559 196 196 196
-2.35726 63.59873 2.45237 189 189 189
-2.44677 63.60198 2.36397 186 186 186
-2.53079 63.59891 2.27041 182 182 182
-2.61004 63.59604 2.17297 187 187 187
-2.69530 63.59972 2.08056 186 186 186
-2.77112 63.59939 1.98035 188 188 188
-2.83594 63.59658 1.87256 184 184 184
-2.91094 63.59959 1.77156 188 188 188
-2.97386 63.59957 1.66279 184 184 184
-3.03702 63.59926 1.55399 182 182 182
-3.08981 63.59725 1.43981 187 187 187
-3.13887 63.60007 1.32408 177 177 177
-3.18096 63.59998 1.20568 177 177 177
-3.23374 63.60274 1.09089 177 177 177
-3.26127 63.60638 0.96777 168 168 168
-3.28487 63.60346 0.84427 177 177 177
-3.31865 63.60204 0.72326 175 175 175
-3.34675 63.59971 0.60059 169 169 169
-3.36838 63.60055 0.47649 164 164 164
-3.36575 63.60132 0.34993 169 169 169
-3.37268 63.60078 0.22473 165 165 165
-3.37192 63.59952 0.09938 171 171 171
-3.36943 63.59700 -0.02585 169 169 169
-3.37385 63.59523 -0.15181 169 169 169
-3.36233 63.60146 -0.27702 165 165 165
-3.34578 63.60026 -0.40169 169 169 169
-3.32193 63.59911 -0.52516 159 159 159
-3.29067 63.59865 -0.64691 166 166 166
-3.26052 63.59908 -0.76881 163 163 163
-3.23132 63.59652 -0.89135 162 162 162
-3.19067 63.60552 -1.01051 154 154 154
-3.13994 63.59516 -1.12577 156 156 156
-3.08193 63.60179 -1.23743 155 155 155
-3.04283 63.59926 -1.35820 150 150 150
-2.97634 63.59733 -1.46543 150 150 150
-2.90586 63.60155 -1.56970 155 155 155
-2.84363 63.60254 -1.67895 145 145 145
-2.77698 63.60008 -1.78586 153 153 153
-2.68742 63.59635 -1.87560 143 143 143
-2.61384 63.59994 -1.97746 149 149 149
-2.53693 63.60065 -2.07734 156 156 156
-2.44523 63.60016 -2.16367 149 149 149
-2.35106 63.60143 -2.24690 142 142 142
-2.25969 63.59895 -2.33308 145 145 145
-2.16624 63.59933 -2.41740 145 145 145
-2.06025 63.59529 -2.48557 147 147 147
-1.96416 63.59964 -2.56754 146 146 146
-1.85216 63.59796 -2.62578 140 140 140
-1.74780 63.60044 -2.69625 141 141 141
-1.63704 63.60278 -2.75595 144 144 144
-1.52047 63.59740 -2.80360 149 149 149
-1.40823 63.60360 -2.86057 141 141 141
-1.28945 63.59575 -2.90202 141 141 141
-1.17450 63.60033 -2.95468 140 140 140
-1.05021 63.60072 -2.97844 135 135 135
-0.92906 63.59725 -3.01160 139 139 139
-0.80613 63.60463 -3.03746 139 139 139
-0.68459 63.60072 -3.07275 142 142 142
-0.55825 63.59851 -3.07806 144 144 144
-0.43352 63.60216 -3.09426 143 143 143
-0.30792 63.59810 -3.10100 144 144 144
-0.18218 63.59736 -3.09898 143 143 143
-0.05654 63.59938 -3.09838 141 141 141
0.06867 63.60164 -3.08797 139 139 139
0.19343 63.59731 -3.07410 133 133 133
0.31931 63.60233 -3.06690 140 140 140
0.44125 63.59936 -3.03479 141 141 141
0.56501 63.59899 -3.01288 141 141 141
0.68522 63.59859 -2.97619 141 141 141
0.80731 63.59923 -2.94597 144 144 144
0.92506 63.60202 -2.90194 145 145 145
1.04390 63.60007 -2.86063 141 141 141
1.15690 63.60185 -2.80531 147 147 147
1.26462 63.59647 -2.74012 138 138 138
1.38130 63.59732 -2.69242 137 137 137
1.48860 63.59948 -2.62709 150 150 150
1.59468 63.60077 -2.55988 144 144 144
1.69567 63.59710 -2.48526 149 149 149
1.79611 63.59886 -2.41008 144 144 144
1.89761 63.59828 -2.33574 144 144 144
1.98828 63.59759 -2.24861 145 145 145
2.07903 63.59804 -2.16184 144 144 144
2.17389 63.60269 -2.07855 145 145 145
2.24552 63.59919 -1.97407 158 158 158
2.33831 63.59668 -1.88762 148 148 148
2.40612 63.60069 -1.78114 148 148 148
2.47714 63.59854 -1.67752 149 149 149
2.54424 63.59711 -1.57138 151 151 151
2.60701 63.59760 -1.46265 154 154 154
2.66250 63.59934 -1.35006 158 158 158
2.72424 63.59624 -1.24050 162 162 162
2.77580 63.60198 -1.12586 153 153 153
2.82227 63.59900 -1.00903 161 161 161
2.85840 63.59814 -0.88857 156 156 156
2.89712 63.59917 -0.76908 157 157 157
2.93003 63.59534 -0.64780 164 164 164
2.95583 63.60503 -0.52481 154 154 154
2.97546 63.59929 -0.40075 155 155 155
2.98847 63.59718 -0.27590 166 166 166
3.00859 63.59983 -0.15174 168 168 168
3.00835 63.60441 -0.02598 168 168 168
3.00488 63.99761 0.10000 161 161 161
3.00852 63.99776 0.22570 165 165 165
2.99607 63.99916 0.35080 175 175 175
2.98895 64.00082 0.47633 165 165 165
2.96916 64.00207 0.60047 165 165 165
2.95705 64.00294 0.72612 169 169 169
2.92265 63.99904 0.84744 170 170 170
2.89248 64.00094 0.96954 180 180 180
2.85141 64.00031 1.08843 178 178 178
2.80869 63.99762 1.20653 177 177 177
2.77032 63.99945 1.32649 176 176 176
2.71658 63.99658 1.44026 176 176 176
2.65011 63.99715 1.54745 177 177 177
2.59519 63.99795 1.66016 179 179 179
2.54583 63.99825 1.77693 187 187 187
2.47467 64.00096 1.88093 177 177 177
2.40185 64.00109 1.98358 186 186 186
2.31837 63.99832 2.07797 185 185 185
2.24245 64.00056 2.17809 181 181 181
2.15814 63.99789 2.27122 186 186 186
2.07484 64.00062 2.36552 192 192 192
1.97768 63.99962 2.44571 181 181 181
1.88641 64.00012 2.53195 190 190 190
1.78846 63.99949 2.61052 193 193 193
1.69336 64.00003 2.69316 195 195 195
1.58629 64.00326 2.75941 191 191 191
1.47842 64.00121 2.82372 192 192 192
1.37143 63.99787 2.88934 193 193 193
1.26212 64.00136 2.95128 196 196 196
1.14886 63.99977 3.00568 187 187 187
1.03755 63.99269 3.06519 190 190 190
0.91564 63.99820 3.09879 197 197 197
0.79814 64.00406 3.14326 193 193 193
0.67821 64.00060 3.18085 203 203 203
0.55902 63.99874 3.22270 194 194 194
0.43341 63.99727 3.23747 199 199 199
0.30902 64.00446 3.25495 196 196 196
0.18488 63.99681 3.27303 189 189 189
0.05996 63.99876 3.28463 197 197 197
-0.06492 64.00283 3.30065 193 193 193
-0.19068 64.00029 3.29385 199 199 199
-0.31638 63.99743 3.29931 199 199 199
-0.44171 64.00209 3.28971 196 196 196
-0.56815 64.00036 3.28923 198 198 198
-0.69196 64.00039 3.26500 196 196 196
-0.81571 64.00213 3.24226 197 197 197
-0.93607 64.00184 3.20479 195 195 195
-1.05947 63.99723 3.18051 188 188 188
-1.18157 64.00139 3.14965 190 190 190
-1.29886 63.99951 3.10387 192 192 192
-1.41547 63.99653 3.05691 192 192 192
-1.53066 63.99839 3.00664 193 193 193
-1.64398 64.00138 2.95227 197 197 197
-1.75432 64.00550 2.89208 189 189 189
-1.86671 64.00158 2.83503 184 184 184
-1.97071 63.99739 2.76402 187 187 187
-2.07465 64.00106 2.69307 185 185 185
-2.16798 64.00221 2.60820 185 185 185
-2.26580 64.00020 2.52966 187 187 187
-2.36563 64.00103 2.45285 190 190 190
-2.45402 63.99914 2.36334 184 184 184
-2.53907 63.99736 2.27083 190 190 190
-2.62375 63.99412 2.17804 191 191 191
-2.70655 64.00359 2.08335 187 187 187
-2.77484 63.99975 1.97751 178 178 178
-2.84569 64.00262 1.87402 187 187 187
-2.91735 64.00371 1.77091 183 183 183
-2.98274 63.99630 1.66363 181 181 181
-3.03742 64.00017 1.55049 177 177 177
-3.09521 64.00380 1.43901 187 187 187
-3.14509 64.00674 1.32376 180 180 180
-3.19720 63.99915 1.20917 170 170 170
-3.24241 64.00597 1.09157 178 178 178
-3.28134 64.00118 0.97166 172 172 172
-3.30370 63.99824 0.84737 175 175 175
-3.33766 64.00779 0.72597 173 173 173
-3.34677 63.99988 0.59988 172 172 172
-3.36380 63.99866 0.47556 166 166 166
-3.38063 63.99848 0.35105 173 173 173
-3.38846 64.00429 0.22564 172 172 172
-3.38572 64.00158 0.10000 169 169 169
-3.38281 63.99962 -0.02542 163 163 163
-3.38797 63.99876 -0.15163 164 164 164
-3.36332 64.00020 -0.27551 173 173 173
-3.35067 64.00131 -0.40049 162 162 162
-3.32143 64.00170 -0.52275 161 161 161
-3.30551 64.00043 -0.64781 159 159 159
-3.25374 64.00180 -0.76387 161 161 161
-3.22763 64.00004 -0.88677 163 163 163
-3.19700 64.00070 -1.00909 155 155 155
-3.14584 64.00159 -1.12407 162 162 162
-3.10073 63.99958 -1.24155 149 149 149
-3.03927 64.00167 -1.35143 152 152 152
-2.98229 64.00237 -1.46338 159 159 159
-2.92124 64.00103 -1.57329 156 156 156
-2.84717 64.00256 -1.67501 154 154 154
-2.78117 64.00685 -1.78210 148 148 148
-2.69938 63.99679 -1.87770 149 149 149
-2.62367 63.99765 -1.97798 148 148 148
-2.54819 63.99765 -2.07927 152 152 152
-2.45325 63.99914 -2.16257 146 146 146
-2.35982 63.99849 -2.24657 149 149 149
-2.26856 64.00482 -2.33289 150 150 150
-2.17656 63.99917 -2.41908 139 139 139
-2.07365 63.99793 -2.49169 149 149 149
-1.96552 64.00056 -2.55624 150 150 150
-1.86198 64.00087 -2.62732 145 145 145
-1.75071 63.99946 -2.68563 142 142 142
-1.64236 63.99980 -2.74908 144 144 144
-1.53001 64.00149 -2.80523 142 142 142
-1.41849 63.99997 -2.86419 145 145 145
-1.29782 64.00222 -2.90106 144 144 144
-1.17989 64.00011 -2.94447 140 140 140
-1.05664 63.99802 -2.97049 140 140 140
-0.93744 64.00394 -3.01048 139 139 139
-0.81283 63.99960 -3.02777 146 146 146
-0.69103 63.99750 -3.05913 132 132 132
-0.56682 64.00099 -3.07801 139 139 139
-0.44213 63.99473 -3.09506 144 144 144
-0.31626 63.99939 -3.09634 140 140 140
-0.19068 64.00548 -3.10753 138 138 138
-0.06479 64.00037 -3.10389 138 138 138
0.06034 64.00214 -3.08944 138 138 138
0.18614 63.99863 -3.08371 132 132 132
0.30887 64.00354 -3.05402 141 141 141
0.43398 63.99816 -3.04035 134 134 134
0.55600 64.00175 -3.01012 147 147 147
0.67695 64.00238 -2.97636 149 149 149
0.79923 63.99858 -2.94661 134 134 134
0.91520 63.99993 -2.89760 133 133 133
1.03352 64.00245 -2.85546 145 145 145
1.14846 63.99902 -2.80481 140 140 140
1.26050 64.00040 -2.74810 146 146 146
1.37518 64.00131 -2.69603 147 147 147
1.47777 63.99808 -2.62266 150 150 150
1.58539 64.00397 -2.55807 144 144 144
1.69185 63.99899 -2.49108 145 145 145
1.78881 64.00447 -2.41096 142 142 142
1.88762 64.00440 -2.33337 149 149 149
1.98009 63.99825 -2.24833 147 147 147
2.07541 64.00076 -2.16609 154 154 154
2.15673 63.99788 -2.06992 155 155 155
2.23978 63.99668 -1.97581 148 148 148
2.32268 63.99659 -1.88137 151 151 151
2.40197 64.00024 -1.78367 153 153 153
2.47391 64.00007 -1.68042 145 145 145
2.53877 64.00079 -1.57261 151 151 151
2.59906 64.00155 -1.46233 157 157 157
2.66873 64.00218 -1.35694 150 150 150
2.71218 64.00274 -1.23824 156 156 156
2.76626 63.99803 -1.12480 151 151 151
2.82081 64.00187 -1.01099 158 158 158
2.85892 64.00254 -0.89087 166 166 166
2.89165 64.00274 -0.76931 152 152 152
2.92423 64.00045 -0.64782 167 167 167
2.94664 63.99659 -0.52405 158 158 158
2.97163 63.99808 -0.40086 160 160 160
2.98080 64.00283 -0.27537 165 165 165
2.99980 64.00471 -0.15110 170 170 170
3.00550 63.99899 -0.02558 164 164 164
0.52296 -0.00056 2.55702 45 45 45
0.53552 0.12234 2.55652 45 45 45
0.56132 0.24428 2.55446 45 45 45
0.57390 0.36874 2.54304 45 45 45
0.56733 0.50067 2.54953 45 45 45
0.55821 0.61579 2.55642 45 45 45
0.56626 0.74080 2.54532 45 45 45
0.57873 0.85516 2.55327 45 45 45
0.56120 0.98286 2.55564 45 45 45
0.57502 1.10583 2.56797 45 45 45
0.57298 1.23115 2.57864 45 45 45
0.57465 1.35496 2.57633 45 45 45
0.58123 1.48281 2.57543 45 45 45
0.57746 1.60522 2.57238 45 45 45
0.58885 1.73023 2.57763 45 45 45
0.59527 1.85412 2.57036 45 45 45
0.61153 1.97930 2.59400 45 45 45
0.61555 2.09679 2.59562 45 45 45
0.60565 2.21903 2.58613 45 45 45
0.61309 2.34295 2.59127 45 45 45
0.62802 2.46669 2.58998 45 45 45
0.61279 2.58558 2.57646 45 45 45
0.60326 2.71141 2.59144 45 45 45
0.61685 2.84375 2.57800 45 45 45
0.62335 2.95793 2.56503 45 45 45
0.63750 3.08347 2.59270 45 45 45
0.62901 3.20980 2.58342 45 45 45
0.63168 3.33207 2.58833 45 45 45
0.64253 3.45569 2.57444 45 45 45
0.62256 3.57148 2.58780 45 45 45
0.64352 3.69923 2.57866 45 45 45
0.64492 3.82502 2.57315 45 45 45
0.64305 3.94893 2.57480 45 45 45
0.65061 4.06915 2.56118 45 45 45
0.64502 4.19500 2.57725 45 45 45
0.64775 4.31923 2.56651 45 45 45
0.64746 4.43828 2.57367 45 45 45
0.67221 4.56118 2.56669 45 45 45
0.64894 4.68821 2.54915 45 45 45
0.66638 4.81046 2.56892 45 45 45
0.66443 4.93824 2.57956 45 45 45
0.67284 5.05424 2.54530 45 45 45
0.69084 5.17497 2.57112 45 45 45
0.66791 5.30429 2.55407 45 45 45
0.66501 5.43001 2.56161 45 45 45
0.68529 5.55023 2.54219 45 45 45
0.67534 5.66989 2.54361 45 45 45
0.68860 5.79524 2.54751 45 45 45
0.69079 5.92398 2.54854 45 45 45
0.69228 6.04544 2.54236 45 45 45
0.68411 6.17214 2.52982 45 45 45
0.70284 6.28215 2.54925 45 45 45
0.68894 6.41664 2.52436 45 45 45
0.68874 6.53263 2.54255 45 45 45
0.69547 6.64798 2.54270 45 45 45
0.69957 6.78368 2.53998 45 45 45
0.70288 6.89893 2.53095 45 45 45
0.73368 7.02850 2.53434 45 45 45
0.72708 7.15788 2.53205 45 45 45
0.72552 7.27155 2.53678 45 45 45
0.74314 7.39373 2.52286 45 45 45
0.70950 7.52465 2.52400 45 45 45
0.73479 7.63826 2.53493 45 45 45
0.73481 7.77041 2.53765 45 45 45
0.73839 7.89146 2.52820 45 45 45
0.73992 8.01393 2.56020 45 45 45
0.74147 8.13825 2.54496 45 45 45
0.72374 8.26912 2.52205 45 45 45
0.72305 8.38090 2.53441 45 45 45
0.74184 8.50635 2.55020 45 45 45
0.76860 8.63014 2.52897 45 45 45
0.72983 8.75503 2.52829 45 45 45
0.75796 8.87721 2.53786 45 45 45
0.75536 8.99842 2.54435 45 45 45
0.71407 9.12513 2.52923 45 45 45
0.75928 9.25058 2.55306 45 45 45
0.76379 9.37259 2.53526 45 45 45
0.76165 9.49433 2.53323 45 45 45
0.77621 9.61676 2.52790 45 45 45
0.75948 9.74040 2.54700 45 45 45
0.77862 9.86825 2.55269 45 45 45
0.77724 9.98456 2.56895 45 45 45
0.75862 10.11469 2.56979 45 45 45
0.77758 10.23530 2.56283 45 45 45
0.78784 10.35687 2.57020 45 45 45
0.78849 10.48637 2.57120 45 45 45
0.79584 10.61903 2.56729 45 45 45
0.80253 10.72889 2.54609 45 45 45
0.79386 10.84951 2.56836 45 45 45
0.79474 10.97634 2.58329 45 45 45
0.80961 11.09899 2.57452 45 45 45
0.80190 11.22046 2.57643 45 45 45
0.79475 11.33870 2.57122 45 45 45
0.79261 11.46738 2.58490 45 45 45
0.80202 11.59225 2.58475 45 45 45
0.80750 11.71298 2.57249 45 45 45
0.80000 11.84247 2.58470 45 45 45
0.81073 11.95786 2.58916 45 45 45
0.80078 12.08318 2.60498 45 45 45
0.81743 12.20088 2.59498 45 45 45
0.79574 12.32933 2.59005 45 45 45
0.83496 12.45591 2.60685 45 45 45
0.81898 12.58062 2.58560 45 45 45
0.82507 12.69890 2.58966 45 45 45
0.83479 12.81991 2.59490 45 45 45
0.81316 12.94725 2.58288 45 45 45
0.82131 13.07479 2.59792 45 45 45
0.84804 13.19208 2.59586 45 45 45
0.83320 13.31487 2.60260 45 45 45
0.84008 13.43753 2.58820 45 45 45
0.84061 13.56691 2.60321 45 45 45
0.84209 13.69023 2.58681 45 45 45
0.83645 13.80299 2.60470 45 45 45
0.85926 13.93293 2.59664 45 45 45
0.85493 14.06048 2.60592 45 45 45
0.84160 14.18767 2.60308 45 45 45
0.83399 14.30833 2.59454 45 45 45
0.86940 14.43229 2.58705 45 45 45
0.85927 14.54714 2.58593 45 45 45
0.86050 14.67637 2.61137 45 45 45
0.85062 14.78756 2.57858 45 45 45
0.86280 14.92272 2.58196 45 45 45
0.87166 15.04911 2.58233 45 45 45
0.87407 15.16569 2.59248 45 45 45
0.87528 15.29634 2.58148 45 45 45
0.86823 15.41300 2.56077 45 45 45
0.87653 15.53818 2.59663 45 45 45
0.88504 15.67296 2.57637 45 45 45
0.87351 15.78572 2.56926 45 45 45
0.86309 15.91220 2.56585 45 45 45
0.87323 16.02386 2.55987 45 45 45
0.88319 16.14346 2.55123 45 45 45
0.88312 16.27001 2.55743 45 45 45
0.88567 16.39672 2.56311 45 45 45
0.89559 16.52370 2.56275 45 45 45
0.88381 16.64001 2.55342 45 45 45
0.89587 16.76841 2.54654 45 45 45
0.90157 16.89566 2.55662 45 45 45
0.87912 17.00994 2.56496 45 45 45
0.88877 17.14345 2.56780 45 45 45
0.87010 17.26362 2.54201 45 45 45
0.90990 17.38431 2.53897 45 45 45
0.89665 17.51346 2.56136 45 45 45
0.90071 17.63891 2.54868 45 45 45
0.90643 17.75160 2.54561 45 45 45
0.91789 17.88165 2.56826 45 45 45
0.92375 18.00213 2.55080 45 45 45
0.91577 18.13151 2.55282 45 45 45
0.91415 18.25050 2.56414 45 45 45
0.93321 18.37503 2.55182 45 45 45
0.91122 18.49520 2.55841 45 45 45
0.92121 18.62692 2.54608 45 45 45
0.91952 18.74177 2.54760 45 45 45
0.92742 18.87298 2.56195 45 45 45
0.90007 18.99632 2.56202 45 45 45
0.92268 19.11717 2.53055 45 45 45
0.91829 19.23745 2.54653 45 45 45
0.91364 19.35996 2.55175 45 45 45
0.92287 19.47905 2.57457 45 45 45
0.91773 19.60681 2.56943 45 45 45
0.91648 19.72676 2.54309 45 45 45
0.91971 19.85292 2.58114 45 45 45
0.91694 19.97443 2.56523 45 45 45
0.93381 20.10821 2.56678 45 45 45
0.93856 20.22761 2.59133 45 45 45
0.93124 20.35532 2.56453 45 45 45
0.91713 20.47331 2.57189 45 45 45
0.94536 20.59578 2.57905 45 45 45
0.94128 20.72045 2.57296 45 45 45
0.92920 20.83621 2.58146 45 45 45
0.95904 20.96244 2.59549 45 45 45
0.96051 21.09018 2.59201 45 45 45
0.95320 21.20816 2.58712 45 45 45
0.94000 21.33070 2.58206 45 45 45
0.93058 21.45967 2.58039 45 45 45
0.93906 21.58147 2.59258 45 45 45
0.95172 21.70418 2.59069 45 45 45
0.93948 21.82059 2.60704 45 45 45
0.94046 21.95289 2.59963 45 45 45
0.94526 22.07205 2.61624 45 45 45
0.93936 22.19375 2.59811 45 45 45
0.95037 22.32245 2.61055 45 45 45
0.95166 22.44097 2.61194 45 45 45
0.96630 22.56117 2.61287 45 45 45
0.95933 22.68911 2.61664 45 45 45
0.95320 22.80498 2.57486 45 45 45
0.95410 22.93583 2.61921 45 45 45
0.94805 23.06059 2.60839 45 45 45
0.95662 23.18744 2.62628 45 45 45
0.95644 23.30916 2.62103 45 45 45
0.95946 23.43166 2.61759 45 45 45
0.96069 23.55068 2.63541 45 45 45
0.96974 23.67160 2.60273 45 45 45
0.97657 23.79813 2.61251 45 45 45
0.93362 23.91210 2.61291 45 45 45
0.96265 24.04865 2.60465 45 45 45
0.93582 24.17378 2.62061 45 45 45
0.95562 24.29755 2.61756 45 45 45
0.97236 24.41316 2.62545 45 45 45
0.96946 24.53973 2.60750 45 45 45
0.97744 24.65488 2.59673 45 45 45
0.96742 24.79041 2.60909 45 45 45
0.98107 24.91125 2.59800 45 45 45
0.97967 25.03704 2.59274 45 45 45
0.95890 25.15281 2.61051 45 45 45
0.97092 25.28429 2.61154 45 45 45
0.97746 25.40372 2.59911 45 45 45
0.95869 25.52489 2.61124 45 45 45
0.96449 25.65205 2.58933 45 45 45
0.96774 25.77457 2.58234 45 45 45
0.97664 25.89259 2.59490 45 45 45
0.97930 26.02051 2.58535 45 45 45
0.95802 26.14000 2.57896 45 45 45
0.96761 26.25802 2.58176 45 45 45
0.96307 26.38405 2.58159 45 45 45
0.97760 26.50937 2.58881 45 45 45
0.96493 26.62901 2.56691 45 45 45
0.96829 26.76653 2.60458 45 45 45
0.96251 26.88072 2.57740 45 45 45
0.97065 27.01194 2.56512 45 45 45
0.97615 27.12809 2.57987 45 45 45
0.98031 27.25914 2.59107 45 45 45
0.95948 27.37467 2.55683 45 45 45
0.98347 27.49111 2.58036 45 45 45
0.99091 27.61984 2.57164 45 45 45
0.97553 27.74902 2.54757 45 45 45
0.97525 27.87329 2.58291 45 45 45
0.97124 27.99702 2.57701 45 45 45
0.98688 28.11361 2.56054 45 45 45
0.97113 28.24204 2.57215 45 45 45
0.96182 28.36101 2.56190 45 45 45
0.98212 28.48895 2.55633 45 45 45
0.98371 28.60813 2.57975 45 45 45
0.99519 28.72604 2.56854 45 45 45
0.98765 28.85690 2.54861 45 45 45
0.97980 28.97205 2.55152 45 45 45
0.98119 29.09518 2.56174 45 45 45
0.96056 29.22178 2.55999 45 45 45
0.96777 29.34087 2.57493 45 45 45
0.96292 29.46962 2.55870 45 45 45
0.95424 29.59528 2.55890 45 45 45
0.97168 29.71774 2.55435 45 45 45
0.96770 29.84309 2.57013 45 45 45
0.95744 29.96593 2.59111 45 45 45
0.95495 30.07574 2.57713 45 45 45
0.96504 30.21201 2.57477 45 45 45
0.96568 30.33710 2.57378 45 45 45
0.96636 30.45401 2.57311 45 45 45
0.96346 30.58699 2.57615 45 45 45
0.98248 30.71143 2.57606 45 45 45
0.97983 30.82806 2.58165 45 45 45
0.94993 30.95983 2.58835 45 45 45
0.94796 31.07325 2.59044 45 45 45
0.95496 31.19409 2.58708 45 45 45
0.95447 31.32187 2.60592 45 45 45
0.96077 31.43677 2.60370 45 45 45
0.96835 31.56594 2.60433 45 45 45
0.94589 31.69272 2.59104 45 45 45
0.95631 31.82100 2.60838 45 45 45
0.95707 31.94176 2.59674 45 45 45
0.95921 32.06318 2.60173 45 45 45
0.96325 32.18280 2.61251 45 45 45
0.94337 32.30595 2.60660 45 45 45
0.95764 32.42474 2.60919 45 45 45
0.96844 32.56155 2.61893 45 45 45
0.94617 32.68155 2.63589 45 45 45
0.95065 32.81129 2.62284 45 45 45
0.95021 32.93158 2.61745 45 45 45
0.93590 33.04602 2.61024 45 45 45
0.95226 33.16433 2.62414 45 45 45
0.96689 33.29062 2.61049 45 45 45
0.95286 33.41568 2.62978 45 45 45
0.94887 33.53178 2.63721 45 45 45
0.94001 33.66252 2.61321 45 45 45
0.94385 33.79230 2.63347 45 45 45
0.95731 33.90958 2.61779 45 45 45
0.93622 34.04048 2.62962 45 45 45
0.93586 34.15359 2.64371 45 45 45
0.94386 34.28278 2.61430 45 45 45
0.94091 34.40437 2.64181 45 45 45
0.93223 34.52584 2.63211 45 45 45
0.91555 34.64583 2.63415 45 45 45
0.93852 34.77270 2.63763 45 45 45
0.93667 34.89950 2.63813 45 45 45
0.92499 35.02354 2.61803 45 45 45
0.94011 35.14346 2.63134 45 45 45
0.93197 35.26551 2.63960 45 45 45
0.92943 35.39854 2.62286 45 45 45
0.93808 35.51881 2.63292 45 45 45
0.94291 35.64094 2.61985 45 45 45
0.93667 35.76825 2.62101 45 45 45
0.92133 35.88691 2.62845 45 45 45
0.92191 36.01078 2.61938 45 45 45
0.93137 36.13528 2.61108 45 45 45
0.91925 36.25420 2.62055 45 45 45
0.92086 36.37817 2.60489 45 45 45
0.91860 36.49612 2.60288 45 45 45
0.90039 36.62271 2.60398 45 45 45
0.90458 36.74322 2.58696 45 45 45
0.91845 36.87322 2.60221 45 45 45
0.91016 36.99154 2.60956 45 45 45
0.91618 37.11907 2.59769 45 45 45
0.91968 37.23855 2.60942 45 45 45
0.90458 37.36821 2.59238 45 45 45
0.90160 37.48395 2.59652 45 45 45
0.90322 37.61683 2.59378 45 45 45
0.91321 37.73351 2.58917 45 45 45
0.91297 37.85191 2.59633 45 45 45
0.89668 37.97240 2.57183 45 45 45
0.90087 38.10230 2.59961 45 45 45
0.89886 38.22807 2.60140 45 45 45
0.91379 38.35585 2.57724 45 45 45
0.88763 38.47191 2.58117 45 45 45
0.91046 38.59477 2.57615 45 45 45
0.89122 38.72718 2.58817 45 45 45
0.88664 38.83793 2.58222 45 45 45
0.89399 38.96614 2.55363 45 45 45
0.89304 39.08405 2.59791 45 45 45
0.89252 39.21323 2.58713 45 45 45
0.88141 39.34317 2.57778 45 45 45
0.86930 39.45880 2.56522 45 45 45
0.88111 39.58596 2.59674 45 45 45
0.89527 39.70349 2.57960 45 45 45
0.87359 39.82900 2.58378 45 45 45
0.88469 39.95835 2.58847 45 45 45
0.86678 40.08423 2.59760 45 45 45
0.88330 40.19840 2.58767 45 45 45
0.85714 40.32144 2.61064 45 45 45
0.86322 40.45319 2.57226 45 45 45
0.89273 40.57384 2.59592 45 45 45
0.87267 40.68609 2.57631 45 45 45
0.86613 40.81794 2.59956 45 45 45
0.85425 40.93944 2.60856 45 45 45
0.87018 41.07162 2.59539 45 45 45
0.85607 41.18681 2.60691 45 45 45
0.85268 41.30937 2.62495 45 45 45
0.83575 41.43631 2.61181 45 45 45
0.86777 41.56081 2.60784 45 45 45
0.84824 41.68230 2.60885 45 45 45
0.83810 41.80397 2.60415 45 45 45
0.83999 41.92233 2.61572 45 45 45
0.83449 42.04646 2.62258 45 45 45
0.84761 42.17536 2.62764 45 45 45
0.83415 42.29991 2.65008 45 45 45
0.80892 42.41426 2.62095 45 45 45
0.82730 42.54691 2.62929 45 45 45
0.84115 42.66401 2.63017 45 45 45
0.82324 42.79325 2.61381 45 45 45
0.82050 42.91177 2.62675 45 45 45
0.83090 43.03201 2.64076 45 45 45
0.82799 43.16495 2.63004 45 45 45
0.82309 43.27551 2.64452 45 45 45
0.81386 43.40936 2.65438 45 45 45
0.81432 43.52710 2.63981 45 45 45
0.79759 43.65215 2.64815 45 45 45
0.79970 43.77600 2.62312 45 45 45
0.82660 43.91056 2.64804 45 45 45
0.80107 44.02453 2.66335 45 45 45
0.81418 44.14909 2.66725 45 45 45
0.79081 44.27466 2.64948 45 45 45
0.77176 44.39423 2.63543 45 45 45
0.78650 44.51890 2.64919 45 45 45
0.78993 44.63876 2.64337 45 45 45
0.77104 44.76020 2.64896 45 45 45
0.79153 44.88392 2.65114 45 45 45
0.78411 45.01373 2.64633 45 45 45
0.79911 45.13660 2.64589 45 45 45
0.78310 45.25297 2.64124 45 45 45
0.77133 45.36542 2.64797 45 45 45
0.78087 45.50333 2.64335 45 45 45
0.77453 45.62587 2.64132 45 45 45
0.78904 45.75038 2.65151 45 45 45
0.77226 45.86783 2.62891 45 45 45
0.77119 45.99913 2.63678 45 45 45
0.76901 46.12696 2.65480 45 45 45
0.78964 46.24055 2.63694 45 45 45
0.74787 46.36432 2.63068 45 45 45
0.74955 46.49081 2.63141 45 45 45
0.75347 46.60811 2.63701 45 45 45
0.74399 46.73641 2.62326 45 45 45
0.74564 46.86149 2.64381 45 45 45
0.74771 46.98031 2.62274 45 45 45
0.75288 47.10587 2.62669 45 45 45
0.74126 47.22662 2.61810 45 45 45
0.74631 47.34951 2.63099 45 45 45
0.73220 47.47843 2.62299 45 45 45
0.72540 47.59382 2.61361 45 45 45
0.73098 47.71601 2.60041 45 45 45
0.73734 47.84921 2.59063 45 45 45
0.72529 47.97706 2.61790 45 45 45
0.71902 48.09423 2.62253 45 45 45
0.71667 48.21425 2.59543 45 45 45
0.71871 48.33897 2.61049 45 45 45
0.72072 48.45765 2.60140 45 45 45
0.70484 48.57813 2.60488 45 45 45
0.71318 48.71145 2.60912 45 45 45
0.70514 48.83593 2.60968 45 45 45
0.69429 48.96145 2.60982 45 45 45
0.68848 49.07732 2.59552 45 45 45
0.69844 49.20222 2.58988 45 45 45
0.70010 49.32455 2.58726 45 45 45
0.70268 49.44766 2.61696 45 45 45
0.67976 49.57220 2.60393 45 45 45
0.67076 49.70396 2.59136 45 45 45
0.69932 49.82184 2.59735 45 45 45
0.66384 49.94619 2.60683 45 45 45
0.66584 50.05744 2.60369 45 45 45
0.68056 50.18248 2.59432 45 45 45
0.66628 50.30809 2.60478 45 45 45
0.66696 50.43471 2.59615 45 45 45
0.64956 50.55780 2.60541 45 45 45
0.66219 50.68506 2.61056 45 45 45
0.65864 50.81293 2.61852 45 45 45
0.66190 50.93463 2.59710 45 45 45
0.64976 51.04794 2.60623 45 45 45
0.65195 51.17972 2.60713 45 45 45
0.65961 51.29570 2.59931 45 45 45
0.64758 51.41796 2.60616 45 45 45
0.63492 51.54586 2.60628 45 45 45
0.64818 51.67107 2.60589 45 45 45
0.64938 51.80004 2.63059 45 45 45
0.63669 51.91815 2.62986 45 45 45
0.62422 52.04137 2.63136 45 45 45
0.62402 52.16001 2.64553 45 45 45
0.64043 52.28943 2.62412 45 45 45
0.63086 52.40650 2.63342 45 45 45
0.61706 52.53479 2.65254 45 45 45
0.60153 52.65627 2.64179 45 45 45
0.63085 52.77989 2.65031 45 45 45
0.61567 52.89759 2.65048 45 45 45
0.62656 53.02546 2.64353 45 45 45
0.59877 53.14903 2.63936 45 45 45
0.58985 53.26942 2.64008 45 45 45
0.60912 53.39289 2.65503 45 45 45
0.60043 53.51437 2.66260 45 45 45
0.60698 53.64025 2.64627 45 45 45
0.58008 53.76432 2.65101 45 45 45
0.57247 53.89395 2.64109 45 45 45
0.58726 54.01072 2.64438 45 45 45
0.60999 54.13410 2.64719 45 45 45
0.59052 54.25934 2.66070 45 45 45
0.58365 54.37563 2.67047 45 45 45
0.55573 54.51034 2.64935 45 45 45
0.57931 54.62616 2.67062 45 45 45
0.56029 54.75544 2.65995 45 45 45
0.56215 54.87291 2.67400 45 45 45
0.56311 54.99901 2.66891 45 45 45
0.54846 55.11757 2.66659 45 45 45
0.56615 55.24005 2.67393 45 45 45
0.55881 55.36312 2.66564 45 45 45
0.56190 55.49225 2.66901 45 45 45
0.55766 55.61067 2.68619 45 45 45
0.54414 55.73666 2.66126 45 45 45
0.52745 55.85795 2.66811 45 45 45
0.53790 55.98591 2.67102 45 45 45
0.53930 56.10800 2.66841 45 45 45
0.50883 56.23237 2.66783 45 45 45
0.52019 56.35212 2.65912 45 45 45
0.51936 56.47611 2.66623 45 45 45
0.52451 56.59520 2.65860 45 45 45
0.52731 56.72643 2.65570 45 45 45
0.51203 56.84409 2.64516 45 45 45
0.51309 56.97035 2.65112 45 45 45
0.51302 57.09155 2.65211 45 45 45
0.50820 57.22163 2.65694 45 45 45
0.50220 57.35014 2.64211 45 45 45
0.50632 57.47207 2.63779 45 45 45
0.49972 57.58488 2.62245 45 45 45
0.49624 57.71084 2.65039 45 45 45
0.49955 57.83246 2.64199 45 45 45
0.49130 57.95744 2.63136 45 45 45
0.48683 58.07643 2.63265 45 45 45
0.48299 58.20536 2.64027 45 45 45
0.48333 58.33301 2.61902 45 45 45
0.49035 58.44723 2.61850 45 45 45
0.48482 58.57965 2.63714 45 45 45
0.48980 58.69938 2.62146 45 45 45
0.47459 58.81437 2.61870 45 45 45
0.46896 58.94406 2.61474 45 45 45
0.47695 59.06681 2.61840 45 45 45
0.46235 59.19033 2.62712 45 45 45
0.46623 59.31801 2.62204 45 45 45
0.43653 59.43078 2.62437 45 45 45
0.45812 59.56146 2.60418 45 45 45
0.46319 59.69259 2.61955 45 45 45
0.43946 59.81129 2.61871 45 45 45
0.44568 59.92461 2.62673 45 45 45
0.43353 60.05862 2.62116 45 45 45
0.45443 60.17743 2.59740 45 45 45
0.45196 60.30642 2.59876 45 45 45
0.44045 60.42183 2.62458 45 45 45
0.43442 60.54789 2.63590 45 45 45
0.44841 60.67499 2.62183 45 45 45
0.43814 60.79415 2.63128 45 45 45
0.43577 60.91489 2.60939 45 45 45
0.43331 61.04605 2.61361 45 45 45
0.44577 61.16612 2.62686 45 45 45
0.43059 61.28863 2.60891 45 45 45
0.42007 61.41222 2.61955 45 45 45
0.41804 61.53248 2.62658 45 45 45
0.38851 61.66378 2.60843 45 45 45
0.41404 61.78168 2.63593 45 45 45
0.39413 61.90355 2.63028 45 45 45
0.40559 62.02003 2.63129 45 45 45
0.41370 62.15167 2.63111 45 45 45
0.39955 62.27856 2.64112 45 45 45
0.39554 62.39826 2.63461 45 45 45
0.39540 62.51852 2.64327 45 45 45
0.38272 62.64154 2.64915 45 45 45
0.38282 62.76819 2.64355 45 45 45
0.36705 62.88476 2.64675 45 45 45
0.39761 63.01118 2.64974 45 45 45
0.37232 63.13787 2.65612 45 45 45
0.37170 63.26412 2.64998 45 45 45
0.36491 63.38413 2.65177 45 45 45
0.36783 63.51388 2.66857 45 45 45
0.34351 63.62710 2.67117 45 45 45
0.36719 63.75089 2.65400 45 45 45
0.35669 63.88061 2.65332 45 45 45
0.34622 63.98972 2.66492 45 45 45
-3.62982 9.20821 -3.09642 240 70 210
-2.60616 29.55928 -2.86830 240 70 210
0.14439 58.66804 1.45839 240 70 210
2.93418 19.98844 3.81481 240 70 210
1.16819 34.69932 4.53602 240 70 210
-0.56251 31.48166 0.58078 240 70 210
-4.32048 9.98926 2.78848 240 70 210
2.60065 18.33368 -3.43685 240 70 210
1.16835 58.53622 3.96791 240 70 210
-2.33018 16.32948 -5.06290 240 70 210
1.97092 28.91819 -3.77305 240 70 210
1.08285 13.56294 -1.05830 240 70 210
-0.60660 3.28722 0.22230 240 70 210
-0.41909 15.12483 0.18611 240 70 210
-5.41040 0.06361 -1.24288 240 70 210
-4.70371 46.41252 -2.18311 240 70 210
0.68997 12.30835 -1.26781 240 70 210
-0.69707 37.50951 -3.89461 240 70 210
0.73790 43.02745 -0.61613 240 70 210
-1.48696 39.19337 -4.40705 240 70 210
2.50111 54.84533 -5.01038 240 70 210
1.40093 37.87229 0.70677 240 70 210
-0.73473 36.11561 -0.08457 240 70 210
-0.21809 0.29338 -0.69678 240 70 210
0.53943 18.10931 4.31294 240 70 210
4.64012 20.72745 -0.58954 240 70 210
-0.03210 40.25024 0.54153 240 70 210
-4.06599 36.66551 -2.37820 240 70 210
-0.24538 35.57826 -0.18186 240 70 210
-3.38484 31.09994 2.32138 240 70 210
0.08617 20.41141 -0.86552 240 70 210
-3.05417 20.45509 3.69813 240 70 210
-0.13663 28.97752 0.95893 240 70 210
-0.45327 9.69156 -5.43765 240 70 210
0.43893 49.22316 -0.41787 240 70 210
-3.79461 16.84859 -0.49335 240 70 210
0.09295 41.68488 -4.47944 240 70 210
-0.10362 62.78615 -0.64801 240 70 210
-0.14465 43.88314 0.97486 240 70 210
-0.97319 52.53007 -0.30344 240 70 210
-0.42298 33.75382 0.18765 240 70 210
-0.40828 55.85440 -0.78587 240 70 210
-4.14918 17.54110 2.19633 240 70 210
0.92664 35.41516 -4.38907 240 70 210
-0.31139 5.82172 1.07474 240 70 210
-0.05769 0.70273 0.66264 240 70 210
-0.35712 26.36394 -3.71762 240 70 210
-0.54304 61.27914 -0.44717 240 70 210
-3.23055 31.73516 1.27799 240 70 210
4.89052 22.76018 0.88210 240 70 210
0.54135 27.57133 -0.73658 240 70 210
-0.26442 34.57886 0.94657 240 70 210
-4.20455 35.78323 2.64578 240 70 210
1.09894 28.61887 -0.51194 240 70 210
0.41597 3.25431 0.78002 240 70 210
1.31678 0.34144 0.04289 240 70 210
1.12737 16.65554 0.15730 240 70 210
0.94481 46.03471 0.28690 240 70 210
-1.02149 52.84077 0.25710 240 70 210
3.99221 39.08116 -1.75420 240 70 210
-2.04239 41.47169 -3.67923 240 70 210
-1.13779 6.50704 -0.03735 240 70 210
-0.34551 46.57692 -0.81940 240 70 210
-0.78393 63.65271 -0.92049 240 70 210
0.84263 31.56355 0.40100 240 70 210
1.25655 13.23947 0.11325 240 70 210
-0.68976 36.90460 3.76685 240 70 210
-4.05985 58.58309 -3.61411 240 70 210
1.49513 35.22069 -0.06655 240 70 210
-0.11028 35.92121 -0.92531 240 70 210
4.30553 0.25500 1.77170 240 70 210
-2.98061 27.96648 3.54695 240 70 210
-1.51162 22.15603 -5.06414 240 70 210
1.49749 35.22841 0.81883 240 70 210
-0.06949 10.24251 -0.82627 240 70 210
1.21324 25.58472 0.66954 240 70 210
1.67386 58.64841 -3.93552 240 70 210
-0.21830 14.53811 -0.38772 240 70 210
2.69406 15.44881 -3.11481 240 70 210
-0.94922 2.71630 -3.68445 240 70 210
0.19879 15.47344 -0.56310 240 70 210
-3.78237 31.00759 -2.17850 240 70 210
-3.15977 38.93241 -2.44119 240 70 210
4.90182 40.73321 -1.46639 240 70 210
-0.99933 47.15908 0.76742 240 70 210
-2.28640 45.08604 4.10259 240 70 210
0.45897 26.61713 -0.98185 240 70 210
5.69856 9.59207 1.90103 240 70 210
5.97510 29.42089 0.56791 240 70 210
0.47935 54.08624 -0.24576 240 70 210
-0.29468 63.84641 0.79008 240 70 210
4.24022 20.90767 -0.93349 240 70 210
0.49902 7.60014 5.44959 240 70 210
-0.02589 46.85359 -0.80586 240 70 210
0.44879 61.89272 -0.96384 240 70 210
0.37158 37.68290 -0.62612 240 70 210
-1.23075 40.66496 -3.73288 240 70 210
-2.80904 13.95977 -2.35334 240 70 210
-1.63133 56.91735 -4.38772 240 70 210
4.45208 13.13416 -2.70548 240 70 210
3.89573 35.45844 -3.93347 240 70 210
-0.47787 39.25175 4.77761 240 70 210
-4.94218 24.34154 -0.94200 240 70 210
0.43071 3.66192 0.89396 240 70 210
-1.00612 13.98688 -0.03959 240 70 210
-1.06731 61.27612 3.81737 240 70 210
0.57110 3.59802 -0.55254 240 70 210
-0.59788 57.70414 -4.55763 240 70 210
0.73712 46.86718 -0.55285 240 70 210
-2.75397 44.88965 -2.89989 240 70 210
0.84328 8.57154 -1.01447 240 70 210
-0.12800 36.97346 1.02119 240 70 210
-2.40426 14.71781 3.19912 240 70 210
0.90951 61.32197 0.29568 240 70 210
0.06969 18.01299 0.78846 240 70 210
-0.18182 47.13447 1.23157 240 70 210
2.46855 7.70819 -5.09022 240 70 210
0.62344 15.01995 1.13994 240 70 210
-0.92958 40.72315 0.55616 240 70 210
1.40155 14.91352 -0.67882 240 70 210
1.08316 11.35385 -0.31444 240 70 210
-2.36307 16.01594 5.05823 240 70 210
-1.15234 35.47235 4.65857 240 70 210
1.32869 45.63445 0.39501 240 70 210
0.74915 42.11361 0.84779 240 70 210
4.40712 55.74874 0.21779 240 70 210
-0.23011 43.42363 0.23617 240 70 210
-5.18832 4.42910 -1.57540 240 70 210
2.43695 24.01990 -5.36745 240 70 210
1.81434 33.11821 -4.08765 240 70 210
-1.07287 5.71649 -0.61800 240 70 210
0.61374 7.24104 -0.31941 240 70 210
-2.63762 22.31023 -3.33899 240 70 210
3.62420 55.74793 -2.65810 240 70 210
-4.13394 42.14372 -0.45308 240 70 210
-0.48606 1.57517 -0.85112 240 70 210
3.19650 56.16366 -2.41147 240 70 210
1.34571 1.50414 -3.81761 240 70 210
-5.31692 53.39462 -1.19471 240 70 210
1.16178 35.30944 -3.73572 240 70 210
-0.26155 21.33660 0.65826 240 70 210
0.74070 47.64812 -0.52347 240 70 210
-0.28317 58.31435 -3.76582 240 70 210
5.21853 30.47897 -1.02568 240 70 210
-4.52411 61.61759 -0.45162 240 70 210
-0.42597 50.61769 -0.79946 240 70 210
-0.68706 23.05782 -0.29618 240 70 210
-4.09602 60.73935 -1.73650 240 70 210
5.05003 2.85840 -1.02601 240 70 210
1.05248 9.62071 -0.49418 240 70 210
0.31808 58.93281 -1.16331 240 70 210
-1.95415 26.28884 -3.01013 240 70 210
-2.52935 33.01285 -2.57471 240 70 210
-0.59576 43.80545 -0.63263 240 70 210
-0.22573 26.53517 -0.81522 240 70 210
6.02523 20.18869 -0.91475 240 70 210
-0.09813 16.33129 1.25979 240 70 210
1.39854 26.61138 4.43482 240 70 210
-5.19120 17.09100 -1.05339 240 70 210
-0.87838 53.50009 -0.29134 240 70 210
-3.92268 44.91326 1.72426 240 70 210
-0.99550 47.17423 0.74336 240 70 210
3.96121 29.75031 2.90061 240 70 210
-3.95702 37.82826 2.74736 240 70 210
-3.62200 25.32717 -0.98854 240 70 210
6.02859 34.77286 0.43362 240 70 210
-0.51851 37.04213 4.56189 240 70 210
-3.97616 19.78317 2.18075 240 70 210
-0.71641 37.09800 -0.05510 240 70 210
5.51543 34.79518 -1.42265 240 70 210
0.97460 20.86410 -0.72466 240 70 210
1.20158 45.07695 0.14089 240 70 210
0.38507 0.44288 0.47513 240 70 210
-4.25266 33.97027 -0.21068 240 70 210
4.04323 60.27680 -1.23538 240 70 210
0.28112 54.48922 0.73642 240 70 210
1.25982 13.40030 -0.56634 240 70 210
0.65624 0.20362 -0.29412 240 70 210
0.95523 57.57720 -0.73941 240 70 210
-0.10034 58.78742 -1.06825 240 70 210
1.14876 55.67069 -5.54509 240 70 210
2.03273 21.80970 -5.27909 240 70 210
3.38173 53.68162 -3.53027 240 70 210
-0.76185 12.37155 0.46212 240 70 210
-4.36063 7.88011 3.35738 240 70 210
4.79802 58.21855 -0.31500 240 70 210
-5.09046 53.87275 -0.85774 240 70 210
-0.05283 19.62187 -0.60396 240 70 210
1.02255 21.03009 -0.71571 240 70 210
-2.89432 50.60437 3.54055 240 70 210
-2.04697 13.52242 4.59275 240 70 210
1.12146 28.13165 0.69401 240 70 210
-0.15381 22.83532 0.63330 240 70 210
0.44183 27.32475 1.33515 240 70 210
3.85729 58.53408 3.19165 240 70 210
0.79150 43.71379 -0.27533 240 70 210
-0.53316 57.96288 -4.66965 240 70 210
1.33983 13.52194 0.90104 240 70 210
0.66657 20.53367 -4.01382 240 70 210
3.26478 10.58599 4.61826 240 70 210
-1.23735 57.68726 -0.56513 240 70 210
4.12597 45.68759 1.20789 240 70 210
1.62015 33.80791 3.75717 240 70 210
-0.20689 60.87488 1.07219 240 70 210
-0.56645 31.57377 0.41323 240 70 210
4.44450 48.45321 -3.03711 240 70 210
0.22832 39.34214 -0.70585 240 70 210
0.78798 13.61515 -0.12446 240 70 210
1.18035 55.43975 -0.29652 240 70 210
-4.48207 22.77478 2.85356 240 70 210
1.79191 16.66402 -4.94717 240 70 210
-1.01131 22.70802 3.93349 240 70 210
4.41198 10.81238 -3.36835 240 70 210
-0.57276 63.79696 1.40747 240 70 210
-0.23860 31.54225 4.09010 240 70 210
-0.92612 46.16098 -0.28395 240 70 210
-0.41946 16.02853 -0.97544 240 70 210
-0.45369 51.47231 -0.01495 240 70 210
-1.52772 27.25888 -5.03315 240 70 210
4.92710 4.64575 1.02905 240 70 210
0.23301 2.46043 4.41414 240 70 210
-4.10857 1.55873 0.50169 240 70 210
-1.15844 6.16887 -0.07212 240 70 210
0.79407 17.39342 4.18123 240 70 210
-2.80071 56.74892 2.89910 240 70 210
-0.41121 50.14155 0.05131 240 70 210
-4.28057 32.22491 0.97041 240 70 210
-0.87213 11.73490 0.25581 240 70 210
-1.99155 49.10714 -4.22244 240 70 210
2.78769 26.82563 -3.85750 240 70 210
-0.83413 36.86631 -4.43336 240 70 210
0.38128 26.14260 -0.95379 240 70 210
-0.84718 60.99421 -0.12210 240 70 210
-3.19810 3.32394 1.93989 240 70 210
-0.31948 18.94715 0.00495 240 70 210
-5.01678 58.81521 -1.14135 240 70 210
1.45000 11.10333 4.65300 240 70 210
2.56311 47.73878 3.87916 240 70 210
4.51145 14.27116 2.69873 240 70 210
-4.97959 36.53071 -1.80891 240 70 210
0.30857 48.38520 -0.87953 240 70 210
0.23885 56.93870 1.17897 240 70 210
-1.95592 18.98835 -3.87194 240 70 210
0.67943 51.69199 0.17826 240 70 210
1.37482 58.88370 4.55555 240 70 210
-0.37941 44.96619 0.66342 240 70 210
-3.01444 52.73457 3.70231 240 70 210
5.68998 6.79556 0.50985 240 70 210
-4.93002 30.72623 -1.16990 240 70 210
0.67887 18.35288 0.66815 240 70 210
0.15643 56.31830 -0.69336 240 70 210
1.28245 37.50689 -0.79240 240 70 210
0.56841 54.83150 0.51739 240 70 210
-0.10408 29.04669 5.33167 240 70 210
-2.18184 63.07545 -4.51426 240 70 210
-0.12969 5.19452 0.63861 240 70 210
-0.11397 9.69596 0.61652 240 70 210
1.45376 15.84410 -0.69954 240 70 210
-3.35922 21.50523 3.25223 240 70 210
-0.52215 24.35438 -0.32674 240 70 210
-0.74283 35.87019 -0.51840 240 70 210
-0.28865 10.89943 -0.56191 240 70 210
-3.50994 31.61002 0.05626 240 70 210
-0.66618 60.53666 0.06134 240 70 210
-0.69667 47.60168 0.25333 240 70 210
-4.46129 55.09101 0.67515 240 70 210
0.90036 48.98997 4.23194 240 70 210
-3.34791 10.83886 1.80445 240 70 210
-3.33883 53.09471 -1.68838 240 70 210
5.01238 52.12489 2.35707 240 70 210
5.28403 1.12760 -2.40772 240 70 210
1.77058 54.15774 3.49355 240 70 210
-4.27520 55.45580 -0.26638 240 70 210
0.71888 2.16127 -0.52613 240 70 210
-2.88305 43.03456 2.26716 240 70 210
-0.50904 61.87659 1.13457 240 70 210
1.32704 21.34049 -4.21085 240 70 210
1.39944 4.60172 -0.09941 240 70 210
-2.78429 6.88996 -2.99148 240 70 210
-3.33828 54.47546 2.00537 240 70 210
1.23145 7.04813 0.77078 240 70 210
-0.01620 37.56701 0.73707 240 70 210
5.27338 25.20393 -0.93259 240 70 210
-0.52699 25.77607 0.24781 240 70 210
0.23799 58.18025 -0.56240 240 70 210
-3.53604 12.29963 0.43900 240 70 210
-4.72662 15.74650 -1.03202 240 70 210
1.04077 0.47986 -4.04820 240 70 210
4.56010 16.06897 0.78512 240 70 210
-1.23136 56.84986 0.47839 240 70 210
0.05626 23.36511 -1.25358 240 70 210
4.00061 52.34105 -2.83432 240 70 210
1.22034 18.05659 0.29053 240 70 210
-3.79869 43.11126 -1.22700 240 70 210
0.76464 3.14298 -0.66187 240 70 210
-0.30919 20.64995 0.78023 240 70 210
-0.83602 48.26758 0.21687 240 70 210
1.59042 20.47553 -0.11446 240 70 210
0.30271 25.55206 -4.78363 240 70 210
0.60681 61.44046 -5.22322 240 70 210
0.11327 50.70415 0.87572 240 70 210
3.81385 7.38074 4.39584 240 70 210
-3.93109 54.84983 -0.43614 240 70 210
1.07461 43.90931 -0.22582 240 70 210
1.53659 18.86824 -0.21048 240 70 210
0.54460 32.20001 0.80968 240 70 210
0.30580 4.70782 0.57878 240 70 210
0.58631 21.58736 1.26467 240 70 210
-5.09617 7.91923 0.53902 240 70 210
-3.42420 6.82726 -2.68433 240 70 210
0.47991 53.31659 -1.00651 240 70 210
-0.22209 42.93630 -0.22624 240 70 210
-0.32667 24.04243 -0.31859 240 70 210
-5.04568 51.18598 -1.68909 240 70 210
-3.85831 32.65041 2.55147 240 70 210
5.45914 20.49876 -2.62366 240 70 210
3.31265 12.64596 4.51316 240 70 210
-4.42150 30.79280 -0.87050 240 70 210
-3.24614 52.78174 2.15017 240 70 210
0.41477 37.90237 -0.57965 240 70 210
-0.24930 24.19901 -0.96242 240 70 210
-0.13598 24.73450 -1.10475 240 70 210
-0.36467 45.37820 -0.09069 240 70 210
-3.76327 14.32689 -3.37786 240 70 210
-0.56998 49.46474 1.01285 240 70 210
3.09800 23.72891 -4.82574 240 70 210
0.59290 4.95733 -0.69446 240 70 210
-0.95896 50.07578 -0.66984 240 70 210
-2.40114 10.69093 -3.98875 240 70 210
0.13047 13.27396 0.62128 240 70 210
-4.00374 31.31622 2.97445 240 70 210
-0.21480 26.84430 4.35876 240 70 210
3.46120 54.29627 -2.16028 240 70 210
-0.95946 5.18521 -0.60681 240 70 210
-0.58508 23.24430 -0.51226 240 70 210
-3.06389 8.69722 3.05304 240 70 210
3.57607 13.77444 1.97024 240 70 210
-0.17217 41.47838 -0.84603 240 70 210
-0.14823 32.64466 0.71308 240 70 210
-0.26750 31.27808 0.37177 240 70 210
1.23804 50.83376 -0.43781 240 70 210
0.12145 62.66128 4.04802 240 70 210
-4.63148 8.48206 0.52838 240 70 210
0.77324 53.79984 0.32284 240 70 210
-0.87166 42.13621 -0.27357 240 70 210
1.38092 25.72819 0.64334 240 70 210
-0.82063 60.54797 0.15744 240 70 210
2.66768 26.04778 4.32782 240 70 210
-0.16803 20.65646 0.13324 240 70 210
1.52680 8.66553 -0.15573 240 70 210
-0.88974 50.28821 -4.50765 240 70 210
-1.62943 24.23218 -4.12786 240 70 210
0.44022 16.17025 -0.60362 240 70 210
-0.47621 29.03187 0.50882 240 70 210
5.15468 7.32720 2.00977 240 70 210
3.35856 63.02605 2.81145 240 70 210
0.01170 29.05305 0.74956 240 70 210
4.09616 59.88529 -2.49816 240 70 210
-0.34238 53.34445 4.13070 240 70 210
-0.06190 24.07837 -0.40057 240 70 210
3.96315 37.94481 3.15594 240 70 210
-3.82841 30.92484 -1.46158 240 70 210
0.81785 16.33000 0.45175 240 70 210
0.82547 23.25517 0.70206 240 70 210
-0.33291 62.22694 -0.70113 240 70 210
0.00673 62.91953 0.65013 240 70 210
3.52216 11.23906 -3.75507 240 70 210
-0.66745 26.97941 -0.83571 240 70 210
-1.67043 23.62423 5.23057 240 70 210
0.50213 45.35445 0.58555 240 70 210
-3.55480 46.76241 -3.70489 240 70 210
1.16730 45.01650 -0.63480 240 70 210
-3.78373 8.70906 -2.66596 240 70 210
-2.08032 48.87001 5.15118 240 70 210
4.18776 53.72968 -1.13490 240 70 210
-0.38894 41.05364 1.15316 240 70 210
0.81136 58.67211 -0.29769 240 70 210
-1.97654 9.70403 4.05126 240 70 210
-0.30266 10.93697 -0.20372 240 70 210
-4.59061 37.91062 2.38954 240 70 210
1.49227 1.24476 5.61457 240 70 210
1.01560 15.76785 -0.79816 240 70 210
3.75761 26.97510 2.44000 240 70 210
-1.83694 0.51333 4.17287 240 70 210
5.16684 37.64775 -2.81706 240 70 210
-1.17594 30.19763 3.52837 240 70 210
-0.97399 62.87409 4.56963 240 70 210
5.06885 22.55733 0.81637 240 70 210
-0.01802 29.85341 4.78341 240 70 210
0.77981 24.58348 1.33314 240 70 210
0.40808 26.48655 -0.84922 240 70 210
-0.62701 18.04931 0.52399 240 70 210
-0.48977 50.66909 -0.05882 240 70 210
-4.98445 37.14053 0.88043 240 70 210
-0.06799 8.50940 1.31350 240 70 210
1.07292 23.02311 -0.30345 240 70 210
-0.59548 58.35718 0.67209 240 70 210
3.00946 37.10261 4.86025 240 70 210
0.37905 51.34719 -0.40821 240 70 210
0.47372 8.17680 -4.46475 240 70 210
-0.63091 15.78476 -0.47745 240 70 210
3.31179 23.95744 -3.82680 240 70 210
0.79347 24.78007 -0.38043 240 70 210
-0.02662 59.97707 -0.68822 240 70 210
-0.18365 10.81055 0.83100 240 70 210
3.97865 21.55824 4.29629 240 70 210
0.35902 33.90873 -1.25300 240 70 210
-0.79874 33.30358 -3.80363 240 70 210
2.50225 30.38089 4.12734 240 70 210
-0.61860 47.29428 0.23171 240 70 210
3.52852 63.52402 -2.67127 240 70 210
-0.08337 24.95069 -0.10339 240 70 210
0.89973 55.08415 -5.51529 240 70 210
0.16638 16.62972 1.29705 240 70 210
4.23211 62.33437 -0.18482 240 70 210
-3.08074 27.35306 3.30872 240 70 210
2.23001 0.43082 4.37046 240 70 210
-4.53671 55.97822 -1.66084 240 70 210
3.13517 14.50155 -4.87578 240 70 210
-3.84264 26.74037 2.95107 240 70 210
-2.99570 28.49808 -3.67928 240 70 210
-1.16585 53.55815 0.41746 240 70 210
-4.92962 60.34852 1.81107 240 70 210
-3.28287 -0.00172 2.20682 240 70 210
4.39558 38.39636 3.11327 240 70 210
1.11582 45.29815 0.52561 240 70 210
0.53510 3.06719 0.71271 240 70 210
1.08127 34.97487 -0.77560 240 70 210
4.21087 30.08081 -3.17561 240 70 210
2.63122 10.17213 -3.06312 240 70 210
1.28348 36.58060 -3.82215 240 70 210
1.93889 48.95508 4.09013 240 70 210
5.63882 20.46435 0.92728 240 70 210
1.26370 36.08799 -3.83857 240 70 210
-0.55598 36.85984 0.68591 240 70 210
0.97505 47.09465 -0.88942 240 70 210
3.30421 35.69007 -4.73428 240 70 210
0.02269 22.02286 5.57804 240 70 210
-1.55417 7.98885 -3.73672 240 70 210
-0.79666 47.57073 0.01975 240 70 210
1.93894 19.36271 5.27671 240 70 210
0.48945 58.75475 0.53740 240 70 210
-4.29450 33.12674 -2.39265 240 70 210
1.34316 27.76593 0.27435 240 70 210
-4.91356 1.48445 -1.05096 240 70 210
0.13193 15.07680 -3.90909 240 70 210
-4.71542 54.42073 -0.86115 240 70 210
-1.99367 33.31124 -3.74912 240 70 210
3.96997 41.59153 1.95033 240 70 210
-2.40907 61.47299 3.88865 240 70 210
-3.68932 2.15664 2.75827 240 70 210
-0.85796 8.79205 0.46432 240 70 210
-4.76909 13.93753 -0.74493 240 70 210
0.50525 27.93955 5.36828 240 70 210
5.60198 29.41792 1.25594 240 70 210
5.03985 15.58004 -1.12978 240 70 210
-1.59949 58.93690 3.75903 240 70 210
0.05384 61.41589 -0.39506 240 70 210
-0.41447 2.74395 1.20631 240 70 210
0.06657 52.84458 -0.62339 240 70 210
1.27619 25.44111 0.97706 240 70 210
1.35785 23.95633 -0.56072 240 70 210
0.76349 47.13144 0.67990 240 70 210
0.37329 29.46056 1.31983 240 70 210
3.72925 6.46632 3.83759 240 70 210
-0.12207 20.72107 -0.41938 240 70 210
-0.98733 49.94625 -0.52345 240 70 210
2.83652 39.85276 -5.03899 240 70 210
0.74470 45.26294 -0.80074 240 70 210
1.45765 42.99772 0.08602 240 70 210
5.48168 8.55580 -0.25286 240 70 210
1.64940 40.47239 0.19081 240 70 210
4.45199 10.29157 -0.95711 240 70 210
-4.30745 2.41617 2.89067 240 70 210
5.03521 62.42496 -0.41090 240 70 210
0.47766 60.90955 0.06511 240 70 210
-0.38878 16.78088 -1.16038 240 70 210
1.04807 3.26216 -0.98456 240 70 210
-0.30078 5.05433 -5.36607 240 70 210
-1.10952 59.86032 0.19943 240 70 210
-4.54604 12.86534 -0.28596 240 70 210
-0.86700 6.65971 -0.13927 240 70 210
-2.33270 39.35851 3.27339 240 70 210
1.44796 41.67238 -3.64049 240 70 210
1.20089 0.67468 -5.08469 240 70 210
-1.86076 41.94771 3.75738 240 70 210
3.85043 0.64221 -4.18898 240 70 210
1.19149 52.19413 -3.63621 240 70 210
-3.14485 15.34281 2.97284 240 70 210
-2.43401 42.69963 3.62560 240 70 210
-0.19272 26.26649 0.63988 240 70 210
0.73550 40.85835 -5.59052 240 70 210
0.25030 63.21570 -1.14361 240 70 210
-1.45059 48.18878 -5.10688 240 70 210
-3.00743 28.87788 3.84365 240 70 210
-3.73426 26.93950 -1.09088 240 70 210
4.24158 22.11333 -1.32654 240 70 210
4.90087 16.37732 3.32460 240 70 210
-0.05855 23.15944 -0.19757 240 70 210
0.96520 52.23712 -5.29939 240 70 210
-0.04525 29.27624 0.28835 240 70 210
-0.73031 62.31662 0.10002 240 70 210
-4.07422 13.33685 -1.06490 240 70 210
5.17593 20.40879 2.96828 240 70 210
0.53127 1.99555 -1.10778 240 70 210
0.62753 8.75723 0.28380 240 70 210
2.48662 13.84974 4.10091 240 70 210
-0.95507 13.83596 0.09812 240 70 210
0.44573 16.23208 -1.18174 240 70 210
-3.60789 63.18620 3.65992 240 70 210
0.05257 61.87380 -1.18919 240 70 210
3.45104 18.82868 -4.13809 240 70 210
-0.34162 57.31143 5.38753 240 70 210
-0.15217 42.93669 0.51818 240 70 210
0.37348 26.16825 -0.59597 240 70 210
0.06291 54.86963 0.89437 240 70 210
0.66003 5.25358 0.02524 240 70 210
-0.68267 7.25714 -0.25038 240 70 210
5.94883 28.65815 -0.26799 240 70 210
4.01753 2.19744 1.12928 240 70 210
0.45419 47.18035 -0.35885 240 70 210
-0.89561 43.82672 -0.57832 240 70 210
-4.46485 36.82063 -1.45865 240 70 210
-0.98730 10.44501 -0.60698 240 70 210
-1.73462 60.62319 -4.23741 240 70 210
0.97188 3.65376 -0.10823 240 70 210
1.14360 39.81397 0.75788 240 70 210
3.17614 11.38509 -4.35153 240 70 210
1.47281 10.14711 0.64897 240 70 210
1.17595 57.71544 0.41827 240 70 210
0.59338 0.44724 -1.15149 240 70 210
-3.40124 37.97829 -2.37279 240 70 210
0.92176 19.48363 0.72877 240 70 210
5.08428 51.57961 1.70303 240 70 210
0.34233 51.27761 -0.38449 240 70 210
0.74774 45.22994 0.99239 240 70 210
0.39950 22.56415 0.53525 240 70 210
3.33544 6.39111 3.11024 240 70 210
4.42952 2.66725 3.23860 240 70 210
1.48706 9.01632 -0.03631 240 70 210
-4.25859 44.28962 -1.38728 240 70 210
5.20492 3.22344 -2.55164 240 70 210
0.21816 4.54376 -1.18370 240 70 210
-0.23546 29.97175 -0.68255 240 70 210
1.71854 36.21440 0.00556 240 70 210
2.71973 0.75405 5.11351 240 70 210
4.04525 9.16715 -0.83567 240 70 210
-2.80705 60.53063 -3.63696 240 70 210
-3.07160 29.31845 -2.75782 240 70 210
-1.04400 4.04157 0.29281 240 70 210
-4.99354 35.52179 1.99953 240 70 210
-4.06351 3.39131 3.91912 240 70 210
-0.70978 30.20701 -4.89952 240 70 210
-2.13631 5.58544 4.99195 240 70 210
-0.72465 57.90663 0.47846 240 70 210
1.82355 17.04691 5.47050 240 70 210
2.34742 51.99305 5.40169 240 70 210
0.13997 21.94386 0.67890 240 70 210
-3.44390 32.14251 0.23291 240 70 210
1.45240 15.87578 0.05139 240 70 210
0.34035 19.01369 -4.79259 240 70 210
-0.33506 1.84162 -0.72783 240 70 210
1.33988 40.27936 -0.62635 240 70 210
-2.80262 39.86411 -3.40721 240 70 210
3.74091 41.92154 1.82547 240 70 210
-0.69138 11.44413 0.13042 240 70 210
0.74813 28.49408 1.38950 240 70 210
-1.16864 56.51602 0.02801 240 70 210
0.21140 5.04528 0.95927 240 70 210
1.39600 8.80984 -0.61295 240 70 210
4.93081 25.28364 3.55399 240 70 210
-0.34299 43.59716 -0.96998 240 70 210
2.78152 33.02070 3.23448 240 70 210
-2.39147 10.36864 -4.33430 240 70 210
0.36058 46.63059 0.58416 240 70 210
-3.54612 11.36468 -2.68607 240 70 210
0.00396 43.27729 -0.47940 240 70 210
-3.72017 23.26111 0.82884 240 70 210
0.68453 63.12239 0.40584 240 70 210
-3.53558 57.43225 -2.08389 240 70 210
-4.99524 42.88727 -1.62149 240 70 210
0.56116 42.73388 0.77190 240 70 210
3.87107 0.84476 -1.29323 240 70 210
-0.77128 3.72351 0.29354 240 70 210
-4.56307 13.50841 3.12000 240 70 210
-0.51325 15.23691 -0.14007 240 70 210
0.22040 3.28533 -1.19870 240 70 210
5.84003 29.30289 1.51628 240 70 210
0.41182 36.57818 0.80043 240 70 210
-0.46324 49.37068 0.69334 240 70 210
-0.63149 59.77106 -0.45287 240 70 210
-2.30822 6.44566 -3.74571 240 70 210
-3.96578 37.01303 2.54237 240 70 210
-4.61951 29.64020 0.91241 240 70 210
0.93399 42.60175 -4.50054 240 70 210
-0.84437 20.57235 -0.19013 240 70 210
-5.29458 59.20922 1.77745 240 70 210
0.89082 37.91896 -0.43024 240 70 210
-3.85360 11.32512 -2.92113 240 70 210
0.09949 26.83121 0.47699 240 70 210
1.43441 45.13115 0.28628 240 70 210
1.72174 62.56123 4.93923 240 70 210
0.03031 1.85713 -1.31387 240 70 210
4.12001 18.73390 -2.33995 240 70 210
-4.72939 57.29422 1.40913 240 70 210
1.64311 31.70936 -0.25550 240 70 210
-4.06376 57.49833 -2.90537 240 70 210
5.03603 27.53650 2.49514 240 70 210
5.31787 21.06641 1.86177 240 70 210
-3.87438 39.26889 -1.82640 240 70 210
-2.89328 60.86413 -2.85601 240 70 210
-0.83466 20.40070 -0.63103 240 70 210
2.59395 37.53677 -3.51083 240 70 210
0.41404 14.04546 0.65138 240 70 210
0.47292 56.34328 0.31664 240 70 210
0.16240 5.78963 0.96279 240 70 210
2.44782 13.02606 3.34002 240 70 210
-4.60630 12.13366 -0.90354 240 70 210
-0.64785 42.22223 0.70226 240 70 210
-4.55096 19.92666 -1.84944 240 70 210
3.64751 0.22542 3.48712 240 70 210
-0.02349 1.83567 0.82314 240 70 210
-2.84470 17.64192 4.46379 240 70 210
-0.02220 6.90877 -1.33396 240 70 210
-0.12619 20.92333 -0.27267 240 70 210
0.71615 46.61108 0.18270 240 70 210
-0.09955 57.60334 -0.68317 240 70 210
-1.30661 2.35864 0.02540 240 70 210
0.72685 4.83657 -0.78160 240 70 210
1.90115 7.26072 3.92480 240 70 210
0.17226 22.58528 -0.60297 240 70 210
-1.00389 49.98711 0.49254 240 70 210
1.45957 39.36627 0.13128 240 70 210
-0.44229 26.53794 -1.03083 240 70 210
1.17109 53.22095 -0.24577 240 70 210
-3.35106 27.16421 3.99038 240 70 210
2.81155 33.87491 -4.47102 240 70 210
-0.34318 29.12077 -0.04829 240 70 210
1.85255 51.06174 -4.60572 240 70 210
-0.31432 30.84122 -0.69484 240 70 210
0.66436 16.68266 -0.72249 240 70 210
2.07126 58.48337 4.66442 240 70 210
-4.58295 53.85082 -0.67431 240 70 210
0.32860 17.62809 1.34878 240 70 210
1.08295 40.12455 -0.12950 240 70 210
-4.72005 12.57594 -1.76143 240 70 210
1.33988 17.12379 -0.86551 240 70 210
0.65027 0.49353 -0.23657 240 70 210
1.55792 20.29713 -0.38192 240 70 210
2.06759 41.35356 4.36027 240 70 210
0.80065 13.76729 1.32054 240 70 210
3.13880 26.41957 5.12992 240 70 210
0.20247 62.20431 -0.95501 240 70 210
-0.66233 61.12652 0.82657 240 70 210
0.25769 6.26686 -4.14881 240 70 210
0.59206 12.24901 -0.69622 240 70 210
-0.50296 18.13222 0.19245 240 70 210
-3.48165 25.19918 -0.75868 240 70 210
1.11550 43.18412 0.07337 240 70 210
-1.19130 44.43286 5.52936 240 70 210
-0.70283 53.79919 -3.84518 240 70 210
-3.72528 48.01996 0.64646 240 70 210
1.14998 16.30042 -3.72441 240 70 210
0.31827 14.97854 0.67143 240 70 210
-0.20507 22.30369 1.08497 240 70 210
1.18641 39.65118 1.09027 240 70 210
-4.72902 41.97132 2.95825 240 70 210
-0.97109 39.87442 -3.75229 240 70 210
0.87632 27.64445 1.09560 240 70 210
-3.88017 63.59454 1.24068 240 70 210
3.70958 16.01542 3.05950 240 70 210
3.43577 10.99845 -3.17634 240 70 210
1.44579 17.96618 0.18268 240 70 210
3.18964 40.33992 -4.14520 240 70 210
2.21537 46.34037 -3.77980 240 70 210
-0.58489 17.14036 -5.58096 240 70 210
3.62993 60.42056 -1.56874 240 70 210
-0.81645 55.98457 -3.72607 240 70 210
-0.53231 53.11734 0.19751 240 70 210
0.35299 54.30465 1.04363 240 70 210
-0.15604 11.83906 -0.99805 240 70 210
2.00960 14.58929 4.20571 240 70 210
-0.12369 55.02576 0.78716 240 70 210
1.45767 50.14862 -0.19944 240 70 210
-0.01890 59.37466 1.43795 240 70 210
1.84897 33.32214 3.62591 240 70 210
-0.44214 11.28295 -0.64910 240 70 210
-4.54381 15.05199 1.30840 240 70 210
-0.45050 6.95906 -0.27656 240 70 210
-2.42741 36.64219 3.87343 240 70 210
0.57353 25.36399 -0.95724 240 70 210
0.53993 6.29408 -0.43477 240 70 210
-0.07105 52.12165 0.97444 240 70 210
5.96156 19.31700 -1.25972 240 70 210
3.22765 7.27436 -4.15879 240 70 210
0.53235 20.59095 -0.58037 240 70 210
0.00511 32.00627 -1.03223 240 70 210
-0.11822 0.37828 -1.18692 240 70 210
-5.01951 20.83769 1.53249 240 70 210
-1.02397 14.55356 4.13309 240 70 210
4.55344 48.56820 1.69027 240 70 210
1.17572 16.38695 0.56040 240 70 210
-0.29643 14.54235 -0.55245 240 70 210
-0.46613 60.19799 -0.75327 240 70 210
0.34521 37.52362 0.69890 240 70 210
-3.57094 61.93444 4.63021 240 70 210
4.59359 24.14389 0.27988 240 70 210
2.18182 63.99279 5.05789 240 70 210
0.31352 63.32477 -0.80533 240 70 210
0.57764 8.35047 -0.79162 240 70 210
-0.59835 39.51285 0.07930 240 70 210
-2.61944 38.90259 -4.80919 240 70 210
-2.93644 12.58442 3.05394 240 70 210
0.81664 20.68101 -0.30240 240 70 210
4.52351 47.15064 1.96708 240 70 210
-0.56694 48.62645 4.46366 240 70 210
1.20518 2.99722 -0.05054 240 70 210
-2.29573 15.79878 -3.81018 240 70 210
0.29318 54.57113 -3.82770 240 70 210
0.39021 58.06188 -0.59544 240 70 210
0.01961 58.45122 0.70306 240 70 210
1.60996 29.72282 5.71100 240 70 210
0.34858 12.17593 0.79101 240 70 210
-0.61022 5.55261 -0.20648 240 70 210
-4.37981 1.46533 3.50035 240 70 210
1.09267 41.11857 0.28635 240 70 210
1.21328 48.58677 -0.53948 240 70 210
-0.75756 58.30034 0.34976 240 70 210
0.39685 20.44836 -0.48640 240 70 210
0.53856 0.69179 0.47686 240 70 210
0.18712 47.19171 0.69291 240 70 210
1.04048 20.82098 0.00718 240 70 210
0.19322 19.87877 -0.88719 240 70 210
-4.32945 57.84505 -0.75992 240 70 210
-0.76168 49.56489 0.26480 240 70 210
-3.38646 38.53326 3.86762 240 70 210
-1.08959 11.90858 0.03787 240 70 210
0.20123 21.81422 -0.56084 240 70 210
0.98700 44.46027 1.12004 240 70 210
-0.62017 18.55517 -0.23614 240 70 210
0.41549 48.97220 -0.50121 240 70 210
4.76534 19.82206 -1.43131 240 70 210
4.79296 62.67199 2.37852 240 70 210
0.35185 62.11759 -0.74323 240 70 210
-3.82951 11.65296 -0.77080 240 70 210
0.73257 35.34052 -0.49450 240 70 210
-0.68657 18.23166 0.09761 240 70 210
-0.05332 25.79190 5.41025 240 70 210
0.74821 56.94459 -0.56867 240 70 210
-3.44201 20.10715 1.27940 240 70 210
0.89035 49.66297 4.66615 240 70 210
0.52412 28.19688 1.16155 240 70 210
-1.45538 12.77475 5.40962 240 70 210
0.51984 3.65109 -1.17188 240 70 210
-0.67072 20.64394 0.60446 240 70 210
1.45274 13.34804 0.26351 240 70 210
-0.00330 17.19364 0.56531 240 70 210
-3.39240 7.34535 -1.47234 240 70 210
-1.00418 9.00470 3.70112 240 70 210
1.37519 23.27575 -5.66657 240 70 210
-3.02105 63.82656 -4.44987 240 70 210
-3.31059 54.44670 4.06055 240 70 210
0.21589 46.90123 -4.00590 240 70 210
4.96528 40.57713 1.87564 240 70 210
-2.44236 56.27290 -3.81972 240 70 210
0.34277 53.28299 -0.75098 240 70 210
-2.82713 12.08493 -4.76605 240 70 210
-0.10578 29.23827 5.69893 240 70 210
1.81462 9.84119 4.88419 240 70 210
0.71950 15.46816 -1.04865 240 70 210
4.33487 16.94666 -3.62418 240 70 210
-0.78432 19.27129 0.07033 240 70 210
-0.99422 55.74501 0.74821 240 70 210
1.03058 36.40011 1.26122 240 70 210
3.77258 48.93522 -3.01066 240 70 210
-0.46848 56.68133 0.67313 240 70 210
-2.54340 24.24958 -3.62935 240 70 210
1.50755 42.99358 -0.07989 240 70 210
-0.57849 49.98837 -0.11858 240 70 210
-0.35134 38.86340 0.24173 240 70 210
-0.50170 33.55641 -0.32860 240 70 210
-3.90708 48.67293 0.60166 240 70 210
-1.97294 28.97537 3.83321 240 70 210
-0.61209 4.23593 0.55683 240 70 210
0.93415 55.66446 0.52992 240 70 210
-1.23861 57.41988 -0.05864 240 70 210
-3.63923 44.79214 -1.51181 240 70 210
3.67510 44.43807 -3.24764 240 70 210
0.10059 32.28873 0.57224 240 70 210
0.68654 14.93877 -0.80112 240 70 210
0.38562 51.56613 -0.72893 240 70 210
4.91457 58.10308 1.07572 240 70 210
2.08068 7.67046 -3.91439 240 70 210
0.82301 16.95455 -1.23523 240 70 210
-0.93459 28.66658 5.33056 240 70 210
-0.58123 48.07876 -0.43681 240 70 210
-1.15094 37.22802 -3.59309 240 70 210
4.59858 4.08891 -0.18956 240 70 210
1.18243 35.57085 -0.11904 240 70 210
-3.11668 5.23137 4.45003 240 70 210
5.40637 61.92770 -0.41994 240 70 210
0.66530 27.18988 -0.99263 240 70 210
5.42052 15.19052 0.96860 240 70 210
-0.48837 61.06228 0.99167 240 70 210
4.51671 0.19444 -2.33889 240 70 210
1.42236 16.85205 0.66500 240 70 210
-0.22148 22.07868 3.82820 240 70 210
0.62059 63.56160 0.44310 240 70 210
0.29392 10.07492 -0.55566 240 70 210
0.36265 8.09336 1.03369 240 70 210
0.49159 42.91857 1.22015 240 70 210
1.18914 22.86625 -1.05116 240 70 210
1.57836 19.73668 0.09918 240 70 210
0.59323 28.33162 -0.86861 240 70 210
5.97368 40.78452 0.37502 240 70 210
4.08542 25.05531 1.95191 240 70 210
-0.21794 47.34270 0.50655 240 70 210
4.25180 6.55279 1.13111 240 70 210
4.82785 9.88285 0.48675 240 70 210
-0.04380 54.08991 0.86466 240 70 210
0.92018 2.25288 0.02499 240 70 210
2.03468 1.05991 4.07731 240 70 210
5.85122 43.10178 -0.14726 240 70 210
2.05225 39.87049 4.84409 240 70 210
1.54497 21.48663 0.55383 240 70 210
-0.12771 26.30010 0.19453 240 70 210
0.12958 25.81371 -0.88882 240 70 210
1.10341 25.97705 0.15278 240 70 210
1.10799 24.81380 4.44110 240 70 210
0.69994 22.26774 -1.16518 240 70 210
-0.50433 37.46015 0.78534 240 70 210
-5.46059 6.70194 1.44151 240 70 210
0.74999 43.93484 -0.11601 240 70 210
5.13462 31.64731 1.60811 240 70 210
2.46619 42.01651 4.22105 240 70 210
-0.05235 20.65596 -1.09442 240 70 210
-0.80927 58.37957 -0.98174 240 70 210
-3.87840 9.04773 1.66922 240 70 210
-0.89562 51.93900 -3.79464 240 70 210
4.66655 53.31995 1.03287 240 70 210
4.61238 12.30152 1.48735 240 70 210
-0.03832 55.77811 1.04606 240 70 210
4.58720 32.90772 -3.79258 240 70 210
-0.18775 4.05552 0.80362 240 70 210
2.74723 47.05236 -4.58316 240 70 210
4.02861 58.72768 -1.04724 240 70 210
-0.84886 0.16358 0.66372 240 70 210
-0.14161 39.48030 -1.11474 240 70 210
1.83914 60.58060 -5.07968 240 70 210
-0.27062 33.41484 -0.73174 240 70 210
-0.19411 4.37897 -4.41601 240 70 210
1.43697 36.67437 -0.49406 240 70 210
-1.69391 27.66408 -4.46326 240 70 210
-1.07489 1.78924 -0.39298 240 70 210
0.18769 0.48471 -4.69965 240 70 210
0.14102 56.51414 0.66590 240 70 210
0.81734 47.18758 0.34947 240 70 210
-0.60030 44.39416 4.54143 240 70 210
0.89871 22.74657 0.34239 240 70 210
-0.29520 12.69444 0.11590 240 70 210
0.19001 35.68789 -0.60773 240 70 210
-0.28627 20.68469 0.16652 240 70 210
3.85285 4.66062 0.68018 240 70 210
0.30380 1.01729 -0.43924 240 70 210
-1.56355 35.37629 -3.63829 240 70 210
-0.77538 47.14378 -0.08429 240 70 210
1.17657 32.42208 0.78605 240 70 210
-3.69110 29.73483 -0.06674 240 70 210
-4.95207 39.53291 -0.55837 240 70 210
-3.78777 5.05056 -2.53786 240 70 210
0.29663 57.05617 1.19744 240 70 210
-1.74855 55.33398 -4.40677 240 70 210
1.69579 62.38358 -3.35867 240 70 210
-0.17323 16.72419 -0.61817 240 70 210
-3.94782 54.53113 3.58803 240 70 210
0.85394 32.09370 -0.34743 240 70 210
0.04531 61.02336 -0.73670 240 70 210
0.65591 29.65351 -1.11550 240 70 210
-1.07053 39.21666 4.89731 240 70 210
-0.30582 2.71971 -0.61585 240 70 210
4.09133 15.85709 -0.67684 240 70 210
-0.01770 31.03208 1.12583 240 70 210
-4.99129 32.06035 1.84752 240 70 210
-1.22812 2.82516 3.63209 240 70 210
-0.93547 7.67579 -0.58929 240 70 210
-3.72854 55.71279 -2.45037 240 70 210
0.16704 12.22246 -0.76339 240 70 210
-0.64473 41.64462 1.06376 240 70 210
2.89434 58.79893 -3.92534 240 70 210
-3.81656 51.36627 0.24321 240 70 210
2.00265 32.00021 3.73958 240 70 210
-0.41670 46.91060 -0.73640 240 70 210
0.81669 57.30132 0.32118 240 70 210
1.59900 35.33491 0.36432 240 70 210
1.62394 26.95557 -4.37801 240 70 210
-2.81113 21.45446 -2.42210 240 70 210
4.15539 27.84576 0.80601 240 70 210
-4.06419 56.35466 3.01109 240 70 210
-0.02634 12.41768 1.10917 240 70 210
-0.98358 1.09015 0.72093 240 70 210
