# x y z nx ny nz intensity label
2.9985 -0.0004 -0.0148 0.0000 0.0000 0.0000 0.1200 1
2.9946 -0.0025 0.1921 0.0000 0.0000 0.0000 0.1200 1
2.9706 -0.0016 0.3932 0.0000 0.0000 0.0000 0.1200 1
2.9398 -0.0021 0.5922 0.0000 0.0000 0.0000 0.1200 1
2.8972 0.0018 0.7815 0.0000 0.0000 0.0000 0.1200 1
2.8364 -0.0020 0.9724 0.0000 0.0000 0.0000 0.1200 1
2.7690 -0.0013 1.1485 0.0000 0.0000 0.0000 0.1200 1
2.6956 -0.0009 1.3182 0.0000 0.0000 0.0000 0.1200 1
2.5995 0.0006 1.4973 0.0000 0.0000 0.0000 0.1200 1
2.4937 0.0001 1.6669 0.0000 0.0000 0.0000 0.1200 1
2.3692 0.0013 1.8354 0.0000 0.0000 0.0000 0.1200 1
2.2552 -0.0005 1.9828 0.0000 0.0000 0.0000 0.1200 1
2.1152 0.0011 2.1272 0.0000 0.0000 0.0000 0.1200 1
1.9797 0.0011 2.2528 0.0000 0.0000 0.0000 0.1200 1
1.8374 0.0002 2.3685 0.0000 0.0000 0.0000 0.1200 1
1.6695 -0.0006 2.4929 0.0000 0.0000 0.0000 0.1200 1
1.5086 0.0001 2.5948 0.0000 0.0000 0.0000 0.1200 1
1.3229 0.0001 2.6935 0.0000 0.0000 0.0000 0.1200 1
1.1540 0.0001 2.7668 0.0000 0.0000 0.0000 0.1200 1
0.9797 0.0005 2.8354 0.0000 0.0000 0.0000 0.1200 1
0.7807 -0.0006 2.8959 0.0000 0.0000 0.0000 0.1200 1
0.5981 0.0018 2.9377 0.0000 0.0000 0.0000 0.1200 1
0.3876 0.0005 2.9762 0.0000 0.0000 0.0000 0.1200 1
0.1907 0.0000 2.9922 0.0000 0.0000 0.0000 0.1200 1
0.0130 -0.0003 2.9994 0.0000 0.0000 0.0000 0.1200 1
-0.2090 -0.0010 2.9940 0.0000 0.0000 0.0000 0.1200 1
-0.3898 -0.0004 2.9756 0.0000 0.0000 0.0000 0.1200 1
-0.5872 -0.0000 2.9380 0.0000 0.0000 0.0000 0.1200 1
-0.7544 -0.0003 2.9044 0.0000 0.0000 0.0000 0.1200 1
-0.9644 0.0005 2.8436 0.0000 0.0000 0.0000 0.1200 1
-1.1528 -0.0033 2.7759 0.0000 0.0000 0.0000 0.1200 1
-1.3241 0.0002 2.6909 0.0000 0.0000 0.0000 0.1200 1
-1.5056 -0.0016 2.5980 0.0000 0.0000 0.0000 0.1200 1
-1.6680 0.0002 2.4941 0.0000 0.0000 0.0000 0.1200 1
-1.8233 -0.0004 2.3793 0.0000 0.0000 0.0000 0.1200 1
-1.9758 0.0013 2.2611 0.0000 0.0000 0.0000 0.1200 1
-2.1344 -0.0019 2.1047 0.0000 0.0000 0.0000 0.1200 1
-2.2638 -0.0006 1.9712 0.0000 0.0000 0.0000 0.1200 1
-2.3749 0.0012 1.8340 0.0000 0.0000 0.0000 0.1200 1
-2.4930 0.0003 1.6747 0.0000 0.0000 0.0000 0.1200 1
-2.6082 0.0012 1.4779 0.0000 0.0000 0.0000 0.1200 1
-2.6959 -0.0009 1.3191 0.0000 0.0000 0.0000 0.1200 1
-2.7782 0.0016 1.1357 0.0000 0.0000 0.0000 0.1200 1
-2.8504 0.0001 0.9531 0.0000 0.0000 0.0000 0.1200 1
-2.8972 0.0006 0.7801 0.0000 0.0000 0.0000 0.1200 1
-2.9419 0.0015 0.5879 0.0000 0.0000 0.0000 0.1200 1
-2.9716 0.0010 0.4077 0.0000 0.0000 0.0000 0.1200 1
-2.9917 -0.0001 0.2045 0.0000 0.0000 0.0000 0.1200 1
-2.9993 -0.0004 0.0006 0.0000 0.0000 0.0000 0.1200 1
-2.9950 0.0006 -0.1951 0.0000 0.0000 0.0000 0.1200 1
-2.9736 0.0000 -0.3811 0.0000 0.0000 0.0000 0.1200 1
-2.9426 0.0005 -0.5793 0.0000 0.0000 0.0000 0.1200 1
-2.9042 0.0005 -0.7644 0.0000 0.0000 0.0000 0.1200 1
-2.8412 -0.0006 -0.9600 0.0000 0.0000 0.0000 0.1200 1
-2.7826 0.0008 -1.1366 0.0000 0.0000 0.0000 0.1200 1
-2.6880 -0.0021 -1.3390 0.0000 0.0000 0.0000 0.1200 1
-2.5843 0.0005 -1.5247 0.0000 0.0000 0.0000 0.1200 1
-2.4955 -0.0004 -1.6663 0.0000 0.0000 0.0000 0.1200 1
-2.3712 -0.0003 -1.8362 0.0000 0.0000 0.0000 0.1200 1
-2.2571 0.0018 -1.9778 0.0000 0.0000 0.0000 0.1200 1
-2.1191 -0.0000 -2.1251 0.0000 0.0000 0.0000 0.1200 1
-1.9687 -0.0004 -2.2690 0.0000 0.0000 0.0000 0.1200 1
-1.8198 0.0004 -2.3863 0.0000 0.0000 0.0000 0.1200 1
-1.6762 0.0012 -2.4905 0.0000 0.0000 0.0000 0.1200 1
-1.4974 0.0005 -2.6024 0.0000 0.0000 0.0000 0.1200 1
-1.3275 -0.0005 -2.6913 0.0000 0.0000 0.0000 0.1200 1
-1.1598 0.0001 -2.7656 0.0000 0.0000 0.0000 0.1200 1
-0.9591 0.0005 -2.8452 0.0000 0.0000 0.0000 0.1200 1
-0.7836 -0.0004 -2.8968 0.0000 0.0000 0.0000 0.1200 1
-0.5948 0.0003 -2.9401 0.0000 0.0000 0.0000 0.1200 1
-0.4107 -0.0011 -2.9744 0.0000 0.0000 0.0000 0.1200 1
-0.1981 -0.0021 -2.9900 0.0000 0.0000 0.0000 0.1200 1
-0.0068 -0.0024 -2.9999 0.0000 0.0000 0.0000 0.1200 1
0.2025 -0.0009 -2.9916 0.0000 0.0000 0.0000 0.1200 1
0.3908 0.0007 -2.9780 0.0000 0.0000 0.0000 0.1200 1
0.5773 -0.0012 -2.9462 0.0000 0.0000 0.0000 0.1200 1
0.7753 -0.0011 -2.8975 0.0000 0.0000 0.0000 0.1200 1
0.9542 -0.0017 -2.8448 0.0000 0.0000 0.0000 0.1200 1
1.1454 -0.0005 -2.7746 0.0000 0.0000 0.0000 0.1200 1
1.3317 -0.0008 -2.6872 0.0000 0.0000 0.0000 0.1200 1
1.5038 -0.0010 -2.5951 0.0000 0.0000 0.0000 0.1200 1
1.6623 -0.0004 -2.4957 0.0000 0.0000 0.0000 0.1200 1
1.8245 0.0025 -2.3837 0.0000 0.0000 0.0000 0.1200 1
1.9892 0.0007 -2.2433 0.0000 0.0000 0.0000 0.1200 1
2.1331 0.0001 -2.1112 0.0000 0.0000 0.0000 0.1200 1
2.2527 -0.0014 -1.9794 0.0000 0.0000 0.0000 0.1200 1
2.3844 0.0003 -1.8240 0.0000 0.0000 0.0000 0.1200 1
2.4948 -0.0008 -1.6729 0.0000 0.0000 0.0000 0.1200 1
2.5925 -0.0008 -1.5092 0.0000 0.0000 0.0000 0.1200 1
2.6869 -0.0004 -1.3356 0.0000 0.0000 0.0000 0.1200 1
2.7731 -0.0013 -1.1443 0.0000 0.0000 0.0000 0.1200 1
2.8382 0.0004 -0.9639 0.0000 0.0000 0.0000 0.1200 1
2.9008 0.0000 -0.7687 0.0000 0.0000 0.0000 0.1200 1
2.9434 0.0007 -0.5637 0.0000 0.0000 0.0000 0.1200 1
2.9741 -0.0006 -0.3929 0.0000 0.0000 0.0000 0.1200 1
2.9949 0.0002 -0.1896 0.0000 0.0000 0.0000 0.1200 1
3.0035 0.5002 0.0022 0.0000 0.0000 0.0000 0.1200 1
2.9998 0.5000 0.2081 0.0000 0.0000 0.0000 0.1200 1
2.9764 0.4984 0.4053 0.0000 0.0000 0.0000 0.1200 1
2.9442 0.5012 0.5878 0.0000 0.0000 0.0000 0.1200 1
2.9033 0.4990 0.7697 0.0000 0.0000 0.0000 0.1200 1
2.8404 0.4990 0.9705 0.0000 0.0000 0.0000 0.1200 1
2.7742 0.4990 1.1433 0.0000 0.0000 0.0000 0.1200 1
2.6884 0.5007 1.3368 0.0000 0.0000 0.0000 0.1200 1
2.5982 0.5006 1.5030 0.0000 0.0000 0.0000 0.1200 1
2.4864 0.4993 1.6819 0.0000 0.0000 0.0000 0.1200 1
2.3910 0.4998 1.8178 0.0000 0.0000 0.0000 0.1200 1
2.2663 0.5005 1.9706 0.0000 0.0000 0.0000 0.1200 1
2.1147 0.5004 2.1274 0.0000 0.0000 0.0000 0.1200 1
1.9777 0.4986 2.2609 0.0000 0.0000 0.0000 0.1200 1
1.8338 0.5002 2.3773 0.0000 0.0000 0.0000 0.1200 1
1.6764 0.5008 2.4919 0.0000 0.0000 0.0000 0.1200 1
1.4897 0.5003 2.6054 0.0000 0.0000 0.0000 0.1200 1
1.3293 0.4996 2.6917 0.0000 0.0000 0.0000 0.1200 1
1.1498 0.4994 2.7738 0.0000 0.0000 0.0000 0.1200 1
0.9721 0.4986 2.8391 0.0000 0.0000 0.0000 0.1200 1
0.7902 0.5014 2.8964 0.0000 0.0000 0.0000 0.1200 1
0.5945 0.4996 2.9408 0.0000 0.0000 0.0000 0.1200 1
0.3952 0.5000 2.9765 0.0000 0.0000 0.0000 0.1200 1
0.1912 0.5010 2.9919 0.0000 0.0000 0.0000 0.1200 1
-0.0021 0.4998 2.9946 0.0000 0.0000 0.0000 0.1200 1
-0.2035 0.5013 2.9946 0.0000 0.0000 0.0000 0.1200 1
-0.3958 0.5011 2.9737 0.0000 0.0000 0.0000 0.1200 1
-0.5789 0.5012 2.9429 0.0000 0.0000 0.0000 0.1200 1
-0.7624 0.4992 2.9023 0.0000 0.0000 0.0000 0.1200 1
-0.9611 0.5008 2.8372 0.0000 0.0000 0.0000 0.1200 1
-1.1295 0.5008 2.7766 0.0000 0.0000 0.0000 0.1200 1
-1.3192 0.4994 2.6917 0.0000 0.0000 0.0000 0.1200 1
-1.4986 0.5006 2.5990 0.0000 0.0000 0.0000 0.1200 1
-1.6504 0.4985 2.5002 0.0000 0.0000 0.0000 0.1200 1
-1.8375 0.4984 2.3720 0.0000 0.0000 0.0000 0.1200 1
-1.9786 0.4994 2.2492 0.0000 0.0000 0.0000 0.1200 1
-2.1273 0.5019 2.1136 0.0000 0.0000 0.0000 0.1200 1
-2.2486 0.5002 1.9824 0.0000 0.0000 0.0000 0.1200 1
-2.3839 0.4989 1.8184 0.0000 0.0000 0.0000 0.1200 1
-2.5045 0.5020 1.6519 0.0000 0.0000 0.0000 0.1200 1
-2.5929 0.5003 1.5070 0.0000 0.0000 0.0000 0.1200 1
-2.6815 0.5033 1.3358 0.0000 0.0000 0.0000 0.1200 1
-2.7579 0.4998 1.1781 0.0000 0.0000 0.0000 0.1200 1
-2.8363 0.4985 0.9628 0.0000 0.0000 0.0000 0.1200 1
-2.8980 0.5006 0.7602 0.0000 0.0000 0.0000 0.1200 1
-2.9411 0.4997 0.5757 0.0000 0.0000 0.0000 0.1200 1
-2.9718 0.5008 0.3926 0.0000 0.0000 0.0000 0.1200 1
-2.9907 0.5008 0.2091 0.0000 0.0000 0.0000 0.1200 1
-3.0002 0.5014 0.0132 0.0000 0.0000 0.0000 0.1200 1
-2.9910 0.5012 -0.1929 0.0000 0.0000 0.0000 0.1200 1
-2.9731 0.5000 -0.3805 0.0000 0.0000 0.0000 0.1200 1
-2.9403 0.5007 -0.5573 0.0000 0.0000 0.0000 0.1200 1
-2.8937 0.4998 -0.7733 0.0000 0.0000 0.0000 0.1200 1
-2.8381 0.4981 -0.9646 0.0000 0.0000 0.0000 0.1200 1
-2.7682 0.5018 -1.1522 0.0000 0.0000 0.0000 0.1200 1
-2.6875 0.5008 -1.3182 0.0000 0.0000 0.0000 0.1200 1
-2.5970 0.4977 -1.4921 0.0000 0.0000 0.0000 0.1200 1
-2.4879 0.5008 -1.6691 0.0000 0.0000 0.0000 0.1200 1
-2.3743 0.5002 -1.8278 0.0000 0.0000 0.0000 0.1200 1
-2.2554 0.5008 -1.9757 0.0000 0.0000 0.0000 0.1200 1
-2.1181 0.5000 -2.1120 0.0000 0.0000 0.0000 0.1200 1
-1.9709 0.5007 -2.2534 0.0000 0.0000 0.0000 0.1200 1
-1.8280 0.5003 -2.3735 0.0000 0.0000 0.0000 0.1200 1
-1.6617 0.4995 -2.4935 0.0000 0.0000 0.0000 0.1200 1
-1.4981 0.4985 -2.5919 0.0000 0.0000 0.0000 0.1200 1
-1.3205 0.4999 -2.6974 0.0000 0.0000 0.0000 0.1200 1
-1.1553 0.5022 -2.7670 0.0000 0.0000 0.0000 0.1200 1
-0.9539 0.4995 -2.8406 0.0000 0.0000 0.0000 0.1200 1
-0.7650 0.4995 -2.8969 0.0000 0.0000 0.0000 0.1200 1
-0.5706 0.4998 -2.9423 0.0000 0.0000 0.0000 0.1200 1
-0.3908 0.4999 -2.9702 0.0000 0.0000 0.0000 0.1200 1
-0.1925 0.4994 -2.9961 0.0000 0.0000 0.0000 0.1200 1
-0.0007 0.4999 -2.9983 0.0000 0.0000 0.0000 0.1200 1
0.2095 0.5005 -2.9897 0.0000 0.0000 0.0000 0.1200 1
0.3912 0.5008 -2.9729 0.0000 0.0000 0.0000 0.1200 1
0.6099 0.5017 -2.9362 0.0000 0.0000 0.0000 0.1200 1
0.7872 0.5019 -2.8944 0.0000 0.0000 0.0000 0.1200 1
0.9606 0.4994 -2.8426 0.0000 0.0000 0.0000 0.1200 1
1.1550 0.4998 -2.7687 0.0000 0.0000 0.0000 0.1200 1
1.3377 0.5012 -2.6837 0.0000 0.0000 0.0000 0.1200 1
1.5159 0.4985 -2.5905 0.0000 0.0000 0.0000 0.1200 1
1.6858 0.5011 -2.4856 0.0000 0.0000 0.0000 0.1200 1
1.8283 0.4987 -2.3800 0.0000 0.0000 0.0000 0.1200 1
1.9750 0.5007 -2.2589 0.0000 0.0000 0.0000 0.1200 1
2.1299 0.5009 -2.1181 0.0000 0.0000 0.0000 0.1200 1
2.2592 0.4995 -1.9764 0.0000 0.0000 0.0000 0.1200 1
2.3860 0.5013 -1.8270 0.0000 0.0000 0.0000 0.1200 1
2.4922 0.5000 -1.6697 0.0000 0.0000 0.0000 0.1200 1
2.6085 0.4992 -1.4956 0.0000 0.0000 0.0000 0.1200 1
2.6920 0.4998 -1.3245 0.0000 0.0000 0.0000 0.1200 1
2.7752 0.5013 -1.1464 0.0000 0.0000 0.0000 0.1200 1
2.8429 0.4999 -0.9667 0.0000 0.0000 0.0000 0.1200 1
2.8999 0.5017 -0.7754 0.0000 0.0000 0.0000 0.1200 1
2.9445 0.5007 -0.5899 0.0000 0.0000 0.0000 0.1200 1
2.9780 0.5013 -0.3887 0.0000 0.0000 0.0000 0.1200 1
2.9963 0.5014 -0.2005 0.0000 0.0000 0.0000 0.1200 1
3.0064 0.9996 -0.0020 0.0000 0.0000 0.0000 0.1200 1
2.9976 1.0006 0.2017 0.0000 0.0000 0.0000 0.1200 1
2.9803 1.0002 0.3997 0.0000 0.0000 0.0000 0.1200 1
2.9509 1.0002 0.5818 0.0000 0.0000 0.0000 0.1200 1
2.9038 0.9991 0.7737 0.0000 0.0000 0.0000 0.1200 1
2.8424 0.9994 0.9816 0.0000 0.0000 0.0000 0.1200 1
2.7712 0.9994 1.1563 0.0000 0.0000 0.0000 0.1200 1
2.6990 1.0002 1.3185 0.0000 0.0000 0.0000 0.1200 1
2.6013 1.0004 1.5060 0.0000 0.0000 0.0000 0.1200 1
2.5076 0.9984 1.6566 0.0000 0.0000 0.0000 0.1200 1
2.3788 0.9991 1.8393 0.0000 0.0000 0.0000 0.1200 1
2.2604 1.0009 1.9759 0.0000 0.0000 0.0000 0.1200 1
2.1259 0.9991 2.1235 0.0000 0.0000 0.0000 0.1200 1
1.9808 1.0003 2.2599 0.0000 0.0000 0.0000 0.1200 1
1.8363 1.0011 2.3792 0.0000 0.0000 0.0000 0.1200 1
1.6492 0.9997 2.5124 0.0000 0.0000 0.0000 0.1200 1
1.5043 1.0002 2.5962 0.0000 0.0000 0.0000 0.1200 1
1.3136 0.9992 2.7038 0.0000 0.0000 0.0000 0.1200 1
1.1683 1.0003 2.7661 0.0000 0.0000 0.0000 0.1200 1
0.9581 0.9993 2.8471 0.0000 0.0000 0.0000 0.1200 1
0.7743 0.9994 2.9068 0.0000 0.0000 0.0000 0.1200 1
0.5929 1.0006 2.9378 0.0000 0.0000 0.0000 0.1200 1
0.3958 1.0006 2.9753 0.0000 0.0000 0.0000 0.1200 1
0.2153 0.9994 2.9947 0.0000 0.0000 0.0000 0.1200 1
0.0117 1.0003 3.0005 0.0000 0.0000 0.0000 0.1200 1
-0.1812 0.9999 2.9960 0.0000 0.0000 0.0000 0.1200 1
-0.3821 1.0004 2.9772 0.0000 0.0000 0.0000 0.1200 1
-0.5719 0.9995 2.9445 0.0000 0.0000 0.0000 0.1200 1
-0.7580 1.0008 2.9028 0.0000 0.0000 0.0000 0.1200 1
-0.9534 1.0003 2.8443 0.0000 0.0000 0.0000 0.1200 1
-1.1550 1.0009 2.7669 0.0000 0.0000 0.0000 0.1200 1
-1.3247 1.0000 2.6934 0.0000 0.0000 0.0000 0.1200 1
-1.4957 1.0013 2.5997 0.0000 0.0000 0.0000 0.1200 1
-1.6647 0.9990 2.4930 0.0000 0.0000 0.0000 0.1200 1
-1.8236 1.0010 2.3796 0.0000 0.0000 0.0000 0.1200 1
-1.9701 1.0004 2.2613 0.0000 0.0000 0.0000 0.1200 1
-2.1235 1.0002 2.1169 0.0000 0.0000 0.0000 0.1200 1
-2.2509 0.9999 1.9801 0.0000 0.0000 0.0000 0.1200 1
-2.3803 1.0005 1.8180 0.0000 0.0000 0.0000 0.1200 1
-2.4965 0.9977 1.6569 0.0000 0.0000 0.0000 0.1200 1
-2.6027 0.9998 1.4856 0.0000 0.0000 0.0000 0.1200 1
-2.6880 1.0005 1.3138 0.0000 0.0000 0.0000 0.1200 1
-2.7711 1.0000 1.1395 0.0000 0.0000 0.0000 0.1200 1
-2.8356 1.0004 0.9715 0.0000 0.0000 0.0000 0.1200 1
-2.8889 0.9989 0.7784 0.0000 0.0000 0.0000 0.1200 1
-2.9395 0.9999 0.5738 0.0000 0.0000 0.0000 0.1200 1
-2.9680 0.9992 0.3902 0.0000 0.0000 0.0000 0.1200 1
-2.9829 0.9987 0.2123 0.0000 0.0000 0.0000 0.1200 1
-2.9940 1.0020 -0.0019 0.0000 0.0000 0.0000 0.1200 1
-2.9900 1.0004 -0.1787 0.0000 0.0000 0.0000 0.1200 1
-2.9696 0.9983 -0.3956 0.0000 0.0000 0.0000 0.1200 1
-2.9392 1.0012 -0.5755 0.0000 0.0000 0.0000 0.1200 1
-2.8890 0.9991 -0.7768 0.0000 0.0000 0.0000 0.1200 1
-2.8370 0.9988 -0.9624 0.0000 0.0000 0.0000 0.1200 1
-2.7647 0.9995 -1.1418 0.0000 0.0000 0.0000 0.1200 1
-2.6801 1.0009 -1.3407 0.0000 0.0000 0.0000 0.1200 1
-2.5933 0.9979 -1.5034 0.0000 0.0000 0.0000 0.1200 1
-2.4777 0.9982 -1.6780 0.0000 0.0000 0.0000 0.1200 1
-2.3766 0.9989 -1.8249 0.0000 0.0000 0.0000 0.1200 1
-2.2488 1.0007 -1.9776 0.0000 0.0000 0.0000 0.1200 1
-2.1158 0.9986 -2.1231 0.0000 0.0000 0.0000 0.1200 1
-1.9730 1.0017 -2.2552 0.0000 0.0000 0.0000 0.1200 1
-1.8271 0.9992 -2.3768 0.0000 0.0000 0.0000 0.1200 1
-1.6625 0.9998 -2.4953 0.0000 0.0000 0.0000 0.1200 1
-1.5034 0.9993 -2.5923 0.0000 0.0000 0.0000 0.1200 1
-1.3197 1.0004 -2.6870 0.0000 0.0000 0.0000 0.1200 1
-1.1436 0.9996 -2.7673 0.0000 0.0000 0.0000 0.1200 1
-0.9378 1.0001 -2.8442 0.0000 0.0000 0.0000 0.1200 1
-0.7710 0.9993 -2.8974 0.0000 0.0000 0.0000 0.1200 1
-0.5742 0.9990 -2.9412 0.0000 0.0000 0.0000 0.1200 1
-0.3914 0.9983 -2.9708 0.0000 0.0000 0.0000 0.1200 1
-0.1873 1.0004 -2.9956 0.0000 0.0000 0.0000 0.1200 1
0.0169 1.0006 -2.9991 0.0000 0.0000 0.0000 0.1200 1
0.2019 1.0001 -2.9965 0.0000 0.0000 0.0000 0.1200 1
0.4155 0.9995 -2.9701 0.0000 0.0000 0.0000 0.1200 1
0.5873 1.0010 -2.9419 0.0000 0.0000 0.0000 0.1200 1
0.7791 1.0012 -2.8936 0.0000 0.0000 0.0000 0.1200 1
0.9678 0.9993 -2.8396 0.0000 0.0000 0.0000 0.1200 1
1.1518 0.9993 -2.7731 0.0000 0.0000 0.0000 0.1200 1
1.3289 0.9989 -2.6923 0.0000 0.0000 0.0000 0.1200 1
1.5153 0.9995 -2.5917 0.0000 0.0000 0.0000 0.1200 1
1.6721 0.9990 -2.4949 0.0000 0.0000 0.0000 0.1200 1
1.8356 1.0013 -2.3763 0.0000 0.0000 0.0000 0.1200 1
1.9755 1.0013 -2.2657 0.0000 0.0000 0.0000 0.1200 1
2.1210 0.9982 -2.1296 0.0000 0.0000 0.0000 0.1200 1
2.2614 0.9979 -1.9769 0.0000 0.0000 0.0000 0.1200 1
2.3940 1.0003 -1.8124 0.0000 0.0000 0.0000 0.1200 1
2.5002 0.9990 -1.6600 0.0000 0.0000 0.0000 0.1200 1
2.6028 1.0005 -1.4979 0.0000 0.0000 0.0000 0.1200 1
2.6957 0.9993 -1.3210 0.0000 0.0000 0.0000 0.1200 1
2.7792 0.9994 -1.1419 0.0000 0.0000 0.0000 0.1200 1
2.8457 0.9999 -0.9604 0.0000 0.0000 0.0000 0.1200 1
2.9120 0.9992 -0.7489 0.0000 0.0000 0.0000 0.1200 1
2.9472 0.9998 -0.5897 0.0000 0.0000 0.0000 0.1200 1
2.9823 1.0007 -0.3673 0.0000 0.0000 0.0000 0.1200 1
2.9993 0.9995 -0.1945 0.0000 0.0000 0.0000 0.1200 1
3.0083 1.4996 0.0121 0.0000 0.0000 0.0000 0.1200 1
3.0017 1.5018 0.1990 0.0000 0.0000 0.0000 0.1200 1
2.9776 1.4998 0.3874 0.0000 0.0000 0.0000 0.1200 1
2.9496 1.5014 0.5895 0.0000 0.0000 0.0000 0.1200 1
2.9063 1.5013 0.7872 0.0000 0.0000 0.0000 0.1200 1
2.8409 1.4992 0.9841 0.0000 0.0000 0.0000 0.1200 1
2.7817 1.4991 1.1421 0.0000 0.0000 0.0000 0.1200 1
2.6984 1.4996 1.3280 0.0000 0.0000 0.0000 0.1200 1
2.5986 1.5016 1.5136 0.0000 0.0000 0.0000 0.1200 1
2.5102 1.4987 1.6477 0.0000 0.0000 0.0000 0.1200 1
2.3953 1.4988 1.8254 0.0000 0.0000 0.0000 0.1200 1
2.2591 1.4994 1.9835 0.0000 0.0000 0.0000 0.1200 1
2.1289 1.5012 2.1284 0.0000 0.0000 0.0000 0.1200 1
1.9809 1.5011 2.2645 0.0000 0.0000 0.0000 0.1200 1
1.8354 1.4993 2.3791 0.0000 0.0000 0.0000 0.1200 1
1.6566 1.4977 2.5109 0.0000 0.0000 0.0000 0.1200 1
1.5123 1.4995 2.5955 0.0000 0.0000 0.0000 0.1200 1
1.3276 1.5012 2.6931 0.0000 0.0000 0.0000 0.1200 1
1.1682 1.4994 2.7711 0.0000 0.0000 0.0000 0.1200 1
0.9734 1.4982 2.8426 0.0000 0.0000 0.0000 0.1200 1
0.7903 1.4985 2.8977 0.0000 0.0000 0.0000 0.1200 1
0.5928 1.5012 2.9464 0.0000 0.0000 0.0000 0.1200 1
0.3907 1.4995 2.9772 0.0000 0.0000 0.0000 0.1200 1
0.2155 1.4988 2.9929 0.0000 0.0000 0.0000 0.1200 1
0.0036 1.5000 2.9998 0.0000 0.0000 0.0000 0.1200 1
-0.1764 1.5006 2.9978 0.0000 0.0000 0.0000 0.1200 1
-0.3868 1.5018 2.9782 0.0000 0.0000 0.0000 0.1200 1
-0.5903 1.5004 2.9399 0.0000 0.0000 0.0000 0.1200 1
-0.7759 1.4993 2.8969 0.0000 0.0000 0.0000 0.1200 1
-0.9489 1.4990 2.8447 0.0000 0.0000 0.0000 0.1200 1
-1.1402 1.4981 2.7723 0.0000 0.0000 0.0000 0.1200 1
-1.3303 1.4998 2.6891 0.0000 0.0000 0.0000 0.1200 1
-1.4826 1.4998 2.6086 0.0000 0.0000 0.0000 0.1200 1
-1.6590 1.5001 2.4937 0.0000 0.0000 0.0000 0.1200 1
-1.8111 1.4997 2.3856 0.0000 0.0000 0.0000 0.1200 1
-1.9646 1.4999 2.2605 0.0000 0.0000 0.0000 0.1200 1
-2.1070 1.4992 2.1302 0.0000 0.0000 0.0000 0.1200 1
-2.2544 1.5003 1.9737 0.0000 0.0000 0.0000 0.1200 1
-2.3655 1.5001 1.8326 0.0000 0.0000 0.0000 0.1200 1
-2.4795 1.5005 1.6767 0.0000 0.0000 0.0000 0.1200 1
-2.5977 1.5006 1.4877 0.0000 0.0000 0.0000 0.1200 1
-2.6795 1.5008 1.3337 0.0000 0.0000 0.0000 0.1200 1
-2.7496 1.5014 1.1600 0.0000 0.0000 0.0000 0.1200 1
-2.8347 1.5012 0.9693 0.0000 0.0000 0.0000 0.1200 1
-2.8879 1.4984 0.7660 0.0000 0.0000 0.0000 0.1200 1
-2.9373 1.4994 0.5672 0.0000 0.0000 0.0000 0.1200 1
-2.9660 1.5001 0.3823 0.0000 0.0000 0.0000 0.1200 1
-2.9862 1.4997 0.2058 0.0000 0.0000 0.0000 0.1200 1
-2.9925 1.5006 0.0038 0.0000 0.0000 0.0000 0.1200 1
-2.9857 1.5001 -0.1990 0.0000 0.0000 0.0000 0.1200 1
-2.9625 1.5000 -0.3883 0.0000 0.0000 0.0000 0.1200 1
-2.9259 1.5006 -0.6028 0.0000 0.0000 0.0000 0.1200 1
-2.8891 1.4995 -0.7776 0.0000 0.0000 0.0000 0.1200 1
-2.8372 1.4986 -0.9459 0.0000 0.0000 0.0000 0.1200 1
-2.7690 1.4987 -1.1371 0.0000 0.0000 0.0000 0.1200 1
-2.6837 1.5011 -1.3250 0.0000 0.0000 0.0000 0.1200 1
-2.5893 1.4990 -1.5013 0.0000 0.0000 0.0000 0.1200 1
-2.4838 1.4991 -1.6706 0.0000 0.0000 0.0000 0.1200 1
-2.3605 1.4990 -1.8398 0.0000 0.0000 0.0000 0.1200 1
-2.2571 1.5003 -1.9616 0.0000 0.0000 0.0000 0.1200 1
-2.1064 1.5007 -2.1207 0.0000 0.0000 0.0000 0.1200 1
-1.9659 1.5004 -2.2551 0.0000 0.0000 0.0000 0.1200 1
-1.8239 1.5015 -2.3725 0.0000 0.0000 0.0000 0.1200 1
-1.6521 1.4995 -2.4975 0.0000 0.0000 0.0000 0.1200 1
-1.4822 1.4986 -2.5995 0.0000 0.0000 0.0000 0.1200 1
-1.3170 1.5004 -2.6905 0.0000 0.0000 0.0000 0.1200 1
-1.1519 1.4998 -2.7646 0.0000 0.0000 0.0000 0.1200 1
-0.9657 1.5009 -2.8334 0.0000 0.0000 0.0000 0.1200 1
-0.7654 1.4998 -2.8941 0.0000 0.0000 0.0000 0.1200 1
-0.5814 1.5018 -2.9397 0.0000 0.0000 0.0000 0.1200 1
-0.3816 1.5001 -2.9731 0.0000 0.0000 0.0000 0.1200 1
-0.1824 1.5000 -2.9904 0.0000 0.0000 0.0000 0.1200 1
0.0006 1.5006 -2.9961 0.0000 0.0000 0.0000 0.1200 1
0.1785 1.4996 -2.9943 0.0000 0.0000 0.0000 0.1200 1
0.4030 1.4997 -2.9705 0.0000 0.0000 0.0000 0.1200 1
0.6025 1.5000 -2.9363 0.0000 0.0000 0.0000 0.1200 1
0.7921 1.5018 -2.8872 0.0000 0.0000 0.0000 0.1200 1
0.9594 1.5013 -2.8410 0.0000 0.0000 0.0000 0.1200 1
1.1661 1.4995 -2.7703 0.0000 0.0000 0.0000 0.1200 1
1.3445 1.4982 -2.6824 0.0000 0.0000 0.0000 0.1200 1
1.5091 1.5009 -2.5942 0.0000 0.0000 0.0000 0.1200 1
1.6738 1.5017 -2.4899 0.0000 0.0000 0.0000 0.1200 1
1.8416 1.4976 -2.3747 0.0000 0.0000 0.0000 0.1200 1
1.9961 1.5003 -2.2464 0.0000 0.0000 0.0000 0.1200 1
2.1269 1.4999 -2.1236 0.0000 0.0000 0.0000 0.1200 1
2.2674 1.4997 -1.9739 0.0000 0.0000 0.0000 0.1200 1
2.3840 1.4995 -1.8344 0.0000 0.0000 0.0000 0.1200 1
2.5021 1.5005 -1.6585 0.0000 0.0000 0.0000 0.1200 1
2.6063 1.5006 -1.5028 0.0000 0.0000 0.0000 0.1200 1
2.7000 1.4982 -1.3209 0.0000 0.0000 0.0000 0.1200 1
2.7776 1.5004 -1.1569 0.0000 0.0000 0.0000 0.1200 1
2.8478 1.4986 -0.9655 0.0000 0.0000 0.0000 0.1200 1
2.9075 1.5006 -0.7691 0.0000 0.0000 0.0000 0.1200 1
2.9546 1.5007 -0.5810 0.0000 0.0000 0.0000 0.1200 1
2.9839 1.5001 -0.3868 0.0000 0.0000 0.0000 0.1200 1
3.0009 1.5002 -0.2014 0.0000 0.0000 0.0000 0.1200 1
3.0111 2.0014 -0.0064 0.0000 0.0000 0.0000 0.1200 1
3.0044 2.0002 0.2131 0.0000 0.0000 0.0000 0.1200 1
2.9880 2.0003 0.3845 0.0000 0.0000 0.0000 0.1200 1
2.9550 2.0015 0.5896 0.0000 0.0000 0.0000 0.1200 1
2.9132 2.0009 0.7636 0.0000 0.0000 0.0000 0.1200 1
2.8486 1.9986 0.9720 0.0000 0.0000 0.0000 0.1200 1
2.7757 2.0014 1.1634 0.0000 0.0000 0.0000 0.1200 1
2.7057 2.0003 1.3198 0.0000 0.0000 0.0000 0.1200 1
2.6095 2.0002 1.5045 0.0000 0.0000 0.0000 0.1200 1
2.4990 2.0004 1.6749 0.0000 0.0000 0.0000 0.1200 1
2.3903 2.0015 1.8337 0.0000 0.0000 0.0000 0.1200 1
2.2592 1.9981 1.9834 0.0000 0.0000 0.0000 0.1200 1
2.1428 1.9993 2.1135 0.0000 0.0000 0.0000 0.1200 1
1.9898 1.9999 2.2563 0.0000 0.0000 0.0000 0.1200 1
1.8295 1.9983 2.3883 0.0000 0.0000 0.0000 0.1200 1
1.6749 2.0006 2.5047 0.0000 0.0000 0.0000 0.1200 1
1.5025 1.9993 2.6076 0.0000 0.0000 0.0000 0.1200 1
1.3248 2.0005 2.6967 0.0000 0.0000 0.0000 0.1200 1
1.1504 2.0003 2.7787 0.0000 0.0000 0.0000 0.1200 1
0.9769 1.9991 2.8410 0.0000 0.0000 0.0000 0.1200 1
0.7750 2.0004 2.8993 0.0000 0.0000 0.0000 0.1200 1
0.6134 2.0026 2.9414 0.0000 0.0000 0.0000 0.1200 1
0.3988 2.0012 2.9772 0.0000 0.0000 0.0000 0.1200 1
0.2201 2.0008 2.9969 0.0000 0.0000 0.0000 0.1200 1
0.0168 1.9998 3.0040 0.0000 0.0000 0.0000 0.1200 1
-0.1846 2.0001 2.9977 0.0000 0.0000 0.0000 0.1200 1
-0.3712 2.0023 2.9819 0.0000 0.0000 0.0000 0.1200 1
-0.5708 1.9985 2.9441 0.0000 0.0000 0.0000 0.1200 1
-0.7712 2.0015 2.8910 0.0000 0.0000 0.0000 0.1200 1
-0.9506 2.0012 2.8396 0.0000 0.0000 0.0000 0.1200 1
-1.1312 2.0017 2.7750 0.0000 0.0000 0.0000 0.1200 1
-1.3085 2.0001 2.6926 0.0000 0.0000 0.0000 0.1200 1
-1.4996 2.0005 2.5919 0.0000 0.0000 0.0000 0.1200 1
-1.6591 1.9991 2.4933 0.0000 0.0000 0.0000 0.1200 1
-1.8193 2.0008 2.3766 0.0000 0.0000 0.0000 0.1200 1
-1.9566 1.9999 2.2660 0.0000 0.0000 0.0000 0.1200 1
-2.1009 1.9996 2.1289 0.0000 0.0000 0.0000 0.1200 1
-2.2503 2.0013 1.9739 0.0000 0.0000 0.0000 0.1200 1
-2.3727 1.9999 1.8185 0.0000 0.0000 0.0000 0.1200 1
-2.4825 1.9985 1.6666 0.0000 0.0000 0.0000 0.1200 1
-2.5834 1.9996 1.5021 0.0000 0.0000 0.0000 0.1200 1
-2.6776 2.0002 1.3285 0.0000 0.0000 0.0000 0.1200 1
-2.7625 2.0013 1.1540 0.0000 0.0000 0.0000 0.1200 1
-2.8287 2.0000 0.9631 0.0000 0.0000 0.0000 0.1200 1
-2.8899 2.0014 0.7750 0.0000 0.0000 0.0000 0.1200 1
-2.9266 2.0015 0.5997 0.0000 0.0000 0.0000 0.1200 1
-2.9641 2.0010 0.3934 0.0000 0.0000 0.0000 0.1200 1
-2.9809 2.0007 0.2018 0.0000 0.0000 0.0000 0.1200 1
-2.9859 2.0000 -0.0065 0.0000 0.0000 0.0000 0.1200 1
-2.9810 1.9999 -0.1961 0.0000 0.0000 0.0000 0.1200 1
-2.9618 2.0002 -0.3975 0.0000 0.0000 0.0000 0.1200 1
-2.9329 2.0001 -0.5729 0.0000 0.0000 0.0000 0.1200 1
-2.8904 2.0015 -0.7610 0.0000 0.0000 0.0000 0.1200 1
-2.8304 2.0011 -0.9528 0.0000 0.0000 0.0000 0.1200 1
-2.7620 1.9981 -1.1522 0.0000 0.0000 0.0000 0.1200 1
-2.6692 1.9988 -1.3393 0.0000 0.0000 0.0000 0.1200 1
-2.5912 1.9996 -1.4879 0.0000 0.0000 0.0000 0.1200 1
-2.4797 2.0011 -1.6677 0.0000 0.0000 0.0000 0.1200 1
-2.3543 2.0007 -1.8422 0.0000 0.0000 0.0000 0.1200 1
-2.2414 1.9994 -1.9773 0.0000 0.0000 0.0000 0.1200 1
-2.1077 1.9998 -2.1229 0.0000 0.0000 0.0000 0.1200 1
-1.9577 1.9998 -2.2608 0.0000 0.0000 0.0000 0.1200 1
-1.8128 2.0013 -2.3799 0.0000 0.0000 0.0000 0.1200 1
-1.6623 1.9985 -2.4900 0.0000 0.0000 0.0000 0.1200 1
-1.4876 1.9992 -2.5979 0.0000 0.0000 0.0000 0.1200 1
-1.3181 1.9999 -2.6873 0.0000 0.0000 0.0000 0.1200 1
-1.1475 1.9995 -2.7668 0.0000 0.0000 0.0000 0.1200 1
-0.9545 2.0001 -2.8393 0.0000 0.0000 0.0000 0.1200 1
-0.7526 2.0018 -2.9014 0.0000 0.0000 0.0000 0.1200 1
-0.5714 2.0007 -2.9418 0.0000 0.0000 0.0000 0.1200 1
-0.3705 1.9981 -2.9741 0.0000 0.0000 0.0000 0.1200 1
-0.1682 1.9988 -2.9980 0.0000 0.0000 0.0000 0.1200 1
0.0175 2.0022 -2.9983 0.0000 0.0000 0.0000 0.1200 1
0.2173 2.0003 -2.9935 0.0000 0.0000 0.0000 0.1200 1
0.4009 2.0000 -2.9732 0.0000 0.0000 0.0000 0.1200 1
0.6001 2.0006 -2.9377 0.0000 0.0000 0.0000 0.1200 1
0.8003 2.0015 -2.8939 0.0000 0.0000 0.0000 0.1200 1
0.9789 1.9993 -2.8361 0.0000 0.0000 0.0000 0.1200 1
1.1730 2.0003 -2.7638 0.0000 0.0000 0.0000 0.1200 1
1.3218 2.0014 -2.6963 0.0000 0.0000 0.0000 0.1200 1
1.5027 2.0004 -2.5982 0.0000 0.0000 0.0000 0.1200 1
1.6812 1.9991 -2.4860 0.0000 0.0000 0.0000 0.1200 1
1.8450 2.0010 -2.3698 0.0000 0.0000 0.0000 0.1200 1
2.0086 1.9992 -2.2351 0.0000 0.0000 0.0000 0.1200 1
2.1440 1.9999 -2.1092 0.0000 0.0000 0.0000 0.1200 1
2.2649 1.9997 -1.9754 0.0000 0.0000 0.0000 0.1200 1
2.4099 2.0009 -1.7984 0.0000 0.0000 0.0000 0.1200 1
2.5076 2.0000 -1.6668 0.0000 0.0000 0.0000 0.1200 1
2.6058 1.9994 -1.4990 0.0000 0.0000 0.0000 0.1200 1
2.7024 1.9995 -1.3266 0.0000 0.0000 0.0000 0.1200 1
2.7833 2.0009 -1.1574 0.0000 0.0000 0.0000 0.1200 1
2.8562 1.9992 -0.9593 0.0000 0.0000 0.0000 0.1200 1
2.9090 2.0011 -0.7758 0.0000 0.0000 0.0000 0.1200 1
2.9465 2.0018 -0.6117 0.0000 0.0000 0.0000 0.1200 1
2.9851 2.0004 -0.3862 0.0000 0.0000 0.0000 0.1200 1
3.0070 1.9990 -0.1931 0.0000 0.0000 0.0000 0.1200 1
3.0153 2.5000 -0.0010 0.0000 0.0000 0.0000 0.1200 1
3.0054 2.4974 0.1929 0.0000 0.0000 0.0000 0.1200 1
2.9924 2.5011 0.3883 0.0000 0.0000 0.0000 0.1200 1
2.9558 2.5004 0.5908 0.0000 0.0000 0.0000 0.1200 1
2.9217 2.4985 0.7651 0.0000 0.0000 0.0000 0.1200 1
2.8574 2.5000 0.9695 0.0000 0.0000 0.0000 0.1200 1
2.7920 2.4991 1.1323 0.0000 0.0000 0.0000 0.1200 1
2.7026 2.4994 1.3320 0.0000 0.0000 0.0000 0.1200 1
2.6159 2.4995 1.5030 0.0000 0.0000 0.0000 0.1200 1
2.5127 2.5004 1.6592 0.0000 0.0000 0.0000 0.1200 1
2.3878 2.5002 1.8392 0.0000 0.0000 0.0000 0.1200 1
2.2800 2.5014 1.9713 0.0000 0.0000 0.0000 0.1200 1
2.1333 2.4994 2.1230 0.0000 0.0000 0.0000 0.1200 1
2.0000 2.4990 2.2526 0.0000 0.0000 0.0000 0.1200 1
1.8331 2.4997 2.3889 0.0000 0.0000 0.0000 0.1200 1
1.6894 2.4984 2.4932 0.0000 0.0000 0.0000 0.1200 1
1.5008 2.4998 2.6090 0.0000 0.0000 0.0000 0.1200 1
1.3415 2.5002 2.6917 0.0000 0.0000 0.0000 0.1200 1
1.1664 2.4997 2.7719 0.0000 0.0000 0.0000 0.1200 1
0.9889 2.4991 2.8381 0.0000 0.0000 0.0000 0.1200 1
0.7854 2.5000 2.9030 0.0000 0.0000 0.0000 0.1200 1
0.5780 2.4980 2.9461 0.0000 0.0000 0.0000 0.1200 1
0.3977 2.5000 2.9724 0.0000 0.0000 0.0000 0.1200 1
0.2125 2.4994 2.9972 0.0000 0.0000 0.0000 0.1200 1
0.0172 2.4999 2.9981 0.0000 0.0000 0.0000 0.1200 1
-0.1921 2.5002 2.9938 0.0000 0.0000 0.0000 0.1200 1
-0.3752 2.4987 2.9780 0.0000 0.0000 0.0000 0.1200 1
-0.5754 2.5003 2.9420 0.0000 0.0000 0.0000 0.1200 1
-0.7591 2.5017 2.9026 0.0000 0.0000 0.0000 0.1200 1
-0.9552 2.4997 2.8439 0.0000 0.0000 0.0000 0.1200 1
-1.1307 2.4986 2.7742 0.0000 0.0000 0.0000 0.1200 1
-1.3157 2.4990 2.6922 0.0000 0.0000 0.0000 0.1200 1
-1.4822 2.5006 2.6033 0.0000 0.0000 0.0000 0.1200 1
-1.6426 2.4982 2.5038 0.0000 0.0000 0.0000 0.1200 1
-1.8065 2.5008 2.3893 0.0000 0.0000 0.0000 0.1200 1
-1.9617 2.5006 2.2597 0.0000 0.0000 0.0000 0.1200 1
-2.1037 2.4997 2.1232 0.0000 0.0000 0.0000 0.1200 1
-2.2488 2.4999 1.9684 0.0000 0.0000 0.0000 0.1200 1
-2.3539 2.5001 1.8429 0.0000 0.0000 0.0000 0.1200 1
-2.4924 2.4986 1.6517 0.0000 0.0000 0.0000 0.1200 1
-2.5905 2.5005 1.4877 0.0000 0.0000 0.0000 0.1200 1
-2.6782 2.5006 1.3269 0.0000 0.0000 0.0000 0.1200 1
-2.7564 2.4995 1.1550 0.0000 0.0000 0.0000 0.1200 1
-2.8268 2.4990 0.9664 0.0000 0.0000 0.0000 0.1200 1
-2.8877 2.4999 0.7712 0.0000 0.0000 0.0000 0.1200 1
-2.9249 2.5007 0.5865 0.0000 0.0000 0.0000 0.1200 1
-2.9602 2.5000 0.3702 0.0000 0.0000 0.0000 0.1200 1
-2.9809 2.4993 0.1822 0.0000 0.0000 0.0000 0.1200 1
-2.9811 2.5002 0.0184 0.0000 0.0000 0.0000 0.1200 1
-2.9798 2.4997 -0.1897 0.0000 0.0000 0.0000 0.1200 1
-2.9608 2.5018 -0.3782 0.0000 0.0000 0.0000 0.1200 1
-2.9289 2.5011 -0.5882 0.0000 0.0000 0.0000 0.1200 1
-2.8820 2.4982 -0.7844 0.0000 0.0000 0.0000 0.1200 1
-2.8257 2.5018 -0.9606 0.0000 0.0000 0.0000 0.1200 1
-2.7550 2.5008 -1.1422 0.0000 0.0000 0.0000 0.1200 1
-2.6709 2.5006 -1.3312 0.0000 0.0000 0.0000 0.1200 1
-2.5860 2.5004 -1.4912 0.0000 0.0000 0.0000 0.1200 1
-2.4853 2.4992 -1.6520 0.0000 0.0000 0.0000 0.1200 1
-2.3740 2.4999 -1.8148 0.0000 0.0000 0.0000 0.1200 1
-2.2437 2.4987 -1.9696 0.0000 0.0000 0.0000 0.1200 1
-2.1085 2.5030 -2.1192 0.0000 0.0000 0.0000 0.1200 1
-1.9666 2.5007 -2.2506 0.0000 0.0000 0.0000 0.1200 1
-1.8011 2.5001 -2.3842 0.0000 0.0000 0.0000 0.1200 1
-1.6417 2.4997 -2.4959 0.0000 0.0000 0.0000 0.1200 1
-1.4717 2.4978 -2.6077 0.0000 0.0000 0.0000 0.1200 1
-1.3269 2.4983 -2.6833 0.0000 0.0000 0.0000 0.1200 1
-1.1341 2.4999 -2.7640 0.0000 0.0000 0.0000 0.1200 1
-0.9604 2.4998 -2.8355 0.0000 0.0000 0.0000 0.1200 1
-0.7666 2.4992 -2.8954 0.0000 0.0000 0.0000 0.1200 1
-0.5750 2.4997 -2.9367 0.0000 0.0000 0.0000 0.1200 1
-0.3765 2.5004 -2.9708 0.0000 0.0000 0.0000 0.1200 1
-0.1656 2.5006 -2.9924 0.0000 0.0000 0.0000 0.1200 1
0.0278 2.5007 -2.9995 0.0000 0.0000 0.0000 0.1200 1
0.2131 2.5001 -2.9923 0.0000 0.0000 0.0000 0.1200 1
0.4123 2.5004 -2.9716 0.0000 0.0000 0.0000 0.1200 1
0.5957 2.5001 -2.9432 0.0000 0.0000 0.0000 0.1200 1
0.8075 2.4999 -2.8946 0.0000 0.0000 0.0000 0.1200 1
0.9952 2.4995 -2.8350 0.0000 0.0000 0.0000 0.1200 1
1.1751 2.4995 -2.7637 0.0000 0.0000 0.0000 0.1200 1
1.3304 2.5009 -2.6928 0.0000 0.0000 0.0000 0.1200 1
1.5129 2.4999 -2.5935 0.0000 0.0000 0.0000 0.1200 1
1.6724 2.5023 -2.4979 0.0000 0.0000 0.0000 0.1200 1
1.8465 2.4992 -2.3718 0.0000 0.0000 0.0000 0.1200 1
1.9885 2.5004 -2.2543 0.0000 0.0000 0.0000 0.1200 1
2.1380 2.4989 -2.1168 0.0000 0.0000 0.0000 0.1200 1
2.2558 2.4996 -1.9879 0.0000 0.0000 0.0000 0.1200 1
2.4042 2.4990 -1.8084 0.0000 0.0000 0.0000 0.1200 1
2.5099 2.5014 -1.6587 0.0000 0.0000 0.0000 0.1200 1
2.6138 2.5000 -1.4938 0.0000 0.0000 0.0000 0.1200 1
2.7045 2.5001 -1.3295 0.0000 0.0000 0.0000 0.1200 1
2.7934 2.4985 -1.1302 0.0000 0.0000 0.0000 0.1200 1
2.8517 2.4997 -0.9673 0.0000 0.0000 0.0000 0.1200 1
2.9085 2.5014 -0.7890 0.0000 0.0000 0.0000 0.1200 1
2.9611 2.4991 -0.5772 0.0000 0.0000 0.0000 0.1200 1
2.9860 2.5025 -0.3933 0.0000 0.0000 0.0000 0.1200 1
3.0086 2.4995 -0.2002 0.0000 0.0000 0.0000 0.1200 1
3.0139 2.9997 0.0097 0.0000 0.0000 0.0000 0.1200 1
3.0099 2.9994 0.2034 0.0000 0.0000 0.0000 0.1200 1
2.9874 3.0024 0.3924 0.0000 0.0000 0.0000 0.1200 1
2.9623 3.0005 0.5923 0.0000 0.0000 0.0000 0.1200 1
2.9206 3.0004 0.7681 0.0000 0.0000 0.0000 0.1200 1
2.8574 3.0015 0.9727 0.0000 0.0000 0.0000 0.1200 1
2.7925 3.0001 1.1454 0.0000 0.0000 0.0000 0.1200 1
2.7073 3.0001 1.3327 0.0000 0.0000 0.0000 0.1200 1
2.6175 2.9997 1.5060 0.0000 0.0000 0.0000 0.1200 1
2.5146 3.0014 1.6593 0.0000 0.0000 0.0000 0.1200 1
2.3977 2.9997 1.8260 0.0000 0.0000 0.0000 0.1200 1
2.2815 2.9978 1.9754 0.0000 0.0000 0.0000 0.1200 1
2.1289 3.0010 2.1363 0.0000 0.0000 0.0000 0.1200 1
2.0004 3.0000 2.2549 0.0000 0.0000 0.0000 0.1200 1
1.8442 2.9996 2.3816 0.0000 0.0000 0.0000 0.1200 1
1.6800 2.9984 2.4996 0.0000 0.0000 0.0000 0.1200 1
1.5119 3.0015 2.6057 0.0000 0.0000 0.0000 0.1200 1
1.3365 2.9995 2.6965 0.0000 0.0000 0.0000 0.1200 1
1.1642 2.9996 2.7729 0.0000 0.0000 0.0000 0.1200 1
0.9552 2.9987 2.8527 0.0000 0.0000 0.0000 0.1200 1
0.7922 2.9993 2.9008 0.0000 0.0000 0.0000 0.1200 1
0.6022 2.9998 2.9472 0.0000 0.0000 0.0000 0.1200 1
0.4081 2.9995 2.9792 0.0000 0.0000 0.0000 0.1200 1
0.2190 2.9996 2.9935 0.0000 0.0000 0.0000 0.1200 1
0.0036 3.0000 3.0057 0.0000 0.0000 0.0000 0.1200 1
-0.1864 2.9991 2.9958 0.0000 0.0000 0.0000 0.1200 1
-0.3734 2.9999 2.9807 0.0000 0.0000 0.0000 0.1200 1
-0.5669 3.0006 2.9457 0.0000 0.0000 0.0000 0.1200 1
-0.7536 3.0002 2.9034 0.0000 0.0000 0.0000 0.1200 1
-0.9417 2.9997 2.8448 0.0000 0.0000 0.0000 0.1200 1
-1.1378 3.0000 2.7720 0.0000 0.0000 0.0000 0.1200 1
-1.2889 2.9992 2.7004 0.0000 0.0000 0.0000 0.1200 1
-1.4643 3.0023 2.6151 0.0000 0.0000 0.0000 0.1200 1
-1.6539 2.9994 2.4944 0.0000 0.0000 0.0000 0.1200 1
-1.8181 3.0020 2.3703 0.0000 0.0000 0.0000 0.1200 1
-1.9478 3.0000 2.2674 0.0000 0.0000 0.0000 0.1200 1
-2.1112 3.0003 2.1204 0.0000 0.0000 0.0000 0.1200 1
-2.2363 2.9992 1.9851 0.0000 0.0000 0.0000 0.1200 1
-2.3561 2.9992 1.8373 0.0000 0.0000 0.0000 0.1200 1
-2.4882 2.9999 1.6543 0.0000 0.0000 0.0000 0.1200 1
-2.5844 2.9995 1.4971 0.0000 0.0000 0.0000 0.1200 1
-2.6803 3.0021 1.3222 0.0000 0.0000 0.0000 0.1200 1
-2.7586 2.9994 1.1371 0.0000 0.0000 0.0000 0.1200 1
-2.8207 2.9997 0.9677 0.0000 0.0000 0.0000 0.1200 1
-2.8802 3.0001 0.7844 0.0000 0.0000 0.0000 0.1200 1
-2.9216 2.9985 0.6007 0.0000 0.0000 0.0000 0.1200 1
-2.9518 3.0017 0.4053 0.0000 0.0000 0.0000 0.1200 1
-2.9770 2.9997 0.2103 0.0000 0.0000 0.0000 0.1200 1
-2.9821 2.9993 -0.0071 0.0000 0.0000 0.0000 0.1200 1
-2.9762 3.0012 -0.1873 0.0000 0.0000 0.0000 0.1200 1
-2.9570 3.0008 -0.3942 0.0000 0.0000 0.0000 0.1200 1
-2.9264 3.0006 -0.5837 0.0000 0.0000 0.0000 0.1200 1
-2.8771 3.0015 -0.7925 0.0000 0.0000 0.0000 0.1200 1
-2.8218 2.9991 -0.9623 0.0000 0.0000 0.0000 0.1200 1
-2.7486 3.0009 -1.1591 0.0000 0.0000 0.0000 0.1200 1
-2.6742 3.0008 -1.3256 0.0000 0.0000 0.0000 0.1200 1
-2.5770 3.0000 -1.4999 0.0000 0.0000 0.0000 0.1200 1
-2.4770 3.0001 -1.6632 0.0000 0.0000 0.0000 0.1200 1
-2.3638 3.0001 -1.8204 0.0000 0.0000 0.0000 0.1200 1
-2.2357 2.9998 -1.9794 0.0000 0.0000 0.0000 0.1200 1
-2.1079 2.9983 -2.1137 0.0000 0.0000 0.0000 0.1200 1
-1.9552 2.9989 -2.2573 0.0000 0.0000 0.0000 0.1200 1
-1.8019 3.0026 -2.3839 0.0000 0.0000 0.0000 0.1200 1
-1.6345 2.9979 -2.5000 0.0000 0.0000 0.0000 0.1200 1
-1.4851 2.9987 -2.5920 0.0000 0.0000 0.0000 0.1200 1
-1.2989 2.9985 -2.6960 0.0000 0.0000 0.0000 0.1200 1
-1.1195 2.9986 -2.7765 0.0000 0.0000 0.0000 0.1200 1
-0.9309 2.9997 -2.8402 0.0000 0.0000 0.0000 0.1200 1
-0.7484 2.9989 -2.8958 0.0000 0.0000 0.0000 0.1200 1
-0.5622 3.0014 -2.9385 0.0000 0.0000 0.0000 0.1200 1
-0.3714 2.9996 -2.9694 0.0000 0.0000 0.0000 0.1200 1
-0.1801 2.9984 -2.9905 0.0000 0.0000 0.0000 0.1200 1
0.0152 2.9987 -2.9939 0.0000 0.0000 0.0000 0.1200 1
0.2160 2.9991 -2.9886 0.0000 0.0000 0.0000 0.1200 1
0.4102 3.0010 -2.9722 0.0000 0.0000 0.0000 0.1200 1
0.6032 2.9990 -2.9418 0.0000 0.0000 0.0000 0.1200 1
0.8070 3.0007 -2.8895 0.0000 0.0000 0.0000 0.1200 1
0.9912 2.9998 -2.8347 0.0000 0.0000 0.0000 0.1200 1
1.1633 3.0016 -2.7691 0.0000 0.0000 0.0000 0.1200 1
1.3543 3.0001 -2.6802 0.0000 0.0000 0.0000 0.1200 1
1.5272 3.0005 -2.5924 0.0000 0.0000 0.0000 0.1200 1
1.6789 3.0004 -2.4937 0.0000 0.0000 0.0000 0.1200 1
1.8549 3.0010 -2.3690 0.0000 0.0000 0.0000 0.1200 1
2.0044 2.9992 -2.2474 0.0000 0.0000 0.0000 0.1200 1
2.1345 2.9988 -2.1196 0.0000 0.0000 0.0000 0.1200 1
2.2921 3.0003 -1.9540 0.0000 0.0000 0.0000 0.1200 1
2.3956 3.0000 -1.8263 0.0000 0.0000 0.0000 0.1200 1
2.5191 3.0003 -1.6573 0.0000 0.0000 0.0000 0.1200 1
2.6138 2.9998 -1.5006 0.0000 0.0000 0.0000 0.1200 1
2.7072 2.9962 -1.3280 0.0000 0.0000 0.0000 0.1200 1
2.7932 2.9998 -1.1317 0.0000 0.0000 0.0000 0.1200 1
2.8648 3.0002 -0.9383 0.0000 0.0000 0.0000 0.1200 1
2.9090 3.0001 -0.7784 0.0000 0.0000 0.0000 0.1200 1
2.9592 3.0007 -0.5917 0.0000 0.0000 0.0000 0.1200 1
2.9925 2.9985 -0.3688 0.0000 0.0000 0.0000 0.1200 1
3.0094 2.9976 -0.1918 0.0000 0.0000 0.0000 0.1200 1
3.0194 3.5008 -0.0025 0.0000 0.0000 0.0000 0.1200 1
3.0160 3.5006 0.1964 0.0000 0.0000 0.0000 0.1200 1
2.9955 3.5015 0.4012 0.0000 0.0000 0.0000 0.1200 1
2.9577 3.4988 0.5954 0.0000 0.0000 0.0000 0.1200 1
2.9163 3.5008 0.7939 0.0000 0.0000 0.0000 0.1200 1
2.8601 3.4983 0.9745 0.0000 0.0000 0.0000 0.1200 1
2.7976 3.5004 1.1431 0.0000 0.0000 0.0000 0.1200 1
2.7143 3.4990 1.3256 0.0000 0.0000 0.0000 0.1200 1
2.6209 3.4998 1.5020 0.0000 0.0000 0.0000 0.1200 1
2.5118 3.5007 1.6798 0.0000 0.0000 0.0000 0.1200 1
2.4047 3.4995 1.8249 0.0000 0.0000 0.0000 0.1200 1
2.2861 3.4975 1.9673 0.0000 0.0000 0.0000 0.1200 1
2.1340 3.5014 2.1276 0.0000 0.0000 0.0000 0.1200 1
1.9893 3.5009 2.2689 0.0000 0.0000 0.0000 0.1200 1
1.8455 3.4996 2.3832 0.0000 0.0000 0.0000 0.1200 1
1.6786 3.4999 2.5024 0.0000 0.0000 0.0000 0.1200 1
1.5093 3.5006 2.6099 0.0000 0.0000 0.0000 0.1200 1
1.3545 3.4982 2.6914 0.0000 0.0000 0.0000 0.1200 1
1.1634 3.4993 2.7790 0.0000 0.0000 0.0000 0.1200 1
0.9789 3.5012 2.8444 0.0000 0.0000 0.0000 0.1200 1
0.7952 3.5006 2.9039 0.0000 0.0000 0.0000 0.1200 1
0.6001 3.5005 2.9472 0.0000 0.0000 0.0000 0.1200 1
0.4192 3.4987 2.9740 0.0000 0.0000 0.0000 0.1200 1
0.2268 3.4999 2.9971 0.0000 0.0000 0.0000 0.1200 1
0.0120 3.4987 3.0013 0.0000 0.0000 0.0000 0.1200 1
-0.1637 3.4993 2.9972 0.0000 0.0000 0.0000 0.1200 1
-0.3695 3.5008 2.9744 0.0000 0.0000 0.0000 0.1200 1
-0.5751 3.5002 2.9458 0.0000 0.0000 0.0000 0.1200 1
-0.7433 3.4988 2.9065 0.0000 0.0000 0.0000 0.1200 1
-0.9346 3.5016 2.8502 0.0000 0.0000 0.0000 0.1200 1
-1.1351 3.5019 2.7729 0.0000 0.0000 0.0000 0.1200 1
-1.2925 3.5004 2.7043 0.0000 0.0000 0.0000 0.1200 1
-1.4867 3.4985 2.5969 0.0000 0.0000 0.0000 0.1200 1
-1.6311 3.5000 2.5054 0.0000 0.0000 0.0000 0.1200 1
-1.8056 3.4995 2.3844 0.0000 0.0000 0.0000 0.1200 1
-1.9394 3.5000 2.2726 0.0000 0.0000 0.0000 0.1200 1
-2.0906 3.5014 2.1304 0.0000 0.0000 0.0000 0.1200 1
-2.2395 3.4996 1.9743 0.0000 0.0000 0.0000 0.1200 1
-2.3528 3.5001 1.8366 0.0000 0.0000 0.0000 0.1200 1
-2.4687 3.5007 1.6737 0.0000 0.0000 0.0000 0.1200 1
-2.5769 3.4990 1.4996 0.0000 0.0000 0.0000 0.1200 1
-2.6760 3.4983 1.3295 0.0000 0.0000 0.0000 0.1200 1
-2.7544 3.5006 1.1440 0.0000 0.0000 0.0000 0.1200 1
-2.8195 3.5004 0.9749 0.0000 0.0000 0.0000 0.1200 1
-2.8740 3.5004 0.7806 0.0000 0.0000 0.0000 0.1200 1
-2.9146 3.4989 0.6105 0.0000 0.0000 0.0000 0.1200 1
-2.9498 3.4993 0.4104 0.0000 0.0000 0.0000 0.1200 1
-2.9702 3.5025 0.1902 0.0000 0.0000 0.0000 0.1200 1
-2.9798 3.5014 -0.0084 0.0000 0.0000 0.0000 0.1200 1
-2.9745 3.5024 -0.1833 0.0000 0.0000 0.0000 0.1200 1
-2.9571 3.4999 -0.3738 0.0000 0.0000 0.0000 0.1200 1
-2.9282 3.4993 -0.5694 0.0000 0.0000 0.0000 0.1200 1
-2.8754 3.5000 -0.7644 0.0000 0.0000 0.0000 0.1200 1
-2.8212 3.5005 -0.9534 0.0000 0.0000 0.0000 0.1200 1
-2.7475 3.4992 -1.1556 0.0000 0.0000 0.0000 0.1200 1
-2.6629 3.4995 -1.3298 0.0000 0.0000 0.0000 0.1200 1
-2.5713 3.4999 -1.5091 0.0000 0.0000 0.0000 0.1200 1
-2.4593 3.5015 -1.6834 0.0000 0.0000 0.0000 0.1200 1
-2.3593 3.5009 -1.8217 0.0000 0.0000 0.0000 0.1200 1
-2.2299 3.5016 -1.9778 0.0000 0.0000 0.0000 0.1200 1
-2.1076 3.5010 -2.1096 0.0000 0.0000 0.0000 0.1200 1
-1.9595 3.5010 -2.2435 0.0000 0.0000 0.0000 0.1200 1
-1.8147 3.4987 -2.3693 0.0000 0.0000 0.0000 0.1200 1
-1.6473 3.5010 -2.4898 0.0000 0.0000 0.0000 0.1200 1
-1.4672 3.5010 -2.5989 0.0000 0.0000 0.0000 0.1200 1
-1.3143 3.4984 -2.6868 0.0000 0.0000 0.0000 0.1200 1
-1.1159 3.5001 -2.7709 0.0000 0.0000 0.0000 0.1200 1
-0.9549 3.5002 -2.8358 0.0000 0.0000 0.0000 0.1200 1
-0.7500 3.5010 -2.8966 0.0000 0.0000 0.0000 0.1200 1
-0.5657 3.4996 -2.9392 0.0000 0.0000 0.0000 0.1200 1
-0.3862 3.5017 -2.9690 0.0000 0.0000 0.0000 0.1200 1
-0.1799 3.5001 -2.9884 0.0000 0.0000 0.0000 0.1200 1
0.0136 3.4970 -2.9995 0.0000 0.0000 0.0000 0.1200 1
0.2193 3.4990 -2.9887 0.0000 0.0000 0.0000 0.1200 1
0.4063 3.5008 -2.9724 0.0000 0.0000 0.0000 0.1200 1
0.6084 3.4985 -2.9380 0.0000 0.0000 0.0000 0.1200 1
0.8003 3.4993 -2.8915 0.0000 0.0000 0.0000 0.1200 1
0.9595 3.5023 -2.8463 0.0000 0.0000 0.0000 0.1200 1
1.1639 3.5001 -2.7669 0.0000 0.0000 0.0000 0.1200 1
1.3332 3.5008 -2.6924 0.0000 0.0000 0.0000 0.1200 1
1.5262 3.5005 -2.5921 0.0000 0.0000 0.0000 0.1200 1
1.6840 3.4995 -2.4932 0.0000 0.0000 0.0000 0.1200 1
1.8515 3.5011 -2.3753 0.0000 0.0000 0.0000 0.1200 1
1.9955 3.5009 -2.2523 0.0000 0.0000 0.0000 0.1200 1
2.1457 3.5007 -2.1187 0.0000 0.0000 0.0000 0.1200 1
2.2730 3.4989 -1.9762 0.0000 0.0000 0.0000 0.1200 1
2.3999 3.4998 -1.8283 0.0000 0.0000 0.0000 0.1200 1
2.5073 3.4986 -1.6734 0.0000 0.0000 0.0000 0.1200 1
2.6183 3.4995 -1.4956 0.0000 0.0000 0.0000 0.1200 1
2.7139 3.4997 -1.3308 0.0000 0.0000 0.0000 0.1200 1
2.8003 3.5011 -1.1344 0.0000 0.0000 0.0000 0.1200 1
2.8567 3.4997 -0.9778 0.0000 0.0000 0.0000 0.1200 1
2.9232 3.4995 -0.7747 0.0000 0.0000 0.0000 0.1200 1
2.9643 3.4998 -0.5679 0.0000 0.0000 0.0000 0.1200 1
2.9970 3.4999 -0.3846 0.0000 0.0000 0.0000 0.1200 1
3.0123 3.4991 -0.1779 0.0000 0.0000 0.0000 0.1200 1
3.0224 3.9986 0.0162 0.0000 0.0000 0.0000 0.1200 1
3.0204 3.9995 0.1968 0.0000 0.0000 0.0000 0.1200 1
2.9953 4.0012 0.4089 0.0000 0.0000 0.0000 0.1200 1
2.9660 4.0003 0.5874 0.0000 0.0000 0.0000 0.1200 1
2.9253 3.9998 0.7716 0.0000 0.0000 0.0000 0.1200 1
2.8677 4.0007 0.9674 0.0000 0.0000 0.0000 0.1200 1
2.8017 4.0010 1.1444 0.0000 0.0000 0.0000 0.1200 1
2.7111 3.9989 1.3412 0.0000 0.0000 0.0000 0.1200 1
2.6125 4.0004 1.5176 0.0000 0.0000 0.0000 0.1200 1
2.5182 4.0012 1.6714 0.0000 0.0000 0.0000 0.1200 1
2.4051 4.0014 1.8337 0.0000 0.0000 0.0000 0.1200 1
2.2842 4.0014 1.9802 0.0000 0.0000 0.0000 0.1200 1
2.1475 3.9991 2.1207 0.0000 0.0000 0.0000 0.1200 1
2.0123 4.0001 2.2546 0.0000 0.0000 0.0000 0.1200 1
1.8384 4.0020 2.3924 0.0000 0.0000 0.0000 0.1200 1
1.6761 4.0007 2.5040 0.0000 0.0000 0.0000 0.1200 1
1.5264 3.9978 2.5983 0.0000 0.0000 0.0000 0.1200 1
1.3598 3.9996 2.6890 0.0000 0.0000 0.0000 0.1200 1
1.1750 3.9996 2.7735 0.0000 0.0000 0.0000 0.1200 1
0.9820 4.0006 2.8521 0.0000 0.0000 0.0000 0.1200 1
0.7860 4.0001 2.9077 0.0000 0.0000 0.0000 0.1200 1
0.5903 4.0004 2.9477 0.0000 0.0000 0.0000 0.1200 1
0.4036 3.9997 2.9820 0.0000 0.0000 0.0000 0.1200 1
0.2260 3.9991 2.9992 0.0000 0.0000 0.0000 0.1200 1
0.0214 4.0016 3.0026 0.0000 0.0000 0.0000 0.1200 1
-0.1648 4.0013 2.9985 0.0000 0.0000 0.0000 0.1200 1
-0.3594 4.0002 2.9824 0.0000 0.0000 0.0000 0.1200 1
-0.5704 3.9998 2.9450 0.0000 0.0000 0.0000 0.1200 1
-0.7275 3.9995 2.9065 0.0000 0.0000 0.0000 0.1200 1
-0.9534 4.0001 2.8413 0.0000 0.0000 0.0000 0.1200 1
-1.1308 4.0008 2.7759 0.0000 0.0000 0.0000 0.1200 1
-1.3143 4.0018 2.6871 0.0000 0.0000 0.0000 0.1200 1
-1.4757 4.0021 2.5988 0.0000 0.0000 0.0000 0.1200 1
-1.6457 3.9991 2.4996 0.0000 0.0000 0.0000 0.1200 1
-1.7953 4.0020 2.3895 0.0000 0.0000 0.0000 0.1200 1
-1.9641 4.0018 2.2535 0.0000 0.0000 0.0000 0.1200 1
-2.0985 3.9996 2.1245 0.0000 0.0000 0.0000 0.1200 1
-2.2232 4.0005 1.9883 0.0000 0.0000 0.0000 0.1200 1
-2.3579 4.0002 1.8285 0.0000 0.0000 0.0000 0.1200 1
-2.4687 4.0003 1.6746 0.0000 0.0000 0.0000 0.1200 1
-2.5704 4.0003 1.5088 0.0000 0.0000 0.0000 0.1200 1
-2.6692 4.0004 1.3342 0.0000 0.0000 0.0000 0.1200 1
-2.7469 4.0004 1.1618 0.0000 0.0000 0.0000 0.1200 1
-2.8190 3.9984 0.9599 0.0000 0.0000 0.0000 0.1200 1
-2.8703 3.9996 0.8066 0.0000 0.0000 0.0000 0.1200 1
-2.9171 4.0008 0.5945 0.0000 0.0000 0.0000 0.1200 1
-2.9502 3.9994 0.3969 0.0000 0.0000 0.0000 0.1200 1
-2.9705 4.0013 0.1921 0.0000 0.0000 0.0000 0.1200 1
-2.9772 4.0008 0.0200 0.0000 0.0000 0.0000 0.1200 1
-2.9686 4.0003 -0.1868 0.0000 0.0000 0.0000 0.1200 1
-2.9493 3.9984 -0.3870 0.0000 0.0000 0.0000 0.1200 1
-2.9211 3.9997 -0.5713 0.0000 0.0000 0.0000 0.1200 1
-2.8779 3.9993 -0.7710 0.0000 0.0000 0.0000 0.1200 1
-2.8219 3.9985 -0.9572 0.0000 0.0000 0.0000 0.1200 1
-2.7497 4.0012 -1.1456 0.0000 0.0000 0.0000 0.1200 1
-2.6700 3.9997 -1.3151 0.0000 0.0000 0.0000 0.1200 1
-2.5826 3.9995 -1.4855 0.0000 0.0000 0.0000 0.1200 1
-2.4601 3.9981 -1.6765 0.0000 0.0000 0.0000 0.1200 1
-2.3534 4.0009 -1.8251 0.0000 0.0000 0.0000 0.1200 1
-2.2313 4.0005 -1.9687 0.0000 0.0000 0.0000 0.1200 1
-2.0946 4.0006 -2.1236 0.0000 0.0000 0.0000 0.1200 1
-1.9569 4.0012 -2.2546 0.0000 0.0000 0.0000 0.1200 1
-1.8220 3.9994 -2.3618 0.0000 0.0000 0.0000 0.1200 1
-1.6428 4.0006 -2.4872 0.0000 0.0000 0.0000 0.1200 1
-1.4690 3.9994 -2.6011 0.0000 0.0000 0.0000 0.1200 1
-1.2993 3.9996 -2.6927 0.0000 0.0000 0.0000 0.1200 1
-1.1242 4.0001 -2.7644 0.0000 0.0000 0.0000 0.1200 1
-0.9388 3.9993 -2.8368 0.0000 0.0000 0.0000 0.1200 1
-0.7526 4.0017 -2.8933 0.0000 0.0000 0.0000 0.1200 1
-0.5788 4.0002 -2.9324 0.0000 0.0000 0.0000 0.1200 1
-0.3625 3.9981 -2.9727 0.0000 0.0000 0.0000 0.1200 1
-0.1795 4.0003 -2.9884 0.0000 0.0000 0.0000 0.1200 1
0.0097 4.0004 -2.9994 0.0000 0.0000 0.0000 0.1200 1
0.2135 4.0001 -2.9883 0.0000 0.0000 0.0000 0.1200 1
0.4149 4.0000 -2.9667 0.0000 0.0000 0.0000 0.1200 1
0.5966 4.0007 -2.9383 0.0000 0.0000 0.0000 0.1200 1
0.8042 4.0000 -2.8915 0.0000 0.0000 0.0000 0.1200 1
0.9706 4.0001 -2.8454 0.0000 0.0000 0.0000 0.1200 1
1.1665 3.9998 -2.7714 0.0000 0.0000 0.0000 0.1200 1
1.3543 4.0001 -2.6866 0.0000 0.0000 0.0000 0.1200 1
1.5284 3.9979 -2.5904 0.0000 0.0000 0.0000 0.1200 1
1.6855 3.9989 -2.4906 0.0000 0.0000 0.0000 0.1200 1
1.8418 4.0012 -2.3833 0.0000 0.0000 0.0000 0.1200 1
2.0157 3.9983 -2.2417 0.0000 0.0000 0.0000 0.1200 1
2.1409 3.9997 -2.1248 0.0000 0.0000 0.0000 0.1200 1
2.2793 4.0011 -1.9801 0.0000 0.0000 0.0000 0.1200 1
2.4105 3.9995 -1.8136 0.0000 0.0000 0.0000 0.1200 1
2.5102 3.9975 -1.6732 0.0000 0.0000 0.0000 0.1200 1
2.6207 4.0003 -1.4892 0.0000 0.0000 0.0000 0.1200 1
2.7219 3.9999 -1.3112 0.0000 0.0000 0.0000 0.1200 1
2.8020 4.0015 -1.1342 0.0000 0.0000 0.0000 0.1200 1
2.8692 3.9989 -0.9435 0.0000 0.0000 0.0000 0.1200 1
2.9246 4.0000 -0.7614 0.0000 0.0000 0.0000 0.1200 1
2.9641 4.0007 -0.5878 0.0000 0.0000 0.0000 0.1200 1
2.9978 3.9982 -0.3908 0.0000 0.0000 0.0000 0.1200 1
3.0202 3.9992 -0.2121 0.0000 0.0000 0.0000 0.1200 1
3.0263 4.5017 0.0151 0.0000 0.0000 0.0000 0.1200 1
3.0176 4.4979 0.2085 0.0000 0.0000 0.0000 0.1200 1
3.0015 4.4998 0.3996 0.0000 0.0000 0.0000 0.1200 1
2.9709 4.4990 0.5782 0.0000 0.0000 0.0000 0.1200 1
2.9260 4.5005 0.7816 0.0000 0.0000 0.0000 0.1200 1
2.8683 4.5008 0.9696 0.0000 0.0000 0.0000 0.1200 1
2.7966 4.5007 1.1400 0.0000 0.0000 0.0000 0.1200 1
2.7161 4.4992 1.3225 0.0000 0.0000 0.0000 0.1200 1
2.6288 4.4984 1.4953 0.0000 0.0000 0.0000 0.1200 1
2.5113 4.5002 1.6918 0.0000 0.0000 0.0000 0.1200 1
2.4013 4.5006 1.8381 0.0000 0.0000 0.0000 0.1200 1
2.2844 4.5011 1.9818 0.0000 0.0000 0.0000 0.1200 1
2.1467 4.4990 2.1292 0.0000 0.0000 0.0000 0.1200 1
2.0092 4.4986 2.2604 0.0000 0.0000 0.0000 0.1200 1
1.8555 4.5002 2.3805 0.0000 0.0000 0.0000 0.1200 1
1.6898 4.5000 2.5012 0.0000 0.0000 0.0000 0.1200 1
1.5342 4.4987 2.6028 0.0000 0.0000 0.0000 0.1200 1
1.3535 4.5000 2.6951 0.0000 0.0000 0.0000 0.1200 1
1.1671 4.5011 2.7770 0.0000 0.0000 0.0000 0.1200 1
0.9743 4.5014 2.8520 0.0000 0.0000 0.0000 0.1200 1
0.7980 4.4990 2.9033 0.0000 0.0000 0.0000 0.1200 1
0.6042 4.4983 2.9497 0.0000 0.0000 0.0000 0.1200 1
0.4203 4.5015 2.9744 0.0000 0.0000 0.0000 0.1200 1
0.2196 4.4990 2.9950 0.0000 0.0000 0.0000 0.1200 1
0.0233 4.5006 3.0069 0.0000 0.0000 0.0000 0.1200 1
-0.1823 4.4999 2.9957 0.0000 0.0000 0.0000 0.1200 1
-0.3662 4.4993 2.9795 0.0000 0.0000 0.0000 0.1200 1
-0.5563 4.4988 2.9480 0.0000 0.0000 0.0000 0.1200 1
-0.7622 4.5000 2.9029 0.0000 0.0000 0.0000 0.1200 1
-0.9360 4.4985 2.8436 0.0000 0.0000 0.0000 0.1200 1
-1.1185 4.4998 2.7799 0.0000 0.0000 0.0000 0.1200 1
-1.3029 4.4990 2.6928 0.0000 0.0000 0.0000 0.1200 1
-1.4972 4.5010 2.5912 0.0000 0.0000 0.0000 0.1200 1
-1.6383 4.4993 2.5015 0.0000 0.0000 0.0000 0.1200 1
-1.7992 4.5004 2.3811 0.0000 0.0000 0.0000 0.1200 1
-1.9497 4.4993 2.2622 0.0000 0.0000 0.0000 0.1200 1
-2.0923 4.4994 2.1286 0.0000 0.0000 0.0000 0.1200 1
-2.2190 4.4985 1.9945 0.0000 0.0000 0.0000 0.1200 1
-2.3600 4.5018 1.8245 0.0000 0.0000 0.0000 0.1200 1
-2.4659 4.5011 1.6756 0.0000 0.0000 0.0000 0.1200 1
-2.5764 4.5002 1.4959 0.0000 0.0000 0.0000 0.1200 1
-2.6665 4.4992 1.3287 0.0000 0.0000 0.0000 0.1200 1
-2.7445 4.4984 1.1435 0.0000 0.0000 0.0000 0.1200 1
-2.8100 4.4998 0.9820 0.0000 0.0000 0.0000 0.1200 1
-2.8708 4.4964 0.7762 0.0000 0.0000 0.0000 0.1200 1
-2.9175 4.5000 0.5898 0.0000 0.0000 0.0000 0.1200 1
-2.9511 4.5005 0.3942 0.0000 0.0000 0.0000 0.1200 1
-2.9694 4.4990 0.1987 0.0000 0.0000 0.0000 0.1200 1
-2.9765 4.5003 -0.0099 0.0000 0.0000 0.0000 0.1200 1
-2.9709 4.5002 -0.1743 0.0000 0.0000 0.0000 0.1200 1
-2.9471 4.4993 -0.3888 0.0000 0.0000 0.0000 0.1200 1
-2.9087 4.4998 -0.6059 0.0000 0.0000 0.0000 0.1200 1
-2.8732 4.5011 -0.7613 0.0000 0.0000 0.0000 0.1200 1
-2.8103 4.4985 -0.9715 0.0000 0.0000 0.0000 0.1200 1
-2.7454 4.4993 -1.1380 0.0000 0.0000 0.0000 0.1200 1
-2.6688 4.5001 -1.3139 0.0000 0.0000 0.0000 0.1200 1
-2.5753 4.5018 -1.4850 0.0000 0.0000 0.0000 0.1200 1
-2.4689 4.4991 -1.6602 0.0000 0.0000 0.0000 0.1200 1
-2.3549 4.4999 -1.8135 0.0000 0.0000 0.0000 0.1200 1
-2.2241 4.4990 -1.9795 0.0000 0.0000 0.0000 0.1200 1
-2.0926 4.5003 -2.1215 0.0000 0.0000 0.0000 0.1200 1
-1.9548 4.5009 -2.2440 0.0000 0.0000 0.0000 0.1200 1
-1.8101 4.4985 -2.3680 0.0000 0.0000 0.0000 0.1200 1
-1.6522 4.5000 -2.4853 0.0000 0.0000 0.0000 0.1200 1
-1.4615 4.5008 -2.6021 0.0000 0.0000 0.0000 0.1200 1
-1.2953 4.4991 -2.6902 0.0000 0.0000 0.0000 0.1200 1
-1.1144 4.4999 -2.7685 0.0000 0.0000 0.0000 0.1200 1
-0.9331 4.5024 -2.8376 0.0000 0.0000 0.0000 0.1200 1
-0.7709 4.4997 -2.8876 0.0000 0.0000 0.0000 0.1200 1
-0.5637 4.4986 -2.9367 0.0000 0.0000 0.0000 0.1200 1
-0.3592 4.5011 -2.9714 0.0000 0.0000 0.0000 0.1200 1
-0.1724 4.5004 -2.9885 0.0000 0.0000 0.0000 0.1200 1
0.0313 4.5008 -2.9965 0.0000 0.0000 0.0000 0.1200 1
0.2451 4.4994 -2.9854 0.0000 0.0000 0.0000 0.1200 1
0.4113 4.4998 -2.9693 0.0000 0.0000 0.0000 0.1200 1
0.6187 4.4998 -2.9386 0.0000 0.0000 0.0000 0.1200 1
0.7927 4.4999 -2.8963 0.0000 0.0000 0.0000 0.1200 1
0.9911 4.4995 -2.8367 0.0000 0.0000 0.0000 0.1200 1
1.1616 4.4993 -2.7700 0.0000 0.0000 0.0000 0.1200 1
1.3502 4.5009 -2.6884 0.0000 0.0000 0.0000 0.1200 1
1.5122 4.5001 -2.6050 0.0000 0.0000 0.0000 0.1200 1
1.6763 4.5001 -2.5009 0.0000 0.0000 0.0000 0.1200 1
1.8556 4.4994 -2.3705 0.0000 0.0000 0.0000 0.1200 1
2.0073 4.5003 -2.2481 0.0000 0.0000 0.0000 0.1200 1
2.1281 4.5003 -2.1362 0.0000 0.0000 0.0000 0.1200 1
2.2783 4.4994 -1.9730 0.0000 0.0000 0.0000 0.1200 1
2.4032 4.5009 -1.8262 0.0000 0.0000 0.0000 0.1200 1
2.5181 4.4999 -1.6656 0.0000 0.0000 0.0000 0.1200 1
2.6231 4.5007 -1.4905 0.0000 0.0000 0.0000 0.1200 1
2.7104 4.5015 -1.3325 0.0000 0.0000 0.0000 0.1200 1
2.8025 4.4995 -1.1363 0.0000 0.0000 0.0000 0.1200 1
2.8673 4.4995 -0.9579 0.0000 0.0000 0.0000 0.1200 1
2.9295 4.4999 -0.7633 0.0000 0.0000 0.0000 0.1200 1
2.9674 4.4985 -0.5876 0.0000 0.0000 0.0000 0.1200 1
3.0000 4.5020 -0.3904 0.0000 0.0000 0.0000 0.1200 1
3.0211 4.5006 -0.1871 0.0000 0.0000 0.0000 0.1200 1
3.0248 5.0001 0.0019 0.0000 0.0000 0.0000 0.1200 1
3.0231 4.9986 0.2006 0.0000 0.0000 0.0000 0.1200 1
3.0002 5.0003 0.4054 0.0000 0.0000 0.0000 0.1200 1
2.9696 5.0016 0.5936 0.0000 0.0000 0.0000 0.1200 1
2.9256 5.0029 0.7904 0.0000 0.0000 0.0000 0.1200 1
2.8731 4.9994 0.9663 0.0000 0.0000 0.0000 0.1200 1
2.8058 5.0007 1.1430 0.0000 0.0000 0.0000 0.1200 1
2.7236 4.9993 1.3269 0.0000 0.0000 0.0000 0.1200 1
2.6302 4.9987 1.5010 0.0000 0.0000 0.0000 0.1200 1
2.5338 5.0007 1.6595 0.0000 0.0000 0.0000 0.1200 1
2.4105 5.0004 1.8315 0.0000 0.0000 0.0000 0.1200 1
2.2817 4.9984 1.9874 0.0000 0.0000 0.0000 0.1200 1
2.1459 4.9990 2.1317 0.0000 0.0000 0.0000 0.1200 1
2.0103 4.9996 2.2613 0.0000 0.0000 0.0000 0.1200 1
1.8446 4.9979 2.3885 0.0000 0.0000 0.0000 0.1200 1
1.6972 5.0005 2.4953 0.0000 0.0000 0.0000 0.1200 1
1.5259 5.0024 2.6063 0.0000 0.0000 0.0000 0.1200 1
1.3424 4.9990 2.7012 0.0000 0.0000 0.0000 0.1200 1
1.1727 4.9995 2.7811 0.0000 0.0000 0.0000 0.1200 1
0.9950 4.9999 2.8440 0.0000 0.0000 0.0000 0.1200 1
0.8060 5.0001 2.9027 0.0000 0.0000 0.0000 0.1200 1
0.6216 5.0009 2.9404 0.0000 0.0000 0.0000 0.1200 1
0.4224 4.9998 2.9800 0.0000 0.0000 0.0000 0.1200 1
0.2242 5.0002 2.9987 0.0000 0.0000 0.0000 0.1200 1
0.0316 5.0002 3.0058 0.0000 0.0000 0.0000 0.1200 1
-0.1516 5.0008 3.0034 0.0000 0.0000 0.0000 0.1200 1
-0.3570 4.9997 2.9800 0.0000 0.0000 0.0000 0.1200 1
-0.5437 4.9993 2.9461 0.0000 0.0000 0.0000 0.1200 1
-0.7376 4.9982 2.9059 0.0000 0.0000 0.0000 0.1200 1
-0.9338 5.0007 2.8467 0.0000 0.0000 0.0000 0.1200 1
-1.1346 4.9991 2.7697 0.0000 0.0000 0.0000 0.1200 1
-1.2988 5.0007 2.6962 0.0000 0.0000 0.0000 0.1200 1
-1.4673 4.9987 2.6050 0.0000 0.0000 0.0000 0.1200 1
-1.6413 4.9990 2.4950 0.0000 0.0000 0.0000 0.1200 1
-1.8067 5.0018 2.3786 0.0000 0.0000 0.0000 0.1200 1
-1.9433 4.9992 2.2672 0.0000 0.0000 0.0000 0.1200 1
-2.0947 5.0018 2.1297 0.0000 0.0000 0.0000 0.1200 1
-2.2203 5.0012 1.9907 0.0000 0.0000 0.0000 0.1200 1
-2.3500 4.9991 1.8384 0.0000 0.0000 0.0000 0.1200 1
-2.4691 5.0000 1.6697 0.0000 0.0000 0.0000 0.1200 1
-2.5697 5.0000 1.5021 0.0000 0.0000 0.0000 0.1200 1
-2.6613 5.0022 1.3275 0.0000 0.0000 0.0000 0.1200 1
-2.7432 4.9990 1.1480 0.0000 0.0000 0.0000 0.1200 1
-2.8123 4.9994 0.9705 0.0000 0.0000 0.0000 0.1200 1
-2.8797 4.9999 0.7670 0.0000 0.0000 0.0000 0.1200 1
-2.9119 5.0004 0.5987 0.0000 0.0000 0.0000 0.1200 1
-2.9487 5.0005 0.3845 0.0000 0.0000 0.0000 0.1200 1
-2.9625 4.9996 0.1902 0.0000 0.0000 0.0000 0.1200 1
-2.9705 4.9995 0.0005 0.0000 0.0000 0.0000 0.1200 1
-2.9656 5.0019 -0.2038 0.0000 0.0000 0.0000 0.1200 1
-2.9409 4.9994 -0.3936 0.0000 0.0000 0.0000 0.1200 1
-2.9105 5.0012 -0.5925 0.0000 0.0000 0.0000 0.1200 1
-2.8728 5.0002 -0.7665 0.0000 0.0000 0.0000 0.1200 1
-2.8103 4.9997 -0.9588 0.0000 0.0000 0.0000 0.1200 1
-2.7471 5.0001 -1.1362 0.0000 0.0000 0.0000 0.1200 1
-2.6538 4.9985 -1.3370 0.0000 0.0000 0.0000 0.1200 1
-2.5779 4.9995 -1.4861 0.0000 0.0000 0.0000 0.1200 1
-2.4570 4.9997 -1.6774 0.0000 0.0000 0.0000 0.1200 1
-2.3498 4.9994 -1.8239 0.0000 0.0000 0.0000 0.1200 1
-2.2337 4.9997 -1.9663 0.0000 0.0000 0.0000 0.1200 1
-2.0846 5.0001 -2.1225 0.0000 0.0000 0.0000 0.1200 1
-1.9381 4.9998 -2.2613 0.0000 0.0000 0.0000 0.1200 1
-1.8044 5.0018 -2.3690 0.0000 0.0000 0.0000 0.1200 1
-1.6404 5.0002 -2.4928 0.0000 0.0000 0.0000 0.1200 1
-1.4877 4.9988 -2.5805 0.0000 0.0000 0.0000 0.1200 1
-1.2788 4.9993 -2.6997 0.0000 0.0000 0.0000 0.1200 1
-1.1343 5.0012 -2.7600 0.0000 0.0000 0.0000 0.1200 1
-0.9424 4.9999 -2.8350 0.0000 0.0000 0.0000 0.1200 1
-0.7319 4.9978 -2.8998 0.0000 0.0000 0.0000 0.1200 1
-0.5382 4.9991 -2.9353 0.0000 0.0000 0.0000 0.1200 1
-0.3699 4.9983 -2.9678 0.0000 0.0000 0.0000 0.1200 1
-0.1507 4.9995 -2.9894 0.0000 0.0000 0.0000 0.1200 1
0.0270 5.0010 -2.9938 0.0000 0.0000 0.0000 0.1200 1
0.2369 4.9999 -2.9895 0.0000 0.0000 0.0000 0.1200 1
0.4359 4.9983 -2.9655 0.0000 0.0000 0.0000 0.1200 1
0.6048 5.0009 -2.9401 0.0000 0.0000 0.0000 0.1200 1
0.7941 5.0010 -2.8915 0.0000 0.0000 0.0000 0.1200 1
0.9817 4.9999 -2.8393 0.0000 0.0000 0.0000 0.1200 1
1.1507 5.0001 -2.7793 0.0000 0.0000 0.0000 0.1200 1
1.3553 5.0004 -2.6829 0.0000 0.0000 0.0000 0.1200 1
1.5221 4.9993 -2.5961 0.0000 0.0000 0.0000 0.1200 1
1.6898 4.9994 -2.4906 0.0000 0.0000 0.0000 0.1200 1
1.8555 5.0018 -2.3736 0.0000 0.0000 0.0000 0.1200 1
2.0131 5.0012 -2.2465 0.0000 0.0000 0.0000 0.1200 1
2.1448 5.0013 -2.1219 0.0000 0.0000 0.0000 0.1200 1
2.2853 5.0006 -1.9759 0.0000 0.0000 0.0000 0.1200 1
2.4066 4.9991 -1.8245 0.0000 0.0000 0.0000 0.1200 1
2.5143 4.9971 -1.6782 0.0000 0.0000 0.0000 0.1200 1
2.6330 5.0000 -1.4833 0.0000 0.0000 0.0000 0.1200 1
2.7256 5.0023 -1.3085 0.0000 0.0000 0.0000 0.1200 1
2.8011 4.9992 -1.1328 0.0000 0.0000 0.0000 0.1200 1
2.8715 5.0011 -0.9619 0.0000 0.0000 0.0000 0.1200 1
2.9286 4.9993 -0.7709 0.0000 0.0000 0.0000 0.1200 1
2.9723 5.0005 -0.5730 0.0000 0.0000 0.0000 0.1200 1
3.0006 4.9986 -0.3744 0.0000 0.0000 0.0000 0.1200 1
3.0222 4.9994 -0.2018 0.0000 0.0000 0.0000 0.1200 1
3.0327 5.5000 0.0310 0.0000 0.0000 0.0000 0.1200 1
3.0269 5.4999 0.1786 0.0000 0.0000 0.0000 0.1200 1
3.0132 5.5002 0.3909 0.0000 0.0000 0.0000 0.1200 1
2.9717 5.4988 0.5981 0.0000 0.0000 0.0000 0.1200 1
2.9273 5.5009 0.7924 0.0000 0.0000 0.0000 0.1200 1
2.8762 5.4996 0.9651 0.0000 0.0000 0.0000 0.1200 1
2.7966 5.4987 1.1707 0.0000 0.0000 0.0000 0.1200 1
2.7197 5.5008 1.3310 0.0000 0.0000 0.0000 0.1200 1
2.6275 5.4985 1.5070 0.0000 0.0000 0.0000 0.1200 1
2.5334 5.5007 1.6662 0.0000 0.0000 0.0000 0.1200 1
2.4153 5.4996 1.8343 0.0000 0.0000 0.0000 0.1200 1
2.2910 5.4988 1.9749 0.0000 0.0000 0.0000 0.1200 1
2.1582 5.5013 2.1232 0.0000 0.0000 0.0000 0.1200 1
2.0085 5.4996 2.2638 0.0000 0.0000 0.0000 0.1200 1
1.8543 5.5013 2.3873 0.0000 0.0000 0.0000 0.1200 1
1.7025 5.4997 2.4958 0.0000 0.0000 0.0000 0.1200 1
1.5302 5.5005 2.6061 0.0000 0.0000 0.0000 0.1200 1
1.3686 5.5018 2.6917 0.0000 0.0000 0.0000 0.1200 1
1.1727 5.4999 2.7836 0.0000 0.0000 0.0000 0.1200 1
1.0007 5.4996 2.8445 0.0000 0.0000 0.0000 0.1200 1
0.8039 5.5012 2.9052 0.0000 0.0000 0.0000 0.1200 1
0.6203 5.5002 2.9485 0.0000 0.0000 0.0000 0.1200 1
0.4179 5.5013 2.9786 0.0000 0.0000 0.0000 0.1200 1
0.2147 5.5000 2.9975 0.0000 0.0000 0.0000 0.1200 1
0.0231 5.4994 3.0074 0.0000 0.0000 0.0000 0.1200 1
-0.1725 5.4986 2.9989 0.0000 0.0000 0.0000 0.1200 1
-0.3527 5.5021 2.9816 0.0000 0.0000 0.0000 0.1200 1
-0.5525 5.5005 2.9491 0.0000 0.0000 0.0000 0.1200 1
-0.7569 5.5004 2.8960 0.0000 0.0000 0.0000 0.1200 1
-0.9521 5.5011 2.8393 0.0000 0.0000 0.0000 0.1200 1
-1.1162 5.4990 2.7764 0.0000 0.0000 0.0000 0.1200 1
-1.2984 5.5001 2.6947 0.0000 0.0000 0.0000 0.1200 1
-1.4695 5.4997 2.6013 0.0000 0.0000 0.0000 0.1200 1
-1.6314 5.4997 2.5037 0.0000 0.0000 0.0000 0.1200 1
-1.7833 5.5002 2.3872 0.0000 0.0000 0.0000 0.1200 1
-1.9564 5.5008 2.2552 0.0000 0.0000 0.0000 0.1200 1
-2.0881 5.5000 2.1334 0.0000 0.0000 0.0000 0.1200 1
-2.2374 5.5008 1.9717 0.0000 0.0000 0.0000 0.1200 1
-2.3399 5.5011 1.8422 0.0000 0.0000 0.0000 0.1200 1
-2.4562 5.4978 1.6822 0.0000 0.0000 0.0000 0.1200 1
-2.5648 5.4999 1.5167 0.0000 0.0000 0.0000 0.1200 1
-2.6531 5.5001 1.3366 0.0000 0.0000 0.0000 0.1200 1
-2.7374 5.4987 1.1521 0.0000 0.0000 0.0000 0.1200 1
-2.8100 5.4993 0.9683 0.0000 0.0000 0.0000 0.1200 1
-2.8691 5.5005 0.7878 0.0000 0.0000 0.0000 0.1200 1
-2.9068 5.4989 0.6057 0.0000 0.0000 0.0000 0.1200 1
-2.9433 5.5001 0.3942 0.0000 0.0000 0.0000 0.1200 1
-2.9617 5.5007 0.1874 0.0000 0.0000 0.0000 0.1200 1
-2.9645 5.4981 -0.0068 0.0000 0.0000 0.0000 0.1200 1
-2.9590 5.4995 -0.1846 0.0000 0.0000 0.0000 0.1200 1
-2.9432 5.5019 -0.3799 0.0000 0.0000 0.0000 0.1200 1
-2.9099 5.4998 -0.5839 0.0000 0.0000 0.0000 0.1200 1
-2.8630 5.5010 -0.7845 0.0000 0.0000 0.0000 0.1200 1
-2.8086 5.5003 -0.9560 0.0000 0.0000 0.0000 0.1200 1
-2.7419 5.4999 -1.1296 0.0000 0.0000 0.0000 0.1200 1
-2.6617 5.4996 -1.3187 0.0000 0.0000 0.0000 0.1200 1
-2.5643 5.5001 -1.4943 0.0000 0.0000 0.0000 0.1200 1
-2.4588 5.5012 -1.6661 0.0000 0.0000 0.0000 0.1200 1
-2.3479 5.4999 -1.8307 0.0000 0.0000 0.0000 0.1200 1
-2.2411 5.4998 -1.9583 0.0000 0.0000 0.0000 0.1200 1
-2.0828 5.4994 -2.1198 0.0000 0.0000 0.0000 0.1200 1
-1.9421 5.4999 -2.2527 0.0000 0.0000 0.0000 0.1200 1
-1.8000 5.4993 -2.3699 0.0000 0.0000 0.0000 0.1200 1
-1.6469 5.5004 -2.4814 0.0000 0.0000 0.0000 0.1200 1
-1.4629 5.4993 -2.5974 0.0000 0.0000 0.0000 0.1200 1
-1.3057 5.4992 -2.6809 0.0000 0.0000 0.0000 0.1200 1
-1.1218 5.5000 -2.7577 0.0000 0.0000 0.0000 0.1200 1
-0.9180 5.4985 -2.8384 0.0000 0.0000 0.0000 0.1200 1
-0.7394 5.5013 -2.8943 0.0000 0.0000 0.0000 0.1200 1
-0.5519 5.4997 -2.9367 0.0000 0.0000 0.0000 0.1200 1
-0.3645 5.5004 -2.9668 0.0000 0.0000 0.0000 0.1200 1
-0.1761 5.4990 -2.9849 0.0000 0.0000 0.0000 0.1200 1
0.0238 5.5023 -2.9990 0.0000 0.0000 0.0000 0.1200 1
0.2235 5.4985 -2.9878 0.0000 0.0000 0.0000 0.1200 1
0.4320 5.5005 -2.9703 0.0000 0.0000 0.0000 0.1200 1
0.6225 5.5016 -2.9367 0.0000 0.0000 0.0000 0.1200 1
0.8095 5.5017 -2.8918 0.0000 0.0000 0.0000 0.1200 1
0.9973 5.5006 -2.8359 0.0000 0.0000 0.0000 0.1200 1
1.1927 5.4979 -2.7611 0.0000 0.0000 0.0000 0.1200 1
1.3603 5.4990 -2.6879 0.0000 0.0000 0.0000 0.1200 1
1.5266 5.4983 -2.5931 0.0000 0.0000 0.0000 0.1200 1
1.7076 5.4994 -2.4835 0.0000 0.0000 0.0000 0.1200 1
1.8593 5.4991 -2.3730 0.0000 0.0000 0.0000 0.1200 1
2.0037 5.4989 -2.2545 0.0000 0.0000 0.0000 0.1200 1
2.1476 5.5007 -2.1213 0.0000 0.0000 0.0000 0.1200 1
2.2890 5.4997 -1.9754 0.0000 0.0000 0.0000 0.1200 1
2.4065 5.4989 -1.8342 0.0000 0.0000 0.0000 0.1200 1
2.5239 5.5008 -1.6643 0.0000 0.0000 0.0000 0.1200 1
2.6240 5.5006 -1.5053 0.0000 0.0000 0.0000 0.1200 1
2.7153 5.4986 -1.3387 0.0000 0.0000 0.0000 0.1200 1
2.8074 5.4989 -1.1359 0.0000 0.0000 0.0000 0.1200 1
2.8676 5.4990 -0.9729 0.0000 0.0000 0.0000 0.1200 1
2.9269 5.5000 -0.7779 0.0000 0.0000 0.0000 0.1200 1
2.9725 5.5008 -0.5872 0.0000 0.0000 0.0000 0.1200 1
3.0085 5.5003 -0.3931 0.0000 0.0000 0.0000 0.1200 1
3.0273 5.5005 -0.1874 0.0000 0.0000 0.0000 0.1200 1
3.0340 6.0000 0.0055 0.0000 0.0000 0.0000 0.1200 1
3.0284 6.0013 0.1883 0.0000 0.0000 0.0000 0.1200 1
3.0103 6.0001 0.3833 0.0000 0.0000 0.0000 0.1200 1
2.9789 5.9983 0.5776 0.0000 0.0000 0.0000 0.1200 1
2.9252 6.0005 0.7967 0.0000 0.0000 0.0000 0.1200 1
2.8700 5.9994 0.9835 0.0000 0.0000 0.0000 0.1200 1
2.8009 5.9987 1.1660 0.0000 0.0000 0.0000 0.1200 1
2.7169 6.0009 1.3469 0.0000 0.0000 0.0000 0.1200 1
2.6321 6.0002 1.5125 0.0000 0.0000 0.0000 0.1200 1
2.5324 5.9985 1.6654 0.0000 0.0000 0.0000 0.1200 1
2.4147 5.9989 1.8293 0.0000 0.0000 0.0000 0.1200 1
2.2960 6.0009 1.9797 0.0000 0.0000 0.0000 0.1200 1
2.1557 6.0005 2.1286 0.0000 0.0000 0.0000 0.1200 1
2.0207 6.0002 2.2576 0.0000 0.0000 0.0000 0.1200 1
1.8656 5.9997 2.3814 0.0000 0.0000 0.0000 0.1200 1
1.6920 6.0010 2.5040 0.0000 0.0000 0.0000 0.1200 1
1.5384 6.0010 2.6062 0.0000 0.0000 0.0000 0.1200 1
1.3743 5.9981 2.6908 0.0000 0.0000 0.0000 0.1200 1
1.1956 5.9994 2.7736 0.0000 0.0000 0.0000 0.1200 1
1.0152 6.0005 2.8417 0.0000 0.0000 0.0000 0.1200 1
0.8084 6.0012 2.9067 0.0000 0.0000 0.0000 0.1200 1
0.6076 5.9996 2.9497 0.0000 0.0000 0.0000 0.1200 1
0.4186 5.9989 2.9766 0.0000 0.0000 0.0000 0.1200 1
0.2243 6.0004 2.9998 0.0000 0.0000 0.0000 0.1200 1
0.0361 6.0003 3.0074 0.0000 0.0000 0.0000 0.1200 1
-0.1544 6.0002 3.0016 0.0000 0.0000 0.0000 0.1200 1
-0.3551 6.0009 2.9794 0.0000 0.0000 0.0000 0.1200 1
-0.5449 6.0012 2.9461 0.0000 0.0000 0.0000 0.1200 1
-0.7366 6.0002 2.9025 0.0000 0.0000 0.0000 0.1200 1
-0.9368 5.9987 2.8439 0.0000 0.0000 0.0000 0.1200 1
-1.1087 6.0009 2.7816 0.0000 0.0000 0.0000 0.1200 1
-1.2933 6.0003 2.6931 0.0000 0.0000 0.0000 0.1200 1
-1.4525 6.0005 2.6107 0.0000 0.0000 0.0000 0.1200 1
-1.6458 6.0015 2.4911 0.0000 0.0000 0.0000 0.1200 1
-1.7938 5.9982 2.3866 0.0000 0.0000 0.0000 0.1200 1
-1.9441 6.0005 2.2596 0.0000 0.0000 0.0000 0.1200 1
-2.0866 6.0006 2.1240 0.0000 0.0000 0.0000 0.1200 1
-2.2147 5.9997 1.9929 0.0000 0.0000 0.0000 0.1200 1
-2.3470 5.9986 1.8302 0.0000 0.0000 0.0000 0.1200 1
-2.4581 6.0014 1.6778 0.0000 0.0000 0.0000 0.1200 1
-2.5594 5.9997 1.5083 0.0000 0.0000 0.0000 0.1200 1
-2.6584 6.0003 1.3305 0.0000 0.0000 0.0000 0.1200 1
-2.7325 6.0007 1.1667 0.0000 0.0000 0.0000 0.1200 1
-2.8075 6.0000 0.9626 0.0000 0.0000 0.0000 0.1200 1
-2.8621 6.0006 0.8077 0.0000 0.0000 0.0000 0.1200 1
-2.9039 5.9989 0.6057 0.0000 0.0000 0.0000 0.1200 1
-2.9418 6.0019 0.3841 0.0000 0.0000 0.0000 0.1200 1
-2.9596 6.0007 0.1896 0.0000 0.0000 0.0000 0.1200 1
-2.9635 6.0007 -0.0022 0.0000 0.0000 0.0000 0.1200 1
-2.9594 6.0005 -0.1888 0.0000 0.0000 0.0000 0.1200 1
-2.9377 5.9996 -0.3797 0.0000 0.0000 0.0000 0.1200 1
-2.9069 6.0004 -0.5872 0.0000 0.0000 0.0000 0.1200 1
-2.8609 6.0006 -0.7670 0.0000 0.0000 0.0000 0.1200 1
-2.8123 5.9987 -0.9422 0.0000 0.0000 0.0000 0.1200 1
-2.7324 5.9983 -1.1538 0.0000 0.0000 0.0000 0.1200 1
-2.6593 6.0005 -1.3112 0.0000 0.0000 0.0000 0.1200 1
-2.5695 5.9985 -1.4829 0.0000 0.0000 0.0000 0.1200 1
-2.4604 5.9977 -1.6617 0.0000 0.0000 0.0000 0.1200 1
-2.3522 6.0009 -1.8163 0.0000 0.0000 0.0000 0.1200 1
-2.2146 6.0007 -1.9747 0.0000 0.0000 0.0000 0.1200 1
-2.0767 5.9988 -2.1236 0.0000 0.0000 0.0000 0.1200 1
-1.9440 5.9995 -2.2482 0.0000 0.0000 0.0000 0.1200 1
-1.7973 5.9999 -2.3650 0.0000 0.0000 0.0000 0.1200 1
-1.6255 6.0005 -2.4898 0.0000 0.0000 0.0000 0.1200 1
-1.4742 6.0011 -2.5834 0.0000 0.0000 0.0000 0.1200 1
-1.2886 6.0008 -2.6863 0.0000 0.0000 0.0000 0.1200 1
-1.1064 5.9986 -2.7716 0.0000 0.0000 0.0000 0.1200 1
-0.9202 5.9986 -2.8361 0.0000 0.0000 0.0000 0.1200 1
-0.7270 6.0017 -2.8963 0.0000 0.0000 0.0000 0.1200 1
-0.5435 6.0017 -2.9342 0.0000 0.0000 0.0000 0.1200 1
-0.3535 6.0004 -2.9694 0.0000 0.0000 0.0000 0.1200 1
-0.1667 6.0005 -2.9887 0.0000 0.0000 0.0000 0.1200 1
0.0287 5.9997 -2.9925 0.0000 0.0000 0.0000 0.1200 1
0.2282 5.9994 -2.9863 0.0000 0.0000 0.0000 0.1200 1
0.4593 6.0011 -2.9661 0.0000 0.0000 0.0000 0.1200 1
0.6218 6.0008 -2.9376 0.0000 0.0000 0.0000 0.1200 1
0.8165 6.0008 -2.8885 0.0000 0.0000 0.0000 0.1200 1
0.9919 5.9988 -2.8352 0.0000 0.0000 0.0000 0.1200 1
1.1930 6.0010 -2.7578 0.0000 0.0000 0.0000 0.1200 1
1.3579 5.9982 -2.6869 0.0000 0.0000 0.0000 0.1200 1
1.5459 5.9989 -2.5837 0.0000 0.0000 0.0000 0.1200 1
1.7108 6.0006 -2.4839 0.0000 0.0000 0.0000 0.1200 1
1.8546 5.9993 -2.3781 0.0000 0.0000 0.0000 0.1200 1
2.0247 6.0003 -2.2441 0.0000 0.0000 0.0000 0.1200 1
2.1619 5.9999 -2.1081 0.0000 0.0000 0.0000 0.1200 1
2.2890 5.9994 -1.9755 0.0000 0.0000 0.0000 0.1200 1
2.4152 6.0022 -1.8192 0.0000 0.0000 0.0000 0.1200 1
2.5356 5.9997 -1.6511 0.0000 0.0000 0.0000 0.1200 1
2.6301 5.9992 -1.4980 0.0000 0.0000 0.0000 0.1200 1
2.7173 6.0008 -1.3376 0.0000 0.0000 0.0000 0.1200 1
2.8172 6.0012 -1.1129 0.0000 0.0000 0.0000 0.1200 1
2.8740 5.9996 -0.9536 0.0000 0.0000 0.0000 0.1200 1
2.9396 5.9993 -0.7502 0.0000 0.0000 0.0000 0.1200 1
2.9733 6.0017 -0.5752 0.0000 0.0000 0.0000 0.1200 1
3.0082 5.9995 -0.3957 0.0000 0.0000 0.0000 0.1200 1
3.0245 5.9993 -0.1986 0.0000 0.0000 0.0000 0.1200 1
3.0368 6.5008 -0.0051 0.0000 0.0000 0.0000 0.1200 1
3.0308 6.5013 0.2013 0.0000 0.0000 0.0000 0.1200 1
3.0138 6.5005 0.3896 0.0000 0.0000 0.0000 0.1200 1
2.9782 6.5010 0.5907 0.0000 0.0000 0.0000 0.1200 1
2.9373 6.4996 0.7664 0.0000 0.0000 0.0000 0.1200 1
2.8763 6.5013 0.9767 0.0000 0.0000 0.0000 0.1200 1
2.8063 6.5002 1.1574 0.0000 0.0000 0.0000 0.1200 1
2.7252 6.5001 1.3426 0.0000 0.0000 0.0000 0.1200 1
2.6439 6.5001 1.4977 0.0000 0.0000 0.0000 0.1200 1
2.5291 6.4978 1.6745 0.0000 0.0000 0.0000 0.1200 1
2.4095 6.4992 1.8483 0.0000 0.0000 0.0000 0.1200 1
2.2988 6.4997 1.9798 0.0000 0.0000 0.0000 0.1200 1
2.1722 6.4999 2.1126 0.0000 0.0000 0.0000 0.1200 1
2.0059 6.5020 2.2720 0.0000 0.0000 0.0000 0.1200 1
1.8609 6.5003 2.3870 0.0000 0.0000 0.0000 0.1200 1
1.7091 6.4994 2.5040 0.0000 0.0000 0.0000 0.1200 1
1.5309 6.5009 2.6096 0.0000 0.0000 0.0000 0.1200 1
1.3517 6.5011 2.6989 0.0000 0.0000 0.0000 0.1200 1
1.1946 6.4982 2.7720 0.0000 0.0000 0.0000 0.1200 1
0.9925 6.4988 2.8537 0.0000 0.0000 0.0000 0.1200 1
0.8258 6.4998 2.9039 0.0000 0.0000 0.0000 0.1200 1
0.6291 6.4985 2.9494 0.0000 0.0000 0.0000 0.1200 1
0.4215 6.4984 2.9853 0.0000 0.0000 0.0000 0.1200 1
0.2237 6.4994 3.0037 0.0000 0.0000 0.0000 0.1200 1
0.0312 6.5005 3.0078 0.0000 0.0000 0.0000 0.1200 1
-0.1640 6.5010 3.0012 0.0000 0.0000 0.0000 0.1200 1
-0.3699 6.4988 2.9778 0.0000 0.0000 0.0000 0.1200 1
-0.5463 6.4996 2.9501 0.0000 0.0000 0.0000 0.1200 1
-0.7352 6.4987 2.9046 0.0000 0.0000 0.0000 0.1200 1
-0.9184 6.4976 2.8490 0.0000 0.0000 0.0000 0.1200 1
-1.1270 6.4984 2.7720 0.0000 0.0000 0.0000 0.1200 1
-1.2661 6.5000 2.7075 0.0000 0.0000 0.0000 0.1200 1
-1.4616 6.5007 2.6048 0.0000 0.0000 0.0000 0.1200 1
-1.6345 6.5002 2.4960 0.0000 0.0000 0.0000 0.1200 1
-1.7886 6.4991 2.3857 0.0000 0.0000 0.0000 0.1200 1
-1.9326 6.5022 2.2684 0.0000 0.0000 0.0000 0.1200 1
-2.0902 6.5007 2.1200 0.0000 0.0000 0.0000 0.1200 1
-2.2108 6.4998 1.9926 0.0000 0.0000 0.0000 0.1200 1
-2.3404 6.4988 1.8342 0.0000 0.0000 0.0000 0.1200 1
-2.4568 6.4986 1.6739 0.0000 0.0000 0.0000 0.1200 1
-2.5585 6.5005 1.5056 0.0000 0.0000 0.0000 0.1200 1
-2.6506 6.5003 1.3414 0.0000 0.0000 0.0000 0.1200 1
-2.7290 6.5008 1.1571 0.0000 0.0000 0.0000 0.1200 1
-2.8037 6.5015 0.9621 0.0000 0.0000 0.0000 0.1200 1
-2.8581 6.5014 0.7824 0.0000 0.0000 0.0000 0.1200 1
-2.9049 6.5011 0.6000 0.0000 0.0000 0.0000 0.1200 1
-2.9360 6.4989 0.4004 0.0000 0.0000 0.0000 0.1200 1
-2.9542 6.5012 0.1995 0.0000 0.0000 0.0000 0.1200 1
-2.9642 6.5004 -0.0105 0.0000 0.0000 0.0000 0.1200 1
-2.9558 6.5011 -0.1960 0.0000 0.0000 0.0000 0.1200 1
-2.9355 6.5002 -0.3920 0.0000 0.0000 0.0000 0.1200 1
-2.9025 6.5013 -0.5599 0.0000 0.0000 0.0000 0.1200 1
-2.8590 6.4981 -0.7726 0.0000 0.0000 0.0000 0.1200 1
-2.8015 6.5002 -0.9604 0.0000 0.0000 0.0000 0.1200 1
-2.7347 6.4987 -1.1521 0.0000 0.0000 0.0000 0.1200 1
-2.6496 6.4992 -1.3290 0.0000 0.0000 0.0000 0.1200 1
-2.5564 6.4996 -1.5003 0.0000 0.0000 0.0000 0.1200 1
-2.4607 6.5005 -1.6589 0.0000 0.0000 0.0000 0.1200 1
-2.3470 6.5013 -1.8169 0.0000 0.0000 0.0000 0.1200 1
-2.2298 6.4996 -1.9563 0.0000 0.0000 0.0000 0.1200 1
-2.0834 6.4985 -2.1171 0.0000 0.0000 0.0000 0.1200 1
-1.9487 6.4992 -2.2425 0.0000 0.0000 0.0000 0.1200 1
-1.7788 6.4997 -2.3839 0.0000 0.0000 0.0000 0.1200 1
-1.6218 6.5016 -2.4951 0.0000 0.0000 0.0000 0.1200 1
-1.4549 6.5005 -2.6002 0.0000 0.0000 0.0000 0.1200 1
-1.2987 6.4992 -2.6790 0.0000 0.0000 0.0000 0.1200 1
-1.1123 6.4990 -2.7622 0.0000 0.0000 0.0000 0.1200 1
-0.9374 6.4999 -2.8314 0.0000 0.0000 0.0000 0.1200 1
-0.7632 6.5007 -2.8849 0.0000 0.0000 0.0000 0.1200 1
-0.5562 6.4986 -2.9386 0.0000 0.0000 0.0000 0.1200 1
-0.3637 6.4988 -2.9670 0.0000 0.0000 0.0000 0.1200 1
-0.1595 6.4997 -2.9867 0.0000 0.0000 0.0000 0.1200 1
0.0352 6.5001 -2.9939 0.0000 0.0000 0.0000 0.1200 1
0.2300 6.5004 -2.9864 0.0000 0.0000 0.0000 0.1200 1
0.4391 6.5009 -2.9661 0.0000 0.0000 0.0000 0.1200 1
0.6214 6.5004 -2.9352 0.0000 0.0000 0.0000 0.1200 1
0.8097 6.4998 -2.8949 0.0000 0.0000 0.0000 0.1200 1
0.9930 6.4993 -2.8400 0.0000 0.0000 0.0000 0.1200 1
1.1718 6.4999 -2.7732 0.0000 0.0000 0.0000 0.1200 1
1.3782 6.4984 -2.6798 0.0000 0.0000 0.0000 0.1200 1
1.5350 6.4989 -2.5947 0.0000 0.0000 0.0000 0.1200 1
1.7062 6.5003 -2.4867 0.0000 0.0000 0.0000 0.1200 1
1.8510 6.4998 -2.3834 0.0000 0.0000 0.0000 0.1200 1
2.0080 6.4981 -2.2547 0.0000 0.0000 0.0000 0.1200 1
2.1587 6.4988 -2.1130 0.0000 0.0000 0.0000 0.1200 1
2.2915 6.5001 -1.9780 0.0000 0.0000 0.0000 0.1200 1
2.4212 6.5016 -1.8095 0.0000 0.0000 0.0000 0.1200 1
2.5362 6.5006 -1.6535 0.0000 0.0000 0.0000 0.1200 1
2.6357 6.5019 -1.4989 0.0000 0.0000 0.0000 0.1200 1
2.7282 6.4999 -1.3194 0.0000 0.0000 0.0000 0.1200 1
2.8069 6.5003 -1.1479 0.0000 0.0000 0.0000 0.1200 1
2.8772 6.5004 -0.9675 0.0000 0.0000 0.0000 0.1200 1
2.9343 6.4990 -0.7689 0.0000 0.0000 0.0000 0.1200 1
2.9763 6.4991 -0.5736 0.0000 0.0000 0.0000 0.1200 1
3.0108 6.4998 -0.3721 0.0000 0.0000 0.0000 0.1200 1
3.0296 6.4992 -0.2011 0.0000 0.0000 0.0000 0.1200 1
3.0442 7.0009 -0.0033 0.0000 0.0000 0.0000 0.1200 1
3.0381 6.9995 0.2150 0.0000 0.0000 0.0000 0.1200 1
3.0159 7.0000 0.3930 0.0000 0.0000 0.0000 0.1200 1
2.9814 7.0003 0.5936 0.0000 0.0000 0.0000 0.1200 1
2.9401 7.0009 0.7649 0.0000 0.0000 0.0000 0.1200 1
2.8772 6.9999 0.9733 0.0000 0.0000 0.0000 0.1200 1
2.8155 7.0012 1.1464 0.0000 0.0000 0.0000 0.1200 1
2.7310 7.0009 1.3251 0.0000 0.0000 0.0000 0.1200 1
2.6400 7.0006 1.5058 0.0000 0.0000 0.0000 0.1200 1
2.5334 6.9995 1.6733 0.0000 0.0000 0.0000 0.1200 1
2.4203 7.0009 1.8326 0.0000 0.0000 0.0000 0.1200 1
2.3017 6.9996 1.9741 0.0000 0.0000 0.0000 0.1200 1
2.1657 6.9991 2.1219 0.0000 0.0000 0.0000 0.1200 1
2.0065 6.9987 2.2775 0.0000 0.0000 0.0000 0.1200 1
1.8632 7.0014 2.3928 0.0000 0.0000 0.0000 0.1200 1
1.7216 6.9995 2.4898 0.0000 0.0000 0.0000 0.1200 1
1.5370 6.9991 2.6040 0.0000 0.0000 0.0000 0.1200 1
1.3621 6.9991 2.7015 0.0000 0.0000 0.0000 0.1200 1
1.1768 7.0001 2.7820 0.0000 0.0000 0.0000 0.1200 1
1.0113 6.9992 2.8492 0.0000 0.0000 0.0000 0.1200 1
0.8146 6.9992 2.9037 0.0000 0.0000 0.0000 0.1200 1
0.6043 6.9992 2.9543 0.0000 0.0000 0.0000 0.1200 1
0.4515 7.0011 2.9789 0.0000 0.0000 0.0000 0.1200 1
0.2527 7.0016 2.9962 0.0000 0.0000 0.0000 0.1200 1
0.0407 7.0008 3.0073 0.0000 0.0000 0.0000 0.1200 1
-0.1452 6.9988 3.0035 0.0000 0.0000 0.0000 0.1200 1
-0.3525 6.9995 2.9806 0.0000 0.0000 0.0000 0.1200 1
-0.5353 7.0021 2.9522 0.0000 0.0000 0.0000 0.1200 1
-0.7339 6.9998 2.9038 0.0000 0.0000 0.0000 0.1200 1
-0.9405 6.9987 2.8392 0.0000 0.0000 0.0000 0.1200 1
-1.0902 6.9991 2.7856 0.0000 0.0000 0.0000 0.1200 1
-1.2905 7.0014 2.6940 0.0000 0.0000 0.0000 0.1200 1
-1.4478 7.0007 2.6109 0.0000 0.0000 0.0000 0.1200 1
-1.6096 6.9992 2.5185 0.0000 0.0000 0.0000 0.1200 1
-1.7677 7.0000 2.4003 0.0000 0.0000 0.0000 0.1200 1
-1.9275 7.0003 2.2687 0.0000 0.0000 0.0000 0.1200 1
-2.0897 7.0002 2.1190 0.0000 0.0000 0.0000 0.1200 1
-2.2226 6.9996 1.9739 0.0000 0.0000 0.0000 0.1200 1
-2.3404 6.9998 1.8406 0.0000 0.0000 0.0000 0.1200 1
-2.4551 6.9996 1.6665 0.0000 0.0000 0.0000 0.1200 1
-2.5645 6.9984 1.4922 0.0000 0.0000 0.0000 0.1200 1
-2.6510 6.9998 1.3336 0.0000 0.0000 0.0000 0.1200 1
-2.7330 6.9986 1.1550 0.0000 0.0000 0.0000 0.1200 1
-2.8077 6.9996 0.9581 0.0000 0.0000 0.0000 0.1200 1
-2.8550 7.0006 0.7870 0.0000 0.0000 0.0000 0.1200 1
-2.9022 7.0003 0.5996 0.0000 0.0000 0.0000 0.1200 1
-2.9378 6.9994 0.3699 0.0000 0.0000 0.0000 0.1200 1
-2.9539 7.0015 0.2031 0.0000 0.0000 0.0000 0.1200 1
-2.9616 6.9995 0.0068 0.0000 0.0000 0.0000 0.1200 1
-2.9512 7.0010 -0.1985 0.0000 0.0000 0.0000 0.1200 1
-2.9365 7.0001 -0.3751 0.0000 0.0000 0.0000 0.1200 1
-2.9038 7.0003 -0.5774 0.0000 0.0000 0.0000 0.1200 1
-2.8552 6.9999 -0.7758 0.0000 0.0000 0.0000 0.1200 1
-2.7957 7.0003 -0.9663 0.0000 0.0000 0.0000 0.1200 1
-2.7254 6.9991 -1.1498 0.0000 0.0000 0.0000 0.1200 1
-2.6470 7.0007 -1.3304 0.0000 0.0000 0.0000 0.1200 1
-2.5519 7.0008 -1.5003 0.0000 0.0000 0.0000 0.1200 1
-2.4635 6.9992 -1.6455 0.0000 0.0000 0.0000 0.1200 1
-2.3431 6.9998 -1.8166 0.0000 0.0000 0.0000 0.1200 1
-2.2211 7.0000 -1.9575 0.0000 0.0000 0.0000 0.1200 1
-2.0836 6.9989 -2.1122 0.0000 0.0000 0.0000 0.1200 1
-1.9320 6.9992 -2.2545 0.0000 0.0000 0.0000 0.1200 1
-1.7812 7.0012 -2.3771 0.0000 0.0000 0.0000 0.1200 1
-1.6354 7.0009 -2.4782 0.0000 0.0000 0.0000 0.1200 1
-1.4713 7.0006 -2.5847 0.0000 0.0000 0.0000 0.1200 1
-1.2915 6.9991 -2.6796 0.0000 0.0000 0.0000 0.1200 1
-1.1104 6.9983 -2.7650 0.0000 0.0000 0.0000 0.1200 1
-0.9345 6.9994 -2.8295 0.0000 0.0000 0.0000 0.1200 1
-0.7422 7.0011 -2.8911 0.0000 0.0000 0.0000 0.1200 1
-0.5400 6.9981 -2.9359 0.0000 0.0000 0.0000 0.1200 1
-0.3660 6.9996 -2.9655 0.0000 0.0000 0.0000 0.1200 1
-0.1629 6.9995 -2.9866 0.0000 0.0000 0.0000 0.1200 1
0.0395 7.0009 -2.9932 0.0000 0.0000 0.0000 0.1200 1
0.2330 6.9987 -2.9858 0.0000 0.0000 0.0000 0.1200 1
0.4409 6.9990 -2.9652 0.0000 0.0000 0.0000 0.1200 1
0.6287 7.0018 -2.9359 0.0000 0.0000 0.0000 0.1200 1
0.8107 7.0018 -2.8945 0.0000 0.0000 0.0000 0.1200 1
1.0062 6.9992 -2.8350 0.0000 0.0000 0.0000 0.1200 1
1.1840 6.9995 -2.7698 0.0000 0.0000 0.0000 0.1200 1
1.3655 6.9989 -2.6822 0.0000 0.0000 0.0000 0.1200 1
1.5572 6.9997 -2.5841 0.0000 0.0000 0.0000 0.1200 1
1.7239 7.0023 -2.4739 0.0000 0.0000 0.0000 0.1200 1
1.8612 7.0012 -2.3716 0.0000 0.0000 0.0000 0.1200 1
2.0177 7.0011 -2.2528 0.0000 0.0000 0.0000 0.1200 1
2.1419 7.0009 -2.1376 0.0000 0.0000 0.0000 0.1200 1
2.2977 6.9996 -1.9679 0.0000 0.0000 0.0000 0.1200 1
2.4089 7.0007 -1.8313 0.0000 0.0000 0.0000 0.1200 1
2.5372 6.9997 -1.6533 0.0000 0.0000 0.0000 0.1200 1
2.6452 6.9994 -1.4885 0.0000 0.0000 0.0000 0.1200 1
2.7149 7.0007 -1.3410 0.0000 0.0000 0.0000 0.1200 1
2.8170 6.9989 -1.1303 0.0000 0.0000 0.0000 0.1200 1
2.8814 6.9997 -0.9572 0.0000 0.0000 0.0000 0.1200 1
2.9407 7.0012 -0.7652 0.0000 0.0000 0.0000 0.1200 1
2.9845 7.0018 -0.5748 0.0000 0.0000 0.0000 0.1200 1
3.0173 7.0008 -0.3715 0.0000 0.0000 0.0000 0.1200 1
3.0376 6.9991 -0.1763 0.0000 0.0000 0.0000 0.1200 1
3.0442 7.4995 0.0065 0.0000 0.0000 0.0000 0.1200 1
3.0412 7.4993 0.1983 0.0000 0.0000 0.0000 0.1200 1
3.0168 7.5008 0.4018 0.0000 0.0000 0.0000 0.1200 1
2.9866 7.4976 0.5878 0.0000 0.0000 0.0000 0.1200 1
2.9392 7.5005 0.7939 0.0000 0.0000 0.0000 0.1200 1
2.8834 7.5001 0.9715 0.0000 0.0000 0.0000 0.1200 1
2.8120 7.5002 1.1617 0.0000 0.0000 0.0000 0.1200 1
2.7321 7.4996 1.3428 0.0000 0.0000 0.0000 0.1200 1
2.6323 7.4988 1.5230 0.0000 0.0000 0.0000 0.1200 1
2.5442 7.4978 1.6663 0.0000 0.0000 0.0000 0.1200 1
2.4198 7.5017 1.8377 0.0000 0.0000 0.0000 0.1200 1
2.2982 7.5002 1.9859 0.0000 0.0000 0.0000 0.1200 1
2.1678 7.5013 2.1276 0.0000 0.0000 0.0000 0.1200 1
2.0217 7.4990 2.2635 0.0000 0.0000 0.0000 0.1200 1
1.8681 7.4991 2.3905 0.0000 0.0000 0.0000 0.1200 1
1.7042 7.5002 2.5069 0.0000 0.0000 0.0000 0.1200 1
1.5496 7.5002 2.6002 0.0000 0.0000 0.0000 0.1200 1
1.3684 7.4988 2.6972 0.0000 0.0000 0.0000 0.1200 1
1.1879 7.4996 2.7829 0.0000 0.0000 0.0000 0.1200 1
0.9947 7.4999 2.8523 0.0000 0.0000 0.0000 0.1200 1
0.8064 7.4984 2.9084 0.0000 0.0000 0.0000 0.1200 1
0.6314 7.4999 2.9470 0.0000 0.0000 0.0000 0.1200 1
0.4443 7.5003 2.9766 0.0000 0.0000 0.0000 0.1200 1
0.2339 7.5001 3.0033 0.0000 0.0000 0.0000 0.1200 1
0.0342 7.5013 3.0100 0.0000 0.0000 0.0000 0.1200 1
-0.1447 7.5007 3.0045 0.0000 0.0000 0.0000 0.1200 1
-0.3575 7.5005 2.9777 0.0000 0.0000 0.0000 0.1200 1
-0.5434 7.5024 2.9481 0.0000 0.0000 0.0000 0.1200 1
-0.7281 7.5015 2.9104 0.0000 0.0000 0.0000 0.1200 1
-0.9367 7.5004 2.8461 0.0000 0.0000 0.0000 0.1200 1
-1.1180 7.5014 2.7724 0.0000 0.0000 0.0000 0.1200 1
-1.2835 7.5010 2.6997 0.0000 0.0000 0.0000 0.1200 1
-1.4601 7.4986 2.6059 0.0000 0.0000 0.0000 0.1200 1
-1.6334 7.5004 2.4943 0.0000 0.0000 0.0000 0.1200 1
-1.7752 7.5002 2.3934 0.0000 0.0000 0.0000 0.1200 1
-1.9286 7.4995 2.2646 0.0000 0.0000 0.0000 0.1200 1
-2.0778 7.5011 2.1272 0.0000 0.0000 0.0000 0.1200 1
-2.2158 7.4995 1.9809 0.0000 0.0000 0.0000 0.1200 1
-2.3231 7.5018 1.8551 0.0000 0.0000 0.0000 0.1200 1
-2.4501 7.4991 1.6784 0.0000 0.0000 0.0000 0.1200 1
-2.5586 7.4990 1.4996 0.0000 0.0000 0.0000 0.1200 1
-2.6439 7.5005 1.3434 0.0000 0.0000 0.0000 0.1200 1
-2.7326 7.4983 1.1475 0.0000 0.0000 0.0000 0.1200 1
-2.7939 7.4993 0.9848 0.0000 0.0000 0.0000 0.1200 1
-2.8548 7.5019 0.7915 0.0000 0.0000 0.0000 0.1200 1
-2.8985 7.5010 0.5832 0.0000 0.0000 0.0000 0.1200 1
-2.9311 7.5004 0.3945 0.0000 0.0000 0.0000 0.1200 1
-2.9507 7.5004 0.2001 0.0000 0.0000 0.0000 0.1200 1
-2.9562 7.4992 0.0131 0.0000 0.0000 0.0000 0.1200 1
-2.9503 7.5006 -0.1711 0.0000 0.0000 0.0000 0.1200 1
-2.9338 7.4999 -0.3859 0.0000 0.0000 0.0000 0.1200 1
-2.9004 7.4994 -0.5616 0.0000 0.0000 0.0000 0.1200 1
-2.8529 7.5010 -0.7670 0.0000 0.0000 0.0000 0.1200 1
-2.7996 7.4986 -0.9561 0.0000 0.0000 0.0000 0.1200 1
-2.7222 7.5007 -1.1540 0.0000 0.0000 0.0000 0.1200 1
-2.6489 7.4996 -1.3135 0.0000 0.0000 0.0000 0.1200 1
-2.5629 7.4996 -1.4840 0.0000 0.0000 0.0000 0.1200 1
-2.4569 7.5013 -1.6451 0.0000 0.0000 0.0000 0.1200 1
-2.3410 7.4988 -1.8088 0.0000 0.0000 0.0000 0.1200 1
-2.2146 7.4987 -1.9685 0.0000 0.0000 0.0000 0.1200 1
-2.0638 7.4988 -2.1254 0.0000 0.0000 0.0000 0.1200 1
-1.9246 7.4999 -2.2587 0.0000 0.0000 0.0000 0.1200 1
-1.7671 7.4994 -2.3849 0.0000 0.0000 0.0000 0.1200 1
-1.6105 7.5009 -2.4979 0.0000 0.0000 0.0000 0.1200 1
-1.4603 7.4991 -2.5910 0.0000 0.0000 0.0000 0.1200 1
-1.2817 7.4982 -2.6853 0.0000 0.0000 0.0000 0.1200 1
-1.1002 7.4990 -2.7639 0.0000 0.0000 0.0000 0.1200 1
-0.9268 7.4992 -2.8348 0.0000 0.0000 0.0000 0.1200 1
-0.7369 7.4989 -2.8898 0.0000 0.0000 0.0000 0.1200 1
-0.5432 7.5011 -2.9325 0.0000 0.0000 0.0000 0.1200 1
-0.3441 7.5021 -2.9684 0.0000 0.0000 0.0000 0.1200 1
-0.1532 7.4993 -2.9856 0.0000 0.0000 0.0000 0.1200 1
0.0616 7.4995 -2.9912 0.0000 0.0000 0.0000 0.1200 1
0.2198 7.5011 -2.9885 0.0000 0.0000 0.0000 0.1200 1
0.4546 7.5014 -2.9634 0.0000 0.0000 0.0000 0.1200 1
0.6292 7.5020 -2.9320 0.0000 0.0000 0.0000 0.1200 1
0.8485 7.5006 -2.8796 0.0000 0.0000 0.0000 0.1200 1
1.0165 7.4991 -2.8307 0.0000 0.0000 0.0000 0.1200 1
1.1949 7.4995 -2.7606 0.0000 0.0000 0.0000 0.1200 1
1.3901 7.5003 -2.6702 0.0000 0.0000 0.0000 0.1200 1
1.5417 7.5014 -2.5929 0.0000 0.0000 0.0000 0.1200 1
1.7099 7.5015 -2.4819 0.0000 0.0000 0.0000 0.1200 1
1.8716 7.4996 -2.3732 0.0000 0.0000 0.0000 0.1200 1
2.0157 7.5013 -2.2514 0.0000 0.0000 0.0000 0.1200 1
2.1710 7.4992 -2.1107 0.0000 0.0000 0.0000 0.1200 1
2.3047 7.5001 -1.9615 0.0000 0.0000 0.0000 0.1200 1
2.4155 7.4993 -1.8299 0.0000 0.0000 0.0000 0.1200 1
2.5411 7.5003 -1.6567 0.0000 0.0000 0.0000 0.1200 1
2.6484 7.4993 -1.4800 0.0000 0.0000 0.0000 0.1200 1
2.7366 7.4998 -1.3065 0.0000 0.0000 0.0000 0.1200 1
2.8172 7.5007 -1.1306 0.0000 0.0000 0.0000 0.1200 1
2.8881 7.5006 -0.9526 0.0000 0.0000 0.0000 0.1200 1
2.9410 7.4998 -0.7749 0.0000 0.0000 0.0000 0.1200 1
2.9818 7.5005 -0.5858 0.0000 0.0000 0.0000 0.1200 1
3.0157 7.5000 -0.3942 0.0000 0.0000 0.0000 0.1200 1
3.0345 7.4997 -0.1854 0.0000 0.0000 0.0000 0.1200 1
3.0448 7.9998 0.0003 0.0000 0.0000 0.0000 0.1200 1
3.0419 8.0000 0.2039 0.0000 0.0000 0.0000 0.1200 1
3.0190 7.9986 0.3933 0.0000 0.0000 0.0000 0.1200 1
2.9932 8.0004 0.5729 0.0000 0.0000 0.0000 0.1200 1
2.9417 7.9992 0.7845 0.0000 0.0000 0.0000 0.1200 1
2.8893 7.9995 0.9661 0.0000 0.0000 0.0000 0.1200 1
2.8215 8.0010 1.1415 0.0000 0.0000 0.0000 0.1200 1
2.7328 7.9990 1.3401 0.0000 0.0000 0.0000 0.1200 1
2.6435 7.9995 1.5072 0.0000 0.0000 0.0000 0.1200 1
2.5419 7.9987 1.6717 0.0000 0.0000 0.0000 0.1200 1
2.4267 8.0021 1.8279 0.0000 0.0000 0.0000 0.1200 1
2.2991 7.9992 1.9927 0.0000 0.0000 0.0000 0.1200 1
2.1678 7.9992 2.1262 0.0000 0.0000 0.0000 0.1200 1
2.0241 7.9989 2.2661 0.0000 0.0000 0.0000 0.1200 1
1.8584 8.0025 2.3990 0.0000 0.0000 0.0000 0.1200 1
1.7005 8.0005 2.5100 0.0000 0.0000 0.0000 0.1200 1
1.5463 7.9998 2.6055 0.0000 0.0000 0.0000 0.1200 1
1.3771 7.9982 2.6947 0.0000 0.0000 0.0000 0.1200 1
1.1726 8.0006 2.7894 0.0000 0.0000 0.0000 0.1200 1
1.0056 8.0007 2.8529 0.0000 0.0000 0.0000 0.1200 1
0.8154 7.9984 2.9056 0.0000 0.0000 0.0000 0.1200 1
0.6242 8.0017 2.9520 0.0000 0.0000 0.0000 0.1200 1
0.4202 8.0005 2.9871 0.0000 0.0000 0.0000 0.1200 1
0.2388 7.9997 3.0015 0.0000 0.0000 0.0000 0.1200 1
0.0436 8.0019 3.0077 0.0000 0.0000 0.0000 0.1200 1
-0.1325 7.9982 3.0023 0.0000 0.0000 0.0000 0.1200 1
-0.3645 8.0010 2.9782 0.0000 0.0000 0.0000 0.1200 1
-0.5529 7.9996 2.9525 0.0000 0.0000 0.0000 0.1200 1
-0.7253 7.9998 2.9088 0.0000 0.0000 0.0000 0.1200 1
-0.9260 7.9973 2.8473 0.0000 0.0000 0.0000 0.1200 1
-1.0941 8.0005 2.7792 0.0000 0.0000 0.0000 0.1200 1
-1.2999 8.0004 2.6879 0.0000 0.0000 0.0000 0.1200 1
-1.4569 8.0000 2.6083 0.0000 0.0000 0.0000 0.1200 1
-1.5946 8.0004 2.5186 0.0000 0.0000 0.0000 0.1200 1
-1.7749 7.9993 2.3952 0.0000 0.0000 0.0000 0.1200 1
-1.9509 8.0004 2.2490 0.0000 0.0000 0.0000 0.1200 1
-2.0803 8.0000 2.1234 0.0000 0.0000 0.0000 0.1200 1
-2.2021 8.0005 1.9915 0.0000 0.0000 0.0000 0.1200 1
-2.3275 7.9973 1.8416 0.0000 0.0000 0.0000 0.1200 1
-2.4489 7.9998 1.6704 0.0000 0.0000 0.0000 0.1200 1
-2.5617 8.0006 1.4876 0.0000 0.0000 0.0000 0.1200 1
-2.6457 7.9993 1.3271 0.0000 0.0000 0.0000 0.1200 1
-2.7276 8.0004 1.1531 0.0000 0.0000 0.0000 0.1200 1
-2.7924 8.0007 0.9710 0.0000 0.0000 0.0000 0.1200 1
-2.8539 8.0014 0.7855 0.0000 0.0000 0.0000 0.1200 1
-2.8925 8.0008 0.6036 0.0000 0.0000 0.0000 0.1200 1
-2.9285 8.0020 0.4057 0.0000 0.0000 0.0000 0.1200 1
-2.9449 8.0000 0.1872 0.0000 0.0000 0.0000 0.1200 1
-2.9564 7.9991 0.0126 0.0000 0.0000 0.0000 0.1200 1
-2.9447 8.0002 -0.1751 0.0000 0.0000 0.0000 0.1200 1
-2.9292 8.0002 -0.3823 0.0000 0.0000 0.0000 0.1200 1
-2.8965 7.9971 -0.5742 0.0000 0.0000 0.0000 0.1200 1
-2.8534 7.9996 -0.7724 0.0000 0.0000 0.0000 0.1200 1
-2.7964 8.0000 -0.9382 0.0000 0.0000 0.0000 0.1200 1
-2.7167 7.9991 -1.1538 0.0000 0.0000 0.0000 0.1200 1
-2.6346 8.0003 -1.3395 0.0000 0.0000 0.0000 0.1200 1
-2.5509 7.9999 -1.4909 0.0000 0.0000 0.0000 0.1200 1
-2.4504 7.9981 -1.6599 0.0000 0.0000 0.0000 0.1200 1
-2.3297 7.9998 -1.8200 0.0000 0.0000 0.0000 0.1200 1
-2.2130 7.9999 -1.9678 0.0000 0.0000 0.0000 0.1200 1
-2.0812 7.9998 -2.1129 0.0000 0.0000 0.0000 0.1200 1
-1.9448 8.0008 -2.2354 0.0000 0.0000 0.0000 0.1200 1
-1.7898 8.0010 -2.3624 0.0000 0.0000 0.0000 0.1200 1
-1.6250 7.9997 -2.4814 0.0000 0.0000 0.0000 0.1200 1
-1.4605 7.9993 -2.5858 0.0000 0.0000 0.0000 0.1200 1
-1.2741 8.0002 -2.6867 0.0000 0.0000 0.0000 0.1200 1
-1.1037 8.0001 -2.7607 0.0000 0.0000 0.0000 0.1200 1
-0.9335 7.9993 -2.8237 0.0000 0.0000 0.0000 0.1200 1
-0.7310 8.0000 -2.8886 0.0000 0.0000 0.0000 0.1200 1
-0.5453 7.9990 -2.9313 0.0000 0.0000 0.0000 0.1200 1
-0.3494 8.0011 -2.9666 0.0000 0.0000 0.0000 0.1200 1
-0.1515 8.0003 -2.9900 0.0000 0.0000 0.0000 0.1200 1
0.0593 8.0010 -2.9962 0.0000 0.0000 0.0000 0.1200 1
0.2433 8.0011 -2.9869 0.0000 0.0000 0.0000 0.1200 1
0.4549 7.9998 -2.9676 0.0000 0.0000 0.0000 0.1200 1
0.6407 7.9991 -2.9346 0.0000 0.0000 0.0000 0.1200 1
0.8202 8.0006 -2.8915 0.0000 0.0000 0.0000 0.1200 1
1.0240 7.9982 -2.8281 0.0000 0.0000 0.0000 0.1200 1
1.2006 8.0030 -2.7607 0.0000 0.0000 0.0000 0.1200 1
1.3918 8.0003 -2.6773 0.0000 0.0000 0.0000 0.1200 1
1.5363 8.0007 -2.5965 0.0000 0.0000 0.0000 0.1200 1
1.7090 8.0007 -2.4883 0.0000 0.0000 0.0000 0.1200 1
1.8702 8.0008 -2.3750 0.0000 0.0000 0.0000 0.1200 1
2.0062 8.0005 -2.2604 0.0000 0.0000 0.0000 0.1200 1
2.1695 8.0008 -2.1102 0.0000 0.0000 0.0000 0.1200 1
2.3045 8.0021 -1.9657 0.0000 0.0000 0.0000 0.1200 1
2.4263 8.0004 -1.8212 0.0000 0.0000 0.0000 0.1200 1
2.5417 7.9989 -1.6452 0.0000 0.0000 0.0000 0.1200 1
2.6433 8.0001 -1.4872 0.0000 0.0000 0.0000 0.1200 1
2.7346 8.0011 -1.3252 0.0000 0.0000 0.0000 0.1200 1
2.8100 7.9983 -1.1513 0.0000 0.0000 0.0000 0.1200 1
2.8882 7.9992 -0.9557 0.0000 0.0000 0.0000 0.1200 1
2.9470 7.9995 -0.7467 0.0000 0.0000 0.0000 0.1200 1
2.9891 8.0005 -0.5838 0.0000 0.0000 0.0000 0.1200 1
3.0247 8.0009 -0.3546 0.0000 0.0000 0.0000 0.1200 1
3.0393 8.0015 -0.1943 0.0000 0.0000 0.0000 0.1200 1
3.0465 8.5002 0.0180 0.0000 0.0000 0.0000 0.1200 1
3.0408 8.4995 0.2241 0.0000 0.0000 0.0000 0.1200 1
3.0253 8.5021 0.3848 0.0000 0.0000 0.0000 0.1200 1
2.9914 8.4997 0.6013 0.0000 0.0000 0.0000 0.1200 1
2.9528 8.5010 0.7713 0.0000 0.0000 0.0000 0.1200 1
2.8957 8.4995 0.9569 0.0000 0.0000 0.0000 0.1200 1
2.8194 8.5013 1.1623 0.0000 0.0000 0.0000 0.1200 1
2.7498 8.5013 1.3216 0.0000 0.0000 0.0000 0.1200 1
2.6539 8.5006 1.5015 0.0000 0.0000 0.0000 0.1200 1
2.5502 8.4990 1.6647 0.0000 0.0000 0.0000 0.1200 1
2.4338 8.5003 1.8318 0.0000 0.0000 0.0000 0.1200 1
2.2961 8.5001 1.9952 0.0000 0.0000 0.0000 0.1200 1
2.1854 8.4995 2.1199 0.0000 0.0000 0.0000 0.1200 1
2.0144 8.4999 2.2744 0.0000 0.0000 0.0000 0.1200 1
1.8705 8.5000 2.3915 0.0000 0.0000 0.0000 0.1200 1
1.7296 8.4999 2.4944 0.0000 0.0000 0.0000 0.1200 1
1.5467 8.4998 2.6093 0.0000 0.0000 0.0000 0.1200 1
1.3858 8.5009 2.6930 0.0000 0.0000 0.0000 0.1200 1
1.1871 8.4985 2.7858 0.0000 0.0000 0.0000 0.1200 1
1.0099 8.5011 2.8496 0.0000 0.0000 0.0000 0.1200 1
0.8193 8.5004 2.9075 0.0000 0.0000 0.0000 0.1200 1
0.6318 8.5006 2.9515 0.0000 0.0000 0.0000 0.1200 1
0.4491 8.4994 2.9805 0.0000 0.0000 0.0000 0.1200 1
0.2354 8.5000 3.0037 0.0000 0.0000 0.0000 0.1200 1
0.0443 8.5009 3.0050 0.0000 0.0000 0.0000 0.1200 1
-0.1428 8.5004 3.0048 0.0000 0.0000 0.0000 0.1200 1
-0.3394 8.5001 2.9839 0.0000 0.0000 0.0000 0.1200 1
-0.5572 8.4997 2.9450 0.0000 0.0000 0.0000 0.1200 1
-0.7148 8.4999 2.9122 0.0000 0.0000 0.0000 0.1200 1
-0.9326 8.4988 2.8401 0.0000 0.0000 0.0000 0.1200 1
-1.0972 8.5005 2.7818 0.0000 0.0000 0.0000 0.1200 1
-1.2861 8.4996 2.6955 0.0000 0.0000 0.0000 0.1200 1
-1.4386 8.5001 2.6132 0.0000 0.0000 0.0000 0.1200 1
-1.6331 8.5002 2.4940 0.0000 0.0000 0.0000 0.1200 1
-1.7876 8.4987 2.3831 0.0000 0.0000 0.0000 0.1200 1
-1.9247 8.5003 2.2667 0.0000 0.0000 0.0000 0.1200 1
-2.0809 8.4981 2.1228 0.0000 0.0000 0.0000 0.1200 1
-2.1994 8.4995 1.9961 0.0000 0.0000 0.0000 0.1200 1
-2.3248 8.4995 1.8433 0.0000 0.0000 0.0000 0.1200 1
-2.4458 8.5000 1.6769 0.0000 0.0000 0.0000 0.1200 1
-2.5395 8.5001 1.5282 0.0000 0.0000 0.0000 0.1200 1
-2.6409 8.4999 1.3328 0.0000 0.0000 0.0000 0.1200 1
-2.7239 8.5001 1.1518 0.0000 0.0000 0.0000 0.1200 1
-2.7935 8.5003 0.9703 0.0000 0.0000 0.0000 0.1200 1
-2.8441 8.4999 0.8019 0.0000 0.0000 0.0000 0.1200 1
-2.8919 8.4986 0.6102 0.0000 0.0000 0.0000 0.1200 1
-2.9221 8.5001 0.4133 0.0000 0.0000 0.0000 0.1200 1
-2.9425 8.5007 0.1874 0.0000 0.0000 0.0000 0.1200 1
-2.9477 8.5002 0.0258 0.0000 0.0000 0.0000 0.1200 1
-2.9434 8.4991 -0.1946 0.0000 0.0000 0.0000 0.1200 1
-2.9228 8.5004 -0.3853 0.0000 0.0000 0.0000 0.1200 1
-2.8891 8.5002 -0.5840 0.0000 0.0000 0.0000 0.1200 1
-2.8489 8.5001 -0.7740 0.0000 0.0000 0.0000 0.1200 1
-2.7897 8.4997 -0.9714 0.0000 0.0000 0.0000 0.1200 1
-2.7232 8.5020 -1.1309 0.0000 0.0000 0.0000 0.1200 1
-2.6404 8.4989 -1.3153 0.0000 0.0000 0.0000 0.1200 1
-2.5569 8.5004 -1.4788 0.0000 0.0000 0.0000 0.1200 1
-2.4389 8.5014 -1.6709 0.0000 0.0000 0.0000 0.1200 1
-2.3320 8.5012 -1.8130 0.0000 0.0000 0.0000 0.1200 1
-2.2075 8.4989 -1.9699 0.0000 0.0000 0.0000 0.1200 1
-2.0626 8.4991 -2.1247 0.0000 0.0000 0.0000 0.1200 1
-1.9198 8.4989 -2.2568 0.0000 0.0000 0.0000 0.1200 1
-1.7657 8.4994 -2.3815 0.0000 0.0000 0.0000 0.1200 1
-1.6128 8.4991 -2.4904 0.0000 0.0000 0.0000 0.1200 1
-1.4548 8.4998 -2.5896 0.0000 0.0000 0.0000 0.1200 1
-1.2627 8.5017 -2.6869 0.0000 0.0000 0.0000 0.1200 1
-1.1044 8.4988 -2.7599 0.0000 0.0000 0.0000 0.1200 1
-0.9337 8.5010 -2.8245 0.0000 0.0000 0.0000 0.1200 1
-0.7452 8.5016 -2.8833 0.0000 0.0000 0.0000 0.1200 1
-0.5426 8.5002 -2.9357 0.0000 0.0000 0.0000 0.1200 1
-0.3398 8.4996 -2.9680 0.0000 0.0000 0.0000 0.1200 1
-0.1251 8.5008 -2.9835 0.0000 0.0000 0.0000 0.1200 1
0.0557 8.5001 -2.9904 0.0000 0.0000 0.0000 0.1200 1
0.2470 8.4992 -2.9878 0.0000 0.0000 0.0000 0.1200 1
0.4467 8.5018 -2.9614 0.0000 0.0000 0.0000 0.1200 1
0.6291 8.5013 -2.9335 0.0000 0.0000 0.0000 0.1200 1
0.8090 8.5013 -2.8933 0.0000 0.0000 0.0000 0.1200 1
1.0150 8.4987 -2.8314 0.0000 0.0000 0.0000 0.1200 1
1.2141 8.4981 -2.7546 0.0000 0.0000 0.0000 0.1200 1
1.3655 8.4994 -2.6851 0.0000 0.0000 0.0000 0.1200 1
1.5592 8.4993 -2.5853 0.0000 0.0000 0.0000 0.1200 1
1.7172 8.5011 -2.4844 0.0000 0.0000 0.0000 0.1200 1
1.8742 8.4992 -2.3745 0.0000 0.0000 0.0000 0.1200 1
2.0281 8.5002 -2.2456 0.0000 0.0000 0.0000 0.1200 1
2.1640 8.5018 -2.1195 0.0000 0.0000 0.0000 0.1200 1
2.2988 8.5006 -1.9733 0.0000 0.0000 0.0000 0.1200 1
2.4319 8.5000 -1.8152 0.0000 0.0000 0.0000 0.1200 1
2.5446 8.5014 -1.6566 0.0000 0.0000 0.0000 0.1200 1
2.6470 8.5008 -1.4884 0.0000 0.0000 0.0000 0.1200 1
2.7378 8.4984 -1.3263 0.0000 0.0000 0.0000 0.1200 1
2.8209 8.4990 -1.1448 0.0000 0.0000 0.0000 0.1200 1
2.8985 8.4996 -0.9450 0.0000 0.0000 0.0000 0.1200 1
2.9422 8.4997 -0.7676 0.0000 0.0000 0.0000 0.1200 1
2.9934 8.5013 -0.5698 0.0000 0.0000 0.0000 0.1200 1
3.0264 8.4990 -0.3822 0.0000 0.0000 0.0000 0.1200 1
3.0422 8.5024 -0.1714 0.0000 0.0000 0.0000 0.1200 1
3.0528 9.0009 0.0080 0.0000 0.0000 0.0000 0.1200 1
3.0483 9.0000 0.2151 0.0000 0.0000 0.0000 0.1200 1
3.0295 9.0000 0.3850 0.0000 0.0000 0.0000 0.1200 1
2.9949 8.9998 0.5921 0.0000 0.0000 0.0000 0.1200 1
2.9461 8.9987 0.7958 0.0000 0.0000 0.0000 0.1200 1
2.8913 9.0003 0.9785 0.0000 0.0000 0.0000 0.1200 1
2.8271 9.0006 1.1552 0.0000 0.0000 0.0000 0.1200 1
2.7503 8.9982 1.3252 0.0000 0.0000 0.0000 0.1200 1
2.6483 9.0008 1.5087 0.0000 0.0000 0.0000 0.1200 1
2.5440 8.9995 1.6794 0.0000 0.0000 0.0000 0.1200 1
2.4287 8.9999 1.8340 0.0000 0.0000 0.0000 0.1200 1
2.3072 8.9999 1.9832 0.0000 0.0000 0.0000 0.1200 1
2.1694 8.9981 2.1277 0.0000 0.0000 0.0000 0.1200 1
2.0295 8.9995 2.2680 0.0000 0.0000 0.0000 0.1200 1
1.8852 8.9993 2.3808 0.0000 0.0000 0.0000 0.1200 1
1.7101 9.0001 2.5059 0.0000 0.0000 0.0000 0.1200 1
1.5393 9.0000 2.6130 0.0000 0.0000 0.0000 0.1200 1
1.3679 8.9995 2.7059 0.0000 0.0000 0.0000 0.1200 1
1.1975 9.0005 2.7819 0.0000 0.0000 0.0000 0.1200 1
1.0042 9.0013 2.8557 0.0000 0.0000 0.0000 0.1200 1
0.8204 8.9995 2.9092 0.0000 0.0000 0.0000 0.1200 1
0.6325 9.0005 2.9514 0.0000 0.0000 0.0000 0.1200 1
0.4558 8.9997 2.9841 0.0000 0.0000 0.0000 0.1200 1
0.2463 8.9995 3.0004 0.0000 0.0000 0.0000 0.1200 1
0.0592 9.0025 3.0111 0.0000 0.0000 0.0000 0.1200 1
-0.1397 9.0025 3.0009 0.0000 0.0000 0.0000 0.1200 1
-0.3293 9.0004 2.9843 0.0000 0.0000 0.0000 0.1200 1
-0.5271 8.9999 2.9525 0.0000 0.0000 0.0000 0.1200 1
-0.7299 9.0003 2.9053 0.0000 0.0000 0.0000 0.1200 1
-0.9201 9.0000 2.8454 0.0000 0.0000 0.0000 0.1200 1
-1.0974 9.0007 2.7822 0.0000 0.0000 0.0000 0.1200 1
-1.2541 8.9995 2.7095 0.0000 0.0000 0.0000 0.1200 1
-1.4385 9.0022 2.6148 0.0000 0.0000 0.0000 0.1200 1
-1.6152 9.0008 2.5050 0.0000 0.0000 0.0000 0.1200 1
-1.7760 8.9993 2.3843 0.0000 0.0000 0.0000 0.1200 1
-1.9333 9.0001 2.2559 0.0000 0.0000 0.0000 0.1200 1
-2.0694 9.0005 2.1313 0.0000 0.0000 0.0000 0.1200 1
-2.2024 9.0019 1.9861 0.0000 0.0000 0.0000 0.1200 1
-2.3295 8.9996 1.8320 0.0000 0.0000 0.0000 0.1200 1
-2.4311 8.9990 1.6893 0.0000 0.0000 0.0000 0.1200 1
-2.5478 8.9991 1.5058 0.0000 0.0000 0.0000 0.1200 1
-2.6301 8.9978 1.3522 0.0000 0.0000 0.0000 0.1200 1
-2.7194 9.0008 1.1622 0.0000 0.0000 0.0000 0.1200 1
-2.7917 9.0000 0.9745 0.0000 0.0000 0.0000 0.1200 1
-2.8432 8.9993 0.7992 0.0000 0.0000 0.0000 0.1200 1
-2.8908 9.0004 0.6012 0.0000 0.0000 0.0000 0.1200 1
-2.9199 9.0004 0.4027 0.0000 0.0000 0.0000 0.1200 1
-2.9406 9.0010 0.2059 0.0000 0.0000 0.0000 0.1200 1
-2.9480 9.0011 0.0111 0.0000 0.0000 0.0000 0.1200 1
-2.9406 8.9978 -0.2109 0.0000 0.0000 0.0000 0.1200 1
-2.9222 8.9992 -0.3882 0.0000 0.0000 0.0000 0.1200 1
-2.8897 8.9992 -0.5737 0.0000 0.0000 0.0000 0.1200 1
-2.8435 8.9991 -0.7696 0.0000 0.0000 0.0000 0.1200 1
-2.7817 9.0005 -0.9727 0.0000 0.0000 0.0000 0.1200 1
-2.7154 8.9997 -1.1419 0.0000 0.0000 0.0000 0.1200 1
-2.6454 8.9999 -1.3052 0.0000 0.0000 0.0000 0.1200 1
-2.5444 9.0009 -1.4869 0.0000 0.0000 0.0000 0.1200 1
-2.4413 9.0003 -1.6617 0.0000 0.0000 0.0000 0.1200 1
-2.3168 8.9997 -1.8322 0.0000 0.0000 0.0000 0.1200 1
-2.2031 9.0005 -1.9751 0.0000 0.0000 0.0000 0.1200 1
-2.0684 9.0006 -2.1143 0.0000 0.0000 0.0000 0.1200 1
-1.9372 9.0002 -2.2365 0.0000 0.0000 0.0000 0.1200 1
-1.7679 9.0003 -2.3760 0.0000 0.0000 0.0000 0.1200 1
-1.6087 9.0003 -2.4918 0.0000 0.0000 0.0000 0.1200 1
-1.4537 8.9999 -2.5864 0.0000 0.0000 0.0000 0.1200 1
-1.2950 8.9995 -2.6700 0.0000 0.0000 0.0000 0.1200 1
-1.1022 8.9997 -2.7641 0.0000 0.0000 0.0000 0.1200 1
-0.9202 9.0003 -2.8290 0.0000 0.0000 0.0000 0.1200 1
-0.7344 9.0005 -2.8830 0.0000 0.0000 0.0000 0.1200 1
-0.5294 9.0006 -2.9373 0.0000 0.0000 0.0000 0.1200 1
-0.3563 9.0000 -2.9641 0.0000 0.0000 0.0000 0.1200 1
-0.1276 9.0012 -2.9860 0.0000 0.0000 0.0000 0.1200 1
0.0523 9.0014 -2.9911 0.0000 0.0000 0.0000 0.1200 1
0.2593 8.9996 -2.9861 0.0000 0.0000 0.0000 0.1200 1
0.4265 8.9993 -2.9659 0.0000 0.0000 0.0000 0.1200 1
0.6290 8.9988 -2.9324 0.0000 0.0000 0.0000 0.1200 1
0.8229 9.0002 -2.8940 0.0000 0.0000 0.0000 0.1200 1
1.0165 8.9997 -2.8358 0.0000 0.0000 0.0000 0.1200 1
1.1943 9.0004 -2.7639 0.0000 0.0000 0.0000 0.1200 1
1.3754 9.0006 -2.6788 0.0000 0.0000 0.0000 0.1200 1
1.5472 9.0003 -2.5894 0.0000 0.0000 0.0000 0.1200 1
1.7139 9.0006 -2.4864 0.0000 0.0000 0.0000 0.1200 1
1.8902 9.0004 -2.3659 0.0000 0.0000 0.0000 0.1200 1
2.0255 8.9998 -2.2464 0.0000 0.0000 0.0000 0.1200 1
2.1652 8.9997 -2.1192 0.0000 0.0000 0.0000 0.1200 1
2.2996 9.0006 -1.9794 0.0000 0.0000 0.0000 0.1200 1
2.4347 9.0009 -1.8164 0.0000 0.0000 0.0000 0.1200 1
2.5339 8.9998 -1.6741 0.0000 0.0000 0.0000 0.1200 1
2.6506 8.9999 -1.4814 0.0000 0.0000 0.0000 0.1200 1
2.7446 8.9990 -1.3134 0.0000 0.0000 0.0000 0.1200 1
2.8262 9.0002 -1.1396 0.0000 0.0000 0.0000 0.1200 1
2.8942 8.9994 -0.9561 0.0000 0.0000 0.0000 0.1200 1
2.9516 9.0001 -0.7512 0.0000 0.0000 0.0000 0.1200 1
2.9946 9.0001 -0.5773 0.0000 0.0000 0.0000 0.1200 1
3.0247 9.0019 -0.3789 0.0000 0.0000 0.0000 0.1200 1
3.0448 9.0012 -0.1948 0.0000 0.0000 0.0000 0.1200 1
3.0549 9.4996 0.0137 0.0000 0.0000 0.0000 0.1200 1
3.0498 9.4988 0.1987 0.0000 0.0000 0.0000 0.1200 1
3.0294 9.5006 0.4112 0.0000 0.0000 0.0000 0.1200 1
2.9955 9.5011 0.6008 0.0000 0.0000 0.0000 0.1200 1
2.9530 9.5004 0.7905 0.0000 0.0000 0.0000 0.1200 1
2.8915 9.4985 0.9901 0.0000 0.0000 0.0000 0.1200 1
2.8354 9.5007 1.1373 0.0000 0.0000 0.0000 0.1200 1
2.7413 9.5015 1.3368 0.0000 0.0000 0.0000 0.1200 1
2.6544 9.4986 1.5017 0.0000 0.0000 0.0000 0.1200 1
2.5416 9.4982 1.6862 0.0000 0.0000 0.0000 0.1200 1
2.4450 9.4997 1.8221 0.0000 0.0000 0.0000 0.1200 1
2.3042 9.5014 1.9945 0.0000 0.0000 0.0000 0.1200 1
2.1864 9.5012 2.1242 0.0000 0.0000 0.0000 0.1200 1
2.0221 9.4991 2.2732 0.0000 0.0000 0.0000 0.1200 1
1.8670 9.4997 2.3975 0.0000 0.0000 0.0000 0.1200 1
1.7266 9.4983 2.5002 0.0000 0.0000 0.0000 0.1200 1
1.5504 9.4999 2.6092 0.0000 0.0000 0.0000 0.1200 1
1.3985 9.5017 2.6899 0.0000 0.0000 0.0000 0.1200 1
1.2048 9.4997 2.7836 0.0000 0.0000 0.0000 0.1200 1
1.0148 9.5012 2.8507 0.0000 0.0000 0.0000 0.1200 1
0.8487 9.4991 2.9064 0.0000 0.0000 0.0000 0.1200 1
0.6282 9.4999 2.9535 0.0000 0.0000 0.0000 0.1200 1
0.4306 9.5015 2.9922 0.0000 0.0000 0.0000 0.1200 1
0.2422 9.4995 3.0026 0.0000 0.0000 0.0000 0.1200 1
0.0561 9.5007 3.0102 0.0000 0.0000 0.0000 0.1200 1
-0.1347 9.5004 3.0010 0.0000 0.0000 0.0000 0.1200 1
-0.3386 9.4986 2.9854 0.0000 0.0000 0.0000 0.1200 1
-0.5464 9.4993 2.9508 0.0000 0.0000 0.0000 0.1200 1
-0.7146 9.4990 2.9122 0.0000 0.0000 0.0000 0.1200 1
-0.9074 9.4999 2.8525 0.0000 0.0000 0.0000 0.1200 1
-1.1006 9.5001 2.7769 0.0000 0.0000 0.0000 0.1200 1
-1.2751 9.5013 2.6964 0.0000 0.0000 0.0000 0.1200 1
-1.4482 9.5005 2.6068 0.0000 0.0000 0.0000 0.1200 1
-1.6149 9.4993 2.5085 0.0000 0.0000 0.0000 0.1200 1
-1.7628 9.4995 2.3945 0.0000 0.0000 0.0000 0.1200 1
-1.9182 9.5001 2.2729 0.0000 0.0000 0.0000 0.1200 1
-2.0524 9.5001 2.1449 0.0000 0.0000 0.0000 0.1200 1
-2.2049 9.4999 1.9822 0.0000 0.0000 0.0000 0.1200 1
-2.3168 9.5012 1.8464 0.0000 0.0000 0.0000 0.1200 1
-2.4270 9.5004 1.6948 0.0000 0.0000 0.0000 0.1200 1
-2.5389 9.4986 1.5140 0.0000 0.0000 0.0000 0.1200 1
-2.6290 9.5013 1.3516 0.0000 0.0000 0.0000 0.1200 1
-2.7231 9.5004 1.1538 0.0000 0.0000 0.0000 0.1200 1
-2.7890 9.4982 0.9683 0.0000 0.0000 0.0000 0.1200 1
-2.8411 9.4999 0.7896 0.0000 0.0000 0.0000 0.1200 1
-2.8895 9.5006 0.5931 0.0000 0.0000 0.0000 0.1200 1
-2.9176 9.4998 0.4256 0.0000 0.0000 0.0000 0.1200 1
-2.9425 9.4992 0.1874 0.0000 0.0000 0.0000 0.1200 1
-2.9437 9.4992 0.0265 0.0000 0.0000 0.0000 0.1200 1
-2.9385 9.4999 -0.1876 0.0000 0.0000 0.0000 0.1200 1
-2.9172 9.4996 -0.4079 0.0000 0.0000 0.0000 0.1200 1
-2.8831 9.5017 -0.5755 0.0000 0.0000 0.0000 0.1200 1
-2.8455 9.5008 -0.7704 0.0000 0.0000 0.0000 0.1200 1
-2.7930 9.4999 -0.9378 0.0000 0.0000 0.0000 0.1200 1
-2.7162 9.4991 -1.1445 0.0000 0.0000 0.0000 0.1200 1
-2.6411 9.4977 -1.3091 0.0000 0.0000 0.0000 0.1200 1
-2.5432 9.5008 -1.4954 0.0000 0.0000 0.0000 0.1200 1
-2.4392 9.5023 -1.6567 0.0000 0.0000 0.0000 0.1200 1
-2.3161 9.5011 -1.8272 0.0000 0.0000 0.0000 0.1200 1
-2.2021 9.4992 -1.9630 0.0000 0.0000 0.0000 0.1200 1
-2.0650 9.4996 -2.1160 0.0000 0.0000 0.0000 0.1200 1
-1.9349 9.5025 -2.2358 0.0000 0.0000 0.0000 0.1200 1
-1.7877 9.4999 -2.3571 0.0000 0.0000 0.0000 0.1200 1
-1.6091 9.4995 -2.4904 0.0000 0.0000 0.0000 0.1200 1
-1.4355 9.5014 -2.5950 0.0000 0.0000 0.0000 0.1200 1
-1.2509 9.5000 -2.6899 0.0000 0.0000 0.0000 0.1200 1
-1.0922 9.5013 -2.7648 0.0000 0.0000 0.0000 0.1200 1
-0.9202 9.4981 -2.8251 0.0000 0.0000 0.0000 0.1200 1
-0.7151 9.5001 -2.8910 0.0000 0.0000 0.0000 0.1200 1
-0.5479 9.5012 -2.9307 0.0000 0.0000 0.0000 0.1200 1
-0.3275 9.5006 -2.9660 0.0000 0.0000 0.0000 0.1200 1
-0.1342 9.5012 -2.9837 0.0000 0.0000 0.0000 0.1200 1
0.0566 9.4986 -2.9871 0.0000 0.0000 0.0000 0.1200 1
0.2561 9.4992 -2.9847 0.0000 0.0000 0.0000 0.1200 1
0.4401 9.5012 -2.9664 0.0000 0.0000 0.0000 0.1200 1
0.6352 9.5012 -2.9369 0.0000 0.0000 0.0000 0.1200 1
0.8331 9.4992 -2.8890 0.0000 0.0000 0.0000 0.1200 1
1.0287 9.4992 -2.8284 0.0000 0.0000 0.0000 0.1200 1
1.1990 9.4987 -2.7638 0.0000 0.0000 0.0000 0.1200 1
1.3839 9.5006 -2.6781 0.0000 0.0000 0.0000 0.1200 1
1.5654 9.5004 -2.5801 0.0000 0.0000 0.0000 0.1200 1
1.7357 9.4995 -2.4724 0.0000 0.0000 0.0000 0.1200 1
1.8788 9.4997 -2.3664 0.0000 0.0000 0.0000 0.1200 1
2.0350 9.5004 -2.2421 0.0000 0.0000 0.0000 0.1200 1
2.1693 9.4990 -2.1251 0.0000 0.0000 0.0000 0.1200 1
2.3010 9.5007 -1.9796 0.0000 0.0000 0.0000 0.1200 1
2.4508 9.4995 -1.7974 0.0000 0.0000 0.0000 0.1200 1
2.5523 9.5018 -1.6568 0.0000 0.0000 0.0000 0.1200 1
2.6478 9.4998 -1.4929 0.0000 0.0000 0.0000 0.1200 1
2.7477 9.4998 -1.3112 0.0000 0.0000 0.0000 0.1200 1
2.8248 9.4992 -1.1397 0.0000 0.0000 0.0000 0.1200 1
2.8977 9.4995 -0.9578 0.0000 0.0000 0.0000 0.1200 1
2.9593 9.4995 -0.7506 0.0000 0.0000 0.0000 0.1200 1
2.9943 9.4995 -0.5743 0.0000 0.0000 0.0000 0.1200 1
3.0307 9.5002 -0.3923 0.0000 0.0000 0.0000 0.1200 1
3.0467 9.4998 -0.1838 0.0000 0.0000 0.0000 0.1200 1
3.0548 10.0017 0.0112 0.0000 0.0000 0.0000 0.1200 1
3.0493 10.0009 0.2142 0.0000 0.0000 0.0000 0.1200 1
3.0321 10.0003 0.4048 0.0000 0.0000 0.0000 0.1200 1
3.0019 9.9992 0.5895 0.0000 0.0000 0.0000 0.1200 1
2.9569 9.9981 0.7767 0.0000 0.0000 0.0000 0.1200 1
2.8952 9.9992 0.9851 0.0000 0.0000 0.0000 0.1200 1
2.8336 10.0013 1.1459 0.0000 0.0000 0.0000 0.1200 1
2.7511 9.9997 1.3283 0.0000 0.0000 0.0000 0.1200 1
2.6638 9.9994 1.4991 0.0000 0.0000 0.0000 0.1200 1
2.5564 9.9988 1.6649 0.0000 0.0000 0.0000 0.1200 1
2.4459 10.0000 1.8280 0.0000 0.0000 0.0000 0.1200 1
2.3193 10.0004 1.9820 0.0000 0.0000 0.0000 0.1200 1
2.1793 9.9992 2.1355 0.0000 0.0000 0.0000 0.1200 1
2.0318 9.9989 2.2710 0.0000 0.0000 0.0000 0.1200 1
1.8850 9.9987 2.3881 0.0000 0.0000 0.0000 0.1200 1
1.7243 9.9994 2.5045 0.0000 0.0000 0.0000 0.1200 1
1.5617 9.9995 2.5993 0.0000 0.0000 0.0000 0.1200 1
1.3758 10.0015 2.7039 0.0000 0.0000 0.0000 0.1200 1
1.2243 10.0010 2.7737 0.0000 0.0000 0.0000 0.1200 1
1.0269 10.0002 2.8507 0.0000 0.0000 0.0000 0.1200 1
0.8152 9.9988 2.9121 0.0000 0.0000 0.0000 0.1200 1
0.6549 10.0023 2.9458 0.0000 0.0000 0.0000 0.1200 1
0.4538 10.0020 2.9806 0.0000 0.0000 0.0000 0.1200 1
0.2390 10.0019 3.0044 0.0000 0.0000 0.0000 0.1200 1
0.0666 10.0006 3.0089 0.0000 0.0000 0.0000 0.1200 1
-0.1377 9.9992 3.0055 0.0000 0.0000 0.0000 0.1200 1
-0.3300 9.9985 2.9836 0.0000 0.0000 0.0000 0.1200 1
-0.5311 10.0012 2.9505 0.0000 0.0000 0.0000 0.1200 1
-0.7217 10.0003 2.9088 0.0000 0.0000 0.0000 0.1200 1
-0.8995 9.9986 2.8502 0.0000 0.0000 0.0000 0.1200 1
-1.0840 10.0008 2.7859 0.0000 0.0000 0.0000 0.1200 1
-1.2684 10.0003 2.7001 0.0000 0.0000 0.0000 0.1200 1
-1.4317 9.9999 2.6124 0.0000 0.0000 0.0000 0.1200 1
-1.6281 10.0016 2.4948 0.0000 0.0000 0.0000 0.1200 1
-1.7749 10.0004 2.3855 0.0000 0.0000 0.0000 0.1200 1
-1.9250 9.9973 2.2567 0.0000 0.0000 0.0000 0.1200 1
-2.0776 10.0008 2.1200 0.0000 0.0000 0.0000 0.1200 1
-2.2030 10.0009 1.9824 0.0000 0.0000 0.0000 0.1200 1
-2.3199 10.0001 1.8351 0.0000 0.0000 0.0000 0.1200 1
-2.4407 10.0016 1.6758 0.0000 0.0000 0.0000 0.1200 1
-2.5277 10.0012 1.5266 0.0000 0.0000 0.0000 0.1200 1
-2.6386 9.9975 1.3298 0.0000 0.0000 0.0000 0.1200 1
-2.7233 9.9998 1.1360 0.0000 0.0000 0.0000 0.1200 1
-2.7822 10.0009 0.9747 0.0000 0.0000 0.0000 0.1200 1
-2.8373 9.9997 0.7986 0.0000 0.0000 0.0000 0.1200 1
-2.8838 9.9991 0.5979 0.0000 0.0000 0.0000 0.1200 1
-2.9214 9.9983 0.3917 0.0000 0.0000 0.0000 0.1200 1
-2.9394 10.0008 0.2168 0.0000 0.0000 0.0000 0.1200 1
-2.9414 10.0011 0.0129 0.0000 0.0000 0.0000 0.1200 1
-2.9353 9.9998 -0.1708 0.0000 0.0000 0.0000 0.1200 1
-2.9170 9.9997 -0.3897 0.0000 0.0000 0.0000 0.1200 1
-2.8850 10.0006 -0.5768 0.0000 0.0000 0.0000 0.1200 1
-2.8364 10.0002 -0.7725 0.0000 0.0000 0.0000 0.1200 1
-2.7953 10.0000 -0.9304 0.0000 0.0000 0.0000 0.1200 1
-2.7200 10.0004 -1.1265 0.0000 0.0000 0.0000 0.1200 1
-2.6361 10.0003 -1.3123 0.0000 0.0000 0.0000 0.1200 1
-2.5394 10.0011 -1.4914 0.0000 0.0000 0.0000 0.1200 1
-2.4449 10.0001 -1.6411 0.0000 0.0000 0.0000 0.1200 1
-2.3226 9.9984 -1.8133 0.0000 0.0000 0.0000 0.1200 1
-2.1956 10.0002 -1.9764 0.0000 0.0000 0.0000 0.1200 1
-2.0662 9.9989 -2.1034 0.0000 0.0000 0.0000 0.1200 1
-1.9256 10.0002 -2.2391 0.0000 0.0000 0.0000 0.1200 1
-1.7739 10.0010 -2.3681 0.0000 0.0000 0.0000 0.1200 1
-1.6218 10.0004 -2.4777 0.0000 0.0000 0.0000 0.1200 1
-1.4559 10.0006 -2.5830 0.0000 0.0000 0.0000 0.1200 1
-1.2756 9.9998 -2.6778 0.0000 0.0000 0.0000 0.1200 1
-1.0955 10.0002 -2.7572 0.0000 0.0000 0.0000 0.1200 1
-0.9058 10.0009 -2.8300 0.0000 0.0000 0.0000 0.1200 1
-0.7221 9.9997 -2.8862 0.0000 0.0000 0.0000 0.1200 1
-0.5297 10.0002 -2.9329 0.0000 0.0000 0.0000 0.1200 1
-0.3216 10.0004 -2.9668 0.0000 0.0000 0.0000 0.1200 1
-0.1490 9.9993 -2.9819 0.0000 0.0000 0.0000 0.1200 1
0.0625 10.0008 -2.9936 0.0000 0.0000 0.0000 0.1200 1
0.2380 9.9989 -2.9861 0.0000 0.0000 0.0000 0.1200 1
0.4441 10.0017 -2.9650 0.0000 0.0000 0.0000 0.1200 1
0.6399 9.9992 -2.9339 0.0000 0.0000 0.0000 0.1200 1
0.8331 9.9989 -2.8855 0.0000 0.0000 0.0000 0.1200 1
1.0085 9.9981 -2.8386 0.0000 0.0000 0.0000 0.1200 1
1.1943 10.0001 -2.7657 0.0000 0.0000 0.0000 0.1200 1
1.3737 10.0002 -2.6849 0.0000 0.0000 0.0000 0.1200 1
1.5755 10.0001 -2.5815 0.0000 0.0000 0.0000 0.1200 1
1.7294 9.9991 -2.4823 0.0000 0.0000 0.0000 0.1200 1
1.8892 10.0000 -2.3660 0.0000 0.0000 0.0000 0.1200 1
2.0291 10.0015 -2.2521 0.0000 0.0000 0.0000 0.1200 1
2.1820 10.0003 -2.1082 0.0000 0.0000 0.0000 0.1200 1
2.3172 10.0006 -1.9647 0.0000 0.0000 0.0000 0.1200 1
2.4402 9.9996 -1.8119 0.0000 0.0000 0.0000 0.1200 1
2.5591 10.0011 -1.6458 0.0000 0.0000 0.0000 0.1200 1
2.6569 9.9999 -1.4829 0.0000 0.0000 0.0000 0.1200 1
2.7462 9.9984 -1.3190 0.0000 0.0000 0.0000 0.1200 1
2.8352 9.9996 -1.1202 0.0000 0.0000 0.0000 0.1200 1
2.8932 10.0009 -0.9702 0.0000 0.0000 0.0000 0.1200 1
2.9536 10.0000 -0.7730 0.0000 0.0000 0.0000 0.1200 1
3.0015 10.0020 -0.5704 0.0000 0.0000 0.0000 0.1200 1
3.0289 10.0014 -0.3883 0.0000 0.0000 0.0000 0.1200 1
3.0510 9.9992 -0.1837 0.0000 0.0000 0.0000 0.1200 1
3.0579 10.5004 0.0176 0.0000 0.0000 0.0000 0.1200 1
3.0569 10.5005 0.2057 0.0000 0.0000 0.0000 0.1200 1
3.0380 10.5008 0.4034 0.0000 0.0000 0.0000 0.1200 1
2.9983 10.5011 0.6073 0.0000 0.0000 0.0000 0.1200 1
2.9621 10.4991 0.7697 0.0000 0.0000 0.0000 0.1200 1
2.8994 10.4987 0.9820 0.0000 0.0000 0.0000 0.1200 1
2.8303 10.5004 1.1630 0.0000 0.0000 0.0000 0.1200 1
2.7537 10.5000 1.3362 0.0000 0.0000 0.0000 0.1200 1
2.6562 10.5004 1.5094 0.0000 0.0000 0.0000 0.1200 1
2.5656 10.4987 1.6560 0.0000 0.0000 0.0000 0.1200 1
2.4525 10.5000 1.8157 0.0000 0.0000 0.0000 0.1200 1
2.3153 10.5017 1.9878 0.0000 0.0000 0.0000 0.1200 1
2.2034 10.4985 2.1139 0.0000 0.0000 0.0000 0.1200 1
2.0258 10.4987 2.2764 0.0000 0.0000 0.0000 0.1200 1
1.8873 10.5002 2.3927 0.0000 0.0000 0.0000 0.1200 1
1.7174 10.4993 2.5093 0.0000 0.0000 0.0000 0.1200 1
1.5539 10.5024 2.6152 0.0000 0.0000 0.0000 0.1200 1
1.3871 10.5022 2.6983 0.0000 0.0000 0.0000 0.1200 1
1.1935 10.4990 2.7896 0.0000 0.0000 0.0000 0.1200 1
1.0309 10.5003 2.8462 0.0000 0.0000 0.0000 0.1200 1
0.8294 10.4994 2.9101 0.0000 0.0000 0.0000 0.1200 1
0.6316 10.5000 2.9533 0.0000 0.0000 0.0000 0.1200 1
0.4572 10.4995 2.9842 0.0000 0.0000 0.0000 0.1200 1
0.2665 10.4996 3.0041 0.0000 0.0000 0.0000 0.1200 1
0.0528 10.5006 3.0103 0.0000 0.0000 0.0000 0.1200 1
-0.1369 10.5007 3.0043 0.0000 0.0000 0.0000 0.1200 1
-0.3378 10.4981 2.9831 0.0000 0.0000 0.0000 0.1200 1
-0.5279 10.4995 2.9519 0.0000 0.0000 0.0000 0.1200 1
-0.7290 10.4998 2.9047 0.0000 0.0000 0.0000 0.1200 1
-0.8931 10.4984 2.8546 0.0000 0.0000 0.0000 0.1200 1
-1.0837 10.5000 2.7806 0.0000 0.0000 0.0000 0.1200 1
-1.2668 10.4980 2.7016 0.0000 0.0000 0.0000 0.1200 1
-1.4404 10.5004 2.6054 0.0000 0.0000 0.0000 0.1200 1
-1.6189 10.5007 2.4972 0.0000 0.0000 0.0000 0.1200 1
-1.7535 10.4989 2.3942 0.0000 0.0000 0.0000 0.1200 1
-1.9273 10.5002 2.2587 0.0000 0.0000 0.0000 0.1200 1
-2.0690 10.5003 2.1260 0.0000 0.0000 0.0000 0.1200 1
-2.1938 10.4995 1.9942 0.0000 0.0000 0.0000 0.1200 1
-2.3181 10.5002 1.8443 0.0000 0.0000 0.0000 0.1200 1
-2.4232 10.5009 1.6961 0.0000 0.0000 0.0000 0.1200 1
-2.5313 10.4993 1.5199 0.0000 0.0000 0.0000 0.1200 1
-2.6336 10.4998 1.3288 0.0000 0.0000 0.0000 0.1200 1
-2.7072 10.5009 1.1685 0.0000 0.0000 0.0000 0.1200 1
-2.7868 10.4987 0.9687 0.0000 0.0000 0.0000 0.1200 1
-2.8382 10.5010 0.7844 0.0000 0.0000 0.0000 0.1200 1
-2.8797 10.5008 0.6115 0.0000 0.0000 0.0000 0.1200 1
-2.9126 10.4992 0.4066 0.0000 0.0000 0.0000 0.1200 1
-2.9302 10.4993 0.2064 0.0000 0.0000 0.0000 0.1200 1
-2.9395 10.5002 0.0022 0.0000 0.0000 0.0000 0.1200 1
-2.9333 10.4992 -0.1727 0.0000 0.0000 0.0000 0.1200 1
-2.9116 10.5012 -0.3874 0.0000 0.0000 0.0000 0.1200 1
-2.8826 10.5014 -0.5787 0.0000 0.0000 0.0000 0.1200 1
-2.8378 10.5022 -0.7669 0.0000 0.0000 0.0000 0.1200 1
-2.7776 10.4996 -0.9620 0.0000 0.0000 0.0000 0.1200 1
-2.7070 10.4980 -1.1488 0.0000 0.0000 0.0000 0.1200 1
-2.6320 10.5011 -1.3114 0.0000 0.0000 0.0000 0.1200 1
-2.5386 10.5004 -1.4958 0.0000 0.0000 0.0000 0.1200 1
-2.4241 10.4996 -1.6719 0.0000 0.0000 0.0000 0.1200 1
-2.3309 10.4987 -1.7998 0.0000 0.0000 0.0000 0.1200 1
-2.1959 10.4985 -1.9603 0.0000 0.0000 0.0000 0.1200 1
-2.0632 10.4999 -2.1087 0.0000 0.0000 0.0000 0.1200 1
-1.9163 10.5000 -2.2471 0.0000 0.0000 0.0000 0.1200 1
-1.7655 10.4994 -2.3682 0.0000 0.0000 0.0000 0.1200 1
-1.5851 10.5008 -2.4965 0.0000 0.0000 0.0000 0.1200 1
-1.4347 10.4996 -2.5902 0.0000 0.0000 0.0000 0.1200 1
-1.2614 10.4991 -2.6834 0.0000 0.0000 0.0000 0.1200 1
-1.0997 10.4990 -2.7544 0.0000 0.0000 0.0000 0.1200 1
-0.9109 10.4993 -2.8266 0.0000 0.0000 0.0000 0.1200 1
-0.7275 10.4992 -2.8904 0.0000 0.0000 0.0000 0.1200 1
-0.5141 10.4998 -2.9334 0.0000 0.0000 0.0000 0.1200 1
-0.3193 10.4995 -2.9646 0.0000 0.0000 0.0000 0.1200 1
-0.1416 10.4990 -2.9846 0.0000 0.0000 0.0000 0.1200 1
0.0634 10.4986 -2.9884 0.0000 0.0000 0.0000 0.1200 1
0.2548 10.5006 -2.9861 0.0000 0.0000 0.0000 0.1200 1
0.4406 10.4997 -2.9665 0.0000 0.0000 0.0000 0.1200 1
0.6436 10.4996 -2.9365 0.0000 0.0000 0.0000 0.1200 1
0.8329 10.5000 -2.8888 0.0000 0.0000 0.0000 0.1200 1
1.0336 10.5000 -2.8276 0.0000 0.0000 0.0000 0.1200 1
1.1890 10.4990 -2.7662 0.0000 0.0000 0.0000 0.1200 1
1.3762 10.4987 -2.6869 0.0000 0.0000 0.0000 0.1200 1
1.5622 10.5019 -2.5902 0.0000 0.0000 0.0000 0.1200 1
1.7282 10.5002 -2.4853 0.0000 0.0000 0.0000 0.1200 1
1.8922 10.4991 -2.3666 0.0000 0.0000 0.0000 0.1200 1
2.0366 10.5001 -2.2491 0.0000 0.0000 0.0000 0.1200 1
2.1880 10.5009 -2.1043 0.0000 0.0000 0.0000 0.1200 1
2.3247 10.5003 -1.9613 0.0000 0.0000 0.0000 0.1200 1
2.4392 10.5010 -1.8140 0.0000 0.0000 0.0000 0.1200 1
2.5567 10.4998 -1.6459 0.0000 0.0000 0.0000 0.1200 1
2.6659 10.4994 -1.4686 0.0000 0.0000 0.0000 0.1200 1
2.7483 10.5004 -1.3144 0.0000 0.0000 0.0000 0.1200 1
2.8315 10.4999 -1.1350 0.0000 0.0000 0.0000 0.1200 1
2.8978 10.4993 -0.9577 0.0000 0.0000 0.0000 0.1200 1
2.9625 10.4987 -0.7581 0.0000 0.0000 0.0000 0.1200 1
3.0048 10.4997 -0.5624 0.0000 0.0000 0.0000 0.1200 1
3.0327 10.4985 -0.3838 0.0000 0.0000 0.0000 0.1200 1
3.0542 10.4995 -0.1853 0.0000 0.0000 0.0000 0.1200 1
3.0642 10.9997 0.0191 0.0000 0.0000 0.0000 0.1200 1
3.0560 10.9988 0.1896 0.0000 0.0000 0.0000 0.1200 1
3.0338 10.9995 0.4083 0.0000 0.0000 0.0000 0.1200 1
3.0089 10.9992 0.6043 0.0000 0.0000 0.0000 0.1200 1
2.9582 11.0005 0.7934 0.0000 0.0000 0.0000 0.1200 1
2.9099 11.0020 0.9659 0.0000 0.0000 0.0000 0.1200 1
2.8286 11.0009 1.1678 0.0000 0.0000 0.0000 0.1200 1
2.7489 10.9993 1.3430 0.0000 0.0000 0.0000 0.1200 1
2.6618 11.0002 1.5100 0.0000 0.0000 0.0000 0.1200 1
2.5573 11.0007 1.6758 0.0000 0.0000 0.0000 0.1200 1
2.4372 10.9984 1.8429 0.0000 0.0000 0.0000 0.1200 1
2.3196 10.9997 1.9887 0.0000 0.0000 0.0000 0.1200 1
2.1936 10.9978 2.1195 0.0000 0.0000 0.0000 0.1200 1
2.0451 11.0000 2.2594 0.0000 0.0000 0.0000 0.1200 1
1.8838 10.9996 2.3959 0.0000 0.0000 0.0000 0.1200 1
1.7268 11.0006 2.5059 0.0000 0.0000 0.0000 0.1200 1
1.5565 10.9990 2.6125 0.0000 0.0000 0.0000 0.1200 1
1.3862 11.0002 2.7026 0.0000 0.0000 0.0000 0.1200 1
1.2208 10.9999 2.7787 0.0000 0.0000 0.0000 0.1200 1
1.0276 10.9987 2.8529 0.0000 0.0000 0.0000 0.1200 1
0.8461 10.9998 2.9059 0.0000 0.0000 0.0000 0.1200 1
0.6524 11.0014 2.9534 0.0000 0.0000 0.0000 0.1200 1
0.4382 11.0011 2.9871 0.0000 0.0000 0.0000 0.1200 1
0.2651 11.0014 3.0031 0.0000 0.0000 0.0000 0.1200 1
0.0611 10.9995 3.0139 0.0000 0.0000 0.0000 0.1200 1
-0.1303 10.9996 3.0058 0.0000 0.0000 0.0000 0.1200 1
-0.3254 10.9998 2.9829 0.0000 0.0000 0.0000 0.1200 1
-0.5135 10.9996 2.9560 0.0000 0.0000 0.0000 0.1200 1
-0.7218 11.0013 2.9058 0.0000 0.0000 0.0000 0.1200 1
-0.8853 11.0005 2.8567 0.0000 0.0000 0.0000 0.1200 1
-1.0770 11.0015 2.7854 0.0000 0.0000 0.0000 0.1200 1
-1.2555 11.0004 2.7087 0.0000 0.0000 0.0000 0.1200 1
-1.4345 10.9984 2.6128 0.0000 0.0000 0.0000 0.1200 1
-1.6023 10.9991 2.5098 0.0000 0.0000 0.0000 0.1200 1
-1.7780 11.0006 2.3816 0.0000 0.0000 0.0000 0.1200 1
-1.9127 11.0009 2.2681 0.0000 0.0000 0.0000 0.1200 1
-2.0528 11.0018 2.1344 0.0000 0.0000 0.0000 0.1200 1
-2.1840 10.9981 2.0003 0.0000 0.0000 0.0000 0.1200 1
-2.3059 11.0024 1.8526 0.0000 0.0000 0.0000 0.1200 1
-2.4309 11.0010 1.6779 0.0000 0.0000 0.0000 0.1200 1
-2.5353 11.0014 1.5097 0.0000 0.0000 0.0000 0.1200 1
-2.6279 10.9995 1.3351 0.0000 0.0000 0.0000 0.1200 1
-2.7030 11.0002 1.1688 0.0000 0.0000 0.0000 0.1200 1
-2.7832 10.9997 0.9687 0.0000 0.0000 0.0000 0.1200 1
-2.8335 10.9995 0.7917 0.0000 0.0000 0.0000 0.1200 1
-2.8840 11.0015 0.5865 0.0000 0.0000 0.0000 0.1200 1
-2.9095 11.0017 0.4024 0.0000 0.0000 0.0000 0.1200 1
-2.9318 11.0011 0.2193 0.0000 0.0000 0.0000 0.1200 1
-2.9389 11.0010 -0.0117 0.0000 0.0000 0.0000 0.1200 1
-2.9304 11.0001 -0.1906 0.0000 0.0000 0.0000 0.1200 1
-2.9142 11.0002 -0.3558 0.0000 0.0000 0.0000 0.1200 1
-2.8766 10.9985 -0.5784 0.0000 0.0000 0.0000 0.1200 1
-2.8351 10.9999 -0.7705 0.0000 0.0000 0.0000 0.1200 1
-2.7793 11.0002 -0.9511 0.0000 0.0000 0.0000 0.1200 1
-2.7094 11.0005 -1.1377 0.0000 0.0000 0.0000 0.1200 1
-2.6373 10.9999 -1.3025 0.0000 0.0000 0.0000 0.1200 1
-2.5418 10.9988 -1.4838 0.0000 0.0000 0.0000 0.1200 1
-2.4267 11.0008 -1.6584 0.0000 0.0000 0.0000 0.1200 1
-2.3215 10.9993 -1.8113 0.0000 0.0000 0.0000 0.1200 1
-2.1958 11.0009 -1.9583 0.0000 0.0000 0.0000 0.1200 1
-2.0667 11.0005 -2.1027 0.0000 0.0000 0.0000 0.1200 1
-1.9160 11.0002 -2.2437 0.0000 0.0000 0.0000 0.1200 1
-1.7554 10.9996 -2.3742 0.0000 0.0000 0.0000 0.1200 1
-1.5983 10.9987 -2.4863 0.0000 0.0000 0.0000 0.1200 1
-1.4385 10.9994 -2.5856 0.0000 0.0000 0.0000 0.1200 1
-1.2493 10.9989 -2.6906 0.0000 0.0000 0.0000 0.1200 1
-1.0792 10.9987 -2.7600 0.0000 0.0000 0.0000 0.1200 1
-0.8924 11.0003 -2.8369 0.0000 0.0000 0.0000 0.1200 1
-0.6993 11.0000 -2.8912 0.0000 0.0000 0.0000 0.1200 1
-0.5247 10.9994 -2.9333 0.0000 0.0000 0.0000 0.1200 1
-0.3208 11.0011 -2.9608 0.0000 0.0000 0.0000 0.1200 1
-0.1453 10.9987 -2.9835 0.0000 0.0000 0.0000 0.1200 1
0.0598 10.9990 -2.9891 0.0000 0.0000 0.0000 0.1200 1
0.2323 10.9994 -2.9827 0.0000 0.0000 0.0000 0.1200 1
0.4636 10.9985 -2.9576 0.0000 0.0000 0.0000 0.1200 1
0.6582 11.0008 -2.9265 0.0000 0.0000 0.0000 0.1200 1
0.8362 10.9998 -2.8858 0.0000 0.0000 0.0000 0.1200 1
1.0364 11.0006 -2.8237 0.0000 0.0000 0.0000 0.1200 1
1.2067 11.0014 -2.7602 0.0000 0.0000 0.0000 0.1200 1
1.4041 10.9995 -2.6714 0.0000 0.0000 0.0000 0.1200 1
1.5515 11.0003 -2.5931 0.0000 0.0000 0.0000 0.1200 1
1.7139 10.9986 -2.4956 0.0000 0.0000 0.0000 0.1200 1
1.8977 11.0010 -2.3604 0.0000 0.0000 0.0000 0.1200 1
2.0340 10.9993 -2.2523 0.0000 0.0000 0.0000 0.1200 1
2.1817 10.9994 -2.1104 0.0000 0.0000 0.0000 0.1200 1
2.3219 10.9999 -1.9649 0.0000 0.0000 0.0000 0.1200 1
2.4463 11.0007 -1.8085 0.0000 0.0000 0.0000 0.1200 1
2.5607 11.0008 -1.6558 0.0000 0.0000 0.0000 0.1200 1
2.6693 10.9993 -1.4772 0.0000 0.0000 0.0000 0.1200 1
2.7496 10.9990 -1.3221 0.0000 0.0000 0.0000 0.1200 1
2.8410 10.9993 -1.1191 0.0000 0.0000 0.0000 0.1200 1
2.8965 10.9987 -0.9737 0.0000 0.0000 0.0000 0.1200 1
2.9609 11.0002 -0.7566 0.0000 0.0000 0.0000 0.1200 1
3.0065 10.9991 -0.5622 0.0000 0.0000 0.0000 0.1200 1
3.0353 10.9998 -0.3935 0.0000 0.0000 0.0000 0.1200 1
3.0565 10.9994 -0.2104 0.0000 0.0000 0.0000 0.1200 1
3.0656 11.4982 0.0115 0.0000 0.0000 0.0000 0.1200 1
3.0594 11.4997 0.2134 0.0000 0.0000 0.0000 0.1200 1
3.0397 11.5000 0.3957 0.0000 0.0000 0.0000 0.1200 1
3.0066 11.5001 0.5997 0.0000 0.0000 0.0000 0.1200 1
2.9584 11.4993 0.8069 0.0000 0.0000 0.0000 0.1200 1
2.9079 11.5006 0.9712 0.0000 0.0000 0.0000 0.1200 1
2.8375 11.4983 1.1528 0.0000 0.0000 0.0000 0.1200 1
2.7581 11.5018 1.3340 0.0000 0.0000 0.0000 0.1200 1
2.6566 11.5000 1.5172 0.0000 0.0000 0.0000 0.1200 1
2.5577 11.5003 1.6828 0.0000 0.0000 0.0000 0.1200 1
2.4391 11.4996 1.8449 0.0000 0.0000 0.0000 0.1200 1
2.3225 11.4996 1.9909 0.0000 0.0000 0.0000 0.1200 1
2.1912 11.4975 2.1226 0.0000 0.0000 0.0000 0.1200 1
2.0624 11.4997 2.2530 0.0000 0.0000 0.0000 0.1200 1
1.9051 11.4994 2.3813 0.0000 0.0000 0.0000 0.1200 1
1.7342 11.4991 2.5032 0.0000 0.0000 0.0000 0.1200 1
1.5743 11.5001 2.6033 0.0000 0.0000 0.0000 0.1200 1
1.4016 11.5014 2.6994 0.0000 0.0000 0.0000 0.1200 1
1.2249 11.5013 2.7787 0.0000 0.0000 0.0000 0.1200 1
1.0211 11.4988 2.8588 0.0000 0.0000 0.0000 0.1200 1
0.8455 11.5009 2.9120 0.0000 0.0000 0.0000 0.1200 1
0.6525 11.5003 2.9538 0.0000 0.0000 0.0000 0.1200 1
0.4385 11.5015 2.9850 0.0000 0.0000 0.0000 0.1200 1
0.2696 11.5001 3.0040 0.0000 0.0000 0.0000 0.1200 1
0.0595 11.4990 3.0112 0.0000 0.0000 0.0000 0.1200 1
-0.1268 11.4991 3.0022 0.0000 0.0000 0.0000 0.1200 1
-0.3326 11.5009 2.9853 0.0000 0.0000 0.0000 0.1200 1
-0.5190 11.5016 2.9512 0.0000 0.0000 0.0000 0.1200 1
-0.7111 11.4991 2.9084 0.0000 0.0000 0.0000 0.1200 1
-0.8981 11.4998 2.8514 0.0000 0.0000 0.0000 0.1200 1
-1.1026 11.5020 2.7804 0.0000 0.0000 0.0000 0.1200 1
-1.2724 11.4993 2.6945 0.0000 0.0000 0.0000 0.1200 1
-1.4403 11.4995 2.6097 0.0000 0.0000 0.0000 0.1200 1
-1.5973 11.5019 2.5120 0.0000 0.0000 0.0000 0.1200 1
-1.7496 11.4994 2.3971 0.0000 0.0000 0.0000 0.1200 1
-1.9085 11.5010 2.2748 0.0000 0.0000 0.0000 0.1200 1
-2.0564 11.4995 2.1315 0.0000 0.0000 0.0000 0.1200 1
-2.1994 11.4990 1.9783 0.0000 0.0000 0.0000 0.1200 1
-2.3265 11.5001 1.8217 0.0000 0.0000 0.0000 0.1200 1
-2.4153 11.5005 1.7013 0.0000 0.0000 0.0000 0.1200 1
-2.5363 11.4997 1.5052 0.0000 0.0000 0.0000 0.1200 1
-2.6291 11.5003 1.3323 0.0000 0.0000 0.0000 0.1200 1
-2.7104 11.5002 1.1554 0.0000 0.0000 0.0000 0.1200 1
-2.7689 11.5023 0.9906 0.0000 0.0000 0.0000 0.1200 1
-2.8343 11.4995 0.7910 0.0000 0.0000 0.0000 0.1200 1
-2.8816 11.5007 0.5850 0.0000 0.0000 0.0000 0.1200 1
-2.9052 11.5015 0.4188 0.0000 0.0000 0.0000 0.1200 1
-2.9307 11.4985 0.2111 0.0000 0.0000 0.0000 0.1200 1
-2.9336 11.4973 0.0082 0.0000 0.0000 0.0000 0.1200 1
-2.9242 11.5011 -0.1981 0.0000 0.0000 0.0000 0.1200 1
-2.9055 11.4987 -0.3839 0.0000 0.0000 0.0000 0.1200 1
-2.8767 11.4992 -0.5678 0.0000 0.0000 0.0000 0.1200 1
-2.8329 11.5015 -0.7589 0.0000 0.0000 0.0000 0.1200 1
-2.7757 11.5002 -0.9545 0.0000 0.0000 0.0000 0.1200 1
-2.7065 11.5004 -1.1393 0.0000 0.0000 0.0000 0.1200 1
-2.6329 11.5015 -1.2994 0.0000 0.0000 0.0000 0.1200 1
-2.5306 11.5011 -1.4903 0.0000 0.0000 0.0000 0.1200 1
-2.4203 11.5008 -1.6707 0.0000 0.0000 0.0000 0.1200 1
-2.3112 11.5014 -1.8162 0.0000 0.0000 0.0000 0.1200 1
-2.1927 11.5016 -1.9629 0.0000 0.0000 0.0000 0.1200 1
-2.0469 11.5004 -2.1126 0.0000 0.0000 0.0000 0.1200 1
-1.9116 11.4996 -2.2466 0.0000 0.0000 0.0000 0.1200 1
-1.7704 11.5000 -2.3606 0.0000 0.0000 0.0000 0.1200 1
-1.6094 11.4986 -2.4794 0.0000 0.0000 0.0000 0.1200 1
-1.4118 11.4995 -2.5969 0.0000 0.0000 0.0000 0.1200 1
-1.2584 11.5008 -2.6866 0.0000 0.0000 0.0000 0.1200 1
-1.0981 11.4972 -2.7579 0.0000 0.0000 0.0000 0.1200 1
-0.9051 11.5007 -2.8284 0.0000 0.0000 0.0000 0.1200 1
-0.7111 11.5016 -2.8871 0.0000 0.0000 0.0000 0.1200 1
-0.5209 11.4985 -2.9307 0.0000 0.0000 0.0000 0.1200 1
-0.3264 11.5012 -2.9679 0.0000 0.0000 0.0000 0.1200 1
-0.1256 11.4994 -2.9838 0.0000 0.0000 0.0000 0.1200 1
0.0683 11.4989 -2.9891 0.0000 0.0000 0.0000 0.1200 1
0.2639 11.4996 -2.9824 0.0000 0.0000 0.0000 0.1200 1
0.4684 11.5002 -2.9645 0.0000 0.0000 0.0000 0.1200 1
0.6555 11.5007 -2.9327 0.0000 0.0000 0.0000 0.1200 1
0.8392 11.4985 -2.8855 0.0000 0.0000 0.0000 0.1200 1
1.0344 11.5003 -2.8260 0.0000 0.0000 0.0000 0.1200 1
1.2047 11.4989 -2.7633 0.0000 0.0000 0.0000 0.1200 1
1.3719 11.4998 -2.6886 0.0000 0.0000 0.0000 0.1200 1
1.5649 11.5005 -2.5870 0.0000 0.0000 0.0000 0.1200 1
1.7394 11.4990 -2.4827 0.0000 0.0000 0.0000 0.1200 1
1.8729 11.4981 -2.3799 0.0000 0.0000 0.0000 0.1200 1
2.0389 11.4998 -2.2497 0.0000 0.0000 0.0000 0.1200 1
2.1913 11.4983 -2.1057 0.0000 0.0000 0.0000 0.1200 1
2.3127 11.5013 -1.9773 0.0000 0.0000 0.0000 0.1200 1
2.4336 11.4996 -1.8271 0.0000 0.0000 0.0000 0.1200 1
2.5523 11.5014 -1.6641 0.0000 0.0000 0.0000 0.1200 1
2.6670 11.5007 -1.4824 0.0000 0.0000 0.0000 0.1200 1
2.7574 11.4995 -1.3124 0.0000 0.0000 0.0000 0.1200 1
2.8353 11.4998 -1.1457 0.0000 0.0000 0.0000 0.1200 1
2.9051 11.4981 -0.9514 0.0000 0.0000 0.0000 0.1200 1
2.9609 11.4981 -0.7779 0.0000 0.0000 0.0000 0.1200 1
3.0103 11.4996 -0.5714 0.0000 0.0000 0.0000 0.1200 1
3.0428 11.5022 -0.3782 0.0000 0.0000 0.0000 0.1200 1
3.0601 11.5005 -0.1791 0.0000 0.0000 0.0000 0.1200 1
3.0723 12.0010 0.0121 0.0000 0.0000 0.0000 0.1200 1
3.0642 11.9986 0.1974 0.0000 0.0000 0.0000 0.1200 1
3.0445 11.9998 0.3871 0.0000 0.0000 0.0000 0.1200 1
3.0081 11.9994 0.5972 0.0000 0.0000 0.0000 0.1200 1
2.9577 12.0006 0.8086 0.0000 0.0000 0.0000 0.1200 1
2.9108 12.0004 0.9638 0.0000 0.0000 0.0000 0.1200 1
2.8357 12.0012 1.1737 0.0000 0.0000 0.0000 0.1200 1
2.7559 11.9991 1.3483 0.0000 0.0000 0.0000 0.1200 1
2.6785 12.0019 1.4937 0.0000 0.0000 0.0000 0.1200 1
2.5695 12.0007 1.6715 0.0000 0.0000 0.0000 0.1200 1
2.4447 11.9999 1.8445 0.0000 0.0000 0.0000 0.1200 1
2.3183 11.9999 1.9963 0.0000 0.0000 0.0000 0.1200 1
2.1926 11.9992 2.1290 0.0000 0.0000 0.0000 0.1200 1
2.0448 12.0009 2.2712 0.0000 0.0000 0.0000 0.1200 1
1.8917 12.0014 2.3972 0.0000 0.0000 0.0000 0.1200 1
1.7296 11.9993 2.5129 0.0000 0.0000 0.0000 0.1200 1
1.5688 12.0001 2.6089 0.0000 0.0000 0.0000 0.1200 1
1.3883 11.9994 2.7039 0.0000 0.0000 0.0000 0.1200 1
1.2161 12.0014 2.7883 0.0000 0.0000 0.0000 0.1200 1
1.0345 12.0003 2.8490 0.0000 0.0000 0.0000 0.1200 1
0.8502 12.0006 2.9128 0.0000 0.0000 0.0000 0.1200 1
0.6684 12.0017 2.9510 0.0000 0.0000 0.0000 0.1200 1
0.4753 12.0007 2.9859 0.0000 0.0000 0.0000 0.1200 1
0.2662 12.0015 3.0022 0.0000 0.0000 0.0000 0.1200 1
0.0777 11.9992 3.0132 0.0000 0.0000 0.0000 0.1200 1
-0.1283 12.0002 3.0047 0.0000 0.0000 0.0000 0.1200 1
-0.3225 12.0002 2.9849 0.0000 0.0000 0.0000 0.1200 1
-0.5300 11.9979 2.9516 0.0000 0.0000 0.0000 0.1200 1
-0.7073 12.0001 2.9071 0.0000 0.0000 0.0000 0.1200 1
-0.8928 12.0006 2.8569 0.0000 0.0000 0.0000 0.1200 1
-1.0789 12.0005 2.7844 0.0000 0.0000 0.0000 0.1200 1
-1.2672 11.9992 2.6943 0.0000 0.0000 0.0000 0.1200 1
-1.4405 11.9987 2.6064 0.0000 0.0000 0.0000 0.1200 1
-1.5886 11.9994 2.5199 0.0000 0.0000 0.0000 0.1200 1
-1.7543 11.9999 2.3971 0.0000 0.0000 0.0000 0.1200 1
-1.9127 11.9987 2.2689 0.0000 0.0000 0.0000 0.1200 1
-2.0604 12.0006 2.1288 0.0000 0.0000 0.0000 0.1200 1
-2.1793 11.9992 1.9966 0.0000 0.0000 0.0000 0.1200 1
-2.3098 12.0010 1.8427 0.0000 0.0000 0.0000 0.1200 1
-2.4205 11.9991 1.6931 0.0000 0.0000 0.0000 0.1200 1
-2.5263 12.0010 1.5164 0.0000 0.0000 0.0000 0.1200 1
-2.6077 11.9985 1.3620 0.0000 0.0000 0.0000 0.1200 1
-2.7033 11.9982 1.1570 0.0000 0.0000 0.0000 0.1200 1
-2.7735 12.0016 0.9717 0.0000 0.0000 0.0000 0.1200 1
-2.8327 11.9986 0.7691 0.0000 0.0000 0.0000 0.1200 1
-2.8759 11.9997 0.5800 0.0000 0.0000 0.0000 0.1200 1
-2.9081 12.0005 0.3907 0.0000 0.0000 0.0000 0.1200 1
-2.9241 11.9997 0.2097 0.0000 0.0000 0.0000 0.1200 1
-2.9341 12.0021 0.0263 0.0000 0.0000 0.0000 0.1200 1
-2.9242 11.9999 -0.1973 0.0000 0.0000 0.0000 0.1200 1
-2.9074 11.9985 -0.3906 0.0000 0.0000 0.0000 0.1200 1
-2.8771 12.0006 -0.5620 0.0000 0.0000 0.0000 0.1200 1
-2.8341 12.0011 -0.7485 0.0000 0.0000 0.0000 0.1200 1
-2.7727 11.9978 -0.9535 0.0000 0.0000 0.0000 0.1200 1
-2.6967 12.0000 -1.1459 0.0000 0.0000 0.0000 0.1200 1
-2.6223 12.0008 -1.3105 0.0000 0.0000 0.0000 0.1200 1
-2.5278 12.0007 -1.4904 0.0000 0.0000 0.0000 0.1200 1
-2.4282 12.0006 -1.6593 0.0000 0.0000 0.0000 0.1200 1
-2.3215 11.9998 -1.8028 0.0000 0.0000 0.0000 0.1200 1
-2.1920 11.9996 -1.9616 0.0000 0.0000 0.0000 0.1200 1
-2.0474 12.0011 -2.1182 0.0000 0.0000 0.0000 0.1200 1
-1.9138 11.9990 -2.2409 0.0000 0.0000 0.0000 0.1200 1
-1.7741 12.0008 -2.3645 0.0000 0.0000 0.0000 0.1200 1
-1.6145 11.9993 -2.4766 0.0000 0.0000 0.0000 0.1200 1
-1.4459 12.0005 -2.5759 0.0000 0.0000 0.0000 0.1200 1
-1.2498 11.9993 -2.6839 0.0000 0.0000 0.0000 0.1200 1
-1.0759 12.0016 -2.7629 0.0000 0.0000 0.0000 0.1200 1
-0.8968 11.9986 -2.8284 0.0000 0.0000 0.0000 0.1200 1
-0.6882 11.9992 -2.8919 0.0000 0.0000 0.0000 0.1200 1
-0.5262 12.0007 -2.9272 0.0000 0.0000 0.0000 0.1200 1
-0.3228 12.0010 -2.9658 0.0000 0.0000 0.0000 0.1200 1
-0.1296 12.0000 -2.9796 0.0000 0.0000 0.0000 0.1200 1
0.0561 12.0005 -2.9875 0.0000 0.0000 0.0000 0.1200 1
0.2742 12.0004 -2.9790 0.0000 0.0000 0.0000 0.1200 1
0.4704 12.0003 -2.9602 0.0000 0.0000 0.0000 0.1200 1
0.6601 11.9997 -2.9290 0.0000 0.0000 0.0000 0.1200 1
0.8523 12.0006 -2.8849 0.0000 0.0000 0.0000 0.1200 1
1.0254 11.9977 -2.8286 0.0000 0.0000 0.0000 0.1200 1
1.2158 11.9996 -2.7600 0.0000 0.0000 0.0000 0.1200 1
1.4042 11.9982 -2.6712 0.0000 0.0000 0.0000 0.1200 1
1.5557 11.9999 -2.5924 0.0000 0.0000 0.0000 0.1200 1
1.7435 12.0015 -2.4767 0.0000 0.0000 0.0000 0.1200 1
1.8943 12.0009 -2.3682 0.0000 0.0000 0.0000 0.1200 1
2.0537 11.9994 -2.2379 0.0000 0.0000 0.0000 0.1200 1
2.1822 11.9994 -2.1226 0.0000 0.0000 0.0000 0.1200 1
2.3260 11.9990 -1.9649 0.0000 0.0000 0.0000 0.1200 1
2.4500 12.0006 -1.8152 0.0000 0.0000 0.0000 0.1200 1
2.5644 11.9986 -1.6511 0.0000 0.0000 0.0000 0.1200 1
2.6697 11.9997 -1.4864 0.0000 0.0000 0.0000 0.1200 1
2.7616 11.9980 -1.3136 0.0000 0.0000 0.0000 0.1200 1
2.8406 11.9993 -1.1348 0.0000 0.0000 0.0000 0.1200 1
2.9062 11.9994 -0.9617 0.0000 0.0000 0.0000 0.1200 1
2.9616 12.0012 -0.7788 0.0000 0.0000 0.0000 0.1200 1
3.0134 11.9987 -0.5611 0.0000 0.0000 0.0000 0.1200 1
3.0381 12.0000 -0.3927 0.0000 0.0000 0.0000 0.1200 1
3.0595 11.9993 -0.1828 0.0000 0.0000 0.0000 0.1200 1
3.0731 12.5006 0.0132 0.0000 0.0000 0.0000 0.1200 1
3.0623 12.5002 0.2048 0.0000 0.0000 0.0000 0.1200 1
3.0438 12.4997 0.4017 0.0000 0.0000 0.0000 0.1200 1
3.0152 12.4981 0.5934 0.0000 0.0000 0.0000 0.1200 1
2.9689 12.5006 0.7838 0.0000 0.0000 0.0000 0.1200 1
2.9058 12.4994 0.9950 0.0000 0.0000 0.0000 0.1200 1
2.8420 12.4991 1.1583 0.0000 0.0000 0.0000 0.1200 1
2.7569 12.4989 1.3437 0.0000 0.0000 0.0000 0.1200 1
2.6763 12.5004 1.5054 0.0000 0.0000 0.0000 0.1200 1
2.5647 12.4998 1.6769 0.0000 0.0000 0.0000 0.1200 1
2.4497 12.5000 1.8412 0.0000 0.0000 0.0000 0.1200 1
2.3241 12.5009 1.9884 0.0000 0.0000 0.0000 0.1200 1
2.2029 12.5016 2.1243 0.0000 0.0000 0.0000 0.1200 1
2.0382 12.4993 2.2759 0.0000 0.0000 0.0000 0.1200 1
1.9017 12.5021 2.3882 0.0000 0.0000 0.0000 0.1200 1
1.7511 12.4991 2.4974 0.0000 0.0000 0.0000 0.1200 1
1.5805 12.4993 2.6079 0.0000 0.0000 0.0000 0.1200 1
1.4056 12.5000 2.6996 0.0000 0.0000 0.0000 0.1200 1
1.2170 12.4989 2.7818 0.0000 0.0000 0.0000 0.1200 1
1.0370 12.4999 2.8558 0.0000 0.0000 0.0000 0.1200 1
0.8311 12.5005 2.9149 0.0000 0.0000 0.0000 0.1200 1
0.6545 12.5002 2.9532 0.0000 0.0000 0.0000 0.1200 1
0.4534 12.5002 2.9864 0.0000 0.0000 0.0000 0.1200 1
0.2660 12.4997 3.0076 0.0000 0.0000 0.0000 0.1200 1
0.0715 12.4999 3.0108 0.0000 0.0000 0.0000 0.1200 1
-0.1397 12.4989 3.0015 0.0000 0.0000 0.0000 0.1200 1
-0.3336 12.4992 2.9833 0.0000 0.0000 0.0000 0.1200 1
-0.5111 12.5002 2.9538 0.0000 0.0000 0.0000 0.1200 1
-0.6964 12.5004 2.9153 0.0000 0.0000 0.0000 0.1200 1
-0.9016 12.4997 2.8546 0.0000 0.0000 0.0000 0.1200 1
-1.0823 12.5007 2.7823 0.0000 0.0000 0.0000 0.1200 1
-1.2565 12.4989 2.7018 0.0000 0.0000 0.0000 0.1200 1
-1.4373 12.5011 2.6029 0.0000 0.0000 0.0000 0.1200 1
-1.5931 12.5007 2.5076 0.0000 0.0000 0.0000 0.1200 1
-1.7395 12.5012 2.4044 0.0000 0.0000 0.0000 0.1200 1
-1.8952 12.4996 2.2790 0.0000 0.0000 0.0000 0.1200 1
-2.0560 12.5003 2.1265 0.0000 0.0000 0.0000 0.1200 1
-2.1794 12.5005 1.9980 0.0000 0.0000 0.0000 0.1200 1
-2.2996 12.4992 1.8555 0.0000 0.0000 0.0000 0.1200 1
-2.4236 12.5004 1.6808 0.0000 0.0000 0.0000 0.1200 1
-2.5259 12.5005 1.5116 0.0000 0.0000 0.0000 0.1200 1
-2.6118 12.4996 1.3556 0.0000 0.0000 0.0000 0.1200 1
-2.7030 12.4983 1.1540 0.0000 0.0000 0.0000 0.1200 1
-2.7742 12.5006 0.9648 0.0000 0.0000 0.0000 0.1200 1
-2.8302 12.5001 0.7763 0.0000 0.0000 0.0000 0.1200 1
-2.8710 12.4994 0.6118 0.0000 0.0000 0.0000 0.1200 1
-2.8972 12.4991 0.4265 0.0000 0.0000 0.0000 0.1200 1
-2.9235 12.4989 0.2190 0.0000 0.0000 0.0000 0.1200 1
-2.9308 12.5002 0.0114 0.0000 0.0000 0.0000 0.1200 1
-2.9236 12.5012 -0.1810 0.0000 0.0000 0.0000 0.1200 1
-2.9054 12.5010 -0.3798 0.0000 0.0000 0.0000 0.1200 1
-2.8676 12.5012 -0.5710 0.0000 0.0000 0.0000 0.1200 1
-2.8330 12.4985 -0.7502 0.0000 0.0000 0.0000 0.1200 1
-2.7726 12.4998 -0.9465 0.0000 0.0000 0.0000 0.1200 1
-2.6996 12.4984 -1.1429 0.0000 0.0000 0.0000 0.1200 1
-2.6273 12.5006 -1.2988 0.0000 0.0000 0.0000 0.1200 1
-2.5186 12.5003 -1.5010 0.0000 0.0000 0.0000 0.1200 1
-2.4137 12.5007 -1.6656 0.0000 0.0000 0.0000 0.1200 1
-2.3111 12.4994 -1.8111 0.0000 0.0000 0.0000 0.1200 1
-2.1826 12.5003 -1.9701 0.0000 0.0000 0.0000 0.1200 1
-2.0503 12.4999 -2.1058 0.0000 0.0000 0.0000 0.1200 1
-1.9198 12.5011 -2.2350 0.0000 0.0000 0.0000 0.1200 1
-1.7710 12.4996 -2.3539 0.0000 0.0000 0.0000 0.1200 1
-1.5928 12.4991 -2.4824 0.0000 0.0000 0.0000 0.1200 1
-1.4284 12.5022 -2.5900 0.0000 0.0000 0.0000 0.1200 1
-1.2435 12.5008 -2.6807 0.0000 0.0000 0.0000 0.1200 1
-1.0933 12.4992 -2.7508 0.0000 0.0000 0.0000 0.1200 1
-0.8933 12.5017 -2.8266 0.0000 0.0000 0.0000 0.1200 1
-0.7086 12.5014 -2.8832 0.0000 0.0000 0.0000 0.1200 1
-0.5309 12.4992 -2.9277 0.0000 0.0000 0.0000 0.1200 1
-0.3104 12.4999 -2.9645 0.0000 0.0000 0.0000 0.1200 1
-0.1218 12.4975 -2.9820 0.0000 0.0000 0.0000 0.1200 1
0.0673 12.4998 -2.9900 0.0000 0.0000 0.0000 0.1200 1
0.2714 12.4997 -2.9804 0.0000 0.0000 0.0000 0.1200 1
0.4708 12.5016 -2.9609 0.0000 0.0000 0.0000 0.1200 1
0.6589 12.5009 -2.9299 0.0000 0.0000 0.0000 0.1200 1
0.8374 12.5016 -2.8897 0.0000 0.0000 0.0000 0.1200 1
1.0437 12.5009 -2.8282 0.0000 0.0000 0.0000 0.1200 1
1.2083 12.4996 -2.7614 0.0000 0.0000 0.0000 0.1200 1
1.4092 12.5008 -2.6705 0.0000 0.0000 0.0000 0.1200 1
1.5674 12.4999 -2.5888 0.0000 0.0000 0.0000 0.1200 1
1.7492 12.5023 -2.4725 0.0000 0.0000 0.0000 0.1200 1
1.8866 12.5007 -2.3769 0.0000 0.0000 0.0000 0.1200 1
2.0413 12.5005 -2.2476 0.0000 0.0000 0.0000 0.1200 1
2.1996 12.4991 -2.0999 0.0000 0.0000 0.0000 0.1200 1
2.3292 12.4991 -1.9595 0.0000 0.0000 0.0000 0.1200 1
2.4481 12.5010 -1.8133 0.0000 0.0000 0.0000 0.1200 1
2.5654 12.5006 -1.6598 0.0000 0.0000 0.0000 0.1200 1
2.6667 12.4990 -1.4916 0.0000 0.0000 0.0000 0.1200 1
2.7570 12.5001 -1.3226 0.0000 0.0000 0.0000 0.1200 1
2.8482 12.5000 -1.1273 0.0000 0.0000 0.0000 0.1200 1
2.9087 12.5005 -0.9650 0.0000 0.0000 0.0000 0.1200 1
2.9661 12.5007 -0.7563 0.0000 0.0000 0.0000 0.1200 1
3.0109 12.4994 -0.5702 0.0000 0.0000 0.0000 0.1200 1
3.0493 12.4987 -0.3664 0.0000 0.0000 0.0000 0.1200 1
3.0602 12.4990 -0.1926 0.0000 0.0000 0.0000 0.1200 1
3.0764 13.0001 0.0046 0.0000 0.0000 0.0000 0.1200 1
3.0691 13.0006 0.1989 0.0000 0.0000 0.0000 0.1200 1
3.0474 12.9989 0.4139 0.0000 0.0000 0.0000 0.1200 1
3.0198 13.0017 0.5904 0.0000 0.0000 0.0000 0.1200 1
2.9741 12.9989 0.7795 0.0000 0.0000 0.0000 0.1200 1
2.9203 12.9990 0.9705 0.0000 0.0000 0.0000 0.1200 1
2.8457 12.9989 1.1642 0.0000 0.0000 0.0000 0.1200 1
2.7669 13.0009 1.3211 0.0000 0.0000 0.0000 0.1200 1
2.6641 12.9991 1.5191 0.0000 0.0000 0.0000 0.1200 1
2.5675 13.0012 1.6756 0.0000 0.0000 0.0000 0.1200 1
2.4502 12.9997 1.8435 0.0000 0.0000 0.0000 0.1200 1
2.3171 13.0002 2.0067 0.0000 0.0000 0.0000 0.1200 1
2.1975 12.9986 2.1262 0.0000 0.0000 0.0000 0.1200 1
2.0435 13.0003 2.2759 0.0000 0.0000 0.0000 0.1200 1
1.8978 13.0016 2.3915 0.0000 0.0000 0.0000 0.1200 1
1.7311 12.9996 2.5144 0.0000 0.0000 0.0000 0.1200 1
1.5723 13.0010 2.6105 0.0000 0.0000 0.0000 0.1200 1
1.3928 13.0002 2.7051 0.0000 0.0000 0.0000 0.1200 1
1.2284 13.0007 2.7785 0.0000 0.0000 0.0000 0.1200 1
1.0351 12.9993 2.8560 0.0000 0.0000 0.0000 0.1200 1
0.8484 12.9996 2.9112 0.0000 0.0000 0.0000 0.1200 1
0.6527 12.9997 2.9548 0.0000 0.0000 0.0000 0.1200 1
0.4742 13.0003 2.9850 0.0000 0.0000 0.0000 0.1200 1
0.2574 13.0009 3.0059 0.0000 0.0000 0.0000 0.1200 1
0.0788 12.9994 3.0149 0.0000 0.0000 0.0000 0.1200 1
-0.1237 12.9983 3.0102 0.0000 0.0000 0.0000 0.1200 1
-0.3337 12.9999 2.9845 0.0000 0.0000 0.0000 0.1200 1
-0.5001 12.9999 2.9584 0.0000 0.0000 0.0000 0.1200 1
-0.6991 13.0002 2.9116 0.0000 0.0000 0.0000 0.1200 1
-0.9013 13.0000 2.8509 0.0000 0.0000 0.0000 0.1200 1
-1.0816 12.9991 2.7825 0.0000 0.0000 0.0000 0.1200 1
-1.2546 13.0018 2.7010 0.0000 0.0000 0.0000 0.1200 1
-1.4257 13.0018 2.6117 0.0000 0.0000 0.0000 0.1200 1
-1.6003 12.9984 2.5000 0.0000 0.0000 0.0000 0.1200 1
-1.7382 13.0001 2.4006 0.0000 0.0000 0.0000 0.1200 1
-1.9075 13.0002 2.2686 0.0000 0.0000 0.0000 0.1200 1
-2.0535 13.0024 2.1301 0.0000 0.0000 0.0000 0.1200 1
-2.1683 12.9998 2.0051 0.0000 0.0000 0.0000 0.1200 1
-2.3128 12.9994 1.8291 0.0000 0.0000 0.0000 0.1200 1
-2.4303 13.0004 1.6672 0.0000 0.0000 0.0000 0.1200 1
-2.5226 13.0005 1.5160 0.0000 0.0000 0.0000 0.1200 1
-2.6212 13.0014 1.3313 0.0000 0.0000 0.0000 0.1200 1
-2.7002 12.9997 1.1484 0.0000 0.0000 0.0000 0.1200 1
-2.7738 12.9997 0.9650 0.0000 0.0000 0.0000 0.1200 1
-2.8232 12.9986 0.7759 0.0000 0.0000 0.0000 0.1200 1
-2.8667 12.9984 0.6083 0.0000 0.0000 0.0000 0.1200 1
-2.9003 13.0004 0.3992 0.0000 0.0000 0.0000 0.1200 1
-2.9207 12.9978 0.2160 0.0000 0.0000 0.0000 0.1200 1
-2.9281 13.0008 0.0095 0.0000 0.0000 0.0000 0.1200 1
-2.9216 13.0002 -0.1762 0.0000 0.0000 0.0000 0.1200 1
-2.9024 13.0000 -0.3692 0.0000 0.0000 0.0000 0.1200 1
-2.8655 12.9985 -0.5726 0.0000 0.0000 0.0000 0.1200 1
-2.8318 13.0000 -0.7496 0.0000 0.0000 0.0000 0.1200 1
-2.7666 13.0015 -0.9427 0.0000 0.0000 0.0000 0.1200 1
-2.7017 13.0022 -1.1306 0.0000 0.0000 0.0000 0.1200 1
-2.6134 13.0007 -1.3342 0.0000 0.0000 0.0000 0.1200 1
-2.5240 13.0008 -1.4841 0.0000 0.0000 0.0000 0.1200 1
-2.4184 12.9995 -1.6584 0.0000 0.0000 0.0000 0.1200 1
-2.3214 12.9988 -1.7973 0.0000 0.0000 0.0000 0.1200 1
-2.1781 12.9978 -1.9684 0.0000 0.0000 0.0000 0.1200 1
-2.0560 12.9998 -2.1063 0.0000 0.0000 0.0000 0.1200 1
-1.8955 13.0007 -2.2506 0.0000 0.0000 0.0000 0.1200 1
-1.7403 13.0005 -2.3733 0.0000 0.0000 0.0000 0.1200 1
-1.5787 12.9990 -2.4848 0.0000 0.0000 0.0000 0.1200 1
-1.4388 13.0004 -2.5769 0.0000 0.0000 0.0000 0.1200 1
-1.2534 12.9996 -2.6790 0.0000 0.0000 0.0000 0.1200 1
-1.0799 13.0012 -2.7552 0.0000 0.0000 0.0000 0.1200 1
-0.8832 12.9984 -2.8275 0.0000 0.0000 0.0000 0.1200 1
-0.6982 13.0024 -2.8880 0.0000 0.0000 0.0000 0.1200 1
-0.5109 12.9999 -2.9363 0.0000 0.0000 0.0000 0.1200 1
-0.2826 12.9996 -2.9668 0.0000 0.0000 0.0000 0.1200 1
-0.1195 13.0007 -2.9776 0.0000 0.0000 0.0000 0.1200 1
0.0824 12.9993 -2.9859 0.0000 0.0000 0.0000 0.1200 1
0.2779 13.0002 -2.9817 0.0000 0.0000 0.0000 0.1200 1
0.4665 13.0011 -2.9609 0.0000 0.0000 0.0000 0.1200 1
0.6439 13.0021 -2.9354 0.0000 0.0000 0.0000 0.1200 1
0.8308 12.9997 -2.8898 0.0000 0.0000 0.0000 0.1200 1
1.0510 13.0000 -2.8232 0.0000 0.0000 0.0000 0.1200 1
1.2058 12.9993 -2.7643 0.0000 0.0000 0.0000 0.1200 1
1.4104 13.0000 -2.6707 0.0000 0.0000 0.0000 0.1200 1
1.5719 13.0006 -2.5847 0.0000 0.0000 0.0000 0.1200 1
1.7379 12.9998 -2.4806 0.0000 0.0000 0.0000 0.1200 1
1.9083 12.9991 -2.3600 0.0000 0.0000 0.0000 0.1200 1
2.0498 13.0000 -2.2420 0.0000 0.0000 0.0000 0.1200 1
2.2027 13.0008 -2.0993 0.0000 0.0000 0.0000 0.1200 1
2.3233 13.0002 -1.9706 0.0000 0.0000 0.0000 0.1200 1
2.4541 12.9998 -1.8106 0.0000 0.0000 0.0000 0.1200 1
2.5669 13.0013 -1.6511 0.0000 0.0000 0.0000 0.1200 1
2.6640 12.9996 -1.5055 0.0000 0.0000 0.0000 0.1200 1
2.7588 13.0003 -1.3195 0.0000 0.0000 0.0000 0.1200 1
2.8390 12.9983 -1.1485 0.0000 0.0000 0.0000 0.1200 1
2.9107 12.9992 -0.9619 0.0000 0.0000 0.0000 0.1200 1
2.9672 13.0000 -0.7814 0.0000 0.0000 0.0000 0.1200 1
3.0171 13.0001 -0.5708 0.0000 0.0000 0.0000 0.1200 1
3.0533 12.9998 -0.3712 0.0000 0.0000 0.0000 0.1200 1
3.0666 12.9997 -0.2009 0.0000 0.0000 0.0000 0.1200 1
3.0776 13.5000 0.0171 0.0000 0.0000 0.0000 0.1200 1
3.0700 13.5006 0.2185 0.0000 0.0000 0.0000 0.1200 1
3.0498 13.4998 0.4163 0.0000 0.0000 0.0000 0.1200 1
3.0148 13.5002 0.6133 0.0000 0.0000 0.0000 0.1200 1
2.9783 13.5011 0.7727 0.0000 0.0000 0.0000 0.1200 1
2.9171 13.5001 0.9631 0.0000 0.0000 0.0000 0.1200 1
2.8469 13.5004 1.1656 0.0000 0.0000 0.0000 0.1200 1
2.7688 13.5019 1.3385 0.0000 0.0000 0.0000 0.1200 1
2.6726 13.5005 1.5186 0.0000 0.0000 0.0000 0.1200 1
2.5652 13.5010 1.6901 0.0000 0.0000 0.0000 0.1200 1
2.4601 13.4994 1.8352 0.0000 0.0000 0.0000 0.1200 1
2.3388 13.4998 1.9807 0.0000 0.0000 0.0000 0.1200 1
2.1927 13.5006 2.1407 0.0000 0.0000 0.0000 0.1200 1
2.0536 13.5009 2.2677 0.0000 0.0000 0.0000 0.1200 1
1.9007 13.5008 2.3928 0.0000 0.0000 0.0000 0.1200 1
1.7460 13.5008 2.5064 0.0000 0.0000 0.0000 0.1200 1
1.5732 13.4999 2.6162 0.0000 0.0000 0.0000 0.1200 1
1.4064 13.4997 2.6968 0.0000 0.0000 0.0000 0.1200 1
1.2331 13.5016 2.7837 0.0000 0.0000 0.0000 0.1200 1
1.0488 13.5001 2.8535 0.0000 0.0000 0.0000 0.1200 1
0.8410 13.4994 2.9146 0.0000 0.0000 0.0000 0.1200 1
0.6576 13.4996 2.9581 0.0000 0.0000 0.0000 0.1200 1
0.4528 13.5005 2.9892 0.0000 0.0000 0.0000 0.1200 1
0.2745 13.4996 3.0071 0.0000 0.0000 0.0000 0.1200 1
0.0623 13.5015 3.0133 0.0000 0.0000 0.0000 0.1200 1
-0.1156 13.5004 3.0081 0.0000 0.0000 0.0000 0.1200 1
-0.2890 13.5001 2.9929 0.0000 0.0000 0.0000 0.1200 1
-0.5059 13.5010 2.9575 0.0000 0.0000 0.0000 0.1200 1
-0.7095 13.4986 2.9073 0.0000 0.0000 0.0000 0.1200 1
-0.8875 13.4989 2.8554 0.0000 0.0000 0.0000 0.1200 1
-1.0638 13.5007 2.7888 0.0000 0.0000 0.0000 0.1200 1
-1.2505 13.4999 2.7080 0.0000 0.0000 0.0000 0.1200 1
-1.4354 13.5017 2.6049 0.0000 0.0000 0.0000 0.1200 1
-1.5868 13.5005 2.5104 0.0000 0.0000 0.0000 0.1200 1
-1.7445 13.4998 2.4021 0.0000 0.0000 0.0000 0.1200 1
-1.9004 13.4991 2.2704 0.0000 0.0000 0.0000 0.1200 1
-2.0398 13.4999 2.1392 0.0000 0.0000 0.0000 0.1200 1
-2.1774 13.5006 1.9975 0.0000 0.0000 0.0000 0.1200 1
-2.3047 13.5001 1.8424 0.0000 0.0000 0.0000 0.1200 1
-2.4179 13.4998 1.6914 0.0000 0.0000 0.0000 0.1200 1
-2.5162 13.5004 1.5225 0.0000 0.0000 0.0000 0.1200 1
-2.6132 13.4987 1.3515 0.0000 0.0000 0.0000 0.1200 1
-2.6969 13.4987 1.1659 0.0000 0.0000 0.0000 0.1200 1
-2.7678 13.4993 0.9722 0.0000 0.0000 0.0000 0.1200 1
-2.8228 13.5013 0.7845 0.0000 0.0000 0.0000 0.1200 1
-2.8627 13.4981 0.6193 0.0000 0.0000 0.0000 0.1200 1
-2.9024 13.5006 0.3835 0.0000 0.0000 0.0000 0.1200 1
-2.9179 13.4987 0.2163 0.0000 0.0000 0.0000 0.1200 1
-2.9195 13.4989 0.0104 0.0000 0.0000 0.0000 0.1200 1
-2.9192 13.4986 -0.1739 0.0000 0.0000 0.0000 0.1200 1
-2.8997 13.5004 -0.4015 0.0000 0.0000 0.0000 0.1200 1
-2.8672 13.4994 -0.5775 0.0000 0.0000 0.0000 0.1200 1
-2.8244 13.5017 -0.7510 0.0000 0.0000 0.0000 0.1200 1
-2.7617 13.4996 -0.9562 0.0000 0.0000 0.0000 0.1200 1
-2.6913 13.4989 -1.1478 0.0000 0.0000 0.0000 0.1200 1
-2.6159 13.4995 -1.3117 0.0000 0.0000 0.0000 0.1200 1
-2.5210 13.5000 -1.4845 0.0000 0.0000 0.0000 0.1200 1
-2.4169 13.5016 -1.6514 0.0000 0.0000 0.0000 0.1200 1
-2.2853 13.5007 -1.8338 0.0000 0.0000 0.0000 0.1200 1
-2.1771 13.4997 -1.9690 0.0000 0.0000 0.0000 0.1200 1
-2.0441 13.4996 -2.1075 0.0000 0.0000 0.0000 0.1200 1
-1.9015 13.4996 -2.2433 0.0000 0.0000 0.0000 0.1200 1
-1.7459 13.5011 -2.3693 0.0000 0.0000 0.0000 0.1200 1
-1.5842 13.5010 -2.4879 0.0000 0.0000 0.0000 0.1200 1
-1.4255 13.5001 -2.5849 0.0000 0.0000 0.0000 0.1200 1
-1.2433 13.5012 -2.6841 0.0000 0.0000 0.0000 0.1200 1
-1.0843 13.5001 -2.7530 0.0000 0.0000 0.0000 0.1200 1
-0.8887 13.5009 -2.8286 0.0000 0.0000 0.0000 0.1200 1
-0.7030 13.5005 -2.8843 0.0000 0.0000 0.0000 0.1200 1
-0.5024 13.4997 -2.9313 0.0000 0.0000 0.0000 0.1200 1
-0.3168 13.5013 -2.9634 0.0000 0.0000 0.0000 0.1200 1
-0.1012 13.4982 -2.9836 0.0000 0.0000 0.0000 0.1200 1
0.1098 13.4989 -2.9865 0.0000 0.0000 0.0000 0.1200 1
0.2649 13.4975 -2.9808 0.0000 0.0000 0.0000 0.1200 1
0.4601 13.5003 -2.9634 0.0000 0.0000 0.0000 0.1200 1
0.6590 13.5006 -2.9307 0.0000 0.0000 0.0000 0.1200 1
0.8307 13.4999 -2.8899 0.0000 0.0000 0.0000 0.1200 1
1.0309 13.4995 -2.8326 0.0000 0.0000 0.0000 0.1200 1
1.2256 13.5018 -2.7563 0.0000 0.0000 0.0000 0.1200 1
1.4105 13.4999 -2.6728 0.0000 0.0000 0.0000 0.1200 1
1.5701 13.5014 -2.5924 0.0000 0.0000 0.0000 0.1200 1
1.7391 13.5000 -2.4813 0.0000 0.0000 0.0000 0.1200 1
1.8999 13.4997 -2.3687 0.0000 0.0000 0.0000 0.1200 1
2.0459 13.5006 -2.2461 0.0000 0.0000 0.0000 0.1200 1
2.1943 13.5000 -2.1120 0.0000 0.0000 0.0000 0.1200 1
2.3276 13.4990 -1.9740 0.0000 0.0000 0.0000 0.1200 1
2.4521 13.5017 -1.8173 0.0000 0.0000 0.0000 0.1200 1
2.5766 13.5003 -1.6504 0.0000 0.0000 0.0000 0.1200 1
2.6811 13.4991 -1.4693 0.0000 0.0000 0.0000 0.1200 1
2.7630 13.4976 -1.3196 0.0000 0.0000 0.0000 0.1200 1
2.8454 13.5021 -1.1305 0.0000 0.0000 0.0000 0.1200 1
2.9117 13.4991 -0.9672 0.0000 0.0000 0.0000 0.1200 1
2.9800 13.5026 -0.7418 0.0000 0.0000 0.0000 0.1200 1
3.0221 13.4974 -0.5732 0.0000 0.0000 0.0000 0.1200 1
3.0524 13.4977 -0.3867 0.0000 0.0000 0.0000 0.1200 1
3.0701 13.5000 -0.1898 0.0000 0.0000 0.0000 0.1200 1
3.0808 14.0011 -0.0007 0.0000 0.0000 0.0000 0.1200 1
3.0728 13.9984 0.2139 0.0000 0.0000 0.0000 0.1200 1
3.0511 14.0006 0.4010 0.0000 0.0000 0.0000 0.1200 1
3.0212 13.9995 0.6044 0.0000 0.0000 0.0000 0.1200 1
2.9767 13.9983 0.7892 0.0000 0.0000 0.0000 0.1200 1
2.9194 13.9984 0.9653 0.0000 0.0000 0.0000 0.1200 1
2.8563 13.9986 1.1509 0.0000 0.0000 0.0000 0.1200 1
2.7698 14.0006 1.3382 0.0000 0.0000 0.0000 0.1200 1
2.6760 14.0002 1.5154 0.0000 0.0000 0.0000 0.1200 1
2.5738 13.9989 1.6840 0.0000 0.0000 0.0000 0.1200 1
2.4485 14.0000 1.8521 0.0000 0.0000 0.0000 0.1200 1
2.3301 14.0006 1.9930 0.0000 0.0000 0.0000 0.1200 1
2.2169 14.0008 2.1189 0.0000 0.0000 0.0000 0.1200 1
2.0541 14.0014 2.2725 0.0000 0.0000 0.0000 0.1200 1
1.8951 13.9996 2.4017 0.0000 0.0000 0.0000 0.1200 1
1.7423 13.9995 2.5104 0.0000 0.0000 0.0000 0.1200 1
1.5737 14.0020 2.6107 0.0000 0.0000 0.0000 0.1200 1
1.4081 14.0010 2.7003 0.0000 0.0000 0.0000 0.1200 1
1.2083 13.9991 2.7892 0.0000 0.0000 0.0000 0.1200 1
1.0532 13.9984 2.8491 0.0000 0.0000 0.0000 0.1200 1
0.8431 14.0002 2.9089 0.0000 0.0000 0.0000 0.1200 1
0.6624 14.0005 2.9550 0.0000 0.0000 0.0000 0.1200 1
0.4886 14.0000 2.9887 0.0000 0.0000 0.0000 0.1200 1
0.2891 14.0022 3.0068 0.0000 0.0000 0.0000 0.1200 1
0.0781 14.0006 3.0157 0.0000 0.0000 0.0000 0.1200 1
-0.1093 13.9996 3.0071 0.0000 0.0000 0.0000 0.1200 1
-0.3246 13.9992 2.9853 0.0000 0.0000 0.0000 0.1200 1
-0.5104 13.9992 2.9545 0.0000 0.0000 0.0000 0.1200 1
-0.6906 14.0007 2.9124 0.0000 0.0000 0.0000 0.1200 1
-0.8864 14.0000 2.8518 0.0000 0.0000 0.0000 0.1200 1
-1.0718 14.0005 2.7853 0.0000 0.0000 0.0000 0.1200 1
-1.2494 13.9982 2.7022 0.0000 0.0000 0.0000 0.1200 1
-1.4273 13.9984 2.6077 0.0000 0.0000 0.0000 0.1200 1
-1.6135 14.0009 2.4858 0.0000 0.0000 0.0000 0.1200 1
-1.7380 14.0002 2.4007 0.0000 0.0000 0.0000 0.1200 1
-1.8848 13.9995 2.2818 0.0000 0.0000 0.0000 0.1200 1
-2.0471 13.9985 2.1287 0.0000 0.0000 0.0000 0.1200 1
-2.1821 13.9973 1.9892 0.0000 0.0000 0.0000 0.1200 1
-2.3018 13.9990 1.8393 0.0000 0.0000 0.0000 0.1200 1
-2.4150 13.9997 1.6790 0.0000 0.0000 0.0000 0.1200 1
-2.5213 13.9994 1.5081 0.0000 0.0000 0.0000 0.1200 1
-2.6102 13.9996 1.3417 0.0000 0.0000 0.0000 0.1200 1
-2.6839 14.0003 1.1724 0.0000 0.0000 0.0000 0.1200 1
-2.7622 14.0004 0.9844 0.0000 0.0000 0.0000 0.1200 1
-2.8220 14.0001 0.7950 0.0000 0.0000 0.0000 0.1200 1
-2.8651 14.0018 0.5913 0.0000 0.0000 0.0000 0.1200 1
-2.8930 13.9992 0.3979 0.0000 0.0000 0.0000 0.1200 1
-2.9173 14.0023 0.2045 0.0000 0.0000 0.0000 0.1200 1
-2.9217 13.9992 0.0075 0.0000 0.0000 0.0000 0.1200 1
-2.9160 13.9997 -0.1629 0.0000 0.0000 0.0000 0.1200 1
-2.8942 14.0004 -0.3902 0.0000 0.0000 0.0000 0.1200 1
-2.8653 13.9990 -0.5655 0.0000 0.0000 0.0000 0.1200 1
-2.8223 14.0001 -0.7538 0.0000 0.0000 0.0000 0.1200 1
-2.7599 13.9990 -0.9551 0.0000 0.0000 0.0000 0.1200 1
-2.6955 14.0004 -1.1286 0.0000 0.0000 0.0000 0.1200 1
-2.6156 13.9987 -1.3103 0.0000 0.0000 0.0000 0.1200 1
-2.5140 13.9997 -1.4993 0.0000 0.0000 0.0000 0.1200 1
-2.4076 14.0026 -1.6674 0.0000 0.0000 0.0000 0.1200 1
-2.3053 14.0004 -1.8053 0.0000 0.0000 0.0000 0.1200 1
-2.1735 14.0006 -1.9674 0.0000 0.0000 0.0000 0.1200 1
-2.0621 13.9986 -2.0860 0.0000 0.0000 0.0000 0.1200 1
-1.9037 14.0003 -2.2398 0.0000 0.0000 0.0000 0.1200 1
-1.7462 13.9995 -2.3670 0.0000 0.0000 0.0000 0.1200 1
-1.5872 14.0001 -2.4843 0.0000 0.0000 0.0000 0.1200 1
-1.4141 14.0018 -2.5854 0.0000 0.0000 0.0000 0.1200 1
-1.2456 13.9994 -2.6754 0.0000 0.0000 0.0000 0.1200 1
-1.0646 14.0010 -2.7572 0.0000 0.0000 0.0000 0.1200 1
-0.9063 14.0007 -2.8200 0.0000 0.0000 0.0000 0.1200 1
-0.7059 14.0004 -2.8816 0.0000 0.0000 0.0000 0.1200 1
-0.5062 13.9992 -2.9228 0.0000 0.0000 0.0000 0.1200 1
-0.2984 13.9999 -2.9631 0.0000 0.0000 0.0000 0.1200 1
-0.1210 13.9999 -2.9827 0.0000 0.0000 0.0000 0.1200 1
0.0798 13.9989 -2.9880 0.0000 0.0000 0.0000 0.1200 1
0.2730 13.9985 -2.9813 0.0000 0.0000 0.0000 0.1200 1
0.4729 13.9986 -2.9594 0.0000 0.0000 0.0000 0.1200 1
0.6812 13.9999 -2.9235 0.0000 0.0000 0.0000 0.1200 1
0.8588 14.0005 -2.8850 0.0000 0.0000 0.0000 0.1200 1
1.0571 13.9993 -2.8264 0.0000 0.0000 0.0000 0.1200 1
1.2226 14.0001 -2.7604 0.0000 0.0000 0.0000 0.1200 1
1.4157 14.0003 -2.6753 0.0000 0.0000 0.0000 0.1200 1
1.5705 14.0004 -2.5870 0.0000 0.0000 0.0000 0.1200 1
1.7368 13.9997 -2.4889 0.0000 0.0000 0.0000 0.1200 1
1.9094 14.0003 -2.3624 0.0000 0.0000 0.0000 0.1200 1
2.0584 13.9987 -2.2402 0.0000 0.0000 0.0000 0.1200 1
2.2038 13.9999 -2.1022 0.0000 0.0000 0.0000 0.1200 1
2.3339 14.0010 -1.9636 0.0000 0.0000 0.0000 0.1200 1
2.4553 14.0001 -1.8147 0.0000 0.0000 0.0000 0.1200 1
2.5706 14.0009 -1.6498 0.0000 0.0000 0.0000 0.1200 1
2.6739 14.0007 -1.4849 0.0000 0.0000 0.0000 0.1200 1
2.7689 14.0010 -1.3077 0.0000 0.0000 0.0000 0.1200 1
2.8546 13.9998 -1.1273 0.0000 0.0000 0.0000 0.1200 1
2.9184 14.0021 -0.9439 0.0000 0.0000 0.0000 0.1200 1
2.9702 14.0005 -0.7753 0.0000 0.0000 0.0000 0.1200 1
3.0197 14.0004 -0.6004 0.0000 0.0000 0.0000 0.1200 1
3.0547 14.0007 -0.3838 0.0000 0.0000 0.0000 0.1200 1
3.0740 13.9991 -0.1841 0.0000 0.0000 0.0000 0.1200 1
3.0822 14.5001 0.0139 0.0000 0.0000 0.0000 0.1200 1
3.0746 14.5014 0.2253 0.0000 0.0000 0.0000 0.1200 1
3.0591 14.4994 0.4030 0.0000 0.0000 0.0000 0.1200 1
3.0157 14.5000 0.6184 0.0000 0.0000 0.0000 0.1200 1
2.9740 14.5020 0.8012 0.0000 0.0000 0.0000 0.1200 1
2.9222 14.5002 0.9805 0.0000 0.0000 0.0000 0.1200 1
2.8535 14.5004 1.1579 0.0000 0.0000 0.0000 0.1200 1
2.7668 14.4978 1.3546 0.0000 0.0000 0.0000 0.1200 1
2.6832 14.4992 1.5073 0.0000 0.0000 0.0000 0.1200 1
2.5712 14.5002 1.6837 0.0000 0.0000 0.0000 0.1200 1
2.4601 14.5000 1.8407 0.0000 0.0000 0.0000 0.1200 1
2.3364 14.5004 1.9951 0.0000 0.0000 0.0000 0.1200 1
2.2015 14.5008 2.1323 0.0000 0.0000 0.0000 0.1200 1
2.0506 14.5012 2.2739 0.0000 0.0000 0.0000 0.1200 1
1.9050 14.5004 2.3905 0.0000 0.0000 0.0000 0.1200 1
1.7480 14.5017 2.5086 0.0000 0.0000 0.0000 0.1200 1
1.5883 14.5009 2.6086 0.0000 0.0000 0.0000 0.1200 1
1.4066 14.4999 2.7055 0.0000 0.0000 0.0000 0.1200 1
1.2401 14.5000 2.7816 0.0000 0.0000 0.0000 0.1200 1
1.0433 14.5022 2.8571 0.0000 0.0000 0.0000 0.1200 1
0.8662 14.5010 2.9037 0.0000 0.0000 0.0000 0.1200 1
0.6507 14.4999 2.9571 0.0000 0.0000 0.0000 0.1200 1
0.4703 14.4998 2.9841 0.0000 0.0000 0.0000 0.1200 1
0.2641 14.5008 3.0069 0.0000 0.0000 0.0000 0.1200 1
0.0726 14.4987 3.0112 0.0000 0.0000 0.0000 0.1200 1
-0.1248 14.5003 3.0035 0.0000 0.0000 0.0000 0.1200 1
-0.3118 14.4994 2.9886 0.0000 0.0000 0.0000 0.1200 1
-0.4988 14.5005 2.9553 0.0000 0.0000 0.0000 0.1200 1
-0.6895 14.5014 2.9128 0.0000 0.0000 0.0000 0.1200 1
-0.8827 14.4994 2.8538 0.0000 0.0000 0.0000 0.1200 1
-1.0571 14.5009 2.7904 0.0000 0.0000 0.0000 0.1200 1
-1.2423 14.4997 2.7076 0.0000 0.0000 0.0000 0.1200 1
-1.4199 14.5005 2.6125 0.0000 0.0000 0.0000 0.1200 1
-1.5867 14.4999 2.5088 0.0000 0.0000 0.0000 0.1200 1
-1.7414 14.4999 2.3980 0.0000 0.0000 0.0000 0.1200 1
-1.9047 14.5009 2.2629 0.0000 0.0000 0.0000 0.1200 1
-2.0360 14.4992 2.1414 0.0000 0.0000 0.0000 0.1200 1
-2.1793 14.4999 1.9855 0.0000 0.0000 0.0000 0.1200 1
-2.3037 14.5012 1.8351 0.0000 0.0000 0.0000 0.1200 1
-2.4125 14.5009 1.6791 0.0000 0.0000 0.0000 0.1200 1
-2.5251 14.4984 1.5076 0.0000 0.0000 0.0000 0.1200 1
-2.6094 14.5014 1.3475 0.0000 0.0000 0.0000 0.1200 1
-2.6904 14.5013 1.1639 0.0000 0.0000 0.0000 0.1200 1
-2.7631 14.4996 0.9754 0.0000 0.0000 0.0000 0.1200 1
-2.8234 14.4988 0.7851 0.0000 0.0000 0.0000 0.1200 1
-2.8654 14.4996 0.5788 0.0000 0.0000 0.0000 0.1200 1
-2.8929 14.4983 0.4021 0.0000 0.0000 0.0000 0.1200 1
-2.9136 14.5016 0.2129 0.0000 0.0000 0.0000 0.1200 1
-2.9230 14.5010 0.0180 0.0000 0.0000 0.0000 0.1200 1
-2.9098 14.4981 -0.1949 0.0000 0.0000 0.0000 0.1200 1
-2.8934 14.5014 -0.3849 0.0000 0.0000 0.0000 0.1200 1
-2.8586 14.4992 -0.5769 0.0000 0.0000 0.0000 0.1200 1
-2.8124 14.5019 -0.7732 0.0000 0.0000 0.0000 0.1200 1
-2.7626 14.4994 -0.9473 0.0000 0.0000 0.0000 0.1200 1
-2.6858 14.5006 -1.1492 0.0000 0.0000 0.0000 0.1200 1
-2.6080 14.4987 -1.3188 0.0000 0.0000 0.0000 0.1200 1
-2.5193 14.5013 -1.4830 0.0000 0.0000 0.0000 0.1200 1
-2.4064 14.5003 -1.6674 0.0000 0.0000 0.0000 0.1200 1
-2.2971 14.4997 -1.8093 0.0000 0.0000 0.0000 0.1200 1
-2.1794 14.4996 -1.9617 0.0000 0.0000 0.0000 0.1200 1
-2.0322 14.4994 -2.1199 0.0000 0.0000 0.0000 0.1200 1
-1.8992 14.5002 -2.2418 0.0000 0.0000 0.0000 0.1200 1
-1.7453 14.5005 -2.3607 0.0000 0.0000 0.0000 0.1200 1
-1.5845 14.5001 -2.4836 0.0000 0.0000 0.0000 0.1200 1
-1.4286 14.5015 -2.5787 0.0000 0.0000 0.0000 0.1200 1
-1.2479 14.5000 -2.6757 0.0000 0.0000 0.0000 0.1200 1
-1.0617 14.5007 -2.7552 0.0000 0.0000 0.0000 0.1200 1
-0.8850 14.5008 -2.8295 0.0000 0.0000 0.0000 0.1200 1
-0.6941 14.4993 -2.8826 0.0000 0.0000 0.0000 0.1200 1
-0.5008 14.4982 -2.9302 0.0000 0.0000 0.0000 0.1200 1
-0.3004 14.5015 -2.9576 0.0000 0.0000 0.0000 0.1200 1
-0.1304 14.4996 -2.9823 0.0000 0.0000 0.0000 0.1200 1
0.0901 14.5033 -2.9864 0.0000 0.0000 0.0000 0.1200 1
0.2843 14.4986 -2.9799 0.0000 0.0000 0.0000 0.1200 1
0.4942 14.5007 -2.9586 0.0000 0.0000 0.0000 0.1200 1
0.6661 14.4996 -2.9307 0.0000 0.0000 0.0000 0.1200 1
0.8466 14.5013 -2.8829 0.0000 0.0000 0.0000 0.1200 1
1.0680 14.5015 -2.8219 0.0000 0.0000 0.0000 0.1200 1
1.2354 14.4988 -2.7610 0.0000 0.0000 0.0000 0.1200 1
1.4187 14.4995 -2.6678 0.0000 0.0000 0.0000 0.1200 1
1.5993 14.4993 -2.5744 0.0000 0.0000 0.0000 0.1200 1
1.7361 14.4983 -2.4896 0.0000 0.0000 0.0000 0.1200 1
1.9050 14.4995 -2.3633 0.0000 0.0000 0.0000 0.1200 1
2.0586 14.5018 -2.2392 0.0000 0.0000 0.0000 0.1200 1
2.2010 14.5013 -2.1121 0.0000 0.0000 0.0000 0.1200 1
2.3333 14.5004 -1.9639 0.0000 0.0000 0.0000 0.1200 1
2.4481 14.5010 -1.8257 0.0000 0.0000 0.0000 0.1200 1
2.5642 14.5001 -1.6661 0.0000 0.0000 0.0000 0.1200 1
2.6919 14.4982 -1.4702 0.0000 0.0000 0.0000 0.1200 1
2.7724 14.5005 -1.3091 0.0000 0.0000 0.0000 0.1200 1
2.8419 14.5001 -1.1569 0.0000 0.0000 0.0000 0.1200 1
2.9169 14.5008 -0.9600 0.0000 0.0000 0.0000 0.1200 1
2.9761 14.5016 -0.7752 0.0000 0.0000 0.0000 0.1200 1
3.0266 14.5008 -0.5743 0.0000 0.0000 0.0000 0.1200 1
3.0586 14.4996 -0.3659 0.0000 0.0000 0.0000 0.1200 1
3.0755 14.4989 -0.1624 0.0000 0.0000 0.0000 0.1200 1
3.0824 14.9994 0.0176 0.0000 0.0000 0.0000 0.1200 1
3.0783 14.9995 0.2062 0.0000 0.0000 0.0000 0.1200 1
3.0611 14.9998 0.4103 0.0000 0.0000 0.0000 0.1200 1
3.0247 15.0010 0.6055 0.0000 0.0000 0.0000 0.1200 1
2.9818 14.9977 0.7859 0.0000 0.0000 0.0000 0.1200 1
2.9236 14.9991 0.9820 0.0000 0.0000 0.0000 0.1200 1
2.8532 14.9982 1.1675 0.0000 0.0000 0.0000 0.1200 1
2.7740 14.9999 1.3369 0.0000 0.0000 0.0000 0.1200 1
2.6927 14.9988 1.4915 0.0000 0.0000 0.0000 0.1200 1
2.5804 15.0021 1.6821 0.0000 0.0000 0.0000 0.1200 1
2.4694 14.9997 1.8346 0.0000 0.0000 0.0000 0.1200 1
2.3236 15.0005 2.0027 0.0000 0.0000 0.0000 0.1200 1
2.1958 14.9996 2.1460 0.0000 0.0000 0.0000 0.1200 1
2.0694 15.0011 2.2652 0.0000 0.0000 0.0000 0.1200 1
1.8955 15.0003 2.4010 0.0000 0.0000 0.0000 0.1200 1
1.7438 14.9999 2.5161 0.0000 0.0000 0.0000 0.1200 1
1.5743 14.9986 2.6177 0.0000 0.0000 0.0000 0.1200 1
1.4078 15.0013 2.7038 0.0000 0.0000 0.0000 0.1200 1
1.2133 15.0001 2.7930 0.0000 0.0000 0.0000 0.1200 1
1.0511 14.9994 2.8550 0.0000 0.0000 0.0000 0.1200 1
0.8448 15.0020 2.9195 0.0000 0.0000 0.0000 0.1200 1
0.6613 14.9997 2.9558 0.0000 0.0000 0.0000 0.1200 1
0.4759 14.9986 2.9862 0.0000 0.0000 0.0000 0.1200 1
0.2801 14.9991 3.0079 0.0000 0.0000 0.0000 0.1200 1
0.0674 15.0003 3.0128 0.0000 0.0000 0.0000 0.1200 1
-0.0930 15.0007 3.0086 0.0000 0.0000 0.0000 0.1200 1
-0.3357 14.9994 2.9837 0.0000 0.0000 0.0000 0.1200 1
-0.5094 15.0016 2.9589 0.0000 0.0000 0.0000 0.1200 1
-0.6724 15.0004 2.9124 0.0000 0.0000 0.0000 0.1200 1
-0.8831 15.0033 2.8578 0.0000 0.0000 0.0000 0.1200 1
-1.0718 15.0005 2.7836 0.0000 0.0000 0.0000 0.1200 1
-1.2255 15.0005 2.7151 0.0000 0.0000 0.0000 0.1200 1
-1.4372 15.0018 2.5968 0.0000 0.0000 0.0000 0.1200 1
-1.5869 15.0016 2.5122 0.0000 0.0000 0.0000 0.1200 1
-1.7453 15.0000 2.3899 0.0000 0.0000 0.0000 0.1200 1
-1.9069 14.9996 2.2593 0.0000 0.0000 0.0000 0.1200 1
-2.0390 15.0009 2.1297 0.0000 0.0000 0.0000 0.1200 1
-2.1754 14.9999 1.9875 0.0000 0.0000 0.0000 0.1200 1
-2.3044 14.9993 1.8254 0.0000 0.0000 0.0000 0.1200 1
-2.4101 15.0001 1.6848 0.0000 0.0000 0.0000 0.1200 1
-2.5123 14.9991 1.5186 0.0000 0.0000 0.0000 0.1200 1
-2.6110 14.9988 1.3351 0.0000 0.0000 0.0000 0.1200 1
-2.6843 15.0030 1.1674 0.0000 0.0000 0.0000 0.1200 1
-2.7584 14.9998 0.9772 0.0000 0.0000 0.0000 0.1200 1
-2.8179 15.0004 0.7866 0.0000 0.0000 0.0000 0.1200 1
-2.8583 14.9998 0.6076 0.0000 0.0000 0.0000 0.1200 1
-2.8871 15.0005 0.4184 0.0000 0.0000 0.0000 0.1200 1
-2.9045 14.9998 0.2114 0.0000 0.0000 0.0000 0.1200 1
-2.9164 15.0002 -0.0013 0.0000 0.0000 0.0000 0.1200 1
-2.9070 14.9999 -0.1966 0.0000 0.0000 0.0000 0.1200 1
-2.8906 14.9989 -0.3712 0.0000 0.0000 0.0000 0.1200 1
-2.8613 14.9998 -0.5610 0.0000 0.0000 0.0000 0.1200 1
-2.8155 15.0001 -0.7654 0.0000 0.0000 0.0000 0.1200 1
-2.7507 15.0009 -0.9580 0.0000 0.0000 0.0000 0.1200 1
-2.6886 14.9997 -1.1234 0.0000 0.0000 0.0000 0.1200 1
-2.6064 15.0008 -1.3110 0.0000 0.0000 0.0000 0.1200 1
-2.5113 15.0000 -1.4843 0.0000 0.0000 0.0000 0.1200 1
-2.4229 15.0011 -1.6387 0.0000 0.0000 0.0000 0.1200 1
-2.2990 15.0010 -1.8102 0.0000 0.0000 0.0000 0.1200 1
-2.1674 14.9995 -1.9684 0.0000 0.0000 0.0000 0.1200 1
-2.0240 15.0001 -2.1167 0.0000 0.0000 0.0000 0.1200 1
-1.9042 15.0000 -2.2345 0.0000 0.0000 0.0000 0.1200 1
-1.7474 15.0000 -2.3555 0.0000 0.0000 0.0000 0.1200 1
-1.5861 14.9993 -2.4770 0.0000 0.0000 0.0000 0.1200 1
-1.4017 14.9993 -2.5929 0.0000 0.0000 0.0000 0.1200 1
-1.2489 14.9996 -2.6742 0.0000 0.0000 0.0000 0.1200 1
-1.0679 14.9994 -2.7544 0.0000 0.0000 0.0000 0.1200 1
-0.8778 14.9993 -2.8266 0.0000 0.0000 0.0000 0.1200 1
-0.6992 14.9993 -2.8842 0.0000 0.0000 0.0000 0.1200 1
-0.4955 14.9997 -2.9282 0.0000 0.0000 0.0000 0.1200 1
-0.3119 15.0018 -2.9564 0.0000 0.0000 0.0000 0.1200 1
-0.1340 14.9992 -2.9763 0.0000 0.0000 0.0000 0.1200 1
0.0792 15.0017 -2.9857 0.0000 0.0000 0.0000 0.1200 1
0.2689 14.9993 -2.9744 0.0000 0.0000 0.0000 0.1200 1
0.5005 14.9982 -2.9576 0.0000 0.0000 0.0000 0.1200 1
0.6657 15.0021 -2.9264 0.0000 0.0000 0.0000 0.1200 1
0.8624 15.0011 -2.8846 0.0000 0.0000 0.0000 0.1200 1
1.0418 14.9995 -2.8298 0.0000 0.0000 0.0000 0.1200 1
1.2367 15.0009 -2.7588 0.0000 0.0000 0.0000 0.1200 1
1.4206 14.9988 -2.6696 0.0000 0.0000 0.0000 0.1200 1
1.5774 14.9987 -2.5855 0.0000 0.0000 0.0000 0.1200 1
1.7535 15.0007 -2.4776 0.0000 0.0000 0.0000 0.1200 1
1.9099 15.0003 -2.3680 0.0000 0.0000 0.0000 0.1200 1
2.0611 15.0002 -2.2396 0.0000 0.0000 0.0000 0.1200 1
2.1945 14.9994 -2.1176 0.0000 0.0000 0.0000 0.1200 1
2.3412 15.0004 -1.9600 0.0000 0.0000 0.0000 0.1200 1
2.4668 14.9999 -1.8070 0.0000 0.0000 0.0000 0.1200 1
2.5764 14.9995 -1.6563 0.0000 0.0000 0.0000 0.1200 1
2.6745 14.9990 -1.4913 0.0000 0.0000 0.0000 0.1200 1
2.7740 14.9985 -1.3125 0.0000 0.0000 0.0000 0.1200 1
2.8527 15.0008 -1.1345 0.0000 0.0000 0.0000 0.1200 1
2.9263 14.9991 -0.9392 0.0000 0.0000 0.0000 0.1200 1
2.9808 14.9999 -0.7604 0.0000 0.0000 0.0000 0.1200 1
3.0269 15.0006 -0.5670 0.0000 0.0000 0.0000 0.1200 1
3.0582 14.9994 -0.3838 0.0000 0.0000 0.0000 0.1200 1
3.0772 15.0004 -0.1721 0.0000 0.0000 0.0000 0.1200 1
3.0863 15.5003 0.0179 0.0000 0.0000 0.0000 0.1200 1
3.0794 15.5009 0.2119 0.0000 0.0000 0.0000 0.1200 1
3.0658 15.4986 0.3913 0.0000 0.0000 0.0000 0.1200 1
3.0265 15.5005 0.6087 0.0000 0.0000 0.0000 0.1200 1
2.9818 15.4995 0.7901 0.0000 0.0000 0.0000 0.1200 1
2.9339 15.5001 0.9635 0.0000 0.0000 0.0000 0.1200 1
2.8567 15.5002 1.1675 0.0000 0.0000 0.0000 0.1200 1
2.7752 15.4993 1.3377 0.0000 0.0000 0.0000 0.1200 1
2.6803 15.4991 1.5159 0.0000 0.0000 0.0000 0.1200 1
2.5753 15.5004 1.6890 0.0000 0.0000 0.0000 0.1200 1
2.4639 15.4988 1.8349 0.0000 0.0000 0.0000 0.1200 1
2.3533 15.4991 1.9786 0.0000 0.0000 0.0000 0.1200 1
2.2012 15.5004 2.1398 0.0000 0.0000 0.0000 0.1200 1
2.0539 15.4988 2.2744 0.0000 0.0000 0.0000 0.1200 1
1.9199 15.5003 2.3878 0.0000 0.0000 0.0000 0.1200 1
1.7438 15.4987 2.5113 0.0000 0.0000 0.0000 0.1200 1
1.6118 15.4994 2.5979 0.0000 0.0000 0.0000 0.1200 1
1.3813 15.5002 2.7186 0.0000 0.0000 0.0000 0.1200 1
1.2474 15.4991 2.7816 0.0000 0.0000 0.0000 0.1200 1
1.0478 15.4990 2.8552 0.0000 0.0000 0.0000 0.1200 1
0.8556 15.4998 2.9108 0.0000 0.0000 0.0000 0.1200 1
0.6573 15.4994 2.9577 0.0000 0.0000 0.0000 0.1200 1
0.4802 15.4995 2.9887 0.0000 0.0000 0.0000 0.1200 1
0.2733 15.4999 3.0094 0.0000 0.0000 0.0000 0.1200 1
0.0664 15.4992 3.0149 0.0000 0.0000 0.0000 0.1200 1
-0.0974 15.5001 3.0076 0.0000 0.0000 0.0000 0.1200 1
-0.2993 15.4980 2.9867 0.0000 0.0000 0.0000 0.1200 1
-0.5220 15.4998 2.9531 0.0000 0.0000 0.0000 0.1200 1
-0.6824 15.4982 2.9124 0.0000 0.0000 0.0000 0.1200 1
-0.8865 15.4982 2.8512 0.0000 0.0000 0.0000 0.1200 1
-1.0557 15.5004 2.7897 0.0000 0.0000 0.0000 0.1200 1
-1.2359 15.5008 2.7102 0.0000 0.0000 0.0000 0.1200 1
-1.4109 15.4993 2.6163 0.0000 0.0000 0.0000 0.1200 1
-1.5728 15.4998 2.5160 0.0000 0.0000 0.0000 0.1200 1
-1.7359 15.4988 2.4006 0.0000 0.0000 0.0000 0.1200 1
-1.8892 15.4998 2.2732 0.0000 0.0000 0.0000 0.1200 1
-2.0440 15.4998 2.1271 0.0000 0.0000 0.0000 0.1200 1
-2.1627 15.4993 1.9975 0.0000 0.0000 0.0000 0.1200 1
-2.2942 15.4997 1.8415 0.0000 0.0000 0.0000 0.1200 1
-2.4111 15.4997 1.6767 0.0000 0.0000 0.0000 0.1200 1
-2.5055 15.4999 1.5245 0.0000 0.0000 0.0000 0.1200 1
-2.6041 15.5007 1.3410 0.0000 0.0000 0.0000 0.1200 1
-2.6824 15.4996 1.1732 0.0000 0.0000 0.0000 0.1200 1
-2.7601 15.4994 0.9616 0.0000 0.0000 0.0000 0.1200 1
-2.8138 15.5007 0.7931 0.0000 0.0000 0.0000 0.1200 1
-2.8560 15.5004 0.6053 0.0000 0.0000 0.0000 0.1200 1
-2.8905 15.4996 0.4041 0.0000 0.0000 0.0000 0.1200 1
-2.9081 15.4978 0.2326 0.0000 0.0000 0.0000 0.1200 1
-2.9127 15.5004 0.0103 0.0000 0.0000 0.0000 0.1200 1
-2.9082 15.4993 -0.1795 0.0000 0.0000 0.0000 0.1200 1
-2.8896 15.4998 -0.3705 0.0000 0.0000 0.0000 0.1200 1
-2.8567 15.5006 -0.5730 0.0000 0.0000 0.0000 0.1200 1
-2.8055 15.5014 -0.7875 0.0000 0.0000 0.0000 0.1200 1
-2.7491 15.5011 -0.9630 0.0000 0.0000 0.0000 0.1200 1
-2.6882 15.4981 -1.1238 0.0000 0.0000 0.0000 0.1200 1
-2.6149 15.5000 -1.2977 0.0000 0.0000 0.0000 0.1200 1
-2.5086 15.4996 -1.4908 0.0000 0.0000 0.0000 0.1200 1
-2.4189 15.5001 -1.6408 0.0000 0.0000 0.0000 0.1200 1
-2.2832 15.5019 -1.8243 0.0000 0.0000 0.0000 0.1200 1
-2.1644 15.5000 -1.9672 0.0000 0.0000 0.0000 0.1200 1
-2.0289 15.4998 -2.1140 0.0000 0.0000 0.0000 0.1200 1
-1.8975 15.5016 -2.2310 0.0000 0.0000 0.0000 0.1200 1
-1.7332 15.4982 -2.3702 0.0000 0.0000 0.0000 0.1200 1
-1.5815 15.4996 -2.4788 0.0000 0.0000 0.0000 0.1200 1
-1.4080 15.4989 -2.5871 0.0000 0.0000 0.0000 0.1200 1
-1.2283 15.4990 -2.6774 0.0000 0.0000 0.0000 0.1200 1
-1.0485 15.4986 -2.7666 0.0000 0.0000 0.0000 0.1200 1
-0.8588 15.4989 -2.8305 0.0000 0.0000 0.0000 0.1200 1
-0.7032 15.4991 -2.8823 0.0000 0.0000 0.0000 0.1200 1
-0.4998 15.5011 -2.9217 0.0000 0.0000 0.0000 0.1200 1
-0.2993 15.5010 -2.9586 0.0000 0.0000 0.0000 0.1200 1
-0.1151 15.5003 -2.9762 0.0000 0.0000 0.0000 0.1200 1
0.0779 15.5008 -2.9845 0.0000 0.0000 0.0000 0.1200 1
0.2799 15.4992 -2.9799 0.0000 0.0000 0.0000 0.1200 1
0.4815 15.5011 -2.9567 0.0000 0.0000 0.0000 0.1200 1
0.6686 15.4989 -2.9264 0.0000 0.0000 0.0000 0.1200 1
0.8757 15.5000 -2.8792 0.0000 0.0000 0.0000 0.1200 1
1.0526 15.4980 -2.8259 0.0000 0.0000 0.0000 0.1200 1
1.2078 15.4999 -2.7671 0.0000 0.0000 0.0000 0.1200 1
1.4168 15.5008 -2.6721 0.0000 0.0000 0.0000 0.1200 1
1.5688 15.5018 -2.5898 0.0000 0.0000 0.0000 0.1200 1
1.7396 15.4988 -2.4891 0.0000 0.0000 0.0000 0.1200 1
1.9172 15.4990 -2.3599 0.0000 0.0000 0.0000 0.1200 1
2.0653 15.5012 -2.2392 0.0000 0.0000 0.0000 0.1200 1
2.2005 15.4984 -2.1146 0.0000 0.0000 0.0000 0.1200 1
2.3570 15.4998 -1.9415 0.0000 0.0000 0.0000 0.1200 1
2.4744 15.5006 -1.8098 0.0000 0.0000 0.0000 0.1200 1
2.5792 15.5003 -1.6504 0.0000 0.0000 0.0000 0.1200 1
2.6894 15.5001 -1.4798 0.0000 0.0000 0.0000 0.1200 1
2.7732 15.4996 -1.3201 0.0000 0.0000 0.0000 0.1200 1
2.8527 15.4999 -1.1435 0.0000 0.0000 0.0000 0.1200 1
2.9325 15.4989 -0.9326 0.0000 0.0000 0.0000 0.1200 1
2.9822 15.5000 -0.7475 0.0000 0.0000 0.0000 0.1200 1
3.0306 15.4992 -0.5664 0.0000 0.0000 0.0000 0.1200 1
3.0614 15.5007 -0.3630 0.0000 0.0000 0.0000 0.1200 1
3.0813 15.5007 -0.1613 0.0000 0.0000 0.0000 0.1200 1
3.0886 15.9985 0.0102 0.0000 0.0000 0.0000 0.1200 1
3.0832 15.9995 0.2130 0.0000 0.0000 0.0000 0.1200 1
3.0627 15.9980 0.4147 0.0000 0.0000 0.0000 0.1200 1
3.0277 16.0013 0.6105 0.0000 0.0000 0.0000 0.1200 1
2.9850 15.9996 0.8011 0.0000 0.0000 0.0000 0.1200 1
2.9303 15.9999 0.9710 0.0000 0.0000 0.0000 0.1200 1
2.8574 16.0007 1.1626 0.0000 0.0000 0.0000 0.1200 1
2.7802 16.0023 1.3507 0.0000 0.0000 0.0000 0.1200 1
2.6816 15.9985 1.5193 0.0000 0.0000 0.0000 0.1200 1
2.5799 15.9999 1.6856 0.0000 0.0000 0.0000 0.1200 1
2.4644 16.0014 1.8443 0.0000 0.0000 0.0000 0.1200 1
2.3443 15.9999 1.9946 0.0000 0.0000 0.0000 0.1200 1
2.2132 16.0007 2.1289 0.0000 0.0000 0.0000 0.1200 1
2.0623 15.9994 2.2676 0.0000 0.0000 0.0000 0.1200 1
1.9170 16.0013 2.3976 0.0000 0.0000 0.0000 0.1200 1
1.7569 16.0003 2.5078 0.0000 0.0000 0.0000 0.1200 1
1.5962 15.9996 2.6047 0.0000 0.0000 0.0000 0.1200 1
1.4124 15.9988 2.7037 0.0000 0.0000 0.0000 0.1200 1
1.2549 16.0018 2.7789 0.0000 0.0000 0.0000 0.1200 1
1.0525 15.9981 2.8534 0.0000 0.0000 0.0000 0.1200 1
0.8751 15.9992 2.9102 0.0000 0.0000 0.0000 0.1200 1
0.6832 16.0008 2.9526 0.0000 0.0000 0.0000 0.1200 1
0.4873 16.0007 2.9880 0.0000 0.0000 0.0000 0.1200 1
0.2882 16.0016 3.0075 0.0000 0.0000 0.0000 0.1200 1
0.0898 16.0019 3.0154 0.0000 0.0000 0.0000 0.1200 1
-0.1064 15.9998 3.0109 0.0000 0.0000 0.0000 0.1200 1
-0.3055 15.9990 2.9863 0.0000 0.0000 0.0000 0.1200 1
-0.4927 15.9977 2.9620 0.0000 0.0000 0.0000 0.1200 1
-0.6738 16.0013 2.9152 0.0000 0.0000 0.0000 0.1200 1
-0.8941 16.0010 2.8500 0.0000 0.0000 0.0000 0.1200 1
-1.0542 15.9986 2.7841 0.0000 0.0000 0.0000 0.1200 1
-1.2348 15.9995 2.7080 0.0000 0.0000 0.0000 0.1200 1
-1.4300 15.9993 2.6040 0.0000 0.0000 0.0000 0.1200 1
-1.5721 16.0006 2.5136 0.0000 0.0000 0.0000 0.1200 1
-1.7366 16.0013 2.3968 0.0000 0.0000 0.0000 0.1200 1
-1.8866 15.9993 2.2728 0.0000 0.0000 0.0000 0.1200 1
-2.0328 15.9998 2.1338 0.0000 0.0000 0.0000 0.1200 1
-2.1698 16.0012 1.9888 0.0000 0.0000 0.0000 0.1200 1
-2.2926 15.9988 1.8447 0.0000 0.0000 0.0000 0.1200 1
-2.4187 16.0007 1.6676 0.0000 0.0000 0.0000 0.1200 1
-2.5129 16.0002 1.5174 0.0000 0.0000 0.0000 0.1200 1
-2.5938 16.0032 1.3576 0.0000 0.0000 0.0000 0.1200 1
-2.6818 16.0012 1.1677 0.0000 0.0000 0.0000 0.1200 1
-2.7503 16.0018 0.9785 0.0000 0.0000 0.0000 0.1200 1
-2.8060 16.0011 0.8033 0.0000 0.0000 0.0000 0.1200 1
-2.8556 16.0010 0.5974 0.0000 0.0000 0.0000 0.1200 1
-2.8866 15.9989 0.4096 0.0000 0.0000 0.0000 0.1200 1
-2.9045 16.0013 0.1990 0.0000 0.0000 0.0000 0.1200 1
-2.9148 16.0007 0.0126 0.0000 0.0000 0.0000 0.1200 1
-2.9060 16.0000 -0.1924 0.0000 0.0000 0.0000 0.1200 1
-2.8848 16.0003 -0.3785 0.0000 0.0000 0.0000 0.1200 1
-2.8507 16.0017 -0.5713 0.0000 0.0000 0.0000 0.1200 1
-2.8053 15.9996 -0.7614 0.0000 0.0000 0.0000 0.1200 1
-2.7589 15.9995 -0.9365 0.0000 0.0000 0.0000 0.1200 1
-2.6815 15.9999 -1.1367 0.0000 0.0000 0.0000 0.1200 1
-2.6019 16.0024 -1.3118 0.0000 0.0000 0.0000 0.1200 1
-2.4997 16.0004 -1.5015 0.0000 0.0000 0.0000 0.1200 1
-2.3961 16.0004 -1.6657 0.0000 0.0000 0.0000 0.1200 1
-2.3023 15.9981 -1.8002 0.0000 0.0000 0.0000 0.1200 1
-2.1706 16.0009 -1.9574 0.0000 0.0000 0.0000 0.1200 1
-2.0325 16.0006 -2.1086 0.0000 0.0000 0.0000 0.1200 1
-1.8971 15.9985 -2.2337 0.0000 0.0000 0.0000 0.1200 1
-1.7453 15.9997 -2.3568 0.0000 0.0000 0.0000 0.1200 1
-1.5873 16.0014 -2.4770 0.0000 0.0000 0.0000 0.1200 1
-1.4107 16.0002 -2.5842 0.0000 0.0000 0.0000 0.1200 1
-1.2260 15.9995 -2.6770 0.0000 0.0000 0.0000 0.1200 1
-1.0445 15.9984 -2.7683 0.0000 0.0000 0.0000 0.1200 1
-0.8701 16.0011 -2.8254 0.0000 0.0000 0.0000 0.1200 1
-0.6933 16.0026 -2.8772 0.0000 0.0000 0.0000 0.1200 1
-0.5203 16.0001 -2.9176 0.0000 0.0000 0.0000 0.1200 1
-0.3026 16.0005 -2.9618 0.0000 0.0000 0.0000 0.1200 1
-0.0934 16.0004 -2.9768 0.0000 0.0000 0.0000 0.1200 1
0.0698 15.9989 -2.9825 0.0000 0.0000 0.0000 0.1200 1
0.3053 15.9998 -2.9770 0.0000 0.0000 0.0000 0.1200 1
0.4825 15.9989 -2.9582 0.0000 0.0000 0.0000 0.1200 1
0.6770 16.0017 -2.9257 0.0000 0.0000 0.0000 0.1200 1
0.8664 15.9993 -2.8797 0.0000 0.0000 0.0000 0.1200 1
1.0588 16.0002 -2.8263 0.0000 0.0000 0.0000 0.1200 1
1.2282 16.0004 -2.7583 0.0000 0.0000 0.0000 0.1200 1
1.4078 16.0002 -2.6775 0.0000 0.0000 0.0000 0.1200 1
1.5820 15.9989 -2.5857 0.0000 0.0000 0.0000 0.1200 1
1.7591 16.0012 -2.4732 0.0000 0.0000 0.0000 0.1200 1
1.9183 15.9991 -2.3607 0.0000 0.0000 0.0000 0.1200 1
2.0592 15.9987 -2.2460 0.0000 0.0000 0.0000 0.1200 1
2.2032 15.9991 -2.1161 0.0000 0.0000 0.0000 0.1200 1
2.3286 15.9992 -1.9743 0.0000 0.0000 0.0000 0.1200 1
2.4659 16.0008 -1.8153 0.0000 0.0000 0.0000 0.1200 1
2.5945 16.0009 -1.6305 0.0000 0.0000 0.0000 0.1200 1
2.6840 15.9988 -1.4833 0.0000 0.0000 0.0000 0.1200 1
2.7819 16.0006 -1.3037 0.0000 0.0000 0.0000 0.1200 1
2.8526 15.9996 -1.1481 0.0000 0.0000 0.0000 0.1200 1
2.9282 16.0005 -0.9493 0.0000 0.0000 0.0000 0.1200 1
2.9835 15.9996 -0.7704 0.0000 0.0000 0.0000 0.1200 1
3.0256 16.0007 -0.5727 0.0000 0.0000 0.0000 0.1200 1
3.0614 15.9998 -0.3776 0.0000 0.0000 0.0000 0.1200 1
3.0784 15.9986 -0.1778 0.0000 0.0000 0.0000 0.1200 1
3.0903 16.4986 0.0186 0.0000 0.0000 0.0000 0.1200 1
3.0832 16.4994 0.2218 0.0000 0.0000 0.0000 0.1200 1
3.0628 16.5018 0.4067 0.0000 0.0000 0.0000 0.1200 1
3.0356 16.4994 0.5950 0.0000 0.0000 0.0000 0.1200 1
2.9887 16.5014 0.7974 0.0000 0.0000 0.0000 0.1200 1
2.9377 16.4998 0.9665 0.0000 0.0000 0.0000 0.1200 1
2.8582 16.5008 1.1661 0.0000 0.0000 0.0000 0.1200 1
2.7862 16.5000 1.3329 0.0000 0.0000 0.0000 0.1200 1
2.6836 16.4990 1.5248 0.0000 0.0000 0.0000 0.1200 1
2.5813 16.4990 1.6856 0.0000 0.0000 0.0000 0.1200 1
2.4706 16.5023 1.8380 0.0000 0.0000 0.0000 0.1200 1
2.3495 16.5004 1.9951 0.0000 0.0000 0.0000 0.1200 1
2.2000 16.5006 2.1466 0.0000 0.0000 0.0000 0.1200 1
2.0672 16.4998 2.2652 0.0000 0.0000 0.0000 0.1200 1
1.9193 16.5003 2.3950 0.0000 0.0000 0.0000 0.1200 1
1.7615 16.4992 2.5098 0.0000 0.0000 0.0000 0.1200 1
1.6005 16.5002 2.6064 0.0000 0.0000 0.0000 0.1200 1
1.4128 16.5005 2.7062 0.0000 0.0000 0.0000 0.1200 1
1.2318 16.4992 2.7900 0.0000 0.0000 0.0000 0.1200 1
1.0425 16.5003 2.8596 0.0000 0.0000 0.0000 0.1200 1
0.8688 16.5007 2.9117 0.0000 0.0000 0.0000 0.1200 1
0.6733 16.4990 2.9574 0.0000 0.0000 0.0000 0.1200 1
0.4505 16.5013 2.9928 0.0000 0.0000 0.0000 0.1200 1
0.2732 16.4986 3.0088 0.0000 0.0000 0.0000 0.1200 1
0.0890 16.5010 3.0119 0.0000 0.0000 0.0000 0.1200 1
-0.1102 16.4993 3.0102 0.0000 0.0000 0.0000 0.1200 1
-0.3177 16.4993 2.9878 0.0000 0.0000 0.0000 0.1200 1
-0.4973 16.5001 2.9554 0.0000 0.0000 0.0000 0.1200 1
-0.6899 16.4997 2.9109 0.0000 0.0000 0.0000 0.1200 1
-0.8790 16.5005 2.8547 0.0000 0.0000 0.0000 0.1200 1
-1.0633 16.5025 2.7857 0.0000 0.0000 0.0000 0.1200 1
-1.2405 16.5004 2.7037 0.0000 0.0000 0.0000 0.1200 1
-1.4115 16.4986 2.6086 0.0000 0.0000 0.0000 0.1200 1
-1.5779 16.5004 2.5069 0.0000 0.0000 0.0000 0.1200 1
-1.7221 16.5002 2.4034 0.0000 0.0000 0.0000 0.1200 1
-1.8798 16.4990 2.2752 0.0000 0.0000 0.0000 0.1200 1
-2.0376 16.5018 2.1305 0.0000 0.0000 0.0000 0.1200 1
-2.1565 16.4990 1.9935 0.0000 0.0000 0.0000 0.1200 1
-2.2745 16.4987 1.8537 0.0000 0.0000 0.0000 0.1200 1
-2.4048 16.4982 1.6779 0.0000 0.0000 0.0000 0.1200 1
-2.5108 16.4994 1.5030 0.0000 0.0000 0.0000 0.1200 1
-2.6058 16.4983 1.3373 0.0000 0.0000 0.0000 0.1200 1
-2.6821 16.5003 1.1624 0.0000 0.0000 0.0000 0.1200 1
-2.7529 16.5004 0.9777 0.0000 0.0000 0.0000 0.1200 1
-2.8050 16.4992 0.7997 0.0000 0.0000 0.0000 0.1200 1
-2.8467 16.4985 0.6112 0.0000 0.0000 0.0000 0.1200 1
-2.8844 16.4988 0.4122 0.0000 0.0000 0.0000 0.1200 1
-2.9062 16.4982 0.2006 0.0000 0.0000 0.0000 0.1200 1
-2.9078 16.5007 0.0196 0.0000 0.0000 0.0000 0.1200 1
-2.9029 16.5003 -0.1810 0.0000 0.0000 0.0000 0.1200 1
-2.8782 16.5005 -0.3798 0.0000 0.0000 0.0000 0.1200 1
-2.8545 16.4983 -0.5604 0.0000 0.0000 0.0000 0.1200 1
-2.8066 16.5010 -0.7688 0.0000 0.0000 0.0000 0.1200 1
-2.7475 16.5015 -0.9499 0.0000 0.0000 0.0000 0.1200 1
-2.6808 16.5011 -1.1357 0.0000 0.0000 0.0000 0.1200 1
-2.6028 16.4995 -1.2970 0.0000 0.0000 0.0000 0.1200 1
-2.5062 16.5002 -1.4783 0.0000 0.0000 0.0000 0.1200 1
-2.4107 16.5002 -1.6407 0.0000 0.0000 0.0000 0.1200 1
-2.2878 16.5009 -1.8089 0.0000 0.0000 0.0000 0.1200 1
-2.1649 16.5009 -1.9693 0.0000 0.0000 0.0000 0.1200 1
-2.0364 16.4984 -2.1013 0.0000 0.0000 0.0000 0.1200 1
-1.8876 16.5012 -2.2372 0.0000 0.0000 0.0000 0.1200 1
-1.7405 16.5007 -2.3585 0.0000 0.0000 0.0000 0.1200 1
-1.5837 16.4996 -2.4737 0.0000 0.0000 0.0000 0.1200 1
-1.4139 16.4993 -2.5751 0.0000 0.0000 0.0000 0.1200 1
-1.2485 16.4979 -2.6680 0.0000 0.0000 0.0000 0.1200 1
-1.0656 16.5008 -2.7535 0.0000 0.0000 0.0000 0.1200 1
-0.8788 16.5020 -2.8193 0.0000 0.0000 0.0000 0.1200 1
-0.6866 16.5002 -2.8787 0.0000 0.0000 0.0000 0.1200 1
-0.4941 16.4996 -2.9261 0.0000 0.0000 0.0000 0.1200 1
-0.3035 16.5003 -2.9592 0.0000 0.0000 0.0000 0.1200 1
-0.1019 16.4993 -2.9764 0.0000 0.0000 0.0000 0.1200 1
0.0745 16.5005 -2.9818 0.0000 0.0000 0.0000 0.1200 1
0.2742 16.5004 -2.9729 0.0000 0.0000 0.0000 0.1200 1
0.4761 16.4992 -2.9584 0.0000 0.0000 0.0000 0.1200 1
0.6765 16.5003 -2.9263 0.0000 0.0000 0.0000 0.1200 1
0.8589 16.4990 -2.8866 0.0000 0.0000 0.0000 0.1200 1
1.0507 16.5000 -2.8269 0.0000 0.0000 0.0000 0.1200 1
1.2407 16.4995 -2.7571 0.0000 0.0000 0.0000 0.1200 1
1.4130 16.5017 -2.6767 0.0000 0.0000 0.0000 0.1200 1
1.5907 16.5008 -2.5802 0.0000 0.0000 0.0000 0.1200 1
1.7673 16.5000 -2.4689 0.0000 0.0000 0.0000 0.1200 1
1.9214 16.4994 -2.3607 0.0000 0.0000 0.0000 0.1200 1
2.0760 16.4986 -2.2309 0.0000 0.0000 0.0000 0.1200 1
2.2242 16.4998 -2.0922 0.0000 0.0000 0.0000 0.1200 1
2.3607 16.5000 -1.9414 0.0000 0.0000 0.0000 0.1200 1
2.4688 16.4988 -1.8134 0.0000 0.0000 0.0000 0.1200 1
2.5890 16.4996 -1.6499 0.0000 0.0000 0.0000 0.1200 1
2.6891 16.5001 -1.4832 0.0000 0.0000 0.0000 0.1200 1
2.7876 16.5010 -1.2900 0.0000 0.0000 0.0000 0.1200 1
2.8639 16.4985 -1.1198 0.0000 0.0000 0.0000 0.1200 1
2.9278 16.5012 -0.9468 0.0000 0.0000 0.0000 0.1200 1
2.9849 16.4999 -0.7662 0.0000 0.0000 0.0000 0.1200 1
3.0314 16.4991 -0.5778 0.0000 0.0000 0.0000 0.1200 1
3.0621 16.5008 -0.3836 0.0000 0.0000 0.0000 0.1200 1
3.0857 16.4983 -0.1702 0.0000 0.0000 0.0000 0.1200 1
3.0929 17.0001 -0.0013 0.0000 0.0000 0.0000 0.1200 1
3.0900 16.9997 0.2140 0.0000 0.0000 0.0000 0.1200 1
3.0678 16.9994 0.4042 0.0000 0.0000 0.0000 0.1200 1
3.0343 17.0005 0.6039 0.0000 0.0000 0.0000 0.1200 1
2.9892 16.9997 0.8097 0.0000 0.0000 0.0000 0.1200 1
2.9344 17.0007 0.9743 0.0000 0.0000 0.0000 0.1200 1
2.8658 16.9988 1.1687 0.0000 0.0000 0.0000 0.1200 1
2.7840 17.0006 1.3365 0.0000 0.0000 0.0000 0.1200 1
2.6959 16.9980 1.5037 0.0000 0.0000 0.0000 0.1200 1
2.5848 16.9983 1.6834 0.0000 0.0000 0.0000 0.1200 1
2.4782 16.9998 1.8367 0.0000 0.0000 0.0000 0.1200 1
2.3451 16.9997 1.9989 0.0000 0.0000 0.0000 0.1200 1
2.2033 16.9990 2.1453 0.0000 0.0000 0.0000 0.1200 1
2.0696 16.9997 2.2717 0.0000 0.0000 0.0000 0.1200 1
1.9211 17.0021 2.3950 0.0000 0.0000 0.0000 0.1200 1
1.7485 16.9976 2.5153 0.0000 0.0000 0.0000 0.1200 1
1.5820 17.0007 2.6238 0.0000 0.0000 0.0000 0.1200 1
1.4074 17.0022 2.7116 0.0000 0.0000 0.0000 0.1200 1
1.2239 17.0004 2.7939 0.0000 0.0000 0.0000 0.1200 1
1.0648 17.0000 2.8537 0.0000 0.0000 0.0000 0.1200 1
0.8756 16.9993 2.9087 0.0000 0.0000 0.0000 0.1200 1
0.6829 17.0000 2.9555 0.0000 0.0000 0.0000 0.1200 1
0.4748 17.0003 2.9937 0.0000 0.0000 0.0000 0.1200 1
0.2781 17.0007 3.0080 0.0000 0.0000 0.0000 0.1200 1
0.0994 17.0009 3.0136 0.0000 0.0000 0.0000 0.1200 1
-0.1098 16.9978 3.0085 0.0000 0.0000 0.0000 0.1200 1
-0.3095 17.0004 2.9875 0.0000 0.0000 0.0000 0.1200 1
-0.4935 16.9972 2.9567 0.0000 0.0000 0.0000 0.1200 1
-0.6869 17.0006 2.9162 0.0000 0.0000 0.0000 0.1200 1
-0.8868 17.0008 2.8459 0.0000 0.0000 0.0000 0.1200 1
-1.0600 17.0009 2.7869 0.0000 0.0000 0.0000 0.1200 1
-1.2318 16.9985 2.7071 0.0000 0.0000 0.0000 0.1200 1
-1.4017 16.9985 2.6168 0.0000 0.0000 0.0000 0.1200 1
-1.5609 16.9995 2.5181 0.0000 0.0000 0.0000 0.1200 1
-1.7356 17.0008 2.3902 0.0000 0.0000 0.0000 0.1200 1
-1.8775 16.9997 2.2722 0.0000 0.0000 0.0000 0.1200 1
-2.0243 16.9998 2.1384 0.0000 0.0000 0.0000 0.1200 1
-2.1623 17.0000 1.9930 0.0000 0.0000 0.0000 0.1200 1
-2.2815 17.0015 1.8444 0.0000 0.0000 0.0000 0.1200 1
-2.3957 16.9982 1.6926 0.0000 0.0000 0.0000 0.1200 1
-2.4960 16.9985 1.5269 0.0000 0.0000 0.0000 0.1200 1
-2.6044 16.9998 1.3290 0.0000 0.0000 0.0000 0.1200 1
-2.6830 17.0011 1.1473 0.0000 0.0000 0.0000 0.1200 1
-2.7584 17.0018 0.9664 0.0000 0.0000 0.0000 0.1200 1
-2.8079 17.0019 0.7853 0.0000 0.0000 0.0000 0.1200 1
-2.8505 16.9997 0.6022 0.0000 0.0000 0.0000 0.1200 1
-2.8833 16.9991 0.3971 0.0000 0.0000 0.0000 0.1200 1
-2.8969 17.0001 0.2149 0.0000 0.0000 0.0000 0.1200 1
-2.9049 16.9982 0.0094 0.0000 0.0000 0.0000 0.1200 1
-2.8996 16.9984 -0.1671 0.0000 0.0000 0.0000 0.1200 1
-2.8796 17.0017 -0.3872 0.0000 0.0000 0.0000 0.1200 1
-2.8520 17.0004 -0.5644 0.0000 0.0000 0.0000 0.1200 1
-2.8057 17.0000 -0.7539 0.0000 0.0000 0.0000 0.1200 1
-2.7479 17.0001 -0.9430 0.0000 0.0000 0.0000 0.1200 1
-2.6746 16.9993 -1.1404 0.0000 0.0000 0.0000 0.1200 1
-2.5928 16.9989 -1.3138 0.0000 0.0000 0.0000 0.1200 1
-2.5185 17.0007 -1.4627 0.0000 0.0000 0.0000 0.1200 1
-2.4082 17.0015 -1.6361 0.0000 0.0000 0.0000 0.1200 1
-2.2871 16.9978 -1.8100 0.0000 0.0000 0.0000 0.1200 1
-2.1698 17.0006 -1.9487 0.0000 0.0000 0.0000 0.1200 1
-2.0288 16.9986 -2.1040 0.0000 0.0000 0.0000 0.1200 1
-1.8842 17.0024 -2.2439 0.0000 0.0000 0.0000 0.1200 1
-1.7358 16.9994 -2.3608 0.0000 0.0000 0.0000 0.1200 1
-1.5907 17.0013 -2.4689 0.0000 0.0000 0.0000 0.1200 1
-1.3976 17.0001 -2.5841 0.0000 0.0000 0.0000 0.1200 1
-1.2221 17.0001 -2.6818 0.0000 0.0000 0.0000 0.1200 1
-1.0439 17.0005 -2.7587 0.0000 0.0000 0.0000 0.1200 1
-0.8843 17.0023 -2.8180 0.0000 0.0000 0.0000 0.1200 1
-0.6884 17.0005 -2.8770 0.0000 0.0000 0.0000 0.1200 1
-0.5051 17.0016 -2.9216 0.0000 0.0000 0.0000 0.1200 1
-0.2963 16.9983 -2.9533 0.0000 0.0000 0.0000 0.1200 1
-0.1127 17.0007 -2.9738 0.0000 0.0000 0.0000 0.1200 1
0.0927 17.0002 -2.9842 0.0000 0.0000 0.0000 0.1200 1
0.3141 16.9995 -2.9743 0.0000 0.0000 0.0000 0.1200 1
0.4765 17.0000 -2.9554 0.0000 0.0000 0.0000 0.1200 1
0.7021 16.9987 -2.9168 0.0000 0.0000 0.0000 0.1200 1
0.8537 16.9985 -2.8860 0.0000 0.0000 0.0000 0.1200 1
1.0560 17.0002 -2.8245 0.0000 0.0000 0.0000 0.1200 1
1.2327 16.9996 -2.7582 0.0000 0.0000 0.0000 0.1200 1
1.4114 17.0000 -2.6788 0.0000 0.0000 0.0000 0.1200 1
1.5775 17.0000 -2.5859 0.0000 0.0000 0.0000 0.1200 1
1.7576 16.9993 -2.4798 0.0000 0.0000 0.0000 0.1200 1
1.9067 16.9998 -2.3711 0.0000 0.0000 0.0000 0.1200 1
2.0584 16.9982 -2.2499 0.0000 0.0000 0.0000 0.1200 1
2.2156 16.9999 -2.1075 0.0000 0.0000 0.0000 0.1200 1
2.3480 17.0005 -1.9594 0.0000 0.0000 0.0000 0.1200 1
2.4776 16.9995 -1.8078 0.0000 0.0000 0.0000 0.1200 1
2.5902 17.0010 -1.6446 0.0000 0.0000 0.0000 0.1200 1
2.6985 16.9985 -1.4807 0.0000 0.0000 0.0000 0.1200 1
2.7851 17.0007 -1.3032 0.0000 0.0000 0.0000 0.1200 1
2.8665 17.0005 -1.1247 0.0000 0.0000 0.0000 0.1200 1
2.9448 17.0009 -0.9195 0.0000 0.0000 0.0000 0.1200 1
2.9891 16.9992 -0.7493 0.0000 0.0000 0.0000 0.1200 1
3.0331 16.9991 -0.5640 0.0000 0.0000 0.0000 0.1200 1
3.0665 17.0011 -0.3767 0.0000 0.0000 0.0000 0.1200 1
3.0868 17.0004 -0.1837 0.0000 0.0000 0.0000 0.1200 1
3.0943 17.4992 0.0205 0.0000 0.0000 0.0000 0.1200 1
3.0896 17.4979 0.2081 0.0000 0.0000 0.0000 0.1200 1
3.0693 17.4997 0.4095 0.0000 0.0000 0.0000 0.1200 1
3.0366 17.4996 0.5967 0.0000 0.0000 0.0000 0.1200 1
2.9929 17.4993 0.7999 0.0000 0.0000 0.0000 0.1200 1
2.9358 17.5014 0.9815 0.0000 0.0000 0.0000 0.1200 1
2.8675 17.4990 1.1582 0.0000 0.0000 0.0000 0.1200 1
2.7912 17.5017 1.3341 0.0000 0.0000 0.0000 0.1200 1
2.6959 17.5015 1.5122 0.0000 0.0000 0.0000 0.1200 1
2.5966 17.4994 1.6681 0.0000 0.0000 0.0000 0.1200 1
2.4700 17.5013 1.8489 0.0000 0.0000 0.0000 0.1200 1
2.3517 17.4996 1.9907 0.0000 0.0000 0.0000 0.1200 1
2.2173 17.5009 2.1346 0.0000 0.0000 0.0000 0.1200 1
2.0756 17.4993 2.2713 0.0000 0.0000 0.0000 0.1200 1
1.9211 17.4999 2.3994 0.0000 0.0000 0.0000 0.1200 1
1.7534 17.4988 2.5142 0.0000 0.0000 0.0000 0.1200 1
1.5799 17.5009 2.6195 0.0000 0.0000 0.0000 0.1200 1
1.4300 17.5002 2.7011 0.0000 0.0000 0.0000 0.1200 1
1.2500 17.5000 2.7849 0.0000 0.0000 0.0000 0.1200 1
1.0759 17.5017 2.8474 0.0000 0.0000 0.0000 0.1200 1
0.8726 17.4997 2.9101 0.0000 0.0000 0.0000 0.1200 1
0.6654 17.4987 2.9617 0.0000 0.0000 0.0000 0.1200 1
0.4927 17.5000 2.9904 0.0000 0.0000 0.0000 0.1200 1
0.2767 17.4994 3.0093 0.0000 0.0000 0.0000 0.1200 1
0.0761 17.5005 3.0156 0.0000 0.0000 0.0000 0.1200 1
-0.0832 17.5002 3.0095 0.0000 0.0000 0.0000 0.1200 1
-0.2943 17.5008 2.9896 0.0000 0.0000 0.0000 0.1200 1
-0.4771 17.4988 2.9593 0.0000 0.0000 0.0000 0.1200 1
-0.6815 17.5010 2.9136 0.0000 0.0000 0.0000 0.1200 1
-0.8393 17.5003 2.8653 0.0000 0.0000 0.0000 0.1200 1
-1.0584 17.5009 2.7845 0.0000 0.0000 0.0000 0.1200 1
-1.2366 17.5011 2.7037 0.0000 0.0000 0.0000 0.1200 1
-1.4018 17.4995 2.6148 0.0000 0.0000 0.0000 0.1200 1
-1.5895 17.5001 2.4929 0.0000 0.0000 0.0000 0.1200 1
-1.7272 17.5021 2.3945 0.0000 0.0000 0.0000 0.1200 1
-1.8870 17.4988 2.2669 0.0000 0.0000 0.0000 0.1200 1
-2.0257 17.4998 2.1345 0.0000 0.0000 0.0000 0.1200 1
-2.1675 17.5003 1.9897 0.0000 0.0000 0.0000 0.1200 1
-2.2767 17.4998 1.8478 0.0000 0.0000 0.0000 0.1200 1
-2.4034 17.4988 1.6762 0.0000 0.0000 0.0000 0.1200 1
-2.4983 17.4997 1.5214 0.0000 0.0000 0.0000 0.1200 1
-2.5918 17.4991 1.3517 0.0000 0.0000 0.0000 0.1200 1
-2.6759 17.4990 1.1614 0.0000 0.0000 0.0000 0.1200 1
-2.7436 17.5005 0.9858 0.0000 0.0000 0.0000 0.1200 1
-2.7992 17.5013 0.8040 0.0000 0.0000 0.0000 0.1200 1
-2.8474 17.4989 0.6112 0.0000 0.0000 0.0000 0.1200 1
-2.8810 17.4985 0.4017 0.0000 0.0000 0.0000 0.1200 1
-2.8975 17.5009 0.2090 0.0000 0.0000 0.0000 0.1200 1
-2.9028 17.5009 0.0290 0.0000 0.0000 0.0000 0.1200 1
-2.8965 17.4997 -0.1831 0.0000 0.0000 0.0000 0.1200 1
-2.8785 17.5012 -0.3635 0.0000 0.0000 0.0000 0.1200 1
-2.8492 17.5026 -0.5739 0.0000 0.0000 0.0000 0.1200 1
-2.7992 17.5006 -0.7634 0.0000 0.0000 0.0000 0.1200 1
-2.7539 17.5015 -0.9356 0.0000 0.0000 0.0000 0.1200 1
-2.6687 17.5017 -1.1454 0.0000 0.0000 0.0000 0.1200 1
-2.5883 17.5014 -1.3198 0.0000 0.0000 0.0000 0.1200 1
-2.5036 17.5023 -1.4747 0.0000 0.0000 0.0000 0.1200 1
-2.4012 17.4997 -1.6477 0.0000 0.0000 0.0000 0.1200 1
-2.2856 17.4998 -1.8055 0.0000 0.0000 0.0000 0.1200 1
-2.1666 17.4999 -1.9540 0.0000 0.0000 0.0000 0.1200 1
-2.0172 17.5011 -2.1140 0.0000 0.0000 0.0000 0.1200 1
-1.8866 17.4996 -2.2385 0.0000 0.0000 0.0000 0.1200 1
-1.7269 17.4997 -2.3657 0.0000 0.0000 0.0000 0.1200 1
-1.5887 17.5016 -2.4666 0.0000 0.0000 0.0000 0.1200 1
-1.4238 17.4983 -2.5716 0.0000 0.0000 0.0000 0.1200 1
-1.2468 17.4991 -2.6662 0.0000 0.0000 0.0000 0.1200 1
-1.0350 17.5002 -2.7615 0.0000 0.0000 0.0000 0.1200 1
-0.8705 17.5007 -2.8215 0.0000 0.0000 0.0000 0.1200 1
-0.6900 17.4992 -2.8744 0.0000 0.0000 0.0000 0.1200 1
-0.4821 17.4997 -2.9321 0.0000 0.0000 0.0000 0.1200 1
-0.2983 17.4988 -2.9570 0.0000 0.0000 0.0000 0.1200 1
-0.1080 17.5006 -2.9736 0.0000 0.0000 0.0000 0.1200 1
0.1099 17.4999 -2.9829 0.0000 0.0000 0.0000 0.1200 1
0.2933 17.4997 -2.9744 0.0000 0.0000 0.0000 0.1200 1
0.4819 17.4996 -2.9562 0.0000 0.0000 0.0000 0.1200 1
0.6876 17.4989 -2.9218 0.0000 0.0000 0.0000 0.1200 1
0.8749 17.4986 -2.8817 0.0000 0.0000 0.0000 0.1200 1
1.0428 17.4988 -2.8286 0.0000 0.0000 0.0000 0.1200 1
1.2482 17.5008 -2.7521 0.0000 0.0000 0.0000 0.1200 1
1.4131 17.4990 -2.6758 0.0000 0.0000 0.0000 0.1200 1
1.5852 17.5017 -2.5842 0.0000 0.0000 0.0000 0.1200 1
1.7627 17.5023 -2.4764 0.0000 0.0000 0.0000 0.1200 1
1.9374 17.5010 -2.3527 0.0000 0.0000 0.0000 0.1200 1
2.0762 17.4997 -2.2385 0.0000 0.0000 0.0000 0.1200 1
2.2169 17.4984 -2.1026 0.0000 0.0000 0.0000 0.1200 1
2.3449 17.4991 -1.9634 0.0000 0.0000 0.0000 0.1200 1
2.4793 17.4999 -1.8063 0.0000 0.0000 0.0000 0.1200 1
2.5939 17.4990 -1.6391 0.0000 0.0000 0.0000 0.1200 1
2.7009 17.4985 -1.4671 0.0000 0.0000 0.0000 0.1200 1
2.7875 17.5009 -1.2999 0.0000 0.0000 0.0000 0.1200 1
2.8714 17.5005 -1.1275 0.0000 0.0000 0.0000 0.1200 1
2.9377 17.4989 -0.9368 0.0000 0.0000 0.0000 0.1200 1
2.9914 17.4986 -0.7653 0.0000 0.0000 0.0000 0.1200 1
3.0412 17.4996 -0.5681 0.0000 0.0000 0.0000 0.1200 1
3.0698 17.4979 -0.3774 0.0000 0.0000 0.0000 0.1200 1
3.0877 17.5022 -0.1713 0.0000 0.0000 0.0000 0.1200 1
3.0973 18.0001 0.0186 0.0000 0.0000 0.0000 0.1200 1
3.0934 18.0008 0.2032 0.0000 0.0000 0.0000 0.1200 1
3.0702 17.9999 0.4041 0.0000 0.0000 0.0000 0.1200 1
3.0388 17.9994 0.6114 0.0000 0.0000 0.0000 0.1200 1
2.9989 18.0018 0.7859 0.0000 0.0000 0.0000 0.1200 1
2.9332 17.9992 0.9856 0.0000 0.0000 0.0000 0.1200 1
2.8721 17.9998 1.1626 0.0000 0.0000 0.0000 0.1200 1
2.7832 18.0020 1.3563 0.0000 0.0000 0.0000 0.1200 1
2.6931 17.9993 1.5181 0.0000 0.0000 0.0000 0.1200 1
2.5921 17.9993 1.6876 0.0000 0.0000 0.0000 0.1200 1
2.4757 17.9997 1.8403 0.0000 0.0000 0.0000 0.1200 1
2.3554 18.0000 1.9918 0.0000 0.0000 0.0000 0.1200 1
2.2146 17.9997 2.1367 0.0000 0.0000 0.0000 0.1200 1
2.0815 18.0010 2.2684 0.0000 0.0000 0.0000 0.1200 1
1.9150 18.0016 2.3985 0.0000 0.0000 0.0000 0.1200 1
1.7754 17.9987 2.4995 0.0000 0.0000 0.0000 0.1200 1
1.5995 18.0002 2.6147 0.0000 0.0000 0.0000 0.1200 1
1.4183 18.0011 2.7080 0.0000 0.0000 0.0000 0.1200 1
1.2586 18.0009 2.7841 0.0000 0.0000 0.0000 0.1200 1
1.0416 17.9996 2.8629 0.0000 0.0000 0.0000 0.1200 1
0.8496 17.9999 2.9131 0.0000 0.0000 0.0000 0.1200 1
0.6883 17.9984 2.9538 0.0000 0.0000 0.0000 0.1200 1
0.4746 17.9981 2.9930 0.0000 0.0000 0.0000 0.1200 1
0.3038 18.0017 3.0078 0.0000 0.0000 0.0000 0.1200 1
0.0941 17.9992 3.0157 0.0000 0.0000 0.0000 0.1200 1
-0.1163 18.0002 3.0075 0.0000 0.0000 0.0000 0.1200 1
-0.2880 18.0004 2.9850 0.0000 0.0000 0.0000 0.1200 1
-0.4902 18.0003 2.9540 0.0000 0.0000 0.0000 0.1200 1
-0.6756 18.0016 2.9097 0.0000 0.0000 0.0000 0.1200 1
-0.8714 18.0002 2.8548 0.0000 0.0000 0.0000 0.1200 1
-1.0498 17.9996 2.7867 0.0000 0.0000 0.0000 0.1200 1
-1.2220 18.0018 2.7093 0.0000 0.0000 0.0000 0.1200 1
-1.3967 18.0002 2.6194 0.0000 0.0000 0.0000 0.1200 1
-1.5641 17.9987 2.5106 0.0000 0.0000 0.0000 0.1200 1
-1.7161 18.0002 2.4025 0.0000 0.0000 0.0000 0.1200 1
-1.8834 17.9982 2.2703 0.0000 0.0000 0.0000 0.1200 1
-2.0225 17.9997 2.1350 0.0000 0.0000 0.0000 0.1200 1
-2.1579 17.9983 1.9942 0.0000 0.0000 0.0000 0.1200 1
-2.2712 17.9995 1.8575 0.0000 0.0000 0.0000 0.1200 1
-2.3993 18.0002 1.6776 0.0000 0.0000 0.0000 0.1200 1
-2.4926 17.9996 1.5270 0.0000 0.0000 0.0000 0.1200 1
-2.5882 18.0008 1.3555 0.0000 0.0000 0.0000 0.1200 1
-2.6777 18.0016 1.1623 0.0000 0.0000 0.0000 0.1200 1
-2.7422 17.9998 0.9830 0.0000 0.0000 0.0000 0.1200 1
-2.7977 18.0002 0.8063 0.0000 0.0000 0.0000 0.1200 1
-2.8484 17.9990 0.5901 0.0000 0.0000 0.0000 0.1200 1
-2.8747 18.0013 0.4113 0.0000 0.0000 0.0000 0.1200 1
-2.8948 18.0000 0.1942 0.0000 0.0000 0.0000 0.1200 1
-2.9000 17.9992 0.0254 0.0000 0.0000 0.0000 0.1200 1
-2.8960 18.0011 -0.1784 0.0000 0.0000 0.0000 0.1200 1
-2.8754 18.0007 -0.3588 0.0000 0.0000 0.0000 0.1200 1
-2.8436 18.0004 -0.5788 0.0000 0.0000 0.0000 0.1200 1
-2.8002 18.0020 -0.7664 0.0000 0.0000 0.0000 0.1200 1
-2.7466 18.0016 -0.9461 0.0000 0.0000 0.0000 0.1200 1
-2.6736 17.9995 -1.1279 0.0000 0.0000 0.0000 0.1200 1
-2.5974 18.0001 -1.3051 0.0000 0.0000 0.0000 0.1200 1
-2.5009 17.9995 -1.4804 0.0000 0.0000 0.0000 0.1200 1
-2.3852 17.9985 -1.6602 0.0000 0.0000 0.0000 0.1200 1
-2.2764 18.0001 -1.8146 0.0000 0.0000 0.0000 0.1200 1
-2.1734 18.0001 -1.9435 0.0000 0.0000 0.0000 0.1200 1
-2.0212 18.0007 -2.1087 0.0000 0.0000 0.0000 0.1200 1
-1.8775 17.9994 -2.2371 0.0000 0.0000 0.0000 0.1200 1
-1.7296 17.9995 -2.3612 0.0000 0.0000 0.0000 0.1200 1
-1.5741 18.0010 -2.4728 0.0000 0.0000 0.0000 0.1200 1
-1.4154 18.0014 -2.5727 0.0000 0.0000 0.0000 0.1200 1
-1.2253 18.0002 -2.6745 0.0000 0.0000 0.0000 0.1200 1
-1.0494 18.0002 -2.7540 0.0000 0.0000 0.0000 0.1200 1
-0.8530 18.0000 -2.8270 0.0000 0.0000 0.0000 0.1200 1
-0.6615 17.9989 -2.8852 0.0000 0.0000 0.0000 0.1200 1
-0.4899 18.0011 -2.9266 0.0000 0.0000 0.0000 0.1200 1
-0.2945 17.9991 -2.9568 0.0000 0.0000 0.0000 0.1200 1
-0.0914 18.0015 -2.9747 0.0000 0.0000 0.0000 0.1200 1
0.0735 17.9994 -2.9865 0.0000 0.0000 0.0000 0.1200 1
0.2892 18.0013 -2.9760 0.0000 0.0000 0.0000 0.1200 1
0.5020 18.0014 -2.9548 0.0000 0.0000 0.0000 0.1200 1
0.7083 18.0014 -2.9173 0.0000 0.0000 0.0000 0.1200 1
0.8803 18.0000 -2.8806 0.0000 0.0000 0.0000 0.1200 1
1.0551 18.0001 -2.8256 0.0000 0.0000 0.0000 0.1200 1
1.2387 17.9985 -2.7581 0.0000 0.0000 0.0000 0.1200 1
1.4289 18.0009 -2.6724 0.0000 0.0000 0.0000 0.1200 1
1.6113 18.0006 -2.5731 0.0000 0.0000 0.0000 0.1200 1
1.7549 17.9986 -2.4824 0.0000 0.0000 0.0000 0.1200 1
1.9308 18.0006 -2.3613 0.0000 0.0000 0.0000 0.1200 1
2.0804 18.0006 -2.2317 0.0000 0.0000 0.0000 0.1200 1
2.2129 17.9998 -2.1101 0.0000 0.0000 0.0000 0.1200 1
2.3450 17.9993 -1.9708 0.0000 0.0000 0.0000 0.1200 1
2.4866 17.9999 -1.7988 0.0000 0.0000 0.0000 0.1200 1
2.5843 18.0008 -1.6589 0.0000 0.0000 0.0000 0.1200 1
2.6901 17.9989 -1.4909 0.0000 0.0000 0.0000 0.1200 1
2.7873 18.0003 -1.3162 0.0000 0.0000 0.0000 0.1200 1
2.8677 18.0005 -1.1316 0.0000 0.0000 0.0000 0.1200 1
2.9385 18.0010 -0.9541 0.0000 0.0000 0.0000 0.1200 1
2.9959 17.9997 -0.7603 0.0000 0.0000 0.0000 0.1200 1
3.0402 18.0011 -0.5664 0.0000 0.0000 0.0000 0.1200 1
3.0732 17.9994 -0.3846 0.0000 0.0000 0.0000 0.1200 1
3.0929 18.0007 -0.1664 0.0000 0.0000 0.0000 0.1200 1
3.1003 18.5010 0.0332 0.0000 0.0000 0.0000 0.1200 1
3.0937 18.5006 0.1969 0.0000 0.0000 0.0000 0.1200 1
3.0722 18.4993 0.4099 0.0000 0.0000 0.0000 0.1200 1
3.0391 18.4991 0.6077 0.0000 0.0000 0.0000 0.1200 1
2.9968 18.5003 0.7968 0.0000 0.0000 0.0000 0.1200 1
2.9396 18.4989 0.9919 0.0000 0.0000 0.0000 0.1200 1
2.8761 18.4986 1.1530 0.0000 0.0000 0.0000 0.1200 1
2.7804 18.4989 1.3606 0.0000 0.0000 0.0000 0.1200 1
2.6981 18.4994 1.5109 0.0000 0.0000 0.0000 0.1200 1
2.6026 18.5016 1.6743 0.0000 0.0000 0.0000 0.1200 1
2.4850 18.5007 1.8324 0.0000 0.0000 0.0000 0.1200 1
2.3503 18.5020 1.9969 0.0000 0.0000 0.0000 0.1200 1
2.2249 18.4992 2.1343 0.0000 0.0000 0.0000 0.1200 1
2.0872 18.4999 2.2644 0.0000 0.0000 0.0000 0.1200 1
1.9219 18.4989 2.4015 0.0000 0.0000 0.0000 0.1200 1
1.7629 18.4996 2.5072 0.0000 0.0000 0.0000 0.1200 1
1.6056 18.5001 2.6133 0.0000 0.0000 0.0000 0.1200 1
1.4274 18.4985 2.7076 0.0000 0.0000 0.0000 0.1200 1
1.2424 18.5008 2.7913 0.0000 0.0000 0.0000 0.1200 1
1.0475 18.5009 2.8635 0.0000 0.0000 0.0000 0.1200 1
0.8618 18.5003 2.9169 0.0000 0.0000 0.0000 0.1200 1
0.6767 18.4982 2.9583 0.0000 0.0000 0.0000 0.1200 1
0.4784 18.5004 2.9869 0.0000 0.0000 0.0000 0.1200 1
0.2992 18.4999 3.0078 0.0000 0.0000 0.0000 0.1200 1
0.0935 18.5005 3.0179 0.0000 0.0000 0.0000 0.1200 1
-0.0864 18.5003 3.0061 0.0000 0.0000 0.0000 0.1200 1
-0.2914 18.4994 2.9888 0.0000 0.0000 0.0000 0.1200 1
-0.4803 18.5001 2.9629 0.0000 0.0000 0.0000 0.1200 1
-0.6816 18.5025 2.9137 0.0000 0.0000 0.0000 0.1200 1
-0.8444 18.5001 2.8608 0.0000 0.0000 0.0000 0.1200 1
-1.0434 18.5011 2.7861 0.0000 0.0000 0.0000 0.1200 1
-1.2278 18.4995 2.7072 0.0000 0.0000 0.0000 0.1200 1
-1.3815 18.5004 2.6245 0.0000 0.0000 0.0000 0.1200 1
-1.5691 18.4993 2.5060 0.0000 0.0000 0.0000 0.1200 1
-1.7277 18.5003 2.3921 0.0000 0.0000 0.0000 0.1200 1
-1.8829 18.4996 2.2655 0.0000 0.0000 0.0000 0.1200 1
-2.0351 18.5003 2.1260 0.0000 0.0000 0.0000 0.1200 1
-2.1549 18.5005 1.9906 0.0000 0.0000 0.0000 0.1200 1
-2.2831 18.4998 1.8384 0.0000 0.0000 0.0000 0.1200 1
-2.3966 18.4998 1.6820 0.0000 0.0000 0.0000 0.1200 1
-2.5044 18.4993 1.5084 0.0000 0.0000 0.0000 0.1200 1
-2.5905 18.5009 1.3405 0.0000 0.0000 0.0000 0.1200 1
-2.6725 18.5002 1.1559 0.0000 0.0000 0.0000 0.1200 1
-2.7393 18.5002 0.9853 0.0000 0.0000 0.0000 0.1200 1
-2.7922 18.4981 0.8101 0.0000 0.0000 0.0000 0.1200 1
-2.8380 18.4993 0.6147 0.0000 0.0000 0.0000 0.1200 1
-2.8740 18.5010 0.4077 0.0000 0.0000 0.0000 0.1200 1
-2.8942 18.5001 0.2300 0.0000 0.0000 0.0000 0.1200 1
-2.8981 18.5002 0.0251 0.0000 0.0000 0.0000 0.1200 1
-2.8914 18.4997 -0.1860 0.0000 0.0000 0.0000 0.1200 1
-2.8723 18.5002 -0.3793 0.0000 0.0000 0.0000 0.1200 1
-2.8452 18.4998 -0.5580 0.0000 0.0000 0.0000 0.1200 1
-2.7983 18.4989 -0.7564 0.0000 0.0000 0.0000 0.1200 1
-2.7415 18.4975 -0.9506 0.0000 0.0000 0.0000 0.1200 1
-2.6668 18.5017 -1.1391 0.0000 0.0000 0.0000 0.1200 1
-2.5883 18.4988 -1.3143 0.0000 0.0000 0.0000 0.1200 1
-2.5005 18.5006 -1.4844 0.0000 0.0000 0.0000 0.1200 1
-2.3983 18.5011 -1.6421 0.0000 0.0000 0.0000 0.1200 1
-2.2846 18.4987 -1.8045 0.0000 0.0000 0.0000 0.1200 1
-2.1557 18.4990 -1.9614 0.0000 0.0000 0.0000 0.1200 1
-2.0172 18.5005 -2.0992 0.0000 0.0000 0.0000 0.1200 1
-1.8699 18.4989 -2.2429 0.0000 0.0000 0.0000 0.1200 1
-1.7176 18.5011 -2.3656 0.0000 0.0000 0.0000 0.1200 1
-1.5667 18.4998 -2.4753 0.0000 0.0000 0.0000 0.1200 1
-1.3943 18.4993 -2.5806 0.0000 0.0000 0.0000 0.1200 1
-1.2243 18.4998 -2.6754 0.0000 0.0000 0.0000 0.1200 1
-1.0493 18.5011 -2.7517 0.0000 0.0000 0.0000 0.1200 1
-0.8703 18.5005 -2.8216 0.0000 0.0000 0.0000 0.1200 1
-0.6727 18.4988 -2.8792 0.0000 0.0000 0.0000 0.1200 1
-0.4675 18.4996 -2.9287 0.0000 0.0000 0.0000 0.1200 1
-0.2779 18.5006 -2.9570 0.0000 0.0000 0.0000 0.1200 1
-0.1045 18.5005 -2.9736 0.0000 0.0000 0.0000 0.1200 1
0.1089 18.4984 -2.9808 0.0000 0.0000 0.0000 0.1200 1
0.3017 18.4991 -2.9749 0.0000 0.0000 0.0000 0.1200 1
0.4915 18.5017 -2.9547 0.0000 0.0000 0.0000 0.1200 1
0.6823 18.5018 -2.9275 0.0000 0.0000 0.0000 0.1200 1
0.8773 18.5007 -2.8800 0.0000 0.0000 0.0000 0.1200 1
1.0722 18.4989 -2.8194 0.0000 0.0000 0.0000 0.1200 1
1.2454 18.5023 -2.7570 0.0000 0.0000 0.0000 0.1200 1
1.4236 18.5019 -2.6741 0.0000 0.0000 0.0000 0.1200 1
1.6192 18.5004 -2.5726 0.0000 0.0000 0.0000 0.1200 1
1.7603 18.5004 -2.4798 0.0000 0.0000 0.0000 0.1200 1
1.9375 18.5002 -2.3530 0.0000 0.0000 0.0000 0.1200 1
2.0766 18.5020 -2.2373 0.0000 0.0000 0.0000 0.1200 1
2.2170 18.4981 -2.1053 0.0000 0.0000 0.0000 0.1200 1
2.3654 18.5002 -1.9479 0.0000 0.0000 0.0000 0.1200 1
2.4906 18.4983 -1.7936 0.0000 0.0000 0.0000 0.1200 1
2.5934 18.4997 -1.6480 0.0000 0.0000 0.0000 0.1200 1
2.7024 18.4993 -1.4747 0.0000 0.0000 0.0000 0.1200 1
2.8049 18.5014 -1.2899 0.0000 0.0000 0.0000 0.1200 1
2.8740 18.4989 -1.1246 0.0000 0.0000 0.0000 0.1200 1
2.9420 18.4987 -0.9344 0.0000 0.0000 0.0000 0.1200 1
2.9927 18.5007 -0.7827 0.0000 0.0000 0.0000 0.1200 1
3.0396 18.5011 -0.5698 0.0000 0.0000 0.0000 0.1200 1
3.0723 18.5011 -0.3600 0.0000 0.0000 0.0000 0.1200 1
3.0915 18.5001 -0.1821 0.0000 0.0000 0.0000 0.1200 1
3.1040 18.9991 0.0393 0.0000 0.0000 0.0000 0.1200 1
3.0983 19.0002 0.2195 0.0000 0.0000 0.0000 0.1200 1
3.0780 18.9995 0.4114 0.0000 0.0000 0.0000 0.1200 1
3.0435 19.0000 0.6041 0.0000 0.0000 0.0000 0.1200 1
3.0040 19.0006 0.7795 0.0000 0.0000 0.0000 0.1200 1
2.9417 19.0003 0.9843 0.0000 0.0000 0.0000 0.1200 1
2.8762 18.9993 1.1633 0.0000 0.0000 0.0000 0.1200 1
2.7836 18.9988 1.3649 0.0000 0.0000 0.0000 0.1200 1
2.6973 19.0001 1.5195 0.0000 0.0000 0.0000 0.1200 1
2.6010 19.0009 1.6806 0.0000 0.0000 0.0000 0.1200 1
2.4895 18.9985 1.8334 0.0000 0.0000 0.0000 0.1200 1
2.3625 18.9991 1.9887 0.0000 0.0000 0.0000 0.1200 1
2.2215 19.0014 2.1388 0.0000 0.0000 0.0000 0.1200 1
2.0836 18.9993 2.2656 0.0000 0.0000 0.0000 0.1200 1
1.9191 19.0003 2.4054 0.0000 0.0000 0.0000 0.1200 1
1.7827 19.0006 2.4992 0.0000 0.0000 0.0000 0.1200 1
1.5951 19.0002 2.6172 0.0000 0.0000 0.0000 0.1200 1
1.4256 18.9990 2.7042 0.0000 0.0000 0.0000 0.1200 1
1.2552 19.0001 2.7835 0.0000 0.0000 0.0000 0.1200 1
1.0536 18.9998 2.8601 0.0000 0.0000 0.0000 0.1200 1
0.8731 19.0004 2.9120 0.0000 0.0000 0.0000 0.1200 1
0.6800 19.0013 2.9572 0.0000 0.0000 0.0000 0.1200 1
0.4898 19.0013 2.9930 0.0000 0.0000 0.0000 0.1200 1
0.3083 19.0008 3.0068 0.0000 0.0000 0.0000 0.1200 1
0.1111 19.0016 3.0137 0.0000 0.0000 0.0000 0.1200 1
-0.1026 19.0005 3.0091 0.0000 0.0000 0.0000 0.1200 1
-0.2686 18.9982 2.9909 0.0000 0.0000 0.0000 0.1200 1
-0.4774 19.0010 2.9542 0.0000 0.0000 0.0000 0.1200 1
-0.6774 19.0011 2.9122 0.0000 0.0000 0.0000 0.1200 1
-0.8690 19.0013 2.8522 0.0000 0.0000 0.0000 0.1200 1
-1.0466 19.0015 2.7858 0.0000 0.0000 0.0000 0.1200 1
-1.2408 18.9992 2.6978 0.0000 0.0000 0.0000 0.1200 1
-1.3994 19.0006 2.6143 0.0000 0.0000 0.0000 0.1200 1
-1.5715 19.0010 2.5051 0.0000 0.0000 0.0000 0.1200 1
-1.7270 18.9999 2.3954 0.0000 0.0000 0.0000 0.1200 1
-1.8887 19.0000 2.2587 0.0000 0.0000 0.0000 0.1200 1
-2.0143 19.0015 2.1426 0.0000 0.0000 0.0000 0.1200 1
-2.1427 19.0002 2.0051 0.0000 0.0000 0.0000 0.1200 1
-2.2668 18.9992 1.8564 0.0000 0.0000 0.0000 0.1200 1
-2.3867 18.9987 1.6881 0.0000 0.0000 0.0000 0.1200 1
-2.4878 18.9977 1.5240 0.0000 0.0000 0.0000 0.1200 1
-2.5886 18.9993 1.3349 0.0000 0.0000 0.0000 0.1200 1
-2.6604 18.9982 1.1817 0.0000 0.0000 0.0000 0.1200 1
-2.7347 19.0010 0.9870 0.0000 0.0000 0.0000 0.1200 1
-2.7908 18.9996 0.8221 0.0000 0.0000 0.0000 0.1200 1
-2.8418 18.9999 0.6052 0.0000 0.0000 0.0000 0.1200 1
-2.8715 19.0010 0.4064 0.0000 0.0000 0.0000 0.1200 1
-2.8892 18.9993 0.2311 0.0000 0.0000 0.0000 0.1200 1
-2.9025 19.0015 0.0390 0.0000 0.0000 0.0000 0.1200 1
-2.8914 19.0007 -0.1931 0.0000 0.0000 0.0000 0.1200 1
-2.8710 19.0005 -0.3745 0.0000 0.0000 0.0000 0.1200 1
-2.8430 19.0015 -0.5536 0.0000 0.0000 0.0000 0.1200 1
-2.7968 19.0008 -0.7637 0.0000 0.0000 0.0000 0.1200 1
-2.7387 18.9986 -0.9404 0.0000 0.0000 0.0000 0.1200 1
-2.6763 19.0028 -1.1193 0.0000 0.0000 0.0000 0.1200 1
-2.5952 19.0014 -1.2969 0.0000 0.0000 0.0000 0.1200 1
-2.4924 19.0015 -1.4818 0.0000 0.0000 0.0000 0.1200 1
-2.3938 19.0007 -1.6480 0.0000 0.0000 0.0000 0.1200 1
-2.2869 19.0017 -1.7979 0.0000 0.0000 0.0000 0.1200 1
-2.1536 18.9999 -1.9616 0.0000 0.0000 0.0000 0.1200 1
-2.0265 18.9999 -2.0985 0.0000 0.0000 0.0000 0.1200 1
-1.8762 18.9986 -2.2369 0.0000 0.0000 0.0000 0.1200 1
-1.7294 18.9982 -2.3599 0.0000 0.0000 0.0000 0.1200 1
-1.5618 18.9999 -2.4742 0.0000 0.0000 0.0000 0.1200 1
-1.4131 19.0003 -2.5705 0.0000 0.0000 0.0000 0.1200 1
-1.2217 19.0013 -2.6735 0.0000 0.0000 0.0000 0.1200 1
-1.0404 19.0004 -2.7580 0.0000 0.0000 0.0000 0.1200 1
-0.8621 19.0005 -2.8200 0.0000 0.0000 0.0000 0.1200 1
-0.6729 19.0000 -2.8823 0.0000 0.0000 0.0000 0.1200 1
-0.4745 18.9992 -2.9233 0.0000 0.0000 0.0000 0.1200 1
-0.2817 19.0000 -2.9572 0.0000 0.0000 0.0000 0.1200 1
-0.0963 19.0001 -2.9746 0.0000 0.0000 0.0000 0.1200 1
0.0962 18.9992 -2.9779 0.0000 0.0000 0.0000 0.1200 1
0.2925 19.0012 -2.9751 0.0000 0.0000 0.0000 0.1200 1
0.4938 18.9993 -2.9547 0.0000 0.0000 0.0000 0.1200 1
0.6893 18.9996 -2.9215 0.0000 0.0000 0.0000 0.1200 1
0.8703 19.0002 -2.8817 0.0000 0.0000 0.0000 0.1200 1
1.0702 18.9988 -2.8248 0.0000 0.0000 0.0000 0.1200 1
1.2482 18.9992 -2.7542 0.0000 0.0000 0.0000 0.1200 1
1.4262 18.9997 -2.6760 0.0000 0.0000 0.0000 0.1200 1
1.6048 19.0003 -2.5769 0.0000 0.0000 0.0000 0.1200 1
1.7768 18.9983 -2.4691 0.0000 0.0000 0.0000 0.1200 1
1.9491 19.0012 -2.3509 0.0000 0.0000 0.0000 0.1200 1
2.0722 18.9996 -2.2433 0.0000 0.0000 0.0000 0.1200 1
2.2085 19.0004 -2.1107 0.0000 0.0000 0.0000 0.1200 1
2.3483 19.0006 -1.9692 0.0000 0.0000 0.0000 0.1200 1
2.4813 19.0000 -1.8112 0.0000 0.0000 0.0000 0.1200 1
2.5995 19.0008 -1.6440 0.0000 0.0000 0.0000 0.1200 1
2.6948 19.0011 -1.4914 0.0000 0.0000 0.0000 0.1200 1
2.7875 19.0005 -1.3139 0.0000 0.0000 0.0000 0.1200 1
2.8810 18.9999 -1.1118 0.0000 0.0000 0.0000 0.1200 1
2.9560 19.0008 -0.9190 0.0000 0.0000 0.0000 0.1200 1
2.9981 18.9994 -0.7531 0.0000 0.0000 0.0000 0.1200 1
3.0464 19.0003 -0.5664 0.0000 0.0000 0.0000 0.1200 1
3.0759 19.0010 -0.3759 0.0000 0.0000 0.0000 0.1200 1
3.0929 18.9989 -0.1687 0.0000 0.0000 0.0000 0.1200 1
3.1030 19.4993 0.0198 0.0000 0.0000 0.0000 0.1200 1
3.0996 19.4999 0.2232 0.0000 0.0000 0.0000 0.1200 1
3.0771 19.4991 0.4130 0.0000 0.0000 0.0000 0.1200 1
3.0436 19.4992 0.6090 0.0000 0.0000 0.0000 0.1200 1
2.9982 19.5004 0.8104 0.0000 0.0000 0.0000 0.1200 1
2.9428 19.5017 1.0006 0.0000 0.0000 0.0000 0.1200 1
2.8734 19.4993 1.1737 0.0000 0.0000 0.0000 0.1200 1
2.7924 19.4995 1.3476 0.0000 0.0000 0.0000 0.1200 1
2.6975 19.5009 1.5214 0.0000 0.0000 0.0000 0.1200 1
2.5931 19.5000 1.6848 0.0000 0.0000 0.0000 0.1200 1
2.4807 19.5009 1.8440 0.0000 0.0000 0.0000 0.1200 1
2.3508 19.5008 2.0067 0.0000 0.0000 0.0000 0.1200 1
2.2223 19.5004 2.1433 0.0000 0.0000 0.0000 0.1200 1
2.0942 19.4989 2.2639 0.0000 0.0000 0.0000 0.1200 1
1.9279 19.4992 2.3988 0.0000 0.0000 0.0000 0.1200 1
1.7747 19.5007 2.5044 0.0000 0.0000 0.0000 0.1200 1
1.5983 19.5012 2.6173 0.0000 0.0000 0.0000 0.1200 1
1.4351 19.4994 2.7038 0.0000 0.0000 0.0000 0.1200 1
1.2569 19.5003 2.7844 0.0000 0.0000 0.0000 0.1200 1
1.0711 19.4997 2.8565 0.0000 0.0000 0.0000 0.1200 1
0.8922 19.4997 2.9100 0.0000 0.0000 0.0000 0.1200 1
0.6907 19.4996 2.9514 0.0000 0.0000 0.0000 0.1200 1
0.4829 19.4998 2.9932 0.0000 0.0000 0.0000 0.1200 1
0.2991 19.5015 3.0060 0.0000 0.0000 0.0000 0.1200 1
0.1129 19.5000 3.0133 0.0000 0.0000 0.0000 0.1200 1
-0.0845 19.5006 3.0062 0.0000 0.0000 0.0000 0.1200 1
-0.2869 19.4997 2.9825 0.0000 0.0000 0.0000 0.1200 1
-0.4867 19.5001 2.9560 0.0000 0.0000 0.0000 0.1200 1
-0.6718 19.5018 2.9129 0.0000 0.0000 0.0000 0.1200 1
-0.8546 19.4996 2.8560 0.0000 0.0000 0.0000 0.1200 1
-1.0404 19.4995 2.7883 0.0000 0.0000 0.0000 0.1200 1
-1.2446 19.4978 2.6923 0.0000 0.0000 0.0000 0.1200 1
-1.3810 19.5015 2.6221 0.0000 0.0000 0.0000 0.1200 1
-1.5462 19.4996 2.5194 0.0000 0.0000 0.0000 0.1200 1
-1.7128 19.4998 2.4012 0.0000 0.0000 0.0000 0.1200 1
-1.8664 19.5011 2.2786 0.0000 0.0000 0.0000 0.1200 1
-2.0210 19.5015 2.1321 0.0000 0.0000 0.0000 0.1200 1
-2.1666 19.4997 1.9793 0.0000 0.0000 0.0000 0.1200 1
-2.2782 19.5014 1.8411 0.0000 0.0000 0.0000 0.1200 1
-2.3847 19.5005 1.6853 0.0000 0.0000 0.0000 0.1200 1
-2.4882 19.5008 1.5229 0.0000 0.0000 0.0000 0.1200 1
-2.5906 19.5010 1.3373 0.0000 0.0000 0.0000 0.1200 1
-2.6744 19.5025 1.1443 0.0000 0.0000 0.0000 0.1200 1
-2.7367 19.4995 0.9887 0.0000 0.0000 0.0000 0.1200 1
-2.7943 19.5007 0.7852 0.0000 0.0000 0.0000 0.1200 1
-2.8408 19.4997 0.6162 0.0000 0.0000 0.0000 0.1200 1
-2.8714 19.4991 0.4094 0.0000 0.0000 0.0000 0.1200 1
-2.8886 19.5012 0.2210 0.0000 0.0000 0.0000 0.1200 1
-2.8966 19.4969 0.0219 0.0000 0.0000 0.0000 0.1200 1
-2.8913 19.4986 -0.1627 0.0000 0.0000 0.0000 0.1200 1
-2.8695 19.5012 -0.3521 0.0000 0.0000 0.0000 0.1200 1
-2.8366 19.4994 -0.5690 0.0000 0.0000 0.0000 0.1200 1
-2.7966 19.4983 -0.7463 0.0000 0.0000 0.0000 0.1200 1
-2.7393 19.5011 -0.9397 0.0000 0.0000 0.0000 0.1200 1
-2.6729 19.5010 -1.1192 0.0000 0.0000 0.0000 0.1200 1
-2.5850 19.4998 -1.3091 0.0000 0.0000 0.0000 0.1200 1
-2.4923 19.5004 -1.4800 0.0000 0.0000 0.0000 0.1200 1
-2.4019 19.5006 -1.6362 0.0000 0.0000 0.0000 0.1200 1
-2.2816 19.4998 -1.8024 0.0000 0.0000 0.0000 0.1200 1
-2.1534 19.4984 -1.9560 0.0000 0.0000 0.0000 0.1200 1
-2.0201 19.5008 -2.1006 0.0000 0.0000 0.0000 0.1200 1
-1.8783 19.5010 -2.2314 0.0000 0.0000 0.0000 0.1200 1
-1.7225 19.5006 -2.3632 0.0000 0.0000 0.0000 0.1200 1
-1.5603 19.4985 -2.4769 0.0000 0.0000 0.0000 0.1200 1
-1.4095 19.5006 -2.5725 0.0000 0.0000 0.0000 0.1200 1
-1.2258 19.5007 -2.6657 0.0000 0.0000 0.0000 0.1200 1
-1.0377 19.4993 -2.7515 0.0000 0.0000 0.0000 0.1200 1
-0.8708 19.4996 -2.8163 0.0000 0.0000 0.0000 0.1200 1
-0.6907 19.4996 -2.8753 0.0000 0.0000 0.0000 0.1200 1
-0.4896 19.4996 -2.9187 0.0000 0.0000 0.0000 0.1200 1
-0.2873 19.4988 -2.9555 0.0000 0.0000 0.0000 0.1200 1
-0.0698 19.4992 -2.9689 0.0000 0.0000 0.0000 0.1200 1
0.1015 19.4980 -2.9822 0.0000 0.0000 0.0000 0.1200 1
0.2923 19.5000 -2.9779 0.0000 0.0000 0.0000 0.1200 1
0.4932 19.4996 -2.9512 0.0000 0.0000 0.0000 0.1200 1
0.6887 19.5003 -2.9220 0.0000 0.0000 0.0000 0.1200 1
0.8755 19.4988 -2.8777 0.0000 0.0000 0.0000 0.1200 1
1.0722 19.4999 -2.8207 0.0000 0.0000 0.0000 0.1200 1
1.2586 19.5005 -2.7504 0.0000 0.0000 0.0000 0.1200 1
1.4390 19.4999 -2.6667 0.0000 0.0000 0.0000 0.1200 1
1.6131 19.4999 -2.5762 0.0000 0.0000 0.0000 0.1200 1
1.7639 19.4996 -2.4789 0.0000 0.0000 0.0000 0.1200 1
1.9177 19.5004 -2.3689 0.0000 0.0000 0.0000 0.1200 1
2.0907 19.4977 -2.2268 0.0000 0.0000 0.0000 0.1200 1
2.2265 19.4982 -2.1048 0.0000 0.0000 0.0000 0.1200 1
2.3643 19.4994 -1.9532 0.0000 0.0000 0.0000 0.1200 1
2.4849 19.5011 -1.8099 0.0000 0.0000 0.0000 0.1200 1
2.6023 19.5014 -1.6374 0.0000 0.0000 0.0000 0.1200 1
2.6977 19.4997 -1.4868 0.0000 0.0000 0.0000 0.1200 1
2.7944 19.5000 -1.3060 0.0000 0.0000 0.0000 0.1200 1
2.8731 19.5028 -1.1365 0.0000 0.0000 0.0000 0.1200 1
2.9439 19.4995 -0.9473 0.0000 0.0000 0.0000 0.1200 1
3.0055 19.4997 -0.7499 0.0000 0.0000 0.0000 0.1200 1
3.0449 19.4993 -0.5768 0.0000 0.0000 0.0000 0.1200 1
3.0750 19.4980 -0.3728 0.0000 0.0000 0.0000 0.1200 1
3.0968 19.4998 -0.1772 0.0000 0.0000 0.0000 0.1200 1
3.1073 20.0016 0.0195 0.0000 0.0000 0.0000 0.1200 1
3.1013 20.0010 0.2032 0.0000 0.0000 0.0000 0.1200 1
3.0846 19.9986 0.3952 0.0000 0.0000 0.0000 0.1200 1
3.0467 19.9986 0.6061 0.0000 0.0000 0.0000 0.1200 1
3.0025 19.9998 0.8029 0.0000 0.0000 0.0000 0.1200 1
2.9476 20.0009 0.9844 0.0000 0.0000 0.0000 0.1200 1
2.8770 20.0009 1.1632 0.0000 0.0000 0.0000 0.1200 1
2.7952 19.9987 1.3491 0.0000 0.0000 0.0000 0.1200 1
2.7082 19.9996 1.5098 0.0000 0.0000 0.0000 0.1200 1
2.6106 20.0000 1.6760 0.0000 0.0000 0.0000 0.1200 1
2.4900 20.0012 1.8391 0.0000 0.0000 0.0000 0.1200 1
2.3502 19.9992 2.0075 0.0000 0.0000 0.0000 0.1200 1
2.2247 20.0017 2.1400 0.0000 0.0000 0.0000 0.1200 1
2.0797 19.9995 2.2712 0.0000 0.0000 0.0000 0.1200 1
1.9180 20.0008 2.4042 0.0000 0.0000 0.0000 0.1200 1
1.7757 19.9997 2.5030 0.0000 0.0000 0.0000 0.1200 1
1.6162 19.9995 2.6058 0.0000 0.0000 0.0000 0.1200 1
1.4479 19.9979 2.7003 0.0000 0.0000 0.0000 0.1200 1
1.2585 20.0006 2.7862 0.0000 0.0000 0.0000 0.1200 1
1.0708 19.9999 2.8551 0.0000 0.0000 0.0000 0.1200 1
0.8987 19.9995 2.9071 0.0000 0.0000 0.0000 0.1200 1
0.7048 19.9998 2.9559 0.0000 0.0000 0.0000 0.1200 1
0.5086 20.0000 2.9881 0.0000 0.0000 0.0000 0.1200 1
0.3187 19.9996 3.0044 0.0000 0.0000 0.0000 0.1200 1
0.1025 19.9989 3.0147 0.0000 0.0000 0.0000 0.1200 1
-0.1007 20.0018 3.0066 0.0000 0.0000 0.0000 0.1200 1
-0.2843 19.9987 2.9896 0.0000 0.0000 0.0000 0.1200 1
-0.4656 20.0004 2.9590 0.0000 0.0000 0.0000 0.1200 1
-0.6733 19.9991 2.9110 0.0000 0.0000 0.0000 0.1200 1
-0.8626 20.0011 2.8541 0.0000 0.0000 0.0000 0.1200 1
-1.0227 20.0003 2.7911 0.0000 0.0000 0.0000 0.1200 1
-1.2197 19.9985 2.7046 0.0000 0.0000 0.0000 0.1200 1
-1.3888 19.9989 2.6186 0.0000 0.0000 0.0000 0.1200 1
-1.5510 19.9983 2.5155 0.0000 0.0000 0.0000 0.1200 1
-1.7269 20.0015 2.3904 0.0000 0.0000 0.0000 0.1200 1
-1.8561 20.0009 2.2835 0.0000 0.0000 0.0000 0.1200 1
-2.0123 20.0011 2.1416 0.0000 0.0000 0.0000 0.1200 1
-2.1495 20.0011 1.9937 0.0000 0.0000 0.0000 0.1200 1
-2.2630 19.9992 1.8610 0.0000 0.0000 0.0000 0.1200 1
-2.3925 20.0014 1.6688 0.0000 0.0000 0.0000 0.1200 1
-2.4975 19.9998 1.5100 0.0000 0.0000 0.0000 0.1200 1
-2.5826 20.0000 1.3460 0.0000 0.0000 0.0000 0.1200 1
-2.6707 20.0009 1.1541 0.0000 0.0000 0.0000 0.1200 1
-2.7312 19.9995 0.9932 0.0000 0.0000 0.0000 0.1200 1
-2.7907 20.0008 0.7747 0.0000 0.0000 0.0000 0.1200 1
-2.8381 20.0017 0.5969 0.0000 0.0000 0.0000 0.1200 1
-2.8686 20.0002 0.4234 0.0000 0.0000 0.0000 0.1200 1
-2.8855 19.9994 0.2217 0.0000 0.0000 0.0000 0.1200 1
-2.8954 19.9984 0.0162 0.0000 0.0000 0.0000 0.1200 1
-2.8876 20.0012 -0.1837 0.0000 0.0000 0.0000 0.1200 1
-2.8713 19.9988 -0.3647 0.0000 0.0000 0.0000 0.1200 1
-2.8351 19.9999 -0.5799 0.0000 0.0000 0.0000 0.1200 1
-2.7931 20.0015 -0.7488 0.0000 0.0000 0.0000 0.1200 1
-2.7405 19.9997 -0.9303 0.0000 0.0000 0.0000 0.1200 1
-2.6670 20.0010 -1.1233 0.0000 0.0000 0.0000 0.1200 1
-2.5824 20.0000 -1.3114 0.0000 0.0000 0.0000 0.1200 1
-2.4945 19.9999 -1.4796 0.0000 0.0000 0.0000 0.1200 1
-2.3871 19.9995 -1.6438 0.0000 0.0000 0.0000 0.1200 1
-2.2703 19.9993 -1.8151 0.0000 0.0000 0.0000 0.1200 1
-2.1370 20.0025 -1.9705 0.0000 0.0000 0.0000 0.1200 1
-2.0077 20.0008 -2.1090 0.0000 0.0000 0.0000 0.1200 1
-1.8741 20.0008 -2.2323 0.0000 0.0000 0.0000 0.1200 1
-1.7241 19.9971 -2.3571 0.0000 0.0000 0.0000 0.1200 1
-1.5453 20.0014 -2.4765 0.0000 0.0000 0.0000 0.1200 1
-1.4167 20.0003 -2.5678 0.0000 0.0000 0.0000 0.1200 1
-1.2103 19.9995 -2.6762 0.0000 0.0000 0.0000 0.1200 1
-1.0402 19.9991 -2.7528 0.0000 0.0000 0.0000 0.1200 1
-0.8481 19.9991 -2.8277 0.0000 0.0000 0.0000 0.1200 1
-0.6614 19.9986 -2.8798 0.0000 0.0000 0.0000 0.1200 1
-0.4913 19.9996 -2.9207 0.0000 0.0000 0.0000 0.1200 1
-0.2802 20.0009 -2.9567 0.0000 0.0000 0.0000 0.1200 1
-0.0970 20.0014 -2.9722 0.0000 0.0000 0.0000 0.1200 1
0.1070 19.9973 -2.9800 0.0000 0.0000 0.0000 0.1200 1
0.3078 20.0010 -2.9730 0.0000 0.0000 0.0000 0.1200 1
0.5009 20.0002 -2.9566 0.0000 0.0000 0.0000 0.1200 1
0.6806 19.9998 -2.9241 0.0000 0.0000 0.0000 0.1200 1
0.8959 20.0010 -2.8764 0.0000 0.0000 0.0000 0.1200 1
1.0662 20.0001 -2.8207 0.0000 0.0000 0.0000 0.1200 1
1.2701 20.0008 -2.7430 0.0000 0.0000 0.0000 0.1200 1
1.4454 19.9989 -2.6652 0.0000 0.0000 0.0000 0.1200 1
1.6148 20.0011 -2.5709 0.0000 0.0000 0.0000 0.1200 1
1.7688 19.9974 -2.4798 0.0000 0.0000 0.0000 0.1200 1
1.9388 20.0000 -2.3540 0.0000 0.0000 0.0000 0.1200 1
2.0873 19.9981 -2.2292 0.0000 0.0000 0.0000 0.1200 1
2.2307 20.0000 -2.0992 0.0000 0.0000 0.0000 0.1200 1
2.3560 20.0006 -1.9646 0.0000 0.0000 0.0000 0.1200 1
2.4826 20.0019 -1.8050 0.0000 0.0000 0.0000 0.1200 1
2.5996 20.0012 -1.6447 0.0000 0.0000 0.0000 0.1200 1
2.7048 20.0010 -1.4810 0.0000 0.0000 0.0000 0.1200 1
2.8021 19.9981 -1.3016 0.0000 0.0000 0.0000 0.1200 1
2.8797 19.9984 -1.1267 0.0000 0.0000 0.0000 0.1200 1
2.9477 19.9999 -0.9364 0.0000 0.0000 0.0000 0.1200 1
3.0062 20.0024 -0.7596 0.0000 0.0000 0.0000 0.1200 1
3.0478 20.0002 -0.5638 0.0000 0.0000 0.0000 0.1200 1
3.0822 19.9997 -0.3766 0.0000 0.0000 0.0000 0.1200 1
3.1028 20.0002 -0.1768 0.0000 0.0000 0.0000 0.1200 1
3.1089 20.5022 0.0102 0.0000 0.0000 0.0000 0.1200 1
3.1027 20.5020 0.2239 0.0000 0.0000 0.0000 0.1200 1
3.0829 20.5011 0.3945 0.0000 0.0000 0.0000 0.1200 1
3.0499 20.5002 0.6151 0.0000 0.0000 0.0000 0.1200 1
3.0070 20.5006 0.8040 0.0000 0.0000 0.0000 0.1200 1
2.9546 20.4988 0.9701 0.0000 0.0000 0.0000 0.1200 1
2.8768 20.4993 1.1649 0.0000 0.0000 0.0000 0.1200 1
2.8020 20.5010 1.3376 0.0000 0.0000 0.0000 0.1200 1
2.7018 20.4975 1.5285 0.0000 0.0000 0.0000 0.1200 1
2.6053 20.4984 1.6877 0.0000 0.0000 0.0000 0.1200 1
2.4887 20.4986 1.8407 0.0000 0.0000 0.0000 0.1200 1
2.3623 20.5004 1.9942 0.0000 0.0000 0.0000 0.1200 1
2.2319 20.4998 2.1371 0.0000 0.0000 0.0000 0.1200 1
2.0798 20.5003 2.2751 0.0000 0.0000 0.0000 0.1200 1
1.9507 20.5016 2.3899 0.0000 0.0000 0.0000 0.1200 1
1.7696 20.5004 2.5147 0.0000 0.0000 0.0000 0.1200 1
1.5983 20.5014 2.6186 0.0000 0.0000 0.0000 0.1200 1
1.4368 20.4999 2.7081 0.0000 0.0000 0.0000 0.1200 1
1.2528 20.5000 2.7911 0.0000 0.0000 0.0000 0.1200 1
1.0788 20.4986 2.8549 0.0000 0.0000 0.0000 0.1200 1
0.9003 20.5001 2.9083 0.0000 0.0000 0.0000 0.1200 1
0.6779 20.4996 2.9608 0.0000 0.0000 0.0000 0.1200 1
0.4917 20.4993 2.9920 0.0000 0.0000 0.0000 0.1200 1
0.3082 20.5004 3.0094 0.0000 0.0000 0.0000 0.1200 1
0.1114 20.5009 3.0155 0.0000 0.0000 0.0000 0.1200 1
-0.0926 20.5011 3.0088 0.0000 0.0000 0.0000 0.1200 1
-0.2798 20.4992 2.9871 0.0000 0.0000 0.0000 0.1200 1
-0.4585 20.5001 2.9602 0.0000 0.0000 0.0000 0.1200 1
-0.6742 20.4996 2.9117 0.0000 0.0000 0.0000 0.1200 1
-0.8568 20.4980 2.8579 0.0000 0.0000 0.0000 0.1200 1
-1.0387 20.5005 2.7892 0.0000 0.0000 0.0000 0.1200 1
-1.2076 20.5009 2.7108 0.0000 0.0000 0.0000 0.1200 1
-1.3917 20.4988 2.6115 0.0000 0.0000 0.0000 0.1200 1
-1.5627 20.5002 2.5080 0.0000 0.0000 0.0000 0.1200 1
-1.7232 20.5000 2.3922 0.0000 0.0000 0.0000 0.1200 1
-1.8719 20.4994 2.2750 0.0000 0.0000 0.0000 0.1200 1
-2.0111 20.4983 2.1335 0.0000 0.0000 0.0000 0.1200 1
-2.1497 20.5004 1.9937 0.0000 0.0000 0.0000 0.1200 1
-2.2763 20.4987 1.8412 0.0000 0.0000 0.0000 0.1200 1
-2.3882 20.5014 1.6798 0.0000 0.0000 0.0000 0.1200 1
-2.4801 20.5005 1.5287 0.0000 0.0000 0.0000 0.1200 1
-2.5792 20.5002 1.3553 0.0000 0.0000 0.0000 0.1200 1
-2.6554 20.4993 1.1813 0.0000 0.0000 0.0000 0.1200 1
-2.7309 20.4986 0.9846 0.0000 0.0000 0.0000 0.1200 1
-2.7918 20.4999 0.7916 0.0000 0.0000 0.0000 0.1200 1
-2.8352 20.5015 0.5962 0.0000 0.0000 0.0000 0.1200 1
-2.8659 20.4993 0.4196 0.0000 0.0000 0.0000 0.1200 1
-2.8859 20.5008 0.2174 0.0000 0.0000 0.0000 0.1200 1
-2.8921 20.4999 0.0391 0.0000 0.0000 0.0000 0.1200 1
-2.8849 20.5005 -0.1964 0.0000 0.0000 0.0000 0.1200 1
-2.8670 20.5000 -0.3717 0.0000 0.0000 0.0000 0.1200 1
-2.8365 20.5012 -0.5685 0.0000 0.0000 0.0000 0.1200 1
-2.7916 20.5002 -0.7485 0.0000 0.0000 0.0000 0.1200 1
-2.7308 20.4999 -0.9511 0.0000 0.0000 0.0000 0.1200 1
-2.6644 20.5007 -1.1253 0.0000 0.0000 0.0000 0.1200 1
-2.5824 20.4998 -1.3056 0.0000 0.0000 0.0000 0.1200 1
-2.4968 20.4990 -1.4625 0.0000 0.0000 0.0000 0.1200 1
-2.3866 20.4998 -1.6442 0.0000 0.0000 0.0000 0.1200 1
-2.2705 20.4998 -1.8107 0.0000 0.0000 0.0000 0.1200 1
-2.1505 20.4998 -1.9529 0.0000 0.0000 0.0000 0.1200 1
-2.0082 20.4997 -2.1047 0.0000 0.0000 0.0000 0.1200 1
-1.8664 20.4994 -2.2444 0.0000 0.0000 0.0000 0.1200 1
-1.7190 20.4993 -2.3630 0.0000 0.0000 0.0000 0.1200 1
-1.5617 20.5000 -2.4695 0.0000 0.0000 0.0000 0.1200 1
-1.3726 20.5017 -2.5852 0.0000 0.0000 0.0000 0.1200 1
-1.2218 20.4987 -2.6695 0.0000 0.0000 0.0000 0.1200 1
-1.0416 20.5000 -2.7533 0.0000 0.0000 0.0000 0.1200 1
-0.8456 20.5005 -2.8225 0.0000 0.0000 0.0000 0.1200 1
-0.6727 20.4988 -2.8765 0.0000 0.0000 0.0000 0.1200 1
-0.4785 20.4996 -2.9200 0.0000 0.0000 0.0000 0.1200 1
-0.2752 20.5015 -2.9556 0.0000 0.0000 0.0000 0.1200 1
-0.0721 20.4993 -2.9724 0.0000 0.0000 0.0000 0.1200 1
0.0856 20.4999 -2.9782 0.0000 0.0000 0.0000 0.1200 1
0.3096 20.5003 -2.9768 0.0000 0.0000 0.0000 0.1200 1
0.4928 20.5003 -2.9535 0.0000 0.0000 0.0000 0.1200 1
0.6913 20.5006 -2.9212 0.0000 0.0000 0.0000 0.1200 1
0.8838 20.5006 -2.8765 0.0000 0.0000 0.0000 0.1200 1
1.0794 20.5013 -2.8182 0.0000 0.0000 0.0000 0.1200 1
1.2322 20.4997 -2.7588 0.0000 0.0000 0.0000 0.1200 1
1.4331 20.5002 -2.6704 0.0000 0.0000 0.0000 0.1200 1
1.5809 20.4991 -2.5920 0.0000 0.0000 0.0000 0.1200 1
1.7732 20.4987 -2.4778 0.0000 0.0000 0.0000 0.1200 1
1.9285 20.5001 -2.3610 0.0000 0.0000 0.0000 0.1200 1
2.0886 20.4995 -2.2324 0.0000 0.0000 0.0000 0.1200 1
2.2361 20.5011 -2.0932 0.0000 0.0000 0.0000 0.1200 1
2.3682 20.4998 -1.9526 0.0000 0.0000 0.0000 0.1200 1
2.4837 20.4998 -1.8111 0.0000 0.0000 0.0000 0.1200 1
2.5955 20.4998 -1.6549 0.0000 0.0000 0.0000 0.1200 1
2.7066 20.5003 -1.4859 0.0000 0.0000 0.0000 0.1200 1
2.8040 20.4995 -1.3073 0.0000 0.0000 0.0000 0.1200 1
2.8763 20.5021 -1.1317 0.0000 0.0000 0.0000 0.1200 1
2.9482 20.5006 -0.9477 0.0000 0.0000 0.0000 0.1200 1
3.0002 20.5011 -0.7687 0.0000 0.0000 0.0000 0.1200 1
3.0498 20.5002 -0.5663 0.0000 0.0000 0.0000 0.1200 1
3.0792 20.5002 -0.3870 0.0000 0.0000 0.0000 0.1200 1
3.1010 20.5016 -0.1781 0.0000 0.0000 0.0000 0.1200 1
3.1084 20.9983 0.0177 0.0000 0.0000 0.0000 0.1200 1
3.1033 20.9998 0.2181 0.0000 0.0000 0.0000 0.1200 1
3.0854 21.0006 0.4167 0.0000 0.0000 0.0000 0.1200 1
3.0523 20.9984 0.5957 0.0000 0.0000 0.0000 0.1200 1
2.9995 20.9998 0.8205 0.0000 0.0000 0.0000 0.1200 1
2.9497 21.0001 0.9866 0.0000 0.0000 0.0000 0.1200 1
2.8871 20.9998 1.1596 0.0000 0.0000 0.0000 0.1200 1
2.8008 20.9993 1.3457 0.0000 0.0000 0.0000 0.1200 1
2.7119 21.0002 1.5160 0.0000 0.0000 0.0000 0.1200 1
2.6032 21.0013 1.6862 0.0000 0.0000 0.0000 0.1200 1
2.4888 21.0001 1.8483 0.0000 0.0000 0.0000 0.1200 1
2.3661 21.0009 1.9960 0.0000 0.0000 0.0000 0.1200 1
2.2468 20.9998 2.1239 0.0000 0.0000 0.0000 0.1200 1
2.0909 21.0004 2.2696 0.0000 0.0000 0.0000 0.1200 1
1.9374 20.9994 2.3969 0.0000 0.0000 0.0000 0.1200 1
1.7690 21.0004 2.5178 0.0000 0.0000 0.0000 0.1200 1
1.5968 21.0007 2.6164 0.0000 0.0000 0.0000 0.1200 1
1.4197 21.0002 2.7162 0.0000 0.0000 0.0000 0.1200 1
1.2766 21.0000 2.7783 0.0000 0.0000 0.0000 0.1200 1
1.0694 21.0017 2.8564 0.0000 0.0000 0.0000 0.1200 1
0.8887 21.0004 2.9107 0.0000 0.0000 0.0000 0.1200 1
0.6809 20.9996 2.9630 0.0000 0.0000 0.0000 0.1200 1
0.5031 20.9996 2.9894 0.0000 0.0000 0.0000 0.1200 1
0.3099 21.0000 3.0094 0.0000 0.0000 0.0000 0.1200 1
0.1035 21.0010 3.0192 0.0000 0.0000 0.0000 0.1200 1
-0.0893 21.0007 3.0110 0.0000 0.0000 0.0000 0.1200 1
-0.2717 20.9997 2.9890 0.0000 0.0000 0.0000 0.1200 1
-0.4683 20.9994 2.9595 0.0000 0.0000 0.0000 0.1200 1
-0.6519 21.0014 2.9148 0.0000 0.0000 0.0000 0.1200 1
-0.8555 20.9996 2.8569 0.0000 0.0000 0.0000 0.1200 1
-1.0444 21.0007 2.7870 0.0000 0.0000 0.0000 0.1200 1
-1.1981 21.0012 2.7154 0.0000 0.0000 0.0000 0.1200 1
-1.4032 21.0003 2.6055 0.0000 0.0000 0.0000 0.1200 1
-1.5636 21.0002 2.5068 0.0000 0.0000 0.0000 0.1200 1
-1.7355 21.0008 2.3843 0.0000 0.0000 0.0000 0.1200 1
-1.8660 21.0011 2.2748 0.0000 0.0000 0.0000 0.1200 1
-2.0006 21.0001 2.1476 0.0000 0.0000 0.0000 0.1200 1
-2.1447 20.9989 2.0018 0.0000 0.0000 0.0000 0.1200 1
-2.2616 20.9985 1.8556 0.0000 0.0000 0.0000 0.1200 1
-2.3767 21.0000 1.6950 0.0000 0.0000 0.0000 0.1200 1
-2.4911 21.0015 1.5157 0.0000 0.0000 0.0000 0.1200 1
-2.5867 20.9984 1.3403 0.0000 0.0000 0.0000 0.1200 1
-2.6604 21.0006 1.1659 0.0000 0.0000 0.0000 0.1200 1
-2.7334 20.9986 0.9839 0.0000 0.0000 0.0000 0.1200 1
-2.7840 21.0001 0.8007 0.0000 0.0000 0.0000 0.1200 1
-2.8346 21.0012 0.5901 0.0000 0.0000 0.0000 0.1200 1
-2.8648 20.9980 0.4074 0.0000 0.0000 0.0000 0.1200 1
-2.8804 21.0015 0.2267 0.0000 0.0000 0.0000 0.1200 1
-2.8895 20.9997 0.0331 0.0000 0.0000 0.0000 0.1200 1
-2.8837 20.9998 -0.1836 0.0000 0.0000 0.0000 0.1200 1
-2.8616 20.9992 -0.3812 0.0000 0.0000 0.0000 0.1200 1
-2.8345 21.0014 -0.5477 0.0000 0.0000 0.0000 0.1200 1
-2.7923 20.9997 -0.7390 0.0000 0.0000 0.0000 0.1200 1
-2.7302 21.0000 -0.9423 0.0000 0.0000 0.0000 0.1200 1
-2.6654 21.0009 -1.1212 0.0000 0.0000 0.0000 0.1200 1
-2.5732 21.0009 -1.3146 0.0000 0.0000 0.0000 0.1200 1
-2.4908 20.9988 -1.4760 0.0000 0.0000 0.0000 0.1200 1
-2.3872 21.0000 -1.6400 0.0000 0.0000 0.0000 0.1200 1
-2.2816 20.9977 -1.7849 0.0000 0.0000 0.0000 0.1200 1
-2.1371 20.9997 -1.9629 0.0000 0.0000 0.0000 0.1200 1
-1.9942 20.9996 -2.1162 0.0000 0.0000 0.0000 0.1200 1
-1.8817 21.0002 -2.2247 0.0000 0.0000 0.0000 0.1200 1
-1.7193 20.9994 -2.3627 0.0000 0.0000 0.0000 0.1200 1
-1.5575 21.0000 -2.4710 0.0000 0.0000 0.0000 0.1200 1
-1.3823 20.9997 -2.5820 0.0000 0.0000 0.0000 0.1200 1
-1.2142 20.9992 -2.6694 0.0000 0.0000 0.0000 0.1200 1
-1.0270 21.0002 -2.7548 0.0000 0.0000 0.0000 0.1200 1
-0.8517 20.9996 -2.8225 0.0000 0.0000 0.0000 0.1200 1
-0.6641 21.0007 -2.8799 0.0000 0.0000 0.0000 0.1200 1
-0.4740 20.9997 -2.9210 0.0000 0.0000 0.0000 0.1200 1
-0.2689 20.9991 -2.9557 0.0000 0.0000 0.0000 0.1200 1
-0.0876 21.0010 -2.9729 0.0000 0.0000 0.0000 0.1200 1
0.1009 20.9996 -2.9751 0.0000 0.0000 0.0000 0.1200 1
0.3133 20.9994 -2.9738 0.0000 0.0000 0.0000 0.1200 1
0.5018 21.0005 -2.9567 0.0000 0.0000 0.0000 0.1200 1
0.6980 20.9990 -2.9170 0.0000 0.0000 0.0000 0.1200 1
0.8881 20.9987 -2.8748 0.0000 0.0000 0.0000 0.1200 1
1.0835 20.9995 -2.8170 0.0000 0.0000 0.0000 0.1200 1
1.2628 21.0012 -2.7477 0.0000 0.0000 0.0000 0.1200 1
1.4409 21.0009 -2.6676 0.0000 0.0000 0.0000 0.1200 1
1.6029 21.0009 -2.5814 0.0000 0.0000 0.0000 0.1200 1
1.7751 21.0006 -2.4718 0.0000 0.0000 0.0000 0.1200 1
1.9407 21.0001 -2.3556 0.0000 0.0000 0.0000 0.1200 1
2.0965 20.9988 -2.2285 0.0000 0.0000 0.0000 0.1200 1
2.2189 20.9997 -2.1131 0.0000 0.0000 0.0000 0.1200 1
2.3732 21.0001 -1.9492 0.0000 0.0000 0.0000 0.1200 1
2.4920 20.9993 -1.8033 0.0000 0.0000 0.0000 0.1200 1
2.6128 20.9991 -1.6395 0.0000 0.0000 0.0000 0.1200 1
2.7070 20.9999 -1.4780 0.0000 0.0000 0.0000 0.1200 1
2.7989 21.0011 -1.3089 0.0000 0.0000 0.0000 0.1200 1
2.8748 20.9995 -1.1426 0.0000 0.0000 0.0000 0.1200 1
2.9474 20.9993 -0.9554 0.0000 0.0000 0.0000 0.1200 1
3.0050 21.0010 -0.7691 0.0000 0.0000 0.0000 0.1200 1
3.0538 20.9996 -0.5598 0.0000 0.0000 0.0000 0.1200 1
3.0858 21.0012 -0.3608 0.0000 0.0000 0.0000 0.1200 1
3.1045 21.0008 -0.1613 0.0000 0.0000 0.0000 0.1200 1
3.1120 21.5007 0.0195 0.0000 0.0000 0.0000 0.1200 1
3.1090 21.5011 0.2255 0.0000 0.0000 0.0000 0.1200 1
3.0866 21.5033 0.4096 0.0000 0.0000 0.0000 0.1200 1
3.0479 21.5007 0.6224 0.0000 0.0000 0.0000 0.1200 1
3.0037 21.4991 0.8104 0.0000 0.0000 0.0000 0.1200 1
2.9529 21.5008 0.9813 0.0000 0.0000 0.0000 0.1200 1
2.8863 21.5002 1.1647 0.0000 0.0000 0.0000 0.1200 1
2.8107 21.4995 1.3276 0.0000 0.0000 0.0000 0.1200 1
2.7099 21.4998 1.5246 0.0000 0.0000 0.0000 0.1200 1
2.5951 21.5006 1.6993 0.0000 0.0000 0.0000 0.1200 1
2.4963 21.5002 1.8455 0.0000 0.0000 0.0000 0.1200 1
2.3689 21.4984 2.0002 0.0000 0.0000 0.0000 0.1200 1
2.2262 21.4987 2.1484 0.0000 0.0000 0.0000 0.1200 1
2.0816 21.5003 2.2807 0.0000 0.0000 0.0000 0.1200 1
1.9377 21.5003 2.3992 0.0000 0.0000 0.0000 0.1200 1
1.7770 21.5015 2.5180 0.0000 0.0000 0.0000 0.1200 1
1.6168 21.5000 2.6117 0.0000 0.0000 0.0000 0.1200 1
1.4415 21.4990 2.7077 0.0000 0.0000 0.0000 0.1200 1
1.2659 21.5009 2.7872 0.0000 0.0000 0.0000 0.1200 1
1.0944 21.4983 2.8552 0.0000 0.0000 0.0000 0.1200 1
0.8813 21.4997 2.9175 0.0000 0.0000 0.0000 0.1200 1
0.6840 21.4984 2.9636 0.0000 0.0000 0.0000 0.1200 1
0.5159 21.4997 2.9889 0.0000 0.0000 0.0000 0.1200 1
0.3073 21.5009 3.0105 0.0000 0.0000 0.0000 0.1200 1
0.1100 21.5009 3.0174 0.0000 0.0000 0.0000 0.1200 1
-0.0706 21.4994 3.0129 0.0000 0.0000 0.0000 0.1200 1
-0.2854 21.4998 2.9892 0.0000 0.0000 0.0000 0.1200 1
-0.4749 21.5013 2.9567 0.0000 0.0000 0.0000 0.1200 1
-0.6537 21.4988 2.9198 0.0000 0.0000 0.0000 0.1200 1
-0.8385 21.5013 2.8615 0.0000 0.0000 0.0000 0.1200 1
-1.0382 21.4992 2.7901 0.0000 0.0000 0.0000 0.1200 1
-1.2156 21.4994 2.7089 0.0000 0.0000 0.0000 0.1200 1
-1.3901 21.4993 2.6131 0.0000 0.0000 0.0000 0.1200 1
-1.5572 21.4993 2.5077 0.0000 0.0000 0.0000 0.1200 1
-1.7162 21.5011 2.3980 0.0000 0.0000 0.0000 0.1200 1
-1.8703 21.5014 2.2717 0.0000 0.0000 0.0000 0.1200 1
-2.0103 21.5006 2.1401 0.0000 0.0000 0.0000 0.1200 1
-2.1455 21.4994 1.9968 0.0000 0.0000 0.0000 0.1200 1
-2.2711 21.4988 1.8437 0.0000 0.0000 0.0000 0.1200 1
-2.3855 21.4991 1.6797 0.0000 0.0000 0.0000 0.1200 1
-2.4864 21.4982 1.5154 0.0000 0.0000 0.0000 0.1200 1
-2.5869 21.5003 1.3171 0.0000 0.0000 0.0000 0.1200 1
-2.6679 21.4995 1.1521 0.0000 0.0000 0.0000 0.1200 1
-2.7300 21.4998 0.9897 0.0000 0.0000 0.0000 0.1200 1
-2.7917 21.5000 0.7920 0.0000 0.0000 0.0000 0.1200 1
-2.8301 21.5001 0.6029 0.0000 0.0000 0.0000 0.1200 1
-2.8591 21.5013 0.4231 0.0000 0.0000 0.0000 0.1200 1
-2.8816 21.5007 0.2135 0.0000 0.0000 0.0000 0.1200 1
-2.8881 21.5001 0.0042 0.0000 0.0000 0.0000 0.1200 1
-2.8849 21.5017 -0.1775 0.0000 0.0000 0.0000 0.1200 1
-2.8660 21.5000 -0.3713 0.0000 0.0000 0.0000 0.1200 1
-2.8268 21.4999 -0.5775 0.0000 0.0000 0.0000 0.1200 1
-2.7822 21.5007 -0.7641 0.0000 0.0000 0.0000 0.1200 1
-2.7218 21.4999 -0.9525 0.0000 0.0000 0.0000 0.1200 1
-2.6668 21.5011 -1.1083 0.0000 0.0000 0.0000 0.1200 1
-2.5802 21.5002 -1.3005 0.0000 0.0000 0.0000 0.1200 1
-2.4857 21.4997 -1.4788 0.0000 0.0000 0.0000 0.1200 1
-2.3878 21.5007 -1.6368 0.0000 0.0000 0.0000 0.1200 1
-2.2682 21.5018 -1.8037 0.0000 0.0000 0.0000 0.1200 1
-2.1484 21.5006 -1.9459 0.0000 0.0000 0.0000 0.1200 1
-2.0037 21.4998 -2.1033 0.0000 0.0000 0.0000 0.1200 1
-1.8760 21.5000 -2.2237 0.0000 0.0000 0.0000 0.1200 1
-1.7241 21.5033 -2.3548 0.0000 0.0000 0.0000 0.1200 1
-1.5528 21.4994 -2.4731 0.0000 0.0000 0.0000 0.1200 1
-1.4007 21.5001 -2.5666 0.0000 0.0000 0.0000 0.1200 1
-1.2205 21.5003 -2.6674 0.0000 0.0000 0.0000 0.1200 1
-1.0472 21.4993 -2.7479 0.0000 0.0000 0.0000 0.1200 1
-0.8465 21.5000 -2.8208 0.0000 0.0000 0.0000 0.1200 1
-0.6665 21.5015 -2.8772 0.0000 0.0000 0.0000 0.1200 1
-0.4730 21.5013 -2.9188 0.0000 0.0000 0.0000 0.1200 1
-0.2805 21.4990 -2.9552 0.0000 0.0000 0.0000 0.1200 1
-0.0673 21.5011 -2.9766 0.0000 0.0000 0.0000 0.1200 1
0.1306 21.4994 -2.9784 0.0000 0.0000 0.0000 0.1200 1
0.3041 21.5007 -2.9711 0.0000 0.0000 0.0000 0.1200 1
0.4960 21.4997 -2.9524 0.0000 0.0000 0.0000 0.1200 1
0.6817 21.4999 -2.9230 0.0000 0.0000 0.0000 0.1200 1
0.8980 21.4992 -2.8758 0.0000 0.0000 0.0000 0.1200 1
1.0794 21.5005 -2.8193 0.0000 0.0000 0.0000 0.1200 1
1.2674 21.4993 -2.7461 0.0000 0.0000 0.0000 0.1200 1
1.4477 21.4992 -2.6652 0.0000 0.0000 0.0000 0.1200 1
1.6311 21.4994 -2.5636 0.0000 0.0000 0.0000 0.1200 1
1.7960 21.4995 -2.4604 0.0000 0.0000 0.0000 0.1200 1
1.9519 21.5005 -2.3510 0.0000 0.0000 0.0000 0.1200 1
2.0764 21.5018 -2.2497 0.0000 0.0000 0.0000 0.1200 1
2.2360 21.4999 -2.0955 0.0000 0.0000 0.0000 0.1200 1
2.3676 21.5014 -1.9599 0.0000 0.0000 0.0000 0.1200 1
2.4866 21.4993 -1.8130 0.0000 0.0000 0.0000 0.1200 1
2.6003 21.4997 -1.6521 0.0000 0.0000 0.0000 0.1200 1
2.7063 21.4996 -1.4874 0.0000 0.0000 0.0000 0.1200 1
2.7910 21.5001 -1.3279 0.0000 0.0000 0.0000 0.1200 1
2.8751 21.4999 -1.1455 0.0000 0.0000 0.0000 0.1200 1
2.9558 21.5004 -0.9358 0.0000 0.0000 0.0000 0.1200 1
3.0106 21.4995 -0.7518 0.0000 0.0000 0.0000 0.1200 1
3.0555 21.4996 -0.5694 0.0000 0.0000 0.0000 0.1200 1
3.0843 21.5014 -0.3732 0.0000 0.0000 0.0000 0.1200 1
3.1049 21.4987 -0.1969 0.0000 0.0000 0.0000 0.1200 1
3.1153 22.0001 0.0198 0.0000 0.0000 0.0000 0.1200 1
3.1105 21.9988 0.2216 0.0000 0.0000 0.0000 0.1200 1
3.0836 21.9996 0.4282 0.0000 0.0000 0.0000 0.1200 1
3.0547 21.9990 0.5993 0.0000 0.0000 0.0000 0.1200 1
3.0156 21.9999 0.7819 0.0000 0.0000 0.0000 0.1200 1
2.9565 22.0009 0.9831 0.0000 0.0000 0.0000 0.1200 1
2.8854 22.0009 1.1705 0.0000 0.0000 0.0000 0.1200 1
2.8062 21.9996 1.3445 0.0000 0.0000 0.0000 0.1200 1
2.7088 21.9998 1.5237 0.0000 0.0000 0.0000 0.1200 1
2.6115 21.9985 1.6813 0.0000 0.0000 0.0000 0.1200 1
2.4894 22.0000 1.8504 0.0000 0.0000 0.0000 0.1200 1
2.3609 21.9998 2.0041 0.0000 0.0000 0.0000 0.1200 1
2.2417 21.9984 2.1345 0.0000 0.0000 0.0000 0.1200 1
2.0964 22.0005 2.2708 0.0000 0.0000 0.0000 0.1200 1
1.9494 22.0009 2.3932 0.0000 0.0000 0.0000 0.1200 1
1.7783 22.0001 2.5149 0.0000 0.0000 0.0000 0.1200 1
1.6030 21.9996 2.6232 0.0000 0.0000 0.0000 0.1200 1
1.4563 22.0010 2.7011 0.0000 0.0000 0.0000 0.1200 1
1.2622 22.0006 2.7895 0.0000 0.0000 0.0000 0.1200 1
1.0866 22.0006 2.8563 0.0000 0.0000 0.0000 0.1200 1
0.8947 22.0007 2.9160 0.0000 0.0000 0.0000 0.1200 1
0.6999 22.0013 2.9619 0.0000 0.0000 0.0000 0.1200 1
0.5170 22.0002 2.9918 0.0000 0.0000 0.0000 0.1200 1
0.3159 21.9982 3.0144 0.0000 0.0000 0.0000 0.1200 1
0.1053 22.0005 3.0187 0.0000 0.0000 0.0000 0.1200 1
-0.0830 21.9996 3.0123 0.0000 0.0000 0.0000 0.1200 1
-0.2601 22.0014 2.9929 0.0000 0.0000 0.0000 0.1200 1
-0.4595 22.0002 2.9626 0.0000 0.0000 0.0000 0.1200 1
-0.6572 22.0006 2.9190 0.0000 0.0000 0.0000 0.1200 1
-0.8485 22.0013 2.8607 0.0000 0.0000 0.0000 0.1200 1
-1.0279 21.9998 2.7901 0.0000 0.0000 0.0000 0.1200 1
-1.2102 21.9992 2.7083 0.0000 0.0000 0.0000 0.1200 1
-1.3750 21.9997 2.6271 0.0000 0.0000 0.0000 0.1200 1
-1.5459 21.9994 2.5159 0.0000 0.0000 0.0000 0.1200 1
-1.7142 22.0005 2.3960 0.0000 0.0000 0.0000 0.1200 1
-1.8631 22.0014 2.2765 0.0000 0.0000 0.0000 0.1200 1
-1.9990 21.9996 2.1493 0.0000 0.0000 0.0000 0.1200 1
-2.1453 21.9993 1.9939 0.0000 0.0000 0.0000 0.1200 1
-2.2570 22.0008 1.8536 0.0000 0.0000 0.0000 0.1200 1
-2.3680 22.0001 1.7016 0.0000 0.0000 0.0000 0.1200 1
-2.4766 21.9998 1.5314 0.0000 0.0000 0.0000 0.1200 1
-2.5740 22.0016 1.3524 0.0000 0.0000 0.0000 0.1200 1
-2.6607 22.0001 1.1563 0.0000 0.0000 0.0000 0.1200 1
-2.7274 22.0000 0.9853 0.0000 0.0000 0.0000 0.1200 1
-2.7847 21.9992 0.8037 0.0000 0.0000 0.0000 0.1200 1
-2.8267 21.9993 0.5980 0.0000 0.0000 0.0000 0.1200 1
-2.8551 21.9994 0.4161 0.0000 0.0000 0.0000 0.1200 1
-2.8788 22.0003 0.2325 0.0000 0.0000 0.0000 0.1200 1
-2.8863 21.9996 0.0030 0.0000 0.0000 0.0000 0.1200 1
-2.8767 22.0000 -0.1802 0.0000 0.0000 0.0000 0.1200 1
-2.8598 21.9997 -0.3759 0.0000 0.0000 0.0000 0.1200 1
-2.8237 21.9995 -0.5772 0.0000 0.0000 0.0000 0.1200 1
-2.7897 22.0010 -0.7370 0.0000 0.0000 0.0000 0.1200 1
-2.7309 21.9994 -0.9291 0.0000 0.0000 0.0000 0.1200 1
-2.6593 22.0015 -1.1237 0.0000 0.0000 0.0000 0.1200 1
-2.5754 21.9993 -1.3069 0.0000 0.0000 0.0000 0.1200 1
-2.4883 22.0012 -1.4720 0.0000 0.0000 0.0000 0.1200 1
-2.3790 21.9996 -1.6507 0.0000 0.0000 0.0000 0.1200 1
-2.2594 21.9970 -1.8100 0.0000 0.0000 0.0000 0.1200 1
-2.1402 22.0002 -1.9591 0.0000 0.0000 0.0000 0.1200 1
-2.0209 21.9991 -2.0878 0.0000 0.0000 0.0000 0.1200 1
-1.8653 22.0004 -2.2335 0.0000 0.0000 0.0000 0.1200 1
-1.6994 21.9986 -2.3668 0.0000 0.0000 0.0000 0.1200 1
-1.5572 21.9986 -2.4660 0.0000 0.0000 0.0000 0.1200 1
-1.3720 21.9995 -2.5834 0.0000 0.0000 0.0000 0.1200 1
-1.2153 22.0002 -2.6669 0.0000 0.0000 0.0000 0.1200 1
-1.0367 22.0006 -2.7482 0.0000 0.0000 0.0000 0.1200 1
-0.8667 21.9990 -2.8116 0.0000 0.0000 0.0000 0.1200 1
-0.6682 22.0006 -2.8719 0.0000 0.0000 0.0000 0.1200 1
-0.4599 22.0008 -2.9210 0.0000 0.0000 0.0000 0.1200 1
-0.2702 21.9984 -2.9558 0.0000 0.0000 0.0000 0.1200 1
-0.0792 22.0014 -2.9684 0.0000 0.0000 0.0000 0.1200 1
0.1038 21.9999 -2.9799 0.0000 0.0000 0.0000 0.1200 1
0.2880 22.0006 -2.9734 0.0000 0.0000 0.0000 0.1200 1
0.4949 22.0001 -2.9544 0.0000 0.0000 0.0000 0.1200 1
0.7021 22.0004 -2.9182 0.0000 0.0000 0.0000 0.1200 1
0.8726 22.0004 -2.8761 0.0000 0.0000 0.0000 0.1200 1
1.0695 21.9990 -2.8199 0.0000 0.0000 0.0000 0.1200 1
1.2768 21.9995 -2.7461 0.0000 0.0000 0.0000 0.1200 1
1.4547 22.0009 -2.6652 0.0000 0.0000 0.0000 0.1200 1
1.6148 22.0001 -2.5789 0.0000 0.0000 0.0000 0.1200 1
1.7789 21.9999 -2.4754 0.0000 0.0000 0.0000 0.1200 1
1.9582 22.0001 -2.3484 0.0000 0.0000 0.0000 0.1200 1
2.0916 21.9995 -2.2335 0.0000 0.0000 0.0000 0.1200 1
2.2351 21.9999 -2.0983 0.0000 0.0000 0.0000 0.1200 1
2.3526 21.9994 -1.9764 0.0000 0.0000 0.0000 0.1200 1
2.4928 21.9986 -1.8025 0.0000 0.0000 0.0000 0.1200 1
2.6066 22.0004 -1.6428 0.0000 0.0000 0.0000 0.1200 1
2.7139 22.0011 -1.4781 0.0000 0.0000 0.0000 0.1200 1
2.8033 22.0021 -1.3037 0.0000 0.0000 0.0000 0.1200 1
2.8813 21.9985 -1.1381 0.0000 0.0000 0.0000 0.1200 1
2.9578 21.9987 -0.9312 0.0000 0.0000 0.0000 0.1200 1
3.0069 21.9994 -0.7687 0.0000 0.0000 0.0000 0.1200 1
3.0545 21.9996 -0.5567 0.0000 0.0000 0.0000 0.1200 1
3.0878 22.0010 -0.3619 0.0000 0.0000 0.0000 0.1200 1
3.1098 22.0006 -0.1670 0.0000 0.0000 0.0000 0.1200 1
3.1177 22.5004 0.0062 0.0000 0.0000 0.0000 0.1200 1
3.1088 22.4991 0.2308 0.0000 0.0000 0.0000 0.1200 1
3.0878 22.4992 0.4096 0.0000 0.0000 0.0000 0.1200 1
3.0590 22.4992 0.6096 0.0000 0.0000 0.0000 0.1200 1
3.0192 22.4997 0.7740 0.0000 0.0000 0.0000 0.1200 1
2.9560 22.5005 0.9875 0.0000 0.0000 0.0000 0.1200 1
2.8869 22.4998 1.1639 0.0000 0.0000 0.0000 0.1200 1
2.8083 22.4985 1.3445 0.0000 0.0000 0.0000 0.1200 1
2.7134 22.4981 1.5183 0.0000 0.0000 0.0000 0.1200 1
2.6120 22.5009 1.6877 0.0000 0.0000 0.0000 0.1200 1
2.4891 22.4988 1.8565 0.0000 0.0000 0.0000 0.1200 1
2.3616 22.5020 2.0112 0.0000 0.0000 0.0000 0.1200 1
2.2338 22.5001 2.1500 0.0000 0.0000 0.0000 0.1200 1
2.0814 22.4985 2.2887 0.0000 0.0000 0.0000 0.1200 1
1.9412 22.4992 2.4027 0.0000 0.0000 0.0000 0.1200 1
1.7751 22.5002 2.5154 0.0000 0.0000 0.0000 0.1200 1
1.6220 22.5008 2.6146 0.0000 0.0000 0.0000 0.1200 1
1.4364 22.4999 2.7126 0.0000 0.0000 0.0000 0.1200 1
1.2587 22.5006 2.7918 0.0000 0.0000 0.0000 0.1200 1
1.0829 22.5002 2.8609 0.0000 0.0000 0.0000 0.1200 1
0.8740 22.4999 2.9192 0.0000 0.0000 0.0000 0.1200 1
0.7114 22.5001 2.9591 0.0000 0.0000 0.0000 0.1200 1
0.4948 22.5002 2.9939 0.0000 0.0000 0.0000 0.1200 1
0.3124 22.4974 3.0160 0.0000 0.0000 0.0000 0.1200 1
0.1237 22.4994 3.0204 0.0000 0.0000 0.0000 0.1200 1
-0.0704 22.5006 3.0105 0.0000 0.0000 0.0000 0.1200 1
-0.2615 22.4978 2.9998 0.0000 0.0000 0.0000 0.1200 1
-0.4688 22.5014 2.9606 0.0000 0.0000 0.0000 0.1200 1
-0.6486 22.5013 2.9166 0.0000 0.0000 0.0000 0.1200 1
-0.8427 22.4990 2.8623 0.0000 0.0000 0.0000 0.1200 1
-1.0309 22.5014 2.7894 0.0000 0.0000 0.0000 0.1200 1
-1.2090 22.5009 2.7114 0.0000 0.0000 0.0000 0.1200 1
-1.3901 22.5016 2.6180 0.0000 0.0000 0.0000 0.1200 1
-1.5520 22.5014 2.5169 0.0000 0.0000 0.0000 0.1200 1
-1.7096 22.5031 2.3991 0.0000 0.0000 0.0000 0.1200 1
-1.8453 22.4996 2.2923 0.0000 0.0000 0.0000 0.1200 1
-1.9942 22.5008 2.1530 0.0000 0.0000 0.0000 0.1200 1
-2.1290 22.5000 2.0141 0.0000 0.0000 0.0000 0.1200 1
-2.2635 22.4999 1.8474 0.0000 0.0000 0.0000 0.1200 1
-2.3780 22.4998 1.6851 0.0000 0.0000 0.0000 0.1200 1
-2.4821 22.5019 1.5160 0.0000 0.0000 0.0000 0.1200 1
-2.5703 22.5001 1.3525 0.0000 0.0000 0.0000 0.1200 1
-2.6512 22.5014 1.1748 0.0000 0.0000 0.0000 0.1200 1
-2.7269 22.4993 0.9830 0.0000 0.0000 0.0000 0.1200 1
-2.7823 22.4991 0.7933 0.0000 0.0000 0.0000 0.1200 1
-2.8191 22.5005 0.6263 0.0000 0.0000 0.0000 0.1200 1
-2.8580 22.4981 0.4223 0.0000 0.0000 0.0000 0.1200 1
-2.8770 22.5011 0.2196 0.0000 0.0000 0.0000 0.1200 1
-2.8848 22.4995 0.0309 0.0000 0.0000 0.0000 0.1200 1
-2.8760 22.4992 -0.1607 0.0000 0.0000 0.0000 0.1200 1
-2.8587 22.5011 -0.3773 0.0000 0.0000 0.0000 0.1200 1
-2.8283 22.4995 -0.5581 0.0000 0.0000 0.0000 0.1200 1
-2.7809 22.4996 -0.7601 0.0000 0.0000 0.0000 0.1200 1
-2.7242 22.4994 -0.9535 0.0000 0.0000 0.0000 0.1200 1
-2.6554 22.4992 -1.1275 0.0000 0.0000 0.0000 0.1200 1
-2.5681 22.4988 -1.3129 0.0000 0.0000 0.0000 0.1200 1
-2.4836 22.5000 -1.4781 0.0000 0.0000 0.0000 0.1200 1
-2.3795 22.5001 -1.6398 0.0000 0.0000 0.0000 0.1200 1
-2.2654 22.5007 -1.8021 0.0000 0.0000 0.0000 0.1200 1
-2.1465 22.4982 -1.9507 0.0000 0.0000 0.0000 0.1200 1
-2.0047 22.4982 -2.1000 0.0000 0.0000 0.0000 0.1200 1
-1.8770 22.5007 -2.2234 0.0000 0.0000 0.0000 0.1200 1
-1.7040 22.5015 -2.3594 0.0000 0.0000 0.0000 0.1200 1
-1.5591 22.5011 -2.4710 0.0000 0.0000 0.0000 0.1200 1
-1.3927 22.4992 -2.5696 0.0000 0.0000 0.0000 0.1200 1
-1.2301 22.4994 -2.6576 0.0000 0.0000 0.0000 0.1200 1
-1.0139 22.5007 -2.7557 0.0000 0.0000 0.0000 0.1200 1
-0.8600 22.4998 -2.8155 0.0000 0.0000 0.0000 0.1200 1
-0.6624 22.5008 -2.8719 0.0000 0.0000 0.0000 0.1200 1
-0.4750 22.4995 -2.9192 0.0000 0.0000 0.0000 0.1200 1
-0.2678 22.4991 -2.9511 0.0000 0.0000 0.0000 0.1200 1
-0.0750 22.5004 -2.9738 0.0000 0.0000 0.0000 0.1200 1
0.1082 22.5017 -2.9756 0.0000 0.0000 0.0000 0.1200 1
0.3109 22.4994 -2.9717 0.0000 0.0000 0.0000 0.1200 1
0.4866 22.4991 -2.9535 0.0000 0.0000 0.0000 0.1200 1
0.6947 22.5007 -2.9212 0.0000 0.0000 0.0000 0.1200 1
0.8872 22.4996 -2.8757 0.0000 0.0000 0.0000 0.1200 1
1.0832 22.5001 -2.8192 0.0000 0.0000 0.0000 0.1200 1
1.2674 22.4989 -2.7492 0.0000 0.0000 0.0000 0.1200 1
1.4268 22.5004 -2.6767 0.0000 0.0000 0.0000 0.1200 1
1.6087 22.4997 -2.5781 0.0000 0.0000 0.0000 0.1200 1
1.7887 22.4999 -2.4694 0.0000 0.0000 0.0000 0.1200 1
1.9441 22.4989 -2.3533 0.0000 0.0000 0.0000 0.1200 1
2.0992 22.4992 -2.2291 0.0000 0.0000 0.0000 0.1200 1
2.2324 22.4990 -2.0977 0.0000 0.0000 0.0000 0.1200 1
2.3704 22.5019 -1.9566 0.0000 0.0000 0.0000 0.1200 1
2.4981 22.4993 -1.8029 0.0000 0.0000 0.0000 0.1200 1
2.6139 22.4998 -1.6423 0.0000 0.0000 0.0000 0.1200 1
2.7136 22.4985 -1.4852 0.0000 0.0000 0.0000 0.1200 1
2.7981 22.5012 -1.3153 0.0000 0.0000 0.0000 0.1200 1
2.8871 22.4998 -1.1296 0.0000 0.0000 0.0000 0.1200 1
2.9603 22.4995 -0.9330 0.0000 0.0000 0.0000 0.1200 1
3.0138 22.5013 -0.7675 0.0000 0.0000 0.0000 0.1200 1
3.0598 22.5006 -0.5568 0.0000 0.0000 0.0000 0.1200 1
3.0915 22.5003 -0.3576 0.0000 0.0000 0.0000 0.1200 1
3.1094 22.5007 -0.1715 0.0000 0.0000 0.0000 0.1200 1
3.1164 22.9993 0.0110 0.0000 0.0000 0.0000 0.1200 1
3.1138 23.0017 0.2220 0.0000 0.0000 0.0000 0.1200 1
3.0947 23.0012 0.4077 0.0000 0.0000 0.0000 0.1200 1
3.0641 23.0009 0.6075 0.0000 0.0000 0.0000 0.1200 1
3.0157 23.0011 0.7987 0.0000 0.0000 0.0000 0.1200 1
2.9651 22.9995 0.9667 0.0000 0.0000 0.0000 0.1200 1
2.8928 22.9995 1.1624 0.0000 0.0000 0.0000 0.1200 1
2.8141 23.0013 1.3341 0.0000 0.0000 0.0000 0.1200 1
2.7092 23.0003 1.5380 0.0000 0.0000 0.0000 0.1200 1
2.6196 22.9998 1.6800 0.0000 0.0000 0.0000 0.1200 1
2.4998 22.9997 1.8408 0.0000 0.0000 0.0000 0.1200 1
2.3715 22.9996 2.0050 0.0000 0.0000 0.0000 0.1200 1
2.2494 22.9992 2.1286 0.0000 0.0000 0.0000 0.1200 1
2.0964 23.0002 2.2776 0.0000 0.0000 0.0000 0.1200 1
1.9456 23.0004 2.3990 0.0000 0.0000 0.0000 0.1200 1
1.7620 22.9992 2.5300 0.0000 0.0000 0.0000 0.1200 1
1.6185 22.9990 2.6162 0.0000 0.0000 0.0000 0.1200 1
1.4447 23.0002 2.7056 0.0000 0.0000 0.0000 0.1200 1
1.2637 22.9995 2.7927 0.0000 0.0000 0.0000 0.1200 1
1.0940 23.0000 2.8567 0.0000 0.0000 0.0000 0.1200 1
0.9152 22.9993 2.9115 0.0000 0.0000 0.0000 0.1200 1
0.7050 22.9997 2.9655 0.0000 0.0000 0.0000 0.1200 1
0.5083 22.9992 2.9931 0.0000 0.0000 0.0000 0.1200 1
0.3054 23.0004 3.0154 0.0000 0.0000 0.0000 0.1200 1
0.1297 22.9992 3.0198 0.0000 0.0000 0.0000 0.1200 1
-0.0811 23.0008 3.0113 0.0000 0.0000 0.0000 0.1200 1
-0.2661 22.9985 2.9929 0.0000 0.0000 0.0000 0.1200 1
-0.4712 22.9998 2.9614 0.0000 0.0000 0.0000 0.1200 1
-0.6610 23.0000 2.9129 0.0000 0.0000 0.0000 0.1200 1
-0.8503 22.9994 2.8621 0.0000 0.0000 0.0000 0.1200 1
-1.0112 22.9996 2.7989 0.0000 0.0000 0.0000 0.1200 1
-1.2055 22.9997 2.7092 0.0000 0.0000 0.0000 0.1200 1
-1.3899 23.0007 2.6112 0.0000 0.0000 0.0000 0.1200 1
-1.5516 22.9993 2.5120 0.0000 0.0000 0.0000 0.1200 1
-1.7045 22.9996 2.4021 0.0000 0.0000 0.0000 0.1200 1
-1.8602 22.9994 2.2775 0.0000 0.0000 0.0000 0.1200 1
-1.9949 23.0006 2.1458 0.0000 0.0000 0.0000 0.1200 1
-2.1360 22.9994 2.0048 0.0000 0.0000 0.0000 0.1200 1
-2.2698 23.0004 1.8364 0.0000 0.0000 0.0000 0.1200 1
-2.3830 22.9995 1.6833 0.0000 0.0000 0.0000 0.1200 1
-2.4867 23.0012 1.5083 0.0000 0.0000 0.0000 0.1200 1
-2.5696 22.9992 1.3487 0.0000 0.0000 0.0000 0.1200 1
-2.6524 23.0007 1.1758 0.0000 0.0000 0.0000 0.1200 1
-2.7261 22.9996 0.9776 0.0000 0.0000 0.0000 0.1200 1
-2.7841 22.9998 0.7919 0.0000 0.0000 0.0000 0.1200 1
-2.8288 23.0002 0.5912 0.0000 0.0000 0.0000 0.1200 1
-2.8575 22.9986 0.4108 0.0000 0.0000 0.0000 0.1200 1
-2.8748 22.9992 0.2317 0.0000 0.0000 0.0000 0.1200 1
-2.8815 23.0008 0.0185 0.0000 0.0000 0.0000 0.1200 1
-2.8737 22.9999 -0.1716 0.0000 0.0000 0.0000 0.1200 1
-2.8587 22.9985 -0.3686 0.0000 0.0000 0.0000 0.1200 1
-2.8256 22.9983 -0.5572 0.0000 0.0000 0.0000 0.1200 1
-2.7796 22.9988 -0.7463 0.0000 0.0000 0.0000 0.1200 1
-2.7218 22.9997 -0.9424 0.0000 0.0000 0.0000 0.1200 1
-2.6557 22.9997 -1.1131 0.0000 0.0000 0.0000 0.1200 1
-2.5738 22.9989 -1.3011 0.0000 0.0000 0.0000 0.1200 1
-2.4759 23.0004 -1.4801 0.0000 0.0000 0.0000 0.1200 1
-2.3738 22.9993 -1.6481 0.0000 0.0000 0.0000 0.1200 1
-2.2647 23.0001 -1.8041 0.0000 0.0000 0.0000 0.1200 1
-2.1256 22.9994 -1.9609 0.0000 0.0000 0.0000 0.1200 1
-1.9993 22.9993 -2.1026 0.0000 0.0000 0.0000 0.1200 1
-1.8648 23.0006 -2.2311 0.0000 0.0000 0.0000 0.1200 1
-1.7126 23.0008 -2.3549 0.0000 0.0000 0.0000 0.1200 1
-1.5480 23.0011 -2.4735 0.0000 0.0000 0.0000 0.1200 1
-1.3675 22.9994 -2.5797 0.0000 0.0000 0.0000 0.1200 1
-1.2062 22.9997 -2.6678 0.0000 0.0000 0.0000 0.1200 1
-1.0186 23.0013 -2.7518 0.0000 0.0000 0.0000 0.1200 1
-0.8396 22.9991 -2.8202 0.0000 0.0000 0.0000 0.1200 1
-0.6689 23.0023 -2.8704 0.0000 0.0000 0.0000 0.1200 1
-0.4716 23.0004 -2.9187 0.0000 0.0000 0.0000 0.1200 1
-0.2784 23.0004 -2.9524 0.0000 0.0000 0.0000 0.1200 1
-0.0758 23.0011 -2.9685 0.0000 0.0000 0.0000 0.1200 1
0.1255 22.9995 -2.9773 0.0000 0.0000 0.0000 0.1200 1
0.3336 23.0003 -2.9710 0.0000 0.0000 0.0000 0.1200 1
0.5026 23.0007 -2.9517 0.0000 0.0000 0.0000 0.1200 1
0.6993 22.9980 -2.9238 0.0000 0.0000 0.0000 0.1200 1
0.9029 22.9996 -2.8709 0.0000 0.0000 0.0000 0.1200 1
1.0897 22.9998 -2.8159 0.0000 0.0000 0.0000 0.1200 1
1.2681 23.0015 -2.7450 0.0000 0.0000 0.0000 0.1200 1
1.4541 23.0000 -2.6600 0.0000 0.0000 0.0000 0.1200 1
1.6159 22.9985 -2.5763 0.0000 0.0000 0.0000 0.1200 1
1.7798 23.0007 -2.4738 0.0000 0.0000 0.0000 0.1200 1
1.9394 22.9990 -2.3571 0.0000 0.0000 0.0000 0.1200 1
2.0939 22.9996 -2.2314 0.0000 0.0000 0.0000 0.1200 1
2.2602 23.0025 -2.0807 0.0000 0.0000 0.0000 0.1200 1
2.3744 22.9989 -1.9535 0.0000 0.0000 0.0000 0.1200 1
2.4869 23.0001 -1.8181 0.0000 0.0000 0.0000 0.1200 1
2.6185 23.0013 -1.6334 0.0000 0.0000 0.0000 0.1200 1
2.7082 22.9991 -1.4915 0.0000 0.0000 0.0000 0.1200 1
2.8140 22.9996 -1.2904 0.0000 0.0000 0.0000 0.1200 1
2.8925 22.9988 -1.1124 0.0000 0.0000 0.0000 0.1200 1
2.9616 22.9995 -0.9383 0.0000 0.0000 0.0000 0.1200 1
3.0166 22.9996 -0.7566 0.0000 0.0000 0.0000 0.1200 1
3.0565 23.0002 -0.5628 0.0000 0.0000 0.0000 0.1200 1
3.0883 22.9986 -0.3866 0.0000 0.0000 0.0000 0.1200 1
3.1112 22.9990 -0.1812 0.0000 0.0000 0.0000 0.1200 1
3.1194 23.4999 0.0142 0.0000 0.0000 0.0000 0.1200 1
3.1120 23.5006 0.2527 0.0000 0.0000 0.0000 0.1200 1
3.0933 23.4984 0.4147 0.0000 0.0000 0.0000 0.1200 1
3.0602 23.5006 0.6206 0.0000 0.0000 0.0000 0.1200 1
3.0165 23.4995 0.8103 0.0000 0.0000 0.0000 0.1200 1
2.9649 23.5005 0.9794 0.0000 0.0000 0.0000 0.1200 1
2.8797 23.5018 1.1881 0.0000 0.0000 0.0000 0.1200 1
2.8110 23.5005 1.3470 0.0000 0.0000 0.0000 0.1200 1
2.7202 23.4997 1.5172 0.0000 0.0000 0.0000 0.1200 1
2.6170 23.4993 1.6855 0.0000 0.0000 0.0000 0.1200 1
2.4922 23.4994 1.8564 0.0000 0.0000 0.0000 0.1200 1
2.3781 23.4999 1.9975 0.0000 0.0000 0.0000 0.1200 1
2.2484 23.5007 2.1359 0.0000 0.0000 0.0000 0.1200 1
2.1039 23.5015 2.2731 0.0000 0.0000 0.0000 0.1200 1
1.9425 23.4998 2.4022 0.0000 0.0000 0.0000 0.1200 1
1.7901 23.5003 2.5125 0.0000 0.0000 0.0000 0.1200 1
1.6383 23.5001 2.6088 0.0000 0.0000 0.0000 0.1200 1
1.4431 23.5012 2.7167 0.0000 0.0000 0.0000 0.1200 1
1.2587 23.4999 2.7948 0.0000 0.0000 0.0000 0.1200 1
1.0917 23.4990 2.8593 0.0000 0.0000 0.0000 0.1200 1
0.9017 23.4989 2.9184 0.0000 0.0000 0.0000 0.1200 1
0.7126 23.5010 2.9611 0.0000 0.0000 0.0000 0.1200 1
0.5025 23.4992 2.9966 0.0000 0.0000 0.0000 0.1200 1
0.3032 23.5000 3.0122 0.0000 0.0000 0.0000 0.1200 1
0.1369 23.4993 3.0194 0.0000 0.0000 0.0000 0.1200 1
-0.0833 23.5017 3.0163 0.0000 0.0000 0.0000 0.1200 1
-0.2723 23.5004 2.9965 0.0000 0.0000 0.0000 0.1200 1
-0.4650 23.4985 2.9612 0.0000 0.0000 0.0000 0.1200 1
-0.6484 23.4996 2.9189 0.0000 0.0000 0.0000 0.1200 1
-0.8459 23.4993 2.8625 0.0000 0.0000 0.0000 0.1200 1
-1.0261 23.5009 2.7976 0.0000 0.0000 0.0000 0.1200 1
-1.1931 23.5000 2.7175 0.0000 0.0000 0.0000 0.1200 1
-1.3892 23.4992 2.6124 0.0000 0.0000 0.0000 0.1200 1
-1.5286 23.5025 2.5274 0.0000 0.0000 0.0000 0.1200 1
-1.7186 23.4981 2.3911 0.0000 0.0000 0.0000 0.1200 1
-1.8537 23.4988 2.2788 0.0000 0.0000 0.0000 0.1200 1
-1.9956 23.5001 2.1458 0.0000 0.0000 0.0000 0.1200 1
-2.1345 23.4992 2.0043 0.0000 0.0000 0.0000 0.1200 1
-2.2676 23.5018 1.8424 0.0000 0.0000 0.0000 0.1200 1
-2.3775 23.5006 1.6860 0.0000 0.0000 0.0000 0.1200 1
-2.4828 23.5007 1.5202 0.0000 0.0000 0.0000 0.1200 1
-2.5623 23.4997 1.3677 0.0000 0.0000 0.0000 0.1200 1
-2.6604 23.4989 1.1596 0.0000 0.0000 0.0000 0.1200 1
-2.7270 23.4998 0.9745 0.0000 0.0000 0.0000 0.1200 1
-2.7770 23.5026 0.8007 0.0000 0.0000 0.0000 0.1200 1
-2.8232 23.4999 0.5996 0.0000 0.0000 0.0000 0.1200 1
-2.8518 23.5008 0.4212 0.0000 0.0000 0.0000 0.1200 1
-2.8737 23.4996 0.2030 0.0000 0.0000 0.0000 0.1200 1
-2.8771 23.5011 0.0303 0.0000 0.0000 0.0000 0.1200 1
-2.8745 23.5000 -0.1800 0.0000 0.0000 0.0000 0.1200 1
-2.8547 23.4994 -0.3676 0.0000 0.0000 0.0000 0.1200 1
-2.8240 23.5002 -0.5547 0.0000 0.0000 0.0000 0.1200 1
-2.7763 23.5009 -0.7593 0.0000 0.0000 0.0000 0.1200 1
-2.7187 23.4997 -0.9414 0.0000 0.0000 0.0000 0.1200 1
-2.6501 23.5011 -1.1291 0.0000 0.0000 0.0000 0.1200 1
-2.5655 23.4997 -1.3121 0.0000 0.0000 0.0000 0.1200 1
-2.4763 23.5003 -1.4774 0.0000 0.0000 0.0000 0.1200 1
-2.3801 23.5002 -1.6380 0.0000 0.0000 0.0000 0.1200 1
-2.2664 23.4996 -1.7945 0.0000 0.0000 0.0000 0.1200 1
-2.1356 23.4986 -1.9545 0.0000 0.0000 0.0000 0.1200 1
-2.0063 23.4997 -2.0939 0.0000 0.0000 0.0000 0.1200 1
-1.8627 23.4995 -2.2305 0.0000 0.0000 0.0000 0.1200 1
-1.6959 23.5008 -2.3659 0.0000 0.0000 0.0000 0.1200 1
-1.5537 23.4987 -2.4663 0.0000 0.0000 0.0000 0.1200 1
-1.3839 23.5001 -2.5732 0.0000 0.0000 0.0000 0.1200 1
-1.2127 23.5005 -2.6652 0.0000 0.0000 0.0000 0.1200 1
-1.0302 23.5013 -2.7481 0.0000 0.0000 0.0000 0.1200 1
-0.8500 23.5010 -2.8177 0.0000 0.0000 0.0000 0.1200 1
-0.6406 23.5001 -2.8826 0.0000 0.0000 0.0000 0.1200 1
-0.4665 23.5007 -2.9217 0.0000 0.0000 0.0000 0.1200 1
-0.2941 23.4995 -2.9483 0.0000 0.0000 0.0000 0.1200 1
-0.0827 23.4987 -2.9690 0.0000 0.0000 0.0000 0.1200 1
0.1285 23.4989 -2.9721 0.0000 0.0000 0.0000 0.1200 1
0.3178 23.4992 -2.9688 0.0000 0.0000 0.0000 0.1200 1
0.5028 23.4997 -2.9488 0.0000 0.0000 0.0000 0.1200 1
0.7143 23.5006 -2.9170 0.0000 0.0000 0.0000 0.1200 1
0.8904 23.5000 -2.8737 0.0000 0.0000 0.0000 0.1200 1
1.0741 23.5023 -2.8218 0.0000 0.0000 0.0000 0.1200 1
1.2732 23.5006 -2.7456 0.0000 0.0000 0.0000 0.1200 1
1.4308 23.4994 -2.6787 0.0000 0.0000 0.0000 0.1200 1
1.6233 23.4987 -2.5692 0.0000 0.0000 0.0000 0.1200 1
1.7819 23.4993 -2.4718 0.0000 0.0000 0.0000 0.1200 1
1.9309 23.5012 -2.3653 0.0000 0.0000 0.0000 0.1200 1
2.0960 23.4993 -2.2336 0.0000 0.0000 0.0000 0.1200 1
2.2354 23.4996 -2.1019 0.0000 0.0000 0.0000 0.1200 1
2.3760 23.4978 -1.9546 0.0000 0.0000 0.0000 0.1200 1
2.5050 23.5005 -1.7949 0.0000 0.0000 0.0000 0.1200 1
2.6225 23.5009 -1.6287 0.0000 0.0000 0.0000 0.1200 1
2.7192 23.5009 -1.4789 0.0000 0.0000 0.0000 0.1200 1
2.8074 23.5007 -1.3081 0.0000 0.0000 0.0000 0.1200 1
2.8904 23.4990 -1.1250 0.0000 0.0000 0.0000 0.1200 1
2.9596 23.5012 -0.9421 0.0000 0.0000 0.0000 0.1200 1
3.0123 23.4988 -0.7656 0.0000 0.0000 0.0000 0.1200 1
3.0618 23.4985 -0.5691 0.0000 0.0000 0.0000 0.1200 1
3.0925 23.4992 -0.3826 0.0000 0.0000 0.0000 0.1200 1
3.1140 23.4982 -0.1684 0.0000 0.0000 0.0000 0.1200 1
3.1229 23.9987 0.0357 0.0000 0.0000 0.0000 0.1200 1
3.1179 23.9993 0.2138 0.0000 0.0000 0.0000 0.1200 1
3.0908 23.9996 0.4335 0.0000 0.0000 0.0000 0.1200 1
3.0679 23.9997 0.6013 0.0000 0.0000 0.0000 0.1200 1
3.0143 23.9993 0.8171 0.0000 0.0000 0.0000 0.1200 1
2.9608 23.9992 0.9898 0.0000 0.0000 0.0000 0.1200 1
2.8912 23.9995 1.1681 0.0000 0.0000 0.0000 0.1200 1
2.8191 24.0005 1.3467 0.0000 0.0000 0.0000 0.1200 1
2.7282 24.0015 1.5083 0.0000 0.0000 0.0000 0.1200 1
2.6259 24.0011 1.6724 0.0000 0.0000 0.0000 0.1200 1
2.5014 23.9989 1.8514 0.0000 0.0000 0.0000 0.1200 1
2.3810 24.0004 1.9948 0.0000 0.0000 0.0000 0.1200 1
2.2406 24.0005 2.1475 0.0000 0.0000 0.0000 0.1200 1
2.1039 24.0006 2.2712 0.0000 0.0000 0.0000 0.1200 1
1.9524 24.0004 2.4037 0.0000 0.0000 0.0000 0.1200 1
1.7828 23.9985 2.5196 0.0000 0.0000 0.0000 0.1200 1
1.6158 24.0000 2.6233 0.0000 0.0000 0.0000 0.1200 1
1.4290 23.9993 2.7203 0.0000 0.0000 0.0000 0.1200 1
1.2669 23.9995 2.7972 0.0000 0.0000 0.0000 0.1200 1
1.0715 24.0015 2.8677 0.0000 0.0000 0.0000 0.1200 1
0.9035 24.0011 2.9165 0.0000 0.0000 0.0000 0.1200 1
0.7032 23.9997 2.9685 0.0000 0.0000 0.0000 0.1200 1
0.5064 24.0021 2.9935 0.0000 0.0000 0.0000 0.1200 1
0.3221 23.9997 3.0157 0.0000 0.0000 0.0000 0.1200 1
0.1192 23.9991 3.0225 0.0000 0.0000 0.0000 0.1200 1
-0.0968 23.9979 3.0120 0.0000 0.0000 0.0000 0.1200 1
-0.2542 23.9993 2.9992 0.0000 0.0000 0.0000 0.1200 1
-0.4605 24.0007 2.9657 0.0000 0.0000 0.0000 0.1200 1
-0.6718 24.0007 2.9168 0.0000 0.0000 0.0000 0.1200 1
-0.8330 23.9997 2.8631 0.0000 0.0000 0.0000 0.1200 1
-1.0236 23.9994 2.7958 0.0000 0.0000 0.0000 0.1200 1
-1.2075 23.9997 2.7135 0.0000 0.0000 0.0000 0.1200 1
-1.3774 23.9997 2.6187 0.0000 0.0000 0.0000 0.1200 1
-1.5321 23.9999 2.5262 0.0000 0.0000 0.0000 0.1200 1
-1.7027 23.9992 2.4007 0.0000 0.0000 0.0000 0.1200 1
-1.8638 24.0014 2.2725 0.0000 0.0000 0.0000 0.1200 1
-2.0041 24.0012 2.1405 0.0000 0.0000 0.0000 0.1200 1
-2.1426 23.9981 1.9957 0.0000 0.0000 0.0000 0.1200 1
-2.2694 24.0006 1.8374 0.0000 0.0000 0.0000 0.1200 1
-2.3825 24.0006 1.6763 0.0000 0.0000 0.0000 0.1200 1
-2.4736 24.0012 1.5206 0.0000 0.0000 0.0000 0.1200 1
-2.5633 23.9994 1.3556 0.0000 0.0000 0.0000 0.1200 1
-2.6532 24.0004 1.1698 0.0000 0.0000 0.0000 0.1200 1
-2.7209 23.9996 0.9890 0.0000 0.0000 0.0000 0.1200 1
-2.7719 23.9984 0.8089 0.0000 0.0000 0.0000 0.1200 1
-2.8168 23.9986 0.6307 0.0000 0.0000 0.0000 0.1200 1
-2.8556 24.0007 0.4066 0.0000 0.0000 0.0000 0.1200 1
-2.8750 23.9993 0.2180 0.0000 0.0000 0.0000 0.1200 1
-2.8783 23.9999 0.0115 0.0000 0.0000 0.0000 0.1200 1
-2.8750 23.9986 -0.1854 0.0000 0.0000 0.0000 0.1200 1
-2.8531 24.0002 -0.3487 0.0000 0.0000 0.0000 0.1200 1
-2.8255 24.0005 -0.5493 0.0000 0.0000 0.0000 0.1200 1
-2.7729 24.0019 -0.7645 0.0000 0.0000 0.0000 0.1200 1
-2.7198 23.9988 -0.9412 0.0000 0.0000 0.0000 0.1200 1
-2.6438 24.0010 -1.1379 0.0000 0.0000 0.0000 0.1200 1
-2.5687 23.9976 -1.3084 0.0000 0.0000 0.0000 0.1200 1
-2.4744 24.0004 -1.4733 0.0000 0.0000 0.0000 0.1200 1
-2.3746 24.0006 -1.6412 0.0000 0.0000 0.0000 0.1200 1
-2.2557 23.9984 -1.8038 0.0000 0.0000 0.0000 0.1200 1
-2.1380 23.9994 -1.9532 0.0000 0.0000 0.0000 0.1200 1
-1.9995 24.0029 -2.1009 0.0000 0.0000 0.0000 0.1200 1
-1.8563 24.0022 -2.2284 0.0000 0.0000 0.0000 0.1200 1
-1.7190 24.0009 -2.3467 0.0000 0.0000 0.0000 0.1200 1
-1.5497 24.0004 -2.4691 0.0000 0.0000 0.0000 0.1200 1
-1.3964 24.0003 -2.5642 0.0000 0.0000 0.0000 0.1200 1
-1.2033 23.9991 -2.6664 0.0000 0.0000 0.0000 0.1200 1
-1.0301 23.9995 -2.7446 0.0000 0.0000 0.0000 0.1200 1
-0.8196 23.9999 -2.8230 0.0000 0.0000 0.0000 0.1200 1
-0.6366 24.0001 -2.8792 0.0000 0.0000 0.0000 0.1200 1
-0.4570 24.0006 -2.9165 0.0000 0.0000 0.0000 0.1200 1
-0.2936 23.9992 -2.9456 0.0000 0.0000 0.0000 0.1200 1
-0.0842 23.9988 -2.9674 0.0000 0.0000 0.0000 0.1200 1
0.1163 24.0008 -2.9731 0.0000 0.0000 0.0000 0.1200 1
0.3038 24.0006 -2.9664 0.0000 0.0000 0.0000 0.1200 1
0.5140 23.9985 -2.9536 0.0000 0.0000 0.0000 0.1200 1
0.7031 23.9988 -2.9181 0.0000 0.0000 0.0000 0.1200 1
0.8808 24.0001 -2.8778 0.0000 0.0000 0.0000 0.1200 1
1.0727 24.0003 -2.8194 0.0000 0.0000 0.0000 0.1200 1
1.2804 23.9990 -2.7422 0.0000 0.0000 0.0000 0.1200 1
1.4493 24.0002 -2.6670 0.0000 0.0000 0.0000 0.1200 1
1.6151 23.9983 -2.5792 0.0000 0.0000 0.0000 0.1200 1
1.7853 23.9987 -2.4710 0.0000 0.0000 0.0000 0.1200 1
1.9432 24.0032 -2.3608 0.0000 0.0000 0.0000 0.1200 1
2.0992 23.9999 -2.2317 0.0000 0.0000 0.0000 0.1200 1
2.2415 24.0018 -2.0968 0.0000 0.0000 0.0000 0.1200 1
2.3732 23.9992 -1.9625 0.0000 0.0000 0.0000 0.1200 1
2.5060 24.0017 -1.7992 0.0000 0.0000 0.0000 0.1200 1
2.6242 24.0004 -1.6207 0.0000 0.0000 0.0000 0.1200 1
2.7227 23.9991 -1.4654 0.0000 0.0000 0.0000 0.1200 1
2.8114 24.0008 -1.3043 0.0000 0.0000 0.0000 0.1200 1
2.8938 23.9989 -1.1217 0.0000 0.0000 0.0000 0.1200 1
2.9566 24.0000 -0.9541 0.0000 0.0000 0.0000 0.1200 1
3.0156 23.9995 -0.7586 0.0000 0.0000 0.0000 0.1200 1
3.0658 23.9998 -0.5465 0.0000 0.0000 0.0000 0.1200 1
3.0938 23.9999 -0.3939 0.0000 0.0000 0.0000 0.1200 1
3.1165 24.0012 -0.1741 0.0000 0.0000 0.0000 0.1200 1
3.1215 24.5014 0.0442 0.0000 0.0000 0.0000 0.1200 1
3.1160 24.4994 0.2130 0.0000 0.0000 0.0000 0.1200 1
3.0965 24.4995 0.4176 0.0000 0.0000 0.0000 0.1200 1
3.0688 24.5005 0.5836 0.0000 0.0000 0.0000 0.1200 1
3.0232 24.4993 0.7801 0.0000 0.0000 0.0000 0.1200 1
2.9652 24.4990 0.9854 0.0000 0.0000 0.0000 0.1200 1
2.8869 24.4990 1.1920 0.0000 0.0000 0.0000 0.1200 1
2.8262 24.4994 1.3287 0.0000 0.0000 0.0000 0.1200 1
2.7146 24.4994 1.5328 0.0000 0.0000 0.0000 0.1200 1
2.6051 24.5001 1.7087 0.0000 0.0000 0.0000 0.1200 1
2.4989 24.4990 1.8543 0.0000 0.0000 0.0000 0.1200 1
2.3754 24.5001 2.0013 0.0000 0.0000 0.0000 0.1200 1
2.2430 24.4988 2.1463 0.0000 0.0000 0.0000 0.1200 1
2.1082 24.4995 2.2728 0.0000 0.0000 0.0000 0.1200 1
1.9478 24.4983 2.4027 0.0000 0.0000 0.0000 0.1200 1
1.7849 24.4997 2.5190 0.0000 0.0000 0.0000 0.1200 1
1.6249 24.4996 2.6215 0.0000 0.0000 0.0000 0.1200 1
1.4361 24.5008 2.7194 0.0000 0.0000 0.0000 0.1200 1
1.2588 24.5004 2.8010 0.0000 0.0000 0.0000 0.1200 1
1.0869 24.4998 2.8650 0.0000 0.0000 0.0000 0.1200 1
0.9009 24.4991 2.9199 0.0000 0.0000 0.0000 0.1200 1
0.7000 24.4992 2.9674 0.0000 0.0000 0.0000 0.1200 1
0.5124 24.4998 2.9950 0.0000 0.0000 0.0000 0.1200 1
0.3199 24.4996 3.0140 0.0000 0.0000 0.0000 0.1200 1
0.1386 24.4977 3.0221 0.0000 0.0000 0.0000 0.1200 1
-0.0751 24.4998 3.0151 0.0000 0.0000 0.0000 0.1200 1
-0.2698 24.5008 2.9948 0.0000 0.0000 0.0000 0.1200 1
-0.4515 24.4988 2.9682 0.0000 0.0000 0.0000 0.1200 1
-0.6547 24.4999 2.9240 0.0000 0.0000 0.0000 0.1200 1
-0.8329 24.5002 2.8684 0.0000 0.0000 0.0000 0.1200 1
-1.0220 24.5009 2.7967 0.0000 0.0000 0.0000 0.1200 1
-1.1940 24.5003 2.7166 0.0000 0.0000 0.0000 0.1200 1
-1.3678 24.4987 2.6267 0.0000 0.0000 0.0000 0.1200 1
-1.5405 24.5006 2.5193 0.0000 0.0000 0.0000 0.1200 1
-1.7033 24.4997 2.4035 0.0000 0.0000 0.0000 0.1200 1
-1.8580 24.4992 2.2775 0.0000 0.0000 0.0000 0.1200 1
-2.0054 24.5007 2.1371 0.0000 0.0000 0.0000 0.1200 1
-2.1248 24.5012 2.0139 0.0000 0.0000 0.0000 0.1200 1
-2.2531 24.5010 1.8505 0.0000 0.0000 0.0000 0.1200 1
-2.3635 24.4998 1.6954 0.0000 0.0000 0.0000 0.1200 1
-2.4764 24.4987 1.5241 0.0000 0.0000 0.0000 0.1200 1
-2.5691 24.4999 1.3407 0.0000 0.0000 0.0000 0.1200 1
-2.6495 24.5010 1.1669 0.0000 0.0000 0.0000 0.1200 1
-2.7195 24.4998 0.9821 0.0000 0.0000 0.0000 0.1200 1
-2.7773 24.5002 0.7975 0.0000 0.0000 0.0000 0.1200 1
-2.8240 24.5013 0.6055 0.0000 0.0000 0.0000 0.1200 1
-2.8527 24.5005 0.4181 0.0000 0.0000 0.0000 0.1200 1
-2.8693 24.5003 0.2285 0.0000 0.0000 0.0000 0.1200 1
-2.8782 24.4989 0.0105 0.0000 0.0000 0.0000 0.1200 1
-2.8708 24.5010 -0.1842 0.0000 0.0000 0.0000 0.1200 1
-2.8511 24.4989 -0.3514 0.0000 0.0000 0.0000 0.1200 1
-2.8209 24.4995 -0.5407 0.0000 0.0000 0.0000 0.1200 1
-2.7785 24.4994 -0.7380 0.0000 0.0000 0.0000 0.1200 1
-2.7147 24.5001 -0.9445 0.0000 0.0000 0.0000 0.1200 1
-2.6460 24.4999 -1.1263 0.0000 0.0000 0.0000 0.1200 1
-2.5653 24.4999 -1.3077 0.0000 0.0000 0.0000 0.1200 1
-2.4698 24.4992 -1.4777 0.0000 0.0000 0.0000 0.1200 1
-2.3668 24.5009 -1.6448 0.0000 0.0000 0.0000 0.1200 1
-2.2575 24.5001 -1.8004 0.0000 0.0000 0.0000 0.1200 1
-2.1340 24.4998 -1.9545 0.0000 0.0000 0.0000 0.1200 1
-2.0166 24.4994 -2.0826 0.0000 0.0000 0.0000 0.1200 1
-1.8541 24.4997 -2.2314 0.0000 0.0000 0.0000 0.1200 1
-1.7090 24.5024 -2.3571 0.0000 0.0000 0.0000 0.1200 1
-1.5521 24.4989 -2.4669 0.0000 0.0000 0.0000 0.1200 1
-1.3726 24.5010 -2.5803 0.0000 0.0000 0.0000 0.1200 1
-1.2002 24.5003 -2.6682 0.0000 0.0000 0.0000 0.1200 1
-1.0337 24.4999 -2.7420 0.0000 0.0000 0.0000 0.1200 1
-0.8496 24.4998 -2.8151 0.0000 0.0000 0.0000 0.1200 1
-0.6447 24.5000 -2.8756 0.0000 0.0000 0.0000 0.1200 1
-0.4576 24.5006 -2.9172 0.0000 0.0000 0.0000 0.1200 1
-0.2531 24.4988 -2.9508 0.0000 0.0000 0.0000 0.1200 1
-0.0617 24.5007 -2.9693 0.0000 0.0000 0.0000 0.1200 1
0.1369 24.4993 -2.9789 0.0000 0.0000 0.0000 0.1200 1
0.3141 24.4988 -2.9697 0.0000 0.0000 0.0000 0.1200 1
0.5172 24.5023 -2.9484 0.0000 0.0000 0.0000 0.1200 1
0.7015 24.4987 -2.9178 0.0000 0.0000 0.0000 0.1200 1
0.8932 24.5002 -2.8750 0.0000 0.0000 0.0000 0.1200 1
1.0823 24.5003 -2.8183 0.0000 0.0000 0.0000 0.1200 1
1.2644 24.5011 -2.7496 0.0000 0.0000 0.0000 0.1200 1
1.4571 24.4997 -2.6608 0.0000 0.0000 0.0000 0.1200 1
1.6378 24.4997 -2.5696 0.0000 0.0000 0.0000 0.1200 1
1.8134 24.5004 -2.4563 0.0000 0.0000 0.0000 0.1200 1
1.9501 24.4985 -2.3542 0.0000 0.0000 0.0000 0.1200 1
2.0854 24.5008 -2.2445 0.0000 0.0000 0.0000 0.1200 1
2.2491 24.5010 -2.0894 0.0000 0.0000 0.0000 0.1200 1
2.3774 24.5003 -1.9588 0.0000 0.0000 0.0000 0.1200 1
2.5109 24.5007 -1.7927 0.0000 0.0000 0.0000 0.1200 1
2.6174 24.4993 -1.6379 0.0000 0.0000 0.0000 0.1200 1
2.7201 24.4981 -1.4748 0.0000 0.0000 0.0000 0.1200 1
2.8177 24.5006 -1.2968 0.0000 0.0000 0.0000 0.1200 1
2.8902 24.5001 -1.1215 0.0000 0.0000 0.0000 0.1200 1
2.9627 24.4988 -0.9422 0.0000 0.0000 0.0000 0.1200 1
3.0222 24.4990 -0.7585 0.0000 0.0000 0.0000 0.1200 1
3.0647 24.5004 -0.5604 0.0000 0.0000 0.0000 0.1200 1
3.0992 24.4994 -0.3483 0.0000 0.0000 0.0000 0.1200 1
3.1170 24.5003 -0.1704 0.0000 0.0000 0.0000 0.1200 1
3.1276 25.0006 0.0236 0.0000 0.0000 0.0000 0.1200 1
3.1185 24.9978 0.2281 0.0000 0.0000 0.0000 0.1200 1
3.0980 24.9999 0.4148 0.0000 0.0000 0.0000 0.1200 1
3.0619 25.0005 0.6038 0.0000 0.0000 0.0000 0.1200 1
3.0232 25.0000 0.7984 0.0000 0.0000 0.0000 0.1200 1
2.9694 25.0000 0.9811 0.0000 0.0000 0.0000 0.1200 1
2.9052 25.0015 1.1683 0.0000 0.0000 0.0000 0.1200 1
2.8229 24.9981 1.3397 0.0000 0.0000 0.0000 0.1200 1
2.7232 25.0000 1.5184 0.0000 0.0000 0.0000 0.1200 1
2.6150 25.0004 1.7062 0.0000 0.0000 0.0000 0.1200 1
2.4894 24.9995 1.8706 0.0000 0.0000 0.0000 0.1200 1
2.3724 25.0013 2.0104 0.0000 0.0000 0.0000 0.1200 1
2.2567 24.9989 2.1340 0.0000 0.0000 0.0000 0.1200 1
2.0997 25.0008 2.2819 0.0000 0.0000 0.0000 0.1200 1
1.9453 25.0017 2.4040 0.0000 0.0000 0.0000 0.1200 1
1.8109 25.0017 2.5094 0.0000 0.0000 0.0000 0.1200 1
1.6133 24.9987 2.6288 0.0000 0.0000 0.0000 0.1200 1
1.4401 24.9994 2.7203 0.0000 0.0000 0.0000 0.1200 1
1.2614 25.0003 2.7990 0.0000 0.0000 0.0000 0.1200 1
1.0840 25.0013 2.8663 0.0000 0.0000 0.0000 0.1200 1
0.8898 24.9982 2.9233 0.0000 0.0000 0.0000 0.1200 1
0.6854 24.9999 2.9699 0.0000 0.0000 0.0000 0.1200 1
0.5225 25.0004 2.9985 0.0000 0.0000 0.0000 0.1200 1
0.3308 24.9988 3.0141 0.0000 0.0000 0.0000 0.1200 1
0.1278 24.9998 3.0244 0.0000 0.0000 0.0000 0.1200 1
-0.0731 24.9999 3.0172 0.0000 0.0000 0.0000 0.1200 1
-0.2670 24.9986 2.9975 0.0000 0.0000 0.0000 0.1200 1
-0.4873 24.9994 2.9575 0.0000 0.0000 0.0000 0.1200 1
-0.6246 25.0001 2.9292 0.0000 0.0000 0.0000 0.1200 1
-0.8419 24.9987 2.8645 0.0000 0.0000 0.0000 0.1200 1
-1.0138 24.9992 2.7938 0.0000 0.0000 0.0000 0.1200 1
-1.2067 25.0000 2.7121 0.0000 0.0000 0.0000 0.1200 1
-1.3768 25.0011 2.6213 0.0000 0.0000 0.0000 0.1200 1
-1.5413 24.9988 2.5168 0.0000 0.0000 0.0000 0.1200 1
-1.6921 24.9998 2.4135 0.0000 0.0000 0.0000 0.1200 1
-1.8510 25.0004 2.2848 0.0000 0.0000 0.0000 0.1200 1
-1.9991 24.9997 2.1472 0.0000 0.0000 0.0000 0.1200 1
-2.1321 25.0003 2.0022 0.0000 0.0000 0.0000 0.1200 1
-2.2524 25.0003 1.8553 0.0000 0.0000 0.0000 0.1200 1
-2.3659 24.9995 1.6931 0.0000 0.0000 0.0000 0.1200 1
-2.4755 25.0015 1.5223 0.0000 0.0000 0.0000 0.1200 1
-2.5673 24.9987 1.3543 0.0000 0.0000 0.0000 0.1200 1
-2.6415 25.0018 1.1838 0.0000 0.0000 0.0000 0.1200 1
-2.7148 24.9982 0.9953 0.0000 0.0000 0.0000 0.1200 1
-2.7788 25.0007 0.7719 0.0000 0.0000 0.0000 0.1200 1
-2.8198 24.9983 0.6197 0.0000 0.0000 0.0000 0.1200 1
-2.8538 25.0011 0.4239 0.0000 0.0000 0.0000 0.1200 1
-2.8648 25.0011 0.2223 0.0000 0.0000 0.0000 0.1200 1
-2.8738 25.0000 0.0045 0.0000 0.0000 0.0000 0.1200 1
-2.8655 24.9989 -0.1625 0.0000 0.0000 0.0000 0.1200 1
-2.8524 25.0016 -0.3501 0.0000 0.0000 0.0000 0.1200 1
-2.8225 24.9996 -0.5454 0.0000 0.0000 0.0000 0.1200 1
-2.7767 24.9996 -0.7531 0.0000 0.0000 0.0000 0.1200 1
-2.7143 25.0019 -0.9398 0.0000 0.0000 0.0000 0.1200 1
-2.6522 24.9990 -1.1221 0.0000 0.0000 0.0000 0.1200 1
-2.5644 24.9993 -1.3082 0.0000 0.0000 0.0000 0.1200 1
-2.4680 24.9980 -1.4786 0.0000 0.0000 0.0000 0.1200 1
-2.3622 25.0017 -1.6524 0.0000 0.0000 0.0000 0.1200 1
-2.2622 24.9995 -1.7906 0.0000 0.0000 0.0000 0.1200 1
-2.1247 24.9989 -1.9616 0.0000 0.0000 0.0000 0.1200 1
-1.9988 25.0010 -2.0934 0.0000 0.0000 0.0000 0.1200 1
-1.8508 25.0001 -2.2350 0.0000 0.0000 0.0000 0.1200 1
-1.6951 25.0004 -2.3606 0.0000 0.0000 0.0000 0.1200 1
-1.5389 25.0001 -2.4706 0.0000 0.0000 0.0000 0.1200 1
-1.3828 25.0012 -2.5686 0.0000 0.0000 0.0000 0.1200 1
-1.2080 24.9994 -2.6644 0.0000 0.0000 0.0000 0.1200 1
-1.0283 24.9996 -2.7483 0.0000 0.0000 0.0000 0.1200 1
-0.8421 24.9990 -2.8148 0.0000 0.0000 0.0000 0.1200 1
-0.6585 24.9991 -2.8706 0.0000 0.0000 0.0000 0.1200 1
-0.4603 24.9999 -2.9171 0.0000 0.0000 0.0000 0.1200 1
-0.2922 25.0002 -2.9436 0.0000 0.0000 0.0000 0.1200 1
-0.0809 25.0002 -2.9648 0.0000 0.0000 0.0000 0.1200 1
0.1192 25.0002 -2.9735 0.0000 0.0000 0.0000 0.1200 1
0.3285 25.0014 -2.9694 0.0000 0.0000 0.0000 0.1200 1
0.5185 25.0033 -2.9500 0.0000 0.0000 0.0000 0.1200 1
0.7222 24.9991 -2.9144 0.0000 0.0000 0.0000 0.1200 1
0.8944 25.0002 -2.8772 0.0000 0.0000 0.0000 0.1200 1
1.0873 24.9994 -2.8174 0.0000 0.0000 0.0000 0.1200 1
1.2739 25.0000 -2.7465 0.0000 0.0000 0.0000 0.1200 1
1.4512 25.0012 -2.6633 0.0000 0.0000 0.0000 0.1200 1
1.6220 25.0001 -2.5770 0.0000 0.0000 0.0000 0.1200 1
1.7810 24.9992 -2.4765 0.0000 0.0000 0.0000 0.1200 1
1.9588 24.9992 -2.3554 0.0000 0.0000 0.0000 0.1200 1
2.1042 25.0001 -2.2225 0.0000 0.0000 0.0000 0.1200 1
2.2500 25.0003 -2.0907 0.0000 0.0000 0.0000 0.1200 1
2.3846 24.9995 -1.9474 0.0000 0.0000 0.0000 0.1200 1
2.5062 24.9998 -1.7988 0.0000 0.0000 0.0000 0.1200 1
2.6088 25.0005 -1.6581 0.0000 0.0000 0.0000 0.1200 1
2.7285 25.0015 -1.4634 0.0000 0.0000 0.0000 0.1200 1
2.8216 25.0004 -1.2955 0.0000 0.0000 0.0000 0.1200 1
2.8994 24.9984 -1.1201 0.0000 0.0000 0.0000 0.1200 1
2.9667 24.9989 -0.9358 0.0000 0.0000 0.0000 0.1200 1
3.0248 24.9995 -0.7482 0.0000 0.0000 0.0000 0.1200 1
3.0626 24.9990 -0.5777 0.0000 0.0000 0.0000 0.1200 1
3.0963 25.0014 -0.3758 0.0000 0.0000 0.0000 0.1200 1
3.1161 25.0004 -0.1776 0.0000 0.0000 0.0000 0.1200 1
3.1206 25.5000 0.0296 0.0000 0.0000 0.0000 0.1200 1
3.1200 25.4987 0.2278 0.0000 0.0000 0.0000 0.1200 1
3.1000 25.5009 0.4187 0.0000 0.0000 0.0000 0.1200 1
3.0697 25.5008 0.5922 0.0000 0.0000 0.0000 0.1200 1
3.0264 25.4996 0.7948 0.0000 0.0000 0.0000 0.1200 1
2.9699 25.5010 0.9884 0.0000 0.0000 0.0000 0.1200 1
2.8997 25.4984 1.1670 0.0000 0.0000 0.0000 0.1200 1
2.8178 25.5014 1.3548 0.0000 0.0000 0.0000 0.1200 1
2.7204 25.4994 1.5310 0.0000 0.0000 0.0000 0.1200 1
2.6164 25.5007 1.6952 0.0000 0.0000 0.0000 0.1200 1
2.5000 25.5007 1.8587 0.0000 0.0000 0.0000 0.1200 1
2.3736 25.5003 2.0108 0.0000 0.0000 0.0000 0.1200 1
2.2493 25.5008 2.1450 0.0000 0.0000 0.0000 0.1200 1
2.1150 25.4993 2.2723 0.0000 0.0000 0.0000 0.1200 1
1.9626 25.5002 2.3985 0.0000 0.0000 0.0000 0.1200 1
1.7902 25.5011 2.5182 0.0000 0.0000 0.0000 0.1200 1
1.6345 25.4988 2.6175 0.0000 0.0000 0.0000 0.1200 1
1.4454 25.5006 2.7192 0.0000 0.0000 0.0000 0.1200 1
1.2823 25.5013 2.7933 0.0000 0.0000 0.0000 0.1200 1
1.0778 25.5002 2.8690 0.0000 0.0000 0.0000 0.1200 1
0.8909 25.4997 2.9272 0.0000 0.0000 0.0000 0.1200 1
0.7066 25.5005 2.9683 0.0000 0.0000 0.0000 0.1200 1
0.5024 25.4991 3.0026 0.0000 0.0000 0.0000 0.1200 1
0.3268 25.4992 3.0152 0.0000 0.0000 0.0000 0.1200 1
0.1255 25.4992 3.0264 0.0000 0.0000 0.0000 0.1200 1
-0.0715 25.4993 3.0142 0.0000 0.0000 0.0000 0.1200 1
-0.3008 25.4988 2.9942 0.0000 0.0000 0.0000 0.1200 1
-0.4577 25.5019 2.9666 0.0000 0.0000 0.0000 0.1200 1
-0.6581 25.5004 2.9210 0.0000 0.0000 0.0000 0.1200 1
-0.8402 25.4987 2.8644 0.0000 0.0000 0.0000 0.1200 1
-1.0100 25.5003 2.7988 0.0000 0.0000 0.0000 0.1200 1
-1.2141 25.4995 2.7091 0.0000 0.0000 0.0000 0.1200 1
-1.3799 25.4980 2.6183 0.0000 0.0000 0.0000 0.1200 1
-1.5365 25.5009 2.5230 0.0000 0.0000 0.0000 0.1200 1
-1.6908 25.5010 2.4107 0.0000 0.0000 0.0000 0.1200 1
-1.8623 25.5012 2.2721 0.0000 0.0000 0.0000 0.1200 1
-1.9987 25.4995 2.1442 0.0000 0.0000 0.0000 0.1200 1
-2.1426 25.5000 1.9902 0.0000 0.0000 0.0000 0.1200 1
-2.2526 25.4991 1.8524 0.0000 0.0000 0.0000 0.1200 1
-2.3709 25.4993 1.6917 0.0000 0.0000 0.0000 0.1200 1
-2.4695 25.4999 1.5251 0.0000 0.0000 0.0000 0.1200 1
-2.5656 25.4998 1.3395 0.0000 0.0000 0.0000 0.1200 1
-2.6363 25.4989 1.1895 0.0000 0.0000 0.0000 0.1200 1
-2.7122 25.5006 0.9932 0.0000 0.0000 0.0000 0.1200 1
-2.7686 25.4990 0.8136 0.0000 0.0000 0.0000 0.1200 1
-2.8146 25.4997 0.6191 0.0000 0.0000 0.0000 0.1200 1
-2.8504 25.5000 0.4209 0.0000 0.0000 0.0000 0.1200 1
-2.8660 25.5003 0.2201 0.0000 0.0000 0.0000 0.1200 1
-2.8749 25.4993 0.0287 0.0000 0.0000 0.0000 0.1200 1
-2.8694 25.4993 -0.1884 0.0000 0.0000 0.0000 0.1200 1
-2.8482 25.4992 -0.3744 0.0000 0.0000 0.0000 0.1200 1
-2.8169 25.4997 -0.5554 0.0000 0.0000 0.0000 0.1200 1
-2.7690 25.5010 -0.7594 0.0000 0.0000 0.0000 0.1200 1
-2.7109 25.5006 -0.9398 0.0000 0.0000 0.0000 0.1200 1
-2.6428 25.4999 -1.1339 0.0000 0.0000 0.0000 0.1200 1
-2.5620 25.4994 -1.3153 0.0000 0.0000 0.0000 0.1200 1
-2.4718 25.4985 -1.4770 0.0000 0.0000 0.0000 0.1200 1
-2.3724 25.4978 -1.6345 0.0000 0.0000 0.0000 0.1200 1
-2.2480 25.5004 -1.8057 0.0000 0.0000 0.0000 0.1200 1
-2.1188 25.5004 -1.9668 0.0000 0.0000 0.0000 0.1200 1
-1.9849 25.5005 -2.1048 0.0000 0.0000 0.0000 0.1200 1
-1.8615 25.4987 -2.2224 0.0000 0.0000 0.0000 0.1200 1
-1.6961 25.5002 -2.3599 0.0000 0.0000 0.0000 0.1200 1
-1.5374 25.5002 -2.4688 0.0000 0.0000 0.0000 0.1200 1
-1.3820 25.4995 -2.5690 0.0000 0.0000 0.0000 0.1200 1
-1.2096 25.4995 -2.6626 0.0000 0.0000 0.0000 0.1200 1
-1.0202 25.5010 -2.7500 0.0000 0.0000 0.0000 0.1200 1
-0.8536 25.5000 -2.8118 0.0000 0.0000 0.0000 0.1200 1
-0.6481 25.5003 -2.8701 0.0000 0.0000 0.0000 0.1200 1
-0.4521 25.5002 -2.9129 0.0000 0.0000 0.0000 0.1200 1
-0.2580 25.5001 -2.9517 0.0000 0.0000 0.0000 0.1200 1
-0.0678 25.4989 -2.9680 0.0000 0.0000 0.0000 0.1200 1
0.1459 25.5010 -2.9773 0.0000 0.0000 0.0000 0.1200 1
0.3259 25.4995 -2.9687 0.0000 0.0000 0.0000 0.1200 1
0.5243 25.4999 -2.9507 0.0000 0.0000 0.0000 0.1200 1
0.7223 25.4996 -2.9168 0.0000 0.0000 0.0000 0.1200 1
0.8824 25.5010 -2.8790 0.0000 0.0000 0.0000 0.1200 1
1.0819 25.4998 -2.8184 0.0000 0.0000 0.0000 0.1200 1
1.2775 25.5009 -2.7437 0.0000 0.0000 0.0000 0.1200 1
1.4610 25.4985 -2.6598 0.0000 0.0000 0.0000 0.1200 1
1.6321 25.4997 -2.5706 0.0000 0.0000 0.0000 0.1200 1
1.7886 25.4999 -2.4719 0.0000 0.0000 0.0000 0.1200 1
1.9604 25.4996 -2.3486 0.0000 0.0000 0.0000 0.1200 1
2.0955 25.4996 -2.2386 0.0000 0.0000 0.0000 0.1200 1
2.2415 25.5003 -2.1041 0.0000 0.0000 0.0000 0.1200 1
2.3822 25.4995 -1.9510 0.0000 0.0000 0.0000 0.1200 1
2.5104 25.4993 -1.7981 0.0000 0.0000 0.0000 0.1200 1
2.6297 25.4998 -1.6265 0.0000 0.0000 0.0000 0.1200 1
2.7259 25.5012 -1.4694 0.0000 0.0000 0.0000 0.1200 1
2.8130 25.4999 -1.3117 0.0000 0.0000 0.0000 0.1200 1
2.8875 25.5002 -1.1431 0.0000 0.0000 0.0000 0.1200 1
2.9691 25.4990 -0.9383 0.0000 0.0000 0.0000 0.1200 1
3.0224 25.4996 -0.7568 0.0000 0.0000 0.0000 0.1200 1
3.0678 25.4976 -0.5623 0.0000 0.0000 0.0000 0.1200 1
3.1017 25.4981 -0.3646 0.0000 0.0000 0.0000 0.1200 1
3.1169 25.5010 -0.1657 0.0000 0.0000 0.0000 0.1200 1
3.1273 25.9986 0.0270 0.0000 0.0000 0.0000 0.1200 1
3.1213 25.9998 0.1981 0.0000 0.0000 0.0000 0.1200 1
3.1013 26.0020 0.4190 0.0000 0.0000 0.0000 0.1200 1
3.0672 25.9980 0.6160 0.0000 0.0000 0.0000 0.1200 1
3.0265 25.9982 0.7872 0.0000 0.0000 0.0000 0.1200 1
2.9727 25.9998 0.9882 0.0000 0.0000 0.0000 0.1200 1
2.9000 26.0014 1.1683 0.0000 0.0000 0.0000 0.1200 1
2.8254 25.9998 1.3400 0.0000 0.0000 0.0000 0.1200 1
2.7177 25.9994 1.5375 0.0000 0.0000 0.0000 0.1200 1
2.6245 26.0016 1.6856 0.0000 0.0000 0.0000 0.1200 1
2.5154 26.0000 1.8409 0.0000 0.0000 0.0000 0.1200 1
2.3876 26.0003 2.0015 0.0000 0.0000 0.0000 0.1200 1
2.2434 26.0009 2.1495 0.0000 0.0000 0.0000 0.1200 1
2.1026 25.9991 2.2856 0.0000 0.0000 0.0000 0.1200 1
1.9323 26.0005 2.4219 0.0000 0.0000 0.0000 0.1200 1
1.8017 25.9974 2.5161 0.0000 0.0000 0.0000 0.1200 1
1.6263 25.9988 2.6214 0.0000 0.0000 0.0000 0.1200 1
1.4450 26.0001 2.7191 0.0000 0.0000 0.0000 0.1200 1
1.2709 25.9981 2.7963 0.0000 0.0000 0.0000 0.1200 1
1.0807 25.9973 2.8695 0.0000 0.0000 0.0000 0.1200 1
0.9108 25.9992 2.9219 0.0000 0.0000 0.0000 0.1200 1
0.6956 26.0005 2.9696 0.0000 0.0000 0.0000 0.1200 1
0.5059 26.0024 2.9974 0.0000 0.0000 0.0000 0.1200 1
0.3322 25.9992 3.0161 0.0000 0.0000 0.0000 0.1200 1
0.1236 25.9982 3.0272 0.0000 0.0000 0.0000 0.1200 1
-0.0655 26.0001 3.0225 0.0000 0.0000 0.0000 0.1200 1
-0.2501 25.9997 3.0014 0.0000 0.0000 0.0000 0.1200 1
-0.4636 26.0001 2.9675 0.0000 0.0000 0.0000 0.1200 1
-0.6198 25.9989 2.9340 0.0000 0.0000 0.0000 0.1200 1
-0.8335 25.9988 2.8688 0.0000 0.0000 0.0000 0.1200 1
-1.0201 26.0002 2.7973 0.0000 0.0000 0.0000 0.1200 1
-1.1841 25.9998 2.7196 0.0000 0.0000 0.0000 0.1200 1
-1.3594 25.9998 2.6320 0.0000 0.0000 0.0000 0.1200 1
-1.5381 25.9998 2.5178 0.0000 0.0000 0.0000 0.1200 1
-1.7033 25.9991 2.4007 0.0000 0.0000 0.0000 0.1200 1
-1.8526 26.0014 2.2803 0.0000 0.0000 0.0000 0.1200 1
-1.9934 26.0002 2.1466 0.0000 0.0000 0.0000 0.1200 1
-2.1353 25.9987 1.9947 0.0000 0.0000 0.0000 0.1200 1
-2.2444 26.0019 1.8587 0.0000 0.0000 0.0000 0.1200 1
-2.3701 26.0007 1.6882 0.0000 0.0000 0.0000 0.1200 1
-2.4641 25.9989 1.5343 0.0000 0.0000 0.0000 0.1200 1
-2.5607 25.9995 1.3615 0.0000 0.0000 0.0000 0.1200 1
-2.6345 25.9999 1.1969 0.0000 0.0000 0.0000 0.1200 1
-2.7163 26.0016 0.9828 0.0000 0.0000 0.0000 0.1200 1
-2.7730 25.9997 0.7932 0.0000 0.0000 0.0000 0.1200 1
-2.8209 25.9984 0.5976 0.0000 0.0000 0.0000 0.1200 1
-2.8462 25.9997 0.4234 0.0000 0.0000 0.0000 0.1200 1
-2.8677 25.9995 0.1984 0.0000 0.0000 0.0000 0.1200 1
-2.8711 26.0008 0.0427 0.0000 0.0000 0.0000 0.1200 1
-2.8650 26.0008 -0.1836 0.0000 0.0000 0.0000 0.1200 1
-2.8462 25.9982 -0.3778 0.0000 0.0000 0.0000 0.1200 1
-2.8101 26.0021 -0.5743 0.0000 0.0000 0.0000 0.1200 1
-2.7693 26.0009 -0.7643 0.0000 0.0000 0.0000 0.1200 1
-2.7159 25.9994 -0.9307 0.0000 0.0000 0.0000 0.1200 1
-2.6403 26.0004 -1.1294 0.0000 0.0000 0.0000 0.1200 1
-2.5562 25.9997 -1.3159 0.0000 0.0000 0.0000 0.1200 1
-2.4744 25.9990 -1.4653 0.0000 0.0000 0.0000 0.1200 1
-2.3539 25.9967 -1.6503 0.0000 0.0000 0.0000 0.1200 1
-2.2476 25.9997 -1.8107 0.0000 0.0000 0.0000 0.1200 1
-2.1274 25.9992 -1.9572 0.0000 0.0000 0.0000 0.1200 1
-2.0019 25.9988 -2.0899 0.0000 0.0000 0.0000 0.1200 1
-1.8509 25.9989 -2.2288 0.0000 0.0000 0.0000 0.1200 1
-1.6833 26.0000 -2.3582 0.0000 0.0000 0.0000 0.1200 1
-1.5403 25.9995 -2.4639 0.0000 0.0000 0.0000 0.1200 1
-1.3741 26.0008 -2.5723 0.0000 0.0000 0.0000 0.1200 1
-1.1885 26.0010 -2.6688 0.0000 0.0000 0.0000 0.1200 1
-1.0206 26.0008 -2.7435 0.0000 0.0000 0.0000 0.1200 1
-0.8494 25.9990 -2.8101 0.0000 0.0000 0.0000 0.1200 1
-0.6591 26.0010 -2.8659 0.0000 0.0000 0.0000 0.1200 1
-0.4705 26.0019 -2.9130 0.0000 0.0000 0.0000 0.1200 1
-0.2559 26.0000 -2.9473 0.0000 0.0000 0.0000 0.1200 1
-0.0797 25.9989 -2.9666 0.0000 0.0000 0.0000 0.1200 1
0.1280 25.9995 -2.9743 0.0000 0.0000 0.0000 0.1200 1
0.3224 26.0007 -2.9698 0.0000 0.0000 0.0000 0.1200 1
0.5361 25.9997 -2.9433 0.0000 0.0000 0.0000 0.1200 1
0.7207 26.0010 -2.9149 0.0000 0.0000 0.0000 0.1200 1
0.9091 26.0013 -2.8681 0.0000 0.0000 0.0000 0.1200 1
1.0928 25.9999 -2.8180 0.0000 0.0000 0.0000 0.1200 1
1.2773 25.9996 -2.7472 0.0000 0.0000 0.0000 0.1200 1
1.4603 26.0008 -2.6602 0.0000 0.0000 0.0000 0.1200 1
1.6310 26.0000 -2.5703 0.0000 0.0000 0.0000 0.1200 1
1.8014 25.9991 -2.4626 0.0000 0.0000 0.0000 0.1200 1
1.9648 26.0007 -2.3522 0.0000 0.0000 0.0000 0.1200 1
2.0998 25.9985 -2.2304 0.0000 0.0000 0.0000 0.1200 1
2.2578 26.0005 -2.0904 0.0000 0.0000 0.0000 0.1200 1
2.3923 25.9988 -1.9366 0.0000 0.0000 0.0000 0.1200 1
2.5232 25.9987 -1.7774 0.0000 0.0000 0.0000 0.1200 1
2.6228 25.9983 -1.6439 0.0000 0.0000 0.0000 0.1200 1
2.7325 26.0003 -1.4658 0.0000 0.0000 0.0000 0.1200 1
2.8160 26.0005 -1.3096 0.0000 0.0000 0.0000 0.1200 1
2.8951 25.9999 -1.1253 0.0000 0.0000 0.0000 0.1200 1
2.9665 26.0012 -0.9406 0.0000 0.0000 0.0000 0.1200 1
3.0265 25.9985 -0.7535 0.0000 0.0000 0.0000 0.1200 1
3.0765 25.9986 -0.5438 0.0000 0.0000 0.0000 0.1200 1
3.1002 26.0000 -0.3743 0.0000 0.0000 0.0000 0.1200 1
3.1210 26.0004 -0.1707 0.0000 0.0000 0.0000 0.1200 1
3.1297 26.5007 0.0575 0.0000 0.0000 0.0000 0.1200 1
3.1228 26.4998 0.2094 0.0000 0.0000 0.0000 0.1200 1
3.1022 26.4996 0.4203 0.0000 0.0000 0.0000 0.1200 1
3.0658 26.5008 0.6383 0.0000 0.0000 0.0000 0.1200 1
3.0289 26.5006 0.7999 0.0000 0.0000 0.0000 0.1200 1
2.9684 26.5025 0.9888 0.0000 0.0000 0.0000 0.1200 1
2.8923 26.5003 1.1823 0.0000 0.0000 0.0000 0.1200 1
2.8182 26.5001 1.3560 0.0000 0.0000 0.0000 0.1200 1
2.7391 26.4996 1.5127 0.0000 0.0000 0.0000 0.1200 1
2.6216 26.5006 1.6974 0.0000 0.0000 0.0000 0.1200 1
2.5170 26.5025 1.8439 0.0000 0.0000 0.0000 0.1200 1
2.3802 26.4991 2.0074 0.0000 0.0000 0.0000 0.1200 1
2.2496 26.4983 2.1497 0.0000 0.0000 0.0000 0.1200 1
2.1012 26.5012 2.2881 0.0000 0.0000 0.0000 0.1200 1
1.9655 26.5005 2.4002 0.0000 0.0000 0.0000 0.1200 1
1.8063 26.4989 2.5113 0.0000 0.0000 0.0000 0.1200 1
1.6416 26.4990 2.6159 0.0000 0.0000 0.0000 0.1200 1
1.4559 26.5010 2.7186 0.0000 0.0000 0.0000 0.1200 1
1.2852 26.4992 2.7946 0.0000 0.0000 0.0000 0.1200 1
1.1064 26.4998 2.8647 0.0000 0.0000 0.0000 0.1200 1
0.8933 26.4999 2.9244 0.0000 0.0000 0.0000 0.1200 1
0.6942 26.4998 2.9733 0.0000 0.0000 0.0000 0.1200 1
0.5243 26.4991 2.9972 0.0000 0.0000 0.0000 0.1200 1
0.3200 26.5008 3.0191 0.0000 0.0000 0.0000 0.1200 1
0.1154 26.4998 3.0253 0.0000 0.0000 0.0000 0.1200 1
-0.0584 26.5000 3.0216 0.0000 0.0000 0.0000 0.1200 1
-0.2551 26.4987 2.9970 0.0000 0.0000 0.0000 0.1200 1
-0.4564 26.4997 2.9673 0.0000 0.0000 0.0000 0.1200 1
-0.6494 26.4980 2.9225 0.0000 0.0000 0.0000 0.1200 1
-0.8502 26.5021 2.8611 0.0000 0.0000 0.0000 0.1200 1
-1.0221 26.5008 2.7978 0.0000 0.0000 0.0000 0.1200 1
-1.2041 26.4986 2.7147 0.0000 0.0000 0.0000 0.1200 1
-1.3671 26.4999 2.6244 0.0000 0.0000 0.0000 0.1200 1
-1.5460 26.4996 2.5174 0.0000 0.0000 0.0000 0.1200 1
-1.6971 26.4997 2.4044 0.0000 0.0000 0.0000 0.1200 1
-1.8602 26.4995 2.2731 0.0000 0.0000 0.0000 0.1200 1
-1.9923 26.5005 2.1513 0.0000 0.0000 0.0000 0.1200 1
-2.1304 26.4998 2.0014 0.0000 0.0000 0.0000 0.1200 1
-2.2628 26.4992 1.8363 0.0000 0.0000 0.0000 0.1200 1
-2.3595 26.5012 1.6979 0.0000 0.0000 0.0000 0.1200 1
-2.4695 26.5010 1.5296 0.0000 0.0000 0.0000 0.1200 1
-2.5621 26.4986 1.3512 0.0000 0.0000 0.0000 0.1200 1
-2.6458 26.4979 1.1666 0.0000 0.0000 0.0000 0.1200 1
-2.7073 26.5003 1.0021 0.0000 0.0000 0.0000 0.1200 1
-2.7676 26.4987 0.8087 0.0000 0.0000 0.0000 0.1200 1
-2.8062 26.4994 0.6311 0.0000 0.0000 0.0000 0.1200 1
-2.8423 26.5013 0.4263 0.0000 0.0000 0.0000 0.1200 1
-2.8649 26.4984 0.2069 0.0000 0.0000 0.0000 0.1200 1
-2.8736 26.5006 0.0252 0.0000 0.0000 0.0000 0.1200 1
-2.8650 26.5000 -0.1872 0.0000 0.0000 0.0000 0.1200 1
-2.8434 26.5002 -0.3675 0.0000 0.0000 0.0000 0.1200 1
-2.8098 26.5013 -0.5841 0.0000 0.0000 0.0000 0.1200 1
-2.7706 26.4975 -0.7387 0.0000 0.0000 0.0000 0.1200 1
-2.7156 26.4997 -0.9325 0.0000 0.0000 0.0000 0.1200 1
-2.6420 26.4987 -1.1245 0.0000 0.0000 0.0000 0.1200 1
-2.5497 26.5001 -1.3164 0.0000 0.0000 0.0000 0.1200 1
-2.4693 26.4981 -1.4680 0.0000 0.0000 0.0000 0.1200 1
-2.3578 26.4997 -1.6493 0.0000 0.0000 0.0000 0.1200 1
-2.2434 26.5003 -1.8050 0.0000 0.0000 0.0000 0.1200 1
-2.1271 26.5013 -1.9529 0.0000 0.0000 0.0000 0.1200 1
-1.9953 26.5007 -2.0928 0.0000 0.0000 0.0000 0.1200 1
-1.8396 26.4993 -2.2361 0.0000 0.0000 0.0000 0.1200 1
-1.7034 26.5013 -2.3491 0.0000 0.0000 0.0000 0.1200 1
-1.5293 26.4998 -2.4744 0.0000 0.0000 0.0000 0.1200 1
-1.3763 26.5018 -2.5655 0.0000 0.0000 0.0000 0.1200 1
-1.1850 26.5006 -2.6716 0.0000 0.0000 0.0000 0.1200 1
-1.0084 26.4994 -2.7508 0.0000 0.0000 0.0000 0.1200 1
-0.8382 26.5005 -2.8138 0.0000 0.0000 0.0000 0.1200 1
-0.6497 26.5002 -2.8689 0.0000 0.0000 0.0000 0.1200 1
-0.4550 26.4989 -2.9125 0.0000 0.0000 0.0000 0.1200 1
-0.2490 26.5015 -2.9513 0.0000 0.0000 0.0000 0.1200 1
-0.0638 26.5006 -2.9684 0.0000 0.0000 0.0000 0.1200 1
0.1380 26.5014 -2.9738 0.0000 0.0000 0.0000 0.1200 1
0.3070 26.4997 -2.9677 0.0000 0.0000 0.0000 0.1200 1
0.5114 26.5001 -2.9489 0.0000 0.0000 0.0000 0.1200 1
0.7097 26.4996 -2.9151 0.0000 0.0000 0.0000 0.1200 1
0.9015 26.5004 -2.8738 0.0000 0.0000 0.0000 0.1200 1
1.0964 26.4983 -2.8182 0.0000 0.0000 0.0000 0.1200 1
1.2673 26.4989 -2.7490 0.0000 0.0000 0.0000 0.1200 1
1.4551 26.5008 -2.6626 0.0000 0.0000 0.0000 0.1200 1
1.6350 26.4995 -2.5674 0.0000 0.0000 0.0000 0.1200 1
1.7922 26.5001 -2.4718 0.0000 0.0000 0.0000 0.1200 1
1.9385 26.5000 -2.3695 0.0000 0.0000 0.0000 0.1200 1
2.1073 26.4999 -2.2311 0.0000 0.0000 0.0000 0.1200 1
2.2491 26.5006 -2.0975 0.0000 0.0000 0.0000 0.1200 1
2.3883 26.5023 -1.9524 0.0000 0.0000 0.0000 0.1200 1
2.5030 26.4996 -1.8095 0.0000 0.0000 0.0000 0.1200 1
2.6308 26.5002 -1.6290 0.0000 0.0000 0.0000 0.1200 1
2.7244 26.5001 -1.4778 0.0000 0.0000 0.0000 0.1200 1
2.8204 26.5001 -1.3037 0.0000 0.0000 0.0000 0.1200 1
2.9045 26.4993 -1.1053 0.0000 0.0000 0.0000 0.1200 1
2.9731 26.4997 -0.9330 0.0000 0.0000 0.0000 0.1200 1
3.0242 26.4998 -0.7581 0.0000 0.0000 0.0000 0.1200 1
3.0712 26.5006 -0.5614 0.0000 0.0000 0.0000 0.1200 1
3.0998 26.4993 -0.3902 0.0000 0.0000 0.0000 0.1200 1
3.1255 26.4973 -0.1402 0.0000 0.0000 0.0000 0.1200 1
3.1323 27.0002 0.0305 0.0000 0.0000 0.0000 0.1200 1
3.1246 26.9995 0.2336 0.0000 0.0000 0.0000 0.1200 1
3.0992 27.0006 0.4242 0.0000 0.0000 0.0000 0.1200 1
3.0695 27.0003 0.6163 0.0000 0.0000 0.0000 0.1200 1
3.0234 26.9987 0.8051 0.0000 0.0000 0.0000 0.1200 1
2.9757 27.0005 0.9784 0.0000 0.0000 0.0000 0.1200 1
2.9091 26.9994 1.1638 0.0000 0.0000 0.0000 0.1200 1
2.8109 27.0009 1.3716 0.0000 0.0000 0.0000 0.1200 1
2.7235 26.9984 1.5329 0.0000 0.0000 0.0000 0.1200 1
2.6197 26.9989 1.6979 0.0000 0.0000 0.0000 0.1200 1
2.5107 26.9991 1.8566 0.0000 0.0000 0.0000 0.1200 1
2.3858 27.0005 2.0062 0.0000 0.0000 0.0000 0.1200 1
2.2639 27.0007 2.1349 0.0000 0.0000 0.0000 0.1200 1
2.1036 26.9982 2.2815 0.0000 0.0000 0.0000 0.1200 1
1.9563 26.9996 2.4080 0.0000 0.0000 0.0000 0.1200 1
1.7886 27.0013 2.5250 0.0000 0.0000 0.0000 0.1200 1
1.6336 27.0006 2.6216 0.0000 0.0000 0.0000 0.1200 1
1.4591 26.9988 2.7165 0.0000 0.0000 0.0000 0.1200 1
1.2815 27.0021 2.7986 0.0000 0.0000 0.0000 0.1200 1
1.0951 27.0000 2.8684 0.0000 0.0000 0.0000 0.1200 1
0.9238 26.9999 2.9198 0.0000 0.0000 0.0000 0.1200 1
0.7173 27.0001 2.9706 0.0000 0.0000 0.0000 0.1200 1
0.5192 26.9997 2.9967 0.0000 0.0000 0.0000 0.1200 1
0.3193 26.9996 3.0194 0.0000 0.0000 0.0000 0.1200 1
0.1221 27.0004 3.0294 0.0000 0.0000 0.0000 0.1200 1
-0.0456 27.0004 3.0232 0.0000 0.0000 0.0000 0.1200 1
-0.2589 26.9989 2.9997 0.0000 0.0000 0.0000 0.1200 1
-0.4752 27.0005 2.9661 0.0000 0.0000 0.0000 0.1200 1
-0.6413 27.0015 2.9248 0.0000 0.0000 0.0000 0.1200 1
-0.8372 27.0003 2.8692 0.0000 0.0000 0.0000 0.1200 1
-1.0206 27.0004 2.7997 0.0000 0.0000 0.0000 0.1200 1
-1.1836 27.0009 2.7236 0.0000 0.0000 0.0000 0.1200 1
-1.3588 26.9992 2.6310 0.0000 0.0000 0.0000 0.1200 1
-1.5296 27.0000 2.5260 0.0000 0.0000 0.0000 0.1200 1
-1.7099 26.9994 2.3925 0.0000 0.0000 0.0000 0.1200 1
-1.8498 27.0004 2.2840 0.0000 0.0000 0.0000 0.1200 1
-1.9822 26.9999 2.1558 0.0000 0.0000 0.0000 0.1200 1
-2.1262 26.9999 1.9985 0.0000 0.0000 0.0000 0.1200 1
-2.2498 27.0012 1.8531 0.0000 0.0000 0.0000 0.1200 1
-2.3750 26.9988 1.6771 0.0000 0.0000 0.0000 0.1200 1
-2.4606 26.9980 1.5371 0.0000 0.0000 0.0000 0.1200 1
-2.5537 27.0001 1.3544 0.0000 0.0000 0.0000 0.1200 1
-2.6368 26.9995 1.1848 0.0000 0.0000 0.0000 0.1200 1
-2.7074 26.9999 0.9958 0.0000 0.0000 0.0000 0.1200 1
-2.7741 26.9973 0.7967 0.0000 0.0000 0.0000 0.1200 1
-2.8148 27.0000 0.5963 0.0000 0.0000 0.0000 0.1200 1
-2.8410 27.0010 0.4241 0.0000 0.0000 0.0000 0.1200 1
-2.8623 26.9992 0.2379 0.0000 0.0000 0.0000 0.1200 1
-2.8700 27.0008 0.0283 0.0000 0.0000 0.0000 0.1200 1
-2.8598 26.9997 -0.1711 0.0000 0.0000 0.0000 0.1200 1
-2.8426 26.9968 -0.3691 0.0000 0.0000 0.0000 0.1200 1
-2.8118 26.9994 -0.5546 0.0000 0.0000 0.0000 0.1200 1
-2.7605 26.9991 -0.7642 0.0000 0.0000 0.0000 0.1200 1
-2.7115 26.9996 -0.9270 0.0000 0.0000 0.0000 0.1200 1
-2.6419 26.9995 -1.1221 0.0000 0.0000 0.0000 0.1200 1
-2.5620 26.9992 -1.2947 0.0000 0.0000 0.0000 0.1200 1
-2.4597 27.0000 -1.4857 0.0000 0.0000 0.0000 0.1200 1
-2.3676 27.0003 -1.6310 0.0000 0.0000 0.0000 0.1200 1
-2.2538 27.0004 -1.7955 0.0000 0.0000 0.0000 0.1200 1
-2.1314 26.9996 -1.9389 0.0000 0.0000 0.0000 0.1200 1
-1.9772 27.0013 -2.1074 0.0000 0.0000 0.0000 0.1200 1
-1.8473 27.0008 -2.2315 0.0000 0.0000 0.0000 0.1200 1
-1.7037 27.0010 -2.3464 0.0000 0.0000 0.0000 0.1200 1
-1.5409 26.9997 -2.4610 0.0000 0.0000 0.0000 0.1200 1
-1.3821 27.0020 -2.5616 0.0000 0.0000 0.0000 0.1200 1
-1.1948 27.0010 -2.6653 0.0000 0.0000 0.0000 0.1200 1
-0.9972 27.0004 -2.7508 0.0000 0.0000 0.0000 0.1200 1
-0.8479 26.9991 -2.8106 0.0000 0.0000 0.0000 0.1200 1
-0.6486 27.0004 -2.8713 0.0000 0.0000 0.0000 0.1200 1
-0.4481 27.0007 -2.9161 0.0000 0.0000 0.0000 0.1200 1
-0.2548 26.9997 -2.9448 0.0000 0.0000 0.0000 0.1200 1
-0.0668 26.9990 -2.9665 0.0000 0.0000 0.0000 0.1200 1
0.1309 26.9989 -2.9708 0.0000 0.0000 0.0000 0.1200 1
0.3175 26.9996 -2.9679 0.0000 0.0000 0.0000 0.1200 1
0.5284 27.0000 -2.9445 0.0000 0.0000 0.0000 0.1200 1
0.7222 26.9990 -2.9147 0.0000 0.0000 0.0000 0.1200 1
0.9132 27.0004 -2.8726 0.0000 0.0000 0.0000 0.1200 1
1.0976 26.9981 -2.8099 0.0000 0.0000 0.0000 0.1200 1
1.2799 27.0023 -2.7484 0.0000 0.0000 0.0000 0.1200 1
1.4641 27.0014 -2.6639 0.0000 0.0000 0.0000 0.1200 1
1.6455 27.0002 -2.5601 0.0000 0.0000 0.0000 0.1200 1
1.8149 26.9993 -2.4540 0.0000 0.0000 0.0000 0.1200 1
1.9584 26.9992 -2.3567 0.0000 0.0000 0.0000 0.1200 1
2.1054 27.0010 -2.2382 0.0000 0.0000 0.0000 0.1200 1
2.2572 27.0008 -2.0899 0.0000 0.0000 0.0000 0.1200 1
2.3902 27.0000 -1.9458 0.0000 0.0000 0.0000 0.1200 1
2.5038 27.0013 -1.8064 0.0000 0.0000 0.0000 0.1200 1
2.6245 27.0043 -1.6362 0.0000 0.0000 0.0000 0.1200 1
2.7229 26.9993 -1.4784 0.0000 0.0000 0.0000 0.1200 1
2.8157 27.0020 -1.3190 0.0000 0.0000 0.0000 0.1200 1
2.9056 26.9992 -1.1078 0.0000 0.0000 0.0000 0.1200 1
2.9676 27.0002 -0.9472 0.0000 0.0000 0.0000 0.1200 1
3.0241 27.0012 -0.7606 0.0000 0.0000 0.0000 0.1200 1
3.0740 26.9990 -0.5555 0.0000 0.0000 0.0000 0.1200 1
3.1059 27.0007 -0.3663 0.0000 0.0000 0.0000 0.1200 1
3.1224 27.0015 -0.1817 0.0000 0.0000 0.0000 0.1200 1
3.1293 27.5009 0.0312 0.0000 0.0000 0.0000 0.1200 1
3.1287 27.4995 0.2231 0.0000 0.0000 0.0000 0.1200 1
3.1031 27.5000 0.4363 0.0000 0.0000 0.0000 0.1200 1
3.0715 27.4991 0.6239 0.0000 0.0000 0.0000 0.1200 1
3.0260 27.4990 0.8128 0.0000 0.0000 0.0000 0.1200 1
2.9745 27.5006 0.9858 0.0000 0.0000 0.0000 0.1200 1
2.9005 27.5010 1.1817 0.0000 0.0000 0.0000 0.1200 1
2.8209 27.5018 1.3584 0.0000 0.0000 0.0000 0.1200 1
2.7308 27.4988 1.5329 0.0000 0.0000 0.0000 0.1200 1
2.6314 27.4997 1.6854 0.0000 0.0000 0.0000 0.1200 1
2.5296 27.5012 1.8377 0.0000 0.0000 0.0000 0.1200 1
2.3817 27.4987 2.0116 0.0000 0.0000 0.0000 0.1200 1
2.2723 27.4997 2.1283 0.0000 0.0000 0.0000 0.1200 1
2.1159 27.5002 2.2833 0.0000 0.0000 0.0000 0.1200 1
1.9594 27.4995 2.4118 0.0000 0.0000 0.0000 0.1200 1
1.8111 27.5001 2.5152 0.0000 0.0000 0.0000 0.1200 1
1.6406 27.5000 2.6212 0.0000 0.0000 0.0000 0.1200 1
1.4527 27.5008 2.7176 0.0000 0.0000 0.0000 0.1200 1
1.2779 27.4997 2.7972 0.0000 0.0000 0.0000 0.1200 1
1.0932 27.5009 2.8683 0.0000 0.0000 0.0000 0.1200 1
0.9088 27.5013 2.9279 0.0000 0.0000 0.0000 0.1200 1
0.7346 27.5026 2.9669 0.0000 0.0000 0.0000 0.1200 1
0.5138 27.5001 3.0040 0.0000 0.0000 0.0000 0.1200 1
0.3419 27.4992 3.0207 0.0000 0.0000 0.0000 0.1200 1
0.1457 27.4997 3.0289 0.0000 0.0000 0.0000 0.1200 1
-0.0635 27.5019 3.0196 0.0000 0.0000 0.0000 0.1200 1
-0.2434 27.4999 2.9999 0.0000 0.0000 0.0000 0.1200 1
-0.4479 27.4990 2.9732 0.0000 0.0000 0.0000 0.1200 1
-0.6436 27.5002 2.9233 0.0000 0.0000 0.0000 0.1200 1
-0.8215 27.4999 2.8738 0.0000 0.0000 0.0000 0.1200 1
-1.0011 27.5013 2.8023 0.0000 0.0000 0.0000 0.1200 1
-1.1957 27.4983 2.7148 0.0000 0.0000 0.0000 0.1200 1
-1.3790 27.4997 2.6169 0.0000 0.0000 0.0000 0.1200 1
-1.5230 27.5012 2.5301 0.0000 0.0000 0.0000 0.1200 1
-1.6875 27.5000 2.4119 0.0000 0.0000 0.0000 0.1200 1
-1.8411 27.4991 2.2880 0.0000 0.0000 0.0000 0.1200 1
-1.9863 27.5010 2.1518 0.0000 0.0000 0.0000 0.1200 1
-2.1192 27.5005 2.0036 0.0000 0.0000 0.0000 0.1200 1
-2.2481 27.5027 1.8553 0.0000 0.0000 0.0000 0.1200 1
-2.3586 27.4996 1.6910 0.0000 0.0000 0.0000 0.1200 1
-2.4620 27.4997 1.5312 0.0000 0.0000 0.0000 0.1200 1
-2.5615 27.5000 1.3490 0.0000 0.0000 0.0000 0.1200 1
-2.6438 27.5013 1.1695 0.0000 0.0000 0.0000 0.1200 1
-2.7086 27.4996 0.9856 0.0000 0.0000 0.0000 0.1200 1
-2.7668 27.5000 0.7984 0.0000 0.0000 0.0000 0.1200 1
-2.8098 27.5011 0.6083 0.0000 0.0000 0.0000 0.1200 1
-2.8459 27.4998 0.4086 0.0000 0.0000 0.0000 0.1200 1
-2.8623 27.5000 0.2242 0.0000 0.0000 0.0000 0.1200 1
-2.8705 27.5002 0.0079 0.0000 0.0000 0.0000 0.1200 1
-2.8574 27.5002 -0.1812 0.0000 0.0000 0.0000 0.1200 1
-2.8371 27.4985 -0.3605 0.0000 0.0000 0.0000 0.1200 1
-2.8110 27.5016 -0.5548 0.0000 0.0000 0.0000 0.1200 1
-2.7645 27.5006 -0.7404 0.0000 0.0000 0.0000 0.1200 1
-2.7097 27.4994 -0.9347 0.0000 0.0000 0.0000 0.1200 1
-2.6431 27.5014 -1.1205 0.0000 0.0000 0.0000 0.1200 1
-2.5614 27.4998 -1.2929 0.0000 0.0000 0.0000 0.1200 1
-2.4588 27.5001 -1.4812 0.0000 0.0000 0.0000 0.1200 1
-2.3505 27.5002 -1.6510 0.0000 0.0000 0.0000 0.1200 1
-2.2446 27.5006 -1.8046 0.0000 0.0000 0.0000 0.1200 1
-2.1257 27.4996 -1.9432 0.0000 0.0000 0.0000 0.1200 1
-1.9981 27.4988 -2.0846 0.0000 0.0000 0.0000 0.1200 1
-1.8373 27.5012 -2.2325 0.0000 0.0000 0.0000 0.1200 1
-1.6887 27.5008 -2.3565 0.0000 0.0000 0.0000 0.1200 1
-1.5293 27.5000 -2.4701 0.0000 0.0000 0.0000 0.1200 1
-1.3745 27.4999 -2.5669 0.0000 0.0000 0.0000 0.1200 1
-1.1885 27.5001 -2.6651 0.0000 0.0000 0.0000 0.1200 1
-1.0157 27.5002 -2.7428 0.0000 0.0000 0.0000 0.1200 1
-0.8418 27.4997 -2.8103 0.0000 0.0000 0.0000 0.1200 1
-0.6314 27.5005 -2.8729 0.0000 0.0000 0.0000 0.1200 1
-0.4638 27.5002 -2.9136 0.0000 0.0000 0.0000 0.1200 1
-0.2375 27.4997 -2.9509 0.0000 0.0000 0.0000 0.1200 1
-0.0561 27.5011 -2.9697 0.0000 0.0000 0.0000 0.1200 1
0.1411 27.5005 -2.9743 0.0000 0.0000 0.0000 0.1200 1
0.3264 27.4992 -2.9644 0.0000 0.0000 0.0000 0.1200 1
0.5353 27.4994 -2.9479 0.0000 0.0000 0.0000 0.1200 1
0.7129 27.4994 -2.9177 0.0000 0.0000 0.0000 0.1200 1
0.9127 27.5007 -2.8698 0.0000 0.0000 0.0000 0.1200 1
1.0958 27.4992 -2.8153 0.0000 0.0000 0.0000 0.1200 1
1.2748 27.4997 -2.7459 0.0000 0.0000 0.0000 0.1200 1
1.4594 27.4977 -2.6602 0.0000 0.0000 0.0000 0.1200 1
1.6291 27.5005 -2.5737 0.0000 0.0000 0.0000 0.1200 1
1.7971 27.4996 -2.4618 0.0000 0.0000 0.0000 0.1200 1
1.9577 27.5002 -2.3535 0.0000 0.0000 0.0000 0.1200 1
2.1078 27.5002 -2.2295 0.0000 0.0000 0.0000 0.1200 1
2.2384 27.4995 -2.1043 0.0000 0.0000 0.0000 0.1200 1
2.3935 27.5017 -1.9432 0.0000 0.0000 0.0000 0.1200 1
2.5139 27.4990 -1.7958 0.0000 0.0000 0.0000 0.1200 1
2.6323 27.5002 -1.6330 0.0000 0.0000 0.0000 0.1200 1
2.7279 27.5000 -1.4794 0.0000 0.0000 0.0000 0.1200 1
2.8244 27.5002 -1.2980 0.0000 0.0000 0.0000 0.1200 1
2.9083 27.5011 -1.1123 0.0000 0.0000 0.0000 0.1200 1
2.9679 27.5009 -0.9384 0.0000 0.0000 0.0000 0.1200 1
3.0302 27.5005 -0.7469 0.0000 0.0000 0.0000 0.1200 1
3.0678 27.4999 -0.5710 0.0000 0.0000 0.0000 0.1200 1
3.1032 27.4982 -0.3835 0.0000 0.0000 0.0000 0.1200 1
3.1214 27.4990 -0.1961 0.0000 0.0000 0.0000 0.1200 1
3.1304 27.9974 0.0088 0.0000 0.0000 0.0000 0.1200 1
3.1272 28.0000 0.2265 0.0000 0.0000 0.0000 0.1200 1
3.1094 27.9992 0.4152 0.0000 0.0000 0.0000 0.1200 1
3.0786 27.9994 0.6176 0.0000 0.0000 0.0000 0.1200 1
3.0316 27.9986 0.7914 0.0000 0.0000 0.0000 0.1200 1
2.9763 27.9994 0.9837 0.0000 0.0000 0.0000 0.1200 1
2.8987 27.9997 1.1844 0.0000 0.0000 0.0000 0.1200 1
2.8246 27.9992 1.3571 0.0000 0.0000 0.0000 0.1200 1
2.7306 27.9998 1.5327 0.0000 0.0000 0.0000 0.1200 1
2.6300 28.0004 1.6904 0.0000 0.0000 0.0000 0.1200 1
2.5244 27.9996 1.8409 0.0000 0.0000 0.0000 0.1200 1
2.3870 27.9989 2.0047 0.0000 0.0000 0.0000 0.1200 1
2.2618 28.0010 2.1417 0.0000 0.0000 0.0000 0.1200 1
2.1167 28.0005 2.2783 0.0000 0.0000 0.0000 0.1200 1
1.9557 28.0013 2.4089 0.0000 0.0000 0.0000 0.1200 1
1.7910 27.9997 2.5297 0.0000 0.0000 0.0000 0.1200 1
1.6378 27.9991 2.6242 0.0000 0.0000 0.0000 0.1200 1
1.4481 27.9990 2.7214 0.0000 0.0000 0.0000 0.1200 1
1.2813 27.9977 2.7979 0.0000 0.0000 0.0000 0.1200 1
1.0827 28.0009 2.8724 0.0000 0.0000 0.0000 0.1200 1
0.9030 27.9996 2.9280 0.0000 0.0000 0.0000 0.1200 1
0.7307 27.9989 2.9654 0.0000 0.0000 0.0000 0.1200 1
0.5156 28.0003 2.9986 0.0000 0.0000 0.0000 0.1200 1
0.3369 28.0009 3.0208 0.0000 0.0000 0.0000 0.1200 1
0.1278 28.0000 3.0298 0.0000 0.0000 0.0000 0.1200 1
-0.0453 27.9993 3.0248 0.0000 0.0000 0.0000 0.1200 1
-0.2315 27.9997 3.0046 0.0000 0.0000 0.0000 0.1200 1
-0.4715 28.0002 2.9659 0.0000 0.0000 0.0000 0.1200 1
-0.6364 28.0004 2.9297 0.0000 0.0000 0.0000 0.1200 1
-0.8389 28.0013 2.8647 0.0000 0.0000 0.0000 0.1200 1
-1.0084 27.9996 2.8003 0.0000 0.0000 0.0000 0.1200 1
-1.1808 28.0000 2.7250 0.0000 0.0000 0.0000 0.1200 1
-1.3733 27.9993 2.6239 0.0000 0.0000 0.0000 0.1200 1
-1.5451 27.9991 2.5145 0.0000 0.0000 0.0000 0.1200 1
-1.6864 28.0007 2.4141 0.0000 0.0000 0.0000 0.1200 1
-1.8382 28.0000 2.2843 0.0000 0.0000 0.0000 0.1200 1
-1.9893 28.0012 2.1480 0.0000 0.0000 0.0000 0.1200 1
-2.1230 27.9998 2.0068 0.0000 0.0000 0.0000 0.1200 1
-2.2462 28.0009 1.8545 0.0000 0.0000 0.0000 0.1200 1
-2.3647 27.9987 1.6851 0.0000 0.0000 0.0000 0.1200 1
-2.4629 28.0011 1.5255 0.0000 0.0000 0.0000 0.1200 1
-2.5617 28.0009 1.3452 0.0000 0.0000 0.0000 0.1200 1
-2.6443 27.9996 1.1676 0.0000 0.0000 0.0000 0.1200 1
-2.7090 28.0002 0.9863 0.0000 0.0000 0.0000 0.1200 1
-2.7618 27.9999 0.8121 0.0000 0.0000 0.0000 0.1200 1
-2.8071 27.9984 0.6179 0.0000 0.0000 0.0000 0.1200 1
-2.8398 27.9992 0.4223 0.0000 0.0000 0.0000 0.1200 1
-2.8572 28.0001 0.2424 0.0000 0.0000 0.0000 0.1200 1
-2.8665 28.0004 0.0324 0.0000 0.0000 0.0000 0.1200 1
-2.8592 28.0002 -0.1580 0.0000 0.0000 0.0000 0.1200 1
-2.8363 28.0013 -0.3778 0.0000 0.0000 0.0000 0.1200 1
-2.8142 27.9997 -0.5570 0.0000 0.0000 0.0000 0.1200 1
-2.7625 28.0006 -0.7536 0.0000 0.0000 0.0000 0.1200 1
-2.7070 28.0014 -0.9303 0.0000 0.0000 0.0000 0.1200 1
-2.6298 28.0003 -1.1397 0.0000 0.0000 0.0000 0.1200 1
-2.5524 27.9996 -1.3138 0.0000 0.0000 0.0000 0.1200 1
-2.4666 27.9997 -1.4771 0.0000 0.0000 0.0000 0.1200 1
-2.3546 27.9999 -1.6429 0.0000 0.0000 0.0000 0.1200 1
-2.2485 28.0003 -1.7937 0.0000 0.0000 0.0000 0.1200 1
-2.1182 27.9986 -1.9485 0.0000 0.0000 0.0000 0.1200 1
-1.9815 28.0025 -2.1027 0.0000 0.0000 0.0000 0.1200 1
-1.8395 28.0006 -2.2300 0.0000 0.0000 0.0000 0.1200 1
-1.6928 27.9992 -2.3515 0.0000 0.0000 0.0000 0.1200 1
-1.5185 28.0009 -2.4792 0.0000 0.0000 0.0000 0.1200 1
-1.3587 27.9988 -2.5757 0.0000 0.0000 0.0000 0.1200 1
-1.1976 27.9999 -2.6595 0.0000 0.0000 0.0000 0.1200 1
-1.0130 28.0018 -2.7429 0.0000 0.0000 0.0000 0.1200 1
-0.8163 27.9990 -2.8205 0.0000 0.0000 0.0000 0.1200 1
-0.6486 28.0005 -2.8698 0.0000 0.0000 0.0000 0.1200 1
-0.4766 28.0011 -2.9078 0.0000 0.0000 0.0000 0.1200 1
-0.2604 28.0001 -2.9453 0.0000 0.0000 0.0000 0.1200 1
-0.0633 27.9994 -2.9660 0.0000 0.0000 0.0000 0.1200 1
0.1552 28.0017 -2.9735 0.0000 0.0000 0.0000 0.1200 1
0.3395 28.0008 -2.9664 0.0000 0.0000 0.0000 0.1200 1
0.5268 28.0008 -2.9467 0.0000 0.0000 0.0000 0.1200 1
0.7044 27.9996 -2.9162 0.0000 0.0000 0.0000 0.1200 1
0.9146 27.9990 -2.8693 0.0000 0.0000 0.0000 0.1200 1
1.1030 28.0014 -2.8087 0.0000 0.0000 0.0000 0.1200 1
1.2648 28.0003 -2.7513 0.0000 0.0000 0.0000 0.1200 1
1.4648 28.0007 -2.6564 0.0000 0.0000 0.0000 0.1200 1
1.6193 27.9991 -2.5787 0.0000 0.0000 0.0000 0.1200 1
1.8013 27.9989 -2.4667 0.0000 0.0000 0.0000 0.1200 1
1.9731 27.9986 -2.3447 0.0000 0.0000 0.0000 0.1200 1
2.1047 28.0001 -2.2303 0.0000 0.0000 0.0000 0.1200 1
2.2477 27.9994 -2.1013 0.0000 0.0000 0.0000 0.1200 1
2.3903 28.0011 -1.9490 0.0000 0.0000 0.0000 0.1200 1
2.5106 28.0011 -1.8069 0.0000 0.0000 0.0000 0.1200 1
2.6256 28.0001 -1.6477 0.0000 0.0000 0.0000 0.1200 1
2.7239 28.0005 -1.4798 0.0000 0.0000 0.0000 0.1200 1
2.8176 28.0016 -1.3123 0.0000 0.0000 0.0000 0.1200 1
2.9051 28.0000 -1.1144 0.0000 0.0000 0.0000 0.1200 1
2.9746 27.9988 -0.9355 0.0000 0.0000 0.0000 0.1200 1
3.0297 28.0009 -0.7467 0.0000 0.0000 0.0000 0.1200 1
3.0761 28.0003 -0.5657 0.0000 0.0000 0.0000 0.1200 1
3.1038 28.0007 -0.3741 0.0000 0.0000 0.0000 0.1200 1
3.1303 27.9988 -0.1759 0.0000 0.0000 0.0000 0.1200 1
3.1352 28.4986 0.0186 0.0000 0.0000 0.0000 0.1200 1
3.1282 28.5012 0.2128 0.0000 0.0000 0.0000 0.1200 1
3.1062 28.4987 0.4400 0.0000 0.0000 0.0000 0.1200 1
3.0748 28.5006 0.6148 0.0000 0.0000 0.0000 0.1200 1
3.0272 28.4988 0.8207 0.0000 0.0000 0.0000 0.1200 1
2.9779 28.5015 0.9891 0.0000 0.0000 0.0000 0.1200 1
2.9011 28.5015 1.1827 0.0000 0.0000 0.0000 0.1200 1
2.8267 28.5006 1.3464 0.0000 0.0000 0.0000 0.1200 1
2.7288 28.4996 1.5380 0.0000 0.0000 0.0000 0.1200 1
2.6334 28.4973 1.6864 0.0000 0.0000 0.0000 0.1200 1
2.5070 28.4999 1.8660 0.0000 0.0000 0.0000 0.1200 1
2.3933 28.4991 2.0053 0.0000 0.0000 0.0000 0.1200 1
2.2576 28.5008 2.1457 0.0000 0.0000 0.0000 0.1200 1
2.1156 28.4992 2.2815 0.0000 0.0000 0.0000 0.1200 1
1.9669 28.5005 2.4021 0.0000 0.0000 0.0000 0.1200 1
1.8047 28.4980 2.5177 0.0000 0.0000 0.0000 0.1200 1
1.6157 28.5003 2.6375 0.0000 0.0000 0.0000 0.1200 1
1.4686 28.5004 2.7174 0.0000 0.0000 0.0000 0.1200 1
1.2717 28.5003 2.8029 0.0000 0.0000 0.0000 0.1200 1
1.1186 28.5004 2.8574 0.0000 0.0000 0.0000 0.1200 1
0.8933 28.4998 2.9304 0.0000 0.0000 0.0000 0.1200 1
0.7082 28.4994 2.9756 0.0000 0.0000 0.0000 0.1200 1
0.5116 28.4973 3.0040 0.0000 0.0000 0.0000 0.1200 1
0.3284 28.5020 3.0221 0.0000 0.0000 0.0000 0.1200 1
0.1446 28.5012 3.0289 0.0000 0.0000 0.0000 0.1200 1
-0.0506 28.5002 3.0231 0.0000 0.0000 0.0000 0.1200 1
-0.2588 28.4996 3.0033 0.0000 0.0000 0.0000 0.1200 1
-0.4488 28.5005 2.9682 0.0000 0.0000 0.0000 0.1200 1
-0.6267 28.4980 2.9276 0.0000 0.0000 0.0000 0.1200 1
-0.8361 28.5007 2.8628 0.0000 0.0000 0.0000 0.1200 1
-1.0058 28.4993 2.8050 0.0000 0.0000 0.0000 0.1200 1
-1.1877 28.5007 2.7253 0.0000 0.0000 0.0000 0.1200 1
-1.3608 28.5006 2.6274 0.0000 0.0000 0.0000 0.1200 1
-1.5271 28.5022 2.5237 0.0000 0.0000 0.0000 0.1200 1
-1.6717 28.4998 2.4221 0.0000 0.0000 0.0000 0.1200 1
-1.8438 28.5005 2.2827 0.0000 0.0000 0.0000 0.1200 1
-1.9822 28.5010 2.1465 0.0000 0.0000 0.0000 0.1200 1
-2.1288 28.4999 2.0015 0.0000 0.0000 0.0000 0.1200 1
-2.2419 28.5000 1.8527 0.0000 0.0000 0.0000 0.1200 1
-2.3447 28.5006 1.7180 0.0000 0.0000 0.0000 0.1200 1
-2.4704 28.4988 1.5216 0.0000 0.0000 0.0000 0.1200 1
-2.5547 28.4997 1.3599 0.0000 0.0000 0.0000 0.1200 1
-2.6424 28.5011 1.1684 0.0000 0.0000 0.0000 0.1200 1
-2.7075 28.4999 0.9726 0.0000 0.0000 0.0000 0.1200 1
-2.7629 28.4990 0.8080 0.0000 0.0000 0.0000 0.1200 1
-2.8090 28.4986 0.6145 0.0000 0.0000 0.0000 0.1200 1
-2.8415 28.4978 0.4238 0.0000 0.0000 0.0000 0.1200 1
-2.8596 28.4996 0.2250 0.0000 0.0000 0.0000 0.1200 1
-2.8625 28.5012 0.0227 0.0000 0.0000 0.0000 0.1200 1
-2.8584 28.5003 -0.1646 0.0000 0.0000 0.0000 0.1200 1
-2.8360 28.4993 -0.3774 0.0000 0.0000 0.0000 0.1200 1
-2.8093 28.4997 -0.5525 0.0000 0.0000 0.0000 0.1200 1
-2.7584 28.5008 -0.7611 0.0000 0.0000 0.0000 0.1200 1
-2.7017 28.5002 -0.9455 0.0000 0.0000 0.0000 0.1200 1
-2.6341 28.5005 -1.1312 0.0000 0.0000 0.0000 0.1200 1
-2.5574 28.5014 -1.2987 0.0000 0.0000 0.0000 0.1200 1
-2.4640 28.4991 -1.4681 0.0000 0.0000 0.0000 0.1200 1
-2.3637 28.5010 -1.6275 0.0000 0.0000 0.0000 0.1200 1
-2.2523 28.5015 -1.7901 0.0000 0.0000 0.0000 0.1200 1
-2.1122 28.4990 -1.9602 0.0000 0.0000 0.0000 0.1200 1
-1.9839 28.5009 -2.0966 0.0000 0.0000 0.0000 0.1200 1
-1.8501 28.4998 -2.2157 0.0000 0.0000 0.0000 0.1200 1
-1.6924 28.5011 -2.3513 0.0000 0.0000 0.0000 0.1200 1
-1.5266 28.5001 -2.4676 0.0000 0.0000 0.0000 0.1200 1
-1.3667 28.4989 -2.5714 0.0000 0.0000 0.0000 0.1200 1
-1.1912 28.4992 -2.6605 0.0000 0.0000 0.0000 0.1200 1
-1.0205 28.5007 -2.7422 0.0000 0.0000 0.0000 0.1200 1
-0.8429 28.5003 -2.8098 0.0000 0.0000 0.0000 0.1200 1
-0.6280 28.5003 -2.8780 0.0000 0.0000 0.0000 0.1200 1
-0.4606 28.5000 -2.9135 0.0000 0.0000 0.0000 0.1200 1
-0.2624 28.4999 -2.9434 0.0000 0.0000 0.0000 0.1200 1
-0.0720 28.4991 -2.9622 0.0000 0.0000 0.0000 0.1200 1
0.1413 28.4991 -2.9691 0.0000 0.0000 0.0000 0.1200 1
0.3124 28.4996 -2.9649 0.0000 0.0000 0.0000 0.1200 1
0.5331 28.4995 -2.9454 0.0000 0.0000 0.0000 0.1200 1
0.7160 28.4996 -2.9123 0.0000 0.0000 0.0000 0.1200 1
0.9132 28.5014 -2.8683 0.0000 0.0000 0.0000 0.1200 1
1.1072 28.4994 -2.8098 0.0000 0.0000 0.0000 0.1200 1
1.2803 28.5012 -2.7449 0.0000 0.0000 0.0000 0.1200 1
1.4537 28.4999 -2.6651 0.0000 0.0000 0.0000 0.1200 1
1.6302 28.5003 -2.5730 0.0000 0.0000 0.0000 0.1200 1
1.8097 28.5011 -2.4567 0.0000 0.0000 0.0000 0.1200 1
1.9490 28.4993 -2.3571 0.0000 0.0000 0.0000 0.1200 1
2.1059 28.4996 -2.2318 0.0000 0.0000 0.0000 0.1200 1
2.2616 28.4990 -2.0879 0.0000 0.0000 0.0000 0.1200 1
2.3915 28.4980 -1.9522 0.0000 0.0000 0.0000 0.1200 1
2.5215 28.5008 -1.7841 0.0000 0.0000 0.0000 0.1200 1
2.6173 28.4994 -1.6503 0.0000 0.0000 0.0000 0.1200 1
2.7288 28.4991 -1.4741 0.0000 0.0000 0.0000 0.1200 1
2.8238 28.5005 -1.2979 0.0000 0.0000 0.0000 0.1200 1
2.9083 28.5007 -1.1278 0.0000 0.0000 0.0000 0.1200 1
2.9689 28.5014 -0.9501 0.0000 0.0000 0.0000 0.1200 1
3.0394 28.4995 -0.7319 0.0000 0.0000 0.0000 0.1200 1
3.0760 28.5001 -0.5525 0.0000 0.0000 0.0000 0.1200 1
3.1134 28.5002 -0.3502 0.0000 0.0000 0.0000 0.1200 1
3.1280 28.5000 -0.1636 0.0000 0.0000 0.0000 0.1200 1
3.1342 28.9997 0.0431 0.0000 0.0000 0.0000 0.1200 1
3.1306 29.0014 0.2183 0.0000 0.0000 0.0000 0.1200 1
3.1149 29.0006 0.3951 0.0000 0.0000 0.0000 0.1200 1
3.0764 29.0000 0.6166 0.0000 0.0000 0.0000 0.1200 1
3.0335 28.9999 0.8056 0.0000 0.0000 0.0000 0.1200 1
2.9742 29.0001 1.0006 0.0000 0.0000 0.0000 0.1200 1
2.9109 28.9994 1.1640 0.0000 0.0000 0.0000 0.1200 1
2.8305 28.9993 1.3450 0.0000 0.0000 0.0000 0.1200 1
2.7413 29.0016 1.5203 0.0000 0.0000 0.0000 0.1200 1
2.6363 28.9988 1.6810 0.0000 0.0000 0.0000 0.1200 1
2.5258 29.0009 1.8440 0.0000 0.0000 0.0000 0.1200 1
2.3976 28.9996 2.0050 0.0000 0.0000 0.0000 0.1200 1
2.2704 28.9983 2.1397 0.0000 0.0000 0.0000 0.1200 1
2.1191 29.0015 2.2790 0.0000 0.0000 0.0000 0.1200 1
1.9682 28.9999 2.4022 0.0000 0.0000 0.0000 0.1200 1
1.8157 28.9997 2.5161 0.0000 0.0000 0.0000 0.1200 1
1.6414 28.9990 2.6209 0.0000 0.0000 0.0000 0.1200 1
1.4635 29.0013 2.7174 0.0000 0.0000 0.0000 0.1200 1
1.2776 29.0004 2.8052 0.0000 0.0000 0.0000 0.1200 1
1.1071 28.9984 2.8664 0.0000 0.0000 0.0000 0.1200 1
0.9196 28.9998 2.9209 0.0000 0.0000 0.0000 0.1200 1
0.7258 28.9999 2.9730 0.0000 0.0000 0.0000 0.1200 1
0.5509 28.9993 3.0019 0.0000 0.0000 0.0000 0.1200 1
0.3426 29.0015 3.0216 0.0000 0.0000 0.0000 0.1200 1
0.1235 28.9985 3.0300 0.0000 0.0000 0.0000 0.1200 1
-0.0715 29.0003 3.0202 0.0000 0.0000 0.0000 0.1200 1
-0.2649 29.0011 3.0010 0.0000 0.0000 0.0000 0.1200 1
-0.4370 28.9990 2.9757 0.0000 0.0000 0.0000 0.1200 1
-0.6458 29.0009 2.9229 0.0000 0.0000 0.0000 0.1200 1
-0.8224 29.0001 2.8710 0.0000 0.0000 0.0000 0.1200 1
-0.9948 29.0009 2.8090 0.0000 0.0000 0.0000 0.1200 1
-1.1835 29.0004 2.7229 0.0000 0.0000 0.0000 0.1200 1
-1.3666 29.0006 2.6248 0.0000 0.0000 0.0000 0.1200 1
-1.5237 29.0012 2.5265 0.0000 0.0000 0.0000 0.1200 1
-1.6806 28.9997 2.4178 0.0000 0.0000 0.0000 0.1200 1
-1.8483 29.0003 2.2790 0.0000 0.0000 0.0000 0.1200 1
-1.9792 29.0007 2.1535 0.0000 0.0000 0.0000 0.1200 1
-2.1167 28.9988 2.0087 0.0000 0.0000 0.0000 0.1200 1
-2.2461 29.0021 1.8518 0.0000 0.0000 0.0000 0.1200 1
-2.3512 28.9995 1.7019 0.0000 0.0000 0.0000 0.1200 1
-2.4662 28.9986 1.5186 0.0000 0.0000 0.0000 0.1200 1
-2.5526 29.0002 1.3500 0.0000 0.0000 0.0000 0.1200 1
-2.6393 28.9993 1.1718 0.0000 0.0000 0.0000 0.1200 1
-2.7024 29.0012 0.9976 0.0000 0.0000 0.0000 0.1200 1
-2.7602 29.0008 0.8079 0.0000 0.0000 0.0000 0.1200 1
-2.8086 29.0006 0.6181 0.0000 0.0000 0.0000 0.1200 1
-2.8409 29.0010 0.4227 0.0000 0.0000 0.0000 0.1200 1
-2.8569 28.9985 0.2253 0.0000 0.0000 0.0000 0.1200 1
-2.8643 28.9998 0.0408 0.0000 0.0000 0.0000 0.1200 1
-2.8625 28.9985 -0.1643 0.0000 0.0000 0.0000 0.1200 1
-2.8369 29.0007 -0.3614 0.0000 0.0000 0.0000 0.1200 1
-2.8034 29.0015 -0.5611 0.0000 0.0000 0.0000 0.1200 1
-2.7570 29.0006 -0.7620 0.0000 0.0000 0.0000 0.1200 1
-2.6964 29.0005 -0.9527 0.0000 0.0000 0.0000 0.1200 1
-2.6478 29.0015 -1.1015 0.0000 0.0000 0.0000 0.1200 1
-2.5526 28.9989 -1.3087 0.0000 0.0000 0.0000 0.1200 1
-2.4506 28.9998 -1.4903 0.0000 0.0000 0.0000 0.1200 1
-2.3664 29.0004 -1.6247 0.0000 0.0000 0.0000 0.1200 1
-2.2432 29.0031 -1.8013 0.0000 0.0000 0.0000 0.1200 1
-2.1134 28.9994 -1.9509 0.0000 0.0000 0.0000 0.1200 1
-1.9915 29.0005 -2.0830 0.0000 0.0000 0.0000 0.1200 1
-1.8351 28.9991 -2.2322 0.0000 0.0000 0.0000 0.1200 1
-1.6887 29.0009 -2.3490 0.0000 0.0000 0.0000 0.1200 1
-1.5286 28.9998 -2.4671 0.0000 0.0000 0.0000 0.1200 1
-1.3529 29.0006 -2.5743 0.0000 0.0000 0.0000 0.1200 1
-1.1934 28.9998 -2.6633 0.0000 0.0000 0.0000 0.1200 1
-1.0138 28.9999 -2.7440 0.0000 0.0000 0.0000 0.1200 1
-0.8085 29.0006 -2.8165 0.0000 0.0000 0.0000 0.1200 1
-0.6403 29.0012 -2.8649 0.0000 0.0000 0.0000 0.1200 1
-0.4603 29.0009 -2.9130 0.0000 0.0000 0.0000 0.1200 1
-0.2586 28.9993 -2.9426 0.0000 0.0000 0.0000 0.1200 1
-0.0675 29.0001 -2.9636 0.0000 0.0000 0.0000 0.1200 1
0.1341 29.0011 -2.9713 0.0000 0.0000 0.0000 0.1200 1
0.3264 29.0034 -2.9624 0.0000 0.0000 0.0000 0.1200 1
0.5518 28.9996 -2.9388 0.0000 0.0000 0.0000 0.1200 1
0.7267 28.9999 -2.9152 0.0000 0.0000 0.0000 0.1200 1
0.9188 28.9993 -2.8685 0.0000 0.0000 0.0000 0.1200 1
1.1024 29.0002 -2.8102 0.0000 0.0000 0.0000 0.1200 1
1.2883 28.9988 -2.7380 0.0000 0.0000 0.0000 0.1200 1
1.4524 29.0010 -2.6673 0.0000 0.0000 0.0000 0.1200 1
1.6347 29.0010 -2.5697 0.0000 0.0000 0.0000 0.1200 1
1.7881 29.0010 -2.4730 0.0000 0.0000 0.0000 0.1200 1
1.9628 28.9989 -2.3530 0.0000 0.0000 0.0000 0.1200 1
2.1176 29.0001 -2.2226 0.0000 0.0000 0.0000 0.1200 1
2.2561 29.0014 -2.0912 0.0000 0.0000 0.0000 0.1200 1
2.3872 29.0011 -1.9546 0.0000 0.0000 0.0000 0.1200 1
2.5154 29.0010 -1.7993 0.0000 0.0000 0.0000 0.1200 1
2.6292 28.9998 -1.6381 0.0000 0.0000 0.0000 0.1200 1
2.7311 28.9997 -1.4745 0.0000 0.0000 0.0000 0.1200 1
2.8270 28.9996 -1.3037 0.0000 0.0000 0.0000 0.1200 1
2.9092 29.0005 -1.1172 0.0000 0.0000 0.0000 0.1200 1
2.9837 29.0012 -0.9239 0.0000 0.0000 0.0000 0.1200 1
3.0347 28.9996 -0.7492 0.0000 0.0000 0.0000 0.1200 1
3.0803 29.0015 -0.5516 0.0000 0.0000 0.0000 0.1200 1
3.1117 29.0004 -0.3741 0.0000 0.0000 0.0000 0.1200 1
3.1322 29.0001 -0.1812 0.0000 0.0000 0.0000 0.1200 1
3.1375 29.4986 0.0367 0.0000 0.0000 0.0000 0.1200 1
3.1331 29.5001 0.2235 0.0000 0.0000 0.0000 0.1200 1
3.1142 29.4986 0.4084 0.0000 0.0000 0.0000 0.1200 1
3.0797 29.5011 0.6111 0.0000 0.0000 0.0000 0.1200 1
3.0367 29.5002 0.8177 0.0000 0.0000 0.0000 0.1200 1
2.9806 29.4990 0.9886 0.0000 0.0000 0.0000 0.1200 1
2.9047 29.5013 1.1833 0.0000 0.0000 0.0000 0.1200 1
2.8328 29.4986 1.3469 0.0000 0.0000 0.0000 0.1200 1
2.7340 29.5009 1.5285 0.0000 0.0000 0.0000 0.1200 1
2.6288 29.4987 1.7049 0.0000 0.0000 0.0000 0.1200 1
2.5214 29.4999 1.8553 0.0000 0.0000 0.0000 0.1200 1
2.3907 29.4982 2.0070 0.0000 0.0000 0.0000 0.1200 1
2.2561 29.4997 2.1510 0.0000 0.0000 0.0000 0.1200 1
2.1126 29.4996 2.2892 0.0000 0.0000 0.0000 0.1200 1
1.9738 29.4997 2.3999 0.0000 0.0000 0.0000 0.1200 1
1.8002 29.5002 2.5246 0.0000 0.0000 0.0000 0.1200 1
1.6446 29.4981 2.6190 0.0000 0.0000 0.0000 0.1200 1
1.4633 29.4988 2.7203 0.0000 0.0000 0.0000 0.1200 1
1.2832 29.4983 2.8005 0.0000 0.0000 0.0000 0.1200 1
1.1117 29.5022 2.8648 0.0000 0.0000 0.0000 0.1200 1
0.9069 29.4992 2.9306 0.0000 0.0000 0.0000 0.1200 1
0.7126 29.5010 2.9738 0.0000 0.0000 0.0000 0.1200 1
0.5317 29.4991 3.0041 0.0000 0.0000 0.0000 0.1200 1
0.3418 29.5016 3.0234 0.0000 0.0000 0.0000 0.1200 1
0.1416 29.4984 3.0323 0.0000 0.0000 0.0000 0.1200 1
-0.0526 29.5014 3.0235 0.0000 0.0000 0.0000 0.1200 1
-0.2529 29.4992 3.0049 0.0000 0.0000 0.0000 0.1200 1
-0.4657 29.4986 2.9695 0.0000 0.0000 0.0000 0.1200 1
-0.6367 29.5015 2.9309 0.0000 0.0000 0.0000 0.1200 1
-0.8273 29.5000 2.8681 0.0000 0.0000 0.0000 0.1200 1
-1.0050 29.5005 2.8014 0.0000 0.0000 0.0000 0.1200 1
-1.1803 29.4997 2.7237 0.0000 0.0000 0.0000 0.1200 1
-1.3560 29.4991 2.6292 0.0000 0.0000 0.0000 0.1200 1
-1.5322 29.4991 2.5248 0.0000 0.0000 0.0000 0.1200 1
-1.6807 29.5004 2.4205 0.0000 0.0000 0.0000 0.1200 1
-1.8363 29.4990 2.2858 0.0000 0.0000 0.0000 0.1200 1
-1.9898 29.4976 2.1465 0.0000 0.0000 0.0000 0.1200 1
-2.1071 29.5013 2.0144 0.0000 0.0000 0.0000 0.1200 1
-2.2408 29.4978 1.8557 0.0000 0.0000 0.0000 0.1200 1
-2.3613 29.4997 1.6936 0.0000 0.0000 0.0000 0.1200 1
-2.4608 29.4998 1.5275 0.0000 0.0000 0.0000 0.1200 1
-2.5493 29.4997 1.3749 0.0000 0.0000 0.0000 0.1200 1
-2.6346 29.5005 1.1727 0.0000 0.0000 0.0000 0.1200 1
-2.6993 29.4996 1.0068 0.0000 0.0000 0.0000 0.1200 1
-2.7623 29.5007 0.8018 0.0000 0.0000 0.0000 0.1200 1
-2.8089 29.4990 0.6058 0.0000 0.0000 0.0000 0.1200 1
-2.8349 29.5020 0.4268 0.0000 0.0000 0.0000 0.1200 1
-2.8567 29.5008 0.2288 0.0000 0.0000 0.0000 0.1200 1
-2.8631 29.4995 0.0195 0.0000 0.0000 0.0000 0.1200 1
-2.8563 29.4998 -0.1633 0.0000 0.0000 0.0000 0.1200 1
-2.8361 29.4992 -0.3644 0.0000 0.0000 0.0000 0.1200 1
-2.7987 29.4993 -0.5883 0.0000 0.0000 0.0000 0.1200 1
-2.7576 29.5020 -0.7536 0.0000 0.0000 0.0000 0.1200 1
-2.7026 29.4999 -0.9339 0.0000 0.0000 0.0000 0.1200 1
-2.6334 29.5007 -1.1179 0.0000 0.0000 0.0000 0.1200 1
-2.5517 29.4994 -1.2938 0.0000 0.0000 0.0000 0.1200 1
-2.4618 29.5014 -1.4692 0.0000 0.0000 0.0000 0.1200 1
-2.3619 29.4992 -1.6286 0.0000 0.0000 0.0000 0.1200 1
-2.2393 29.4996 -1.7933 0.0000 0.0000 0.0000 0.1200 1
-2.1248 29.5010 -1.9413 0.0000 0.0000 0.0000 0.1200 1
-1.9831 29.5005 -2.0914 0.0000 0.0000 0.0000 0.1200 1
-1.8519 29.5005 -2.2169 0.0000 0.0000 0.0000 0.1200 1
-1.6868 29.5008 -2.3514 0.0000 0.0000 0.0000 0.1200 1
-1.5265 29.4995 -2.4648 0.0000 0.0000 0.0000 0.1200 1
-1.3831 29.4996 -2.5559 0.0000 0.0000 0.0000 0.1200 1
-1.1984 29.5002 -2.6578 0.0000 0.0000 0.0000 0.1200 1
-1.0216 29.5002 -2.7365 0.0000 0.0000 0.0000 0.1200 1
-0.8152 29.5006 -2.8136 0.0000 0.0000 0.0000 0.1200 1
-0.6452 29.4987 -2.8643 0.0000 0.0000 0.0000 0.1200 1
-0.4464 29.5014 -2.9132 0.0000 0.0000 0.0000 0.1200 1
-0.2511 29.4987 -2.9437 0.0000 0.0000 0.0000 0.1200 1
-0.0630 29.4999 -2.9632 0.0000 0.0000 0.0000 0.1200 1
0.1427 29.5003 -2.9716 0.0000 0.0000 0.0000 0.1200 1
0.3416 29.5015 -2.9644 0.0000 0.0000 0.0000 0.1200 1
0.5319 29.5028 -2.9448 0.0000 0.0000 0.0000 0.1200 1
0.7129 29.4984 -2.9143 0.0000 0.0000 0.0000 0.1200 1
0.9168 29.4993 -2.8676 0.0000 0.0000 0.0000 0.1200 1
1.1078 29.4998 -2.8100 0.0000 0.0000 0.0000 0.1200 1
1.2787 29.4986 -2.7446 0.0000 0.0000 0.0000 0.1200 1
1.4668 29.5023 -2.6553 0.0000 0.0000 0.0000 0.1200 1
1.6392 29.4992 -2.5674 0.0000 0.0000 0.0000 0.1200 1
1.8093 29.4993 -2.4621 0.0000 0.0000 0.0000 0.1200 1
1.9617 29.5009 -2.3541 0.0000 0.0000 0.0000 0.1200 1
2.1300 29.5009 -2.2112 0.0000 0.0000 0.0000 0.1200 1
2.2570 29.5001 -2.0936 0.0000 0.0000 0.0000 0.1200 1
2.3924 29.4993 -1.9535 0.0000 0.0000 0.0000 0.1200 1
2.5215 29.4996 -1.7896 0.0000 0.0000 0.0000 0.1200 1
2.6284 29.5007 -1.6467 0.0000 0.0000 0.0000 0.1200 1
2.7321 29.5012 -1.4844 0.0000 0.0000 0.0000 0.1200 1
2.8285 29.4983 -1.2984 0.0000 0.0000 0.0000 0.1200 1
2.9121 29.4996 -1.1265 0.0000 0.0000 0.0000 0.1200 1
2.9821 29.5009 -0.9298 0.0000 0.0000 0.0000 0.1200 1
3.0345 29.4996 -0.7459 0.0000 0.0000 0.0000 0.1200 1
3.0768 29.5002 -0.5524 0.0000 0.0000 0.0000 0.1200 1
3.1077 29.4985 -0.3701 0.0000 0.0000 0.0000 0.1200 1
3.1302 29.4998 -0.1786 0.0000 0.0000 0.0000 0.1200 1
3.1365 29.9997 0.0390 0.0000 0.0000 0.0000 0.1200 1
3.1302 30.0004 0.2469 0.0000 0.0000 0.0000 0.1200 1
3.1120 29.9987 0.4241 0.0000 0.0000 0.0000 0.1200 1
3.0773 29.9991 0.6271 0.0000 0.0000 0.0000 0.1200 1
3.0355 30.0014 0.8220 0.0000 0.0000 0.0000 0.1200 1
2.9759 29.9994 0.9978 0.0000 0.0000 0.0000 0.1200 1
2.9176 30.0008 1.1635 0.0000 0.0000 0.0000 0.1200 1
2.8196 30.0003 1.3800 0.0000 0.0000 0.0000 0.1200 1
2.7454 30.0006 1.5098 0.0000 0.0000 0.0000 0.1200 1
2.6310 30.0000 1.6976 0.0000 0.0000 0.0000 0.1200 1
2.5198 29.9997 1.8546 0.0000 0.0000 0.0000 0.1200 1
2.3906 29.9994 2.0130 0.0000 0.0000 0.0000 0.1200 1
2.2581 29.9978 2.1512 0.0000 0.0000 0.0000 0.1200 1
2.1198 30.0007 2.2813 0.0000 0.0000 0.0000 0.1200 1
1.9594 29.9997 2.4134 0.0000 0.0000 0.0000 0.1200 1
1.7944 30.0006 2.5348 0.0000 0.0000 0.0000 0.1200 1
1.6388 30.0004 2.6288 0.0000 0.0000 0.0000 0.1200 1
1.4535 29.9988 2.7274 0.0000 0.0000 0.0000 0.1200 1
1.3030 30.0002 2.7977 0.0000 0.0000 0.0000 0.1200 1
1.1041 30.0016 2.8764 0.0000 0.0000 0.0000 0.1200 1
0.9282 30.0000 2.9224 0.0000 0.0000 0.0000 0.1200 1
0.7272 30.0004 2.9741 0.0000 0.0000 0.0000 0.1200 1
0.5384 30.0006 3.0028 0.0000 0.0000 0.0000 0.1200 1
0.3258 29.9986 3.0248 0.0000 0.0000 0.0000 0.1200 1
0.1286 29.9990 3.0308 0.0000 0.0000 0.0000 0.1200 1
-0.0490 29.9995 3.0245 0.0000 0.0000 0.0000 0.1200 1
-0.2408 29.9982 3.0060 0.0000 0.0000 0.0000 0.1200 1
-0.4437 30.0017 2.9747 0.0000 0.0000 0.0000 0.1200 1
-0.6461 29.9989 2.9268 0.0000 0.0000 0.0000 0.1200 1
-0.8406 29.9995 2.8678 0.0000 0.0000 0.0000 0.1200 1
-1.0017 29.9996 2.8034 0.0000 0.0000 0.0000 0.1200 1
-1.1739 29.9997 2.7255 0.0000 0.0000 0.0000 0.1200 1
-1.3431 29.9982 2.6344 0.0000 0.0000 0.0000 0.1200 1
-1.5258 29.9994 2.5253 0.0000 0.0000 0.0000 0.1200 1
-1.6881 30.0004 2.4076 0.0000 0.0000 0.0000 0.1200 1
-1.8373 30.0009 2.2913 0.0000 0.0000 0.0000 0.1200 1
-1.9900 29.9993 2.1443 0.0000 0.0000 0.0000 0.1200 1
-2.1197 30.0005 2.0029 0.0000 0.0000 0.0000 0.1200 1
-2.2393 30.0009 1.8532 0.0000 0.0000 0.0000 0.1200 1
-2.3567 30.0012 1.6974 0.0000 0.0000 0.0000 0.1200 1
-2.4566 29.9989 1.5387 0.0000 0.0000 0.0000 0.1200 1
-2.5496 30.0005 1.3603 0.0000 0.0000 0.0000 0.1200 1
-2.6342 29.9980 1.1790 0.0000 0.0000 0.0000 0.1200 1
-2.7054 30.0010 0.9868 0.0000 0.0000 0.0000 0.1200 1
-2.7595 29.9990 0.8021 0.0000 0.0000 0.0000 0.1200 1
-2.8051 30.0002 0.6075 0.0000 0.0000 0.0000 0.1200 1
-2.8349 30.0015 0.4121 0.0000 0.0000 0.0000 0.1200 1
-2.8534 29.9985 0.2517 0.0000 0.0000 0.0000 0.1200 1
-2.8587 30.0003 0.0263 0.0000 0.0000 0.0000 0.1200 1
-2.8596 29.9995 -0.1357 0.0000 0.0000 0.0000 0.1200 1
-2.8302 29.9998 -0.3831 0.0000 0.0000 0.0000 0.1200 1
-2.8040 30.0010 -0.5509 0.0000 0.0000 0.0000 0.1200 1
-2.7644 30.0003 -0.7351 0.0000 0.0000 0.0000 0.1200 1
-2.7060 29.9997 -0.9278 0.0000 0.0000 0.0000 0.1200 1
-2.6401 29.9986 -1.1124 0.0000 0.0000 0.0000 0.1200 1
-2.5481 29.9989 -1.3009 0.0000 0.0000 0.0000 0.1200 1
-2.4713 30.0011 -1.4424 0.0000 0.0000 0.0000 0.1200 1
-2.3613 29.9994 -1.6345 0.0000 0.0000 0.0000 0.1200 1
-2.2365 29.9989 -1.7989 0.0000 0.0000 0.0000 0.1200 1
-2.1197 29.9998 -1.9430 0.0000 0.0000 0.0000 0.1200 1
-1.9929 30.0018 -2.0756 0.0000 0.0000 0.0000 0.1200 1
-1.8253 29.9994 -2.2372 0.0000 0.0000 0.0000 0.1200 1
-1.6868 29.9995 -2.3527 0.0000 0.0000 0.0000 0.1200 1
-1.5272 30.0010 -2.4629 0.0000 0.0000 0.0000 0.1200 1
-1.3703 30.0009 -2.5649 0.0000 0.0000 0.0000 0.1200 1
-1.1741 29.9987 -2.6675 0.0000 0.0000 0.0000 0.1200 1
-1.0269 29.9989 -2.7379 0.0000 0.0000 0.0000 0.1200 1
-0.8271 29.9987 -2.8111 0.0000 0.0000 0.0000 0.1200 1
-0.6318 30.0004 -2.8674 0.0000 0.0000 0.0000 0.1200 1
-0.4587 29.9998 -2.9075 0.0000 0.0000 0.0000 0.1200 1
-0.2506 29.9994 -2.9460 0.0000 0.0000 0.0000 0.1200 1
-0.0616 30.0012 -2.9619 0.0000 0.0000 0.0000 0.1200 1
0.1405 29.9989 -2.9687 0.0000 0.0000 0.0000 0.1200 1
0.3278 29.9994 -2.9633 0.0000 0.0000 0.0000 0.1200 1
0.5342 30.0006 -2.9439 0.0000 0.0000 0.0000 0.1200 1
0.7089 30.0011 -2.9150 0.0000 0.0000 0.0000 0.1200 1
0.9026 30.0014 -2.8701 0.0000 0.0000 0.0000 0.1200 1
1.1185 30.0002 -2.8058 0.0000 0.0000 0.0000 0.1200 1
1.2877 29.9982 -2.7399 0.0000 0.0000 0.0000 0.1200 1
1.4681 29.9991 -2.6627 0.0000 0.0000 0.0000 0.1200 1
1.6453 30.0000 -2.5615 0.0000 0.0000 0.0000 0.1200 1
1.8144 30.0022 -2.4570 0.0000 0.0000 0.0000 0.1200 1
1.9683 30.0000 -2.3463 0.0000 0.0000 0.0000 0.1200 1
2.1221 30.0002 -2.2212 0.0000 0.0000 0.0000 0.1200 1
2.2678 30.0003 -2.0833 0.0000 0.0000 0.0000 0.1200 1
2.3916 30.0001 -1.9521 0.0000 0.0000 0.0000 0.1200 1
2.5048 30.0007 -1.8151 0.0000 0.0000 0.0000 0.1200 1
2.6380 30.0001 -1.6229 0.0000 0.0000 0.0000 0.1200 1
2.7328 30.0003 -1.4757 0.0000 0.0000 0.0000 0.1200 1
2.8276 30.0002 -1.3041 0.0000 0.0000 0.0000 0.1200 1
2.9156 30.0005 -1.1092 0.0000 0.0000 0.0000 0.1200 1
2.9815 30.0003 -0.9269 0.0000 0.0000 0.0000 0.1200 1
3.0392 29.9994 -0.7569 0.0000 0.0000 0.0000 0.1200 1
3.0812 30.0014 -0.5466 0.0000 0.0000 0.0000 0.1200 1
3.1131 29.9992 -0.3501 0.0000 0.0000 0.0000 0.1200 1
3.1324 29.9989 -0.1672 0.0000 0.0000 0.0000 0.1200 1
3.1381 30.4980 0.0238 0.0000 0.0000 0.0000 0.1200 1
3.1341 30.4998 0.2302 0.0000 0.0000 0.0000 0.1200 1
3.1128 30.4988 0.4198 0.0000 0.0000 0.0000 0.1200 1
3.0805 30.5000 0.5941 0.0000 0.0000 0.0000 0.1200 1
3.0347 30.5004 0.8144 0.0000 0.0000 0.0000 0.1200 1
2.9797 30.5008 1.0064 0.0000 0.0000 0.0000 0.1200 1
2.9162 30.5006 1.1771 0.0000 0.0000 0.0000 0.1200 1
2.8287 30.5001 1.3583 0.0000 0.0000 0.0000 0.1200 1
2.7409 30.4996 1.5246 0.0000 0.0000 0.0000 0.1200 1
2.6329 30.4986 1.6967 0.0000 0.0000 0.0000 0.1200 1
2.5149 30.5004 1.8591 0.0000 0.0000 0.0000 0.1200 1
2.3833 30.5012 2.0179 0.0000 0.0000 0.0000 0.1200 1
2.2640 30.4988 2.1515 0.0000 0.0000 0.0000 0.1200 1
2.1223 30.5003 2.2835 0.0000 0.0000 0.0000 0.1200 1
1.9544 30.4997 2.4231 0.0000 0.0000 0.0000 0.1200 1
1.8049 30.4995 2.5285 0.0000 0.0000 0.0000 0.1200 1
1.6472 30.4986 2.6222 0.0000 0.0000 0.0000 0.1200 1
1.4700 30.4998 2.7204 0.0000 0.0000 0.0000 0.1200 1
1.2635 30.5003 2.8112 0.0000 0.0000 0.0000 0.1200 1
1.1006 30.4992 2.8699 0.0000 0.0000 0.0000 0.1200 1
0.8975 30.5000 2.9340 0.0000 0.0000 0.0000 0.1200 1
0.7308 30.4977 2.9698 0.0000 0.0000 0.0000 0.1200 1
0.5240 30.5007 3.0043 0.0000 0.0000 0.0000 0.1200 1
0.3347 30.4992 3.0262 0.0000 0.0000 0.0000 0.1200 1
0.1344 30.5007 3.0316 0.0000 0.0000 0.0000 0.1200 1
-0.0341 30.5005 3.0230 0.0000 0.0000 0.0000 0.1200 1
-0.2388 30.5008 3.0058 0.0000 0.0000 0.0000 0.1200 1
-0.4523 30.4986 2.9695 0.0000 0.0000 0.0000 0.1200 1
-0.6314 30.5002 2.9286 0.0000 0.0000 0.0000 0.1200 1
-0.8214 30.4997 2.8749 0.0000 0.0000 0.0000 0.1200 1
-1.0205 30.4986 2.7951 0.0000 0.0000 0.0000 0.1200 1
-1.1957 30.4998 2.7160 0.0000 0.0000 0.0000 0.1200 1
-1.3649 30.4979 2.6254 0.0000 0.0000 0.0000 0.1200 1
-1.5569 30.4998 2.5077 0.0000 0.0000 0.0000 0.1200 1
-1.6869 30.5017 2.4042 0.0000 0.0000 0.0000 0.1200 1
-1.8402 30.5020 2.2873 0.0000 0.0000 0.0000 0.1200 1
-1.9729 30.4992 2.1585 0.0000 0.0000 0.0000 0.1200 1
-2.1204 30.4995 2.0057 0.0000 0.0000 0.0000 0.1200 1
-2.2414 30.4995 1.8568 0.0000 0.0000 0.0000 0.1200 1
-2.3539 30.5006 1.6975 0.0000 0.0000 0.0000 0.1200 1
-2.4609 30.5020 1.5350 0.0000 0.0000 0.0000 0.1200 1
-2.5500 30.4987 1.3628 0.0000 0.0000 0.0000 0.1200 1
-2.6332 30.5016 1.1764 0.0000 0.0000 0.0000 0.1200 1
-2.7084 30.5013 0.9873 0.0000 0.0000 0.0000 0.1200 1
-2.7667 30.4998 0.7863 0.0000 0.0000 0.0000 0.1200 1
-2.8020 30.4998 0.6260 0.0000 0.0000 0.0000 0.1200 1
-2.8305 30.5004 0.4257 0.0000 0.0000 0.0000 0.1200 1
-2.8529 30.5005 0.2209 0.0000 0.0000 0.0000 0.1200 1
-2.8606 30.5006 0.0159 0.0000 0.0000 0.0000 0.1200 1
-2.8532 30.5004 -0.1560 0.0000 0.0000 0.0000 0.1200 1
-2.8364 30.5011 -0.3531 0.0000 0.0000 0.0000 0.1200 1
-2.8005 30.5008 -0.5506 0.0000 0.0000 0.0000 0.1200 1
-2.7552 30.5012 -0.7482 0.0000 0.0000 0.0000 0.1200 1
-2.7081 30.5008 -0.9159 0.0000 0.0000 0.0000 0.1200 1
-2.6309 30.5007 -1.1165 0.0000 0.0000 0.0000 0.1200 1
-2.5548 30.4994 -1.2933 0.0000 0.0000 0.0000 0.1200 1
-2.4546 30.5012 -1.4785 0.0000 0.0000 0.0000 0.1200 1
-2.3565 30.5013 -1.6242 0.0000 0.0000 0.0000 0.1200 1
-2.2453 30.4993 -1.7852 0.0000 0.0000 0.0000 0.1200 1
-2.1113 30.4993 -1.9541 0.0000 0.0000 0.0000 0.1200 1
-1.9751 30.4989 -2.0957 0.0000 0.0000 0.0000 0.1200 1
-1.8364 30.4997 -2.2278 0.0000 0.0000 0.0000 0.1200 1
-1.6904 30.5008 -2.3454 0.0000 0.0000 0.0000 0.1200 1
-1.5211 30.5002 -2.4631 0.0000 0.0000 0.0000 0.1200 1
-1.3475 30.5009 -2.5730 0.0000 0.0000 0.0000 0.1200 1
-1.1963 30.4985 -2.6538 0.0000 0.0000 0.0000 0.1200 1
-1.0154 30.5001 -2.7379 0.0000 0.0000 0.0000 0.1200 1
-0.8231 30.5002 -2.8133 0.0000 0.0000 0.0000 0.1200 1
-0.6527 30.4997 -2.8613 0.0000 0.0000 0.0000 0.1200 1
-0.4384 30.5013 -2.9116 0.0000 0.0000 0.0000 0.1200 1
-0.2441 30.4999 -2.9451 0.0000 0.0000 0.0000 0.1200 1
-0.0497 30.5009 -2.9642 0.0000 0.0000 0.0000 0.1200 1
0.1235 30.4998 -2.9659 0.0000 0.0000 0.0000 0.1200 1
0.3225 30.5006 -2.9629 0.0000 0.0000 0.0000 0.1200 1
0.5359 30.4993 -2.9412 0.0000 0.0000 0.0000 0.1200 1
0.7289 30.4996 -2.9105 0.0000 0.0000 0.0000 0.1200 1
0.9082 30.5007 -2.8683 0.0000 0.0000 0.0000 0.1200 1
1.0980 30.4985 -2.8140 0.0000 0.0000 0.0000 0.1200 1
1.2881 30.5007 -2.7414 0.0000 0.0000 0.0000 0.1200 1
1.4765 30.5023 -2.6536 0.0000 0.0000 0.0000 0.1200 1
1.6472 30.4995 -2.5620 0.0000 0.0000 0.0000 0.1200 1
1.8032 30.5002 -2.4690 0.0000 0.0000 0.0000 0.1200 1
1.9913 30.4992 -2.3312 0.0000 0.0000 0.0000 0.1200 1
2.1150 30.5005 -2.2256 0.0000 0.0000 0.0000 0.1200 1
2.2523 30.4994 -2.0975 0.0000 0.0000 0.0000 0.1200 1
2.3834 30.5006 -1.9599 0.0000 0.0000 0.0000 0.1200 1
2.5219 30.4993 -1.7893 0.0000 0.0000 0.0000 0.1200 1
2.6300 30.5023 -1.6399 0.0000 0.0000 0.0000 0.1200 1
2.7393 30.4993 -1.4622 0.0000 0.0000 0.0000 0.1200 1
2.8301 30.4979 -1.3004 0.0000 0.0000 0.0000 0.1200 1
2.9163 30.4994 -1.1084 0.0000 0.0000 0.0000 0.1200 1
2.9766 30.5009 -0.9417 0.0000 0.0000 0.0000 0.1200 1
3.0437 30.5013 -0.7262 0.0000 0.0000 0.0000 0.1200 1
3.0802 30.4987 -0.5652 0.0000 0.0000 0.0000 0.1200 1
3.1133 30.4989 -0.3589 0.0000 0.0000 0.0000 0.1200 1
3.1346 30.5010 -0.1764 0.0000 0.0000 0.0000 0.1200 1
3.1386 31.0002 0.0453 0.0000 0.0000 0.0000 0.1200 1
3.1315 30.9978 0.2268 0.0000 0.0000 0.0000 0.1200 1
3.1136 30.9990 0.4339 0.0000 0.0000 0.0000 0.1200 1
3.0808 31.0019 0.6202 0.0000 0.0000 0.0000 0.1200 1
3.0434 30.9994 0.7995 0.0000 0.0000 0.0000 0.1200 1
2.9792 31.0012 0.9956 0.0000 0.0000 0.0000 0.1200 1
2.9148 31.0002 1.1769 0.0000 0.0000 0.0000 0.1200 1
2.8290 30.9986 1.3612 0.0000 0.0000 0.0000 0.1200 1
2.7422 30.9999 1.5270 0.0000 0.0000 0.0000 0.1200 1
2.6324 31.0002 1.6954 0.0000 0.0000 0.0000 0.1200 1
2.5223 31.0001 1.8528 0.0000 0.0000 0.0000 0.1200 1
2.3983 31.0001 2.0082 0.0000 0.0000 0.0000 0.1200 1
2.2562 30.9991 2.1604 0.0000 0.0000 0.0000 0.1200 1
2.1039 31.0006 2.2987 0.0000 0.0000 0.0000 0.1200 1
1.9730 30.9990 2.4006 0.0000 0.0000 0.0000 0.1200 1
1.8048 30.9993 2.5263 0.0000 0.0000 0.0000 0.1200 1
1.6507 31.0003 2.6222 0.0000 0.0000 0.0000 0.1200 1
1.4545 31.0001 2.7248 0.0000 0.0000 0.0000 0.1200 1
1.2970 31.0008 2.7991 0.0000 0.0000 0.0000 0.1200 1
1.1216 30.9988 2.8694 0.0000 0.0000 0.0000 0.1200 1
0.9149 31.0003 2.9306 0.0000 0.0000 0.0000 0.1200 1
0.7192 31.0002 2.9747 0.0000 0.0000 0.0000 0.1200 1
0.5431 30.9999 3.0046 0.0000 0.0000 0.0000 0.1200 1
0.3423 31.0001 3.0270 0.0000 0.0000 0.0000 0.1200 1
0.1468 31.0001 3.0317 0.0000 0.0000 0.0000 0.1200 1
-0.0817 31.0011 3.0253 0.0000 0.0000 0.0000 0.1200 1
-0.2570 30.9996 3.0032 0.0000 0.0000 0.0000 0.1200 1
-0.4328 31.0007 2.9728 0.0000 0.0000 0.0000 0.1200 1
-0.6474 30.9987 2.9269 0.0000 0.0000 0.0000 0.1200 1
-0.8284 31.0003 2.8737 0.0000 0.0000 0.0000 0.1200 1
-1.0275 31.0023 2.7961 0.0000 0.0000 0.0000 0.1200 1
-1.1965 31.0004 2.7151 0.0000 0.0000 0.0000 0.1200 1
-1.3592 30.9996 2.6272 0.0000 0.0000 0.0000 0.1200 1
-1.5122 31.0007 2.5290 0.0000 0.0000 0.0000 0.1200 1
-1.6821 31.0013 2.4141 0.0000 0.0000 0.0000 0.1200 1
-1.8209 31.0008 2.2979 0.0000 0.0000 0.0000 0.1200 1
-1.9811 31.0001 2.1484 0.0000 0.0000 0.0000 0.1200 1
-2.1055 31.0002 2.0176 0.0000 0.0000 0.0000 0.1200 1
-2.2362 30.9999 1.8574 0.0000 0.0000 0.0000 0.1200 1
-2.3477 30.9989 1.7098 0.0000 0.0000 0.0000 0.1200 1
-2.4528 30.9999 1.5358 0.0000 0.0000 0.0000 0.1200 1
-2.5602 31.0000 1.3374 0.0000 0.0000 0.0000 0.1200 1
-2.6293 31.0016 1.1762 0.0000 0.0000 0.0000 0.1200 1
-2.6954 31.0005 1.0069 0.0000 0.0000 0.0000 0.1200 1
-2.7545 31.0001 0.8090 0.0000 0.0000 0.0000 0.1200 1
-2.8050 30.9995 0.6053 0.0000 0.0000 0.0000 0.1200 1
-2.8352 31.0015 0.4244 0.0000 0.0000 0.0000 0.1200 1
-2.8511 30.9992 0.2460 0.0000 0.0000 0.0000 0.1200 1
-2.8593 30.9994 0.0426 0.0000 0.0000 0.0000 0.1200 1
-2.8560 30.9986 -0.1503 0.0000 0.0000 0.0000 0.1200 1
-2.8369 31.0009 -0.3424 0.0000 0.0000 0.0000 0.1200 1
-2.7998 31.0008 -0.5722 0.0000 0.0000 0.0000 0.1200 1
-2.7524 30.9996 -0.7646 0.0000 0.0000 0.0000 0.1200 1
-2.6973 31.0005 -0.9423 0.0000 0.0000 0.0000 0.1200 1
-2.6371 31.0004 -1.1118 0.0000 0.0000 0.0000 0.1200 1
-2.5550 30.9996 -1.2805 0.0000 0.0000 0.0000 0.1200 1
-2.4523 30.9994 -1.4722 0.0000 0.0000 0.0000 0.1200 1
-2.3637 30.9996 -1.6200 0.0000 0.0000 0.0000 0.1200 1
-2.2308 31.0004 -1.8054 0.0000 0.0000 0.0000 0.1200 1
-2.1042 30.9994 -1.9608 0.0000 0.0000 0.0000 0.1200 1
-1.9847 31.0002 -2.0867 0.0000 0.0000 0.0000 0.1200 1
-1.8380 31.0000 -2.2280 0.0000 0.0000 0.0000 0.1200 1
-1.6862 30.9997 -2.3512 0.0000 0.0000 0.0000 0.1200 1
-1.5302 31.0001 -2.4620 0.0000 0.0000 0.0000 0.1200 1
-1.3710 31.0004 -2.5614 0.0000 0.0000 0.0000 0.1200 1
-1.1727 31.0001 -2.6635 0.0000 0.0000 0.0000 0.1200 1
-1.0037 30.9989 -2.7393 0.0000 0.0000 0.0000 0.1200 1
-0.8321 30.9991 -2.8062 0.0000 0.0000 0.0000 0.1200 1
-0.6404 31.0002 -2.8660 0.0000 0.0000 0.0000 0.1200 1
-0.4307 30.9990 -2.9155 0.0000 0.0000 0.0000 0.1200 1
-0.2391 30.9999 -2.9431 0.0000 0.0000 0.0000 0.1200 1
-0.0497 30.9993 -2.9599 0.0000 0.0000 0.0000 0.1200 1
0.1648 30.9998 -2.9686 0.0000 0.0000 0.0000 0.1200 1
0.3481 30.9999 -2.9612 0.0000 0.0000 0.0000 0.1200 1
0.5289 30.9995 -2.9462 0.0000 0.0000 0.0000 0.1200 1
0.7313 31.0014 -2.9083 0.0000 0.0000 0.0000 0.1200 1
0.9030 30.9978 -2.8727 0.0000 0.0000 0.0000 0.1200 1
1.1048 30.9997 -2.8086 0.0000 0.0000 0.0000 0.1200 1
1.2853 31.0001 -2.7400 0.0000 0.0000 0.0000 0.1200 1
1.4879 30.9983 -2.6507 0.0000 0.0000 0.0000 0.1200 1
1.6342 31.0008 -2.5695 0.0000 0.0000 0.0000 0.1200 1
1.8087 30.9990 -2.4681 0.0000 0.0000 0.0000 0.1200 1
1.9603 31.0002 -2.3567 0.0000 0.0000 0.0000 0.1200 1
2.1019 31.0019 -2.2389 0.0000 0.0000 0.0000 0.1200 1
2.2495 30.9989 -2.1002 0.0000 0.0000 0.0000 0.1200 1
2.4105 31.0003 -1.9280 0.0000 0.0000 0.0000 0.1200 1
2.5354 31.0013 -1.7797 0.0000 0.0000 0.0000 0.1200 1
2.6282 30.9995 -1.6498 0.0000 0.0000 0.0000 0.1200 1
2.7409 30.9988 -1.4635 0.0000 0.0000 0.0000 0.1200 1
2.8332 31.0007 -1.2894 0.0000 0.0000 0.0000 0.1200 1
2.9084 31.0004 -1.1226 0.0000 0.0000 0.0000 0.1200 1
2.9739 31.0002 -0.9586 0.0000 0.0000 0.0000 0.1200 1
3.0417 30.9992 -0.7352 0.0000 0.0000 0.0000 0.1200 1
3.0807 30.9993 -0.5669 0.0000 0.0000 0.0000 0.1200 1
3.1161 31.0014 -0.3566 0.0000 0.0000 0.0000 0.1200 1
3.1339 30.9991 -0.1548 0.0000 0.0000 0.0000 0.1200 1
3.1441 31.4991 0.0380 0.0000 0.0000 0.0000 0.1200 1
3.1383 31.5008 0.2244 0.0000 0.0000 0.0000 0.1200 1
3.1175 31.4985 0.4133 0.0000 0.0000 0.0000 0.1200 1
3.0836 31.4999 0.6198 0.0000 0.0000 0.0000 0.1200 1
3.0411 31.4993 0.7935 0.0000 0.0000 0.0000 0.1200 1
2.9855 31.4993 0.9894 0.0000 0.0000 0.0000 0.1200 1
2.9109 31.4999 1.1841 0.0000 0.0000 0.0000 0.1200 1
2.8388 31.5010 1.3448 0.0000 0.0000 0.0000 0.1200 1
2.7506 31.4988 1.5104 0.0000 0.0000 0.0000 0.1200 1
2.6354 31.4993 1.6975 0.0000 0.0000 0.0000 0.1200 1
2.5247 31.5016 1.8525 0.0000 0.0000 0.0000 0.1200 1
2.3983 31.4995 2.0110 0.0000 0.0000 0.0000 0.1200 1
2.2567 31.4986 2.1548 0.0000 0.0000 0.0000 0.1200 1
2.1260 31.5010 2.2828 0.0000 0.0000 0.0000 0.1200 1
1.9534 31.5001 2.4229 0.0000 0.0000 0.0000 0.1200 1
1.7958 31.5007 2.5316 0.0000 0.0000 0.0000 0.1200 1
1.6460 31.5018 2.6288 0.0000 0.0000 0.0000 0.1200 1
1.4584 31.5006 2.7284 0.0000 0.0000 0.0000 0.1200 1
1.2829 31.4991 2.8081 0.0000 0.0000 0.0000 0.1200 1
1.1142 31.4991 2.8683 0.0000 0.0000 0.0000 0.1200 1
0.9209 31.4995 2.9283 0.0000 0.0000 0.0000 0.1200 1
0.7254 31.5003 2.9752 0.0000 0.0000 0.0000 0.1200 1
0.5365 31.4999 3.0040 0.0000 0.0000 0.0000 0.1200 1
0.3558 31.4996 3.0283 0.0000 0.0000 0.0000 0.1200 1
0.1418 31.5024 3.0309 0.0000 0.0000 0.0000 0.1200 1
-0.0586 31.4992 3.0257 0.0000 0.0000 0.0000 0.1200 1
-0.2438 31.5008 3.0076 0.0000 0.0000 0.0000 0.1200 1
-0.4420 31.4996 2.9734 0.0000 0.0000 0.0000 0.1200 1
-0.6463 31.5005 2.9274 0.0000 0.0000 0.0000 0.1200 1
-0.8380 31.5000 2.8686 0.0000 0.0000 0.0000 0.1200 1
-1.0092 31.4994 2.8024 0.0000 0.0000 0.0000 0.1200 1
-1.1773 31.4997 2.7226 0.0000 0.0000 0.0000 0.1200 1
-1.3687 31.4992 2.6234 0.0000 0.0000 0.0000 0.1200 1
-1.5149 31.5005 2.5328 0.0000 0.0000 0.0000 0.1200 1
-1.6826 31.5015 2.4148 0.0000 0.0000 0.0000 0.1200 1
-1.8435 31.5012 2.2866 0.0000 0.0000 0.0000 0.1200 1
-1.9736 31.5000 2.1570 0.0000 0.0000 0.0000 0.1200 1
-2.1142 31.5008 2.0072 0.0000 0.0000 0.0000 0.1200 1
-2.2317 31.5005 1.8631 0.0000 0.0000 0.0000 0.1200 1
-2.3480 31.4995 1.7038 0.0000 0.0000 0.0000 0.1200 1
-2.4586 31.5002 1.5293 0.0000 0.0000 0.0000 0.1200 1
-2.5491 31.4995 1.3628 0.0000 0.0000 0.0000 0.1200 1
-2.6302 31.5021 1.1739 0.0000 0.0000 0.0000 0.1200 1
-2.7006 31.4991 0.9942 0.0000 0.0000 0.0000 0.1200 1
-2.7584 31.4993 0.7985 0.0000 0.0000 0.0000 0.1200 1
-2.8003 31.5002 0.6142 0.0000 0.0000 0.0000 0.1200 1
-2.8300 31.4987 0.4229 0.0000 0.0000 0.0000 0.1200 1
-2.8516 31.4996 0.2320 0.0000 0.0000 0.0000 0.1200 1
-2.8552 31.4997 0.0449 0.0000 0.0000 0.0000 0.1200 1
-2.8510 31.4986 -0.1700 0.0000 0.0000 0.0000 0.1200 1
-2.8314 31.5002 -0.3742 0.0000 0.0000 0.0000 0.1200 1
-2.8052 31.5004 -0.5429 0.0000 0.0000 0.0000 0.1200 1
-2.7536 31.5005 -0.7528 0.0000 0.0000 0.0000 0.1200 1
-2.6958 31.4981 -0.9365 0.0000 0.0000 0.0000 0.1200 1
-2.6255 31.5002 -1.1275 0.0000 0.0000 0.0000 0.1200 1
-2.5402 31.5014 -1.3045 0.0000 0.0000 0.0000 0.1200 1
-2.4608 31.5013 -1.4502 0.0000 0.0000 0.0000 0.1200 1
-2.3384 31.4999 -1.6555 0.0000 0.0000 0.0000 0.1200 1
-2.2426 31.5010 -1.7866 0.0000 0.0000 0.0000 0.1200 1
-2.1206 31.5015 -1.9365 0.0000 0.0000 0.0000 0.1200 1
-1.9794 31.5016 -2.0902 0.0000 0.0000 0.0000 0.1200 1
-1.8406 31.4995 -2.2213 0.0000 0.0000 0.0000 0.1200 1
-1.6919 31.5004 -2.3459 0.0000 0.0000 0.0000 0.1200 1
-1.5233 31.5008 -2.4629 0.0000 0.0000 0.0000 0.1200 1
-1.3520 31.5004 -2.5722 0.0000 0.0000 0.0000 0.1200 1
-1.1952 31.4994 -2.6533 0.0000 0.0000 0.0000 0.1200 1
-1.0075 31.4998 -2.7390 0.0000 0.0000 0.0000 0.1200 1
-0.8155 31.4997 -2.8120 0.0000 0.0000 0.0000 0.1200 1
-0.6315 31.5001 -2.8678 0.0000 0.0000 0.0000 0.1200 1
-0.4228 31.4994 -2.9152 0.0000 0.0000 0.0000 0.1200 1
-0.2233 31.4997 -2.9443 0.0000 0.0000 0.0000 0.1200 1
-0.0637 31.5014 -2.9587 0.0000 0.0000 0.0000 0.1200 1
0.1339 31.5017 -2.9692 0.0000 0.0000 0.0000 0.1200 1
0.3463 31.4990 -2.9617 0.0000 0.0000 0.0000 0.1200 1
0.5381 31.5012 -2.9406 0.0000 0.0000 0.0000 0.1200 1
0.7240 31.4996 -2.9096 0.0000 0.0000 0.0000 0.1200 1
0.9296 31.5003 -2.8673 0.0000 0.0000 0.0000 0.1200 1
1.1152 31.5004 -2.8074 0.0000 0.0000 0.0000 0.1200 1
1.2958 31.5004 -2.7400 0.0000 0.0000 0.0000 0.1200 1
1.4774 31.5002 -2.6542 0.0000 0.0000 0.0000 0.1200 1
1.6544 31.5000 -2.5603 0.0000 0.0000 0.0000 0.1200 1
1.8116 31.5001 -2.4562 0.0000 0.0000 0.0000 0.1200 1
1.9651 31.4977 -2.3503 0.0000 0.0000 0.0000 0.1200 1
2.1319 31.5010 -2.2140 0.0000 0.0000 0.0000 0.1200 1
2.2651 31.4992 -2.0881 0.0000 0.0000 0.0000 0.1200 1
2.3976 31.5002 -1.9487 0.0000 0.0000 0.0000 0.1200 1
2.5176 31.5011 -1.8010 0.0000 0.0000 0.0000 0.1200 1
2.6445 31.4997 -1.6251 0.0000 0.0000 0.0000 0.1200 1
2.7439 31.5027 -1.4603 0.0000 0.0000 0.0000 0.1200 1
2.8339 31.4985 -1.2904 0.0000 0.0000 0.0000 0.1200 1
2.9149 31.4996 -1.1144 0.0000 0.0000 0.0000 0.1200 1
2.9829 31.4999 -0.9370 0.0000 0.0000 0.0000 0.1200 1
3.0388 31.4995 -0.7496 0.0000 0.0000 0.0000 0.1200 1
3.0835 31.4992 -0.5603 0.0000 0.0000 0.0000 0.1200 1
3.1142 31.4999 -0.3688 0.0000 0.0000 0.0000 0.1200 1
3.1313 31.4988 -0.1528 0.0000 0.0000 0.0000 0.1200 1
3.1470 32.0009 0.0281 0.0000 0.0000 0.0000 0.1200 1
3.1377 32.0009 0.2302 0.0000 0.0000 0.0000 0.1200 1
3.1137 31.9986 0.4316 0.0000 0.0000 0.0000 0.1200 1
3.0803 32.0011 0.6343 0.0000 0.0000 0.0000 0.1200 1
3.0422 31.9999 0.8052 0.0000 0.0000 0.0000 0.1200 1
2.9883 32.0012 0.9838 0.0000 0.0000 0.0000 0.1200 1
2.9193 31.9990 1.1666 0.0000 0.0000 0.0000 0.1200 1
2.8350 31.9990 1.3572 0.0000 0.0000 0.0000 0.1200 1
2.7404 31.9999 1.5346 0.0000 0.0000 0.0000 0.1200 1
2.6354 31.9991 1.6988 0.0000 0.0000 0.0000 0.1200 1
2.5436 31.9994 1.8277 0.0000 0.0000 0.0000 0.1200 1
2.3946 31.9991 2.0120 0.0000 0.0000 0.0000 0.1200 1
2.2521 31.9989 2.1659 0.0000 0.0000 0.0000 0.1200 1
2.1206 32.0004 2.2913 0.0000 0.0000 0.0000 0.1200 1
1.9686 31.9988 2.4122 0.0000 0.0000 0.0000 0.1200 1
1.7994 31.9990 2.5311 0.0000 0.0000 0.0000 0.1200 1
1.6377 32.0004 2.6321 0.0000 0.0000 0.0000 0.1200 1
1.4597 31.9992 2.7280 0.0000 0.0000 0.0000 0.1200 1
1.2950 31.9975 2.8025 0.0000 0.0000 0.0000 0.1200 1
1.1105 32.0009 2.8721 0.0000 0.0000 0.0000 0.1200 1
0.9165 32.0016 2.9301 0.0000 0.0000 0.0000 0.1200 1
0.7169 31.9992 2.9727 0.0000 0.0000 0.0000 0.1200 1
0.5213 31.9992 3.0056 0.0000 0.0000 0.0000 0.1200 1
0.3434 31.9990 3.0227 0.0000 0.0000 0.0000 0.1200 1
0.1331 32.0006 3.0320 0.0000 0.0000 0.0000 0.1200 1
-0.0324 32.0003 3.0254 0.0000 0.0000 0.0000 0.1200 1
-0.2555 31.9986 3.0080 0.0000 0.0000 0.0000 0.1200 1
-0.4382 32.0002 2.9735 0.0000 0.0000 0.0000 0.1200 1
-0.6391 31.9979 2.9235 0.0000 0.0000 0.0000 0.1200 1
-0.8212 32.0001 2.8726 0.0000 0.0000 0.0000 0.1200 1
-0.9979 31.9982 2.8077 0.0000 0.0000 0.0000 0.1200 1
-1.1644 31.9997 2.7266 0.0000 0.0000 0.0000 0.1200 1
-1.3673 31.9982 2.6238 0.0000 0.0000 0.0000 0.1200 1
-1.5122 31.9982 2.5353 0.0000 0.0000 0.0000 0.1200 1
-1.6893 31.9984 2.4103 0.0000 0.0000 0.0000 0.1200 1
-1.8265 31.9995 2.2968 0.0000 0.0000 0.0000 0.1200 1
-1.9657 32.0013 2.1658 0.0000 0.0000 0.0000 0.1200 1
-2.1207 32.0000 2.0045 0.0000 0.0000 0.0000 0.1200 1
-2.2355 32.0006 1.8609 0.0000 0.0000 0.0000 0.1200 1
-2.3552 32.0021 1.6973 0.0000 0.0000 0.0000 0.1200 1
-2.4553 32.0003 1.5358 0.0000 0.0000 0.0000 0.1200 1
-2.5389 32.0002 1.3772 0.0000 0.0000 0.0000 0.1200 1
-2.6309 32.0004 1.1764 0.0000 0.0000 0.0000 0.1200 1
-2.6960 32.0000 1.0007 0.0000 0.0000 0.0000 0.1200 1
-2.7505 32.0017 0.8177 0.0000 0.0000 0.0000 0.1200 1
-2.7971 31.9981 0.6145 0.0000 0.0000 0.0000 0.1200 1
-2.8313 32.0002 0.4413 0.0000 0.0000 0.0000 0.1200 1
-2.8483 31.9999 0.2361 0.0000 0.0000 0.0000 0.1200 1
-2.8553 31.9999 0.0471 0.0000 0.0000 0.0000 0.1200 1
-2.8485 31.9994 -0.1706 0.0000 0.0000 0.0000 0.1200 1
-2.8279 32.0000 -0.3668 0.0000 0.0000 0.0000 0.1200 1
-2.7989 32.0006 -0.5502 0.0000 0.0000 0.0000 0.1200 1
-2.7494 31.9984 -0.7572 0.0000 0.0000 0.0000 0.1200 1
-2.7017 31.9995 -0.9205 0.0000 0.0000 0.0000 0.1200 1
-2.6274 31.9996 -1.1225 0.0000 0.0000 0.0000 0.1200 1
-2.5452 32.0003 -1.2996 0.0000 0.0000 0.0000 0.1200 1
-2.4478 31.9985 -1.4830 0.0000 0.0000 0.0000 0.1200 1
-2.3495 32.0001 -1.6400 0.0000 0.0000 0.0000 0.1200 1
-2.2368 32.0013 -1.7930 0.0000 0.0000 0.0000 0.1200 1
-2.1146 32.0017 -1.9424 0.0000 0.0000 0.0000 0.1200 1
-1.9984 32.0006 -2.0737 0.0000 0.0000 0.0000 0.1200 1
-1.8247 32.0012 -2.2306 0.0000 0.0000 0.0000 0.1200 1
-1.6674 31.9990 -2.3581 0.0000 0.0000 0.0000 0.1200 1
-1.5112 31.9997 -2.4664 0.0000 0.0000 0.0000 0.1200 1
-1.3566 31.9993 -2.5642 0.0000 0.0000 0.0000 0.1200 1
-1.1890 32.0011 -2.6593 0.0000 0.0000 0.0000 0.1200 1
-1.0180 32.0000 -2.7365 0.0000 0.0000 0.0000 0.1200 1
-0.8132 32.0003 -2.8129 0.0000 0.0000 0.0000 0.1200 1
-0.6265 32.0007 -2.8677 0.0000 0.0000 0.0000 0.1200 1
-0.4317 32.0008 -2.9132 0.0000 0.0000 0.0000 0.1200 1
-0.2408 32.0011 -2.9402 0.0000 0.0000 0.0000 0.1200 1
-0.0554 31.9989 -2.9627 0.0000 0.0000 0.0000 0.1200 1
0.1492 32.0004 -2.9721 0.0000 0.0000 0.0000 0.1200 1
0.3677 32.0016 -2.9603 0.0000 0.0000 0.0000 0.1200 1
0.5410 31.9989 -2.9428 0.0000 0.0000 0.0000 0.1200 1
0.7112 32.0016 -2.9155 0.0000 0.0000 0.0000 0.1200 1
0.9194 32.0024 -2.8669 0.0000 0.0000 0.0000 0.1200 1
1.1117 31.9996 -2.8044 0.0000 0.0000 0.0000 0.1200 1
1.2892 31.9983 -2.7439 0.0000 0.0000 0.0000 0.1200 1
1.4539 31.9984 -2.6669 0.0000 0.0000 0.0000 0.1200 1
1.6290 32.0022 -2.5720 0.0000 0.0000 0.0000 0.1200 1
1.7953 31.9994 -2.4695 0.0000 0.0000 0.0000 0.1200 1
1.9654 32.0001 -2.3480 0.0000 0.0000 0.0000 0.1200 1
2.1168 32.0009 -2.2293 0.0000 0.0000 0.0000 0.1200 1
2.2648 31.9997 -2.0908 0.0000 0.0000 0.0000 0.1200 1
2.3959 31.9988 -1.9490 0.0000 0.0000 0.0000 0.1200 1
2.5228 32.0012 -1.7957 0.0000 0.0000 0.0000 0.1200 1
2.6397 31.9986 -1.6347 0.0000 0.0000 0.0000 0.1200 1
2.7403 32.0018 -1.4657 0.0000 0.0000 0.0000 0.1200 1
2.8407 32.0006 -1.2817 0.0000 0.0000 0.0000 0.1200 1
2.9224 32.0018 -1.0992 0.0000 0.0000 0.0000 0.1200 1
2.9863 31.9991 -0.9340 0.0000 0.0000 0.0000 0.1200 1
3.0421 32.0005 -0.7382 0.0000 0.0000 0.0000 0.1200 1
3.0885 31.9989 -0.5523 0.0000 0.0000 0.0000 0.1200 1
3.1194 31.9999 -0.3395 0.0000 0.0000 0.0000 0.1200 1
3.1362 32.0005 -0.1533 0.0000 0.0000 0.0000 0.1200 1
3.1399 32.4999 0.0407 0.0000 0.0000 0.0000 0.1200 1
3.1349 32.4995 0.2520 0.0000 0.0000 0.0000 0.1200 1
3.1139 32.4992 0.4459 0.0000 0.0000 0.0000 0.1200 1
3.0874 32.4988 0.6257 0.0000 0.0000 0.0000 0.1200 1
3.0377 32.5011 0.8222 0.0000 0.0000 0.0000 0.1200 1
2.9813 32.5015 1.0000 0.0000 0.0000 0.0000 0.1200 1
2.9172 32.4997 1.1856 0.0000 0.0000 0.0000 0.1200 1
2.8424 32.4998 1.3392 0.0000 0.0000 0.0000 0.1200 1
2.7416 32.5009 1.5311 0.0000 0.0000 0.0000 0.1200 1
2.6357 32.4996 1.7025 0.0000 0.0000 0.0000 0.1200 1
2.5374 32.4994 1.8505 0.0000 0.0000 0.0000 0.1200 1
2.3977 32.4996 2.0079 0.0000 0.0000 0.0000 0.1200 1
2.2580 32.4992 2.1607 0.0000 0.0000 0.0000 0.1200 1
2.1177 32.5001 2.2908 0.0000 0.0000 0.0000 0.1200 1
1.9800 32.5003 2.4106 0.0000 0.0000 0.0000 0.1200 1
1.8033 32.5008 2.5332 0.0000 0.0000 0.0000 0.1200 1
1.6482 32.5008 2.6270 0.0000 0.0000 0.0000 0.1200 1
1.4730 32.4992 2.7238 0.0000 0.0000 0.0000 0.1200 1
1.2965 32.5014 2.8069 0.0000 0.0000 0.0000 0.1200 1
1.0830 32.4997 2.8827 0.0000 0.0000 0.0000 0.1200 1
0.9143 32.5009 2.9328 0.0000 0.0000 0.0000 0.1200 1
0.7078 32.4994 2.9758 0.0000 0.0000 0.0000 0.1200 1
0.5347 32.4981 3.0080 0.0000 0.0000 0.0000 0.1200 1
0.3385 32.5000 3.0268 0.0000 0.0000 0.0000 0.1200 1
0.1604 32.4998 3.0347 0.0000 0.0000 0.0000 0.1200 1
-0.0552 32.4996 3.0256 0.0000 0.0000 0.0000 0.1200 1
-0.2349 32.4990 3.0080 0.0000 0.0000 0.0000 0.1200 1
-0.4336 32.5006 2.9760 0.0000 0.0000 0.0000 0.1200 1
-0.6486 32.4985 2.9283 0.0000 0.0000 0.0000 0.1200 1
-0.8356 32.5007 2.8659 0.0000 0.0000 0.0000 0.1200 1
-1.0115 32.4981 2.8037 0.0000 0.0000 0.0000 0.1200 1
-1.1803 32.4986 2.7259 0.0000 0.0000 0.0000 0.1200 1
-1.3511 32.4986 2.6344 0.0000 0.0000 0.0000 0.1200 1
-1.5229 32.5016 2.5255 0.0000 0.0000 0.0000 0.1200 1
-1.6727 32.5007 2.4162 0.0000 0.0000 0.0000 0.1200 1
-1.8176 32.4995 2.3036 0.0000 0.0000 0.0000 0.1200 1
-1.9830 32.5016 2.1494 0.0000 0.0000 0.0000 0.1200 1
-2.1049 32.4997 2.0194 0.0000 0.0000 0.0000 0.1200 1
-2.2427 32.4992 1.8514 0.0000 0.0000 0.0000 0.1200 1
-2.3520 32.5003 1.7003 0.0000 0.0000 0.0000 0.1200 1
-2.4578 32.5016 1.5277 0.0000 0.0000 0.0000 0.1200 1
-2.5549 32.4989 1.3480 0.0000 0.0000 0.0000 0.1200 1
-2.6243 32.4986 1.1773 0.0000 0.0000 0.0000 0.1200 1
-2.6956 32.5019 0.9998 0.0000 0.0000 0.0000 0.1200 1
-2.7552 32.4987 0.8028 0.0000 0.0000 0.0000 0.1200 1
-2.7988 32.4997 0.6124 0.0000 0.0000 0.0000 0.1200 1
-2.8260 32.4996 0.4424 0.0000 0.0000 0.0000 0.1200 1
-2.8549 32.4998 0.2062 0.0000 0.0000 0.0000 0.1200 1
-2.8585 32.5011 0.0255 0.0000 0.0000 0.0000 0.1200 1
-2.8520 32.5017 -0.1647 0.0000 0.0000 0.0000 0.1200 1
-2.8313 32.5009 -0.3589 0.0000 0.0000 0.0000 0.1200 1
-2.7997 32.4987 -0.5533 0.0000 0.0000 0.0000 0.1200 1
-2.7587 32.5005 -0.7343 0.0000 0.0000 0.0000 0.1200 1
-2.6807 32.4992 -0.9698 0.0000 0.0000 0.0000 0.1200 1
-2.6246 32.4996 -1.1296 0.0000 0.0000 0.0000 0.1200 1
-2.5440 32.5008 -1.2950 0.0000 0.0000 0.0000 0.1200 1
-2.4479 32.4999 -1.4783 0.0000 0.0000 0.0000 0.1200 1
-2.3529 32.5007 -1.6279 0.0000 0.0000 0.0000 0.1200 1
-2.2323 32.5001 -1.8044 0.0000 0.0000 0.0000 0.1200 1
-2.1189 32.4990 -1.9406 0.0000 0.0000 0.0000 0.1200 1
-1.9811 32.5009 -2.0891 0.0000 0.0000 0.0000 0.1200 1
-1.8308 32.5004 -2.2248 0.0000 0.0000 0.0000 0.1200 1
-1.6919 32.5019 -2.3421 0.0000 0.0000 0.0000 0.1200 1
-1.5332 32.4996 -2.4543 0.0000 0.0000 0.0000 0.1200 1
-1.3671 32.5003 -2.5639 0.0000 0.0000 0.0000 0.1200 1
-1.1783 32.4995 -2.6627 0.0000 0.0000 0.0000 0.1200 1
-1.0170 32.5006 -2.7347 0.0000 0.0000 0.0000 0.1200 1
-0.8128 32.5004 -2.8132 0.0000 0.0000 0.0000 0.1200 1
-0.6167 32.5006 -2.8686 0.0000 0.0000 0.0000 0.1200 1
-0.4254 32.4994 -2.9089 0.0000 0.0000 0.0000 0.1200 1
-0.2412 32.4983 -2.9411 0.0000 0.0000 0.0000 0.1200 1
-0.0550 32.4993 -2.9624 0.0000 0.0000 0.0000 0.1200 1
0.1433 32.5007 -2.9673 0.0000 0.0000 0.0000 0.1200 1
0.3471 32.4997 -2.9616 0.0000 0.0000 0.0000 0.1200 1
0.5481 32.4990 -2.9373 0.0000 0.0000 0.0000 0.1200 1
0.7475 32.4995 -2.9062 0.0000 0.0000 0.0000 0.1200 1
0.9201 32.5001 -2.8653 0.0000 0.0000 0.0000 0.1200 1
1.0930 32.4995 -2.8123 0.0000 0.0000 0.0000 0.1200 1
1.3099 32.5012 -2.7280 0.0000 0.0000 0.0000 0.1200 1
1.4659 32.5015 -2.6609 0.0000 0.0000 0.0000 0.1200 1
1.6474 32.5001 -2.5630 0.0000 0.0000 0.0000 0.1200 1
1.8046 32.4989 -2.4609 0.0000 0.0000 0.0000 0.1200 1
1.9678 32.5017 -2.3470 0.0000 0.0000 0.0000 0.1200 1
2.1087 32.4998 -2.2414 0.0000 0.0000 0.0000 0.1200 1
2.2640 32.4989 -2.0902 0.0000 0.0000 0.0000 0.1200 1
2.4097 32.5006 -1.9294 0.0000 0.0000 0.0000 0.1200 1
2.5262 32.5018 -1.7868 0.0000 0.0000 0.0000 0.1200 1
2.6290 32.4983 -1.6411 0.0000 0.0000 0.0000 0.1200 1
2.7421 32.5009 -1.4680 0.0000 0.0000 0.0000 0.1200 1
2.8259 32.4991 -1.3042 0.0000 0.0000 0.0000 0.1200 1
2.9118 32.4990 -1.1238 0.0000 0.0000 0.0000 0.1200 1
2.9849 32.4989 -0.9322 0.0000 0.0000 0.0000 0.1200 1
3.0429 32.5002 -0.7436 0.0000 0.0000 0.0000 0.1200 1
3.0910 32.5001 -0.5278 0.0000 0.0000 0.0000 0.1200 1
3.1145 32.4988 -0.3659 0.0000 0.0000 0.0000 0.1200 1
3.1415 32.4993 -0.1495 0.0000 0.0000 0.0000 0.1200 1
3.1448 32.9996 0.0391 0.0000 0.0000 0.0000 0.1200 1
3.1368 33.0000 0.2323 0.0000 0.0000 0.0000 0.1200 1
3.1235 32.9996 0.4152 0.0000 0.0000 0.0000 0.1200 1
3.0781 32.9991 0.6460 0.0000 0.0000 0.0000 0.1200 1
3.0434 33.0009 0.8024 0.0000 0.0000 0.0000 0.1200 1
2.9902 33.0001 0.9893 0.0000 0.0000 0.0000 0.1200 1
2.9125 32.9989 1.1893 0.0000 0.0000 0.0000 0.1200 1
2.8386 33.0000 1.3415 0.0000 0.0000 0.0000 0.1200 1
2.7335 33.0003 1.5455 0.0000 0.0000 0.0000 0.1200 1
2.6456 32.9997 1.6895 0.0000 0.0000 0.0000 0.1200 1
2.5310 32.9986 1.8553 0.0000 0.0000 0.0000 0.1200 1
2.3989 32.9997 2.0139 0.0000 0.0000 0.0000 0.1200 1
2.2617 32.9996 2.1587 0.0000 0.0000 0.0000 0.1200 1
2.0926 32.9986 2.3133 0.0000 0.0000 0.0000 0.1200 1
1.9798 33.0016 2.4085 0.0000 0.0000 0.0000 0.1200 1
1.8063 32.9989 2.5279 0.0000 0.0000 0.0000 0.1200 1
1.6579 33.0001 2.6203 0.0000 0.0000 0.0000 0.1200 1
1.4650 33.0007 2.7255 0.0000 0.0000 0.0000 0.1200 1
1.2887 32.9995 2.8052 0.0000 0.0000 0.0000 0.1200 1
1.0950 32.9997 2.8776 0.0000 0.0000 0.0000 0.1200 1
0.9245 33.0006 2.9312 0.0000 0.0000 0.0000 0.1200 1
0.7295 33.0007 2.9764 0.0000 0.0000 0.0000 0.1200 1
0.5326 32.9999 3.0086 0.0000 0.0000 0.0000 0.1200 1
0.3568 32.9988 3.0283 0.0000 0.0000 0.0000 0.1200 1
0.1296 33.0000 3.0322 0.0000 0.0000 0.0000 0.1200 1
-0.0439 32.9996 3.0273 0.0000 0.0000 0.0000 0.1200 1
-0.2496 33.0015 3.0055 0.0000 0.0000 0.0000 0.1200 1
-0.4560 32.9988 2.9736 0.0000 0.0000 0.0000 0.1200 1
-0.6377 32.9996 2.9310 0.0000 0.0000 0.0000 0.1200 1
-0.8201 33.0012 2.8745 0.0000 0.0000 0.0000 0.1200 1
-1.0065 32.9995 2.8016 0.0000 0.0000 0.0000 0.1200 1
-1.1777 33.0012 2.7227 0.0000 0.0000 0.0000 0.1200 1
-1.3671 32.9991 2.6254 0.0000 0.0000 0.0000 0.1200 1
-1.5194 33.0012 2.5277 0.0000 0.0000 0.0000 0.1200 1
-1.6773 33.0001 2.4170 0.0000 0.0000 0.0000 0.1200 1
-1.8290 32.9996 2.2921 0.0000 0.0000 0.0000 0.1200 1
-1.9672 32.9998 2.1588 0.0000 0.0000 0.0000 0.1200 1
-2.1237 32.9998 2.0000 0.0000 0.0000 0.0000 0.1200 1
-2.2466 33.0001 1.8442 0.0000 0.0000 0.0000 0.1200 1
-2.3507 33.0006 1.7019 0.0000 0.0000 0.0000 0.1200 1
-2.4488 33.0003 1.5367 0.0000 0.0000 0.0000 0.1200 1
-2.5481 32.9992 1.3572 0.0000 0.0000 0.0000 0.1200 1
-2.6323 33.0025 1.1734 0.0000 0.0000 0.0000 0.1200 1
-2.6964 33.0018 1.0001 0.0000 0.0000 0.0000 0.1200 1
-2.7549 33.0014 0.8026 0.0000 0.0000 0.0000 0.1200 1
-2.7996 32.9994 0.5987 0.0000 0.0000 0.0000 0.1200 1
-2.8260 33.0006 0.4310 0.0000 0.0000 0.0000 0.1200 1
-2.8462 33.0016 0.2116 0.0000 0.0000 0.0000 0.1200 1
-2.8569 33.0000 0.0321 0.0000 0.0000 0.0000 0.1200 1
-2.8475 33.0019 -0.1743 0.0000 0.0000 0.0000 0.1200 1
-2.8320 33.0003 -0.3634 0.0000 0.0000 0.0000 0.1200 1
-2.7957 32.9995 -0.5601 0.0000 0.0000 0.0000 0.1200 1
-2.7524 32.9994 -0.7411 0.0000 0.0000 0.0000 0.1200 1
-2.6915 32.9997 -0.9544 0.0000 0.0000 0.0000 0.1200 1
-2.6253 32.9992 -1.1144 0.0000 0.0000 0.0000 0.1200 1
-2.5545 32.9985 -1.2814 0.0000 0.0000 0.0000 0.1200 1
-2.4492 32.9994 -1.4740 0.0000 0.0000 0.0000 0.1200 1
-2.3526 33.0011 -1.6300 0.0000 0.0000 0.0000 0.1200 1
-2.2279 33.0007 -1.8006 0.0000 0.0000 0.0000 0.1200 1
-2.0983 33.0002 -1.9573 0.0000 0.0000 0.0000 0.1200 1
-1.9915 32.9991 -2.0692 0.0000 0.0000 0.0000 0.1200 1
-1.8383 32.9996 -2.2194 0.0000 0.0000 0.0000 0.1200 1
-1.6860 33.0002 -2.3408 0.0000 0.0000 0.0000 0.1200 1
-1.5226 32.9996 -2.4624 0.0000 0.0000 0.0000 0.1200 1
-1.3648 32.9994 -2.5632 0.0000 0.0000 0.0000 0.1200 1
-1.1800 33.0007 -2.6587 0.0000 0.0000 0.0000 0.1200 1
-0.9995 33.0009 -2.7429 0.0000 0.0000 0.0000 0.1200 1
-0.8279 32.9993 -2.8045 0.0000 0.0000 0.0000 0.1200 1
-0.6327 33.0005 -2.8625 0.0000 0.0000 0.0000 0.1200 1
-0.4178 33.0025 -2.9126 0.0000 0.0000 0.0000 0.1200 1
-0.2483 33.0005 -2.9398 0.0000 0.0000 0.0000 0.1200 1
-0.0321 33.0002 -2.9612 0.0000 0.0000 0.0000 0.1200 1
0.1505 33.0001 -2.9654 0.0000 0.0000 0.0000 0.1200 1
0.3204 33.0000 -2.9645 0.0000 0.0000 0.0000 0.1200 1
0.5461 33.0001 -2.9387 0.0000 0.0000 0.0000 0.1200 1
0.7369 33.0012 -2.9123 0.0000 0.0000 0.0000 0.1200 1
0.9352 32.9994 -2.8593 0.0000 0.0000 0.0000 0.1200 1
1.1249 32.9988 -2.8028 0.0000 0.0000 0.0000 0.1200 1
1.3001 32.9990 -2.7370 0.0000 0.0000 0.0000 0.1200 1
1.4854 32.9999 -2.6515 0.0000 0.0000 0.0000 0.1200 1
1.6402 33.0011 -2.5688 0.0000 0.0000 0.0000 0.1200 1
1.8047 32.9999 -2.4637 0.0000 0.0000 0.0000 0.1200 1
1.9736 32.9988 -2.3471 0.0000 0.0000 0.0000 0.1200 1
2.1207 33.0001 -2.2201 0.0000 0.0000 0.0000 0.1200 1
2.2620 32.9984 -2.0947 0.0000 0.0000 0.0000 0.1200 1
2.3964 32.9999 -1.9467 0.0000 0.0000 0.0000 0.1200 1
2.5235 32.9995 -1.7920 0.0000 0.0000 0.0000 0.1200 1
2.6564 33.0003 -1.6111 0.0000 0.0000 0.0000 0.1200 1
2.7349 32.9998 -1.4803 0.0000 0.0000 0.0000 0.1200 1
2.8410 32.9993 -1.2903 0.0000 0.0000 0.0000 0.1200 1
2.9150 33.0007 -1.1130 0.0000 0.0000 0.0000 0.1200 1
2.9877 33.0000 -0.9257 0.0000 0.0000 0.0000 0.1200 1
3.0456 33.0004 -0.7401 0.0000 0.0000 0.0000 0.1200 1
3.0888 33.0003 -0.5437 0.0000 0.0000 0.0000 0.1200 1
3.1243 32.9993 -0.3495 0.0000 0.0000 0.0000 0.1200 1
3.1367 32.9997 -0.1726 0.0000 0.0000 0.0000 0.1200 1
3.1442 33.4988 0.0421 0.0000 0.0000 0.0000 0.1200 1
3.1390 33.5001 0.2132 0.0000 0.0000 0.0000 0.1200 1
3.1149 33.5012 0.4220 0.0000 0.0000 0.0000 0.1200 1
3.0864 33.5004 0.6150 0.0000 0.0000 0.0000 0.1200 1
3.0418 33.4993 0.8143 0.0000 0.0000 0.0000 0.1200 1
2.9844 33.4981 0.9999 0.0000 0.0000 0.0000 0.1200 1
2.9142 33.4997 1.1883 0.0000 0.0000 0.0000 0.1200 1
2.8412 33.4996 1.3463 0.0000 0.0000 0.0000 0.1200 1
2.7462 33.4991 1.5238 0.0000 0.0000 0.0000 0.1200 1
2.6432 33.5012 1.7035 0.0000 0.0000 0.0000 0.1200 1
2.5235 33.5002 1.8544 0.0000 0.0000 0.0000 0.1200 1
2.4134 33.5011 1.9968 0.0000 0.0000 0.0000 0.1200 1
2.2563 33.4996 2.1675 0.0000 0.0000 0.0000 0.1200 1
2.1198 33.4987 2.2916 0.0000 0.0000 0.0000 0.1200 1
1.9574 33.4996 2.4246 0.0000 0.0000 0.0000 0.1200 1
1.8210 33.4987 2.5217 0.0000 0.0000 0.0000 0.1200 1
1.6523 33.4990 2.6266 0.0000 0.0000 0.0000 0.1200 1
1.4706 33.5016 2.7262 0.0000 0.0000 0.0000 0.1200 1
1.2895 33.5010 2.8051 0.0000 0.0000 0.0000 0.1200 1
1.1314 33.5007 2.8675 0.0000 0.0000 0.0000 0.1200 1
0.9297 33.4990 2.9249 0.0000 0.0000 0.0000 0.1200 1
0.7279 33.5005 2.9764 0.0000 0.0000 0.0000 0.1200 1
0.5307 33.4990 3.0123 0.0000 0.0000 0.0000 0.1200 1
0.3651 33.4993 3.0264 0.0000 0.0000 0.0000 0.1200 1
0.1446 33.4995 3.0373 0.0000 0.0000 0.0000 0.1200 1
-0.0576 33.4990 3.0285 0.0000 0.0000 0.0000 0.1200 1
-0.2549 33.5016 3.0033 0.0000 0.0000 0.0000 0.1200 1
-0.4610 33.5006 2.9723 0.0000 0.0000 0.0000 0.1200 1
-0.6531 33.4995 2.9252 0.0000 0.0000 0.0000 0.1200 1
-0.8352 33.5016 2.8688 0.0000 0.0000 0.0000 0.1200 1
-1.0188 33.4993 2.7988 0.0000 0.0000 0.0000 0.1200 1
-1.1752 33.5015 2.7249 0.0000 0.0000 0.0000 0.1200 1
-1.3483 33.5030 2.6309 0.0000 0.0000 0.0000 0.1200 1
-1.5297 33.4986 2.5209 0.0000 0.0000 0.0000 0.1200 1
-1.6746 33.5001 2.4210 0.0000 0.0000 0.0000 0.1200 1
-1.8309 33.5015 2.2950 0.0000 0.0000 0.0000 0.1200 1
-1.9644 33.4996 2.1654 0.0000 0.0000 0.0000 0.1200 1
-2.1100 33.4989 2.0103 0.0000 0.0000 0.0000 0.1200 1
-2.2293 33.4985 1.8685 0.0000 0.0000 0.0000 0.1200 1
-2.3449 33.4993 1.7068 0.0000 0.0000 0.0000 0.1200 1
-2.4524 33.4995 1.5425 0.0000 0.0000 0.0000 0.1200 1
-2.5518 33.5013 1.3447 0.0000 0.0000 0.0000 0.1200 1
-2.6262 33.5000 1.1895 0.0000 0.0000 0.0000 0.1200 1
-2.6975 33.5006 0.9955 0.0000 0.0000 0.0000 0.1200 1
-2.7523 33.4993 0.8079 0.0000 0.0000 0.0000 0.1200 1
-2.8012 33.5005 0.6010 0.0000 0.0000 0.0000 0.1200 1
-2.8318 33.4996 0.4322 0.0000 0.0000 0.0000 0.1200 1
-2.8505 33.5004 0.2305 0.0000 0.0000 0.0000 0.1200 1
-2.8561 33.4986 0.0490 0.0000 0.0000 0.0000 0.1200 1
-2.8472 33.5002 -0.1613 0.0000 0.0000 0.0000 0.1200 1
-2.8292 33.5010 -0.3503 0.0000 0.0000 0.0000 0.1200 1
-2.7956 33.5005 -0.5502 0.0000 0.0000 0.0000 0.1200 1
-2.7520 33.5004 -0.7364 0.0000 0.0000 0.0000 0.1200 1
-2.6862 33.4987 -0.9456 0.0000 0.0000 0.0000 0.1200 1
-2.6318 33.5007 -1.1059 0.0000 0.0000 0.0000 0.1200 1
-2.5413 33.5017 -1.2973 0.0000 0.0000 0.0000 0.1200 1
-2.4559 33.5014 -1.4561 0.0000 0.0000 0.0000 0.1200 1
-2.3453 33.4991 -1.6365 0.0000 0.0000 0.0000 0.1200 1
-2.2368 33.5003 -1.7905 0.0000 0.0000 0.0000 0.1200 1
-2.1107 33.4977 -1.9477 0.0000 0.0000 0.0000 0.1200 1
-1.9642 33.4994 -2.0935 0.0000 0.0000 0.0000 0.1200 1
-1.8333 33.4990 -2.2228 0.0000 0.0000 0.0000 0.1200 1
-1.6745 33.4992 -2.3530 0.0000 0.0000 0.0000 0.1200 1
-1.5147 33.4995 -2.4677 0.0000 0.0000 0.0000 0.1200 1
-1.3507 33.4997 -2.5663 0.0000 0.0000 0.0000 0.1200 1
-1.1802 33.5000 -2.6578 0.0000 0.0000 0.0000 0.1200 1
-1.0066 33.5010 -2.7352 0.0000 0.0000 0.0000 0.1200 1
-0.8255 33.5005 -2.8066 0.0000 0.0000 0.0000 0.1200 1
-0.6333 33.4999 -2.8660 0.0000 0.0000 0.0000 0.1200 1
-0.4412 33.5004 -2.9095 0.0000 0.0000 0.0000 0.1200 1
-0.2358 33.5009 -2.9419 0.0000 0.0000 0.0000 0.1200 1
-0.0621 33.5008 -2.9559 0.0000 0.0000 0.0000 0.1200 1
0.1475 33.4985 -2.9619 0.0000 0.0000 0.0000 0.1200 1
0.3470 33.5015 -2.9562 0.0000 0.0000 0.0000 0.1200 1
0.5541 33.5002 -2.9355 0.0000 0.0000 0.0000 0.1200 1
0.7341 33.5014 -2.9077 0.0000 0.0000 0.0000 0.1200 1
0.8911 33.5002 -2.8692 0.0000 0.0000 0.0000 0.1200 1
1.1080 33.5014 -2.8071 0.0000 0.0000 0.0000 0.1200 1
1.3057 33.5006 -2.7311 0.0000 0.0000 0.0000 0.1200 1
1.4662 33.5006 -2.6596 0.0000 0.0000 0.0000 0.1200 1
1.6387 33.5004 -2.5643 0.0000 0.0000 0.0000 0.1200 1
1.8314 33.5003 -2.4504 0.0000 0.0000 0.0000 0.1200 1
1.9507 33.4990 -2.3582 0.0000 0.0000 0.0000 0.1200 1
2.1385 33.5006 -2.2108 0.0000 0.0000 0.0000 0.1200 1
2.2567 33.4996 -2.0915 0.0000 0.0000 0.0000 0.1200 1
2.4187 33.4997 -1.9188 0.0000 0.0000 0.0000 0.1200 1
2.5303 33.4994 -1.7845 0.0000 0.0000 0.0000 0.1200 1
2.6322 33.4989 -1.6452 0.0000 0.0000 0.0000 0.1200 1
2.7473 33.5001 -1.4650 0.0000 0.0000 0.0000 0.1200 1
2.8364 33.4999 -1.2927 0.0000 0.0000 0.0000 0.1200 1
2.9180 33.5005 -1.1141 0.0000 0.0000 0.0000 0.1200 1
2.9886 33.5005 -0.9346 0.0000 0.0000 0.0000 0.1200 1
3.0387 33.5011 -0.7525 0.0000 0.0000 0.0000 0.1200 1
3.0900 33.5014 -0.5469 0.0000 0.0000 0.0000 0.1200 1
3.1148 33.5014 -0.3693 0.0000 0.0000 0.0000 0.1200 1
3.1370 33.5001 -0.1595 0.0000 0.0000 0.0000 0.1200 1
3.1447 34.0005 0.0336 0.0000 0.0000 0.0000 0.1200 1
3.1393 34.0000 0.2323 0.0000 0.0000 0.0000 0.1200 1
3.1186 34.0000 0.4252 0.0000 0.0000 0.0000 0.1200 1
3.0932 33.9998 0.6006 0.0000 0.0000 0.0000 0.1200 1
3.0450 33.9995 0.8091 0.0000 0.0000 0.0000 0.1200 1
2.9896 33.9991 0.9800 0.0000 0.0000 0.0000 0.1200 1
2.9202 33.9988 1.1771 0.0000 0.0000 0.0000 0.1200 1
2.8339 33.9983 1.3710 0.0000 0.0000 0.0000 0.1200 1
2.7499 34.0006 1.5263 0.0000 0.0000 0.0000 0.1200 1
2.6429 34.0012 1.6938 0.0000 0.0000 0.0000 0.1200 1
2.5293 33.9984 1.8533 0.0000 0.0000 0.0000 0.1200 1
2.3928 33.9994 2.0202 0.0000 0.0000 0.0000 0.1200 1
2.2620 33.9994 2.1592 0.0000 0.0000 0.0000 0.1200 1
2.1229 34.0001 2.2932 0.0000 0.0000 0.0000 0.1200 1
1.9746 33.9996 2.4109 0.0000 0.0000 0.0000 0.1200 1
1.8193 33.9990 2.5229 0.0000 0.0000 0.0000 0.1200 1
1.6443 34.0004 2.6345 0.0000 0.0000 0.0000 0.1200 1
1.4598 34.0005 2.7313 0.0000 0.0000 0.0000 0.1200 1
1.2973 33.9999 2.8055 0.0000 0.0000 0.0000 0.1200 1
1.1186 33.9986 2.8681 0.0000 0.0000 0.0000 0.1200 1
0.9210 33.9998 2.9321 0.0000 0.0000 0.0000 0.1200 1
0.7300 34.0012 2.9792 0.0000 0.0000 0.0000 0.1200 1
0.5383 33.9986 3.0083 0.0000 0.0000 0.0000 0.1200 1
0.3657 33.9986 3.0231 0.0000 0.0000 0.0000 0.1200 1
0.1543 33.9996 3.0345 0.0000 0.0000 0.0000 0.1200 1
-0.0495 34.0010 3.0279 0.0000 0.0000 0.0000 0.1200 1
-0.2417 34.0012 3.0104 0.0000 0.0000 0.0000 0.1200 1
-0.4266 33.9981 2.9779 0.0000 0.0000 0.0000 0.1200 1
-0.6295 34.0008 2.9295 0.0000 0.0000 0.0000 0.1200 1
-0.8393 34.0002 2.8670 0.0000 0.0000 0.0000 0.1200 1
-1.0026 34.0006 2.8039 0.0000 0.0000 0.0000 0.1200 1
-1.1646 33.9996 2.7286 0.0000 0.0000 0.0000 0.1200 1
-1.3531 33.9995 2.6332 0.0000 0.0000 0.0000 0.1200 1
-1.5295 34.0016 2.5216 0.0000 0.0000 0.0000 0.1200 1
-1.6839 33.9989 2.4096 0.0000 0.0000 0.0000 0.1200 1
-1.8459 33.9999 2.2768 0.0000 0.0000 0.0000 0.1200 1
-1.9720 33.9988 2.1554 0.0000 0.0000 0.0000 0.1200 1
-2.1059 34.0010 2.0249 0.0000 0.0000 0.0000 0.1200 1
-2.2301 33.9987 1.8625 0.0000 0.0000 0.0000 0.1200 1
-2.3489 33.9992 1.7012 0.0000 0.0000 0.0000 0.1200 1
-2.4617 33.9982 1.5265 0.0000 0.0000 0.0000 0.1200 1
-2.5458 34.0002 1.3567 0.0000 0.0000 0.0000 0.1200 1
-2.6135 34.0001 1.2035 0.0000 0.0000 0.0000 0.1200 1
-2.6961 33.9981 0.9971 0.0000 0.0000 0.0000 0.1200 1
-2.7482 34.0013 0.8030 0.0000 0.0000 0.0000 0.1200 1
-2.7969 33.9997 0.6090 0.0000 0.0000 0.0000 0.1200 1
-2.8321 34.0000 0.4136 0.0000 0.0000 0.0000 0.1200 1
-2.8443 33.9999 0.2434 0.0000 0.0000 0.0000 0.1200 1
-2.8542 33.9998 0.0245 0.0000 0.0000 0.0000 0.1200 1
-2.8480 33.9999 -0.1647 0.0000 0.0000 0.0000 0.1200 1
-2.8267 34.0014 -0.3751 0.0000 0.0000 0.0000 0.1200 1
-2.7968 33.9999 -0.5530 0.0000 0.0000 0.0000 0.1200 1
-2.7542 33.9999 -0.7421 0.0000 0.0000 0.0000 0.1200 1
-2.6924 34.0008 -0.9351 0.0000 0.0000 0.0000 0.1200 1
-2.6222 33.9999 -1.1258 0.0000 0.0000 0.0000 0.1200 1
-2.5453 33.9999 -1.2972 0.0000 0.0000 0.0000 0.1200 1
-2.4495 33.9994 -1.4698 0.0000 0.0000 0.0000 0.1200 1
-2.3465 34.0009 -1.6290 0.0000 0.0000 0.0000 0.1200 1
-2.2432 33.9984 -1.7855 0.0000 0.0000 0.0000 0.1200 1
-2.1177 34.0003 -1.9349 0.0000 0.0000 0.0000 0.1200 1
-1.9697 34.0008 -2.0910 0.0000 0.0000 0.0000 0.1200 1
-1.8215 34.0010 -2.2267 0.0000 0.0000 0.0000 0.1200 1
-1.6827 34.0007 -2.3450 0.0000 0.0000 0.0000 0.1200 1
-1.5101 34.0005 -2.4730 0.0000 0.0000 0.0000 0.1200 1
-1.3544 34.0002 -2.5635 0.0000 0.0000 0.0000 0.1200 1
-1.1653 34.0008 -2.6633 0.0000 0.0000 0.0000 0.1200 1
-0.9880 33.9993 -2.7448 0.0000 0.0000 0.0000 0.1200 1
-0.8366 34.0002 -2.8001 0.0000 0.0000 0.0000 0.1200 1
-0.6185 33.9993 -2.8695 0.0000 0.0000 0.0000 0.1200 1
-0.4363 33.9996 -2.9086 0.0000 0.0000 0.0000 0.1200 1
-0.2340 34.0007 -2.9427 0.0000 0.0000 0.0000 0.1200 1
-0.0672 33.9994 -2.9621 0.0000 0.0000 0.0000 0.1200 1
0.1541 34.0003 -2.9677 0.0000 0.0000 0.0000 0.1200 1
0.3448 33.9995 -2.9590 0.0000 0.0000 0.0000 0.1200 1
0.5500 34.0010 -2.9359 0.0000 0.0000 0.0000 0.1200 1
0.7500 34.0008 -2.9021 0.0000 0.0000 0.0000 0.1200 1
0.9109 33.9999 -2.8640 0.0000 0.0000 0.0000 0.1200 1
1.1225 34.0012 -2.8008 0.0000 0.0000 0.0000 0.1200 1
1.2905 33.9996 -2.7445 0.0000 0.0000 0.0000 0.1200 1
1.4531 33.9998 -2.6711 0.0000 0.0000 0.0000 0.1200 1
1.6549 33.9990 -2.5568 0.0000 0.0000 0.0000 0.1200 1
1.7989 34.0000 -2.4677 0.0000 0.0000 0.0000 0.1200 1
1.9821 33.9981 -2.3384 0.0000 0.0000 0.0000 0.1200 1
2.1235 33.9996 -2.2231 0.0000 0.0000 0.0000 0.1200 1
2.2629 34.0000 -2.0913 0.0000 0.0000 0.0000 0.1200 1
2.4000 34.0007 -1.9450 0.0000 0.0000 0.0000 0.1200 1
2.5175 33.9988 -1.8035 0.0000 0.0000 0.0000 0.1200 1
2.6429 33.9998 -1.6274 0.0000 0.0000 0.0000 0.1200 1
2.7428 34.0006 -1.4656 0.0000 0.0000 0.0000 0.1200 1
2.8470 33.9994 -1.2731 0.0000 0.0000 0.0000 0.1200 1
2.9210 34.0009 -1.1093 0.0000 0.0000 0.0000 0.1200 1
2.9819 34.0019 -0.9404 0.0000 0.0000 0.0000 0.1200 1
3.0381 33.9990 -0.7539 0.0000 0.0000 0.0000 0.1200 1
3.0901 34.0001 -0.5464 0.0000 0.0000 0.0000 0.1200 1
3.1236 34.0000 -0.3506 0.0000 0.0000 0.0000 0.1200 1
3.1388 34.0021 -0.1688 0.0000 0.0000 0.0000 0.1200 1
3.1496 34.4986 0.0458 0.0000 0.0000 0.0000 0.1200 1
3.1413 34.5007 0.2275 0.0000 0.0000 0.0000 0.1200 1
3.1188 34.5012 0.4322 0.0000 0.0000 0.0000 0.1200 1
3.0852 34.4991 0.6222 0.0000 0.0000 0.0000 0.1200 1
3.0497 34.5007 0.8044 0.0000 0.0000 0.0000 0.1200 1
2.9880 34.4982 0.9872 0.0000 0.0000 0.0000 0.1200 1
2.9223 34.4998 1.1812 0.0000 0.0000 0.0000 0.1200 1
2.8362 34.4992 1.3589 0.0000 0.0000 0.0000 0.1200 1
2.7499 34.5002 1.5284 0.0000 0.0000 0.0000 0.1200 1
2.6458 34.4991 1.6974 0.0000 0.0000 0.0000 0.1200 1
2.5338 34.4992 1.8462 0.0000 0.0000 0.0000 0.1200 1
2.3996 34.4996 2.0204 0.0000 0.0000 0.0000 0.1200 1
2.2625 34.5006 2.1578 0.0000 0.0000 0.0000 0.1200 1
2.1274 34.5002 2.2921 0.0000 0.0000 0.0000 0.1200 1
1.9711 34.5007 2.4192 0.0000 0.0000 0.0000 0.1200 1
1.8227 34.4985 2.5263 0.0000 0.0000 0.0000 0.1200 1
1.6564 34.5013 2.6272 0.0000 0.0000 0.0000 0.1200 1
1.4772 34.5005 2.7247 0.0000 0.0000 0.0000 0.1200 1
1.2961 34.4977 2.8060 0.0000 0.0000 0.0000 0.1200 1
1.1223 34.5003 2.8718 0.0000 0.0000 0.0000 0.1200 1
0.9026 34.4998 2.9376 0.0000 0.0000 0.0000 0.1200 1
0.7248 34.4984 2.9777 0.0000 0.0000 0.0000 0.1200 1
0.5502 34.4992 3.0087 0.0000 0.0000 0.0000 0.1200 1
0.3532 34.5006 3.0286 0.0000 0.0000 0.0000 0.1200 1
0.1487 34.4991 3.0342 0.0000 0.0000 0.0000 0.1200 1
-0.0429 34.5004 3.0269 0.0000 0.0000 0.0000 0.1200 1
-0.2369 34.5014 3.0111 0.0000 0.0000 0.0000 0.1200 1
-0.4390 34.5004 2.9787 0.0000 0.0000 0.0000 0.1200 1
-0.6444 34.4994 2.9284 0.0000 0.0000 0.0000 0.1200 1
-0.8212 34.5007 2.8758 0.0000 0.0000 0.0000 0.1200 1
-1.0042 34.4998 2.8060 0.0000 0.0000 0.0000 0.1200 1
-1.1798 34.5008 2.7243 0.0000 0.0000 0.0000 0.1200 1
-1.3411 34.5003 2.6402 0.0000 0.0000 0.0000 0.1200 1
-1.5187 34.4995 2.5335 0.0000 0.0000 0.0000 0.1200 1
-1.6703 34.5014 2.4246 0.0000 0.0000 0.0000 0.1200 1
-1.8274 34.5008 2.2964 0.0000 0.0000 0.0000 0.1200 1
-1.9775 34.5012 2.1513 0.0000 0.0000 0.0000 0.1200 1
-2.1142 34.5013 2.0073 0.0000 0.0000 0.0000 0.1200 1
-2.2320 34.5004 1.8572 0.0000 0.0000 0.0000 0.1200 1
-2.3452 34.5001 1.7031 0.0000 0.0000 0.0000 0.1200 1
-2.4532 34.5003 1.5283 0.0000 0.0000 0.0000 0.1200 1
-2.5487 34.4997 1.3538 0.0000 0.0000 0.0000 0.1200 1
-2.6269 34.5016 1.1794 0.0000 0.0000 0.0000 0.1200 1
-2.6987 34.4979 0.9894 0.0000 0.0000 0.0000 0.1200 1
-2.7503 34.5004 0.8178 0.0000 0.0000 0.0000 0.1200 1
-2.7968 34.4988 0.6140 0.0000 0.0000 0.0000 0.1200 1
-2.8280 34.5002 0.4371 0.0000 0.0000 0.0000 0.1200 1
-2.8450 34.4986 0.2490 0.0000 0.0000 0.0000 0.1200 1
-2.8529 34.5005 0.0398 0.0000 0.0000 0.0000 0.1200 1
-2.8456 34.5012 -0.1705 0.0000 0.0000 0.0000 0.1200 1
-2.8288 34.5001 -0.3741 0.0000 0.0000 0.0000 0.1200 1
-2.7950 34.5000 -0.5451 0.0000 0.0000 0.0000 0.1200 1
-2.7533 34.5004 -0.7359 0.0000 0.0000 0.0000 0.1200 1
-2.6918 34.5009 -0.9351 0.0000 0.0000 0.0000 0.1200 1
-2.6221 34.5004 -1.1159 0.0000 0.0000 0.0000 0.1200 1
-2.5491 34.5005 -1.2955 0.0000 0.0000 0.0000 0.1200 1
-2.4548 34.5001 -1.4632 0.0000 0.0000 0.0000 0.1200 1
-2.3550 34.4999 -1.6199 0.0000 0.0000 0.0000 0.1200 1
-2.2304 34.5000 -1.7850 0.0000 0.0000 0.0000 0.1200 1
-2.1132 34.4998 -1.9376 0.0000 0.0000 0.0000 0.1200 1
-1.9759 34.5007 -2.0841 0.0000 0.0000 0.0000 0.1200 1
-1.8429 34.4998 -2.2074 0.0000 0.0000 0.0000 0.1200 1
-1.6682 34.4999 -2.3522 0.0000 0.0000 0.0000 0.1200 1
-1.5254 34.4994 -2.4622 0.0000 0.0000 0.0000 0.1200 1
-1.3368 34.5000 -2.5752 0.0000 0.0000 0.0000 0.1200 1
-1.1660 34.4998 -2.6639 0.0000 0.0000 0.0000 0.1200 1
-1.0150 34.4985 -2.7325 0.0000 0.0000 0.0000 0.1200 1
-0.8230 34.4993 -2.8011 0.0000 0.0000 0.0000 0.1200 1
-0.6062 34.5015 -2.8701 0.0000 0.0000 0.0000 0.1200 1
-0.4410 34.4987 -2.9090 0.0000 0.0000 0.0000 0.1200 1
-0.2354 34.5002 -2.9425 0.0000 0.0000 0.0000 0.1200 1
-0.0527 34.5003 -2.9582 0.0000 0.0000 0.0000 0.1200 1
0.1294 34.5003 -2.9666 0.0000 0.0000 0.0000 0.1200 1
0.3527 34.5005 -2.9606 0.0000 0.0000 0.0000 0.1200 1
0.5472 34.5010 -2.9376 0.0000 0.0000 0.0000 0.1200 1
0.7285 34.4992 -2.9079 0.0000 0.0000 0.0000 0.1200 1
0.9267 34.4996 -2.8618 0.0000 0.0000 0.0000 0.1200 1
1.1213 34.5018 -2.8057 0.0000 0.0000 0.0000 0.1200 1
1.3080 34.5014 -2.7363 0.0000 0.0000 0.0000 0.1200 1
1.4650 34.5000 -2.6606 0.0000 0.0000 0.0000 0.1200 1
1.6617 34.5018 -2.5548 0.0000 0.0000 0.0000 0.1200 1
1.8208 34.5007 -2.4585 0.0000 0.0000 0.0000 0.1200 1
1.9709 34.5004 -2.3487 0.0000 0.0000 0.0000 0.1200 1
2.1328 34.5014 -2.2157 0.0000 0.0000 0.0000 0.1200 1
2.2604 34.5006 -2.0937 0.0000 0.0000 0.0000 0.1200 1
2.4037 34.4989 -1.9385 0.0000 0.0000 0.0000 0.1200 1
2.5263 34.5021 -1.7901 0.0000 0.0000 0.0000 0.1200 1
2.6343 34.4995 -1.6398 0.0000 0.0000 0.0000 0.1200 1
2.7458 34.5018 -1.4699 0.0000 0.0000 0.0000 0.1200 1
2.8402 34.4996 -1.2834 0.0000 0.0000 0.0000 0.1200 1
2.9191 34.4988 -1.1108 0.0000 0.0000 0.0000 0.1200 1
2.9857 34.5004 -0.9375 0.0000 0.0000 0.0000 0.1200 1
3.0436 34.4998 -0.7441 0.0000 0.0000 0.0000 0.1200 1
3.0879 34.5014 -0.5448 0.0000 0.0000 0.0000 0.1200 1
3.1199 34.5002 -0.3652 0.0000 0.0000 0.0000 0.1200 1
3.1376 34.5006 -0.1556 0.0000 0.0000 0.0000 0.1200 1
3.1436 35.0003 0.0401 0.0000 0.0000 0.0000 0.1200 1
3.1387 34.9998 0.2345 0.0000 0.0000 0.0000 0.1200 1
3.1205 35.0010 0.4317 0.0000 0.0000 0.0000 0.1200 1
3.0912 35.0009 0.6078 0.0000 0.0000 0.0000 0.1200 1
3.0474 35.0016 0.7931 0.0000 0.0000 0.0000 0.1200 1
2.9937 35.0002 0.9887 0.0000 0.0000 0.0000 0.1200 1
2.9154 34.9993 1.1827 0.0000 0.0000 0.0000 0.1200 1
2.8448 35.0001 1.3542 0.0000 0.0000 0.0000 0.1200 1
2.7503 34.9988 1.5298 0.0000 0.0000 0.0000 0.1200 1
2.6394 35.0014 1.7063 0.0000 0.0000 0.0000 0.1200 1
2.5351 34.9991 1.8525 0.0000 0.0000 0.0000 0.1200 1
2.4126 35.0008 2.0008 0.0000 0.0000 0.0000 0.1200 1
2.2645 34.9990 2.1650 0.0000 0.0000 0.0000 0.1200 1
2.1278 34.9998 2.2875 0.0000 0.0000 0.0000 0.1200 1
1.9813 34.9994 2.4110 0.0000 0.0000 0.0000 0.1200 1
1.8169 35.0004 2.5283 0.0000 0.0000 0.0000 0.1200 1
1.6637 34.9988 2.6250 0.0000 0.0000 0.0000 0.1200 1
1.4828 34.9998 2.7223 0.0000 0.0000 0.0000 0.1200 1
1.3010 34.9997 2.8016 0.0000 0.0000 0.0000 0.1200 1
1.1059 35.0007 2.8796 0.0000 0.0000 0.0000 0.1200 1
0.9365 35.0000 2.9266 0.0000 0.0000 0.0000 0.1200 1
0.7228 35.0006 2.9787 0.0000 0.0000 0.0000 0.1200 1
0.5387 34.9993 3.0097 0.0000 0.0000 0.0000 0.1200 1
0.3412 35.0008 3.0263 0.0000 0.0000 0.0000 0.1200 1
0.1426 35.0000 3.0330 0.0000 0.0000 0.0000 0.1200 1
-0.0461 34.9994 3.0297 0.0000 0.0000 0.0000 0.1200 1
-0.2390 35.0012 3.0097 0.0000 0.0000 0.0000 0.1200 1
-0.4418 35.0010 2.9771 0.0000 0.0000 0.0000 0.1200 1
-0.6277 35.0006 2.9334 0.0000 0.0000 0.0000 0.1200 1
-0.8266 34.9995 2.8732 0.0000 0.0000 0.0000 0.1200 1
-1.0000 34.9991 2.8037 0.0000 0.0000 0.0000 0.1200 1
-1.1594 35.0011 2.7365 0.0000 0.0000 0.0000 0.1200 1
-1.3644 35.0005 2.6308 0.0000 0.0000 0.0000 0.1200 1
-1.5272 34.9994 2.5224 0.0000 0.0000 0.0000 0.1200 1
-1.6902 35.0000 2.4071 0.0000 0.0000 0.0000 0.1200 1
-1.8285 35.0014 2.2974 0.0000 0.0000 0.0000 0.1200 1
-1.9723 34.9988 2.1593 0.0000 0.0000 0.0000 0.1200 1
-2.1231 35.0016 2.0008 0.0000 0.0000 0.0000 0.1200 1
-2.2345 34.9988 1.8660 0.0000 0.0000 0.0000 0.1200 1
-2.3479 34.9991 1.7033 0.0000 0.0000 0.0000 0.1200 1
-2.4477 35.0002 1.5429 0.0000 0.0000 0.0000 0.1200 1
-2.5406 35.0005 1.3733 0.0000 0.0000 0.0000 0.1200 1
-2.6169 34.9994 1.1949 0.0000 0.0000 0.0000 0.1200 1
-2.6932 34.9995 0.9982 0.0000 0.0000 0.0000 0.1200 1
-2.7482 34.9993 0.8126 0.0000 0.0000 0.0000 0.1200 1
-2.7947 34.9996 0.6220 0.0000 0.0000 0.0000 0.1200 1
-2.8228 34.9997 0.4445 0.0000 0.0000 0.0000 0.1200 1
-2.8485 34.9991 0.2335 0.0000 0.0000 0.0000 0.1200 1
-2.8550 35.0013 0.0314 0.0000 0.0000 0.0000 0.1200 1
-2.8449 34.9986 -0.1674 0.0000 0.0000 0.0000 0.1200 1
-2.8301 35.0002 -0.3565 0.0000 0.0000 0.0000 0.1200 1
-2.7977 34.9989 -0.5319 0.0000 0.0000 0.0000 0.1200 1
-2.7513 35.0009 -0.7303 0.0000 0.0000 0.0000 0.1200 1
-2.6994 35.0010 -0.9184 0.0000 0.0000 0.0000 0.1200 1
-2.6287 35.0003 -1.0982 0.0000 0.0000 0.0000 0.1200 1
-2.5387 34.9989 -1.3035 0.0000 0.0000 0.0000 0.1200 1
-2.4500 34.9988 -1.4658 0.0000 0.0000 0.0000 0.1200 1
-2.3451 35.0008 -1.6378 0.0000 0.0000 0.0000 0.1200 1
-2.2320 35.0002 -1.7943 0.0000 0.0000 0.0000 0.1200 1
-2.1152 35.0002 -1.9334 0.0000 0.0000 0.0000 0.1200 1
-1.9762 35.0006 -2.0860 0.0000 0.0000 0.0000 0.1200 1
-1.8343 35.0002 -2.2143 0.0000 0.0000 0.0000 0.1200 1
-1.6707 34.9994 -2.3494 0.0000 0.0000 0.0000 0.1200 1
-1.5196 34.9997 -2.4579 0.0000 0.0000 0.0000 0.1200 1
-1.3495 34.9997 -2.5677 0.0000 0.0000 0.0000 0.1200 1
-1.1771 34.9981 -2.6605 0.0000 0.0000 0.0000 0.1200 1
-1.0156 35.0004 -2.7280 0.0000 0.0000 0.0000 0.1200 1
-0.8322 35.0008 -2.7985 0.0000 0.0000 0.0000 0.1200 1
-0.6193 34.9990 -2.8617 0.0000 0.0000 0.0000 0.1200 1
-0.4382 34.9990 -2.9070 0.0000 0.0000 0.0000 0.1200 1
-0.2522 34.9980 -2.9408 0.0000 0.0000 0.0000 0.1200 1
-0.0360 35.0003 -2.9620 0.0000 0.0000 0.0000 0.1200 1
0.1283 35.0003 -2.9664 0.0000 0.0000 0.0000 0.1200 1
0.3505 35.0012 -2.9588 0.0000 0.0000 0.0000 0.1200 1
0.5494 34.9995 -2.9360 0.0000 0.0000 0.0000 0.1200 1
0.7350 34.9998 -2.9048 0.0000 0.0000 0.0000 0.1200 1
0.9137 34.9991 -2.8603 0.0000 0.0000 0.0000 0.1200 1
1.1302 34.9999 -2.8017 0.0000 0.0000 0.0000 0.1200 1
1.3156 35.0008 -2.7266 0.0000 0.0000 0.0000 0.1200 1
1.4787 35.0016 -2.6537 0.0000 0.0000 0.0000 0.1200 1
1.6575 34.9993 -2.5598 0.0000 0.0000 0.0000 0.1200 1
1.8085 35.0015 -2.4631 0.0000 0.0000 0.0000 0.1200 1
1.9539 34.9986 -2.3640 0.0000 0.0000 0.0000 0.1200 1
2.1106 34.9998 -2.2320 0.0000 0.0000 0.0000 0.1200 1
2.2766 34.9997 -2.0747 0.0000 0.0000 0.0000 0.1200 1
2.3922 34.9987 -1.9552 0.0000 0.0000 0.0000 0.1200 1
2.5284 34.9987 -1.7906 0.0000 0.0000 0.0000 0.1200 1
2.6504 34.9997 -1.6243 0.0000 0.0000 0.0000 0.1200 1
2.7440 34.9993 -1.4719 0.0000 0.0000 0.0000 0.1200 1
2.8473 35.0000 -1.2710 0.0000 0.0000 0.0000 0.1200 1
2.9232 34.9983 -1.1068 0.0000 0.0000 0.0000 0.1200 1
2.9846 34.9995 -0.9286 0.0000 0.0000 0.0000 0.1200 1
3.0451 34.9977 -0.7344 0.0000 0.0000 0.0000 0.1200 1
3.0904 34.9978 -0.5596 0.0000 0.0000 0.0000 0.1200 1
3.1175 34.9995 -0.3674 0.0000 0.0000 0.0000 0.1200 1
3.1395 35.0005 -0.1690 0.0000 0.0000 0.0000 0.1200 1
3.1502 35.4982 0.0227 0.0000 0.0000 0.0000 0.1200 1
3.1433 35.5003 0.2192 0.0000 0.0000 0.0000 0.1200 1
3.1197 35.4999 0.4409 0.0000 0.0000 0.0000 0.1200 1
3.0901 35.5012 0.6120 0.0000 0.0000 0.0000 0.1200 1
3.0477 35.4988 0.8023 0.0000 0.0000 0.0000 0.1200 1
2.9952 35.5022 0.9834 0.0000 0.0000 0.0000 0.1200 1
2.9148 35.4991 1.1827 0.0000 0.0000 0.0000 0.1200 1
2.8458 35.5011 1.3518 0.0000 0.0000 0.0000 0.1200 1
2.7456 35.5008 1.5324 0.0000 0.0000 0.0000 0.1200 1
2.6330 35.5000 1.7171 0.0000 0.0000 0.0000 0.1200 1
2.5232 35.5000 1.8653 0.0000 0.0000 0.0000 0.1200 1
2.4101 35.5009 2.0084 0.0000 0.0000 0.0000 0.1200 1
2.2646 35.4998 2.1609 0.0000 0.0000 0.0000 0.1200 1
2.1288 35.4995 2.2892 0.0000 0.0000 0.0000 0.1200 1
1.9746 35.4982 2.4172 0.0000 0.0000 0.0000 0.1200 1
1.8143 35.5018 2.5243 0.0000 0.0000 0.0000 0.1200 1
1.6603 35.4989 2.6261 0.0000 0.0000 0.0000 0.1200 1
1.4633 35.5013 2.7327 0.0000 0.0000 0.0000 0.1200 1
1.2873 35.5007 2.8129 0.0000 0.0000 0.0000 0.1200 1
1.0971 35.4992 2.8816 0.0000 0.0000 0.0000 0.1200 1
0.9296 35.4983 2.9344 0.0000 0.0000 0.0000 0.1200 1
0.7444 35.4975 2.9761 0.0000 0.0000 0.0000 0.1200 1
0.5187 35.5000 3.0115 0.0000 0.0000 0.0000 0.1200 1
0.3498 35.4998 3.0267 0.0000 0.0000 0.0000 0.1200 1
0.1512 35.5008 3.0322 0.0000 0.0000 0.0000 0.1200 1
-0.0502 35.5007 3.0256 0.0000 0.0000 0.0000 0.1200 1
-0.2564 35.5000 3.0065 0.0000 0.0000 0.0000 0.1200 1
-0.4336 35.4999 2.9806 0.0000 0.0000 0.0000 0.1200 1
-0.6494 35.5000 2.9305 0.0000 0.0000 0.0000 0.1200 1
-0.8066 35.5006 2.8787 0.0000 0.0000 0.0000 0.1200 1
-1.0045 35.4986 2.8060 0.0000 0.0000 0.0000 0.1200 1
-1.1875 35.5001 2.7220 0.0000 0.0000 0.0000 0.1200 1
-1.3432 35.4999 2.6366 0.0000 0.0000 0.0000 0.1200 1
-1.5197 35.5004 2.5330 0.0000 0.0000 0.0000 0.1200 1
-1.6886 35.4987 2.4112 0.0000 0.0000 0.0000 0.1200 1
-1.8308 35.4994 2.2946 0.0000 0.0000 0.0000 0.1200 1
-1.9753 35.4998 2.1548 0.0000 0.0000 0.0000 0.1200 1
-2.1162 35.5002 2.0049 0.0000 0.0000 0.0000 0.1200 1
-2.2340 35.5012 1.8575 0.0000 0.0000 0.0000 0.1200 1
-2.3447 35.4980 1.7068 0.0000 0.0000 0.0000 0.1200 1
-2.4477 35.5012 1.5316 0.0000 0.0000 0.0000 0.1200 1
-2.5444 35.5012 1.3625 0.0000 0.0000 0.0000 0.1200 1
-2.6263 35.4998 1.1713 0.0000 0.0000 0.0000 0.1200 1
-2.6877 35.4996 1.0164 0.0000 0.0000 0.0000 0.1200 1
-2.7482 35.4994 0.8259 0.0000 0.0000 0.0000 0.1200 1
-2.7927 35.5018 0.6214 0.0000 0.0000 0.0000 0.1200 1
-2.8262 35.5000 0.4320 0.0000 0.0000 0.0000 0.1200 1
-2.8441 35.4993 0.2361 0.0000 0.0000 0.0000 0.1200 1
-2.8524 35.4999 0.0501 0.0000 0.0000 0.0000 0.1200 1
-2.8472 35.4990 -0.1711 0.0000 0.0000 0.0000 0.1200 1
-2.8230 35.4996 -0.3627 0.0000 0.0000 0.0000 0.1200 1
-2.7958 35.4991 -0.5432 0.0000 0.0000 0.0000 0.1200 1
-2.7598 35.5009 -0.7030 0.0000 0.0000 0.0000 0.1200 1
-2.6951 35.5002 -0.9319 0.0000 0.0000 0.0000 0.1200 1
-2.6245 35.5003 -1.1092 0.0000 0.0000 0.0000 0.1200 1
-2.5399 35.4994 -1.2958 0.0000 0.0000 0.0000 0.1200 1
-2.4543 35.4997 -1.4588 0.0000 0.0000 0.0000 0.1200 1
-2.3491 35.5002 -1.6287 0.0000 0.0000 0.0000 0.1200 1
-2.2304 35.5002 -1.7964 0.0000 0.0000 0.0000 0.1200 1
-2.1026 35.5012 -1.9453 0.0000 0.0000 0.0000 0.1200 1
-1.9676 35.4976 -2.0897 0.0000 0.0000 0.0000 0.1200 1
-1.8196 35.4982 -2.2284 0.0000 0.0000 0.0000 0.1200 1
-1.6645 35.5011 -2.3496 0.0000 0.0000 0.0000 0.1200 1
-1.5228 35.5004 -2.4511 0.0000 0.0000 0.0000 0.1200 1
-1.3541 35.4998 -2.5601 0.0000 0.0000 0.0000 0.1200 1
-1.1833 35.5012 -2.6543 0.0000 0.0000 0.0000 0.1200 1
-0.9676 35.5002 -2.7469 0.0000 0.0000 0.0000 0.1200 1
-0.8160 35.5003 -2.8086 0.0000 0.0000 0.0000 0.1200 1
-0.6305 35.4998 -2.8606 0.0000 0.0000 0.0000 0.1200 1
-0.4369 35.5001 -2.9085 0.0000 0.0000 0.0000 0.1200 1
-0.2447 35.4990 -2.9401 0.0000 0.0000 0.0000 0.1200 1
-0.0474 35.5003 -2.9601 0.0000 0.0000 0.0000 0.1200 1
0.1692 35.4983 -2.9623 0.0000 0.0000 0.0000 0.1200 1
0.3502 35.5012 -2.9622 0.0000 0.0000 0.0000 0.1200 1
0.5537 35.5014 -2.9362 0.0000 0.0000 0.0000 0.1200 1
0.7338 35.4992 -2.9075 0.0000 0.0000 0.0000 0.1200 1
0.9290 35.5005 -2.8583 0.0000 0.0000 0.0000 0.1200 1
1.1111 35.4996 -2.8024 0.0000 0.0000 0.0000 0.1200 1
1.3017 35.5006 -2.7323 0.0000 0.0000 0.0000 0.1200 1
1.4565 35.5010 -2.6655 0.0000 0.0000 0.0000 0.1200 1
1.6482 35.4992 -2.5635 0.0000 0.0000 0.0000 0.1200 1
1.8124 35.4991 -2.4590 0.0000 0.0000 0.0000 0.1200 1
1.9653 35.5000 -2.3498 0.0000 0.0000 0.0000 0.1200 1
2.1246 35.5005 -2.2157 0.0000 0.0000 0.0000 0.1200 1
2.2682 35.4994 -2.0841 0.0000 0.0000 0.0000 0.1200 1
2.3979 35.5026 -1.9456 0.0000 0.0000 0.0000 0.1200 1
2.5286 35.4997 -1.7896 0.0000 0.0000 0.0000 0.1200 1
2.6499 35.4998 -1.6172 0.0000 0.0000 0.0000 0.1200 1
2.7487 35.4977 -1.4644 0.0000 0.0000 0.0000 0.1200 1
2.8347 35.4993 -1.3090 0.0000 0.0000 0.0000 0.1200 1
2.9189 35.5016 -1.1130 0.0000 0.0000 0.0000 0.1200 1
2.9979 35.4989 -0.9049 0.0000 0.0000 0.0000 0.1200 1
3.0481 35.4996 -0.7288 0.0000 0.0000 0.0000 0.1200 1
3.0907 35.5014 -0.5516 0.0000 0.0000 0.0000 0.1200 1
3.1237 35.4988 -0.3658 0.0000 0.0000 0.0000 0.1200 1
3.1384 35.4993 -0.1447 0.0000 0.0000 0.0000 0.1200 1
3.1477 36.0003 0.0345 0.0000 0.0000 0.0000 0.1200 1
3.1384 36.0000 0.2399 0.0000 0.0000 0.0000 0.1200 1
3.1231 36.0001 0.4287 0.0000 0.0000 0.0000 0.1200 1
3.0906 35.9998 0.6224 0.0000 0.0000 0.0000 0.1200 1
3.0435 35.9996 0.8170 0.0000 0.0000 0.0000 0.1200 1
2.9866 35.9987 1.0032 0.0000 0.0000 0.0000 0.1200 1
2.9245 36.0010 1.1794 0.0000 0.0000 0.0000 0.1200 1
2.8414 36.0009 1.3591 0.0000 0.0000 0.0000 0.1200 1
2.7568 35.9984 1.5205 0.0000 0.0000 0.0000 0.1200 1
2.6362 36.0013 1.7127 0.0000 0.0000 0.0000 0.1200 1
2.5280 35.9994 1.8632 0.0000 0.0000 0.0000 0.1200 1
2.3994 36.0009 2.0180 0.0000 0.0000 0.0000 0.1200 1
2.2461 35.9987 2.1774 0.0000 0.0000 0.0000 0.1200 1
2.1301 36.0016 2.2883 0.0000 0.0000 0.0000 0.1200 1
1.9743 35.9991 2.4191 0.0000 0.0000 0.0000 0.1200 1
1.8136 35.9988 2.5280 0.0000 0.0000 0.0000 0.1200 1
1.6554 35.9999 2.6335 0.0000 0.0000 0.0000 0.1200 1
1.4806 36.0010 2.7218 0.0000 0.0000 0.0000 0.1200 1
1.2955 36.0000 2.8056 0.0000 0.0000 0.0000 0.1200 1
1.1184 35.9984 2.8741 0.0000 0.0000 0.0000 0.1200 1
0.9210 35.9987 2.9375 0.0000 0.0000 0.0000 0.1200 1
0.7370 35.9985 2.9747 0.0000 0.0000 0.0000 0.1200 1
0.5241 36.0020 3.0127 0.0000 0.0000 0.0000 0.1200 1
0.3236 36.0009 3.0320 0.0000 0.0000 0.0000 0.1200 1
0.1358 35.9992 3.0372 0.0000 0.0000 0.0000 0.1200 1
-0.0407 36.0002 3.0259 0.0000 0.0000 0.0000 0.1200 1
-0.2553 36.0010 3.0081 0.0000 0.0000 0.0000 0.1200 1
-0.4331 36.0024 2.9809 0.0000 0.0000 0.0000 0.1200 1
-0.6269 36.0017 2.9314 0.0000 0.0000 0.0000 0.1200 1
-0.8281 35.9999 2.8710 0.0000 0.0000 0.0000 0.1200 1
-0.9848 36.0016 2.8108 0.0000 0.0000 0.0000 0.1200 1
-1.1630 36.0003 2.7333 0.0000 0.0000 0.0000 0.1200 1
-1.3490 36.0013 2.6364 0.0000 0.0000 0.0000 0.1200 1
-1.5191 36.0012 2.5317 0.0000 0.0000 0.0000 0.1200 1
-1.6805 35.9999 2.4183 0.0000 0.0000 0.0000 0.1200 1
-1.8351 36.0015 2.2874 0.0000 0.0000 0.0000 0.1200 1
-1.9695 35.9985 2.1603 0.0000 0.0000 0.0000 0.1200 1
-2.1026 36.0005 2.0145 0.0000 0.0000 0.0000 0.1200 1
-2.2416 35.9986 1.8527 0.0000 0.0000 0.0000 0.1200 1
-2.3437 35.9992 1.7082 0.0000 0.0000 0.0000 0.1200 1
-2.4450 36.0003 1.5487 0.0000 0.0000 0.0000 0.1200 1
-2.5432 36.0010 1.3581 0.0000 0.0000 0.0000 0.1200 1
-2.6270 36.0003 1.1745 0.0000 0.0000 0.0000 0.1200 1
-2.6982 36.0016 0.9876 0.0000 0.0000 0.0000 0.1200 1
-2.7511 36.0007 0.8092 0.0000 0.0000 0.0000 0.1200 1
-2.7939 36.0003 0.6051 0.0000 0.0000 0.0000 0.1200 1
-2.8275 36.0007 0.4188 0.0000 0.0000 0.0000 0.1200 1
-2.8447 35.9992 0.2464 0.0000 0.0000 0.0000 0.1200 1
-2.8551 35.9994 0.0324 0.0000 0.0000 0.0000 0.1200 1
-2.8465 36.0000 -0.1810 0.0000 0.0000 0.0000 0.1200 1
-2.8210 35.9975 -0.3672 0.0000 0.0000 0.0000 0.1200 1
-2.7959 36.0013 -0.5457 0.0000 0.0000 0.0000 0.1200 1
-2.7462 36.0010 -0.7507 0.0000 0.0000 0.0000 0.1200 1
-2.6935 36.0013 -0.9314 0.0000 0.0000 0.0000 0.1200 1
-2.6241 35.9998 -1.1152 0.0000 0.0000 0.0000 0.1200 1
-2.5487 35.9996 -1.2833 0.0000 0.0000 0.0000 0.1200 1
-2.4473 35.9989 -1.4734 0.0000 0.0000 0.0000 0.1200 1
-2.3459 35.9998 -1.6377 0.0000 0.0000 0.0000 0.1200 1
-2.2327 35.9995 -1.7899 0.0000 0.0000 0.0000 0.1200 1
-2.1095 35.9998 -1.9454 0.0000 0.0000 0.0000 0.1200 1
-1.9612 36.0014 -2.0911 0.0000 0.0000 0.0000 0.1200 1
-1.8369 35.9995 -2.2139 0.0000 0.0000 0.0000 0.1200 1
-1.6679 35.9996 -2.3493 0.0000 0.0000 0.0000 0.1200 1
-1.5181 35.9984 -2.4587 0.0000 0.0000 0.0000 0.1200 1
-1.3526 35.9997 -2.5603 0.0000 0.0000 0.0000 0.1200 1
-1.1769 36.0013 -2.6568 0.0000 0.0000 0.0000 0.1200 1
-0.9874 35.9989 -2.7397 0.0000 0.0000 0.0000 0.1200 1
-0.8260 35.9996 -2.8012 0.0000 0.0000 0.0000 0.1200 1
-0.6299 36.0007 -2.8642 0.0000 0.0000 0.0000 0.1200 1
-0.4427 36.0015 -2.9064 0.0000 0.0000 0.0000 0.1200 1
-0.2440 36.0007 -2.9342 0.0000 0.0000 0.0000 0.1200 1
-0.0575 36.0006 -2.9594 0.0000 0.0000 0.0000 0.1200 1
0.1409 36.0008 -2.9632 0.0000 0.0000 0.0000 0.1200 1
0.3352 36.0006 -2.9582 0.0000 0.0000 0.0000 0.1200 1
0.5478 35.9987 -2.9353 0.0000 0.0000 0.0000 0.1200 1
0.7460 35.9990 -2.9036 0.0000 0.0000 0.0000 0.1200 1
0.9099 35.9999 -2.8679 0.0000 0.0000 0.0000 0.1200 1
1.1165 36.0000 -2.8056 0.0000 0.0000 0.0000 0.1200 1
1.2739 36.0005 -2.7452 0.0000 0.0000 0.0000 0.1200 1
1.4760 35.9999 -2.6545 0.0000 0.0000 0.0000 0.1200 1
1.6445 36.0013 -2.5652 0.0000 0.0000 0.0000 0.1200 1
1.8181 36.0005 -2.4531 0.0000 0.0000 0.0000 0.1200 1
1.9598 36.0001 -2.3555 0.0000 0.0000 0.0000 0.1200 1
2.1251 35.9992 -2.2159 0.0000 0.0000 0.0000 0.1200 1
2.2733 35.9992 -2.0822 0.0000 0.0000 0.0000 0.1200 1
2.3987 36.0003 -1.9486 0.0000 0.0000 0.0000 0.1200 1
2.5394 36.0003 -1.7730 0.0000 0.0000 0.0000 0.1200 1
2.6476 35.9993 -1.6170 0.0000 0.0000 0.0000 0.1200 1
2.7568 36.0007 -1.4436 0.0000 0.0000 0.0000 0.1200 1
2.8328 36.0016 -1.2960 0.0000 0.0000 0.0000 0.1200 1
2.9198 35.9996 -1.1092 0.0000 0.0000 0.0000 0.1200 1
2.9890 36.0009 -0.9300 0.0000 0.0000 0.0000 0.1200 1
3.0443 36.0012 -0.7363 0.0000 0.0000 0.0000 0.1200 1
3.0869 35.9999 -0.5560 0.0000 0.0000 0.0000 0.1200 1
3.1300 35.9989 -0.3300 0.0000 0.0000 0.0000 0.1200 1
3.1409 36.0014 -0.1689 0.0000 0.0000 0.0000 0.1200 1
3.1476 36.5019 0.0433 0.0000 0.0000 0.0000 0.1200 1
3.1415 36.4994 0.2447 0.0000 0.0000 0.0000 0.1200 1
3.1240 36.5015 0.4148 0.0000 0.0000 0.0000 0.1200 1
3.0935 36.5005 0.6110 0.0000 0.0000 0.0000 0.1200 1
3.0448 36.4987 0.8136 0.0000 0.0000 0.0000 0.1200 1
2.9914 36.5013 1.0046 0.0000 0.0000 0.0000 0.1200 1
2.9259 36.4997 1.1728 0.0000 0.0000 0.0000 0.1200 1
2.8423 36.4999 1.3569 0.0000 0.0000 0.0000 0.1200 1
2.7494 36.4993 1.5316 0.0000 0.0000 0.0000 0.1200 1
2.6397 36.4993 1.7127 0.0000 0.0000 0.0000 0.1200 1
2.5269 36.5019 1.8619 0.0000 0.0000 0.0000 0.1200 1
2.4064 36.5004 2.0084 0.0000 0.0000 0.0000 0.1200 1
2.2699 36.5003 2.1571 0.0000 0.0000 0.0000 0.1200 1
2.1280 36.4976 2.2929 0.0000 0.0000 0.0000 0.1200 1
1.9627 36.5004 2.4267 0.0000 0.0000 0.0000 0.1200 1
1.8010 36.5005 2.5390 0.0000 0.0000 0.0000 0.1200 1
1.6492 36.5017 2.6359 0.0000 0.0000 0.0000 0.1200 1
1.4783 36.5011 2.7251 0.0000 0.0000 0.0000 0.1200 1
1.2774 36.4980 2.8200 0.0000 0.0000 0.0000 0.1200 1
1.1195 36.5017 2.8759 0.0000 0.0000 0.0000 0.1200 1
0.9219 36.4994 2.9368 0.0000 0.0000 0.0000 0.1200 1
0.7408 36.5004 2.9784 0.0000 0.0000 0.0000 0.1200 1
0.5339 36.4993 3.0106 0.0000 0.0000 0.0000 0.1200 1
0.3540 36.4988 3.0330 0.0000 0.0000 0.0000 0.1200 1
0.1394 36.4990 3.0375 0.0000 0.0000 0.0000 0.1200 1
-0.0427 36.5005 3.0303 0.0000 0.0000 0.0000 0.1200 1
-0.2598 36.5001 3.0079 0.0000 0.0000 0.0000 0.1200 1
-0.4294 36.5018 2.9793 0.0000 0.0000 0.0000 0.1200 1
-0.6251 36.4999 2.9350 0.0000 0.0000 0.0000 0.1200 1
-0.8244 36.4996 2.8740 0.0000 0.0000 0.0000 0.1200 1
-0.9985 36.5011 2.8111 0.0000 0.0000 0.0000 0.1200 1
-1.1768 36.4988 2.7285 0.0000 0.0000 0.0000 0.1200 1
-1.3442 36.4987 2.6415 0.0000 0.0000 0.0000 0.1200 1
-1.5254 36.5002 2.5249 0.0000 0.0000 0.0000 0.1200 1
-1.6815 36.5010 2.4175 0.0000 0.0000 0.0000 0.1200 1
-1.8273 36.4997 2.2910 0.0000 0.0000 0.0000 0.1200 1
-1.9820 36.5003 2.1467 0.0000 0.0000 0.0000 0.1200 1
-2.1150 36.5009 2.0064 0.0000 0.0000 0.0000 0.1200 1
-2.2303 36.5005 1.8653 0.0000 0.0000 0.0000 0.1200 1
-2.3508 36.5006 1.6971 0.0000 0.0000 0.0000 0.1200 1
-2.4478 36.5006 1.5344 0.0000 0.0000 0.0000 0.1200 1
-2.5463 36.4994 1.3525 0.0000 0.0000 0.0000 0.1200 1
-2.6206 36.5003 1.1893 0.0000 0.0000 0.0000 0.1200 1
-2.6866 36.5005 1.0046 0.0000 0.0000 0.0000 0.1200 1
-2.7529 36.5000 0.8029 0.0000 0.0000 0.0000 0.1200 1
-2.7932 36.4996 0.6190 0.0000 0.0000 0.0000 0.1200 1
-2.8229 36.4998 0.4290 0.0000 0.0000 0.0000 0.1200 1
-2.8437 36.5001 0.2200 0.0000 0.0000 0.0000 0.1200 1
-2.8538 36.4998 0.0391 0.0000 0.0000 0.0000 0.1200 1
-2.8470 36.4997 -0.1512 0.0000 0.0000 0.0000 0.1200 1
-2.8249 36.5006 -0.3713 0.0000 0.0000 0.0000 0.1200 1
-2.7969 36.5001 -0.5386 0.0000 0.0000 0.0000 0.1200 1
-2.7465 36.4999 -0.7565 0.0000 0.0000 0.0000 0.1200 1
-2.6842 36.5011 -0.9437 0.0000 0.0000 0.0000 0.1200 1
-2.6279 36.5004 -1.0995 0.0000 0.0000 0.0000 0.1200 1
-2.5375 36.4996 -1.2982 0.0000 0.0000 0.0000 0.1200 1
-2.4486 36.4999 -1.4635 0.0000 0.0000 0.0000 0.1200 1
-2.3480 36.5006 -1.6306 0.0000 0.0000 0.0000 0.1200 1
-2.2362 36.4990 -1.7854 0.0000 0.0000 0.0000 0.1200 1
-2.1129 36.4985 -1.9417 0.0000 0.0000 0.0000 0.1200 1
-1.9819 36.4997 -2.0771 0.0000 0.0000 0.0000 0.1200 1
-1.8236 36.4990 -2.2220 0.0000 0.0000 0.0000 0.1200 1
-1.6702 36.4980 -2.3463 0.0000 0.0000 0.0000 0.1200 1
-1.5219 36.4996 -2.4564 0.0000 0.0000 0.0000 0.1200 1
-1.3682 36.5012 -2.5554 0.0000 0.0000 0.0000 0.1200 1
-1.1777 36.5002 -2.6572 0.0000 0.0000 0.0000 0.1200 1
-0.9846 36.5002 -2.7406 0.0000 0.0000 0.0000 0.1200 1
-0.8097 36.5010 -2.8067 0.0000 0.0000 0.0000 0.1200 1
-0.6265 36.5012 -2.8601 0.0000 0.0000 0.0000 0.1200 1
-0.4418 36.4991 -2.9063 0.0000 0.0000 0.0000 0.1200 1
-0.2670 36.4996 -2.9315 0.0000 0.0000 0.0000 0.1200 1
-0.0241 36.4972 -2.9609 0.0000 0.0000 0.0000 0.1200 1
0.1514 36.4994 -2.9663 0.0000 0.0000 0.0000 0.1200 1
0.3579 36.5003 -2.9557 0.0000 0.0000 0.0000 0.1200 1
0.5384 36.5009 -2.9401 0.0000 0.0000 0.0000 0.1200 1
0.7115 36.4986 -2.9102 0.0000 0.0000 0.0000 0.1200 1
0.9232 36.5000 -2.8634 0.0000 0.0000 0.0000 0.1200 1
1.1120 36.5000 -2.8042 0.0000 0.0000 0.0000 0.1200 1
1.2872 36.5011 -2.7381 0.0000 0.0000 0.0000 0.1200 1
1.4680 36.4994 -2.6596 0.0000 0.0000 0.0000 0.1200 1
1.6571 36.5015 -2.5589 0.0000 0.0000 0.0000 0.1200 1
1.8081 36.4989 -2.4648 0.0000 0.0000 0.0000 0.1200 1
1.9804 36.4999 -2.3398 0.0000 0.0000 0.0000 0.1200 1
2.1410 36.4978 -2.2083 0.0000 0.0000 0.0000 0.1200 1
2.2738 36.4999 -2.0818 0.0000 0.0000 0.0000 0.1200 1
2.4052 36.4990 -1.9413 0.0000 0.0000 0.0000 0.1200 1
2.5333 36.4989 -1.7822 0.0000 0.0000 0.0000 0.1200 1
2.6427 36.5017 -1.6325 0.0000 0.0000 0.0000 0.1200 1
2.7499 36.4980 -1.4526 0.0000 0.0000 0.0000 0.1200 1
2.8417 36.4996 -1.2854 0.0000 0.0000 0.0000 0.1200 1
2.9212 36.4988 -1.1119 0.0000 0.0000 0.0000 0.1200 1
2.9901 36.5002 -0.9293 0.0000 0.0000 0.0000 0.1200 1
3.0507 36.5009 -0.7158 0.0000 0.0000 0.0000 0.1200 1
3.0898 36.5011 -0.5423 0.0000 0.0000 0.0000 0.1200 1
3.1261 36.4998 -0.3451 0.0000 0.0000 0.0000 0.1200 1
3.1397 36.5005 -0.1706 0.0000 0.0000 0.0000 0.1200 1
3.1496 36.9999 0.0481 0.0000 0.0000 0.0000 0.1200 1
3.1400 37.0002 0.2575 0.0000 0.0000 0.0000 0.1200 1
3.1244 36.9988 0.4318 0.0000 0.0000 0.0000 0.1200 1
3.0948 36.9997 0.6107 0.0000 0.0000 0.0000 0.1200 1
3.0442 37.0015 0.8301 0.0000 0.0000 0.0000 0.1200 1
2.9896 37.0003 1.0090 0.0000 0.0000 0.0000 0.1200 1
2.9211 37.0007 1.1833 0.0000 0.0000 0.0000 0.1200 1
2.8448 37.0003 1.3583 0.0000 0.0000 0.0000 0.1200 1
2.7413 37.0003 1.5399 0.0000 0.0000 0.0000 0.1200 1
2.6423 37.0000 1.7036 0.0000 0.0000 0.0000 0.1200 1
2.5378 36.9989 1.8520 0.0000 0.0000 0.0000 0.1200 1
2.4148 37.0002 2.0054 0.0000 0.0000 0.0000 0.1200 1
2.2690 37.0010 2.1551 0.0000 0.0000 0.0000 0.1200 1
2.1260 37.0023 2.2916 0.0000 0.0000 0.0000 0.1200 1
1.9746 37.0037 2.4218 0.0000 0.0000 0.0000 0.1200 1
1.8196 36.9984 2.5278 0.0000 0.0000 0.0000 0.1200 1
1.6372 36.9998 2.6396 0.0000 0.0000 0.0000 0.1200 1
1.4607 37.0010 2.7339 0.0000 0.0000 0.0000 0.1200 1
1.2983 37.0007 2.8134 0.0000 0.0000 0.0000 0.1200 1
1.1108 36.9991 2.8787 0.0000 0.0000 0.0000 0.1200 1
0.9182 36.9995 2.9363 0.0000 0.0000 0.0000 0.1200 1
0.7222 37.0004 2.9829 0.0000 0.0000 0.0000 0.1200 1
0.5291 37.0012 3.0142 0.0000 0.0000 0.0000 0.1200 1
0.3517 36.9977 3.0280 0.0000 0.0000 0.0000 0.1200 1
0.1472 36.9993 3.0333 0.0000 0.0000 0.0000 0.1200 1
-0.0608 37.0013 3.0285 0.0000 0.0000 0.0000 0.1200 1
-0.2456 36.9997 3.0103 0.0000 0.0000 0.0000 0.1200 1
-0.4274 37.0000 2.9854 0.0000 0.0000 0.0000 0.1200 1
-0.6362 37.0009 2.9335 0.0000 0.0000 0.0000 0.1200 1
-0.8179 37.0012 2.8757 0.0000 0.0000 0.0000 0.1200 1
-1.0041 36.9992 2.8080 0.0000 0.0000 0.0000 0.1200 1
-1.1765 36.9986 2.7291 0.0000 0.0000 0.0000 0.1200 1
-1.3487 37.0002 2.6349 0.0000 0.0000 0.0000 0.1200 1
-1.5129 36.9967 2.5366 0.0000 0.0000 0.0000 0.1200 1
-1.6844 36.9989 2.4124 0.0000 0.0000 0.0000 0.1200 1
-1.8267 36.9993 2.2939 0.0000 0.0000 0.0000 0.1200 1
-1.9764 36.9997 2.1589 0.0000 0.0000 0.0000 0.1200 1
-2.0941 37.0013 2.0317 0.0000 0.0000 0.0000 0.1200 1
-2.2302 37.0009 1.8637 0.0000 0.0000 0.0000 0.1200 1
-2.3463 36.9998 1.7053 0.0000 0.0000 0.0000 0.1200 1
-2.4541 36.9999 1.5279 0.0000 0.0000 0.0000 0.1200 1
-2.5459 36.9999 1.3587 0.0000 0.0000 0.0000 0.1200 1
-2.6276 36.9990 1.1787 0.0000 0.0000 0.0000 0.1200 1
-2.6966 36.9995 0.9879 0.0000 0.0000 0.0000 0.1200 1
-2.7442 37.0003 0.8265 0.0000 0.0000 0.0000 0.1200 1
-2.7976 36.9994 0.6105 0.0000 0.0000 0.0000 0.1200 1
-2.8279 36.9999 0.4321 0.0000 0.0000 0.0000 0.1200 1
-2.8441 36.9999 0.2327 0.0000 0.0000 0.0000 0.1200 1
-2.8498 37.0006 0.0227 0.0000 0.0000 0.0000 0.1200 1
-2.8465 37.0007 -0.1452 0.0000 0.0000 0.0000 0.1200 1
-2.8249 37.0010 -0.3542 0.0000 0.0000 0.0000 0.1200 1
-2.7903 36.9999 -0.5546 0.0000 0.0000 0.0000 0.1200 1
-2.7453 36.9984 -0.7486 0.0000 0.0000 0.0000 0.1200 1
-2.6939 36.9999 -0.9219 0.0000 0.0000 0.0000 0.1200 1
-2.6228 36.9998 -1.1042 0.0000 0.0000 0.0000 0.1200 1
-2.5400 37.0003 -1.2980 0.0000 0.0000 0.0000 0.1200 1
-2.4492 37.0008 -1.4548 0.0000 0.0000 0.0000 0.1200 1
-2.3540 37.0009 -1.6146 0.0000 0.0000 0.0000 0.1200 1
-2.2353 36.9991 -1.7785 0.0000 0.0000 0.0000 0.1200 1
-2.1036 36.9991 -1.9418 0.0000 0.0000 0.0000 0.1200 1
-1.9788 36.9982 -2.0771 0.0000 0.0000 0.0000 0.1200 1
-1.8206 36.9989 -2.2286 0.0000 0.0000 0.0000 0.1200 1
-1.6713 37.0007 -2.3478 0.0000 0.0000 0.0000 0.1200 1
-1.5311 36.9999 -2.4464 0.0000 0.0000 0.0000 0.1200 1
-1.3420 37.0001 -2.5644 0.0000 0.0000 0.0000 0.1200 1
-1.1738 37.0000 -2.6571 0.0000 0.0000 0.0000 0.1200 1
-1.0045 37.0011 -2.7328 0.0000 0.0000 0.0000 0.1200 1
-0.8080 36.9991 -2.8056 0.0000 0.0000 0.0000 0.1200 1
-0.6309 36.9995 -2.8602 0.0000 0.0000 0.0000 0.1200 1
-0.4245 37.0003 -2.9071 0.0000 0.0000 0.0000 0.1200 1
-0.2460 36.9998 -2.9344 0.0000 0.0000 0.0000 0.1200 1
-0.0563 36.9992 -2.9573 0.0000 0.0000 0.0000 0.1200 1
0.1674 36.9995 -2.9629 0.0000 0.0000 0.0000 0.1200 1
0.3345 36.9996 -2.9578 0.0000 0.0000 0.0000 0.1200 1
0.5390 37.0001 -2.9379 0.0000 0.0000 0.0000 0.1200 1
0.7510 37.0005 -2.8995 0.0000 0.0000 0.0000 0.1200 1
0.9230 36.9998 -2.8611 0.0000 0.0000 0.0000 0.1200 1
1.1020 37.0001 -2.8093 0.0000 0.0000 0.0000 0.1200 1
1.3168 36.9995 -2.7251 0.0000 0.0000 0.0000 0.1200 1
1.4711 37.0015 -2.6580 0.0000 0.0000 0.0000 0.1200 1
1.6510 36.9992 -2.5599 0.0000 0.0000 0.0000 0.1200 1
1.8096 37.0001 -2.4604 0.0000 0.0000 0.0000 0.1200 1
1.9966 37.0018 -2.3276 0.0000 0.0000 0.0000 0.1200 1
2.1208 36.9998 -2.2238 0.0000 0.0000 0.0000 0.1200 1
2.2783 37.0012 -2.0765 0.0000 0.0000 0.0000 0.1200 1
2.4109 36.9972 -1.9391 0.0000 0.0000 0.0000 0.1200 1
2.5342 37.0016 -1.7867 0.0000 0.0000 0.0000 0.1200 1
2.6399 37.0001 -1.6300 0.0000 0.0000 0.0000 0.1200 1
2.7551 36.9995 -1.4460 0.0000 0.0000 0.0000 0.1200 1
2.8384 36.9990 -1.2900 0.0000 0.0000 0.0000 0.1200 1
2.9203 37.0024 -1.1073 0.0000 0.0000 0.0000 0.1200 1
2.9872 36.9986 -0.9272 0.0000 0.0000 0.0000 0.1200 1
3.0436 37.0005 -0.7489 0.0000 0.0000 0.0000 0.1200 1
3.0896 37.0026 -0.5577 0.0000 0.0000 0.0000 0.1200 1
3.1190 36.9995 -0.3642 0.0000 0.0000 0.0000 0.1200 1
3.1435 36.9997 -0.1663 0.0000 0.0000 0.0000 0.1200 1
3.1466 37.5002 0.0356 0.0000 0.0000 0.0000 0.1200 1
3.1413 37.4995 0.2446 0.0000 0.0000 0.0000 0.1200 1
3.1194 37.4998 0.4489 0.0000 0.0000 0.0000 0.1200 1
3.0881 37.4999 0.6280 0.0000 0.0000 0.0000 0.1200 1
3.0473 37.5002 0.8228 0.0000 0.0000 0.0000 0.1200 1
2.9905 37.5004 1.0032 0.0000 0.0000 0.0000 0.1200 1
2.9208 37.4987 1.1879 0.0000 0.0000 0.0000 0.1200 1
2.8377 37.5002 1.3623 0.0000 0.0000 0.0000 0.1200 1
2.7495 37.5010 1.5324 0.0000 0.0000 0.0000 0.1200 1
2.6442 37.4999 1.6939 0.0000 0.0000 0.0000 0.1200 1
2.5308 37.5004 1.8578 0.0000 0.0000 0.0000 0.1200 1
2.4052 37.4992 2.0108 0.0000 0.0000 0.0000 0.1200 1
2.2747 37.4999 2.1527 0.0000 0.0000 0.0000 0.1200 1
2.1428 37.5008 2.2801 0.0000 0.0000 0.0000 0.1200 1
1.9676 37.5003 2.4279 0.0000 0.0000 0.0000 0.1200 1
1.8187 37.4990 2.5303 0.0000 0.0000 0.0000 0.1200 1
1.6632 37.4989 2.6291 0.0000 0.0000 0.0000 0.1200 1
1.4800 37.5004 2.7293 0.0000 0.0000 0.0000 0.1200 1
1.3021 37.5007 2.8070 0.0000 0.0000 0.0000 0.1200 1
1.1173 37.5009 2.8798 0.0000 0.0000 0.0000 0.1200 1
0.9337 37.4981 2.9317 0.0000 0.0000 0.0000 0.1200 1
0.7419 37.4990 2.9793 0.0000 0.0000 0.0000 0.1200 1
0.5514 37.5004 3.0061 0.0000 0.0000 0.0000 0.1200 1
0.3497 37.4994 3.0328 0.0000 0.0000 0.0000 0.1200 1
0.1530 37.5000 3.0365 0.0000 0.0000 0.0000 0.1200 1
-0.0553 37.4979 3.0300 0.0000 0.0000 0.0000 0.1200 1
-0.2260 37.5000 3.0184 0.0000 0.0000 0.0000 0.1200 1
-0.4342 37.4995 2.9810 0.0000 0.0000 0.0000 0.1200 1
-0.6290 37.4998 2.9330 0.0000 0.0000 0.0000 0.1200 1
-0.8194 37.4998 2.8706 0.0000 0.0000 0.0000 0.1200 1
-1.0112 37.5020 2.8020 0.0000 0.0000 0.0000 0.1200 1
-1.1822 37.4995 2.7281 0.0000 0.0000 0.0000 0.1200 1
-1.3454 37.4993 2.6396 0.0000 0.0000 0.0000 0.1200 1
-1.5078 37.4998 2.5365 0.0000 0.0000 0.0000 0.1200 1
-1.6722 37.4993 2.4208 0.0000 0.0000 0.0000 0.1200 1
-1.8285 37.4997 2.2926 0.0000 0.0000 0.0000 0.1200 1
-1.9821 37.5012 2.1511 0.0000 0.0000 0.0000 0.1200 1
-2.1150 37.4995 2.0050 0.0000 0.0000 0.0000 0.1200 1
-2.2314 37.5006 1.8665 0.0000 0.0000 0.0000 0.1200 1
-2.3437 37.5007 1.7067 0.0000 0.0000 0.0000 0.1200 1
-2.4566 37.4996 1.5174 0.0000 0.0000 0.0000 0.1200 1
-2.5485 37.5004 1.3577 0.0000 0.0000 0.0000 0.1200 1
-2.6230 37.5006 1.1737 0.0000 0.0000 0.0000 0.1200 1
-2.6908 37.5010 1.0052 0.0000 0.0000 0.0000 0.1200 1
-2.7525 37.5003 0.8146 0.0000 0.0000 0.0000 0.1200 1
-2.7939 37.4989 0.6060 0.0000 0.0000 0.0000 0.1200 1
-2.8241 37.5000 0.4338 0.0000 0.0000 0.0000 0.1200 1
-2.8482 37.4988 0.2236 0.0000 0.0000 0.0000 0.1200 1
-2.8493 37.4999 0.0343 0.0000 0.0000 0.0000 0.1200 1
-2.8411 37.4987 -0.1624 0.0000 0.0000 0.0000 0.1200 1
-2.8239 37.5000 -0.3540 0.0000 0.0000 0.0000 0.1200 1
-2.7897 37.4986 -0.5585 0.0000 0.0000 0.0000 0.1200 1
-2.7414 37.4989 -0.7660 0.0000 0.0000 0.0000 0.1200 1
-2.6931 37.4988 -0.9226 0.0000 0.0000 0.0000 0.1200 1
-2.6289 37.4988 -1.0932 0.0000 0.0000 0.0000 0.1200 1
-2.5377 37.5007 -1.3011 0.0000 0.0000 0.0000 0.1200 1
-2.4531 37.4996 -1.4563 0.0000 0.0000 0.0000 0.1200 1
-2.3470 37.4995 -1.6247 0.0000 0.0000 0.0000 0.1200 1
-2.2356 37.5005 -1.7825 0.0000 0.0000 0.0000 0.1200 1
-2.0946 37.5006 -1.9481 0.0000 0.0000 0.0000 0.1200 1
-1.9794 37.4997 -2.0774 0.0000 0.0000 0.0000 0.1200 1
-1.8263 37.4993 -2.2160 0.0000 0.0000 0.0000 0.1200 1
-1.6806 37.5020 -2.3381 0.0000 0.0000 0.0000 0.1200 1
-1.5077 37.5000 -2.4601 0.0000 0.0000 0.0000 0.1200 1
-1.3607 37.5006 -2.5571 0.0000 0.0000 0.0000 0.1200 1
-1.1854 37.5006 -2.6473 0.0000 0.0000 0.0000 0.1200 1
-1.0174 37.5005 -2.7295 0.0000 0.0000 0.0000 0.1200 1
-0.8084 37.4988 -2.8071 0.0000 0.0000 0.0000 0.1200 1
-0.6468 37.4999 -2.8548 0.0000 0.0000 0.0000 0.1200 1
-0.4295 37.5019 -2.9102 0.0000 0.0000 0.0000 0.1200 1
-0.2349 37.4997 -2.9365 0.0000 0.0000 0.0000 0.1200 1
-0.0412 37.5005 -2.9561 0.0000 0.0000 0.0000 0.1200 1
0.1589 37.4986 -2.9646 0.0000 0.0000 0.0000 0.1200 1
0.3589 37.4991 -2.9581 0.0000 0.0000 0.0000 0.1200 1
0.5366 37.4984 -2.9365 0.0000 0.0000 0.0000 0.1200 1
0.7337 37.4989 -2.9034 0.0000 0.0000 0.0000 0.1200 1
0.9198 37.5000 -2.8625 0.0000 0.0000 0.0000 0.1200 1
1.1144 37.5019 -2.8064 0.0000 0.0000 0.0000 0.1200 1
1.2983 37.5001 -2.7351 0.0000 0.0000 0.0000 0.1200 1
1.4738 37.5011 -2.6530 0.0000 0.0000 0.0000 0.1200 1
1.6415 37.5001 -2.5641 0.0000 0.0000 0.0000 0.1200 1
1.8232 37.5006 -2.4557 0.0000 0.0000 0.0000 0.1200 1
1.9728 37.4983 -2.3434 0.0000 0.0000 0.0000 0.1200 1
2.1222 37.5004 -2.2177 0.0000 0.0000 0.0000 0.1200 1
2.2758 37.5023 -2.0778 0.0000 0.0000 0.0000 0.1200 1
2.4032 37.4991 -1.9434 0.0000 0.0000 0.0000 0.1200 1
2.5366 37.5022 -1.7839 0.0000 0.0000 0.0000 0.1200 1
2.6318 37.5000 -1.6461 0.0000 0.0000 0.0000 0.1200 1
2.7460 37.4998 -1.4658 0.0000 0.0000 0.0000 0.1200 1
2.8411 37.5000 -1.2860 0.0000 0.0000 0.0000 0.1200 1
2.9324 37.5016 -1.0947 0.0000 0.0000 0.0000 0.1200 1
2.9928 37.4988 -0.9210 0.0000 0.0000 0.0000 0.1200 1
3.0472 37.4997 -0.7276 0.0000 0.0000 0.0000 0.1200 1
3.0924 37.5022 -0.5425 0.0000 0.0000 0.0000 0.1200 1
3.1195 37.4995 -0.3744 0.0000 0.0000 0.0000 0.1200 1
3.1428 37.4997 -0.1442 0.0000 0.0000 0.0000 0.1200 1
3.1488 38.0006 0.0226 0.0000 0.0000 0.0000 0.1200 1
3.1447 37.9997 0.2286 0.0000 0.0000 0.0000 0.1200 1
3.1235 37.9997 0.4315 0.0000 0.0000 0.0000 0.1200 1
3.0911 37.9998 0.6269 0.0000 0.0000 0.0000 0.1200 1
3.0471 37.9999 0.8220 0.0000 0.0000 0.0000 0.1200 1
2.9929 37.9995 0.9876 0.0000 0.0000 0.0000 0.1200 1
2.9160 38.0018 1.1994 0.0000 0.0000 0.0000 0.1200 1
2.8358 38.0025 1.3676 0.0000 0.0000 0.0000 0.1200 1
2.7546 38.0000 1.5224 0.0000 0.0000 0.0000 0.1200 1
2.6502 38.0004 1.6948 0.0000 0.0000 0.0000 0.1200 1
2.5408 38.0003 1.8517 0.0000 0.0000 0.0000 0.1200 1
2.4078 37.9987 2.0126 0.0000 0.0000 0.0000 0.1200 1
2.2662 37.9998 2.1606 0.0000 0.0000 0.0000 0.1200 1
2.1306 38.0025 2.2895 0.0000 0.0000 0.0000 0.1200 1
1.9675 37.9997 2.4301 0.0000 0.0000 0.0000 0.1200 1
1.8263 38.0021 2.5218 0.0000 0.0000 0.0000 0.1200 1
1.6536 37.9997 2.6358 0.0000 0.0000 0.0000 0.1200 1
1.5055 37.9998 2.7131 0.0000 0.0000 0.0000 0.1200 1
1.2919 37.9998 2.8113 0.0000 0.0000 0.0000 0.1200 1
1.1134 37.9994 2.8778 0.0000 0.0000 0.0000 0.1200 1
0.9289 37.9999 2.9337 0.0000 0.0000 0.0000 0.1200 1
0.7127 37.9998 2.9854 0.0000 0.0000 0.0000 0.1200 1
0.5356 38.0002 3.0160 0.0000 0.0000 0.0000 0.1200 1
0.3437 38.0003 3.0339 0.0000 0.0000 0.0000 0.1200 1
0.1603 38.0008 3.0425 0.0000 0.0000 0.0000 0.1200 1
-0.0346 37.9992 3.0339 0.0000 0.0000 0.0000 0.1200 1
-0.2615 38.0014 3.0066 0.0000 0.0000 0.0000 0.1200 1
-0.4398 38.0011 2.9770 0.0000 0.0000 0.0000 0.1200 1
-0.6278 37.9991 2.9339 0.0000 0.0000 0.0000 0.1200 1
-0.7985 38.0017 2.8812 0.0000 0.0000 0.0000 0.1200 1
-0.9998 38.0010 2.8129 0.0000 0.0000 0.0000 0.1200 1
-1.1730 37.9994 2.7317 0.0000 0.0000 0.0000 0.1200 1
-1.3396 38.0012 2.6452 0.0000 0.0000 0.0000 0.1200 1
-1.5085 38.0010 2.5407 0.0000 0.0000 0.0000 0.1200 1
-1.6712 38.0004 2.4217 0.0000 0.0000 0.0000 0.1200 1
-1.8373 38.0002 2.2847 0.0000 0.0000 0.0000 0.1200 1
-1.9773 38.0000 2.1542 0.0000 0.0000 0.0000 0.1200 1
-2.0948 38.0014 2.0290 0.0000 0.0000 0.0000 0.1200 1
-2.2305 37.9983 1.8646 0.0000 0.0000 0.0000 0.1200 1
-2.3531 37.9995 1.6883 0.0000 0.0000 0.0000 0.1200 1
-2.4553 37.9999 1.5250 0.0000 0.0000 0.0000 0.1200 1
-2.5388 37.9975 1.3651 0.0000 0.0000 0.0000 0.1200 1
-2.6248 38.0002 1.1772 0.0000 0.0000 0.0000 0.1200 1
-2.6935 37.9993 1.0005 0.0000 0.0000 0.0000 0.1200 1
-2.7484 38.0004 0.8107 0.0000 0.0000 0.0000 0.1200 1
-2.7904 37.9996 0.6433 0.0000 0.0000 0.0000 0.1200 1
-2.8291 37.9984 0.4278 0.0000 0.0000 0.0000 0.1200 1
-2.8447 37.9980 0.1992 0.0000 0.0000 0.0000 0.1200 1
-2.8511 37.9960 0.0340 0.0000 0.0000 0.0000 0.1200 1
-2.8418 38.0013 -0.1596 0.0000 0.0000 0.0000 0.1200 1
-2.8240 38.0010 -0.3604 0.0000 0.0000 0.0000 0.1200 1
-2.7890 38.0002 -0.5565 0.0000 0.0000 0.0000 0.1200 1
-2.7528 37.9999 -0.7241 0.0000 0.0000 0.0000 0.1200 1
-2.6866 38.0011 -0.9461 0.0000 0.0000 0.0000 0.1200 1
-2.6188 37.9998 -1.1207 0.0000 0.0000 0.0000 0.1200 1
-2.5488 38.0008 -1.2818 0.0000 0.0000 0.0000 0.1200 1
-2.4476 38.0015 -1.4617 0.0000 0.0000 0.0000 0.1200 1
-2.3551 38.0002 -1.6179 0.0000 0.0000 0.0000 0.1200 1
-2.2314 37.9989 -1.7887 0.0000 0.0000 0.0000 0.1200 1
-2.1056 37.9994 -1.9455 0.0000 0.0000 0.0000 0.1200 1
-1.9686 37.9975 -2.0874 0.0000 0.0000 0.0000 0.1200 1
-1.8442 38.0005 -2.2026 0.0000 0.0000 0.0000 0.1200 1
-1.6888 37.9995 -2.3292 0.0000 0.0000 0.0000 0.1200 1
-1.5180 37.9999 -2.4544 0.0000 0.0000 0.0000 0.1200 1
-1.3579 38.0014 -2.5527 0.0000 0.0000 0.0000 0.1200 1
-1.1965 37.9998 -2.6431 0.0000 0.0000 0.0000 0.1200 1
-0.9987 37.9980 -2.7360 0.0000 0.0000 0.0000 0.1200 1
-0.8223 37.9993 -2.7991 0.0000 0.0000 0.0000 0.1200 1
-0.6353 38.0006 -2.8570 0.0000 0.0000 0.0000 0.1200 1
-0.4265 37.9991 -2.9029 0.0000 0.0000 0.0000 0.1200 1
-0.2446 38.0000 -2.9335 0.0000 0.0000 0.0000 0.1200 1
-0.0513 37.9994 -2.9569 0.0000 0.0000 0.0000 0.1200 1
0.1498 37.9998 -2.9609 0.0000 0.0000 0.0000 0.1200 1
0.3237 37.9987 -2.9559 0.0000 0.0000 0.0000 0.1200 1
0.5469 37.9991 -2.9366 0.0000 0.0000 0.0000 0.1200 1
0.7564 37.9985 -2.9016 0.0000 0.0000 0.0000 0.1200 1
0.9241 38.0000 -2.8619 0.0000 0.0000 0.0000 0.1200 1
1.1002 38.0021 -2.8106 0.0000 0.0000 0.0000 0.1200 1
1.3096 37.9986 -2.7293 0.0000 0.0000 0.0000 0.1200 1
1.4761 38.0004 -2.6531 0.0000 0.0000 0.0000 0.1200 1
1.6365 38.0004 -2.5695 0.0000 0.0000 0.0000 0.1200 1
1.8234 38.0002 -2.4503 0.0000 0.0000 0.0000 0.1200 1
1.9805 37.9999 -2.3409 0.0000 0.0000 0.0000 0.1200 1
2.1241 37.9989 -2.2192 0.0000 0.0000 0.0000 0.1200 1
2.2815 38.0009 -2.0778 0.0000 0.0000 0.0000 0.1200 1
2.3945 38.0001 -1.9465 0.0000 0.0000 0.0000 0.1200 1
2.5266 37.9989 -1.7881 0.0000 0.0000 0.0000 0.1200 1
2.6418 38.0003 -1.6308 0.0000 0.0000 0.0000 0.1200 1
2.7519 38.0002 -1.4518 0.0000 0.0000 0.0000 0.1200 1
2.8464 37.9997 -1.2749 0.0000 0.0000 0.0000 0.1200 1
2.9235 37.9984 -1.1014 0.0000 0.0000 0.0000 0.1200 1
2.9907 37.9989 -0.9262 0.0000 0.0000 0.0000 0.1200 1
3.0486 37.9997 -0.7428 0.0000 0.0000 0.0000 0.1200 1
3.0906 38.0006 -0.5526 0.0000 0.0000 0.0000 0.1200 1
3.1210 38.0017 -0.3667 0.0000 0.0000 0.0000 0.1200 1
3.1459 38.0004 -0.1441 0.0000 0.0000 0.0000 0.1200 1
3.1507 38.5017 0.0334 0.0000 0.0000 0.0000 0.1200 1
3.1448 38.4995 0.2225 0.0000 0.0000 0.0000 0.1200 1
3.1198 38.5002 0.4292 0.0000 0.0000 0.0000 0.1200 1
3.0902 38.5009 0.6329 0.0000 0.0000 0.0000 0.1200 1
3.0442 38.5003 0.8191 0.0000 0.0000 0.0000 0.1200 1
2.9934 38.4991 1.0050 0.0000 0.0000 0.0000 0.1200 1
2.9193 38.4987 1.1915 0.0000 0.0000 0.0000 0.1200 1
2.8450 38.4999 1.3583 0.0000 0.0000 0.0000 0.1200 1
2.7410 38.4989 1.5450 0.0000 0.0000 0.0000 0.1200 1
2.6405 38.5003 1.7066 0.0000 0.0000 0.0000 0.1200 1
2.5276 38.5000 1.8658 0.0000 0.0000 0.0000 0.1200 1
2.4075 38.4986 2.0191 0.0000 0.0000 0.0000 0.1200 1
2.2689 38.5003 2.1685 0.0000 0.0000 0.0000 0.1200 1
2.1406 38.4992 2.2873 0.0000 0.0000 0.0000 0.1200 1
1.9657 38.4992 2.4278 0.0000 0.0000 0.0000 0.1200 1
1.8157 38.4998 2.5323 0.0000 0.0000 0.0000 0.1200 1
1.6550 38.4995 2.6318 0.0000 0.0000 0.0000 0.1200 1
1.4559 38.4985 2.7381 0.0000 0.0000 0.0000 0.1200 1
1.3033 38.5010 2.8065 0.0000 0.0000 0.0000 0.1200 1
1.0971 38.4996 2.8850 0.0000 0.0000 0.0000 0.1200 1
0.9403 38.5015 2.9260 0.0000 0.0000 0.0000 0.1200 1
0.7196 38.5003 2.9822 0.0000 0.0000 0.0000 0.1200 1
0.5346 38.5000 3.0145 0.0000 0.0000 0.0000 0.1200 1
0.3364 38.4991 3.0338 0.0000 0.0000 0.0000 0.1200 1
0.1452 38.5001 3.0386 0.0000 0.0000 0.0000 0.1200 1
-0.0524 38.5003 3.0318 0.0000 0.0000 0.0000 0.1200 1
-0.2416 38.4984 3.0136 0.0000 0.0000 0.0000 0.1200 1
-0.4269 38.4992 2.9852 0.0000 0.0000 0.0000 0.1200 1
-0.6352 38.4988 2.9343 0.0000 0.0000 0.0000 0.1200 1
-0.8142 38.4991 2.8781 0.0000 0.0000 0.0000 0.1200 1
-0.9960 38.5006 2.8134 0.0000 0.0000 0.0000 0.1200 1
-1.1619 38.5018 2.7394 0.0000 0.0000 0.0000 0.1200 1
-1.3569 38.4993 2.6317 0.0000 0.0000 0.0000 0.1200 1
-1.5430 38.4989 2.5157 0.0000 0.0000 0.0000 0.1200 1
-1.6757 38.5015 2.4198 0.0000 0.0000 0.0000 0.1200 1
-1.8249 38.4996 2.2904 0.0000 0.0000 0.0000 0.1200 1
-1.9775 38.5005 2.1565 0.0000 0.0000 0.0000 0.1200 1
-2.1249 38.5001 1.9934 0.0000 0.0000 0.0000 0.1200 1
-2.2239 38.5008 1.8735 0.0000 0.0000 0.0000 0.1200 1
-2.3375 38.5007 1.7153 0.0000 0.0000 0.0000 0.1200 1
-2.4503 38.4996 1.5316 0.0000 0.0000 0.0000 0.1200 1
-2.5378 38.4991 1.3737 0.0000 0.0000 0.0000 0.1200 1
-2.6216 38.4990 1.1907 0.0000 0.0000 0.0000 0.1200 1
-2.6924 38.5014 0.9947 0.0000 0.0000 0.0000 0.1200 1
-2.7515 38.5015 0.8155 0.0000 0.0000 0.0000 0.1200 1
-2.7935 38.4996 0.6219 0.0000 0.0000 0.0000 0.1200 1
-2.8249 38.5008 0.4218 0.0000 0.0000 0.0000 0.1200 1
-2.8440 38.5002 0.2303 0.0000 0.0000 0.0000 0.1200 1
-2.8511 38.4983 0.0385 0.0000 0.0000 0.0000 0.1200 1
-2.8416 38.5014 -0.1516 0.0000 0.0000 0.0000 0.1200 1
-2.8243 38.4995 -0.3644 0.0000 0.0000 0.0000 0.1200 1
-2.7899 38.5002 -0.5560 0.0000 0.0000 0.0000 0.1200 1
-2.7462 38.5005 -0.7397 0.0000 0.0000 0.0000 0.1200 1
-2.6914 38.5002 -0.9185 0.0000 0.0000 0.0000 0.1200 1
-2.6286 38.5014 -1.0983 0.0000 0.0000 0.0000 0.1200 1
-2.5313 38.5004 -1.3064 0.0000 0.0000 0.0000 0.1200 1
-2.4418 38.5004 -1.4754 0.0000 0.0000 0.0000 0.1200 1
-2.3486 38.5008 -1.6215 0.0000 0.0000 0.0000 0.1200 1
-2.2269 38.4991 -1.7882 0.0000 0.0000 0.0000 0.1200 1
-2.0977 38.4996 -1.9445 0.0000 0.0000 0.0000 0.1200 1
-1.9847 38.4998 -2.0740 0.0000 0.0000 0.0000 0.1200 1
-1.8371 38.5004 -2.2072 0.0000 0.0000 0.0000 0.1200 1
-1.6746 38.4993 -2.3402 0.0000 0.0000 0.0000 0.1200 1
-1.5251 38.5004 -2.4543 0.0000 0.0000 0.0000 0.1200 1
-1.3465 38.5002 -2.5611 0.0000 0.0000 0.0000 0.1200 1
-1.1960 38.5005 -2.6429 0.0000 0.0000 0.0000 0.1200 1
-1.0111 38.5010 -2.7264 0.0000 0.0000 0.0000 0.1200 1
-0.8061 38.4996 -2.8020 0.0000 0.0000 0.0000 0.1200 1
-0.6065 38.4986 -2.8693 0.0000 0.0000 0.0000 0.1200 1
-0.4411 38.5004 -2.9029 0.0000 0.0000 0.0000 0.1200 1
-0.2408 38.4981 -2.9343 0.0000 0.0000 0.0000 0.1200 1
-0.0436 38.5001 -2.9576 0.0000 0.0000 0.0000 0.1200 1
0.1408 38.4981 -2.9615 0.0000 0.0000 0.0000 0.1200 1
0.3391 38.5000 -2.9524 0.0000 0.0000 0.0000 0.1200 1
0.5321 38.4990 -2.9371 0.0000 0.0000 0.0000 0.1200 1
0.7340 38.5016 -2.9049 0.0000 0.0000 0.0000 0.1200 1
0.9405 38.5006 -2.8515 0.0000 0.0000 0.0000 0.1200 1
1.1260 38.5002 -2.7986 0.0000 0.0000 0.0000 0.1200 1
1.2860 38.4995 -2.7389 0.0000 0.0000 0.0000 0.1200 1
1.4799 38.5008 -2.6534 0.0000 0.0000 0.0000 0.1200 1
1.6324 38.5012 -2.5661 0.0000 0.0000 0.0000 0.1200 1
1.8138 38.4995 -2.4553 0.0000 0.0000 0.0000 0.1200 1
1.9846 38.4989 -2.3352 0.0000 0.0000 0.0000 0.1200 1
2.1274 38.4992 -2.2175 0.0000 0.0000 0.0000 0.1200 1
2.2725 38.4994 -2.0837 0.0000 0.0000 0.0000 0.1200 1
2.4117 38.5016 -1.9318 0.0000 0.0000 0.0000 0.1200 1
2.5334 38.5003 -1.7822 0.0000 0.0000 0.0000 0.1200 1
2.6392 38.5002 -1.6358 0.0000 0.0000 0.0000 0.1200 1
2.7554 38.5001 -1.4467 0.0000 0.0000 0.0000 0.1200 1
2.8380 38.4997 -1.2965 0.0000 0.0000 0.0000 0.1200 1
2.9344 38.4993 -1.0765 0.0000 0.0000 0.0000 0.1200 1
2.9878 38.4993 -0.9372 0.0000 0.0000 0.0000 0.1200 1
3.0471 38.5006 -0.7283 0.0000 0.0000 0.0000 0.1200 1
3.0963 38.4994 -0.5330 0.0000 0.0000 0.0000 0.1200 1
3.1214 38.4998 -0.3504 0.0000 0.0000 0.0000 0.1200 1
3.1414 38.4997 -0.1495 0.0000 0.0000 0.0000 0.1200 1
3.1503 38.9985 0.0543 0.0000 0.0000 0.0000 0.1200 1
3.1425 38.9986 0.2347 0.0000 0.0000 0.0000 0.1200 1
3.1228 38.9981 0.4460 0.0000 0.0000 0.0000 0.1200 1
3.0934 38.9990 0.6216 0.0000 0.0000 0.0000 0.1200 1
3.0436 38.9987 0.8113 0.0000 0.0000 0.0000 0.1200 1
2.9927 39.0003 1.0071 0.0000 0.0000 0.0000 0.1200 1
2.9350 38.9990 1.1612 0.0000 0.0000 0.0000 0.1200 1
2.8531 38.9999 1.3464 0.0000 0.0000 0.0000 0.1200 1
2.7488 39.0011 1.5473 0.0000 0.0000 0.0000 0.1200 1
2.6414 39.0025 1.7125 0.0000 0.0000 0.0000 0.1200 1
2.5343 38.9993 1.8602 0.0000 0.0000 0.0000 0.1200 1
2.4186 39.0006 2.0040 0.0000 0.0000 0.0000 0.1200 1
2.2885 38.9998 2.1444 0.0000 0.0000 0.0000 0.1200 1
2.1160 39.0004 2.3016 0.0000 0.0000 0.0000 0.1200 1
1.9836 38.9992 2.4105 0.0000 0.0000 0.0000 0.1200 1
1.8039 39.0001 2.5419 0.0000 0.0000 0.0000 0.1200 1
1.6642 38.9994 2.6301 0.0000 0.0000 0.0000 0.1200 1
1.4747 38.9998 2.7272 0.0000 0.0000 0.0000 0.1200 1
1.3106 39.0007 2.8033 0.0000 0.0000 0.0000 0.1200 1
1.1183 38.9996 2.8751 0.0000 0.0000 0.0000 0.1200 1
0.9453 39.0002 2.9303 0.0000 0.0000 0.0000 0.1200 1
0.7415 38.9994 2.9799 0.0000 0.0000 0.0000 0.1200 1
0.5290 39.0009 3.0134 0.0000 0.0000 0.0000 0.1200 1
0.3493 39.0008 3.0297 0.0000 0.0000 0.0000 0.1200 1
0.1578 39.0006 3.0370 0.0000 0.0000 0.0000 0.1200 1
-0.0379 39.0012 3.0321 0.0000 0.0000 0.0000 0.1200 1
-0.2504 39.0016 3.0123 0.0000 0.0000 0.0000 0.1200 1
-0.4361 39.0000 2.9814 0.0000 0.0000 0.0000 0.1200 1
-0.6196 38.9994 2.9388 0.0000 0.0000 0.0000 0.1200 1
-0.8172 39.0000 2.8770 0.0000 0.0000 0.0000 0.1200 1
-1.0145 38.9998 2.8039 0.0000 0.0000 0.0000 0.1200 1
-1.1772 38.9997 2.7270 0.0000 0.0000 0.0000 0.1200 1
-1.3412 39.0000 2.6401 0.0000 0.0000 0.0000 0.1200 1
-1.5168 38.9986 2.5327 0.0000 0.0000 0.0000 0.1200 1
-1.6623 39.0005 2.4265 0.0000 0.0000 0.0000 0.1200 1
-1.8203 39.0000 2.3029 0.0000 0.0000 0.0000 0.1200 1
-1.9613 39.0007 2.1649 0.0000 0.0000 0.0000 0.1200 1
-2.1039 38.9986 2.0187 0.0000 0.0000 0.0000 0.1200 1
-2.2261 39.0000 1.8727 0.0000 0.0000 0.0000 0.1200 1
-2.3585 39.0000 1.6874 0.0000 0.0000 0.0000 0.1200 1
-2.4616 39.0002 1.5134 0.0000 0.0000 0.0000 0.1200 1
-2.5355 39.0003 1.3714 0.0000 0.0000 0.0000 0.1200 1
-2.6151 39.0009 1.2042 0.0000 0.0000 0.0000 0.1200 1
-2.6874 38.9999 1.0079 0.0000 0.0000 0.0000 0.1200 1
-2.7504 38.9997 0.8173 0.0000 0.0000 0.0000 0.1200 1
-2.7895 39.0004 0.6334 0.0000 0.0000 0.0000 0.1200 1
-2.8300 39.0005 0.4316 0.0000 0.0000 0.0000 0.1200 1
-2.8417 39.0009 0.2288 0.0000 0.0000 0.0000 0.1200 1
-2.8515 38.9999 0.0412 0.0000 0.0000 0.0000 0.1200 1
-2.8415 39.0003 -0.1651 0.0000 0.0000 0.0000 0.1200 1
-2.8211 39.0004 -0.3678 0.0000 0.0000 0.0000 0.1200 1
-2.7868 39.0006 -0.5698 0.0000 0.0000 0.0000 0.1200 1
-2.7448 38.9996 -0.7471 0.0000 0.0000 0.0000 0.1200 1
-2.6941 38.9995 -0.9178 0.0000 0.0000 0.0000 0.1200 1
-2.6251 39.0011 -1.1006 0.0000 0.0000 0.0000 0.1200 1
-2.5462 39.0012 -1.2741 0.0000 0.0000 0.0000 0.1200 1
-2.4443 38.9996 -1.4696 0.0000 0.0000 0.0000 0.1200 1
-2.3484 38.9997 -1.6225 0.0000 0.0000 0.0000 0.1200 1
-2.2232 38.9995 -1.7947 0.0000 0.0000 0.0000 0.1200 1
-2.1121 39.0013 -1.9287 0.0000 0.0000 0.0000 0.1200 1
-1.9709 39.0001 -2.0790 0.0000 0.0000 0.0000 0.1200 1
-1.8253 38.9999 -2.2232 0.0000 0.0000 0.0000 0.1200 1
-1.6827 39.0005 -2.3384 0.0000 0.0000 0.0000 0.1200 1
-1.5296 38.9998 -2.4479 0.0000 0.0000 0.0000 0.1200 1
-1.3560 39.0006 -2.5546 0.0000 0.0000 0.0000 0.1200 1
-1.1933 39.0002 -2.6422 0.0000 0.0000 0.0000 0.1200 1
-0.9990 39.0002 -2.7291 0.0000 0.0000 0.0000 0.1200 1
-0.8315 38.9994 -2.7950 0.0000 0.0000 0.0000 0.1200 1
-0.6283 38.9991 -2.8616 0.0000 0.0000 0.0000 0.1200 1
-0.4252 38.9994 -2.9053 0.0000 0.0000 0.0000 0.1200 1
-0.2495 38.9988 -2.9336 0.0000 0.0000 0.0000 0.1200 1
-0.0495 39.0017 -2.9537 0.0000 0.0000 0.0000 0.1200 1
0.1478 38.9993 -2.9618 0.0000 0.0000 0.0000 0.1200 1
0.3426 39.0015 -2.9550 0.0000 0.0000 0.0000 0.1200 1
0.5294 39.0003 -2.9396 0.0000 0.0000 0.0000 0.1200 1
0.7471 39.0014 -2.9027 0.0000 0.0000 0.0000 0.1200 1
0.9605 39.0005 -2.8512 0.0000 0.0000 0.0000 0.1200 1
1.1156 39.0015 -2.7992 0.0000 0.0000 0.0000 0.1200 1
1.2859 39.0003 -2.7391 0.0000 0.0000 0.0000 0.1200 1
1.4797 38.9985 -2.6496 0.0000 0.0000 0.0000 0.1200 1
1.6459 38.9992 -2.5622 0.0000 0.0000 0.0000 0.1200 1
1.8202 38.9999 -2.4534 0.0000 0.0000 0.0000 0.1200 1
1.9742 39.0011 -2.3455 0.0000 0.0000 0.0000 0.1200 1
2.1309 38.9998 -2.2144 0.0000 0.0000 0.0000 0.1200 1
2.2654 38.9994 -2.0881 0.0000 0.0000 0.0000 0.1200 1
2.4103 38.9986 -1.9313 0.0000 0.0000 0.0000 0.1200 1
2.5300 39.0016 -1.7863 0.0000 0.0000 0.0000 0.1200 1
2.6398 38.9993 -1.6395 0.0000 0.0000 0.0000 0.1200 1
2.7540 38.9998 -1.4482 0.0000 0.0000 0.0000 0.1200 1
2.8352 39.0014 -1.2940 0.0000 0.0000 0.0000 0.1200 1
2.9153 38.9990 -1.1244 0.0000 0.0000 0.0000 0.1200 1
2.9879 39.0014 -0.9364 0.0000 0.0000 0.0000 0.1200 1
3.0428 39.0000 -0.7445 0.0000 0.0000 0.0000 0.1200 1
3.0955 38.9996 -0.5422 0.0000 0.0000 0.0000 0.1200 1
3.1257 38.9988 -0.3383 0.0000 0.0000 0.0000 0.1200 1
3.1442 38.9993 -0.1538 0.0000 0.0000 0.0000 0.1200 1
3.1491 39.4982 0.0332 0.0000 0.0000 0.0000 0.1200 1
3.1428 39.5008 0.2540 0.0000 0.0000 0.0000 0.1200 1
3.1245 39.5015 0.4454 0.0000 0.0000 0.0000 0.1200 1
3.0858 39.4998 0.6391 0.0000 0.0000 0.0000 0.1200 1
3.0473 39.4995 0.8219 0.0000 0.0000 0.0000 0.1200 1
2.9892 39.5008 1.0060 0.0000 0.0000 0.0000 0.1200 1
2.9249 39.4993 1.1871 0.0000 0.0000 0.0000 0.1200 1
2.8396 39.4997 1.3642 0.0000 0.0000 0.0000 0.1200 1
2.7442 39.4991 1.5433 0.0000 0.0000 0.0000 0.1200 1
2.6388 39.5000 1.7181 0.0000 0.0000 0.0000 0.1200 1
2.5195 39.4998 1.8797 0.0000 0.0000 0.0000 0.1200 1
2.4019 39.4995 2.0188 0.0000 0.0000 0.0000 0.1200 1
2.2605 39.5012 2.1671 0.0000 0.0000 0.0000 0.1200 1
2.1305 39.5001 2.2958 0.0000 0.0000 0.0000 0.1200 1
1.9760 39.5007 2.4131 0.0000 0.0000 0.0000 0.1200 1
1.8171 39.5000 2.5371 0.0000 0.0000 0.0000 0.1200 1
1.6452 39.5001 2.6416 0.0000 0.0000 0.0000 0.1200 1
1.4770 39.4988 2.7278 0.0000 0.0000 0.0000 0.1200 1
1.2919 39.5007 2.8111 0.0000 0.0000 0.0000 0.1200 1
1.1242 39.4999 2.8780 0.0000 0.0000 0.0000 0.1200 1
0.9309 39.5007 2.9365 0.0000 0.0000 0.0000 0.1200 1
0.7315 39.5004 2.9841 0.0000 0.0000 0.0000 0.1200 1
0.5553 39.4993 3.0124 0.0000 0.0000 0.0000 0.1200 1
0.3430 39.4988 3.0348 0.0000 0.0000 0.0000 0.1200 1
0.1613 39.4994 3.0417 0.0000 0.0000 0.0000 0.1200 1
-0.0263 39.5000 3.0301 0.0000 0.0000 0.0000 0.1200 1
-0.2374 39.5008 3.0122 0.0000 0.0000 0.0000 0.1200 1
-0.4453 39.4993 2.9800 0.0000 0.0000 0.0000 0.1200 1
-0.6237 39.5001 2.9351 0.0000 0.0000 0.0000 0.1200 1
-0.8174 39.5007 2.8780 0.0000 0.0000 0.0000 0.1200 1
-1.0007 39.4986 2.8122 0.0000 0.0000 0.0000 0.1200 1
-1.1928 39.4998 2.7220 0.0000 0.0000 0.0000 0.1200 1
-1.3581 39.4998 2.6307 0.0000 0.0000 0.0000 0.1200 1
-1.5164 39.4995 2.5326 0.0000 0.0000 0.0000 0.1200 1
-1.6695 39.4990 2.4248 0.0000 0.0000 0.0000 0.1200 1
-1.8242 39.4985 2.2990 0.0000 0.0000 0.0000 0.1200 1
-1.9704 39.4996 2.1588 0.0000 0.0000 0.0000 0.1200 1
-2.1033 39.4979 2.0230 0.0000 0.0000 0.0000 0.1200 1
-2.2365 39.5003 1.8594 0.0000 0.0000 0.0000 0.1200 1
-2.3501 39.4995 1.6921 0.0000 0.0000 0.0000 0.1200 1
-2.4430 39.4982 1.5473 0.0000 0.0000 0.0000 0.1200 1
-2.5377 39.5008 1.3729 0.0000 0.0000 0.0000 0.1200 1
-2.6218 39.5000 1.1866 0.0000 0.0000 0.0000 0.1200 1
-2.6984 39.5003 0.9844 0.0000 0.0000 0.0000 0.1200 1
-2.7521 39.5014 0.8070 0.0000 0.0000 0.0000 0.1200 1
-2.7931 39.4995 0.6300 0.0000 0.0000 0.0000 0.1200 1
-2.8252 39.4993 0.4128 0.0000 0.0000 0.0000 0.1200 1
-2.8451 39.5006 0.2246 0.0000 0.0000 0.0000 0.1200 1
-2.8482 39.4981 0.0434 0.0000 0.0000 0.0000 0.1200 1
-2.8458 39.4999 -0.1581 0.0000 0.0000 0.0000 0.1200 1
-2.8243 39.5004 -0.3352 0.0000 0.0000 0.0000 0.1200 1
-2.7981 39.5014 -0.5308 0.0000 0.0000 0.0000 0.1200 1
-2.7480 39.5013 -0.7405 0.0000 0.0000 0.0000 0.1200 1
-2.6851 39.4991 -0.9344 0.0000 0.0000 0.0000 0.1200 1
-2.6101 39.5013 -1.1289 0.0000 0.0000 0.0000 0.1200 1
-2.5382 39.5021 -1.2948 0.0000 0.0000 0.0000 0.1200 1
-2.4475 39.5021 -1.4609 0.0000 0.0000 0.0000 0.1200 1
-2.3333 39.5001 -1.6374 0.0000 0.0000 0.0000 0.1200 1
-2.2279 39.5012 -1.7873 0.0000 0.0000 0.0000 0.1200 1
-2.1117 39.4981 -1.9322 0.0000 0.0000 0.0000 0.1200 1
-1.9672 39.5013 -2.0842 0.0000 0.0000 0.0000 0.1200 1
-1.8161 39.5002 -2.2286 0.0000 0.0000 0.0000 0.1200 1
-1.6794 39.5003 -2.3313 0.0000 0.0000 0.0000 0.1200 1
-1.5092 39.4994 -2.4582 0.0000 0.0000 0.0000 0.1200 1
-1.3520 39.4993 -2.5595 0.0000 0.0000 0.0000 0.1200 1
-1.1676 39.4987 -2.6546 0.0000 0.0000 0.0000 0.1200 1
-1.0001 39.5002 -2.7328 0.0000 0.0000 0.0000 0.1200 1
-0.8087 39.4993 -2.8078 0.0000 0.0000 0.0000 0.1200 1
-0.6350 39.5016 -2.8562 0.0000 0.0000 0.0000 0.1200 1
-0.4261 39.4998 -2.9040 0.0000 0.0000 0.0000 0.1200 1
-0.2380 39.5002 -2.9357 0.0000 0.0000 0.0000 0.1200 1
-0.0422 39.5000 -2.9535 0.0000 0.0000 0.0000 0.1200 1
0.1654 39.4990 -2.9602 0.0000 0.0000 0.0000 0.1200 1
0.3408 39.4991 -2.9529 0.0000 0.0000 0.0000 0.1200 1
0.5380 39.4979 -2.9351 0.0000 0.0000 0.0000 0.1200 1
0.7334 39.5007 -2.9062 0.0000 0.0000 0.0000 0.1200 1
0.9198 39.4999 -2.8640 0.0000 0.0000 0.0000 0.1200 1
1.1258 39.5010 -2.7984 0.0000 0.0000 0.0000 0.1200 1
1.3022 39.5004 -2.7317 0.0000 0.0000 0.0000 0.1200 1
1.4656 39.4993 -2.6592 0.0000 0.0000 0.0000 0.1200 1
1.6505 39.4999 -2.5577 0.0000 0.0000 0.0000 0.1200 1
1.8078 39.4996 -2.4598 0.0000 0.0000 0.0000 0.1200 1
1.9851 39.5011 -2.3375 0.0000 0.0000 0.0000 0.1200 1
2.1367 39.5019 -2.2072 0.0000 0.0000 0.0000 0.1200 1
2.2877 39.4996 -2.0651 0.0000 0.0000 0.0000 0.1200 1
2.4105 39.4981 -1.9364 0.0000 0.0000 0.0000 0.1200 1
2.5344 39.4990 -1.7805 0.0000 0.0000 0.0000 0.1200 1
2.6543 39.4983 -1.6163 0.0000 0.0000 0.0000 0.1200 1
2.7564 39.4979 -1.4486 0.0000 0.0000 0.0000 0.1200 1
2.8456 39.4983 -1.2825 0.0000 0.0000 0.0000 0.1200 1
2.9340 39.5011 -1.0755 0.0000 0.0000 0.0000 0.1200 1
2.9837 39.4997 -0.9447 0.0000 0.0000 0.0000 0.1200 1
3.0514 39.4999 -0.7212 0.0000 0.0000 0.0000 0.1200 1
3.0893 39.5002 -0.5617 0.0000 0.0000 0.0000 0.1200 1
3.1251 39.4996 -0.3529 0.0000 0.0000 0.0000 0.1200 1
3.1420 39.5000 -0.1495 0.0000 0.0000 0.0000 0.1200 1
3.1490 39.9983 0.0550 0.0000 0.0000 0.0000 0.1200 1
3.1434 39.9980 0.2302 0.0000 0.0000 0.0000 0.1200 1
3.1246 39.9997 0.4273 0.0000 0.0000 0.0000 0.1200 1
3.0945 39.9997 0.6244 0.0000 0.0000 0.0000 0.1200 1
3.0478 39.9991 0.7921 0.0000 0.0000 0.0000 0.1200 1
2.9905 40.0006 1.0009 0.0000 0.0000 0.0000 0.1200 1
2.9217 39.9992 1.1855 0.0000 0.0000 0.0000 0.1200 1
2.8363 40.0010 1.3791 0.0000 0.0000 0.0000 0.1200 1
2.7539 39.9998 1.5282 0.0000 0.0000 0.0000 0.1200 1
2.6408 39.9997 1.7167 0.0000 0.0000 0.0000 0.1200 1
2.5217 40.0002 1.8856 0.0000 0.0000 0.0000 0.1200 1
2.3971 40.0003 2.0214 0.0000 0.0000 0.0000 0.1200 1
2.2581 39.9992 2.1769 0.0000 0.0000 0.0000 0.1200 1
2.1186 39.9983 2.3036 0.0000 0.0000 0.0000 0.1200 1
1.9750 39.9990 2.4263 0.0000 0.0000 0.0000 0.1200 1
1.8160 39.9995 2.5390 0.0000 0.0000 0.0000 0.1200 1
1.6457 40.0005 2.6410 0.0000 0.0000 0.0000 0.1200 1
1.4828 40.0002 2.7282 0.0000 0.0000 0.0000 0.1200 1
1.3041 40.0009 2.8056 0.0000 0.0000 0.0000 0.1200 1
1.1146 39.9997 2.8827 0.0000 0.0000 0.0000 0.1200 1
0.9296 40.0001 2.9374 0.0000 0.0000 0.0000 0.1200 1
0.7412 39.9984 2.9822 0.0000 0.0000 0.0000 0.1200 1
0.5402 40.0008 3.0154 0.0000 0.0000 0.0000 0.1200 1
0.3544 40.0006 3.0349 0.0000 0.0000 0.0000 0.1200 1
0.1495 40.0008 3.0357 0.0000 0.0000 0.0000 0.1200 1
-0.0433 40.0004 3.0340 0.0000 0.0000 0.0000 0.1200 1
-0.2208 40.0002 3.0180 0.0000 0.0000 0.0000 0.1200 1
-0.4376 39.9994 2.9826 0.0000 0.0000 0.0000 0.1200 1
-0.6332 40.0006 2.9443 0.0000 0.0000 0.0000 0.1200 1
-0.8102 39.9998 2.8775 0.0000 0.0000 0.0000 0.1200 1
-1.0170 40.0003 2.8028 0.0000 0.0000 0.0000 0.1200 1
-1.1821 40.0012 2.7299 0.0000 0.0000 0.0000 0.1200 1
-1.3565 40.0010 2.6355 0.0000 0.0000 0.0000 0.1200 1
-1.5283 40.0001 2.5280 0.0000 0.0000 0.0000 0.1200 1
-1.6853 39.9977 2.4146 0.0000 0.0000 0.0000 0.1200 1
-1.8294 39.9983 2.2917 0.0000 0.0000 0.0000 0.1200 1
-1.9745 40.0005 2.1533 0.0000 0.0000 0.0000 0.1200 1
-2.1009 39.9992 2.0186 0.0000 0.0000 0.0000 0.1200 1
-2.2321 39.9994 1.8614 0.0000 0.0000 0.0000 0.1200 1
-2.3424 40.0004 1.7102 0.0000 0.0000 0.0000 0.1200 1
-2.4531 39.9997 1.5258 0.0000 0.0000 0.0000 0.1200 1
-2.5294 40.0001 1.3957 0.0000 0.0000 0.0000 0.1200 1
-2.6200 39.9988 1.1864 0.0000 0.0000 0.0000 0.1200 1
-2.6889 40.0003 1.0155 0.0000 0.0000 0.0000 0.1200 1
-2.7473 39.9990 0.8218 0.0000 0.0000 0.0000 0.1200 1
-2.7920 40.0007 0.6325 0.0000 0.0000 0.0000 0.1200 1
-2.8271 40.0013 0.4312 0.0000 0.0000 0.0000 0.1200 1
-2.8457 39.9986 0.2339 0.0000 0.0000 0.0000 0.1200 1
-2.8505 39.9991 0.0410 0.0000 0.0000 0.0000 0.1200 1
-2.8445 39.9991 -0.1686 0.0000 0.0000 0.0000 0.1200 1
-2.8253 40.0011 -0.3514 0.0000 0.0000 0.0000 0.1200 1
-2.7936 39.9999 -0.5360 0.0000 0.0000 0.0000 0.1200 1
-2.7456 40.0022 -0.7462 0.0000 0.0000 0.0000 0.1200 1
-2.6946 40.0008 -0.9275 0.0000 0.0000 0.0000 0.1200 1
-2.6216 39.9992 -1.1119 0.0000 0.0000 0.0000 0.1200 1
-2.5422 40.0013 -1.2868 0.0000 0.0000 0.0000 0.1200 1
-2.4466 39.9996 -1.4633 0.0000 0.0000 0.0000 0.1200 1
-2.3477 39.9993 -1.6201 0.0000 0.0000 0.0000 0.1200 1
-2.2420 39.9993 -1.7725 0.0000 0.0000 0.0000 0.1200 1
-2.0964 39.9984 -1.9447 0.0000 0.0000 0.0000 0.1200 1
-1.9674 39.9996 -2.0907 0.0000 0.0000 0.0000 0.1200 1
-1.8133 39.9993 -2.2296 0.0000 0.0000 0.0000 0.1200 1
-1.6850 40.0011 -2.3311 0.0000 0.0000 0.0000 0.1200 1
-1.5313 40.0010 -2.4487 0.0000 0.0000 0.0000 0.1200 1
-1.3536 39.9992 -2.5549 0.0000 0.0000 0.0000 0.1200 1
-1.1824 40.0007 -2.6508 0.0000 0.0000 0.0000 0.1200 1
-1.0005 39.9998 -2.7277 0.0000 0.0000 0.0000 0.1200 1
-0.8198 40.0009 -2.7997 0.0000 0.0000 0.0000 0.1200 1
-0.6321 39.9993 -2.8555 0.0000 0.0000 0.0000 0.1200 1
-0.4303 40.0009 -2.9004 0.0000 0.0000 0.0000 0.1200 1
-0.2396 40.0007 -2.9353 0.0000 0.0000 0.0000 0.1200 1
-0.0515 40.0007 -2.9496 0.0000 0.0000 0.0000 0.1200 1
0.1432 40.0013 -2.9617 0.0000 0.0000 0.0000 0.1200 1
0.3635 40.0004 -2.9481 0.0000 0.0000 0.0000 0.1200 1
0.5453 40.0007 -2.9364 0.0000 0.0000 0.0000 0.1200 1
0.7456 40.0004 -2.9007 0.0000 0.0000 0.0000 0.1200 1
0.9279 39.9987 -2.8591 0.0000 0.0000 0.0000 0.1200 1
1.1205 40.0005 -2.7967 0.0000 0.0000 0.0000 0.1200 1
1.2996 40.0000 -2.7262 0.0000 0.0000 0.0000 0.1200 1
1.4692 40.0014 -2.6518 0.0000 0.0000 0.0000 0.1200 1
1.6596 39.9999 -2.5522 0.0000 0.0000 0.0000 0.1200 1
1.8189 39.9988 -2.4492 0.0000 0.0000 0.0000 0.1200 1
1.9743 40.0007 -2.3477 0.0000 0.0000 0.0000 0.1200 1
2.1365 40.0006 -2.2091 0.0000 0.0000 0.0000 0.1200 1
2.2809 40.0003 -2.0782 0.0000 0.0000 0.0000 0.1200 1
2.4087 40.0003 -1.9368 0.0000 0.0000 0.0000 0.1200 1
2.5317 40.0003 -1.7845 0.0000 0.0000 0.0000 0.1200 1
2.6453 39.9995 -1.6249 0.0000 0.0000 0.0000 0.1200 1
2.7459 40.0000 -1.4652 0.0000 0.0000 0.0000 0.1200 1
2.8441 39.9978 -1.2826 0.0000 0.0000 0.0000 0.1200 1
2.9198 40.0002 -1.1105 0.0000 0.0000 0.0000 0.1200 1
2.9896 39.9981 -0.9286 0.0000 0.0000 0.0000 0.1200 1
3.0455 39.9976 -0.7507 0.0000 0.0000 0.0000 0.1200 1
3.0898 40.0006 -0.5420 0.0000 0.0000 0.0000 0.1200 1
3.1248 40.0006 -0.3460 0.0000 0.0000 0.0000 0.1200 1
3.1445 40.0000 -0.1636 0.0000 0.0000 0.0000 0.1200 1
3.1502 40.5014 0.0367 0.0000 0.0000 0.0000 0.1200 1
3.1424 40.5003 0.2385 0.0000 0.0000 0.0000 0.1200 1
3.1232 40.5003 0.4188 0.0000 0.0000 0.0000 0.1200 1
3.0889 40.5011 0.6270 0.0000 0.0000 0.0000 0.1200 1
3.0501 40.4999 0.8227 0.0000 0.0000 0.0000 0.1200 1
2.9948 40.4992 0.9951 0.0000 0.0000 0.0000 0.1200 1
2.9192 40.5013 1.1917 0.0000 0.0000 0.0000 0.1200 1
2.8363 40.5018 1.3773 0.0000 0.0000 0.0000 0.1200 1
2.7418 40.5014 1.5505 0.0000 0.0000 0.0000 0.1200 1
2.6453 40.5009 1.6981 0.0000 0.0000 0.0000 0.1200 1
2.5421 40.5003 1.8501 0.0000 0.0000 0.0000 0.1200 1
2.4028 40.4990 2.0212 0.0000 0.0000 0.0000 0.1200 1
2.2748 40.5006 2.1603 0.0000 0.0000 0.0000 0.1200 1
2.1294 40.4998 2.2973 0.0000 0.0000 0.0000 0.1200 1
1.9820 40.5022 2.4155 0.0000 0.0000 0.0000 0.1200 1
1.8128 40.5010 2.5391 0.0000 0.0000 0.0000 0.1200 1
1.6520 40.4998 2.6347 0.0000 0.0000 0.0000 0.1200 1
1.4679 40.4992 2.7381 0.0000 0.0000 0.0000 0.1200 1
1.2719 40.5008 2.8218 0.0000 0.0000 0.0000 0.1200 1
1.1294 40.4996 2.8750 0.0000 0.0000 0.0000 0.1200 1
0.9088 40.5003 2.9437 0.0000 0.0000 0.0000 0.1200 1
0.7286 40.5001 2.9853 0.0000 0.0000 0.0000 0.1200 1
0.5514 40.4991 3.0133 0.0000 0.0000 0.0000 0.1200 1
0.3269 40.5001 3.0358 0.0000 0.0000 0.0000 0.1200 1
0.1635 40.5012 3.0389 0.0000 0.0000 0.0000 0.1200 1
-0.0676 40.4989 3.0366 0.0000 0.0000 0.0000 0.1200 1
-0.2152 40.4990 3.0192 0.0000 0.0000 0.0000 0.1200 1
-0.4247 40.5003 2.9854 0.0000 0.0000 0.0000 0.1200 1
-0.6167 40.4999 2.9416 0.0000 0.0000 0.0000 0.1200 1
-0.8124 40.4997 2.8841 0.0000 0.0000 0.0000 0.1200 1
-1.0009 40.4988 2.8143 0.0000 0.0000 0.0000 0.1200 1
-1.1748 40.4987 2.7310 0.0000 0.0000 0.0000 0.1200 1
-1.3552 40.4996 2.6354 0.0000 0.0000 0.0000 0.1200 1
-1.5218 40.4988 2.5322 0.0000 0.0000 0.0000 0.1200 1
-1.6820 40.5005 2.4153 0.0000 0.0000 0.0000 0.1200 1
-1.8351 40.5005 2.2898 0.0000 0.0000 0.0000 0.1200 1
-1.9962 40.4987 2.1372 0.0000 0.0000 0.0000 0.1200 1
-2.1104 40.5018 2.0187 0.0000 0.0000 0.0000 0.1200 1
-2.2221 40.4993 1.8760 0.0000 0.0000 0.0000 0.1200 1
-2.3387 40.5001 1.7162 0.0000 0.0000 0.0000 0.1200 1
-2.4542 40.4979 1.5313 0.0000 0.0000 0.0000 0.1200 1
-2.5376 40.5002 1.3719 0.0000 0.0000 0.0000 0.1200 1
-2.6219 40.5007 1.1955 0.0000 0.0000 0.0000 0.1200 1
-2.6899 40.5003 1.0016 0.0000 0.0000 0.0000 0.1200 1
-2.7514 40.4994 0.8083 0.0000 0.0000 0.0000 0.1200 1
-2.7902 40.5008 0.6323 0.0000 0.0000 0.0000 0.1200 1
-2.8275 40.5012 0.4248 0.0000 0.0000 0.0000 0.1200 1
-2.8460 40.4986 0.2377 0.0000 0.0000 0.0000 0.1200 1
-2.8480 40.4997 0.0439 0.0000 0.0000 0.0000 0.1200 1
-2.8430 40.4983 -0.1524 0.0000 0.0000 0.0000 0.1200 1
-2.8253 40.4979 -0.3439 0.0000 0.0000 0.0000 0.1200 1
-2.7956 40.5006 -0.5335 0.0000 0.0000 0.0000 0.1200 1
-2.7511 40.5006 -0.7344 0.0000 0.0000 0.0000 0.1200 1
-2.6949 40.5003 -0.9095 0.0000 0.0000 0.0000 0.1200 1
-2.6209 40.4994 -1.1029 0.0000 0.0000 0.0000 0.1200 1
-2.5436 40.4993 -1.2796 0.0000 0.0000 0.0000 0.1200 1
-2.4425 40.4997 -1.4753 0.0000 0.0000 0.0000 0.1200 1
-2.3382 40.5004 -1.6353 0.0000 0.0000 0.0000 0.1200 1
-2.2371 40.5008 -1.7758 0.0000 0.0000 0.0000 0.1200 1
-2.1179 40.5003 -1.9230 0.0000 0.0000 0.0000 0.1200 1
-1.9846 40.4995 -2.0732 0.0000 0.0000 0.0000 0.1200 1
-1.8236 40.4998 -2.2179 0.0000 0.0000 0.0000 0.1200 1
-1.6688 40.4999 -2.3446 0.0000 0.0000 0.0000 0.1200 1
-1.5077 40.4995 -2.4628 0.0000 0.0000 0.0000 0.1200 1
-1.3548 40.4994 -2.5568 0.0000 0.0000 0.0000 0.1200 1
-1.1903 40.5006 -2.6421 0.0000 0.0000 0.0000 0.1200 1
-0.9826 40.5008 -2.7386 0.0000 0.0000 0.0000 0.1200 1
-0.7987 40.4995 -2.8067 0.0000 0.0000 0.0000 0.1200 1
-0.6322 40.5011 -2.8527 0.0000 0.0000 0.0000 0.1200 1
-0.4195 40.5007 -2.9069 0.0000 0.0000 0.0000 0.1200 1
-0.2438 40.4995 -2.9353 0.0000 0.0000 0.0000 0.1200 1
-0.0436 40.5002 -2.9527 0.0000 0.0000 0.0000 0.1200 1
0.1481 40.4987 -2.9552 0.0000 0.0000 0.0000 0.1200 1
0.3489 40.5004 -2.9521 0.0000 0.0000 0.0000 0.1200 1
0.5392 40.5004 -2.9358 0.0000 0.0000 0.0000 0.1200 1
0.7344 40.5001 -2.9054 0.0000 0.0000 0.0000 0.1200 1
0.9457 40.5018 -2.8543 0.0000 0.0000 0.0000 0.1200 1
1.1298 40.4988 -2.7968 0.0000 0.0000 0.0000 0.1200 1
1.3009 40.4994 -2.7267 0.0000 0.0000 0.0000 0.1200 1
1.4802 40.4988 -2.6497 0.0000 0.0000 0.0000 0.1200 1
1.6591 40.5002 -2.5566 0.0000 0.0000 0.0000 0.1200 1
1.8113 40.5011 -2.4539 0.0000 0.0000 0.0000 0.1200 1
1.9708 40.5002 -2.3472 0.0000 0.0000 0.0000 0.1200 1
2.1270 40.5004 -2.2223 0.0000 0.0000 0.0000 0.1200 1
2.2786 40.5000 -2.0714 0.0000 0.0000 0.0000 0.1200 1
2.4044 40.4994 -1.9384 0.0000 0.0000 0.0000 0.1200 1
2.5393 40.4995 -1.7696 0.0000 0.0000 0.0000 0.1200 1
2.6472 40.4992 -1.6175 0.0000 0.0000 0.0000 0.1200 1
2.7457 40.4993 -1.4749 0.0000 0.0000 0.0000 0.1200 1
2.8449 40.5017 -1.2747 0.0000 0.0000 0.0000 0.1200 1
2.9276 40.5004 -1.1018 0.0000 0.0000 0.0000 0.1200 1
2.9785 40.5000 -0.9441 0.0000 0.0000 0.0000 0.1200 1
3.0481 40.4994 -0.7423 0.0000 0.0000 0.0000 0.1200 1
3.0951 40.4992 -0.5256 0.0000 0.0000 0.0000 0.1200 1
3.1281 40.5027 -0.3318 0.0000 0.0000 0.0000 0.1200 1
3.1426 40.4999 -0.1594 0.0000 0.0000 0.0000 0.1200 1
3.1500 41.0014 0.0430 0.0000 0.0000 0.0000 0.1200 1
3.1454 41.0006 0.2265 0.0000 0.0000 0.0000 0.1200 1
3.1206 41.0001 0.4459 0.0000 0.0000 0.0000 0.1200 1
3.0942 40.9988 0.6345 0.0000 0.0000 0.0000 0.1200 1
3.0486 40.9999 0.8122 0.0000 0.0000 0.0000 0.1200 1
2.9930 40.9987 0.9986 0.0000 0.0000 0.0000 0.1200 1
2.9291 41.0005 1.1757 0.0000 0.0000 0.0000 0.1200 1
2.8468 40.9998 1.3506 0.0000 0.0000 0.0000 0.1200 1
2.7444 40.9989 1.5503 0.0000 0.0000 0.0000 0.1200 1
2.6323 41.0001 1.7219 0.0000 0.0000 0.0000 0.1200 1
2.5226 40.9994 1.8716 0.0000 0.0000 0.0000 0.1200 1
2.4056 41.0017 2.0241 0.0000 0.0000 0.0000 0.1200 1
2.2832 41.0002 2.1495 0.0000 0.0000 0.0000 0.1200 1
2.1310 41.0009 2.2908 0.0000 0.0000 0.0000 0.1200 1
1.9588 41.0000 2.4323 0.0000 0.0000 0.0000 0.1200 1
1.8094 40.9992 2.5413 0.0000 0.0000 0.0000 0.1200 1
1.6450 40.9996 2.6432 0.0000 0.0000 0.0000 0.1200 1
1.4756 41.0006 2.7322 0.0000 0.0000 0.0000 0.1200 1
1.2988 41.0005 2.8084 0.0000 0.0000 0.0000 0.1200 1
1.1028 40.9986 2.8846 0.0000 0.0000 0.0000 0.1200 1
0.9104 41.0005 2.9424 0.0000 0.0000 0.0000 0.1200 1
0.7349 40.9992 2.9831 0.0000 0.0000 0.0000 0.1200 1
0.5251 41.0000 3.0181 0.0000 0.0000 0.0000 0.1200 1
0.3458 41.0010 3.0373 0.0000 0.0000 0.0000 0.1200 1
0.1469 41.0008 3.0422 0.0000 0.0000 0.0000 0.1200 1
-0.0495 40.9997 3.0343 0.0000 0.0000 0.0000 0.1200 1
-0.2355 40.9985 3.0160 0.0000 0.0000 0.0000 0.1200 1
-0.4436 40.9997 2.9809 0.0000 0.0000 0.0000 0.1200 1
-0.6215 40.9998 2.9400 0.0000 0.0000 0.0000 0.1200 1
-0.8264 40.9995 2.8748 0.0000 0.0000 0.0000 0.1200 1
-0.9864 41.0009 2.8183 0.0000 0.0000 0.0000 0.1200 1
-1.1727 40.9995 2.7322 0.0000 0.0000 0.0000 0.1200 1
-1.3557 41.0004 2.6359 0.0000 0.0000 0.0000 0.1200 1
-1.5158 41.0005 2.5375 0.0000 0.0000 0.0000 0.1200 1
-1.6693 41.0011 2.4274 0.0000 0.0000 0.0000 0.1200 1
-1.8211 40.9990 2.3045 0.0000 0.0000 0.0000 0.1200 1
-1.9660 41.0011 2.1680 0.0000 0.0000 0.0000 0.1200 1
-2.1127 41.0028 2.0134 0.0000 0.0000 0.0000 0.1200 1
-2.2303 41.0006 1.8699 0.0000 0.0000 0.0000 0.1200 1
-2.3411 40.9991 1.7147 0.0000 0.0000 0.0000 0.1200 1
-2.4438 41.0010 1.5475 0.0000 0.0000 0.0000 0.1200 1
-2.5398 41.0010 1.3693 0.0000 0.0000 0.0000 0.1200 1
-2.6160 40.9990 1.1898 0.0000 0.0000 0.0000 0.1200 1
-2.6897 40.9990 0.9995 0.0000 0.0000 0.0000 0.1200 1
-2.7536 41.0007 0.8042 0.0000 0.0000 0.0000 0.1200 1
-2.7891 40.9997 0.6383 0.0000 0.0000 0.0000 0.1200 1
-2.8283 41.0010 0.4209 0.0000 0.0000 0.0000 0.1200 1
-2.8432 40.9995 0.2467 0.0000 0.0000 0.0000 0.1200 1
-2.8531 40.9994 0.0379 0.0000 0.0000 0.0000 0.1200 1
-2.8424 40.9989 -0.1538 0.0000 0.0000 0.0000 0.1200 1
-2.8209 40.9998 -0.3613 0.0000 0.0000 0.0000 0.1200 1
-2.7923 40.9982 -0.5449 0.0000 0.0000 0.0000 0.1200 1
-2.7504 40.9998 -0.7325 0.0000 0.0000 0.0000 0.1200 1
-2.6901 40.9990 -0.9312 0.0000 0.0000 0.0000 0.1200 1
-2.6205 41.0000 -1.1014 0.0000 0.0000 0.0000 0.1200 1
-2.5356 41.0005 -1.2913 0.0000 0.0000 0.0000 0.1200 1
-2.4552 41.0008 -1.4442 0.0000 0.0000 0.0000 0.1200 1
-2.3499 41.0017 -1.6202 0.0000 0.0000 0.0000 0.1200 1
-2.2276 40.9992 -1.7867 0.0000 0.0000 0.0000 0.1200 1
-2.0874 41.0001 -1.9552 0.0000 0.0000 0.0000 0.1200 1
-1.9706 41.0001 -2.0809 0.0000 0.0000 0.0000 0.1200 1
-1.8284 40.9997 -2.2184 0.0000 0.0000 0.0000 0.1200 1
-1.6922 41.0001 -2.3290 0.0000 0.0000 0.0000 0.1200 1
-1.5117 40.9995 -2.4548 0.0000 0.0000 0.0000 0.1200 1
-1.3611 40.9992 -2.5483 0.0000 0.0000 0.0000 0.1200 1
-1.1610 40.9997 -2.6571 0.0000 0.0000 0.0000 0.1200 1
-1.0175 40.9994 -2.7202 0.0000 0.0000 0.0000 0.1200 1
-0.7994 41.0006 -2.8033 0.0000 0.0000 0.0000 0.1200 1
-0.6312 40.9988 -2.8571 0.0000 0.0000 0.0000 0.1200 1
-0.4380 41.0002 -2.8972 0.0000 0.0000 0.0000 0.1200 1
-0.2407 41.0021 -2.9347 0.0000 0.0000 0.0000 0.1200 1
-0.0375 40.9989 -2.9522 0.0000 0.0000 0.0000 0.1200 1
0.1509 40.9988 -2.9558 0.0000 0.0000 0.0000 0.1200 1
0.3449 40.9994 -2.9540 0.0000 0.0000 0.0000 0.1200 1
0.5405 40.9993 -2.9282 0.0000 0.0000 0.0000 0.1200 1
0.7311 41.0004 -2.9000 0.0000 0.0000 0.0000 0.1200 1
0.9236 41.0017 -2.8522 0.0000 0.0000 0.0000 0.1200 1
1.1189 41.0003 -2.7953 0.0000 0.0000 0.0000 0.1200 1
1.3131 41.0001 -2.7257 0.0000 0.0000 0.0000 0.1200 1
1.4855 41.0010 -2.6446 0.0000 0.0000 0.0000 0.1200 1
1.6486 40.9992 -2.5602 0.0000 0.0000 0.0000 0.1200 1
1.8203 40.9992 -2.4531 0.0000 0.0000 0.0000 0.1200 1
1.9847 40.9993 -2.3328 0.0000 0.0000 0.0000 0.1200 1
2.1333 40.9999 -2.2142 0.0000 0.0000 0.0000 0.1200 1
2.2665 40.9996 -2.0837 0.0000 0.0000 0.0000 0.1200 1
2.4020 41.0003 -1.9409 0.0000 0.0000 0.0000 0.1200 1
2.5341 40.9986 -1.7788 0.0000 0.0000 0.0000 0.1200 1
2.6491 40.9981 -1.6132 0.0000 0.0000 0.0000 0.1200 1
2.7423 41.0013 -1.4645 0.0000 0.0000 0.0000 0.1200 1
2.8417 41.0035 -1.2840 0.0000 0.0000 0.0000 0.1200 1
2.9276 41.0025 -1.0958 0.0000 0.0000 0.0000 0.1200 1
2.9889 40.9985 -0.9193 0.0000 0.0000 0.0000 0.1200 1
3.0567 41.0009 -0.7146 0.0000 0.0000 0.0000 0.1200 1
3.0930 41.0001 -0.5391 0.0000 0.0000 0.0000 0.1200 1
3.1248 41.0008 -0.3304 0.0000 0.0000 0.0000 0.1200 1
3.1392 41.0008 -0.1587 0.0000 0.0000 0.0000 0.1200 1
3.1456 41.4974 0.0276 0.0000 0.0000 0.0000 0.1200 1
3.1459 41.4989 0.2338 0.0000 0.0000 0.0000 0.1200 1
3.1231 41.5009 0.4389 0.0000 0.0000 0.0000 0.1200 1
3.0912 41.5011 0.6230 0.0000 0.0000 0.0000 0.1200 1
3.0471 41.4988 0.8255 0.0000 0.0000 0.0000 0.1200 1
2.9927 41.4991 0.9966 0.0000 0.0000 0.0000 0.1200 1
2.9168 41.4991 1.1913 0.0000 0.0000 0.0000 0.1200 1
2.8367 41.4997 1.3817 0.0000 0.0000 0.0000 0.1200 1
2.7564 41.5000 1.5261 0.0000 0.0000 0.0000 0.1200 1
2.6458 41.5011 1.7080 0.0000 0.0000 0.0000 0.1200 1
2.5273 41.4996 1.8733 0.0000 0.0000 0.0000 0.1200 1
2.3956 41.4977 2.0253 0.0000 0.0000 0.0000 0.1200 1
2.2771 41.4997 2.1626 0.0000 0.0000 0.0000 0.1200 1
2.1190 41.4998 2.3067 0.0000 0.0000 0.0000 0.1200 1
1.9863 41.4994 2.4156 0.0000 0.0000 0.0000 0.1200 1
1.8322 41.5001 2.5261 0.0000 0.0000 0.0000 0.1200 1
1.6463 41.4997 2.6380 0.0000 0.0000 0.0000 0.1200 1
1.4870 41.4985 2.7308 0.0000 0.0000 0.0000 0.1200 1
1.2951 41.5007 2.8177 0.0000 0.0000 0.0000 0.1200 1
1.1055 41.4998 2.8850 0.0000 0.0000 0.0000 0.1200 1
0.9128 41.4990 2.9439 0.0000 0.0000 0.0000 0.1200 1
0.7408 41.4997 2.9883 0.0000 0.0000 0.0000 0.1200 1
0.5411 41.4999 3.0170 0.0000 0.0000 0.0000 0.1200 1
0.3473 41.4992 3.0322 0.0000 0.0000 0.0000 0.1200 1
0.1433 41.4991 3.0444 0.0000 0.0000 0.0000 0.1200 1
-0.0284 41.5002 3.0342 0.0000 0.0000 0.0000 0.1200 1
-0.2448 41.5003 3.0150 0.0000 0.0000 0.0000 0.1200 1
-0.4359 41.4998 2.9846 0.0000 0.0000 0.0000 0.1200 1
-0.6282 41.5007 2.9360 0.0000 0.0000 0.0000 0.1200 1
-0.8061 41.5000 2.8873 0.0000 0.0000 0.0000 0.1200 1
-0.9938 41.5012 2.8157 0.0000 0.0000 0.0000 0.1200 1
-1.1887 41.5013 2.7259 0.0000 0.0000 0.0000 0.1200 1
-1.3443 41.4996 2.6397 0.0000 0.0000 0.0000 0.1200 1
-1.5156 41.4996 2.5365 0.0000 0.0000 0.0000 0.1200 1
-1.6736 41.5016 2.4257 0.0000 0.0000 0.0000 0.1200 1
-1.8263 41.5009 2.3030 0.0000 0.0000 0.0000 0.1200 1
-1.9693 41.5010 2.1663 0.0000 0.0000 0.0000 0.1200 1
-2.1031 41.5000 2.0238 0.0000 0.0000 0.0000 0.1200 1
-2.2423 41.4991 1.8496 0.0000 0.0000 0.0000 0.1200 1
-2.3365 41.4993 1.7193 0.0000 0.0000 0.0000 0.1200 1
-2.4635 41.4995 1.5151 0.0000 0.0000 0.0000 0.1200 1
-2.5413 41.5002 1.3706 0.0000 0.0000 0.0000 0.1200 1
-2.6162 41.4980 1.2057 0.0000 0.0000 0.0000 0.1200 1
-2.6905 41.5007 1.0047 0.0000 0.0000 0.0000 0.1200 1
-2.7496 41.5008 0.8334 0.0000 0.0000 0.0000 0.1200 1
-2.7882 41.5004 0.6415 0.0000 0.0000 0.0000 0.1200 1
-2.8276 41.4997 0.4340 0.0000 0.0000 0.0000 0.1200 1
-2.8399 41.5005 0.2423 0.0000 0.0000 0.0000 0.1200 1
-2.8481 41.4997 0.0467 0.0000 0.0000 0.0000 0.1200 1
-2.8464 41.5004 -0.1661 0.0000 0.0000 0.0000 0.1200 1
-2.8220 41.4985 -0.3535 0.0000 0.0000 0.0000 0.1200 1
-2.7901 41.5003 -0.5560 0.0000 0.0000 0.0000 0.1200 1
-2.7489 41.5013 -0.7296 0.0000 0.0000 0.0000 0.1200 1
-2.6802 41.5002 -0.9456 0.0000 0.0000 0.0000 0.1200 1
-2.6238 41.4999 -1.0971 0.0000 0.0000 0.0000 0.1200 1
-2.5434 41.4993 -1.2783 0.0000 0.0000 0.0000 0.1200 1
-2.4454 41.5007 -1.4688 0.0000 0.0000 0.0000 0.1200 1
-2.3436 41.4977 -1.6291 0.0000 0.0000 0.0000 0.1200 1
-2.2370 41.4999 -1.7751 0.0000 0.0000 0.0000 0.1200 1
-2.1064 41.5003 -1.9380 0.0000 0.0000 0.0000 0.1200 1
-1.9723 41.4998 -2.0737 0.0000 0.0000 0.0000 0.1200 1
-1.8310 41.5009 -2.2107 0.0000 0.0000 0.0000 0.1200 1
-1.6692 41.4996 -2.3431 0.0000 0.0000 0.0000 0.1200 1
-1.5204 41.5007 -2.4540 0.0000 0.0000 0.0000 0.1200 1
-1.3503 41.5005 -2.5508 0.0000 0.0000 0.0000 0.1200 1
-1.1704 41.4996 -2.6539 0.0000 0.0000 0.0000 0.1200 1
-1.0220 41.5010 -2.7189 0.0000 0.0000 0.0000 0.1200 1
-0.8198 41.5007 -2.7969 0.0000 0.0000 0.0000 0.1200 1
-0.6298 41.4991 -2.8574 0.0000 0.0000 0.0000 0.1200 1
-0.4375 41.4990 -2.9014 0.0000 0.0000 0.0000 0.1200 1
-0.2335 41.5002 -2.9323 0.0000 0.0000 0.0000 0.1200 1
-0.0623 41.5004 -2.9512 0.0000 0.0000 0.0000 0.1200 1
0.1461 41.4991 -2.9585 0.0000 0.0000 0.0000 0.1200 1
0.3506 41.5020 -2.9524 0.0000 0.0000 0.0000 0.1200 1
0.5448 41.4998 -2.9333 0.0000 0.0000 0.0000 0.1200 1
0.7352 41.4997 -2.8974 0.0000 0.0000 0.0000 0.1200 1
0.9312 41.4993 -2.8588 0.0000 0.0000 0.0000 0.1200 1
1.1080 41.5011 -2.8034 0.0000 0.0000 0.0000 0.1200 1
1.2990 41.5009 -2.7328 0.0000 0.0000 0.0000 0.1200 1
1.4682 41.4989 -2.6513 0.0000 0.0000 0.0000 0.1200 1
1.6449 41.4990 -2.5593 0.0000 0.0000 0.0000 0.1200 1
1.8101 41.5001 -2.4590 0.0000 0.0000 0.0000 0.1200 1
1.9690 41.5006 -2.3454 0.0000 0.0000 0.0000 0.1200 1
2.1392 41.5003 -2.2082 0.0000 0.0000 0.0000 0.1200 1
2.2638 41.5007 -2.0810 0.0000 0.0000 0.0000 0.1200 1
2.4101 41.4996 -1.9293 0.0000 0.0000 0.0000 0.1200 1
2.5370 41.5016 -1.7807 0.0000 0.0000 0.0000 0.1200 1
2.6486 41.4988 -1.6177 0.0000 0.0000 0.0000 0.1200 1
2.7455 41.4997 -1.4649 0.0000 0.0000 0.0000 0.1200 1
2.8353 41.5002 -1.2894 0.0000 0.0000 0.0000 0.1200 1
2.9150 41.5000 -1.1204 0.0000 0.0000 0.0000 0.1200 1
2.9888 41.5003 -0.9211 0.0000 0.0000 0.0000 0.1200 1
3.0420 41.4995 -0.7504 0.0000 0.0000 0.0000 0.1200 1
3.0940 41.4997 -0.5395 0.0000 0.0000 0.0000 0.1200 1
3.1247 41.5007 -0.3407 0.0000 0.0000 0.0000 0.1200 1
3.1441 41.5014 -0.1571 0.0000 0.0000 0.0000 0.1200 1
3.1456 42.0008 0.0436 0.0000 0.0000 0.0000 0.1200 1
3.1434 42.0012 0.2318 0.0000 0.0000 0.0000 0.1200 1
3.1230 41.9990 0.4160 0.0000 0.0000 0.0000 0.1200 1
3.0895 41.9992 0.6330 0.0000 0.0000 0.0000 0.1200 1
3.0456 42.0002 0.8135 0.0000 0.0000 0.0000 0.1200 1
2.9987 41.9971 0.9884 0.0000 0.0000 0.0000 0.1200 1
2.9175 42.0018 1.1903 0.0000 0.0000 0.0000 0.1200 1
2.8435 42.0003 1.3618 0.0000 0.0000 0.0000 0.1200 1
2.7578 42.0013 1.5236 0.0000 0.0000 0.0000 0.1200 1
2.6437 42.0001 1.7094 0.0000 0.0000 0.0000 0.1200 1
2.5242 42.0007 1.8764 0.0000 0.0000 0.0000 0.1200 1
2.4009 42.0002 2.0222 0.0000 0.0000 0.0000 0.1200 1
2.2653 42.0011 2.1723 0.0000 0.0000 0.0000 0.1200 1
2.1270 42.0014 2.2960 0.0000 0.0000 0.0000 0.1200 1
1.9765 42.0005 2.4176 0.0000 0.0000 0.0000 0.1200 1
1.8265 41.9997 2.5262 0.0000 0.0000 0.0000 0.1200 1
1.6458 42.0005 2.6414 0.0000 0.0000 0.0000 0.1200 1
1.4787 42.0006 2.7318 0.0000 0.0000 0.0000 0.1200 1
1.3031 41.9985 2.8132 0.0000 0.0000 0.0000 0.1200 1
1.1089 42.0004 2.8885 0.0000 0.0000 0.0000 0.1200 1
0.9190 41.9999 2.9435 0.0000 0.0000 0.0000 0.1200 1
0.7143 41.9976 2.9849 0.0000 0.0000 0.0000 0.1200 1
0.5486 41.9989 3.0153 0.0000 0.0000 0.0000 0.1200 1
0.3426 41.9999 3.0363 0.0000 0.0000 0.0000 0.1200 1
0.1528 41.9992 3.0388 0.0000 0.0000 0.0000 0.1200 1
-0.0364 41.9990 3.0343 0.0000 0.0000 0.0000 0.1200 1
-0.2597 42.0002 3.0133 0.0000 0.0000 0.0000 0.1200 1
-0.4395 41.9989 2.9818 0.0000 0.0000 0.0000 0.1200 1
-0.6264 42.0001 2.9382 0.0000 0.0000 0.0000 0.1200 1
-0.8058 42.0014 2.8850 0.0000 0.0000 0.0000 0.1200 1
-1.0054 41.9993 2.8108 0.0000 0.0000 0.0000 0.1200 1
-1.1772 42.0010 2.7347 0.0000 0.0000 0.0000 0.1200 1
-1.3542 42.0013 2.6416 0.0000 0.0000 0.0000 0.1200 1
-1.5144 41.9982 2.5358 0.0000 0.0000 0.0000 0.1200 1
-1.6843 42.0004 2.4227 0.0000 0.0000 0.0000 0.1200 1
-1.8264 42.0007 2.3011 0.0000 0.0000 0.0000 0.1200 1
-1.9819 41.9987 2.1540 0.0000 0.0000 0.0000 0.1200 1
-2.1109 42.0008 2.0154 0.0000 0.0000 0.0000 0.1200 1
-2.2368 42.0018 1.8623 0.0000 0.0000 0.0000 0.1200 1
-2.3480 41.9988 1.7101 0.0000 0.0000 0.0000 0.1200 1
-2.4468 42.0004 1.5461 0.0000 0.0000 0.0000 0.1200 1
-2.5378 42.0010 1.3793 0.0000 0.0000 0.0000 0.1200 1
-2.6209 42.0004 1.1914 0.0000 0.0000 0.0000 0.1200 1
-2.6874 41.9987 1.0176 0.0000 0.0000 0.0000 0.1200 1
-2.7518 42.0014 0.8064 0.0000 0.0000 0.0000 0.1200 1
-2.7942 42.0006 0.6280 0.0000 0.0000 0.0000 0.1200 1
-2.8243 41.9980 0.4377 0.0000 0.0000 0.0000 0.1200 1
-2.8421 41.9982 0.2425 0.0000 0.0000 0.0000 0.1200 1
-2.8464 42.0001 0.0316 0.0000 0.0000 0.0000 0.1200 1
-2.8433 41.9983 -0.1399 0.0000 0.0000 0.0000 0.1200 1
-2.8265 42.0010 -0.3608 0.0000 0.0000 0.0000 0.1200 1
-2.7930 42.0013 -0.5461 0.0000 0.0000 0.0000 0.1200 1
-2.7467 41.9987 -0.7391 0.0000 0.0000 0.0000 0.1200 1
-2.6944 41.9999 -0.9143 0.0000 0.0000 0.0000 0.1200 1
-2.6215 42.0001 -1.1083 0.0000 0.0000 0.0000 0.1200 1
-2.5360 42.0003 -1.2924 0.0000 0.0000 0.0000 0.1200 1
-2.4524 42.0001 -1.4443 0.0000 0.0000 0.0000 0.1200 1
-2.3412 41.9997 -1.6281 0.0000 0.0000 0.0000 0.1200 1
-2.2330 42.0001 -1.7757 0.0000 0.0000 0.0000 0.1200 1
-2.1063 41.9990 -1.9342 0.0000 0.0000 0.0000 0.1200 1
-1.9648 41.9991 -2.0872 0.0000 0.0000 0.0000 0.1200 1
-1.8335 42.0003 -2.2107 0.0000 0.0000 0.0000 0.1200 1
-1.6919 42.0000 -2.3281 0.0000 0.0000 0.0000 0.1200 1
-1.5225 41.9986 -2.4505 0.0000 0.0000 0.0000 0.1200 1
-1.3444 42.0017 -2.5613 0.0000 0.0000 0.0000 0.1200 1
-1.1751 41.9995 -2.6496 0.0000 0.0000 0.0000 0.1200 1
-0.9916 41.9999 -2.7323 0.0000 0.0000 0.0000 0.1200 1
-0.8235 41.9997 -2.7975 0.0000 0.0000 0.0000 0.1200 1
-0.6260 41.9983 -2.8552 0.0000 0.0000 0.0000 0.1200 1
-0.4432 41.9996 -2.8982 0.0000 0.0000 0.0000 0.1200 1
-0.2381 41.9998 -2.9346 0.0000 0.0000 0.0000 0.1200 1
-0.0474 42.0025 -2.9498 0.0000 0.0000 0.0000 0.1200 1
0.1490 42.0007 -2.9545 0.0000 0.0000 0.0000 0.1200 1
0.3300 42.0010 -2.9518 0.0000 0.0000 0.0000 0.1200 1
0.5258 41.9994 -2.9367 0.0000 0.0000 0.0000 0.1200 1
0.7358 42.0006 -2.8998 0.0000 0.0000 0.0000 0.1200 1
0.9194 42.0007 -2.8572 0.0000 0.0000 0.0000 0.1200 1
1.0954 41.9992 -2.8013 0.0000 0.0000 0.0000 0.1200 1
1.2974 41.9980 -2.7265 0.0000 0.0000 0.0000 0.1200 1
1.4653 42.0010 -2.6538 0.0000 0.0000 0.0000 0.1200 1
1.6500 41.9999 -2.5568 0.0000 0.0000 0.0000 0.1200 1
1.8176 42.0011 -2.4518 0.0000 0.0000 0.0000 0.1200 1
1.9630 42.0016 -2.3504 0.0000 0.0000 0.0000 0.1200 1
2.1293 41.9991 -2.2082 0.0000 0.0000 0.0000 0.1200 1
2.2653 42.0001 -2.0824 0.0000 0.0000 0.0000 0.1200 1
2.3971 42.0004 -1.9463 0.0000 0.0000 0.0000 0.1200 1
2.5383 42.0010 -1.7761 0.0000 0.0000 0.0000 0.1200 1
2.6494 41.9986 -1.6183 0.0000 0.0000 0.0000 0.1200 1
2.7528 42.0000 -1.4503 0.0000 0.0000 0.0000 0.1200 1
2.8423 41.9997 -1.2820 0.0000 0.0000 0.0000 0.1200 1
2.9270 41.9986 -1.0881 0.0000 0.0000 0.0000 0.1200 1
2.9934 41.9986 -0.9170 0.0000 0.0000 0.0000 0.1200 1
3.0520 42.0002 -0.7151 0.0000 0.0000 0.0000 0.1200 1
3.0910 41.9989 -0.5449 0.0000 0.0000 0.0000 0.1200 1
3.1229 41.9999 -0.3636 0.0000 0.0000 0.0000 0.1200 1
3.1425 42.0009 -0.1601 0.0000 0.0000 0.0000 0.1200 1
3.1503 42.4986 0.0391 0.0000 0.0000 0.0000 0.1200 1
3.1478 42.5004 0.2498 0.0000 0.0000 0.0000 0.1200 1
3.1240 42.5000 0.4179 0.0000 0.0000 0.0000 0.1200 1
3.0923 42.4997 0.6243 0.0000 0.0000 0.0000 0.1200 1
3.0480 42.5012 0.8116 0.0000 0.0000 0.0000 0.1200 1
2.9828 42.4995 1.0258 0.0000 0.0000 0.0000 0.1200 1
2.9199 42.5000 1.1902 0.0000 0.0000 0.0000 0.1200 1
2.8485 42.4999 1.3541 0.0000 0.0000 0.0000 0.1200 1
2.7442 42.5004 1.5526 0.0000 0.0000 0.0000 0.1200 1
2.6568 42.5010 1.6919 0.0000 0.0000 0.0000 0.1200 1
2.5369 42.5009 1.8611 0.0000 0.0000 0.0000 0.1200 1
2.4056 42.5010 2.0197 0.0000 0.0000 0.0000 0.1200 1
2.2660 42.5009 2.1697 0.0000 0.0000 0.0000 0.1200 1
2.1192 42.5000 2.3039 0.0000 0.0000 0.0000 0.1200 1
1.9797 42.4992 2.4229 0.0000 0.0000 0.0000 0.1200 1
1.8085 42.5000 2.5437 0.0000 0.0000 0.0000 0.1200 1
1.6565 42.5007 2.6369 0.0000 0.0000 0.0000 0.1200 1
1.4951 42.5004 2.7217 0.0000 0.0000 0.0000 0.1200 1
1.2936 42.4992 2.8159 0.0000 0.0000 0.0000 0.1200 1
1.1081 42.5014 2.8859 0.0000 0.0000 0.0000 0.1200 1
0.9187 42.5006 2.9397 0.0000 0.0000 0.0000 0.1200 1
0.7381 42.5005 2.9824 0.0000 0.0000 0.0000 0.1200 1
0.5413 42.5002 3.0174 0.0000 0.0000 0.0000 0.1200 1
0.3470 42.4995 3.0365 0.0000 0.0000 0.0000 0.1200 1
0.1556 42.5006 3.0429 0.0000 0.0000 0.0000 0.1200 1
-0.0832 42.4999 3.0333 0.0000 0.0000 0.0000 0.1200 1
-0.2224 42.5009 3.0164 0.0000 0.0000 0.0000 0.1200 1
-0.4437 42.4980 2.9856 0.0000 0.0000 0.0000 0.1200 1
-0.6411 42.5003 2.9350 0.0000 0.0000 0.0000 0.1200 1
-0.8029 42.4998 2.8869 0.0000 0.0000 0.0000 0.1200 1
-0.9998 42.4996 2.8148 0.0000 0.0000 0.0000 0.1200 1
-1.1922 42.4989 2.7290 0.0000 0.0000 0.0000 0.1200 1
-1.3503 42.4998 2.6436 0.0000 0.0000 0.0000 0.1200 1
-1.5021 42.4990 2.5401 0.0000 0.0000 0.0000 0.1200 1
-1.6795 42.5008 2.4211 0.0000 0.0000 0.0000 0.1200 1
-1.8252 42.5008 2.3018 0.0000 0.0000 0.0000 0.1200 1
-1.9810 42.5004 2.1552 0.0000 0.0000 0.0000 0.1200 1
-2.1194 42.4999 2.0066 0.0000 0.0000 0.0000 0.1200 1
-2.2399 42.4983 1.8554 0.0000 0.0000 0.0000 0.1200 1
-2.3442 42.4987 1.7104 0.0000 0.0000 0.0000 0.1200 1
-2.4533 42.5004 1.5278 0.0000 0.0000 0.0000 0.1200 1
-2.5400 42.5004 1.3709 0.0000 0.0000 0.0000 0.1200 1
-2.6168 42.4985 1.2035 0.0000 0.0000 0.0000 0.1200 1
-2.6962 42.5008 1.0024 0.0000 0.0000 0.0000 0.1200 1
-2.7458 42.5015 0.8233 0.0000 0.0000 0.0000 0.1200 1
-2.7938 42.4991 0.6203 0.0000 0.0000 0.0000 0.1200 1
-2.8220 42.4985 0.4283 0.0000 0.0000 0.0000 0.1200 1
-2.8456 42.5002 0.2411 0.0000 0.0000 0.0000 0.1200 1
-2.8523 42.4997 0.0561 0.0000 0.0000 0.0000 0.1200 1
-2.8434 42.4999 -0.1480 0.0000 0.0000 0.0000 0.1200 1
-2.8216 42.4994 -0.3644 0.0000 0.0000 0.0000 0.1200 1
-2.7918 42.5002 -0.5415 0.0000 0.0000 0.0000 0.1200 1
-2.7412 42.5021 -0.7409 0.0000 0.0000 0.0000 0.1200 1
-2.6924 42.4995 -0.9050 0.0000 0.0000 0.0000 0.1200 1
-2.6267 42.4983 -1.1048 0.0000 0.0000 0.0000 0.1200 1
-2.5410 42.5016 -1.2800 0.0000 0.0000 0.0000 0.1200 1
-2.4426 42.5006 -1.4758 0.0000 0.0000 0.0000 0.1200 1
-2.3335 42.4995 -1.6354 0.0000 0.0000 0.0000 0.1200 1
-2.2231 42.4998 -1.7938 0.0000 0.0000 0.0000 0.1200 1
-2.0875 42.5002 -1.9554 0.0000 0.0000 0.0000 0.1200 1
-1.9704 42.4982 -2.0785 0.0000 0.0000 0.0000 0.1200 1
-1.8225 42.4997 -2.2192 0.0000 0.0000 0.0000 0.1200 1
-1.6764 42.5005 -2.3398 0.0000 0.0000 0.0000 0.1200 1
-1.5333 42.4987 -2.4437 0.0000 0.0000 0.0000 0.1200 1
-1.3422 42.5012 -2.5597 0.0000 0.0000 0.0000 0.1200 1
-1.1806 42.5004 -2.6494 0.0000 0.0000 0.0000 0.1200 1
-0.9859 42.5008 -2.7322 0.0000 0.0000 0.0000 0.1200 1
-0.8146 42.4995 -2.8004 0.0000 0.0000 0.0000 0.1200 1
-0.6273 42.5020 -2.8543 0.0000 0.0000 0.0000 0.1200 1
-0.4509 42.5010 -2.8954 0.0000 0.0000 0.0000 0.1200 1
-0.2584 42.5003 -2.9309 0.0000 0.0000 0.0000 0.1200 1
-0.0426 42.5003 -2.9563 0.0000 0.0000 0.0000 0.1200 1
0.1412 42.5021 -2.9575 0.0000 0.0000 0.0000 0.1200 1
0.3536 42.5006 -2.9512 0.0000 0.0000 0.0000 0.1200 1
0.5694 42.5013 -2.9288 0.0000 0.0000 0.0000 0.1200 1
0.7312 42.5002 -2.9001 0.0000 0.0000 0.0000 0.1200 1
0.9389 42.5005 -2.8532 0.0000 0.0000 0.0000 0.1200 1
1.1054 42.5000 -2.8026 0.0000 0.0000 0.0000 0.1200 1
1.3128 42.4994 -2.7242 0.0000 0.0000 0.0000 0.1200 1
1.4738 42.5008 -2.6449 0.0000 0.0000 0.0000 0.1200 1
1.6569 42.5006 -2.5529 0.0000 0.0000 0.0000 0.1200 1
1.8024 42.4995 -2.4622 0.0000 0.0000 0.0000 0.1200 1
1.9829 42.5005 -2.3368 0.0000 0.0000 0.0000 0.1200 1
2.1287 42.5008 -2.2118 0.0000 0.0000 0.0000 0.1200 1
2.2636 42.4996 -2.0925 0.0000 0.0000 0.0000 0.1200 1
2.3952 42.5004 -1.9456 0.0000 0.0000 0.0000 0.1200 1
2.5173 42.4992 -1.7987 0.0000 0.0000 0.0000 0.1200 1
2.6346 42.4998 -1.6328 0.0000 0.0000 0.0000 0.1200 1
2.7574 42.5001 -1.4442 0.0000 0.0000 0.0000 0.1200 1
2.8461 42.5006 -1.2713 0.0000 0.0000 0.0000 0.1200 1
2.9199 42.4996 -1.1067 0.0000 0.0000 0.0000 0.1200 1
2.9938 42.5008 -0.9170 0.0000 0.0000 0.0000 0.1200 1
3.0467 42.5004 -0.7403 0.0000 0.0000 0.0000 0.1200 1
3.0929 42.5012 -0.5401 0.0000 0.0000 0.0000 0.1200 1
3.1229 42.5001 -0.3515 0.0000 0.0000 0.0000 0.1200 1
3.1408 42.4999 -0.1736 0.0000 0.0000 0.0000 0.1200 1
3.1507 43.0023 0.0503 0.0000 0.0000 0.0000 0.1200 1
3.1430 43.0007 0.2546 0.0000 0.0000 0.0000 0.1200 1
3.1238 43.0000 0.4384 0.0000 0.0000 0.0000 0.1200 1
3.0942 43.0008 0.6134 0.0000 0.0000 0.0000 0.1200 1
3.0460 42.9993 0.8230 0.0000 0.0000 0.0000 0.1200 1
2.9950 43.0002 1.0037 0.0000 0.0000 0.0000 0.1200 1
2.9203 42.9999 1.2020 0.0000 0.0000 0.0000 0.1200 1
2.8406 43.0001 1.3676 0.0000 0.0000 0.0000 0.1200 1
2.7357 42.9997 1.5604 0.0000 0.0000 0.0000 0.1200 1
2.6515 43.0009 1.6964 0.0000 0.0000 0.0000 0.1200 1
2.5206 42.9991 1.8790 0.0000 0.0000 0.0000 0.1200 1
2.4115 43.0002 2.0136 0.0000 0.0000 0.0000 0.1200 1
2.2670 43.0006 2.1688 0.0000 0.0000 0.0000 0.1200 1
2.1192 43.0015 2.3025 0.0000 0.0000 0.0000 0.1200 1
1.9772 42.9991 2.4149 0.0000 0.0000 0.0000 0.1200 1
1.8214 43.0021 2.5332 0.0000 0.0000 0.0000 0.1200 1
1.6491 43.0003 2.6404 0.0000 0.0000 0.0000 0.1200 1
1.4755 43.0002 2.7320 0.0000 0.0000 0.0000 0.1200 1
1.2998 42.9986 2.8187 0.0000 0.0000 0.0000 0.1200 1
1.1282 42.9995 2.8812 0.0000 0.0000 0.0000 0.1200 1
0.9244 42.9994 2.9429 0.0000 0.0000 0.0000 0.1200 1
0.7272 42.9999 2.9910 0.0000 0.0000 0.0000 0.1200 1
0.5496 43.0001 3.0176 0.0000 0.0000 0.0000 0.1200 1
0.3412 43.0008 3.0390 0.0000 0.0000 0.0000 0.1200 1
0.1595 43.0005 3.0427 0.0000 0.0000 0.0000 0.1200 1
-0.0262 43.0002 3.0366 0.0000 0.0000 0.0000 0.1200 1
-0.2252 43.0011 3.0193 0.0000 0.0000 0.0000 0.1200 1
-0.4560 42.9988 2.9783 0.0000 0.0000 0.0000 0.1200 1
-0.6356 43.0001 2.9399 0.0000 0.0000 0.0000 0.1200 1
-0.8244 43.0001 2.8818 0.0000 0.0000 0.0000 0.1200 1
-1.0011 42.9985 2.8143 0.0000 0.0000 0.0000 0.1200 1
-1.1686 43.0004 2.7365 0.0000 0.0000 0.0000 0.1200 1
-1.3452 43.0005 2.6414 0.0000 0.0000 0.0000 0.1200 1
-1.5067 42.9997 2.5410 0.0000 0.0000 0.0000 0.1200 1
-1.6629 42.9994 2.4285 0.0000 0.0000 0.0000 0.1200 1
-1.8297 43.0014 2.2963 0.0000 0.0000 0.0000 0.1200 1
-1.9752 43.0016 2.1615 0.0000 0.0000 0.0000 0.1200 1
-2.1135 42.9995 2.0123 0.0000 0.0000 0.0000 0.1200 1
-2.2325 42.9999 1.8638 0.0000 0.0000 0.0000 0.1200 1
-2.3358 42.9998 1.7168 0.0000 0.0000 0.0000 0.1200 1
-2.4440 43.0003 1.5534 0.0000 0.0000 0.0000 0.1200 1
-2.5451 42.9986 1.3597 0.0000 0.0000 0.0000 0.1200 1
-2.6204 42.9998 1.1973 0.0000 0.0000 0.0000 0.1200 1
-2.6863 43.0008 1.0150 0.0000 0.0000 0.0000 0.1200 1
-2.7488 43.0008 0.8260 0.0000 0.0000 0.0000 0.1200 1
-2.7905 42.9996 0.6390 0.0000 0.0000 0.0000 0.1200 1
-2.8255 42.9994 0.4467 0.0000 0.0000 0.0000 0.1200 1
-2.8469 43.0010 0.2353 0.0000 0.0000 0.0000 0.1200 1
-2.8503 42.9985 0.0480 0.0000 0.0000 0.0000 0.1200 1
-2.8438 42.9990 -0.1391 0.0000 0.0000 0.0000 0.1200 1
-2.8230 43.0011 -0.3441 0.0000 0.0000 0.0000 0.1200 1
-2.7952 43.0005 -0.5349 0.0000 0.0000 0.0000 0.1200 1
-2.7476 43.0009 -0.7491 0.0000 0.0000 0.0000 0.1200 1
-2.6972 43.0006 -0.9113 0.0000 0.0000 0.0000 0.1200 1
-2.6235 43.0010 -1.1031 0.0000 0.0000 0.0000 0.1200 1
-2.5468 42.9997 -1.2673 0.0000 0.0000 0.0000 0.1200 1
-2.4462 43.0006 -1.4615 0.0000 0.0000 0.0000 0.1200 1
-2.3523 42.9987 -1.6244 0.0000 0.0000 0.0000 0.1200 1
-2.2396 42.9988 -1.7740 0.0000 0.0000 0.0000 0.1200 1
-2.1042 43.0011 -1.9368 0.0000 0.0000 0.0000 0.1200 1
-1.9727 42.9998 -2.0795 0.0000 0.0000 0.0000 0.1200 1
-1.8190 42.9991 -2.2180 0.0000 0.0000 0.0000 0.1200 1
-1.6840 43.0006 -2.3360 0.0000 0.0000 0.0000 0.1200 1
-1.5197 42.9991 -2.4540 0.0000 0.0000 0.0000 0.1200 1
-1.3522 43.0009 -2.5608 0.0000 0.0000 0.0000 0.1200 1
-1.1815 42.9992 -2.6440 0.0000 0.0000 0.0000 0.1200 1
-0.9918 42.9984 -2.7276 0.0000 0.0000 0.0000 0.1200 1
-0.8228 43.0007 -2.7971 0.0000 0.0000 0.0000 0.1200 1
-0.6131 42.9993 -2.8575 0.0000 0.0000 0.0000 0.1200 1
-0.4284 43.0013 -2.8992 0.0000 0.0000 0.0000 0.1200 1
-0.2472 42.9991 -2.9334 0.0000 0.0000 0.0000 0.1200 1
-0.0431 42.9998 -2.9497 0.0000 0.0000 0.0000 0.1200 1
0.1549 43.0016 -2.9570 0.0000 0.0000 0.0000 0.1200 1
0.3455 43.0002 -2.9487 0.0000 0.0000 0.0000 0.1200 1
0.5341 42.9983 -2.9319 0.0000 0.0000 0.0000 0.1200 1
0.7342 43.0006 -2.9002 0.0000 0.0000 0.0000 0.1200 1
0.9343 42.9989 -2.8543 0.0000 0.0000 0.0000 0.1200 1
1.1028 42.9992 -2.8012 0.0000 0.0000 0.0000 0.1200 1
1.2857 42.9987 -2.7344 0.0000 0.0000 0.0000 0.1200 1
1.4682 42.9998 -2.6495 0.0000 0.0000 0.0000 0.1200 1
1.6419 43.0020 -2.5575 0.0000 0.0000 0.0000 0.1200 1
1.8146 42.9999 -2.4488 0.0000 0.0000 0.0000 0.1200 1
1.9872 43.0017 -2.3277 0.0000 0.0000 0.0000 0.1200 1
2.1484 42.9989 -2.1949 0.0000 0.0000 0.0000 0.1200 1
2.2808 42.9995 -2.0691 0.0000 0.0000 0.0000 0.1200 1
2.4003 43.0002 -1.9357 0.0000 0.0000 0.0000 0.1200 1
2.5303 42.9997 -1.7846 0.0000 0.0000 0.0000 0.1200 1
2.6373 43.0010 -1.6362 0.0000 0.0000 0.0000 0.1200 1
2.7510 43.0010 -1.4490 0.0000 0.0000 0.0000 0.1200 1
2.8384 42.9996 -1.2867 0.0000 0.0000 0.0000 0.1200 1
2.9211 43.0004 -1.0979 0.0000 0.0000 0.0000 0.1200 1
2.9939 43.0001 -0.9098 0.0000 0.0000 0.0000 0.1200 1
3.0369 43.0015 -0.7639 0.0000 0.0000 0.0000 0.1200 1
3.0925 42.9997 -0.5339 0.0000 0.0000 0.0000 0.1200 1
3.1242 42.9999 -0.3539 0.0000 0.0000 0.0000 0.1200 1
3.1385 42.9993 -0.1690 0.0000 0.0000 0.0000 0.1200 1
3.1469 43.4989 0.0466 0.0000 0.0000 0.0000 0.1200 1
3.1381 43.4981 0.2459 0.0000 0.0000 0.0000 0.1200 1
3.1205 43.5001 0.4311 0.0000 0.0000 0.0000 0.1200 1
3.0874 43.4992 0.6442 0.0000 0.0000 0.0000 0.1200 1
3.0425 43.4989 0.8162 0.0000 0.0000 0.0000 0.1200 1
2.9867 43.4984 1.0104 0.0000 0.0000 0.0000 0.1200 1
2.9152 43.5006 1.2018 0.0000 0.0000 0.0000 0.1200 1
2.8345 43.5004 1.3674 0.0000 0.0000 0.0000 0.1200 1
2.7444 43.5004 1.5460 0.0000 0.0000 0.0000 0.1200 1
2.6417 43.4983 1.7161 0.0000 0.0000 0.0000 0.1200 1
2.5292 43.5014 1.8711 0.0000 0.0000 0.0000 0.1200 1
2.3856 43.4994 2.0397 0.0000 0.0000 0.0000 0.1200 1
2.2646 43.4987 2.1684 0.0000 0.0000 0.0000 0.1200 1
2.1277 43.4999 2.2976 0.0000 0.0000 0.0000 0.1200 1
1.9668 43.4994 2.4246 0.0000 0.0000 0.0000 0.1200 1
1.8143 43.5008 2.5406 0.0000 0.0000 0.0000 0.1200 1
1.6587 43.5012 2.6370 0.0000 0.0000 0.0000 0.1200 1
1.4887 43.5000 2.7275 0.0000 0.0000 0.0000 0.1200 1
1.2919 43.4991 2.8207 0.0000 0.0000 0.0000 0.1200 1
1.1132 43.5005 2.8829 0.0000 0.0000 0.0000 0.1200 1
0.9233 43.5001 2.9412 0.0000 0.0000 0.0000 0.1200 1
0.7149 43.5030 2.9874 0.0000 0.0000 0.0000 0.1200 1
0.5376 43.5010 3.0189 0.0000 0.0000 0.0000 0.1200 1
0.3489 43.4985 3.0378 0.0000 0.0000 0.0000 0.1200 1
0.1507 43.4997 3.0426 0.0000 0.0000 0.0000 0.1200 1
-0.0335 43.4995 3.0400 0.0000 0.0000 0.0000 0.1200 1
-0.2392 43.5010 3.0167 0.0000 0.0000 0.0000 0.1200 1
-0.4429 43.4992 2.9846 0.0000 0.0000 0.0000 0.1200 1
-0.6234 43.4998 2.9400 0.0000 0.0000 0.0000 0.1200 1
-0.8214 43.4997 2.8835 0.0000 0.0000 0.0000 0.1200 1
-1.0042 43.5001 2.8122 0.0000 0.0000 0.0000 0.1200 1
-1.1820 43.5006 2.7362 0.0000 0.0000 0.0000 0.1200 1
-1.3478 43.5008 2.6355 0.0000 0.0000 0.0000 0.1200 1
-1.5030 43.5000 2.5427 0.0000 0.0000 0.0000 0.1200 1
-1.6732 43.5001 2.4249 0.0000 0.0000 0.0000 0.1200 1
-1.8241 43.4992 2.3050 0.0000 0.0000 0.0000 0.1200 1
-1.9726 43.5009 2.1574 0.0000 0.0000 0.0000 0.1200 1
-2.1139 43.4989 2.0101 0.0000 0.0000 0.0000 0.1200 1
-2.2317 43.5006 1.8704 0.0000 0.0000 0.0000 0.1200 1
-2.3371 43.4996 1.7236 0.0000 0.0000 0.0000 0.1200 1
-2.4420 43.5008 1.5604 0.0000 0.0000 0.0000 0.1200 1
-2.5369 43.5001 1.3761 0.0000 0.0000 0.0000 0.1200 1
-2.6214 43.5000 1.1982 0.0000 0.0000 0.0000 0.1200 1
-2.6924 43.4998 1.0074 0.0000 0.0000 0.0000 0.1200 1
-2.7504 43.5004 0.8234 0.0000 0.0000 0.0000 0.1200 1
-2.7972 43.5016 0.6254 0.0000 0.0000 0.0000 0.1200 1
-2.8249 43.5002 0.4530 0.0000 0.0000 0.0000 0.1200 1
-2.8413 43.5012 0.2448 0.0000 0.0000 0.0000 0.1200 1
-2.8504 43.5020 0.0536 0.0000 0.0000 0.0000 0.1200 1
-2.8474 43.5015 -0.1375 0.0000 0.0000 0.0000 0.1200 1
-2.8274 43.4982 -0.3486 0.0000 0.0000 0.0000 0.1200 1
-2.7930 43.5004 -0.5367 0.0000 0.0000 0.0000 0.1200 1
-2.7528 43.4984 -0.7313 0.0000 0.0000 0.0000 0.1200 1
-2.6891 43.5000 -0.9271 0.0000 0.0000 0.0000 0.1200 1
-2.6257 43.4997 -1.0924 0.0000 0.0000 0.0000 0.1200 1
-2.5332 43.5004 -1.3053 0.0000 0.0000 0.0000 0.1200 1
-2.4539 43.5007 -1.4568 0.0000 0.0000 0.0000 0.1200 1
-2.3424 43.5002 -1.6274 0.0000 0.0000 0.0000 0.1200 1
-2.2282 43.4994 -1.7934 0.0000 0.0000 0.0000 0.1200 1
-2.0999 43.4994 -1.9387 0.0000 0.0000 0.0000 0.1200 1
-1.9785 43.4990 -2.0683 0.0000 0.0000 0.0000 0.1200 1
-1.8127 43.4993 -2.2205 0.0000 0.0000 0.0000 0.1200 1
-1.6794 43.5012 -2.3390 0.0000 0.0000 0.0000 0.1200 1
-1.5159 43.5010 -2.4508 0.0000 0.0000 0.0000 0.1200 1
-1.3481 43.4999 -2.5581 0.0000 0.0000 0.0000 0.1200 1
-1.1915 43.5005 -2.6402 0.0000 0.0000 0.0000 0.1200 1
-1.0073 43.5001 -2.7243 0.0000 0.0000 0.0000 0.1200 1
-0.8097 43.4988 -2.7999 0.0000 0.0000 0.0000 0.1200 1
-0.6334 43.5018 -2.8543 0.0000 0.0000 0.0000 0.1200 1
-0.4313 43.4989 -2.8979 0.0000 0.0000 0.0000 0.1200 1
-0.2579 43.4995 -2.9311 0.0000 0.0000 0.0000 0.1200 1
-0.0474 43.5008 -2.9505 0.0000 0.0000 0.0000 0.1200 1
0.1429 43.5003 -2.9558 0.0000 0.0000 0.0000 0.1200 1
0.3476 43.5015 -2.9491 0.0000 0.0000 0.0000 0.1200 1
0.5393 43.5003 -2.9347 0.0000 0.0000 0.0000 0.1200 1
0.7325 43.5006 -2.8984 0.0000 0.0000 0.0000 0.1200 1
0.9327 43.4995 -2.8560 0.0000 0.0000 0.0000 0.1200 1
1.0967 43.4986 -2.7998 0.0000 0.0000 0.0000 0.1200 1
1.2904 43.4992 -2.7298 0.0000 0.0000 0.0000 0.1200 1
1.4747 43.5022 -2.6495 0.0000 0.0000 0.0000 0.1200 1
1.6511 43.4991 -2.5536 0.0000 0.0000 0.0000 0.1200 1
1.8246 43.5012 -2.4438 0.0000 0.0000 0.0000 0.1200 1
1.9649 43.5001 -2.3490 0.0000 0.0000 0.0000 0.1200 1
2.1420 43.5009 -2.1991 0.0000 0.0000 0.0000 0.1200 1
2.2785 43.4999 -2.0710 0.0000 0.0000 0.0000 0.1200 1
2.3935 43.5005 -1.9413 0.0000 0.0000 0.0000 0.1200 1
2.5279 43.4999 -1.7872 0.0000 0.0000 0.0000 0.1200 1
2.6420 43.4990 -1.6196 0.0000 0.0000 0.0000 0.1200 1
2.7449 43.5008 -1.4610 0.0000 0.0000 0.0000 0.1200 1
2.8409 43.4995 -1.2779 0.0000 0.0000 0.0000 0.1200 1
2.9197 43.5000 -1.1110 0.0000 0.0000 0.0000 0.1200 1
2.9936 43.4999 -0.9123 0.0000 0.0000 0.0000 0.1200 1
3.0458 43.4993 -0.7340 0.0000 0.0000 0.0000 0.1200 1
3.0908 43.5006 -0.5375 0.0000 0.0000 0.0000 0.1200 1
3.1234 43.5000 -0.3661 0.0000 0.0000 0.0000 0.1200 1
3.1432 43.4987 -0.1487 0.0000 0.0000 0.0000 0.1200 1
3.1507 44.0010 0.0273 0.0000 0.0000 0.0000 0.1200 1
3.1399 43.9999 0.2448 0.0000 0.0000 0.0000 0.1200 1
3.1264 43.9998 0.4219 0.0000 0.0000 0.0000 0.1200 1
3.0938 44.0009 0.6170 0.0000 0.0000 0.0000 0.1200 1
3.0480 44.0006 0.8091 0.0000 0.0000 0.0000 0.1200 1
2.9909 43.9994 1.0046 0.0000 0.0000 0.0000 0.1200 1
2.9150 44.0005 1.2001 0.0000 0.0000 0.0000 0.1200 1
2.8361 43.9999 1.3757 0.0000 0.0000 0.0000 0.1200 1
2.7452 44.0003 1.5472 0.0000 0.0000 0.0000 0.1200 1
2.6407 44.0001 1.7113 0.0000 0.0000 0.0000 0.1200 1
2.5246 43.9995 1.8726 0.0000 0.0000 0.0000 0.1200 1
2.4101 43.9983 2.0152 0.0000 0.0000 0.0000 0.1200 1
2.2616 43.9989 2.1718 0.0000 0.0000 0.0000 0.1200 1
2.1220 44.0000 2.2950 0.0000 0.0000 0.0000 0.1200 1
1.9750 43.9993 2.4206 0.0000 0.0000 0.0000 0.1200 1
1.8197 43.9993 2.5337 0.0000 0.0000 0.0000 0.1200 1
1.6604 44.0010 2.6340 0.0000 0.0000 0.0000 0.1200 1
1.4875 43.9981 2.7277 0.0000 0.0000 0.0000 0.1200 1
1.3106 43.9997 2.8076 0.0000 0.0000 0.0000 0.1200 1
1.1283 44.0000 2.8809 0.0000 0.0000 0.0000 0.1200 1
0.9169 43.9999 2.9472 0.0000 0.0000 0.0000 0.1200 1
0.7459 43.9997 2.9797 0.0000 0.0000 0.0000 0.1200 1
0.5435 44.0001 3.0177 0.0000 0.0000 0.0000 0.1200 1
0.3309 43.9994 3.0396 0.0000 0.0000 0.0000 0.1200 1
0.1586 43.9993 3.0446 0.0000 0.0000 0.0000 0.1200 1
-0.0434 44.0004 3.0384 0.0000 0.0000 0.0000 0.1200 1
-0.2533 43.9991 3.0189 0.0000 0.0000 0.0000 0.1200 1
-0.4244 44.0010 2.9899 0.0000 0.0000 0.0000 0.1200 1
-0.5976 44.0006 2.9470 0.0000 0.0000 0.0000 0.1200 1
-0.8145 44.0008 2.8827 0.0000 0.0000 0.0000 0.1200 1
-0.9955 44.0003 2.8155 0.0000 0.0000 0.0000 0.1200 1
-1.1661 43.9974 2.7410 0.0000 0.0000 0.0000 0.1200 1
-1.3482 44.0007 2.6435 0.0000 0.0000 0.0000 0.1200 1
-1.5239 44.0003 2.5370 0.0000 0.0000 0.0000 0.1200 1
-1.6711 44.0005 2.4297 0.0000 0.0000 0.0000 0.1200 1
-1.8250 43.9986 2.3043 0.0000 0.0000 0.0000 0.1200 1
-1.9630 44.0002 2.1746 0.0000 0.0000 0.0000 0.1200 1
-2.1129 43.9988 2.0149 0.0000 0.0000 0.0000 0.1200 1
-2.2278 44.0016 1.8775 0.0000 0.0000 0.0000 0.1200 1
-2.3386 44.0004 1.7157 0.0000 0.0000 0.0000 0.1200 1
-2.4465 43.9989 1.5540 0.0000 0.0000 0.0000 0.1200 1
-2.5467 44.0009 1.3720 0.0000 0.0000 0.0000 0.1200 1
-2.6346 43.9998 1.1691 0.0000 0.0000 0.0000 0.1200 1
-2.6917 44.0004 1.0139 0.0000 0.0000 0.0000 0.1200 1
-2.7502 44.0010 0.8234 0.0000 0.0000 0.0000 0.1200 1
-2.7921 44.0012 0.6402 0.0000 0.0000 0.0000 0.1200 1
-2.8283 43.9994 0.4489 0.0000 0.0000 0.0000 0.1200 1
-2.8446 43.9997 0.2355 0.0000 0.0000 0.0000 0.1200 1
-2.8509 44.0006 0.0280 0.0000 0.0000 0.0000 0.1200 1
-2.8420 44.0005 -0.1485 0.0000 0.0000 0.0000 0.1200 1
-2.8294 43.9993 -0.3466 0.0000 0.0000 0.0000 0.1200 1
-2.7948 44.0019 -0.5478 0.0000 0.0000 0.0000 0.1200 1
-2.7479 43.9995 -0.7379 0.0000 0.0000 0.0000 0.1200 1
-2.6882 44.0000 -0.9257 0.0000 0.0000 0.0000 0.1200 1
-2.6231 44.0005 -1.1083 0.0000 0.0000 0.0000 0.1200 1
-2.5426 43.9995 -1.2862 0.0000 0.0000 0.0000 0.1200 1
-2.4621 44.0001 -1.4352 0.0000 0.0000 0.0000 0.1200 1
-2.3361 43.9998 -1.6339 0.0000 0.0000 0.0000 0.1200 1
-2.2363 44.0004 -1.7708 0.0000 0.0000 0.0000 0.1200 1
-2.1103 44.0004 -1.9308 0.0000 0.0000 0.0000 0.1200 1
-1.9672 43.9988 -2.0855 0.0000 0.0000 0.0000 0.1200 1
-1.8351 43.9992 -2.2030 0.0000 0.0000 0.0000 0.1200 1
-1.6601 43.9993 -2.3494 0.0000 0.0000 0.0000 0.1200 1
-1.5298 43.9991 -2.4426 0.0000 0.0000 0.0000 0.1200 1
-1.3528 44.0010 -2.5540 0.0000 0.0000 0.0000 0.1200 1
-1.1836 43.9996 -2.6417 0.0000 0.0000 0.0000 0.1200 1
-0.9961 43.9997 -2.7285 0.0000 0.0000 0.0000 0.1200 1
-0.8157 43.9991 -2.7969 0.0000 0.0000 0.0000 0.1200 1
-0.6290 43.9996 -2.8538 0.0000 0.0000 0.0000 0.1200 1
-0.4310 44.0022 -2.9023 0.0000 0.0000 0.0000 0.1200 1
-0.2444 44.0008 -2.9350 0.0000 0.0000 0.0000 0.1200 1
-0.0341 43.9989 -2.9499 0.0000 0.0000 0.0000 0.1200 1
0.1710 44.0007 -2.9550 0.0000 0.0000 0.0000 0.1200 1
0.3597 44.0004 -2.9488 0.0000 0.0000 0.0000 0.1200 1
0.5460 44.0005 -2.9313 0.0000 0.0000 0.0000 0.1200 1
0.7157 44.0011 -2.9021 0.0000 0.0000 0.0000 0.1200 1
0.9246 43.9998 -2.8512 0.0000 0.0000 0.0000 0.1200 1
1.1057 44.0001 -2.7984 0.0000 0.0000 0.0000 0.1200 1
1.3084 44.0001 -2.7220 0.0000 0.0000 0.0000 0.1200 1
1.4769 44.0007 -2.6447 0.0000 0.0000 0.0000 0.1200 1
1.6435 44.0010 -2.5552 0.0000 0.0000 0.0000 0.1200 1
1.8130 43.9993 -2.4500 0.0000 0.0000 0.0000 0.1200 1
1.9795 44.0003 -2.3349 0.0000 0.0000 0.0000 0.1200 1
2.1349 44.0005 -2.2089 0.0000 0.0000 0.0000 0.1200 1
2.2719 44.0004 -2.0761 0.0000 0.0000 0.0000 0.1200 1
2.4034 43.9990 -1.9382 0.0000 0.0000 0.0000 0.1200 1
2.5243 43.9988 -1.7928 0.0000 0.0000 0.0000 0.1200 1
2.6361 44.0004 -1.6358 0.0000 0.0000 0.0000 0.1200 1
2.7340 43.9998 -1.4723 0.0000 0.0000 0.0000 0.1200 1
2.8506 43.9993 -1.2643 0.0000 0.0000 0.0000 0.1200 1
2.9131 43.9994 -1.1151 0.0000 0.0000 0.0000 0.1200 1
2.9932 43.9987 -0.9174 0.0000 0.0000 0.0000 0.1200 1
3.0388 43.9998 -0.7540 0.0000 0.0000 0.0000 0.1200 1
3.0897 43.9988 -0.5333 0.0000 0.0000 0.0000 0.1200 1
3.1197 44.0006 -0.3547 0.0000 0.0000 0.0000 0.1200 1
3.1400 44.0007 -0.1475 0.0000 0.0000 0.0000 0.1200 1
3.1472 44.4998 0.0326 0.0000 0.0000 0.0000 0.1200 1
3.1367 44.4991 0.2483 0.0000 0.0000 0.0000 0.1200 1
3.1179 44.5002 0.4414 0.0000 0.0000 0.0000 0.1200 1
3.0907 44.4987 0.6281 0.0000 0.0000 0.0000 0.1200 1
3.0464 44.5007 0.8202 0.0000 0.0000 0.0000 0.1200 1
2.9858 44.4999 1.0199 0.0000 0.0000 0.0000 0.1200 1
2.9146 44.5005 1.1985 0.0000 0.0000 0.0000 0.1200 1
2.8462 44.5003 1.3572 0.0000 0.0000 0.0000 0.1200 1
2.7382 44.5015 1.5569 0.0000 0.0000 0.0000 0.1200 1
2.6393 44.4994 1.7136 0.0000 0.0000 0.0000 0.1200 1
2.5241 44.4999 1.8717 0.0000 0.0000 0.0000 0.1200 1
2.3992 44.4996 2.0265 0.0000 0.0000 0.0000 0.1200 1
2.2598 44.5019 2.1736 0.0000 0.0000 0.0000 0.1200 1
2.1219 44.4983 2.3018 0.0000 0.0000 0.0000 0.1200 1
1.9671 44.4999 2.4286 0.0000 0.0000 0.0000 0.1200 1
1.8144 44.5009 2.5387 0.0000 0.0000 0.0000 0.1200 1
1.6460 44.5002 2.6446 0.0000 0.0000 0.0000 0.1200 1
1.4823 44.4999 2.7329 0.0000 0.0000 0.0000 0.1200 1
1.2907 44.4999 2.8165 0.0000 0.0000 0.0000 0.1200 1
1.1161 44.4999 2.8840 0.0000 0.0000 0.0000 0.1200 1
0.9204 44.4996 2.9397 0.0000 0.0000 0.0000 0.1200 1
0.7334 44.4996 2.9857 0.0000 0.0000 0.0000 0.1200 1
0.5582 44.5020 3.0140 0.0000 0.0000 0.0000 0.1200 1
0.3605 44.4990 3.0371 0.0000 0.0000 0.0000 0.1200 1
0.1427 44.4991 3.0428 0.0000 0.0000 0.0000 0.1200 1
-0.0404 44.4995 3.0374 0.0000 0.0000 0.0000 0.1200 1
-0.2561 44.4995 3.0170 0.0000 0.0000 0.0000 0.1200 1
-0.4333 44.4989 2.9866 0.0000 0.0000 0.0000 0.1200 1
-0.6369 44.4995 2.9408 0.0000 0.0000 0.0000 0.1200 1
-0.8216 44.4983 2.8836 0.0000 0.0000 0.0000 0.1200 1
-1.0121 44.5001 2.8148 0.0000 0.0000 0.0000 0.1200 1
-1.1733 44.5012 2.7394 0.0000 0.0000 0.0000 0.1200 1
-1.3393 44.5000 2.6509 0.0000 0.0000 0.0000 0.1200 1
-1.5208 44.5010 2.5369 0.0000 0.0000 0.0000 0.1200 1
-1.6643 44.4998 2.4347 0.0000 0.0000 0.0000 0.1200 1
-1.8356 44.5020 2.2993 0.0000 0.0000 0.0000 0.1200 1
-1.9695 44.4981 2.1712 0.0000 0.0000 0.0000 0.1200 1
-2.1036 44.5014 2.0254 0.0000 0.0000 0.0000 0.1200 1
-2.2323 44.5001 1.8688 0.0000 0.0000 0.0000 0.1200 1
-2.3569 44.4997 1.6981 0.0000 0.0000 0.0000 0.1200 1
-2.4475 44.5008 1.5498 0.0000 0.0000 0.0000 0.1200 1
-2.5418 44.5005 1.3748 0.0000 0.0000 0.0000 0.1200 1
-2.6229 44.4999 1.1924 0.0000 0.0000 0.0000 0.1200 1
-2.6892 44.5032 1.0174 0.0000 0.0000 0.0000 0.1200 1
-2.7474 44.5008 0.8349 0.0000 0.0000 0.0000 0.1200 1
-2.7987 44.5006 0.6200 0.0000 0.0000 0.0000 0.1200 1
-2.8256 44.5017 0.4609 0.0000 0.0000 0.0000 0.1200 1
-2.8463 44.5012 0.2217 0.0000 0.0000 0.0000 0.1200 1
-2.8475 44.4981 0.0660 0.0000 0.0000 0.0000 0.1200 1
-2.8448 44.4994 -0.1536 0.0000 0.0000 0.0000 0.1200 1
-2.8245 44.4993 -0.3488 0.0000 0.0000 0.0000 0.1200 1
-2.7975 44.5013 -0.5309 0.0000 0.0000 0.0000 0.1200 1
-2.7525 44.5007 -0.7313 0.0000 0.0000 0.0000 0.1200 1
-2.6953 44.4979 -0.9167 0.0000 0.0000 0.0000 0.1200 1
-2.6178 44.4999 -1.1168 0.0000 0.0000 0.0000 0.1200 1
-2.5455 44.5004 -1.2740 0.0000 0.0000 0.0000 0.1200 1
-2.4511 44.4994 -1.4567 0.0000 0.0000 0.0000 0.1200 1
-2.3447 44.4978 -1.6272 0.0000 0.0000 0.0000 0.1200 1
-2.2292 44.4998 -1.7865 0.0000 0.0000 0.0000 0.1200 1
-2.0969 44.4999 -1.9483 0.0000 0.0000 0.0000 0.1200 1
-1.9675 44.5008 -2.0875 0.0000 0.0000 0.0000 0.1200 1
-1.8236 44.5008 -2.2146 0.0000 0.0000 0.0000 0.1200 1
-1.6723 44.4994 -2.3429 0.0000 0.0000 0.0000 0.1200 1
-1.5263 44.5008 -2.4431 0.0000 0.0000 0.0000 0.1200 1
-1.3726 44.4994 -2.5453 0.0000 0.0000 0.0000 0.1200 1
-1.1646 44.4995 -2.6515 0.0000 0.0000 0.0000 0.1200 1
-0.9913 44.4998 -2.7333 0.0000 0.0000 0.0000 0.1200 1
-0.8142 44.4993 -2.7969 0.0000 0.0000 0.0000 0.1200 1
-0.6155 44.4991 -2.8593 0.0000 0.0000 0.0000 0.1200 1
-0.4376 44.4986 -2.8988 0.0000 0.0000 0.0000 0.1200 1
-0.2416 44.5013 -2.9289 0.0000 0.0000 0.0000 0.1200 1
-0.0410 44.4999 -2.9487 0.0000 0.0000 0.0000 0.1200 1
0.1450 44.5006 -2.9548 0.0000 0.0000 0.0000 0.1200 1
0.3549 44.4989 -2.9504 0.0000 0.0000 0.0000 0.1200 1
0.5370 44.5013 -2.9312 0.0000 0.0000 0.0000 0.1200 1
0.7548 44.4985 -2.8965 0.0000 0.0000 0.0000 0.1200 1
0.9309 44.4997 -2.8512 0.0000 0.0000 0.0000 0.1200 1
1.1027 44.4984 -2.7957 0.0000 0.0000 0.0000 0.1200 1
1.2964 44.5003 -2.7291 0.0000 0.0000 0.0000 0.1200 1
1.4746 44.5011 -2.6457 0.0000 0.0000 0.0000 0.1200 1
1.6533 44.5010 -2.5521 0.0000 0.0000 0.0000 0.1200 1
1.8326 44.5000 -2.4351 0.0000 0.0000 0.0000 0.1200 1
1.9842 44.4994 -2.3297 0.0000 0.0000 0.0000 0.1200 1
2.1371 44.4998 -2.2015 0.0000 0.0000 0.0000 0.1200 1
2.2776 44.4979 -2.0685 0.0000 0.0000 0.0000 0.1200 1
2.4125 44.5005 -1.9271 0.0000 0.0000 0.0000 0.1200 1
2.5387 44.5007 -1.7678 0.0000 0.0000 0.0000 0.1200 1
2.6355 44.5029 -1.6344 0.0000 0.0000 0.0000 0.1200 1
2.7430 44.4989 -1.4566 0.0000 0.0000 0.0000 0.1200 1
2.8371 44.5007 -1.2823 0.0000 0.0000 0.0000 0.1200 1
2.9167 44.5010 -1.1030 0.0000 0.0000 0.0000 0.1200 1
2.9896 44.5008 -0.9193 0.0000 0.0000 0.0000 0.1200 1
3.0425 44.4998 -0.7333 0.0000 0.0000 0.0000 0.1200 1
3.0884 44.5006 -0.5432 0.0000 0.0000 0.0000 0.1200 1
3.1268 44.4993 -0.3363 0.0000 0.0000 0.0000 0.1200 1
3.1403 44.4982 -0.1515 0.0000 0.0000 0.0000 0.1200 1
3.1458 45.0006 0.0543 0.0000 0.0000 0.0000 0.1200 1
3.1409 45.0003 0.2360 0.0000 0.0000 0.0000 0.1200 1
3.1187 44.9987 0.4477 0.0000 0.0000 0.0000 0.1200 1
3.0874 45.0001 0.6482 0.0000 0.0000 0.0000 0.1200 1
3.0500 44.9999 0.8054 0.0000 0.0000 0.0000 0.1200 1
2.9902 44.9995 1.0002 0.0000 0.0000 0.0000 0.1200 1
2.9189 44.9986 1.1902 0.0000 0.0000 0.0000 0.1200 1
2.8367 44.9997 1.3658 0.0000 0.0000 0.0000 0.1200 1
2.7481 45.0011 1.5434 0.0000 0.0000 0.0000 0.1200 1
2.6502 45.0005 1.7045 0.0000 0.0000 0.0000 0.1200 1
2.5254 44.9990 1.8778 0.0000 0.0000 0.0000 0.1200 1
2.4067 44.9989 2.0234 0.0000 0.0000 0.0000 0.1200 1
2.2745 44.9993 2.1662 0.0000 0.0000 0.0000 0.1200 1
2.1423 45.0005 2.2880 0.0000 0.0000 0.0000 0.1200 1
1.9745 45.0000 2.4204 0.0000 0.0000 0.0000 0.1200 1
1.8215 45.0006 2.5336 0.0000 0.0000 0.0000 0.1200 1
1.6481 45.0014 2.6410 0.0000 0.0000 0.0000 0.1200 1
1.4632 45.0000 2.7379 0.0000 0.0000 0.0000 0.1200 1
1.2975 44.9994 2.8191 0.0000 0.0000 0.0000 0.1200 1
1.1154 44.9984 2.8818 0.0000 0.0000 0.0000 0.1200 1
0.9267 44.9992 2.9426 0.0000 0.0000 0.0000 0.1200 1
0.7359 44.9987 2.9830 0.0000 0.0000 0.0000 0.1200 1
0.5132 44.9989 3.0220 0.0000 0.0000 0.0000 0.1200 1
0.3545 45.0020 3.0386 0.0000 0.0000 0.0000 0.1200 1
0.1495 44.9989 3.0476 0.0000 0.0000 0.0000 0.1200 1
-0.0527 45.0002 3.0359 0.0000 0.0000 0.0000 0.1200 1
-0.2423 45.0010 3.0216 0.0000 0.0000 0.0000 0.1200 1
-0.4315 44.9997 2.9873 0.0000 0.0000 0.0000 0.1200 1
-0.6186 44.9988 2.9482 0.0000 0.0000 0.0000 0.1200 1
-0.8116 45.0000 2.8878 0.0000 0.0000 0.0000 0.1200 1
-1.0003 44.9980 2.8164 0.0000 0.0000 0.0000 0.1200 1
-1.1797 45.0003 2.7312 0.0000 0.0000 0.0000 0.1200 1
-1.3557 44.9994 2.6443 0.0000 0.0000 0.0000 0.1200 1
-1.5164 44.9989 2.5434 0.0000 0.0000 0.0000 0.1200 1
-1.6856 45.0008 2.4231 0.0000 0.0000 0.0000 0.1200 1
-1.8201 45.0013 2.3073 0.0000 0.0000 0.0000 0.1200 1
-1.9716 45.0003 2.1655 0.0000 0.0000 0.0000 0.1200 1
-2.1096 44.9995 2.0278 0.0000 0.0000 0.0000 0.1200 1
-2.2222 44.9983 1.8784 0.0000 0.0000 0.0000 0.1200 1
-2.3622 44.9995 1.6918 0.0000 0.0000 0.0000 0.1200 1
-2.4476 45.0014 1.5502 0.0000 0.0000 0.0000 0.1200 1
-2.5440 44.9997 1.3659 0.0000 0.0000 0.0000 0.1200 1
-2.6253 44.9991 1.1924 0.0000 0.0000 0.0000 0.1200 1
-2.6994 45.0000 0.9953 0.0000 0.0000 0.0000 0.1200 1
-2.7505 44.9988 0.8158 0.0000 0.0000 0.0000 0.1200 1
-2.7972 44.9997 0.6291 0.0000 0.0000 0.0000 0.1200 1
-2.8302 44.9998 0.4126 0.0000 0.0000 0.0000 0.1200 1
-2.8463 44.9999 0.2574 0.0000 0.0000 0.0000 0.1200 1
-2.8577 45.0015 0.0511 0.0000 0.0000 0.0000 0.1200 1
-2.8467 45.0008 -0.1451 0.0000 0.0000 0.0000 0.1200 1
-2.8278 44.9998 -0.3424 0.0000 0.0000 0.0000 0.1200 1
-2.7933 45.0001 -0.5451 0.0000 0.0000 0.0000 0.1200 1
-2.7536 44.9995 -0.7191 0.0000 0.0000 0.0000 0.1200 1
-2.6948 45.0001 -0.9187 0.0000 0.0000 0.0000 0.1200 1
-2.6274 45.0008 -1.0987 0.0000 0.0000 0.0000 0.1200 1
-2.5389 45.0002 -1.2833 0.0000 0.0000 0.0000 0.1200 1
-2.4548 44.9997 -1.4500 0.0000 0.0000 0.0000 0.1200 1
-2.3550 44.9994 -1.6096 0.0000 0.0000 0.0000 0.1200 1
-2.2367 45.0015 -1.7750 0.0000 0.0000 0.0000 0.1200 1
-2.0998 44.9982 -1.9422 0.0000 0.0000 0.0000 0.1200 1
-1.9723 44.9996 -2.0805 0.0000 0.0000 0.0000 0.1200 1
-1.8255 45.0016 -2.2147 0.0000 0.0000 0.0000 0.1200 1
-1.6694 45.0009 -2.3393 0.0000 0.0000 0.0000 0.1200 1
-1.5311 44.9992 -2.4418 0.0000 0.0000 0.0000 0.1200 1
-1.3424 45.0020 -2.5579 0.0000 0.0000 0.0000 0.1200 1
-1.1774 45.0008 -2.6482 0.0000 0.0000 0.0000 0.1200 1
-0.9803 45.0001 -2.7328 0.0000 0.0000 0.0000 0.1200 1
-0.8129 45.0003 -2.7963 0.0000 0.0000 0.0000 0.1200 1
-0.6413 44.9985 -2.8458 0.0000 0.0000 0.0000 0.1200 1
-0.4486 45.0025 -2.8954 0.0000 0.0000 0.0000 0.1200 1
-0.2271 45.0008 -2.9340 0.0000 0.0000 0.0000 0.1200 1
-0.0532 44.9997 -2.9461 0.0000 0.0000 0.0000 0.1200 1
0.1475 45.0005 -2.9556 0.0000 0.0000 0.0000 0.1200 1
0.3478 44.9998 -2.9514 0.0000 0.0000 0.0000 0.1200 1
0.5396 45.0030 -2.9287 0.0000 0.0000 0.0000 0.1200 1
0.7246 45.0014 -2.9009 0.0000 0.0000 0.0000 0.1200 1
0.9345 45.0006 -2.8502 0.0000 0.0000 0.0000 0.1200 1
1.1202 45.0015 -2.7929 0.0000 0.0000 0.0000 0.1200 1
1.3060 45.0001 -2.7188 0.0000 0.0000 0.0000 0.1200 1
1.4693 44.9992 -2.6458 0.0000 0.0000 0.0000 0.1200 1
1.6653 44.9999 -2.5451 0.0000 0.0000 0.0000 0.1200 1
1.8230 44.9988 -2.4400 0.0000 0.0000 0.0000 0.1200 1
1.9851 45.0014 -2.3220 0.0000 0.0000 0.0000 0.1200 1
2.1334 45.0000 -2.2048 0.0000 0.0000 0.0000 0.1200 1
2.2606 44.9990 -2.0839 0.0000 0.0000 0.0000 0.1200 1
2.4097 45.0009 -1.9258 0.0000 0.0000 0.0000 0.1200 1
2.5280 45.0003 -1.7807 0.0000 0.0000 0.0000 0.1200 1
2.6392 44.9992 -1.6277 0.0000 0.0000 0.0000 0.1200 1
2.7424 45.0012 -1.4556 0.0000 0.0000 0.0000 0.1200 1
2.8348 44.9999 -1.2838 0.0000 0.0000 0.0000 0.1200 1
2.9178 45.0009 -1.0989 0.0000 0.0000 0.0000 0.1200 1
2.9824 44.9994 -0.9361 0.0000 0.0000 0.0000 0.1200 1
3.0489 44.9986 -0.7214 0.0000 0.0000 0.0000 0.1200 1
3.0882 44.9998 -0.5378 0.0000 0.0000 0.0000 0.1200 1
3.1215 44.9988 -0.3388 0.0000 0.0000 0.0000 0.1200 1
3.1405 45.0005 -0.1443 0.0000 0.0000 0.0000 0.1200 1
3.1492 45.4996 0.0502 0.0000 0.0000 0.0000 0.1200 1
3.1406 45.4990 0.2351 0.0000 0.0000 0.0000 0.1200 1
3.1198 45.4981 0.4405 0.0000 0.0000 0.0000 0.1200 1
3.0880 45.4997 0.6360 0.0000 0.0000 0.0000 0.1200 1
3.0424 45.5009 0.8252 0.0000 0.0000 0.0000 0.1200 1
2.9864 45.4981 1.0185 0.0000 0.0000 0.0000 0.1200 1
2.9248 45.4988 1.1843 0.0000 0.0000 0.0000 0.1200 1
2.8438 45.4979 1.3609 0.0000 0.0000 0.0000 0.1200 1
2.7456 45.5001 1.5487 0.0000 0.0000 0.0000 0.1200 1
2.6386 45.5014 1.7139 0.0000 0.0000 0.0000 0.1200 1
2.5268 45.4989 1.8719 0.0000 0.0000 0.0000 0.1200 1
2.4002 45.5015 2.0250 0.0000 0.0000 0.0000 0.1200 1
2.2740 45.4992 2.1615 0.0000 0.0000 0.0000 0.1200 1
2.1317 45.5001 2.2970 0.0000 0.0000 0.0000 0.1200 1
1.9612 45.5017 2.4330 0.0000 0.0000 0.0000 0.1200 1
1.8158 45.4992 2.5374 0.0000 0.0000 0.0000 0.1200 1
1.6366 45.5012 2.6457 0.0000 0.0000 0.0000 0.1200 1
1.4673 45.4998 2.7376 0.0000 0.0000 0.0000 0.1200 1
1.2835 45.4990 2.8218 0.0000 0.0000 0.0000 0.1200 1
1.1102 45.4993 2.8872 0.0000 0.0000 0.0000 0.1200 1
0.9170 45.5007 2.9452 0.0000 0.0000 0.0000 0.1200 1
0.7291 45.5026 2.9906 0.0000 0.0000 0.0000 0.1200 1
0.5164 45.5000 3.0253 0.0000 0.0000 0.0000 0.1200 1
0.3335 45.5001 3.0386 0.0000 0.0000 0.0000 0.1200 1
0.1344 45.4985 3.0435 0.0000 0.0000 0.0000 0.1200 1
-0.0443 45.4995 3.0395 0.0000 0.0000 0.0000 0.1200 1
-0.2576 45.4998 3.0176 0.0000 0.0000 0.0000 0.1200 1
-0.4224 45.4999 2.9929 0.0000 0.0000 0.0000 0.1200 1
-0.6472 45.4989 2.9423 0.0000 0.0000 0.0000 0.1200 1
-0.8174 45.5001 2.8862 0.0000 0.0000 0.0000 0.1200 1
-1.0043 45.5004 2.8149 0.0000 0.0000 0.0000 0.1200 1
-1.1709 45.5013 2.7408 0.0000 0.0000 0.0000 0.1200 1
-1.3584 45.5000 2.6395 0.0000 0.0000 0.0000 0.1200 1
-1.5118 45.4999 2.5433 0.0000 0.0000 0.0000 0.1200 1
-1.6660 45.5007 2.4333 0.0000 0.0000 0.0000 0.1200 1
-1.8356 45.5012 2.2987 0.0000 0.0000 0.0000 0.1200 1
-1.9798 45.4991 2.1649 0.0000 0.0000 0.0000 0.1200 1
-2.1104 45.5009 2.0207 0.0000 0.0000 0.0000 0.1200 1
-2.2298 45.5026 1.8750 0.0000 0.0000 0.0000 0.1200 1
-2.3571 45.5014 1.7023 0.0000 0.0000 0.0000 0.1200 1
-2.4449 45.4987 1.5532 0.0000 0.0000 0.0000 0.1200 1
-2.5415 45.5002 1.3779 0.0000 0.0000 0.0000 0.1200 1
-2.6296 45.4989 1.1936 0.0000 0.0000 0.0000 0.1200 1
-2.6918 45.4999 1.0140 0.0000 0.0000 0.0000 0.1200 1
-2.7451 45.4993 0.8348 0.0000 0.0000 0.0000 0.1200 1
-2.7926 45.5018 0.6569 0.0000 0.0000 0.0000 0.1200 1
-2.8271 45.4997 0.4398 0.0000 0.0000 0.0000 0.1200 1
-2.8493 45.5001 0.2348 0.0000 0.0000 0.0000 0.1200 1
-2.8546 45.5007 0.0447 0.0000 0.0000 0.0000 0.1200 1
-2.8470 45.4997 -0.1506 0.0000 0.0000 0.0000 0.1200 1
-2.8279 45.4999 -0.3338 0.0000 0.0000 0.0000 0.1200 1
-2.7991 45.5009 -0.5328 0.0000 0.0000 0.0000 0.1200 1
-2.7481 45.4999 -0.7360 0.0000 0.0000 0.0000 0.1200 1
-2.6926 45.4998 -0.9203 0.0000 0.0000 0.0000 0.1200 1
-2.6225 45.5011 -1.1066 0.0000 0.0000 0.0000 0.1200 1
-2.5464 45.4983 -1.2847 0.0000 0.0000 0.0000 0.1200 1
-2.4516 45.4991 -1.4584 0.0000 0.0000 0.0000 0.1200 1
-2.3500 45.4991 -1.6162 0.0000 0.0000 0.0000 0.1200 1
-2.2359 45.4998 -1.7818 0.0000 0.0000 0.0000 0.1200 1
-2.1057 45.4996 -1.9382 0.0000 0.0000 0.0000 0.1200 1
-1.9732 45.5005 -2.0756 0.0000 0.0000 0.0000 0.1200 1
-1.8323 45.4993 -2.2124 0.0000 0.0000 0.0000 0.1200 1
-1.6845 45.4998 -2.3287 0.0000 0.0000 0.0000 0.1200 1
-1.5201 45.5003 -2.4513 0.0000 0.0000 0.0000 0.1200 1
-1.3517 45.4996 -2.5551 0.0000 0.0000 0.0000 0.1200 1
-1.1760 45.5011 -2.6468 0.0000 0.0000 0.0000 0.1200 1
-0.9831 45.4996 -2.7308 0.0000 0.0000 0.0000 0.1200 1
-0.8187 45.4994 -2.7970 0.0000 0.0000 0.0000 0.1200 1
-0.6341 45.5002 -2.8542 0.0000 0.0000 0.0000 0.1200 1
-0.4093 45.5023 -2.8978 0.0000 0.0000 0.0000 0.1200 1
-0.2333 45.4992 -2.9278 0.0000 0.0000 0.0000 0.1200 1
-0.0305 45.5002 -2.9452 0.0000 0.0000 0.0000 0.1200 1
0.1342 45.4991 -2.9559 0.0000 0.0000 0.0000 0.1200 1
0.3375 45.5007 -2.9493 0.0000 0.0000 0.0000 0.1200 1
0.5431 45.4991 -2.9323 0.0000 0.0000 0.0000 0.1200 1
0.7414 45.4996 -2.8951 0.0000 0.0000 0.0000 0.1200 1
0.9249 45.4998 -2.8470 0.0000 0.0000 0.0000 0.1200 1
1.1014 45.4991 -2.8021 0.0000 0.0000 0.0000 0.1200 1
1.2926 45.5008 -2.7267 0.0000 0.0000 0.0000 0.1200 1
1.4907 45.4981 -2.6369 0.0000 0.0000 0.0000 0.1200 1
1.6459 45.4999 -2.5586 0.0000 0.0000 0.0000 0.1200 1
1.8089 45.4997 -2.4562 0.0000 0.0000 0.0000 0.1200 1
1.9717 45.5013 -2.3350 0.0000 0.0000 0.0000 0.1200 1
2.1329 45.5016 -2.2027 0.0000 0.0000 0.0000 0.1200 1
2.2549 45.4989 -2.0873 0.0000 0.0000 0.0000 0.1200 1
2.3901 45.4988 -1.9538 0.0000 0.0000 0.0000 0.1200 1
2.5254 45.5004 -1.7840 0.0000 0.0000 0.0000 0.1200 1
2.6446 45.4998 -1.6177 0.0000 0.0000 0.0000 0.1200 1
2.7394 45.5012 -1.4637 0.0000 0.0000 0.0000 0.1200 1
2.8462 45.4998 -1.2647 0.0000 0.0000 0.0000 0.1200 1
2.9211 45.5002 -1.0894 0.0000 0.0000 0.0000 0.1200 1
2.9854 45.5003 -0.9339 0.0000 0.0000 0.0000 0.1200 1
3.0457 45.5007 -0.7305 0.0000 0.0000 0.0000 0.1200 1
3.0899 45.4985 -0.5471 0.0000 0.0000 0.0000 0.1200 1
3.1184 45.5009 -0.3496 0.0000 0.0000 0.0000 0.1200 1
3.1412 45.4995 -0.1610 0.0000 0.0000 0.0000 0.1200 1
3.1471 46.0007 0.0422 0.0000 0.0000 0.0000 0.1200 1
3.1402 46.0001 0.2478 0.0000 0.0000 0.0000 0.1200 1
3.1208 45.9994 0.4336 0.0000 0.0000 0.0000 0.1200 1
3.0801 45.9997 0.6686 0.0000 0.0000 0.0000 0.1200 1
3.0403 45.9991 0.8358 0.0000 0.0000 0.0000 0.1200 1
2.9942 45.9997 0.9912 0.0000 0.0000 0.0000 0.1200 1
2.9212 46.0007 1.1866 0.0000 0.0000 0.0000 0.1200 1
2.8294 46.0002 1.3848 0.0000 0.0000 0.0000 0.1200 1
2.7385 46.0000 1.5571 0.0000 0.0000 0.0000 0.1200 1
2.6372 46.0006 1.7223 0.0000 0.0000 0.0000 0.1200 1
2.5196 45.9989 1.8778 0.0000 0.0000 0.0000 0.1200 1
2.3973 45.9989 2.0287 0.0000 0.0000 0.0000 0.1200 1
2.2692 46.0010 2.1668 0.0000 0.0000 0.0000 0.1200 1
2.1254 45.9991 2.3004 0.0000 0.0000 0.0000 0.1200 1
1.9840 45.9999 2.4181 0.0000 0.0000 0.0000 0.1200 1
1.8113 45.9997 2.5395 0.0000 0.0000 0.0000 0.1200 1
1.6432 45.9982 2.6484 0.0000 0.0000 0.0000 0.1200 1
1.4728 46.0005 2.7393 0.0000 0.0000 0.0000 0.1200 1
1.3017 45.9997 2.8154 0.0000 0.0000 0.0000 0.1200 1
1.1127 45.9999 2.8882 0.0000 0.0000 0.0000 0.1200 1
0.9240 45.9988 2.9453 0.0000 0.0000 0.0000 0.1200 1
0.7224 46.0001 2.9904 0.0000 0.0000 0.0000 0.1200 1
0.5362 46.0009 3.0196 0.0000 0.0000 0.0000 0.1200 1
0.3270 45.9991 3.0403 0.0000 0.0000 0.0000 0.1200 1
0.1450 45.9993 3.0465 0.0000 0.0000 0.0000 0.1200 1
-0.0433 45.9985 3.0356 0.0000 0.0000 0.0000 0.1200 1
-0.2420 46.0010 3.0205 0.0000 0.0000 0.0000 0.1200 1
-0.4278 46.0005 2.9890 0.0000 0.0000 0.0000 0.1200 1
-0.6284 46.0007 2.9408 0.0000 0.0000 0.0000 0.1200 1
-0.8326 46.0014 2.8850 0.0000 0.0000 0.0000 0.1200 1
-1.0081 45.9995 2.8146 0.0000 0.0000 0.0000 0.1200 1
-1.1785 46.0000 2.7352 0.0000 0.0000 0.0000 0.1200 1
-1.3382 46.0004 2.6499 0.0000 0.0000 0.0000 0.1200 1
-1.5140 46.0006 2.5439 0.0000 0.0000 0.0000 0.1200 1
-1.6843 46.0011 2.4284 0.0000 0.0000 0.0000 0.1200 1
-1.8301 45.9989 2.3035 0.0000 0.0000 0.0000 0.1200 1
-1.9745 45.9996 2.1655 0.0000 0.0000 0.0000 0.1200 1
-2.0974 45.9984 2.0347 0.0000 0.0000 0.0000 0.1200 1
-2.2325 46.0000 1.8748 0.0000 0.0000 0.0000 0.1200 1
-2.3542 45.9999 1.7024 0.0000 0.0000 0.0000 0.1200 1
-2.4559 46.0001 1.5462 0.0000 0.0000 0.0000 0.1200 1
-2.5466 45.9993 1.3737 0.0000 0.0000 0.0000 0.1200 1
-2.6157 46.0004 1.2111 0.0000 0.0000 0.0000 0.1200 1
-2.6894 45.9993 1.0284 0.0000 0.0000 0.0000 0.1200 1
-2.7547 46.0007 0.8209 0.0000 0.0000 0.0000 0.1200 1
-2.7949 46.0014 0.6444 0.0000 0.0000 0.0000 0.1200 1
-2.8274 45.9988 0.4470 0.0000 0.0000 0.0000 0.1200 1
-2.8493 45.9989 0.2416 0.0000 0.0000 0.0000 0.1200 1
-2.8500 45.9996 0.0364 0.0000 0.0000 0.0000 0.1200 1
-2.8494 46.0002 -0.1582 0.0000 0.0000 0.0000 0.1200 1
-2.8260 45.9997 -0.3512 0.0000 0.0000 0.0000 0.1200 1
-2.7990 45.9996 -0.5315 0.0000 0.0000 0.0000 0.1200 1
-2.7568 45.9992 -0.7171 0.0000 0.0000 0.0000 0.1200 1
-2.6889 46.0008 -0.9304 0.0000 0.0000 0.0000 0.1200 1
-2.6285 46.0013 -1.0942 0.0000 0.0000 0.0000 0.1200 1
-2.5445 46.0008 -1.2781 0.0000 0.0000 0.0000 0.1200 1
-2.4462 45.9993 -1.4614 0.0000 0.0000 0.0000 0.1200 1
-2.3451 45.9998 -1.6262 0.0000 0.0000 0.0000 0.1200 1
-2.2376 46.0001 -1.7765 0.0000 0.0000 0.0000 0.1200 1
-2.1123 46.0002 -1.9298 0.0000 0.0000 0.0000 0.1200 1
-1.9714 46.0014 -2.0791 0.0000 0.0000 0.0000 0.1200 1
-1.8287 45.9988 -2.2113 0.0000 0.0000 0.0000 0.1200 1
-1.6747 46.0004 -2.3367 0.0000 0.0000 0.0000 0.1200 1
-1.5155 46.0001 -2.4493 0.0000 0.0000 0.0000 0.1200 1
-1.3528 45.9998 -2.5547 0.0000 0.0000 0.0000 0.1200 1
-1.1552 45.9998 -2.6568 0.0000 0.0000 0.0000 0.1200 1
-1.0129 45.9989 -2.7239 0.0000 0.0000 0.0000 0.1200 1
-0.8148 45.9999 -2.7972 0.0000 0.0000 0.0000 0.1200 1
-0.6326 45.9998 -2.8494 0.0000 0.0000 0.0000 0.1200 1
-0.4297 46.0006 -2.8973 0.0000 0.0000 0.0000 0.1200 1
-0.2522 46.0001 -2.9238 0.0000 0.0000 0.0000 0.1200 1
-0.0414 46.0006 -2.9494 0.0000 0.0000 0.0000 0.1200 1
0.1796 46.0011 -2.9533 0.0000 0.0000 0.0000 0.1200 1
0.3568 45.9974 -2.9473 0.0000 0.0000 0.0000 0.1200 1
0.5330 46.0009 -2.9314 0.0000 0.0000 0.0000 0.1200 1
0.7486 45.9998 -2.8914 0.0000 0.0000 0.0000 0.1200 1
0.9229 45.9993 -2.8498 0.0000 0.0000 0.0000 0.1200 1
1.1127 45.9996 -2.7906 0.0000 0.0000 0.0000 0.1200 1
1.3073 45.9995 -2.7188 0.0000 0.0000 0.0000 0.1200 1
1.4705 46.0004 -2.6440 0.0000 0.0000 0.0000 0.1200 1
1.6436 46.0017 -2.5532 0.0000 0.0000 0.0000 0.1200 1
1.8045 45.9981 -2.4533 0.0000 0.0000 0.0000 0.1200 1
1.9759 45.9988 -2.3346 0.0000 0.0000 0.0000 0.1200 1
2.1277 45.9985 -2.2079 0.0000 0.0000 0.0000 0.1200 1
2.2686 45.9994 -2.0774 0.0000 0.0000 0.0000 0.1200 1
2.4061 45.9983 -1.9243 0.0000 0.0000 0.0000 0.1200 1
2.5295 46.0010 -1.7773 0.0000 0.0000 0.0000 0.1200 1
2.6335 46.0007 -1.6329 0.0000 0.0000 0.0000 0.1200 1
2.7516 45.9997 -1.4459 0.0000 0.0000 0.0000 0.1200 1
2.8394 46.0012 -1.2791 0.0000 0.0000 0.0000 0.1200 1
2.9134 46.0005 -1.1051 0.0000 0.0000 0.0000 0.1200 1
2.9877 46.0004 -0.9164 0.0000 0.0000 0.0000 0.1200 1
3.0395 45.9991 -0.7420 0.0000 0.0000 0.0000 0.1200 1
3.0858 46.0008 -0.5666 0.0000 0.0000 0.0000 0.1200 1
3.1205 46.0005 -0.3436 0.0000 0.0000 0.0000 0.1200 1
3.1364 46.0007 -0.1601 0.0000 0.0000 0.0000 0.1200 1
3.1405 46.4995 0.0481 0.0000 0.0000 0.0000 0.1200 1
3.1408 46.5007 0.2406 0.0000 0.0000 0.0000 0.1200 1
3.1190 46.4989 0.4316 0.0000 0.0000 0.0000 0.1200 1
3.0885 46.4998 0.6398 0.0000 0.0000 0.0000 0.1200 1
3.0398 46.4984 0.8309 0.0000 0.0000 0.0000 0.1200 1
2.9829 46.4992 1.0159 0.0000 0.0000 0.0000 0.1200 1
2.9274 46.4996 1.1780 0.0000 0.0000 0.0000 0.1200 1
2.8327 46.4985 1.3779 0.0000 0.0000 0.0000 0.1200 1
2.7443 46.5011 1.5441 0.0000 0.0000 0.0000 0.1200 1
2.6374 46.5003 1.7229 0.0000 0.0000 0.0000 0.1200 1
2.5192 46.5014 1.8762 0.0000 0.0000 0.0000 0.1200 1
2.4007 46.5023 2.0265 0.0000 0.0000 0.0000 0.1200 1
2.2639 46.4994 2.1664 0.0000 0.0000 0.0000 0.1200 1
2.1099 46.4989 2.3095 0.0000 0.0000 0.0000 0.1200 1
1.9580 46.5009 2.4406 0.0000 0.0000 0.0000 0.1200 1
1.8216 46.4981 2.5336 0.0000 0.0000 0.0000 0.1200 1
1.6408 46.4998 2.6487 0.0000 0.0000 0.0000 0.1200 1
1.4828 46.4997 2.7328 0.0000 0.0000 0.0000 0.1200 1
1.2975 46.5016 2.8174 0.0000 0.0000 0.0000 0.1200 1
1.1233 46.5013 2.8794 0.0000 0.0000 0.0000 0.1200 1
0.9334 46.4991 2.9393 0.0000 0.0000 0.0000 0.1200 1
0.7333 46.5007 2.9906 0.0000 0.0000 0.0000 0.1200 1
0.5438 46.4991 3.0220 0.0000 0.0000 0.0000 0.1200 1
0.3497 46.5011 3.0373 0.0000 0.0000 0.0000 0.1200 1
0.1462 46.5004 3.0485 0.0000 0.0000 0.0000 0.1200 1
-0.0448 46.5019 3.0399 0.0000 0.0000 0.0000 0.1200 1
-0.2494 46.5002 3.0213 0.0000 0.0000 0.0000 0.1200 1
-0.4348 46.4985 2.9906 0.0000 0.0000 0.0000 0.1200 1
-0.6329 46.5016 2.9433 0.0000 0.0000 0.0000 0.1200 1
-0.8197 46.5007 2.8897 0.0000 0.0000 0.0000 0.1200 1
-0.9980 46.5006 2.8167 0.0000 0.0000 0.0000 0.1200 1
-1.1749 46.4991 2.7390 0.0000 0.0000 0.0000 0.1200 1
-1.3615 46.4983 2.6413 0.0000 0.0000 0.0000 0.1200 1
-1.5155 46.5002 2.5415 0.0000 0.0000 0.0000 0.1200 1
-1.6838 46.4970 2.4306 0.0000 0.0000 0.0000 0.1200 1
-1.8481 46.5000 2.2864 0.0000 0.0000 0.0000 0.1200 1
-1.9769 46.4998 2.1674 0.0000 0.0000 0.0000 0.1200 1
-2.1203 46.5012 2.0159 0.0000 0.0000 0.0000 0.1200 1
-2.2232 46.5004 1.8843 0.0000 0.0000 0.0000 0.1200 1
-2.3477 46.5014 1.7190 0.0000 0.0000 0.0000 0.1200 1
-2.4561 46.4993 1.5372 0.0000 0.0000 0.0000 0.1200 1
-2.5393 46.5000 1.3841 0.0000 0.0000 0.0000 0.1200 1
-2.6296 46.4989 1.1841 0.0000 0.0000 0.0000 0.1200 1
-2.6953 46.4995 1.0121 0.0000 0.0000 0.0000 0.1200 1
-2.7581 46.4997 0.8092 0.0000 0.0000 0.0000 0.1200 1
-2.7970 46.5000 0.6223 0.0000 0.0000 0.0000 0.1200 1
-2.8269 46.5016 0.4399 0.0000 0.0000 0.0000 0.1200 1
-2.8493 46.4996 0.2262 0.0000 0.0000 0.0000 0.1200 1
-2.8553 46.5004 0.0635 0.0000 0.0000 0.0000 0.1200 1
-2.8486 46.4994 -0.1329 0.0000 0.0000 0.0000 0.1200 1
-2.8320 46.5013 -0.3368 0.0000 0.0000 0.0000 0.1200 1
-2.7938 46.4990 -0.5441 0.0000 0.0000 0.0000 0.1200 1
-2.7534 46.4997 -0.7285 0.0000 0.0000 0.0000 0.1200 1
-2.6967 46.4997 -0.9251 0.0000 0.0000 0.0000 0.1200 1
-2.6314 46.5011 -1.0932 0.0000 0.0000 0.0000 0.1200 1
-2.5476 46.4992 -1.2737 0.0000 0.0000 0.0000 0.1200 1
-2.4514 46.4992 -1.4526 0.0000 0.0000 0.0000 0.1200 1
-2.3542 46.4991 -1.6102 0.0000 0.0000 0.0000 0.1200 1
-2.2204 46.5003 -1.7982 0.0000 0.0000 0.0000 0.1200 1
-2.1088 46.4976 -1.9354 0.0000 0.0000 0.0000 0.1200 1
-1.9660 46.4984 -2.0847 0.0000 0.0000 0.0000 0.1200 1
-1.8404 46.5017 -2.2029 0.0000 0.0000 0.0000 0.1200 1
-1.6786 46.4988 -2.3378 0.0000 0.0000 0.0000 0.1200 1
-1.5122 46.4995 -2.4526 0.0000 0.0000 0.0000 0.1200 1
-1.3617 46.4980 -2.5447 0.0000 0.0000 0.0000 0.1200 1
-1.1769 46.4995 -2.6461 0.0000 0.0000 0.0000 0.1200 1
-1.0145 46.5009 -2.7184 0.0000 0.0000 0.0000 0.1200 1
-0.8129 46.4993 -2.7954 0.0000 0.0000 0.0000 0.1200 1
-0.6409 46.5010 -2.8482 0.0000 0.0000 0.0000 0.1200 1
-0.4452 46.4986 -2.8951 0.0000 0.0000 0.0000 0.1200 1
-0.2595 46.5005 -2.9284 0.0000 0.0000 0.0000 0.1200 1
-0.0472 46.5008 -2.9489 0.0000 0.0000 0.0000 0.1200 1
0.1604 46.5000 -2.9547 0.0000 0.0000 0.0000 0.1200 1
0.3382 46.5000 -2.9465 0.0000 0.0000 0.0000 0.1200 1
0.5411 46.5009 -2.9293 0.0000 0.0000 0.0000 0.1200 1
0.7336 46.4991 -2.8969 0.0000 0.0000 0.0000 0.1200 1
0.9169 46.4992 -2.8533 0.0000 0.0000 0.0000 0.1200 1
1.1139 46.4987 -2.7898 0.0000 0.0000 0.0000 0.1200 1
1.2936 46.5006 -2.7277 0.0000 0.0000 0.0000 0.1200 1
1.4942 46.4995 -2.6306 0.0000 0.0000 0.0000 0.1200 1
1.6504 46.4992 -2.5461 0.0000 0.0000 0.0000 0.1200 1
1.7937 46.5009 -2.4620 0.0000 0.0000 0.0000 0.1200 1
1.9644 46.5005 -2.3370 0.0000 0.0000 0.0000 0.1200 1
2.1191 46.4989 -2.2118 0.0000 0.0000 0.0000 0.1200 1
2.2680 46.5008 -2.0744 0.0000 0.0000 0.0000 0.1200 1
2.4000 46.5013 -1.9265 0.0000 0.0000 0.0000 0.1200 1
2.5178 46.4987 -1.7924 0.0000 0.0000 0.0000 0.1200 1
2.6451 46.5018 -1.6122 0.0000 0.0000 0.0000 0.1200 1
2.7437 46.4994 -1.4513 0.0000 0.0000 0.0000 0.1200 1
2.8213 46.4986 -1.3014 0.0000 0.0000 0.0000 0.1200 1
2.9157 46.5006 -1.1044 0.0000 0.0000 0.0000 0.1200 1
2.9862 46.5001 -0.9212 0.0000 0.0000 0.0000 0.1200 1
3.0424 46.4994 -0.7223 0.0000 0.0000 0.0000 0.1200 1
3.0920 46.5014 -0.5182 0.0000 0.0000 0.0000 0.1200 1
3.1206 46.5006 -0.3362 0.0000 0.0000 0.0000 0.1200 1
3.1397 46.4991 -0.1564 0.0000 0.0000 0.0000 0.1200 1
3.1470 46.9985 0.0428 0.0000 0.0000 0.0000 0.1200 1
3.1362 46.9989 0.2422 0.0000 0.0000 0.0000 0.1200 1
3.1213 46.9983 0.4253 0.0000 0.0000 0.0000 0.1200 1
3.0850 47.0008 0.6364 0.0000 0.0000 0.0000 0.1200 1
3.0427 46.9992 0.8317 0.0000 0.0000 0.0000 0.1200 1
2.9861 47.0017 1.0094 0.0000 0.0000 0.0000 0.1200 1
2.9100 46.9998 1.2160 0.0000 0.0000 0.0000 0.1200 1
2.8381 47.0011 1.3754 0.0000 0.0000 0.0000 0.1200 1
2.7383 47.0014 1.5567 0.0000 0.0000 0.0000 0.1200 1
2.6287 47.0008 1.7249 0.0000 0.0000 0.0000 0.1200 1
2.5163 46.9993 1.8879 0.0000 0.0000 0.0000 0.1200 1
2.4016 47.0003 2.0240 0.0000 0.0000 0.0000 0.1200 1
2.2728 47.0011 2.1581 0.0000 0.0000 0.0000 0.1200 1
2.1265 47.0011 2.2998 0.0000 0.0000 0.0000 0.1200 1
1.9634 47.0005 2.4313 0.0000 0.0000 0.0000 0.1200 1
1.8124 47.0007 2.5401 0.0000 0.0000 0.0000 0.1200 1
1.6446 46.9989 2.6423 0.0000 0.0000 0.0000 0.1200 1
1.4684 47.0009 2.7417 0.0000 0.0000 0.0000 0.1200 1
1.2998 47.0007 2.8171 0.0000 0.0000 0.0000 0.1200 1
1.0853 47.0001 2.8941 0.0000 0.0000 0.0000 0.1200 1
0.9262 46.9993 2.9448 0.0000 0.0000 0.0000 0.1200 1
0.7320 47.0010 2.9909 0.0000 0.0000 0.0000 0.1200 1
0.5469 46.9985 3.0194 0.0000 0.0000 0.0000 0.1200 1
0.3604 46.9996 3.0402 0.0000 0.0000 0.0000 0.1200 1
0.1326 46.9996 3.0508 0.0000 0.0000 0.0000 0.1200 1
-0.0579 47.0001 3.0396 0.0000 0.0000 0.0000 0.1200 1
-0.2501 47.0006 3.0210 0.0000 0.0000 0.0000 0.1200 1
-0.4384 47.0004 2.9903 0.0000 0.0000 0.0000 0.1200 1
-0.6323 47.0004 2.9430 0.0000 0.0000 0.0000 0.1200 1
-0.8224 47.0010 2.8893 0.0000 0.0000 0.0000 0.1200 1
-0.9906 47.0017 2.8226 0.0000 0.0000 0.0000 0.1200 1
-1.1748 47.0004 2.7410 0.0000 0.0000 0.0000 0.1200 1
-1.3442 46.9976 2.6474 0.0000 0.0000 0.0000 0.1200 1
-1.5399 47.0016 2.5286 0.0000 0.0000 0.0000 0.1200 1
-1.6861 47.0001 2.4276 0.0000 0.0000 0.0000 0.1200 1
-1.8286 47.0005 2.3094 0.0000 0.0000 0.0000 0.1200 1
-1.9790 47.0001 2.1702 0.0000 0.0000 0.0000 0.1200 1
-2.0984 46.9996 2.0365 0.0000 0.0000 0.0000 0.1200 1
-2.2374 46.9996 1.8707 0.0000 0.0000 0.0000 0.1200 1
-2.3404 46.9986 1.7301 0.0000 0.0000 0.0000 0.1200 1
-2.4532 47.0005 1.5460 0.0000 0.0000 0.0000 0.1200 1
-2.5493 46.9995 1.3690 0.0000 0.0000 0.0000 0.1200 1
-2.6258 46.9990 1.1985 0.0000 0.0000 0.0000 0.1200 1
-2.6953 46.9992 1.0121 0.0000 0.0000 0.0000 0.1200 1
-2.7575 46.9986 0.8143 0.0000 0.0000 0.0000 0.1200 1
-2.7947 47.0003 0.6367 0.0000 0.0000 0.0000 0.1200 1
-2.8314 46.9995 0.4326 0.0000 0.0000 0.0000 0.1200 1
-2.8488 47.0006 0.2401 0.0000 0.0000 0.0000 0.1200 1
-2.8554 47.0018 0.0446 0.0000 0.0000 0.0000 0.1200 1
-2.8478 47.0004 -0.1546 0.0000 0.0000 0.0000 0.1200 1
-2.8304 46.9987 -0.3567 0.0000 0.0000 0.0000 0.1200 1
-2.8001 46.9985 -0.5278 0.0000 0.0000 0.0000 0.1200 1
-2.7563 47.0005 -0.7189 0.0000 0.0000 0.0000 0.1200 1
-2.6934 47.0009 -0.9290 0.0000 0.0000 0.0000 0.1200 1
-2.6279 46.9977 -1.0990 0.0000 0.0000 0.0000 0.1200 1
-2.5489 46.9981 -1.2735 0.0000 0.0000 0.0000 0.1200 1
-2.4537 47.0023 -1.4528 0.0000 0.0000 0.0000 0.1200 1
-2.3466 47.0030 -1.6258 0.0000 0.0000 0.0000 0.1200 1
-2.2444 46.9997 -1.7712 0.0000 0.0000 0.0000 0.1200 1
-2.1053 46.9997 -1.9386 0.0000 0.0000 0.0000 0.1200 1
-1.9800 46.9985 -2.0732 0.0000 0.0000 0.0000 0.1200 1
-1.8295 46.9990 -2.2096 0.0000 0.0000 0.0000 0.1200 1
-1.6826 47.0007 -2.3325 0.0000 0.0000 0.0000 0.1200 1
-1.5200 46.9987 -2.4500 0.0000 0.0000 0.0000 0.1200 1
-1.3648 47.0010 -2.5474 0.0000 0.0000 0.0000 0.1200 1
-1.1837 46.9987 -2.6405 0.0000 0.0000 0.0000 0.1200 1
-1.0028 47.0009 -2.7278 0.0000 0.0000 0.0000 0.1200 1
-0.8202 47.0013 -2.7965 0.0000 0.0000 0.0000 0.1200 1
-0.6259 46.9988 -2.8507 0.0000 0.0000 0.0000 0.1200 1
-0.4418 46.9992 -2.8951 0.0000 0.0000 0.0000 0.1200 1
-0.2603 46.9993 -2.9253 0.0000 0.0000 0.0000 0.1200 1
-0.0631 46.9996 -2.9462 0.0000 0.0000 0.0000 0.1200 1
0.1384 47.0013 -2.9523 0.0000 0.0000 0.0000 0.1200 1
0.3125 46.9997 -2.9493 0.0000 0.0000 0.0000 0.1200 1
0.5245 46.9996 -2.9307 0.0000 0.0000 0.0000 0.1200 1
0.7393 47.0003 -2.8916 0.0000 0.0000 0.0000 0.1200 1
0.9134 47.0006 -2.8536 0.0000 0.0000 0.0000 0.1200 1
1.1273 46.9994 -2.7880 0.0000 0.0000 0.0000 0.1200 1
1.2995 46.9994 -2.7244 0.0000 0.0000 0.0000 0.1200 1
1.4813 46.9995 -2.6382 0.0000 0.0000 0.0000 0.1200 1
1.6648 46.9986 -2.5414 0.0000 0.0000 0.0000 0.1200 1
1.7920 47.0017 -2.4551 0.0000 0.0000 0.0000 0.1200 1
1.9756 47.0009 -2.3294 0.0000 0.0000 0.0000 0.1200 1
2.1309 47.0018 -2.2031 0.0000 0.0000 0.0000 0.1200 1
2.2576 47.0000 -2.0790 0.0000 0.0000 0.0000 0.1200 1
2.4041 46.9986 -1.9242 0.0000 0.0000 0.0000 0.1200 1
2.5168 46.9990 -1.7870 0.0000 0.0000 0.0000 0.1200 1
2.6426 47.0013 -1.6150 0.0000 0.0000 0.0000 0.1200 1
2.7420 47.0027 -1.4572 0.0000 0.0000 0.0000 0.1200 1
2.8414 47.0005 -1.2690 0.0000 0.0000 0.0000 0.1200 1
2.9155 46.9987 -1.1109 0.0000 0.0000 0.0000 0.1200 1
2.9869 46.9984 -0.9088 0.0000 0.0000 0.0000 0.1200 1
3.0388 47.0008 -0.7428 0.0000 0.0000 0.0000 0.1200 1
3.0838 46.9999 -0.5492 0.0000 0.0000 0.0000 0.1200 1
3.1162 47.0008 -0.3584 0.0000 0.0000 0.0000 0.1200 1
3.1378 47.0000 -0.1561 0.0000 0.0000 0.0000 0.1200 1
3.1444 47.5001 0.0375 0.0000 0.0000 0.0000 0.1200 1
3.1308 47.5016 0.2581 0.0000 0.0000 0.0000 0.1200 1
3.1172 47.5004 0.4344 0.0000 0.0000 0.0000 0.1200 1
3.0868 47.5003 0.6274 0.0000 0.0000 0.0000 0.1200 1
3.0358 47.5001 0.8396 0.0000 0.0000 0.0000 0.1200 1
2.9804 47.5003 1.0220 0.0000 0.0000 0.0000 0.1200 1
2.9118 47.4999 1.2044 0.0000 0.0000 0.0000 0.1200 1
2.8389 47.5005 1.3734 0.0000 0.0000 0.0000 0.1200 1
2.7420 47.5004 1.5426 0.0000 0.0000 0.0000 0.1200 1
2.6381 47.5022 1.7121 0.0000 0.0000 0.0000 0.1200 1
2.5290 47.5012 1.8652 0.0000 0.0000 0.0000 0.1200 1
2.4011 47.4996 2.0232 0.0000 0.0000 0.0000 0.1200 1
2.2719 47.5001 2.1629 0.0000 0.0000 0.0000 0.1200 1
2.1211 47.5014 2.3033 0.0000 0.0000 0.0000 0.1200 1
1.9677 47.5011 2.4312 0.0000 0.0000 0.0000 0.1200 1
1.8163 47.4999 2.5406 0.0000 0.0000 0.0000 0.1200 1
1.6418 47.4986 2.6503 0.0000 0.0000 0.0000 0.1200 1
1.4711 47.4991 2.7377 0.0000 0.0000 0.0000 0.1200 1
1.2937 47.5010 2.8191 0.0000 0.0000 0.0000 0.1200 1
1.1080 47.5013 2.8898 0.0000 0.0000 0.0000 0.1200 1
0.9456 47.5004 2.9383 0.0000 0.0000 0.0000 0.1200 1
0.7269 47.4988 2.9893 0.0000 0.0000 0.0000 0.1200 1
0.5189 47.4998 3.0243 0.0000 0.0000 0.0000 0.1200 1
0.3379 47.5007 3.0429 0.0000 0.0000 0.0000 0.1200 1
0.1624 47.5012 3.0482 0.0000 0.0000 0.0000 0.1200 1
-0.0379 47.5018 3.0418 0.0000 0.0000 0.0000 0.1200 1
-0.2554 47.5013 3.0199 0.0000 0.0000 0.0000 0.1200 1
-0.4386 47.4995 2.9849 0.0000 0.0000 0.0000 0.1200 1
-0.6267 47.5000 2.9502 0.0000 0.0000 0.0000 0.1200 1
-0.8151 47.5005 2.8939 0.0000 0.0000 0.0000 0.1200 1
-1.0119 47.4991 2.8184 0.0000 0.0000 0.0000 0.1200 1
-1.1837 47.4998 2.7430 0.0000 0.0000 0.0000 0.1200 1
-1.3590 47.5010 2.6413 0.0000 0.0000 0.0000 0.1200 1
-1.5403 47.5000 2.5313 0.0000 0.0000 0.0000 0.1200 1
-1.6870 47.4994 2.4252 0.0000 0.0000 0.0000 0.1200 1
-1.8599 47.4999 2.2853 0.0000 0.0000 0.0000 0.1200 1
-1.9879 47.5019 2.1571 0.0000 0.0000 0.0000 0.1200 1
-2.1044 47.5005 2.0308 0.0000 0.0000 0.0000 0.1200 1
-2.2420 47.4985 1.8678 0.0000 0.0000 0.0000 0.1200 1
-2.3534 47.4995 1.7051 0.0000 0.0000 0.0000 0.1200 1
-2.4553 47.4993 1.5480 0.0000 0.0000 0.0000 0.1200 1
-2.5446 47.4993 1.3790 0.0000 0.0000 0.0000 0.1200 1
-2.6281 47.5015 1.1990 0.0000 0.0000 0.0000 0.1200 1
-2.6953 47.4997 1.0129 0.0000 0.0000 0.0000 0.1200 1
-2.7608 47.5011 0.8111 0.0000 0.0000 0.0000 0.1200 1
-2.7961 47.4992 0.6352 0.0000 0.0000 0.0000 0.1200 1
-2.8217 47.5005 0.4698 0.0000 0.0000 0.0000 0.1200 1
-2.8516 47.5004 0.2425 0.0000 0.0000 0.0000 0.1200 1
-2.8567 47.4992 0.0531 0.0000 0.0000 0.0000 0.1200 1
-2.8520 47.4983 -0.1591 0.0000 0.0000 0.0000 0.1200 1
-2.8247 47.4975 -0.3749 0.0000 0.0000 0.0000 0.1200 1
-2.8017 47.4992 -0.5308 0.0000 0.0000 0.0000 0.1200 1
-2.7531 47.5002 -0.7346 0.0000 0.0000 0.0000 0.1200 1
-2.6934 47.5019 -0.9214 0.0000 0.0000 0.0000 0.1200 1
-2.6226 47.4997 -1.1107 0.0000 0.0000 0.0000 0.1200 1
-2.5445 47.5006 -1.2869 0.0000 0.0000 0.0000 0.1200 1
-2.4480 47.4993 -1.4602 0.0000 0.0000 0.0000 0.1200 1
-2.3632 47.4999 -1.6016 0.0000 0.0000 0.0000 0.1200 1
-2.2302 47.5010 -1.7871 0.0000 0.0000 0.0000 0.1200 1
-2.1119 47.5006 -1.9313 0.0000 0.0000 0.0000 0.1200 1
-1.9715 47.4997 -2.0774 0.0000 0.0000 0.0000 0.1200 1
-1.8299 47.4990 -2.2148 0.0000 0.0000 0.0000 0.1200 1
-1.6774 47.4992 -2.3342 0.0000 0.0000 0.0000 0.1200 1
-1.5286 47.5004 -2.4429 0.0000 0.0000 0.0000 0.1200 1
-1.3562 47.5009 -2.5480 0.0000 0.0000 0.0000 0.1200 1
-1.1680 47.4999 -2.6522 0.0000 0.0000 0.0000 0.1200 1
-0.9995 47.4999 -2.7253 0.0000 0.0000 0.0000 0.1200 1
-0.8172 47.5020 -2.7940 0.0000 0.0000 0.0000 0.1200 1
-0.6373 47.4994 -2.8496 0.0000 0.0000 0.0000 0.1200 1
-0.4434 47.4988 -2.8948 0.0000 0.0000 0.0000 0.1200 1
-0.2308 47.5014 -2.9293 0.0000 0.0000 0.0000 0.1200 1
-0.0569 47.5008 -2.9491 0.0000 0.0000 0.0000 0.1200 1
0.1568 47.5001 -2.9534 0.0000 0.0000 0.0000 0.1200 1
0.3247 47.5008 -2.9440 0.0000 0.0000 0.0000 0.1200 1
0.5311 47.5001 -2.9264 0.0000 0.0000 0.0000 0.1200 1
0.7264 47.5003 -2.8983 0.0000 0.0000 0.0000 0.1200 1
0.9447 47.4996 -2.8440 0.0000 0.0000 0.0000 0.1200 1
1.1065 47.4988 -2.7940 0.0000 0.0000 0.0000 0.1200 1
1.2837 47.4996 -2.7265 0.0000 0.0000 0.0000 0.1200 1
1.4819 47.4997 -2.6397 0.0000 0.0000 0.0000 0.1200 1
1.6395 47.4986 -2.5511 0.0000 0.0000 0.0000 0.1200 1
1.8073 47.5000 -2.4471 0.0000 0.0000 0.0000 0.1200 1
1.9690 47.4987 -2.3362 0.0000 0.0000 0.0000 0.1200 1
2.1316 47.5028 -2.1942 0.0000 0.0000 0.0000 0.1200 1
2.2572 47.4984 -2.0832 0.0000 0.0000 0.0000 0.1200 1
2.3967 47.5000 -1.9329 0.0000 0.0000 0.0000 0.1200 1
2.5131 47.5002 -1.7945 0.0000 0.0000 0.0000 0.1200 1
2.6258 47.5018 -1.6321 0.0000 0.0000 0.0000 0.1200 1
2.7490 47.5010 -1.4394 0.0000 0.0000 0.0000 0.1200 1
2.8315 47.4994 -1.2853 0.0000 0.0000 0.0000 0.1200 1
2.9087 47.4980 -1.1189 0.0000 0.0000 0.0000 0.1200 1
2.9809 47.5010 -0.9285 0.0000 0.0000 0.0000 0.1200 1
3.0402 47.5005 -0.7240 0.0000 0.0000 0.0000 0.1200 1
3.0887 47.5000 -0.5173 0.0000 0.0000 0.0000 0.1200 1
3.1154 47.5017 -0.3376 0.0000 0.0000 0.0000 0.1200 1
3.1375 47.4990 -0.1591 0.0000 0.0000 0.0000 0.1200 1
3.1429 48.0006 0.0338 0.0000 0.0000 0.0000 0.1200 1
3.1367 47.9988 0.2441 0.0000 0.0000 0.0000 0.1200 1
3.1181 47.9996 0.4407 0.0000 0.0000 0.0000 0.1200 1
3.0828 47.9993 0.6462 0.0000 0.0000 0.0000 0.1200 1
3.0367 47.9977 0.8291 0.0000 0.0000 0.0000 0.1200 1
2.9766 48.0019 1.0322 0.0000 0.0000 0.0000 0.1200 1
2.9154 48.0006 1.1865 0.0000 0.0000 0.0000 0.1200 1
2.8359 47.9997 1.3805 0.0000 0.0000 0.0000 0.1200 1
2.7451 48.0000 1.5348 0.0000 0.0000 0.0000 0.1200 1
2.6296 47.9978 1.7226 0.0000 0.0000 0.0000 0.1200 1
2.5298 48.0004 1.8636 0.0000 0.0000 0.0000 0.1200 1
2.4020 48.0027 2.0238 0.0000 0.0000 0.0000 0.1200 1
2.2685 47.9998 2.1580 0.0000 0.0000 0.0000 0.1200 1
2.1189 48.0015 2.3055 0.0000 0.0000 0.0000 0.1200 1
1.9645 48.0012 2.4265 0.0000 0.0000 0.0000 0.1200 1
1.8104 47.9990 2.5416 0.0000 0.0000 0.0000 0.1200 1
1.6433 48.0014 2.6431 0.0000 0.0000 0.0000 0.1200 1
1.4789 48.0008 2.7380 0.0000 0.0000 0.0000 0.1200 1
1.3055 48.0008 2.8107 0.0000 0.0000 0.0000 0.1200 1
1.1098 48.0019 2.8851 0.0000 0.0000 0.0000 0.1200 1
0.9247 47.9997 2.9433 0.0000 0.0000 0.0000 0.1200 1
0.7178 47.9993 2.9898 0.0000 0.0000 0.0000 0.1200 1
0.5331 47.9991 3.0226 0.0000 0.0000 0.0000 0.1200 1
0.3424 47.9991 3.0440 0.0000 0.0000 0.0000 0.1200 1
0.1375 47.9990 3.0497 0.0000 0.0000 0.0000 0.1200 1
-0.0651 48.0014 3.0451 0.0000 0.0000 0.0000 0.1200 1
-0.2364 47.9983 3.0228 0.0000 0.0000 0.0000 0.1200 1
-0.4697 48.0000 2.9809 0.0000 0.0000 0.0000 0.1200 1
-0.6544 48.0012 2.9428 0.0000 0.0000 0.0000 0.1200 1
-0.8126 47.9991 2.8936 0.0000 0.0000 0.0000 0.1200 1
-1.0104 48.0000 2.8150 0.0000 0.0000 0.0000 0.1200 1
-1.2034 47.9983 2.7307 0.0000 0.0000 0.0000 0.1200 1
-1.3499 47.9989 2.6499 0.0000 0.0000 0.0000 0.1200 1
-1.5245 47.9992 2.5380 0.0000 0.0000 0.0000 0.1200 1
-1.6760 47.9984 2.4335 0.0000 0.0000 0.0000 0.1200 1
-1.8417 48.0003 2.2975 0.0000 0.0000 0.0000 0.1200 1
-1.9761 47.9996 2.1710 0.0000 0.0000 0.0000 0.1200 1
-2.1065 47.9999 2.0311 0.0000 0.0000 0.0000 0.1200 1
-2.2397 47.9997 1.8727 0.0000 0.0000 0.0000 0.1200 1
-2.3550 47.9994 1.7031 0.0000 0.0000 0.0000 0.1200 1
-2.4655 48.0003 1.5285 0.0000 0.0000 0.0000 0.1200 1
-2.5402 48.0017 1.4021 0.0000 0.0000 0.0000 0.1200 1
-2.6290 47.9991 1.2001 0.0000 0.0000 0.0000 0.1200 1
-2.6892 48.0009 1.0203 0.0000 0.0000 0.0000 0.1200 1
-2.7605 48.0000 0.8079 0.0000 0.0000 0.0000 0.1200 1
-2.8003 47.9984 0.6405 0.0000 0.0000 0.0000 0.1200 1
-2.8286 47.9982 0.4634 0.0000 0.0000 0.0000 0.1200 1
-2.8485 47.9999 0.2411 0.0000 0.0000 0.0000 0.1200 1
-2.8577 48.0001 0.0370 0.0000 0.0000 0.0000 0.1200 1
-2.8492 48.0006 -0.1588 0.0000 0.0000 0.0000 0.1200 1
-2.8310 47.9992 -0.3372 0.0000 0.0000 0.0000 0.1200 1
-2.8033 48.0015 -0.5355 0.0000 0.0000 0.0000 0.1200 1
-2.7576 47.9984 -0.7142 0.0000 0.0000 0.0000 0.1200 1
-2.6977 48.0006 -0.9218 0.0000 0.0000 0.0000 0.1200 1
-2.6274 47.9996 -1.0993 0.0000 0.0000 0.0000 0.1200 1
-2.5549 47.9993 -1.2739 0.0000 0.0000 0.0000 0.1200 1
-2.4553 48.0014 -1.4509 0.0000 0.0000 0.0000 0.1200 1
-2.3405 47.9990 -1.6311 0.0000 0.0000 0.0000 0.1200 1
-2.2471 48.0014 -1.7651 0.0000 0.0000 0.0000 0.1200 1
-2.1156 47.9994 -1.9288 0.0000 0.0000 0.0000 0.1200 1
-1.9763 48.0013 -2.0768 0.0000 0.0000 0.0000 0.1200 1
-1.8267 47.9999 -2.2121 0.0000 0.0000 0.0000 0.1200 1
-1.6836 47.9987 -2.3328 0.0000 0.0000 0.0000 0.1200 1
-1.5179 48.0002 -2.4503 0.0000 0.0000 0.0000 0.1200 1
-1.3365 47.9986 -2.5618 0.0000 0.0000 0.0000 0.1200 1
-1.1739 48.0021 -2.6463 0.0000 0.0000 0.0000 0.1200 1
-1.0041 47.9992 -2.7254 0.0000 0.0000 0.0000 0.1200 1
-0.8069 47.9988 -2.7956 0.0000 0.0000 0.0000 0.1200 1
-0.6298 48.0017 -2.8487 0.0000 0.0000 0.0000 0.1200 1
-0.4543 47.9992 -2.8909 0.0000 0.0000 0.0000 0.1200 1
-0.2565 47.9984 -2.9252 0.0000 0.0000 0.0000 0.1200 1
-0.0653 47.9994 -2.9449 0.0000 0.0000 0.0000 0.1200 1
0.1273 48.0014 -2.9568 0.0000 0.0000 0.0000 0.1200 1
0.3470 47.9999 -2.9479 0.0000 0.0000 0.0000 0.1200 1
0.5401 48.0004 -2.9219 0.0000 0.0000 0.0000 0.1200 1
0.7330 47.9996 -2.8927 0.0000 0.0000 0.0000 0.1200 1
0.9259 48.0008 -2.8502 0.0000 0.0000 0.0000 0.1200 1
1.1042 47.9998 -2.7944 0.0000 0.0000 0.0000 0.1200 1
1.2833 48.0027 -2.7284 0.0000 0.0000 0.0000 0.1200 1
1.4572 48.0013 -2.6488 0.0000 0.0000 0.0000 0.1200 1
1.6207 48.0010 -2.5583 0.0000 0.0000 0.0000 0.1200 1
1.8163 47.9998 -2.4396 0.0000 0.0000 0.0000 0.1200 1
1.9756 47.9999 -2.3327 0.0000 0.0000 0.0000 0.1200 1
2.1168 48.0001 -2.2092 0.0000 0.0000 0.0000 0.1200 1
2.2640 48.0004 -2.0734 0.0000 0.0000 0.0000 0.1200 1
2.3981 47.9991 -1.9286 0.0000 0.0000 0.0000 0.1200 1
2.5125 48.0003 -1.7859 0.0000 0.0000 0.0000 0.1200 1
2.6334 47.9988 -1.6189 0.0000 0.0000 0.0000 0.1200 1
2.7384 48.0009 -1.4605 0.0000 0.0000 0.0000 0.1200 1
2.8300 47.9998 -1.2859 0.0000 0.0000 0.0000 0.1200 1
2.9061 47.9993 -1.1128 0.0000 0.0000 0.0000 0.1200 1
2.9905 48.0001 -0.8960 0.0000 0.0000 0.0000 0.1200 1
3.0357 47.9997 -0.7410 0.0000 0.0000 0.0000 0.1200 1
3.0868 48.0003 -0.5364 0.0000 0.0000 0.0000 0.1200 1
3.1209 48.0000 -0.3101 0.0000 0.0000 0.0000 0.1200 1
3.1348 47.9999 -0.1687 0.0000 0.0000 0.0000 0.1200 1
3.1411 48.5005 0.0591 0.0000 0.0000 0.0000 0.1200 1
3.1315 48.5006 0.2376 0.0000 0.0000 0.0000 0.1200 1
3.1213 48.5001 0.4229 0.0000 0.0000 0.0000 0.1200 1
3.0865 48.4996 0.6265 0.0000 0.0000 0.0000 0.1200 1
3.0413 48.4990 0.8164 0.0000 0.0000 0.0000 0.1200 1
2.9886 48.4977 1.0075 0.0000 0.0000 0.0000 0.1200 1
2.9104 48.4974 1.1964 0.0000 0.0000 0.0000 0.1200 1
2.8238 48.4992 1.3999 0.0000 0.0000 0.0000 0.1200 1
2.7494 48.5013 1.5374 0.0000 0.0000 0.0000 0.1200 1
2.6386 48.4986 1.7153 0.0000 0.0000 0.0000 0.1200 1
2.5209 48.4994 1.8766 0.0000 0.0000 0.0000 0.1200 1
2.3985 48.5001 2.0237 0.0000 0.0000 0.0000 0.1200 1
2.2670 48.5000 2.1626 0.0000 0.0000 0.0000 0.1200 1
2.1271 48.4987 2.2942 0.0000 0.0000 0.0000 0.1200 1
1.9727 48.4996 2.4297 0.0000 0.0000 0.0000 0.1200 1
1.7931 48.5000 2.5528 0.0000 0.0000 0.0000 0.1200 1
1.6459 48.4986 2.6439 0.0000 0.0000 0.0000 0.1200 1
1.4799 48.4998 2.7306 0.0000 0.0000 0.0000 0.1200 1
1.3154 48.5008 2.8075 0.0000 0.0000 0.0000 0.1200 1
1.1121 48.4994 2.8857 0.0000 0.0000 0.0000 0.1200 1
0.9152 48.5001 2.9472 0.0000 0.0000 0.0000 0.1200 1
0.7234 48.4987 2.9896 0.0000 0.0000 0.0000 0.1200 1
0.5290 48.5004 3.0226 0.0000 0.0000 0.0000 0.1200 1
0.3382 48.4999 3.0418 0.0000 0.0000 0.0000 0.1200 1
0.1456 48.4995 3.0445 0.0000 0.0000 0.0000 0.1200 1
-0.0618 48.4989 3.0385 0.0000 0.0000 0.0000 0.1200 1
-0.2557 48.4988 3.0217 0.0000 0.0000 0.0000 0.1200 1
-0.4502 48.5015 2.9864 0.0000 0.0000 0.0000 0.1200 1
-0.6263 48.5001 2.9496 0.0000 0.0000 0.0000 0.1200 1
-0.8237 48.5000 2.8887 0.0000 0.0000 0.0000 0.1200 1
-1.0031 48.4989 2.8198 0.0000 0.0000 0.0000 0.1200 1
-1.1844 48.5021 2.7386 0.0000 0.0000 0.0000 0.1200 1
-1.3536 48.5003 2.6460 0.0000 0.0000 0.0000 0.1200 1
-1.5246 48.5019 2.5455 0.0000 0.0000 0.0000 0.1200 1
-1.6848 48.4978 2.4275 0.0000 0.0000 0.0000 0.1200 1
-1.8492 48.5005 2.2968 0.0000 0.0000 0.0000 0.1200 1
-1.9699 48.5005 2.1800 0.0000 0.0000 0.0000 0.1200 1
-2.1131 48.5008 2.0243 0.0000 0.0000 0.0000 0.1200 1
-2.2466 48.5002 1.8667 0.0000 0.0000 0.0000 0.1200 1
-2.3614 48.4992 1.7027 0.0000 0.0000 0.0000 0.1200 1
-2.4567 48.4986 1.5477 0.0000 0.0000 0.0000 0.1200 1
-2.5366 48.5006 1.3944 0.0000 0.0000 0.0000 0.1200 1
-2.6285 48.4999 1.2021 0.0000 0.0000 0.0000 0.1200 1
-2.6919 48.4993 1.0217 0.0000 0.0000 0.0000 0.1200 1
-2.7485 48.4991 0.8448 0.0000 0.0000 0.0000 0.1200 1
-2.7992 48.5004 0.6250 0.0000 0.0000 0.0000 0.1200 1
-2.8315 48.4993 0.4303 0.0000 0.0000 0.0000 0.1200 1
-2.8513 48.4990 0.2308 0.0000 0.0000 0.0000 0.1200 1
-2.8574 48.5012 0.0608 0.0000 0.0000 0.0000 0.1200 1
-2.8516 48.5013 -0.1354 0.0000 0.0000 0.0000 0.1200 1
-2.8325 48.4988 -0.3331 0.0000 0.0000 0.0000 0.1200 1
-2.7988 48.4995 -0.5334 0.0000 0.0000 0.0000 0.1200 1
-2.7575 48.5009 -0.7191 0.0000 0.0000 0.0000 0.1200 1
-2.7072 48.5011 -0.8957 0.0000 0.0000 0.0000 0.1200 1
-2.6317 48.4993 -1.0971 0.0000 0.0000 0.0000 0.1200 1
-2.5509 48.5004 -1.2766 0.0000 0.0000 0.0000 0.1200 1
-2.4551 48.5003 -1.4484 0.0000 0.0000 0.0000 0.1200 1
-2.3496 48.4993 -1.6238 0.0000 0.0000 0.0000 0.1200 1
-2.2454 48.4989 -1.7704 0.0000 0.0000 0.0000 0.1200 1
-2.1064 48.4987 -1.9383 0.0000 0.0000 0.0000 0.1200 1
-1.9768 48.5004 -2.0768 0.0000 0.0000 0.0000 0.1200 1
-1.8292 48.5007 -2.2112 0.0000 0.0000 0.0000 0.1200 1
-1.6831 48.5006 -2.3314 0.0000 0.0000 0.0000 0.1200 1
-1.5117 48.4996 -2.4535 0.0000 0.0000 0.0000 0.1200 1
-1.3827 48.5002 -2.5364 0.0000 0.0000 0.0000 0.1200 1
-1.1869 48.4988 -2.6399 0.0000 0.0000 0.0000 0.1200 1
-1.0175 48.5005 -2.7182 0.0000 0.0000 0.0000 0.1200 1
-0.8103 48.5001 -2.7982 0.0000 0.0000 0.0000 0.1200 1
-0.6352 48.4997 -2.8494 0.0000 0.0000 0.0000 0.1200 1
-0.4331 48.5008 -2.8970 0.0000 0.0000 0.0000 0.1200 1
-0.2605 48.5009 -2.9208 0.0000 0.0000 0.0000 0.1200 1
-0.0493 48.4995 -2.9445 0.0000 0.0000 0.0000 0.1200 1
0.1415 48.5005 -2.9510 0.0000 0.0000 0.0000 0.1200 1
0.3343 48.4998 -2.9454 0.0000 0.0000 0.0000 0.1200 1
0.5406 48.4995 -2.9254 0.0000 0.0000 0.0000 0.1200 1
0.7295 48.4980 -2.8945 0.0000 0.0000 0.0000 0.1200 1
0.9071 48.5008 -2.8493 0.0000 0.0000 0.0000 0.1200 1
1.1113 48.4987 -2.7904 0.0000 0.0000 0.0000 0.1200 1
1.2812 48.4991 -2.7327 0.0000 0.0000 0.0000 0.1200 1
1.4555 48.5008 -2.6471 0.0000 0.0000 0.0000 0.1200 1
1.6447 48.4999 -2.5475 0.0000 0.0000 0.0000 0.1200 1
1.8103 48.4988 -2.4467 0.0000 0.0000 0.0000 0.1200 1
1.9739 48.5006 -2.3229 0.0000 0.0000 0.0000 0.1200 1
2.1083 48.4995 -2.2141 0.0000 0.0000 0.0000 0.1200 1
2.2614 48.5007 -2.0718 0.0000 0.0000 0.0000 0.1200 1
2.4044 48.5013 -1.9219 0.0000 0.0000 0.0000 0.1200 1
2.5081 48.5009 -1.7932 0.0000 0.0000 0.0000 0.1200 1
2.6288 48.5006 -1.6301 0.0000 0.0000 0.0000 0.1200 1
2.7339 48.5012 -1.4589 0.0000 0.0000 0.0000 0.1200 1
2.8298 48.5008 -1.2841 0.0000 0.0000 0.0000 0.1200 1
2.9033 48.4997 -1.1264 0.0000 0.0000 0.0000 0.1200 1
2.9758 48.4984 -0.9253 0.0000 0.0000 0.0000 0.1200 1
3.0388 48.4998 -0.7305 0.0000 0.0000 0.0000 0.1200 1
3.0795 48.5001 -0.5462 0.0000 0.0000 0.0000 0.1200 1
3.1135 48.4994 -0.3440 0.0000 0.0000 0.0000 0.1200 1
3.1377 48.5008 -0.1283 0.0000 0.0000 0.0000 0.1200 1
3.1392 49.0003 0.0401 0.0000 0.0000 0.0000 0.1200 1
3.1374 48.9997 0.2215 0.0000 0.0000 0.0000 0.1200 1
3.1135 48.9992 0.4416 0.0000 0.0000 0.0000 0.1200 1
3.0828 48.9984 0.6442 0.0000 0.0000 0.0000 0.1200 1
3.0376 48.9999 0.8301 0.0000 0.0000 0.0000 0.1200 1
2.9868 48.9997 1.0076 0.0000 0.0000 0.0000 0.1200 1
2.9151 49.0004 1.1899 0.0000 0.0000 0.0000 0.1200 1
2.8351 48.9994 1.3765 0.0000 0.0000 0.0000 0.1200 1
2.7383 48.9992 1.5527 0.0000 0.0000 0.0000 0.1200 1
2.6373 48.9999 1.7167 0.0000 0.0000 0.0000 0.1200 1
2.5170 49.0006 1.8815 0.0000 0.0000 0.0000 0.1200 1
2.3954 49.0003 2.0269 0.0000 0.0000 0.0000 0.1200 1
2.2653 48.9995 2.1729 0.0000 0.0000 0.0000 0.1200 1
2.1048 49.0000 2.3184 0.0000 0.0000 0.0000 0.1200 1
1.9464 49.0019 2.4456 0.0000 0.0000 0.0000 0.1200 1
1.7962 48.9991 2.5474 0.0000 0.0000 0.0000 0.1200 1
1.6379 48.9995 2.6503 0.0000 0.0000 0.0000 0.1200 1
1.4682 48.9991 2.7383 0.0000 0.0000 0.0000 0.1200 1
1.2980 48.9994 2.8168 0.0000 0.0000 0.0000 0.1200 1
1.0913 49.0010 2.8921 0.0000 0.0000 0.0000 0.1200 1
0.9249 48.9990 2.9449 0.0000 0.0000 0.0000 0.1200 1
0.7445 48.9990 2.9881 0.0000 0.0000 0.0000 0.1200 1
0.5070 49.0008 3.0259 0.0000 0.0000 0.0000 0.1200 1
0.3315 49.0012 3.0444 0.0000 0.0000 0.0000 0.1200 1
0.1347 49.0009 3.0483 0.0000 0.0000 0.0000 0.1200 1
-0.0613 49.0001 3.0414 0.0000 0.0000 0.0000 0.1200 1
-0.2342 49.0017 3.0272 0.0000 0.0000 0.0000 0.1200 1
-0.4491 49.0003 2.9914 0.0000 0.0000 0.0000 0.1200 1
-0.6184 49.0002 2.9525 0.0000 0.0000 0.0000 0.1200 1
-0.8215 48.9997 2.8911 0.0000 0.0000 0.0000 0.1200 1
-1.0111 48.9999 2.8181 0.0000 0.0000 0.0000 0.1200 1
-1.1878 49.0005 2.7391 0.0000 0.0000 0.0000 0.1200 1
-1.3666 48.9993 2.6441 0.0000 0.0000 0.0000 0.1200 1
-1.5241 48.9996 2.5442 0.0000 0.0000 0.0000 0.1200 1
-1.6890 48.9994 2.4260 0.0000 0.0000 0.0000 0.1200 1
-1.8491 48.9998 2.2942 0.0000 0.0000 0.0000 0.1200 1
-1.9800 48.9981 2.1693 0.0000 0.0000 0.0000 0.1200 1
-2.1017 48.9994 2.0425 0.0000 0.0000 0.0000 0.1200 1
-2.2387 48.9996 1.8761 0.0000 0.0000 0.0000 0.1200 1
-2.3493 48.9974 1.7224 0.0000 0.0000 0.0000 0.1200 1
-2.4670 49.0000 1.5313 0.0000 0.0000 0.0000 0.1200 1
-2.5469 48.9986 1.3749 0.0000 0.0000 0.0000 0.1200 1
-2.6265 49.0006 1.2031 0.0000 0.0000 0.0000 0.1200 1
-2.6975 48.9989 1.0101 0.0000 0.0000 0.0000 0.1200 1
-2.7515 49.0000 0.8375 0.0000 0.0000 0.0000 0.1200 1
-2.8042 48.9999 0.6347 0.0000 0.0000 0.0000 0.1200 1
-2.8326 49.0013 0.4530 0.0000 0.0000 0.0000 0.1200 1
-2.8506 49.0014 0.2451 0.0000 0.0000 0.0000 0.1200 1
-2.8582 49.0019 0.0403 0.0000 0.0000 0.0000 0.1200 1
-2.8537 49.0002 -0.1421 0.0000 0.0000 0.0000 0.1200 1
-2.8323 48.9997 -0.3347 0.0000 0.0000 0.0000 0.1200 1
-2.8006 48.9993 -0.5445 0.0000 0.0000 0.0000 0.1200 1
-2.7562 48.9995 -0.7404 0.0000 0.0000 0.0000 0.1200 1
-2.6954 49.0015 -0.9287 0.0000 0.0000 0.0000 0.1200 1
-2.6289 48.9998 -1.0959 0.0000 0.0000 0.0000 0.1200 1
-2.5490 48.9989 -1.2801 0.0000 0.0000 0.0000 0.1200 1
-2.4558 49.0027 -1.4556 0.0000 0.0000 0.0000 0.1200 1
-2.3506 49.0002 -1.6223 0.0000 0.0000 0.0000 0.1200 1
-2.2378 49.0014 -1.7760 0.0000 0.0000 0.0000 0.1200 1
-2.1219 48.9998 -1.9213 0.0000 0.0000 0.0000 0.1200 1
-1.9785 48.9997 -2.0727 0.0000 0.0000 0.0000 0.1200 1
-1.8324 49.0011 -2.2129 0.0000 0.0000 0.0000 0.1200 1
-1.6831 49.0001 -2.3324 0.0000 0.0000 0.0000 0.1200 1
-1.5335 49.0008 -2.4438 0.0000 0.0000 0.0000 0.1200 1
-1.3400 48.9990 -2.5602 0.0000 0.0000 0.0000 0.1200 1
-1.1974 49.0004 -2.6389 0.0000 0.0000 0.0000 0.1200 1
-1.0206 49.0010 -2.7217 0.0000 0.0000 0.0000 0.1200 1
-0.8265 49.0020 -2.7917 0.0000 0.0000 0.0000 0.1200 1
-0.6157 48.9998 -2.8534 0.0000 0.0000 0.0000 0.1200 1
-0.4318 49.0010 -2.8967 0.0000 0.0000 0.0000 0.1200 1
-0.2446 48.9987 -2.9222 0.0000 0.0000 0.0000 0.1200 1
-0.0553 48.9995 -2.9489 0.0000 0.0000 0.0000 0.1200 1
0.1227 48.9996 -2.9546 0.0000 0.0000 0.0000 0.1200 1
0.3310 48.9991 -2.9440 0.0000 0.0000 0.0000 0.1200 1
0.5238 48.9991 -2.9253 0.0000 0.0000 0.0000 0.1200 1
0.7229 49.0015 -2.8962 0.0000 0.0000 0.0000 0.1200 1
0.9110 49.0018 -2.8529 0.0000 0.0000 0.0000 0.1200 1
1.1121 49.0007 -2.7944 0.0000 0.0000 0.0000 0.1200 1
1.2916 49.0006 -2.7207 0.0000 0.0000 0.0000 0.1200 1
1.4755 48.9993 -2.6397 0.0000 0.0000 0.0000 0.1200 1
1.6549 49.0006 -2.5409 0.0000 0.0000 0.0000 0.1200 1
1.8059 48.9998 -2.4439 0.0000 0.0000 0.0000 0.1200 1
1.9892 48.9994 -2.3187 0.0000 0.0000 0.0000 0.1200 1
2.1076 48.9980 -2.2070 0.0000 0.0000 0.0000 0.1200 1
2.2473 48.9987 -2.0871 0.0000 0.0000 0.0000 0.1200 1
2.4028 48.9974 -1.9249 0.0000 0.0000 0.0000 0.1200 1
2.5207 48.9998 -1.7727 0.0000 0.0000 0.0000 0.1200 1
2.6455 49.0016 -1.6048 0.0000 0.0000 0.0000 0.1200 1
2.7382 48.9968 -1.4519 0.0000 0.0000 0.0000 0.1200 1
2.8362 48.9990 -1.2708 0.0000 0.0000 0.0000 0.1200 1
2.9159 48.9996 -1.0941 0.0000 0.0000 0.0000 0.1200 1
2.9857 49.0008 -0.9012 0.0000 0.0000 0.0000 0.1200 1
3.0450 49.0005 -0.7155 0.0000 0.0000 0.0000 0.1200 1
3.0846 49.0003 -0.5322 0.0000 0.0000 0.0000 0.1200 1
3.1146 49.0013 -0.3514 0.0000 0.0000 0.0000 0.1200 1
3.1369 48.9997 -0.1295 0.0000 0.0000 0.0000 0.1200 1
3.1416 49.4993 0.0414 0.0000 0.0000 0.0000 0.1200 1
3.1341 49.5007 0.2370 0.0000 0.0000 0.0000 0.1200 1
3.1114 49.5003 0.4521 0.0000 0.0000 0.0000 0.1200 1
3.0792 49.4998 0.6328 0.0000 0.0000 0.0000 0.1200 1
3.0330 49.4995 0.8364 0.0000 0.0000 0.0000 0.1200 1
2.9824 49.5000 1.0206 0.0000 0.0000 0.0000 0.1200 1
2.9070 49.4989 1.2138 0.0000 0.0000 0.0000 0.1200 1
2.8304 49.5007 1.3719 0.0000 0.0000 0.0000 0.1200 1
2.7363 49.4984 1.5532 0.0000 0.0000 0.0000 0.1200 1
2.6312 49.5007 1.7157 0.0000 0.0000 0.0000 0.1200 1
2.5212 49.4983 1.8749 0.0000 0.0000 0.0000 0.1200 1
2.3921 49.4994 2.0329 0.0000 0.0000 0.0000 0.1200 1
2.2567 49.4997 2.1743 0.0000 0.0000 0.0000 0.1200 1
2.1183 49.5014 2.3098 0.0000 0.0000 0.0000 0.1200 1
1.9786 49.5008 2.4176 0.0000 0.0000 0.0000 0.1200 1
1.8115 49.5002 2.5368 0.0000 0.0000 0.0000 0.1200 1
1.6409 49.5007 2.6442 0.0000 0.0000 0.0000 0.1200 1
1.4791 49.5002 2.7320 0.0000 0.0000 0.0000 0.1200 1
1.2889 49.5010 2.8232 0.0000 0.0000 0.0000 0.1200 1
1.0927 49.5006 2.8924 0.0000 0.0000 0.0000 0.1200 1
0.9170 49.5001 2.9493 0.0000 0.0000 0.0000 0.1200 1
0.7129 49.5012 2.9923 0.0000 0.0000 0.0000 0.1200 1
0.5305 49.5015 3.0233 0.0000 0.0000 0.0000 0.1200 1
0.3316 49.5009 3.0419 0.0000 0.0000 0.0000 0.1200 1
0.1432 49.4985 3.0535 0.0000 0.0000 0.0000 0.1200 1
-0.0590 49.5003 3.0430 0.0000 0.0000 0.0000 0.1200 1
-0.2499 49.5003 3.0231 0.0000 0.0000 0.0000 0.1200 1
-0.4438 49.4991 2.9953 0.0000 0.0000 0.0000 0.1200 1
-0.6376 49.4999 2.9457 0.0000 0.0000 0.0000 0.1200 1
-0.8262 49.4998 2.8945 0.0000 0.0000 0.0000 0.1200 1
-1.0173 49.4999 2.8152 0.0000 0.0000 0.0000 0.1200 1
-1.1934 49.4995 2.7384 0.0000 0.0000 0.0000 0.1200 1
-1.3533 49.5008 2.6481 0.0000 0.0000 0.0000 0.1200 1
-1.5395 49.5001 2.5338 0.0000 0.0000 0.0000 0.1200 1
-1.6717 49.4994 2.4389 0.0000 0.0000 0.0000 0.1200 1
-1.8429 49.4999 2.2997 0.0000 0.0000 0.0000 0.1200 1
-1.9845 49.5010 2.1667 0.0000 0.0000 0.0000 0.1200 1
-2.1160 49.5001 2.0269 0.0000 0.0000 0.0000 0.1200 1
-2.2427 49.5003 1.8733 0.0000 0.0000 0.0000 0.1200 1
-2.3538 49.5007 1.7187 0.0000 0.0000 0.0000 0.1200 1
-2.4598 49.4990 1.5416 0.0000 0.0000 0.0000 0.1200 1
-2.5569 49.4999 1.3576 0.0000 0.0000 0.0000 0.1200 1
-2.6343 49.4993 1.1870 0.0000 0.0000 0.0000 0.1200 1
-2.7011 49.4998 1.0096 0.0000 0.0000 0.0000 0.1200 1
-2.7565 49.4998 0.8294 0.0000 0.0000 0.0000 0.1200 1
-2.7999 49.4995 0.6446 0.0000 0.0000 0.0000 0.1200 1
-2.8371 49.5001 0.4292 0.0000 0.0000 0.0000 0.1200 1
-2.8526 49.4992 0.2583 0.0000 0.0000 0.0000 0.1200 1
-2.8581 49.5005 0.0364 0.0000 0.0000 0.0000 0.1200 1
-2.8561 49.4993 -0.1267 0.0000 0.0000 0.0000 0.1200 1
-2.8407 49.4992 -0.3493 0.0000 0.0000 0.0000 0.1200 1
-2.8028 49.5015 -0.5421 0.0000 0.0000 0.0000 0.1200 1
-2.7561 49.4996 -0.7282 0.0000 0.0000 0.0000 0.1200 1
-2.7004 49.4996 -0.9047 0.0000 0.0000 0.0000 0.1200 1
-2.6239 49.5016 -1.1082 0.0000 0.0000 0.0000 0.1200 1
-2.5466 49.5016 -1.2941 0.0000 0.0000 0.0000 0.1200 1
-2.4538 49.5006 -1.4643 0.0000 0.0000 0.0000 0.1200 1
-2.3550 49.4993 -1.6182 0.0000 0.0000 0.0000 0.1200 1
-2.2446 49.4997 -1.7681 0.0000 0.0000 0.0000 0.1200 1
-2.1109 49.5000 -1.9284 0.0000 0.0000 0.0000 0.1200 1
-1.9821 49.4993 -2.0707 0.0000 0.0000 0.0000 0.1200 1
-1.8394 49.4991 -2.2065 0.0000 0.0000 0.0000 0.1200 1
-1.6757 49.5016 -2.3369 0.0000 0.0000 0.0000 0.1200 1
-1.5254 49.4990 -2.4383 0.0000 0.0000 0.0000 0.1200 1
-1.3707 49.5003 -2.5399 0.0000 0.0000 0.0000 0.1200 1
-1.1924 49.5005 -2.6374 0.0000 0.0000 0.0000 0.1200 1
-1.0089 49.5024 -2.7227 0.0000 0.0000 0.0000 0.1200 1
-0.8273 49.5005 -2.7893 0.0000 0.0000 0.0000 0.1200 1
-0.6233 49.5005 -2.8537 0.0000 0.0000 0.0000 0.1200 1
-0.4387 49.5012 -2.8917 0.0000 0.0000 0.0000 0.1200 1
-0.2578 49.4999 -2.9247 0.0000 0.0000 0.0000 0.1200 1
-0.0550 49.4983 -2.9412 0.0000 0.0000 0.0000 0.1200 1
0.1129 49.5009 -2.9508 0.0000 0.0000 0.0000 0.1200 1
0.3450 49.5004 -2.9429 0.0000 0.0000 0.0000 0.1200 1
0.5357 49.4999 -2.9219 0.0000 0.0000 0.0000 0.1200 1
0.7218 49.4991 -2.8948 0.0000 0.0000 0.0000 0.1200 1
0.9064 49.4999 -2.8497 0.0000 0.0000 0.0000 0.1200 1
1.1098 49.4991 -2.7922 0.0000 0.0000 0.0000 0.1200 1
1.2926 49.5013 -2.7211 0.0000 0.0000 0.0000 0.1200 1
1.4810 49.5001 -2.6368 0.0000 0.0000 0.0000 0.1200 1
1.6369 49.5006 -2.5476 0.0000 0.0000 0.0000 0.1200 1
1.7988 49.4998 -2.4507 0.0000 0.0000 0.0000 0.1200 1
1.9802 49.5004 -2.3221 0.0000 0.0000 0.0000 0.1200 1
2.1125 49.5025 -2.2090 0.0000 0.0000 0.0000 0.1200 1
2.2581 49.4985 -2.0727 0.0000 0.0000 0.0000 0.1200 1
2.4041 49.5000 -1.9212 0.0000 0.0000 0.0000 0.1200 1
2.5262 49.5013 -1.7700 0.0000 0.0000 0.0000 0.1200 1
2.6371 49.5008 -1.6146 0.0000 0.0000 0.0000 0.1200 1
2.7372 49.4988 -1.4524 0.0000 0.0000 0.0000 0.1200 1
2.8282 49.5016 -1.2818 0.0000 0.0000 0.0000 0.1200 1
2.9215 49.4994 -1.0828 0.0000 0.0000 0.0000 0.1200 1
2.9800 49.4986 -0.9260 0.0000 0.0000 0.0000 0.1200 1
3.0329 49.5011 -0.7361 0.0000 0.0000 0.0000 0.1200 1
3.0836 49.4994 -0.5361 0.0000 0.0000 0.0000 0.1200 1
3.1116 49.4981 -0.3523 0.0000 0.0000 0.0000 0.1200 1
3.1337 49.4999 -0.1580 0.0000 0.0000 0.0000 0.1200 1
3.1368 49.9986 0.0441 0.0000 0.0000 0.0000 0.1200 1
3.1336 50.0012 0.2320 0.0000 0.0000 0.0000 0.1200 1
3.1116 49.9987 0.4596 0.0000 0.0000 0.0000 0.1200 1
3.0748 49.9979 0.6610 0.0000 0.0000 0.0000 0.1200 1
3.0357 49.9997 0.8273 0.0000 0.0000 0.0000 0.1200 1
2.9846 49.9996 0.9966 0.0000 0.0000 0.0000 0.1200 1
2.9115 50.0013 1.1902 0.0000 0.0000 0.0000 0.1200 1
2.8306 49.9993 1.3714 0.0000 0.0000 0.0000 0.1200 1
2.7344 49.9989 1.5571 0.0000 0.0000 0.0000 0.1200 1
2.6316 50.0016 1.7225 0.0000 0.0000 0.0000 0.1200 1
2.5227 50.0005 1.8697 0.0000 0.0000 0.0000 0.1200 1
2.4067 49.9986 2.0107 0.0000 0.0000 0.0000 0.1200 1
2.2630 50.0007 2.1654 0.0000 0.0000 0.0000 0.1200 1
2.1293 50.0008 2.2940 0.0000 0.0000 0.0000 0.1200 1
1.9728 49.9996 2.4244 0.0000 0.0000 0.0000 0.1200 1
1.8026 50.0022 2.5437 0.0000 0.0000 0.0000 0.1200 1
1.6235 50.0007 2.6557 0.0000 0.0000 0.0000 0.1200 1
1.4634 50.0010 2.7398 0.0000 0.0000 0.0000 0.1200 1
1.3028 50.0009 2.8127 0.0000 0.0000 0.0000 0.1200 1
1.0822 49.9993 2.8984 0.0000 0.0000 0.0000 0.1200 1
0.9158 49.9977 2.9463 0.0000 0.0000 0.0000 0.1200 1
0.7299 50.0018 2.9904 0.0000 0.0000 0.0000 0.1200 1
0.5317 49.9997 3.0231 0.0000 0.0000 0.0000 0.1200 1
0.3390 49.9993 3.0421 0.0000 0.0000 0.0000 0.1200 1
0.1387 50.0009 3.0467 0.0000 0.0000 0.0000 0.1200 1
-0.0544 49.9999 3.0437 0.0000 0.0000 0.0000 0.1200 1
-0.2440 49.9988 3.0269 0.0000 0.0000 0.0000 0.1200 1
-0.4608 50.0002 2.9878 0.0000 0.0000 0.0000 0.1200 1
-0.6345 49.9999 2.9472 0.0000 0.0000 0.0000 0.1200 1
-0.8413 50.0021 2.8881 0.0000 0.0000 0.0000 0.1200 1
-1.0017 50.0020 2.8261 0.0000 0.0000 0.0000 0.1200 1
-1.1617 49.9997 2.7546 0.0000 0.0000 0.0000 0.1200 1
-1.3622 50.0007 2.6480 0.0000 0.0000 0.0000 0.1200 1
-1.5138 50.0013 2.5523 0.0000 0.0000 0.0000 0.1200 1
-1.6926 50.0009 2.4307 0.0000 0.0000 0.0000 0.1200 1
-1.8361 50.0000 2.3065 0.0000 0.0000 0.0000 0.1200 1
-1.9742 50.0006 2.1736 0.0000 0.0000 0.0000 0.1200 1
-2.1049 49.9986 2.0396 0.0000 0.0000 0.0000 0.1200 1
-2.2394 49.9988 1.8799 0.0000 0.0000 0.0000 0.1200 1
-2.3554 49.9990 1.7133 0.0000 0.0000 0.0000 0.1200 1
-2.4570 49.9995 1.5569 0.0000 0.0000 0.0000 0.1200 1
-2.5539 50.0004 1.3819 0.0000 0.0000 0.0000 0.1200 1
-2.6308 50.0001 1.1961 0.0000 0.0000 0.0000 0.1200 1
-2.6968 50.0010 1.0222 0.0000 0.0000 0.0000 0.1200 1
-2.7566 49.9993 0.8344 0.0000 0.0000 0.0000 0.1200 1
-2.8093 49.9999 0.6241 0.0000 0.0000 0.0000 0.1200 1
-2.8328 50.0002 0.4540 0.0000 0.0000 0.0000 0.1200 1
-2.8542 50.0011 0.2620 0.0000 0.0000 0.0000 0.1200 1
-2.8611 50.0002 0.0382 0.0000 0.0000 0.0000 0.1200 1
-2.8565 50.0002 -0.1434 0.0000 0.0000 0.0000 0.1200 1
-2.8377 49.9993 -0.3291 0.0000 0.0000 0.0000 0.1200 1
-2.8040 50.0016 -0.5358 0.0000 0.0000 0.0000 0.1200 1
-2.7593 50.0004 -0.7187 0.0000 0.0000 0.0000 0.1200 1
-2.7083 50.0007 -0.9023 0.0000 0.0000 0.0000 0.1200 1
-2.6270 49.9989 -1.1030 0.0000 0.0000 0.0000 0.1200 1
-2.5487 50.0012 -1.2873 0.0000 0.0000 0.0000 0.1200 1
-2.4601 49.9993 -1.4541 0.0000 0.0000 0.0000 0.1200 1
-2.3436 50.0005 -1.6350 0.0000 0.0000 0.0000 0.1200 1
-2.2446 49.9990 -1.7717 0.0000 0.0000 0.0000 0.1200 1
-2.1073 49.9995 -1.9367 0.0000 0.0000 0.0000 0.1200 1
-1.9847 49.9985 -2.0688 0.0000 0.0000 0.0000 0.1200 1
-1.8469 49.9987 -2.2034 0.0000 0.0000 0.0000 0.1200 1
-1.6960 49.9975 -2.3255 0.0000 0.0000 0.0000 0.1200 1
-1.5404 50.0002 -2.4350 0.0000 0.0000 0.0000 0.1200 1
-1.3535 50.0008 -2.5527 0.0000 0.0000 0.0000 0.1200 1
-1.1865 49.9977 -2.6471 0.0000 0.0000 0.0000 0.1200 1
-1.0112 50.0012 -2.7204 0.0000 0.0000 0.0000 0.1200 1
-0.8404 50.0012 -2.7843 0.0000 0.0000 0.0000 0.1200 1
-0.6367 49.9999 -2.8479 0.0000 0.0000 0.0000 0.1200 1
-0.4408 49.9994 -2.8916 0.0000 0.0000 0.0000 0.1200 1
-0.2549 49.9983 -2.9216 0.0000 0.0000 0.0000 0.1200 1
-0.0539 50.0015 -2.9452 0.0000 0.0000 0.0000 0.1200 1
0.1286 49.9990 -2.9534 0.0000 0.0000 0.0000 0.1200 1
0.3449 50.0001 -2.9428 0.0000 0.0000 0.0000 0.1200 1
0.5140 50.0012 -2.9245 0.0000 0.0000 0.0000 0.1200 1
0.7350 50.0005 -2.8870 0.0000 0.0000 0.0000 0.1200 1
0.9115 50.0015 -2.8525 0.0000 0.0000 0.0000 0.1200 1
1.0911 50.0002 -2.7956 0.0000 0.0000 0.0000 0.1200 1
1.3036 50.0000 -2.7178 0.0000 0.0000 0.0000 0.1200 1
1.4611 49.9984 -2.6415 0.0000 0.0000 0.0000 0.1200 1
1.6198 49.9990 -2.5579 0.0000 0.0000 0.0000 0.1200 1
1.8038 50.0002 -2.4464 0.0000 0.0000 0.0000 0.1200 1
1.9639 49.9993 -2.3276 0.0000 0.0000 0.0000 0.1200 1
2.1301 50.0004 -2.1886 0.0000 0.0000 0.0000 0.1200 1
2.2528 50.0006 -2.0787 0.0000 0.0000 0.0000 0.1200 1
2.3793 50.0008 -1.9422 0.0000 0.0000 0.0000 0.1200 1
2.5159 49.9991 -1.7814 0.0000 0.0000 0.0000 0.1200 1
2.6332 49.9978 -1.6135 0.0000 0.0000 0.0000 0.1200 1
2.7398 49.9999 -1.4479 0.0000 0.0000 0.0000 0.1200 1
2.8333 50.0001 -1.2703 0.0000 0.0000 0.0000 0.1200 1
2.9051 49.9996 -1.1096 0.0000 0.0000 0.0000 0.1200 1
2.9808 49.9994 -0.9126 0.0000 0.0000 0.0000 0.1200 1
3.0325 49.9985 -0.7389 0.0000 0.0000 0.0000 0.1200 1
3.0833 49.9986 -0.5309 0.0000 0.0000 0.0000 0.1200 1
3.1109 49.9995 -0.3465 0.0000 0.0000 0.0000 0.1200 1
3.1308 50.0006 -0.1448 0.0000 0.0000 0.0000 0.1200 1
3.1340 50.5003 0.0578 0.0000 0.0000 0.0000 0.1200 1
3.1334 50.5000 0.2490 0.0000 0.0000 0.0000 0.1200 1
3.1173 50.5004 0.4451 0.0000 0.0000 0.0000 0.1200 1
3.0802 50.4994 0.6411 0.0000 0.0000 0.0000 0.1200 1
3.0369 50.4987 0.8233 0.0000 0.0000 0.0000 0.1200 1
2.9819 50.4994 1.0066 0.0000 0.0000 0.0000 0.1200 1
2.9081 50.4995 1.2049 0.0000 0.0000 0.0000 0.1200 1
2.8380 50.4988 1.3544 0.0000 0.0000 0.0000 0.1200 1
2.7429 50.5008 1.5355 0.0000 0.0000 0.0000 0.1200 1
2.6399 50.5004 1.7014 0.0000 0.0000 0.0000 0.1200 1
2.5064 50.5006 1.8931 0.0000 0.0000 0.0000 0.1200 1
2.3860 50.5000 2.0369 0.0000 0.0000 0.0000 0.1200 1
2.2636 50.5005 2.1667 0.0000 0.0000 0.0000 0.1200 1
2.1219 50.5017 2.3021 0.0000 0.0000 0.0000 0.1200 1
1.9705 50.5000 2.4231 0.0000 0.0000 0.0000 0.1200 1
1.8025 50.4981 2.5465 0.0000 0.0000 0.0000 0.1200 1
1.6417 50.5003 2.6485 0.0000 0.0000 0.0000 0.1200 1
1.4540 50.4993 2.7479 0.0000 0.0000 0.0000 0.1200 1
1.2909 50.4999 2.8225 0.0000 0.0000 0.0000 0.1200 1
1.0943 50.5007 2.8930 0.0000 0.0000 0.0000 0.1200 1
0.9295 50.5019 2.9418 0.0000 0.0000 0.0000 0.1200 1
0.7253 50.5010 2.9891 0.0000 0.0000 0.0000 0.1200 1
0.5259 50.4994 3.0275 0.0000 0.0000 0.0000 0.1200 1
0.3278 50.5006 3.0475 0.0000 0.0000 0.0000 0.1200 1
0.1142 50.5003 3.0530 0.0000 0.0000 0.0000 0.1200 1
-0.0629 50.4995 3.0458 0.0000 0.0000 0.0000 0.1200 1
-0.2461 50.5004 3.0308 0.0000 0.0000 0.0000 0.1200 1
-0.4669 50.5011 2.9867 0.0000 0.0000 0.0000 0.1200 1
-0.6536 50.5002 2.9430 0.0000 0.0000 0.0000 0.1200 1
-0.8368 50.5009 2.8873 0.0000 0.0000 0.0000 0.1200 1
-1.0213 50.5020 2.8210 0.0000 0.0000 0.0000 0.1200 1
-1.1867 50.5013 2.7428 0.0000 0.0000 0.0000 0.1200 1
-1.3514 50.4997 2.6548 0.0000 0.0000 0.0000 0.1200 1
-1.5303 50.5001 2.5427 0.0000 0.0000 0.0000 0.1200 1
-1.6872 50.5018 2.4310 0.0000 0.0000 0.0000 0.1200 1
-1.8405 50.5005 2.3045 0.0000 0.0000 0.0000 0.1200 1
-1.9909 50.4990 2.1689 0.0000 0.0000 0.0000 0.1200 1
-2.1218 50.5010 2.0244 0.0000 0.0000 0.0000 0.1200 1
-2.2444 50.4977 1.8716 0.0000 0.0000 0.0000 0.1200 1
-2.3598 50.4981 1.7080 0.0000 0.0000 0.0000 0.1200 1
-2.4577 50.4987 1.5530 0.0000 0.0000 0.0000 0.1200 1
-2.5492 50.5004 1.3822 0.0000 0.0000 0.0000 0.1200 1
-2.6309 50.4988 1.2103 0.0000 0.0000 0.0000 0.1200 1
-2.7078 50.4997 1.0071 0.0000 0.0000 0.0000 0.1200 1
-2.7560 50.5000 0.8373 0.0000 0.0000 0.0000 0.1200 1
-2.8068 50.5004 0.6383 0.0000 0.0000 0.0000 0.1200 1
-2.8382 50.5016 0.4358 0.0000 0.0000 0.0000 0.1200 1
-2.8608 50.5003 0.2444 0.0000 0.0000 0.0000 0.1200 1
-2.8619 50.5012 0.0526 0.0000 0.0000 0.0000 0.1200 1
-2.8536 50.4996 -0.1483 0.0000 0.0000 0.0000 0.1200 1
-2.8361 50.4988 -0.3346 0.0000 0.0000 0.0000 0.1200 1
-2.8050 50.5007 -0.5477 0.0000 0.0000 0.0000 0.1200 1
-2.7608 50.4999 -0.7214 0.0000 0.0000 0.0000 0.1200 1
-2.7082 50.4997 -0.8967 0.0000 0.0000 0.0000 0.1200 1
-2.6398 50.5023 -1.0896 0.0000 0.0000 0.0000 0.1200 1
-2.5480 50.4996 -1.2856 0.0000 0.0000 0.0000 0.1200 1
-2.4645 50.5003 -1.4420 0.0000 0.0000 0.0000 0.1200 1
-2.3537 50.4994 -1.6195 0.0000 0.0000 0.0000 0.1200 1
-2.2342 50.5018 -1.7863 0.0000 0.0000 0.0000 0.1200 1
-2.1307 50.4996 -1.9124 0.0000 0.0000 0.0000 0.1200 1
-1.9992 50.4987 -2.0564 0.0000 0.0000 0.0000 0.1200 1
-1.8285 50.5013 -2.2136 0.0000 0.0000 0.0000 0.1200 1
-1.6879 50.4993 -2.3321 0.0000 0.0000 0.0000 0.1200 1
-1.5185 50.5021 -2.4484 0.0000 0.0000 0.0000 0.1200 1
-1.3556 50.4999 -2.5525 0.0000 0.0000 0.0000 0.1200 1
-1.1718 50.5006 -2.6503 0.0000 0.0000 0.0000 0.1200 1
-1.0120 50.5010 -2.7212 0.0000 0.0000 0.0000 0.1200 1
-0.8260 50.5001 -2.7927 0.0000 0.0000 0.0000 0.1200 1
-0.6404 50.5005 -2.8497 0.0000 0.0000 0.0000 0.1200 1
-0.4465 50.5005 -2.8897 0.0000 0.0000 0.0000 0.1200 1
-0.2671 50.4991 -2.9180 0.0000 0.0000 0.0000 0.1200 1
-0.0723 50.5000 -2.9413 0.0000 0.0000 0.0000 0.1200 1
0.1418 50.4987 -2.9535 0.0000 0.0000 0.0000 0.1200 1
0.3293 50.5006 -2.9439 0.0000 0.0000 0.0000 0.1200 1
0.5285 50.4990 -2.9270 0.0000 0.0000 0.0000 0.1200 1
0.7064 50.4987 -2.8957 0.0000 0.0000 0.0000 0.1200 1
0.9119 50.5007 -2.8476 0.0000 0.0000 0.0000 0.1200 1
1.0962 50.4994 -2.7927 0.0000 0.0000 0.0000 0.1200 1
1.2768 50.5000 -2.7247 0.0000 0.0000 0.0000 0.1200 1
1.4427 50.5012 -2.6506 0.0000 0.0000 0.0000 0.1200 1
1.6415 50.5008 -2.5411 0.0000 0.0000 0.0000 0.1200 1
1.8165 50.4998 -2.4349 0.0000 0.0000 0.0000 0.1200 1
1.9446 50.5005 -2.3428 0.0000 0.0000 0.0000 0.1200 1
2.1262 50.4986 -2.1946 0.0000 0.0000 0.0000 0.1200 1
2.2586 50.4987 -2.0726 0.0000 0.0000 0.0000 0.1200 1
2.3925 50.5017 -1.9306 0.0000 0.0000 0.0000 0.1200 1
2.5261 50.4990 -1.7636 0.0000 0.0000 0.0000 0.1200 1
2.6318 50.4989 -1.6213 0.0000 0.0000 0.0000 0.1200 1
2.7378 50.4993 -1.4378 0.0000 0.0000 0.0000 0.1200 1
2.8298 50.4996 -1.2665 0.0000 0.0000 0.0000 0.1200 1
2.9149 50.4997 -1.0821 0.0000 0.0000 0.0000 0.1200 1
2.9721 50.4999 -0.9183 0.0000 0.0000 0.0000 0.1200 1
3.0371 50.4984 -0.7176 0.0000 0.0000 0.0000 0.1200 1
3.0744 50.5000 -0.5519 0.0000 0.0000 0.0000 0.1200 1
3.1137 50.4999 -0.3206 0.0000 0.0000 0.0000 0.1200 1
3.1290 50.5012 -0.1546 0.0000 0.0000 0.0000 0.1200 1
3.1357 51.0004 0.0509 0.0000 0.0000 0.0000 0.1200 1
3.1270 50.9984 0.2500 0.0000 0.0000 0.0000 0.1200 1
3.1130 50.9995 0.4401 0.0000 0.0000 0.0000 0.1200 1
3.0761 50.9985 0.6438 0.0000 0.0000 0.0000 0.1200 1
3.0338 50.9988 0.8184 0.0000 0.0000 0.0000 0.1200 1
2.9754 50.9988 1.0223 0.0000 0.0000 0.0000 0.1200 1
2.8940 51.0002 1.2284 0.0000 0.0000 0.0000 0.1200 1
2.8233 51.0015 1.3848 0.0000 0.0000 0.0000 0.1200 1
2.7264 50.9993 1.5568 0.0000 0.0000 0.0000 0.1200 1
2.6343 51.0004 1.7144 0.0000 0.0000 0.0000 0.1200 1
2.5079 50.9994 1.8867 0.0000 0.0000 0.0000 0.1200 1
2.3991 51.0001 2.0197 0.0000 0.0000 0.0000 0.1200 1
2.2724 51.0002 2.1588 0.0000 0.0000 0.0000 0.1200 1
2.1180 50.9980 2.3052 0.0000 0.0000 0.0000 0.1200 1
1.9556 51.0008 2.4300 0.0000 0.0000 0.0000 0.1200 1
1.8036 50.9999 2.5432 0.0000 0.0000 0.0000 0.1200 1
1.6366 51.0001 2.6476 0.0000 0.0000 0.0000 0.1200 1
1.4533 50.9974 2.7438 0.0000 0.0000 0.0000 0.1200 1
1.2844 51.0003 2.8236 0.0000 0.0000 0.0000 0.1200 1
1.0936 51.0003 2.8926 0.0000 0.0000 0.0000 0.1200 1
0.9035 51.0009 2.9517 0.0000 0.0000 0.0000 0.1200 1
0.7186 51.0005 2.9914 0.0000 0.0000 0.0000 0.1200 1
0.5391 51.0005 3.0260 0.0000 0.0000 0.0000 0.1200 1
0.3266 51.0006 3.0458 0.0000 0.0000 0.0000 0.1200 1
0.1299 50.9995 3.0500 0.0000 0.0000 0.0000 0.1200 1
-0.0749 50.9990 3.0446 0.0000 0.0000 0.0000 0.1200 1
-0.2580 51.0002 3.0244 0.0000 0.0000 0.0000 0.1200 1
-0.4352 50.9989 2.9953 0.0000 0.0000 0.0000 0.1200 1
-0.6451 50.9990 2.9448 0.0000 0.0000 0.0000 0.1200 1
-0.8118 51.0004 2.8954 0.0000 0.0000 0.0000 0.1200 1
-1.0135 51.0009 2.8173 0.0000 0.0000 0.0000 0.1200 1
-1.1918 51.0004 2.7433 0.0000 0.0000 0.0000 0.1200 1
-1.3737 51.0010 2.6401 0.0000 0.0000 0.0000 0.1200 1
-1.5306 50.9990 2.5420 0.0000 0.0000 0.0000 0.1200 1
-1.6939 50.9985 2.4283 0.0000 0.0000 0.0000 0.1200 1
-1.8449 50.9983 2.3051 0.0000 0.0000 0.0000 0.1200 1
-1.9853 51.0003 2.1707 0.0000 0.0000 0.0000 0.1200 1
-2.1328 50.9995 2.0170 0.0000 0.0000 0.0000 0.1200 1
-2.2363 51.0004 1.8893 0.0000 0.0000 0.0000 0.1200 1
-2.3591 51.0005 1.7157 0.0000 0.0000 0.0000 0.1200 1
-2.4706 50.9991 1.5376 0.0000 0.0000 0.0000 0.1200 1
-2.5522 50.9993 1.3793 0.0000 0.0000 0.0000 0.1200 1
-2.6362 50.9990 1.2013 0.0000 0.0000 0.0000 0.1200 1
-2.7016 51.0005 1.0257 0.0000 0.0000 0.0000 0.1200 1
-2.7557 51.0012 0.8435 0.0000 0.0000 0.0000 0.1200 1
-2.8032 50.9999 0.6478 0.0000 0.0000 0.0000 0.1200 1
-2.8442 50.9989 0.4219 0.0000 0.0000 0.0000 0.1200 1
-2.8560 51.0005 0.2384 0.0000 0.0000 0.0000 0.1200 1
-2.8646 50.9994 0.0567 0.0000 0.0000 0.0000 0.1200 1
-2.8615 50.9984 -0.1260 0.0000 0.0000 0.0000 0.1200 1
-2.8405 51.0027 -0.3178 0.0000 0.0000 0.0000 0.1200 1
-2.8108 50.9999 -0.5218 0.0000 0.0000 0.0000 0.1200 1
-2.7655 50.9987 -0.7178 0.0000 0.0000 0.0000 0.1200 1
-2.7027 51.0010 -0.9096 0.0000 0.0000 0.0000 0.1200 1
-2.6339 50.9999 -1.0971 0.0000 0.0000 0.0000 0.1200 1
-2.5550 51.0005 -1.2697 0.0000 0.0000 0.0000 0.1200 1
-2.4557 50.9991 -1.4553 0.0000 0.0000 0.0000 0.1200 1
-2.3640 51.0006 -1.6107 0.0000 0.0000 0.0000 0.1200 1
-2.2498 50.9988 -1.7688 0.0000 0.0000 0.0000 0.1200 1
-2.1082 51.0007 -1.9358 0.0000 0.0000 0.0000 0.1200 1
-1.9787 51.0008 -2.0808 0.0000 0.0000 0.0000 0.1200 1
-1.8411 51.0008 -2.2039 0.0000 0.0000 0.0000 0.1200 1
-1.6925 51.0004 -2.3305 0.0000 0.0000 0.0000 0.1200 1
-1.5164 50.9999 -2.4512 0.0000 0.0000 0.0000 0.1200 1
-1.3582 50.9986 -2.5488 0.0000 0.0000 0.0000 0.1200 1
-1.1873 50.9992 -2.6417 0.0000 0.0000 0.0000 0.1200 1
-1.0274 51.0013 -2.7122 0.0000 0.0000 0.0000 0.1200 1
-0.8225 51.0003 -2.7919 0.0000 0.0000 0.0000 0.1200 1
-0.6408 50.9987 -2.8433 0.0000 0.0000 0.0000 0.1200 1
-0.4579 50.9993 -2.8882 0.0000 0.0000 0.0000 0.1200 1
-0.2475 50.9996 -2.9224 0.0000 0.0000 0.0000 0.1200 1
-0.0561 51.0013 -2.9425 0.0000 0.0000 0.0000 0.1200 1
0.1461 50.9983 -2.9532 0.0000 0.0000 0.0000 0.1200 1
0.3305 50.9994 -2.9423 0.0000 0.0000 0.0000 0.1200 1
0.5486 51.0004 -2.9198 0.0000 0.0000 0.0000 0.1200 1
0.7314 51.0014 -2.8914 0.0000 0.0000 0.0000 0.1200 1
0.8993 51.0011 -2.8481 0.0000 0.0000 0.0000 0.1200 1
1.1015 51.0010 -2.7888 0.0000 0.0000 0.0000 0.1200 1
1.2856 51.0001 -2.7185 0.0000 0.0000 0.0000 0.1200 1
1.4602 50.9978 -2.6400 0.0000 0.0000 0.0000 0.1200 1
1.6357 50.9995 -2.5489 0.0000 0.0000 0.0000 0.1200 1
1.8087 50.9992 -2.4434 0.0000 0.0000 0.0000 0.1200 1
1.9728 51.0005 -2.3244 0.0000 0.0000 0.0000 0.1200 1
2.1113 51.0020 -2.2055 0.0000 0.0000 0.0000 0.1200 1
2.2536 50.9987 -2.0756 0.0000 0.0000 0.0000 0.1200 1
2.3892 50.9997 -1.9293 0.0000 0.0000 0.0000 0.1200 1
2.5052 50.9988 -1.7820 0.0000 0.0000 0.0000 0.1200 1
2.6378 50.9992 -1.6100 0.0000 0.0000 0.0000 0.1200 1
2.7377 51.0011 -1.4493 0.0000 0.0000 0.0000 0.1200 1
2.8156 50.9999 -1.2942 0.0000 0.0000 0.0000 0.1200 1
2.8992 50.9993 -1.1159 0.0000 0.0000 0.0000 0.1200 1
2.9730 51.0007 -0.9171 0.0000 0.0000 0.0000 0.1200 1
3.0386 51.0006 -0.7144 0.0000 0.0000 0.0000 0.1200 1
3.0805 50.9976 -0.5367 0.0000 0.0000 0.0000 0.1200 1
3.1113 51.0004 -0.3365 0.0000 0.0000 0.0000 0.1200 1
3.1323 50.9988 -0.1477 0.0000 0.0000 0.0000 0.1200 1
3.1370 51.5004 0.0536 0.0000 0.0000 0.0000 0.1200 1
3.1306 51.4984 0.2453 0.0000 0.0000 0.0000 0.1200 1
3.1074 51.4999 0.4424 0.0000 0.0000 0.0000 0.1200 1
3.0763 51.5005 0.6401 0.0000 0.0000 0.0000 0.1200 1
3.0357 51.4989 0.8260 0.0000 0.0000 0.0000 0.1200 1
2.9805 51.4995 1.0014 0.0000 0.0000 0.0000 0.1200 1
2.9098 51.5018 1.1868 0.0000 0.0000 0.0000 0.1200 1
2.8246 51.4992 1.3814 0.0000 0.0000 0.0000 0.1200 1
2.7226 51.5002 1.5675 0.0000 0.0000 0.0000 0.1200 1
2.6275 51.4989 1.7232 0.0000 0.0000 0.0000 0.1200 1
2.5241 51.4996 1.8648 0.0000 0.0000 0.0000 0.1200 1
2.3950 51.4994 2.0256 0.0000 0.0000 0.0000 0.1200 1
2.2683 51.4986 2.1602 0.0000 0.0000 0.0000 0.1200 1
2.1120 51.5005 2.3027 0.0000 0.0000 0.0000 0.1200 1
1.9646 51.5019 2.4310 0.0000 0.0000 0.0000 0.1200 1
1.8066 51.5008 2.5448 0.0000 0.0000 0.0000 0.1200 1
1.6486 51.5001 2.6449 0.0000 0.0000 0.0000 0.1200 1
1.4708 51.5011 2.7376 0.0000 0.0000 0.0000 0.1200 1
1.2894 51.4983 2.8180 0.0000 0.0000 0.0000 0.1200 1
1.0958 51.4998 2.8889 0.0000 0.0000 0.0000 0.1200 1
0.8987 51.4977 2.9492 0.0000 0.0000 0.0000 0.1200 1
0.7398 51.4994 2.9900 0.0000 0.0000 0.0000 0.1200 1
0.5104 51.5012 3.0279 0.0000 0.0000 0.0000 0.1200 1
0.3223 51.5010 3.0443 0.0000 0.0000 0.0000 0.1200 1
0.1445 51.4991 3.0514 0.0000 0.0000 0.0000 0.1200 1
-0.0629 51.5013 3.0442 0.0000 0.0000 0.0000 0.1200 1
-0.2514 51.5002 3.0259 0.0000 0.0000 0.0000 0.1200 1
-0.4543 51.4986 2.9881 0.0000 0.0000 0.0000 0.1200 1
-0.6187 51.5005 2.9578 0.0000 0.0000 0.0000 0.1200 1
-0.8313 51.5001 2.8928 0.0000 0.0000 0.0000 0.1200 1
-1.0226 51.4999 2.8160 0.0000 0.0000 0.0000 0.1200 1
-1.2020 51.5006 2.7366 0.0000 0.0000 0.0000 0.1200 1
-1.3746 51.4996 2.6463 0.0000 0.0000 0.0000 0.1200 1
-1.5267 51.5004 2.5522 0.0000 0.0000 0.0000 0.1200 1
-1.6951 51.5007 2.4263 0.0000 0.0000 0.0000 0.1200 1
-1.8413 51.5000 2.3057 0.0000 0.0000 0.0000 0.1200 1
-1.9807 51.4996 2.1763 0.0000 0.0000 0.0000 0.1200 1
-2.1144 51.4996 2.0365 0.0000 0.0000 0.0000 0.1200 1
-2.2494 51.5001 1.8730 0.0000 0.0000 0.0000 0.1200 1
-2.3621 51.4985 1.7150 0.0000 0.0000 0.0000 0.1200 1
-2.4724 51.4989 1.5306 0.0000 0.0000 0.0000 0.1200 1
-2.5556 51.5005 1.3849 0.0000 0.0000 0.0000 0.1200 1
-2.6335 51.4987 1.2062 0.0000 0.0000 0.0000 0.1200 1
-2.7037 51.5005 1.0251 0.0000 0.0000 0.0000 0.1200 1
-2.7571 51.5003 0.8460 0.0000 0.0000 0.0000 0.1200 1
-2.8072 51.5005 0.6478 0.0000 0.0000 0.0000 0.1200 1
-2.8406 51.5007 0.4499 0.0000 0.0000 0.0000 0.1200 1
-2.8507 51.5011 0.2480 0.0000 0.0000 0.0000 0.1200 1
-2.8604 51.5001 0.0594 0.0000 0.0000 0.0000 0.1200 1
-2.8588 51.5013 -0.1568 0.0000 0.0000 0.0000 0.1200 1
-2.8367 51.4995 -0.3411 0.0000 0.0000 0.0000 0.1200 1
-2.8084 51.5003 -0.5282 0.0000 0.0000 0.0000 0.1200 1
-2.7610 51.5008 -0.7159 0.0000 0.0000 0.0000 0.1200 1
-2.7013 51.4975 -0.9216 0.0000 0.0000 0.0000 0.1200 1
-2.6413 51.4982 -1.0937 0.0000 0.0000 0.0000 0.1200 1
-2.5467 51.5011 -1.2948 0.0000 0.0000 0.0000 0.1200 1
-2.4635 51.4979 -1.4474 0.0000 0.0000 0.0000 0.1200 1
-2.3546 51.5009 -1.6328 0.0000 0.0000 0.0000 0.1200 1
-2.2477 51.5000 -1.7708 0.0000 0.0000 0.0000 0.1200 1
-2.1102 51.4998 -1.9365 0.0000 0.0000 0.0000 0.1200 1
-1.9875 51.4987 -2.0707 0.0000 0.0000 0.0000 0.1200 1
-1.8395 51.4996 -2.2074 0.0000 0.0000 0.0000 0.1200 1
-1.6951 51.4980 -2.3282 0.0000 0.0000 0.0000 0.1200 1
-1.5343 51.5008 -2.4358 0.0000 0.0000 0.0000 0.1200 1
-1.3637 51.5002 -2.5499 0.0000 0.0000 0.0000 0.1200 1
-1.1897 51.4990 -2.6423 0.0000 0.0000 0.0000 0.1200 1
-1.0238 51.4995 -2.7165 0.0000 0.0000 0.0000 0.1200 1
-0.8224 51.5006 -2.7922 0.0000 0.0000 0.0000 0.1200 1
-0.6595 51.5012 -2.8460 0.0000 0.0000 0.0000 0.1200 1
-0.4493 51.4993 -2.8922 0.0000 0.0000 0.0000 0.1200 1
-0.2576 51.4989 -2.9252 0.0000 0.0000 0.0000 0.1200 1
-0.0555 51.5016 -2.9412 0.0000 0.0000 0.0000 0.1200 1
0.1292 51.5007 -2.9502 0.0000 0.0000 0.0000 0.1200 1
0.3193 51.5000 -2.9414 0.0000 0.0000 0.0000 0.1200 1
0.5257 51.4983 -2.9241 0.0000 0.0000 0.0000 0.1200 1
0.7312 51.4992 -2.8913 0.0000 0.0000 0.0000 0.1200 1
0.9200 51.5010 -2.8439 0.0000 0.0000 0.0000 0.1200 1
1.1196 51.5007 -2.7864 0.0000 0.0000 0.0000 0.1200 1
1.2824 51.4997 -2.7178 0.0000 0.0000 0.0000 0.1200 1
1.4834 51.4979 -2.6299 0.0000 0.0000 0.0000 0.1200 1
1.6445 51.5008 -2.5448 0.0000 0.0000 0.0000 0.1200 1
1.8052 51.4999 -2.4432 0.0000 0.0000 0.0000 0.1200 1
1.9621 51.4994 -2.3291 0.0000 0.0000 0.0000 0.1200 1
2.1093 51.5006 -2.2081 0.0000 0.0000 0.0000 0.1200 1
2.2567 51.4995 -2.0645 0.0000 0.0000 0.0000 0.1200 1
2.3950 51.4996 -1.9210 0.0000 0.0000 0.0000 0.1200 1
2.5133 51.4990 -1.7816 0.0000 0.0000 0.0000 0.1200 1
2.6280 51.4972 -1.6171 0.0000 0.0000 0.0000 0.1200 1
2.7285 51.5012 -1.4552 0.0000 0.0000 0.0000 0.1200 1
2.8299 51.4995 -1.2694 0.0000 0.0000 0.0000 0.1200 1
2.9266 51.4999 -1.0623 0.0000 0.0000 0.0000 0.1200 1
2.9768 51.4983 -0.9072 0.0000 0.0000 0.0000 0.1200 1
3.0328 51.4994 -0.7219 0.0000 0.0000 0.0000 0.1200 1
3.0779 51.4989 -0.5476 0.0000 0.0000 0.0000 0.1200 1
3.1115 51.5003 -0.3305 0.0000 0.0000 0.0000 0.1200 1
3.1273 51.4997 -0.1434 0.0000 0.0000 0.0000 0.1200 1
3.1345 52.0010 0.0559 0.0000 0.0000 0.0000 0.1200 1
3.1286 51.9991 0.2438 0.0000 0.0000 0.0000 0.1200 1
3.1077 52.0009 0.4414 0.0000 0.0000 0.0000 0.1200 1
3.0731 51.9985 0.6355 0.0000 0.0000 0.0000 0.1200 1
3.0285 51.9989 0.8346 0.0000 0.0000 0.0000 0.1200 1
2.9735 51.9996 1.0148 0.0000 0.0000 0.0000 0.1200 1
2.9083 52.0016 1.1956 0.0000 0.0000 0.0000 0.1200 1
2.8246 52.0007 1.3849 0.0000 0.0000 0.0000 0.1200 1
2.7300 52.0004 1.5486 0.0000 0.0000 0.0000 0.1200 1
2.6229 52.0005 1.7268 0.0000 0.0000 0.0000 0.1200 1
2.5247 52.0002 1.8626 0.0000 0.0000 0.0000 0.1200 1
2.3927 52.0002 2.0250 0.0000 0.0000 0.0000 0.1200 1
2.2686 52.0007 2.1574 0.0000 0.0000 0.0000 0.1200 1
2.1148 51.9993 2.3086 0.0000 0.0000 0.0000 0.1200 1
1.9729 52.0009 2.4187 0.0000 0.0000 0.0000 0.1200 1
1.7958 51.9983 2.5473 0.0000 0.0000 0.0000 0.1200 1
1.6285 51.9987 2.6504 0.0000 0.0000 0.0000 0.1200 1
1.4507 51.9986 2.7473 0.0000 0.0000 0.0000 0.1200 1
1.2889 51.9997 2.8226 0.0000 0.0000 0.0000 0.1200 1
1.1028 52.0009 2.8927 0.0000 0.0000 0.0000 0.1200 1
0.9039 52.0003 2.9499 0.0000 0.0000 0.0000 0.1200 1
0.7358 51.9999 2.9941 0.0000 0.0000 0.0000 0.1200 1
0.5448 52.0006 3.0242 0.0000 0.0000 0.0000 0.1200 1
0.3543 51.9986 3.0445 0.0000 0.0000 0.0000 0.1200 1
0.1307 52.0021 3.0526 0.0000 0.0000 0.0000 0.1200 1
-0.0714 52.0008 3.0457 0.0000 0.0000 0.0000 0.1200 1
-0.2699 51.9984 3.0230 0.0000 0.0000 0.0000 0.1200 1
-0.4527 52.0004 2.9906 0.0000 0.0000 0.0000 0.1200 1
-0.6301 51.9979 2.9538 0.0000 0.0000 0.0000 0.1200 1
-0.8329 51.9984 2.8924 0.0000 0.0000 0.0000 0.1200 1
-1.0055 52.0011 2.8293 0.0000 0.0000 0.0000 0.1200 1
-1.1951 52.0013 2.7425 0.0000 0.0000 0.0000 0.1200 1
-1.3716 52.0013 2.6479 0.0000 0.0000 0.0000 0.1200 1
-1.5343 51.9994 2.5456 0.0000 0.0000 0.0000 0.1200 1
-1.6826 52.0003 2.4379 0.0000 0.0000 0.0000 0.1200 1
-1.8475 52.0002 2.3075 0.0000 0.0000 0.0000 0.1200 1
-1.9781 51.9992 2.1832 0.0000 0.0000 0.0000 0.1200 1
-2.1220 52.0009 2.0274 0.0000 0.0000 0.0000 0.1200 1
-2.2481 52.0004 1.8737 0.0000 0.0000 0.0000 0.1200 1
-2.3602 52.0016 1.7106 0.0000 0.0000 0.0000 0.1200 1
-2.4640 52.0007 1.5528 0.0000 0.0000 0.0000 0.1200 1
-2.5532 51.9991 1.3839 0.0000 0.0000 0.0000 0.1200 1
-2.6398 52.0009 1.1914 0.0000 0.0000 0.0000 0.1200 1
-2.7010 51.9993 1.0258 0.0000 0.0000 0.0000 0.1200 1
-2.7671 52.0004 0.8186 0.0000 0.0000 0.0000 0.1200 1
-2.8078 52.0000 0.6465 0.0000 0.0000 0.0000 0.1200 1
-2.8358 52.0003 0.4318 0.0000 0.0000 0.0000 0.1200 1
-2.8584 52.0005 0.2536 0.0000 0.0000 0.0000 0.1200 1
-2.8694 52.0000 0.0631 0.0000 0.0000 0.0000 0.1200 1
-2.8642 52.0007 -0.1351 0.0000 0.0000 0.0000 0.1200 1
-2.8397 52.0019 -0.3364 0.0000 0.0000 0.0000 0.1200 1
-2.8090 51.9994 -0.5515 0.0000 0.0000 0.0000 0.1200 1
-2.7627 52.0024 -0.7313 0.0000 0.0000 0.0000 0.1200 1
-2.7136 51.9997 -0.8966 0.0000 0.0000 0.0000 0.1200 1
-2.6349 52.0008 -1.1003 0.0000 0.0000 0.0000 0.1200 1
-2.5639 52.0004 -1.2543 0.0000 0.0000 0.0000 0.1200 1
-2.4637 51.9994 -1.4547 0.0000 0.0000 0.0000 0.1200 1
-2.3586 52.0018 -1.6195 0.0000 0.0000 0.0000 0.1200 1
-2.2368 51.9992 -1.7897 0.0000 0.0000 0.0000 0.1200 1
-2.1180 52.0006 -1.9307 0.0000 0.0000 0.0000 0.1200 1
-1.9866 52.0003 -2.0726 0.0000 0.0000 0.0000 0.1200 1
-1.8425 51.9988 -2.2047 0.0000 0.0000 0.0000 0.1200 1
-1.6925 52.0001 -2.3276 0.0000 0.0000 0.0000 0.1200 1
-1.5271 52.0010 -2.4434 0.0000 0.0000 0.0000 0.1200 1
-1.3620 52.0005 -2.5479 0.0000 0.0000 0.0000 0.1200 1
-1.2093 52.0018 -2.6310 0.0000 0.0000 0.0000 0.1200 1
-1.0109 51.9977 -2.7199 0.0000 0.0000 0.0000 0.1200 1
-0.8274 51.9995 -2.7914 0.0000 0.0000 0.0000 0.1200 1
-0.6460 52.0016 -2.8426 0.0000 0.0000 0.0000 0.1200 1
-0.4533 52.0000 -2.8919 0.0000 0.0000 0.0000 0.1200 1
-0.2480 51.9994 -2.9235 0.0000 0.0000 0.0000 0.1200 1
-0.0402 51.9986 -2.9434 0.0000 0.0000 0.0000 0.1200 1
0.1373 51.9986 -2.9474 0.0000 0.0000 0.0000 0.1200 1
0.3299 52.0016 -2.9440 0.0000 0.0000 0.0000 0.1200 1
0.5291 51.9990 -2.9217 0.0000 0.0000 0.0000 0.1200 1
0.7090 52.0002 -2.8912 0.0000 0.0000 0.0000 0.1200 1
0.9029 51.9999 -2.8482 0.0000 0.0000 0.0000 0.1200 1
1.0837 51.9997 -2.7955 0.0000 0.0000 0.0000 0.1200 1
1.2734 51.9976 -2.7248 0.0000 0.0000 0.0000 0.1200 1
1.4577 52.0016 -2.6400 0.0000 0.0000 0.0000 0.1200 1
1.6328 51.9995 -2.5501 0.0000 0.0000 0.0000 0.1200 1
1.7886 52.0001 -2.4488 0.0000 0.0000 0.0000 0.1200 1
1.9551 51.9991 -2.3315 0.0000 0.0000 0.0000 0.1200 1
2.1154 52.0013 -2.2039 0.0000 0.0000 0.0000 0.1200 1
2.2467 52.0012 -2.0817 0.0000 0.0000 0.0000 0.1200 1
2.3953 52.0012 -1.9208 0.0000 0.0000 0.0000 0.1200 1
2.5166 52.0004 -1.7743 0.0000 0.0000 0.0000 0.1200 1
2.6340 51.9988 -1.6048 0.0000 0.0000 0.0000 0.1200 1
2.7224 52.0008 -1.4633 0.0000 0.0000 0.0000 0.1200 1
2.8292 51.9985 -1.2720 0.0000 0.0000 0.0000 0.1200 1
2.9049 51.9986 -1.0876 0.0000 0.0000 0.0000 0.1200 1
2.9670 51.9992 -0.9252 0.0000 0.0000 0.0000 0.1200 1
3.0339 52.0004 -0.7192 0.0000 0.0000 0.0000 0.1200 1
3.0767 52.0002 -0.5334 0.0000 0.0000 0.0000 0.1200 1
3.1031 52.0004 -0.3608 0.0000 0.0000 0.0000 0.1200 1
3.1261 52.0010 -0.1172 0.0000 0.0000 0.0000 0.1200 1
3.1332 52.5009 0.0504 0.0000 0.0000 0.0000 0.1200 1
3.1269 52.4987 0.2546 0.0000 0.0000 0.0000 0.1200 1
3.1081 52.5003 0.4318 0.0000 0.0000 0.0000 0.1200 1
3.0751 52.5000 0.6428 0.0000 0.0000 0.0000 0.1200 1
3.0269 52.5003 0.8310 0.0000 0.0000 0.0000 0.1200 1
2.9721 52.5002 1.0098 0.0000 0.0000 0.0000 0.1200 1
2.9033 52.5007 1.2023 0.0000 0.0000 0.0000 0.1200 1
2.8293 52.4996 1.3650 0.0000 0.0000 0.0000 0.1200 1
2.7309 52.4987 1.5576 0.0000 0.0000 0.0000 0.1200 1
2.6237 52.5008 1.7159 0.0000 0.0000 0.0000 0.1200 1
2.5144 52.4995 1.8805 0.0000 0.0000 0.0000 0.1200 1
2.3908 52.5002 2.0292 0.0000 0.0000 0.0000 0.1200 1
2.2471 52.4991 2.1813 0.0000 0.0000 0.0000 0.1200 1
2.1101 52.5008 2.3057 0.0000 0.0000 0.0000 0.1200 1
1.9641 52.4996 2.4332 0.0000 0.0000 0.0000 0.1200 1
1.8012 52.5007 2.5433 0.0000 0.0000 0.0000 0.1200 1
1.6408 52.4994 2.6458 0.0000 0.0000 0.0000 0.1200 1
1.4682 52.4995 2.7425 0.0000 0.0000 0.0000 0.1200 1
1.3022 52.4997 2.8139 0.0000 0.0000 0.0000 0.1200 1
1.0876 52.4995 2.8964 0.0000 0.0000 0.0000 0.1200 1
0.8892 52.5014 2.9530 0.0000 0.0000 0.0000 0.1200 1
0.7222 52.5004 2.9924 0.0000 0.0000 0.0000 0.1200 1
0.5216 52.5007 3.0262 0.0000 0.0000 0.0000 0.1200 1
0.3240 52.4996 3.0428 0.0000 0.0000 0.0000 0.1200 1
0.1176 52.4983 3.0515 0.0000 0.0000 0.0000 0.1200 1
-0.0684 52.5006 3.0463 0.0000 0.0000 0.0000 0.1200 1
-0.2600 52.5003 3.0273 0.0000 0.0000 0.0000 0.1200 1
-0.4449 52.4991 2.9969 0.0000 0.0000 0.0000 0.1200 1
-0.6475 52.4981 2.9423 0.0000 0.0000 0.0000 0.1200 1
-0.8419 52.5010 2.8909 0.0000 0.0000 0.0000 0.1200 1
-0.9878 52.5010 2.8345 0.0000 0.0000 0.0000 0.1200 1
-1.1784 52.5010 2.7495 0.0000 0.0000 0.0000 0.1200 1
-1.3740 52.4996 2.6499 0.0000 0.0000 0.0000 0.1200 1
-1.5410 52.4992 2.5403 0.0000 0.0000 0.0000 0.1200 1
-1.6970 52.5000 2.4308 0.0000 0.0000 0.0000 0.1200 1
-1.8332 52.5003 2.3173 0.0000 0.0000 0.0000 0.1200 1
-1.9819 52.5006 2.1813 0.0000 0.0000 0.0000 0.1200 1
-2.1186 52.4993 2.0333 0.0000 0.0000 0.0000 0.1200 1
-2.2519 52.5009 1.8746 0.0000 0.0000 0.0000 0.1200 1
-2.3606 52.4994 1.7229 0.0000 0.0000 0.0000 0.1200 1
-2.4642 52.4981 1.5548 0.0000 0.0000 0.0000 0.1200 1
-2.5536 52.4999 1.3914 0.0000 0.0000 0.0000 0.1200 1
-2.6442 52.4992 1.1905 0.0000 0.0000 0.0000 0.1200 1
-2.7086 52.4993 1.0213 0.0000 0.0000 0.0000 0.1200 1
-2.7584 52.4992 0.8437 0.0000 0.0000 0.0000 0.1200 1
-2.8125 52.5002 0.6224 0.0000 0.0000 0.0000 0.1200 1
-2.8398 52.5015 0.4626 0.0000 0.0000 0.0000 0.1200 1
-2.8610 52.5005 0.2586 0.0000 0.0000 0.0000 0.1200 1
-2.8676 52.5003 0.0735 0.0000 0.0000 0.0000 0.1200 1
-2.8576 52.5000 -0.1349 0.0000 0.0000 0.0000 0.1200 1
-2.8433 52.5002 -0.3349 0.0000 0.0000 0.0000 0.1200 1
-2.8138 52.5005 -0.5235 0.0000 0.0000 0.0000 0.1200 1
-2.7705 52.5008 -0.7035 0.0000 0.0000 0.0000 0.1200 1
-2.7083 52.5001 -0.9038 0.0000 0.0000 0.0000 0.1200 1
-2.6407 52.4994 -1.0938 0.0000 0.0000 0.0000 0.1200 1
-2.5636 52.5000 -1.2740 0.0000 0.0000 0.0000 0.1200 1
-2.4669 52.4992 -1.4470 0.0000 0.0000 0.0000 0.1200 1
-2.3605 52.5007 -1.6109 0.0000 0.0000 0.0000 0.1200 1
-2.2438 52.5010 -1.7784 0.0000 0.0000 0.0000 0.1200 1
-2.1202 52.5003 -1.9260 0.0000 0.0000 0.0000 0.1200 1
-1.9993 52.4991 -2.0623 0.0000 0.0000 0.0000 0.1200 1
-1.8407 52.4987 -2.2040 0.0000 0.0000 0.0000 0.1200 1
-1.7006 52.5016 -2.3203 0.0000 0.0000 0.0000 0.1200 1
-1.5338 52.5000 -2.4386 0.0000 0.0000 0.0000 0.1200 1
-1.3558 52.5006 -2.5513 0.0000 0.0000 0.0000 0.1200 1
-1.1952 52.5009 -2.6362 0.0000 0.0000 0.0000 0.1200 1
-1.0177 52.5001 -2.7143 0.0000 0.0000 0.0000 0.1200 1
-0.8466 52.4992 -2.7822 0.0000 0.0000 0.0000 0.1200 1
-0.6424 52.5022 -2.8434 0.0000 0.0000 0.0000 0.1200 1
-0.4434 52.4997 -2.8912 0.0000 0.0000 0.0000 0.1200 1
-0.2605 52.5005 -2.9204 0.0000 0.0000 0.0000 0.1200 1
-0.0576 52.5001 -2.9440 0.0000 0.0000 0.0000 0.1200 1
0.1202 52.4992 -2.9464 0.0000 0.0000 0.0000 0.1200 1
0.3312 52.4995 -2.9382 0.0000 0.0000 0.0000 0.1200 1
0.5042 52.5006 -2.9247 0.0000 0.0000 0.0000 0.1200 1
0.6987 52.5017 -2.8955 0.0000 0.0000 0.0000 0.1200 1
0.9225 52.5011 -2.8430 0.0000 0.0000 0.0000 0.1200 1
1.1028 52.4994 -2.7824 0.0000 0.0000 0.0000 0.1200 1
1.2768 52.5001 -2.7205 0.0000 0.0000 0.0000 0.1200 1
1.4588 52.4990 -2.6453 0.0000 0.0000 0.0000 0.1200 1
1.6406 52.5024 -2.5389 0.0000 0.0000 0.0000 0.1200 1
1.7952 52.5015 -2.4493 0.0000 0.0000 0.0000 0.1200 1
1.9489 52.5005 -2.3374 0.0000 0.0000 0.0000 0.1200 1
2.1086 52.4991 -2.2012 0.0000 0.0000 0.0000 0.1200 1
2.2601 52.5002 -2.0638 0.0000 0.0000 0.0000 0.1200 1
2.3774 52.5004 -1.9302 0.0000 0.0000 0.0000 0.1200 1
2.5126 52.4996 -1.7745 0.0000 0.0000 0.0000 0.1200 1
2.6285 52.4996 -1.6122 0.0000 0.0000 0.0000 0.1200 1
2.7392 52.5003 -1.4372 0.0000 0.0000 0.0000 0.1200 1
2.8209 52.4988 -1.2813 0.0000 0.0000 0.0000 0.1200 1
2.9066 52.5011 -1.0935 0.0000 0.0000 0.0000 0.1200 1
2.9678 52.4990 -0.9182 0.0000 0.0000 0.0000 0.1200 1
3.0306 52.5023 -0.7224 0.0000 0.0000 0.0000 0.1200 1
3.0753 52.5011 -0.5271 0.0000 0.0000 0.0000 0.1200 1
3.1043 52.5019 -0.3392 0.0000 0.0000 0.0000 0.1200 1
3.1284 52.4997 -0.1397 0.0000 0.0000 0.0000 0.1200 1
3.1317 52.9992 0.0580 0.0000 0.0000 0.0000 0.1200 1
3.1293 53.0006 0.2588 0.0000 0.0000 0.0000 0.1200 1
3.1066 53.0003 0.4338 0.0000 0.0000 0.0000 0.1200 1
3.0702 53.0007 0.6431 0.0000 0.0000 0.0000 0.1200 1
3.0334 52.9993 0.8148 0.0000 0.0000 0.0000 0.1200 1
2.9689 52.9997 1.0162 0.0000 0.0000 0.0000 0.1200 1
2.8969 53.0006 1.2116 0.0000 0.0000 0.0000 0.1200 1
2.8250 53.0016 1.3762 0.0000 0.0000 0.0000 0.1200 1
2.7336 52.9995 1.5476 0.0000 0.0000 0.0000 0.1200 1
2.6190 52.9999 1.7301 0.0000 0.0000 0.0000 0.1200 1
2.5178 52.9998 1.8634 0.0000 0.0000 0.0000 0.1200 1
2.3839 52.9996 2.0313 0.0000 0.0000 0.0000 0.1200 1
2.2512 53.0001 2.1709 0.0000 0.0000 0.0000 0.1200 1
2.1104 52.9999 2.3056 0.0000 0.0000 0.0000 0.1200 1
1.9704 53.0008 2.4237 0.0000 0.0000 0.0000 0.1200 1
1.8065 53.0001 2.5426 0.0000 0.0000 0.0000 0.1200 1
1.6470 53.0000 2.6436 0.0000 0.0000 0.0000 0.1200 1
1.4441 52.9983 2.7528 0.0000 0.0000 0.0000 0.1200 1
1.2870 53.0006 2.8205 0.0000 0.0000 0.0000 0.1200 1
1.0939 52.9997 2.8994 0.0000 0.0000 0.0000 0.1200 1
0.9046 53.0007 2.9528 0.0000 0.0000 0.0000 0.1200 1
0.7037 52.9986 2.9981 0.0000 0.0000 0.0000 0.1200 1
0.5320 52.9996 3.0269 0.0000 0.0000 0.0000 0.1200 1
0.3336 53.0011 3.0492 0.0000 0.0000 0.0000 0.1200 1
0.1430 53.0000 3.0544 0.0000 0.0000 0.0000 0.1200 1
-0.0448 53.0006 3.0468 0.0000 0.0000 0.0000 0.1200 1
-0.2538 53.0021 3.0275 0.0000 0.0000 0.0000 0.1200 1
-0.4691 52.9992 2.9881 0.0000 0.0000 0.0000 0.1200 1
-0.6528 52.9983 2.9516 0.0000 0.0000 0.0000 0.1200 1
-0.8380 52.9983 2.8867 0.0000 0.0000 0.0000 0.1200 1
-1.0277 53.0006 2.8220 0.0000 0.0000 0.0000 0.1200 1
-1.1796 52.9985 2.7505 0.0000 0.0000 0.0000 0.1200 1
-1.3727 53.0001 2.6481 0.0000 0.0000 0.0000 0.1200 1
-1.5338 52.9994 2.5498 0.0000 0.0000 0.0000 0.1200 1
-1.6877 53.0005 2.4409 0.0000 0.0000 0.0000 0.1200 1
-1.8579 52.9995 2.2983 0.0000 0.0000 0.0000 0.1200 1
-1.9858 52.9995 2.1777 0.0000 0.0000 0.0000 0.1200 1
-2.1282 52.9991 2.0238 0.0000 0.0000 0.0000 0.1200 1
-2.2437 53.0001 1.8912 0.0000 0.0000 0.0000 0.1200 1
-2.3604 52.9993 1.7224 0.0000 0.0000 0.0000 0.1200 1
-2.4707 52.9996 1.5492 0.0000 0.0000 0.0000 0.1200 1
-2.5586 52.9998 1.3759 0.0000 0.0000 0.0000 0.1200 1
-2.6350 53.0013 1.2120 0.0000 0.0000 0.0000 0.1200 1
-2.7106 53.0014 1.0134 0.0000 0.0000 0.0000 0.1200 1
-2.7688 53.0018 0.8279 0.0000 0.0000 0.0000 0.1200 1
-2.8102 52.9999 0.6423 0.0000 0.0000 0.0000 0.1200 1
-2.8460 53.0000 0.4401 0.0000 0.0000 0.0000 0.1200 1
-2.8662 52.9997 0.2580 0.0000 0.0000 0.0000 0.1200 1
-2.8705 53.0004 0.0409 0.0000 0.0000 0.0000 0.1200 1
-2.8611 53.0006 -0.1511 0.0000 0.0000 0.0000 0.1200 1
-2.8455 52.9984 -0.3245 0.0000 0.0000 0.0000 0.1200 1
-2.8095 53.0002 -0.5342 0.0000 0.0000 0.0000 0.1200 1
-2.7679 52.9996 -0.7148 0.0000 0.0000 0.0000 0.1200 1
-2.7055 53.0001 -0.9151 0.0000 0.0000 0.0000 0.1200 1
-2.6328 53.0018 -1.1097 0.0000 0.0000 0.0000 0.1200 1
-2.5567 52.9996 -1.2805 0.0000 0.0000 0.0000 0.1200 1
-2.4668 52.9998 -1.4479 0.0000 0.0000 0.0000 0.1200 1
-2.3684 53.0005 -1.6083 0.0000 0.0000 0.0000 0.1200 1
-2.2407 53.0005 -1.7816 0.0000 0.0000 0.0000 0.1200 1
-2.1182 52.9992 -1.9364 0.0000 0.0000 0.0000 0.1200 1
-1.9739 52.9998 -2.0817 0.0000 0.0000 0.0000 0.1200 1
-1.8384 53.0002 -2.2145 0.0000 0.0000 0.0000 0.1200 1
-1.6962 52.9996 -2.3266 0.0000 0.0000 0.0000 0.1200 1
-1.5276 53.0008 -2.4442 0.0000 0.0000 0.0000 0.1200 1
-1.3662 52.9996 -2.5450 0.0000 0.0000 0.0000 0.1200 1
-1.2050 52.9997 -2.6310 0.0000 0.0000 0.0000 0.1200 1
-1.0377 52.9986 -2.7123 0.0000 0.0000 0.0000 0.1200 1
-0.8433 53.0006 -2.7802 0.0000 0.0000 0.0000 0.1200 1
-0.6510 53.0018 -2.8438 0.0000 0.0000 0.0000 0.1200 1
-0.4452 52.9992 -2.8873 0.0000 0.0000 0.0000 0.1200 1
-0.2469 53.0010 -2.9226 0.0000 0.0000 0.0000 0.1200 1
-0.0512 53.0017 -2.9402 0.0000 0.0000 0.0000 0.1200 1
0.1166 53.0010 -2.9447 0.0000 0.0000 0.0000 0.1200 1
0.3165 52.9996 -2.9402 0.0000 0.0000 0.0000 0.1200 1
0.5349 53.0004 -2.9175 0.0000 0.0000 0.0000 0.1200 1
0.7327 52.9999 -2.8880 0.0000 0.0000 0.0000 0.1200 1
0.8903 53.0011 -2.8515 0.0000 0.0000 0.0000 0.1200 1
1.1013 53.0021 -2.7868 0.0000 0.0000 0.0000 0.1200 1
1.2779 52.9986 -2.7223 0.0000 0.0000 0.0000 0.1200 1
1.4575 52.9996 -2.6396 0.0000 0.0000 0.0000 0.1200 1
1.6224 52.9996 -2.5520 0.0000 0.0000 0.0000 0.1200 1
1.7865 53.0000 -2.4465 0.0000 0.0000 0.0000 0.1200 1
1.9539 53.0006 -2.3277 0.0000 0.0000 0.0000 0.1200 1
2.1106 52.9993 -2.1992 0.0000 0.0000 0.0000 0.1200 1
2.2483 53.0019 -2.0741 0.0000 0.0000 0.0000 0.1200 1
2.3909 52.9983 -1.9194 0.0000 0.0000 0.0000 0.1200 1
2.5028 53.0001 -1.7864 0.0000 0.0000 0.0000 0.1200 1
2.6315 53.0024 -1.5981 0.0000 0.0000 0.0000 0.1200 1
2.7355 52.9992 -1.4369 0.0000 0.0000 0.0000 0.1200 1
2.8190 52.9982 -1.2833 0.0000 0.0000 0.0000 0.1200 1
2.8948 52.9988 -1.1149 0.0000 0.0000 0.0000 0.1200 1
2.9732 52.9994 -0.9015 0.0000 0.0000 0.0000 0.1200 1
3.0265 52.9998 -0.7240 0.0000 0.0000 0.0000 0.1200 1
3.0763 52.9990 -0.5303 0.0000 0.0000 0.0000 0.1200 1
3.1030 53.0001 -0.3459 0.0000 0.0000 0.0000 0.1200 1
3.1282 52.9995 -0.1398 0.0000 0.0000 0.0000 0.1200 1
3.1230 53.4988 0.0462 0.0000 0.0000 0.0000 0.1200 1
3.1221 53.4990 0.2456 0.0000 0.0000 0.0000 0.1200 1
3.1028 53.5000 0.4372 0.0000 0.0000 0.0000 0.1200 1
3.0745 53.5005 0.6408 0.0000 0.0000 0.0000 0.1200 1
3.0226 53.4991 0.8384 0.0000 0.0000 0.0000 0.1200 1
2.9661 53.4998 1.0229 0.0000 0.0000 0.0000 0.1200 1
2.9062 53.5012 1.1938 0.0000 0.0000 0.0000 0.1200 1
2.8190 53.5010 1.3828 0.0000 0.0000 0.0000 0.1200 1
2.7339 53.5013 1.5492 0.0000 0.0000 0.0000 0.1200 1
2.6325 53.4981 1.7117 0.0000 0.0000 0.0000 0.1200 1
2.5125 53.4997 1.8833 0.0000 0.0000 0.0000 0.1200 1
2.3962 53.5012 2.0183 0.0000 0.0000 0.0000 0.1200 1
2.2508 53.4994 2.1799 0.0000 0.0000 0.0000 0.1200 1
2.1068 53.5003 2.3098 0.0000 0.0000 0.0000 0.1200 1
1.9494 53.4999 2.4427 0.0000 0.0000 0.0000 0.1200 1
1.7990 53.5006 2.5468 0.0000 0.0000 0.0000 0.1200 1
1.6332 53.5000 2.6520 0.0000 0.0000 0.0000 0.1200 1
1.4725 53.5017 2.7336 0.0000 0.0000 0.0000 0.1200 1
1.2683 53.5001 2.8302 0.0000 0.0000 0.0000 0.1200 1
1.0916 53.4999 2.8952 0.0000 0.0000 0.0000 0.1200 1
0.8993 53.4985 2.9505 0.0000 0.0000 0.0000 0.1200 1
0.7079 53.4991 2.9957 0.0000 0.0000 0.0000 0.1200 1
0.5315 53.4999 3.0282 0.0000 0.0000 0.0000 0.1200 1
0.3272 53.5005 3.0446 0.0000 0.0000 0.0000 0.1200 1
0.1261 53.5000 3.0551 0.0000 0.0000 0.0000 0.1200 1
-0.0720 53.4993 3.0482 0.0000 0.0000 0.0000 0.1200 1
-0.2822 53.4976 3.0230 0.0000 0.0000 0.0000 0.1200 1
-0.4697 53.4992 2.9885 0.0000 0.0000 0.0000 0.1200 1
-0.6447 53.5011 2.9526 0.0000 0.0000 0.0000 0.1200 1
-0.8367 53.4993 2.8960 0.0000 0.0000 0.0000 0.1200 1
-1.0215 53.5005 2.8211 0.0000 0.0000 0.0000 0.1200 1
-1.1969 53.4993 2.7432 0.0000 0.0000 0.0000 0.1200 1
-1.3724 53.5002 2.6517 0.0000 0.0000 0.0000 0.1200 1
-1.5233 53.5001 2.5576 0.0000 0.0000 0.0000 0.1200 1
-1.7041 53.4994 2.4302 0.0000 0.0000 0.0000 0.1200 1
-1.8649 53.4993 2.2976 0.0000 0.0000 0.0000 0.1200 1
-1.9924 53.5018 2.1788 0.0000 0.0000 0.0000 0.1200 1
-2.1201 53.5001 2.0369 0.0000 0.0000 0.0000 0.1200 1
-2.2513 53.5001 1.8804 0.0000 0.0000 0.0000 0.1200 1
-2.3643 53.5007 1.7255 0.0000 0.0000 0.0000 0.1200 1
-2.4665 53.5012 1.5618 0.0000 0.0000 0.0000 0.1200 1
-2.5599 53.5002 1.3889 0.0000 0.0000 0.0000 0.1200 1
-2.6389 53.5008 1.2094 0.0000 0.0000 0.0000 0.1200 1
-2.7115 53.4994 1.0160 0.0000 0.0000 0.0000 0.1200 1
-2.7651 53.4997 0.8380 0.0000 0.0000 0.0000 0.1200 1
-2.8095 53.5006 0.6508 0.0000 0.0000 0.0000 0.1200 1
-2.8427 53.5000 0.4476 0.0000 0.0000 0.0000 0.1200 1
-2.8629 53.5002 0.2476 0.0000 0.0000 0.0000 0.1200 1
-2.8705 53.5012 0.0433 0.0000 0.0000 0.0000 0.1200 1
-2.8636 53.4996 -0.1509 0.0000 0.0000 0.0000 0.1200 1
-2.8457 53.5019 -0.3375 0.0000 0.0000 0.0000 0.1200 1
-2.8115 53.4997 -0.5477 0.0000 0.0000 0.0000 0.1200 1
-2.7648 53.4995 -0.7265 0.0000 0.0000 0.0000 0.1200 1
-2.7026 53.5003 -0.9282 0.0000 0.0000 0.0000 0.1200 1
-2.6390 53.5004 -1.0926 0.0000 0.0000 0.0000 0.1200 1
-2.5548 53.4999 -1.2856 0.0000 0.0000 0.0000 0.1200 1
-2.4717 53.4994 -1.4430 0.0000 0.0000 0.0000 0.1200 1
-2.3657 53.4983 -1.6103 0.0000 0.0000 0.0000 0.1200 1
-2.2454 53.5023 -1.7798 0.0000 0.0000 0.0000 0.1200 1
-2.1277 53.5004 -1.9187 0.0000 0.0000 0.0000 0.1200 1
-1.9832 53.4992 -2.0808 0.0000 0.0000 0.0000 0.1200 1
-1.8500 53.4983 -2.2030 0.0000 0.0000 0.0000 0.1200 1
-1.7168 53.4999 -2.3098 0.0000 0.0000 0.0000 0.1200 1
-1.5411 53.4993 -2.4398 0.0000 0.0000 0.0000 0.1200 1
-1.3713 53.4988 -2.5437 0.0000 0.0000 0.0000 0.1200 1
-1.1971 53.4996 -2.6378 0.0000 0.0000 0.0000 0.1200 1
-1.0040 53.5025 -2.7270 0.0000 0.0000 0.0000 0.1200 1
-0.8246 53.4991 -2.7888 0.0000 0.0000 0.0000 0.1200 1
-0.6550 53.5005 -2.8418 0.0000 0.0000 0.0000 0.1200 1
-0.4661 53.5011 -2.8889 0.0000 0.0000 0.0000 0.1200 1
-0.2557 53.5008 -2.9258 0.0000 0.0000 0.0000 0.1200 1
-0.0669 53.4976 -2.9385 0.0000 0.0000 0.0000 0.1200 1
0.1261 53.4990 -2.9482 0.0000 0.0000 0.0000 0.1200 1
0.3418 53.4992 -2.9410 0.0000 0.0000 0.0000 0.1200 1
0.5219 53.5007 -2.9183 0.0000 0.0000 0.0000 0.1200 1
0.7105 53.4999 -2.8925 0.0000 0.0000 0.0000 0.1200 1
0.9091 53.5012 -2.8445 0.0000 0.0000 0.0000 0.1200 1
1.0928 53.4993 -2.7835 0.0000 0.0000 0.0000 0.1200 1
1.2869 53.4990 -2.7154 0.0000 0.0000 0.0000 0.1200 1
1.4736 53.5017 -2.6295 0.0000 0.0000 0.0000 0.1200 1
1.6193 53.5002 -2.5490 0.0000 0.0000 0.0000 0.1200 1
1.7981 53.5006 -2.4372 0.0000 0.0000 0.0000 0.1200 1
1.9725 53.4989 -2.3149 0.0000 0.0000 0.0000 0.1200 1
2.1144 53.4992 -2.2019 0.0000 0.0000 0.0000 0.1200 1
2.2558 53.5003 -2.0659 0.0000 0.0000 0.0000 0.1200 1
2.3860 53.4990 -1.9270 0.0000 0.0000 0.0000 0.1200 1
2.5100 53.4997 -1.7760 0.0000 0.0000 0.0000 0.1200 1
2.6155 53.5003 -1.6229 0.0000 0.0000 0.0000 0.1200 1
2.7220 53.5001 -1.4554 0.0000 0.0000 0.0000 0.1200 1
2.8156 53.5015 -1.2775 0.0000 0.0000 0.0000 0.1200 1
2.9018 53.5008 -1.0886 0.0000 0.0000 0.0000 0.1200 1
2.9630 53.5003 -0.9258 0.0000 0.0000 0.0000 0.1200 1
3.0274 53.4989 -0.7134 0.0000 0.0000 0.0000 0.1200 1
3.0742 53.5005 -0.5277 0.0000 0.0000 0.0000 0.1200 1
3.1041 53.5004 -0.3439 0.0000 0.0000 0.0000 0.1200 1
3.1228 53.4985 -0.1422 0.0000 0.0000 0.0000 0.1200 1
3.1261 54.0006 0.0655 0.0000 0.0000 0.0000 0.1200 1
3.1228 54.0009 0.2525 0.0000 0.0000 0.0000 0.1200 1
3.1028 54.0026 0.4404 0.0000 0.0000 0.0000 0.1200 1
3.0724 54.0008 0.6414 0.0000 0.0000 0.0000 0.1200 1
3.0274 54.0005 0.8235 0.0000 0.0000 0.0000 0.1200 1
2.9677 54.0011 1.0212 0.0000 0.0000 0.0000 0.1200 1
2.8994 53.9996 1.2003 0.0000 0.0000 0.0000 0.1200 1
2.8245 54.0008 1.3705 0.0000 0.0000 0.0000 0.1200 1
2.7132 53.9997 1.5734 0.0000 0.0000 0.0000 0.1200 1
2.6265 54.0017 1.7157 0.0000 0.0000 0.0000 0.1200 1
2.5160 54.0000 1.8657 0.0000 0.0000 0.0000 0.1200 1
2.3769 53.9983 2.0420 0.0000 0.0000 0.0000 0.1200 1
2.2547 54.0008 2.1686 0.0000 0.0000 0.0000 0.1200 1
2.1089 53.9997 2.3073 0.0000 0.0000 0.0000 0.1200 1
1.9327 54.0005 2.4501 0.0000 0.0000 0.0000 0.1200 1
1.7975 53.9981 2.5468 0.0000 0.0000 0.0000 0.1200 1
1.6299 54.0011 2.6535 0.0000 0.0000 0.0000 0.1200 1
1.4682 53.9999 2.7413 0.0000 0.0000 0.0000 0.1200 1
1.2751 53.9988 2.8290 0.0000 0.0000 0.0000 0.1200 1
1.1019 53.9999 2.8943 0.0000 0.0000 0.0000 0.1200 1
0.8929 53.9988 2.9567 0.0000 0.0000 0.0000 0.1200 1
0.7246 54.0008 2.9892 0.0000 0.0000 0.0000 0.1200 1
0.5088 53.9993 3.0288 0.0000 0.0000 0.0000 0.1200 1
0.3256 54.0007 3.0488 0.0000 0.0000 0.0000 0.1200 1
0.1215 54.0012 3.0500 0.0000 0.0000 0.0000 0.1200 1
-0.0815 53.9988 3.0456 0.0000 0.0000 0.0000 0.1200 1
-0.2685 54.0000 3.0254 0.0000 0.0000 0.0000 0.1200 1
-0.4681 53.9993 2.9948 0.0000 0.0000 0.0000 0.1200 1
-0.6433 53.9997 2.9531 0.0000 0.0000 0.0000 0.1200 1
-0.8303 54.0011 2.8949 0.0000 0.0000 0.0000 0.1200 1
-1.0039 54.0012 2.8313 0.0000 0.0000 0.0000 0.1200 1
-1.1938 54.0006 2.7431 0.0000 0.0000 0.0000 0.1200 1
-1.3608 53.9996 2.6588 0.0000 0.0000 0.0000 0.1200 1
-1.5265 54.0008 2.5595 0.0000 0.0000 0.0000 0.1200 1
-1.6930 54.0004 2.4325 0.0000 0.0000 0.0000 0.1200 1
-1.8474 54.0013 2.3119 0.0000 0.0000 0.0000 0.1200 1
-1.9814 54.0003 2.1851 0.0000 0.0000 0.0000 0.1200 1
-2.1259 54.0006 2.0313 0.0000 0.0000 0.0000 0.1200 1
-2.2556 54.0011 1.8763 0.0000 0.0000 0.0000 0.1200 1
-2.3670 54.0002 1.7196 0.0000 0.0000 0.0000 0.1200 1
-2.4609 54.0000 1.5724 0.0000 0.0000 0.0000 0.1200 1
-2.5660 54.0005 1.3778 0.0000 0.0000 0.0000 0.1200 1
-2.6407 54.0005 1.2044 0.0000 0.0000 0.0000 0.1200 1
-2.7149 54.0010 1.0156 0.0000 0.0000 0.0000 0.1200 1
-2.7672 53.9991 0.8340 0.0000 0.0000 0.0000 0.1200 1
-2.8166 53.9999 0.6374 0.0000 0.0000 0.0000 0.1200 1
-2.8442 54.0011 0.4489 0.0000 0.0000 0.0000 0.1200 1
-2.8630 54.0004 0.2509 0.0000 0.0000 0.0000 0.1200 1
-2.8710 53.9991 0.0536 0.0000 0.0000 0.0000 0.1200 1
-2.8646 53.9997 -0.1406 0.0000 0.0000 0.0000 0.1200 1
-2.8477 54.0010 -0.3264 0.0000 0.0000 0.0000 0.1200 1
-2.8129 53.9998 -0.5465 0.0000 0.0000 0.0000 0.1200 1
-2.7761 54.0010 -0.7158 0.0000 0.0000 0.0000 0.1200 1
-2.7067 54.0009 -0.9233 0.0000 0.0000 0.0000 0.1200 1
-2.6493 54.0002 -1.0856 0.0000 0.0000 0.0000 0.1200 1
-2.5571 53.9988 -1.2791 0.0000 0.0000 0.0000 0.1200 1
-2.4621 54.0010 -1.4573 0.0000 0.0000 0.0000 0.1200 1
-2.3747 54.0008 -1.6003 0.0000 0.0000 0.0000 0.1200 1
-2.2548 54.0006 -1.7722 0.0000 0.0000 0.0000 0.1200 1
-2.1312 54.0002 -1.9181 0.0000 0.0000 0.0000 0.1200 1
-1.9932 53.9993 -2.0669 0.0000 0.0000 0.0000 0.1200 1
-1.8571 54.0011 -2.1950 0.0000 0.0000 0.0000 0.1200 1
-1.7099 54.0001 -2.3204 0.0000 0.0000 0.0000 0.1200 1
-1.5434 54.0016 -2.4318 0.0000 0.0000 0.0000 0.1200 1
-1.3691 53.9994 -2.5479 0.0000 0.0000 0.0000 0.1200 1
-1.2056 54.0006 -2.6325 0.0000 0.0000 0.0000 0.1200 1
-1.0296 54.0001 -2.7139 0.0000 0.0000 0.0000 0.1200 1
-0.8412 53.9989 -2.7868 0.0000 0.0000 0.0000 0.1200 1
-0.6551 54.0008 -2.8429 0.0000 0.0000 0.0000 0.1200 1
-0.4664 54.0000 -2.8869 0.0000 0.0000 0.0000 0.1200 1
-0.2709 54.0003 -2.9218 0.0000 0.0000 0.0000 0.1200 1
-0.0656 53.9983 -2.9405 0.0000 0.0000 0.0000 0.1200 1
0.1316 53.9999 -2.9464 0.0000 0.0000 0.0000 0.1200 1
0.3148 54.0012 -2.9403 0.0000 0.0000 0.0000 0.1200 1
0.5014 54.0009 -2.9215 0.0000 0.0000 0.0000 0.1200 1
0.7148 54.0013 -2.8882 0.0000 0.0000 0.0000 0.1200 1
0.9196 54.0001 -2.8427 0.0000 0.0000 0.0000 0.1200 1
1.1071 53.9995 -2.7843 0.0000 0.0000 0.0000 0.1200 1
1.2681 53.9976 -2.7193 0.0000 0.0000 0.0000 0.1200 1
1.4652 54.0006 -2.6297 0.0000 0.0000 0.0000 0.1200 1
1.6206 53.9986 -2.5486 0.0000 0.0000 0.0000 0.1200 1
1.7832 54.0011 -2.4465 0.0000 0.0000 0.0000 0.1200 1
1.9613 53.9986 -2.3192 0.0000 0.0000 0.0000 0.1200 1
2.0961 54.0008 -2.2126 0.0000 0.0000 0.0000 0.1200 1
2.2482 54.0011 -2.0673 0.0000 0.0000 0.0000 0.1200 1
2.3757 53.9989 -1.9276 0.0000 0.0000 0.0000 0.1200 1
2.5030 54.0011 -1.7753 0.0000 0.0000 0.0000 0.1200 1
2.6197 53.9989 -1.6101 0.0000 0.0000 0.0000 0.1200 1
2.7245 53.9999 -1.4471 0.0000 0.0000 0.0000 0.1200 1
2.8136 54.0005 -1.2765 0.0000 0.0000 0.0000 0.1200 1
2.8933 53.9990 -1.1090 0.0000 0.0000 0.0000 0.1200 1
2.9679 54.0006 -0.9029 0.0000 0.0000 0.0000 0.1200 1
3.0254 54.0001 -0.7166 0.0000 0.0000 0.0000 0.1200 1
3.0778 53.9991 -0.5227 0.0000 0.0000 0.0000 0.1200 1
3.1033 54.0006 -0.3449 0.0000 0.0000 0.0000 0.1200 1
3.1226 54.0010 -0.1509 0.0000 0.0000 0.0000 0.1200 1
3.1254 54.4997 0.0572 0.0000 0.0000 0.0000 0.1200 1
3.1186 54.4996 0.2535 0.0000 0.0000 0.0000 0.1200 1
3.1017 54.5006 0.4459 0.0000 0.0000 0.0000 0.1200 1
3.0674 54.5005 0.6474 0.0000 0.0000 0.0000 0.1200 1
3.0188 54.4981 0.8500 0.0000 0.0000 0.0000 0.1200 1
2.9674 54.4996 1.0201 0.0000 0.0000 0.0000 0.1200 1
2.8957 54.5004 1.1987 0.0000 0.0000 0.0000 0.1200 1
2.8152 54.5015 1.3830 0.0000 0.0000 0.0000 0.1200 1
2.7310 54.4988 1.5358 0.0000 0.0000 0.0000 0.1200 1
2.6200 54.4978 1.7210 0.0000 0.0000 0.0000 0.1200 1
2.5219 54.5000 1.8644 0.0000 0.0000 0.0000 0.1200 1
2.3889 54.4997 2.0248 0.0000 0.0000 0.0000 0.1200 1
2.2301 54.5002 2.1973 0.0000 0.0000 0.0000 0.1200 1
2.1131 54.4990 2.3050 0.0000 0.0000 0.0000 0.1200 1
1.9520 54.4997 2.4363 0.0000 0.0000 0.0000 0.1200 1
1.7919 54.4998 2.5466 0.0000 0.0000 0.0000 0.1200 1
1.6353 54.4989 2.6488 0.0000 0.0000 0.0000 0.1200 1
1.4435 54.4995 2.7512 0.0000 0.0000 0.0000 0.1200 1
1.2853 54.5007 2.8180 0.0000 0.0000 0.0000 0.1200 1
1.0959 54.5001 2.8928 0.0000 0.0000 0.0000 0.1200 1
0.9051 54.5020 2.9517 0.0000 0.0000 0.0000 0.1200 1
0.7196 54.4992 2.9953 0.0000 0.0000 0.0000 0.1200 1
0.5248 54.4998 3.0250 0.0000 0.0000 0.0000 0.1200 1
0.3097 54.5008 3.0482 0.0000 0.0000 0.0000 0.1200 1
0.1366 54.5002 3.0540 0.0000 0.0000 0.0000 0.1200 1
-0.0612 54.4992 3.0529 0.0000 0.0000 0.0000 0.1200 1
-0.2791 54.5000 3.0273 0.0000 0.0000 0.0000 0.1200 1
-0.4621 54.4991 2.9961 0.0000 0.0000 0.0000 0.1200 1
-0.6504 54.4989 2.9516 0.0000 0.0000 0.0000 0.1200 1
-0.8340 54.5000 2.8959 0.0000 0.0000 0.0000 0.1200 1
-1.0204 54.4991 2.8245 0.0000 0.0000 0.0000 0.1200 1
-1.1871 54.5017 2.7524 0.0000 0.0000 0.0000 0.1200 1
-1.3567 54.5020 2.6616 0.0000 0.0000 0.0000 0.1200 1
-1.5402 54.4995 2.5481 0.0000 0.0000 0.0000 0.1200 1
-1.7152 54.4996 2.4181 0.0000 0.0000 0.0000 0.1200 1
-1.8606 54.5007 2.2990 0.0000 0.0000 0.0000 0.1200 1
-2.0027 54.5007 2.1648 0.0000 0.0000 0.0000 0.1200 1
-2.1239 54.5006 2.0392 0.0000 0.0000 0.0000 0.1200 1
-2.2475 54.5009 1.8867 0.0000 0.0000 0.0000 0.1200 1
-2.3634 54.5005 1.7314 0.0000 0.0000 0.0000 0.1200 1
-2.4723 54.4992 1.5521 0.0000 0.0000 0.0000 0.1200 1
-2.5637 54.5012 1.3788 0.0000 0.0000 0.0000 0.1200 1
-2.6461 54.4989 1.1983 0.0000 0.0000 0.0000 0.1200 1
-2.7167 54.5002 1.0148 0.0000 0.0000 0.0000 0.1200 1
-2.7708 54.5009 0.8360 0.0000 0.0000 0.0000 0.1200 1
-2.8138 54.4979 0.6509 0.0000 0.0000 0.0000 0.1200 1
-2.8488 54.4994 0.4369 0.0000 0.0000 0.0000 0.1200 1
-2.8650 54.4989 0.2341 0.0000 0.0000 0.0000 0.1200 1
-2.8725 54.4996 0.0519 0.0000 0.0000 0.0000 0.1200 1
-2.8680 54.4995 -0.1365 0.0000 0.0000 0.0000 0.1200 1
-2.8488 54.5002 -0.3326 0.0000 0.0000 0.0000 0.1200 1
-2.8187 54.5011 -0.5224 0.0000 0.0000 0.0000 0.1200 1
-2.7688 54.4992 -0.7426 0.0000 0.0000 0.0000 0.1200 1
-2.7201 54.5007 -0.9071 0.0000 0.0000 0.0000 0.1200 1
-2.6332 54.5001 -1.1048 0.0000 0.0000 0.0000 0.1200 1
-2.5659 54.4994 -1.2661 0.0000 0.0000 0.0000 0.1200 1
-2.4756 54.5008 -1.4458 0.0000 0.0000 0.0000 0.1200 1
-2.3698 54.5007 -1.6072 0.0000 0.0000 0.0000 0.1200 1
-2.2584 54.5019 -1.7667 0.0000 0.0000 0.0000 0.1200 1
-2.1310 54.4996 -1.9164 0.0000 0.0000 0.0000 0.1200 1
-2.0151 54.4997 -2.0469 0.0000 0.0000 0.0000 0.1200 1
-1.8601 54.4993 -2.1957 0.0000 0.0000 0.0000 0.1200 1
-1.6927 54.5007 -2.3289 0.0000 0.0000 0.0000 0.1200 1
-1.5383 54.5010 -2.4394 0.0000 0.0000 0.0000 0.1200 1
-1.3873 54.4981 -2.5389 0.0000 0.0000 0.0000 0.1200 1
-1.1880 54.5010 -2.6411 0.0000 0.0000 0.0000 0.1200 1
-1.0150 54.5005 -2.7235 0.0000 0.0000 0.0000 0.1200 1
-0.8142 54.4994 -2.7943 0.0000 0.0000 0.0000 0.1200 1
-0.6522 54.4988 -2.8427 0.0000 0.0000 0.0000 0.1200 1
-0.4450 54.5003 -2.8875 0.0000 0.0000 0.0000 0.1200 1
-0.2607 54.5003 -2.9203 0.0000 0.0000 0.0000 0.1200 1
-0.0607 54.4991 -2.9397 0.0000 0.0000 0.0000 0.1200 1
0.1216 54.4989 -2.9453 0.0000 0.0000 0.0000 0.1200 1
0.3316 54.4991 -2.9366 0.0000 0.0000 0.0000 0.1200 1
0.4923 54.5005 -2.9223 0.0000 0.0000 0.0000 0.1200 1
0.7243 54.4983 -2.8880 0.0000 0.0000 0.0000 0.1200 1
0.8907 54.4998 -2.8460 0.0000 0.0000 0.0000 0.1200 1
1.0972 54.5009 -2.7826 0.0000 0.0000 0.0000 0.1200 1
1.2563 54.5007 -2.7213 0.0000 0.0000 0.0000 0.1200 1
1.4493 54.5018 -2.6413 0.0000 0.0000 0.0000 0.1200 1
1.6326 54.4987 -2.5397 0.0000 0.0000 0.0000 0.1200 1
1.8097 54.4974 -2.4343 0.0000 0.0000 0.0000 0.1200 1
1.9480 54.5006 -2.3312 0.0000 0.0000 0.0000 0.1200 1
2.1035 54.5009 -2.2046 0.0000 0.0000 0.0000 0.1200 1
2.2485 54.5024 -2.0682 0.0000 0.0000 0.0000 0.1200 1
2.3886 54.4998 -1.9187 0.0000 0.0000 0.0000 0.1200 1
2.5100 54.5017 -1.7683 0.0000 0.0000 0.0000 0.1200 1
2.6253 54.4985 -1.6021 0.0000 0.0000 0.0000 0.1200 1
2.7232 54.5010 -1.4435 0.0000 0.0000 0.0000 0.1200 1
2.8249 54.4997 -1.2525 0.0000 0.0000 0.0000 0.1200 1
2.8989 54.5012 -1.0924 0.0000 0.0000 0.0000 0.1200 1
2.9624 54.5016 -0.9185 0.0000 0.0000 0.0000 0.1200 1
3.0300 54.5000 -0.7153 0.0000 0.0000 0.0000 0.1200 1
3.0688 54.4993 -0.5227 0.0000 0.0000 0.0000 0.1200 1
3.0986 54.5006 -0.3346 0.0000 0.0000 0.0000 0.1200 1
3.1202 54.4987 -0.1357 0.0000 0.0000 0.0000 0.1200 1
3.1256 54.9980 0.0623 0.0000 0.0000 0.0000 0.1200 1
3.1200 55.0027 0.2428 0.0000 0.0000 0.0000 0.1200 1
3.0977 55.0014 0.4491 0.0000 0.0000 0.0000 0.1200 1
3.0608 54.9993 0.6504 0.0000 0.0000 0.0000 0.1200 1
3.0205 54.9992 0.8376 0.0000 0.0000 0.0000 0.1200 1
2.9601 54.9995 1.0249 0.0000 0.0000 0.0000 0.1200 1
2.8929 55.0004 1.2057 0.0000 0.0000 0.0000 0.1200 1
2.8158 54.9992 1.3819 0.0000 0.0000 0.0000 0.1200 1
2.7190 54.9993 1.5585 0.0000 0.0000 0.0000 0.1200 1
2.6075 54.9998 1.7396 0.0000 0.0000 0.0000 0.1200 1
2.5116 55.0012 1.8800 0.0000 0.0000 0.0000 0.1200 1
2.3850 55.0005 2.0311 0.0000 0.0000 0.0000 0.1200 1
2.2478 55.0006 2.1728 0.0000 0.0000 0.0000 0.1200 1
2.1020 54.9999 2.3080 0.0000 0.0000 0.0000 0.1200 1
1.9431 55.0000 2.4355 0.0000 0.0000 0.0000 0.1200 1
1.7954 55.0001 2.5468 0.0000 0.0000 0.0000 0.1200 1
1.6318 55.0016 2.6493 0.0000 0.0000 0.0000 0.1200 1
1.4445 55.0002 2.7490 0.0000 0.0000 0.0000 0.1200 1
1.2880 54.9998 2.8213 0.0000 0.0000 0.0000 0.1200 1
1.0758 54.9998 2.9038 0.0000 0.0000 0.0000 0.1200 1
0.8983 54.9993 2.9560 0.0000 0.0000 0.0000 0.1200 1
0.6961 54.9998 3.0000 0.0000 0.0000 0.0000 0.1200 1
0.5084 54.9991 3.0301 0.0000 0.0000 0.0000 0.1200 1
0.3364 54.9990 3.0458 0.0000 0.0000 0.0000 0.1200 1
0.1008 54.9999 3.0534 0.0000 0.0000 0.0000 0.1200 1
-0.0810 54.9996 3.0481 0.0000 0.0000 0.0000 0.1200 1
-0.2721 55.0015 3.0288 0.0000 0.0000 0.0000 0.1200 1
-0.4801 55.0000 2.9981 0.0000 0.0000 0.0000 0.1200 1
-0.6666 54.9998 2.9491 0.0000 0.0000 0.0000 0.1200 1
-0.8224 54.9995 2.9011 0.0000 0.0000 0.0000 0.1200 1
-1.0326 54.9997 2.8232 0.0000 0.0000 0.0000 0.1200 1
-1.1966 54.9995 2.7474 0.0000 0.0000 0.0000 0.1200 1
-1.3803 55.0001 2.6482 0.0000 0.0000 0.0000 0.1200 1
-1.5386 54.9977 2.5542 0.0000 0.0000 0.0000 0.1200 1
-1.7054 54.9989 2.4329 0.0000 0.0000 0.0000 0.1200 1
-1.8550 54.9997 2.3127 0.0000 0.0000 0.0000 0.1200 1
-1.9898 55.0001 2.1872 0.0000 0.0000 0.0000 0.1200 1
-2.1254 54.9998 2.0371 0.0000 0.0000 0.0000 0.1200 1
-2.2602 55.0012 1.8797 0.0000 0.0000 0.0000 0.1200 1
-2.3585 54.9995 1.7326 0.0000 0.0000 0.0000 0.1200 1
-2.4761 54.9973 1.5523 0.0000 0.0000 0.0000 0.1200 1
-2.5661 54.9985 1.3814 0.0000 0.0000 0.0000 0.1200 1
-2.6453 55.0001 1.1989 0.0000 0.0000 0.0000 0.1200 1
-2.7175 54.9998 1.0197 0.0000 0.0000 0.0000 0.1200 1
-2.7719 55.0013 0.8341 0.0000 0.0000 0.0000 0.1200 1
-2.8205 55.0015 0.6318 0.0000 0.0000 0.0000 0.1200 1
-2.8507 54.9985 0.4545 0.0000 0.0000 0.0000 0.1200 1
-2.8706 54.9997 0.2409 0.0000 0.0000 0.0000 0.1200 1
-2.8733 55.0010 0.0630 0.0000 0.0000 0.0000 0.1200 1
-2.8703 55.0003 -0.1129 0.0000 0.0000 0.0000 0.1200 1
-2.8486 55.0014 -0.3406 0.0000 0.0000 0.0000 0.1200 1
-2.8193 54.9994 -0.5294 0.0000 0.0000 0.0000 0.1200 1
-2.7742 54.9993 -0.7203 0.0000 0.0000 0.0000 0.1200 1
-2.7153 54.9985 -0.9118 0.0000 0.0000 0.0000 0.1200 1
-2.6513 55.0003 -1.0832 0.0000 0.0000 0.0000 0.1200 1
-2.5669 54.9974 -1.2694 0.0000 0.0000 0.0000 0.1200 1
-2.4628 54.9993 -1.4586 0.0000 0.0000 0.0000 0.1200 1
-2.3673 54.9995 -1.6152 0.0000 0.0000 0.0000 0.1200 1
-2.2494 54.9994 -1.7779 0.0000 0.0000 0.0000 0.1200 1
-2.1318 55.0017 -1.9262 0.0000 0.0000 0.0000 0.1200 1
-1.9967 55.0009 -2.0670 0.0000 0.0000 0.0000 0.1200 1
-1.8404 55.0012 -2.2128 0.0000 0.0000 0.0000 0.1200 1
-1.6982 55.0002 -2.3272 0.0000 0.0000 0.0000 0.1200 1
-1.5402 54.9999 -2.4397 0.0000 0.0000 0.0000 0.1200 1
-1.3889 54.9995 -2.5368 0.0000 0.0000 0.0000 0.1200 1
-1.2139 54.9984 -2.6277 0.0000 0.0000 0.0000 0.1200 1
-1.0161 54.9988 -2.7243 0.0000 0.0000 0.0000 0.1200 1
-0.8517 55.0007 -2.7812 0.0000 0.0000 0.0000 0.1200 1
-0.6458 55.0003 -2.8414 0.0000 0.0000 0.0000 0.1200 1
-0.4469 55.0005 -2.8906 0.0000 0.0000 0.0000 0.1200 1
-0.2682 54.9988 -2.9159 0.0000 0.0000 0.0000 0.1200 1
-0.0580 55.0007 -2.9363 0.0000 0.0000 0.0000 0.1200 1
0.1331 55.0013 -2.9447 0.0000 0.0000 0.0000 0.1200 1
0.3180 55.0004 -2.9375 0.0000 0.0000 0.0000 0.1200 1
0.5296 55.0015 -2.9153 0.0000 0.0000 0.0000 0.1200 1
0.7141 54.9991 -2.8842 0.0000 0.0000 0.0000 0.1200 1
0.8967 55.0007 -2.8425 0.0000 0.0000 0.0000 0.1200 1
1.0953 55.0003 -2.7836 0.0000 0.0000 0.0000 0.1200 1
1.2654 54.9988 -2.7227 0.0000 0.0000 0.0000 0.1200 1
1.4637 54.9991 -2.6349 0.0000 0.0000 0.0000 0.1200 1
1.6240 54.9998 -2.5467 0.0000 0.0000 0.0000 0.1200 1
1.7930 54.9995 -2.4401 0.0000 0.0000 0.0000 0.1200 1
1.9648 55.0018 -2.3212 0.0000 0.0000 0.0000 0.1200 1
2.1048 54.9994 -2.2011 0.0000 0.0000 0.0000 0.1200 1
2.2504 54.9997 -2.0651 0.0000 0.0000 0.0000 0.1200 1
2.3765 55.0004 -1.9281 0.0000 0.0000 0.0000 0.1200 1
2.5200 54.9995 -1.7489 0.0000 0.0000 0.0000 0.1200 1
2.6186 55.0007 -1.6151 0.0000 0.0000 0.0000 0.1200 1
2.7236 54.9995 -1.4446 0.0000 0.0000 0.0000 0.1200 1
2.8059 55.0008 -1.2862 0.0000 0.0000 0.0000 0.1200 1
2.9018 55.0000 -1.0888 0.0000 0.0000 0.0000 0.1200 1
2.9641 54.9983 -0.9128 0.0000 0.0000 0.0000 0.1200 1
3.0186 55.0000 -0.7324 0.0000 0.0000 0.0000 0.1200 1
3.0693 54.9997 -0.5335 0.0000 0.0000 0.0000 0.1200 1
3.0990 54.9978 -0.3333 0.0000 0.0000 0.0000 0.1200 1
3.1215 54.9999 -0.1356 0.0000 0.0000 0.0000 0.1200 1
3.1237 55.5002 0.0572 0.0000 0.0000 0.0000 0.1200 1
3.1155 55.5000 0.2536 0.0000 0.0000 0.0000 0.1200 1
3.0945 55.4991 0.4497 0.0000 0.0000 0.0000 0.1200 1
3.0659 55.5006 0.6250 0.0000 0.0000 0.0000 0.1200 1
3.0242 55.5001 0.8190 0.0000 0.0000 0.0000 0.1200 1
2.9647 55.5001 1.0251 0.0000 0.0000 0.0000 0.1200 1
2.9018 55.4993 1.1937 0.0000 0.0000 0.0000 0.1200 1
2.8080 55.4994 1.3931 0.0000 0.0000 0.0000 0.1200 1
2.7120 55.4990 1.5673 0.0000 0.0000 0.0000 0.1200 1
2.6183 55.4987 1.7202 0.0000 0.0000 0.0000 0.1200 1
2.4976 55.5013 1.8922 0.0000 0.0000 0.0000 0.1200 1
2.3848 55.5004 2.0231 0.0000 0.0000 0.0000 0.1200 1
2.2525 55.5008 2.1778 0.0000 0.0000 0.0000 0.1200 1
2.1037 55.5000 2.3121 0.0000 0.0000 0.0000 0.1200 1
1.9424 55.5000 2.4402 0.0000 0.0000 0.0000 0.1200 1
1.7784 55.4998 2.5592 0.0000 0.0000 0.0000 0.1200 1
1.6214 55.4997 2.6561 0.0000 0.0000 0.0000 0.1200 1
1.4522 55.5006 2.7441 0.0000 0.0000 0.0000 0.1200 1
1.2802 55.4984 2.8230 0.0000 0.0000 0.0000 0.1200 1
1.0770 55.5013 2.9016 0.0000 0.0000 0.0000 0.1200 1
0.8903 55.5007 2.9547 0.0000 0.0000 0.0000 0.1200 1
0.6954 55.5006 3.0018 0.0000 0.0000 0.0000 0.1200 1
0.5105 55.4995 3.0347 0.0000 0.0000 0.0000 0.1200 1
0.3340 55.5003 3.0495 0.0000 0.0000 0.0000 0.1200 1
0.1221 55.4994 3.0588 0.0000 0.0000 0.0000 0.1200 1
-0.0584 55.5015 3.0532 0.0000 0.0000 0.0000 0.1200 1
-0.2807 55.4983 3.0263 0.0000 0.0000 0.0000 0.1200 1
-0.4636 55.4987 2.9958 0.0000 0.0000 0.0000 0.1200 1
-0.6695 55.4992 2.9499 0.0000 0.0000 0.0000 0.1200 1
-0.8378 55.4996 2.8962 0.0000 0.0000 0.0000 0.1200 1
-1.0305 55.5003 2.8203 0.0000 0.0000 0.0000 0.1200 1
-1.2210 55.4982 2.7364 0.0000 0.0000 0.0000 0.1200 1
-1.3725 55.5008 2.6581 0.0000 0.0000 0.0000 0.1200 1
-1.5316 55.4979 2.5563 0.0000 0.0000 0.0000 0.1200 1
-1.6930 55.5001 2.4430 0.0000 0.0000 0.0000 0.1200 1
-1.8523 55.5014 2.3133 0.0000 0.0000 0.0000 0.1200 1
-1.9943 55.5004 2.1758 0.0000 0.0000 0.0000 0.1200 1
-2.1363 55.5014 2.0274 0.0000 0.0000 0.0000 0.1200 1
-2.2542 55.4993 1.8810 0.0000 0.0000 0.0000 0.1200 1
-2.3810 55.4995 1.7072 0.0000 0.0000 0.0000 0.1200 1
-2.4765 55.5008 1.5514 0.0000 0.0000 0.0000 0.1200 1
-2.5627 55.4989 1.3972 0.0000 0.0000 0.0000 0.1200 1
-2.6505 55.5005 1.1973 0.0000 0.0000 0.0000 0.1200 1
-2.7190 55.5004 1.0190 0.0000 0.0000 0.0000 0.1200 1
-2.7758 55.4985 0.8341 0.0000 0.0000 0.0000 0.1200 1
-2.8226 55.5000 0.6250 0.0000 0.0000 0.0000 0.1200 1
-2.8472 55.5005 0.4626 0.0000 0.0000 0.0000 0.1200 1
-2.8731 55.5013 0.2574 0.0000 0.0000 0.0000 0.1200 1
-2.8781 55.4997 0.0673 0.0000 0.0000 0.0000 0.1200 1
-2.8659 55.5016 -0.1436 0.0000 0.0000 0.0000 0.1200 1
-2.8539 55.4995 -0.3268 0.0000 0.0000 0.0000 0.1200 1
-2.8181 55.5012 -0.5346 0.0000 0.0000 0.0000 0.1200 1
-2.7734 55.5001 -0.7197 0.0000 0.0000 0.0000 0.1200 1
-2.7112 55.5013 -0.9147 0.0000 0.0000 0.0000 0.1200 1
-2.6523 55.4987 -1.0857 0.0000 0.0000 0.0000 0.1200 1
-2.5781 55.4984 -1.2533 0.0000 0.0000 0.0000 0.1200 1
-2.4835 55.5003 -1.4311 0.0000 0.0000 0.0000 0.1200 1
-2.3678 55.4999 -1.6195 0.0000 0.0000 0.0000 0.1200 1
-2.2599 55.5001 -1.7678 0.0000 0.0000 0.0000 0.1200 1
-2.1248 55.5003 -1.9297 0.0000 0.0000 0.0000 0.1200 1
-2.0092 55.5001 -2.0542 0.0000 0.0000 0.0000 0.1200 1
-1.8439 55.4985 -2.2128 0.0000 0.0000 0.0000 0.1200 1
-1.7192 55.5002 -2.3161 0.0000 0.0000 0.0000 0.1200 1
-1.5556 55.4986 -2.4296 0.0000 0.0000 0.0000 0.1200 1
-1.3727 55.4986 -2.5443 0.0000 0.0000 0.0000 0.1200 1
-1.1997 55.4996 -2.6395 0.0000 0.0000 0.0000 0.1200 1
-1.0082 55.4977 -2.7228 0.0000 0.0000 0.0000 0.1200 1
-0.8303 55.5001 -2.7924 0.0000 0.0000 0.0000 0.1200 1
-0.6541 55.5011 -2.8377 0.0000 0.0000 0.0000 0.1200 1
-0.4493 55.4987 -2.8929 0.0000 0.0000 0.0000 0.1200 1
-0.2770 55.4994 -2.9196 0.0000 0.0000 0.0000 0.1200 1
-0.0709 55.4986 -2.9376 0.0000 0.0000 0.0000 0.1200 1
0.1254 55.5018 -2.9438 0.0000 0.0000 0.0000 0.1200 1
0.3346 55.5004 -2.9346 0.0000 0.0000 0.0000 0.1200 1
0.5040 55.4994 -2.9182 0.0000 0.0000 0.0000 0.1200 1
0.7087 55.5003 -2.8883 0.0000 0.0000 0.0000 0.1200 1
0.9000 55.5015 -2.8417 0.0000 0.0000 0.0000 0.1200 1
1.0654 55.4975 -2.7893 0.0000 0.0000 0.0000 0.1200 1
1.2758 55.4992 -2.7129 0.0000 0.0000 0.0000 0.1200 1
1.4644 55.4993 -2.6268 0.0000 0.0000 0.0000 0.1200 1
1.6264 55.5023 -2.5416 0.0000 0.0000 0.0000 0.1200 1
1.8050 55.5003 -2.4290 0.0000 0.0000 0.0000 0.1200 1
1.9466 55.4994 -2.3258 0.0000 0.0000 0.0000 0.1200 1
2.0907 55.5002 -2.2061 0.0000 0.0000 0.0000 0.1200 1
2.2516 55.4988 -2.0610 0.0000 0.0000 0.0000 0.1200 1
2.3839 55.4985 -1.9157 0.0000 0.0000 0.0000 0.1200 1
2.4993 55.5016 -1.7705 0.0000 0.0000 0.0000 0.1200 1
2.6074 55.5004 -1.6194 0.0000 0.0000 0.0000 0.1200 1
2.7172 55.5000 -1.4568 0.0000 0.0000 0.0000 0.1200 1
2.8217 55.5002 -1.2613 0.0000 0.0000 0.0000 0.1200 1
2.8889 55.4994 -1.1039 0.0000 0.0000 0.0000 0.1200 1
2.9638 55.5006 -0.9134 0.0000 0.0000 0.0000 0.1200 1
3.0283 55.4989 -0.7103 0.0000 0.0000 0.0000 0.1200 1
3.0665 55.5019 -0.5381 0.0000 0.0000 0.0000 0.1200 1
3.0946 55.5002 -0.3349 0.0000 0.0000 0.0000 0.1200 1
3.1183 55.5007 -0.1408 0.0000 0.0000 0.0000 0.1200 1
3.1224 55.9989 0.0427 0.0000 0.0000 0.0000 0.1200 1
3.1158 56.0007 0.2590 0.0000 0.0000 0.0000 0.1200 1
3.0936 55.9987 0.4506 0.0000 0.0000 0.0000 0.1200 1
3.0637 56.0005 0.6462 0.0000 0.0000 0.0000 0.1200 1
3.0232 55.9993 0.8227 0.0000 0.0000 0.0000 0.1200 1
2.9670 56.0022 1.0073 0.0000 0.0000 0.0000 0.1200 1
2.8895 56.0017 1.2221 0.0000 0.0000 0.0000 0.1200 1
2.8065 55.9997 1.3842 0.0000 0.0000 0.0000 0.1200 1
2.7229 56.0008 1.5506 0.0000 0.0000 0.0000 0.1200 1
2.6073 56.0006 1.7324 0.0000 0.0000 0.0000 0.1200 1
2.5079 56.0029 1.8709 0.0000 0.0000 0.0000 0.1200 1
2.3928 56.0008 2.0164 0.0000 0.0000 0.0000 0.1200 1
2.2527 55.9992 2.1647 0.0000 0.0000 0.0000 0.1200 1
2.0942 55.9991 2.3136 0.0000 0.0000 0.0000 0.1200 1
1.9327 55.9981 2.4436 0.0000 0.0000 0.0000 0.1200 1
1.7815 55.9989 2.5560 0.0000 0.0000 0.0000 0.1200 1
1.6095 55.9989 2.6589 0.0000 0.0000 0.0000 0.1200 1
1.4371 56.0022 2.7524 0.0000 0.0000 0.0000 0.1200 1
1.2584 55.9993 2.8320 0.0000 0.0000 0.0000 0.1200 1
1.0940 55.9999 2.8950 0.0000 0.0000 0.0000 0.1200 1
0.9068 56.0003 2.9481 0.0000 0.0000 0.0000 0.1200 1
0.7177 56.0000 2.9912 0.0000 0.0000 0.0000 0.1200 1
0.4961 56.0003 3.0352 0.0000 0.0000 0.0000 0.1200 1
0.3216 55.9999 3.0503 0.0000 0.0000 0.0000 0.1200 1
0.1272 55.9992 3.0575 0.0000 0.0000 0.0000 0.1200 1
-0.0708 55.9999 3.0517 0.0000 0.0000 0.0000 0.1200 1
-0.2483 56.0002 3.0345 0.0000 0.0000 0.0000 0.1200 1
-0.4632 56.0012 3.0000 0.0000 0.0000 0.0000 0.1200 1
-0.6651 55.9979 2.9545 0.0000 0.0000 0.0000 0.1200 1
-0.8357 55.9974 2.9027 0.0000 0.0000 0.0000 0.1200 1
-1.0245 56.0016 2.8274 0.0000 0.0000 0.0000 0.1200 1
-1.1854 55.9995 2.7526 0.0000 0.0000 0.0000 0.1200 1
-1.3826 55.9987 2.6529 0.0000 0.0000 0.0000 0.1200 1
-1.5360 56.0009 2.5593 0.0000 0.0000 0.0000 0.1200 1
-1.7128 56.0000 2.4286 0.0000 0.0000 0.0000 0.1200 1
-1.8543 55.9974 2.3174 0.0000 0.0000 0.0000 0.1200 1
-2.0049 56.0001 2.1721 0.0000 0.0000 0.0000 0.1200 1
-2.1276 55.9990 2.0400 0.0000 0.0000 0.0000 0.1200 1
-2.2699 55.9987 1.8752 0.0000 0.0000 0.0000 0.1200 1
-2.3806 56.0002 1.7160 0.0000 0.0000 0.0000 0.1200 1
-2.4704 55.9991 1.5659 0.0000 0.0000 0.0000 0.1200 1
-2.5726 56.0000 1.3782 0.0000 0.0000 0.0000 0.1200 1
-2.6462 55.9997 1.2140 0.0000 0.0000 0.0000 0.1200 1
-2.7145 56.0015 1.0340 0.0000 0.0000 0.0000 0.1200 1
-2.7791 56.0008 0.8290 0.0000 0.0000 0.0000 0.1200 1
-2.8245 55.9998 0.6382 0.0000 0.0000 0.0000 0.1200 1
-2.8514 55.9989 0.4593 0.0000 0.0000 0.0000 0.1200 1
-2.8716 56.0004 0.2521 0.0000 0.0000 0.0000 0.1200 1
-2.8820 55.9993 0.0369 0.0000 0.0000 0.0000 0.1200 1
-2.8714 55.9989 -0.1376 0.0000 0.0000 0.0000 0.1200 1
-2.8551 56.0015 -0.3212 0.0000 0.0000 0.0000 0.1200 1
-2.8292 55.9995 -0.5120 0.0000 0.0000 0.0000 0.1200 1
-2.7760 55.9996 -0.7199 0.0000 0.0000 0.0000 0.1200 1
-2.7174 55.9985 -0.9094 0.0000 0.0000 0.0000 0.1200 1
-2.6497 56.0008 -1.0892 0.0000 0.0000 0.0000 0.1200 1
-2.5753 56.0005 -1.2686 0.0000 0.0000 0.0000 0.1200 1
-2.4838 56.0005 -1.4335 0.0000 0.0000 0.0000 0.1200 1
-2.3812 55.9999 -1.6003 0.0000 0.0000 0.0000 0.1200 1
-2.2535 56.0017 -1.7762 0.0000 0.0000 0.0000 0.1200 1
-2.1501 55.9995 -1.9056 0.0000 0.0000 0.0000 0.1200 1
-2.0004 55.9998 -2.0666 0.0000 0.0000 0.0000 0.1200 1
-1.8507 56.0009 -2.2053 0.0000 0.0000 0.0000 0.1200 1
-1.7006 56.0008 -2.3221 0.0000 0.0000 0.0000 0.1200 1
-1.5354 56.0004 -2.4407 0.0000 0.0000 0.0000 0.1200 1
-1.3801 56.0009 -2.5388 0.0000 0.0000 0.0000 0.1200 1
-1.2269 56.0008 -2.6283 0.0000 0.0000 0.0000 0.1200 1
-1.0273 55.9998 -2.7154 0.0000 0.0000 0.0000 0.1200 1
-0.8621 55.9989 -2.7781 0.0000 0.0000 0.0000 0.1200 1
-0.6444 56.0000 -2.8453 0.0000 0.0000 0.0000 0.1200 1
-0.4617 55.9996 -2.8876 0.0000 0.0000 0.0000 0.1200 1
-0.2801 56.0023 -2.9210 0.0000 0.0000 0.0000 0.1200 1
-0.0759 55.9996 -2.9391 0.0000 0.0000 0.0000 0.1200 1
0.1213 55.9989 -2.9442 0.0000 0.0000 0.0000 0.1200 1
0.3129 56.0000 -2.9384 0.0000 0.0000 0.0000 0.1200 1
0.4963 55.9989 -2.9196 0.0000 0.0000 0.0000 0.1200 1
0.7208 56.0002 -2.8835 0.0000 0.0000 0.0000 0.1200 1
0.9105 56.0010 -2.8365 0.0000 0.0000 0.0000 0.1200 1
1.0925 55.9994 -2.7800 0.0000 0.0000 0.0000 0.1200 1
1.2672 55.9995 -2.7163 0.0000 0.0000 0.0000 0.1200 1
1.4595 56.0003 -2.6303 0.0000 0.0000 0.0000 0.1200 1
1.6169 56.0006 -2.5436 0.0000 0.0000 0.0000 0.1200 1
1.7815 56.0012 -2.4400 0.0000 0.0000 0.0000 0.1200 1
1.9616 55.9995 -2.3173 0.0000 0.0000 0.0000 0.1200 1
2.1100 56.0014 -2.1905 0.0000 0.0000 0.0000 0.1200 1
2.2428 56.0027 -2.0652 0.0000 0.0000 0.0000 0.1200 1
2.3745 56.0004 -1.9260 0.0000 0.0000 0.0000 0.1200 1
2.5066 55.9978 -1.7594 0.0000 0.0000 0.0000 0.1200 1
2.6195 55.9990 -1.6019 0.0000 0.0000 0.0000 0.1200 1
2.7057 55.9994 -1.4632 0.0000 0.0000 0.0000 0.1200 1
2.8102 55.9996 -1.2729 0.0000 0.0000 0.0000 0.1200 1
2.8863 56.0018 -1.1122 0.0000 0.0000 0.0000 0.1200 1
2.9680 56.0009 -0.8990 0.0000 0.0000 0.0000 0.1200 1
3.0185 55.9992 -0.7231 0.0000 0.0000 0.0000 0.1200 1
3.0644 55.9999 -0.5210 0.0000 0.0000 0.0000 0.1200 1
3.1009 55.9989 -0.3290 0.0000 0.0000 0.0000 0.1200 1
3.1137 56.0005 -0.1380 0.0000 0.0000 0.0000 0.1200 1
3.1219 56.5011 0.0628 0.0000 0.0000 0.0000 0.1200 1
3.1148 56.4981 0.2561 0.0000 0.0000 0.0000 0.1200 1
3.0951 56.5011 0.4457 0.0000 0.0000 0.0000 0.1200 1
3.0584 56.5001 0.6368 0.0000 0.0000 0.0000 0.1200 1
3.0212 56.4998 0.8355 0.0000 0.0000 0.0000 0.1200 1
2.9632 56.4997 1.0133 0.0000 0.0000 0.0000 0.1200 1
2.8972 56.4992 1.1881 0.0000 0.0000 0.0000 0.1200 1
2.8065 56.5002 1.3974 0.0000 0.0000 0.0000 0.1200 1
2.7275 56.4995 1.5392 0.0000 0.0000 0.0000 0.1200 1
2.6230 56.4990 1.7084 0.0000 0.0000 0.0000 0.1200 1
2.4954 56.4992 1.8850 0.0000 0.0000 0.0000 0.1200 1
2.3773 56.4983 2.0289 0.0000 0.0000 0.0000 0.1200 1
2.2302 56.4999 2.1871 0.0000 0.0000 0.0000 0.1200 1
2.0898 56.4995 2.3227 0.0000 0.0000 0.0000 0.1200 1
1.9482 56.5001 2.4331 0.0000 0.0000 0.0000 0.1200 1
1.7713 56.4995 2.5634 0.0000 0.0000 0.0000 0.1200 1
1.6263 56.5008 2.6541 0.0000 0.0000 0.0000 0.1200 1
1.4231 56.5017 2.7593 0.0000 0.0000 0.0000 0.1200 1
1.2615 56.5004 2.8303 0.0000 0.0000 0.0000 0.1200 1
1.1019 56.5008 2.8914 0.0000 0.0000 0.0000 0.1200 1
0.8891 56.4998 2.9535 0.0000 0.0000 0.0000 0.1200 1
0.7021 56.5006 3.0005 0.0000 0.0000 0.0000 0.1200 1
0.5199 56.5008 3.0312 0.0000 0.0000 0.0000 0.1200 1
0.3086 56.4986 3.0525 0.0000 0.0000 0.0000 0.1200 1
0.1269 56.4987 3.0581 0.0000 0.0000 0.0000 0.1200 1
-0.0781 56.5001 3.0514 0.0000 0.0000 0.0000 0.1200 1
-0.2798 56.5016 3.0302 0.0000 0.0000 0.0000 0.1200 1
-0.4641 56.4999 2.9988 0.0000 0.0000 0.0000 0.1200 1
-0.6522 56.4990 2.9584 0.0000 0.0000 0.0000 0.1200 1
-0.8371 56.5003 2.8961 0.0000 0.0000 0.0000 0.1200 1
-1.0268 56.5000 2.8278 0.0000 0.0000 0.0000 0.1200 1
-1.2080 56.4983 2.7461 0.0000 0.0000 0.0000 0.1200 1
-1.3782 56.5005 2.6576 0.0000 0.0000 0.0000 0.1200 1
-1.5374 56.5006 2.5557 0.0000 0.0000 0.0000 0.1200 1
-1.7149 56.4998 2.4304 0.0000 0.0000 0.0000 0.1200 1
-1.8652 56.4999 2.3070 0.0000 0.0000 0.0000 0.1200 1
-2.0037 56.4989 2.1778 0.0000 0.0000 0.0000 0.1200 1
-2.1312 56.4992 2.0442 0.0000 0.0000 0.0000 0.1200 1
-2.2629 56.4996 1.8795 0.0000 0.0000 0.0000 0.1200 1
-2.3736 56.4982 1.7255 0.0000 0.0000 0.0000 0.1200 1
-2.4766 56.5006 1.5616 0.0000 0.0000 0.0000 0.1200 1
-2.5738 56.5005 1.3684 0.0000 0.0000 0.0000 0.1200 1
-2.6548 56.4987 1.2028 0.0000 0.0000 0.0000 0.1200 1
-2.7217 56.4997 1.0196 0.0000 0.0000 0.0000 0.1200 1
-2.7770 56.5023 0.8351 0.0000 0.0000 0.0000 0.1200 1
-2.8213 56.4977 0.6416 0.0000 0.0000 0.0000 0.1200 1
-2.8554 56.5024 0.4430 0.0000 0.0000 0.0000 0.1200 1
-2.8727 56.5012 0.2479 0.0000 0.0000 0.0000 0.1200 1
-2.8814 56.4988 0.0598 0.0000 0.0000 0.0000 0.1200 1
-2.8757 56.4999 -0.1327 0.0000 0.0000 0.0000 0.1200 1
-2.8578 56.4998 -0.3138 0.0000 0.0000 0.0000 0.1200 1
-2.8201 56.4998 -0.5353 0.0000 0.0000 0.0000 0.1200 1
-2.7783 56.5006 -0.7178 0.0000 0.0000 0.0000 0.1200 1
-2.7258 56.4993 -0.8864 0.0000 0.0000 0.0000 0.1200 1
-2.6574 56.5017 -1.0785 0.0000 0.0000 0.0000 0.1200 1
-2.5833 56.5012 -1.2481 0.0000 0.0000 0.0000 0.1200 1
-2.4769 56.4987 -1.4414 0.0000 0.0000 0.0000 0.1200 1
-2.3721 56.4993 -1.6141 0.0000 0.0000 0.0000 0.1200 1
-2.2680 56.4981 -1.7587 0.0000 0.0000 0.0000 0.1200 1
-2.1286 56.4999 -1.9310 0.0000 0.0000 0.0000 0.1200 1
-2.0066 56.5007 -2.0590 0.0000 0.0000 0.0000 0.1200 1
-1.8678 56.4990 -2.1902 0.0000 0.0000 0.0000 0.1200 1
-1.7034 56.5007 -2.3218 0.0000 0.0000 0.0000 0.1200 1
-1.5447 56.5000 -2.4403 0.0000 0.0000 0.0000 0.1200 1
-1.3574 56.5006 -2.5567 0.0000 0.0000 0.0000 0.1200 1
-1.2089 56.4998 -2.6349 0.0000 0.0000 0.0000 0.1200 1
-1.0302 56.4998 -2.7147 0.0000 0.0000 0.0000 0.1200 1
-0.8465 56.5002 -2.7827 0.0000 0.0000 0.0000 0.1200 1
-0.6589 56.5008 -2.8413 0.0000 0.0000 0.0000 0.1200 1
-0.4772 56.4999 -2.8840 0.0000 0.0000 0.0000 0.1200 1
-0.2735 56.5002 -2.9161 0.0000 0.0000 0.0000 0.1200 1
-0.0842 56.5004 -2.9341 0.0000 0.0000 0.0000 0.1200 1
0.1138 56.5010 -2.9445 0.0000 0.0000 0.0000 0.1200 1
0.3134 56.4995 -2.9382 0.0000 0.0000 0.0000 0.1200 1
0.5161 56.5009 -2.9201 0.0000 0.0000 0.0000 0.1200 1
0.7048 56.5006 -2.8892 0.0000 0.0000 0.0000 0.1200 1
0.9260 56.5003 -2.8297 0.0000 0.0000 0.0000 0.1200 1
1.0765 56.5004 -2.7823 0.0000 0.0000 0.0000 0.1200 1
1.2698 56.5008 -2.7142 0.0000 0.0000 0.0000 0.1200 1
1.4440 56.5002 -2.6342 0.0000 0.0000 0.0000 0.1200 1
1.6202 56.5007 -2.5428 0.0000 0.0000 0.0000 0.1200 1
1.7961 56.5007 -2.4334 0.0000 0.0000 0.0000 0.1200 1
1.9473 56.4993 -2.3208 0.0000 0.0000 0.0000 0.1200 1
2.0914 56.4991 -2.2023 0.0000 0.0000 0.0000 0.1200 1
2.2368 56.4986 -2.0679 0.0000 0.0000 0.0000 0.1200 1
2.3837 56.4986 -1.9108 0.0000 0.0000 0.0000 0.1200 1
2.4910 56.5010 -1.7812 0.0000 0.0000 0.0000 0.1200 1
2.6157 56.4997 -1.6093 0.0000 0.0000 0.0000 0.1200 1
2.7054 56.5015 -1.4643 0.0000 0.0000 0.0000 0.1200 1
2.8079 56.4999 -1.2723 0.0000 0.0000 0.0000 0.1200 1
2.8891 56.5003 -1.0976 0.0000 0.0000 0.0000 0.1200 1
2.9610 56.5019 -0.9113 0.0000 0.0000 0.0000 0.1200 1
3.0160 56.4989 -0.7246 0.0000 0.0000 0.0000 0.1200 1
3.0634 56.4991 -0.5249 0.0000 0.0000 0.0000 0.1200 1
3.0933 56.4990 -0.3385 0.0000 0.0000 0.0000 0.1200 1
3.1099 56.5004 -0.1492 0.0000 0.0000 0.0000 0.1200 1
3.1177 57.0001 0.0567 0.0000 0.0000 0.0000 0.1200 1
3.1119 56.9995 0.2628 0.0000 0.0000 0.0000 0.1200 1
3.0905 57.0007 0.4511 0.0000 0.0000 0.0000 0.1200 1
3.0576 57.0005 0.6523 0.0000 0.0000 0.0000 0.1200 1
3.0145 57.0000 0.8249 0.0000 0.0000 0.0000 0.1200 1
2.9572 56.9990 1.0297 0.0000 0.0000 0.0000 0.1200 1
2.8887 57.0012 1.2091 0.0000 0.0000 0.0000 0.1200 1
2.8098 57.0002 1.3836 0.0000 0.0000 0.0000 0.1200 1
2.7108 57.0000 1.5670 0.0000 0.0000 0.0000 0.1200 1
2.6179 57.0014 1.7177 0.0000 0.0000 0.0000 0.1200 1
2.5000 56.9988 1.8821 0.0000 0.0000 0.0000 0.1200 1
2.3734 56.9991 2.0347 0.0000 0.0000 0.0000 0.1200 1
2.2350 57.0002 2.1763 0.0000 0.0000 0.0000 0.1200 1
2.0940 57.0000 2.3174 0.0000 0.0000 0.0000 0.1200 1
1.9646 56.9986 2.4215 0.0000 0.0000 0.0000 0.1200 1
1.7986 56.9998 2.5409 0.0000 0.0000 0.0000 0.1200 1
1.6208 56.9974 2.6512 0.0000 0.0000 0.0000 0.1200 1
1.4414 56.9995 2.7520 0.0000 0.0000 0.0000 0.1200 1
1.2716 57.0005 2.8226 0.0000 0.0000 0.0000 0.1200 1
1.0783 57.0000 2.9006 0.0000 0.0000 0.0000 0.1200 1
0.8953 57.0002 2.9544 0.0000 0.0000 0.0000 0.1200 1
0.7012 57.0010 2.9989 0.0000 0.0000 0.0000 0.1200 1
0.5020 56.9996 3.0296 0.0000 0.0000 0.0000 0.1200 1
0.3319 56.9997 3.0486 0.0000 0.0000 0.0000 0.1200 1
0.1057 57.0011 3.0581 0.0000 0.0000 0.0000 0.1200 1
-0.0750 56.9994 3.0478 0.0000 0.0000 0.0000 0.1200 1
-0.2758 56.9978 3.0325 0.0000 0.0000 0.0000 0.1200 1
-0.4752 57.0027 3.0000 0.0000 0.0000 0.0000 0.1200 1
-0.6515 56.9989 2.9538 0.0000 0.0000 0.0000 0.1200 1
-0.8466 56.9984 2.8974 0.0000 0.0000 0.0000 0.1200 1
-1.0273 57.0008 2.8325 0.0000 0.0000 0.0000 0.1200 1
-1.2097 57.0003 2.7489 0.0000 0.0000 0.0000 0.1200 1
-1.3822 56.9993 2.6581 0.0000 0.0000 0.0000 0.1200 1
-1.5513 57.0008 2.5486 0.0000 0.0000 0.0000 0.1200 1
-1.6972 56.9992 2.4480 0.0000 0.0000 0.0000 0.1200 1
-1.8562 56.9983 2.3139 0.0000 0.0000 0.0000 0.1200 1
-2.0083 56.9995 2.1751 0.0000 0.0000 0.0000 0.1200 1
-2.1455 57.0005 2.0260 0.0000 0.0000 0.0000 0.1200 1
-2.2655 57.0024 1.8769 0.0000 0.0000 0.0000 0.1200 1
-2.3871 57.0009 1.7049 0.0000 0.0000 0.0000 0.1200 1
-2.4751 57.0010 1.5649 0.0000 0.0000 0.0000 0.1200 1
-2.5756 57.0004 1.3797 0.0000 0.0000 0.0000 0.1200 1
-2.6583 56.9998 1.1981 0.0000 0.0000 0.0000 0.1200 1
-2.7295 57.0017 1.0097 0.0000 0.0000 0.0000 0.1200 1
-2.7734 56.9992 0.8540 0.0000 0.0000 0.0000 0.1200 1
-2.8273 57.0007 0.6452 0.0000 0.0000 0.0000 0.1200 1
-2.8556 57.0008 0.4387 0.0000 0.0000 0.0000 0.1200 1
-2.8763 56.9998 0.2539 0.0000 0.0000 0.0000 0.1200 1
-2.8822 57.0000 0.0559 0.0000 0.0000 0.0000 0.1200 1
-2.8787 57.0012 -0.1255 0.0000 0.0000 0.0000 0.1200 1
-2.8593 57.0012 -0.3205 0.0000 0.0000 0.0000 0.1200 1
-2.8244 57.0005 -0.5170 0.0000 0.0000 0.0000 0.1200 1
-2.7835 57.0001 -0.7170 0.0000 0.0000 0.0000 0.1200 1
-2.7249 56.9994 -0.9028 0.0000 0.0000 0.0000 0.1200 1
-2.6567 56.9996 -1.0921 0.0000 0.0000 0.0000 0.1200 1
-2.5703 56.9999 -1.2754 0.0000 0.0000 0.0000 0.1200 1
-2.4828 56.9999 -1.4388 0.0000 0.0000 0.0000 0.1200 1
-2.3754 56.9987 -1.6099 0.0000 0.0000 0.0000 0.1200 1
-2.2612 56.9992 -1.7734 0.0000 0.0000 0.0000 0.1200 1
-2.1324 57.0011 -1.9249 0.0000 0.0000 0.0000 0.1200 1
-2.0036 56.9994 -2.0645 0.0000 0.0000 0.0000 0.1200 1
-1.8584 57.0002 -2.1970 0.0000 0.0000 0.0000 0.1200 1
-1.7097 56.9989 -2.3188 0.0000 0.0000 0.0000 0.1200 1
-1.5389 56.9995 -2.4454 0.0000 0.0000 0.0000 0.1200 1
-1.3800 57.0010 -2.5441 0.0000 0.0000 0.0000 0.1200 1
-1.2115 56.9987 -2.6367 0.0000 0.0000 0.0000 0.1200 1
-1.0322 56.9992 -2.7139 0.0000 0.0000 0.0000 0.1200 1
-0.8401 57.0011 -2.7850 0.0000 0.0000 0.0000 0.1200 1
-0.6681 57.0001 -2.8372 0.0000 0.0000 0.0000 0.1200 1
-0.4485 57.0002 -2.8874 0.0000 0.0000 0.0000 0.1200 1
-0.2779 57.0011 -2.9152 0.0000 0.0000 0.0000 0.1200 1
-0.0846 56.9994 -2.9333 0.0000 0.0000 0.0000 0.1200 1
0.1277 56.9987 -2.9454 0.0000 0.0000 0.0000 0.1200 1
0.3162 57.0016 -2.9329 0.0000 0.0000 0.0000 0.1200 1
0.5265 57.0006 -2.9145 0.0000 0.0000 0.0000 0.1200 1
0.6998 56.9974 -2.8866 0.0000 0.0000 0.0000 0.1200 1
0.9013 57.0002 -2.8404 0.0000 0.0000 0.0000 0.1200 1
1.0740 56.9992 -2.7879 0.0000 0.0000 0.0000 0.1200 1
1.2606 57.0025 -2.7172 0.0000 0.0000 0.0000 0.1200 1
1.4445 56.9993 -2.6393 0.0000 0.0000 0.0000 0.1200 1
1.6271 57.0012 -2.5348 0.0000 0.0000 0.0000 0.1200 1
1.7694 57.0013 -2.4461 0.0000 0.0000 0.0000 0.1200 1
1.9501 56.9993 -2.3188 0.0000 0.0000 0.0000 0.1200 1
2.0840 57.0010 -2.2089 0.0000 0.0000 0.0000 0.1200 1
2.2437 56.9991 -2.0549 0.0000 0.0000 0.0000 0.1200 1
2.3890 57.0001 -1.9042 0.0000 0.0000 0.0000 0.1200 1
2.5045 56.9999 -1.7606 0.0000 0.0000 0.0000 0.1200 1
2.5989 56.9998 -1.6263 0.0000 0.0000 0.0000 0.1200 1
2.7192 56.9991 -1.4343 0.0000 0.0000 0.0000 0.1200 1
2.8076 56.9994 -1.2665 0.0000 0.0000 0.0000 0.1200 1
2.8956 57.0001 -1.0752 0.0000 0.0000 0.0000 0.1200 1
2.9559 56.9998 -0.9089 0.0000 0.0000 0.0000 0.1200 1
3.0131 57.0000 -0.7415 0.0000 0.0000 0.0000 0.1200 1
3.0615 56.9980 -0.5279 0.0000 0.0000 0.0000 0.1200 1
3.0890 57.0010 -0.3321 0.0000 0.0000 0.0000 0.1200 1
3.1126 57.0010 -0.1520 0.0000 0.0000 0.0000 0.1200 1
3.1165 57.5016 0.0500 0.0000 0.0000 0.0000 0.1200 1
3.1118 57.4984 0.2632 0.0000 0.0000 0.0000 0.1200 1
3.0869 57.5006 0.4553 0.0000 0.0000 0.0000 0.1200 1
3.0646 57.4994 0.6404 0.0000 0.0000 0.0000 0.1200 1
3.0195 57.5004 0.8035 0.0000 0.0000 0.0000 0.1200 1
2.9602 57.5008 1.0123 0.0000 0.0000 0.0000 0.1200 1
2.8891 57.4984 1.2060 0.0000 0.0000 0.0000 0.1200 1
2.8063 57.4998 1.3843 0.0000 0.0000 0.0000 0.1200 1
2.7256 57.4979 1.5353 0.0000 0.0000 0.0000 0.1200 1
2.6148 57.4992 1.7165 0.0000 0.0000 0.0000 0.1200 1
2.4880 57.4999 1.8948 0.0000 0.0000 0.0000 0.1200 1
2.3759 57.5005 2.0311 0.0000 0.0000 0.0000 0.1200 1
2.2466 57.5008 2.1697 0.0000 0.0000 0.0000 0.1200 1
2.0884 57.4991 2.3171 0.0000 0.0000 0.0000 0.1200 1
1.9447 57.5001 2.4364 0.0000 0.0000 0.0000 0.1200 1
1.7751 57.4976 2.5559 0.0000 0.0000 0.0000 0.1200 1
1.6319 57.4997 2.6458 0.0000 0.0000 0.0000 0.1200 1
1.4328 57.4998 2.7546 0.0000 0.0000 0.0000 0.1200 1
1.2538 57.5010 2.8326 0.0000 0.0000 0.0000 0.1200 1
1.0895 57.4981 2.8934 0.0000 0.0000 0.0000 0.1200 1
0.8748 57.4986 2.9586 0.0000 0.0000 0.0000 0.1200 1
0.6984 57.4998 3.0010 0.0000 0.0000 0.0000 0.1200 1
0.5263 57.4995 3.0295 0.0000 0.0000 0.0000 0.1200 1
0.3021 57.4991 3.0542 0.0000 0.0000 0.0000 0.1200 1
0.1048 57.5004 3.0580 0.0000 0.0000 0.0000 0.1200 1
-0.0801 57.5011 3.0533 0.0000 0.0000 0.0000 0.1200 1
-0.2807 57.4990 3.0349 0.0000 0.0000 0.0000 0.1200 1
-0.4458 57.5019 3.0039 0.0000 0.0000 0.0000 0.1200 1
-0.6593 57.4994 2.9574 0.0000 0.0000 0.0000 0.1200 1
-0.8439 57.5009 2.8997 0.0000 0.0000 0.0000 0.1200 1
-1.0385 57.4982 2.8226 0.0000 0.0000 0.0000 0.1200 1
-1.2077 57.4996 2.7441 0.0000 0.0000 0.0000 0.1200 1
-1.3872 57.4996 2.6550 0.0000 0.0000 0.0000 0.1200 1
-1.5511 57.4994 2.5503 0.0000 0.0000 0.0000 0.1200 1
-1.7081 57.4999 2.4367 0.0000 0.0000 0.0000 0.1200 1
-1.8705 57.5003 2.3063 0.0000 0.0000 0.0000 0.1200 1
-2.0025 57.5004 2.1830 0.0000 0.0000 0.0000 0.1200 1
-2.1422 57.5017 2.0360 0.0000 0.0000 0.0000 0.1200 1
-2.2659 57.5015 1.8854 0.0000 0.0000 0.0000 0.1200 1
-2.3835 57.4993 1.7167 0.0000 0.0000 0.0000 0.1200 1
-2.4818 57.4988 1.5592 0.0000 0.0000 0.0000 0.1200 1
-2.5804 57.4990 1.3726 0.0000 0.0000 0.0000 0.1200 1
-2.6607 57.4986 1.1959 0.0000 0.0000 0.0000 0.1200 1
-2.7237 57.5014 1.0277 0.0000 0.0000 0.0000 0.1200 1
-2.7851 57.5012 0.8320 0.0000 0.0000 0.0000 0.1200 1
-2.8329 57.4997 0.6197 0.0000 0.0000 0.0000 0.1200 1
-2.8591 57.5005 0.4532 0.0000 0.0000 0.0000 0.1200 1
-2.8755 57.5005 0.2540 0.0000 0.0000 0.0000 0.1200 1
-2.8877 57.4991 0.0728 0.0000 0.0000 0.0000 0.1200 1
-2.8762 57.5005 -0.1420 0.0000 0.0000 0.0000 0.1200 1
-2.8578 57.4993 -0.3393 0.0000 0.0000 0.0000 0.1200 1
-2.8265 57.5001 -0.5188 0.0000 0.0000 0.0000 0.1200 1
-2.7823 57.5011 -0.7113 0.0000 0.0000 0.0000 0.1200 1
-2.7259 57.5014 -0.9002 0.0000 0.0000 0.0000 0.1200 1
-2.6572 57.4987 -1.0834 0.0000 0.0000 0.0000 0.1200 1
-2.5768 57.5013 -1.2639 0.0000 0.0000 0.0000 0.1200 1
-2.4888 57.4994 -1.4363 0.0000 0.0000 0.0000 0.1200 1
-2.3781 57.5009 -1.6120 0.0000 0.0000 0.0000 0.1200 1
-2.2590 57.5007 -1.7734 0.0000 0.0000 0.0000 0.1200 1
-2.1404 57.5011 -1.9218 0.0000 0.0000 0.0000 0.1200 1
-2.0041 57.4998 -2.0601 0.0000 0.0000 0.0000 0.1200 1
-1.8668 57.5012 -2.1937 0.0000 0.0000 0.0000 0.1200 1
-1.7004 57.5004 -2.3275 0.0000 0.0000 0.0000 0.1200 1
-1.5540 57.5002 -2.4344 0.0000 0.0000 0.0000 0.1200 1
-1.3966 57.4990 -2.5272 0.0000 0.0000 0.0000 0.1200 1
-1.2159 57.4997 -2.6275 0.0000 0.0000 0.0000 0.1200 1
-1.0294 57.4992 -2.7145 0.0000 0.0000 0.0000 0.1200 1
-0.8507 57.4996 -2.7809 0.0000 0.0000 0.0000 0.1200 1
-0.6373 57.4988 -2.8449 0.0000 0.0000 0.0000 0.1200 1
-0.4590 57.5008 -2.8865 0.0000 0.0000 0.0000 0.1200 1
-0.2712 57.5008 -2.9151 0.0000 0.0000 0.0000 0.1200 1
-0.0837 57.4998 -2.9345 0.0000 0.0000 0.0000 0.1200 1
0.1349 57.5017 -2.9425 0.0000 0.0000 0.0000 0.1200 1
0.3203 57.4998 -2.9352 0.0000 0.0000 0.0000 0.1200 1
0.5253 57.5004 -2.9144 0.0000 0.0000 0.0000 0.1200 1
0.7013 57.5002 -2.8855 0.0000 0.0000 0.0000 0.1200 1
0.8952 57.4985 -2.8405 0.0000 0.0000 0.0000 0.1200 1
1.0565 57.5011 -2.7862 0.0000 0.0000 0.0000 0.1200 1
1.2675 57.4978 -2.7115 0.0000 0.0000 0.0000 0.1200 1
1.4451 57.5006 -2.6317 0.0000 0.0000 0.0000 0.1200 1
1.6269 57.4982 -2.5372 0.0000 0.0000 0.0000 0.1200 1
1.7892 57.4989 -2.4349 0.0000 0.0000 0.0000 0.1200 1
1.9449 57.5007 -2.3200 0.0000 0.0000 0.0000 0.1200 1
2.1002 57.4985 -2.1901 0.0000 0.0000 0.0000 0.1200 1
2.2462 57.4992 -2.0583 0.0000 0.0000 0.0000 0.1200 1
2.3709 57.4984 -1.9221 0.0000 0.0000 0.0000 0.1200 1
2.4935 57.5011 -1.7757 0.0000 0.0000 0.0000 0.1200 1
2.6063 57.4995 -1.6194 0.0000 0.0000 0.0000 0.1200 1
2.7208 57.5000 -1.4302 0.0000 0.0000 0.0000 0.1200 1
2.8036 57.4997 -1.2720 0.0000 0.0000 0.0000 0.1200 1
2.8858 57.5003 -1.0946 0.0000 0.0000 0.0000 0.1200 1
2.9490 57.5015 -0.9348 0.0000 0.0000 0.0000 0.1200 1
3.0109 57.4990 -0.7361 0.0000 0.0000 0.0000 0.1200 1
3.0550 57.4989 -0.5441 0.0000 0.0000 0.0000 0.1200 1
3.0830 57.4994 -0.3588 0.0000 0.0000 0.0000 0.1200 1
3.1097 57.4998 -0.1342 0.0000 0.0000 0.0000 0.1200 1
3.1114 57.9995 0.0659 0.0000 0.0000 0.0000 0.1200 1
3.1100 58.0004 0.2401 0.0000 0.0000 0.0000 0.1200 1
3.0894 58.0006 0.4447 0.0000 0.0000 0.0000 0.1200 1
3.0551 57.9981 0.6582 0.0000 0.0000 0.0000 0.1200 1
3.0098 57.9986 0.8324 0.0000 0.0000 0.0000 0.1200 1
2.9505 58.0003 1.0288 0.0000 0.0000 0.0000 0.1200 1
2.8866 58.0010 1.2018 0.0000 0.0000 0.0000 0.1200 1
2.8042 57.9999 1.3846 0.0000 0.0000 0.0000 0.1200 1
2.7176 58.0003 1.5478 0.0000 0.0000 0.0000 0.1200 1
2.6144 57.9993 1.7191 0.0000 0.0000 0.0000 0.1200 1
2.4808 57.9994 1.8947 0.0000 0.0000 0.0000 0.1200 1
2.3616 58.0005 2.0475 0.0000 0.0000 0.0000 0.1200 1
2.2309 58.0008 2.1792 0.0000 0.0000 0.0000 0.1200 1
2.0870 58.0009 2.3184 0.0000 0.0000 0.0000 0.1200 1
1.9330 57.9991 2.4480 0.0000 0.0000 0.0000 0.1200 1
1.8020 58.0010 2.5383 0.0000 0.0000 0.0000 0.1200 1
1.6128 58.0002 2.6567 0.0000 0.0000 0.0000 0.1200 1
1.4536 58.0009 2.7418 0.0000 0.0000 0.0000 0.1200 1
1.2748 58.0005 2.8254 0.0000 0.0000 0.0000 0.1200 1
1.0797 57.9989 2.8977 0.0000 0.0000 0.0000 0.1200 1
0.9008 57.9993 2.9488 0.0000 0.0000 0.0000 0.1200 1
0.6809 57.9999 3.0044 0.0000 0.0000 0.0000 0.1200 1
0.5116 57.9997 3.0319 0.0000 0.0000 0.0000 0.1200 1
0.3235 58.0013 3.0501 0.0000 0.0000 0.0000 0.1200 1
0.1041 58.0008 3.0564 0.0000 0.0000 0.0000 0.1200 1
-0.0775 58.0014 3.0519 0.0000 0.0000 0.0000 0.1200 1
-0.2723 58.0000 3.0279 0.0000 0.0000 0.0000 0.1200 1
-0.4910 58.0000 2.9970 0.0000 0.0000 0.0000 0.1200 1
-0.6607 57.9973 2.9561 0.0000 0.0000 0.0000 0.1200 1
-0.8630 58.0001 2.8957 0.0000 0.0000 0.0000 0.1200 1
-1.0270 57.9986 2.8301 0.0000 0.0000 0.0000 0.1200 1
-1.2022 57.9996 2.7514 0.0000 0.0000 0.0000 0.1200 1
-1.3916 57.9988 2.6533 0.0000 0.0000 0.0000 0.1200 1
-1.5536 57.9993 2.5498 0.0000 0.0000 0.0000 0.1200 1
-1.7077 58.0003 2.4388 0.0000 0.0000 0.0000 0.1200 1
-1.8639 57.9992 2.3137 0.0000 0.0000 0.0000 0.1200 1
-2.0051 57.9996 2.1811 0.0000 0.0000 0.0000 0.1200 1
-2.1432 58.0001 2.0295 0.0000 0.0000 0.0000 0.1200 1
-2.2679 57.9996 1.8805 0.0000 0.0000 0.0000 0.1200 1
-2.3797 58.0002 1.7245 0.0000 0.0000 0.0000 0.1200 1
-2.4903 57.9987 1.5474 0.0000 0.0000 0.0000 0.1200 1
-2.5735 58.0002 1.3975 0.0000 0.0000 0.0000 0.1200 1
-2.6597 58.0003 1.2054 0.0000 0.0000 0.0000 0.1200 1
-2.7239 58.0012 1.0356 0.0000 0.0000 0.0000 0.1200 1
-2.7840 57.9995 0.8247 0.0000 0.0000 0.0000 0.1200 1
-2.8288 58.0004 0.6418 0.0000 0.0000 0.0000 0.1200 1
-2.8621 57.9995 0.4505 0.0000 0.0000 0.0000 0.1200 1
-2.8805 57.9990 0.2507 0.0000 0.0000 0.0000 0.1200 1
-2.8853 58.0007 0.0550 0.0000 0.0000 0.0000 0.1200 1
-2.8800 57.9994 -0.1332 0.0000 0.0000 0.0000 0.1200 1
-2.8622 58.0003 -0.3217 0.0000 0.0000 0.0000 0.1200 1
-2.8295 57.9988 -0.5337 0.0000 0.0000 0.0000 0.1200 1
-2.7915 57.9996 -0.6903 0.0000 0.0000 0.0000 0.1200 1
-2.7235 58.0005 -0.9075 0.0000 0.0000 0.0000 0.1200 1
-2.6525 57.9994 -1.1049 0.0000 0.0000 0.0000 0.1200 1
-2.5729 57.9983 -1.2737 0.0000 0.0000 0.0000 0.1200 1
-2.4893 57.9987 -1.4318 0.0000 0.0000 0.0000 0.1200 1
-2.3854 57.9997 -1.6069 0.0000 0.0000 0.0000 0.1200 1
-2.2630 58.0017 -1.7732 0.0000 0.0000 0.0000 0.1200 1
-2.1530 57.9984 -1.9070 0.0000 0.0000 0.0000 0.1200 1
-2.0180 58.0013 -2.0509 0.0000 0.0000 0.0000 0.1200 1
-1.8725 57.9980 -2.1930 0.0000 0.0000 0.0000 0.1200 1
-1.7051 57.9993 -2.3260 0.0000 0.0000 0.0000 0.1200 1
-1.5438 57.9994 -2.4408 0.0000 0.0000 0.0000 0.1200 1
-1.3962 57.9995 -2.5347 0.0000 0.0000 0.0000 0.1200 1
-1.2212 58.0002 -2.6300 0.0000 0.0000 0.0000 0.1200 1
-1.0390 58.0006 -2.7119 0.0000 0.0000 0.0000 0.1200 1
-0.8486 57.9988 -2.7839 0.0000 0.0000 0.0000 0.1200 1
-0.6466 58.0012 -2.8430 0.0000 0.0000 0.0000 0.1200 1
-0.4836 57.9993 -2.8825 0.0000 0.0000 0.0000 0.1200 1
-0.2979 58.0012 -2.9180 0.0000 0.0000 0.0000 0.1200 1
-0.0913 57.9991 -2.9346 0.0000 0.0000 0.0000 0.1200 1
0.1165 57.9990 -2.9422 0.0000 0.0000 0.0000 0.1200 1
0.3194 58.0011 -2.9317 0.0000 0.0000 0.0000 0.1200 1
0.4969 58.0000 -2.9181 0.0000 0.0000 0.0000 0.1200 1
0.7108 57.9995 -2.8827 0.0000 0.0000 0.0000 0.1200 1
0.8746 58.0009 -2.8436 0.0000 0.0000 0.0000 0.1200 1
1.0847 57.9992 -2.7767 0.0000 0.0000 0.0000 0.1200 1
1.2813 58.0008 -2.7056 0.0000 0.0000 0.0000 0.1200 1
1.4496 57.9991 -2.6277 0.0000 0.0000 0.0000 0.1200 1
1.6268 57.9993 -2.5335 0.0000 0.0000 0.0000 0.1200 1
1.7886 57.9985 -2.4320 0.0000 0.0000 0.0000 0.1200 1
1.9399 58.0016 -2.3230 0.0000 0.0000 0.0000 0.1200 1
2.0923 58.0005 -2.1997 0.0000 0.0000 0.0000 0.1200 1
2.2330 57.9991 -2.0653 0.0000 0.0000 0.0000 0.1200 1
2.3804 57.9994 -1.9122 0.0000 0.0000 0.0000 0.1200 1
2.4952 58.0003 -1.7666 0.0000 0.0000 0.0000 0.1200 1
2.6077 57.9992 -1.6148 0.0000 0.0000 0.0000 0.1200 1
2.7224 57.9993 -1.4321 0.0000 0.0000 0.0000 0.1200 1
2.8097 57.9995 -1.2607 0.0000 0.0000 0.0000 0.1200 1
2.8803 58.0001 -1.1037 0.0000 0.0000 0.0000 0.1200 1
2.9561 58.0008 -0.9029 0.0000 0.0000 0.0000 0.1200 1
3.0140 58.0011 -0.7099 0.0000 0.0000 0.0000 0.1200 1
3.0543 58.0009 -0.5507 0.0000 0.0000 0.0000 0.1200 1
3.0912 57.9985 -0.3336 0.0000 0.0000 0.0000 0.1200 1
3.1048 58.0018 -0.1356 0.0000 0.0000 0.0000 0.1200 1
3.1119 58.5005 0.0894 0.0000 0.0000 0.0000 0.1200 1
3.1063 58.5004 0.2379 0.0000 0.0000 0.0000 0.1200 1
3.0849 58.5018 0.4358 0.0000 0.0000 0.0000 0.1200 1
3.0571 58.5004 0.6343 0.0000 0.0000 0.0000 0.1200 1
3.0105 58.4983 0.8275 0.0000 0.0000 0.0000 0.1200 1
2.9502 58.5019 1.0181 0.0000 0.0000 0.0000 0.1200 1
2.8850 58.5009 1.2060 0.0000 0.0000 0.0000 0.1200 1
2.8065 58.5020 1.3836 0.0000 0.0000 0.0000 0.1200 1
2.7160 58.5002 1.5550 0.0000 0.0000 0.0000 0.1200 1
2.6153 58.4998 1.7109 0.0000 0.0000 0.0000 0.1200 1
2.4985 58.4993 1.8731 0.0000 0.0000 0.0000 0.1200 1
2.3823 58.5006 2.0210 0.0000 0.0000 0.0000 0.1200 1
2.2310 58.4991 2.1836 0.0000 0.0000 0.0000 0.1200 1
2.0829 58.4994 2.3219 0.0000 0.0000 0.0000 0.1200 1
1.9433 58.5011 2.4331 0.0000 0.0000 0.0000 0.1200 1
1.7766 58.4995 2.5538 0.0000 0.0000 0.0000 0.1200 1
1.6209 58.4989 2.6523 0.0000 0.0000 0.0000 0.1200 1
1.4380 58.4993 2.7519 0.0000 0.0000 0.0000 0.1200 1
1.2459 58.4999 2.8381 0.0000 0.0000 0.0000 0.1200 1
1.0905 58.5007 2.8975 0.0000 0.0000 0.0000 0.1200 1
0.9041 58.4994 2.9509 0.0000 0.0000 0.0000 0.1200 1
0.6922 58.5022 2.9995 0.0000 0.0000 0.0000 0.1200 1
0.5050 58.5001 3.0353 0.0000 0.0000 0.0000 0.1200 1
0.3162 58.5010 3.0506 0.0000 0.0000 0.0000 0.1200 1
0.1116 58.4987 3.0575 0.0000 0.0000 0.0000 0.1200 1
-0.1022 58.4983 3.0497 0.0000 0.0000 0.0000 0.1200 1
-0.2873 58.4999 3.0280 0.0000 0.0000 0.0000 0.1200 1
-0.4728 58.4997 3.0018 0.0000 0.0000 0.0000 0.1200 1
-0.6621 58.4990 2.9562 0.0000 0.0000 0.0000 0.1200 1
-0.8579 58.4991 2.8968 0.0000 0.0000 0.0000 0.1200 1
-1.0249 58.5010 2.8373 0.0000 0.0000 0.0000 0.1200 1
-1.2082 58.5007 2.7530 0.0000 0.0000 0.0000 0.1200 1
-1.3871 58.5003 2.6528 0.0000 0.0000 0.0000 0.1200 1
-1.5711 58.4995 2.5439 0.0000 0.0000 0.0000 0.1200 1
-1.7052 58.5000 2.4455 0.0000 0.0000 0.0000 0.1200 1
-1.8655 58.4991 2.3133 0.0000 0.0000 0.0000 0.1200 1
-2.0081 58.5006 2.1837 0.0000 0.0000 0.0000 0.1200 1
-2.1461 58.5009 2.0405 0.0000 0.0000 0.0000 0.1200 1
-2.2746 58.4994 1.8746 0.0000 0.0000 0.0000 0.1200 1
-2.3882 58.4995 1.7139 0.0000 0.0000 0.0000 0.1200 1
-2.4773 58.4993 1.5661 0.0000 0.0000 0.0000 0.1200 1
-2.5895 58.4982 1.3598 0.0000 0.0000 0.0000 0.1200 1
-2.6577 58.5001 1.2082 0.0000 0.0000 0.0000 0.1200 1
-2.7282 58.4985 1.0208 0.0000 0.0000 0.0000 0.1200 1
-2.7777 58.5009 0.8532 0.0000 0.0000 0.0000 0.1200 1
-2.8307 58.5003 0.6385 0.0000 0.0000 0.0000 0.1200 1
-2.8607 58.4984 0.4600 0.0000 0.0000 0.0000 0.1200 1
-2.8787 58.5006 0.2645 0.0000 0.0000 0.0000 0.1200 1
-2.8862 58.5004 0.0656 0.0000 0.0000 0.0000 0.1200 1
-2.8821 58.4992 -0.1304 0.0000 0.0000 0.0000 0.1200 1
-2.8630 58.5013 -0.3226 0.0000 0.0000 0.0000 0.1200 1
-2.8295 58.5000 -0.5330 0.0000 0.0000 0.0000 0.1200 1
-2.7841 58.5008 -0.7087 0.0000 0.0000 0.0000 0.1200 1
-2.7255 58.4993 -0.9156 0.0000 0.0000 0.0000 0.1200 1
-2.6678 58.4987 -1.0739 0.0000 0.0000 0.0000 0.1200 1
-2.5774 58.4992 -1.2655 0.0000 0.0000 0.0000 0.1200 1
-2.4968 58.4993 -1.4209 0.0000 0.0000 0.0000 0.1200 1
-2.3798 58.5008 -1.6111 0.0000 0.0000 0.0000 0.1200 1
-2.2682 58.5000 -1.7709 0.0000 0.0000 0.0000 0.1200 1
-2.1479 58.5018 -1.9139 0.0000 0.0000 0.0000 0.1200 1
-2.0056 58.4992 -2.0692 0.0000 0.0000 0.0000 0.1200 1
-1.8513 58.5004 -2.2111 0.0000 0.0000 0.0000 0.1200 1
-1.7050 58.4994 -2.3305 0.0000 0.0000 0.0000 0.1200 1
-1.5547 58.4989 -2.4372 0.0000 0.0000 0.0000 0.1200 1
-1.3939 58.5002 -2.5341 0.0000 0.0000 0.0000 0.1200 1
-1.2123 58.4978 -2.6306 0.0000 0.0000 0.0000 0.1200 1
-1.0414 58.4991 -2.7066 0.0000 0.0000 0.0000 0.1200 1
-0.8487 58.5004 -2.7836 0.0000 0.0000 0.0000 0.1200 1
-0.6694 58.4997 -2.8329 0.0000 0.0000 0.0000 0.1200 1
-0.4530 58.5008 -2.8841 0.0000 0.0000 0.0000 0.1200 1
-0.2788 58.4991 -2.9160 0.0000 0.0000 0.0000 0.1200 1
-0.0906 58.4982 -2.9354 0.0000 0.0000 0.0000 0.1200 1
0.1092 58.5027 -2.9419 0.0000 0.0000 0.0000 0.1200 1
0.3127 58.4997 -2.9317 0.0000 0.0000 0.0000 0.1200 1
0.4925 58.4987 -2.9189 0.0000 0.0000 0.0000 0.1200 1
0.6989 58.5005 -2.8824 0.0000 0.0000 0.0000 0.1200 1
0.8744 58.4989 -2.8428 0.0000 0.0000 0.0000 0.1200 1
1.0713 58.5011 -2.7837 0.0000 0.0000 0.0000 0.1200 1
1.2604 58.4998 -2.7116 0.0000 0.0000 0.0000 0.1200 1
1.4356 58.5004 -2.6319 0.0000 0.0000 0.0000 0.1200 1
1.6239 58.5013 -2.5329 0.0000 0.0000 0.0000 0.1200 1
1.7681 58.5003 -2.4435 0.0000 0.0000 0.0000 0.1200 1
1.9527 58.4999 -2.3134 0.0000 0.0000 0.0000 0.1200 1
2.0956 58.5002 -2.1938 0.0000 0.0000 0.0000 0.1200 1
2.2241 58.4996 -2.0728 0.0000 0.0000 0.0000 0.1200 1
2.3701 58.5004 -1.9136 0.0000 0.0000 0.0000 0.1200 1
2.4963 58.5004 -1.7556 0.0000 0.0000 0.0000 0.1200 1
2.6035 58.5005 -1.6141 0.0000 0.0000 0.0000 0.1200 1
2.7065 58.4995 -1.4412 0.0000 0.0000 0.0000 0.1200 1
2.8093 58.4979 -1.2632 0.0000 0.0000 0.0000 0.1200 1
2.8854 58.4995 -1.0800 0.0000 0.0000 0.0000 0.1200 1
2.9527 58.5003 -0.9094 0.0000 0.0000 0.0000 0.1200 1
3.0058 58.5021 -0.7260 0.0000 0.0000 0.0000 0.1200 1
3.0594 58.4979 -0.5139 0.0000 0.0000 0.0000 0.1200 1
3.0866 58.5019 -0.3382 0.0000 0.0000 0.0000 0.1200 1
3.1084 58.4996 -0.1246 0.0000 0.0000 0.0000 0.1200 1
3.1105 58.9997 0.0562 0.0000 0.0000 0.0000 0.1200 1
3.1040 59.0014 0.2546 0.0000 0.0000 0.0000 0.1200 1
3.0859 58.9994 0.4628 0.0000 0.0000 0.0000 0.1200 1
3.0529 59.0013 0.6421 0.0000 0.0000 0.0000 0.1200 1
3.0048 59.0001 0.8452 0.0000 0.0000 0.0000 0.1200 1
2.9579 59.0003 1.0133 0.0000 0.0000 0.0000 0.1200 1
2.8790 59.0025 1.2104 0.0000 0.0000 0.0000 0.1200 1
2.8030 59.0012 1.3770 0.0000 0.0000 0.0000 0.1200 1
2.7183 59.0002 1.5391 0.0000 0.0000 0.0000 0.1200 1
2.5962 58.9994 1.7346 0.0000 0.0000 0.0000 0.1200 1
2.4940 58.9991 1.8802 0.0000 0.0000 0.0000 0.1200 1
2.3625 59.0010 2.0418 0.0000 0.0000 0.0000 0.1200 1
2.2437 59.0001 2.1718 0.0000 0.0000 0.0000 0.1200 1
2.1011 59.0010 2.3015 0.0000 0.0000 0.0000 0.1200 1
1.9356 59.0005 2.4351 0.0000 0.0000 0.0000 0.1200 1
1.7724 58.9991 2.5571 0.0000 0.0000 0.0000 0.1200 1
1.6219 59.0010 2.6534 0.0000 0.0000 0.0000 0.1200 1
1.4446 59.0022 2.7451 0.0000 0.0000 0.0000 0.1200 1
1.2522 59.0003 2.8322 0.0000 0.0000 0.0000 0.1200 1
1.0776 59.0009 2.8978 0.0000 0.0000 0.0000 0.1200 1
0.9046 59.0008 2.9523 0.0000 0.0000 0.0000 0.1200 1
0.7041 59.0006 2.9997 0.0000 0.0000 0.0000 0.1200 1
0.4970 58.9991 3.0319 0.0000 0.0000 0.0000 0.1200 1
0.3076 58.9994 3.0524 0.0000 0.0000 0.0000 0.1200 1
0.1136 59.0009 3.0581 0.0000 0.0000 0.0000 0.1200 1
-0.0736 58.9995 3.0549 0.0000 0.0000 0.0000 0.1200 1
-0.2778 58.9989 3.0329 0.0000 0.0000 0.0000 0.1200 1
-0.4788 59.0000 2.9993 0.0000 0.0000 0.0000 0.1200 1
-0.6646 59.0005 2.9526 0.0000 0.0000 0.0000 0.1200 1
-0.8630 58.9998 2.8959 0.0000 0.0000 0.0000 0.1200 1
-1.0383 59.0004 2.8314 0.0000 0.0000 0.0000 0.1200 1
-1.1941 58.9989 2.7555 0.0000 0.0000 0.0000 0.1200 1
-1.3881 58.9987 2.6532 0.0000 0.0000 0.0000 0.1200 1
-1.5603 58.9983 2.5484 0.0000 0.0000 0.0000 0.1200 1
-1.7103 58.9992 2.4425 0.0000 0.0000 0.0000 0.1200 1
-1.8519 58.9991 2.3271 0.0000 0.0000 0.0000 0.1200 1
-2.0098 58.9990 2.1832 0.0000 0.0000 0.0000 0.1200 1
-2.1408 58.9989 2.0452 0.0000 0.0000 0.0000 0.1200 1
-2.2726 58.9989 1.8856 0.0000 0.0000 0.0000 0.1200 1
-2.3752 59.0001 1.7360 0.0000 0.0000 0.0000 0.1200 1
-2.4911 59.0006 1.5502 0.0000 0.0000 0.0000 0.1200 1
-2.5777 59.0026 1.3917 0.0000 0.0000 0.0000 0.1200 1
-2.6567 59.0011 1.2096 0.0000 0.0000 0.0000 0.1200 1
-2.7345 59.0004 1.0098 0.0000 0.0000 0.0000 0.1200 1
-2.7861 59.0000 0.8389 0.0000 0.0000 0.0000 0.1200 1
-2.8303 58.9995 0.6437 0.0000 0.0000 0.0000 0.1200 1
-2.8659 59.0007 0.4557 0.0000 0.0000 0.0000 0.1200 1
-2.8860 59.0004 0.2489 0.0000 0.0000 0.0000 0.1200 1
-2.8913 58.9993 0.0654 0.0000 0.0000 0.0000 0.1200 1
-2.8830 58.9992 -0.1506 0.0000 0.0000 0.0000 0.1200 1
-2.8639 58.9992 -0.3389 0.0000 0.0000 0.0000 0.1200 1
-2.8327 58.9998 -0.5182 0.0000 0.0000 0.0000 0.1200 1
-2.7880 59.0003 -0.7295 0.0000 0.0000 0.0000 0.1200 1
-2.7308 58.9993 -0.9037 0.0000 0.0000 0.0000 0.1200 1
-2.6594 58.9983 -1.0825 0.0000 0.0000 0.0000 0.1200 1
-2.5760 59.0008 -1.2736 0.0000 0.0000 0.0000 0.1200 1
-2.4866 58.9996 -1.4475 0.0000 0.0000 0.0000 0.1200 1
-2.3826 59.0007 -1.6095 0.0000 0.0000 0.0000 0.1200 1
-2.2654 59.0003 -1.7708 0.0000 0.0000 0.0000 0.1200 1
-2.1325 59.0003 -1.9328 0.0000 0.0000 0.0000 0.1200 1
-2.0248 59.0006 -2.0496 0.0000 0.0000 0.0000 0.1200 1
-1.8785 59.0000 -2.1865 0.0000 0.0000 0.0000 0.1200 1
-1.7218 58.9997 -2.3194 0.0000 0.0000 0.0000 0.1200 1
-1.5599 59.0003 -2.4315 0.0000 0.0000 0.0000 0.1200 1
-1.3935 58.9989 -2.5352 0.0000 0.0000 0.0000 0.1200 1
-1.2125 59.0000 -2.6323 0.0000 0.0000 0.0000 0.1200 1
-1.0313 58.9982 -2.7132 0.0000 0.0000 0.0000 0.1200 1
-0.8509 59.0004 -2.7828 0.0000 0.0000 0.0000 0.1200 1
-0.6694 59.0004 -2.8384 0.0000 0.0000 0.0000 0.1200 1
-0.4875 59.0003 -2.8803 0.0000 0.0000 0.0000 0.1200 1
-0.2880 58.9998 -2.9157 0.0000 0.0000 0.0000 0.1200 1
-0.0897 59.0005 -2.9324 0.0000 0.0000 0.0000 0.1200 1
0.0970 58.9993 -2.9417 0.0000 0.0000 0.0000 0.1200 1
0.3113 58.9994 -2.9322 0.0000 0.0000 0.0000 0.1200 1
0.4911 59.0019 -2.9204 0.0000 0.0000 0.0000 0.1200 1
0.6930 59.0004 -2.8868 0.0000 0.0000 0.0000 0.1200 1
0.9037 58.9991 -2.8362 0.0000 0.0000 0.0000 0.1200 1
1.0749 58.9996 -2.7806 0.0000 0.0000 0.0000 0.1200 1
1.2512 58.9997 -2.7172 0.0000 0.0000 0.0000 0.1200 1
1.4371 58.9996 -2.6303 0.0000 0.0000 0.0000 0.1200 1
1.6037 58.9990 -2.5394 0.0000 0.0000 0.0000 0.1200 1
1.7663 59.0006 -2.4476 0.0000 0.0000 0.0000 0.1200 1
1.9254 58.9984 -2.3302 0.0000 0.0000 0.0000 0.1200 1
2.0781 58.9989 -2.2048 0.0000 0.0000 0.0000 0.1200 1
2.2280 58.9989 -2.0702 0.0000 0.0000 0.0000 0.1200 1
2.3722 59.0017 -1.9100 0.0000 0.0000 0.0000 0.1200 1
2.4984 59.0001 -1.7573 0.0000 0.0000 0.0000 0.1200 1
2.6061 58.9997 -1.6065 0.0000 0.0000 0.0000 0.1200 1
2.7090 59.0010 -1.4443 0.0000 0.0000 0.0000 0.1200 1
2.8034 58.9993 -1.2655 0.0000 0.0000 0.0000 0.1200 1
2.8815 59.0003 -1.0799 0.0000 0.0000 0.0000 0.1200 1
2.9514 59.0010 -0.9123 0.0000 0.0000 0.0000 0.1200 1
3.0059 59.0004 -0.7146 0.0000 0.0000 0.0000 0.1200 1
3.0507 58.9994 -0.5247 0.0000 0.0000 0.0000 0.1200 1
3.0849 59.0010 -0.3409 0.0000 0.0000 0.0000 0.1200 1
3.1065 58.9993 -0.1338 0.0000 0.0000 0.0000 0.1200 1
3.1103 59.4987 0.0554 0.0000 0.0000 0.0000 0.1200 1
3.1049 59.4994 0.2404 0.0000 0.0000 0.0000 0.1200 1
3.0834 59.4997 0.4453 0.0000 0.0000 0.0000 0.1200 1
3.0498 59.5004 0.6473 0.0000 0.0000 0.0000 0.1200 1
3.0086 59.4999 0.8334 0.0000 0.0000 0.0000 0.1200 1
2.9466 59.5000 1.0242 0.0000 0.0000 0.0000 0.1200 1
2.8812 59.4988 1.2086 0.0000 0.0000 0.0000 0.1200 1
2.7905 59.4985 1.4010 0.0000 0.0000 0.0000 0.1200 1
2.7044 59.5007 1.5625 0.0000 0.0000 0.0000 0.1200 1
2.6017 59.4972 1.7259 0.0000 0.0000 0.0000 0.1200 1
2.4844 59.4998 1.8888 0.0000 0.0000 0.0000 0.1200 1
2.3552 59.5007 2.0442 0.0000 0.0000 0.0000 0.1200 1
2.2241 59.5008 2.1881 0.0000 0.0000 0.0000 0.1200 1
2.0891 59.4989 2.3124 0.0000 0.0000 0.0000 0.1200 1
1.9430 59.5005 2.4311 0.0000 0.0000 0.0000 0.1200 1
1.7892 59.4995 2.5422 0.0000 0.0000 0.0000 0.1200 1
1.5954 59.4996 2.6645 0.0000 0.0000 0.0000 0.1200 1
1.4337 59.4990 2.7511 0.0000 0.0000 0.0000 0.1200 1
1.2674 59.4995 2.8309 0.0000 0.0000 0.0000 0.1200 1
1.0629 59.5009 2.9003 0.0000 0.0000 0.0000 0.1200 1
0.8865 59.5004 2.9577 0.0000 0.0000 0.0000 0.1200 1
0.6893 59.4988 3.0044 0.0000 0.0000 0.0000 0.1200 1
0.5071 59.4992 3.0365 0.0000 0.0000 0.0000 0.1200 1
0.3015 59.4999 3.0506 0.0000 0.0000 0.0000 0.1200 1
0.1193 59.5003 3.0593 0.0000 0.0000 0.0000 0.1200 1
-0.0958 59.5010 3.0531 0.0000 0.0000 0.0000 0.1200 1
-0.2815 59.5009 3.0317 0.0000 0.0000 0.0000 0.1200 1
-0.4954 59.5021 2.9940 0.0000 0.0000 0.0000 0.1200 1
-0.6713 59.5001 2.9531 0.0000 0.0000 0.0000 0.1200 1
-0.8513 59.5000 2.9014 0.0000 0.0000 0.0000 0.1200 1
-1.0624 59.5004 2.8194 0.0000 0.0000 0.0000 0.1200 1
-1.2401 59.4994 2.7393 0.0000 0.0000 0.0000 0.1200 1
-1.4050 59.4998 2.6512 0.0000 0.0000 0.0000 0.1200 1
-1.5546 59.4989 2.5537 0.0000 0.0000 0.0000 0.1200 1
-1.7024 59.5019 2.4492 0.0000 0.0000 0.0000 0.1200 1
-1.8681 59.5005 2.3141 0.0000 0.0000 0.0000 0.1200 1
-2.0076 59.4998 2.1859 0.0000 0.0000 0.0000 0.1200 1
-2.1431 59.4987 2.0425 0.0000 0.0000 0.0000 0.1200 1
-2.2742 59.4986 1.8828 0.0000 0.0000 0.0000 0.1200 1
-2.3820 59.5006 1.7318 0.0000 0.0000 0.0000 0.1200 1
-2.4904 59.4988 1.5586 0.0000 0.0000 0.0000 0.1200 1
-2.5918 59.4983 1.3704 0.0000 0.0000 0.0000 0.1200 1
-2.6657 59.5011 1.1937 0.0000 0.0000 0.0000 0.1200 1
-2.7324 59.5014 1.0302 0.0000 0.0000 0.0000 0.1200 1
-2.7949 59.4984 0.8264 0.0000 0.0000 0.0000 0.1200 1
-2.8328 59.5008 0.6483 0.0000 0.0000 0.0000 0.1200 1
-2.8658 59.4992 0.4597 0.0000 0.0000 0.0000 0.1200 1
-2.8849 59.5001 0.2541 0.0000 0.0000 0.0000 0.1200 1
-2.8916 59.4997 0.0631 0.0000 0.0000 0.0000 0.1200 1
-2.8840 59.5006 -0.1431 0.0000 0.0000 0.0000 0.1200 1
-2.8676 59.5008 -0.3372 0.0000 0.0000 0.0000 0.1200 1
-2.8375 59.4988 -0.5001 0.0000 0.0000 0.0000 0.1200 1
-2.7898 59.4995 -0.7143 0.0000 0.0000 0.0000 0.1200 1
-2.7373 59.5004 -0.8991 0.0000 0.0000 0.0000 0.1200 1
-2.6658 59.4984 -1.0905 0.0000 0.0000 0.0000 0.1200 1
-2.5821 59.5003 -1.2702 0.0000 0.0000 0.0000 0.1200 1
-2.4916 59.4993 -1.4444 0.0000 0.0000 0.0000 0.1200 1
-2.3914 59.5008 -1.6002 0.0000 0.0000 0.0000 0.1200 1
-2.2655 59.4995 -1.7747 0.0000 0.0000 0.0000 0.1200 1
-2.1337 59.4986 -1.9292 0.0000 0.0000 0.0000 0.1200 1
-2.0230 59.4998 -2.0548 0.0000 0.0000 0.0000 0.1200 1
-1.8620 59.5010 -2.1985 0.0000 0.0000 0.0000 0.1200 1
-1.7229 59.5010 -2.3187 0.0000 0.0000 0.0000 0.1200 1
-1.5512 59.4994 -2.4415 0.0000 0.0000 0.0000 0.1200 1
-1.3698 59.4996 -2.5514 0.0000 0.0000 0.0000 0.1200 1
-1.2164 59.5019 -2.6317 0.0000 0.0000 0.0000 0.1200 1
-1.0281 59.5003 -2.7168 0.0000 0.0000 0.0000 0.1200 1
-0.8444 59.5000 -2.7860 0.0000 0.0000 0.0000 0.1200 1
-0.6762 59.5016 -2.8402 0.0000 0.0000 0.0000 0.1200 1
-0.4678 59.5000 -2.8885 0.0000 0.0000 0.0000 0.1200 1
-0.2980 59.5010 -2.9135 0.0000 0.0000 0.0000 0.1200 1
-0.0914 59.4997 -2.9317 0.0000 0.0000 0.0000 0.1200 1
0.1080 59.4996 -2.9400 0.0000 0.0000 0.0000 0.1200 1
0.3046 59.5012 -2.9352 0.0000 0.0000 0.0000 0.1200 1
0.5313 59.5002 -2.9063 0.0000 0.0000 0.0000 0.1200 1
0.7057 59.5008 -2.8786 0.0000 0.0000 0.0000 0.1200 1
0.8827 59.4991 -2.8396 0.0000 0.0000 0.0000 0.1200 1
1.0794 59.5007 -2.7788 0.0000 0.0000 0.0000 0.1200 1
1.2573 59.4991 -2.7079 0.0000 0.0000 0.0000 0.1200 1
1.4365 59.4997 -2.6299 0.0000 0.0000 0.0000 0.1200 1
1.6108 59.5000 -2.5385 0.0000 0.0000 0.0000 0.1200 1
1.7824 59.5003 -2.4310 0.0000 0.0000 0.0000 0.1200 1
1.9275 59.5011 -2.3196 0.0000 0.0000 0.0000 0.1200 1
2.0809 59.4993 -2.2043 0.0000 0.0000 0.0000 0.1200 1
2.2133 59.5004 -2.0762 0.0000 0.0000 0.0000 0.1200 1
2.3689 59.5006 -1.9066 0.0000 0.0000 0.0000 0.1200 1
2.4819 59.4989 -1.7735 0.0000 0.0000 0.0000 0.1200 1
2.6046 59.5002 -1.6037 0.0000 0.0000 0.0000 0.1200 1
2.7076 59.5004 -1.4399 0.0000 0.0000 0.0000 0.1200 1
2.7968 59.5008 -1.2775 0.0000 0.0000 0.0000 0.1200 1
2.8885 59.5003 -1.0775 0.0000 0.0000 0.0000 0.1200 1
2.9531 59.4975 -0.8892 0.0000 0.0000 0.0000 0.1200 1
3.0078 59.4997 -0.7053 0.0000 0.0000 0.0000 0.1200 1
3.0493 59.4998 -0.5204 0.0000 0.0000 0.0000 0.1200 1
3.0769 59.4981 -0.3587 0.0000 0.0000 0.0000 0.1200 1
3.1040 59.5013 -0.1289 0.0000 0.0000 0.0000 0.1200 1
3.1035 59.9996 0.0608 0.0000 0.0000 0.0000 0.1200 1
3.0965 59.9995 0.2527 0.0000 0.0000 0.0000 0.1200 1
3.0842 59.9999 0.4273 0.0000 0.0000 0.0000 0.1200 1
3.0541 60.0000 0.6159 0.0000 0.0000 0.0000 0.1200 1
3.0064 60.0004 0.8362 0.0000 0.0000 0.0000 0.1200 1
2.9471 59.9995 1.0226 0.0000 0.0000 0.0000 0.1200 1
2.8821 60.0002 1.2019 0.0000 0.0000 0.0000 0.1200 1
2.7922 60.0006 1.4012 0.0000 0.0000 0.0000 0.1200 1
2.7117 59.9988 1.5487 0.0000 0.0000 0.0000 0.1200 1
2.6013 59.9973 1.7219 0.0000 0.0000 0.0000 0.1200 1
2.4904 60.0002 1.8841 0.0000 0.0000 0.0000 0.1200 1
2.3579 60.0000 2.0440 0.0000 0.0000 0.0000 0.1200 1
2.2141 59.9982 2.1943 0.0000 0.0000 0.0000 0.1200 1
2.0667 59.9989 2.3283 0.0000 0.0000 0.0000 0.1200 1
1.9197 60.0008 2.4514 0.0000 0.0000 0.0000 0.1200 1
1.7777 59.9995 2.5525 0.0000 0.0000 0.0000 0.1200 1
1.6078 60.0040 2.6592 0.0000 0.0000 0.0000 0.1200 1
1.4253 59.9996 2.7541 0.0000 0.0000 0.0000 0.1200 1
1.2535 60.0007 2.8309 0.0000 0.0000 0.0000 0.1200 1
1.0680 59.9988 2.8999 0.0000 0.0000 0.0000 0.1200 1
0.8743 59.9975 2.9607 0.0000 0.0000 0.0000 0.1200 1
0.6796 60.0000 3.0054 0.0000 0.0000 0.0000 0.1200 1
0.4945 59.9997 3.0350 0.0000 0.0000 0.0000 0.1200 1
0.2860 60.0007 3.0572 0.0000 0.0000 0.0000 0.1200 1
0.1143 60.0003 3.0575 0.0000 0.0000 0.0000 0.1200 1
-0.0789 60.0000 3.0507 0.0000 0.0000 0.0000 0.1200 1
-0.2847 60.0001 3.0343 0.0000 0.0000 0.0000 0.1200 1
-0.4809 59.9999 3.0055 0.0000 0.0000 0.0000 0.1200 1
-0.6561 60.0015 2.9572 0.0000 0.0000 0.0000 0.1200 1
-0.8655 59.9996 2.8995 0.0000 0.0000 0.0000 0.1200 1
-1.0476 59.9993 2.8336 0.0000 0.0000 0.0000 0.1200 1
-1.2326 59.9998 2.7438 0.0000 0.0000 0.0000 0.1200 1
-1.3907 60.0008 2.6629 0.0000 0.0000 0.0000 0.1200 1
-1.5555 59.9992 2.5564 0.0000 0.0000 0.0000 0.1200 1
-1.7138 59.9999 2.4425 0.0000 0.0000 0.0000 0.1200 1
-1.8860 60.0000 2.3033 0.0000 0.0000 0.0000 0.1200 1
-2.0160 60.0014 2.1778 0.0000 0.0000 0.0000 0.1200 1
-2.1491 60.0005 2.0363 0.0000 0.0000 0.0000 0.1200 1
-2.2773 60.0010 1.8865 0.0000 0.0000 0.0000 0.1200 1
-2.3990 59.9996 1.7116 0.0000 0.0000 0.0000 0.1200 1
-2.4876 60.0000 1.5680 0.0000 0.0000 0.0000 0.1200 1
-2.5850 59.9994 1.3892 0.0000 0.0000 0.0000 0.1200 1
-2.6597 60.0002 1.2178 0.0000 0.0000 0.0000 0.1200 1
-2.7342 60.0012 1.0270 0.0000 0.0000 0.0000 0.1200 1
-2.7916 59.9998 0.8349 0.0000 0.0000 0.0000 0.1200 1
-2.8323 60.0001 0.6469 0.0000 0.0000 0.0000 0.1200 1
-2.8725 60.0002 0.4437 0.0000 0.0000 0.0000 0.1200 1
-2.8893 60.0011 0.2469 0.0000 0.0000 0.0000 0.1200 1
-2.8907 59.9997 0.0613 0.0000 0.0000 0.0000 0.1200 1
-2.8870 60.0000 -0.1508 0.0000 0.0000 0.0000 0.1200 1
-2.8715 59.9993 -0.3307 0.0000 0.0000 0.0000 0.1200 1
-2.8311 59.9994 -0.5304 0.0000 0.0000 0.0000 0.1200 1
-2.7887 59.9988 -0.7298 0.0000 0.0000 0.0000 0.1200 1
-2.7410 60.0015 -0.8792 0.0000 0.0000 0.0000 0.1200 1
-2.6733 59.9994 -1.0719 0.0000 0.0000 0.0000 0.1200 1
-2.5900 60.0005 -1.2546 0.0000 0.0000 0.0000 0.1200 1
-2.4864 59.9981 -1.4462 0.0000 0.0000 0.0000 0.1200 1
-2.3851 59.9997 -1.6153 0.0000 0.0000 0.0000 0.1200 1
-2.2746 59.9989 -1.7639 0.0000 0.0000 0.0000 0.1200 1
-2.1435 60.0002 -1.9267 0.0000 0.0000 0.0000 0.1200 1
-2.0124 60.0010 -2.0635 0.0000 0.0000 0.0000 0.1200 1
-1.8686 59.9995 -2.1950 0.0000 0.0000 0.0000 0.1200 1
-1.7186 60.0024 -2.3230 0.0000 0.0000 0.0000 0.1200 1
-1.5580 59.9991 -2.4380 0.0000 0.0000 0.0000 0.1200 1
-1.3995 60.0008 -2.5386 0.0000 0.0000 0.0000 0.1200 1
-1.2143 60.0015 -2.6344 0.0000 0.0000 0.0000 0.1200 1
-1.0357 60.0002 -2.7168 0.0000 0.0000 0.0000 0.1200 1
-0.8483 60.0001 -2.7793 0.0000 0.0000 0.0000 0.1200 1
-0.6776 59.9983 -2.8329 0.0000 0.0000 0.0000 0.1200 1
-0.5001 60.0010 -2.8765 0.0000 0.0000 0.0000 0.1200 1
-0.2661 59.9991 -2.9166 0.0000 0.0000 0.0000 0.1200 1
-0.1030 60.0013 -2.9338 0.0000 0.0000 0.0000 0.1200 1
0.0815 59.9995 -2.9419 0.0000 0.0000 0.0000 0.1200 1
0.2921 60.0009 -2.9310 0.0000 0.0000 0.0000 0.1200 1
0.5052 60.0014 -2.9100 0.0000 0.0000 0.0000 0.1200 1
0.6992 59.9990 -2.8822 0.0000 0.0000 0.0000 0.1200 1
0.8760 59.9996 -2.8404 0.0000 0.0000 0.0000 0.1200 1
1.0649 59.9995 -2.7822 0.0000 0.0000 0.0000 0.1200 1
1.2613 59.9999 -2.7127 0.0000 0.0000 0.0000 0.1200 1
1.4129 59.9995 -2.6389 0.0000 0.0000 0.0000 0.1200 1
1.5892 60.0014 -2.5450 0.0000 0.0000 0.0000 0.1200 1
1.7565 59.9990 -2.4471 0.0000 0.0000 0.0000 0.1200 1
1.9459 60.0008 -2.3155 0.0000 0.0000 0.0000 0.1200 1
2.0881 59.9996 -2.1929 0.0000 0.0000 0.0000 0.1200 1
2.2144 59.9993 -2.0750 0.0000 0.0000 0.0000 0.1200 1
2.3621 60.0007 -1.9199 0.0000 0.0000 0.0000 0.1200 1
2.4771 59.9999 -1.7787 0.0000 0.0000 0.0000 0.1200 1
2.5975 60.0013 -1.6089 0.0000 0.0000 0.0000 0.1200 1
2.6993 60.0000 -1.4402 0.0000 0.0000 0.0000 0.1200 1
2.8005 60.0001 -1.2597 0.0000 0.0000 0.0000 0.1200 1
2.8787 60.0002 -1.0870 0.0000 0.0000 0.0000 0.1200 1
2.9444 60.0019 -0.9111 0.0000 0.0000 0.0000 0.1200 1
2.9960 60.0000 -0.7494 0.0000 0.0000 0.0000 0.1200 1
3.0507 60.0006 -0.5101 0.0000 0.0000 0.0000 0.1200 1
3.0808 60.0007 -0.3230 0.0000 0.0000 0.0000 0.1200 1
3.0967 60.0006 -0.1406 0.0000 0.0000 0.0000 0.1200 1
3.1062 60.5009 0.0538 0.0000 0.0000 0.0000 0.1200 1
3.0951 60.5016 0.2410 0.0000 0.0000 0.0000 0.1200 1
3.0781 60.5008 0.4512 0.0000 0.0000 0.0000 0.1200 1
3.0474 60.5013 0.6483 0.0000 0.0000 0.0000 0.1200 1
2.9998 60.5010 0.8509 0.0000 0.0000 0.0000 0.1200 1
2.9469 60.5002 1.0183 0.0000 0.0000 0.0000 0.1200 1
2.8769 60.4983 1.2086 0.0000 0.0000 0.0000 0.1200 1
2.7929 60.4993 1.3928 0.0000 0.0000 0.0000 0.1200 1
2.7020 60.5010 1.5594 0.0000 0.0000 0.0000 0.1200 1
2.5863 60.5016 1.7430 0.0000 0.0000 0.0000 0.1200 1
2.4834 60.4979 1.8876 0.0000 0.0000 0.0000 0.1200 1
2.3472 60.5005 2.0513 0.0000 0.0000 0.0000 0.1200 1
2.2205 60.5015 2.1892 0.0000 0.0000 0.0000 0.1200 1
2.0770 60.5019 2.3250 0.0000 0.0000 0.0000 0.1200 1
1.9513 60.4990 2.4283 0.0000 0.0000 0.0000 0.1200 1
1.7855 60.4995 2.5456 0.0000 0.0000 0.0000 0.1200 1
1.6098 60.4999 2.6581 0.0000 0.0000 0.0000 0.1200 1
1.4308 60.4999 2.7502 0.0000 0.0000 0.0000 0.1200 1
1.2618 60.5011 2.8311 0.0000 0.0000 0.0000 0.1200 1
1.0584 60.4996 2.9048 0.0000 0.0000 0.0000 0.1200 1
0.8710 60.5012 2.9627 0.0000 0.0000 0.0000 0.1200 1
0.6753 60.4989 3.0071 0.0000 0.0000 0.0000 0.1200 1
0.4859 60.4991 3.0357 0.0000 0.0000 0.0000 0.1200 1
0.3105 60.4994 3.0513 0.0000 0.0000 0.0000 0.1200 1
0.1080 60.4991 3.0611 0.0000 0.0000 0.0000 0.1200 1
-0.0836 60.4975 3.0552 0.0000 0.0000 0.0000 0.1200 1
-0.2732 60.4998 3.0363 0.0000 0.0000 0.0000 0.1200 1
-0.4791 60.4998 3.0043 0.0000 0.0000 0.0000 0.1200 1
-0.6729 60.5010 2.9586 0.0000 0.0000 0.0000 0.1200 1
-0.8564 60.4997 2.9004 0.0000 0.0000 0.0000 0.1200 1
-1.0487 60.5004 2.8300 0.0000 0.0000 0.0000 0.1200 1
-1.2299 60.4999 2.7451 0.0000 0.0000 0.0000 0.1200 1
-1.3884 60.5002 2.6653 0.0000 0.0000 0.0000 0.1200 1
-1.5597 60.4978 2.5594 0.0000 0.0000 0.0000 0.1200 1
-1.7114 60.5003 2.4517 0.0000 0.0000 0.0000 0.1200 1
-1.8704 60.5025 2.3157 0.0000 0.0000 0.0000 0.1200 1
-2.0123 60.4995 2.1835 0.0000 0.0000 0.0000 0.1200 1
-2.1495 60.5005 2.0415 0.0000 0.0000 0.0000 0.1200 1
-2.2861 60.5006 1.8869 0.0000 0.0000 0.0000 0.1200 1
-2.3904 60.5001 1.7267 0.0000 0.0000 0.0000 0.1200 1
-2.4949 60.5005 1.5598 0.0000 0.0000 0.0000 0.1200 1
-2.5843 60.5008 1.3970 0.0000 0.0000 0.0000 0.1200 1
-2.6510 60.4990 1.2387 0.0000 0.0000 0.0000 0.1200 1
-2.7324 60.5022 1.0390 0.0000 0.0000 0.0000 0.1200 1
-2.8006 60.5007 0.8136 0.0000 0.0000 0.0000 0.1200 1
-2.8389 60.5007 0.6423 0.0000 0.0000 0.0000 0.1200 1
-2.8699 60.4988 0.4451 0.0000 0.0000 0.0000 0.1200 1
-2.8884 60.5012 0.2681 0.0000 0.0000 0.0000 0.1200 1
-2.8985 60.4987 0.0635 0.0000 0.0000 0.0000 0.1200 1
-2.8902 60.4982 -0.1353 0.0000 0.0000 0.0000 0.1200 1
-2.8722 60.4996 -0.3248 0.0000 0.0000 0.0000 0.1200 1
-2.8341 60.4994 -0.5329 0.0000 0.0000 0.0000 0.1200 1
-2.7939 60.4992 -0.7207 0.0000 0.0000 0.0000 0.1200 1
-2.7334 60.5005 -0.9165 0.0000 0.0000 0.0000 0.1200 1
-2.6623 60.4981 -1.0981 0.0000 0.0000 0.0000 0.1200 1
-2.5818 60.5013 -1.2726 0.0000 0.0000 0.0000 0.1200 1
-2.4932 60.5006 -1.4395 0.0000 0.0000 0.0000 0.1200 1
-2.3963 60.4998 -1.5989 0.0000 0.0000 0.0000 0.1200 1
-2.2767 60.4995 -1.7665 0.0000 0.0000 0.0000 0.1200 1
-2.1490 60.5018 -1.9195 0.0000 0.0000 0.0000 0.1200 1
-2.0005 60.5009 -2.0757 0.0000 0.0000 0.0000 0.1200 1
-1.8707 60.4992 -2.1945 0.0000 0.0000 0.0000 0.1200 1
-1.7168 60.4991 -2.3287 0.0000 0.0000 0.0000 0.1200 1
-1.5575 60.5010 -2.4365 0.0000 0.0000 0.0000 0.1200 1
-1.4000 60.4980 -2.5346 0.0000 0.0000 0.0000 0.1200 1
-1.2152 60.4987 -2.6324 0.0000 0.0000 0.0000 0.1200 1
-1.0524 60.4990 -2.7093 0.0000 0.0000 0.0000 0.1200 1
-0.8743 60.5004 -2.7762 0.0000 0.0000 0.0000 0.1200 1
-0.6662 60.4986 -2.8387 0.0000 0.0000 0.0000 0.1200 1
-0.4763 60.4989 -2.8826 0.0000 0.0000 0.0000 0.1200 1
-0.2741 60.4996 -2.9151 0.0000 0.0000 0.0000 0.1200 1
-0.0772 60.5011 -2.9335 0.0000 0.0000 0.0000 0.1200 1
0.1070 60.5000 -2.9376 0.0000 0.0000 0.0000 0.1200 1
0.3009 60.5002 -2.9325 0.0000 0.0000 0.0000 0.1200 1
0.5046 60.5015 -2.9112 0.0000 0.0000 0.0000 0.1200 1
0.6961 60.4991 -2.8761 0.0000 0.0000 0.0000 0.1200 1
0.8868 60.5002 -2.8299 0.0000 0.0000 0.0000 0.1200 1
1.0654 60.5007 -2.7840 0.0000 0.0000 0.0000 0.1200 1
1.2533 60.4992 -2.7102 0.0000 0.0000 0.0000 0.1200 1
1.4448 60.5000 -2.6211 0.0000 0.0000 0.0000 0.1200 1
1.6109 60.4992 -2.5335 0.0000 0.0000 0.0000 0.1200 1
1.7614 60.4985 -2.4429 0.0000 0.0000 0.0000 0.1200 1
1.9369 60.5008 -2.3205 0.0000 0.0000 0.0000 0.1200 1
2.0759 60.5011 -2.1957 0.0000 0.0000 0.0000 0.1200 1
2.2193 60.4988 -2.0658 0.0000 0.0000 0.0000 0.1200 1
2.3673 60.4996 -1.9122 0.0000 0.0000 0.0000 0.1200 1
2.4958 60.4989 -1.7540 0.0000 0.0000 0.0000 0.1200 1
2.5983 60.4998 -1.6015 0.0000 0.0000 0.0000 0.1200 1
2.7015 60.4997 -1.4441 0.0000 0.0000 0.0000 0.1200 1
2.7918 60.5022 -1.2751 0.0000 0.0000 0.0000 0.1200 1
2.8784 60.5006 -1.0792 0.0000 0.0000 0.0000 0.1200 1
2.9480 60.4994 -0.8958 0.0000 0.0000 0.0000 0.1200 1
3.0027 60.5004 -0.7067 0.0000 0.0000 0.0000 0.1200 1
3.0431 60.4973 -0.5384 0.0000 0.0000 0.0000 0.1200 1
3.0820 60.4988 -0.3169 0.0000 0.0000 0.0000 0.1200 1
3.0967 60.4997 -0.1428 0.0000 0.0000 0.0000 0.1200 1
3.1039 61.0010 0.0654 0.0000 0.0000 0.0000 0.1200 1
3.0951 60.9994 0.2389 0.0000 0.0000 0.0000 0.1200 1
3.0786 60.9984 0.4441 0.0000 0.0000 0.0000 0.1200 1
3.0419 61.0010 0.6550 0.0000 0.0000 0.0000 0.1200 1
3.0026 61.0003 0.8290 0.0000 0.0000 0.0000 0.1200 1
2.9432 60.9981 1.0307 0.0000 0.0000 0.0000 0.1200 1
2.8688 60.9978 1.2188 0.0000 0.0000 0.0000 0.1200 1
2.8037 61.0010 1.3665 0.0000 0.0000 0.0000 0.1200 1
2.7033 61.0012 1.5511 0.0000 0.0000 0.0000 0.1200 1
2.5962 60.9996 1.7256 0.0000 0.0000 0.0000 0.1200 1
2.4855 60.9993 1.8777 0.0000 0.0000 0.0000 0.1200 1
2.3559 60.9974 2.0425 0.0000 0.0000 0.0000 0.1200 1
2.2348 60.9997 2.1730 0.0000 0.0000 0.0000 0.1200 1
2.0943 61.0000 2.2983 0.0000 0.0000 0.0000 0.1200 1
1.9416 61.0002 2.4313 0.0000 0.0000 0.0000 0.1200 1
1.7590 60.9994 2.5634 0.0000 0.0000 0.0000 0.1200 1
1.6062 60.9993 2.6572 0.0000 0.0000 0.0000 0.1200 1
1.4219 60.9987 2.7525 0.0000 0.0000 0.0000 0.1200 1
1.2473 61.0012 2.8331 0.0000 0.0000 0.0000 0.1200 1
1.0644 61.0023 2.9014 0.0000 0.0000 0.0000 0.1200 1
0.8878 61.0012 2.9572 0.0000 0.0000 0.0000 0.1200 1
0.7001 60.9988 2.9993 0.0000 0.0000 0.0000 0.1200 1
0.4922 61.0009 3.0374 0.0000 0.0000 0.0000 0.1200 1
0.3142 60.9990 3.0529 0.0000 0.0000 0.0000 0.1200 1
0.1012 60.9986 3.0595 0.0000 0.0000 0.0000 0.1200 1
-0.0862 60.9993 3.0583 0.0000 0.0000 0.0000 0.1200 1
-0.2816 61.0001 3.0365 0.0000 0.0000 0.0000 0.1200 1
-0.4800 60.9994 3.0025 0.0000 0.0000 0.0000 0.1200 1
-0.6708 60.9998 2.9574 0.0000 0.0000 0.0000 0.1200 1
-0.8618 60.9989 2.9017 0.0000 0.0000 0.0000 0.1200 1
-1.0532 60.9999 2.8313 0.0000 0.0000 0.0000 0.1200 1
-1.2208 60.9979 2.7552 0.0000 0.0000 0.0000 0.1200 1
-1.3891 61.0003 2.6618 0.0000 0.0000 0.0000 0.1200 1
-1.5558 60.9997 2.5591 0.0000 0.0000 0.0000 0.1200 1
-1.7185 61.0007 2.4479 0.0000 0.0000 0.0000 0.1200 1
-1.8615 60.9997 2.3306 0.0000 0.0000 0.0000 0.1200 1
-2.0230 60.9984 2.1800 0.0000 0.0000 0.0000 0.1200 1
-2.1556 60.9985 2.0325 0.0000 0.0000 0.0000 0.1200 1
-2.2824 60.9997 1.8814 0.0000 0.0000 0.0000 0.1200 1
-2.3803 61.0021 1.7467 0.0000 0.0000 0.0000 0.1200 1
-2.4994 61.0000 1.5525 0.0000 0.0000 0.0000 0.1200 1
-2.5870 61.0015 1.3901 0.0000 0.0000 0.0000 0.1200 1
-2.6779 61.0012 1.1912 0.0000 0.0000 0.0000 0.1200 1
-2.7381 61.0007 1.0236 0.0000 0.0000 0.0000 0.1200 1
-2.7929 60.9987 0.8495 0.0000 0.0000 0.0000 0.1200 1
-2.8391 60.9997 0.6520 0.0000 0.0000 0.0000 0.1200 1
-2.8673 61.0002 0.4620 0.0000 0.0000 0.0000 0.1200 1
-2.8894 60.9988 0.2402 0.0000 0.0000 0.0000 0.1200 1
-2.8992 61.0001 0.0596 0.0000 0.0000 0.0000 0.1200 1
-2.8947 61.0015 -0.1021 0.0000 0.0000 0.0000 0.1200 1
-2.8722 61.0003 -0.3229 0.0000 0.0000 0.0000 0.1200 1
-2.8410 61.0007 -0.5270 0.0000 0.0000 0.0000 0.1200 1
-2.8036 60.9997 -0.6883 0.0000 0.0000 0.0000 0.1200 1
-2.7374 60.9982 -0.9148 0.0000 0.0000 0.0000 0.1200 1
-2.6754 61.0020 -1.0746 0.0000 0.0000 0.0000 0.1200 1
-2.5893 61.0011 -1.2669 0.0000 0.0000 0.0000 0.1200 1
-2.4938 60.9980 -1.4376 0.0000 0.0000 0.0000 0.1200 1
-2.4035 61.0005 -1.5863 0.0000 0.0000 0.0000 0.1200 1
-2.2579 61.0012 -1.7893 0.0000 0.0000 0.0000 0.1200 1
-2.1550 60.9992 -1.9146 0.0000 0.0000 0.0000 0.1200 1
-2.0150 61.0015 -2.0645 0.0000 0.0000 0.0000 0.1200 1
-1.8785 60.9987 -2.1934 0.0000 0.0000 0.0000 0.1200 1
-1.7241 60.9988 -2.3231 0.0000 0.0000 0.0000 0.1200 1
-1.5560 60.9995 -2.4420 0.0000 0.0000 0.0000 0.1200 1
-1.3822 61.0005 -2.5464 0.0000 0.0000 0.0000 0.1200 1
-1.2416 61.0007 -2.6241 0.0000 0.0000 0.0000 0.1200 1
-1.0337 60.9998 -2.7130 0.0000 0.0000 0.0000 0.1200 1
-0.8474 60.9990 -2.7846 0.0000 0.0000 0.0000 0.1200 1
-0.6885 61.0001 -2.8317 0.0000 0.0000 0.0000 0.1200 1
-0.4959 61.0001 -2.8826 0.0000 0.0000 0.0000 0.1200 1
-0.2795 60.9994 -2.9146 0.0000 0.0000 0.0000 0.1200 1
-0.0899 60.9997 -2.9365 0.0000 0.0000 0.0000 0.1200 1
0.1000 60.9999 -2.9388 0.0000 0.0000 0.0000 0.1200 1
0.2947 61.0015 -2.9343 0.0000 0.0000 0.0000 0.1200 1
0.4712 61.0010 -2.9174 0.0000 0.0000 0.0000 0.1200 1
0.6985 60.9997 -2.8781 0.0000 0.0000 0.0000 0.1200 1
0.8741 60.9981 -2.8389 0.0000 0.0000 0.0000 0.1200 1
1.0695 60.9987 -2.7764 0.0000 0.0000 0.0000 0.1200 1
1.2402 61.0003 -2.7151 0.0000 0.0000 0.0000 0.1200 1
1.4077 61.0003 -2.6373 0.0000 0.0000 0.0000 0.1200 1
1.5854 61.0011 -2.5481 0.0000 0.0000 0.0000 0.1200 1
1.7703 60.9995 -2.4329 0.0000 0.0000 0.0000 0.1200 1
1.9488 61.0007 -2.3019 0.0000 0.0000 0.0000 0.1200 1
2.0849 61.0005 -2.1887 0.0000 0.0000 0.0000 0.1200 1
2.2296 61.0001 -2.0542 0.0000 0.0000 0.0000 0.1200 1
2.3550 61.0003 -1.9173 0.0000 0.0000 0.0000 0.1200 1
2.4903 61.0010 -1.7577 0.0000 0.0000 0.0000 0.1200 1
2.6010 60.9998 -1.5990 0.0000 0.0000 0.0000 0.1200 1
2.6991 61.0002 -1.4448 0.0000 0.0000 0.0000 0.1200 1
2.7897 60.9994 -1.2710 0.0000 0.0000 0.0000 0.1200 1
2.8691 61.0015 -1.0942 0.0000 0.0000 0.0000 0.1200 1
2.9451 61.0007 -0.9028 0.0000 0.0000 0.0000 0.1200 1
2.9999 61.0006 -0.7175 0.0000 0.0000 0.0000 0.1200 1
3.0445 60.9988 -0.5189 0.0000 0.0000 0.0000 0.1200 1
3.0738 61.0000 -0.3380 0.0000 0.0000 0.0000 0.1200 1
3.0920 61.0009 -0.1548 0.0000 0.0000 0.0000 0.1200 1
3.1003 61.5000 0.0573 0.0000 0.0000 0.0000 0.1200 1
3.0949 61.5006 0.2330 0.0000 0.0000 0.0000 0.1200 1
3.0738 61.4997 0.4580 0.0000 0.0000 0.0000 0.1200 1
3.0425 61.4999 0.6557 0.0000 0.0000 0.0000 0.1200 1
2.9981 61.5014 0.8327 0.0000 0.0000 0.0000 0.1200 1
2.9403 61.5016 1.0277 0.0000 0.0000 0.0000 0.1200 1
2.8732 61.4988 1.2016 0.0000 0.0000 0.0000 0.1200 1
2.7877 61.4995 1.3935 0.0000 0.0000 0.0000 0.1200 1
2.7022 61.5010 1.5515 0.0000 0.0000 0.0000 0.1200 1
2.5950 61.4999 1.7286 0.0000 0.0000 0.0000 0.1200 1
2.4737 61.5007 1.8906 0.0000 0.0000 0.0000 0.1200 1
2.3358 61.4997 2.0586 0.0000 0.0000 0.0000 0.1200 1
2.2346 61.4991 2.1683 0.0000 0.0000 0.0000 0.1200 1
2.0684 61.4992 2.3253 0.0000 0.0000 0.0000 0.1200 1
1.9202 61.4994 2.4501 0.0000 0.0000 0.0000 0.1200 1
1.7623 61.4990 2.5616 0.0000 0.0000 0.0000 0.1200 1
1.6048 61.5000 2.6579 0.0000 0.0000 0.0000 0.1200 1
1.4450 61.4992 2.7461 0.0000 0.0000 0.0000 0.1200 1
1.2419 61.4980 2.8354 0.0000 0.0000 0.0000 0.1200 1
1.0784 61.4994 2.8969 0.0000 0.0000 0.0000 0.1200 1
0.8863 61.5005 2.9563 0.0000 0.0000 0.0000 0.1200 1
0.6914 61.5008 3.0039 0.0000 0.0000 0.0000 0.1200 1
0.4780 61.5001 3.0355 0.0000 0.0000 0.0000 0.1200 1
0.2994 61.5000 3.0560 0.0000 0.0000 0.0000 0.1200 1
0.0962 61.4986 3.0616 0.0000 0.0000 0.0000 0.1200 1
-0.1143 61.5009 3.0514 0.0000 0.0000 0.0000 0.1200 1
-0.3013 61.5000 3.0359 0.0000 0.0000 0.0000 0.1200 1
-0.4793 61.4975 3.0055 0.0000 0.0000 0.0000 0.1200 1
-0.6828 61.5013 2.9551 0.0000 0.0000 0.0000 0.1200 1
-0.8693 61.5006 2.9031 0.0000 0.0000 0.0000 0.1200 1
-1.0458 61.5003 2.8367 0.0000 0.0000 0.0000 0.1200 1
-1.2244 61.4986 2.7550 0.0000 0.0000 0.0000 0.1200 1
-1.3972 61.5006 2.6642 0.0000 0.0000 0.0000 0.1200 1
-1.5586 61.4993 2.5589 0.0000 0.0000 0.0000 0.1200 1
-1.7366 61.4999 2.4345 0.0000 0.0000 0.0000 0.1200 1
-1.8724 61.4996 2.3228 0.0000 0.0000 0.0000 0.1200 1
-2.0076 61.4992 2.1993 0.0000 0.0000 0.0000 0.1200 1
-2.1534 61.5001 2.0403 0.0000 0.0000 0.0000 0.1200 1
-2.2938 61.5013 1.8676 0.0000 0.0000 0.0000 0.1200 1
-2.3833 61.5006 1.7380 0.0000 0.0000 0.0000 0.1200 1
-2.5034 61.4998 1.5566 0.0000 0.0000 0.0000 0.1200 1
-2.5933 61.4993 1.3815 0.0000 0.0000 0.0000 0.1200 1
-2.6729 61.5007 1.2023 0.0000 0.0000 0.0000 0.1200 1
-2.7456 61.4998 1.0222 0.0000 0.0000 0.0000 0.1200 1
-2.8035 61.5002 0.8278 0.0000 0.0000 0.0000 0.1200 1
-2.8461 61.4989 0.6392 0.0000 0.0000 0.0000 0.1200 1
-2.8747 61.4998 0.4660 0.0000 0.0000 0.0000 0.1200 1
-2.8956 61.5013 0.2457 0.0000 0.0000 0.0000 0.1200 1
-2.8961 61.5008 0.0711 0.0000 0.0000 0.0000 0.1200 1
-2.8949 61.5014 -0.1299 0.0000 0.0000 0.0000 0.1200 1
-2.8714 61.4984 -0.3298 0.0000 0.0000 0.0000 0.1200 1
-2.8457 61.4989 -0.5232 0.0000 0.0000 0.0000 0.1200 1
-2.7916 61.4991 -0.7342 0.0000 0.0000 0.0000 0.1200 1
-2.7387 61.5000 -0.9051 0.0000 0.0000 0.0000 0.1200 1
-2.6754 61.5007 -1.0796 0.0000 0.0000 0.0000 0.1200 1
-2.5851 61.5008 -1.2754 0.0000 0.0000 0.0000 0.1200 1
-2.5034 61.5004 -1.4332 0.0000 0.0000 0.0000 0.1200 1
-2.3884 61.5010 -1.6201 0.0000 0.0000 0.0000 0.1200 1
-2.2741 61.4997 -1.7697 0.0000 0.0000 0.0000 0.1200 1
-2.1433 61.4996 -1.9342 0.0000 0.0000 0.0000 0.1200 1
-2.0353 61.4998 -2.0460 0.0000 0.0000 0.0000 0.1200 1
-1.8925 61.4994 -2.1810 0.0000 0.0000 0.0000 0.1200 1
-1.7290 61.4977 -2.3187 0.0000 0.0000 0.0000 0.1200 1
-1.5736 61.5006 -2.4293 0.0000 0.0000 0.0000 0.1200 1
-1.3970 61.4997 -2.5437 0.0000 0.0000 0.0000 0.1200 1
-1.2208 61.4978 -2.6305 0.0000 0.0000 0.0000 0.1200 1
-1.0493 61.5009 -2.7083 0.0000 0.0000 0.0000 0.1200 1
-0.8728 61.5012 -2.7759 0.0000 0.0000 0.0000 0.1200 1
-0.6793 61.4990 -2.8345 0.0000 0.0000 0.0000 0.1200 1
-0.4903 61.4994 -2.8801 0.0000 0.0000 0.0000 0.1200 1
-0.2961 61.4983 -2.9131 0.0000 0.0000 0.0000 0.1200 1
-0.0853 61.5010 -2.9344 0.0000 0.0000 0.0000 0.1200 1
0.1172 61.5009 -2.9400 0.0000 0.0000 0.0000 0.1200 1
0.3085 61.5006 -2.9304 0.0000 0.0000 0.0000 0.1200 1
0.4969 61.4989 -2.9113 0.0000 0.0000 0.0000 0.1200 1
0.6837 61.4995 -2.8779 0.0000 0.0000 0.0000 0.1200 1
0.8692 61.4998 -2.8364 0.0000 0.0000 0.0000 0.1200 1
1.0671 61.5003 -2.7771 0.0000 0.0000 0.0000 0.1200 1
1.2436 61.4995 -2.7136 0.0000 0.0000 0.0000 0.1200 1
1.4321 61.5000 -2.6301 0.0000 0.0000 0.0000 0.1200 1
1.6004 61.5012 -2.5339 0.0000 0.0000 0.0000 0.1200 1
1.7715 61.4999 -2.4316 0.0000 0.0000 0.0000 0.1200 1
1.9242 61.4988 -2.3185 0.0000 0.0000 0.0000 0.1200 1
2.0830 61.4984 -2.1902 0.0000 0.0000 0.0000 0.1200 1
2.2296 61.4980 -2.0559 0.0000 0.0000 0.0000 0.1200 1
2.3447 61.4979 -1.9280 0.0000 0.0000 0.0000 0.1200 1
2.4923 61.5000 -1.7494 0.0000 0.0000 0.0000 0.1200 1
2.6066 61.4994 -1.5866 0.0000 0.0000 0.0000 0.1200 1
2.7061 61.4996 -1.4250 0.0000 0.0000 0.0000 0.1200 1
2.7939 61.4997 -1.2507 0.0000 0.0000 0.0000 0.1200 1
2.8720 61.4997 -1.0813 0.0000 0.0000 0.0000 0.1200 1
2.9292 61.4996 -0.9241 0.0000 0.0000 0.0000 0.1200 1
2.9965 61.5003 -0.7191 0.0000 0.0000 0.0000 0.1200 1
3.0437 61.5004 -0.5100 0.0000 0.0000 0.0000 0.1200 1
3.0757 61.4995 -0.3365 0.0000 0.0000 0.0000 0.1200 1
3.0909 61.5004 -0.1468 0.0000 0.0000 0.0000 0.1200 1
3.0970 61.9996 0.0504 0.0000 0.0000 0.0000 0.1200 1
3.0912 62.0008 0.2505 0.0000 0.0000 0.0000 0.1200 1
3.0728 61.9983 0.4520 0.0000 0.0000 0.0000 0.1200 1
3.0429 62.0004 0.6380 0.0000 0.0000 0.0000 0.1200 1
2.9933 61.9999 0.8445 0.0000 0.0000 0.0000 0.1200 1
2.9383 62.0012 1.0283 0.0000 0.0000 0.0000 0.1200 1
2.8667 62.0025 1.2052 0.0000 0.0000 0.0000 0.1200 1
2.7930 61.9997 1.3768 0.0000 0.0000 0.0000 0.1200 1
2.7010 61.9973 1.5581 0.0000 0.0000 0.0000 0.1200 1
2.5908 62.0001 1.7230 0.0000 0.0000 0.0000 0.1200 1
2.4746 62.0013 1.8928 0.0000 0.0000 0.0000 0.1200 1
2.3622 61.9988 2.0300 0.0000 0.0000 0.0000 0.1200 1
2.2164 61.9996 2.1871 0.0000 0.0000 0.0000 0.1200 1
2.0708 61.9995 2.3221 0.0000 0.0000 0.0000 0.1200 1
1.9190 62.0012 2.4459 0.0000 0.0000 0.0000 0.1200 1
1.7654 62.0004 2.5532 0.0000 0.0000 0.0000 0.1200 1
1.5994 62.0006 2.6596 0.0000 0.0000 0.0000 0.1200 1
1.4220 61.9999 2.7555 0.0000 0.0000 0.0000 0.1200 1
1.2594 62.0000 2.8296 0.0000 0.0000 0.0000 0.1200 1
1.0421 62.0010 2.9097 0.0000 0.0000 0.0000 0.1200 1
0.8660 62.0005 2.9646 0.0000 0.0000 0.0000 0.1200 1
0.6951 61.9997 2.9981 0.0000 0.0000 0.0000 0.1200 1
0.5172 62.0000 3.0304 0.0000 0.0000 0.0000 0.1200 1
0.2937 62.0013 3.0578 0.0000 0.0000 0.0000 0.1200 1
0.1097 61.9994 3.0610 0.0000 0.0000 0.0000 0.1200 1
-0.0946 62.0013 3.0594 0.0000 0.0000 0.0000 0.1200 1
-0.2742 61.9991 3.0388 0.0000 0.0000 0.0000 0.1200 1
-0.4898 62.0008 3.0018 0.0000 0.0000 0.0000 0.1200 1
-0.6763 62.0002 2.9588 0.0000 0.0000 0.0000 0.1200 1
-0.8574 62.0000 2.9027 0.0000 0.0000 0.0000 0.1200 1
-1.0397 62.0003 2.8387 0.0000 0.0000 0.0000 0.1200 1
-1.2392 61.9983 2.7440 0.0000 0.0000 0.0000 0.1200 1
-1.4038 61.9981 2.6609 0.0000 0.0000 0.0000 0.1200 1
-1.5814 62.0007 2.5503 0.0000 0.0000 0.0000 0.1200 1
-1.7211 62.0010 2.4496 0.0000 0.0000 0.0000 0.1200 1
-1.8803 61.9997 2.3172 0.0000 0.0000 0.0000 0.1200 1
-2.0287 61.9996 2.1805 0.0000 0.0000 0.0000 0.1200 1
-2.1426 62.0001 2.0558 0.0000 0.0000 0.0000 0.1200 1
-2.2820 61.9989 1.8884 0.0000 0.0000 0.0000 0.1200 1
-2.3922 61.9980 1.7388 0.0000 0.0000 0.0000 0.1200 1
-2.5047 62.0003 1.5527 0.0000 0.0000 0.0000 0.1200 1
-2.5996 61.9990 1.3826 0.0000 0.0000 0.0000 0.1200 1
-2.6717 62.0003 1.2208 0.0000 0.0000 0.0000 0.1200 1
-2.7469 62.0009 1.0173 0.0000 0.0000 0.0000 0.1200 1
-2.8006 62.0014 0.8388 0.0000 0.0000 0.0000 0.1200 1
-2.8465 61.9991 0.6540 0.0000 0.0000 0.0000 0.1200 1
-2.8757 61.9994 0.4557 0.0000 0.0000 0.0000 0.1200 1
-2.8955 62.0017 0.2556 0.0000 0.0000 0.0000 0.1200 1
-2.9003 61.9981 0.0829 0.0000 0.0000 0.0000 0.1200 1
-2.8954 61.9991 -0.1379 0.0000 0.0000 0.0000 0.1200 1
-2.8784 62.0015 -0.3284 0.0000 0.0000 0.0000 0.1200 1
-2.8466 62.0007 -0.5112 0.0000 0.0000 0.0000 0.1200 1
-2.8018 62.0004 -0.7081 0.0000 0.0000 0.0000 0.1200 1
-2.7450 61.9998 -0.9051 0.0000 0.0000 0.0000 0.1200 1
-2.6705 62.0007 -1.0886 0.0000 0.0000 0.0000 0.1200 1
-2.5888 61.9994 -1.2757 0.0000 0.0000 0.0000 0.1200 1
-2.5006 61.9990 -1.4392 0.0000 0.0000 0.0000 0.1200 1
-2.3939 62.0000 -1.6038 0.0000 0.0000 0.0000 0.1200 1
-2.2811 61.9995 -1.7681 0.0000 0.0000 0.0000 0.1200 1
-2.1586 62.0010 -1.9131 0.0000 0.0000 0.0000 0.1200 1
-2.0176 61.9990 -2.0608 0.0000 0.0000 0.0000 0.1200 1
-1.8810 62.0008 -2.1962 0.0000 0.0000 0.0000 0.1200 1
-1.7474 61.9995 -2.3072 0.0000 0.0000 0.0000 0.1200 1
-1.5517 62.0004 -2.4383 0.0000 0.0000 0.0000 0.1200 1
-1.4064 62.0008 -2.5291 0.0000 0.0000 0.0000 0.1200 1
-1.2415 62.0016 -2.6212 0.0000 0.0000 0.0000 0.1200 1
-1.0574 62.0003 -2.7062 0.0000 0.0000 0.0000 0.1200 1
-0.8628 62.0018 -2.7803 0.0000 0.0000 0.0000 0.1200 1
-0.6936 62.0014 -2.8338 0.0000 0.0000 0.0000 0.1200 1
-0.4815 62.0012 -2.8844 0.0000 0.0000 0.0000 0.1200 1
-0.2931 62.0011 -2.9118 0.0000 0.0000 0.0000 0.1200 1
-0.0981 61.9987 -2.9302 0.0000 0.0000 0.0000 0.1200 1
0.0994 61.9996 -2.9365 0.0000 0.0000 0.0000 0.1200 1
0.2859 62.0018 -2.9328 0.0000 0.0000 0.0000 0.1200 1
0.4886 61.9989 -2.9155 0.0000 0.0000 0.0000 0.1200 1
0.7161 61.9993 -2.8778 0.0000 0.0000 0.0000 0.1200 1
0.8911 61.9988 -2.8323 0.0000 0.0000 0.0000 0.1200 1
1.0768 61.9988 -2.7710 0.0000 0.0000 0.0000 0.1200 1
1.2565 62.0005 -2.7038 0.0000 0.0000 0.0000 0.1200 1
1.4205 62.0003 -2.6268 0.0000 0.0000 0.0000 0.1200 1
1.6008 62.0005 -2.5337 0.0000 0.0000 0.0000 0.1200 1
1.7631 61.9997 -2.4311 0.0000 0.0000 0.0000 0.1200 1
1.9327 61.9991 -2.3094 0.0000 0.0000 0.0000 0.1200 1
2.0824 62.0018 -2.1821 0.0000 0.0000 0.0000 0.1200 1
2.2197 62.0002 -2.0530 0.0000 0.0000 0.0000 0.1200 1
2.3627 62.0011 -1.9087 0.0000 0.0000 0.0000 0.1200 1
2.4881 61.9995 -1.7481 0.0000 0.0000 0.0000 0.1200 1
2.5933 61.9990 -1.6007 0.0000 0.0000 0.0000 0.1200 1
2.6865 61.9987 -1.4558 0.0000 0.0000 0.0000 0.1200 1
2.7901 62.0010 -1.2544 0.0000 0.0000 0.0000 0.1200 1
2.8651 62.0000 -1.0890 0.0000 0.0000 0.0000 0.1200 1
2.9327 62.0012 -0.9214 0.0000 0.0000 0.0000 0.1200 1
2.9953 61.9997 -0.7147 0.0000 0.0000 0.0000 0.1200 1
3.0381 61.9986 -0.5361 0.0000 0.0000 0.0000 0.1200 1
3.0730 61.9987 -0.3503 0.0000 0.0000 0.0000 0.1200 1
3.0893 61.9994 -0.1431 0.0000 0.0000 0.0000 0.1200 1
3.0947 62.5003 0.0660 0.0000 0.0000 0.0000 0.1200 1
3.0877 62.5008 0.2918 0.0000 0.0000 0.0000 0.1200 1
3.0728 62.5015 0.4473 0.0000 0.0000 0.0000 0.1200 1
3.0347 62.5010 0.6482 0.0000 0.0000 0.0000 0.1200 1
2.9909 62.4997 0.8423 0.0000 0.0000 0.0000 0.1200 1
2.9356 62.5011 1.0372 0.0000 0.0000 0.0000 0.1200 1
2.8684 62.4996 1.2057 0.0000 0.0000 0.0000 0.1200 1
2.7901 62.4992 1.3853 0.0000 0.0000 0.0000 0.1200 1
2.6920 62.5010 1.5592 0.0000 0.0000 0.0000 0.1200 1
2.5923 62.5012 1.7230 0.0000 0.0000 0.0000 0.1200 1
2.4802 62.5005 1.8795 0.0000 0.0000 0.0000 0.1200 1
2.3572 62.5002 2.0303 0.0000 0.0000 0.0000 0.1200 1
2.2243 62.4991 2.1804 0.0000 0.0000 0.0000 0.1200 1
2.0829 62.5002 2.3127 0.0000 0.0000 0.0000 0.1200 1
1.9300 62.4998 2.4413 0.0000 0.0000 0.0000 0.1200 1
1.7656 62.4998 2.5542 0.0000 0.0000 0.0000 0.1200 1
1.6019 62.5011 2.6551 0.0000 0.0000 0.0000 0.1200 1
1.4271 62.4991 2.7527 0.0000 0.0000 0.0000 0.1200 1
1.2421 62.5014 2.8381 0.0000 0.0000 0.0000 0.1200 1
1.0560 62.4988 2.9068 0.0000 0.0000 0.0000 0.1200 1
0.8625 62.5003 2.9634 0.0000 0.0000 0.0000 0.1200 1
0.6729 62.5005 3.0047 0.0000 0.0000 0.0000 0.1200 1
0.4805 62.4984 3.0377 0.0000 0.0000 0.0000 0.1200 1
0.2867 62.5018 3.0573 0.0000 0.0000 0.0000 0.1200 1
0.0861 62.5008 3.0637 0.0000 0.0000 0.0000 0.1200 1
-0.1052 62.5009 3.0550 0.0000 0.0000 0.0000 0.1200 1
-0.2985 62.5029 3.0377 0.0000 0.0000 0.0000 0.1200 1
-0.4788 62.4987 3.0049 0.0000 0.0000 0.0000 0.1200 1
-0.6772 62.4995 2.9613 0.0000 0.0000 0.0000 0.1200 1
-0.8702 62.5006 2.9011 0.0000 0.0000 0.0000 0.1200 1
-1.0537 62.5002 2.8321 0.0000 0.0000 0.0000 0.1200 1
-1.2258 62.5004 2.7551 0.0000 0.0000 0.0000 0.1200 1
-1.3964 62.4998 2.6625 0.0000 0.0000 0.0000 0.1200 1
-1.5841 62.5009 2.5504 0.0000 0.0000 0.0000 0.1200 1
-1.7297 62.4998 2.4424 0.0000 0.0000 0.0000 0.1200 1
-1.8780 62.4983 2.3213 0.0000 0.0000 0.0000 0.1200 1
-2.0206 62.4978 2.1913 0.0000 0.0000 0.0000 0.1200 1
-2.1654 62.4986 2.0377 0.0000 0.0000 0.0000 0.1200 1
-2.2682 62.4998 1.9160 0.0000 0.0000 0.0000 0.1200 1
-2.3947 62.4992 1.7355 0.0000 0.0000 0.0000 0.1200 1
-2.5046 62.4992 1.5628 0.0000 0.0000 0.0000 0.1200 1
-2.6030 62.4997 1.3733 0.0000 0.0000 0.0000 0.1200 1
-2.6844 62.5023 1.1945 0.0000 0.0000 0.0000 0.1200 1
-2.7468 62.4990 1.0287 0.0000 0.0000 0.0000 0.1200 1
-2.8041 62.4999 0.8339 0.0000 0.0000 0.0000 0.1200 1
-2.8456 62.5003 0.6596 0.0000 0.0000 0.0000 0.1200 1
-2.8786 62.5013 0.4627 0.0000 0.0000 0.0000 0.1200 1
-2.8983 62.5003 0.2623 0.0000 0.0000 0.0000 0.1200 1
-2.9042 62.4992 0.0819 0.0000 0.0000 0.0000 0.1200 1
-2.8970 62.5003 -0.1322 0.0000 0.0000 0.0000 0.1200 1
-2.8772 62.5005 -0.3275 0.0000 0.0000 0.0000 0.1200 1
-2.8425 62.5000 -0.5318 0.0000 0.0000 0.0000 0.1200 1
-2.7986 62.5005 -0.7222 0.0000 0.0000 0.0000 0.1200 1
-2.7483 62.5011 -0.8939 0.0000 0.0000 0.0000 0.1200 1
-2.6798 62.5021 -1.0858 0.0000 0.0000 0.0000 0.1200 1
-2.5972 62.5011 -1.2646 0.0000 0.0000 0.0000 0.1200 1
-2.5028 62.5007 -1.4343 0.0000 0.0000 0.0000 0.1200 1
-2.4024 62.5013 -1.5890 0.0000 0.0000 0.0000 0.1200 1
-2.2794 62.4993 -1.7725 0.0000 0.0000 0.0000 0.1200 1
-2.1606 62.4986 -1.9189 0.0000 0.0000 0.0000 0.1200 1
-2.0339 62.5002 -2.0523 0.0000 0.0000 0.0000 0.1200 1
-1.8800 62.5013 -2.1949 0.0000 0.0000 0.0000 0.1200 1
-1.7382 62.4991 -2.3128 0.0000 0.0000 0.0000 0.1200 1
-1.5702 62.5006 -2.4321 0.0000 0.0000 0.0000 0.1200 1
-1.4106 62.5006 -2.5308 0.0000 0.0000 0.0000 0.1200 1
-1.2187 62.4996 -2.6380 0.0000 0.0000 0.0000 0.1200 1
-1.0417 62.5008 -2.7148 0.0000 0.0000 0.0000 0.1200 1
-0.8617 62.4985 -2.7805 0.0000 0.0000 0.0000 0.1200 1
-0.6800 62.4991 -2.8347 0.0000 0.0000 0.0000 0.1200 1
-0.4932 62.5012 -2.8810 0.0000 0.0000 0.0000 0.1200 1
-0.2963 62.5008 -2.9129 0.0000 0.0000 0.0000 0.1200 1
-0.1028 62.5000 -2.9302 0.0000 0.0000 0.0000 0.1200 1
0.0809 62.5014 -2.9380 0.0000 0.0000 0.0000 0.1200 1
0.3084 62.5014 -2.9277 0.0000 0.0000 0.0000 0.1200 1
0.4801 62.5004 -2.9145 0.0000 0.0000 0.0000 0.1200 1
0.6639 62.4984 -2.8873 0.0000 0.0000 0.0000 0.1200 1
0.8655 62.4991 -2.8398 0.0000 0.0000 0.0000 0.1200 1
1.0588 62.5017 -2.7768 0.0000 0.0000 0.0000 0.1200 1
1.2453 62.4993 -2.7062 0.0000 0.0000 0.0000 0.1200 1
1.4317 62.4984 -2.6193 0.0000 0.0000 0.0000 0.1200 1
1.5947 62.5024 -2.5379 0.0000 0.0000 0.0000 0.1200 1
1.7564 62.4995 -2.4332 0.0000 0.0000 0.0000 0.1200 1
1.9138 62.4988 -2.3265 0.0000 0.0000 0.0000 0.1200 1
2.0575 62.4980 -2.2054 0.0000 0.0000 0.0000 0.1200 1
2.2076 62.5004 -2.0642 0.0000 0.0000 0.0000 0.1200 1
2.3506 62.4993 -1.9150 0.0000 0.0000 0.0000 0.1200 1
2.4713 62.5001 -1.7663 0.0000 0.0000 0.0000 0.1200 1
2.5772 62.5004 -1.6235 0.0000 0.0000 0.0000 0.1200 1
2.6837 62.4996 -1.4491 0.0000 0.0000 0.0000 0.1200 1
2.7846 62.5023 -1.2546 0.0000 0.0000 0.0000 0.1200 1
2.8617 62.5020 -1.0937 0.0000 0.0000 0.0000 0.1200 1
2.9290 62.5014 -0.9083 0.0000 0.0000 0.0000 0.1200 1
2.9959 62.5004 -0.7061 0.0000 0.0000 0.0000 0.1200 1
3.0354 62.5000 -0.5374 0.0000 0.0000 0.0000 0.1200 1
3.0734 62.5000 -0.3271 0.0000 0.0000 0.0000 0.1200 1
3.0874 62.5021 -0.1389 0.0000 0.0000 0.0000 0.1200 1
3.0922 63.0002 0.0606 0.0000 0.0000 0.0000 0.1200 1
3.0866 63.0004 0.2688 0.0000 0.0000 0.0000 0.1200 1
3.0659 63.0000 0.4669 0.0000 0.0000 0.0000 0.1200 1
3.0377 63.0002 0.6250 0.0000 0.0000 0.0000 0.1200 1
2.9944 62.9990 0.8360 0.0000 0.0000 0.0000 0.1200 1
2.9320 62.9983 1.0349 0.0000 0.0000 0.0000 0.1200 1
2.8641 63.0011 1.2130 0.0000 0.0000 0.0000 0.1200 1
2.7840 63.0022 1.3951 0.0000 0.0000 0.0000 0.1200 1
2.6929 63.0010 1.5575 0.0000 0.0000 0.0000 0.1200 1
2.5800 62.9997 1.7396 0.0000 0.0000 0.0000 0.1200 1
2.4724 62.9994 1.8892 0.0000 0.0000 0.0000 0.1200 1
2.3448 63.0002 2.0459 0.0000 0.0000 0.0000 0.1200 1
2.2249 62.9998 2.1730 0.0000 0.0000 0.0000 0.1200 1
2.0687 62.9986 2.3252 0.0000 0.0000 0.0000 0.1200 1
1.9098 62.9993 2.4511 0.0000 0.0000 0.0000 0.1200 1
1.7541 62.9998 2.5594 0.0000 0.0000 0.0000 0.1200 1
1.5910 62.9975 2.6647 0.0000 0.0000 0.0000 0.1200 1
1.4178 62.9990 2.7527 0.0000 0.0000 0.0000 0.1200 1
1.2284 63.0000 2.8382 0.0000 0.0000 0.0000 0.1200 1
1.0829 62.9998 2.8951 0.0000 0.0000 0.0000 0.1200 1
0.8544 62.9987 2.9655 0.0000 0.0000 0.0000 0.1200 1
0.6829 63.0000 3.0078 0.0000 0.0000 0.0000 0.1200 1
0.4889 62.9991 3.0396 0.0000 0.0000 0.0000 0.1200 1
0.2923 63.0005 3.0561 0.0000 0.0000 0.0000 0.1200 1
0.0963 63.0019 3.0621 0.0000 0.0000 0.0000 0.1200 1
-0.1079 63.0017 3.0587 0.0000 0.0000 0.0000 0.1200 1
-0.2879 63.0005 3.0386 0.0000 0.0000 0.0000 0.1200 1
-0.4969 63.0002 3.0046 0.0000 0.0000 0.0000 0.1200 1
-0.6789 62.9989 2.9626 0.0000 0.0000 0.0000 0.1200 1
-0.8842 62.9987 2.9042 0.0000 0.0000 0.0000 0.1200 1
-1.0513 63.0000 2.8335 0.0000 0.0000 0.0000 0.1200 1
-1.2270 63.0005 2.7540 0.0000 0.0000 0.0000 0.1200 1
-1.4108 62.9994 2.6590 0.0000 0.0000 0.0000 0.1200 1
-1.5790 62.9995 2.5498 0.0000 0.0000 0.0000 0.1200 1
-1.7329 63.0012 2.4418 0.0000 0.0000 0.0000 0.1200 1
-1.8787 63.0004 2.3201 0.0000 0.0000 0.0000 0.1200 1
-2.0348 62.9988 2.1794 0.0000 0.0000 0.0000 0.1200 1
-2.1595 62.9999 2.0434 0.0000 0.0000 0.0000 0.1200 1
-2.3043 62.9996 1.8741 0.0000 0.0000 0.0000 0.1200 1
-2.4043 63.0018 1.7303 0.0000 0.0000 0.0000 0.1200 1
-2.5048 63.0005 1.5635 0.0000 0.0000 0.0000 0.1200 1
-2.5973 62.9995 1.3874 0.0000 0.0000 0.0000 0.1200 1
-2.6737 63.0006 1.2284 0.0000 0.0000 0.0000 0.1200 1
-2.7467 62.9996 1.0252 0.0000 0.0000 0.0000 0.1200 1
-2.8017 62.9989 0.8448 0.0000 0.0000 0.0000 0.1200 1
-2.8492 62.9996 0.6479 0.0000 0.0000 0.0000 0.1200 1
-2.8849 63.0004 0.4595 0.0000 0.0000 0.0000 0.1200 1
-2.8994 63.0003 0.2576 0.0000 0.0000 0.0000 0.1200 1
-2.9050 63.0007 0.0337 0.0000 0.0000 0.0000 0.1200 1
-2.8996 62.9995 -0.1319 0.0000 0.0000 0.0000 0.1200 1
-2.8795 62.9996 -0.3305 0.0000 0.0000 0.0000 0.1200 1
-2.8487 63.0004 -0.5217 0.0000 0.0000 0.0000 0.1200 1
-2.8096 63.0015 -0.7025 0.0000 0.0000 0.0000 0.1200 1
-2.7445 63.0018 -0.9041 0.0000 0.0000 0.0000 0.1200 1
-2.6781 62.9986 -1.0795 0.0000 0.0000 0.0000 0.1200 1
-2.5994 62.9992 -1.2615 0.0000 0.0000 0.0000 0.1200 1
-2.5034 62.9993 -1.4406 0.0000 0.0000 0.0000 0.1200 1
-2.3967 62.9995 -1.6104 0.0000 0.0000 0.0000 0.1200 1
-2.2795 63.0001 -1.7720 0.0000 0.0000 0.0000 0.1200 1
-2.1547 62.9998 -1.9262 0.0000 0.0000 0.0000 0.1200 1
-2.0330 62.9997 -2.0540 0.0000 0.0000 0.0000 0.1200 1
-1.8780 63.0000 -2.1975 0.0000 0.0000 0.0000 0.1200 1
-1.7244 62.9994 -2.3241 0.0000 0.0000 0.0000 0.1200 1
-1.5600 62.9986 -2.4381 0.0000 0.0000 0.0000 0.1200 1
-1.4054 62.9992 -2.5370 0.0000 0.0000 0.0000 0.1200 1
-1.2461 63.0002 -2.6215 0.0000 0.0000 0.0000 0.1200 1
-1.0562 62.9991 -2.7091 0.0000 0.0000 0.0000 0.1200 1
-0.8621 63.0021 -2.7802 0.0000 0.0000 0.0000 0.1200 1
-0.6753 62.9998 -2.8358 0.0000 0.0000 0.0000 0.1200 1
-0.4960 62.9997 -2.8777 0.0000 0.0000 0.0000 0.1200 1
-0.2906 63.0021 -2.9094 0.0000 0.0000 0.0000 0.1200 1
-0.1027 62.9980 -2.9278 0.0000 0.0000 0.0000 0.1200 1
0.1106 63.0003 -2.9367 0.0000 0.0000 0.0000 0.1200 1
0.2794 63.0003 -2.9315 0.0000 0.0000 0.0000 0.1200 1
0.4751 63.0000 -2.9123 0.0000 0.0000 0.0000 0.1200 1
0.6975 63.0011 -2.8744 0.0000 0.0000 0.0000 0.1200 1
0.8776 63.0002 -2.8343 0.0000 0.0000 0.0000 0.1200 1
1.0454 63.0012 -2.7782 0.0000 0.0000 0.0000 0.1200 1
1.2586 62.9996 -2.7003 0.0000 0.0000 0.0000 0.1200 1
1.4110 63.0007 -2.6329 0.0000 0.0000 0.0000 0.1200 1
1.6013 63.0007 -2.5329 0.0000 0.0000 0.0000 0.1200 1
1.7559 63.0002 -2.4316 0.0000 0.0000 0.0000 0.1200 1
1.9140 63.0004 -2.3260 0.0000 0.0000 0.0000 0.1200 1
2.0542 63.0021 -2.2063 0.0000 0.0000 0.0000 0.1200 1
2.2076 63.0025 -2.0665 0.0000 0.0000 0.0000 0.1200 1
2.3444 62.9997 -1.9191 0.0000 0.0000 0.0000 0.1200 1
2.4669 62.9990 -1.7728 0.0000 0.0000 0.0000 0.1200 1
2.5924 63.0007 -1.5957 0.0000 0.0000 0.0000 0.1200 1
2.7039 63.0001 -1.4195 0.0000 0.0000 0.0000 0.1200 1
2.7896 62.9993 -1.2556 0.0000 0.0000 0.0000 0.1200 1
2.8680 62.9994 -1.0817 0.0000 0.0000 0.0000 0.1200 1
2.9278 63.0015 -0.9050 0.0000 0.0000 0.0000 0.1200 1
2.9898 62.9996 -0.7129 0.0000 0.0000 0.0000 0.1200 1
3.0339 62.9992 -0.5272 0.0000 0.0000 0.0000 0.1200 1
3.0619 63.0009 -0.3283 0.0000 0.0000 0.0000 0.1200 1
3.0880 63.0014 -0.1392 0.0000 0.0000 0.0000 0.1200 1
3.0927 63.5002 0.0649 0.0000 0.0000 0.0000 0.1200 1
3.0826 63.5012 0.2476 0.0000 0.0000 0.0000 0.1200 1
3.0671 63.5012 0.4386 0.0000 0.0000 0.0000 0.1200 1
3.0353 63.5010 0.6457 0.0000 0.0000 0.0000 0.1200 1
2.9903 63.5006 0.8287 0.0000 0.0000 0.0000 0.1200 1
2.9250 63.5005 1.0455 0.0000 0.0000 0.0000 0.1200 1
2.8631 63.4999 1.2048 0.0000 0.0000 0.0000 0.1200 1
2.7806 63.5000 1.3881 0.0000 0.0000 0.0000 0.1200 1
2.6931 63.4998 1.5606 0.0000 0.0000 0.0000 0.1200 1
2.5805 63.4999 1.7388 0.0000 0.0000 0.0000 0.1200 1
2.4611 63.5001 1.9033 0.0000 0.0000 0.0000 0.1200 1
2.3550 63.4986 2.0316 0.0000 0.0000 0.0000 0.1200 1
2.1982 63.4989 2.1993 0.0000 0.0000 0.0000 0.1200 1
2.0547 63.4995 2.3316 0.0000 0.0000 0.0000 0.1200 1
1.9072 63.5008 2.4494 0.0000 0.0000 0.0000 0.1200 1
1.7473 63.5006 2.5656 0.0000 0.0000 0.0000 0.1200 1
1.5932 63.5008 2.6596 0.0000 0.0000 0.0000 0.1200 1
1.4095 63.4997 2.7569 0.0000 0.0000 0.0000 0.1200 1
1.2394 63.5001 2.8312 0.0000 0.0000 0.0000 0.1200 1
1.0557 63.4983 2.9046 0.0000 0.0000 0.0000 0.1200 1
0.8754 63.5003 2.9538 0.0000 0.0000 0.0000 0.1200 1
0.6605 63.4998 3.0090 0.0000 0.0000 0.0000 0.1200 1
0.4594 63.4999 3.0406 0.0000 0.0000 0.0000 0.1200 1
0.2757 63.4994 3.0569 0.0000 0.0000 0.0000 0.1200 1
0.0860 63.4999 3.0618 0.0000 0.0000 0.0000 0.1200 1
-0.1082 63.4997 3.0564 0.0000 0.0000 0.0000 0.1200 1
-0.2737 63.4994 3.0407 0.0000 0.0000 0.0000 0.1200 1
-0.4853 63.5001 3.0090 0.0000 0.0000 0.0000 0.1200 1
-0.7168 63.4992 2.9510 0.0000 0.0000 0.0000 0.1200 1
-0.8807 63.5005 2.9049 0.0000 0.0000 0.0000 0.1200 1
-1.0542 63.5007 2.8368 0.0000 0.0000 0.0000 0.1200 1
-1.2307 63.4998 2.7541 0.0000 0.0000 0.0000 0.1200 1
-1.4085 63.5005 2.6620 0.0000 0.0000 0.0000 0.1200 1
-1.5890 63.4987 2.5557 0.0000 0.0000 0.0000 0.1200 1
-1.7251 63.4999 2.4561 0.0000 0.0000 0.0000 0.1200 1
-1.8882 63.5005 2.3139 0.0000 0.0000 0.0000 0.1200 1
-2.0270 63.5021 2.1879 0.0000 0.0000 0.0000 0.1200 1
-2.1675 63.5009 2.0425 0.0000 0.0000 0.0000 0.1200 1
-2.2904 63.4986 1.8898 0.0000 0.0000 0.0000 0.1200 1
-2.4033 63.4999 1.7340 0.0000 0.0000 0.0000 0.1200 1
-2.5020 63.4999 1.5786 0.0000 0.0000 0.0000 0.1200 1
-2.5960 63.5004 1.3965 0.0000 0.0000 0.0000 0.1200 1
-2.6827 63.4998 1.2119 0.0000 0.0000 0.0000 0.1200 1
-2.7538 63.5000 1.0258 0.0000 0.0000 0.0000 0.1200 1
-2.8054 63.4999 0.8399 0.0000 0.0000 0.0000 0.1200 1
-2.8516 63.4995 0.6486 0.0000 0.0000 0.0000 0.1200 1
-2.8817 63.4981 0.4588 0.0000 0.0000 0.0000 0.1200 1
-2.9012 63.4992 0.2686 0.0000 0.0000 0.0000 0.1200 1
-2.9084 63.5013 0.0811 0.0000 0.0000 0.0000 0.1200 1
-2.9004 63.5016 -0.1358 0.0000 0.0000 0.0000 0.1200 1
-2.8863 63.5008 -0.3230 0.0000 0.0000 0.0000 0.1200 1
-2.8520 63.5011 -0.5304 0.0000 0.0000 0.0000 0.1200 1
-2.8111 63.4993 -0.7209 0.0000 0.0000 0.0000 0.1200 1
-2.7521 63.5002 -0.8962 0.0000 0.0000 0.0000 0.1200 1
-2.6756 63.4996 -1.1032 0.0000 0.0000 0.0000 0.1200 1
-2.6051 63.5006 -1.2553 0.0000 0.0000 0.0000 0.1200 1
-2.4953 63.4990 -1.4521 0.0000 0.0000 0.0000 0.1200 1
-2.3941 63.4990 -1.6159 0.0000 0.0000 0.0000 0.1200 1
-2.2928 63.4989 -1.7602 0.0000 0.0000 0.0000 0.1200 1
-2.1682 63.4990 -1.9072 0.0000 0.0000 0.0000 0.1200 1
-2.0286 63.4993 -2.0601 0.0000 0.0000 0.0000 0.1200 1
-1.8960 63.5000 -2.1846 0.0000 0.0000 0.0000 0.1200 1
-1.7437 63.4986 -2.3090 0.0000 0.0000 0.0000 0.1200 1
-1.5763 63.4994 -2.4326 0.0000 0.0000 0.0000 0.1200 1
-1.4179 63.4998 -2.5330 0.0000 0.0000 0.0000 0.1200 1
-1.2200 63.4980 -2.6359 0.0000 0.0000 0.0000 0.1200 1
-1.0675 63.4977 -2.7036 0.0000 0.0000 0.0000 0.1200 1
-0.8889 63.5007 -2.7718 0.0000 0.0000 0.0000 0.1200 1
-0.6865 63.4994 -2.8348 0.0000 0.0000 0.0000 0.1200 1
-0.4911 63.4991 -2.8769 0.0000 0.0000 0.0000 0.1200 1
-0.2883 63.4996 -2.9124 0.0000 0.0000 0.0000 0.1200 1
-0.1097 63.5000 -2.9270 0.0000 0.0000 0.0000 0.1200 1
0.0845 63.4998 -2.9359 0.0000 0.0000 0.0000 0.1200 1
0.2919 63.5005 -2.9312 0.0000 0.0000 0.0000 0.1200 1
0.5037 63.5008 -2.9064 0.0000 0.0000 0.0000 0.1200 1
0.6775 63.5000 -2.8755 0.0000 0.0000 0.0000 0.1200 1
0.8619 63.4995 -2.8381 0.0000 0.0000 0.0000 0.1200 1
1.0560 63.5003 -2.7787 0.0000 0.0000 0.0000 0.1200 1
1.2479 63.4985 -2.7057 0.0000 0.0000 0.0000 0.1200 1
1.4171 63.4986 -2.6317 0.0000 0.0000 0.0000 0.1200 1
1.5833 63.5007 -2.5412 0.0000 0.0000 0.0000 0.1200 1
1.7570 63.5007 -2.4298 0.0000 0.0000 0.0000 0.1200 1
1.9193 63.4994 -2.3143 0.0000 0.0000 0.0000 0.1200 1
2.0563 63.5004 -2.1994 0.0000 0.0000 0.0000 0.1200 1
2.2257 63.5004 -2.0418 0.0000 0.0000 0.0000 0.1200 1
2.3438 63.4989 -1.9204 0.0000 0.0000 0.0000 0.1200 1
2.4728 63.5002 -1.7583 0.0000 0.0000 0.0000 0.1200 1
2.5935 63.4991 -1.5925 0.0000 0.0000 0.0000 0.1200 1
2.6824 63.4989 -1.4462 0.0000 0.0000 0.0000 0.1200 1
2.7842 63.4999 -1.2564 0.0000 0.0000 0.0000 0.1200 1
2.8548 63.4985 -1.0930 0.0000 0.0000 0.0000 0.1200 1
2.9298 63.4990 -0.9182 0.0000 0.0000 0.0000 0.1200 1
2.9891 63.5015 -0.7200 0.0000 0.0000 0.0000 0.1200 1
3.0313 63.5016 -0.5205 0.0000 0.0000 0.0000 0.1200 1
3.0583 63.5014 -0.3495 0.0000 0.0000 0.0000 0.1200 1
3.0857 63.4998 -0.1222 0.0000 0.0000 0.0000 0.1200 1
3.0891 63.9998 0.0674 0.0000 0.0000 0.0000 0.1200 1
3.0776 64.0001 0.2823 0.0000 0.0000 0.0000 0.1200 1
3.0620 64.0015 0.4541 0.0000 0.0000 0.0000 0.1200 1
3.0301 63.9987 0.6478 0.0000 0.0000 0.0000 0.1200 1
2.9887 64.0000 0.8256 0.0000 0.0000 0.0000 0.1200 1
2.9267 64.0020 1.0327 0.0000 0.0000 0.0000 0.1200 1
2.8653 64.0011 1.2013 0.0000 0.0000 0.0000 0.1200 1
2.7778 63.9991 1.3908 0.0000 0.0000 0.0000 0.1200 1
2.6845 63.9994 1.5731 0.0000 0.0000 0.0000 0.1200 1
2.5907 63.9986 1.7235 0.0000 0.0000 0.0000 0.1200 1
2.4558 63.9998 1.9047 0.0000 0.0000 0.0000 0.1200 1
2.3463 64.0007 2.0337 0.0000 0.0000 0.0000 0.1200 1
2.2113 63.9992 2.1810 0.0000 0.0000 0.0000 0.1200 1
2.0580 63.9996 2.3221 0.0000 0.0000 0.0000 0.1200 1
1.9201 64.0014 2.4429 0.0000 0.0000 0.0000 0.1200 1
1.7592 63.9997 2.5560 0.0000 0.0000 0.0000 0.1200 1
1.5985 63.9995 2.6561 0.0000 0.0000 0.0000 0.1200 1
1.4264 64.0006 2.7485 0.0000 0.0000 0.0000 0.1200 1
1.2212 64.0012 2.8427 0.0000 0.0000 0.0000 0.1200 1
1.0504 64.0020 2.9011 0.0000 0.0000 0.0000 0.1200 1
0.8562 63.9995 2.9610 0.0000 0.0000 0.0000 0.1200 1
0.6872 64.0014 3.0027 0.0000 0.0000 0.0000 0.1200 1
0.4858 63.9988 3.0385 0.0000 0.0000 0.0000 0.1200 1
0.2761 64.0007 3.0558 0.0000 0.0000 0.0000 0.1200 1
0.0943 64.0007 3.0657 0.0000 0.0000 0.0000 0.1200 1
-0.1302 63.9983 3.0553 0.0000 0.0000 0.0000 0.1200 1
-0.3002 64.0008 3.0400 0.0000 0.0000 0.0000 0.1200 1
-0.4975 63.9988 3.0079 0.0000 0.0000 0.0000 0.1200 1
-0.6857 63.9983 2.9643 0.0000 0.0000 0.0000 0.1200 1
-0.8715 64.0009 2.9069 0.0000 0.0000 0.0000 0.1200 1
-1.0641 63.9996 2.8321 0.0000 0.0000 0.0000 0.1200 1
-1.2316 63.9993 2.7581 0.0000 0.0000 0.0000 0.1200 1
-1.4223 63.9983 2.6574 0.0000 0.0000 0.0000 0.1200 1
-1.5913 64.0006 2.5434 0.0000 0.0000 0.0000 0.1200 1
-1.7436 64.0007 2.4443 0.0000 0.0000 0.0000 0.1200 1
-1.8953 64.0010 2.3137 0.0000 0.0000 0.0000 0.1200 1
-2.0293 64.0003 2.1858 0.0000 0.0000 0.0000 0.1200 1
-2.1653 63.9995 2.0447 0.0000 0.0000 0.0000 0.1200 1
-2.2902 63.9970 1.8947 0.0000 0.0000 0.0000 0.1200 1
-2.4073 64.0007 1.7310 0.0000 0.0000 0.0000 0.1200 1
-2.5235 63.9999 1.5468 0.0000 0.0000 0.0000 0.1200 1
-2.6118 64.0003 1.3729 0.0000 0.0000 0.0000 0.1200 1
-2.6817 64.0008 1.2141 0.0000 0.0000 0.0000 0.1200 1
-2.7518 64.0010 1.0288 0.0000 0.0000 0.0000 0.1200 1
-2.8091 63.9993 0.8440 0.0000 0.0000 0.0000 0.1200 1
-2.8546 64.0008 0.6444 0.0000 0.0000 0.0000 0.1200 1
-2.8818 64.0000 0.4563 0.0000 0.0000 0.0000 0.1200 1
-2.9079 64.0002 0.2640 0.0000 0.0000 0.0000 0.1200 1
-2.9126 63.9981 0.0535 0.0000 0.0000 0.0000 0.1200 1
-2.9011 64.0019 -0.1477 0.0000 0.0000 0.0000 0.1200 1
-2.8846 63.9987 -0.3514 0.0000 0.0000 0.0000 0.1200 1
-2.8529 63.9989 -0.5206 0.0000 0.0000 0.0000 0.1200 1
-2.8073 64.0014 -0.7175 0.0000 0.0000 0.0000 0.1200 1
-2.7500 63.9988 -0.9025 0.0000 0.0000 0.0000 0.1200 1
-2.6806 64.0000 -1.0831 0.0000 0.0000 0.0000 0.1200 1
-2.5996 63.9999 -1.2681 0.0000 0.0000 0.0000 0.1200 1
-2.5085 64.0013 -1.4393 0.0000 0.0000 0.0000 0.1200 1
-2.4006 64.0000 -1.6022 0.0000 0.0000 0.0000 0.1200 1
-2.3027 63.9989 -1.7482 0.0000 0.0000 0.0000 0.1200 1
-2.1656 63.9992 -1.9142 0.0000 0.0000 0.0000 0.1200 1
-2.0365 64.0006 -2.0561 0.0000 0.0000 0.0000 0.1200 1
-1.8868 64.0003 -2.1964 0.0000 0.0000 0.0000 0.1200 1
-1.7307 64.0006 -2.3218 0.0000 0.0000 0.0000 0.1200 1
-1.5928 63.9990 -2.4239 0.0000 0.0000 0.0000 0.1200 1
-1.3915 64.0007 -2.5435 0.0000 0.0000 0.0000 0.1200 1
-1.2345 64.0015 -2.6284 0.0000 0.0000 0.0000 0.1200 1
-1.0703 63.9989 -2.7039 0.0000 0.0000 0.0000 0.1200 1
-0.8614 64.0008 -2.7789 0.0000 0.0000 0.0000 0.1200 1
-0.7147 64.0006 -2.8250 0.0000 0.0000 0.0000 0.1200 1
-0.4859 64.0008 -2.8842 0.0000 0.0000 0.0000 0.1200 1
-0.3030 63.9992 -2.9080 0.0000 0.0000 0.0000 0.1200 1
-0.1099 63.9979 -2.9273 0.0000 0.0000 0.0000 0.1200 1
0.0892 63.9998 -2.9372 0.0000 0.0000 0.0000 0.1200 1
0.2912 63.9998 -2.9292 0.0000 0.0000 0.0000 0.1200 1
0.4726 63.9988 -2.9121 0.0000 0.0000 0.0000 0.1200 1
0.6562 64.0011 -2.8813 0.0000 0.0000 0.0000 0.1200 1
0.8709 64.0010 -2.8299 0.0000 0.0000 0.0000 0.1200 1
1.0564 63.9999 -2.7739 0.0000 0.0000 0.0000 0.1200 1
1.2359 63.9984 -2.7075 0.0000 0.0000 0.0000 0.1200 1
1.4172 64.0005 -2.6287 0.0000 0.0000 0.0000 0.1200 1
1.6073 63.9993 -2.5215 0.0000 0.0000 0.0000 0.1200 1
1.7603 63.9994 -2.4307 0.0000 0.0000 0.0000 0.1200 1
1.9168 63.9992 -2.3172 0.0000 0.0000 0.0000 0.1200 1
2.0705 64.0014 -2.1912 0.0000 0.0000 0.0000 0.1200 1
2.2211 63.9993 -2.0445 0.0000 0.0000 0.0000 0.1200 1
2.3410 64.0008 -1.9125 0.0000 0.0000 0.0000 0.1200 1
2.4616 64.0008 -1.7734 0.0000 0.0000 0.0000 0.1200 1
2.5862 64.0008 -1.5973 0.0000 0.0000 0.0000 0.1200 1
2.6794 64.0012 -1.4454 0.0000 0.0000 0.0000 0.1200 1
2.7793 64.0005 -1.2591 0.0000 0.0000 0.0000 0.1200 1
2.8621 64.0017 -1.0766 0.0000 0.0000 0.0000 0.1200 1
2.9305 64.0009 -0.8973 0.0000 0.0000 0.0000 0.1200 1
2.9826 63.9989 -0.7230 0.0000 0.0000 0.0000 0.1200 1
3.0323 64.0005 -0.5086 0.0000 0.0000 0.0000 0.1200 1
3.0624 64.0025 -0.3131 0.0000 0.0000 0.0000 0.1200 1
3.0830 64.0006 -0.1117 0.0000 0.0000 0.0000 0.1200 1
3.0848 64.4994 0.0727 0.0000 0.0000 0.0000 0.1200 1
3.0769 64.5002 0.2827 0.0000 0.0000 0.0000 0.1200 1
3.0612 64.5002 0.4502 0.0000 0.0000 0.0000 0.1200 1
3.0267 64.4990 0.6540 0.0000 0.0000 0.0000 0.1200 1
2.9915 64.4987 0.8178 0.0000 0.0000 0.0000 0.1200 1
2.9329 64.5013 1.0040 0.0000 0.0000 0.0000 0.1200 1
2.8530 64.4984 1.2259 0.0000 0.0000 0.0000 0.1200 1
2.7765 64.5007 1.3920 0.0000 0.0000 0.0000 0.1200 1
2.6888 64.4998 1.5612 0.0000 0.0000 0.0000 0.1200 1
2.5715 64.5007 1.7450 0.0000 0.0000 0.0000 0.1200 1
2.4662 64.5016 1.8917 0.0000 0.0000 0.0000 0.1200 1
2.3406 64.4996 2.0443 0.0000 0.0000 0.0000 0.1200 1
2.2097 64.4993 2.1835 0.0000 0.0000 0.0000 0.1200 1
2.0638 64.4994 2.3263 0.0000 0.0000 0.0000 0.1200 1
1.9163 64.4986 2.4433 0.0000 0.0000 0.0000 0.1200 1
1.7527 64.4998 2.5629 0.0000 0.0000 0.0000 0.1200 1
1.5924 64.4979 2.6619 0.0000 0.0000 0.0000 0.1200 1
1.4076 64.4994 2.7535 0.0000 0.0000 0.0000 0.1200 1
1.2383 64.4986 2.8318 0.0000 0.0000 0.0000 0.1200 1
1.0572 64.5010 2.9022 0.0000 0.0000 0.0000 0.1200 1
0.8693 64.5025 2.9582 0.0000 0.0000 0.0000 0.1200 1
0.6639 64.5007 3.0054 0.0000 0.0000 0.0000 0.1200 1
0.4817 64.5001 3.0383 0.0000 0.0000 0.0000 0.1200 1
0.2865 64.4995 3.0545 0.0000 0.0000 0.0000 0.1200 1
0.0753 64.5006 3.0646 0.0000 0.0000 0.0000 0.1200 1
-0.1076 64.4984 3.0557 0.0000 0.0000 0.0000 0.1200 1
-0.2899 64.5010 3.0401 0.0000 0.0000 0.0000 0.1200 1
-0.4834 64.4985 3.0108 0.0000 0.0000 0.0000 0.1200 1
-0.6835 64.5001 2.9636 0.0000 0.0000 0.0000 0.1200 1
-0.8969 64.5001 2.8985 0.0000 0.0000 0.0000 0.1200 1
-1.0684 64.4998 2.8339 0.0000 0.0000 0.0000 0.1200 1
-1.2422 64.4997 2.7544 0.0000 0.0000 0.0000 0.1200 1
-1.4064 64.5010 2.6695 0.0000 0.0000 0.0000 0.1200 1
-1.5691 64.4994 2.5642 0.0000 0.0000 0.0000 0.1200 1
-1.7487 64.5004 2.4377 0.0000 0.0000 0.0000 0.1200 1
-1.8853 64.4977 2.3223 0.0000 0.0000 0.0000 0.1200 1
-2.0278 64.4998 2.1944 0.0000 0.0000 0.0000 0.1200 1
-2.1741 64.4998 2.0371 0.0000 0.0000 0.0000 0.1200 1
-2.2938 64.5021 1.8884 0.0000 0.0000 0.0000 0.1200 1
-2.4142 64.4986 1.7280 0.0000 0.0000 0.0000 0.1200 1
-2.5166 64.5004 1.5618 0.0000 0.0000 0.0000 0.1200 1
-2.6090 64.4980 1.3847 0.0000 0.0000 0.0000 0.1200 1
-2.6869 64.5010 1.2058 0.0000 0.0000 0.0000 0.1200 1
-2.7510 64.4997 1.0421 0.0000 0.0000 0.0000 0.1200 1
-2.8132 64.5015 0.8510 0.0000 0.0000 0.0000 0.1200 1
-2.8542 64.4998 0.6613 0.0000 0.0000 0.0000 0.1200 1
-2.8865 64.4993 0.4562 0.0000 0.0000 0.0000 0.1200 1
-2.9090 64.5003 0.2619 0.0000 0.0000 0.0000 0.1200 1
-2.9187 64.5000 0.0768 0.0000 0.0000 0.0000 0.1200 1
-2.9110 64.4989 -0.1279 0.0000 0.0000 0.0000 0.1200 1
-2.8848 64.5004 -0.3286 0.0000 0.0000 0.0000 0.1200 1
-2.8575 64.5008 -0.5158 0.0000 0.0000 0.0000 0.1200 1
-2.8091 64.4998 -0.7210 0.0000 0.0000 0.0000 0.1200 1
-2.7528 64.4986 -0.9065 0.0000 0.0000 0.0000 0.1200 1
-2.6824 64.4995 -1.1004 0.0000 0.0000 0.0000 0.1200 1
-2.6130 64.5011 -1.2423 0.0000 0.0000 0.0000 0.1200 1
-2.5085 64.5004 -1.4457 0.0000 0.0000 0.0000 0.1200 1
-2.3959 64.4999 -1.6166 0.0000 0.0000 0.0000 0.1200 1
-2.2999 64.4984 -1.7507 0.0000 0.0000 0.0000 0.1200 1
-2.1736 64.5008 -1.9050 0.0000 0.0000 0.0000 0.1200 1
-2.0345 64.5020 -2.0554 0.0000 0.0000 0.0000 0.1200 1
-1.9007 64.5006 -2.1804 0.0000 0.0000 0.0000 0.1200 1
-1.7443 64.4973 -2.3107 0.0000 0.0000 0.0000 0.1200 1
-1.5828 64.5006 -2.4303 0.0000 0.0000 0.0000 0.1200 1
-1.4133 64.5007 -2.5356 0.0000 0.0000 0.0000 0.1200 1
-1.2421 64.4996 -2.6253 0.0000 0.0000 0.0000 0.1200 1
-1.0568 64.4999 -2.7089 0.0000 0.0000 0.0000 0.1200 1
-0.8871 64.5004 -2.7766 0.0000 0.0000 0.0000 0.1200 1
-0.6949 64.5004 -2.8346 0.0000 0.0000 0.0000 0.1200 1
-0.5135 64.5009 -2.8764 0.0000 0.0000 0.0000 0.1200 1
-0.2854 64.5003 -2.9133 0.0000 0.0000 0.0000 0.1200 1
-0.0938 64.4996 -2.9308 0.0000 0.0000 0.0000 0.1200 1
0.1041 64.4997 -2.9355 0.0000 0.0000 0.0000 0.1200 1
0.2706 64.5003 -2.9315 0.0000 0.0000 0.0000 0.1200 1
0.4844 64.4999 -2.9058 0.0000 0.0000 0.0000 0.1200 1
0.6750 64.4985 -2.8768 0.0000 0.0000 0.0000 0.1200 1
0.8784 64.5018 -2.8291 0.0000 0.0000 0.0000 0.1200 1
1.0450 64.5005 -2.7780 0.0000 0.0000 0.0000 0.1200 1
1.2298 64.5002 -2.7096 0.0000 0.0000 0.0000 0.1200 1
1.4180 64.4996 -2.6235 0.0000 0.0000 0.0000 0.1200 1
1.5827 64.4993 -2.5359 0.0000 0.0000 0.0000 0.1200 1
1.7468 64.5008 -2.4315 0.0000 0.0000 0.0000 0.1200 1
1.9103 64.5010 -2.3147 0.0000 0.0000 0.0000 0.1200 1
2.0722 64.4990 -2.1801 0.0000 0.0000 0.0000 0.1200 1
2.2026 64.5014 -2.0628 0.0000 0.0000 0.0000 0.1200 1
2.3443 64.5003 -1.9083 0.0000 0.0000 0.0000 0.1200 1
2.4623 64.5002 -1.7681 0.0000 0.0000 0.0000 0.1200 1
2.5833 64.4992 -1.5939 0.0000 0.0000 0.0000 0.1200 1
2.6853 64.5003 -1.4355 0.0000 0.0000 0.0000 0.1200 1
2.7762 64.5018 -1.2639 0.0000 0.0000 0.0000 0.1200 1
2.8522 64.5003 -1.0903 0.0000 0.0000 0.0000 0.1200 1
2.9285 64.5008 -0.8921 0.0000 0.0000 0.0000 0.1200 1
2.9846 64.5014 -0.6957 0.0000 0.0000 0.0000 0.1200 1
3.0279 64.4991 -0.5161 0.0000 0.0000 0.0000 0.1200 1
3.0612 64.5019 -0.3282 0.0000 0.0000 0.0000 0.1200 1
3.0772 64.5008 -0.1329 0.0000 0.0000 0.0000 0.1200 1
3.0846 65.0009 0.0668 0.0000 0.0000 0.0000 0.1200 1
3.0769 64.9998 0.2577 0.0000 0.0000 0.0000 0.1200 1
3.0582 65.0000 0.4542 0.0000 0.0000 0.0000 0.1200 1
3.0260 64.9994 0.6381 0.0000 0.0000 0.0000 0.1200 1
2.9749 65.0015 0.8559 0.0000 0.0000 0.0000 0.1200 1
2.9290 64.9999 1.0260 0.0000 0.0000 0.0000 0.1200 1
2.8571 65.0015 1.2054 0.0000 0.0000 0.0000 0.1200 1
2.7745 64.9981 1.3936 0.0000 0.0000 0.0000 0.1200 1
2.6861 65.0024 1.5552 0.0000 0.0000 0.0000 0.1200 1
2.5769 65.0002 1.7385 0.0000 0.0000 0.0000 0.1200 1
2.4636 64.9993 1.8888 0.0000 0.0000 0.0000 0.1200 1
2.3405 65.0007 2.0453 0.0000 0.0000 0.0000 0.1200 1
2.2077 65.0019 2.1801 0.0000 0.0000 0.0000 0.1200 1
2.0633 65.0004 2.3173 0.0000 0.0000 0.0000 0.1200 1
1.8968 65.0003 2.4563 0.0000 0.0000 0.0000 0.1200 1
1.7531 65.0007 2.5604 0.0000 0.0000 0.0000 0.1200 1
1.5668 64.9973 2.6712 0.0000 0.0000 0.0000 0.1200 1
1.4114 65.0005 2.7545 0.0000 0.0000 0.0000 0.1200 1
1.2410 64.9997 2.8327 0.0000 0.0000 0.0000 0.1200 1
1.0522 65.0006 2.9035 0.0000 0.0000 0.0000 0.1200 1
0.8640 64.9995 2.9625 0.0000 0.0000 0.0000 0.1200 1
0.6529 65.0000 3.0142 0.0000 0.0000 0.0000 0.1200 1
0.4691 65.0002 3.0392 0.0000 0.0000 0.0000 0.1200 1
0.2751 64.9998 3.0540 0.0000 0.0000 0.0000 0.1200 1
0.0736 64.9992 3.0651 0.0000 0.0000 0.0000 0.1200 1
-0.1104 65.0000 3.0609 0.0000 0.0000 0.0000 0.1200 1
-0.3058 65.0015 3.0389 0.0000 0.0000 0.0000 0.1200 1
-0.4995 64.9998 3.0073 0.0000 0.0000 0.0000 0.1200 1
-0.6870 65.0009 2.9641 0.0000 0.0000 0.0000 0.1200 1
-0.8891 65.0002 2.9027 0.0000 0.0000 0.0000 0.1200 1
-1.0553 65.0011 2.8426 0.0000 0.0000 0.0000 0.1200 1
-1.2440 64.9985 2.7569 0.0000 0.0000 0.0000 0.1200 1
-1.4354 65.0002 2.6544 0.0000 0.0000 0.0000 0.1200 1
-1.5747 65.0002 2.5622 0.0000 0.0000 0.0000 0.1200 1
-1.7594 65.0009 2.4341 0.0000 0.0000 0.0000 0.1200 1
-1.8978 65.0005 2.3145 0.0000 0.0000 0.0000 0.1200 1
-2.0463 65.0007 2.1816 0.0000 0.0000 0.0000 0.1200 1
-2.1681 65.0007 2.0469 0.0000 0.0000 0.0000 0.1200 1
-2.2952 64.9992 1.8928 0.0000 0.0000 0.0000 0.1200 1
-2.4068 64.9998 1.7356 0.0000 0.0000 0.0000 0.1200 1
-2.5139 64.9980 1.5667 0.0000 0.0000 0.0000 0.1200 1
-2.6001 65.0004 1.4054 0.0000 0.0000 0.0000 0.1200 1
-2.6907 65.0003 1.2082 0.0000 0.0000 0.0000 0.1200 1
-2.7584 65.0000 1.0290 0.0000 0.0000 0.0000 0.1200 1
-2.8172 64.9984 0.8354 0.0000 0.0000 0.0000 0.1200 1
-2.8564 64.9995 0.6465 0.0000 0.0000 0.0000 0.1200 1
-2.8911 64.9979 0.4540 0.0000 0.0000 0.0000 0.1200 1
-2.9083 64.9987 0.2774 0.0000 0.0000 0.0000 0.1200 1
-2.9193 64.9986 0.0654 0.0000 0.0000 0.0000 0.1200 1
-2.9122 65.0010 -0.1275 0.0000 0.0000 0.0000 0.1200 1
-2.8942 64.9998 -0.3281 0.0000 0.0000 0.0000 0.1200 1
-2.8570 65.0005 -0.5236 0.0000 0.0000 0.0000 0.1200 1
-2.8142 64.9984 -0.7047 0.0000 0.0000 0.0000 0.1200 1
-2.7502 64.9992 -0.9207 0.0000 0.0000 0.0000 0.1200 1
-2.6913 65.0004 -1.0797 0.0000 0.0000 0.0000 0.1200 1
-2.6064 64.9986 -1.2617 0.0000 0.0000 0.0000 0.1200 1
-2.5034 65.0013 -1.4479 0.0000 0.0000 0.0000 0.1200 1
-2.4029 65.0005 -1.6111 0.0000 0.0000 0.0000 0.1200 1
-2.3111 64.9999 -1.7407 0.0000 0.0000 0.0000 0.1200 1
-2.1715 64.9987 -1.9113 0.0000 0.0000 0.0000 0.1200 1
-2.0415 65.0011 -2.0535 0.0000 0.0000 0.0000 0.1200 1
-1.8954 64.9977 -2.1883 0.0000 0.0000 0.0000 0.1200 1
-1.7477 65.0012 -2.3145 0.0000 0.0000 0.0000 0.1200 1
-1.5915 64.9993 -2.4225 0.0000 0.0000 0.0000 0.1200 1
-1.4251 64.9992 -2.5279 0.0000 0.0000 0.0000 0.1200 1
-1.2304 64.9990 -2.6303 0.0000 0.0000 0.0000 0.1200 1
-1.0693 64.9992 -2.7046 0.0000 0.0000 0.0000 0.1200 1
-0.8722 65.0007 -2.7796 0.0000 0.0000 0.0000 0.1200 1
-0.6869 64.9989 -2.8334 0.0000 0.0000 0.0000 0.1200 1
-0.5015 64.9996 -2.8773 0.0000 0.0000 0.0000 0.1200 1
-0.3190 65.0002 -2.9073 0.0000 0.0000 0.0000 0.1200 1
-0.0973 65.0001 -2.9296 0.0000 0.0000 0.0000 0.1200 1
0.0754 64.9996 -2.9360 0.0000 0.0000 0.0000 0.1200 1
0.2802 64.9991 -2.9274 0.0000 0.0000 0.0000 0.1200 1
0.4787 64.9993 -2.9071 0.0000 0.0000 0.0000 0.1200 1
0.6731 65.0011 -2.8810 0.0000 0.0000 0.0000 0.1200 1
0.8652 65.0011 -2.8322 0.0000 0.0000 0.0000 0.1200 1
1.0387 65.0015 -2.7790 0.0000 0.0000 0.0000 0.1200 1
1.2348 65.0011 -2.7028 0.0000 0.0000 0.0000 0.1200 1
1.4226 64.9986 -2.6201 0.0000 0.0000 0.0000 0.1200 1
1.5784 64.9992 -2.5406 0.0000 0.0000 0.0000 0.1200 1
1.7422 65.0006 -2.4336 0.0000 0.0000 0.0000 0.1200 1
1.9215 65.0026 -2.3045 0.0000 0.0000 0.0000 0.1200 1
2.0553 64.9995 -2.1938 0.0000 0.0000 0.0000 0.1200 1
2.2099 64.9982 -2.0518 0.0000 0.0000 0.0000 0.1200 1
2.3375 64.9992 -1.9153 0.0000 0.0000 0.0000 0.1200 1
2.4586 64.9991 -1.7700 0.0000 0.0000 0.0000 0.1200 1
2.5903 65.0005 -1.5839 0.0000 0.0000 0.0000 0.1200 1
2.6818 64.9997 -1.4280 0.0000 0.0000 0.0000 0.1200 1
2.7755 64.9987 -1.2517 0.0000 0.0000 0.0000 0.1200 1
2.8634 64.9999 -1.0671 0.0000 0.0000 0.0000 0.1200 1
2.9218 64.9999 -0.8910 0.0000 0.0000 0.0000 0.1200 1
2.9862 65.0001 -0.7039 0.0000 0.0000 0.0000 0.1200 1
3.0297 65.0007 -0.5209 0.0000 0.0000 0.0000 0.1200 1
3.0569 65.0004 -0.3506 0.0000 0.0000 0.0000 0.1200 1
3.0780 65.0004 -0.1407 0.0000 0.0000 0.0000 0.1200 1
3.0786 65.4996 0.0403 0.0000 0.0000 0.0000 0.1200 1
3.0767 65.4995 0.2575 0.0000 0.0000 0.0000 0.1200 1
3.0522 65.4999 0.4643 0.0000 0.0000 0.0000 0.1200 1
3.0259 65.5009 0.6485 0.0000 0.0000 0.0000 0.1200 1
2.9848 65.4994 0.8233 0.0000 0.0000 0.0000 0.1200 1
2.9215 65.4986 1.0261 0.0000 0.0000 0.0000 0.1200 1
2.8507 65.4996 1.2151 0.0000 0.0000 0.0000 0.1200 1
2.7656 65.4986 1.4176 0.0000 0.0000 0.0000 0.1200 1
2.6779 65.5011 1.5656 0.0000 0.0000 0.0000 0.1200 1
2.5770 65.4994 1.7330 0.0000 0.0000 0.0000 0.1200 1
2.4457 65.4995 1.9084 0.0000 0.0000 0.0000 0.1200 1
2.3413 65.5002 2.0392 0.0000 0.0000 0.0000 0.1200 1
2.1957 65.4991 2.1876 0.0000 0.0000 0.0000 0.1200 1
2.0582 65.4990 2.3214 0.0000 0.0000 0.0000 0.1200 1
1.9050 65.5007 2.4459 0.0000 0.0000 0.0000 0.1200 1
1.7616 65.5008 2.5512 0.0000 0.0000 0.0000 0.1200 1
1.5832 65.4996 2.6604 0.0000 0.0000 0.0000 0.1200 1
1.4231 65.5001 2.7468 0.0000 0.0000 0.0000 0.1200 1
1.2247 65.5001 2.8401 0.0000 0.0000 0.0000 0.1200 1
1.0599 65.5018 2.9006 0.0000 0.0000 0.0000 0.1200 1
0.8739 65.4998 2.9566 0.0000 0.0000 0.0000 0.1200 1
0.6671 65.4984 3.0092 0.0000 0.0000 0.0000 0.1200 1
0.4660 65.5004 3.0387 0.0000 0.0000 0.0000 0.1200 1
0.2566 65.5000 3.0583 0.0000 0.0000 0.0000 0.1200 1
0.0693 65.4997 3.0649 0.0000 0.0000 0.0000 0.1200 1
-0.1086 65.4996 3.0566 0.0000 0.0000 0.0000 0.1200 1
-0.3095 65.5012 3.0394 0.0000 0.0000 0.0000 0.1200 1
-0.5044 65.4998 3.0109 0.0000 0.0000 0.0000 0.1200 1
-0.6960 65.4986 2.9615 0.0000 0.0000 0.0000 0.1200 1
-0.8812 65.5007 2.9071 0.0000 0.0000 0.0000 0.1200 1
-1.0653 65.5009 2.8369 0.0000 0.0000 0.0000 0.1200 1
-1.2570 65.4986 2.7499 0.0000 0.0000 0.0000 0.1200 1
-1.4244 65.5022 2.6608 0.0000 0.0000 0.0000 0.1200 1
-1.5952 65.5008 2.5573 0.0000 0.0000 0.0000 0.1200 1
-1.7640 65.4997 2.4294 0.0000 0.0000 0.0000 0.1200 1
-1.9034 65.4990 2.3153 0.0000 0.0000 0.0000 0.1200 1
-2.0283 65.4987 2.1932 0.0000 0.0000 0.0000 0.1200 1
-2.1750 65.4998 2.0396 0.0000 0.0000 0.0000 0.1200 1
-2.2998 65.5010 1.8905 0.0000 0.0000 0.0000 0.1200 1
-2.4126 65.5004 1.7404 0.0000 0.0000 0.0000 0.1200 1
-2.5100 65.5018 1.5745 0.0000 0.0000 0.0000 0.1200 1
-2.6087 65.5005 1.3960 0.0000 0.0000 0.0000 0.1200 1
-2.6907 65.5007 1.2051 0.0000 0.0000 0.0000 0.1200 1
-2.7621 65.5000 1.0238 0.0000 0.0000 0.0000 0.1200 1
-2.8154 65.4998 0.8414 0.0000 0.0000 0.0000 0.1200 1
-2.8666 65.4988 0.6272 0.0000 0.0000 0.0000 0.1200 1
-2.8973 65.5012 0.4340 0.0000 0.0000 0.0000 0.1200 1
-2.9166 65.4980 0.2583 0.0000 0.0000 0.0000 0.1200 1
-2.9208 65.4984 0.0476 0.0000 0.0000 0.0000 0.1200 1
-2.9139 65.4985 -0.1300 0.0000 0.0000 0.0000 0.1200 1
-2.8953 65.5006 -0.3183 0.0000 0.0000 0.0000 0.1200 1
-2.8600 65.5014 -0.5328 0.0000 0.0000 0.0000 0.1200 1
-2.8160 65.5000 -0.7178 0.0000 0.0000 0.0000 0.1200 1
-2.7557 65.5000 -0.9140 0.0000 0.0000 0.0000 0.1200 1
-2.6888 65.5012 -1.0905 0.0000 0.0000 0.0000 0.1200 1
-2.6092 65.5021 -1.2665 0.0000 0.0000 0.0000 0.1200 1
-2.5146 65.5007 -1.4392 0.0000 0.0000 0.0000 0.1200 1
-2.4184 65.5013 -1.5958 0.0000 0.0000 0.0000 0.1200 1
-2.3116 65.5000 -1.7443 0.0000 0.0000 0.0000 0.1200 1
-2.1638 65.4996 -1.9188 0.0000 0.0000 0.0000 0.1200 1
-2.0351 65.4994 -2.0680 0.0000 0.0000 0.0000 0.1200 1
-1.9089 65.5004 -2.1820 0.0000 0.0000 0.0000 0.1200 1
-1.7445 65.5007 -2.3127 0.0000 0.0000 0.0000 0.1200 1
-1.6005 65.5003 -2.4227 0.0000 0.0000 0.0000 0.1200 1
-1.4147 65.4994 -2.5301 0.0000 0.0000 0.0000 0.1200 1
-1.2358 65.5010 -2.6323 0.0000 0.0000 0.0000 0.1200 1
-1.0608 65.5020 -2.7116 0.0000 0.0000 0.0000 0.1200 1
-0.8886 65.4986 -2.7770 0.0000 0.0000 0.0000 0.1200 1
-0.7004 65.5013 -2.8330 0.0000 0.0000 0.0000 0.1200 1
-0.5113 65.5000 -2.8725 0.0000 0.0000 0.0000 0.1200 1
-0.3110 65.4994 -2.9089 0.0000 0.0000 0.0000 0.1200 1
-0.1080 65.4997 -2.9258 0.0000 0.0000 0.0000 0.1200 1
0.0660 65.5011 -2.9346 0.0000 0.0000 0.0000 0.1200 1
0.2752 65.5006 -2.9280 0.0000 0.0000 0.0000 0.1200 1
0.4737 65.4995 -2.9106 0.0000 0.0000 0.0000 0.1200 1
0.6656 65.5008 -2.8738 0.0000 0.0000 0.0000 0.1200 1
0.8428 65.5007 -2.8377 0.0000 0.0000 0.0000 0.1200 1
1.0366 65.4998 -2.7775 0.0000 0.0000 0.0000 0.1200 1
1.2413 65.4992 -2.7017 0.0000 0.0000 0.0000 0.1200 1
1.4187 65.4992 -2.6239 0.0000 0.0000 0.0000 0.1200 1
1.5744 65.5014 -2.5352 0.0000 0.0000 0.0000 0.1200 1
1.7586 65.5001 -2.4280 0.0000 0.0000 0.0000 0.1200 1
1.9126 65.4983 -2.3134 0.0000 0.0000 0.0000 0.1200 1
2.0583 65.5010 -2.1927 0.0000 0.0000 0.0000 0.1200 1
2.2134 65.5004 -2.0443 0.0000 0.0000 0.0000 0.1200 1
2.3366 65.5018 -1.9143 0.0000 0.0000 0.0000 0.1200 1
2.4627 65.4991 -1.7542 0.0000 0.0000 0.0000 0.1200 1
2.5663 65.4998 -1.6134 0.0000 0.0000 0.0000 0.1200 1
2.6855 65.4990 -1.4221 0.0000 0.0000 0.0000 0.1200 1
2.7696 65.5015 -1.2625 0.0000 0.0000 0.0000 0.1200 1
2.8491 65.4997 -1.0899 0.0000 0.0000 0.0000 0.1200 1
2.9180 65.4993 -0.9028 0.0000 0.0000 0.0000 0.1200 1
2.9854 65.5001 -0.6894 0.0000 0.0000 0.0000 0.1200 1
3.0237 65.4992 -0.5154 0.0000 0.0000 0.0000 0.1200 1
3.0602 65.4998 -0.3091 0.0000 0.0000 0.0000 0.1200 1
3.0727 65.5008 -0.1361 0.0000 0.0000 0.0000 0.1200 1
3.0776 65.9988 0.0611 0.0000 0.0000 0.0000 0.1200 1
3.0718 65.9988 0.2586 0.0000 0.0000 0.0000 0.1200 1
3.0503 65.9993 0.4518 0.0000 0.0000 0.0000 0.1200 1
3.0191 65.9990 0.6677 0.0000 0.0000 0.0000 0.1200 1
2.9788 66.0002 0.8168 0.0000 0.0000 0.0000 0.1200 1
2.9193 66.0006 1.0228 0.0000 0.0000 0.0000 0.1200 1
2.8490 65.9984 1.2049 0.0000 0.0000 0.0000 0.1200 1
2.7660 65.9995 1.3993 0.0000 0.0000 0.0000 0.1200 1
2.6779 66.0004 1.5626 0.0000 0.0000 0.0000 0.1200 1
2.5762 66.0000 1.7369 0.0000 0.0000 0.0000 0.1200 1
2.4620 66.0001 1.8897 0.0000 0.0000 0.0000 0.1200 1
2.3362 65.9982 2.0351 0.0000 0.0000 0.0000 0.1200 1
2.2038 65.9984 2.1847 0.0000 0.0000 0.0000 0.1200 1
2.0687 66.0009 2.3119 0.0000 0.0000 0.0000 0.1200 1
1.9062 66.0013 2.4463 0.0000 0.0000 0.0000 0.1200 1
1.7459 66.0002 2.5611 0.0000 0.0000 0.0000 0.1200 1
1.5815 65.9990 2.6637 0.0000 0.0000 0.0000 0.1200 1
1.4050 66.0008 2.7567 0.0000 0.0000 0.0000 0.1200 1
1.2367 66.0001 2.8385 0.0000 0.0000 0.0000 0.1200 1
1.0513 65.9991 2.9059 0.0000 0.0000 0.0000 0.1200 1
0.8474 66.0003 2.9661 0.0000 0.0000 0.0000 0.1200 1
0.6841 66.0005 3.0045 0.0000 0.0000 0.0000 0.1200 1
0.4772 65.9995 3.0423 0.0000 0.0000 0.0000 0.1200 1
0.2862 65.9984 3.0539 0.0000 0.0000 0.0000 0.1200 1
0.0605 66.0005 3.0658 0.0000 0.0000 0.0000 0.1200 1
-0.1172 65.9989 3.0613 0.0000 0.0000 0.0000 0.1200 1
-0.3186 65.9990 3.0392 0.0000 0.0000 0.0000 0.1200 1
-0.4999 65.9981 3.0081 0.0000 0.0000 0.0000 0.1200 1
-0.6969 66.0011 2.9619 0.0000 0.0000 0.0000 0.1200 1
-0.8880 66.0002 2.9081 0.0000 0.0000 0.0000 0.1200 1
-1.0856 66.0011 2.8313 0.0000 0.0000 0.0000 0.1200 1
-1.2397 66.0009 2.7573 0.0000 0.0000 0.0000 0.1200 1
-1.4074 65.9999 2.6692 0.0000 0.0000 0.0000 0.1200 1
-1.6029 66.0002 2.5495 0.0000 0.0000 0.0000 0.1200 1
-1.7510 66.0016 2.4437 0.0000 0.0000 0.0000 0.1200 1
-1.9052 65.9986 2.3186 0.0000 0.0000 0.0000 0.1200 1
-2.0428 65.9998 2.1826 0.0000 0.0000 0.0000 0.1200 1
-2.1727 65.9995 2.0503 0.0000 0.0000 0.0000 0.1200 1
-2.3019 66.0003 1.8915 0.0000 0.0000 0.0000 0.1200 1
-2.4140 66.0009 1.7352 0.0000 0.0000 0.0000 0.1200 1
-2.5194 65.9996 1.5740 0.0000 0.0000 0.0000 0.1200 1
-2.6103 65.9994 1.4008 0.0000 0.0000 0.0000 0.1200 1
-2.6941 66.0006 1.2139 0.0000 0.0000 0.0000 0.1200 1
-2.7665 66.0008 1.0228 0.0000 0.0000 0.0000 0.1200 1
-2.8186 65.9998 0.8516 0.0000 0.0000 0.0000 0.1200 1
-2.8649 65.9986 0.6556 0.0000 0.0000 0.0000 0.1200 1
-2.8944 65.9998 0.4629 0.0000 0.0000 0.0000 0.1200 1
-2.9127 66.0003 0.2537 0.0000 0.0000 0.0000 0.1200 1
-2.9182 66.0008 0.0652 0.0000 0.0000 0.0000 0.1200 1
-2.9163 66.0005 -0.1228 0.0000 0.0000 0.0000 0.1200 1
-2.9005 66.0004 -0.3112 0.0000 0.0000 0.0000 0.1200 1
-2.8630 65.9999 -0.5044 0.0000 0.0000 0.0000 0.1200 1
-2.8167 65.9993 -0.7171 0.0000 0.0000 0.0000 0.1200 1
-2.7610 66.0011 -0.9111 0.0000 0.0000 0.0000 0.1200 1
-2.6890 66.0006 -1.0924 0.0000 0.0000 0.0000 0.1200 1
-2.6109 65.9989 -1.2615 0.0000 0.0000 0.0000 0.1200 1
-2.5157 65.9991 -1.4434 0.0000 0.0000 0.0000 0.1200 1
-2.4121 66.0003 -1.6065 0.0000 0.0000 0.0000 0.1200 1
-2.3018 66.0009 -1.7652 0.0000 0.0000 0.0000 0.1200 1
-2.1720 66.0017 -1.9138 0.0000 0.0000 0.0000 0.1200 1
-2.0278 65.9996 -2.0730 0.0000 0.0000 0.0000 0.1200 1
-1.9029 65.9998 -2.1863 0.0000 0.0000 0.0000 0.1200 1
-1.7433 66.0002 -2.3170 0.0000 0.0000 0.0000 0.1200 1
-1.5907 65.9987 -2.4267 0.0000 0.0000 0.0000 0.1200 1
-1.4206 66.0009 -2.5326 0.0000 0.0000 0.0000 0.1200 1
-1.2363 66.0003 -2.6318 0.0000 0.0000 0.0000 0.1200 1
-1.0604 66.0001 -2.7116 0.0000 0.0000 0.0000 0.1200 1
-0.8905 66.0002 -2.7748 0.0000 0.0000 0.0000 0.1200 1
-0.6993 66.0003 -2.8347 0.0000 0.0000 0.0000 0.1200 1
-0.5215 66.0005 -2.8717 0.0000 0.0000 0.0000 0.1200 1
-0.3130 66.0006 -2.9120 0.0000 0.0000 0.0000 0.1200 1
-0.1341 66.0004 -2.9263 0.0000 0.0000 0.0000 0.1200 1
0.0702 65.9992 -2.9345 0.0000 0.0000 0.0000 0.1200 1
0.2755 66.0007 -2.9273 0.0000 0.0000 0.0000 0.1200 1
0.4967 65.9994 -2.9039 0.0000 0.0000 0.0000 0.1200 1
0.6693 65.9984 -2.8735 0.0000 0.0000 0.0000 0.1200 1
0.8609 65.9998 -2.8344 0.0000 0.0000 0.0000 0.1200 1
1.0233 66.0000 -2.7802 0.0000 0.0000 0.0000 0.1200 1
1.2388 65.9993 -2.6987 0.0000 0.0000 0.0000 0.1200 1
1.4140 65.9999 -2.6189 0.0000 0.0000 0.0000 0.1200 1
1.5817 66.0015 -2.5345 0.0000 0.0000 0.0000 0.1200 1
1.7324 65.9998 -2.4396 0.0000 0.0000 0.0000 0.1200 1
1.9117 65.9992 -2.3064 0.0000 0.0000 0.0000 0.1200 1
2.0589 65.9989 -2.1909 0.0000 0.0000 0.0000 0.1200 1
2.2040 66.0000 -2.0548 0.0000 0.0000 0.0000 0.1200 1
2.3346 66.0000 -1.9124 0.0000 0.0000 0.0000 0.1200 1
2.4522 65.9998 -1.7694 0.0000 0.0000 0.0000 0.1200 1
2.5789 66.0000 -1.5962 0.0000 0.0000 0.0000 0.1200 1
2.6890 66.0020 -1.4161 0.0000 0.0000 0.0000 0.1200 1
2.7638 65.9989 -1.2631 0.0000 0.0000 0.0000 0.1200 1
2.8556 66.0016 -1.0666 0.0000 0.0000 0.0000 0.1200 1
2.9203 65.9999 -0.8933 0.0000 0.0000 0.0000 0.1200 1
2.9732 65.9999 -0.7210 0.0000 0.0000 0.0000 0.1200 1
3.0188 66.0011 -0.5281 0.0000 0.0000 0.0000 0.1200 1
3.0519 65.9995 -0.3203 0.0000 0.0000 0.0000 0.1200 1
3.0706 66.0010 -0.1409 0.0000 0.0000 0.0000 0.1200 1
3.0785 66.4984 0.0657 0.0000 0.0000 0.0000 0.1200 1
3.0674 66.4994 0.2650 0.0000 0.0000 0.0000 0.1200 1
3.0460 66.5022 0.4702 0.0000 0.0000 0.0000 0.1200 1
3.0163 66.4995 0.6542 0.0000 0.0000 0.0000 0.1200 1
2.9751 66.4980 0.8405 0.0000 0.0000 0.0000 0.1200 1
2.9172 66.5000 1.0400 0.0000 0.0000 0.0000 0.1200 1
2.8505 66.5016 1.2067 0.0000 0.0000 0.0000 0.1200 1
2.7676 66.4999 1.3924 0.0000 0.0000 0.0000 0.1200 1
2.6706 66.4993 1.5708 0.0000 0.0000 0.0000 0.1200 1
2.5696 66.4987 1.7322 0.0000 0.0000 0.0000 0.1200 1
2.4463 66.4977 1.9046 0.0000 0.0000 0.0000 0.1200 1
2.3415 66.4995 2.0334 0.0000 0.0000 0.0000 0.1200 1
2.1962 66.4991 2.1885 0.0000 0.0000 0.0000 0.1200 1
2.0486 66.4994 2.3296 0.0000 0.0000 0.0000 0.1200 1
1.9041 66.5003 2.4445 0.0000 0.0000 0.0000 0.1200 1
1.7428 66.5014 2.5567 0.0000 0.0000 0.0000 0.1200 1
1.5821 66.5008 2.6616 0.0000 0.0000 0.0000 0.1200 1
1.3983 66.4978 2.7606 0.0000 0.0000 0.0000 0.1200 1
1.2264 66.5013 2.8376 0.0000 0.0000 0.0000 0.1200 1
1.0555 66.5009 2.9024 0.0000 0.0000 0.0000 0.1200 1
0.8438 66.4995 2.9717 0.0000 0.0000 0.0000 0.1200 1
0.6381 66.4998 3.0149 0.0000 0.0000 0.0000 0.1200 1
0.4620 66.5003 3.0423 0.0000 0.0000 0.0000 0.1200 1
0.3007 66.5005 3.0597 0.0000 0.0000 0.0000 0.1200 1
0.0978 66.4980 3.0673 0.0000 0.0000 0.0000 0.1200 1
-0.1281 66.5015 3.0588 0.0000 0.0000 0.0000 0.1200 1
-0.3016 66.5001 3.0415 0.0000 0.0000 0.0000 0.1200 1
-0.5163 66.5000 3.0078 0.0000 0.0000 0.0000 0.1200 1
-0.6953 66.4983 2.9665 0.0000 0.0000 0.0000 0.1200 1
-0.8861 66.4998 2.9093 0.0000 0.0000 0.0000 0.1200 1
-1.0646 66.5004 2.8418 0.0000 0.0000 0.0000 0.1200 1
-1.2473 66.5003 2.7586 0.0000 0.0000 0.0000 0.1200 1
-1.4265 66.5011 2.6687 0.0000 0.0000 0.0000 0.1200 1
-1.5751 66.5009 2.5710 0.0000 0.0000 0.0000 0.1200 1
-1.7464 66.5011 2.4523 0.0000 0.0000 0.0000 0.1200 1
-1.9030 66.4990 2.3223 0.0000 0.0000 0.0000 0.1200 1
-2.0453 66.5000 2.1899 0.0000 0.0000 0.0000 0.1200 1
-2.1744 66.5003 2.0484 0.0000 0.0000 0.0000 0.1200 1
-2.3026 66.5006 1.8940 0.0000 0.0000 0.0000 0.1200 1
-2.4247 66.5005 1.7226 0.0000 0.0000 0.0000 0.1200 1
-2.5178 66.4993 1.5755 0.0000 0.0000 0.0000 0.1200 1
-2.6230 66.5004 1.3753 0.0000 0.0000 0.0000 0.1200 1
-2.6944 66.4996 1.2144 0.0000 0.0000 0.0000 0.1200 1
-2.7648 66.4989 1.0350 0.0000 0.0000 0.0000 0.1200 1
-2.8228 66.5007 0.8387 0.0000 0.0000 0.0000 0.1200 1
-2.8732 66.5009 0.6246 0.0000 0.0000 0.0000 0.1200 1
-2.8989 66.4994 0.4555 0.0000 0.0000 0.0000 0.1200 1
-2.9139 66.4988 0.2596 0.0000 0.0000 0.0000 0.1200 1
-2.9225 66.4981 0.0923 0.0000 0.0000 0.0000 0.1200 1
-2.9168 66.4997 -0.1416 0.0000 0.0000 0.0000 0.1200 1
-2.8942 66.5008 -0.3306 0.0000 0.0000 0.0000 0.1200 1
-2.8693 66.5001 -0.5115 0.0000 0.0000 0.0000 0.1200 1
-2.8225 66.4999 -0.7116 0.0000 0.0000 0.0000 0.1200 1
-2.7636 66.4990 -0.8967 0.0000 0.0000 0.0000 0.1200 1
-2.7001 66.5002 -1.0662 0.0000 0.0000 0.0000 0.1200 1
-2.6162 66.5005 -1.2576 0.0000 0.0000 0.0000 0.1200 1
-2.5220 66.5005 -1.4312 0.0000 0.0000 0.0000 0.1200 1
-2.4166 66.4992 -1.6045 0.0000 0.0000 0.0000 0.1200 1
-2.3104 66.4995 -1.7523 0.0000 0.0000 0.0000 0.1200 1
-2.1807 66.4990 -1.9085 0.0000 0.0000 0.0000 0.1200 1
-2.0481 66.4991 -2.0541 0.0000 0.0000 0.0000 0.1200 1
-1.8895 66.4996 -2.2000 0.0000 0.0000 0.0000 0.1200 1
-1.7335 66.4997 -2.3232 0.0000 0.0000 0.0000 0.1200 1
-1.5969 66.5015 -2.4221 0.0000 0.0000 0.0000 0.1200 1
-1.4135 66.5011 -2.5362 0.0000 0.0000 0.0000 0.1200 1
-1.2477 66.5015 -2.6243 0.0000 0.0000 0.0000 0.1200 1
-1.0680 66.4999 -2.7083 0.0000 0.0000 0.0000 0.1200 1
-0.8857 66.5003 -2.7731 0.0000 0.0000 0.0000 0.1200 1
-0.6876 66.4971 -2.8344 0.0000 0.0000 0.0000 0.1200 1
-0.5169 66.5007 -2.8762 0.0000 0.0000 0.0000 0.1200 1
-0.3157 66.5003 -2.9074 0.0000 0.0000 0.0000 0.1200 1
-0.1514 66.5009 -2.9259 0.0000 0.0000 0.0000 0.1200 1
0.0696 66.5011 -2.9356 0.0000 0.0000 0.0000 0.1200 1
0.2751 66.4994 -2.9259 0.0000 0.0000 0.0000 0.1200 1
0.4739 66.5017 -2.9102 0.0000 0.0000 0.0000 0.1200 1
0.6665 66.5009 -2.8769 0.0000 0.0000 0.0000 0.1200 1
0.8688 66.5001 -2.8277 0.0000 0.0000 0.0000 0.1200 1
1.0645 66.5008 -2.7629 0.0000 0.0000 0.0000 0.1200 1
1.2199 66.4993 -2.7070 0.0000 0.0000 0.0000 0.1200 1
1.4140 66.4990 -2.6238 0.0000 0.0000 0.0000 0.1200 1
1.5534 66.4995 -2.5449 0.0000 0.0000 0.0000 0.1200 1
1.7314 66.5013 -2.4348 0.0000 0.0000 0.0000 0.1200 1
1.8987 66.4994 -2.3184 0.0000 0.0000 0.0000 0.1200 1
2.0445 66.5010 -2.1968 0.0000 0.0000 0.0000 0.1200 1
2.2046 66.5002 -2.0456 0.0000 0.0000 0.0000 0.1200 1
2.3453 66.4982 -1.8911 0.0000 0.0000 0.0000 0.1200 1
2.4526 66.4978 -1.7660 0.0000 0.0000 0.0000 0.1200 1
2.5757 66.5002 -1.6001 0.0000 0.0000 0.0000 0.1200 1
2.6728 66.4993 -1.4259 0.0000 0.0000 0.0000 0.1200 1
2.7649 66.5009 -1.2696 0.0000 0.0000 0.0000 0.1200 1
2.8414 66.5002 -1.0957 0.0000 0.0000 0.0000 0.1200 1
2.9174 66.4999 -0.8947 0.0000 0.0000 0.0000 0.1200 1
2.9770 66.4991 -0.6960 0.0000 0.0000 0.0000 0.1200 1
3.0206 66.4996 -0.5106 0.0000 0.0000 0.0000 0.1200 1
3.0497 66.4990 -0.3237 0.0000 0.0000 0.0000 0.1200 1
3.0709 66.5016 -0.1435 0.0000 0.0000 0.0000 0.1200 1
3.0750 66.9985 0.0905 0.0000 0.0000 0.0000 0.1200 1
3.0679 66.9993 0.2449 0.0000 0.0000 0.0000 0.1200 1
3.0480 67.0003 0.4503 0.0000 0.0000 0.0000 0.1200 1
3.0114 67.0010 0.6724 0.0000 0.0000 0.0000 0.1200 1
2.9711 67.0000 0.8483 0.0000 0.0000 0.0000 0.1200 1
2.9127 67.0002 1.0284 0.0000 0.0000 0.0000 0.1200 1
2.8466 66.9997 1.2038 0.0000 0.0000 0.0000 0.1200 1
2.7646 67.0006 1.3955 0.0000 0.0000 0.0000 0.1200 1
2.6721 66.9999 1.5612 0.0000 0.0000 0.0000 0.1200 1
2.5633 67.0004 1.7431 0.0000 0.0000 0.0000 0.1200 1
2.4603 67.0005 1.8860 0.0000 0.0000 0.0000 0.1200 1
2.3218 66.9992 2.0536 0.0000 0.0000 0.0000 0.1200 1
2.1911 67.0003 2.1938 0.0000 0.0000 0.0000 0.1200 1
2.0500 67.0001 2.3309 0.0000 0.0000 0.0000 0.1200 1
1.8968 67.0003 2.4478 0.0000 0.0000 0.0000 0.1200 1
1.7377 66.9993 2.5662 0.0000 0.0000 0.0000 0.1200 1
1.5718 67.0011 2.6662 0.0000 0.0000 0.0000 0.1200 1
1.4217 67.0002 2.7467 0.0000 0.0000 0.0000 0.1200 1
1.2005 67.0009 2.8434 0.0000 0.0000 0.0000 0.1200 1
1.0234 67.0015 2.9142 0.0000 0.0000 0.0000 0.1200 1
0.8552 67.0016 2.9609 0.0000 0.0000 0.0000 0.1200 1
0.6531 66.9991 3.0128 0.0000 0.0000 0.0000 0.1200 1
0.4505 66.9986 3.0441 0.0000 0.0000 0.0000 0.1200 1
0.2659 66.9980 3.0598 0.0000 0.0000 0.0000 0.1200 1
0.0543 66.9998 3.0658 0.0000 0.0000 0.0000 0.1200 1
-0.1034 67.0001 3.0615 0.0000 0.0000 0.0000 0.1200 1
-0.3350 67.0009 3.0390 0.0000 0.0000 0.0000 0.1200 1
-0.5055 66.9996 3.0124 0.0000 0.0000 0.0000 0.1200 1
-0.7155 67.0004 2.9609 0.0000 0.0000 0.0000 0.1200 1
-0.8878 66.9998 2.9092 0.0000 0.0000 0.0000 0.1200 1
-1.0705 67.0003 2.8413 0.0000 0.0000 0.0000 0.1200 1
-1.2493 67.0019 2.7613 0.0000 0.0000 0.0000 0.1200 1
-1.4433 67.0000 2.6558 0.0000 0.0000 0.0000 0.1200 1
-1.6037 67.0002 2.5548 0.0000 0.0000 0.0000 0.1200 1
-1.7613 67.0001 2.4435 0.0000 0.0000 0.0000 0.1200 1
-1.9117 67.0012 2.3153 0.0000 0.0000 0.0000 0.1200 1
-2.0450 67.0020 2.1931 0.0000 0.0000 0.0000 0.1200 1
-2.1847 66.9998 2.0413 0.0000 0.0000 0.0000 0.1200 1
-2.2967 67.0004 1.9014 0.0000 0.0000 0.0000 0.1200 1
-2.4115 67.0009 1.7487 0.0000 0.0000 0.0000 0.1200 1
-2.5173 67.0006 1.5752 0.0000 0.0000 0.0000 0.1200 1
-2.6191 67.0014 1.3921 0.0000 0.0000 0.0000 0.1200 1
-2.6942 67.0004 1.2233 0.0000 0.0000 0.0000 0.1200 1
-2.7748 67.0005 1.0154 0.0000 0.0000 0.0000 0.1200 1
-2.8268 66.9992 0.8327 0.0000 0.0000 0.0000 0.1200 1
-2.8674 66.9992 0.6440 0.0000 0.0000 0.0000 0.1200 1
-2.9014 66.9993 0.4494 0.0000 0.0000 0.0000 0.1200 1
-2.9176 67.0011 0.2475 0.0000 0.0000 0.0000 0.1200 1
-2.9251 66.9987 0.0680 0.0000 0.0000 0.0000 0.1200 1
-2.9177 66.9998 -0.1245 0.0000 0.0000 0.0000 0.1200 1
-2.9011 67.0009 -0.3394 0.0000 0.0000 0.0000 0.1200 1
-2.8715 67.0000 -0.5234 0.0000 0.0000 0.0000 0.1200 1
-2.8299 67.0009 -0.6970 0.0000 0.0000 0.0000 0.1200 1
-2.7741 66.9998 -0.8852 0.0000 0.0000 0.0000 0.1200 1
-2.6948 66.9997 -1.0799 0.0000 0.0000 0.0000 0.1200 1
-2.6237 67.0007 -1.2503 0.0000 0.0000 0.0000 0.1200 1
-2.5290 67.0025 -1.4289 0.0000 0.0000 0.0000 0.1200 1
-2.4201 67.0012 -1.5928 0.0000 0.0000 0.0000 0.1200 1
-2.3079 66.9992 -1.7581 0.0000 0.0000 0.0000 0.1200 1
-2.1758 67.0004 -1.9217 0.0000 0.0000 0.0000 0.1200 1
-2.0331 67.0004 -2.0727 0.0000 0.0000 0.0000 0.1200 1
-1.9156 67.0004 -2.1765 0.0000 0.0000 0.0000 0.1200 1
-1.7659 66.9991 -2.3024 0.0000 0.0000 0.0000 0.1200 1
-1.5915 67.0009 -2.4270 0.0000 0.0000 0.0000 0.1200 1
-1.4150 66.9999 -2.5335 0.0000 0.0000 0.0000 0.1200 1
-1.2531 66.9995 -2.6223 0.0000 0.0000 0.0000 0.1200 1
-1.0712 66.9997 -2.7068 0.0000 0.0000 0.0000 0.1200 1
-0.8928 66.9988 -2.7737 0.0000 0.0000 0.0000 0.1200 1
-0.6998 67.0011 -2.8306 0.0000 0.0000 0.0000 0.1200 1
-0.5165 66.9993 -2.8739 0.0000 0.0000 0.0000 0.1200 1
-0.3207 66.9980 -2.9092 0.0000 0.0000 0.0000 0.1200 1
-0.1038 66.9995 -2.9292 0.0000 0.0000 0.0000 0.1200 1
0.0698 67.0015 -2.9351 0.0000 0.0000 0.0000 0.1200 1
0.2631 66.9991 -2.9263 0.0000 0.0000 0.0000 0.1200 1
0.4593 67.0008 -2.9056 0.0000 0.0000 0.0000 0.1200 1
0.6608 67.0007 -2.8769 0.0000 0.0000 0.0000 0.1200 1
0.8630 66.9999 -2.8274 0.0000 0.0000 0.0000 0.1200 1
1.0447 66.9975 -2.7701 0.0000 0.0000 0.0000 0.1200 1
1.2104 67.0004 -2.7106 0.0000 0.0000 0.0000 0.1200 1
1.4040 67.0002 -2.6203 0.0000 0.0000 0.0000 0.1200 1
1.5600 67.0001 -2.5382 0.0000 0.0000 0.0000 0.1200 1
1.7507 66.9985 -2.4176 0.0000 0.0000 0.0000 0.1200 1
1.9029 66.9998 -2.3149 0.0000 0.0000 0.0000 0.1200 1
2.0411 66.9990 -2.1998 0.0000 0.0000 0.0000 0.1200 1
2.2009 66.9989 -2.0511 0.0000 0.0000 0.0000 0.1200 1
2.3283 66.9992 -1.9113 0.0000 0.0000 0.0000 0.1200 1
2.4505 67.0000 -1.7611 0.0000 0.0000 0.0000 0.1200 1
2.5760 66.9993 -1.5846 0.0000 0.0000 0.0000 0.1200 1
2.6709 67.0008 -1.4385 0.0000 0.0000 0.0000 0.1200 1
2.7747 67.0019 -1.2475 0.0000 0.0000 0.0000 0.1200 1
2.8441 67.0002 -1.0850 0.0000 0.0000 0.0000 0.1200 1
2.9064 67.0002 -0.9090 0.0000 0.0000 0.0000 0.1200 1
2.9679 67.0008 -0.7248 0.0000 0.0000 0.0000 0.1200 1
3.0120 66.9997 -0.5290 0.0000 0.0000 0.0000 0.1200 1
3.0463 67.0016 -0.3147 0.0000 0.0000 0.0000 0.1200 1
3.0666 66.9983 -0.1253 0.0000 0.0000 0.0000 0.1200 1
3.0700 67.5020 0.0816 0.0000 0.0000 0.0000 0.1200 1
3.0688 67.4996 0.2486 0.0000 0.0000 0.0000 0.1200 1
3.0453 67.5000 0.4731 0.0000 0.0000 0.0000 0.1200 1
3.0194 67.5013 0.6435 0.0000 0.0000 0.0000 0.1200 1
2.9723 67.5007 0.8276 0.0000 0.0000 0.0000 0.1200 1
2.9077 67.5006 1.0423 0.0000 0.0000 0.0000 0.1200 1
2.8384 67.4995 1.2277 0.0000 0.0000 0.0000 0.1200 1
2.7695 67.5001 1.3781 0.0000 0.0000 0.0000 0.1200 1
2.6682 67.5007 1.5683 0.0000 0.0000 0.0000 0.1200 1
2.5753 67.5000 1.7198 0.0000 0.0000 0.0000 0.1200 1
2.4614 67.4998 1.8817 0.0000 0.0000 0.0000 0.1200 1
2.3338 67.4999 2.0338 0.0000 0.0000 0.0000 0.1200 1
2.1899 67.5007 2.1883 0.0000 0.0000 0.0000 0.1200 1
2.0573 67.4990 2.3150 0.0000 0.0000 0.0000 0.1200 1
1.9013 67.4988 2.4433 0.0000 0.0000 0.0000 0.1200 1
1.7385 67.5014 2.5644 0.0000 0.0000 0.0000 0.1200 1
1.5651 67.5001 2.6676 0.0000 0.0000 0.0000 0.1200 1
1.3871 67.4997 2.7667 0.0000 0.0000 0.0000 0.1200 1
1.2217 67.5009 2.8399 0.0000 0.0000 0.0000 0.1200 1
1.0487 67.5007 2.9042 0.0000 0.0000 0.0000 0.1200 1
0.8458 67.5001 2.9673 0.0000 0.0000 0.0000 0.1200 1
0.6627 67.5002 3.0102 0.0000 0.0000 0.0000 0.1200 1
0.4578 67.4982 3.0439 0.0000 0.0000 0.0000 0.1200 1
0.2749 67.4998 3.0616 0.0000 0.0000 0.0000 0.1200 1
0.0778 67.4986 3.0676 0.0000 0.0000 0.0000 0.1200 1
-0.1346 67.5011 3.0597 0.0000 0.0000 0.0000 0.1200 1
-0.3163 67.4998 3.0398 0.0000 0.0000 0.0000 0.1200 1
-0.5196 67.5008 3.0097 0.0000 0.0000 0.0000 0.1200 1
-0.7164 67.4986 2.9642 0.0000 0.0000 0.0000 0.1200 1
-0.8890 67.5007 2.9105 0.0000 0.0000 0.0000 0.1200 1
-1.0889 67.4993 2.8374 0.0000 0.0000 0.0000 0.1200 1
-1.2505 67.5006 2.7637 0.0000 0.0000 0.0000 0.1200 1
-1.4294 67.4996 2.6678 0.0000 0.0000 0.0000 0.1200 1
-1.6205 67.4989 2.5454 0.0000 0.0000 0.0000 0.1200 1
-1.7610 67.5005 2.4409 0.0000 0.0000 0.0000 0.1200 1
-1.8965 67.4977 2.3328 0.0000 0.0000 0.0000 0.1200 1
-2.0420 67.4991 2.1966 0.0000 0.0000 0.0000 0.1200 1
-2.1907 67.4991 2.0445 0.0000 0.0000 0.0000 0.1200 1
-2.3092 67.4991 1.8895 0.0000 0.0000 0.0000 0.1200 1
-2.4109 67.5015 1.7540 0.0000 0.0000 0.0000 0.1200 1
-2.5231 67.4991 1.5776 0.0000 0.0000 0.0000 0.1200 1
-2.6148 67.4996 1.4081 0.0000 0.0000 0.0000 0.1200 1
-2.6992 67.5009 1.2250 0.0000 0.0000 0.0000 0.1200 1
-2.7703 67.4989 1.0301 0.0000 0.0000 0.0000 0.1200 1
-2.8277 67.5005 0.8483 0.0000 0.0000 0.0000 0.1200 1
-2.8647 67.4998 0.6604 0.0000 0.0000 0.0000 0.1200 1
-2.9041 67.5001 0.4593 0.0000 0.0000 0.0000 0.1200 1
-2.9224 67.5009 0.2632 0.0000 0.0000 0.0000 0.1200 1
-2.9273 67.5000 0.0625 0.0000 0.0000 0.0000 0.1200 1
-2.9240 67.4996 -0.1123 0.0000 0.0000 0.0000 0.1200 1
-2.9052 67.5013 -0.3085 0.0000 0.0000 0.0000 0.1200 1
-2.8663 67.5016 -0.5330 0.0000 0.0000 0.0000 0.1200 1
-2.8324 67.5003 -0.6975 0.0000 0.0000 0.0000 0.1200 1
-2.7727 67.4996 -0.8892 0.0000 0.0000 0.0000 0.1200 1
-2.7049 67.5005 -1.0668 0.0000 0.0000 0.0000 0.1200 1
-2.6237 67.5015 -1.2516 0.0000 0.0000 0.0000 0.1200 1
-2.5280 67.4995 -1.4354 0.0000 0.0000 0.0000 0.1200 1
-2.4111 67.5005 -1.6134 0.0000 0.0000 0.0000 0.1200 1
-2.3100 67.4995 -1.7534 0.0000 0.0000 0.0000 0.1200 1
-2.1838 67.5015 -1.9130 0.0000 0.0000 0.0000 0.1200 1
-2.0369 67.4990 -2.0655 0.0000 0.0000 0.0000 0.1200 1
-1.9194 67.5001 -2.1781 0.0000 0.0000 0.0000 0.1200 1
-1.7552 67.4981 -2.3134 0.0000 0.0000 0.0000 0.1200 1
-1.6148 67.5004 -2.4148 0.0000 0.0000 0.0000 0.1200 1
-1.4267 67.5008 -2.5341 0.0000 0.0000 0.0000 0.1200 1
-1.2641 67.5000 -2.6204 0.0000 0.0000 0.0000 0.1200 1
-1.0930 67.5013 -2.6962 0.0000 0.0000 0.0000 0.1200 1
-0.9217 67.4992 -2.7644 0.0000 0.0000 0.0000 0.1200 1
-0.7006 67.5000 -2.8287 0.0000 0.0000 0.0000 0.1200 1
-0.5116 67.4992 -2.8781 0.0000 0.0000 0.0000 0.1200 1
-0.3197 67.4979 -2.9091 0.0000 0.0000 0.0000 0.1200 1
-0.1421 67.4993 -2.9205 0.0000 0.0000 0.0000 0.1200 1
0.0629 67.5018 -2.9315 0.0000 0.0000 0.0000 0.1200 1
0.2719 67.5007 -2.9235 0.0000 0.0000 0.0000 0.1200 1
0.4683 67.4987 -2.9056 0.0000 0.0000 0.0000 0.1200 1
0.6540 67.5007 -2.8755 0.0000 0.0000 0.0000 0.1200 1
0.8425 67.5010 -2.8331 0.0000 0.0000 0.0000 0.1200 1
1.0401 67.5017 -2.7724 0.0000 0.0000 0.0000 0.1200 1
1.2166 67.4996 -2.7038 0.0000 0.0000 0.0000 0.1200 1
1.3951 67.5007 -2.6241 0.0000 0.0000 0.0000 0.1200 1
1.5656 67.4996 -2.5352 0.0000 0.0000 0.0000 0.1200 1
1.7228 67.5015 -2.4387 0.0000 0.0000 0.0000 0.1200 1
1.8949 67.5000 -2.3150 0.0000 0.0000 0.0000 0.1200 1
2.0415 67.4977 -2.1925 0.0000 0.0000 0.0000 0.1200 1
2.1992 67.5004 -2.0521 0.0000 0.0000 0.0000 0.1200 1
2.3247 67.5002 -1.9095 0.0000 0.0000 0.0000 0.1200 1
2.4601 67.4994 -1.7498 0.0000 0.0000 0.0000 0.1200 1
2.5660 67.4993 -1.5973 0.0000 0.0000 0.0000 0.1200 1
2.6596 67.5011 -1.4427 0.0000 0.0000 0.0000 0.1200 1
2.7651 67.4997 -1.2555 0.0000 0.0000 0.0000 0.1200 1
2.8432 67.4998 -1.0809 0.0000 0.0000 0.0000 0.1200 1
2.9146 67.4996 -0.8929 0.0000 0.0000 0.0000 0.1200 1
2.9655 67.4997 -0.7197 0.0000 0.0000 0.0000 0.1200 1
3.0117 67.5002 -0.5320 0.0000 0.0000 0.0000 0.1200 1
3.0492 67.4988 -0.3175 0.0000 0.0000 0.0000 0.1200 1
3.0645 67.5005 -0.1160 0.0000 0.0000 0.0000 0.1200 1
3.0708 68.0012 0.0790 0.0000 0.0000 0.0000 0.1200 1
3.0627 67.9995 0.2911 0.0000 0.0000 0.0000 0.1200 1
3.0389 68.0015 0.4614 0.0000 0.0000 0.0000 0.1200 1
3.0150 67.9979 0.6312 0.0000 0.0000 0.0000 0.1200 1
2.9600 68.0017 0.8570 0.0000 0.0000 0.0000 0.1200 1
2.9054 68.0000 1.0406 0.0000 0.0000 0.0000 0.1200 1
2.8398 67.9999 1.2151 0.0000 0.0000 0.0000 0.1200 1
2.7551 68.0017 1.4026 0.0000 0.0000 0.0000 0.1200 1
2.6592 67.9998 1.5769 0.0000 0.0000 0.0000 0.1200 1
2.5549 68.0009 1.7494 0.0000 0.0000 0.0000 0.1200 1
2.4523 67.9993 1.8899 0.0000 0.0000 0.0000 0.1200 1
2.3300 67.9994 2.0407 0.0000 0.0000 0.0000 0.1200 1
2.1835 68.0005 2.1951 0.0000 0.0000 0.0000 0.1200 1
2.0434 67.9991 2.3263 0.0000 0.0000 0.0000 0.1200 1
1.8926 68.0021 2.4489 0.0000 0.0000 0.0000 0.1200 1
1.7575 67.9990 2.5466 0.0000 0.0000 0.0000 0.1200 1
1.5742 67.9993 2.6603 0.0000 0.0000 0.0000 0.1200 1
1.3968 68.0009 2.7581 0.0000 0.0000 0.0000 0.1200 1
1.2082 67.9999 2.8458 0.0000 0.0000 0.0000 0.1200 1
1.0326 68.0009 2.9084 0.0000 0.0000 0.0000 0.1200 1
0.8506 67.9997 2.9651 0.0000 0.0000 0.0000 0.1200 1
0.6521 67.9988 3.0082 0.0000 0.0000 0.0000 0.1200 1
0.4577 68.0010 3.0451 0.0000 0.0000 0.0000 0.1200 1
0.2581 67.9986 3.0576 0.0000 0.0000 0.0000 0.1200 1
0.0712 67.9989 3.0722 0.0000 0.0000 0.0000 0.1200 1
-0.1036 68.0007 3.0593 0.0000 0.0000 0.0000 0.1200 1
-0.3200 68.0003 3.0438 0.0000 0.0000 0.0000 0.1200 1
-0.5192 68.0009 3.0141 0.0000 0.0000 0.0000 0.1200 1
-0.7228 67.9996 2.9630 0.0000 0.0000 0.0000 0.1200 1
-0.8860 67.9992 2.9149 0.0000 0.0000 0.0000 0.1200 1
-1.0835 68.0003 2.8419 0.0000 0.0000 0.0000 0.1200 1
-1.2662 68.0007 2.7542 0.0000 0.0000 0.0000 0.1200 1
-1.4298 67.9993 2.6703 0.0000 0.0000 0.0000 0.1200 1
-1.6032 67.9999 2.5611 0.0000 0.0000 0.0000 0.1200 1
-1.7609 67.9993 2.4474 0.0000 0.0000 0.0000 0.1200 1
-1.9167 68.0014 2.3208 0.0000 0.0000 0.0000 0.1200 1
-2.0488 68.0021 2.1920 0.0000 0.0000 0.0000 0.1200 1
-2.1852 68.0009 2.0465 0.0000 0.0000 0.0000 0.1200 1
-2.3100 68.0004 1.8927 0.0000 0.0000 0.0000 0.1200 1
-2.4211 67.9999 1.7428 0.0000 0.0000 0.0000 0.1200 1
-2.5175 67.9987 1.5887 0.0000 0.0000 0.0000 0.1200 1
-2.6322 67.9998 1.3740 0.0000 0.0000 0.0000 0.1200 1
-2.7035 68.0011 1.2190 0.0000 0.0000 0.0000 0.1200 1
-2.7805 68.0007 1.0161 0.0000 0.0000 0.0000 0.1200 1
-2.8281 68.0010 0.8348 0.0000 0.0000 0.0000 0.1200 1
-2.8756 68.0010 0.6480 0.0000 0.0000 0.0000 0.1200 1
-2.9070 67.9988 0.4647 0.0000 0.0000 0.0000 0.1200 1
-2.9267 67.9993 0.2667 0.0000 0.0000 0.0000 0.1200 1
-2.9293 67.9997 0.0913 0.0000 0.0000 0.0000 0.1200 1
-2.9274 67.9993 -0.1107 0.0000 0.0000 0.0000 0.1200 1
-2.9088 67.9987 -0.3195 0.0000 0.0000 0.0000 0.1200 1
-2.8775 68.0000 -0.5003 0.0000 0.0000 0.0000 0.1200 1
-2.8317 67.9997 -0.7012 0.0000 0.0000 0.0000 0.1200 1
-2.7703 68.0003 -0.9062 0.0000 0.0000 0.0000 0.1200 1
-2.6950 67.9978 -1.0982 0.0000 0.0000 0.0000 0.1200 1
-2.6196 68.0019 -1.2649 0.0000 0.0000 0.0000 0.1200 1
-2.5148 67.9993 -1.4577 0.0000 0.0000 0.0000 0.1200 1
-2.4380 68.0003 -1.5857 0.0000 0.0000 0.0000 0.1200 1
-2.3046 68.0015 -1.7634 0.0000 0.0000 0.0000 0.1200 1
-2.1901 68.0006 -1.9092 0.0000 0.0000 0.0000 0.1200 1
-2.0565 68.0004 -2.0467 0.0000 0.0000 0.0000 0.1200 1
-1.9039 67.9995 -2.1893 0.0000 0.0000 0.0000 0.1200 1
-1.7766 68.0008 -2.2932 0.0000 0.0000 0.0000 0.1200 1
-1.5943 67.9995 -2.4309 0.0000 0.0000 0.0000 0.1200 1
-1.4362 67.9991 -2.5295 0.0000 0.0000 0.0000 0.1200 1
-1.2624 67.9998 -2.6204 0.0000 0.0000 0.0000 0.1200 1
-1.0801 67.9997 -2.7046 0.0000 0.0000 0.0000 0.1200 1
-0.8961 68.0001 -2.7736 0.0000 0.0000 0.0000 0.1200 1
-0.6992 68.0018 -2.8336 0.0000 0.0000 0.0000 0.1200 1
-0.5183 68.0005 -2.8743 0.0000 0.0000 0.0000 0.1200 1
-0.3194 67.9980 -2.9039 0.0000 0.0000 0.0000 0.1200 1
-0.1164 68.0010 -2.9264 0.0000 0.0000 0.0000 0.1200 1
0.0728 68.0010 -2.9318 0.0000 0.0000 0.0000 0.1200 1
0.2475 67.9992 -2.9264 0.0000 0.0000 0.0000 0.1200 1
0.4713 68.0001 -2.9028 0.0000 0.0000 0.0000 0.1200 1
0.6686 68.0000 -2.8764 0.0000 0.0000 0.0000 0.1200 1
0.8516 68.0006 -2.8286 0.0000 0.0000 0.0000 0.1200 1
1.0402 68.0008 -2.7713 0.0000 0.0000 0.0000 0.1200 1
1.2058 68.0004 -2.7035 0.0000 0.0000 0.0000 0.1200 1
1.4083 67.9995 -2.6191 0.0000 0.0000 0.0000 0.1200 1
1.5540 67.9997 -2.5383 0.0000 0.0000 0.0000 0.1200 1
1.7289 68.0008 -2.4357 0.0000 0.0000 0.0000 0.1200 1
1.8886 68.0006 -2.3167 0.0000 0.0000 0.0000 0.1200 1
2.0264 67.9999 -2.2015 0.0000 0.0000 0.0000 0.1200 1
2.1894 67.9999 -2.0529 0.0000 0.0000 0.0000 0.1200 1
2.3279 68.0001 -1.9049 0.0000 0.0000 0.0000 0.1200 1
2.4390 68.0003 -1.7669 0.0000 0.0000 0.0000 0.1200 1
2.5672 67.9993 -1.5964 0.0000 0.0000 0.0000 0.1200 1
2.6602 68.0005 -1.4418 0.0000 0.0000 0.0000 0.1200 1
2.7501 67.9996 -1.2753 0.0000 0.0000 0.0000 0.1200 1
2.8382 67.9986 -1.0913 0.0000 0.0000 0.0000 0.1200 1
2.9155 67.9987 -0.8834 0.0000 0.0000 0.0000 0.1200 1
2.9636 68.0006 -0.7124 0.0000 0.0000 0.0000 0.1200 1
3.0080 67.9986 -0.5376 0.0000 0.0000 0.0000 0.1200 1
3.0420 67.9973 -0.3248 0.0000 0.0000 0.0000 0.1200 1
3.0592 68.0010 -0.1264 0.0000 0.0000 0.0000 0.1200 1
3.0664 68.5014 0.0873 0.0000 0.0000 0.0000 0.1200 1
3.0594 68.4998 0.2643 0.0000 0.0000 0.0000 0.1200 1
3.0374 68.5006 0.4713 0.0000 0.0000 0.0000 0.1200 1
3.0110 68.4991 0.6555 0.0000 0.0000 0.0000 0.1200 1
2.9662 68.5014 0.8357 0.0000 0.0000 0.0000 0.1200 1
2.9062 68.4999 1.0324 0.0000 0.0000 0.0000 0.1200 1
2.8462 68.5002 1.1984 0.0000 0.0000 0.0000 0.1200 1
2.7637 68.5001 1.3715 0.0000 0.0000 0.0000 0.1200 1
2.6671 68.5010 1.5651 0.0000 0.0000 0.0000 0.1200 1
2.5621 68.4994 1.7310 0.0000 0.0000 0.0000 0.1200 1
2.4479 68.4994 1.8925 0.0000 0.0000 0.0000 0.1200 1
2.3171 68.4988 2.0476 0.0000 0.0000 0.0000 0.1200 1
2.1746 68.4993 2.2049 0.0000 0.0000 0.0000 0.1200 1
2.0408 68.4992 2.3300 0.0000 0.0000 0.0000 0.1200 1
1.8841 68.4992 2.4599 0.0000 0.0000 0.0000 0.1200 1
1.7370 68.5011 2.5639 0.0000 0.0000 0.0000 0.1200 1
1.5459 68.4993 2.6780 0.0000 0.0000 0.0000 0.1200 1
1.3865 68.4991 2.7615 0.0000 0.0000 0.0000 0.1200 1
1.2013 68.5007 2.8442 0.0000 0.0000 0.0000 0.1200 1
1.0347 68.5014 2.9057 0.0000 0.0000 0.0000 0.1200 1
0.8581 68.4991 2.9614 0.0000 0.0000 0.0000 0.1200 1
0.6587 68.4994 3.0099 0.0000 0.0000 0.0000 0.1200 1
0.4691 68.5016 3.0408 0.0000 0.0000 0.0000 0.1200 1
0.2675 68.4991 3.0654 0.0000 0.0000 0.0000 0.1200 1
0.0551 68.4991 3.0708 0.0000 0.0000 0.0000 0.1200 1
-0.1223 68.4971 3.0637 0.0000 0.0000 0.0000 0.1200 1
-0.3180 68.5005 3.0452 0.0000 0.0000 0.0000 0.1200 1
-0.5209 68.4995 3.0126 0.0000 0.0000 0.0000 0.1200 1
-0.7200 68.5008 2.9654 0.0000 0.0000 0.0000 0.1200 1
-0.8901 68.5008 2.9108 0.0000 0.0000 0.0000 0.1200 1
-1.0912 68.4999 2.8320 0.0000 0.0000 0.0000 0.1200 1
-1.2571 68.5020 2.7616 0.0000 0.0000 0.0000 0.1200 1
-1.4208 68.4999 2.6719 0.0000 0.0000 0.0000 0.1200 1
-1.5902 68.4991 2.5706 0.0000 0.0000 0.0000 0.1200 1
-1.7719 68.4993 2.4443 0.0000 0.0000 0.0000 0.1200 1
-1.9019 68.5030 2.3319 0.0000 0.0000 0.0000 0.1200 1
-2.0619 68.5006 2.1858 0.0000 0.0000 0.0000 0.1200 1
-2.2050 68.4986 2.0326 0.0000 0.0000 0.0000 0.1200 1
-2.3271 68.5010 1.8785 0.0000 0.0000 0.0000 0.1200 1
-2.4375 68.5004 1.7217 0.0000 0.0000 0.0000 0.1200 1
-2.5270 68.4997 1.5739 0.0000 0.0000 0.0000 0.1200 1
-2.6216 68.5008 1.3982 0.0000 0.0000 0.0000 0.1200 1
-2.7052 68.4996 1.2095 0.0000 0.0000 0.0000 0.1200 1
-2.7753 68.5003 1.0350 0.0000 0.0000 0.0000 0.1200 1
-2.8334 68.5016 0.8467 0.0000 0.0000 0.0000 0.1200 1
-2.8802 68.4993 0.6385 0.0000 0.0000 0.0000 0.1200 1
-2.9086 68.4989 0.4486 0.0000 0.0000 0.0000 0.1200 1
-2.9293 68.5007 0.2642 0.0000 0.0000 0.0000 0.1200 1
-2.9360 68.4984 0.0722 0.0000 0.0000 0.0000 0.1200 1
-2.9264 68.5004 -0.1155 0.0000 0.0000 0.0000 0.1200 1
-2.9064 68.4998 -0.3195 0.0000 0.0000 0.0000 0.1200 1
-2.8765 68.5010 -0.5303 0.0000 0.0000 0.0000 0.1200 1
-2.8365 68.4987 -0.6840 0.0000 0.0000 0.0000 0.1200 1
-2.7722 68.5004 -0.8924 0.0000 0.0000 0.0000 0.1200 1
-2.7090 68.4999 -1.0721 0.0000 0.0000 0.0000 0.1200 1
-2.6286 68.4992 -1.2559 0.0000 0.0000 0.0000 0.1200 1
-2.5263 68.5007 -1.4402 0.0000 0.0000 0.0000 0.1200 1
-2.4173 68.4981 -1.6091 0.0000 0.0000 0.0000 0.1200 1
-2.3111 68.5004 -1.7617 0.0000 0.0000 0.0000 0.1200 1
-2.1845 68.4997 -1.9188 0.0000 0.0000 0.0000 0.1200 1
-2.0454 68.5000 -2.0621 0.0000 0.0000 0.0000 0.1200 1
-1.9172 68.5005 -2.1831 0.0000 0.0000 0.0000 0.1200 1
-1.7605 68.5002 -2.3110 0.0000 0.0000 0.0000 0.1200 1
-1.6234 68.5006 -2.4081 0.0000 0.0000 0.0000 0.1200 1
-1.4378 68.4991 -2.5311 0.0000 0.0000 0.0000 0.1200 1
-1.2611 68.5008 -2.6239 0.0000 0.0000 0.0000 0.1200 1
-1.0828 68.4990 -2.7025 0.0000 0.0000 0.0000 0.1200 1
-0.9084 68.5020 -2.7741 0.0000 0.0000 0.0000 0.1200 1
-0.7020 68.4991 -2.8306 0.0000 0.0000 0.0000 0.1200 1
-0.5228 68.4999 -2.8731 0.0000 0.0000 0.0000 0.1200 1
-0.3262 68.4987 -2.9073 0.0000 0.0000 0.0000 0.1200 1
-0.1584 68.5002 -2.9247 0.0000 0.0000 0.0000 0.1200 1
0.0593 68.4997 -2.9319 0.0000 0.0000 0.0000 0.1200 1
0.2601 68.4991 -2.9210 0.0000 0.0000 0.0000 0.1200 1
0.4704 68.5006 -2.9036 0.0000 0.0000 0.0000 0.1200 1
0.6507 68.5007 -2.8738 0.0000 0.0000 0.0000 0.1200 1
0.8426 68.5000 -2.8269 0.0000 0.0000 0.0000 0.1200 1
1.0352 68.5001 -2.7690 0.0000 0.0000 0.0000 0.1200 1
1.2283 68.5003 -2.6976 0.0000 0.0000 0.0000 0.1200 1
1.3820 68.5004 -2.6272 0.0000 0.0000 0.0000 0.1200 1
1.5510 68.4986 -2.5408 0.0000 0.0000 0.0000 0.1200 1
1.7424 68.5007 -2.4199 0.0000 0.0000 0.0000 0.1200 1
1.9089 68.5008 -2.3033 0.0000 0.0000 0.0000 0.1200 1
2.0368 68.4996 -2.1930 0.0000 0.0000 0.0000 0.1200 1
2.1834 68.4989 -2.0552 0.0000 0.0000 0.0000 0.1200 1
2.3103 68.5021 -1.9197 0.0000 0.0000 0.0000 0.1200 1
2.4482 68.4988 -1.7561 0.0000 0.0000 0.0000 0.1200 1
2.5595 68.4993 -1.6021 0.0000 0.0000 0.0000 0.1200 1
2.6637 68.5009 -1.4327 0.0000 0.0000 0.0000 0.1200 1
2.7587 68.4997 -1.2519 0.0000 0.0000 0.0000 0.1200 1
2.8348 68.4997 -1.0805 0.0000 0.0000 0.0000 0.1200 1
2.9014 68.5006 -0.9006 0.0000 0.0000 0.0000 0.1200 1
2.9653 68.4992 -0.7153 0.0000 0.0000 0.0000 0.1200 1
3.0080 68.4993 -0.5190 0.0000 0.0000 0.0000 0.1200 1
3.0392 68.5000 -0.3240 0.0000 0.0000 0.0000 0.1200 1
3.0562 68.4997 -0.1308 0.0000 0.0000 0.0000 0.1200 1
3.0676 69.0014 0.0689 0.0000 0.0000 0.0000 0.1200 1
3.0568 68.9989 0.2860 0.0000 0.0000 0.0000 0.1200 1
3.0316 68.9997 0.4642 0.0000 0.0000 0.0000 0.1200 1
3.0038 68.9996 0.6659 0.0000 0.0000 0.0000 0.1200 1
2.9554 68.9998 0.8573 0.0000 0.0000 0.0000 0.1200 1
2.9049 68.9996 1.0325 0.0000 0.0000 0.0000 0.1200 1
2.8327 69.0003 1.2241 0.0000 0.0000 0.0000 0.1200 1
2.7403 69.0008 1.4148 0.0000 0.0000 0.0000 0.1200 1
2.6574 68.9989 1.5772 0.0000 0.0000 0.0000 0.1200 1
2.5599 68.9983 1.7325 0.0000 0.0000 0.0000 0.1200 1
2.4364 68.9982 1.9019 0.0000 0.0000 0.0000 0.1200 1
2.3241 69.0001 2.0418 0.0000 0.0000 0.0000 0.1200 1
2.1919 68.9994 2.1810 0.0000 0.0000 0.0000 0.1200 1
2.0330 68.9993 2.3352 0.0000 0.0000 0.0000 0.1200 1
1.8893 68.9991 2.4439 0.0000 0.0000 0.0000 0.1200 1
1.7240 69.0005 2.5693 0.0000 0.0000 0.0000 0.1200 1
1.5576 68.9992 2.6737 0.0000 0.0000 0.0000 0.1200 1
1.4008 68.9994 2.7545 0.0000 0.0000 0.0000 0.1200 1
1.2121 68.9998 2.8418 0.0000 0.0000 0.0000 0.1200 1
1.0125 68.9997 2.9097 0.0000 0.0000 0.0000 0.1200 1
0.8326 68.9986 2.9647 0.0000 0.0000 0.0000 0.1200 1
0.6497 69.0012 3.0127 0.0000 0.0000 0.0000 0.1200 1
0.4555 68.9999 3.0437 0.0000 0.0000 0.0000 0.1200 1
0.2498 68.9996 3.0584 0.0000 0.0000 0.0000 0.1200 1
0.0547 69.0010 3.0682 0.0000 0.0000 0.0000 0.1200 1
-0.1157 68.9983 3.0620 0.0000 0.0000 0.0000 0.1200 1
-0.3418 69.0002 3.0405 0.0000 0.0000 0.0000 0.1200 1
-0.5285 69.0002 3.0074 0.0000 0.0000 0.0000 0.1200 1
-0.7166 68.9997 2.9658 0.0000 0.0000 0.0000 0.1200 1
-0.9024 68.9994 2.9098 0.0000 0.0000 0.0000 0.1200 1
-1.0824 69.0001 2.8394 0.0000 0.0000 0.0000 0.1200 1
-1.2750 69.0004 2.7565 0.0000 0.0000 0.0000 0.1200 1
-1.4270 68.9999 2.6733 0.0000 0.0000 0.0000 0.1200 1
-1.5928 68.9983 2.5733 0.0000 0.0000 0.0000 0.1200 1
-1.7482 68.9999 2.4640 0.0000 0.0000 0.0000 0.1200 1
-1.9121 68.9991 2.3293 0.0000 0.0000 0.0000 0.1200 1
-2.0429 69.0004 2.2050 0.0000 0.0000 0.0000 0.1200 1
-2.1979 68.9999 2.0371 0.0000 0.0000 0.0000 0.1200 1
-2.3064 69.0010 1.9073 0.0000 0.0000 0.0000 0.1200 1
-2.4343 68.9993 1.7248 0.0000 0.0000 0.0000 0.1200 1
-2.5371 68.9995 1.5645 0.0000 0.0000 0.0000 0.1200 1
-2.6280 68.9982 1.3900 0.0000 0.0000 0.0000 0.1200 1
-2.7082 69.0002 1.2189 0.0000 0.0000 0.0000 0.1200 1
-2.7752 68.9991 1.0475 0.0000 0.0000 0.0000 0.1200 1
-2.8390 69.0026 0.8314 0.0000 0.0000 0.0000 0.1200 1
-2.8811 69.0005 0.6503 0.0000 0.0000 0.0000 0.1200 1
-2.9122 68.9967 0.4566 0.0000 0.0000 0.0000 0.1200 1
-2.9315 68.9997 0.2604 0.0000 0.0000 0.0000 0.1200 1
-2.9372 69.0011 0.0637 0.0000 0.0000 0.0000 0.1200 1
-2.9328 69.0008 -0.1278 0.0000 0.0000 0.0000 0.1200 1
-2.9108 68.9981 -0.3255 0.0000 0.0000 0.0000 0.1200 1
-2.8809 69.0018 -0.5065 0.0000 0.0000 0.0000 0.1200 1
-2.8417 69.0001 -0.6963 0.0000 0.0000 0.0000 0.1200 1
-2.7775 68.9997 -0.8976 0.0000 0.0000 0.0000 0.1200 1
-2.7014 68.9997 -1.0907 0.0000 0.0000 0.0000 0.1200 1
-2.6219 68.9994 -1.2681 0.0000 0.0000 0.0000 0.1200 1
-2.5352 69.0013 -1.4269 0.0000 0.0000 0.0000 0.1200 1
-2.4427 69.0005 -1.5831 0.0000 0.0000 0.0000 0.1200 1
-2.3151 68.9988 -1.7605 0.0000 0.0000 0.0000 0.1200 1
-2.1946 69.0007 -1.9054 0.0000 0.0000 0.0000 0.1200 1
-2.0546 68.9999 -2.0560 0.0000 0.0000 0.0000 0.1200 1
-1.9203 69.0000 -2.1796 0.0000 0.0000 0.0000 0.1200 1
-1.7697 69.0011 -2.3057 0.0000 0.0000 0.0000 0.1200 1
-1.6045 69.0013 -2.4230 0.0000 0.0000 0.0000 0.1200 1
-1.4493 69.0009 -2.5226 0.0000 0.0000 0.0000 0.1200 1
-1.2821 69.0002 -2.6120 0.0000 0.0000 0.0000 0.1200 1
-1.0817 68.9988 -2.6995 0.0000 0.0000 0.0000 0.1200 1
-0.9172 69.0010 -2.7654 0.0000 0.0000 0.0000 0.1200 1
-0.7003 69.0002 -2.8320 0.0000 0.0000 0.0000 0.1200 1
-0.5351 68.9999 -2.8722 0.0000 0.0000 0.0000 0.1200 1
-0.3282 69.0001 -2.9026 0.0000 0.0000 0.0000 0.1200 1
-0.1491 68.9996 -2.9280 0.0000 0.0000 0.0000 0.1200 1
0.0663 69.0005 -2.9335 0.0000 0.0000 0.0000 0.1200 1
0.2588 69.0002 -2.9265 0.0000 0.0000 0.0000 0.1200 1
0.4662 68.9985 -2.9018 0.0000 0.0000 0.0000 0.1200 1
0.6644 68.9997 -2.8708 0.0000 0.0000 0.0000 0.1200 1
0.8453 69.0001 -2.8282 0.0000 0.0000 0.0000 0.1200 1
1.0259 69.0022 -2.7720 0.0000 0.0000 0.0000 0.1200 1
1.1935 68.9998 -2.7080 0.0000 0.0000 0.0000 0.1200 1
1.3920 69.0012 -2.6229 0.0000 0.0000 0.0000 0.1200 1
1.5645 69.0008 -2.5233 0.0000 0.0000 0.0000 0.1200 1
1.7257 69.0004 -2.4326 0.0000 0.0000 0.0000 0.1200 1
1.8802 69.0005 -2.3176 0.0000 0.0000 0.0000 0.1200 1
2.0499 68.9995 -2.1792 0.0000 0.0000 0.0000 0.1200 1
2.1927 69.0009 -2.0413 0.0000 0.0000 0.0000 0.1200 1
2.3149 69.0010 -1.9118 0.0000 0.0000 0.0000 0.1200 1
2.4594 68.9997 -1.7356 0.0000 0.0000 0.0000 0.1200 1
2.5672 69.0002 -1.5823 0.0000 0.0000 0.0000 0.1200 1
2.6608 68.9997 -1.4352 0.0000 0.0000 0.0000 0.1200 1
2.7521 68.9989 -1.2582 0.0000 0.0000 0.0000 0.1200 1
2.8299 68.9998 -1.0839 0.0000 0.0000 0.0000 0.1200 1
2.9025 68.9997 -0.8915 0.0000 0.0000 0.0000 0.1200 1
2.9620 68.9992 -0.7066 0.0000 0.0000 0.0000 0.1200 1
3.0074 69.0006 -0.5160 0.0000 0.0000 0.0000 0.1200 1
3.0403 68.9995 -0.3045 0.0000 0.0000 0.0000 0.1200 1
3.0559 68.9998 -0.1403 0.0000 0.0000 0.0000 0.1200 1
3.0645 69.4997 0.0762 0.0000 0.0000 0.0000 0.1200 1
3.0552 69.5001 0.2628 0.0000 0.0000 0.0000 0.1200 1
3.0343 69.5004 0.4503 0.0000 0.0000 0.0000 0.1200 1
3.0070 69.4997 0.6525 0.0000 0.0000 0.0000 0.1200 1
2.9586 69.5027 0.8297 0.0000 0.0000 0.0000 0.1200 1
2.8964 69.5008 1.0439 0.0000 0.0000 0.0000 0.1200 1
2.8349 69.4990 1.2041 0.0000 0.0000 0.0000 0.1200 1
2.7501 69.5005 1.3939 0.0000 0.0000 0.0000 0.1200 1
2.6616 69.4984 1.5671 0.0000 0.0000 0.0000 0.1200 1
2.5507 69.4987 1.7378 0.0000 0.0000 0.0000 0.1200 1
2.4454 69.4998 1.8884 0.0000 0.0000 0.0000 0.1200 1
2.3105 69.4997 2.0564 0.0000 0.0000 0.0000 0.1200 1
2.1868 69.5001 2.1837 0.0000 0.0000 0.0000 0.1200 1
2.0442 69.5007 2.3286 0.0000 0.0000 0.0000 0.1200 1
1.8869 69.4999 2.4456 0.0000 0.0000 0.0000 0.1200 1
1.7228 69.5001 2.5642 0.0000 0.0000 0.0000 0.1200 1
1.5635 69.5007 2.6667 0.0000 0.0000 0.0000 0.1200 1
1.3977 69.4993 2.7575 0.0000 0.0000 0.0000 0.1200 1
1.2140 69.4995 2.8370 0.0000 0.0000 0.0000 0.1200 1
1.0272 69.4989 2.9133 0.0000 0.0000 0.0000 0.1200 1
0.8373 69.5010 2.9689 0.0000 0.0000 0.0000 0.1200 1
0.6533 69.4987 3.0136 0.0000 0.0000 0.0000 0.1200 1
0.4548 69.5007 3.0487 0.0000 0.0000 0.0000 0.1200 1
0.2509 69.4996 3.0622 0.0000 0.0000 0.0000 0.1200 1
0.0649 69.4971 3.0710 0.0000 0.0000 0.0000 0.1200 1
-0.1323 69.4992 3.0650 0.0000 0.0000 0.0000 0.1200 1
-0.3352 69.5000 3.0453 0.0000 0.0000 0.0000 0.1200 1
-0.5288 69.4992 3.0134 0.0000 0.0000 0.0000 0.1200 1
-0.7097 69.5007 2.9679 0.0000 0.0000 0.0000 0.1200 1
-0.9297 69.5009 2.9057 0.0000 0.0000 0.0000 0.1200 1
-1.0732 69.5019 2.8465 0.0000 0.0000 0.0000 0.1200 1
-1.2847 69.4974 2.7526 0.0000 0.0000 0.0000 0.1200 1
-1.4256 69.4995 2.6738 0.0000 0.0000 0.0000 0.1200 1
-1.5954 69.4993 2.5717 0.0000 0.0000 0.0000 0.1200 1
-1.7542 69.5023 2.4598 0.0000 0.0000 0.0000 0.1200 1
-1.9245 69.5010 2.3205 0.0000 0.0000 0.0000 0.1200 1
-2.0650 69.4991 2.1861 0.0000 0.0000 0.0000 0.1200 1
-2.1838 69.4990 2.0586 0.0000 0.0000 0.0000 0.1200 1
-2.3153 69.4997 1.9065 0.0000 0.0000 0.0000 0.1200 1
-2.4387 69.4993 1.7288 0.0000 0.0000 0.0000 0.1200 1
-2.5462 69.5002 1.5590 0.0000 0.0000 0.0000 0.1200 1
-2.6308 69.5000 1.3929 0.0000 0.0000 0.0000 0.1200 1
-2.7134 69.5002 1.2135 0.0000 0.0000 0.0000 0.1200 1
-2.7788 69.4999 1.0456 0.0000 0.0000 0.0000 0.1200 1
-2.8396 69.5006 0.8397 0.0000 0.0000 0.0000 0.1200 1
-2.8822 69.5007 0.6563 0.0000 0.0000 0.0000 0.1200 1
-2.9148 69.4981 0.4459 0.0000 0.0000 0.0000 0.1200 1
-2.9309 69.5010 0.2787 0.0000 0.0000 0.0000 0.1200 1
-2.9367 69.5020 0.0633 0.0000 0.0000 0.0000 0.1200 1
-2.9317 69.4988 -0.1298 0.0000 0.0000 0.0000 0.1200 1
-2.9132 69.5013 -0.3275 0.0000 0.0000 0.0000 0.1200 1
-2.8792 69.4989 -0.5210 0.0000 0.0000 0.0000 0.1200 1
-2.8375 69.5002 -0.7106 0.0000 0.0000 0.0000 0.1200 1
-2.7899 69.4995 -0.8734 0.0000 0.0000 0.0000 0.1200 1
-2.7176 69.4991 -1.0628 0.0000 0.0000 0.0000 0.1200 1
-2.6277 69.5002 -1.2617 0.0000 0.0000 0.0000 0.1200 1
-2.5349 69.4999 -1.4323 0.0000 0.0000 0.0000 0.1200 1
-2.4310 69.5013 -1.6034 0.0000 0.0000 0.0000 0.1200 1
-2.3205 69.4993 -1.7598 0.0000 0.0000 0.0000 0.1200 1
-2.1990 69.5003 -1.9025 0.0000 0.0000 0.0000 0.1200 1
-2.0532 69.4995 -2.0603 0.0000 0.0000 0.0000 0.1200 1
-1.9140 69.5003 -2.1853 0.0000 0.0000 0.0000 0.1200 1
-1.7517 69.4988 -2.3245 0.0000 0.0000 0.0000 0.1200 1
-1.6107 69.5015 -2.4225 0.0000 0.0000 0.0000 0.1200 1
-1.4504 69.5009 -2.5243 0.0000 0.0000 0.0000 0.1200 1
-1.2727 69.4988 -2.6220 0.0000 0.0000 0.0000 0.1200 1
-1.0817 69.4981 -2.7013 0.0000 0.0000 0.0000 0.1200 1
-0.8960 69.4984 -2.7762 0.0000 0.0000 0.0000 0.1200 1
-0.7368 69.4992 -2.8191 0.0000 0.0000 0.0000 0.1200 1
-0.5105 69.5013 -2.8761 0.0000 0.0000 0.0000 0.1200 1
-0.3256 69.4994 -2.9051 0.0000 0.0000 0.0000 0.1200 1
-0.1371 69.4997 -2.9266 0.0000 0.0000 0.0000 0.1200 1
0.0712 69.4984 -2.9346 0.0000 0.0000 0.0000 0.1200 1
0.2623 69.4995 -2.9247 0.0000 0.0000 0.0000 0.1200 1
0.4632 69.5008 -2.9022 0.0000 0.0000 0.0000 0.1200 1
0.6487 69.5000 -2.8695 0.0000 0.0000 0.0000 0.1200 1
0.8535 69.4992 -2.8195 0.0000 0.0000 0.0000 0.1200 1
1.0258 69.5011 -2.7739 0.0000 0.0000 0.0000 0.1200 1
1.2061 69.5004 -2.6996 0.0000 0.0000 0.0000 0.1200 1
1.4048 69.4984 -2.6098 0.0000 0.0000 0.0000 0.1200 1
1.5345 69.4987 -2.5432 0.0000 0.0000 0.0000 0.1200 1
1.7224 69.5011 -2.4280 0.0000 0.0000 0.0000 0.1200 1
1.8738 69.5020 -2.3180 0.0000 0.0000 0.0000 0.1200 1
2.0356 69.4999 -2.1872 0.0000 0.0000 0.0000 0.1200 1
2.1854 69.4989 -2.0532 0.0000 0.0000 0.0000 0.1200 1
2.3203 69.4998 -1.9038 0.0000 0.0000 0.0000 0.1200 1
2.4378 69.5010 -1.7609 0.0000 0.0000 0.0000 0.1200 1
2.5511 69.5021 -1.6061 0.0000 0.0000 0.0000 0.1200 1
2.6498 69.5012 -1.4437 0.0000 0.0000 0.0000 0.1200 1
2.7546 69.5007 -1.2553 0.0000 0.0000 0.0000 0.1200 1
2.8322 69.4991 -1.0777 0.0000 0.0000 0.0000 0.1200 1
2.8931 69.5004 -0.9097 0.0000 0.0000 0.0000 0.1200 1
2.9629 69.4989 -0.6987 0.0000 0.0000 0.0000 0.1200 1
3.0009 69.4999 -0.5123 0.0000 0.0000 0.0000 0.1200 1
3.0376 69.4998 -0.3062 0.0000 0.0000 0.0000 0.1200 1
3.0530 69.4996 -0.1312 0.0000 0.0000 0.0000 0.1200 1
3.0566 70.0015 0.0617 0.0000 0.0000 0.0000 0.1200 1
3.0524 69.9987 0.2770 0.0000 0.0000 0.0000 0.1200 1
3.0337 70.0001 0.4471 0.0000 0.0000 0.0000 0.1200 1
3.0022 70.0012 0.6479 0.0000 0.0000 0.0000 0.1200 1
2.9593 70.0009 0.8395 0.0000 0.0000 0.0000 0.1200 1
2.8997 69.9983 1.0388 0.0000 0.0000 0.0000 0.1200 1
2.8388 70.0011 1.2077 0.0000 0.0000 0.0000 0.1200 1
2.7506 69.9985 1.4017 0.0000 0.0000 0.0000 0.1200 1
2.6607 70.0002 1.5603 0.0000 0.0000 0.0000 0.1200 1
2.5551 69.9993 1.7278 0.0000 0.0000 0.0000 0.1200 1
2.4291 69.9996 1.8993 0.0000 0.0000 0.0000 0.1200 1
2.3211 70.0018 2.0368 0.0000 0.0000 0.0000 0.1200 1
2.1753 69.9992 2.1943 0.0000 0.0000 0.0000 0.1200 1
2.0462 69.9990 2.3148 0.0000 0.0000 0.0000 0.1200 1
1.8825 69.9986 2.4525 0.0000 0.0000 0.0000 0.1200 1
1.7191 70.0009 2.5688 0.0000 0.0000 0.0000 0.1200 1
1.5655 70.0008 2.6650 0.0000 0.0000 0.0000 0.1200 1
1.3727 69.9989 2.7643 0.0000 0.0000 0.0000 0.1200 1
1.1979 69.9981 2.8431 0.0000 0.0000 0.0000 0.1200 1
1.0117 70.0012 2.9114 0.0000 0.0000 0.0000 0.1200 1
0.8271 69.9993 2.9656 0.0000 0.0000 0.0000 0.1200 1
0.6367 69.9984 3.0112 0.0000 0.0000 0.0000 0.1200 1
0.4500 70.0014 3.0452 0.0000 0.0000 0.0000 0.1200 1
0.2757 70.0005 3.0629 0.0000 0.0000 0.0000 0.1200 1
0.0571 70.0001 3.0666 0.0000 0.0000 0.0000 0.1200 1
-0.1421 70.0004 3.0617 0.0000 0.0000 0.0000 0.1200 1
-0.3342 70.0006 3.0430 0.0000 0.0000 0.0000 0.1200 1
-0.5405 70.0010 3.0114 0.0000 0.0000 0.0000 0.1200 1
-0.7118 70.0002 2.9719 0.0000 0.0000 0.0000 0.1200 1
-0.9097 70.0010 2.9087 0.0000 0.0000 0.0000 0.1200 1
-1.0941 70.0006 2.8389 0.0000 0.0000 0.0000 0.1200 1
-1.2711 70.0010 2.7609 0.0000 0.0000 0.0000 0.1200 1
-1.4467 70.0008 2.6631 0.0000 0.0000 0.0000 0.1200 1
-1.6021 70.0001 2.5702 0.0000 0.0000 0.0000 0.1200 1
-1.7707 69.9996 2.4484 0.0000 0.0000 0.0000 0.1200 1
-1.9143 70.0005 2.3305 0.0000 0.0000 0.0000 0.1200 1
-2.0762 70.0015 2.1766 0.0000 0.0000 0.0000 0.1200 1
-2.1965 70.0001 2.0502 0.0000 0.0000 0.0000 0.1200 1
-2.3169 70.0007 1.9035 0.0000 0.0000 0.0000 0.1200 1
-2.4379 70.0012 1.7323 0.0000 0.0000 0.0000 0.1200 1
-2.5352 70.0002 1.5783 0.0000 0.0000 0.0000 0.1200 1
-2.6296 69.9988 1.4020 0.0000 0.0000 0.0000 0.1200 1
-2.7199 70.0020 1.2094 0.0000 0.0000 0.0000 0.1200 1
-2.7807 70.0000 1.0399 0.0000 0.0000 0.0000 0.1200 1
-2.8397 69.9998 0.8345 0.0000 0.0000 0.0000 0.1200 1
-2.8910 70.0007 0.6468 0.0000 0.0000 0.0000 0.1200 1
-2.9150 69.9997 0.4593 0.0000 0.0000 0.0000 0.1200 1
-2.9362 70.0014 0.2616 0.0000 0.0000 0.0000 0.1200 1
-2.9427 70.0007 0.0707 0.0000 0.0000 0.0000 0.1200 1
-2.9351 69.9989 -0.1100 0.0000 0.0000 0.0000 0.1200 1
-2.9132 69.9994 -0.3206 0.0000 0.0000 0.0000 0.1200 1
-2.8859 70.0008 -0.5182 0.0000 0.0000 0.0000 0.1200 1
-2.8473 70.0004 -0.6941 0.0000 0.0000 0.0000 0.1200 1
-2.7794 70.0017 -0.9013 0.0000 0.0000 0.0000 0.1200 1
-2.7003 70.0024 -1.1101 0.0000 0.0000 0.0000 0.1200 1
-2.6415 69.9980 -1.2488 0.0000 0.0000 0.0000 0.1200 1
-2.5440 70.0003 -1.4294 0.0000 0.0000 0.0000 0.1200 1
-2.4359 70.0003 -1.5985 0.0000 0.0000 0.0000 0.1200 1
-2.3318 69.9996 -1.7477 0.0000 0.0000 0.0000 0.1200 1
-2.1929 69.9986 -1.9102 0.0000 0.0000 0.0000 0.1200 1
-2.0610 69.9992 -2.0545 0.0000 0.0000 0.0000 0.1200 1
-1.9205 69.9995 -2.1815 0.0000 0.0000 0.0000 0.1200 1
-1.7815 70.0009 -2.2988 0.0000 0.0000 0.0000 0.1200 1
-1.6129 69.9996 -2.4212 0.0000 0.0000 0.0000 0.1200 1
-1.4335 70.0001 -2.5306 0.0000 0.0000 0.0000 0.1200 1
-1.2691 70.0006 -2.6196 0.0000 0.0000 0.0000 0.1200 1
-1.0754 69.9988 -2.7054 0.0000 0.0000 0.0000 0.1200 1
-0.9068 69.9990 -2.7728 0.0000 0.0000 0.0000 0.1200 1
-0.7190 69.9995 -2.8267 0.0000 0.0000 0.0000 0.1200 1
-0.5194 69.9975 -2.8742 0.0000 0.0000 0.0000 0.1200 1
-0.3475 70.0004 -2.9042 0.0000 0.0000 0.0000 0.1200 1
-0.1559 70.0004 -2.9221 0.0000 0.0000 0.0000 0.1200 1
0.0496 70.0004 -2.9315 0.0000 0.0000 0.0000 0.1200 1
0.2622 69.9997 -2.9257 0.0000 0.0000 0.0000 0.1200 1
0.4465 70.0003 -2.9030 0.0000 0.0000 0.0000 0.1200 1
0.6453 69.9991 -2.8703 0.0000 0.0000 0.0000 0.1200 1
0.8330 70.0013 -2.8269 0.0000 0.0000 0.0000 0.1200 1
1.0203 70.0016 -2.7717 0.0000 0.0000 0.0000 0.1200 1
1.1812 69.9987 -2.7114 0.0000 0.0000 0.0000 0.1200 1
1.3937 69.9998 -2.6160 0.0000 0.0000 0.0000 0.1200 1
1.5410 69.9993 -2.5352 0.0000 0.0000 0.0000 0.1200 1
1.7067 69.9980 -2.4352 0.0000 0.0000 0.0000 0.1200 1
1.8897 69.9983 -2.3021 0.0000 0.0000 0.0000 0.1200 1
2.0441 70.0017 -2.1787 0.0000 0.0000 0.0000 0.1200 1
2.1740 70.0004 -2.0516 0.0000 0.0000 0.0000 0.1200 1
2.3286 70.0002 -1.8899 0.0000 0.0000 0.0000 0.1200 1
2.4374 70.0010 -1.7587 0.0000 0.0000 0.0000 0.1200 1
2.5455 69.9995 -1.6052 0.0000 0.0000 0.0000 0.1200 1
2.6479 69.9994 -1.4352 0.0000 0.0000 0.0000 0.1200 1
2.7575 70.0011 -1.2397 0.0000 0.0000 0.0000 0.1200 1
2.8250 70.0000 -1.0953 0.0000 0.0000 0.0000 0.1200 1
2.9019 69.9987 -0.8823 0.0000 0.0000 0.0000 0.1200 1
2.9531 70.0005 -0.7098 0.0000 0.0000 0.0000 0.1200 1
2.9990 70.0006 -0.5150 0.0000 0.0000 0.0000 0.1200 1
3.0411 70.0001 -0.3053 0.0000 0.0000 0.0000 0.1200 1
3.0497 70.0015 -0.1267 0.0000 0.0000 0.0000 0.1200 1
3.0536 70.4989 0.0784 0.0000 0.0000 0.0000 0.1200 1
3.0481 70.4979 0.2760 0.0000 0.0000 0.0000 0.1200 1
3.0288 70.5004 0.4718 0.0000 0.0000 0.0000 0.1200 1
2.9931 70.5015 0.6634 0.0000 0.0000 0.0000 0.1200 1
2.9545 70.5004 0.8334 0.0000 0.0000 0.0000 0.1200 1
2.8947 70.5004 1.0381 0.0000 0.0000 0.0000 0.1200 1
2.8260 70.5014 1.2201 0.0000 0.0000 0.0000 0.1200 1
2.7450 70.4993 1.3931 0.0000 0.0000 0.0000 0.1200 1
2.6446 70.4994 1.5879 0.0000 0.0000 0.0000 0.1200 1
2.5487 70.5020 1.7398 0.0000 0.0000 0.0000 0.1200 1
2.4331 70.4995 1.9007 0.0000 0.0000 0.0000 0.1200 1
2.3133 70.4998 2.0476 0.0000 0.0000 0.0000 0.1200 1
2.1734 70.5013 2.1943 0.0000 0.0000 0.0000 0.1200 1
2.0348 70.5001 2.3291 0.0000 0.0000 0.0000 0.1200 1
1.8785 70.4995 2.4535 0.0000 0.0000 0.0000 0.1200 1
1.7217 70.5001 2.5641 0.0000 0.0000 0.0000 0.1200 1
1.5532 70.4989 2.6698 0.0000 0.0000 0.0000 0.1200 1
1.3852 70.5015 2.7572 0.0000 0.0000 0.0000 0.1200 1
1.1985 70.5010 2.8476 0.0000 0.0000 0.0000 0.1200 1
1.0278 70.4986 2.9068 0.0000 0.0000 0.0000 0.1200 1
0.8428 70.5006 2.9663 0.0000 0.0000 0.0000 0.1200 1
0.6364 70.5004 3.0129 0.0000 0.0000 0.0000 0.1200 1
0.4378 70.5006 3.0460 0.0000 0.0000 0.0000 0.1200 1
0.2486 70.4985 3.0665 0.0000 0.0000 0.0000 0.1200 1
0.0565 70.4988 3.0703 0.0000 0.0000 0.0000 0.1200 1
-0.1244 70.4981 3.0651 0.0000 0.0000 0.0000 0.1200 1
-0.3344 70.4985 3.0420 0.0000 0.0000 0.0000 0.1200 1
-0.5202 70.5007 3.0178 0.0000 0.0000 0.0000 0.1200 1
-0.7201 70.5005 2.9685 0.0000 0.0000 0.0000 0.1200 1
-0.9103 70.4991 2.9084 0.0000 0.0000 0.0000 0.1200 1
-1.1099 70.5007 2.8378 0.0000 0.0000 0.0000 0.1200 1
-1.2586 70.5004 2.7696 0.0000 0.0000 0.0000 0.1200 1
-1.4427 70.4987 2.6722 0.0000 0.0000 0.0000 0.1200 1
-1.6176 70.5011 2.5596 0.0000 0.0000 0.0000 0.1200 1
-1.7813 70.5012 2.4456 0.0000 0.0000 0.0000 0.1200 1
-1.9242 70.4995 2.3276 0.0000 0.0000 0.0000 0.1200 1
-2.0756 70.4988 2.1818 0.0000 0.0000 0.0000 0.1200 1
-2.2088 70.4989 2.0397 0.0000 0.0000 0.0000 0.1200 1
-2.3304 70.5015 1.8942 0.0000 0.0000 0.0000 0.1200 1
-2.4440 70.5002 1.7379 0.0000 0.0000 0.0000 0.1200 1
-2.5424 70.4995 1.5732 0.0000 0.0000 0.0000 0.1200 1
-2.6365 70.5014 1.3947 0.0000 0.0000 0.0000 0.1200 1
-2.7202 70.4990 1.2074 0.0000 0.0000 0.0000 0.1200 1
-2.7842 70.5006 1.0389 0.0000 0.0000 0.0000 0.1200 1
-2.8425 70.4993 0.8527 0.0000 0.0000 0.0000 0.1200 1
-2.8841 70.5004 0.6746 0.0000 0.0000 0.0000 0.1200 1
-2.9167 70.4993 0.4764 0.0000 0.0000 0.0000 0.1200 1
-2.9374 70.5008 0.2471 0.0000 0.0000 0.0000 0.1200 1
-2.9446 70.5014 0.0842 0.0000 0.0000 0.0000 0.1200 1
-2.9343 70.4986 -0.1352 0.0000 0.0000 0.0000 0.1200 1
-2.9219 70.5002 -0.3058 0.0000 0.0000 0.0000 0.1200 1
-2.8872 70.4995 -0.4997 0.0000 0.0000 0.0000 0.1200 1
-2.8381 70.4991 -0.7210 0.0000 0.0000 0.0000 0.1200 1
-2.7870 70.4997 -0.8911 0.0000 0.0000 0.0000 0.1200 1
-2.7150 70.4992 -1.0812 0.0000 0.0000 0.0000 0.1200 1
-2.6369 70.5011 -1.2558 0.0000 0.0000 0.0000 0.1200 1
-2.5439 70.5009 -1.4325 0.0000 0.0000 0.0000 0.1200 1
-2.4341 70.4992 -1.6043 0.0000 0.0000 0.0000 0.1200 1
-2.3121 70.5004 -1.7715 0.0000 0.0000 0.0000 0.1200 1
-2.2056 70.4986 -1.9034 0.0000 0.0000 0.0000 0.1200 1
-2.0640 70.5015 -2.0598 0.0000 0.0000 0.0000 0.1200 1
-1.9136 70.4991 -2.1921 0.0000 0.0000 0.0000 0.1200 1
-1.7699 70.5001 -2.3097 0.0000 0.0000 0.0000 0.1200 1
-1.6206 70.4997 -2.4183 0.0000 0.0000 0.0000 0.1200 1
-1.4414 70.5013 -2.5262 0.0000 0.0000 0.0000 0.1200 1
-1.2741 70.4995 -2.6180 0.0000 0.0000 0.0000 0.1200 1
-1.0937 70.4992 -2.7016 0.0000 0.0000 0.0000 0.1200 1
-0.8926 70.5002 -2.7798 0.0000 0.0000 0.0000 0.1200 1
-0.7351 70.4993 -2.8228 0.0000 0.0000 0.0000 0.1200 1
-0.5403 70.5003 -2.8736 0.0000 0.0000 0.0000 0.1200 1
-0.3282 70.4992 -2.9061 0.0000 0.0000 0.0000 0.1200 1
-0.1574 70.5017 -2.9189 0.0000 0.0000 0.0000 0.1200 1
0.0707 70.5002 -2.9290 0.0000 0.0000 0.0000 0.1200 1
0.2448 70.4991 -2.9232 0.0000 0.0000 0.0000 0.1200 1
0.4410 70.4978 -2.9030 0.0000 0.0000 0.0000 0.1200 1
0.6306 70.5016 -2.8776 0.0000 0.0000 0.0000 0.1200 1
0.8237 70.4980 -2.8275 0.0000 0.0000 0.0000 0.1200 1
1.0139 70.5011 -2.7772 0.0000 0.0000 0.0000 0.1200 1
1.2109 70.4993 -2.6972 0.0000 0.0000 0.0000 0.1200 1
1.3794 70.4990 -2.6211 0.0000 0.0000 0.0000 0.1200 1
1.5445 70.5007 -2.5369 0.0000 0.0000 0.0000 0.1200 1
1.7173 70.4997 -2.4273 0.0000 0.0000 0.0000 0.1200 1
1.8723 70.4994 -2.3202 0.0000 0.0000 0.0000 0.1200 1
2.0362 70.4986 -2.1855 0.0000 0.0000 0.0000 0.1200 1
2.1832 70.5001 -2.0452 0.0000 0.0000 0.0000 0.1200 1
2.3017 70.5000 -1.9185 0.0000 0.0000 0.0000 0.1200 1
2.4360 70.4997 -1.7524 0.0000 0.0000 0.0000 0.1200 1
2.5501 70.4989 -1.5975 0.0000 0.0000 0.0000 0.1200 1
2.6532 70.4990 -1.4252 0.0000 0.0000 0.0000 0.1200 1
2.7536 70.4991 -1.2433 0.0000 0.0000 0.0000 0.1200 1
2.8321 70.4987 -1.0747 0.0000 0.0000 0.0000 0.1200 1
2.8958 70.5000 -0.8954 0.0000 0.0000 0.0000 0.1200 1
2.9548 70.4995 -0.6954 0.0000 0.0000 0.0000 0.1200 1
2.9983 70.5011 -0.5068 0.0000 0.0000 0.0000 0.1200 1
3.0292 70.4997 -0.3176 0.0000 0.0000 0.0000 0.1200 1
3.0498 70.5004 -0.1182 0.0000 0.0000 0.0000 0.1200 1
3.0519 70.9995 0.0730 0.0000 0.0000 0.0000 0.1200 1
3.0425 70.9999 0.2670 0.0000 0.0000 0.0000 0.1200 1
3.0314 71.0001 0.4601 0.0000 0.0000 0.0000 0.1200 1
2.9940 71.0001 0.6406 0.0000 0.0000 0.0000 0.1200 1
2.9483 70.9991 0.8629 0.0000 0.0000 0.0000 0.1200 1
2.8852 71.0001 1.0533 0.0000 0.0000 0.0000 0.1200 1
2.8266 71.0018 1.2105 0.0000 0.0000 0.0000 0.1200 1
2.7460 71.0010 1.3881 0.0000 0.0000 0.0000 0.1200 1
2.6504 71.0006 1.5651 0.0000 0.0000 0.0000 0.1200 1
2.5411 71.0002 1.7443 0.0000 0.0000 0.0000 0.1200 1
2.4466 71.0002 1.8743 0.0000 0.0000 0.0000 0.1200 1
2.2966 71.0000 2.0635 0.0000 0.0000 0.0000 0.1200 1
2.1733 70.9985 2.1864 0.0000 0.0000 0.0000 0.1200 1
2.0195 71.0010 2.3363 0.0000 0.0000 0.0000 0.1200 1
1.8834 70.9988 2.4476 0.0000 0.0000 0.0000 0.1200 1
1.7054 70.9998 2.5727 0.0000 0.0000 0.0000 0.1200 1
1.5525 71.0001 2.6698 0.0000 0.0000 0.0000 0.1200 1
1.3842 70.9998 2.7562 0.0000 0.0000 0.0000 0.1200 1
1.2058 70.9988 2.8417 0.0000 0.0000 0.0000 0.1200 1
1.0240 71.0017 2.9085 0.0000 0.0000 0.0000 0.1200 1
0.8376 70.9979 2.9672 0.0000 0.0000 0.0000 0.1200 1
0.6463 71.0007 3.0082 0.0000 0.0000 0.0000 0.1200 1
0.4583 70.9984 3.0455 0.0000 0.0000 0.0000 0.1200 1
0.2477 70.9998 3.0655 0.0000 0.0000 0.0000 0.1200 1
0.0739 70.9991 3.0721 0.0000 0.0000 0.0000 0.1200 1
-0.1276 70.9994 3.0645 0.0000 0.0000 0.0000 0.1200 1
-0.3410 71.0002 3.0445 0.0000 0.0000 0.0000 0.1200 1
-0.5247 71.0004 3.0136 0.0000 0.0000 0.0000 0.1200 1
-0.7442 71.0017 2.9614 0.0000 0.0000 0.0000 0.1200 1
-0.8839 70.9995 2.9226 0.0000 0.0000 0.0000 0.1200 1
-1.1020 71.0017 2.8380 0.0000 0.0000 0.0000 0.1200 1
-1.2883 70.9997 2.7536 0.0000 0.0000 0.0000 0.1200 1
-1.4447 70.9989 2.6701 0.0000 0.0000 0.0000 0.1200 1
-1.6163 71.0010 2.5638 0.0000 0.0000 0.0000 0.1200 1
-1.7695 70.9999 2.4573 0.0000 0.0000 0.0000 0.1200 1
-1.9212 71.0001 2.3309 0.0000 0.0000 0.0000 0.1200 1
-2.0886 70.9999 2.1734 0.0000 0.0000 0.0000 0.1200 1
-2.2067 70.9980 2.0456 0.0000 0.0000 0.0000 0.1200 1
-2.3276 71.0005 1.8975 0.0000 0.0000 0.0000 0.1200 1
-2.4334 71.0003 1.7466 0.0000 0.0000 0.0000 0.1200 1
-2.5435 71.0004 1.5710 0.0000 0.0000 0.0000 0.1200 1
-2.6304 71.0004 1.4125 0.0000 0.0000 0.0000 0.1200 1
-2.7195 71.0008 1.2312 0.0000 0.0000 0.0000 0.1200 1
-2.7930 71.0003 1.0256 0.0000 0.0000 0.0000 0.1200 1
-2.8424 70.9997 0.8504 0.0000 0.0000 0.0000 0.1200 1
-2.8898 70.9995 0.6511 0.0000 0.0000 0.0000 0.1200 1
-2.9256 70.9997 0.4590 0.0000 0.0000 0.0000 0.1200 1
-2.9373 70.9995 0.2776 0.0000 0.0000 0.0000 0.1200 1
-2.9535 71.0008 0.0661 0.0000 0.0000 0.0000 0.1200 1
-2.9431 70.9996 -0.1141 0.0000 0.0000 0.0000 0.1200 1
-2.9259 70.9995 -0.3200 0.0000 0.0000 0.0000 0.1200 1
-2.8961 70.9977 -0.5090 0.0000 0.0000 0.0000 0.1200 1
-2.8449 71.0000 -0.7059 0.0000 0.0000 0.0000 0.1200 1
-2.7825 70.9995 -0.9031 0.0000 0.0000 0.0000 0.1200 1
-2.7192 70.9981 -1.0727 0.0000 0.0000 0.0000 0.1200 1
-2.6354 70.9997 -1.2609 0.0000 0.0000 0.0000 0.1200 1
-2.5588 71.0025 -1.4094 0.0000 0.0000 0.0000 0.1200 1
-2.4482 70.9984 -1.5867 0.0000 0.0000 0.0000 0.1200 1
-2.3234 70.9992 -1.7573 0.0000 0.0000 0.0000 0.1200 1
-2.1997 71.0001 -1.9143 0.0000 0.0000 0.0000 0.1200 1
-2.0767 71.0003 -2.0426 0.0000 0.0000 0.0000 0.1200 1
-1.9411 70.9999 -2.1739 0.0000 0.0000 0.0000 0.1200 1
-1.7677 71.0007 -2.3110 0.0000 0.0000 0.0000 0.1200 1
-1.6050 71.0000 -2.4255 0.0000 0.0000 0.0000 0.1200 1
-1.4460 71.0002 -2.5272 0.0000 0.0000 0.0000 0.1200 1
-1.2735 70.9996 -2.6147 0.0000 0.0000 0.0000 0.1200 1
-1.0987 71.0004 -2.6970 0.0000 0.0000 0.0000 0.1200 1
-0.9209 71.0010 -2.7636 0.0000 0.0000 0.0000 0.1200 1
-0.7291 71.0007 -2.8256 0.0000 0.0000 0.0000 0.1200 1
-0.5467 70.9981 -2.8660 0.0000 0.0000 0.0000 0.1200 1
-0.3489 71.0010 -2.9021 0.0000 0.0000 0.0000 0.1200 1
-0.1564 70.9984 -2.9211 0.0000 0.0000 0.0000 0.1200 1
0.0594 71.0002 -2.9294 0.0000 0.0000 0.0000 0.1200 1
0.2483 70.9989 -2.9205 0.0000 0.0000 0.0000 0.1200 1
0.4398 70.9993 -2.9025 0.0000 0.0000 0.0000 0.1200 1
0.6570 71.0007 -2.8611 0.0000 0.0000 0.0000 0.1200 1
0.8301 70.9993 -2.8239 0.0000 0.0000 0.0000 0.1200 1
1.0162 70.9995 -2.7696 0.0000 0.0000 0.0000 0.1200 1
1.1977 71.0012 -2.7020 0.0000 0.0000 0.0000 0.1200 1
1.3719 70.9988 -2.6226 0.0000 0.0000 0.0000 0.1200 1
1.5533 71.0007 -2.5272 0.0000 0.0000 0.0000 0.1200 1
1.6947 71.0000 -2.4394 0.0000 0.0000 0.0000 0.1200 1
1.8851 71.0010 -2.3027 0.0000 0.0000 0.0000 0.1200 1
2.0332 70.9999 -2.1790 0.0000 0.0000 0.0000 0.1200 1
2.1717 70.9995 -2.0457 0.0000 0.0000 0.0000 0.1200 1
2.3095 71.0000 -1.9078 0.0000 0.0000 0.0000 0.1200 1
2.4306 71.0006 -1.7553 0.0000 0.0000 0.0000 0.1200 1
2.5390 71.0006 -1.6126 0.0000 0.0000 0.0000 0.1200 1
2.6537 70.9978 -1.4222 0.0000 0.0000 0.0000 0.1200 1
2.7468 70.9987 -1.2530 0.0000 0.0000 0.0000 0.1200 1
2.8164 71.0008 -1.0888 0.0000 0.0000 0.0000 0.1200 1
2.8891 70.9994 -0.8962 0.0000 0.0000 0.0000 0.1200 1
2.9461 71.0019 -0.7054 0.0000 0.0000 0.0000 0.1200 1
2.9922 70.9985 -0.5161 0.0000 0.0000 0.0000 0.1200 1
3.0301 71.0001 -0.3247 0.0000 0.0000 0.0000 0.1200 1
3.0428 71.0002 -0.1140 0.0000 0.0000 0.0000 0.1200 1
3.0477 71.5026 0.0642 0.0000 0.0000 0.0000 0.1200 1
3.0429 71.4999 0.2576 0.0000 0.0000 0.0000 0.1200 1
3.0264 71.4998 0.4519 0.0000 0.0000 0.0000 0.1200 1
2.9897 71.4981 0.6620 0.0000 0.0000 0.0000 0.1200 1
2.9446 71.5001 0.8619 0.0000 0.0000 0.0000 0.1200 1
2.8878 71.5005 1.0427 0.0000 0.0000 0.0000 0.1200 1
2.8227 71.5014 1.2181 0.0000 0.0000 0.0000 0.1200 1
2.7370 71.5002 1.4060 0.0000 0.0000 0.0000 0.1200 1
2.6537 71.5002 1.5566 0.0000 0.0000 0.0000 0.1200 1
2.5535 71.5018 1.7249 0.0000 0.0000 0.0000 0.1200 1
2.4396 71.5015 1.8892 0.0000 0.0000 0.0000 0.1200 1
2.3094 71.5000 2.0477 0.0000 0.0000 0.0000 0.1200 1
2.1775 71.4984 2.1870 0.0000 0.0000 0.0000 0.1200 1
2.0307 71.5003 2.3236 0.0000 0.0000 0.0000 0.1200 1
1.8667 71.4998 2.4580 0.0000 0.0000 0.0000 0.1200 1
1.7145 71.5022 2.5677 0.0000 0.0000 0.0000 0.1200 1
1.5511 71.4986 2.6692 0.0000 0.0000 0.0000 0.1200 1
1.3860 71.4990 2.7561 0.0000 0.0000 0.0000 0.1200 1
1.1957 71.4987 2.8433 0.0000 0.0000 0.0000 0.1200 1
1.0114 71.4994 2.9120 0.0000 0.0000 0.0000 0.1200 1
0.8379 71.4980 2.9650 0.0000 0.0000 0.0000 0.1200 1
0.6217 71.4994 3.0184 0.0000 0.0000 0.0000 0.1200 1
0.4437 71.4985 3.0447 0.0000 0.0000 0.0000 0.1200 1
0.2591 71.4996 3.0630 0.0000 0.0000 0.0000 0.1200 1
0.0543 71.5012 3.0719 0.0000 0.0000 0.0000 0.1200 1
-0.1529 71.5007 3.0648 0.0000 0.0000 0.0000 0.1200 1
-0.3430 71.4992 3.0446 0.0000 0.0000 0.0000 0.1200 1
-0.5372 71.4992 3.0141 0.0000 0.0000 0.0000 0.1200 1
-0.7277 71.4991 2.9683 0.0000 0.0000 0.0000 0.1200 1
-0.8989 71.5005 2.9190 0.0000 0.0000 0.0000 0.1200 1
-1.1000 71.4997 2.8421 0.0000 0.0000 0.0000 0.1200 1
-1.2916 71.4964 2.7533 0.0000 0.0000 0.0000 0.1200 1
-1.4593 71.5000 2.6657 0.0000 0.0000 0.0000 0.1200 1
-1.6306 71.4998 2.5630 0.0000 0.0000 0.0000 0.1200 1
-1.7589 71.4999 2.4645 0.0000 0.0000 0.0000 0.1200 1
-1.9167 71.4998 2.3383 0.0000 0.0000 0.0000 0.1200 1
-2.0723 71.4997 2.1903 0.0000 0.0000 0.0000 0.1200 1
-2.2114 71.5019 2.0468 0.0000 0.0000 0.0000 0.1200 1
-2.3331 71.5006 1.8939 0.0000 0.0000 0.0000 0.1200 1
-2.4472 71.4996 1.7304 0.0000 0.0000 0.0000 0.1200 1
-2.5459 71.5022 1.5780 0.0000 0.0000 0.0000 0.1200 1
-2.6311 71.4990 1.4133 0.0000 0.0000 0.0000 0.1200 1
-2.7204 71.4980 1.2174 0.0000 0.0000 0.0000 0.1200 1
-2.7952 71.5004 1.0264 0.0000 0.0000 0.0000 0.1200 1
-2.8481 71.4992 0.8633 0.0000 0.0000 0.0000 0.1200 1
-2.8923 71.4998 0.6525 0.0000 0.0000 0.0000 0.1200 1
-2.9255 71.5009 0.4824 0.0000 0.0000 0.0000 0.1200 1
-2.9483 71.4985 0.2607 0.0000 0.0000 0.0000 0.1200 1
-2.9509 71.5011 0.0772 0.0000 0.0000 0.0000 0.1200 1
-2.9437 71.4995 -0.1235 0.0000 0.0000 0.0000 0.1200 1
-2.9224 71.4988 -0.3293 0.0000 0.0000 0.0000 0.1200 1
-2.8937 71.4990 -0.5122 0.0000 0.0000 0.0000 0.1200 1
-2.8506 71.4999 -0.7072 0.0000 0.0000 0.0000 0.1200 1
-2.7882 71.4993 -0.8959 0.0000 0.0000 0.0000 0.1200 1
-2.7145 71.4993 -1.0964 0.0000 0.0000 0.0000 0.1200 1
-2.6518 71.5006 -1.2284 0.0000 0.0000 0.0000 0.1200 1
-2.5436 71.4988 -1.4357 0.0000 0.0000 0.0000 0.1200 1
-2.4446 71.5001 -1.5939 0.0000 0.0000 0.0000 0.1200 1
-2.3289 71.4985 -1.7510 0.0000 0.0000 0.0000 0.1200 1
-2.2124 71.5006 -1.9009 0.0000 0.0000 0.0000 0.1200 1
-2.0768 71.4993 -2.0463 0.0000 0.0000 0.0000 0.1200 1
-1.9392 71.4990 -2.1801 0.0000 0.0000 0.0000 0.1200 1
-1.7798 71.5015 -2.3082 0.0000 0.0000 0.0000 0.1200 1
-1.6225 71.4994 -2.4215 0.0000 0.0000 0.0000 0.1200 1
-1.4524 71.5003 -2.5274 0.0000 0.0000 0.0000 0.1200 1
-1.2684 71.5003 -2.6232 0.0000 0.0000 0.0000 0.1200 1
-1.0934 71.5002 -2.7000 0.0000 0.0000 0.0000 0.1200 1
-0.9109 71.5001 -2.7704 0.0000 0.0000 0.0000 0.1200 1
-0.7298 71.5004 -2.8246 0.0000 0.0000 0.0000 0.1200 1
-0.5451 71.5008 -2.8729 0.0000 0.0000 0.0000 0.1200 1
-0.3409 71.4986 -2.9046 0.0000 0.0000 0.0000 0.1200 1
-0.1294 71.5008 -2.9220 0.0000 0.0000 0.0000 0.1200 1
0.0469 71.4989 -2.9305 0.0000 0.0000 0.0000 0.1200 1
0.2494 71.5022 -2.9216 0.0000 0.0000 0.0000 0.1200 1
0.4400 71.4995 -2.9012 0.0000 0.0000 0.0000 0.1200 1
0.6119 71.5007 -2.8756 0.0000 0.0000 0.0000 0.1200 1
0.8188 71.5017 -2.8298 0.0000 0.0000 0.0000 0.1200 1
1.0078 71.5022 -2.7725 0.0000 0.0000 0.0000 0.1200 1
1.2137 71.4990 -2.6928 0.0000 0.0000 0.0000 0.1200 1
1.3675 71.5008 -2.6213 0.0000 0.0000 0.0000 0.1200 1
1.5516 71.5018 -2.5262 0.0000 0.0000 0.0000 0.1200 1
1.7163 71.5001 -2.4241 0.0000 0.0000 0.0000 0.1200 1
1.8807 71.4993 -2.3070 0.0000 0.0000 0.0000 0.1200 1
2.0258 71.5021 -2.1875 0.0000 0.0000 0.0000 0.1200 1
2.1671 71.5003 -2.0549 0.0000 0.0000 0.0000 0.1200 1
2.3008 71.5003 -1.9053 0.0000 0.0000 0.0000 0.1200 1
2.4217 71.4983 -1.7640 0.0000 0.0000 0.0000 0.1200 1
2.5404 71.5004 -1.6039 0.0000 0.0000 0.0000 0.1200 1
2.6460 71.4989 -1.4291 0.0000 0.0000 0.0000 0.1200 1
2.7379 71.5012 -1.2601 0.0000 0.0000 0.0000 0.1200 1
2.8222 71.4986 -1.0732 0.0000 0.0000 0.0000 0.1200 1
2.8879 71.5002 -0.8928 0.0000 0.0000 0.0000 0.1200 1
2.9459 71.4997 -0.6987 0.0000 0.0000 0.0000 0.1200 1
2.9901 71.4985 -0.5168 0.0000 0.0000 0.0000 0.1200 1
3.0238 71.4978 -0.3215 0.0000 0.0000 0.0000 0.1200 1
3.0421 71.5001 -0.1237 0.0000 0.0000 0.0000 0.1200 1
3.0459 72.0008 0.0642 0.0000 0.0000 0.0000 0.1200 1
3.0380 71.9996 0.2658 0.0000 0.0000 0.0000 0.1200 1
3.0216 71.9981 0.4594 0.0000 0.0000 0.0000 0.1200 1
2.9941 71.9997 0.6417 0.0000 0.0000 0.0000 0.1200 1
2.9430 72.0011 0.8507 0.0000 0.0000 0.0000 0.1200 1
2.8909 72.0003 1.0299 0.0000 0.0000 0.0000 0.1200 1
2.8130 72.0018 1.2235 0.0000 0.0000 0.0000 0.1200 1
2.7377 71.9990 1.4038 0.0000 0.0000 0.0000 0.1200 1
2.6486 71.9992 1.5664 0.0000 0.0000 0.0000 0.1200 1
2.5367 71.9994 1.7431 0.0000 0.0000 0.0000 0.1200 1
2.4281 72.0010 1.8955 0.0000 0.0000 0.0000 0.1200 1
2.2994 71.9994 2.0547 0.0000 0.0000 0.0000 0.1200 1
2.1609 71.9997 2.1971 0.0000 0.0000 0.0000 0.1200 1
2.0249 71.9989 2.3246 0.0000 0.0000 0.0000 0.1200 1
1.8665 71.9996 2.4587 0.0000 0.0000 0.0000 0.1200 1
1.7310 72.0004 2.5579 0.0000 0.0000 0.0000 0.1200 1
1.5600 72.0005 2.6625 0.0000 0.0000 0.0000 0.1200 1
1.3801 71.9979 2.7595 0.0000 0.0000 0.0000 0.1200 1
1.2042 71.9999 2.8408 0.0000 0.0000 0.0000 0.1200 1
0.9978 71.9992 2.9165 0.0000 0.0000 0.0000 0.1200 1
0.8213 72.0015 2.9713 0.0000 0.0000 0.0000 0.1200 1
0.6643 71.9991 3.0114 0.0000 0.0000 0.0000 0.1200 1
0.4391 72.0021 3.0459 0.0000 0.0000 0.0000 0.1200 1
0.2276 72.0000 3.0682 0.0000 0.0000 0.0000 0.1200 1
0.0415 72.0004 3.0716 0.0000 0.0000 0.0000 0.1200 1
-0.1457 71.9999 3.0639 0.0000 0.0000 0.0000 0.1200 1
-0.3678 72.0008 3.0411 0.0000 0.0000 0.0000 0.1200 1
-0.5364 71.9992 3.0148 0.0000 0.0000 0.0000 0.1200 1
-0.7139 71.9999 2.9760 0.0000 0.0000 0.0000 0.1200 1
-0.9143 72.0003 2.9168 0.0000 0.0000 0.0000 0.1200 1
-1.1032 71.9995 2.8448 0.0000 0.0000 0.0000 0.1200 1
-1.2567 72.0005 2.7719 0.0000 0.0000 0.0000 0.1200 1
-1.4637 71.9995 2.6682 0.0000 0.0000 0.0000 0.1200 1
-1.6197 71.9995 2.5726 0.0000 0.0000 0.0000 0.1200 1
-1.7713 72.0006 2.4577 0.0000 0.0000 0.0000 0.1200 1
-1.9458 71.9999 2.3123 0.0000 0.0000 0.0000 0.1200 1
-2.0616 72.0004 2.2042 0.0000 0.0000 0.0000 0.1200 1
-2.2138 71.9988 2.0476 0.0000 0.0000 0.0000 0.1200 1
-2.3401 72.0004 1.8874 0.0000 0.0000 0.0000 0.1200 1
-2.4552 71.9995 1.7340 0.0000 0.0000 0.0000 0.1200 1
-2.5573 71.9993 1.5701 0.0000 0.0000 0.0000 0.1200 1
-2.6536 71.9996 1.3832 0.0000 0.0000 0.0000 0.1200 1
-2.7269 72.0000 1.2220 0.0000 0.0000 0.0000 0.1200 1
-2.7953 72.0001 1.0491 0.0000 0.0000 0.0000 0.1200 1
-2.8458 72.0002 0.8632 0.0000 0.0000 0.0000 0.1200 1
-2.8936 71.9999 0.6643 0.0000 0.0000 0.0000 0.1200 1
-2.9280 71.9996 0.4655 0.0000 0.0000 0.0000 0.1200 1
-2.9447 72.0005 0.2708 0.0000 0.0000 0.0000 0.1200 1
-2.9517 71.9998 0.0768 0.0000 0.0000 0.0000 0.1200 1
-2.9486 71.9981 -0.0992 0.0000 0.0000 0.0000 0.1200 1
-2.9258 71.9999 -0.3269 0.0000 0.0000 0.0000 0.1200 1
-2.8950 72.0007 -0.5305 0.0000 0.0000 0.0000 0.1200 1
-2.8485 72.0007 -0.7151 0.0000 0.0000 0.0000 0.1200 1
-2.7973 72.0001 -0.8860 0.0000 0.0000 0.0000 0.1200 1
-2.7224 72.0006 -1.0830 0.0000 0.0000 0.0000 0.1200 1
-2.6431 72.0013 -1.2585 0.0000 0.0000 0.0000 0.1200 1
-2.5507 72.0008 -1.4274 0.0000 0.0000 0.0000 0.1200 1
-2.4457 72.0005 -1.5975 0.0000 0.0000 0.0000 0.1200 1
-2.3395 71.9980 -1.7492 0.0000 0.0000 0.0000 0.1200 1
-2.2024 71.9979 -1.9171 0.0000 0.0000 0.0000 0.1200 1
-2.0797 72.0004 -2.0478 0.0000 0.0000 0.0000 0.1200 1
-1.9249 71.9985 -2.1847 0.0000 0.0000 0.0000 0.1200 1
-1.7789 71.9999 -2.3122 0.0000 0.0000 0.0000 0.1200 1
-1.6250 71.9989 -2.4223 0.0000 0.0000 0.0000 0.1200 1
-1.4516 71.9997 -2.5268 0.0000 0.0000 0.0000 0.1200 1
-1.2902 71.9981 -2.6137 0.0000 0.0000 0.0000 0.1200 1
-1.1157 71.9991 -2.6928 0.0000 0.0000 0.0000 0.1200 1
-0.9146 71.9987 -2.7678 0.0000 0.0000 0.0000 0.1200 1
-0.7259 71.9999 -2.8253 0.0000 0.0000 0.0000 0.1200 1
-0.5260 72.0008 -2.8725 0.0000 0.0000 0.0000 0.1200 1
-0.3410 71.9994 -2.9008 0.0000 0.0000 0.0000 0.1200 1
-0.1440 71.9990 -2.9223 0.0000 0.0000 0.0000 0.1200 1
0.0492 71.9995 -2.9281 0.0000 0.0000 0.0000 0.1200 1
0.2435 71.9993 -2.9219 0.0000 0.0000 0.0000 0.1200 1
0.4445 72.0008 -2.8985 0.0000 0.0000 0.0000 0.1200 1
0.6302 72.0011 -2.8719 0.0000 0.0000 0.0000 0.1200 1
0.8115 71.9997 -2.8256 0.0000 0.0000 0.0000 0.1200 1
1.0032 72.0009 -2.7751 0.0000 0.0000 0.0000 0.1200 1
1.1878 71.9999 -2.7047 0.0000 0.0000 0.0000 0.1200 1
1.3867 71.9993 -2.6133 0.0000 0.0000 0.0000 0.1200 1
1.5481 71.9991 -2.5240 0.0000 0.0000 0.0000 0.1200 1
1.7173 72.0005 -2.4165 0.0000 0.0000 0.0000 0.1200 1
1.8796 72.0004 -2.3015 0.0000 0.0000 0.0000 0.1200 1
2.0248 71.9999 -2.1844 0.0000 0.0000 0.0000 0.1200 1
2.1572 72.0018 -2.0609 0.0000 0.0000 0.0000 0.1200 1
2.2843 71.9993 -1.9236 0.0000 0.0000 0.0000 0.1200 1
2.4349 72.0015 -1.7452 0.0000 0.0000 0.0000 0.1200 1
2.5498 72.0013 -1.5821 0.0000 0.0000 0.0000 0.1200 1
2.6450 71.9985 -1.4312 0.0000 0.0000 0.0000 0.1200 1
2.7381 72.0011 -1.2524 0.0000 0.0000 0.0000 0.1200 1
2.8236 71.9997 -1.0721 0.0000 0.0000 0.0000 0.1200 1
2.8985 72.0001 -0.8684 0.0000 0.0000 0.0000 0.1200 1
2.9429 71.9991 -0.7039 0.0000 0.0000 0.0000 0.1200 1
2.9829 72.0007 -0.5268 0.0000 0.0000 0.0000 0.1200 1
3.0203 72.0017 -0.3252 0.0000 0.0000 0.0000 0.1200 1
3.0370 71.9991 -0.1261 0.0000 0.0000 0.0000 0.1200 1
3.0407 72.5000 0.0592 0.0000 0.0000 0.0000 0.1200 1
3.0351 72.4990 0.2596 0.0000 0.0000 0.0000 0.1200 1
3.0194 72.4988 0.4467 0.0000 0.0000 0.0000 0.1200 1
2.9861 72.5004 0.6522 0.0000 0.0000 0.0000 0.1200 1
2.9432 72.5009 0.8336 0.0000 0.0000 0.0000 0.1200 1
2.8852 72.5007 1.0360 0.0000 0.0000 0.0000 0.1200 1
2.8136 72.5010 1.2202 0.0000 0.0000 0.0000 0.1200 1
2.7354 72.5006 1.3949 0.0000 0.0000 0.0000 0.1200 1
2.6381 72.5008 1.5772 0.0000 0.0000 0.0000 0.1200 1
2.5314 72.4996 1.7439 0.0000 0.0000 0.0000 0.1200 1
2.4202 72.5022 1.9023 0.0000 0.0000 0.0000 0.1200 1
2.3063 72.4998 2.0420 0.0000 0.0000 0.0000 0.1200 1
2.1567 72.5000 2.1994 0.0000 0.0000 0.0000 0.1200 1
2.0241 72.4991 2.3224 0.0000 0.0000 0.0000 0.1200 1
1.8724 72.5001 2.4531 0.0000 0.0000 0.0000 0.1200 1
1.7109 72.5001 2.5693 0.0000 0.0000 0.0000 0.1200 1
1.5421 72.4983 2.6699 0.0000 0.0000 0.0000 0.1200 1
1.3717 72.5007 2.7651 0.0000 0.0000 0.0000 0.1200 1
1.1827 72.5004 2.8488 0.0000 0.0000 0.0000 0.1200 1
1.0170 72.5000 2.9093 0.0000 0.0000 0.0000 0.1200 1
0.8199 72.5003 2.9744 0.0000 0.0000 0.0000 0.1200 1
0.6393 72.4997 3.0125 0.0000 0.0000 0.0000 0.1200 1
0.4491 72.5012 3.0432 0.0000 0.0000 0.0000 0.1200 1
0.2440 72.5000 3.0659 0.0000 0.0000 0.0000 0.1200 1
0.0502 72.5004 3.0719 0.0000 0.0000 0.0000 0.1200 1
-0.1557 72.4993 3.0637 0.0000 0.0000 0.0000 0.1200 1
-0.3467 72.4995 3.0428 0.0000 0.0000 0.0000 0.1200 1
-0.5353 72.4997 3.0172 0.0000 0.0000 0.0000 0.1200 1
-0.7442 72.5007 2.9682 0.0000 0.0000 0.0000 0.1200 1
-0.9341 72.5020 2.9088 0.0000 0.0000 0.0000 0.1200 1
-1.1023 72.4996 2.8446 0.0000 0.0000 0.0000 0.1200 1
-1.2972 72.5001 2.7579 0.0000 0.0000 0.0000 0.1200 1
-1.4525 72.5005 2.6762 0.0000 0.0000 0.0000 0.1200 1
-1.6352 72.5003 2.5567 0.0000 0.0000 0.0000 0.1200 1
-1.7844 72.4995 2.4469 0.0000 0.0000 0.0000 0.1200 1
-1.9346 72.5006 2.3272 0.0000 0.0000 0.0000 0.1200 1
-2.0691 72.4992 2.1991 0.0000 0.0000 0.0000 0.1200 1
-2.2095 72.5000 2.0541 0.0000 0.0000 0.0000 0.1200 1
-2.3403 72.5011 1.8967 0.0000 0.0000 0.0000 0.1200 1
-2.4472 72.4995 1.7421 0.0000 0.0000 0.0000 0.1200 1
-2.5509 72.5012 1.5705 0.0000 0.0000 0.0000 0.1200 1
-2.6450 72.4992 1.4083 0.0000 0.0000 0.0000 0.1200 1
-2.7268 72.4986 1.2218 0.0000 0.0000 0.0000 0.1200 1
-2.7949 72.4990 1.0379 0.0000 0.0000 0.0000 0.1200 1
-2.8558 72.5003 0.8450 0.0000 0.0000 0.0000 0.1200 1
-2.9023 72.5007 0.6584 0.0000 0.0000 0.0000 0.1200 1
-2.9345 72.4995 0.4652 0.0000 0.0000 0.0000 0.1200 1
-2.9486 72.5002 0.2576 0.0000 0.0000 0.0000 0.1200 1
-2.9546 72.5022 0.0687 0.0000 0.0000 0.0000 0.1200 1
-2.9519 72.4998 -0.1300 0.0000 0.0000 0.0000 0.1200 1
-2.9308 72.4989 -0.3283 0.0000 0.0000 0.0000 0.1200 1
-2.9003 72.4994 -0.5077 0.0000 0.0000 0.0000 0.1200 1
-2.8531 72.4994 -0.7052 0.0000 0.0000 0.0000 0.1200 1
-2.8009 72.4998 -0.8701 0.0000 0.0000 0.0000 0.1200 1
-2.7320 72.5011 -1.0759 0.0000 0.0000 0.0000 0.1200 1
-2.6499 72.5002 -1.2469 0.0000 0.0000 0.0000 0.1200 1
-2.5612 72.4996 -1.4250 0.0000 0.0000 0.0000 0.1200 1
-2.4608 72.5006 -1.5786 0.0000 0.0000 0.0000 0.1200 1
-2.3370 72.4997 -1.7503 0.0000 0.0000 0.0000 0.1200 1
-2.2157 72.5005 -1.9000 0.0000 0.0000 0.0000 0.1200 1
-2.0609 72.5017 -2.0686 0.0000 0.0000 0.0000 0.1200 1
-1.9271 72.5005 -2.1861 0.0000 0.0000 0.0000 0.1200 1
-1.7799 72.5001 -2.3117 0.0000 0.0000 0.0000 0.1200 1
-1.6121 72.5008 -2.4280 0.0000 0.0000 0.0000 0.1200 1
-1.4707 72.5012 -2.5174 0.0000 0.0000 0.0000 0.1200 1
-1.2810 72.5001 -2.6187 0.0000 0.0000 0.0000 0.1200 1
-1.1017 72.5009 -2.6999 0.0000 0.0000 0.0000 0.1200 1
-0.9122 72.5015 -2.7690 0.0000 0.0000 0.0000 0.1200 1
-0.7387 72.4992 -2.8249 0.0000 0.0000 0.0000 0.1200 1
-0.5355 72.5005 -2.8710 0.0000 0.0000 0.0000 0.1200 1
-0.3460 72.5004 -2.8984 0.0000 0.0000 0.0000 0.1200 1
-0.1480 72.4984 -2.9245 0.0000 0.0000 0.0000 0.1200 1
0.0515 72.5024 -2.9278 0.0000 0.0000 0.0000 0.1200 1
0.2378 72.5012 -2.9190 0.0000 0.0000 0.0000 0.1200 1
0.4388 72.4996 -2.9016 0.0000 0.0000 0.0000 0.1200 1
0.6426 72.5000 -2.8674 0.0000 0.0000 0.0000 0.1200 1
0.8146 72.5004 -2.8256 0.0000 0.0000 0.0000 0.1200 1
1.0155 72.5005 -2.7667 0.0000 0.0000 0.0000 0.1200 1
1.1892 72.5012 -2.7010 0.0000 0.0000 0.0000 0.1200 1
1.3688 72.5006 -2.6210 0.0000 0.0000 0.0000 0.1200 1
1.5458 72.4990 -2.5228 0.0000 0.0000 0.0000 0.1200 1
1.7062 72.5000 -2.4238 0.0000 0.0000 0.0000 0.1200 1
1.8594 72.4998 -2.3157 0.0000 0.0000 0.0000 0.1200 1
2.0295 72.5002 -2.1776 0.0000 0.0000 0.0000 0.1200 1
2.1696 72.5008 -2.0440 0.0000 0.0000 0.0000 0.1200 1
2.2930 72.5001 -1.9084 0.0000 0.0000 0.0000 0.1200 1
2.4214 72.4991 -1.7569 0.0000 0.0000 0.0000 0.1200 1
2.5362 72.5008 -1.5995 0.0000 0.0000 0.0000 0.1200 1
2.6431 72.4997 -1.4271 0.0000 0.0000 0.0000 0.1200 1
2.7336 72.5000 -1.2635 0.0000 0.0000 0.0000 0.1200 1
2.8217 72.5001 -1.0625 0.0000 0.0000 0.0000 0.1200 1
2.8899 72.4997 -0.8802 0.0000 0.0000 0.0000 0.1200 1
2.9346 72.5002 -0.7292 0.0000 0.0000 0.0000 0.1200 1
2.9903 72.4981 -0.4987 0.0000 0.0000 0.0000 0.1200 1
3.0179 72.4995 -0.3084 0.0000 0.0000 0.0000 0.1200 1
3.0397 72.5003 -0.1281 0.0000 0.0000 0.0000 0.1200 1
3.0423 73.0005 0.0604 0.0000 0.0000 0.0000 0.1200 1
3.0335 72.9994 0.2760 0.0000 0.0000 0.0000 0.1200 1
3.0169 73.0003 0.4454 0.0000 0.0000 0.0000 0.1200 1
2.9816 73.0008 0.6607 0.0000 0.0000 0.0000 0.1200 1
2.9395 72.9999 0.8425 0.0000 0.0000 0.0000 0.1200 1
2.8813 72.9984 1.0311 0.0000 0.0000 0.0000 0.1200 1
2.8146 73.0005 1.2190 0.0000 0.0000 0.0000 0.1200 1
2.7253 72.9998 1.4045 0.0000 0.0000 0.0000 0.1200 1
2.6494 72.9995 1.5543 0.0000 0.0000 0.0000 0.1200 1
2.5364 73.0005 1.7378 0.0000 0.0000 0.0000 0.1200 1
2.4103 73.0004 1.9060 0.0000 0.0000 0.0000 0.1200 1
2.3047 72.9988 2.0441 0.0000 0.0000 0.0000 0.1200 1
2.1550 73.0004 2.2040 0.0000 0.0000 0.0000 0.1200 1
2.0162 72.9995 2.3303 0.0000 0.0000 0.0000 0.1200 1
1.8742 72.9990 2.4499 0.0000 0.0000 0.0000 0.1200 1
1.7046 72.9995 2.5644 0.0000 0.0000 0.0000 0.1200 1
1.5375 73.0001 2.6728 0.0000 0.0000 0.0000 0.1200 1
1.3806 73.0008 2.7617 0.0000 0.0000 0.0000 0.1200 1
1.1935 72.9986 2.8445 0.0000 0.0000 0.0000 0.1200 1
0.9990 72.9993 2.9159 0.0000 0.0000 0.0000 0.1200 1
0.8361 72.9994 2.9661 0.0000 0.0000 0.0000 0.1200 1
0.6373 73.0002 3.0148 0.0000 0.0000 0.0000 0.1200 1
0.4400 72.9994 3.0503 0.0000 0.0000 0.0000 0.1200 1
0.2415 72.9994 3.0640 0.0000 0.0000 0.0000 0.1200 1
0.0348 72.9996 3.0742 0.0000 0.0000 0.0000 0.1200 1
-0.1531 72.9987 3.0634 0.0000 0.0000 0.0000 0.1200 1
-0.3452 73.0000 3.0470 0.0000 0.0000 0.0000 0.1200 1
-0.5463 73.0013 3.0143 0.0000 0.0000 0.0000 0.1200 1
-0.7314 73.0010 2.9711 0.0000 0.0000 0.0000 0.1200 1
-0.9420 72.9997 2.9071 0.0000 0.0000 0.0000 0.1200 1
-1.0993 73.0006 2.8491 0.0000 0.0000 0.0000 0.1200 1
-1.2860 72.9997 2.7638 0.0000 0.0000 0.0000 0.1200 1
-1.4591 73.0002 2.6695 0.0000 0.0000 0.0000 0.1200 1
-1.6163 73.0001 2.5744 0.0000 0.0000 0.0000 0.1200 1
-1.7928 73.0003 2.4457 0.0000 0.0000 0.0000 0.1200 1
-1.9470 72.9997 2.3197 0.0000 0.0000 0.0000 0.1200 1
-2.0770 72.9987 2.1952 0.0000 0.0000 0.0000 0.1200 1
-2.2154 73.0009 2.0514 0.0000 0.0000 0.0000 0.1200 1
-2.3572 72.9998 1.8796 0.0000 0.0000 0.0000 0.1200 1
-2.4487 72.9998 1.7533 0.0000 0.0000 0.0000 0.1200 1
-2.5587 73.0011 1.5740 0.0000 0.0000 0.0000 0.1200 1
-2.6543 73.0020 1.3910 0.0000 0.0000 0.0000 0.1200 1
-2.7391 73.0016 1.2031 0.0000 0.0000 0.0000 0.1200 1
-2.8018 73.0004 1.0361 0.0000 0.0000 0.0000 0.1200 1
-2.8569 72.9999 0.8447 0.0000 0.0000 0.0000 0.1200 1
-2.9054 72.9996 0.6408 0.0000 0.0000 0.0000 0.1200 1
-2.9325 72.9976 0.4664 0.0000 0.0000 0.0000 0.1200 1
-2.9554 73.0004 0.2680 0.0000 0.0000 0.0000 0.1200 1
-2.9585 73.0010 0.0792 0.0000 0.0000 0.0000 0.1200 1
-2.9545 73.0020 -0.1078 0.0000 0.0000 0.0000 0.1200 1
-2.9311 73.0012 -0.3237 0.0000 0.0000 0.0000 0.1200 1
-2.9000 72.9991 -0.5165 0.0000 0.0000 0.0000 0.1200 1
-2.8576 73.0001 -0.6991 0.0000 0.0000 0.0000 0.1200 1
-2.8012 73.0000 -0.8790 0.0000 0.0000 0.0000 0.1200 1
-2.7346 73.0009 -1.0622 0.0000 0.0000 0.0000 0.1200 1
-2.6455 72.9996 -1.2703 0.0000 0.0000 0.0000 0.1200 1
-2.5547 73.0007 -1.4279 0.0000 0.0000 0.0000 0.1200 1
-2.4587 73.0010 -1.5916 0.0000 0.0000 0.0000 0.1200 1
-2.3479 72.9994 -1.7421 0.0000 0.0000 0.0000 0.1200 1
-2.2047 73.0020 -1.9143 0.0000 0.0000 0.0000 0.1200 1
-2.0841 72.9998 -2.0433 0.0000 0.0000 0.0000 0.1200 1
-1.9454 73.0013 -2.1839 0.0000 0.0000 0.0000 0.1200 1
-1.7794 73.0005 -2.3124 0.0000 0.0000 0.0000 0.1200 1
-1.6071 73.0001 -2.4308 0.0000 0.0000 0.0000 0.1200 1
-1.4597 73.0024 -2.5231 0.0000 0.0000 0.0000 0.1200 1
-1.2803 73.0003 -2.6245 0.0000 0.0000 0.0000 0.1200 1
-1.1131 73.0001 -2.6978 0.0000 0.0000 0.0000 0.1200 1
-0.9224 72.9991 -2.7680 0.0000 0.0000 0.0000 0.1200 1
-0.7380 73.0023 -2.8245 0.0000 0.0000 0.0000 0.1200 1
-0.5392 73.0000 -2.8666 0.0000 0.0000 0.0000 0.1200 1
-0.3399 73.0018 -2.9049 0.0000 0.0000 0.0000 0.1200 1
-0.1676 73.0010 -2.9198 0.0000 0.0000 0.0000 0.1200 1
0.0558 73.0010 -2.9250 0.0000 0.0000 0.0000 0.1200 1
0.2428 73.0009 -2.9171 0.0000 0.0000 0.0000 0.1200 1
0.4420 73.0011 -2.9016 0.0000 0.0000 0.0000 0.1200 1
0.6224 72.9981 -2.8723 0.0000 0.0000 0.0000 0.1200 1
0.8100 73.0018 -2.8258 0.0000 0.0000 0.0000 0.1200 1
1.0033 72.9985 -2.7691 0.0000 0.0000 0.0000 0.1200 1
1.1707 72.9999 -2.7055 0.0000 0.0000 0.0000 0.1200 1
1.3533 73.0001 -2.6249 0.0000 0.0000 0.0000 0.1200 1
1.5334 72.9994 -2.5303 0.0000 0.0000 0.0000 0.1200 1
1.7163 72.9997 -2.4153 0.0000 0.0000 0.0000 0.1200 1
1.8668 73.0015 -2.3070 0.0000 0.0000 0.0000 0.1200 1
2.0238 73.0005 -2.1767 0.0000 0.0000 0.0000 0.1200 1
2.1689 73.0014 -2.0428 0.0000 0.0000 0.0000 0.1200 1
2.2961 73.0006 -1.9014 0.0000 0.0000 0.0000 0.1200 1
2.4127 73.0013 -1.7578 0.0000 0.0000 0.0000 0.1200 1
2.5391 73.0010 -1.5874 0.0000 0.0000 0.0000 0.1200 1
2.6377 72.9999 -1.4314 0.0000 0.0000 0.0000 0.1200 1
2.7403 72.9999 -1.2362 0.0000 0.0000 0.0000 0.1200 1
2.8088 73.0005 -1.0835 0.0000 0.0000 0.0000 0.1200 1
2.8766 72.9998 -0.9063 0.0000 0.0000 0.0000 0.1200 1
2.9446 72.9995 -0.7025 0.0000 0.0000 0.0000 0.1200 1
2.9816 73.0003 -0.5196 0.0000 0.0000 0.0000 0.1200 1
3.0135 72.9992 -0.3142 0.0000 0.0000 0.0000 0.1200 1
3.0331 73.0014 -0.1188 0.0000 0.0000 0.0000 0.1200 1
3.0398 73.4995 0.0940 0.0000 0.0000 0.0000 0.1200 1
3.0280 73.4993 0.2766 0.0000 0.0000 0.0000 0.1200 1
3.0112 73.4990 0.4652 0.0000 0.0000 0.0000 0.1200 1
2.9786 73.4998 0.6647 0.0000 0.0000 0.0000 0.1200 1
2.9345 73.4999 0.8532 0.0000 0.0000 0.0000 0.1200 1
2.8768 73.5009 1.0397 0.0000 0.0000 0.0000 0.1200 1
2.8026 73.5000 1.2276 0.0000 0.0000 0.0000 0.1200 1
2.7301 73.4982 1.3897 0.0000 0.0000 0.0000 0.1200 1
2.6377 73.5003 1.5741 0.0000 0.0000 0.0000 0.1200 1
2.5230 73.4993 1.7515 0.0000 0.0000 0.0000 0.1200 1
2.4148 73.4995 1.8952 0.0000 0.0000 0.0000 0.1200 1
2.2896 73.4988 2.0573 0.0000 0.0000 0.0000 0.1200 1
2.1515 73.5017 2.1990 0.0000 0.0000 0.0000 0.1200 1
2.0127 73.4992 2.3353 0.0000 0.0000 0.0000 0.1200 1
1.8834 73.5009 2.4384 0.0000 0.0000 0.0000 0.1200 1
1.7018 73.5014 2.5694 0.0000 0.0000 0.0000 0.1200 1
1.5475 73.5018 2.6628 0.0000 0.0000 0.0000 0.1200 1
1.3647 73.4989 2.7633 0.0000 0.0000 0.0000 0.1200 1
1.1732 73.4998 2.8487 0.0000 0.0000 0.0000 0.1200 1
0.9985 73.4998 2.9140 0.0000 0.0000 0.0000 0.1200 1
0.8072 73.5007 2.9719 0.0000 0.0000 0.0000 0.1200 1
0.6180 73.5012 3.0180 0.0000 0.0000 0.0000 0.1200 1
0.4074 73.4984 3.0509 0.0000 0.0000 0.0000 0.1200 1
0.2403 73.5003 3.0666 0.0000 0.0000 0.0000 0.1200 1
0.0429 73.4996 3.0738 0.0000 0.0000 0.0000 0.1200 1
-0.1499 73.4982 3.0682 0.0000 0.0000 0.0000 0.1200 1
-0.3593 73.5009 3.0458 0.0000 0.0000 0.0000 0.1200 1
-0.5521 73.5000 3.0150 0.0000 0.0000 0.0000 0.1200 1
-0.7213 73.5009 2.9762 0.0000 0.0000 0.0000 0.1200 1
-0.9307 73.4999 2.9121 0.0000 0.0000 0.0000 0.1200 1
-1.1139 73.5003 2.8427 0.0000 0.0000 0.0000 0.1200 1
-1.2896 73.5005 2.7608 0.0000 0.0000 0.0000 0.1200 1
-1.4612 73.5019 2.6770 0.0000 0.0000 0.0000 0.1200 1
-1.6312 73.4985 2.5656 0.0000 0.0000 0.0000 0.1200 1
-1.7941 73.5006 2.4504 0.0000 0.0000 0.0000 0.1200 1
-1.9519 73.4993 2.3226 0.0000 0.0000 0.0000 0.1200 1
-2.0787 73.5000 2.2000 0.0000 0.0000 0.0000 0.1200 1
-2.2096 73.5014 2.0598 0.0000 0.0000 0.0000 0.1200 1
-2.3455 73.4993 1.8934 0.0000 0.0000 0.0000 0.1200 1
-2.4585 73.4998 1.7332 0.0000 0.0000 0.0000 0.1200 1
-2.5573 73.5018 1.5793 0.0000 0.0000 0.0000 0.1200 1
-2.6436 73.5000 1.4150 0.0000 0.0000 0.0000 0.1200 1
-2.7339 73.5011 1.2247 0.0000 0.0000 0.0000 0.1200 1
-2.7992 73.4979 1.0464 0.0000 0.0000 0.0000 0.1200 1
-2.8615 73.5004 0.8470 0.0000 0.0000 0.0000 0.1200 1
-2.9011 73.4995 0.6625 0.0000 0.0000 0.0000 0.1200 1
-2.9339 73.5007 0.4784 0.0000 0.0000 0.0000 0.1200 1
-2.9548 73.5017 0.2581 0.0000 0.0000 0.0000 0.1200 1
-2.9585 73.5018 0.0685 0.0000 0.0000 0.0000 0.1200 1
-2.9562 73.4989 -0.1257 0.0000 0.0000 0.0000 0.1200 1
-2.9353 73.5016 -0.3122 0.0000 0.0000 0.0000 0.1200 1
-2.9055 73.4999 -0.5180 0.0000 0.0000 0.0000 0.1200 1
-2.8556 73.5003 -0.7059 0.0000 0.0000 0.0000 0.1200 1
-2.8018 73.5005 -0.8930 0.0000 0.0000 0.0000 0.1200 1
-2.7365 73.4995 -1.0712 0.0000 0.0000 0.0000 0.1200 1
-2.6512 73.5010 -1.2513 0.0000 0.0000 0.0000 0.1200 1
-2.5594 73.5000 -1.4266 0.0000 0.0000 0.0000 0.1200 1
-2.4576 73.5013 -1.5903 0.0000 0.0000 0.0000 0.1200 1
-2.3353 73.5006 -1.7569 0.0000 0.0000 0.0000 0.1200 1
-2.2313 73.5003 -1.8867 0.0000 0.0000 0.0000 0.1200 1
-2.0730 73.4985 -2.0543 0.0000 0.0000 0.0000 0.1200 1
-1.9499 73.4991 -2.1724 0.0000 0.0000 0.0000 0.1200 1
-1.7837 73.4994 -2.3031 0.0000 0.0000 0.0000 0.1200 1
-1.6394 73.5002 -2.4087 0.0000 0.0000 0.0000 0.1200 1
-1.4712 73.5010 -2.5214 0.0000 0.0000 0.0000 0.1200 1
-1.2874 73.5004 -2.6198 0.0000 0.0000 0.0000 0.1200 1
-1.1048 73.5003 -2.7016 0.0000 0.0000 0.0000 0.1200 1
-0.9179 73.5001 -2.7719 0.0000 0.0000 0.0000 0.1200 1
-0.7545 73.5024 -2.8205 0.0000 0.0000 0.0000 0.1200 1
-0.5426 73.5014 -2.8693 0.0000 0.0000 0.0000 0.1200 1
-0.3551 73.4986 -2.8979 0.0000 0.0000 0.0000 0.1200 1
-0.1547 73.4981 -2.9200 0.0000 0.0000 0.0000 0.1200 1
0.0393 73.5001 -2.9265 0.0000 0.0000 0.0000 0.1200 1
0.2036 73.5022 -2.9230 0.0000 0.0000 0.0000 0.1200 1
0.4265 73.5010 -2.9029 0.0000 0.0000 0.0000 0.1200 1
0.6184 73.5006 -2.8711 0.0000 0.0000 0.0000 0.1200 1
0.8193 73.4987 -2.8221 0.0000 0.0000 0.0000 0.1200 1
0.9758 73.4975 -2.7767 0.0000 0.0000 0.0000 0.1200 1
1.1932 73.5021 -2.6966 0.0000 0.0000 0.0000 0.1200 1
1.3743 73.5000 -2.6126 0.0000 0.0000 0.0000 0.1200 1
1.5396 73.4989 -2.5228 0.0000 0.0000 0.0000 0.1200 1
1.7060 73.4986 -2.4171 0.0000 0.0000 0.0000 0.1200 1
1.8857 73.5023 -2.2900 0.0000 0.0000 0.0000 0.1200 1
2.0177 73.4976 -2.1837 0.0000 0.0000 0.0000 0.1200 1
2.1549 73.4995 -2.0537 0.0000 0.0000 0.0000 0.1200 1
2.3020 73.5020 -1.8940 0.0000 0.0000 0.0000 0.1200 1
2.4150 73.4982 -1.7558 0.0000 0.0000 0.0000 0.1200 1
2.5362 73.4989 -1.5840 0.0000 0.0000 0.0000 0.1200 1
2.6435 73.4992 -1.4150 0.0000 0.0000 0.0000 0.1200 1
2.7361 73.4998 -1.2319 0.0000 0.0000 0.0000 0.1200 1
2.7991 73.5001 -1.0880 0.0000 0.0000 0.0000 0.1200 1
2.8710 73.5003 -0.9099 0.0000 0.0000 0.0000 0.1200 1
2.9338 73.4983 -0.7137 0.0000 0.0000 0.0000 0.1200 1
2.9795 73.4996 -0.5144 0.0000 0.0000 0.0000 0.1200 1
3.0125 73.5002 -0.3244 0.0000 0.0000 0.0000 0.1200 1
3.0300 73.5004 -0.1372 0.0000 0.0000 0.0000 0.1200 1
3.0346 73.9996 0.0588 0.0000 0.0000 0.0000 0.1200 1
3.0289 74.0002 0.2738 0.0000 0.0000 0.0000 0.1200 1
3.0144 74.0007 0.4404 0.0000 0.0000 0.0000 0.1200 1
2.9780 74.0005 0.6497 0.0000 0.0000 0.0000 0.1200 1
2.9345 74.0008 0.8407 0.0000 0.0000 0.0000 0.1200 1
2.8805 73.9966 1.0260 0.0000 0.0000 0.0000 0.1200 1
2.8125 73.9980 1.1974 0.0000 0.0000 0.0000 0.1200 1
2.7150 73.9983 1.4097 0.0000 0.0000 0.0000 0.1200 1
2.6378 74.0001 1.5692 0.0000 0.0000 0.0000 0.1200 1
2.5289 74.0012 1.7459 0.0000 0.0000 0.0000 0.1200 1
2.4002 73.9996 1.9130 0.0000 0.0000 0.0000 0.1200 1
2.2990 74.0018 2.0437 0.0000 0.0000 0.0000 0.1200 1
2.1574 73.9997 2.1938 0.0000 0.0000 0.0000 0.1200 1
2.0109 74.0012 2.3295 0.0000 0.0000 0.0000 0.1200 1
1.8601 73.9995 2.4511 0.0000 0.0000 0.0000 0.1200 1
1.7027 74.0005 2.5670 0.0000 0.0000 0.0000 0.1200 1
1.5464 74.0018 2.6694 0.0000 0.0000 0.0000 0.1200 1
1.3674 73.9998 2.7662 0.0000 0.0000 0.0000 0.1200 1
1.1862 74.0019 2.8437 0.0000 0.0000 0.0000 0.1200 1
0.9914 73.9987 2.9145 0.0000 0.0000 0.0000 0.1200 1
0.8145 73.9994 2.9714 0.0000 0.0000 0.0000 0.1200 1
0.6233 74.0004 3.0126 0.0000 0.0000 0.0000 0.1200 1
0.4234 74.0017 3.0478 0.0000 0.0000 0.0000 0.1200 1
0.2178 73.9992 3.0695 0.0000 0.0000 0.0000 0.1200 1
0.0286 74.0009 3.0741 0.0000 0.0000 0.0000 0.1200 1
-0.1516 74.0012 3.0699 0.0000 0.0000 0.0000 0.1200 1
-0.3753 73.9994 3.0458 0.0000 0.0000 0.0000 0.1200 1
-0.5541 74.0001 3.0168 0.0000 0.0000 0.0000 0.1200 1
-0.7325 73.9988 2.9759 0.0000 0.0000 0.0000 0.1200 1
-0.9340 73.9974 2.9139 0.0000 0.0000 0.0000 0.1200 1
-1.1169 73.9998 2.8433 0.0000 0.0000 0.0000 0.1200 1
-1.2901 74.0014 2.7664 0.0000 0.0000 0.0000 0.1200 1
-1.4586 74.0004 2.6769 0.0000 0.0000 0.0000 0.1200 1
-1.6374 73.9990 2.5661 0.0000 0.0000 0.0000 0.1200 1
-1.8001 73.9998 2.4472 0.0000 0.0000 0.0000 0.1200 1
-1.9404 74.0007 2.3314 0.0000 0.0000 0.0000 0.1200 1
-2.0821 73.9995 2.1968 0.0000 0.0000 0.0000 0.1200 1
-2.2175 73.9999 2.0505 0.0000 0.0000 0.0000 0.1200 1
-2.3460 73.9998 1.9013 0.0000 0.0000 0.0000 0.1200 1
-2.4664 74.0003 1.7393 0.0000 0.0000 0.0000 0.1200 1
-2.5626 74.0022 1.5782 0.0000 0.0000 0.0000 0.1200 1
-2.6508 74.0011 1.4042 0.0000 0.0000 0.0000 0.1200 1
-2.7368 74.0005 1.2213 0.0000 0.0000 0.0000 0.1200 1
-2.8113 73.9984 1.0330 0.0000 0.0000 0.0000 0.1200 1
-2.8667 73.9999 0.8548 0.0000 0.0000 0.0000 0.1200 1
-2.9071 73.9992 0.6578 0.0000 0.0000 0.0000 0.1200 1
-2.9393 74.0008 0.4715 0.0000 0.0000 0.0000 0.1200 1
-2.9566 73.9994 0.2768 0.0000 0.0000 0.0000 0.1200 1
-2.9653 73.9996 0.0721 0.0000 0.0000 0.0000 0.1200 1
-2.9635 73.9991 -0.1129 0.0000 0.0000 0.0000 0.1200 1
-2.9417 73.9995 -0.3114 0.0000 0.0000 0.0000 0.1200 1
-2.9045 73.9995 -0.5234 0.0000 0.0000 0.0000 0.1200 1
-2.8637 74.0019 -0.7003 0.0000 0.0000 0.0000 0.1200 1
-2.8072 73.9994 -0.8915 0.0000 0.0000 0.0000 0.1200 1
-2.7385 74.0006 -1.0667 0.0000 0.0000 0.0000 0.1200 1
-2.6583 74.0001 -1.2550 0.0000 0.0000 0.0000 0.1200 1
-2.5614 73.9974 -1.4301 0.0000 0.0000 0.0000 0.1200 1
-2.4609 73.9989 -1.5927 0.0000 0.0000 0.0000 0.1200 1
-2.3425 73.9989 -1.7597 0.0000 0.0000 0.0000 0.1200 1
-2.2307 74.0010 -1.8948 0.0000 0.0000 0.0000 0.1200 1
-2.1067 73.9990 -2.0261 0.0000 0.0000 0.0000 0.1200 1
-1.9251 73.9986 -2.1945 0.0000 0.0000 0.0000 0.1200 1
-1.7955 73.9988 -2.3038 0.0000 0.0000 0.0000 0.1200 1
-1.6357 74.0012 -2.4148 0.0000 0.0000 0.0000 0.1200 1
-1.4764 74.0003 -2.5144 0.0000 0.0000 0.0000 0.1200 1
-1.2927 73.9986 -2.6192 0.0000 0.0000 0.0000 0.1200 1
-1.1071 74.0010 -2.6985 0.0000 0.0000 0.0000 0.1200 1
-0.9422 74.0025 -2.7602 0.0000 0.0000 0.0000 0.1200 1
-0.7473 73.9985 -2.8225 0.0000 0.0000 0.0000 0.1200 1
-0.5495 74.0008 -2.8682 0.0000 0.0000 0.0000 0.1200 1
-0.3321 74.0003 -2.9039 0.0000 0.0000 0.0000 0.1200 1
-0.1759 74.0024 -2.9184 0.0000 0.0000 0.0000 0.1200 1
0.0520 73.9985 -2.9249 0.0000 0.0000 0.0000 0.1200 1
0.2364 73.9992 -2.9204 0.0000 0.0000 0.0000 0.1200 1
0.4247 74.0008 -2.9029 0.0000 0.0000 0.0000 0.1200 1
0.6147 74.0002 -2.8664 0.0000 0.0000 0.0000 0.1200 1
0.7905 74.0001 -2.8328 0.0000 0.0000 0.0000 0.1200 1
0.9917 73.9992 -2.7718 0.0000 0.0000 0.0000 0.1200 1
1.1590 74.0003 -2.7040 0.0000 0.0000 0.0000 0.1200 1
1.3525 73.9993 -2.6226 0.0000 0.0000 0.0000 0.1200 1
1.5260 74.0011 -2.5305 0.0000 0.0000 0.0000 0.1200 1
1.6991 73.9991 -2.4241 0.0000 0.0000 0.0000 0.1200 1
1.8560 74.0004 -2.3110 0.0000 0.0000 0.0000 0.1200 1
2.0218 73.9983 -2.1744 0.0000 0.0000 0.0000 0.1200 1
2.1356 74.0002 -2.0653 0.0000 0.0000 0.0000 0.1200 1
2.2885 73.9996 -1.9081 0.0000 0.0000 0.0000 0.1200 1
2.3997 74.0002 -1.7661 0.0000 0.0000 0.0000 0.1200 1
2.5291 74.0008 -1.6009 0.0000 0.0000 0.0000 0.1200 1
2.6401 74.0012 -1.4223 0.0000 0.0000 0.0000 0.1200 1
2.7277 73.9999 -1.2479 0.0000 0.0000 0.0000 0.1200 1
2.8087 73.9996 -1.0690 0.0000 0.0000 0.0000 0.1200 1
2.8720 74.0007 -0.8972 0.0000 0.0000 0.0000 0.1200 1
2.9326 74.0002 -0.6975 0.0000 0.0000 0.0000 0.1200 1
2.9740 73.9990 -0.5247 0.0000 0.0000 0.0000 0.1200 1
3.0088 73.9995 -0.3151 0.0000 0.0000 0.0000 0.1200 1
3.0299 73.9995 -0.1174 0.0000 0.0000 0.0000 0.1200 1
3.0348 74.4998 0.0736 0.0000 0.0000 0.0000 0.1200 1
3.0263 74.5012 0.2603 0.0000 0.0000 0.0000 0.1200 1
3.0067 74.5003 0.4677 0.0000 0.0000 0.0000 0.1200 1
2.9744 74.4996 0.6583 0.0000 0.0000 0.0000 0.1200 1
2.9336 74.4997 0.8516 0.0000 0.0000 0.0000 0.1200 1
2.8738 74.5014 1.0258 0.0000 0.0000 0.0000 0.1200 1
2.8017 74.5005 1.2254 0.0000 0.0000 0.0000 0.1200 1
2.7214 74.5007 1.4079 0.0000 0.0000 0.0000 0.1200 1
2.6238 74.4998 1.5841 0.0000 0.0000 0.0000 0.1200 1
2.5298 74.5013 1.7364 0.0000 0.0000 0.0000 0.1200 1
2.4020 74.4992 1.9201 0.0000 0.0000 0.0000 0.1200 1
2.2774 74.5012 2.0668 0.0000 0.0000 0.0000 0.1200 1
2.1609 74.4998 2.1932 0.0000 0.0000 0.0000 0.1200 1
2.0031 74.5013 2.3380 0.0000 0.0000 0.0000 0.1200 1
1.8476 74.4998 2.4592 0.0000 0.0000 0.0000 0.1200 1
1.7115 74.4992 2.5625 0.0000 0.0000 0.0000 0.1200 1
1.5383 74.5010 2.6686 0.0000 0.0000 0.0000 0.1200 1
1.3408 74.5011 2.7702 0.0000 0.0000 0.0000 0.1200 1
1.1823 74.4998 2.8508 0.0000 0.0000 0.0000 0.1200 1
1.0053 74.5009 2.9113 0.0000 0.0000 0.0000 0.1200 1
0.8141 74.5004 2.9750 0.0000 0.0000 0.0000 0.1200 1
0.6221 74.4997 3.0175 0.0000 0.0000 0.0000 0.1200 1
0.4268 74.4980 3.0477 0.0000 0.0000 0.0000 0.1200 1
0.2135 74.4993 3.0675 0.0000 0.0000 0.0000 0.1200 1
0.0357 74.5012 3.0684 0.0000 0.0000 0.0000 0.1200 1
-0.1569 74.5005 3.0702 0.0000 0.0000 0.0000 0.1200 1
-0.3816 74.5001 3.0487 0.0000 0.0000 0.0000 0.1200 1
-0.5514 74.5001 3.0189 0.0000 0.0000 0.0000 0.1200 1
-0.7441 74.4994 2.9715 0.0000 0.0000 0.0000 0.1200 1
-0.9534 74.5003 2.9062 0.0000 0.0000 0.0000 0.1200 1
-1.1186 74.4996 2.8458 0.0000 0.0000 0.0000 0.1200 1
-1.2970 74.4996 2.7621 0.0000 0.0000 0.0000 0.1200 1
-1.4782 74.5009 2.6664 0.0000 0.0000 0.0000 0.1200 1
-1.6402 74.5000 2.5630 0.0000 0.0000 0.0000 0.1200 1
-1.8056 74.4992 2.4493 0.0000 0.0000 0.0000 0.1200 1
-1.9549 74.5003 2.3230 0.0000 0.0000 0.0000 0.1200 1
-2.0837 74.4992 2.2006 0.0000 0.0000 0.0000 0.1200 1
-2.2241 74.4999 2.0513 0.0000 0.0000 0.0000 0.1200 1
-2.3474 74.5000 1.8997 0.0000 0.0000 0.0000 0.1200 1
-2.4630 74.5011 1.7431 0.0000 0.0000 0.0000 0.1200 1
-2.5743 74.4993 1.5589 0.0000 0.0000 0.0000 0.1200 1
-2.6609 74.4992 1.3959 0.0000 0.0000 0.0000 0.1200 1
-2.7355 74.4996 1.2292 0.0000 0.0000 0.0000 0.1200 1
-2.8094 74.5008 1.0345 0.0000 0.0000 0.0000 0.1200 1
-2.8665 74.4975 0.8577 0.0000 0.0000 0.0000 0.1200 1
-2.9080 74.5002 0.6714 0.0000 0.0000 0.0000 0.1200 1
-2.9405 74.4992 0.4789 0.0000 0.0000 0.0000 0.1200 1
-2.9617 74.4999 0.2705 0.0000 0.0000 0.0000 0.1200 1
-2.9634 74.4999 0.0862 0.0000 0.0000 0.0000 0.1200 1
-2.9623 74.4996 -0.1075 0.0000 0.0000 0.0000 0.1200 1
-2.9451 74.5004 -0.3047 0.0000 0.0000 0.0000 0.1200 1
-2.9096 74.4996 -0.5230 0.0000 0.0000 0.0000 0.1200 1
-2.8621 74.5006 -0.7049 0.0000 0.0000 0.0000 0.1200 1
-2.8081 74.5013 -0.8891 0.0000 0.0000 0.0000 0.1200 1
-2.7376 74.5007 -1.0897 0.0000 0.0000 0.0000 0.1200 1
-2.6494 74.4995 -1.2608 0.0000 0.0000 0.0000 0.1200 1
-2.5668 74.5020 -1.4215 0.0000 0.0000 0.0000 0.1200 1
-2.4647 74.4983 -1.5961 0.0000 0.0000 0.0000 0.1200 1
-2.3452 74.4998 -1.7542 0.0000 0.0000 0.0000 0.1200 1
-2.2246 74.4992 -1.9035 0.0000 0.0000 0.0000 0.1200 1
-2.0960 74.4999 -2.0423 0.0000 0.0000 0.0000 0.1200 1
-1.9343 74.5008 -2.1840 0.0000 0.0000 0.0000 0.1200 1
-1.7959 74.5003 -2.3069 0.0000 0.0000 0.0000 0.1200 1
-1.6384 74.4997 -2.4236 0.0000 0.0000 0.0000 0.1200 1
-1.4607 74.4990 -2.5283 0.0000 0.0000 0.0000 0.1200 1
-1.2864 74.4994 -2.6193 0.0000 0.0000 0.0000 0.1200 1
-1.1100 74.5010 -2.6957 0.0000 0.0000 0.0000 0.1200 1
-0.9219 74.5001 -2.7689 0.0000 0.0000 0.0000 0.1200 1
-0.7533 74.5015 -2.8246 0.0000 0.0000 0.0000 0.1200 1
-0.5484 74.4981 -2.8660 0.0000 0.0000 0.0000 0.1200 1
-0.3559 74.5014 -2.8973 0.0000 0.0000 0.0000 0.1200 1
-0.1498 74.5005 -2.9207 0.0000 0.0000 0.0000 0.1200 1
0.0487 74.5010 -2.9269 0.0000 0.0000 0.0000 0.1200 1
0.2087 74.4992 -2.9186 0.0000 0.0000 0.0000 0.1200 1
0.4126 74.5006 -2.8987 0.0000 0.0000 0.0000 0.1200 1
0.6213 74.5003 -2.8690 0.0000 0.0000 0.0000 0.1200 1
0.8199 74.4984 -2.8196 0.0000 0.0000 0.0000 0.1200 1
0.9878 74.5016 -2.7689 0.0000 0.0000 0.0000 0.1200 1
1.1592 74.4987 -2.7100 0.0000 0.0000 0.0000 0.1200 1
1.3542 74.5007 -2.6144 0.0000 0.0000 0.0000 0.1200 1
1.5341 74.4992 -2.5187 0.0000 0.0000 0.0000 0.1200 1
1.6895 74.5008 -2.4272 0.0000 0.0000 0.0000 0.1200 1
1.8531 74.4996 -2.3092 0.0000 0.0000 0.0000 0.1200 1
1.9957 74.4991 -2.1941 0.0000 0.0000 0.0000 0.1200 1
2.1494 74.5010 -2.0539 0.0000 0.0000 0.0000 0.1200 1
2.2739 74.5000 -1.9193 0.0000 0.0000 0.0000 0.1200 1
2.4214 74.5008 -1.7453 0.0000 0.0000 0.0000 0.1200 1
2.5287 74.5017 -1.5940 0.0000 0.0000 0.0000 0.1200 1
2.6262 74.5000 -1.4306 0.0000 0.0000 0.0000 0.1200 1
2.7174 74.4991 -1.2600 0.0000 0.0000 0.0000 0.1200 1
2.8019 74.4997 -1.0775 0.0000 0.0000 0.0000 0.1200 1
2.8766 74.4988 -0.8878 0.0000 0.0000 0.0000 0.1200 1
2.9290 74.4996 -0.7002 0.0000 0.0000 0.0000 0.1200 1
2.9742 74.4997 -0.5156 0.0000 0.0000 0.0000 0.1200 1
3.0027 74.5014 -0.3200 0.0000 0.0000 0.0000 0.1200 1
3.0260 74.4977 -0.1211 0.0000 0.0000 0.0000 0.1200 1
3.0254 75.0005 0.0656 0.0000 0.0000 0.0000 0.1200 1
3.0226 75.0007 0.2789 0.0000 0.0000 0.0000 0.1200 1
3.0027 74.9998 0.4613 0.0000 0.0000 0.0000 0.1200 1
2.9721 75.0012 0.6650 0.0000 0.0000 0.0000 0.1200 1
2.9265 75.0010 0.8613 0.0000 0.0000 0.0000 0.1200 1
2.8639 75.0010 1.0512 0.0000 0.0000 0.0000 0.1200 1
2.7958 75.0003 1.2428 0.0000 0.0000 0.0000 0.1200 1
2.7205 74.9995 1.4078 0.0000 0.0000 0.0000 0.1200 1
2.6316 75.0018 1.5622 0.0000 0.0000 0.0000 0.1200 1
2.5205 75.0001 1.7503 0.0000 0.0000 0.0000 0.1200 1
2.4046 75.0004 1.9104 0.0000 0.0000 0.0000 0.1200 1
2.2770 75.0012 2.0593 0.0000 0.0000 0.0000 0.1200 1
2.1537 74.9989 2.1919 0.0000 0.0000 0.0000 0.1200 1
2.0128 74.9989 2.3280 0.0000 0.0000 0.0000 0.1200 1
1.8636 74.9990 2.4559 0.0000 0.0000 0.0000 0.1200 1
1.6872 75.0020 2.5709 0.0000 0.0000 0.0000 0.1200 1
1.5404 75.0016 2.6654 0.0000 0.0000 0.0000 0.1200 1
1.3538 75.0007 2.7678 0.0000 0.0000 0.0000 0.1200 1
1.1677 75.0017 2.8521 0.0000 0.0000 0.0000 0.1200 1
0.9946 74.9988 2.9164 0.0000 0.0000 0.0000 0.1200 1
0.8208 74.9998 2.9708 0.0000 0.0000 0.0000 0.1200 1
0.6130 75.0008 3.0183 0.0000 0.0000 0.0000 0.1200 1
0.4213 74.9978 3.0481 0.0000 0.0000 0.0000 0.1200 1
0.2292 75.0007 3.0702 0.0000 0.0000 0.0000 0.1200 1
0.0156 75.0025 3.0775 0.0000 0.0000 0.0000 0.1200 1
-0.1862 75.0012 3.0665 0.0000 0.0000 0.0000 0.1200 1
-0.3694 75.0014 3.0448 0.0000 0.0000 0.0000 0.1200 1
-0.5506 74.9999 3.0163 0.0000 0.0000 0.0000 0.1200 1
-0.7515 74.9982 2.9729 0.0000 0.0000 0.0000 0.1200 1
-0.9425 74.9991 2.9120 0.0000 0.0000 0.0000 0.1200 1
-1.1179 75.0006 2.8481 0.0000 0.0000 0.0000 0.1200 1
-1.2967 74.9999 2.7673 0.0000 0.0000 0.0000 0.1200 1
-1.4595 75.0004 2.6784 0.0000 0.0000 0.0000 0.1200 1
-1.6307 75.0009 2.5725 0.0000 0.0000 0.0000 0.1200 1
-1.7949 75.0006 2.4603 0.0000 0.0000 0.0000 0.1200 1
-1.9600 74.9979 2.3240 0.0000 0.0000 0.0000 0.1200 1
-2.0923 74.9986 2.1933 0.0000 0.0000 0.0000 0.1200 1
-2.2253 75.0004 2.0566 0.0000 0.0000 0.0000 0.1200 1
-2.3606 74.9997 1.8846 0.0000 0.0000 0.0000 0.1200 1
-2.4773 75.0000 1.7272 0.0000 0.0000 0.0000 0.1200 1
-2.5731 75.0001 1.5752 0.0000 0.0000 0.0000 0.1200 1
-2.6575 75.0000 1.4139 0.0000 0.0000 0.0000 0.1200 1
-2.7393 74.9992 1.2247 0.0000 0.0000 0.0000 0.1200 1
-2.8115 74.9997 1.0334 0.0000 0.0000 0.0000 0.1200 1
-2.8685 74.9993 0.8510 0.0000 0.0000 0.0000 0.1200 1
-2.9155 75.0006 0.6481 0.0000 0.0000 0.0000 0.1200 1
-2.9446 74.9997 0.4844 0.0000 0.0000 0.0000 0.1200 1
-2.9657 74.9989 0.2563 0.0000 0.0000 0.0000 0.1200 1
-2.9714 75.0000 0.0769 0.0000 0.0000 0.0000 0.1200 1
-2.9655 74.9984 -0.1323 0.0000 0.0000 0.0000 0.1200 1
-2.9453 74.9989 -0.3275 0.0000 0.0000 0.0000 0.1200 1
-2.9164 75.0005 -0.4993 0.0000 0.0000 0.0000 0.1200 1
-2.8676 75.0025 -0.7119 0.0000 0.0000 0.0000 0.1200 1
-2.8173 74.9989 -0.8774 0.0000 0.0000 0.0000 0.1200 1
-2.7478 74.9990 -1.0629 0.0000 0.0000 0.0000 0.1200 1
-2.6554 75.0009 -1.2596 0.0000 0.0000 0.0000 0.1200 1
-2.5750 75.0004 -1.4152 0.0000 0.0000 0.0000 0.1200 1
-2.4622 75.0007 -1.5961 0.0000 0.0000 0.0000 0.1200 1
-2.3500 74.9998 -1.7479 0.0000 0.0000 0.0000 0.1200 1
-2.2270 74.9995 -1.9027 0.0000 0.0000 0.0000 0.1200 1
-2.0907 75.0005 -2.0469 0.0000 0.0000 0.0000 0.1200 1
-1.9504 75.0002 -2.1874 0.0000 0.0000 0.0000 0.1200 1
-1.8106 74.9992 -2.2946 0.0000 0.0000 0.0000 0.1200 1
-1.6390 75.0003 -2.4164 0.0000 0.0000 0.0000 0.1200 1
-1.4592 74.9999 -2.5312 0.0000 0.0000 0.0000 0.1200 1
-1.2995 75.0004 -2.6154 0.0000 0.0000 0.0000 0.1200 1
-1.1294 75.0002 -2.6908 0.0000 0.0000 0.0000 0.1200 1
-0.9287 74.9982 -2.7681 0.0000 0.0000 0.0000 0.1200 1
-0.7439 74.9996 -2.8243 0.0000 0.0000 0.0000 0.1200 1
-0.5566 74.9997 -2.8711 0.0000 0.0000 0.0000 0.1200 1
-0.3833 74.9993 -2.8943 0.0000 0.0000 0.0000 0.1200 1
-0.1630 75.0021 -2.9211 0.0000 0.0000 0.0000 0.1200 1
0.0307 74.9985 -2.9236 0.0000 0.0000 0.0000 0.1200 1
0.2200 74.9994 -2.9177 0.0000 0.0000 0.0000 0.1200 1
0.4387 75.0007 -2.8963 0.0000 0.0000 0.0000 0.1200 1
0.6080 74.9994 -2.8699 0.0000 0.0000 0.0000 0.1200 1
0.8087 74.9980 -2.8184 0.0000 0.0000 0.0000 0.1200 1
1.0114 75.0002 -2.7583 0.0000 0.0000 0.0000 0.1200 1
1.1735 74.9986 -2.6995 0.0000 0.0000 0.0000 0.1200 1
1.3515 74.9990 -2.6183 0.0000 0.0000 0.0000 0.1200 1
1.5381 74.9996 -2.5133 0.0000 0.0000 0.0000 0.1200 1
1.6960 75.0004 -2.4185 0.0000 0.0000 0.0000 0.1200 1
1.8527 75.0010 -2.3068 0.0000 0.0000 0.0000 0.1200 1
1.9961 74.9989 -2.1912 0.0000 0.0000 0.0000 0.1200 1
2.1454 75.0002 -2.0524 0.0000 0.0000 0.0000 0.1200 1
2.2822 74.9991 -1.9021 0.0000 0.0000 0.0000 0.1200 1
2.4079 75.0008 -1.7488 0.0000 0.0000 0.0000 0.1200 1
2.5203 75.0018 -1.5940 0.0000 0.0000 0.0000 0.1200 1
2.6251 74.9999 -1.4303 0.0000 0.0000 0.0000 0.1200 1
2.7239 74.9978 -1.2415 0.0000 0.0000 0.0000 0.1200 1
2.7998 74.9983 -1.0735 0.0000 0.0000 0.0000 0.1200 1
2.8760 75.0001 -0.8751 0.0000 0.0000 0.0000 0.1200 1
2.9279 75.0008 -0.7051 0.0000 0.0000 0.0000 0.1200 1
2.9715 75.0005 -0.5055 0.0000 0.0000 0.0000 0.1200 1
3.0052 75.0008 -0.3008 0.0000 0.0000 0.0000 0.1200 1
3.0188 75.0000 -0.1483 0.0000 0.0000 0.0000 0.1200 1
3.0273 75.4998 0.0772 0.0000 0.0000 0.0000 0.1200 1
3.0194 75.5000 0.2758 0.0000 0.0000 0.0000 0.1200 1
3.0019 75.5009 0.4631 0.0000 0.0000 0.0000 0.1200 1
2.9649 75.5009 0.6610 0.0000 0.0000 0.0000 0.1200 1
2.9263 75.4990 0.8434 0.0000 0.0000 0.0000 0.1200 1
2.8718 75.5003 1.0290 0.0000 0.0000 0.0000 0.1200 1
2.8019 75.4989 1.2211 0.0000 0.0000 0.0000 0.1200 1
2.7123 75.5001 1.4097 0.0000 0.0000 0.0000 0.1200 1
2.6223 75.5006 1.5750 0.0000 0.0000 0.0000 0.1200 1
2.5126 75.5006 1.7487 0.0000 0.0000 0.0000 0.1200 1
2.4094 75.5003 1.8996 0.0000 0.0000 0.0000 0.1200 1
2.2870 75.5005 2.0403 0.0000 0.0000 0.0000 0.1200 1
2.1595 75.4996 2.1817 0.0000 0.0000 0.0000 0.1200 1
1.9983 75.4988 2.3363 0.0000 0.0000 0.0000 0.1200 1
1.8399 75.5014 2.4633 0.0000 0.0000 0.0000 0.1200 1
1.6905 75.5005 2.5712 0.0000 0.0000 0.0000 0.1200 1
1.5226 75.5006 2.6740 0.0000 0.0000 0.0000 0.1200 1
1.3609 75.5009 2.7648 0.0000 0.0000 0.0000 0.1200 1
1.1792 75.4982 2.8448 0.0000 0.0000 0.0000 0.1200 1
0.9878 75.5012 2.9207 0.0000 0.0000 0.0000 0.1200 1
0.8165 75.4999 2.9729 0.0000 0.0000 0.0000 0.1200 1
0.6062 75.5004 3.0218 0.0000 0.0000 0.0000 0.1200 1
0.4227 75.5004 3.0471 0.0000 0.0000 0.0000 0.1200 1
0.2185 75.5012 3.0684 0.0000 0.0000 0.0000 0.1200 1
0.0145 75.5004 3.0780 0.0000 0.0000 0.0000 0.1200 1
-0.1734 75.5007 3.0661 0.0000 0.0000 0.0000 0.1200 1
-0.3538 75.4984 3.0514 0.0000 0.0000 0.0000 0.1200 1
-0.5425 75.5010 3.0233 0.0000 0.0000 0.0000 0.1200 1
-0.7503 75.4991 2.9752 0.0000 0.0000 0.0000 0.1200 1
-0.9559 75.5006 2.9142 0.0000 0.0000 0.0000 0.1200 1
-1.1117 75.4997 2.8551 0.0000 0.0000 0.0000 0.1200 1
-1.2916 75.5011 2.7675 0.0000 0.0000 0.0000 0.1200 1
-1.4669 75.4994 2.6790 0.0000 0.0000 0.0000 0.1200 1
-1.6503 75.4997 2.5617 0.0000 0.0000 0.0000 0.1200 1
-1.8213 75.5005 2.4378 0.0000 0.0000 0.0000 0.1200 1
-1.9443 75.5003 2.3357 0.0000 0.0000 0.0000 0.1200 1
-2.0837 75.4969 2.2123 0.0000 0.0000 0.0000 0.1200 1
-2.2333 75.4992 2.0500 0.0000 0.0000 0.0000 0.1200 1
-2.3561 75.4999 1.8953 0.0000 0.0000 0.0000 0.1200 1
-2.4666 75.5003 1.7477 0.0000 0.0000 0.0000 0.1200 1
-2.5772 75.4996 1.5662 0.0000 0.0000 0.0000 0.1200 1
-2.6719 75.5006 1.3883 0.0000 0.0000 0.0000 0.1200 1
-2.7537 75.5008 1.2160 0.0000 0.0000 0.0000 0.1200 1
-2.8131 75.5003 1.0413 0.0000 0.0000 0.0000 0.1200 1
-2.8709 75.4987 0.8521 0.0000 0.0000 0.0000 0.1200 1
-2.9213 75.4991 0.6453 0.0000 0.0000 0.0000 0.1200 1
-2.9532 75.4995 0.4480 0.0000 0.0000 0.0000 0.1200 1
-2.9673 75.5018 0.2662 0.0000 0.0000 0.0000 0.1200 1
-2.9724 75.5004 0.0748 0.0000 0.0000 0.0000 0.1200 1
-2.9653 75.4991 -0.1218 0.0000 0.0000 0.0000 0.1200 1
-2.9463 75.5006 -0.3053 0.0000 0.0000 0.0000 0.1200 1
-2.9152 75.5024 -0.5183 0.0000 0.0000 0.0000 0.1200 1
-2.8726 75.5002 -0.7057 0.0000 0.0000 0.0000 0.1200 1
-2.8134 75.5002 -0.8951 0.0000 0.0000 0.0000 0.1200 1
-2.7523 75.5004 -1.0533 0.0000 0.0000 0.0000 0.1200 1
-2.6625 75.5006 -1.2535 0.0000 0.0000 0.0000 0.1200 1
-2.5678 75.4997 -1.4282 0.0000 0.0000 0.0000 0.1200 1
-2.4608 75.4991 -1.6064 0.0000 0.0000 0.0000 0.1200 1
-2.3441 75.4992 -1.7664 0.0000 0.0000 0.0000 0.1200 1
-2.2332 75.4992 -1.9001 0.0000 0.0000 0.0000 0.1200 1
-2.0880 75.5003 -2.0502 0.0000 0.0000 0.0000 0.1200 1
-1.9451 75.5009 -2.1847 0.0000 0.0000 0.0000 0.1200 1
-1.8108 75.4992 -2.2949 0.0000 0.0000 0.0000 0.1200 1
-1.6411 75.5004 -2.4181 0.0000 0.0000 0.0000 0.1200 1
-1.4795 75.4982 -2.5236 0.0000 0.0000 0.0000 0.1200 1
-1.2975 75.5003 -2.6151 0.0000 0.0000 0.0000 0.1200 1
-1.1197 75.4988 -2.6994 0.0000 0.0000 0.0000 0.1200 1
-0.9319 75.4996 -2.7671 0.0000 0.0000 0.0000 0.1200 1
-0.7590 75.5018 -2.8234 0.0000 0.0000 0.0000 0.1200 1
-0.5458 75.4993 -2.8687 0.0000 0.0000 0.0000 0.1200 1
-0.3728 75.5001 -2.8977 0.0000 0.0000 0.0000 0.1200 1
-0.1639 75.4987 -2.9184 0.0000 0.0000 0.0000 0.1200 1
0.0369 75.5014 -2.9231 0.0000 0.0000 0.0000 0.1200 1
0.2140 75.5006 -2.9169 0.0000 0.0000 0.0000 0.1200 1
0.4179 75.5007 -2.9000 0.0000 0.0000 0.0000 0.1200 1
0.6139 75.4997 -2.8657 0.0000 0.0000 0.0000 0.1200 1
0.8053 75.4992 -2.8271 0.0000 0.0000 0.0000 0.1200 1
0.9898 75.4985 -2.7650 0.0000 0.0000 0.0000 0.1200 1
1.1884 75.5005 -2.6917 0.0000 0.0000 0.0000 0.1200 1
1.3566 75.4991 -2.6107 0.0000 0.0000 0.0000 0.1200 1
1.5220 75.5001 -2.5264 0.0000 0.0000 0.0000 0.1200 1
1.6970 75.4997 -2.4163 0.0000 0.0000 0.0000 0.1200 1
1.8548 75.5017 -2.2993 0.0000 0.0000 0.0000 0.1200 1
1.9914 75.5016 -2.1899 0.0000 0.0000 0.0000 0.1200 1
2.1493 75.4998 -2.0412 0.0000 0.0000 0.0000 0.1200 1
2.2678 75.4999 -1.9190 0.0000 0.0000 0.0000 0.1200 1
2.4106 75.4995 -1.7418 0.0000 0.0000 0.0000 0.1200 1
2.5233 75.4994 -1.5864 0.0000 0.0000 0.0000 0.1200 1
2.6271 75.5021 -1.4189 0.0000 0.0000 0.0000 0.1200 1
2.7138 75.5018 -1.2605 0.0000 0.0000 0.0000 0.1200 1
2.7995 75.4993 -1.0740 0.0000 0.0000 0.0000 0.1200 1
2.8669 75.5002 -0.8936 0.0000 0.0000 0.0000 0.1200 1
2.9231 75.4993 -0.7061 0.0000 0.0000 0.0000 0.1200 1
2.9654 75.5010 -0.5155 0.0000 0.0000 0.0000 0.1200 1
3.0008 75.4979 -0.3182 0.0000 0.0000 0.0000 0.1200 1
3.0203 75.4997 -0.1241 0.0000 0.0000 0.0000 0.1200 1
3.0229 75.9988 0.0815 0.0000 0.0000 0.0000 0.1200 1
3.0192 76.0015 0.2740 0.0000 0.0000 0.0000 0.1200 1
3.0014 76.0006 0.4446 0.0000 0.0000 0.0000 0.1200 1
2.9618 75.9994 0.6701 0.0000 0.0000 0.0000 0.1200 1
2.9167 76.0004 0.8676 0.0000 0.0000 0.0000 0.1200 1
2.8613 76.0010 1.0434 0.0000 0.0000 0.0000 0.1200 1
2.7858 76.0010 1.2403 0.0000 0.0000 0.0000 0.1200 1
2.7177 75.9994 1.3927 0.0000 0.0000 0.0000 0.1200 1
2.6186 76.0010 1.5844 0.0000 0.0000 0.0000 0.1200 1
2.5104 76.0002 1.7561 0.0000 0.0000 0.0000 0.1200 1
2.4043 76.0005 1.9079 0.0000 0.0000 0.0000 0.1200 1
2.2893 75.9997 2.0402 0.0000 0.0000 0.0000 0.1200 1
2.1333 75.9994 2.2110 0.0000 0.0000 0.0000 0.1200 1
2.0049 76.0008 2.3294 0.0000 0.0000 0.0000 0.1200 1
1.8393 75.9997 2.4607 0.0000 0.0000 0.0000 0.1200 1
1.6841 76.0004 2.5749 0.0000 0.0000 0.0000 0.1200 1
1.5428 76.0010 2.6629 0.0000 0.0000 0.0000 0.1200 1
1.3664 76.0023 2.7586 0.0000 0.0000 0.0000 0.1200 1
1.1508 75.9993 2.8540 0.0000 0.0000 0.0000 0.1200 1
0.9800 76.0002 2.9174 0.0000 0.0000 0.0000 0.1200 1
0.8014 75.9992 2.9708 0.0000 0.0000 0.0000 0.1200 1
0.6132 76.0015 3.0206 0.0000 0.0000 0.0000 0.1200 1
0.4038 76.0017 3.0521 0.0000 0.0000 0.0000 0.1200 1
0.2338 75.9995 3.0685 0.0000 0.0000 0.0000 0.1200 1
0.0345 75.9985 3.0776 0.0000 0.0000 0.0000 0.1200 1
-0.1712 75.9988 3.0679 0.0000 0.0000 0.0000 0.1200 1
-0.3769 76.0002 3.0468 0.0000 0.0000 0.0000 0.1200 1
-0.5467 76.0004 3.0205 0.0000 0.0000 0.0000 0.1200 1
-0.7500 75.9996 2.9757 0.0000 0.0000 0.0000 0.1200 1
-0.9366 76.0000 2.9202 0.0000 0.0000 0.0000 0.1200 1
-1.1281 75.9997 2.8479 0.0000 0.0000 0.0000 0.1200 1
-1.3007 76.0002 2.7673 0.0000 0.0000 0.0000 0.1200 1
-1.4721 75.9995 2.6755 0.0000 0.0000 0.0000 0.1200 1
-1.6322 75.9993 2.5789 0.0000 0.0000 0.0000 0.1200 1
-1.7966 76.0000 2.4624 0.0000 0.0000 0.0000 0.1200 1
-1.9604 76.0008 2.3281 0.0000 0.0000 0.0000 0.1200 1
-2.1019 76.0007 2.1949 0.0000 0.0000 0.0000 0.1200 1
-2.2407 76.0009 2.0444 0.0000 0.0000 0.0000 0.1200 1
-2.3618 76.0008 1.8983 0.0000 0.0000 0.0000 0.1200 1
-2.4669 75.9990 1.7423 0.0000 0.0000 0.0000 0.1200 1
-2.5676 75.9997 1.5920 0.0000 0.0000 0.0000 0.1200 1
-2.6770 75.9990 1.3986 0.0000 0.0000 0.0000 0.1200 1
-2.7462 75.9998 1.2329 0.0000 0.0000 0.0000 0.1200 1
-2.8137 76.0002 1.0532 0.0000 0.0000 0.0000 0.1200 1
-2.8781 76.0006 0.8440 0.0000 0.0000 0.0000 0.1200 1
-2.9184 75.9989 0.6632 0.0000 0.0000 0.0000 0.1200 1
-2.9553 75.9998 0.4679 0.0000 0.0000 0.0000 0.1200 1
-2.9697 76.0009 0.2630 0.0000 0.0000 0.0000 0.1200 1
-2.9765 75.9983 0.0629 0.0000 0.0000 0.0000 0.1200 1
-2.9713 75.9996 -0.1233 0.0000 0.0000 0.0000 0.1200 1
-2.9481 76.0004 -0.3190 0.0000 0.0000 0.0000 0.1200 1
-2.9207 76.0010 -0.4901 0.0000 0.0000 0.0000 0.1200 1
-2.8813 75.9993 -0.6688 0.0000 0.0000 0.0000 0.1200 1
-2.8230 75.9999 -0.8863 0.0000 0.0000 0.0000 0.1200 1
-2.7484 76.0017 -1.0602 0.0000 0.0000 0.0000 0.1200 1
-2.6662 75.9999 -1.2502 0.0000 0.0000 0.0000 0.1200 1
-2.5866 76.0010 -1.4106 0.0000 0.0000 0.0000 0.1200 1
-2.4752 75.9986 -1.5848 0.0000 0.0000 0.0000 0.1200 1
-2.3639 75.9994 -1.7388 0.0000 0.0000 0.0000 0.1200 1
-2.2348 75.9991 -1.8971 0.0000 0.0000 0.0000 0.1200 1
-2.0891 75.9992 -2.0552 0.0000 0.0000 0.0000 0.1200 1
-1.9553 75.9980 -2.1784 0.0000 0.0000 0.0000 0.1200 1
-1.7984 76.0003 -2.3110 0.0000 0.0000 0.0000 0.1200 1
-1.6436 76.0004 -2.4152 0.0000 0.0000 0.0000 0.1200 1
-1.4649 75.9996 -2.5287 0.0000 0.0000 0.0000 0.1200 1
-1.3012 75.9995 -2.6182 0.0000 0.0000 0.0000 0.1200 1
-1.1177 75.9997 -2.6968 0.0000 0.0000 0.0000 0.1200 1
-0.9398 75.9992 -2.7622 0.0000 0.0000 0.0000 0.1200 1
-0.7570 76.0008 -2.8154 0.0000 0.0000 0.0000 0.1200 1
-0.5510 75.9998 -2.8667 0.0000 0.0000 0.0000 0.1200 1
-0.3663 75.9999 -2.8953 0.0000 0.0000 0.0000 0.1200 1
-0.1718 75.9983 -2.9206 0.0000 0.0000 0.0000 0.1200 1
0.0188 76.0002 -2.9288 0.0000 0.0000 0.0000 0.1200 1
0.2110 75.9988 -2.9166 0.0000 0.0000 0.0000 0.1200 1
0.4208 75.9999 -2.8949 0.0000 0.0000 0.0000 0.1200 1
0.6034 76.0007 -2.8650 0.0000 0.0000 0.0000 0.1200 1
0.7961 76.0000 -2.8253 0.0000 0.0000 0.0000 0.1200 1
0.9962 76.0009 -2.7639 0.0000 0.0000 0.0000 0.1200 1
1.1606 76.0015 -2.6996 0.0000 0.0000 0.0000 0.1200 1
1.3486 75.9998 -2.6185 0.0000 0.0000 0.0000 0.1200 1
1.5428 75.9989 -2.5095 0.0000 0.0000 0.0000 0.1200 1
1.6659 75.9986 -2.4373 0.0000 0.0000 0.0000 0.1200 1
1.8401 75.9963 -2.3100 0.0000 0.0000 0.0000 0.1200 1
1.9937 76.0000 -2.1862 0.0000 0.0000 0.0000 0.1200 1
2.1533 75.9983 -2.0374 0.0000 0.0000 0.0000 0.1200 1
2.2844 75.9999 -1.8943 0.0000 0.0000 0.0000 0.1200 1
2.3963 76.0009 -1.7579 0.0000 0.0000 0.0000 0.1200 1
2.5263 76.0010 -1.5813 0.0000 0.0000 0.0000 0.1200 1
2.6255 76.0007 -1.4109 0.0000 0.0000 0.0000 0.1200 1
2.7121 76.0009 -1.2608 0.0000 0.0000 0.0000 0.1200 1
2.7997 76.0007 -1.0690 0.0000 0.0000 0.0000 0.1200 1
2.8555 76.0014 -0.9119 0.0000 0.0000 0.0000 0.1200 1
2.9291 75.9994 -0.6810 0.0000 0.0000 0.0000 0.1200 1
2.9681 76.0004 -0.4999 0.0000 0.0000 0.0000 0.1200 1
2.9975 75.9993 -0.3094 0.0000 0.0000 0.0000 0.1200 1
3.0170 75.9993 -0.1366 0.0000 0.0000 0.0000 0.1200 1
3.0179 76.4991 0.0912 0.0000 0.0000 0.0000 0.1200 1
3.0122 76.4995 0.2884 0.0000 0.0000 0.0000 0.1200 1
2.9945 76.5000 0.4773 0.0000 0.0000 0.0000 0.1200 1
2.9627 76.5004 0.6548 0.0000 0.0000 0.0000 0.1200 1
2.9174 76.4990 0.8557 0.0000 0.0000 0.0000 0.1200 1
2.8519 76.4994 1.0686 0.0000 0.0000 0.0000 0.1200 1
2.7932 76.5006 1.2127 0.0000 0.0000 0.0000 0.1200 1
2.7151 76.5007 1.3900 0.0000 0.0000 0.0000 0.1200 1
2.6265 76.4994 1.5747 0.0000 0.0000 0.0000 0.1200 1
2.5105 76.5033 1.7531 0.0000 0.0000 0.0000 0.1200 1
2.4041 76.5009 1.8989 0.0000 0.0000 0.0000 0.1200 1
2.2698 76.5013 2.0541 0.0000 0.0000 0.0000 0.1200 1
2.1566 76.5005 2.1834 0.0000 0.0000 0.0000 0.1200 1
2.0173 76.4991 2.3158 0.0000 0.0000 0.0000 0.1200 1
1.8546 76.4998 2.4526 0.0000 0.0000 0.0000 0.1200 1
1.6951 76.5002 2.5683 0.0000 0.0000 0.0000 0.1200 1
1.5197 76.5001 2.6747 0.0000 0.0000 0.0000 0.1200 1
1.3531 76.5013 2.7631 0.0000 0.0000 0.0000 0.1200 1
1.1780 76.4988 2.8428 0.0000 0.0000 0.0000 0.1200 1
0.9772 76.4991 2.9219 0.0000 0.0000 0.0000 0.1200 1
0.7916 76.4995 2.9752 0.0000 0.0000 0.0000 0.1200 1
0.6098 76.5010 3.0211 0.0000 0.0000 0.0000 0.1200 1
0.4157 76.4999 3.0530 0.0000 0.0000 0.0000 0.1200 1
0.2271 76.5006 3.0678 0.0000 0.0000 0.0000 0.1200 1
-0.0007 76.4988 3.0748 0.0000 0.0000 0.0000 0.1200 1
-0.1840 76.5002 3.0665 0.0000 0.0000 0.0000 0.1200 1
-0.3672 76.5001 3.0532 0.0000 0.0000 0.0000 0.1200 1
-0.5574 76.5005 3.0208 0.0000 0.0000 0.0000 0.1200 1
-0.7504 76.4978 2.9715 0.0000 0.0000 0.0000 0.1200 1
-0.9404 76.5005 2.9143 0.0000 0.0000 0.0000 0.1200 1
-1.1318 76.4999 2.8503 0.0000 0.0000 0.0000 0.1200 1
-1.2910 76.4995 2.7754 0.0000 0.0000 0.0000 0.1200 1
-1.4907 76.5011 2.6692 0.0000 0.0000 0.0000 0.1200 1
-1.6509 76.4999 2.5647 0.0000 0.0000 0.0000 0.1200 1
-1.8090 76.5002 2.4601 0.0000 0.0000 0.0000 0.1200 1
-1.9580 76.5003 2.3333 0.0000 0.0000 0.0000 0.1200 1
-2.0797 76.5000 2.2136 0.0000 0.0000 0.0000 0.1200 1
-2.2418 76.5006 2.0452 0.0000 0.0000 0.0000 0.1200 1
-2.3527 76.5001 1.9075 0.0000 0.0000 0.0000 0.1200 1
-2.4815 76.5008 1.7379 0.0000 0.0000 0.0000 0.1200 1
-2.5750 76.4999 1.5791 0.0000 0.0000 0.0000 0.1200 1
-2.6745 76.4991 1.3999 0.0000 0.0000 0.0000 0.1200 1
-2.7489 76.4993 1.2257 0.0000 0.0000 0.0000 0.1200 1
-2.8202 76.4995 1.0434 0.0000 0.0000 0.0000 0.1200 1
-2.8748 76.4994 0.8594 0.0000 0.0000 0.0000 0.1200 1
-2.9227 76.4982 0.6554 0.0000 0.0000 0.0000 0.1200 1
-2.9549 76.5016 0.4680 0.0000 0.0000 0.0000 0.1200 1
-2.9758 76.5010 0.2738 0.0000 0.0000 0.0000 0.1200 1
-2.9762 76.5000 0.0688 0.0000 0.0000 0.0000 0.1200 1
-2.9712 76.4994 -0.1236 0.0000 0.0000 0.0000 0.1200 1
-2.9527 76.4997 -0.3255 0.0000 0.0000 0.0000 0.1200 1
-2.9249 76.5010 -0.4918 0.0000 0.0000 0.0000 0.1200 1
-2.8715 76.5000 -0.7103 0.0000 0.0000 0.0000 0.1200 1
-2.8180 76.4998 -0.8925 0.0000 0.0000 0.0000 0.1200 1
-2.7519 76.4999 -1.0692 0.0000 0.0000 0.0000 0.1200 1
-2.6679 76.4999 -1.2460 0.0000 0.0000 0.0000 0.1200 1
-2.5782 76.4998 -1.4221 0.0000 0.0000 0.0000 0.1200 1
-2.4676 76.5004 -1.5984 0.0000 0.0000 0.0000 0.1200 1
-2.3578 76.4989 -1.7507 0.0000 0.0000 0.0000 0.1200 1
-2.2296 76.5001 -1.9012 0.0000 0.0000 0.0000 0.1200 1
-2.0870 76.4998 -2.0589 0.0000 0.0000 0.0000 0.1200 1
-1.9559 76.4976 -2.1784 0.0000 0.0000 0.0000 0.1200 1
-1.8086 76.4987 -2.2989 0.0000 0.0000 0.0000 0.1200 1
-1.6566 76.5005 -2.4141 0.0000 0.0000 0.0000 0.1200 1
-1.4743 76.5004 -2.5233 0.0000 0.0000 0.0000 0.1200 1
-1.3045 76.4994 -2.6165 0.0000 0.0000 0.0000 0.1200 1
-1.1244 76.4992 -2.6953 0.0000 0.0000 0.0000 0.1200 1
-0.9584 76.5012 -2.7600 0.0000 0.0000 0.0000 0.1200 1
-0.7559 76.5002 -2.8250 0.0000 0.0000 0.0000 0.1200 1
-0.5660 76.4988 -2.8654 0.0000 0.0000 0.0000 0.1200 1
-0.3737 76.4999 -2.8959 0.0000 0.0000 0.0000 0.1200 1
-0.1486 76.4977 -2.9207 0.0000 0.0000 0.0000 0.1200 1
0.0151 76.4999 -2.9259 0.0000 0.0000 0.0000 0.1200 1
0.2116 76.5000 -2.9179 0.0000 0.0000 0.0000 0.1200 1
0.4053 76.4988 -2.9016 0.0000 0.0000 0.0000 0.1200 1
0.6096 76.5005 -2.8619 0.0000 0.0000 0.0000 0.1200 1
0.7798 76.5004 -2.8271 0.0000 0.0000 0.0000 0.1200 1
0.9931 76.5005 -2.7600 0.0000 0.0000 0.0000 0.1200 1
1.1886 76.5016 -2.6864 0.0000 0.0000 0.0000 0.1200 1
1.3429 76.5012 -2.6155 0.0000 0.0000 0.0000 0.1200 1
1.5191 76.5001 -2.5196 0.0000 0.0000 0.0000 0.1200 1
1.6879 76.5012 -2.4149 0.0000 0.0000 0.0000 0.1200 1
1.8336 76.4995 -2.3146 0.0000 0.0000 0.0000 0.1200 1
1.9833 76.5004 -2.1938 0.0000 0.0000 0.0000 0.1200 1
2.1484 76.5019 -2.0386 0.0000 0.0000 0.0000 0.1200 1
2.2901 76.4984 -1.8864 0.0000 0.0000 0.0000 0.1200 1
2.3960 76.5001 -1.7585 0.0000 0.0000 0.0000 0.1200 1
2.5060 76.5008 -1.6017 0.0000 0.0000 0.0000 0.1200 1
2.6240 76.5004 -1.4238 0.0000 0.0000 0.0000 0.1200 1
2.7123 76.5003 -1.2468 0.0000 0.0000 0.0000 0.1200 1
2.7906 76.5016 -1.0832 0.0000 0.0000 0.0000 0.1200 1
2.8616 76.5009 -0.8894 0.0000 0.0000 0.0000 0.1200 1
2.9158 76.5007 -0.7035 0.0000 0.0000 0.0000 0.1200 1
2.9663 76.4995 -0.5072 0.0000 0.0000 0.0000 0.1200 1
2.9959 76.5002 -0.2991 0.0000 0.0000 0.0000 0.1200 1
3.0159 76.5013 -0.1135 0.0000 0.0000 0.0000 0.1200 1
3.0175 77.0010 0.0690 0.0000 0.0000 0.0000 0.1200 1
3.0109 77.0012 0.2662 0.0000 0.0000 0.0000 0.1200 1
2.9921 77.0007 0.4635 0.0000 0.0000 0.0000 0.1200 1
2.9617 77.0005 0.6586 0.0000 0.0000 0.0000 0.1200 1
2.9153 77.0018 0.8420 0.0000 0.0000 0.0000 0.1200 1
2.8586 77.0001 1.0307 0.0000 0.0000 0.0000 0.1200 1
2.7861 76.9984 1.2359 0.0000 0.0000 0.0000 0.1200 1
2.7055 76.9988 1.4060 0.0000 0.0000 0.0000 0.1200 1
2.6144 77.0000 1.5860 0.0000 0.0000 0.0000 0.1200 1
2.5158 77.0014 1.7413 0.0000 0.0000 0.0000 0.1200 1
2.3935 76.9986 1.9079 0.0000 0.0000 0.0000 0.1200 1
2.2798 76.9994 2.0437 0.0000 0.0000 0.0000 0.1200 1
2.1316 77.0000 2.2035 0.0000 0.0000 0.0000 0.1200 1
1.9995 77.0014 2.3315 0.0000 0.0000 0.0000 0.1200 1
1.8353 76.9999 2.4672 0.0000 0.0000 0.0000 0.1200 1
1.6898 77.0007 2.5705 0.0000 0.0000 0.0000 0.1200 1
1.5121 77.0004 2.6770 0.0000 0.0000 0.0000 0.1200 1
1.3477 77.0002 2.7676 0.0000 0.0000 0.0000 0.1200 1
1.1590 77.0013 2.8503 0.0000 0.0000 0.0000 0.1200 1
0.9883 77.0013 2.9168 0.0000 0.0000 0.0000 0.1200 1
0.7969 76.9994 2.9734 0.0000 0.0000 0.0000 0.1200 1
0.5958 76.9963 3.0224 0.0000 0.0000 0.0000 0.1200 1
0.4167 76.9986 3.0492 0.0000 0.0000 0.0000 0.1200 1
0.2224 76.9981 3.0693 0.0000 0.0000 0.0000 0.1200 1
0.0265 77.0018 3.0790 0.0000 0.0000 0.0000 0.1200 1
-0.1845 76.9992 3.0698 0.0000 0.0000 0.0000 0.1200 1
-0.3793 76.9993 3.0485 0.0000 0.0000 0.0000 0.1200 1
-0.5674 77.0000 3.0176 0.0000 0.0000 0.0000 0.1200 1
-0.7527 76.9993 2.9740 0.0000 0.0000 0.0000 0.1200 1
-0.9502 77.0015 2.9183 0.0000 0.0000 0.0000 0.1200 1
-1.1205 77.0018 2.8493 0.0000 0.0000 0.0000 0.1200 1
-1.3320 77.0005 2.7575 0.0000 0.0000 0.0000 0.1200 1
-1.4982 77.0005 2.6626 0.0000 0.0000 0.0000 0.1200 1
-1.6322 77.0007 2.5827 0.0000 0.0000 0.0000 0.1200 1
-1.8147 77.0014 2.4522 0.0000 0.0000 0.0000 0.1200 1
-1.9730 76.9993 2.3233 0.0000 0.0000 0.0000 0.1200 1
-2.1081 77.0002 2.1922 0.0000 0.0000 0.0000 0.1200 1
-2.2319 76.9978 2.0581 0.0000 0.0000 0.0000 0.1200 1
-2.3623 76.9996 1.9017 0.0000 0.0000 0.0000 0.1200 1
-2.4799 77.0009 1.7379 0.0000 0.0000 0.0000 0.1200 1
-2.5796 76.9998 1.5795 0.0000 0.0000 0.0000 0.1200 1
-2.6705 76.9991 1.4128 0.0000 0.0000 0.0000 0.1200 1
-2.7524 77.0011 1.2218 0.0000 0.0000 0.0000 0.1200 1
-2.8220 76.9999 1.0481 0.0000 0.0000 0.0000 0.1200 1
-2.8767 77.0014 0.8596 0.0000 0.0000 0.0000 0.1200 1
-2.9255 76.9993 0.6680 0.0000 0.0000 0.0000 0.1200 1
-2.9546 76.9972 0.4801 0.0000 0.0000 0.0000 0.1200 1
-2.9737 77.0023 0.2769 0.0000 0.0000 0.0000 0.1200 1
-2.9830 76.9999 0.0926 0.0000 0.0000 0.0000 0.1200 1
-2.9768 76.9995 -0.1215 0.0000 0.0000 0.0000 0.1200 1
-2.9557 77.0010 -0.3211 0.0000 0.0000 0.0000 0.1200 1
-2.9242 77.0021 -0.5073 0.0000 0.0000 0.0000 0.1200 1
-2.8745 76.9998 -0.7284 0.0000 0.0000 0.0000 0.1200 1
-2.8224 76.9992 -0.8899 0.0000 0.0000 0.0000 0.1200 1
-2.7555 77.0003 -1.0572 0.0000 0.0000 0.0000 0.1200 1
-2.6699 76.9997 -1.2527 0.0000 0.0000 0.0000 0.1200 1
-2.5831 76.9987 -1.4224 0.0000 0.0000 0.0000 0.1200 1
-2.4821 76.9982 -1.5832 0.0000 0.0000 0.0000 0.1200 1
-2.3572 77.0002 -1.7559 0.0000 0.0000 0.0000 0.1200 1
-2.2360 76.9999 -1.9039 0.0000 0.0000 0.0000 0.1200 1
-2.1167 77.0010 -2.0372 0.0000 0.0000 0.0000 0.1200 1
-1.9609 77.0017 -2.1780 0.0000 0.0000 0.0000 0.1200 1
-1.8067 77.0001 -2.3031 0.0000 0.0000 0.0000 0.1200 1
-1.6369 76.9991 -2.4250 0.0000 0.0000 0.0000 0.1200 1
-1.4958 77.0001 -2.5136 0.0000 0.0000 0.0000 0.1200 1
-1.3175 77.0004 -2.6109 0.0000 0.0000 0.0000 0.1200 1
-1.1136 77.0014 -2.7012 0.0000 0.0000 0.0000 0.1200 1
-0.9310 76.9992 -2.7674 0.0000 0.0000 0.0000 0.1200 1
-0.7619 77.0016 -2.8184 0.0000 0.0000 0.0000 0.1200 1
-0.5625 77.0016 -2.8684 0.0000 0.0000 0.0000 0.1200 1
-0.3857 76.9991 -2.8977 0.0000 0.0000 0.0000 0.1200 1
-0.1573 76.9996 -2.9161 0.0000 0.0000 0.0000 0.1200 1
0.0243 77.0005 -2.9254 0.0000 0.0000 0.0000 0.1200 1
0.2054 76.9993 -2.9154 0.0000 0.0000 0.0000 0.1200 1
0.3994 76.9991 -2.8979 0.0000 0.0000 0.0000 0.1200 1
0.6038 76.9988 -2.8629 0.0000 0.0000 0.0000 0.1200 1
0.7783 77.0007 -2.8234 0.0000 0.0000 0.0000 0.1200 1
0.9909 76.9999 -2.7617 0.0000 0.0000 0.0000 0.1200 1
1.1728 77.0007 -2.6922 0.0000 0.0000 0.0000 0.1200 1
1.3502 76.9981 -2.6096 0.0000 0.0000 0.0000 0.1200 1
1.5302 76.9991 -2.5099 0.0000 0.0000 0.0000 0.1200 1
1.6960 77.0007 -2.4114 0.0000 0.0000 0.0000 0.1200 1
1.8508 77.0005 -2.3024 0.0000 0.0000 0.0000 0.1200 1
1.9919 77.0006 -2.1851 0.0000 0.0000 0.0000 0.1200 1
2.1381 76.9991 -2.0404 0.0000 0.0000 0.0000 0.1200 1
2.2778 76.9992 -1.8931 0.0000 0.0000 0.0000 0.1200 1
2.4019 76.9995 -1.7467 0.0000 0.0000 0.0000 0.1200 1
2.5104 77.0003 -1.5889 0.0000 0.0000 0.0000 0.1200 1
2.6066 76.9989 -1.4321 0.0000 0.0000 0.0000 0.1200 1
2.7114 76.9996 -1.2366 0.0000 0.0000 0.0000 0.1200 1
2.7947 76.9985 -1.0719 0.0000 0.0000 0.0000 0.1200 1
2.8585 76.9994 -0.9005 0.0000 0.0000 0.0000 0.1200 1
2.9182 76.9993 -0.6980 0.0000 0.0000 0.0000 0.1200 1
2.9587 76.9997 -0.5291 0.0000 0.0000 0.0000 0.1200 1
2.9922 77.0001 -0.3120 0.0000 0.0000 0.0000 0.1200 1
3.0127 77.0016 -0.1070 0.0000 0.0000 0.0000 0.1200 1
3.0152 77.4991 0.0648 0.0000 0.0000 0.0000 0.1200 1
3.0074 77.4995 0.2728 0.0000 0.0000 0.0000 0.1200 1
2.9892 77.4984 0.4791 0.0000 0.0000 0.0000 0.1200 1
2.9600 77.5000 0.6584 0.0000 0.0000 0.0000 0.1200 1
2.9102 77.5008 0.8605 0.0000 0.0000 0.0000 0.1200 1
2.8561 77.4995 1.0358 0.0000 0.0000 0.0000 0.1200 1
2.7911 77.5001 1.2128 0.0000 0.0000 0.0000 0.1200 1
2.7094 77.4993 1.3986 0.0000 0.0000 0.0000 0.1200 1
2.6087 77.5006 1.5782 0.0000 0.0000 0.0000 0.1200 1
2.5012 77.4998 1.7528 0.0000 0.0000 0.0000 0.1200 1
2.3928 77.4988 1.9055 0.0000 0.0000 0.0000 0.1200 1
2.2708 77.4964 2.0563 0.0000 0.0000 0.0000 0.1200 1
2.1403 77.5013 2.1951 0.0000 0.0000 0.0000 0.1200 1
1.9937 77.5001 2.3291 0.0000 0.0000 0.0000 0.1200 1
1.8269 77.5018 2.4650 0.0000 0.0000 0.0000 0.1200 1
1.7061 77.5008 2.5566 0.0000 0.0000 0.0000 0.1200 1
1.5142 77.5002 2.6765 0.0000 0.0000 0.0000 0.1200 1
1.3308 77.4983 2.7743 0.0000 0.0000 0.0000 0.1200 1
1.1623 77.5007 2.8492 0.0000 0.0000 0.0000 0.1200 1
0.9868 77.5002 2.9107 0.0000 0.0000 0.0000 0.1200 1
0.7961 77.5008 2.9713 0.0000 0.0000 0.0000 0.1200 1
0.5935 77.4999 3.0220 0.0000 0.0000 0.0000 0.1200 1
0.4093 77.4991 3.0522 0.0000 0.0000 0.0000 0.1200 1
0.2185 77.4994 3.0718 0.0000 0.0000 0.0000 0.1200 1
-0.0031 77.4994 3.0799 0.0000 0.0000 0.0000 0.1200 1
-0.1758 77.4991 3.0733 0.0000 0.0000 0.0000 0.1200 1
-0.3861 77.5008 3.0513 0.0000 0.0000 0.0000 0.1200 1
-0.5664 77.4997 3.0222 0.0000 0.0000 0.0000 0.1200 1
-0.7750 77.5009 2.9719 0.0000 0.0000 0.0000 0.1200 1
-0.9567 77.5010 2.9187 0.0000 0.0000 0.0000 0.1200 1
-1.1296 77.5004 2.8510 0.0000 0.0000 0.0000 0.1200 1
-1.3139 77.5001 2.7686 0.0000 0.0000 0.0000 0.1200 1
-1.4806 77.4988 2.6751 0.0000 0.0000 0.0000 0.1200 1
-1.6567 77.4996 2.5681 0.0000 0.0000 0.0000 0.1200 1
-1.8086 77.4997 2.4589 0.0000 0.0000 0.0000 0.1200 1
-1.9511 77.5021 2.3443 0.0000 0.0000 0.0000 0.1200 1
-2.1084 77.4987 2.1896 0.0000 0.0000 0.0000 0.1200 1
-2.2465 77.5005 2.0455 0.0000 0.0000 0.0000 0.1200 1
-2.3624 77.5003 1.9069 0.0000 0.0000 0.0000 0.1200 1
-2.4756 77.5013 1.7496 0.0000 0.0000 0.0000 0.1200 1
-2.5850 77.4997 1.5751 0.0000 0.0000 0.0000 0.1200 1
-2.6821 77.5001 1.3940 0.0000 0.0000 0.0000 0.1200 1
-2.7619 77.5005 1.2195 0.0000 0.0000 0.0000 0.1200 1
-2.8258 77.5013 1.0421 0.0000 0.0000 0.0000 0.1200 1
-2.8811 77.4999 0.8707 0.0000 0.0000 0.0000 0.1200 1
-2.9270 77.5014 0.6491 0.0000 0.0000 0.0000 0.1200 1
-2.9555 77.5017 0.4859 0.0000 0.0000 0.0000 0.1200 1
-2.9763 77.5004 0.2841 0.0000 0.0000 0.0000 0.1200 1
-2.9843 77.4995 0.0575 0.0000 0.0000 0.0000 0.1200 1
-2.9829 77.4979 -0.1081 0.0000 0.0000 0.0000 0.1200 1
-2.9615 77.4980 -0.2953 0.0000 0.0000 0.0000 0.1200 1
-2.9238 77.4995 -0.5198 0.0000 0.0000 0.0000 0.1200 1
-2.8798 77.5002 -0.7073 0.0000 0.0000 0.0000 0.1200 1
-2.8189 77.4995 -0.9001 0.0000 0.0000 0.0000 0.1200 1
-2.7563 77.4997 -1.0707 0.0000 0.0000 0.0000 0.1200 1
-2.6733 77.4997 -1.2491 0.0000 0.0000 0.0000 0.1200 1
-2.5874 77.4995 -1.4185 0.0000 0.0000 0.0000 0.1200 1
-2.4796 77.4994 -1.5878 0.0000 0.0000 0.0000 0.1200 1
-2.3786 77.4995 -1.7293 0.0000 0.0000 0.0000 0.1200 1
-2.2411 77.4988 -1.8974 0.0000 0.0000 0.0000 0.1200 1
-2.1026 77.5002 -2.0508 0.0000 0.0000 0.0000 0.1200 1
-1.9780 77.5008 -2.1671 0.0000 0.0000 0.0000 0.1200 1
-1.8097 77.4991 -2.3049 0.0000 0.0000 0.0000 0.1200 1
-1.6545 77.4998 -2.4161 0.0000 0.0000 0.0000 0.1200 1
-1.4851 77.5019 -2.5212 0.0000 0.0000 0.0000 0.1200 1
-1.3063 77.4998 -2.6147 0.0000 0.0000 0.0000 0.1200 1
-1.1324 77.4983 -2.6952 0.0000 0.0000 0.0000 0.1200 1
-0.9501 77.5006 -2.7649 0.0000 0.0000 0.0000 0.1200 1
-0.7839 77.5012 -2.8165 0.0000 0.0000 0.0000 0.1200 1
-0.5694 77.5015 -2.8629 0.0000 0.0000 0.0000 0.1200 1
-0.3973 77.5002 -2.8985 0.0000 0.0000 0.0000 0.1200 1
-0.1793 77.5002 -2.9156 0.0000 0.0000 0.0000 0.1200 1
0.0358 77.5016 -2.9206 0.0000 0.0000 0.0000 0.1200 1
0.1914 77.4988 -2.9206 0.0000 0.0000 0.0000 0.1200 1
0.4029 77.4999 -2.8968 0.0000 0.0000 0.0000 0.1200 1
0.5884 77.5005 -2.8680 0.0000 0.0000 0.0000 0.1200 1
0.7772 77.4984 -2.8258 0.0000 0.0000 0.0000 0.1200 1
0.9799 77.4995 -2.7626 0.0000 0.0000 0.0000 0.1200 1
1.1677 77.5002 -2.6907 0.0000 0.0000 0.0000 0.1200 1
1.3548 77.5003 -2.6066 0.0000 0.0000 0.0000 0.1200 1
1.5240 77.4991 -2.5186 0.0000 0.0000 0.0000 0.1200 1
1.6763 77.5013 -2.4208 0.0000 0.0000 0.0000 0.1200 1
1.8444 77.4995 -2.2974 0.0000 0.0000 0.0000 0.1200 1
1.9834 77.4989 -2.1828 0.0000 0.0000 0.0000 0.1200 1
2.1271 77.5006 -2.0533 0.0000 0.0000 0.0000 0.1200 1
2.2645 77.5009 -1.9076 0.0000 0.0000 0.0000 0.1200 1
2.4055 77.4985 -1.7371 0.0000 0.0000 0.0000 0.1200 1
2.5107 77.5001 -1.5832 0.0000 0.0000 0.0000 0.1200 1
2.6098 77.5000 -1.4337 0.0000 0.0000 0.0000 0.1200 1
2.6993 77.5008 -1.2542 0.0000 0.0000 0.0000 0.1200 1
2.7795 77.4996 -1.0859 0.0000 0.0000 0.0000 0.1200 1
2.8665 77.4997 -0.8667 0.0000 0.0000 0.0000 0.1200 1
2.9099 77.5006 -0.6989 0.0000 0.0000 0.0000 0.1200 1
2.9511 77.5011 -0.5065 0.0000 0.0000 0.0000 0.1200 1
2.9907 77.4989 -0.3154 0.0000 0.0000 0.0000 0.1200 1
3.0088 77.4988 -0.1041 0.0000 0.0000 0.0000 0.1200 1
3.0092 77.9992 0.0794 0.0000 0.0000 0.0000 0.1200 1
3.0024 77.9998 0.2910 0.0000 0.0000 0.0000 0.1200 1
2.9895 77.9998 0.4792 0.0000 0.0000 0.0000 0.1200 1
2.9546 77.9993 0.6635 0.0000 0.0000 0.0000 0.1200 1
2.9114 77.9998 0.8528 0.0000 0.0000 0.0000 0.1200 1
2.8622 77.9989 1.0192 0.0000 0.0000 0.0000 0.1200 1
2.7852 77.9992 1.2245 0.0000 0.0000 0.0000 0.1200 1
2.6931 77.9998 1.4221 0.0000 0.0000 0.0000 0.1200 1
2.6086 78.0006 1.5735 0.0000 0.0000 0.0000 0.1200 1
2.5065 77.9997 1.7481 0.0000 0.0000 0.0000 0.1200 1
2.3899 78.0002 1.9065 0.0000 0.0000 0.0000 0.1200 1
2.2715 78.0010 2.0502 0.0000 0.0000 0.0000 0.1200 1
2.1313 78.0003 2.1963 0.0000 0.0000 0.0000 0.1200 1
2.0010 77.9990 2.3251 0.0000 0.0000 0.0000 0.1200 1
1.8405 77.9988 2.4560 0.0000 0.0000 0.0000 0.1200 1
1.6638 77.9976 2.5841 0.0000 0.0000 0.0000 0.1200 1
1.5147 77.9994 2.6755 0.0000 0.0000 0.0000 0.1200 1
1.3469 77.9995 2.7594 0.0000 0.0000 0.0000 0.1200 1
1.1660 78.0017 2.8489 0.0000 0.0000 0.0000 0.1200 1
0.9862 78.0015 2.9186 0.0000 0.0000 0.0000 0.1200 1
0.7788 77.9994 2.9775 0.0000 0.0000 0.0000 0.1200 1
0.5943 77.9988 3.0192 0.0000 0.0000 0.0000 0.1200 1
0.3955 78.0012 3.0519 0.0000 0.0000 0.0000 0.1200 1
0.2028 77.9995 3.0740 0.0000 0.0000 0.0000 0.1200 1
0.0092 78.0008 3.0755 0.0000 0.0000 0.0000 0.1200 1
-0.1691 78.0000 3.0719 0.0000 0.0000 0.0000 0.1200 1
-0.3776 78.0002 3.0521 0.0000 0.0000 0.0000 0.1200 1
-0.5624 77.9989 3.0240 0.0000 0.0000 0.0000 0.1200 1
-0.7504 77.9999 2.9795 0.0000 0.0000 0.0000 0.1200 1
-0.9465 77.9997 2.9208 0.0000 0.0000 0.0000 0.1200 1
-1.1535 77.9994 2.8446 0.0000 0.0000 0.0000 0.1200 1
-1.3058 78.0014 2.7706 0.0000 0.0000 0.0000 0.1200 1
-1.4870 77.9999 2.6794 0.0000 0.0000 0.0000 0.1200 1
-1.6352 78.0018 2.5840 0.0000 0.0000 0.0000 0.1200 1
-1.8221 77.9999 2.4514 0.0000 0.0000 0.0000 0.1200 1
-1.9681 77.9997 2.3367 0.0000 0.0000 0.0000 0.1200 1
-2.1292 78.0004 2.1805 0.0000 0.0000 0.0000 0.1200 1
-2.2537 77.9996 2.0455 0.0000 0.0000 0.0000 0.1200 1
-2.3693 78.0004 1.9055 0.0000 0.0000 0.0000 0.1200 1
-2.4767 77.9967 1.7587 0.0000 0.0000 0.0000 0.1200 1
-2.5807 77.9988 1.5826 0.0000 0.0000 0.0000 0.1200 1
-2.6761 77.9983 1.4111 0.0000 0.0000 0.0000 0.1200 1
-2.7519 78.0015 1.2500 0.0000 0.0000 0.0000 0.1200 1
-2.8261 77.9999 1.0347 0.0000 0.0000 0.0000 0.1200 1
-2.8857 77.9996 0.8485 0.0000 0.0000 0.0000 0.1200 1
-2.9334 77.9987 0.6570 0.0000 0.0000 0.0000 0.1200 1
-2.9632 77.9990 0.4707 0.0000 0.0000 0.0000 0.1200 1
-2.9831 78.0009 0.2910 0.0000 0.0000 0.0000 0.1200 1
-2.9870 78.0018 0.0900 0.0000 0.0000 0.0000 0.1200 1
-2.9843 78.0006 -0.1090 0.0000 0.0000 0.0000 0.1200 1
-2.9629 77.9990 -0.3005 0.0000 0.0000 0.0000 0.1200 1
-2.9292 78.0011 -0.5265 0.0000 0.0000 0.0000 0.1200 1
-2.8896 78.0001 -0.6923 0.0000 0.0000 0.0000 0.1200 1
-2.8342 78.0009 -0.8870 0.0000 0.0000 0.0000 0.1200 1
-2.7582 77.9993 -1.0901 0.0000 0.0000 0.0000 0.1200 1
-2.6820 78.0008 -1.2471 0.0000 0.0000 0.0000 0.1200 1
-2.5829 78.0002 -1.4288 0.0000 0.0000 0.0000 0.1200 1
-2.4856 78.0005 -1.5884 0.0000 0.0000 0.0000 0.1200 1
-2.3650 77.9977 -1.7502 0.0000 0.0000 0.0000 0.1200 1
-2.2324 77.9988 -1.9138 0.0000 0.0000 0.0000 0.1200 1
-2.1137 77.9990 -2.0381 0.0000 0.0000 0.0000 0.1200 1
-1.9670 78.0013 -2.1831 0.0000 0.0000 0.0000 0.1200 1
-1.8251 78.0001 -2.2911 0.0000 0.0000 0.0000 0.1200 1
-1.6654 77.9999 -2.4112 0.0000 0.0000 0.0000 0.1200 1
-1.4769 78.0012 -2.5231 0.0000 0.0000 0.0000 0.1200 1
-1.3173 77.9999 -2.6089 0.0000 0.0000 0.0000 0.1200 1
-1.1449 78.0002 -2.6940 0.0000 0.0000 0.0000 0.1200 1
-0.9412 78.0008 -2.7683 0.0000 0.0000 0.0000 0.1200 1
-0.7752 78.0010 -2.8168 0.0000 0.0000 0.0000 0.1200 1
-0.5724 78.0006 -2.8673 0.0000 0.0000 0.0000 0.1200 1
-0.3832 77.9997 -2.8947 0.0000 0.0000 0.0000 0.1200 1
-0.1854 77.9995 -2.9180 0.0000 0.0000 0.0000 0.1200 1
0.0266 78.0000 -2.9198 0.0000 0.0000 0.0000 0.1200 1
0.2155 77.9990 -2.9147 0.0000 0.0000 0.0000 0.1200 1
0.4074 77.9981 -2.8988 0.0000 0.0000 0.0000 0.1200 1
0.6098 78.0013 -2.8585 0.0000 0.0000 0.0000 0.1200 1
0.7952 77.9997 -2.8189 0.0000 0.0000 0.0000 0.1200 1
0.9638 77.9987 -2.7643 0.0000 0.0000 0.0000 0.1200 1
1.1552 77.9995 -2.6959 0.0000 0.0000 0.0000 0.1200 1
1.3380 78.0014 -2.6109 0.0000 0.0000 0.0000 0.1200 1
1.4976 77.9999 -2.5280 0.0000 0.0000 0.0000 0.1200 1
1.6639 78.0007 -2.4276 0.0000 0.0000 0.0000 0.1200 1
1.8339 77.9993 -2.3037 0.0000 0.0000 0.0000 0.1200 1
1.9839 78.0005 -2.1817 0.0000 0.0000 0.0000 0.1200 1
2.1279 78.0002 -2.0481 0.0000 0.0000 0.0000 0.1200 1
2.2773 77.9980 -1.8950 0.0000 0.0000 0.0000 0.1200 1
2.4020 77.9983 -1.7353 0.0000 0.0000 0.0000 0.1200 1
2.5075 78.0002 -1.5896 0.0000 0.0000 0.0000 0.1200 1
2.6055 77.9984 -1.4258 0.0000 0.0000 0.0000 0.1200 1
2.7098 77.9991 -1.2315 0.0000 0.0000 0.0000 0.1200 1
2.7762 78.0002 -1.0826 0.0000 0.0000 0.0000 0.1200 1
2.8570 78.0010 -0.8805 0.0000 0.0000 0.0000 0.1200 1
2.9040 78.0004 -0.7085 0.0000 0.0000 0.0000 0.1200 1
2.9562 77.9994 -0.4984 0.0000 0.0000 0.0000 0.1200 1
2.9889 78.0001 -0.2883 0.0000 0.0000 0.0000 0.1200 1
3.0051 77.9997 -0.0912 0.0000 0.0000 0.0000 0.1200 1
3.0126 78.5004 0.0913 0.0000 0.0000 0.0000 0.1200 1
3.0037 78.5015 0.2792 0.0000 0.0000 0.0000 0.1200 1
2.9870 78.4994 0.4606 0.0000 0.0000 0.0000 0.1200 1
2.9535 78.4992 0.6733 0.0000 0.0000 0.0000 0.1200 1
2.9102 78.4996 0.8466 0.0000 0.0000 0.0000 0.1200 1
2.8545 78.4995 1.0396 0.0000 0.0000 0.0000 0.1200 1
2.7805 78.5000 1.2271 0.0000 0.0000 0.0000 0.1200 1
2.7029 78.5007 1.3988 0.0000 0.0000 0.0000 0.1200 1
2.6099 78.4999 1.5750 0.0000 0.0000 0.0000 0.1200 1
2.5016 78.5000 1.7473 0.0000 0.0000 0.0000 0.1200 1
2.3978 78.5000 1.8902 0.0000 0.0000 0.0000 0.1200 1
2.2607 78.5007 2.0617 0.0000 0.0000 0.0000 0.1200 1
2.1196 78.4990 2.2180 0.0000 0.0000 0.0000 0.1200 1
1.9827 78.5009 2.3353 0.0000 0.0000 0.0000 0.1200 1
1.8334 78.5009 2.4572 0.0000 0.0000 0.0000 0.1200 1
1.6769 78.5008 2.5737 0.0000 0.0000 0.0000 0.1200 1
1.5140 78.5003 2.6716 0.0000 0.0000 0.0000 0.1200 1
1.3396 78.4970 2.7673 0.0000 0.0000 0.0000 0.1200 1
1.1607 78.4999 2.8459 0.0000 0.0000 0.0000 0.1200 1
0.9614 78.5002 2.9240 0.0000 0.0000 0.0000 0.1200 1
0.7800 78.5019 2.9762 0.0000 0.0000 0.0000 0.1200 1
0.5932 78.4989 3.0193 0.0000 0.0000 0.0000 0.1200 1
0.3944 78.4985 3.0544 0.0000 0.0000 0.0000 0.1200 1
0.1945 78.5015 3.0752 0.0000 0.0000 0.0000 0.1200 1
0.0061 78.4996 3.0819 0.0000 0.0000 0.0000 0.1200 1
-0.1829 78.5002 3.0767 0.0000 0.0000 0.0000 0.1200 1
-0.3850 78.5027 3.0536 0.0000 0.0000 0.0000 0.1200 1
-0.5604 78.5009 3.0263 0.0000 0.0000 0.0000 0.1200 1
-0.7670 78.4999 2.9771 0.0000 0.0000 0.0000 0.1200 1
-0.9455 78.5002 2.9191 0.0000 0.0000 0.0000 0.1200 1
-1.1410 78.5003 2.8484 0.0000 0.0000 0.0000 0.1200 1
-1.3170 78.4990 2.7672 0.0000 0.0000 0.0000 0.1200 1
-1.5035 78.4999 2.6662 0.0000 0.0000 0.0000 0.1200 1
-1.6645 78.4999 2.5652 0.0000 0.0000 0.0000 0.1200 1
-1.8211 78.5020 2.4595 0.0000 0.0000 0.0000 0.1200 1
-1.9578 78.4986 2.3467 0.0000 0.0000 0.0000 0.1200 1
-2.1160 78.4985 2.1975 0.0000 0.0000 0.0000 0.1200 1
-2.2366 78.5007 2.0723 0.0000 0.0000 0.0000 0.1200 1
-2.3701 78.4994 1.9070 0.0000 0.0000 0.0000 0.1200 1
-2.4803 78.4992 1.7498 0.0000 0.0000 0.0000 0.1200 1
-2.5897 78.4987 1.5768 0.0000 0.0000 0.0000 0.1200 1
-2.6798 78.4982 1.4126 0.0000 0.0000 0.0000 0.1200 1
-2.7624 78.5001 1.2327 0.0000 0.0000 0.0000 0.1200 1
-2.8311 78.5004 1.0365 0.0000 0.0000 0.0000 0.1200 1
-2.8885 78.4992 0.8630 0.0000 0.0000 0.0000 0.1200 1
-2.9346 78.4999 0.6764 0.0000 0.0000 0.0000 0.1200 1
-2.9645 78.4990 0.4731 0.0000 0.0000 0.0000 0.1200 1
-2.9876 78.5011 0.2789 0.0000 0.0000 0.0000 0.1200 1
-2.9902 78.4998 0.0848 0.0000 0.0000 0.0000 0.1200 1
-2.9855 78.4988 -0.1161 0.0000 0.0000 0.0000 0.1200 1
-2.9671 78.5002 -0.3093 0.0000 0.0000 0.0000 0.1200 1
-2.9313 78.4987 -0.5022 0.0000 0.0000 0.0000 0.1200 1
-2.8937 78.5012 -0.6886 0.0000 0.0000 0.0000 0.1200 1
-2.8342 78.5012 -0.8785 0.0000 0.0000 0.0000 0.1200 1
-2.7614 78.5003 -1.0670 0.0000 0.0000 0.0000 0.1200 1
-2.6820 78.4989 -1.2505 0.0000 0.0000 0.0000 0.1200 1
-2.5957 78.4995 -1.4106 0.0000 0.0000 0.0000 0.1200 1
-2.4792 78.5003 -1.5955 0.0000 0.0000 0.0000 0.1200 1
-2.3686 78.5002 -1.7455 0.0000 0.0000 0.0000 0.1200 1
-2.2469 78.5010 -1.8979 0.0000 0.0000 0.0000 0.1200 1
-2.1076 78.5015 -2.0475 0.0000 0.0000 0.0000 0.1200 1
-1.9720 78.4989 -2.1788 0.0000 0.0000 0.0000 0.1200 1
-1.8234 78.5006 -2.2963 0.0000 0.0000 0.0000 0.1200 1
-1.6370 78.5007 -2.4276 0.0000 0.0000 0.0000 0.1200 1
-1.4862 78.5000 -2.5226 0.0000 0.0000 0.0000 0.1200 1
-1.3031 78.4985 -2.6156 0.0000 0.0000 0.0000 0.1200 1
-1.1430 78.4998 -2.6873 0.0000 0.0000 0.0000 0.1200 1
-0.9641 78.4992 -2.7614 0.0000 0.0000 0.0000 0.1200 1
-0.7873 78.5013 -2.8159 0.0000 0.0000 0.0000 0.1200 1
-0.5808 78.4987 -2.8641 0.0000 0.0000 0.0000 0.1200 1
-0.3832 78.4992 -2.8945 0.0000 0.0000 0.0000 0.1200 1
-0.2176 78.5008 -2.9147 0.0000 0.0000 0.0000 0.1200 1
0.0135 78.5004 -2.9222 0.0000 0.0000 0.0000 0.1200 1
0.2042 78.5004 -2.9106 0.0000 0.0000 0.0000 0.1200 1
0.4085 78.4998 -2.8971 0.0000 0.0000 0.0000 0.1200 1
0.5749 78.4997 -2.8628 0.0000 0.0000 0.0000 0.1200 1
0.7900 78.4978 -2.8184 0.0000 0.0000 0.0000 0.1200 1
0.9763 78.4993 -2.7647 0.0000 0.0000 0.0000 0.1200 1
1.1664 78.5001 -2.6965 0.0000 0.0000 0.0000 0.1200 1
1.3261 78.5001 -2.6179 0.0000 0.0000 0.0000 0.1200 1
1.5245 78.5007 -2.5125 0.0000 0.0000 0.0000 0.1200 1
1.6854 78.5009 -2.4084 0.0000 0.0000 0.0000 0.1200 1
1.8527 78.4995 -2.2911 0.0000 0.0000 0.0000 0.1200 1
1.9858 78.4994 -2.1784 0.0000 0.0000 0.0000 0.1200 1
2.1448 78.5013 -2.0263 0.0000 0.0000 0.0000 0.1200 1
2.2609 78.4999 -1.9012 0.0000 0.0000 0.0000 0.1200 1
2.3806 78.4995 -1.7644 0.0000 0.0000 0.0000 0.1200 1
2.5153 78.4998 -1.5642 0.0000 0.0000 0.0000 0.1200 1
2.6102 78.4991 -1.4174 0.0000 0.0000 0.0000 0.1200 1
2.7028 78.4990 -1.2433 0.0000 0.0000 0.0000 0.1200 1
2.7849 78.5015 -1.0612 0.0000 0.0000 0.0000 0.1200 1
2.8517 78.4988 -0.8835 0.0000 0.0000 0.0000 0.1200 1
2.9092 78.4991 -0.6922 0.0000 0.0000 0.0000 0.1200 1
2.9521 78.4992 -0.5008 0.0000 0.0000 0.0000 0.1200 1
2.9782 78.5007 -0.3274 0.0000 0.0000 0.0000 0.1200 1
3.0001 78.5004 -0.0989 0.0000 0.0000 0.0000 0.1200 1
3.0053 79.0001 0.0877 0.0000 0.0000 0.0000 0.1200 1
2.9985 79.0009 0.2717 0.0000 0.0000 0.0000 0.1200 1
2.9821 78.9999 0.4732 0.0000 0.0000 0.0000 0.1200 1
2.9493 78.9988 0.6592 0.0000 0.0000 0.0000 0.1200 1
2.8987 78.9990 0.8594 0.0000 0.0000 0.0000 0.1200 1
2.8489 78.9998 1.0455 0.0000 0.0000 0.0000 0.1200 1
2.7838 78.9998 1.2162 0.0000 0.0000 0.0000 0.1200 1
2.7015 79.0008 1.3980 0.0000 0.0000 0.0000 0.1200 1
2.6113 79.0010 1.5637 0.0000 0.0000 0.0000 0.1200 1
2.5111 79.0006 1.7278 0.0000 0.0000 0.0000 0.1200 1
2.3842 78.9993 1.9129 0.0000 0.0000 0.0000 0.1200 1
2.2618 78.9998 2.0562 0.0000 0.0000 0.0000 0.1200 1
2.1394 79.0005 2.1926 0.0000 0.0000 0.0000 0.1200 1
1.9832 78.9975 2.3366 0.0000 0.0000 0.0000 0.1200 1
1.8210 79.0002 2.4708 0.0000 0.0000 0.0000 0.1200 1
1.6660 79.0011 2.5771 0.0000 0.0000 0.0000 0.1200 1
1.5064 79.0013 2.6746 0.0000 0.0000 0.0000 0.1200 1
1.3282 79.0010 2.7718 0.0000 0.0000 0.0000 0.1200 1
1.1465 79.0019 2.8562 0.0000 0.0000 0.0000 0.1200 1
0.9872 78.9994 2.9137 0.0000 0.0000 0.0000 0.1200 1
0.7782 79.0001 2.9776 0.0000 0.0000 0.0000 0.1200 1
0.5754 78.9993 3.0235 0.0000 0.0000 0.0000 0.1200 1
0.3842 78.9991 3.0553 0.0000 0.0000 0.0000 0.1200 1
0.1997 79.0014 3.0745 0.0000 0.0000 0.0000 0.1200 1
0.0104 79.0000 3.0790 0.0000 0.0000 0.0000 0.1200 1
-0.1991 79.0005 3.0738 0.0000 0.0000 0.0000 0.1200 1
-0.3788 79.0011 3.0578 0.0000 0.0000 0.0000 0.1200 1
-0.5875 79.0011 3.0199 0.0000 0.0000 0.0000 0.1200 1
-0.7632 79.0005 2.9786 0.0000 0.0000 0.0000 0.1200 1
-0.9617 79.0001 2.9168 0.0000 0.0000 0.0000 0.1200 1
-1.1418 78.9995 2.8486 0.0000 0.0000 0.0000 0.1200 1
-1.3068 78.9981 2.7760 0.0000 0.0000 0.0000 0.1200 1
-1.5028 79.0001 2.6719 0.0000 0.0000 0.0000 0.1200 1
-1.6681 79.0002 2.5666 0.0000 0.0000 0.0000 0.1200 1
-1.8223 78.9986 2.4635 0.0000 0.0000 0.0000 0.1200 1
-1.9665 78.9992 2.3364 0.0000 0.0000 0.0000 0.1200 1
-2.1126 78.9993 2.2034 0.0000 0.0000 0.0000 0.1200 1
-2.2572 79.0020 2.0481 0.0000 0.0000 0.0000 0.1200 1
-2.3750 78.9992 1.9037 0.0000 0.0000 0.0000 0.1200 1
-2.5009 79.0008 1.7219 0.0000 0.0000 0.0000 0.1200 1
-2.5858 79.0004 1.5903 0.0000 0.0000 0.0000 0.1200 1
-2.6866 78.9988 1.4027 0.0000 0.0000 0.0000 0.1200 1
-2.7711 78.9993 1.2123 0.0000 0.0000 0.0000 0.1200 1
-2.8329 79.0005 1.0452 0.0000 0.0000 0.0000 0.1200 1
-2.8878 78.9980 0.8626 0.0000 0.0000 0.0000 0.1200 1
-2.9354 79.0009 0.6549 0.0000 0.0000 0.0000 0.1200 1
-2.9679 78.9994 0.4766 0.0000 0.0000 0.0000 0.1200 1
-2.9876 78.9995 0.2668 0.0000 0.0000 0.0000 0.1200 1
-2.9913 78.9987 0.0694 0.0000 0.0000 0.0000 0.1200 1
-2.9884 78.9994 -0.1059 0.0000 0.0000 0.0000 0.1200 1
-2.9698 79.0000 -0.3051 0.0000 0.0000 0.0000 0.1200 1
-2.9365 79.0013 -0.4977 0.0000 0.0000 0.0000 0.1200 1
-2.8898 78.9976 -0.6954 0.0000 0.0000 0.0000 0.1200 1
-2.8311 78.9985 -0.8928 0.0000 0.0000 0.0000 0.1200 1
-2.7665 79.0006 -1.0622 0.0000 0.0000 0.0000 0.1200 1
-2.6795 79.0004 -1.2577 0.0000 0.0000 0.0000 0.1200 1
-2.6058 79.0006 -1.3916 0.0000 0.0000 0.0000 0.1200 1
-2.4791 78.9988 -1.5976 0.0000 0.0000 0.0000 0.1200 1
-2.3796 79.0007 -1.7410 0.0000 0.0000 0.0000 0.1200 1
-2.2508 78.9984 -1.8916 0.0000 0.0000 0.0000 0.1200 1
-2.1003 79.0002 -2.0579 0.0000 0.0000 0.0000 0.1200 1
-1.9692 79.0016 -2.1753 0.0000 0.0000 0.0000 0.1200 1
-1.8189 79.0002 -2.3055 0.0000 0.0000 0.0000 0.1200 1
-1.6572 79.0002 -2.4195 0.0000 0.0000 0.0000 0.1200 1
-1.4794 79.0008 -2.5317 0.0000 0.0000 0.0000 0.1200 1
-1.3235 79.0007 -2.6091 0.0000 0.0000 0.0000 0.1200 1
-1.1400 79.0001 -2.6931 0.0000 0.0000 0.0000 0.1200 1
-0.9358 78.9992 -2.7705 0.0000 0.0000 0.0000 0.1200 1
-0.7819 78.9996 -2.8176 0.0000 0.0000 0.0000 0.1200 1
-0.5759 79.0009 -2.8617 0.0000 0.0000 0.0000 0.1200 1
-0.3659 79.0006 -2.8973 0.0000 0.0000 0.0000 0.1200 1
-0.1969 79.0008 -2.9137 0.0000 0.0000 0.0000 0.1200 1
0.0217 79.0002 -2.9219 0.0000 0.0000 0.0000 0.1200 1
0.1911 79.0001 -2.9156 0.0000 0.0000 0.0000 0.1200 1
0.4007 78.9998 -2.8957 0.0000 0.0000 0.0000 0.1200 1
0.5844 79.0011 -2.8618 0.0000 0.0000 0.0000 0.1200 1
0.7935 79.0006 -2.8165 0.0000 0.0000 0.0000 0.1200 1
0.9704 78.9983 -2.7640 0.0000 0.0000 0.0000 0.1200 1
1.1628 79.0009 -2.6897 0.0000 0.0000 0.0000 0.1200 1
1.3262 79.0007 -2.6159 0.0000 0.0000 0.0000 0.1200 1
1.5214 78.9997 -2.5084 0.0000 0.0000 0.0000 0.1200 1
1.6738 78.9994 -2.4119 0.0000 0.0000 0.0000 0.1200 1
1.8282 79.0000 -2.3062 0.0000 0.0000 0.0000 0.1200 1
1.9932 78.9999 -2.1704 0.0000 0.0000 0.0000 0.1200 1
2.1210 79.0007 -2.0498 0.0000 0.0000 0.0000 0.1200 1
2.2761 78.9999 -1.8891 0.0000 0.0000 0.0000 0.1200 1
2.3766 79.0002 -1.7592 0.0000 0.0000 0.0000 0.1200 1
2.5052 79.0003 -1.5814 0.0000 0.0000 0.0000 0.1200 1
2.6038 78.9986 -1.4194 0.0000 0.0000 0.0000 0.1200 1
2.6972 79.0015 -1.2515 0.0000 0.0000 0.0000 0.1200 1
2.7800 78.9991 -1.0600 0.0000 0.0000 0.0000 0.1200 1
2.8404 79.0007 -0.8883 0.0000 0.0000 0.0000 0.1200 1
2.9072 79.0001 -0.6896 0.0000 0.0000 0.0000 0.1200 1
2.9475 78.9981 -0.5008 0.0000 0.0000 0.0000 0.1200 1
2.9798 78.9984 -0.3108 0.0000 0.0000 0.0000 0.1200 1
3.0033 78.9997 -0.1134 0.0000 0.0000 0.0000 0.1200 1
3.0058 79.4992 0.0757 0.0000 0.0000 0.0000 0.1200 1
2.9976 79.4994 0.2908 0.0000 0.0000 0.0000 0.1200 1
2.9755 79.4986 0.4661 0.0000 0.0000 0.0000 0.1200 1
2.9419 79.4999 0.6838 0.0000 0.0000 0.0000 0.1200 1
2.8948 79.4997 0.8773 0.0000 0.0000 0.0000 0.1200 1
2.8451 79.5002 1.0451 0.0000 0.0000 0.0000 0.1200 1
2.7792 79.5006 1.2131 0.0000 0.0000 0.0000 0.1200 1
2.6845 79.4991 1.4203 0.0000 0.0000 0.0000 0.1200 1
2.6068 79.5001 1.5716 0.0000 0.0000 0.0000 0.1200 1
2.4933 79.5004 1.7503 0.0000 0.0000 0.0000 0.1200 1
2.3789 79.5019 1.9165 0.0000 0.0000 0.0000 0.1200 1
2.2549 79.5006 2.0598 0.0000 0.0000 0.0000 0.1200 1
2.1301 79.4997 2.1935 0.0000 0.0000 0.0000 0.1200 1
1.9883 79.4982 2.3258 0.0000 0.0000 0.0000 0.1200 1
1.8233 79.5015 2.4662 0.0000 0.0000 0.0000 0.1200 1
1.6927 79.4989 2.5549 0.0000 0.0000 0.0000 0.1200 1
1.5091 79.4987 2.6730 0.0000 0.0000 0.0000 0.1200 1
1.3234 79.5000 2.7712 0.0000 0.0000 0.0000 0.1200 1
1.1450 79.4994 2.8537 0.0000 0.0000 0.0000 0.1200 1
0.9748 79.4994 2.9165 0.0000 0.0000 0.0000 0.1200 1
0.7775 79.4984 2.9768 0.0000 0.0000 0.0000 0.1200 1
0.5997 79.4988 3.0215 0.0000 0.0000 0.0000 0.1200 1
0.3919 79.5017 3.0577 0.0000 0.0000 0.0000 0.1200 1
0.2022 79.4985 3.0689 0.0000 0.0000 0.0000 0.1200 1
0.0117 79.5004 3.0803 0.0000 0.0000 0.0000 0.1200 1
-0.1976 79.4984 3.0760 0.0000 0.0000 0.0000 0.1200 1
-0.3946 79.5009 3.0518 0.0000 0.0000 0.0000 0.1200 1
-0.5774 79.5013 3.0233 0.0000 0.0000 0.0000 0.1200 1
-0.7790 79.5005 2.9800 0.0000 0.0000 0.0000 0.1200 1
-0.9682 79.5029 2.9166 0.0000 0.0000 0.0000 0.1200 1
-1.1441 79.5011 2.8486 0.0000 0.0000 0.0000 0.1200 1
-1.3146 79.5018 2.7729 0.0000 0.0000 0.0000 0.1200 1
-1.4943 79.5007 2.6788 0.0000 0.0000 0.0000 0.1200 1
-1.6553 79.5000 2.5763 0.0000 0.0000 0.0000 0.1200 1
-1.8124 79.5007 2.4713 0.0000 0.0000 0.0000 0.1200 1
-1.9833 79.5011 2.3315 0.0000 0.0000 0.0000 0.1200 1
-2.1118 79.4999 2.2039 0.0000 0.0000 0.0000 0.1200 1
-2.2474 79.4996 2.0633 0.0000 0.0000 0.0000 0.1200 1
-2.3825 79.4999 1.9023 0.0000 0.0000 0.0000 0.1200 1
-2.4935 79.5001 1.7388 0.0000 0.0000 0.0000 0.1200 1
-2.5971 79.4984 1.5737 0.0000 0.0000 0.0000 0.1200 1
-2.6939 79.4989 1.3995 0.0000 0.0000 0.0000 0.1200 1
-2.7673 79.4993 1.2291 0.0000 0.0000 0.0000 0.1200 1
-2.8376 79.5018 1.0463 0.0000 0.0000 0.0000 0.1200 1
-2.8916 79.5002 0.8631 0.0000 0.0000 0.0000 0.1200 1
-2.9371 79.5002 0.6784 0.0000 0.0000 0.0000 0.1200 1
-2.9726 79.4997 0.4689 0.0000 0.0000 0.0000 0.1200 1
-2.9901 79.5001 0.2838 0.0000 0.0000 0.0000 0.1200 1
-2.9984 79.4991 0.0857 0.0000 0.0000 0.0000 0.1200 1
-2.9909 79.5001 -0.1057 0.0000 0.0000 0.0000 0.1200 1
-2.9735 79.4997 -0.3197 0.0000 0.0000 0.0000 0.1200 1
-2.9399 79.4986 -0.5064 0.0000 0.0000 0.0000 0.1200 1
-2.8927 79.4987 -0.7114 0.0000 0.0000 0.0000 0.1200 1
-2.8405 79.5001 -0.8775 0.0000 0.0000 0.0000 0.1200 1
-2.7701 79.5000 -1.0718 0.0000 0.0000 0.0000 0.1200 1
-2.6859 79.5006 -1.2507 0.0000 0.0000 0.0000 0.1200 1
-2.5869 79.4984 -1.4379 0.0000 0.0000 0.0000 0.1200 1
-2.4927 79.4994 -1.5842 0.0000 0.0000 0.0000 0.1200 1
-2.3605 79.5002 -1.7598 0.0000 0.0000 0.0000 0.1200 1
-2.2640 79.5001 -1.8835 0.0000 0.0000 0.0000 0.1200 1
-2.1111 79.4985 -2.0512 0.0000 0.0000 0.0000 0.1200 1
-1.9796 79.5007 -2.1734 0.0000 0.0000 0.0000 0.1200 1
-1.8275 79.5011 -2.2975 0.0000 0.0000 0.0000 0.1200 1
-1.6667 79.5019 -2.4132 0.0000 0.0000 0.0000 0.1200 1
-1.5031 79.4996 -2.5136 0.0000 0.0000 0.0000 0.1200 1
-1.3199 79.4997 -2.6118 0.0000 0.0000 0.0000 0.1200 1
-1.1402 79.5015 -2.6931 0.0000 0.0000 0.0000 0.1200 1
-0.9407 79.4991 -2.7655 0.0000 0.0000 0.0000 0.1200 1
-0.7895 79.4997 -2.8133 0.0000 0.0000 0.0000 0.1200 1
-0.5757 79.5008 -2.8608 0.0000 0.0000 0.0000 0.1200 1
-0.3833 79.4990 -2.8967 0.0000 0.0000 0.0000 0.1200 1
-0.1928 79.5020 -2.9157 0.0000 0.0000 0.0000 0.1200 1
0.0125 79.5022 -2.9220 0.0000 0.0000 0.0000 0.1200 1
0.1908 79.5008 -2.9159 0.0000 0.0000 0.0000 0.1200 1
0.4086 79.4995 -2.8906 0.0000 0.0000 0.0000 0.1200 1
0.6027 79.5006 -2.8631 0.0000 0.0000 0.0000 0.1200 1
0.7740 79.5002 -2.8213 0.0000 0.0000 0.0000 0.1200 1
0.9685 79.4999 -2.7604 0.0000 0.0000 0.0000 0.1200 1
1.1590 79.4998 -2.6899 0.0000 0.0000 0.0000 0.1200 1
1.3333 79.4997 -2.6080 0.0000 0.0000 0.0000 0.1200 1
1.4974 79.5001 -2.5174 0.0000 0.0000 0.0000 0.1200 1
1.6776 79.5001 -2.4110 0.0000 0.0000 0.0000 0.1200 1
1.8325 79.5003 -2.2984 0.0000 0.0000 0.0000 0.1200 1
1.9929 79.4996 -2.1681 0.0000 0.0000 0.0000 0.1200 1
2.1264 79.4976 -2.0384 0.0000 0.0000 0.0000 0.1200 1
2.2601 79.4988 -1.9011 0.0000 0.0000 0.0000 0.1200 1
2.3893 79.4998 -1.7364 0.0000 0.0000 0.0000 0.1200 1
2.4971 79.4991 -1.5889 0.0000 0.0000 0.0000 0.1200 1
2.6023 79.5016 -1.4190 0.0000 0.0000 0.0000 0.1200 1
2.6956 79.4996 -1.2429 0.0000 0.0000 0.0000 0.1200 1
2.7703 79.5000 -1.0812 0.0000 0.0000 0.0000 0.1200 1
2.8432 79.4996 -0.8880 0.0000 0.0000 0.0000 0.1200 1
2.8981 79.5007 -0.6983 0.0000 0.0000 0.0000 0.1200 1
2.9454 79.5000 -0.5014 0.0000 0.0000 0.0000 0.1200 1
2.9785 79.4987 -0.3119 0.0000 0.0000 0.0000 0.1200 1
2.9963 79.4995 -0.1176 0.0000 0.0000 0.0000 0.1200 1
2.9983 79.9990 0.0736 0.0000 0.0000 0.0000 0.1200 1
2.9886 79.9994 0.2856 0.0000 0.0000 0.0000 0.1200 1
2.9762 79.9999 0.4662 0.0000 0.0000 0.0000 0.1200 1
2.9416 80.0013 0.6634 0.0000 0.0000 0.0000 0.1200 1
2.9036 79.9994 0.8471 0.0000 0.0000 0.0000 0.1200 1
2.8351 80.0007 1.0566 0.0000 0.0000 0.0000 0.1200 1
2.7700 80.0004 1.2302 0.0000 0.0000 0.0000 0.1200 1
2.6958 79.9994 1.3887 0.0000 0.0000 0.0000 0.1200 1
2.5939 79.9994 1.5867 0.0000 0.0000 0.0000 0.1200 1
2.4932 79.9998 1.7487 0.0000 0.0000 0.0000 0.1200 1
2.3861 79.9989 1.8987 0.0000 0.0000 0.0000 0.1200 1
2.2496 80.0000 2.0695 0.0000 0.0000 0.0000 0.1200 1
2.1318 80.0018 2.1873 0.0000 0.0000 0.0000 0.1200 1
1.9825 80.0002 2.3288 0.0000 0.0000 0.0000 0.1200 1
1.8197 79.9981 2.4690 0.0000 0.0000 0.0000 0.1200 1
1.6609 80.0006 2.5824 0.0000 0.0000 0.0000 0.1200 1
1.5104 79.9985 2.6761 0.0000 0.0000 0.0000 0.1200 1
1.3160 79.9988 2.7723 0.0000 0.0000 0.0000 0.1200 1
1.1525 80.0006 2.8540 0.0000 0.0000 0.0000 0.1200 1
0.9881 80.0008 2.9127 0.0000 0.0000 0.0000 0.1200 1
0.7817 79.9994 2.9759 0.0000 0.0000 0.0000 0.1200 1
0.5952 79.9994 3.0214 0.0000 0.0000 0.0000 0.1200 1
0.4040 79.9989 3.0530 0.0000 0.0000 0.0000 0.1200 1
0.2068 80.0010 3.0708 0.0000 0.0000 0.0000 0.1200 1
-0.0085 79.9998 3.0810 0.0000 0.0000 0.0000 0.1200 1
-0.2032 79.9989 3.0709 0.0000 0.0000 0.0000 0.1200 1
-0.3923 80.0006 3.0519 0.0000 0.0000 0.0000 0.1200 1
-0.5813 80.0019 3.0237 0.0000 0.0000 0.0000 0.1200 1
-0.7678 80.0011 2.9785 0.0000 0.0000 0.0000 0.1200 1
-0.9519 80.0001 2.9227 0.0000 0.0000 0.0000 0.1200 1
-1.1604 79.9998 2.8470 0.0000 0.0000 0.0000 0.1200 1
-1.3255 80.0006 2.7659 0.0000 0.0000 0.0000 0.1200 1
-1.4884 79.9992 2.6855 0.0000 0.0000 0.0000 0.1200 1
-1.6603 80.0004 2.5835 0.0000 0.0000 0.0000 0.1200 1
-1.8313 79.9988 2.4531 0.0000 0.0000 0.0000 0.1200 1
-1.9683 80.0011 2.3395 0.0000 0.0000 0.0000 0.1200 1
-2.1196 79.9999 2.2057 0.0000 0.0000 0.0000 0.1200 1
-2.2607 79.9993 2.0502 0.0000 0.0000 0.0000 0.1200 1
-2.3812 80.0025 1.9053 0.0000 0.0000 0.0000 0.1200 1
-2.5002 80.0016 1.7357 0.0000 0.0000 0.0000 0.1200 1
-2.6039 79.9991 1.5745 0.0000 0.0000 0.0000 0.1200 1
-2.6938 80.0004 1.3993 0.0000 0.0000 0.0000 0.1200 1
-2.7707 79.9983 1.2223 0.0000 0.0000 0.0000 0.1200 1
-2.8410 79.9995 1.0446 0.0000 0.0000 0.0000 0.1200 1
-2.9012 80.0021 0.8458 0.0000 0.0000 0.0000 0.1200 1
-2.9434 80.0000 0.6626 0.0000 0.0000 0.0000 0.1200 1
-2.9779 80.0000 0.4617 0.0000 0.0000 0.0000 0.1200 1
-2.9952 80.0005 0.2740 0.0000 0.0000 0.0000 0.1200 1
-3.0028 79.9994 0.0895 0.0000 0.0000 0.0000 0.1200 1
-2.9930 79.9989 -0.1277 0.0000 0.0000 0.0000 0.1200 1
-2.9733 79.9994 -0.3197 0.0000 0.0000 0.0000 0.1200 1
-2.9400 79.9988 -0.5101 0.0000 0.0000 0.0000 0.1200 1
-2.8960 80.0003 -0.7042 0.0000 0.0000 0.0000 0.1200 1
-2.8410 80.0008 -0.8837 0.0000 0.0000 0.0000 0.1200 1
-2.7690 79.9998 -1.0754 0.0000 0.0000 0.0000 0.1200 1
-2.6893 79.9991 -1.2439 0.0000 0.0000 0.0000 0.1200 1
-2.6057 80.0035 -1.4088 0.0000 0.0000 0.0000 0.1200 1
-2.4966 80.0002 -1.5801 0.0000 0.0000 0.0000 0.1200 1
-2.3821 80.0006 -1.7474 0.0000 0.0000 0.0000 0.1200 1
-2.2626 79.9984 -1.8963 0.0000 0.0000 0.0000 0.1200 1
-2.1266 80.0003 -2.0330 0.0000 0.0000 0.0000 0.1200 1
-1.9953 79.9999 -2.1628 0.0000 0.0000 0.0000 0.1200 1
-1.8276 79.9993 -2.2977 0.0000 0.0000 0.0000 0.1200 1
-1.6628 79.9981 -2.4180 0.0000 0.0000 0.0000 0.1200 1
-1.4968 80.0003 -2.5204 0.0000 0.0000 0.0000 0.1200 1
-1.3039 79.9983 -2.6235 0.0000 0.0000 0.0000 0.1200 1
-1.1539 80.0001 -2.6887 0.0000 0.0000 0.0000 0.1200 1
-0.9497 80.0000 -2.7637 0.0000 0.0000 0.0000 0.1200 1
-0.7826 80.0009 -2.8158 0.0000 0.0000 0.0000 0.1200 1
-0.5776 79.9998 -2.8610 0.0000 0.0000 0.0000 0.1200 1
-0.3763 80.0005 -2.8953 0.0000 0.0000 0.0000 0.1200 1
-0.2031 80.0010 -2.9109 0.0000 0.0000 0.0000 0.1200 1
-0.0099 80.0016 -2.9183 0.0000 0.0000 0.0000 0.1200 1
0.2050 80.0006 -2.9137 0.0000 0.0000 0.0000 0.1200 1
0.3941 80.0004 -2.8915 0.0000 0.0000 0.0000 0.1200 1
0.5800 79.9997 -2.8653 0.0000 0.0000 0.0000 0.1200 1
0.7840 80.0005 -2.8151 0.0000 0.0000 0.0000 0.1200 1
0.9737 79.9999 -2.7521 0.0000 0.0000 0.0000 0.1200 1
1.1329 79.9997 -2.6939 0.0000 0.0000 0.0000 0.1200 1
1.3421 79.9996 -2.6046 0.0000 0.0000 0.0000 0.1200 1
1.4976 79.9999 -2.5212 0.0000 0.0000 0.0000 0.1200 1
1.6603 79.9997 -2.4199 0.0000 0.0000 0.0000 0.1200 1
1.8196 79.9995 -2.3043 0.0000 0.0000 0.0000 0.1200 1
1.9645 80.0014 -2.1825 0.0000 0.0000 0.0000 0.1200 1
2.1162 79.9989 -2.0495 0.0000 0.0000 0.0000 0.1200 1
2.2566 79.9999 -1.8990 0.0000 0.0000 0.0000 0.1200 1
2.3830 80.0013 -1.7366 0.0000 0.0000 0.0000 0.1200 1
2.4960 79.9994 -1.5888 0.0000 0.0000 0.0000 0.1200 1
2.6029 79.9990 -1.4103 0.0000 0.0000 0.0000 0.1200 1
2.6854 80.0009 -1.2506 0.0000 0.0000 0.0000 0.1200 1
2.7739 80.0002 -1.0629 0.0000 0.0000 0.0000 0.1200 1
2.8345 79.9995 -0.9014 0.0000 0.0000 0.0000 0.1200 1
2.8954 80.0014 -0.7087 0.0000 0.0000 0.0000 0.1200 1
2.9433 79.9986 -0.5067 0.0000 0.0000 0.0000 0.1200 1
2.9722 80.0006 -0.3248 0.0000 0.0000 0.0000 0.1200 1
2.9920 79.9997 -0.1323 0.0000 0.0000 0.0000 0.1200 1
